"","SubjectID","rt","stimulus","keypress","word","color","block","blocknum","wordtype","trialtype","trialindex","timeelapsed","internalnodeid","keypressed","participantresponse","correctresponse"
"284","Subject284","77","rejected","colorblue","test","num1","typenegative","singlestim","19","69788","100010","edm","paicipantresponseblue","correct","583","engine"
"580","Subject284","67","engine","colorred","test","num1","typeneutral","singlestim","21","75583","100030","edc","paicipantresponsered","correct","693","happy"
"876","Subject284","77","happy","colorblue","test","num1","typepositive","singlestim","23","81489","100050","edm","paicipantresponseblue","correct","611","stupid"
"1172","Subject284","67","stupid","colorred","test","num1","typenegative","singlestim","25","87306","100070","edc","paicipantresponsered","correct","577","happy"
"1468","Subject284","67","happy","colorred","test","num1","typepositive","singlestim","27","93095","100090","edc","paicipantresponsered","correct","664","dead"
"1764","Subject284","77","dead","colorblue","test","num1","typesuicide","singlestim","29","98972","1000110","edm","paicipantresponseblue","correct","1","funeral"
"2060","Subject284","1","funeral","colorred","test","num1","typesuicide","singlestim","31","106637","1000130","ed","incorrect","621","paper","77"
"2356","Subject284","paper","colorblue","test","num1","typeneutral","singlestim","33","113467","1000150","edm","paicipantresponseblue","correct","580","success","77"
"2652","Subject284","success","colorblue","test","num1","typepositive","singlestim","35","119259","1000170","edm","paicipantresponseblue","correct","578","rejected","67"
"2948","Subject284","rejected","colorred","test","num1","typenegative","singlestim","37","125050","1000190","edc","paicipantresponsered","correct","1","alone","1"
"3244","Subject284","alone","colorred","test","num1","typenegative","singlestim","39","134614","1000210","ed","incorrect","2002","paper","67","paper"
"3540","Subject284","colorred","test","num1","typeneutral","singlestim","41","141825","1000230","edc","paicipantresponsered","correct","1","funeral","1","funeral"
"3836","Subject284","colorblue","test","num1","typesuicide","singlestim","43","149042","1000250","ed","incorrect","828","alone","77","alone","colorblue"
"4132","Subject284","test","num1","typenegative","singlestim","45","155081","1000270","edm","paicipantresponseblue","correct","654","museum","67","museum","colorred"
"4428","Subject284","test","num1","typeneutral","singlestim","47","160945","1000290","edc","paicipantresponsered","correct","978","engine","77","engine","colorblue"
"4724","Subject284","test","num1","typeneutral","singlestim","49","167130","1000310","edm","paicipantresponseblue","correct","1","dead","1","dead","colorred"
"5020","Subject284","test","num1","typesuicide","singlestim","51","174341","1000330","ed","incorrect","1118","pleasure","77","pleasure","colorblue","test"
"5316","Subject284","num1","typepositive","singlestim","53","180671","1000350","edm","paicipantresponseblue","correct","1073","museum","77","museum","colorblue","test"
"5612","Subject284","num1","typeneutral","singlestim","55","186976","1000370","edm","paicipantresponseblue","correct","1","suicide","1","suicide","colorred","test"
"5908","Subject284","num1","typesuicide","singlestim","57","194187","1000390","ed","incorrect","1","pleasure","1","pleasure","colorred","test","num1"
"6204","Subject284","typepositive","singlestim","59","201401","1000410","ed","incorrect","1","success","1","success","colorred","test","num1","typepositive"
"6500","Subject284","singlestim","61","208610","1000430","ed","incorrect","1","stupid","1","stupid","colorblue","test","num1","typenegative","singlestim"
"6796","Subject284","63","215823","1000450","ed","incorrect","1011","suicide","77","suicide","colorblue","test","num1","typesuicide","singlestim","65"
"7092","Subject284","222042","1000470","edm","paicipantresponseblue","correct","1185","paper","67","paper","colorred","test","num2","typeneutral","singlestim","67"
"7388","Subject284","228440","101010","edc","paicipantresponsered","correct","1","dead","1","dead","colorred","test","num2","typesuicide","singlestim","69"
"7684","Subject284","235657","101030","ed","incorrect","748","dead","77","dead","colorblue","test","num2","typesuicide","singlestim","71","241620"
"7980","Subject284","101050","edm","paicipantresponseblue","correct","1","funeral","1","funeral","colorblue","test","num2","typesuicide","singlestim","73","248832"
"8276","Subject284","101070","ed","incorrect","881","stupid","77","stupid","colorblue","test","num2","typenegative","singlestim","75","255866","101090"
"8572","Subject284","edm","paicipantresponseblue","correct","672","engine","67","engine","colorred","test","num2","typeneutral","singlestim","77","261751","1010110"
"8868","Subject284","edc","paicipantresponsered","correct","630","museum","77","museum","colorblue","test","num2","typeneutral","singlestim","79","267592","1010130"
"9164","Subject284","edm","paicipantresponseblue","correct","739","pleasure","67","pleasure","colorred","test","num2","typepositive","singlestim","81","273539","1010150"
"9460","Subject284","edc","paicipantresponsered","correct","706","paper","77","paper","colorblue","test","num2","typeneutral","singlestim","83","279453","1010170"
"9756","Subject284","edm","paicipantresponseblue","correct","615","success","67","success","colorred","test","num2","typepositive","singlestim","85","285276","1010190"
"10052","Subject284","edc","paicipantresponsered","correct","740","suicide","77","suicide","colorblue","test","num2","typesuicide","singlestim","87","291228","1010210"
"10348","Subject284","edm","paicipantresponseblue","correct","872","rejected","77","rejected","colorblue","test","num2","typenegative","singlestim","89","297309","1010230"
"10644","Subject284","edm","paicipantresponseblue","correct","661","suicide","67","suicide","colorred","test","num2","typesuicide","singlestim","91","303183","1010250"
"10940","Subject284","edc","paicipantresponsered","correct","612","happy","77","happy","colorblue","test","num2","typepositive","singlestim","93","309008","1010270"
"11236","Subject284","edm","paicipantresponseblue","correct","503","pleasure","77","pleasure","colorblue","test","num2","typepositive","singlestim","95","314724","1010290"
"11532","Subject284","edm","paicipantresponseblue","correct","547","alone","67","alone","colorred","test","num2","typenegative","singlestim","97","320481","1010310"
"11828","Subject284","edc","paicipantresponsered","correct","571","engine","77","engine","colorblue","test","num2","typeneutral","singlestim","99","326262","1010330"
"12124","Subject284","edm","paicipantresponseblue","correct","490","museum","67","museum","colorred","test","num2","typeneutral","singlestim","101","331965","1010350"
"12420","Subject284","edc","paicipantresponsered","correct","595","alone","77","alone","colorblue","test","num2","typenegative","singlestim","103","337773","1010370"
"12716","Subject284","edm","paicipantresponseblue","correct","554","rejected","67","rejected","colorred","test","num2","typenegative","singlestim","105","343537","1010390"
"13012","Subject284","edc","paicipantresponsered","correct","578","happy","67","happy","colorred","test","num2","typepositive","singlestim","107","349324","1010410"
"13308","Subject284","edc","paicipantresponsered","correct","1275","funeral","67","funeral","colorred","test","num2","typesuicide","singlestim","109","355808","1010430"
"13604","Subject284","edc","paicipantresponsered","correct","569","success","77","success","colorblue","test","num2","typepositive","singlestim","111","361586","1010450"
"13900","Subject284","edm","paicipantresponseblue","correct","721","stupid","67","stupid","colorred","test","num2","typenegative","singlestim","113","367518","1010470"
"14196","Subject284","edc","paicipantresponsered","correct","1004","timeout","textTimed","114","372527","1020","","","","","",""
