"","SubjectID","rt","stimulus","keypress","word","color","block","blocknum","wordtype","trialtype","trialindex","timeelapsed","internalnodeid","keypressed","participantresponse","correctresponse"
"164","Subject164","545","dead","77","dead","colorblue","test","num1","typesuicide","singlestim","19","73855","100010","edm","paicipantresponseblue","correct"
"460","Subject164","489","suicide","77","suicide","colorblue","test","num1","typesuicide","singlestim","21","79548","100030","edm","paicipantresponseblue","correct"
"756","Subject164","568","engine","77","engine","colorblue","test","num1","typeneutral","singlestim","23","85322","100050","edm","paicipantresponseblue","correct"
"1052","Subject164","451","museum","77","museum","colorblue","test","num1","typeneutral","singlestim","25","90976","100070","edm","paicipantresponseblue","correct"
"1348","Subject164","456","success","77","success","colorblue","test","num1","typepositive","singlestim","27","96636","100090","edm","paicipantresponseblue","correct"
"1644","Subject164","393","rejected","77","rejected","colorblue","test","num1","typenegative","singlestim","29","102233","1000110","edm","paicipantresponseblue","correct"
"1940","Subject164","529","funeral","67","funeral","colorred","test","num1","typesuicide","singlestim","31","107968","1000130","edc","paicipantresponsered","correct"
"2236","Subject164","308","stupid","67","stupid","colorred","test","num1","typenegative","singlestim","33","113478","1000150","edc","paicipantresponsered","correct"
"2532","Subject164","627","alone","77","alone","colorblue","test","num1","typenegative","singlestim","35","119313","1000170","edm","paicipantresponseblue","correct"
"2828","Subject164","546","paper","77","paper","colorblue","test","num1","typeneutral","singlestim","37","125060","1000190","edm","paicipantresponseblue","correct"
"3124","Subject164","398","engine","67","engine","colorred","test","num1","typeneutral","singlestim","39","130663","1000210","edc","paicipantresponsered","correct"
"3420","Subject164","445","happy","67","happy","colorred","test","num1","typepositive","singlestim","41","136311","1000230","edc","paicipantresponsered","correct"
"3716","Subject164","449","pleasure","67","pleasure","colorred","test","num1","typepositive","singlestim","43","141963","1000250","edc","paicipantresponsered","correct"
"4012","Subject164","414","pleasure","77","pleasure","colorblue","test","num1","typepositive","singlestim","45","147582","1000270","edm","paicipantresponseblue","correct"
"4308","Subject164","971","dead","67","dead","colorred","test","num1","typesuicide","singlestim","47","153756","1000290","edc","paicipantresponsered","correct"
"4604","Subject164","593","paper","67","paper","colorred","test","num1","typeneutral","singlestim","49","159554","1000310","edc","paicipantresponsered","correct"
"4900","Subject164","380","rejected","67","rejected","colorred","test","num1","typenegative","singlestim","51","165139","1000330","edc","paicipantresponsered","correct"
"5196","Subject164","361","alone","67","alone","colorred","test","num1","typenegative","singlestim","53","170703","1000350","edc","paicipantresponsered","correct"
"5492","Subject164","483","happy","77","happy","colorblue","test","num1","typepositive","singlestim","55","176389","1000370","edm","paicipantresponseblue","correct"
"5788","Subject164","789","museum","67","museum","colorred","test","num1","typeneutral","singlestim","57","182382","1000390","edc","paicipantresponsered","correct"
"6084","Subject164","770","funeral","77","funeral","colorblue","test","num1","typesuicide","singlestim","59","188357","1000410","edm","paicipantresponseblue","correct"
"6380","Subject164","451","stupid","77","stupid","colorblue","test","num1","typenegative","singlestim","61","194012","1000430","edm","paicipantresponseblue","correct"
"6676","Subject164","580","success","67","success","colorred","test","num1","typepositive","singlestim","63","199794","1000450","edc","paicipantresponsered","correct"
"6972","Subject164","367","suicide","67","suicide","colorred","test","num1","typesuicide","singlestim","65","205365","1000470","edc","paicipantresponsered","correct"
"7268","Subject164","777","alone","67","alone","colorred","test","num2","typenegative","singlestim","67","211346","101010","edc","paicipantresponsered","correct"
"7564","Subject164","511","funeral","67","funeral","colorred","test","num2","typesuicide","singlestim","69","217062","101030","edc","paicipantresponsered","correct"
"7860","Subject164","414","rejected","67","rejected","colorred","test","num2","typenegative","singlestim","71","222681","101050","edc","paicipantresponsered","correct"
"8156","Subject164","338","engine","67","engine","colorred","test","num2","typeneutral","singlestim","73","228221","101070","edc","paicipantresponsered","correct"
"8452","Subject164","462","suicide","67","suicide","colorred","test","num2","typesuicide","singlestim","75","233886","101090","edc","paicipantresponsered","correct"
"8748","Subject164","683","stupid","77","stupid","colorblue","test","num2","typenegative","singlestim","77","239776","1010110","edm","paicipantresponseblue","correct"
"9044","Subject164","366","success","67","success","colorred","test","num2","typepositive","singlestim","79","245350","1010130","edc","paicipantresponsered","correct"
"9340","Subject164","389","success","77","success","colorblue","test","num2","typepositive","singlestim","81","250944","1010150","edm","paicipantresponseblue","correct"
"9636","Subject164","477","paper","67","paper","colorblue","test","num2","typeneutral","singlestim","83","256625","1010170","edc","paicipantresponsered","incorrect"
"9932","Subject164","","","","","","","","","","","","","","",""
"10228","Subject164","","","","","","","","","","","","","","",""
"10524","Subject164","","","","","","","","","","","","","","",""
"10820","Subject164","","","","","","","","","","","","","","",""
"11116","Subject164","","","","","","","","","","","","","","",""
"11412","Subject164","","","","","","","","","","","","","","",""
"11708","Subject164","","","","","","","","","","","","","","",""
"12004","Subject164","","","","","","","","","","","","","","",""
"12300","Subject164","","","","","","","","","","","","","","",""
"12596","Subject164","","","","","","","","","","","","","","",""
"12892","Subject164","","","","","","","","","","","","","","",""
"13188","Subject164","","","","","","","","","","","","","","",""
"13484","Subject164","","","","","","","","","","","","","","",""
"13780","Subject164","","","","","","","","","","","","","","",""
"14076","Subject164","","","","","","","","","","","","","","",""
