"","SubjectID","rt","stimulus","keypress","word","color","block","blocknum","wordtype","trialtype","trialindex","timeelapsed","internalnodeid","keypressed","participantresponse","correctresponse"
"241","Subject241","test","num1","typepositive","singlestim","19","2740235","100010","edn","incorrect","359","stupid","67","stupid","colorred","test"
"537","Subject241","num1","typenegative","singlestim","21","2745795","100030","edc","paicipantresponsered","correct","473","success","78","success","colorblue","test"
"833","Subject241","num1","typepositive","singlestim","23","2751468","100050","edn","incorrect","479","suicide","67","suicide","colorred","test","num1"
"1129","Subject241","typesuicide","singlestim","25","2757147","100070","edc","paicipantresponsered","correct","695","dead","67","dead","colorred","test","num1"
"1425","Subject241","typesuicide","singlestim","27","2763043","100090","edc","paicipantresponsered","correct","615","success","67","success","colorred","test","num1"
"1721","Subject241","typepositive","singlestim","29","2768859","1000110","edc","paicipantresponsered","correct","632","paper","78","paper","colorblue","test","num1"
"2017","Subject241","typeneutral","singlestim","31","2774691","1000130","edn","incorrect","479","paper","67","paper","colorred","test","num1","typeneutral"
"2313","Subject241","singlestim","33","2780371","1000150","edc","paicipantresponsered","correct","681","funeral","78","funeral","colorblue","test","num1","typesuicide"
"2609","Subject241","singlestim","35","2786252","1000170","edn","incorrect","550","alone","67","alone","colorred","test","num1","typenegative","singlestim"
"2905","Subject241","37","2792003","1000190","edc","paicipantresponsered","correct","813","museum","78","museum","colorblue","test","num1","typeneutral","singlestim"
"3201","Subject241","39","2798016","1000210","edn","incorrect","463","alone","78","alone","colorblue","test","num1","typenegative","singlestim","41"
"3497","Subject241","2803679","1000230","edn","incorrect","480","pleasure","67","pleasure","colorred","test","num1","typepositive","singlestim","43","2809359"
"3793","Subject241","1000250","edc","paicipantresponsered","correct","470","happy","67","happy","colorred","test","num1","typepositive","singlestim","45","2815030"
"4089","Subject241","1000270","edc","paicipantresponsered","correct","600","funeral","67","funeral","colorred","test","num1","typesuicide","singlestim","47","2820831"
"4385","Subject241","1000290","edc","paicipantresponsered","correct","398","suicide","78","suicide","colorblue","test","num1","typesuicide","singlestim","49","2826431"
"4681","Subject241","1000310","edn","incorrect","680","engine","67","engine","colorred","test","num1","typeneutral","singlestim","51","2832312","1000330"
"4977","Subject241","edc","paicipantresponsered","correct","662","engine","78","engine","colorblue","test","num1","typeneutral","singlestim","53","2838174","1000350"
"5273","Subject241","edn","incorrect","576","museum","67","museum","colorred","test","num1","typeneutral","singlestim","55","2843951","1000370","edc"
"5569","Subject241","paicipantresponsered","correct","703","stupid","78","stupid","colorblue","test","num1","typenegative","singlestim","57","2849855","1000390","edn"
"5865","Subject241","incorrect","545","rejected","78","rejected","colorblue","test","num1","typenegative","singlestim","59","2855600","1000410","edn","incorrect"
"6161","Subject241","477","happy","78","happy","colorblue","test","num1","typepositive","singlestim","61","2861276","1000430","edn","incorrect","448"
"6457","Subject241","dead","78","dead","colorblue","test","num1","typesuicide","singlestim","63","2866925","1000450","edn","incorrect","518","rejected"
"6753","Subject241","67","rejected","colorred","test","num1","typenegative","singlestim","65","2872643","1000470","edc","paicipantresponsered","correct","1320","suicide"
"7049","Subject241","67","suicide","colorred","test","num2","typesuicide","singlestim","67","2879164","101010","edc","paicipantresponsered","correct","1215","happy"
"7345","Subject241","67","happy","colorred","test","num2","typepositive","singlestim","69","2885580","101030","edc","paicipantresponsered","correct","729","engine"
"7641","Subject241","67","engine","colorred","test","num2","typeneutral","singlestim","71","2891509","101050","edc","paicipantresponsered","correct","574","success"
"7937","Subject241","67","success","colorred","test","num2","typepositive","singlestim","73","2897283","101070","edc","paicipantresponsered","correct","408","stupid"
"8233","Subject241","67","stupid","colorblue","test","num2","typenegative","singlestim","75","2902893","101090","edc","paicipantresponsered","incorrect","368","happy"
"8529","Subject241","78","happy","colorblue","test","num2","typepositive","singlestim","77","2908460","1010110","edn","incorrect","792","alone","78"
"8825","Subject241","alone","colorblue","test","num2","typenegative","singlestim","79","2914452","1010130","edn","incorrect","512","museum","67","museum"
"9121","Subject241","colorred","test","num2","typeneutral","singlestim","81","2920160","1010150","edc","paicipantresponsered","correct","704","engine","78","engine"
"9417","Subject241","colorblue","test","num2","typeneutral","singlestim","83","2926065","1010170","edn","incorrect","598","paper","67","paper","colorred"
"9713","Subject241","test","num2","typeneutral","singlestim","85","2931864","1010190","edc","paicipantresponsered","correct","871","stupid","67","stupid","colorred"
"10009","Subject241","test","num2","typenegative","singlestim","87","2937937","1010210","edc","paicipantresponsered","correct","638","paper","78","paper","colorblue"
"10305","Subject241","test","num2","typeneutral","singlestim","89","2943775","1010230","edn","incorrect","480","success","78","success","colorblue","test"
"10601","Subject241","num2","typepositive","singlestim","91","2949456","1010250","edn","incorrect","727","pleasure","67","pleasure","colorred","test","num2"
"10897","Subject241","typepositive","singlestim","93","2955385","1010270","edc","paicipantresponsered","correct","576","funeral","78","funeral","colorblue","test","num2"
"11193","Subject241","typesuicide","singlestim","95","2961161","1010290","edn","incorrect","598","dead","67","dead","colorred","test","num2","typesuicide"
"11489","Subject241","singlestim","97","2966960","1010310","edc","paicipantresponsered","correct","767","dead","78","dead","colorblue","test","num2","typesuicide"
"11785","Subject241","singlestim","99","2972929","1010330","edn","incorrect","743","funeral","78","funeral","colorred","test","num2","typesuicide","singlestim"
"12081","Subject241","101","2978872","1010350","edn","incorrect","601","suicide","78","suicide","colorblue","test","num2","typesuicide","singlestim","103"
"12377","Subject241","2984669","1010370","edn","incorrect","671","rejected","67","rejected","colorred","test","num2","typenegative","singlestim","105","2990541"
"12673","Subject241","1010390","edc","paicipantresponsered","correct","655","alone","67","alone","colorred","test","num2","typenegative","singlestim","107","2996398"
"12969","Subject241","1010410","edc","paicipantresponsered","correct","711","pleasure","78","pleasure","colorblue","test","num2","typepositive","singlestim","109","3002309"
"13265","Subject241","1010430","edn","incorrect","704","museum","78","museum","colorblue","test","num2","typeneutral","singlestim","111","3008213","1010450"
"13561","Subject241","edn","incorrect","518","rejected","78","rejected","colorblue","test","num2","typenegative","singlestim","113","3013933","1010470","edn"
"13857","Subject241","incorrect","1000","timeout","textTimed","114","3018934","1020","","","","","","","",""
"14153","Subject241","","","","","","","","","","","","","","",""
