,SubjectID,rt,stimulus,keypress,word,color,block,blocknum,wordtype,trialtype,trialindex,timeelapsed,internalnodeid,keypressed,participantresponse,correctresponse
39,Subject40,865,stupid,67,stupid,colorred,test,num1,typenegative,singlestim,19,71429,100010,edc,paicipantresponsered,correct
335,Subject40,634,happy,67,happy,colorred,test,num1,typepositive,singlestim,21,77276,100030,edc,paicipantresponsered,correct
631,Subject40,575,success,77,success,colorblue,test,num1,typepositive,singlestim,23,83062,100050,edm,paicipantresponseblue,correct
927,Subject40,694,pleasure,77,pleasure,colorblue,test,num1,typepositive,singlestim,25,88968,100070,edm,paicipantresponseblue,correct
1223,Subject40,939,success,67,success,colorred,test,num1,typepositive,singlestim,27,95121,100090,edc,paicipantresponsered,correct
1519,Subject40,533,engine,77,engine,colorblue,test,num1,typeneutral,singlestim,29,100869,1000110,edm,paicipantresponseblue,correct
1815,Subject40,634,happy,77,happy,colorblue,test,num1,typepositive,singlestim,31,106715,1000130,edm,paicipantresponseblue,correct
2111,Subject40,549,paper,67,paper,colorred,test,num1,typeneutral,singlestim,33,112475,1000150,edc,paicipantresponsered,correct
2407,Subject40,451,funeral,77,funeral,colorblue,test,num1,typesuicide,singlestim,35,118135,1000170,edm,paicipantresponseblue,correct
2703,Subject40,603,engine,67,engine,colorred,test,num1,typeneutral,singlestim,37,123950,1000190,edc,paicipantresponsered,correct
2999,Subject40,629,rejected,77,rejected,colorblue,test,num1,typenegative,singlestim,39,129793,1000210,edm,paicipantresponseblue,correct
3295,Subject40,672,rejected,67,rejected,colorred,test,num1,typenegative,singlestim,41,135675,1000230,edc,paicipantresponsered,correct
3591,Subject40,487,dead,77,dead,colorblue,test,num1,typesuicide,singlestim,43,141375,1000250,edm,paicipantresponseblue,correct
3887,Subject40,435,stupid,77,stupid,colorblue,test,num1,typenegative,singlestim,45,147023,1000270,edm,paicipantresponseblue,correct
4183,Subject40,536,museum,77,museum,colorblue,test,num1,typeneutral,singlestim,47,152777,1000290,edm,paicipantresponseblue,correct
4479,Subject40,504,suicide,77,suicide,colorblue,test,num1,typesuicide,singlestim,49,158491,1000310,edm,paicipantresponseblue,correct
4775,Subject40,631,alone,67,alone,colorred,test,num1,typenegative,singlestim,51,164335,1000330,edc,paicipantresponsered,correct
5071,Subject40,755,alone,77,alone,colorblue,test,num1,typenegative,singlestim,53,170297,1000350,edm,paicipantresponseblue,correct
5367,Subject40,461,paper,77,paper,colorblue,test,num1,typeneutral,singlestim,55,175971,1000370,edm,paicipantresponseblue,correct
5663,Subject40,486,suicide,67,suicide,colorred,test,num1,typesuicide,singlestim,57,181666,1000390,edc,paicipantresponsered,correct
5959,Subject40,536,dead,67,dead,colorred,test,num1,typesuicide,singlestim,59,187411,1000410,edc,paicipantresponsered,correct
6255,Subject40,535,funeral,67,funeral,colorred,test,num1,typesuicide,singlestim,61,193161,1000430,edc,paicipantresponsered,correct
6551,Subject40,579,museum,67,museum,colorred,test,num1,typeneutral,singlestim,63,198951,1000450,edc,paicipantresponsered,correct
6847,Subject40,606,pleasure,67,pleasure,colorred,test,num1,typepositive,singlestim,65,204772,1000470,edc,paicipantresponsered,correct
7143,Subject40,416,funeral,67,funeral,colorred,test,num2,typesuicide,singlestim,67,210400,101010,edc,paicipantresponsered,correct
7439,Subject40,507,success,77,success,colorblue,test,num2,typepositive,singlestim,69,216117,101030,edm,paicipantresponseblue,correct
7735,Subject40,420,paper,67,paper,colorred,test,num2,typeneutral,singlestim,71,221748,101050,edc,paicipantresponsered,correct
8031,Subject40,496,suicide,77,suicide,colorblue,test,num2,typesuicide,singlestim,73,227453,101070,edm,paicipantresponseblue,correct
8327,Subject40,471,happy,67,happy,colorred,test,num2,typepositive,singlestim,75,233134,101090,edc,paicipantresponsered,correct
8623,Subject40,335,funeral,77,funeral,colorblue,test,num2,typesuicide,singlestim,77,238687,1010110,edm,paicipantresponseblue,correct
8919,Subject40,375,suicide,67,suicide,colorred,test,num2,typesuicide,singlestim,79,244274,1010130,edc,paicipantresponsered,correct
9215,Subject40,371,alone,77,alone,colorblue,test,num2,typenegative,singlestim,81,249854,1010150,edm,paicipantresponseblue,correct
9511,Subject40,481,engine,67,engine,colorred,test,num2,typeneutral,singlestim,83,255543,1010170,edc,paicipantresponsered,correct
9807,Subject40,525,stupid,77,stupid,colorblue,test,num2,typenegative,singlestim,85,261280,1010190,edm,paicipantresponseblue,correct
10103,Subject40,533,paper,77,paper,colorblue,test,num2,typeneutral,singlestim,87,267023,1010210,edm,paicipantresponseblue,correct
10399,Subject40,510,pleasure,67,pleasure,colorred,test,num2,typepositive,singlestim,89,272746,1010230,edc,paicipantresponsered,correct
10695,Subject40,485,success,67,success,colorred,test,num2,typepositive,singlestim,91,278444,1010250,edc,paicipantresponsered,correct
10991,Subject40,338,dead,67,dead,colorred,test,num2,typesuicide,singlestim,93,283991,1010270,edc,paicipantresponsered,correct
11287,Subject40,365,rejected,77,rejected,colorblue,test,num2,typenegative,singlestim,95,289567,1010290,edm,paicipantresponseblue,correct
11583,Subject40,391,engine,67,engine,colorblue,test,num2,typeneutral,singlestim,97,295173,1010310,edc,paicipantresponsered,incorrect
11879,Subject40,416,pleasure,77,pleasure,colorblue,test,num2,typepositive,singlestim,99,300803,1010330,edm,paicipantresponseblue,correct
12175,Subject40,494,stupid,67,stupid,colorred,test,num2,typenegative,singlestim,101,306512,1010350,edc,paicipantresponsered,correct
12471,Subject40,409,happy,77,happy,colorblue,test,num2,typepositive,singlestim,103,312132,1010370,edm,paicipantresponseblue,correct
12767,Subject40,455,museum,67,museum,colorred,test,num2,typeneutral,singlestim,105,317804,1010390,edc,paicipantresponsered,correct
13063,Subject40,417,alone,67,alone,colorred,test,num2,typenegative,singlestim,107,323435,1010410,edc,paicipantresponsered,correct
13359,Subject40,473,dead,77,dead,colorblue,test,num2,typesuicide,singlestim,109,329122,1010430,edm,paicipantresponseblue,correct
13655,Subject40,530,museum,77,museum,colorblue,test,num2,typeneutral,singlestim,111,334865,1010450,edm,paicipantresponseblue,correct
13951,Subject40,510,rejected,67,rejected,colorred,test,num2,typenegative,singlestim,113,340586,1010470,edc,paicipantresponsered,correct