,SubjectID,rt,stimulus,keypress,word,color,block,blocknum,wordtype,trialtype,trialindex,timeelapsed,internalnodeid,keypressed,participantresponse,correctresponse
194,Subject226,578,stupid,77,stupid,colorblue,test,num1,typenegative,singlestim,19,91894,100010,edm,paicipantresponseblue,correct
490,Subject226,560,paper,77,paper,colorblue,test,num1,typeneutral,singlestim,21,97660,100030,edm,paicipantresponseblue,correct
786,Subject226,568,paper,67,paper,colorred,test,num1,typeneutral,singlestim,23,103436,100050,edc,paicipantresponsered,correct
1082,Subject226,642,museum,67,museum,colorred,test,num1,typeneutral,singlestim,25,109288,100070,edc,paicipantresponsered,correct
1378,Subject226,526,funeral,67,funeral,colorred,test,num1,typesuicide,singlestim,27,115018,100090,edc,paicipantresponsered,correct
1674,Subject226,516,museum,77,museum,colorblue,test,num1,typeneutral,singlestim,29,120740,1000110,edm,paicipantresponseblue,correct
1970,Subject226,532,pleasure,77,pleasure,colorblue,test,num1,typepositive,singlestim,31,126476,1000130,edm,paicipantresponseblue,correct
2266,Subject226,578,dead,77,dead,colorblue,test,num1,typesuicide,singlestim,33,132260,1000150,edm,paicipantresponseblue,correct
2562,Subject226,570,success,67,success,colorred,test,num1,typepositive,singlestim,35,138038,1000170,edc,paicipantresponsered,correct
2858,Subject226,570,rejected,77,rejected,colorblue,test,num1,typenegative,singlestim,37,143810,1000190,edm,paicipantresponseblue,correct
3154,Subject226,560,dead,67,dead,colorred,test,num1,typesuicide,singlestim,39,149578,1000210,edc,paicipantresponsered,correct
3450,Subject226,528,happy,77,happy,colorblue,test,num1,typepositive,singlestim,41,155308,1000230,edm,paicipantresponseblue,correct
3746,Subject226,502,happy,67,happy,colorred,test,num1,typepositive,singlestim,43,161014,1000250,edc,paicipantresponsered,correct
4042,Subject226,568,pleasure,67,pleasure,colorred,test,num1,typepositive,singlestim,45,166786,1000270,edc,paicipantresponsered,correct
4338,Subject226,418,stupid,67,stupid,colorred,test,num1,typenegative,singlestim,47,172410,1000290,edc,paicipantresponsered,correct
4634,Subject226,480,funeral,77,funeral,colorblue,test,num1,typesuicide,singlestim,49,178092,1000310,edm,paicipantresponseblue,correct
4930,Subject226,530,engine,77,engine,colorblue,test,num1,typeneutral,singlestim,51,183828,1000330,edm,paicipantresponseblue,correct
5226,Subject226,490,rejected,67,rejected,colorred,test,num1,typenegative,singlestim,53,189524,1000350,edc,paicipantresponsered,correct
5522,Subject226,496,suicide,67,suicide,colorred,test,num1,typesuicide,singlestim,55,195226,1000370,edc,paicipantresponsered,correct
5818,Subject226,660,alone,77,alone,colorblue,test,num1,typenegative,singlestim,57,201092,1000390,edm,paicipantresponseblue,correct
6114,Subject226,664,suicide,77,suicide,colorblue,test,num1,typesuicide,singlestim,59,206962,1000410,edm,paicipantresponseblue,correct
6410,Subject226,506,success,77,success,colorblue,test,num1,typepositive,singlestim,61,212672,1000430,edm,paicipantresponseblue,correct
6706,Subject226,512,alone,67,alone,colorred,test,num1,typenegative,singlestim,63,218388,1000450,edc,paicipantresponsered,correct
7002,Subject226,580,engine,67,engine,colorred,test,num1,typeneutral,singlestim,65,224172,1000470,edc,paicipantresponsered,correct
7298,Subject226,542,paper,77,paper,colorblue,test,num2,typeneutral,singlestim,67,229920,101010,edm,paicipantresponseblue,correct
7594,Subject226,498,dead,77,dead,colorblue,test,num2,typesuicide,singlestim,69,235622,101030,edm,paicipantresponseblue,correct
7890,Subject226,430,pleasure,77,pleasure,colorblue,test,num2,typepositive,singlestim,71,241260,101050,edm,paicipantresponseblue,correct
8186,Subject226,476,funeral,67,funeral,colorred,test,num2,typesuicide,singlestim,73,246942,101070,edc,paicipantresponsered,correct
8482,Subject226,514,museum,77,museum,colorblue,test,num2,typeneutral,singlestim,75,252660,101090,edm,paicipantresponseblue,correct
8778,Subject226,462,alone,67,alone,colorred,test,num2,typenegative,singlestim,77,258326,1010110,edc,paicipantresponsered,correct
9074,Subject226,776,museum,67,museum,colorred,test,num2,typeneutral,singlestim,79,264304,1010130,edc,paicipantresponsered,correct
9370,Subject226,596,rejected,67,rejected,colorred,test,num2,typenegative,singlestim,81,270110,1010150,edc,paicipantresponsered,correct
9666,Subject226,498,success,77,success,colorblue,test,num2,typepositive,singlestim,83,275814,1010170,edm,paicipantresponseblue,correct
9962,Subject226,552,engine,77,engine,colorblue,test,num2,typeneutral,singlestim,85,281572,1010190,edm,paicipantresponseblue,correct
10258,Subject226,562,success,67,success,colorred,test,num2,typepositive,singlestim,87,287338,1010210,edc,paicipantresponsered,correct
10554,Subject226,566,engine,67,engine,colorred,test,num2,typeneutral,singlestim,89,293110,1010230,edc,paicipantresponsered,correct
10850,Subject226,566,happy,67,happy,colorred,test,num2,typepositive,singlestim,91,298880,1010250,edc,paicipantresponsered,correct
11146,Subject226,612,suicide,77,suicide,colorblue,test,num2,typesuicide,singlestim,93,304696,1010270,edm,paicipantresponseblue,correct
11442,Subject226,634,suicide,67,suicide,colorred,test,num2,typesuicide,singlestim,95,310536,1010290,edc,paicipantresponsered,correct
11738,Subject226,478,happy,77,happy,colorblue,test,num2,typepositive,singlestim,97,316218,1010310,edm,paicipantresponseblue,correct
12034,Subject226,516,stupid,67,stupid,colorred,test,num2,typenegative,singlestim,99,321940,1010330,edc,paicipantresponsered,correct
12330,Subject226,742,alone,77,alone,colorblue,test,num2,typenegative,singlestim,101,327888,1010350,edm,paicipantresponseblue,correct
12626,Subject226,440,paper,67,paper,colorred,test,num2,typeneutral,singlestim,103,333532,1010370,edc,paicipantresponsered,correct
12922,Subject226,628,rejected,77,rejected,colorblue,test,num2,typenegative,singlestim,105,339368,1010390,edm,paicipantresponseblue,correct
13218,Subject226,472,stupid,77,stupid,colorblue,test,num2,typenegative,singlestim,107,345044,1010410,edm,paicipantresponseblue,correct
13514,Subject226,450,funeral,77,funeral,colorblue,test,num2,typesuicide,singlestim,109,350698,1010430,edm,paicipantresponseblue,correct
13810,Subject226,512,dead,67,dead,colorred,test,num2,typesuicide,singlestim,111,356418,1010450,edc,paicipantresponsered,correct
14106,Subject226,536,pleasure,67,pleasure,colorred,test,num2,typepositive,singlestim,113,362156,1010470,edc,paicipantresponsered,correct