,SubjectID,rt,stimulus,keypress,word,color,block,blocknum,wordtype,trialtype,trialindex,timeelapsed,internalnodeid,keypressed,participantresponse,correctresponse
57,Subject60,439,museum,77,museum,colorblue,test,num1,typeneutral,singlestim,19,96748,100010,edm,paicipantresponseblue,correct
353,Subject60,446,engine,67,engine,colorred,test,num1,typeneutral,singlestim,21,102404,100030,edc,paicipantresponsered,correct
649,Subject60,420,pleasure,67,pleasure,colorred,test,num1,typepositive,singlestim,23,108035,100050,edc,paicipantresponsered,correct
945,Subject60,443,suicide,77,suicide,colorblue,test,num1,typesuicide,singlestim,25,113687,100070,edm,paicipantresponseblue,correct
1241,Subject60,479,rejected,67,rejected,colorred,test,num1,typenegative,singlestim,27,119376,100090,edc,paicipantresponsered,correct
1537,Subject60,401,success,77,success,colorblue,test,num1,typepositive,singlestim,29,124986,1000110,edm,paicipantresponseblue,correct
1833,Subject60,410,paper,67,paper,colorred,test,num1,typeneutral,singlestim,31,130608,1000130,edc,paicipantresponsered,correct
2129,Subject60,422,success,67,success,colorred,test,num1,typepositive,singlestim,33,136243,1000150,edc,paicipantresponsered,correct
2425,Subject60,460,engine,77,engine,colorblue,test,num1,typeneutral,singlestim,35,141912,1000170,edm,paicipantresponseblue,correct
2721,Subject60,466,happy,67,happy,colorred,test,num1,typepositive,singlestim,37,147590,1000190,edc,paicipantresponsered,correct
3017,Subject60,434,suicide,67,suicide,colorred,test,num1,typesuicide,singlestim,39,153237,1000210,edc,paicipantresponsered,correct
3313,Subject60,420,dead,67,dead,colorred,test,num1,typesuicide,singlestim,41,158865,1000230,edc,paicipantresponsered,correct
3609,Subject60,438,stupid,77,stupid,colorblue,test,num1,typenegative,singlestim,43,164515,1000250,edm,paicipantresponseblue,correct
3905,Subject60,468,funeral,77,funeral,colorblue,test,num1,typesuicide,singlestim,45,170195,1000270,edm,paicipantresponseblue,correct
4201,Subject60,433,happy,77,happy,colorblue,test,num1,typepositive,singlestim,47,175838,1000290,edm,paicipantresponseblue,correct
4497,Subject60,431,alone,77,alone,colorblue,test,num1,typenegative,singlestim,49,181483,1000310,edm,paicipantresponseblue,correct
4793,Subject60,412,museum,67,museum,colorred,test,num1,typeneutral,singlestim,51,187105,1000330,edc,paicipantresponsered,correct
5089,Subject60,404,pleasure,77,pleasure,colorblue,test,num1,typepositive,singlestim,53,192721,1000350,edm,paicipantresponseblue,correct
5385,Subject60,460,paper,77,paper,colorblue,test,num1,typeneutral,singlestim,55,198389,1000370,edm,paicipantresponseblue,correct
5681,Subject60,397,alone,67,alone,colorred,test,num1,typenegative,singlestim,57,203998,1000390,edc,paicipantresponsered,correct
5977,Subject60,453,rejected,77,rejected,colorblue,test,num1,typenegative,singlestim,59,209662,1000410,edm,paicipantresponseblue,correct
6273,Subject60,442,funeral,67,funeral,colorred,test,num1,typesuicide,singlestim,61,215318,1000430,edc,paicipantresponsered,correct
6569,Subject60,445,stupid,67,stupid,colorred,test,num1,typenegative,singlestim,63,220975,1000450,edc,paicipantresponsered,correct
6865,Subject60,407,dead,67,dead,colorblue,test,num1,typesuicide,singlestim,65,226595,1000470,edc,paicipantresponsered,incorrect
7161,Subject60,614,stupid,67,stupid,colorred,test,num2,typenegative,singlestim,67,232424,101010,edc,paicipantresponsered,correct
7457,Subject60,416,paper,77,paper,colorblue,test,num2,typeneutral,singlestim,69,238049,101030,edm,paicipantresponseblue,correct
7753,Subject60,481,engine,67,engine,colorred,test,num2,typeneutral,singlestim,71,243745,101050,edc,paicipantresponsered,correct
8049,Subject60,490,funeral,67,funeral,colorred,test,num2,typesuicide,singlestim,73,249447,101070,edc,paicipantresponsered,correct
8345,Subject60,482,museum,67,museum,colorred,test,num2,typeneutral,singlestim,75,255139,101090,edc,paicipantresponsered,correct
8641,Subject60,405,alone,77,alone,colorblue,test,num2,typenegative,singlestim,77,260754,1010110,edm,paicipantresponseblue,correct
8937,Subject60,536,pleasure,67,pleasure,colorred,test,num2,typepositive,singlestim,79,266504,1010130,edc,paicipantresponsered,correct
9233,Subject60,382,rejected,77,rejected,colorblue,test,num2,typenegative,singlestim,81,272096,1010150,edm,paicipantresponseblue,correct
9529,Subject60,460,dead,67,dead,colorred,test,num2,typesuicide,singlestim,83,277771,1010170,edc,paicipantresponsered,correct
9825,Subject60,514,happy,67,happy,colorred,test,num2,typepositive,singlestim,85,283499,1010190,edc,paicipantresponsered,correct
10121,Subject60,443,suicide,77,suicide,colorblue,test,num2,typesuicide,singlestim,87,289150,1010210,edm,paicipantresponseblue,correct
10417,Subject60,491,dead,77,dead,colorblue,test,num2,typesuicide,singlestim,89,294851,1010230,edm,paicipantresponseblue,correct
10713,Subject60,447,pleasure,77,pleasure,colorblue,test,num2,typepositive,singlestim,91,300512,1010250,edm,paicipantresponseblue,correct
11009,Subject60,348,engine,77,engine,colorblue,test,num2,typeneutral,singlestim,93,306073,1010270,edm,paicipantresponseblue,correct
11305,Subject60,430,rejected,67,rejected,colorred,test,num2,typenegative,singlestim,95,311717,1010290,edc,paicipantresponsered,correct
11601,Subject60,429,suicide,67,suicide,colorred,test,num2,typesuicide,singlestim,97,317356,1010310,edc,paicipantresponsered,correct
11897,Subject60,478,funeral,77,funeral,colorblue,test,num2,typesuicide,singlestim,99,323045,1010330,edm,paicipantresponseblue,correct
12193,Subject60,436,happy,77,happy,colorblue,test,num2,typepositive,singlestim,101,328692,1010350,edm,paicipantresponseblue,correct
12489,Subject60,438,success,77,success,colorblue,test,num2,typepositive,singlestim,103,334338,1010370,edm,paicipantresponseblue,correct
12785,Subject60,422,museum,77,museum,colorblue,test,num2,typeneutral,singlestim,105,339976,1010390,edm,paicipantresponseblue,correct
13081,Subject60,420,paper,67,paper,colorred,test,num2,typeneutral,singlestim,107,345612,1010410,edc,paicipantresponsered,correct
13377,Subject60,468,stupid,77,stupid,colorblue,test,num2,typenegative,singlestim,109,351288,1010430,edm,paicipantresponseblue,correct
13673,Subject60,484,alone,67,alone,colorred,test,num2,typenegative,singlestim,111,356979,1010450,edc,paicipantresponsered,correct
13969,Subject60,753,success,67,success,colorred,test,num2,typepositive,singlestim,113,362943,1010470,edc,paicipantresponsered,correct