,SubjectID,rt,stimulus,keypress,word,color,block,blocknum,wordtype,trialtype,trialindex,timeelapsed,internalnodeid,keypressed,participantresponse,correctresponse
77,Subject82,1057,pleasure,77,pleasure,colorblue,test,num1,typepositive,singlestim,19,74647,100010,edm,paicipantresponseblue,correct
373,Subject82,326,happy,77,happy,colorblue,test,num1,typepositive,singlestim,21,80184,100030,edm,paicipantresponseblue,correct
669,Subject82,281,dead,67,dead,colorred,test,num1,typesuicide,singlestim,23,85675,100050,edc,paicipantresponsered,correct
965,Subject82,319,paper,77,paper,colorblue,test,num1,typeneutral,singlestim,25,91202,100070,edm,paicipantresponseblue,correct
1261,Subject82,272,alone,67,alone,colorred,test,num1,typenegative,singlestim,27,96681,100090,edc,paicipantresponsered,correct
1557,Subject82,381,success,77,success,colorred,test,num1,typepositive,singlestim,29,102270,1000110,edm,paicipantresponseblue,incorrect
1853,Subject82,359,museum,67,museum,colorred,test,num1,typeneutral,singlestim,31,107835,1000130,edc,paicipantresponsered,correct
2149,Subject82,374,engine,77,engine,colorblue,test,num1,typeneutral,singlestim,33,113423,1000150,edm,paicipantresponseblue,correct
2445,Subject82,309,paper,67,paper,colorred,test,num1,typeneutral,singlestim,35,118944,1000170,edc,paicipantresponsered,correct
2741,Subject82,380,rejected,77,rejected,colorblue,test,num1,typenegative,singlestim,37,124534,1000190,edm,paicipantresponseblue,correct
3037,Subject82,355,dead,77,dead,colorblue,test,num1,typesuicide,singlestim,39,130097,1000210,edm,paicipantresponseblue,correct
3333,Subject82,371,funeral,77,funeral,colorblue,test,num1,typesuicide,singlestim,41,135673,1000230,edm,paicipantresponseblue,correct
3629,Subject82,334,stupid,77,stupid,colorblue,test,num1,typenegative,singlestim,43,141216,1000250,edm,paicipantresponseblue,correct
3925,Subject82,357,success,77,success,colorblue,test,num1,typepositive,singlestim,45,146777,1000270,edm,paicipantresponseblue,correct
4221,Subject82,381,suicide,67,suicide,colorred,test,num1,typesuicide,singlestim,47,152366,1000290,edc,paicipantresponsered,correct
4517,Subject82,406,funeral,67,funeral,colorred,test,num1,typesuicide,singlestim,49,157984,1000310,edc,paicipantresponsered,correct
4813,Subject82,343,rejected,67,rejected,colorred,test,num1,typenegative,singlestim,51,163538,1000330,edc,paicipantresponsered,correct
5109,Subject82,426,alone,77,alone,colorblue,test,num1,typenegative,singlestim,53,169176,1000350,edm,paicipantresponseblue,correct
5405,Subject82,349,pleasure,67,pleasure,colorred,test,num1,typepositive,singlestim,55,174732,1000370,edc,paicipantresponsered,correct
5701,Subject82,298,museum,77,museum,colorblue,test,num1,typeneutral,singlestim,57,180238,1000390,edm,paicipantresponseblue,correct
5997,Subject82,399,happy,67,happy,colorred,test,num1,typepositive,singlestim,59,185846,1000410,edc,paicipantresponsered,correct
6293,Subject82,826,stupid,67,stupid,colorred,test,num1,typenegative,singlestim,61,191879,1000430,edc,paicipantresponsered,correct
6589,Subject82,668,suicide,77,suicide,colorblue,test,num1,typesuicide,singlestim,63,197752,1000450,edm,paicipantresponseblue,correct
6885,Subject82,344,engine,67,engine,colorred,test,num1,typeneutral,singlestim,65,203308,1000470,edc,paicipantresponsered,correct
7181,Subject82,430,paper,77,paper,colorblue,test,num2,typeneutral,singlestim,67,208948,101010,edm,paicipantresponseblue,correct
7477,Subject82,495,stupid,77,stupid,colorblue,test,num2,typenegative,singlestim,69,214655,101030,edm,paicipantresponseblue,correct
7773,Subject82,359,paper,67,paper,colorred,test,num2,typeneutral,singlestim,71,220220,101050,edc,paicipantresponsered,correct
8069,Subject82,425,rejected,67,rejected,colorred,test,num2,typenegative,singlestim,73,225853,101070,edc,paicipantresponsered,correct
8365,Subject82,378,happy,77,happy,colorblue,test,num2,typepositive,singlestim,75,231438,101090,edm,paicipantresponseblue,correct
8661,Subject82,417,pleasure,67,pleasure,colorred,test,num2,typepositive,singlestim,77,237063,1010110,edc,paicipantresponsered,correct
8957,Subject82,390,funeral,67,funeral,colorred,test,num2,typesuicide,singlestim,79,242665,1010130,edc,paicipantresponsered,correct
9253,Subject82,325,dead,77,dead,colorblue,test,num2,typesuicide,singlestim,81,248199,1010150,edm,paicipantresponseblue,correct
9549,Subject82,551,suicide,67,suicide,colorred,test,num2,typesuicide,singlestim,83,253955,1010170,edc,paicipantresponsered,correct
9845,Subject82,360,alone,67,alone,colorred,test,num2,typenegative,singlestim,85,259524,1010190,edc,paicipantresponsered,correct
10141,Subject82,406,suicide,77,suicide,colorblue,test,num2,typesuicide,singlestim,87,265144,1010210,edm,paicipantresponseblue,correct
10437,Subject82,828,dead,67,dead,colorred,test,num2,typesuicide,singlestim,89,271180,1010230,edc,paicipantresponsered,correct
10733,Subject82,459,engine,77,engine,colorblue,test,num2,typeneutral,singlestim,91,276847,1010250,edm,paicipantresponseblue,correct
11029,Subject82,361,pleasure,77,pleasure,colorblue,test,num2,typepositive,singlestim,93,282415,1010270,edm,paicipantresponseblue,correct
11325,Subject82,274,museum,67,museum,colorred,test,num2,typeneutral,singlestim,95,287897,1010290,edc,paicipantresponsered,correct
11621,Subject82,304,alone,77,alone,colorblue,test,num2,typenegative,singlestim,97,293411,1010310,edm,paicipantresponseblue,correct
11917,Subject82,595,museum,77,museum,colorblue,test,num2,typeneutral,singlestim,99,299215,1010330,edm,paicipantresponseblue,correct
12213,Subject82,437,funeral,77,funeral,colorblue,test,num2,typesuicide,singlestim,101,304857,1010350,edm,paicipantresponseblue,correct
12509,Subject82,380,rejected,77,rejected,colorblue,test,num2,typenegative,singlestim,103,310444,1010370,edm,paicipantresponseblue,correct
12805,Subject82,512,success,67,success,colorred,test,num2,typepositive,singlestim,105,316166,1010390,edc,paicipantresponsered,correct
13101,Subject82,572,happy,67,happy,colorred,test,num2,typepositive,singlestim,107,321950,1010410,edc,paicipantresponsered,correct
13397,Subject82,554,engine,67,engine,colorred,test,num2,typeneutral,singlestim,109,327711,1010430,edc,paicipantresponsered,correct
13693,Subject82,687,success,77,success,colorblue,test,num2,typepositive,singlestim,111,333607,1010450,edm,paicipantresponseblue,correct
13989,Subject82,357,stupid,67,stupid,colorred,test,num2,typenegative,singlestim,113,339172,1010470,edc,paicipantresponsered,correct