,SubjectID,rt,stimulus,keypress,word,color,block,blocknum,wordtype,trialtype,trialindex,timeelapsed,internalnodeid,keypressed,participantresponse,correctresponse
111,Subject119,488,success,77,success,colorblue,test,num1,typepositive,singlestim,19,106122,100010,edm,paicipantresponseblue,correct
407,Subject119,476,funeral,67,funeral,colorred,test,num1,typesuicide,singlestim,21,111803,100030,edc,paicipantresponsered,correct
703,Subject119,546,engine,77,engine,colorblue,test,num1,typeneutral,singlestim,23,117554,100050,edm,paicipantresponseblue,correct
999,Subject119,390,engine,67,engine,colorred,test,num1,typeneutral,singlestim,25,123150,100070,edc,paicipantresponsered,correct
1295,Subject119,377,dead,67,dead,colorred,test,num1,typesuicide,singlestim,27,128733,100090,edc,paicipantresponsered,correct
1591,Subject119,436,dead,77,dead,colorblue,test,num1,typesuicide,singlestim,29,134375,1000110,edm,paicipantresponseblue,correct
1887,Subject119,575,funeral,77,funeral,colorblue,test,num1,typesuicide,singlestim,31,140155,1000130,edm,paicipantresponseblue,correct
2183,Subject119,421,rejected,77,rejected,colorblue,test,num1,typenegative,singlestim,33,145783,1000150,edm,paicipantresponseblue,correct
2479,Subject119,438,alone,67,alone,colorred,test,num1,typenegative,singlestim,35,151426,1000170,edc,paicipantresponsered,correct
2775,Subject119,402,success,67,success,colorred,test,num1,typepositive,singlestim,37,157034,1000190,edc,paicipantresponsered,correct
3071,Subject119,398,happy,67,happy,colorred,test,num1,typepositive,singlestim,39,162641,1000210,edc,paicipantresponsered,correct
3367,Subject119,516,stupid,67,stupid,colorred,test,num1,typenegative,singlestim,41,168363,1000230,edc,paicipantresponsered,correct
3663,Subject119,349,museum,77,museum,colorblue,test,num1,typeneutral,singlestim,43,173920,1000250,edm,paicipantresponseblue,correct
3959,Subject119,366,alone,77,alone,colorblue,test,num1,typenegative,singlestim,45,179493,1000270,edm,paicipantresponseblue,correct
4255,Subject119,513,pleasure,67,pleasure,colorred,test,num1,typepositive,singlestim,47,185212,1000290,edc,paicipantresponsered,correct
4551,Subject119,380,paper,67,paper,colorred,test,num1,typeneutral,singlestim,49,190798,1000310,edc,paicipantresponsered,correct
4847,Subject119,537,happy,77,happy,colorblue,test,num1,typepositive,singlestim,51,196542,1000330,edm,paicipantresponseblue,correct
5143,Subject119,776,rejected,67,rejected,colorred,test,num1,typenegative,singlestim,53,202524,1000350,edc,paicipantresponsered,correct
5439,Subject119,405,paper,77,paper,colorblue,test,num1,typeneutral,singlestim,55,208135,1000370,edm,paicipantresponseblue,correct
5735,Subject119,358,suicide,67,suicide,colorred,test,num1,typesuicide,singlestim,57,213702,1000390,edc,paicipantresponsered,correct
6031,Subject119,774,suicide,77,suicide,colorblue,test,num1,typesuicide,singlestim,59,219680,1000410,edm,paicipantresponseblue,correct
6327,Subject119,425,pleasure,77,pleasure,colorblue,test,num1,typepositive,singlestim,61,225311,1000430,edm,paicipantresponseblue,correct
6623,Subject119,378,stupid,77,stupid,colorblue,test,num1,typenegative,singlestim,63,230896,1000450,edm,paicipantresponseblue,correct
6919,Subject119,793,museum,67,museum,colorred,test,num1,typeneutral,singlestim,65,236896,1000470,edc,paicipantresponsered,correct
7215,Subject119,633,happy,67,happy,colorred,test,num2,typepositive,singlestim,67,242737,101010,edc,paicipantresponsered,correct
7511,Subject119,744,paper,67,paper,colorred,test,num2,typeneutral,singlestim,69,248686,101030,edc,paicipantresponsered,correct
7807,Subject119,475,rejected,67,rejected,colorred,test,num2,typenegative,singlestim,71,254367,101050,edc,paicipantresponsered,correct
8103,Subject119,384,funeral,67,funeral,colorred,test,num2,typesuicide,singlestim,73,259958,101070,edc,paicipantresponsered,correct
8399,Subject119,363,alone,77,alone,colorblue,test,num2,typenegative,singlestim,75,265526,101090,edm,paicipantresponseblue,correct
8695,Subject119,451,rejected,77,rejected,colorblue,test,num2,typenegative,singlestim,77,271183,1010110,edm,paicipantresponseblue,correct
8991,Subject119,439,stupid,67,stupid,colorred,test,num2,typenegative,singlestim,79,276827,1010130,edc,paicipantresponsered,correct
9287,Subject119,422,alone,67,alone,colorred,test,num2,typenegative,singlestim,81,282455,1010150,edc,paicipantresponsered,correct
9583,Subject119,453,museum,67,museum,colorred,test,num2,typeneutral,singlestim,83,288112,1010170,edc,paicipantresponsered,correct
9879,Subject119,888,stupid,77,stupid,colorblue,test,num2,typenegative,singlestim,85,294204,1010190,edm,paicipantresponseblue,correct
10175,Subject119,424,pleasure,77,pleasure,colorblue,test,num2,typepositive,singlestim,87,299834,1010210,edm,paicipantresponseblue,correct
10471,Subject119,779,funeral,77,funeral,colorblue,test,num2,typesuicide,singlestim,89,305818,1010230,edm,paicipantresponseblue,correct
10767,Subject119,627,engine,67,engine,colorred,test,num2,typeneutral,singlestim,91,311651,1010250,edc,paicipantresponsered,correct
11063,Subject119,712,success,77,success,colorblue,test,num2,typepositive,singlestim,93,317571,1010270,edm,paicipantresponseblue,correct
11359,Subject119,702,happy,67,happy,colorblue,test,num2,typepositive,singlestim,95,323480,1010290,edc,paicipantresponsered,incorrect
11655,Subject119,616,success,67,success,colorred,test,num2,typepositive,singlestim,97,329302,1010310,edc,paicipantresponsered,correct
11951,Subject119,328,museum,77,museum,colorblue,test,num2,typeneutral,singlestim,99,334834,1010330,edm,paicipantresponseblue,correct
12247,Subject119,351,engine,77,engine,colorblue,test,num2,typeneutral,singlestim,101,340391,1010350,edm,paicipantresponseblue,correct
12543,Subject119,394,suicide,77,suicide,colorblue,test,num2,typesuicide,singlestim,103,345992,1010370,edm,paicipantresponseblue,correct
12839,Subject119,330,dead,77,dead,colorblue,test,num2,typesuicide,singlestim,105,351529,1010390,edm,paicipantresponseblue,correct
13135,Subject119,383,suicide,67,suicide,colorred,test,num2,typesuicide,singlestim,107,357118,1010410,edc,paicipantresponsered,correct
13431,Subject119,332,paper,77,paper,colorblue,test,num2,typeneutral,singlestim,109,362654,1010430,edm,paicipantresponseblue,correct
13727,Subject119,649,dead,67,dead,colorred,test,num2,typesuicide,singlestim,111,368511,1010450,edc,paicipantresponsered,correct
14023,Subject119,386,pleasure,67,pleasure,colorred,test,num2,typepositive,singlestim,113,374103,1010470,edc,paicipantresponsered,correct