"","SubjectID","rt","stimulus","keypress","word","color","block","blocknum","wordtype","trialtype","trialindex","timeelapsed","internalnodeid","keypressed","participantresponse","correctresponse"
"13","Subject13","540","happy","77","happy","colorblue","test","num1","typepositive","singlestim","19","99024","100010","edm","paicipantresponseblue","correct"
"309","Subject13","364","dead","67","dead","colorred","test","num1","typesuicide","singlestim","21","104616","100030","edc","paicipantresponsered","correct"
"605","Subject13","344","engine","77","engine","colorblue","test","num1","typeneutral","singlestim","23","110184","100050","edm","paicipantresponseblue","correct"
"901","Subject13","424","suicide","77","suicide","colorred","test","num1","typesuicide","singlestim","25","115834","100070","edm","paicipantresponseblue","incorrect"
"1197","Subject13","518","stupid","67","stupid","colorred","test","num1","typenegative","singlestim","27","121580","100090","edc","paicipantresponsered","correct"
"1493","Subject13","372","alone","77","alone","colorblue","test","num1","typenegative","singlestim","29","127176","1000110","edm","paicipantresponseblue","correct"
"1789","Subject13","396","success","67","success","colorred","test","num1","typepositive","singlestim","31","132790","1000130","edc","paicipantresponsered","correct"
"2085","Subject13","362","success","77","success","colorblue","test","num1","typepositive","singlestim","33","138374","1000150","edm","paicipantresponseblue","correct"
"2381","Subject13","380","museum","77","museum","colorblue","test","num1","typeneutral","singlestim","35","143980","1000170","edm","paicipantresponseblue","correct"
"2677","Subject13","382","rejected","77","rejected","colorblue","test","num1","typenegative","singlestim","37","149584","1000190","edm","paicipantresponseblue","correct"
"2973","Subject13","408","stupid","77","stupid","colorblue","test","num1","typenegative","singlestim","39","155216","1000210","edm","paicipantresponseblue","correct"
"3269","Subject13","410","paper","67","paper","colorred","test","num1","typeneutral","singlestim","41","160850","1000230","edc","paicipantresponsered","correct"
"3565","Subject13","662","alone","67","alone","colorred","test","num1","typenegative","singlestim","43","166738","1000250","edc","paicipantresponsered","correct"
"3861","Subject13","382","paper","77","paper","colorblue","test","num1","typeneutral","singlestim","45","172340","1000270","edm","paicipantresponseblue","correct"
"4157","Subject13","298","pleasure","67","pleasure","colorred","test","num1","typepositive","singlestim","47","177860","1000290","edc","paicipantresponsered","correct"
"4453","Subject13","340","suicide","77","suicide","colorblue","test","num1","typesuicide","singlestim","49","183414","1000310","edm","paicipantresponseblue","correct"
"4749","Subject13","340","engine","67","engine","colorred","test","num1","typeneutral","singlestim","51","188974","1000330","edc","paicipantresponsered","correct"
"5045","Subject13","306","pleasure","77","pleasure","colorblue","test","num1","typepositive","singlestim","53","194496","1000350","edm","paicipantresponseblue","correct"
"5341","Subject13","426","dead","77","dead","colorblue","test","num1","typesuicide","singlestim","55","200146","1000370","edm","paicipantresponseblue","correct"
"5637","Subject13","396","rejected","67","rejected","colorred","test","num1","typenegative","singlestim","57","205768","1000390","edc","paicipantresponsered","correct"
"5933","Subject13","436","funeral","77","funeral","colorblue","test","num1","typesuicide","singlestim","59","211428","1000410","edm","paicipantresponseblue","correct"
"6229","Subject13","336","funeral","67","funeral","colorred","test","num1","typesuicide","singlestim","61","216978","1000430","edc","paicipantresponsered","correct"
"6525","Subject13","398","happy","77","happy","colorred","test","num1","typepositive","singlestim","63","222594","1000450","edm","paicipantresponseblue","incorrect"
"6821","Subject13","326","museum","67","museum","colorred","test","num1","typeneutral","singlestim","65","228144","1000470","edc","paicipantresponsered","correct"
"7117","Subject13","420","paper","67","paper","colorred","test","num2","typeneutral","singlestim","67","233778","101010","edc","paicipantresponsered","correct"
"7413","Subject13","342","dead","77","dead","colorblue","test","num2","typesuicide","singlestim","69","239334","101030","edm","paicipantresponseblue","correct"
"7709","Subject13","362","happy","67","happy","colorred","test","num2","typepositive","singlestim","71","244910","101050","edc","paicipantresponsered","correct"
"8005","Subject13","430","suicide","67","suicide","colorred","test","num2","typesuicide","singlestim","73","250566","101070","edc","paicipantresponsered","correct"
"8301","Subject13","346","stupid","67","stupid","colorred","test","num2","typenegative","singlestim","75","256134","101090","edc","paicipantresponsered","correct"
"8597","Subject13","478","engine","67","engine","colorred","test","num2","typeneutral","singlestim","77","261840","1010110","edc","paicipantresponsered","correct"
"8893","Subject13","404","pleasure","77","pleasure","colorblue","test","num2","typepositive","singlestim","79","267460","1010130","edm","paicipantresponseblue","correct"
"9189","Subject13","532","museum","77","museum","colorblue","test","num2","typeneutral","singlestim","81","273208","1010150","edm","paicipantresponseblue","correct"
"9485","Subject13","500","engine","77","engine","colorblue","test","num2","typeneutral","singlestim","83","278920","1010170","edm","paicipantresponseblue","correct"
"9781","Subject13","324","stupid","77","stupid","colorblue","test","num2","typenegative","singlestim","85","284456","1010190","edm","paicipantresponseblue","correct"
"10077","Subject13","376","alone","77","alone","colorblue","test","num2","typenegative","singlestim","87","290050","1010210","edm","paicipantresponseblue","correct"
"10373","Subject13","470","happy","77","happy","colorblue","test","num2","typepositive","singlestim","89","295748","1010230","edm","paicipantresponseblue","correct"
"10669","Subject13","462","funeral","67","funeral","colorred","test","num2","typesuicide","singlestim","91","301434","1010250","edc","paicipantresponsered","correct"
"10965","Subject13","582","success","77","success","colorblue","test","num2","typepositive","singlestim","93","307238","1010270","edm","paicipantresponseblue","correct"
"11261","Subject13","362","alone","67","alone","colorred","test","num2","typenegative","singlestim","95","312822","1010290","edc","paicipantresponsered","correct"
"11557","Subject13","484","dead","67","dead","colorred","test","num2","typesuicide","singlestim","97","318534","1010310","edc","paicipantresponsered","correct"
"11853","Subject13","450","success","67","success","colorred","test","num2","typepositive","singlestim","99","324210","1010330","edc","paicipantresponsered","correct"
"12149","Subject13","442","funeral","77","funeral","colorblue","test","num2","typesuicide","singlestim","101","329868","1010350","edm","paicipantresponseblue","correct"
"12445","Subject13","488","pleasure","67","pleasure","colorred","test","num2","typepositive","singlestim","103","335580","1010370","edc","paicipantresponsered","correct"
"12741","Subject13","542","suicide","77","suicide","colorblue","test","num2","typesuicide","singlestim","105","341348","1010390","edm","paicipantresponseblue","correct"
"13037","Subject13","416","rejected","67","rejected","colorred","test","num2","typenegative","singlestim","107","346980","1010410","edc","paicipantresponsered","correct"
"13333","Subject13","554","museum","67","museum","colorred","test","num2","typeneutral","singlestim","109","352752","1010430","edc","paicipantresponsered","correct"
"13629","Subject13","530","paper","77","paper","colorblue","test","num2","typeneutral","singlestim","111","358502","1010450","edm","paicipantresponseblue","correct"
"13925","Subject13","454","rejected","77","rejected","colorblue","test","num2","typenegative","singlestim","113","364170","1010470","edm","paicipantresponseblue","correct"
