,SubjectID,rt,stimulus,keypress,word,color,block,blocknum,wordtype,trialtype,trialindex,timeelapsed,internalnodeid,keypressed,participantresponse,correctresponse
58,Subject62,1094,engine,77,engine,colorblue,test,num1,typeneutral,singlestim,19,61221,100010,edm,paicipantresponseblue,correct
354,Subject62,692,museum,67,museum,colorred,test,num1,typeneutral,singlestim,21,67115,100030,edc,paicipantresponsered,correct
650,Subject62,501,dead,77,dead,colorblue,test,num1,typesuicide,singlestim,23,72820,100050,edm,paicipantresponseblue,correct
946,Subject62,356,suicide,77,suicide,colorblue,test,num1,typesuicide,singlestim,25,78379,100070,edm,paicipantresponseblue,correct
1242,Subject62,453,success,67,success,colorred,test,num1,typepositive,singlestim,27,84035,100090,edc,paicipantresponsered,correct
1538,Subject62,500,paper,67,paper,colorred,test,num1,typeneutral,singlestim,29,89738,1000110,edc,paicipantresponsered,correct
1834,Subject62,525,paper,77,paper,colorblue,test,num1,typeneutral,singlestim,31,95467,1000130,edm,paicipantresponseblue,correct
2130,Subject62,484,dead,67,dead,colorred,test,num1,typesuicide,singlestim,33,101153,1000150,edc,paicipantresponsered,correct
2426,Subject62,676,suicide,67,suicide,colorred,test,num1,typesuicide,singlestim,35,107033,1000170,edc,paicipantresponsered,correct
2722,Subject62,500,success,77,success,colorblue,test,num1,typepositive,singlestim,37,112737,1000190,edm,paicipantresponseblue,correct
3018,Subject62,477,funeral,77,funeral,colorblue,test,num1,typesuicide,singlestim,39,118417,1000210,edm,paicipantresponseblue,correct
3314,Subject62,453,happy,67,happy,colorred,test,num1,typepositive,singlestim,41,124072,1000230,edc,paicipantresponsered,correct
3610,Subject62,333,happy,77,happy,colorblue,test,num1,typepositive,singlestim,43,129609,1000250,edm,paicipantresponseblue,correct
3906,Subject62,509,alone,77,alone,colorblue,test,num1,typenegative,singlestim,45,135320,1000270,edm,paicipantresponseblue,correct
4202,Subject62,461,pleasure,67,pleasure,colorred,test,num1,typepositive,singlestim,47,140984,1000290,edc,paicipantresponsered,correct
4498,Subject62,709,engine,67,engine,colorred,test,num1,typeneutral,singlestim,49,146895,1000310,edc,paicipantresponsered,correct
4794,Subject62,518,alone,67,alone,colorred,test,num1,typenegative,singlestim,51,152615,1000330,edc,paicipantresponsered,correct
5090,Subject62,493,pleasure,77,pleasure,colorblue,test,num1,typepositive,singlestim,53,158311,1000350,edm,paicipantresponseblue,correct
5386,Subject62,398,stupid,67,stupid,colorred,test,num1,typenegative,singlestim,55,163910,1000370,edc,paicipantresponsered,correct
5682,Subject62,501,rejected,67,rejected,colorred,test,num1,typenegative,singlestim,57,169614,1000390,edc,paicipantresponsered,correct
5978,Subject62,388,stupid,77,stupid,colorblue,test,num1,typenegative,singlestim,59,175205,1000410,edm,paicipantresponseblue,correct
6274,Subject62,460,rejected,77,rejected,colorblue,test,num1,typenegative,singlestim,61,180870,1000430,edm,paicipantresponseblue,correct
6570,Subject62,516,funeral,67,funeral,colorred,test,num1,typesuicide,singlestim,63,186589,1000450,edc,paicipantresponsered,correct
6866,Subject62,389,museum,77,museum,colorblue,test,num1,typeneutral,singlestim,65,192181,1000470,edm,paicipantresponseblue,correct
7162,Subject62,468,museum,67,museum,colorred,test,num2,typeneutral,singlestim,67,197852,101010,edc,paicipantresponsered,correct
7458,Subject62,509,pleasure,67,pleasure,colorred,test,num2,typepositive,singlestim,69,203564,101030,edc,paicipantresponsered,correct
7754,Subject62,509,dead,77,dead,colorblue,test,num2,typesuicide,singlestim,71,209276,101050,edm,paicipantresponseblue,correct
8050,Subject62,436,funeral,67,funeral,colorred,test,num2,typesuicide,singlestim,73,214916,101070,edc,paicipantresponsered,correct
8346,Subject62,508,suicide,67,suicide,colorred,test,num2,typesuicide,singlestim,75,220627,101090,edc,paicipantresponsered,correct
8642,Subject62,404,alone,67,alone,colorred,test,num2,typenegative,singlestim,77,226235,1010110,edc,paicipantresponsered,correct
8938,Subject62,340,paper,77,paper,colorblue,test,num2,typeneutral,singlestim,79,231778,1010130,edm,paicipantresponseblue,correct
9234,Subject62,301,stupid,67,stupid,colorred,test,num2,typenegative,singlestim,81,237282,1010150,edc,paicipantresponsered,correct
9530,Subject62,477,rejected,67,rejected,colorred,test,num2,typenegative,singlestim,83,242962,1010170,edc,paicipantresponsered,correct
9826,Subject62,484,stupid,77,stupid,colorblue,test,num2,typenegative,singlestim,85,248649,1010190,edm,paicipantresponseblue,correct
10122,Subject62,565,alone,77,alone,colorblue,test,num2,typenegative,singlestim,87,254417,1010210,edm,paicipantresponseblue,correct
10418,Subject62,485,engine,77,engine,colorblue,test,num2,typeneutral,singlestim,89,260105,1010230,edm,paicipantresponseblue,correct
10714,Subject62,613,engine,77,engine,colorred,test,num2,typeneutral,singlestim,91,265921,1010250,edm,paicipantresponseblue,incorrect
11010,Subject62,748,paper,67,paper,colorred,test,num2,typeneutral,singlestim,93,271872,1010270,edc,paicipantresponsered,correct
11306,Subject62,421,suicide,77,suicide,colorblue,test,num2,typesuicide,singlestim,95,277496,1010290,edm,paicipantresponseblue,correct
11602,Subject62,460,happy,67,happy,colorred,test,num2,typepositive,singlestim,97,283159,1010310,edc,paicipantresponsered,correct
11898,Subject62,478,rejected,77,rejected,colorblue,test,num2,typenegative,singlestim,99,288840,1010330,edm,paicipantresponseblue,correct
12194,Subject62,460,museum,77,museum,colorblue,test,num2,typeneutral,singlestim,101,294502,1010350,edm,paicipantresponseblue,correct
12490,Subject62,500,pleasure,77,pleasure,colorblue,test,num2,typepositive,singlestim,103,300207,1010370,edm,paicipantresponseblue,correct
12786,Subject62,547,happy,77,happy,colorblue,test,num2,typepositive,singlestim,105,305958,1010390,edm,paicipantresponseblue,correct
13082,Subject62,509,funeral,77,funeral,colorblue,test,num2,typesuicide,singlestim,107,311670,1010410,edm,paicipantresponseblue,correct
13378,Subject62,516,success,77,success,colorblue,test,num2,typepositive,singlestim,109,317389,1010430,edm,paicipantresponseblue,correct
13674,Subject62,500,dead,67,dead,colorred,test,num2,typesuicide,singlestim,111,323093,1010450,edc,paicipantresponsered,correct
13970,Subject62,515,success,67,success,colorred,test,num2,typepositive,singlestim,113,328812,1010470,edc,paicipantresponsered,correct