,SubjectID,rt,stimulus,keypress,word,color,block,blocknum,wordtype,trialtype,trialindex,timeelapsed,internalnodeid,keypressed,participantresponse,correctresponse
278,Subject314,440,paper,67,paper,colorred,test,num1,typeneutral,singlestim,19,110332,100010,edc,paicipantresponsered,correct
574,Subject314,416,engine,67,engine,colorred,test,num1,typeneutral,singlestim,21,115988,100030,edc,paicipantresponsered,correct
870,Subject314,412,rejected,67,rejected,colorred,test,num1,typenegative,singlestim,23,121642,100050,edc,paicipantresponsered,correct
1166,Subject314,355,dead,77,dead,colorblue,test,num1,typesuicide,singlestim,25,127275,100070,edm,paicipantresponseblue,correct
1462,Subject314,430,suicide,67,suicide,colorred,test,num1,typesuicide,singlestim,27,132853,100090,edc,paicipantresponsered,correct
1758,Subject314,340,alone,67,alone,colorred,test,num1,typenegative,singlestim,29,138502,1000110,edc,paicipantresponsered,correct
2054,Subject314,409,success,77,success,colorblue,test,num1,typepositive,singlestim,31,144065,1000130,edm,paicipantresponseblue,correct
2350,Subject314,460,happy,77,happy,colorblue,test,num1,typepositive,singlestim,33,149704,1000150,edm,paicipantresponseblue,correct
2646,Subject314,445,suicide,77,suicide,colorblue,test,num1,typesuicide,singlestim,35,155388,1000170,edm,paicipantresponseblue,correct
2942,Subject314,398,museum,77,museum,colorblue,test,num1,typeneutral,singlestim,37,161039,1000190,edm,paicipantresponseblue,correct
3238,Subject314,417,paper,77,paper,colorblue,test,num1,typeneutral,singlestim,39,166657,1000210,edm,paicipantresponseblue,correct
3534,Subject314,507,alone,77,alone,colorblue,test,num1,typenegative,singlestim,41,172309,1000230,edm,paicipantresponseblue,correct
3830,Subject314,381,museum,67,museum,colorred,test,num1,typeneutral,singlestim,43,178039,1000250,edc,paicipantresponsered,correct
4126,Subject314,337,pleasure,77,pleasure,colorblue,test,num1,typepositive,singlestim,45,183641,1000270,edm,paicipantresponseblue,correct
4422,Subject314,428,pleasure,67,pleasure,colorred,test,num1,typepositive,singlestim,47,189192,1000290,edc,paicipantresponsered,correct
4718,Subject314,432,stupid,67,stupid,colorred,test,num1,typenegative,singlestim,49,194849,1000310,edc,paicipantresponsered,correct
5014,Subject314,386,dead,67,dead,colorred,test,num1,typesuicide,singlestim,51,200488,1000330,edc,paicipantresponsered,correct
5310,Subject314,385,success,67,success,colorred,test,num1,typepositive,singlestim,53,206096,1000350,edc,paicipantresponsered,correct
5606,Subject314,647,happy,67,happy,colorred,test,num1,typepositive,singlestim,55,211698,1000370,edc,paicipantresponsered,correct
5902,Subject314,500,stupid,77,stupid,colorblue,test,num1,typenegative,singlestim,57,217571,1000390,edm,paicipantresponseblue,correct
6198,Subject314,474,funeral,77,funeral,colorblue,test,num1,typesuicide,singlestim,59,223289,1000410,edm,paicipantresponseblue,correct
6494,Subject314,412,engine,77,engine,colorblue,test,num1,typeneutral,singlestim,61,228987,1000430,edm,paicipantresponseblue,correct
6790,Subject314,446,rejected,77,rejected,colorblue,test,num1,typenegative,singlestim,63,234623,1000450,edm,paicipantresponseblue,correct
7086,Subject314,557,funeral,67,funeral,colorred,test,num1,typesuicide,singlestim,65,240290,1000470,edc,paicipantresponsered,correct
7382,Subject314,330,stupid,67,stupid,colorred,test,num2,typenegative,singlestim,67,246063,101010,edc,paicipantresponsered,correct
7678,Subject314,417,funeral,77,funeral,colorblue,test,num2,typesuicide,singlestim,69,251602,101030,edm,paicipantresponseblue,correct
7974,Subject314,524,success,77,success,colorred,test,num2,typepositive,singlestim,71,257243,101050,edm,paicipantresponseblue,incorrect
8270,Subject314,609,suicide,67,suicide,colorred,test,num2,typesuicide,singlestim,73,262987,101070,edc,paicipantresponsered,correct
8566,Subject314,534,dead,77,dead,colorblue,test,num2,typesuicide,singlestim,75,268835,101090,edm,paicipantresponseblue,correct
8862,Subject314,504,museum,67,museum,colorred,test,num2,typeneutral,singlestim,77,274581,1010110,edc,paicipantresponsered,correct
9158,Subject314,563,engine,67,engine,colorred,test,num2,typeneutral,singlestim,79,280310,1010130,edc,paicipantresponsered,correct
9454,Subject314,579,engine,77,engine,colorblue,test,num2,typeneutral,singlestim,81,286102,1010150,edm,paicipantresponseblue,correct
9750,Subject314,612,suicide,77,suicide,colorblue,test,num2,typesuicide,singlestim,83,291887,1010170,edm,paicipantresponseblue,correct
10046,Subject314,510,success,77,success,colorblue,test,num2,typepositive,singlestim,85,297733,1010190,edm,paicipantresponseblue,correct
10342,Subject314,372,stupid,77,stupid,colorblue,test,num2,typenegative,singlestim,87,303462,1010210,edm,paicipantresponseblue,correct
10638,Subject314,493,alone,67,alone,colorred,test,num2,typenegative,singlestim,89,309071,1010230,edc,paicipantresponsered,correct
10934,Subject314,411,funeral,67,funeral,colorred,test,num2,typesuicide,singlestim,91,314785,1010250,edc,paicipantresponsered,correct
11230,Subject314,417,happy,77,happy,colorblue,test,num2,typepositive,singlestim,93,320426,1010270,edm,paicipantresponseblue,correct
11526,Subject314,606,paper,67,paper,colorred,test,num2,typeneutral,singlestim,95,326076,1010290,edc,paicipantresponsered,correct
11822,Subject314,516,rejected,67,rejected,colorred,test,num2,typenegative,singlestim,97,331898,1010310,edc,paicipantresponsered,correct
12118,Subject314,685,paper,77,paper,colorblue,test,num2,typeneutral,singlestim,99,337649,1010330,edm,paicipantresponseblue,correct
12414,Subject314,459,museum,77,museum,colorblue,test,num2,typeneutral,singlestim,101,343570,1010350,edm,paicipantresponseblue,correct
12710,Subject314,466,happy,67,happy,colorred,test,num2,typepositive,singlestim,103,349242,1010370,edc,paicipantresponsered,correct
13006,Subject314,565,rejected,77,rejected,colorblue,test,num2,typenegative,singlestim,105,354925,1010390,edm,paicipantresponseblue,correct
13302,Subject314,357,alone,77,alone,colorblue,test,num2,typenegative,singlestim,107,360718,1010410,edm,paicipantresponseblue,correct
13598,Subject314,487,pleasure,67,pleasure,colorred,test,num2,typepositive,singlestim,109,366290,1010430,edc,paicipantresponsered,correct
13894,Subject314,406,dead,67,dead,colorred,test,num2,typesuicide,singlestim,111,372022,1010450,edc,paicipantresponsered,correct
14190,Subject314,1007,pleasure,77,pleasure,colorblue,test,num2,typepositive,singlestim,113,377645,1010470,edm,paicipantresponseblue,correct