,SubjectID,rt,stimulus,keypress,word,color,block,blocknum,wordtype,trialtype,trialindex,timeelapsed,internalnodeid,keypressed,participantresponse,correctresponse
287,Subject324,769,paper,77,paper,colorblue,test,num1,typeneutral,singlestim,19,111293,100010,edm,paicipantresponseblue,correct
583,Subject324,551,rejected,67,rejected,colorred,test,num1,typenegative,singlestim,21,117048,100030,edc,paicipantresponsered,correct
879,Subject324,937,museum,67,museum,colorred,test,num1,typeneutral,singlestim,23,123190,100050,edc,paicipantresponsered,correct
1175,Subject324,702,engine,67,engine,colorred,test,num1,typeneutral,singlestim,25,129096,100070,edc,paicipantresponsered,correct
1471,Subject324,541,engine,77,engine,colorblue,test,num1,typeneutral,singlestim,27,134839,100090,edm,paicipantresponseblue,correct
1767,Subject324,549,alone,67,alone,colorred,test,num1,typenegative,singlestim,29,140593,1000110,edc,paicipantresponsered,correct
2063,Subject324,882,suicide,77,suicide,colorblue,test,num1,typesuicide,singlestim,31,146677,1000130,edm,paicipantresponseblue,correct
2359,Subject324,927,museum,77,museum,colorblue,test,num1,typeneutral,singlestim,33,152807,1000150,edm,paicipantresponseblue,correct
2655,Subject324,599,funeral,67,funeral,colorred,test,num1,typesuicide,singlestim,35,158608,1000170,edc,paicipantresponsered,correct
2951,Subject324,586,pleasure,67,pleasure,colorred,test,num1,typepositive,singlestim,37,164399,1000190,edc,paicipantresponsered,correct
3247,Subject324,575,rejected,77,rejected,colorblue,test,num1,typenegative,singlestim,39,170179,1000210,edm,paicipantresponseblue,correct
3543,Subject324,430,suicide,67,suicide,colorred,test,num1,typesuicide,singlestim,41,175812,1000230,edc,paicipantresponsered,correct
3839,Subject324,508,success,67,success,colorred,test,num1,typepositive,singlestim,43,181523,1000250,edc,paicipantresponsered,correct
4135,Subject324,513,happy,67,happy,colorred,test,num1,typepositive,singlestim,45,187241,1000270,edc,paicipantresponsered,correct
4431,Subject324,538,pleasure,77,pleasure,colorblue,test,num1,typepositive,singlestim,47,192981,1000290,edm,paicipantresponseblue,correct
4727,Subject324,403,funeral,77,funeral,colorblue,test,num1,typesuicide,singlestim,49,198589,1000310,edm,paicipantresponseblue,correct
5023,Subject324,379,dead,67,dead,colorred,test,num1,typesuicide,singlestim,51,204172,1000330,edc,paicipantresponsered,correct
5319,Subject324,413,stupid,67,stupid,colorred,test,num1,typenegative,singlestim,53,209788,1000350,edc,paicipantresponsered,correct
5615,Subject324,412,paper,67,paper,colorred,test,num1,typeneutral,singlestim,55,215401,1000370,edc,paicipantresponsered,correct
5911,Subject324,365,stupid,77,stupid,colorblue,test,num1,typenegative,singlestim,57,220971,1000390,edm,paicipantresponseblue,correct
6207,Subject324,428,alone,77,alone,colorblue,test,num1,typenegative,singlestim,59,226601,1000410,edm,paicipantresponseblue,correct
6503,Subject324,416,happy,77,happy,colorblue,test,num1,typepositive,singlestim,61,232223,1000430,edm,paicipantresponseblue,correct
6799,Subject324,447,success,77,success,colorblue,test,num1,typepositive,singlestim,63,237874,1000450,edm,paicipantresponseblue,correct
7095,Subject324,402,dead,77,dead,colorblue,test,num1,typesuicide,singlestim,65,243480,1000470,edm,paicipantresponseblue,correct
7391,Subject324,409,rejected,67,rejected,colorred,test,num2,typenegative,singlestim,67,249095,101010,edc,paicipantresponsered,correct
7687,Subject324,450,funeral,67,funeral,colorred,test,num2,typesuicide,singlestim,69,254750,101030,edc,paicipantresponsered,correct
7983,Subject324,456,dead,67,dead,colorred,test,num2,typesuicide,singlestim,71,260412,101050,edc,paicipantresponsered,correct
8279,Subject324,441,museum,67,museum,colorred,test,num2,typeneutral,singlestim,73,266060,101070,edc,paicipantresponsered,correct
8575,Subject324,400,alone,77,alone,colorblue,test,num2,typenegative,singlestim,75,271662,101090,edm,paicipantresponseblue,correct
8871,Subject324,543,suicide,77,suicide,colorblue,test,num2,typesuicide,singlestim,77,277408,1010110,edm,paicipantresponseblue,correct
9167,Subject324,450,pleasure,67,pleasure,colorred,test,num2,typepositive,singlestim,79,283063,1010130,edc,paicipantresponsered,correct
9463,Subject324,537,stupid,77,stupid,colorblue,test,num2,typenegative,singlestim,81,288805,1010150,edm,paicipantresponseblue,correct
9759,Subject324,502,happy,67,happy,colorred,test,num2,typepositive,singlestim,83,294511,1010170,edc,paicipantresponsered,correct
10055,Subject324,395,engine,77,engine,colorblue,test,num2,typeneutral,singlestim,85,300112,1010190,edm,paicipantresponseblue,correct
10351,Subject324,347,alone,67,alone,colorred,test,num2,typenegative,singlestim,87,305665,1010210,edc,paicipantresponsered,correct
10647,Subject324,501,rejected,77,rejected,colorblue,test,num2,typenegative,singlestim,89,311372,1010230,edm,paicipantresponseblue,correct
10943,Subject324,362,stupid,67,stupid,colorred,test,num2,typenegative,singlestim,91,316938,1010250,edc,paicipantresponsered,correct
11239,Subject324,442,happy,77,happy,colorblue,test,num2,typepositive,singlestim,93,322582,1010270,edm,paicipantresponseblue,correct
11535,Subject324,401,pleasure,77,pleasure,colorblue,test,num2,typepositive,singlestim,95,328186,1010290,edm,paicipantresponseblue,correct
11831,Subject324,362,success,67,success,colorred,test,num2,typepositive,singlestim,97,333751,1010310,edc,paicipantresponsered,correct
12127,Subject324,375,suicide,67,suicide,colorred,test,num2,typesuicide,singlestim,99,339328,1010330,edc,paicipantresponsered,correct
12423,Subject324,369,museum,77,museum,colorblue,test,num2,typeneutral,singlestim,101,344901,1010350,edm,paicipantresponseblue,correct
12719,Subject324,352,paper,77,paper,colorblue,test,num2,typeneutral,singlestim,103,350456,1010370,edm,paicipantresponseblue,correct
13015,Subject324,417,funeral,77,funeral,colorblue,test,num2,typesuicide,singlestim,105,356075,1010390,edm,paicipantresponseblue,correct
13311,Subject324,371,paper,67,paper,colorred,test,num2,typeneutral,singlestim,107,361654,1010410,edc,paicipantresponsered,correct
13607,Subject324,443,engine,67,engine,colorred,test,num2,typeneutral,singlestim,109,367299,1010430,edc,paicipantresponsered,correct
13903,Subject324,403,dead,77,dead,colorblue,test,num2,typesuicide,singlestim,111,372905,1010450,edm,paicipantresponseblue,correct
14199,Subject324,334,success,77,success,colorblue,test,num2,typepositive,singlestim,113,378443,1010470,edm,paicipantresponseblue,correct