"","SubjectID","rt","stimulus","keypress","word","color","block","blocknum","wordtype","trialtype","trialindex","timeelapsed","internalnodeid","keypressed","participantresponse","correctresponse"
"8","Subject8","467","suicide","77","suicide","colorblue","test","num1","typesuicide","singlestim","19","58605","100010","edm","paicipantresponseblue","correct"
"304","Subject8","287","happy","67","happy","colorred","test","num1","typepositive","singlestim","21","64101","100030","edc","paicipantresponsered","correct"
"600","Subject8","334","funeral","77","funeral","colorblue","test","num1","typesuicide","singlestim","23","69644","100050","edm","paicipantresponseblue","correct"
"896","Subject8","366","museum","77","museum","colorblue","test","num1","typeneutral","singlestim","25","75219","100070","edm","paicipantresponseblue","correct"
"1192","Subject8","359","rejected","77","rejected","colorblue","test","num1","typenegative","singlestim","27","80792","100090","edm","paicipantresponseblue","correct"
"1488","Subject8","477","stupid","77","stupid","colorblue","test","num1","typenegative","singlestim","29","86480","1000110","edm","paicipantresponseblue","correct"
"1784","Subject8","430","funeral","67","funeral","colorred","test","num1","typesuicide","singlestim","31","92124","1000130","edc","paicipantresponsered","correct"
"2080","Subject8","378","success","67","success","colorred","test","num1","typepositive","singlestim","33","97711","1000150","edc","paicipantresponsered","correct"
"2376","Subject8","517","dead","67","dead","colorred","test","num1","typesuicide","singlestim","35","103439","1000170","edc","paicipantresponsered","correct"
"2672","Subject8","406","engine","67","engine","colorred","test","num1","typeneutral","singlestim","37","109057","1000190","edc","paicipantresponsered","correct"
"2968","Subject8","607","museum","67","museum","colorred","test","num1","typeneutral","singlestim","39","114878","1000210","edc","paicipantresponsered","correct"
"3264","Subject8","386","dead","77","dead","colorblue","test","num1","typesuicide","singlestim","41","120480","1000230","edm","paicipantresponseblue","correct"
"3560","Subject8","386","engine","77","engine","colorblue","test","num1","typeneutral","singlestim","43","126081","1000250","edm","paicipantresponseblue","correct"
"3856","Subject8","408","happy","77","happy","colorblue","test","num1","typepositive","singlestim","45","131702","1000270","edm","paicipantresponseblue","correct"
"4152","Subject8","423","alone","67","alone","colorred","test","num1","typenegative","singlestim","47","137334","1000290","edc","paicipantresponsered","correct"
"4448","Subject8","396","suicide","67","suicide","colorred","test","num1","typesuicide","singlestim","49","142945","1000310","edc","paicipantresponsered","correct"
"4744","Subject8","562","pleasure","77","pleasure","colorred","test","num1","typepositive","singlestim","51","148723","1000330","edm","paicipantresponseblue","incorrect"
"5040","Subject8","412","pleasure","77","pleasure","colorblue","test","num1","typepositive","singlestim","53","154347","1000350","edm","paicipantresponseblue","correct"
"5336","Subject8","471","rejected","67","rejected","colorred","test","num1","typenegative","singlestim","55","160032","1000370","edc","paicipantresponsered","correct"
"5632","Subject8","414","alone","77","alone","colorblue","test","num1","typenegative","singlestim","57","165657","1000390","edm","paicipantresponseblue","correct"
"5928","Subject8","470","paper","77","paper","colorblue","test","num1","typeneutral","singlestim","59","171337","1000410","edm","paicipantresponseblue","correct"
"6224","Subject8","441","paper","67","paper","colorred","test","num1","typeneutral","singlestim","61","176989","1000430","edc","paicipantresponsered","correct"
"6520","Subject8","447","success","77","success","colorblue","test","num1","typepositive","singlestim","63","182649","1000450","edm","paicipantresponseblue","correct"
"6816","Subject8","424","stupid","67","stupid","colorred","test","num1","typenegative","singlestim","65","188284","1000470","edc","paicipantresponsered","correct"
"7112","Subject8","445","success","77","success","colorblue","test","num2","typepositive","singlestim","67","193941","101010","edm","paicipantresponseblue","correct"
"7408","Subject8","482","alone","77","alone","colorblue","test","num2","typenegative","singlestim","69","199634","101030","edm","paicipantresponseblue","correct"
"7704","Subject8","439","paper","67","paper","colorred","test","num2","typeneutral","singlestim","71","205288","101050","edc","paicipantresponsered","correct"
"8000","Subject8","420","funeral","77","funeral","colorblue","test","num2","typesuicide","singlestim","73","210923","101070","edm","paicipantresponseblue","correct"
"8296","Subject8","438","museum","67","museum","colorred","test","num2","typeneutral","singlestim","75","216571","101090","edc","paicipantresponsered","correct"
"8592","Subject8","517","dead","67","dead","colorred","test","num2","typesuicide","singlestim","77","222302","1010110","edc","paicipantresponsered","correct"
"8888","Subject8","453","engine","77","engine","colorblue","test","num2","typeneutral","singlestim","79","227968","1010130","edm","paicipantresponseblue","correct"
"9184","Subject8","478","happy","77","happy","colorblue","test","num2","typepositive","singlestim","81","233658","1010150","edm","paicipantresponseblue","correct"
"9480","Subject8","310","alone","67","alone","colorred","test","num2","typenegative","singlestim","83","239179","1010170","edc","paicipantresponsered","correct"
"9776","Subject8","480","museum","77","museum","colorblue","test","num2","typeneutral","singlestim","85","244869","1010190","edm","paicipantresponseblue","correct"
"10072","Subject8","442","stupid","77","stupid","colorblue","test","num2","typenegative","singlestim","87","250524","1010210","edm","paicipantresponseblue","correct"
"10368","Subject8","353","happy","67","happy","colorred","test","num2","typepositive","singlestim","89","256088","1010230","edc","paicipantresponsered","correct"
"10664","Subject8","416","success","67","success","colorred","test","num2","typepositive","singlestim","91","261716","1010250","edc","paicipantresponsered","correct"
"10960","Subject8","429","pleasure","67","pleasure","colorred","test","num2","typepositive","singlestim","93","267356","1010270","edc","paicipantresponsered","correct"
"11256","Subject8","394","dead","77","dead","colorblue","test","num2","typesuicide","singlestim","95","272962","1010290","edm","paicipantresponseblue","correct"
"11552","Subject8","444","paper","77","paper","colorblue","test","num2","typeneutral","singlestim","97","278620","1010310","edm","paicipantresponseblue","correct"
"11848","Subject8","384","pleasure","77","pleasure","colorblue","test","num2","typepositive","singlestim","99","284218","1010330","edm","paicipantresponseblue","correct"
"12144","Subject8","416","engine","67","engine","colorred","test","num2","typeneutral","singlestim","101","289845","1010350","edc","paicipantresponsered","correct"
"12440","Subject8","399","rejected","77","rejected","colorblue","test","num2","typenegative","singlestim","103","295456","1010370","edm","paicipantresponseblue","correct"
"12736","Subject8","427","suicide","77","suicide","colorblue","test","num2","typesuicide","singlestim","105","301091","1010390","edm","paicipantresponseblue","correct"
"13032","Subject8","333","funeral","67","funeral","colorred","test","num2","typesuicide","singlestim","107","306633","1010410","edc","paicipantresponsered","correct"
"13328","Subject8","388","rejected","67","rejected","colorred","test","num2","typenegative","singlestim","109","312231","1010430","edc","paicipantresponsered","correct"
"13624","Subject8","435","stupid","67","stupid","colorred","test","num2","typenegative","singlestim","111","317880","1010450","edc","paicipantresponsered","correct"
"13920","Subject8","361","suicide","67","suicide","colorred","test","num2","typesuicide","singlestim","113","323454","1010470","edc","paicipantresponsered","correct"
