,SubjectID,rt,stimulus,keypress,word,color,block,blocknum,wordtype,trialtype,trialindex,timeelapsed,internalnodeid,keypressed,participantresponse,correctresponse
87,Subject94,485,suicide,77,suicide,colorblue,test,num1,typesuicide,singlestim,19,116461,100010,edm,paicipantresponseblue,correct
383,Subject94,402,happy,67,happy,colorred,test,num1,typepositive,singlestim,21,122066,100030,edc,paicipantresponsered,correct
679,Subject94,421,rejected,67,rejected,colorred,test,num1,typenegative,singlestim,23,127691,100050,edc,paicipantresponsered,correct
975,Subject94,444,alone,67,alone,colorred,test,num1,typenegative,singlestim,25,133343,100070,edc,paicipantresponsered,correct
1271,Subject94,311,funeral,77,funeral,colorblue,test,num1,typesuicide,singlestim,27,138860,100090,edm,paicipantresponseblue,correct
1567,Subject94,357,rejected,77,rejected,colorblue,test,num1,typenegative,singlestim,29,144424,1000110,edm,paicipantresponseblue,correct
1863,Subject94,358,paper,77,paper,colorblue,test,num1,typeneutral,singlestim,31,149991,1000130,edm,paicipantresponseblue,correct
2159,Subject94,363,engine,77,engine,colorblue,test,num1,typeneutral,singlestim,33,155562,1000150,edm,paicipantresponseblue,correct
2455,Subject94,367,alone,77,alone,colorblue,test,num1,typenegative,singlestim,35,161134,1000170,edm,paicipantresponseblue,correct
2751,Subject94,450,paper,67,paper,colorred,test,num1,typeneutral,singlestim,37,166792,1000190,edc,paicipantresponsered,correct
3047,Subject94,429,stupid,67,stupid,colorred,test,num1,typenegative,singlestim,39,172427,1000210,edc,paicipantresponsered,correct
3343,Subject94,424,museum,67,museum,colorred,test,num1,typeneutral,singlestim,41,178064,1000230,edc,paicipantresponsered,correct
3639,Subject94,400,success,67,success,colorred,test,num1,typepositive,singlestim,43,183676,1000250,edc,paicipantresponsered,correct
3935,Subject94,427,museum,77,museum,colorblue,test,num1,typeneutral,singlestim,45,189310,1000270,edm,paicipantresponseblue,correct
4231,Subject94,664,happy,77,happy,colorblue,test,num1,typepositive,singlestim,47,195181,1000290,edm,paicipantresponseblue,correct
4527,Subject94,381,stupid,77,stupid,colorblue,test,num1,typenegative,singlestim,49,200767,1000310,edm,paicipantresponseblue,correct
4823,Subject94,362,suicide,67,suicide,colorred,test,num1,typesuicide,singlestim,51,206337,1000330,edc,paicipantresponsered,correct
5119,Subject94,659,pleasure,67,pleasure,colorred,test,num1,typepositive,singlestim,53,212201,1000350,edc,paicipantresponsered,correct
5415,Subject94,263,success,77,success,colorblue,test,num1,typepositive,singlestim,55,217672,1000370,edm,paicipantresponseblue,correct
5711,Subject94,312,engine,67,engine,colorred,test,num1,typeneutral,singlestim,57,223191,1000390,edc,paicipantresponsered,correct
6007,Subject94,374,funeral,67,funeral,colorred,test,num1,typesuicide,singlestim,59,228776,1000410,edc,paicipantresponsered,correct
6303,Subject94,453,pleasure,77,pleasure,colorblue,test,num1,typepositive,singlestim,61,234436,1000430,edm,paicipantresponseblue,correct
6599,Subject94,395,dead,67,dead,colorred,test,num1,typesuicide,singlestim,63,240042,1000450,edc,paicipantresponsered,correct
6895,Subject94,274,dead,77,dead,colorblue,test,num1,typesuicide,singlestim,65,245522,1000470,edm,paicipantresponseblue,correct
7191,Subject94,319,pleasure,77,pleasure,colorblue,test,num2,typepositive,singlestim,67,251053,101010,edm,paicipantresponseblue,correct
7487,Subject94,299,success,77,success,colorblue,test,num2,typepositive,singlestim,69,256558,101030,edm,paicipantresponseblue,correct
7783,Subject94,405,funeral,67,funeral,colorred,test,num2,typesuicide,singlestim,71,262166,101050,edc,paicipantresponsered,correct
8079,Subject94,534,engine,67,engine,colorred,test,num2,typeneutral,singlestim,73,267906,101070,edc,paicipantresponsered,correct
8375,Subject94,495,paper,67,paper,colorred,test,num2,typeneutral,singlestim,75,273612,101090,edc,paicipantresponsered,correct
8671,Subject94,697,paper,77,paper,colorblue,test,num2,typeneutral,singlestim,77,279517,1010110,edm,paicipantresponseblue,correct
8967,Subject94,326,funeral,77,funeral,colorblue,test,num2,typesuicide,singlestim,79,285054,1010130,edm,paicipantresponseblue,correct
9263,Subject94,329,stupid,77,stupid,colorblue,test,num2,typenegative,singlestim,81,290592,1010150,edm,paicipantresponseblue,correct
9559,Subject94,411,alone,77,alone,colorblue,test,num2,typenegative,singlestim,83,296208,1010170,edm,paicipantresponseblue,correct
9855,Subject94,238,dead,67,dead,colorblue,test,num2,typesuicide,singlestim,85,301658,1010190,edc,paicipantresponsered,incorrect
10151,Subject94,300,suicide,77,suicide,colorblue,test,num2,typesuicide,singlestim,87,307163,1010210,edm,paicipantresponseblue,correct
10447,Subject94,246,alone,67,alone,colorred,test,num2,typenegative,singlestim,89,312618,1010230,edc,paicipantresponsered,correct
10743,Subject94,429,dead,67,dead,colorred,test,num2,typesuicide,singlestim,91,318253,1010250,edc,paicipantresponsered,correct
11039,Subject94,372,happy,67,happy,colorred,test,num2,typepositive,singlestim,93,323835,1010270,edc,paicipantresponsered,correct
11335,Subject94,561,pleasure,67,pleasure,colorred,test,num2,typepositive,singlestim,95,329604,1010290,edc,paicipantresponsered,correct
11631,Subject94,277,happy,77,happy,colorblue,test,num2,typepositive,singlestim,97,335088,1010310,edm,paicipantresponseblue,correct
11927,Subject94,408,rejected,67,rejected,colorred,test,num2,typenegative,singlestim,99,340704,1010330,edc,paicipantresponsered,correct
12223,Subject94,405,success,67,success,colorred,test,num2,typepositive,singlestim,101,346317,1010350,edc,paicipantresponsered,correct
12519,Subject94,578,stupid,67,stupid,colorred,test,num2,typenegative,singlestim,103,352103,1010370,edc,paicipantresponsered,correct
12815,Subject94,463,museum,67,museum,colorblue,test,num2,typeneutral,singlestim,105,357777,1010390,edc,paicipantresponsered,incorrect
13111,Subject94,426,suicide,67,suicide,colorred,test,num2,typesuicide,singlestim,107,363412,1010410,edc,paicipantresponsered,correct
13407,Subject94,1800,museum,67,museum,colorred,test,num2,typeneutral,singlestim,109,370415,1010430,edc,paicipantresponsered,correct
13703,Subject94,455,engine,77,engine,colorblue,test,num2,typeneutral,singlestim,111,376079,1010450,edm,paicipantresponseblue,correct
13999,Subject94,408,rejected,77,rejected,colorblue,test,num2,typenegative,singlestim,113,381695,1010470,edm,paicipantresponseblue,correct