,SubjectID,rt,stimulus,keypress,word,color,block,blocknum,wordtype,trialtype,trialindex,timeelapsed,internalnodeid,keypressed,participantresponse,correctresponse
93,Subject101,703,suicide,67,suicide,colorred,test,num1,typesuicide,singlestim,19,57445,100010,edc,paicipantresponsered,correct
389,Subject101,545,happy,67,happy,colorred,test,num1,typepositive,singlestim,21,63202,100030,edc,paicipantresponsered,correct
685,Subject101,425,museum,67,museum,colorred,test,num1,typeneutral,singlestim,23,68840,100050,edc,paicipantresponsered,correct
981,Subject101,395,alone,67,alone,colorred,test,num1,typenegative,singlestim,25,74447,100070,edc,paicipantresponsered,correct
1277,Subject101,464,pleasure,67,pleasure,colorred,test,num1,typepositive,singlestim,27,80122,100090,edc,paicipantresponsered,correct
1573,Subject101,707,pleasure,77,pleasure,colorblue,test,num1,typepositive,singlestim,29,86042,1000110,edm,paicipantresponseblue,correct
1869,Subject101,423,dead,67,dead,colorred,test,num1,typesuicide,singlestim,31,91677,1000130,edc,paicipantresponsered,correct
2165,Subject101,984,rejected,67,rejected,colorred,test,num1,typenegative,singlestim,33,97875,1000150,edc,paicipantresponsered,correct
2461,Subject101,615,happy,77,happy,colorblue,test,num1,typepositive,singlestim,35,103702,1000170,edm,paicipantresponseblue,correct
2757,Subject101,473,paper,77,paper,colorblue,test,num1,typeneutral,singlestim,37,109388,1000190,edm,paicipantresponseblue,correct
3053,Subject101,405,funeral,77,funeral,colorblue,test,num1,typesuicide,singlestim,39,115004,1000210,edm,paicipantresponseblue,correct
3349,Subject101,512,museum,77,museum,colorblue,test,num1,typeneutral,singlestim,41,120730,1000230,edm,paicipantresponseblue,correct
3645,Subject101,563,alone,77,alone,colorblue,test,num1,typenegative,singlestim,43,126503,1000250,edm,paicipantresponseblue,correct
3941,Subject101,511,stupid,67,stupid,colorred,test,num1,typenegative,singlestim,45,132225,1000270,edc,paicipantresponsered,correct
4237,Subject101,533,rejected,77,rejected,colorblue,test,num1,typenegative,singlestim,47,137971,1000290,edm,paicipantresponseblue,correct
4533,Subject101,562,dead,77,dead,colorblue,test,num1,typesuicide,singlestim,49,143747,1000310,edm,paicipantresponseblue,correct
4829,Subject101,635,paper,67,paper,colorred,test,num1,typeneutral,singlestim,51,149594,1000330,edc,paicipantresponsered,correct
5125,Subject101,840,engine,67,engine,colorred,test,num1,typeneutral,singlestim,53,155644,1000350,edc,paicipantresponsered,correct
5421,Subject101,632,engine,77,engine,colorblue,test,num1,typeneutral,singlestim,55,161490,1000370,edm,paicipantresponseblue,correct
5717,Subject101,642,success,67,success,colorred,test,num1,typepositive,singlestim,57,167344,1000390,edc,paicipantresponsered,correct
6013,Subject101,529,stupid,77,stupid,colorblue,test,num1,typenegative,singlestim,59,173083,1000410,edm,paicipantresponseblue,correct
6309,Subject101,1236,success,77,success,colorblue,test,num1,typepositive,singlestim,61,179529,1000430,edm,paicipantresponseblue,correct
6605,Subject101,561,funeral,67,funeral,colorred,test,num1,typesuicide,singlestim,63,185303,1000450,edc,paicipantresponsered,correct
6901,Subject101,420,suicide,77,suicide,colorblue,test,num1,typesuicide,singlestim,65,190931,1000470,edm,paicipantresponseblue,correct
7197,Subject101,483,museum,77,museum,colorblue,test,num2,typeneutral,singlestim,67,196625,101010,edm,paicipantresponseblue,correct
7493,Subject101,647,paper,77,paper,colorblue,test,num2,typeneutral,singlestim,69,202483,101030,edm,paicipantresponseblue,correct
7789,Subject101,488,alone,67,alone,colorred,test,num2,typenegative,singlestim,71,208180,101050,edc,paicipantresponsered,correct
8085,Subject101,598,pleasure,77,pleasure,colorblue,test,num2,typepositive,singlestim,73,213989,101070,edm,paicipantresponseblue,correct
8381,Subject101,739,suicide,67,suicide,colorred,test,num2,typesuicide,singlestim,75,219942,101090,edc,paicipantresponsered,correct
8677,Subject101,491,museum,67,museum,colorred,test,num2,typeneutral,singlestim,77,225641,1010110,edc,paicipantresponsered,correct
8973,Subject101,487,engine,67,engine,colorred,test,num2,typeneutral,singlestim,79,231343,1010130,edc,paicipantresponsered,correct
9269,Subject101,410,stupid,77,stupid,colorblue,test,num2,typenegative,singlestim,81,236965,1010150,edm,paicipantresponseblue,correct
9565,Subject101,470,funeral,77,funeral,colorblue,test,num2,typesuicide,singlestim,83,242644,1010170,edm,paicipantresponseblue,correct
9861,Subject101,518,rejected,77,rejected,colorblue,test,num2,typenegative,singlestim,85,248374,1010190,edm,paicipantresponseblue,correct
10157,Subject101,367,success,67,success,colorred,test,num2,typepositive,singlestim,87,253953,1010210,edc,paicipantresponsered,correct
10453,Subject101,642,happy,77,happy,colorblue,test,num2,typepositive,singlestim,89,259806,1010230,edm,paicipantresponseblue,correct
10749,Subject101,539,funeral,67,funeral,colorred,test,num2,typesuicide,singlestim,91,265558,1010250,edc,paicipantresponsered,correct
11045,Subject101,498,pleasure,67,pleasure,colorred,test,num2,typepositive,singlestim,93,271269,1010270,edc,paicipantresponsered,correct
11341,Subject101,544,alone,77,alone,colorblue,test,num2,typenegative,singlestim,95,277026,1010290,edm,paicipantresponseblue,correct
11637,Subject101,522,happy,67,happy,colorred,test,num2,typepositive,singlestim,97,282758,1010310,edc,paicipantresponsered,correct
11933,Subject101,543,paper,67,paper,colorred,test,num2,typeneutral,singlestim,99,288511,1010330,edc,paicipantresponsered,correct
12229,Subject101,624,dead,77,dead,colorblue,test,num2,typesuicide,singlestim,101,294346,1010350,edm,paicipantresponseblue,correct
12525,Subject101,560,engine,77,engine,colorblue,test,num2,typeneutral,singlestim,103,300120,1010370,edm,paicipantresponseblue,correct
12821,Subject101,409,rejected,77,rejected,colorred,test,num2,typenegative,singlestim,105,305740,1010390,edm,paicipantresponseblue,incorrect
13117,Subject101,612,stupid,67,stupid,colorred,test,num2,typenegative,singlestim,107,311560,1010410,edc,paicipantresponsered,correct
13413,Subject101,428,suicide,77,suicide,colorblue,test,num2,typesuicide,singlestim,109,317197,1010430,edm,paicipantresponseblue,correct
13709,Subject101,203,success,67,success,colorblue,test,num2,typepositive,singlestim,111,322616,1010450,edc,paicipantresponsered,incorrect
14005,Subject101,555,dead,67,dead,colorred,test,num2,typesuicide,singlestim,113,328385,1010470,edc,paicipantresponsered,correct