,SubjectID,rt,stimulus,keypress,word,color,block,blocknum,wordtype,trialtype,trialindex,timeelapsed,internalnodeid,keypressed,participantresponse,correctresponse
238,Subject271,666,success,77,success,colorblue,test,num1,typepositive,singlestim,19,98546,100010,edm,paicipantresponseblue,correct
534,Subject271,582,funeral,77,funeral,colorblue,test,num1,typesuicide,singlestim,21,104341,100030,edm,paicipantresponseblue,correct
830,Subject271,940,suicide,67,suicide,colorred,test,num1,typesuicide,singlestim,23,99466,100050,edc,paicipantresponsered,correct
1126,Subject271,607,stupid,77,stupid,colorblue,test,num1,typenegative,singlestim,25,105285,100070,edm,paicipantresponseblue,correct
1422,Subject271,797,museum,67,museum,colorred,test,num1,typeneutral,singlestim,27,111296,100090,edc,paicipantresponsered,correct
1718,Subject271,657,rejected,67,rejected,colorred,test,num1,typenegative,singlestim,29,117164,1000110,edc,paicipantresponsered,correct
2014,Subject271,410,rejected,77,rejected,colorblue,test,num1,typenegative,singlestim,31,122784,1000130,edm,paicipantresponseblue,correct
2310,Subject271,493,paper,77,paper,colorblue,test,num1,typeneutral,singlestim,33,128485,1000150,edm,paicipantresponseblue,correct
2606,Subject271,496,engine,77,engine,colorblue,test,num1,typeneutral,singlestim,35,134193,1000170,edm,paicipantresponseblue,correct
2902,Subject271,685,dead,77,dead,colorblue,test,num1,typesuicide,singlestim,37,140088,1000190,edm,paicipantresponseblue,correct
3198,Subject271,468,stupid,67,stupid,colorred,test,num1,typenegative,singlestim,39,145768,1000210,edc,paicipantresponsered,correct
3494,Subject271,742,pleasure,67,pleasure,colorred,test,num1,typepositive,singlestim,41,151719,1000230,edc,paicipantresponsered,correct
3790,Subject271,572,paper,67,paper,colorred,test,num1,typeneutral,singlestim,43,157504,1000250,edc,paicipantresponsered,correct
4086,Subject271,571,funeral,67,funeral,colorred,test,num1,typesuicide,singlestim,45,163286,1000270,edc,paicipantresponsered,correct
4382,Subject271,593,suicide,77,suicide,colorblue,test,num1,typesuicide,singlestim,47,169087,1000290,edm,paicipantresponseblue,correct
4678,Subject271,1035,museum,77,museum,colorblue,test,num1,typeneutral,singlestim,49,175332,1000310,edm,paicipantresponseblue,correct
4974,Subject271,588,alone,77,alone,colorblue,test,num1,typenegative,singlestim,51,181132,1000330,edm,paicipantresponseblue,correct
5270,Subject271,422,success,67,success,colorred,test,num1,typepositive,singlestim,53,186763,1000350,edc,paicipantresponsered,correct
5566,Subject271,829,alone,67,alone,colorred,test,num1,typenegative,singlestim,55,192802,1000370,edc,paicipantresponsered,correct
5862,Subject271,676,happy,77,happy,colorblue,test,num1,typepositive,singlestim,57,198690,1000390,edm,paicipantresponseblue,correct
6158,Subject271,520,happy,67,happy,colorred,test,num1,typepositive,singlestim,59,204419,1000410,edc,paicipantresponsered,correct
6454,Subject271,553,dead,67,dead,colorred,test,num1,typesuicide,singlestim,61,210181,1000430,edc,paicipantresponsered,correct
6750,Subject271,492,pleasure,77,pleasure,colorblue,test,num1,typepositive,singlestim,63,215884,1000450,edm,paicipantresponseblue,correct
7046,Subject271,523,engine,67,engine,colorred,test,num1,typeneutral,singlestim,65,221620,1000470,edc,paicipantresponsered,correct
7342,Subject271,502,paper,67,paper,colorred,test,num2,typeneutral,singlestim,67,227334,101010,edc,paicipantresponsered,correct
7638,Subject271,407,alone,77,alone,colorblue,test,num2,typenegative,singlestim,69,232950,101030,edm,paicipantresponseblue,correct
7934,Subject271,774,museum,67,museum,colorred,test,num2,typeneutral,singlestim,71,238935,101050,edc,paicipantresponsered,correct
8230,Subject271,502,pleasure,77,pleasure,colorblue,test,num2,typepositive,singlestim,73,244648,101070,edm,paicipantresponseblue,correct
8526,Subject271,526,success,67,success,colorred,test,num2,typepositive,singlestim,75,250382,101090,edc,paicipantresponsered,correct
8822,Subject271,520,pleasure,67,pleasure,colorred,test,num2,typepositive,singlestim,77,256112,1010110,edc,paicipantresponsered,correct
9118,Subject271,541,dead,67,dead,colorred,test,num2,typesuicide,singlestim,79,261862,1010130,edc,paicipantresponsered,correct
9414,Subject271,539,happy,77,happy,colorblue,test,num2,typepositive,singlestim,81,267611,1010150,edm,paicipantresponseblue,correct
9710,Subject271,547,success,77,success,colorblue,test,num2,typepositive,singlestim,83,273370,1010170,edm,paicipantresponseblue,correct
10006,Subject271,517,dead,77,dead,colorblue,test,num2,typesuicide,singlestim,85,279100,1010190,edm,paicipantresponseblue,correct
10302,Subject271,1020,engine,77,engine,colorblue,test,num2,typeneutral,singlestim,87,285330,1010210,edm,paicipantresponseblue,correct
10598,Subject271,510,paper,77,paper,colorblue,test,num2,typeneutral,singlestim,89,291047,1010230,edm,paicipantresponseblue,correct
10894,Subject271,410,happy,67,happy,colorred,test,num2,typepositive,singlestim,91,296666,1010250,edc,paicipantresponsered,correct
11190,Subject271,512,engine,67,engine,colorred,test,num2,typeneutral,singlestim,93,302386,1010270,edc,paicipantresponsered,correct
11486,Subject271,601,rejected,77,rejected,colorblue,test,num2,typenegative,singlestim,95,308198,1010290,edm,paicipantresponseblue,correct
11782,Subject271,515,rejected,67,rejected,colorred,test,num2,typenegative,singlestim,97,313922,1010310,edc,paicipantresponsered,correct
12078,Subject271,494,funeral,77,funeral,colorblue,test,num2,typesuicide,singlestim,99,319630,1010330,edm,paicipantresponseblue,correct
12374,Subject271,517,funeral,67,funeral,colorred,test,num2,typesuicide,singlestim,101,325359,1010350,edc,paicipantresponsered,correct
12670,Subject271,531,museum,77,museum,colorblue,test,num2,typeneutral,singlestim,103,331100,1010370,edm,paicipantresponseblue,correct
12966,Subject271,576,alone,67,alone,colorred,test,num2,typenegative,singlestim,105,336889,1010390,edc,paicipantresponsered,correct
13262,Subject271,730,suicide,67,suicide,colorred,test,num2,typesuicide,singlestim,107,342834,1010410,edc,paicipantresponsered,correct
13558,Subject271,548,suicide,77,suicide,colorblue,test,num2,typesuicide,singlestim,109,348594,1010430,edm,paicipantresponseblue,correct
13854,Subject271,685,stupid,77,stupid,colorblue,test,num2,typenegative,singlestim,111,354489,1010450,edm,paicipantresponseblue,correct
14150,Subject271,687,stupid,67,stupid,colorred,test,num2,typenegative,singlestim,113,360388,1010470,edc,paicipantresponsered,correct