,SubjectID,rt,stimulus,keypress,word,color,block,blocknum,wordtype,trialtype,trialindex,timeelapsed,internalnodeid,keypressed,participantresponse,correctresponse
277,Subject313,427,paper,77,paper,colorblue,test,num1,typeneutral,singlestim,19,148751,100010,edm,paicipantresponseblue,correct
573,Subject313,515,suicide,77,suicide,colorblue,test,num1,typesuicide,singlestim,21,154471,100030,edm,paicipantresponseblue,correct
869,Subject313,351,success,67,success,colorred,test,num1,typepositive,singlestim,23,160026,100050,edc,paicipantresponsered,correct
1165,Subject313,731,alone,67,alone,colorred,test,num1,typenegative,singlestim,25,165961,100070,edc,paicipantresponsered,correct
1461,Subject313,654,pleasure,77,pleasure,colorblue,test,num1,typepositive,singlestim,27,171822,100090,edm,paicipantresponseblue,correct
1757,Subject313,455,stupid,67,stupid,colorred,test,num1,typenegative,singlestim,29,177481,1000110,edc,paicipantresponsered,correct
2053,Subject313,598,suicide,67,suicide,colorred,test,num1,typesuicide,singlestim,31,183286,1000130,edc,paicipantresponsered,correct
2349,Subject313,614,rejected,77,rejected,colorblue,test,num1,typenegative,singlestim,33,189107,1000150,edm,paicipantresponseblue,correct
2645,Subject313,515,funeral,67,funeral,colorred,test,num1,typesuicide,singlestim,35,194828,1000170,edc,paicipantresponsered,correct
2941,Subject313,424,dead,67,dead,colorred,test,num1,typesuicide,singlestim,37,200459,1000190,edc,paicipantresponsered,correct
3237,Subject313,479,happy,67,happy,colorred,test,num1,typepositive,singlestim,39,206145,1000210,edc,paicipantresponsered,correct
3533,Subject313,579,engine,77,engine,colorblue,test,num1,typeneutral,singlestim,41,211928,1000230,edm,paicipantresponseblue,correct
3829,Subject313,646,pleasure,67,pleasure,colorred,test,num1,typepositive,singlestim,43,217779,1000250,edc,paicipantresponsered,correct
4125,Subject313,700,happy,77,happy,colorblue,test,num1,typepositive,singlestim,45,223686,1000270,edm,paicipantresponseblue,correct
4421,Subject313,587,success,77,success,colorblue,test,num1,typepositive,singlestim,47,229477,1000290,edm,paicipantresponseblue,correct
4717,Subject313,800,museum,67,museum,colorred,test,num1,typeneutral,singlestim,49,235481,1000310,edc,paicipantresponsered,correct
5013,Subject313,434,stupid,77,stupid,colorblue,test,num1,typenegative,singlestim,51,241121,1000330,edm,paicipantresponseblue,correct
5309,Subject313,387,paper,67,paper,colorred,test,num1,typeneutral,singlestim,53,246713,1000350,edc,paicipantresponsered,correct
5605,Subject313,485,funeral,77,funeral,colorblue,test,num1,typesuicide,singlestim,55,252404,1000370,edm,paicipantresponseblue,correct
5901,Subject313,761,museum,77,museum,colorblue,test,num1,typeneutral,singlestim,57,258372,1000390,edm,paicipantresponseblue,correct
6197,Subject313,556,dead,77,dead,colorblue,test,num1,typesuicide,singlestim,59,264133,1000410,edm,paicipantresponseblue,correct
6493,Subject313,506,rejected,67,rejected,colorred,test,num1,typenegative,singlestim,61,269844,1000430,edc,paicipantresponsered,correct
6789,Subject313,599,alone,77,alone,colorblue,test,num1,typenegative,singlestim,63,275651,1000450,edm,paicipantresponseblue,correct
7085,Subject313,518,engine,67,engine,colorred,test,num1,typeneutral,singlestim,65,281373,1000470,edc,paicipantresponsered,correct
7381,Subject313,478,funeral,67,funeral,colorred,test,num2,typesuicide,singlestim,67,287057,101010,edc,paicipantresponsered,correct
7677,Subject313,529,dead,77,dead,colorblue,test,num2,typesuicide,singlestim,69,292791,101030,edm,paicipantresponseblue,correct
7973,Subject313,596,alone,67,alone,colorred,test,num2,typenegative,singlestim,71,298593,101050,edc,paicipantresponsered,correct
8269,Subject313,600,dead,67,dead,colorred,test,num2,typesuicide,singlestim,73,304398,101070,edc,paicipantresponsered,correct
8565,Subject313,438,museum,67,museum,colorred,test,num2,typeneutral,singlestim,75,310042,101090,edc,paicipantresponsered,correct
8861,Subject313,538,stupid,67,stupid,colorred,test,num2,typenegative,singlestim,77,315785,1010110,edc,paicipantresponsered,correct
9157,Subject313,432,success,67,success,colorred,test,num2,typepositive,singlestim,79,321422,1010130,edc,paicipantresponsered,correct
9453,Subject313,388,paper,77,paper,colorblue,test,num2,typeneutral,singlestim,81,327016,1010150,edm,paicipantresponseblue,correct
9749,Subject313,427,rejected,67,rejected,colorred,test,num2,typenegative,singlestim,83,332649,1010170,edc,paicipantresponsered,correct
10045,Subject313,522,pleasure,67,pleasure,colorred,test,num2,typepositive,singlestim,85,338374,1010190,edc,paicipantresponsered,correct
10341,Subject313,426,suicide,77,suicide,colorblue,test,num2,typesuicide,singlestim,87,344005,1010210,edm,paicipantresponseblue,correct
10637,Subject313,501,engine,67,engine,colorred,test,num2,typeneutral,singlestim,89,349714,1010230,edc,paicipantresponsered,correct
10933,Subject313,643,stupid,77,stupid,colorblue,test,num2,typenegative,singlestim,91,355563,1010250,edm,paicipantresponseblue,correct
11229,Subject313,477,rejected,77,rejected,colorblue,test,num2,typenegative,singlestim,93,361246,1010270,edm,paicipantresponseblue,correct
11525,Subject313,360,suicide,67,suicide,colorred,test,num2,typesuicide,singlestim,95,366812,1010290,edc,paicipantresponsered,correct
11821,Subject313,526,alone,77,alone,colorblue,test,num2,typenegative,singlestim,97,372543,1010310,edm,paicipantresponseblue,correct
12117,Subject313,475,museum,77,museum,colorblue,test,num2,typeneutral,singlestim,99,378224,1010330,edm,paicipantresponseblue,correct
12413,Subject313,524,pleasure,77,pleasure,colorblue,test,num2,typepositive,singlestim,101,383952,1010350,edm,paicipantresponseblue,correct
12709,Subject313,500,success,77,success,colorblue,test,num2,typepositive,singlestim,103,389658,1010370,edm,paicipantresponseblue,correct
13005,Subject313,467,engine,77,engine,colorblue,test,num2,typeneutral,singlestim,105,395330,1010390,edm,paicipantresponseblue,correct
13301,Subject313,490,paper,67,paper,colorred,test,num2,typeneutral,singlestim,107,401026,1010410,edc,paicipantresponsered,correct
13597,Subject313,543,funeral,77,funeral,colorblue,test,num2,typesuicide,singlestim,109,406774,1010430,edm,paicipantresponseblue,correct
13893,Subject313,509,happy,67,happy,colorblue,test,num2,typepositive,singlestim,111,412490,1010450,edc,paicipantresponsered,incorrect
14189,Subject313,424,happy,67,happy,colorred,test,num2,typepositive,singlestim,113,418120,1010470,edc,paicipantresponsered,correct