,SubjectID,rt,stimulus,keypress,word,color,block,blocknum,wordtype,trialtype,trialindex,timeelapsed,internalnodeid,keypressed,participantresponse,correctresponse
116,Subject124,873,suicide,67,suicide,colorred,test,num1,typesuicide,singlestim,19,68757,100010,edc,paicipantresponsered,correct
412,Subject124,658,success,77,success,colorblue,test,num1,typepositive,singlestim,21,74622,100030,edm,paicipantresponseblue,correct
708,Subject124,543,alone,67,alone,colorred,test,num1,typenegative,singlestim,23,80372,100050,edc,paicipantresponsered,correct
1004,Subject124,594,paper,67,paper,colorred,test,num1,typeneutral,singlestim,25,86172,100070,edc,paicipantresponsered,correct
1300,Subject124,480,engine,67,engine,colorred,test,num1,typeneutral,singlestim,27,91858,100090,edc,paicipantresponsered,correct
1596,Subject124,503,dead,77,dead,colorblue,test,num1,typesuicide,singlestim,29,97568,1000110,edm,paicipantresponseblue,correct
1892,Subject124,488,rejected,67,rejected,colorred,test,num1,typenegative,singlestim,31,103263,1000130,edc,paicipantresponsered,correct
2188,Subject124,659,happy,77,happy,colorblue,test,num1,typepositive,singlestim,33,109128,1000150,edm,paicipantresponseblue,correct
2484,Subject124,574,funeral,77,funeral,colorblue,test,num1,typesuicide,singlestim,35,114909,1000170,edm,paicipantresponseblue,correct
2780,Subject124,478,engine,77,engine,colorblue,test,num1,typeneutral,singlestim,37,120594,1000190,edm,paicipantresponseblue,correct
3076,Subject124,515,alone,77,alone,colorblue,test,num1,typenegative,singlestim,39,126317,1000210,edm,paicipantresponseblue,correct
3372,Subject124,580,dead,67,dead,colorred,test,num1,typesuicide,singlestim,41,132105,1000230,edc,paicipantresponsered,correct
3668,Subject124,424,stupid,77,stupid,colorblue,test,num1,typenegative,singlestim,43,137736,1000250,edm,paicipantresponseblue,correct
3964,Subject124,548,paper,77,paper,colorblue,test,num1,typeneutral,singlestim,45,143490,1000270,edm,paicipantresponseblue,correct
4260,Subject124,531,rejected,77,rejected,colorblue,test,num1,typenegative,singlestim,47,149228,1000290,edm,paicipantresponseblue,correct
4556,Subject124,540,suicide,77,suicide,colorblue,test,num1,typesuicide,singlestim,49,154975,1000310,edm,paicipantresponseblue,correct
4852,Subject124,647,success,88,success,colorred,test,num1,typepositive,singlestim,51,160829,1000330,edx,,incorrect
5148,Subject124,566,funeral,67,funeral,colorred,test,num1,typesuicide,singlestim,53,166602,1000350,edc,paicipantresponsered,correct
5444,Subject124,698,happy,67,happy,colorred,test,num1,typepositive,singlestim,55,172507,1000370,edc,paicipantresponsered,correct
5740,Subject124,463,pleasure,67,pleasure,colorred,test,num1,typepositive,singlestim,57,178176,1000390,edc,paicipantresponsered,correct
6036,Subject124,438,museum,77,museum,colorblue,test,num1,typeneutral,singlestim,59,183821,1000410,edm,paicipantresponseblue,correct
6332,Subject124,516,museum,67,museum,colorred,test,num1,typeneutral,singlestim,61,189544,1000430,edc,paicipantresponsered,correct
6628,Subject124,521,stupid,67,stupid,colorred,test,num1,typenegative,singlestim,63,195272,1000450,edc,paicipantresponsered,correct
6924,Subject124,548,pleasure,77,pleasure,colorblue,test,num1,typepositive,singlestim,65,201026,1000470,edm,paicipantresponseblue,correct
7220,Subject124,497,engine,67,engine,colorred,test,num2,typeneutral,singlestim,67,206731,101010,edc,paicipantresponsered,correct
7516,Subject124,568,funeral,77,funeral,colorblue,test,num2,typesuicide,singlestim,69,212506,101030,edm,paicipantresponseblue,correct
7812,Subject124,475,engine,77,engine,colorblue,test,num2,typeneutral,singlestim,71,218188,101050,edm,paicipantresponseblue,correct
8108,Subject124,588,happy,77,happy,colorblue,test,num2,typepositive,singlestim,73,223983,101070,edm,paicipantresponseblue,correct
8404,Subject124,544,dead,77,dead,colorblue,test,num2,typesuicide,singlestim,75,229734,101090,edm,paicipantresponseblue,correct
8700,Subject124,555,pleasure,77,pleasure,colorblue,test,num2,typepositive,singlestim,77,235494,1010110,edm,paicipantresponseblue,correct
8996,Subject124,459,stupid,77,stupid,colorblue,test,num2,typenegative,singlestim,79,241158,1010130,edm,paicipantresponseblue,correct
9292,Subject124,435,paper,77,paper,colorblue,test,num2,typeneutral,singlestim,81,246799,1010150,edm,paicipantresponseblue,correct
9588,Subject124,550,dead,67,dead,colorred,test,num2,typesuicide,singlestim,83,252556,1010170,edc,paicipantresponsered,correct
9884,Subject124,582,pleasure,67,pleasure,colorred,test,num2,typepositive,singlestim,85,258345,1010190,edc,paicipantresponsered,correct
10180,Subject124,638,stupid,67,stupid,colorred,test,num2,typenegative,singlestim,87,264189,1010210,edc,paicipantresponsered,correct
10476,Subject124,718,success,67,success,colorblue,test,num2,typepositive,singlestim,89,270113,1010230,edc,paicipantresponsered,incorrect
10772,Subject124,633,alone,67,alone,colorred,test,num2,typenegative,singlestim,91,275952,1010250,edc,paicipantresponsered,correct
11068,Subject124,690,suicide,67,suicide,colorred,test,num2,typesuicide,singlestim,93,281849,1010270,edc,paicipantresponsered,correct
11364,Subject124,588,success,67,success,colorred,test,num2,typepositive,singlestim,95,287644,1010290,edc,paicipantresponsered,correct
11660,Subject124,691,funeral,67,funeral,colorred,test,num2,typesuicide,singlestim,97,293541,1010310,edc,paicipantresponsered,correct
11956,Subject124,571,museum,67,museum,colorred,test,num2,typeneutral,singlestim,99,299319,1010330,edc,paicipantresponsered,correct
12252,Subject124,430,alone,77,alone,colorblue,test,num2,typenegative,singlestim,101,304955,1010350,edm,paicipantresponseblue,correct
12548,Subject124,473,rejected,77,rejected,colorblue,test,num2,typenegative,singlestim,103,310635,1010370,edm,paicipantresponseblue,correct
12844,Subject124,511,suicide,77,suicide,colorblue,test,num2,typesuicide,singlestim,105,316352,1010390,edm,paicipantresponseblue,correct
13140,Subject124,442,museum,77,museum,colorblue,test,num2,typeneutral,singlestim,107,322000,1010410,edm,paicipantresponseblue,correct
13436,Subject124,598,rejected,67,rejected,colorred,test,num2,typenegative,singlestim,109,327804,1010430,edc,paicipantresponsered,correct
13732,Subject124,536,happy,67,happy,colorred,test,num2,typepositive,singlestim,111,333548,1010450,edc,paicipantresponsered,correct
14028,Subject124,621,paper,67,paper,colorred,test,num2,typeneutral,singlestim,113,339375,1010470,edc,paicipantresponsered,correct