,SubjectID,rt,stimulus,keypress,word,color,block,blocknum,wordtype,trialtype,trialindex,timeelapsed,internalnodeid,keypressed,participantresponse,correctresponse
160,Subject192,633,alone,67,alone,colorred,test,num1,typenegative,singlestim,19,116080,100010,edc,paicipantresponsered,correct
456,Subject192,346,alone,77,alone,colorblue,test,num1,typenegative,singlestim,21,121638,100030,edm,paicipantresponseblue,correct
752,Subject192,455,success,67,success,colorred,test,num1,typepositive,singlestim,23,127306,100050,edc,paicipantresponsered,correct
1048,Subject192,386,museum,77,museum,colorblue,test,num1,typeneutral,singlestim,25,132904,100070,edm,paicipantresponseblue,correct
1344,Subject192,635,funeral,67,funeral,colorred,test,num1,typesuicide,singlestim,27,138748,100090,edc,paicipantresponsered,correct
1640,Subject192,766,dead,77,dead,colorblue,test,num1,typesuicide,singlestim,29,144723,1000110,edm,paicipantresponseblue,correct
1936,Subject192,388,paper,67,paper,colorred,test,num1,typeneutral,singlestim,31,150325,1000130,edc,paicipantresponsered,correct
2232,Subject192,923,stupid,67,stupid,colorred,test,num1,typenegative,singlestim,33,156461,1000150,edc,paicipantresponsered,correct
2528,Subject192,796,stupid,77,stupid,colorblue,test,num1,typenegative,singlestim,35,162468,1000170,edm,paicipantresponseblue,correct
2824,Subject192,643,funeral,77,funeral,colorblue,test,num1,typesuicide,singlestim,37,168323,1000190,edm,paicipantresponseblue,correct
3120,Subject192,473,happy,77,happy,colorblue,test,num1,typepositive,singlestim,39,174009,1000210,edm,paicipantresponseblue,correct
3416,Subject192,477,suicide,67,suicide,colorred,test,num1,typesuicide,singlestim,41,179695,1000230,edc,paicipantresponsered,correct
3712,Subject192,438,pleasure,77,pleasure,colorblue,test,num1,typepositive,singlestim,43,185345,1000250,edm,paicipantresponseblue,correct
4008,Subject192,552,paper,77,paper,colorblue,test,num1,typeneutral,singlestim,45,191105,1000270,edm,paicipantresponseblue,correct
4304,Subject192,622,success,77,success,colorblue,test,num1,typepositive,singlestim,47,196939,1000290,edm,paicipantresponseblue,correct
4600,Subject192,542,museum,67,museum,colorred,test,num1,typeneutral,singlestim,49,202693,1000310,edc,paicipantresponsered,correct
4896,Subject192,623,rejected,67,rejected,colorred,test,num1,typenegative,singlestim,51,208525,1000330,edc,paicipantresponsered,correct
5192,Subject192,693,dead,67,dead,colorred,test,num1,typesuicide,singlestim,53,214428,1000350,edc,paicipantresponsered,correct
5488,Subject192,506,suicide,77,suicide,colorblue,test,num1,typesuicide,singlestim,55,220144,1000370,edm,paicipantresponseblue,correct
5784,Subject192,611,engine,67,engine,colorred,test,num1,typeneutral,singlestim,57,225967,1000390,edc,paicipantresponsered,correct
6080,Subject192,558,pleasure,67,pleasure,colorred,test,num1,typepositive,singlestim,59,231734,1000410,edc,paicipantresponsered,correct
6376,Subject192,580,happy,67,happy,colorred,test,num1,typepositive,singlestim,61,237526,1000430,edc,paicipantresponsered,correct
6672,Subject192,719,rejected,77,rejected,colorblue,test,num1,typenegative,singlestim,63,243457,1000450,edm,paicipantresponseblue,correct
6968,Subject192,558,engine,77,engine,colorblue,test,num1,typeneutral,singlestim,65,249228,1000470,edm,paicipantresponseblue,correct
7264,Subject192,493,funeral,77,funeral,colorblue,test,num2,typesuicide,singlestim,67,254933,101010,edm,paicipantresponseblue,correct
7560,Subject192,608,alone,67,alone,colorred,test,num2,typenegative,singlestim,69,260753,101030,edc,paicipantresponsered,correct
7856,Subject192,602,alone,77,alone,colorblue,test,num2,typenegative,singlestim,71,266569,101050,edm,paicipantresponseblue,correct
8152,Subject192,542,suicide,67,suicide,colorred,test,num2,typesuicide,singlestim,73,272324,101070,edc,paicipantresponsered,correct
8448,Subject192,537,suicide,77,suicide,colorblue,test,num2,typesuicide,singlestim,75,278071,101090,edm,paicipantresponseblue,correct
8744,Subject192,929,engine,67,engine,colorred,test,num2,typeneutral,singlestim,77,284209,1010110,edc,paicipantresponsered,correct
9040,Subject192,476,happy,67,happy,colorred,test,num2,typepositive,singlestim,79,289898,1010130,edc,paicipantresponsered,correct
9336,Subject192,430,success,77,success,colorblue,test,num2,typepositive,singlestim,81,295541,1010150,edm,paicipantresponseblue,correct
9632,Subject192,1023,rejected,67,rejected,colorred,test,num2,typenegative,singlestim,83,301774,1010170,edc,paicipantresponsered,correct
9928,Subject192,728,dead,67,dead,colorred,test,num2,typesuicide,singlestim,85,307712,1010190,edc,paicipantresponsered,correct
10224,Subject192,570,dead,77,dead,colorblue,test,num2,typesuicide,singlestim,87,313493,1010210,edm,paicipantresponseblue,correct
10520,Subject192,1130,engine,77,engine,colorblue,test,num2,typeneutral,singlestim,89,319833,1010230,edm,paicipantresponseblue,correct
10816,Subject192,966,success,67,success,colorred,test,num2,typepositive,singlestim,91,326013,1010250,edc,paicipantresponsered,correct
11112,Subject192,547,museum,77,museum,colorblue,test,num2,typeneutral,singlestim,93,331770,1010270,edm,paicipantresponseblue,correct
11408,Subject192,581,happy,77,happy,colorblue,test,num2,typepositive,singlestim,95,337561,1010290,edm,paicipantresponseblue,correct
11704,Subject192,602,pleasure,77,pleasure,colorblue,test,num2,typepositive,singlestim,97,343375,1010310,edm,paicipantresponseblue,correct
12000,Subject192,1242,paper,77,paper,colorblue,test,num2,typeneutral,singlestim,99,349831,1010330,edm,paicipantresponseblue,correct
12296,Subject192,465,museum,67,museum,colorred,test,num2,typeneutral,singlestim,101,355509,1010350,edc,paicipantresponsered,correct
12592,Subject192,624,paper,67,paper,colorred,test,num2,typeneutral,singlestim,103,361343,1010370,edc,paicipantresponsered,correct
12888,Subject192,736,funeral,67,funeral,colorred,test,num2,typesuicide,singlestim,105,367289,1010390,edc,paicipantresponsered,correct
13184,Subject192,971,pleasure,67,pleasure,colorred,test,num2,typepositive,singlestim,107,373473,1010410,edc,paicipantresponsered,correct
13480,Subject192,856,stupid,67,stupid,colorred,test,num2,typenegative,singlestim,109,379539,1010430,edc,paicipantresponsered,correct
13776,Subject192,723,rejected,77,rejected,colorblue,test,num2,typenegative,singlestim,111,385471,1010450,edm,paicipantresponseblue,correct
14072,Subject192,679,stupid,77,stupid,colorblue,test,num2,typenegative,singlestim,113,391359,1010470,edm,paicipantresponseblue,correct