,SubjectID,rt,stimulus,keypress,word,color,block,blocknum,wordtype,trialtype,trialindex,timeelapsed,internalnodeid,keypressed,participantresponse,correctresponse
288,Subject325,476,engine,67,engine,colorred,test,num1,typeneutral,singlestim,19,88699,100010,edc,paicipantresponsered,correct
584,Subject325,493,dead,67,dead,colorred,test,num1,typesuicide,singlestim,21,94401,100030,edc,paicipantresponsered,correct
880,Subject325,456,stupid,77,stupid,colorblue,test,num1,typenegative,singlestim,23,100073,100050,edm,paicipantresponseblue,correct
1176,Subject325,454,suicide,77,suicide,colorblue,test,num1,typesuicide,singlestim,25,105738,100070,edm,paicipantresponseblue,correct
1472,Subject325,480,museum,77,museum,colorblue,test,num1,typeneutral,singlestim,27,111429,100090,edm,paicipantresponseblue,correct
1768,Subject325,442,funeral,77,funeral,colorblue,test,num1,typesuicide,singlestim,29,117087,1000110,edm,paicipantresponseblue,correct
2064,Subject325,423,museum,67,museum,colorred,test,num1,typeneutral,singlestim,31,122718,1000130,edc,paicipantresponsered,correct
2360,Subject325,486,paper,67,paper,colorred,test,num1,typeneutral,singlestim,33,128421,1000150,edc,paicipantresponsered,correct
2656,Subject325,424,happy,77,happy,colorblue,test,num1,typepositive,singlestim,35,134059,1000170,edm,paicipantresponseblue,correct
2952,Subject325,439,paper,77,paper,colorblue,test,num1,typeneutral,singlestim,37,139705,1000190,edm,paicipantresponseblue,correct
3248,Subject325,441,stupid,67,stupid,colorred,test,num1,typenegative,singlestim,39,145359,1000210,edc,paicipantresponsered,correct
3544,Subject325,681,success,77,success,colorblue,test,num1,typepositive,singlestim,41,151255,1000230,edm,paicipantresponseblue,correct
3840,Subject325,470,alone,67,alone,colorred,test,num1,typenegative,singlestim,43,156936,1000250,edc,paicipantresponsered,correct
4136,Subject325,502,success,67,success,colorred,test,num1,typepositive,singlestim,45,162651,1000270,edc,paicipantresponsered,correct
4432,Subject325,464,suicide,67,suicide,colorred,test,num1,typesuicide,singlestim,47,168329,1000290,edc,paicipantresponsered,correct
4728,Subject325,462,funeral,67,funeral,colorred,test,num1,typesuicide,singlestim,49,174006,1000310,edc,paicipantresponsered,correct
5024,Subject325,502,dead,77,dead,colorblue,test,num1,typesuicide,singlestim,51,179718,1000330,edm,paicipantresponseblue,correct
5320,Subject325,530,happy,67,happy,colorred,test,num1,typepositive,singlestim,53,185463,1000350,edc,paicipantresponsered,correct
5616,Subject325,406,engine,77,engine,colorblue,test,num1,typeneutral,singlestim,55,191076,1000370,edm,paicipantresponseblue,correct
5912,Subject325,460,alone,77,alone,colorblue,test,num1,typenegative,singlestim,57,196749,1000390,edm,paicipantresponseblue,correct
6208,Subject325,431,pleasure,67,pleasure,colorred,test,num1,typepositive,singlestim,59,202387,1000410,edc,paicipantresponsered,correct
6504,Subject325,585,rejected,67,rejected,colorred,test,num1,typenegative,singlestim,61,208187,1000430,edc,paicipantresponsered,correct
6800,Subject325,441,pleasure,77,pleasure,colorblue,test,num1,typepositive,singlestim,63,213843,1000450,edm,paicipantresponseblue,correct
7096,Subject325,479,rejected,77,rejected,colorblue,test,num1,typenegative,singlestim,65,219532,1000470,edm,paicipantresponseblue,correct
7392,Subject325,457,paper,67,paper,colorred,test,num2,typeneutral,singlestim,67,225208,101010,edc,paicipantresponsered,correct
7688,Subject325,400,engine,67,engine,colorred,test,num2,typeneutral,singlestim,69,230824,101030,edc,paicipantresponsered,correct
7984,Subject325,471,pleasure,77,pleasure,colorblue,test,num2,typepositive,singlestim,71,236507,101050,edm,paicipantresponseblue,correct
8280,Subject325,579,alone,67,alone,colorred,test,num2,typenegative,singlestim,73,242302,101070,edc,paicipantresponsered,correct
8576,Subject325,618,stupid,77,stupid,colorblue,test,num2,typenegative,singlestim,75,248135,101090,edm,paicipantresponseblue,correct
8872,Subject325,503,rejected,67,rejected,colorred,test,num2,typenegative,singlestim,77,253854,1010110,edc,paicipantresponsered,correct
9168,Subject325,562,alone,77,alone,colorblue,test,num2,typenegative,singlestim,79,259631,1010130,edm,paicipantresponseblue,correct
9464,Subject325,449,success,67,success,colorred,test,num2,typepositive,singlestim,81,265289,1010150,edc,paicipantresponsered,correct
9760,Subject325,452,pleasure,67,pleasure,colorred,test,num2,typepositive,singlestim,83,270957,1010170,edc,paicipantresponsered,correct
10056,Subject325,1056,happy,67,happy,colorred,test,num2,typepositive,singlestim,85,277226,1010190,edc,paicipantresponsered,correct
10352,Subject325,416,suicide,67,suicide,colorred,test,num2,typesuicide,singlestim,87,282852,1010210,edc,paicipantresponsered,correct
10648,Subject325,403,paper,77,paper,colorblue,test,num2,typeneutral,singlestim,89,288468,1010230,edm,paicipantresponseblue,correct
10944,Subject325,541,museum,67,museum,colorred,test,num2,typeneutral,singlestim,91,294225,1010250,edc,paicipantresponsered,correct
11240,Subject325,534,museum,77,museum,colorblue,test,num2,typeneutral,singlestim,93,299969,1010270,edm,paicipantresponseblue,correct
11536,Subject325,432,dead,67,dead,colorred,test,num2,typesuicide,singlestim,95,305617,1010290,edc,paicipantresponsered,correct
11832,Subject325,438,funeral,67,funeral,colorblue,test,num2,typesuicide,singlestim,97,311270,1010310,edc,paicipantresponsered,incorrect
12128,Subject325,530,funeral,67,funeral,colorred,test,num2,typesuicide,singlestim,99,317014,1010330,edc,paicipantresponsered,correct
12424,Subject325,505,dead,77,dead,colorblue,test,num2,typesuicide,singlestim,101,322733,1010350,edm,paicipantresponseblue,correct
12720,Subject325,868,suicide,77,suicide,colorblue,test,num2,typesuicide,singlestim,103,328816,1010370,edm,paicipantresponseblue,correct
13016,Subject325,523,rejected,77,rejected,colorblue,test,num2,typenegative,singlestim,105,334553,1010390,edm,paicipantresponseblue,correct
13312,Subject325,606,happy,77,happy,colorblue,test,num2,typepositive,singlestim,107,340366,1010410,edm,paicipantresponseblue,correct
13608,Subject325,490,engine,77,engine,colorblue,test,num2,typeneutral,singlestim,109,346071,1010430,edm,paicipantresponseblue,correct
13904,Subject325,582,success,77,success,colorblue,test,num2,typepositive,singlestim,111,351870,1010450,edm,paicipantresponseblue,correct
14200,Subject325,513,stupid,67,stupid,colorred,test,num2,typenegative,singlestim,113,357593,1010470,edc,paicipantresponsered,correct