,SubjectID,rt,stimulus,keypress,word,color,block,blocknum,wordtype,trialtype,trialindex,timeelapsed,internalnodeid,keypressed,participantresponse,correctresponse
228,Subject260,496,success,67,success,colorred,test,num1,typepositive,singlestim,19,82664,100010,edc,paicipantresponsered,correct
524,Subject260,422,museum,77,museum,colorblue,test,num1,typeneutral,singlestim,21,88292,100030,edm,paicipantresponseblue,correct
820,Subject260,461,paper,77,paper,colorblue,test,num1,typeneutral,singlestim,23,93961,100050,edm,paicipantresponseblue,correct
1116,Subject260,375,dead,67,dead,colorred,test,num1,typesuicide,singlestim,25,99542,100070,edc,paicipantresponsered,correct
1412,Subject260,448,engine,67,engine,colorred,test,num1,typeneutral,singlestim,27,105194,100090,edc,paicipantresponsered,correct
1708,Subject260,513,happy,77,happy,colorblue,test,num1,typepositive,singlestim,29,110916,1000110,edm,paicipantresponseblue,correct
2004,Subject260,508,dead,77,dead,colorblue,test,num1,typesuicide,singlestim,31,116631,1000130,edm,paicipantresponseblue,correct
2300,Subject260,410,alone,67,alone,colorred,test,num1,typenegative,singlestim,33,122245,1000150,edc,paicipantresponsered,correct
2596,Subject260,425,museum,67,museum,colorred,test,num1,typeneutral,singlestim,35,127878,1000170,edc,paicipantresponsered,correct
2892,Subject260,471,paper,67,paper,colorred,test,num1,typeneutral,singlestim,37,133556,1000190,edc,paicipantresponsered,correct
3188,Subject260,449,happy,67,happy,colorred,test,num1,typepositive,singlestim,39,139211,1000210,edc,paicipantresponsered,correct
3484,Subject260,424,rejected,67,rejected,colorred,test,num1,typenegative,singlestim,41,144842,1000230,edc,paicipantresponsered,correct
3780,Subject260,582,alone,77,alone,colorblue,test,num1,typenegative,singlestim,43,150630,1000250,edm,paicipantresponseblue,correct
4076,Subject260,436,rejected,77,rejected,colorblue,test,num1,typenegative,singlestim,45,156272,1000270,edm,paicipantresponseblue,correct
4372,Subject260,424,engine,77,engine,colorblue,test,num1,typeneutral,singlestim,47,161904,1000290,edm,paicipantresponseblue,correct
4668,Subject260,424,suicide,77,suicide,colorblue,test,num1,typesuicide,singlestim,49,167537,1000310,edm,paicipantresponseblue,correct
4964,Subject260,452,pleasure,77,pleasure,colorblue,test,num1,typepositive,singlestim,51,173195,1000330,edm,paicipantresponseblue,correct
5260,Subject260,448,stupid,67,stupid,colorred,test,num1,typenegative,singlestim,53,178850,1000350,edc,paicipantresponsered,correct
5556,Subject260,575,stupid,77,stupid,colorblue,test,num1,typenegative,singlestim,55,184630,1000370,edm,paicipantresponseblue,correct
5852,Subject260,430,success,77,success,colorblue,test,num1,typepositive,singlestim,57,190267,1000390,edm,paicipantresponseblue,correct
6148,Subject260,367,funeral,67,funeral,colorred,test,num1,typesuicide,singlestim,59,195841,1000410,edc,paicipantresponsered,correct
6444,Subject260,457,funeral,77,funeral,colorblue,test,num1,typesuicide,singlestim,61,201503,1000430,edm,paicipantresponseblue,correct
6740,Subject260,499,pleasure,67,pleasure,colorred,test,num1,typepositive,singlestim,63,207208,1000450,edc,paicipantresponsered,correct
7036,Subject260,434,suicide,67,suicide,colorred,test,num1,typesuicide,singlestim,65,212847,1000470,edc,paicipantresponsered,correct
7332,Subject260,423,dead,67,dead,colorred,test,num2,typesuicide,singlestim,67,218476,101010,edc,paicipantresponsered,correct
7628,Subject260,494,paper,77,paper,colorblue,test,num2,typeneutral,singlestim,69,224176,101030,edm,paicipantresponseblue,correct
7924,Subject260,805,alone,67,alone,colorred,test,num2,typenegative,singlestim,71,230187,101050,edc,paicipantresponsered,correct
8220,Subject260,452,funeral,77,funeral,colorblue,test,num2,typesuicide,singlestim,73,235847,101070,edm,paicipantresponseblue,correct
8516,Subject260,409,engine,67,engine,colorred,test,num2,typeneutral,singlestim,75,241463,101090,edc,paicipantresponsered,correct
8812,Subject260,503,museum,67,museum,colorred,test,num2,typeneutral,singlestim,77,247175,1010110,edc,paicipantresponsered,correct
9108,Subject260,452,paper,67,paper,colorred,test,num2,typeneutral,singlestim,79,252834,1010130,edc,paicipantresponsered,correct
9404,Subject260,440,stupid,77,stupid,colorblue,test,num2,typenegative,singlestim,81,258479,1010150,edm,paicipantresponseblue,correct
9700,Subject260,428,suicide,67,suicide,colorred,test,num2,typesuicide,singlestim,83,264113,1010170,edc,paicipantresponsered,correct
9996,Subject260,410,stupid,67,stupid,colorred,test,num2,typenegative,singlestim,85,269729,1010190,edc,paicipantresponsered,correct
10292,Subject260,506,engine,77,engine,colorblue,test,num2,typeneutral,singlestim,87,275441,1010210,edm,paicipantresponseblue,correct
10588,Subject260,452,pleasure,77,pleasure,colorblue,test,num2,typepositive,singlestim,89,281099,1010230,edm,paicipantresponseblue,correct
10884,Subject260,454,alone,77,alone,colorblue,test,num2,typenegative,singlestim,91,286760,1010250,edm,paicipantresponseblue,correct
11180,Subject260,377,pleasure,67,pleasure,colorred,test,num2,typepositive,singlestim,93,292344,1010270,edc,paicipantresponsered,correct
11476,Subject260,494,success,67,success,colorred,test,num2,typepositive,singlestim,95,298045,1010290,edc,paicipantresponsered,correct
11772,Subject260,449,rejected,77,rejected,colorblue,test,num2,typenegative,singlestim,97,303698,1010310,edm,paicipantresponseblue,correct
12068,Subject260,550,suicide,77,suicide,colorblue,test,num2,typesuicide,singlestim,99,309454,1010330,edm,paicipantresponseblue,correct
12364,Subject260,551,happy,77,happy,colorblue,test,num2,typepositive,singlestim,101,315212,1010350,edm,paicipantresponseblue,correct
12660,Subject260,518,funeral,67,funeral,colorred,test,num2,typesuicide,singlestim,103,320936,1010370,edc,paicipantresponsered,correct
12956,Subject260,490,dead,77,dead,colorblue,test,num2,typesuicide,singlestim,105,326634,1010390,edm,paicipantresponseblue,correct
13252,Subject260,500,rejected,67,rejected,colorred,test,num2,typenegative,singlestim,107,332341,1010410,edc,paicipantresponsered,correct
13548,Subject260,785,success,77,success,colorblue,test,num2,typepositive,singlestim,109,338332,1010430,edm,paicipantresponseblue,correct
13844,Subject260,900,happy,67,happy,colorred,test,num2,typepositive,singlestim,111,344439,1010450,edc,paicipantresponsered,correct
14140,Subject260,531,museum,77,museum,colorblue,test,num2,typeneutral,singlestim,113,350178,1010470,edm,paicipantresponseblue,correct