,SubjectID,rt,stimulus,keypress,word,color,block,blocknum,wordtype,trialtype,trialindex,timeelapsed,internalnodeid,keypressed,participantresponse,correctresponse
243,Subject276,770,alone,77,alone,colorblue,test,num1,typenegative,singlestim,19,95025,100010,edm,paicipantresponseblue,correct
539,Subject276,495,dead,77,dead,colorblue,test,num1,typesuicide,singlestim,21,100729,100030,edm,paicipantresponseblue,correct
835,Subject276,482,museum,77,museum,colorblue,test,num1,typeneutral,singlestim,23,106422,100050,edm,paicipantresponseblue,correct
1131,Subject276,609,happy,77,happy,colorblue,test,num1,typepositive,singlestim,25,112238,100070,edm,paicipantresponseblue,correct
1427,Subject276,403,rejected,77,rejected,colorblue,test,num1,typenegative,singlestim,27,117851,100090,edm,paicipantresponseblue,correct
1723,Subject276,526,dead,67,dead,colorred,test,num1,typesuicide,singlestim,29,123589,1000110,edc,paicipantresponsered,correct
2019,Subject276,500,engine,77,engine,colorblue,test,num1,typeneutral,singlestim,31,129293,1000130,edm,paicipantresponseblue,correct
2315,Subject276,403,funeral,77,funeral,colorblue,test,num1,typesuicide,singlestim,33,134906,1000150,edm,paicipantresponseblue,correct
2611,Subject276,425,suicide,67,suicide,colorred,test,num1,typesuicide,singlestim,35,140543,1000170,edc,paicipantresponsered,correct
2907,Subject276,412,stupid,77,stupid,colorblue,test,num1,typenegative,singlestim,37,146168,1000190,edm,paicipantresponseblue,correct
3203,Subject276,447,paper,67,paper,colorred,test,num1,typeneutral,singlestim,39,151827,1000210,edc,paicipantresponsered,correct
3499,Subject276,629,success,67,success,colorred,test,num1,typepositive,singlestim,41,157666,1000230,edc,paicipantresponsered,correct
3795,Subject276,599,success,77,success,colorblue,test,num1,typepositive,singlestim,43,163471,1000250,edm,paicipantresponseblue,correct
4091,Subject276,406,pleasure,77,pleasure,colorblue,test,num1,typepositive,singlestim,45,169085,1000270,edm,paicipantresponseblue,correct
4387,Subject276,653,happy,67,happy,colorred,test,num1,typepositive,singlestim,47,174946,1000290,edc,paicipantresponsered,correct
4683,Subject276,482,paper,77,paper,colorblue,test,num1,typeneutral,singlestim,49,180639,1000310,edm,paicipantresponseblue,correct
4979,Subject276,593,suicide,77,suicide,colorblue,test,num1,typesuicide,singlestim,51,186443,1000330,edm,paicipantresponseblue,correct
5275,Subject276,562,museum,67,museum,colorred,test,num1,typeneutral,singlestim,53,192215,1000350,edc,paicipantresponsered,correct
5571,Subject276,588,pleasure,67,pleasure,colorred,test,num1,typepositive,singlestim,55,198009,1000370,edc,paicipantresponsered,correct
5867,Subject276,437,funeral,67,funeral,colorred,test,num1,typesuicide,singlestim,57,203656,1000390,edc,paicipantresponsered,correct
6163,Subject276,405,alone,67,alone,colorred,test,num1,typenegative,singlestim,59,209271,1000410,edc,paicipantresponsered,correct
6459,Subject276,427,stupid,67,stupid,colorred,test,num1,typenegative,singlestim,61,214906,1000430,edc,paicipantresponsered,correct
6755,Subject276,754,engine,67,engine,colorred,test,num1,typeneutral,singlestim,63,220869,1000450,edc,paicipantresponsered,correct
7051,Subject276,404,rejected,67,rejected,colorred,test,num1,typenegative,singlestim,65,226483,1000470,edc,paicipantresponsered,correct
7347,Subject276,437,stupid,77,stupid,colorblue,test,num2,typenegative,singlestim,67,232131,101010,edm,paicipantresponseblue,correct
7643,Subject276,916,alone,67,alone,colorred,test,num2,typenegative,singlestim,69,238251,101030,edc,paicipantresponsered,correct
7939,Subject276,349,alone,77,alone,colorblue,test,num2,typenegative,singlestim,71,243808,101050,edm,paicipantresponseblue,correct
8235,Subject276,448,dead,77,dead,colorblue,test,num2,typesuicide,singlestim,73,249467,101070,edm,paicipantresponseblue,correct
8531,Subject276,486,paper,77,paper,colorblue,test,num2,typeneutral,singlestim,75,255159,101090,edm,paicipantresponseblue,correct
8827,Subject276,423,museum,77,museum,colorblue,test,num2,typeneutral,singlestim,77,260795,1010110,edm,paicipantresponseblue,correct
9123,Subject276,519,happy,77,happy,colorblue,test,num2,typepositive,singlestim,79,266523,1010130,edm,paicipantresponseblue,correct
9419,Subject276,412,funeral,77,funeral,colorblue,test,num2,typesuicide,singlestim,81,272147,1010150,edm,paicipantresponseblue,correct
9715,Subject276,638,funeral,67,funeral,colorred,test,num2,typesuicide,singlestim,83,277997,1010170,edc,paicipantresponsered,correct
10011,Subject276,560,paper,67,paper,colorred,test,num2,typeneutral,singlestim,85,283769,1010190,edc,paicipantresponsered,correct
10307,Subject276,396,suicide,67,suicide,colorred,test,num2,typesuicide,singlestim,87,289372,1010210,edc,paicipantresponsered,correct
10603,Subject276,591,success,77,success,colorblue,test,num2,typepositive,singlestim,89,295176,1010230,edm,paicipantresponseblue,correct
10899,Subject276,319,pleasure,77,pleasure,colorblue,test,num2,typepositive,singlestim,91,300700,1010250,edm,paicipantresponseblue,correct
11195,Subject276,541,stupid,67,stupid,colorred,test,num2,typenegative,singlestim,93,306449,1010270,edc,paicipantresponsered,correct
11491,Subject276,563,rejected,67,rejected,colorred,test,num2,typenegative,singlestim,95,312220,1010290,edc,paicipantresponsered,correct
11787,Subject276,541,happy,67,happy,colorred,test,num2,typepositive,singlestim,97,317969,1010310,edc,paicipantresponsered,correct
12083,Subject276,530,museum,77,museum,colorred,test,num2,typeneutral,singlestim,99,323707,1010330,edm,paicipantresponseblue,incorrect
12379,Subject276,641,dead,67,dead,colorred,test,num2,typesuicide,singlestim,101,329557,1010350,edc,paicipantresponsered,correct
12675,Subject276,550,engine,77,engine,colorblue,test,num2,typeneutral,singlestim,103,335317,1010370,edm,paicipantresponseblue,correct
12971,Subject276,649,success,67,success,colorred,test,num2,typepositive,singlestim,105,341178,1010390,edc,paicipantresponsered,correct
13267,Subject276,647,engine,67,engine,colorred,test,num2,typeneutral,singlestim,107,347039,1010410,edc,paicipantresponsered,correct
13563,Subject276,694,suicide,77,suicide,colorblue,test,num2,typesuicide,singlestim,109,352946,1010430,edm,paicipantresponseblue,correct
13859,Subject276,509,rejected,77,rejected,colorblue,test,num2,typenegative,singlestim,111,358661,1010450,edm,paicipantresponseblue,correct
14155,Subject276,519,pleasure,67,pleasure,colorred,test,num2,typepositive,singlestim,113,364387,1010470,edc,paicipantresponsered,correct