,SubjectID,rt,stimulus,keypress,word,color,block,blocknum,wordtype,trialtype,trialindex,timeelapsed,internalnodeid,keypressed,participantresponse,correctresponse
209,Subject241,1105,stupid,67,stupid,colorred,test,num1,typenegative,singlestim,19,89455,100010,edc,paicipantresponsered,correct
505,Subject241,489,engine,67,engine,colorred,test,num1,typeneutral,singlestim,21,95147,100030,edc,paicipantresponsered,correct
801,Subject241,572,stupid,77,stupid,colorblue,test,num1,typenegative,singlestim,23,100922,100050,edm,paicipantresponseblue,correct
1097,Subject241,552,alone,77,alone,colorblue,test,num1,typenegative,singlestim,25,106677,100070,edm,paicipantresponseblue,correct
1393,Subject241,479,happy,67,happy,colorred,test,num1,typepositive,singlestim,27,112359,100090,edc,paicipantresponsered,correct
1689,Subject241,886,funeral,67,funeral,colorred,test,num1,typesuicide,singlestim,29,118449,1000110,edc,paicipantresponsered,correct
1985,Subject241,496,alone,67,alone,colorred,test,num1,typenegative,singlestim,31,124147,1000130,edc,paicipantresponsered,correct
2281,Subject241,731,rejected,67,rejected,colorred,test,num1,typenegative,singlestim,33,130081,1000150,edc,paicipantresponsered,correct
2577,Subject241,715,museum,77,museum,colorblue,test,num1,typeneutral,singlestim,35,135998,1000170,edm,paicipantresponseblue,correct
2873,Subject241,943,rejected,77,rejected,colorblue,test,num1,typenegative,singlestim,37,142147,1000190,edm,paicipantresponseblue,correct
3169,Subject241,528,pleasure,77,pleasure,colorblue,test,num1,typepositive,singlestim,39,147877,1000210,edm,paicipantresponseblue,correct
3465,Subject241,456,happy,77,happy,colorblue,test,num1,typepositive,singlestim,41,153535,1000230,edm,paicipantresponseblue,correct
3761,Subject241,570,pleasure,67,pleasure,colorred,test,num1,typepositive,singlestim,43,159309,1000250,edc,paicipantresponsered,correct
4057,Subject241,454,engine,77,engine,colorblue,test,num1,typeneutral,singlestim,45,164966,1000270,edm,paicipantresponseblue,correct
4353,Subject241,663,funeral,77,funeral,colorblue,test,num1,typesuicide,singlestim,47,170832,1000290,edm,paicipantresponseblue,correct
4649,Subject241,977,museum,67,museum,colorred,test,num1,typeneutral,singlestim,49,177015,1000310,edc,paicipantresponsered,correct
4945,Subject241,612,suicide,77,suicide,colorblue,test,num1,typesuicide,singlestim,51,182832,1000330,edm,paicipantresponseblue,correct
5241,Subject241,925,suicide,67,suicide,colorred,test,num1,typesuicide,singlestim,53,188960,1000350,edc,paicipantresponsered,correct
5537,Subject241,913,dead,32,dead,colorblue,test,num1,typesuicide,singlestim,55,195076,1000370,ed ,,incorrect
5833,Subject241,447,success,77,success,colorblue,test,num1,typepositive,singlestim,57,200726,1000390,edm,paicipantresponseblue,correct
6129,Subject241,926,dead,67,dead,colorred,test,num1,typesuicide,singlestim,59,206856,1000410,edc,paicipantresponsered,correct
6425,Subject241,935,success,67,success,colorred,test,num1,typepositive,singlestim,61,212996,1000430,edc,paicipantresponsered,correct
6721,Subject241,477,paper,67,paper,colorred,test,num1,typeneutral,singlestim,63,218676,1000450,edc,paicipantresponsered,correct
7017,Subject241,483,paper,77,paper,colorblue,test,num1,typeneutral,singlestim,65,224362,1000470,edm,paicipantresponseblue,correct
7313,Subject241,590,alone,67,alone,colorred,test,num2,typenegative,singlestim,67,230155,101010,edc,paicipantresponsered,correct
7609,Subject241,537,dead,77,dead,colorblue,test,num2,typesuicide,singlestim,69,235896,101030,edm,paicipantresponseblue,correct
7905,Subject241,427,success,77,success,colorblue,test,num2,typepositive,singlestim,71,241526,101050,edm,paicipantresponseblue,correct
8201,Subject241,1647,success,67,success,colorred,test,num2,typepositive,singlestim,73,248377,101070,edc,paicipantresponsered,correct
8497,Subject241,1328,paper,77,paper,colorblue,test,num2,typeneutral,singlestim,75,254908,101090,edm,paicipantresponseblue,correct
8793,Subject241,1530,funeral,77,funeral,colorblue,test,num2,typesuicide,singlestim,77,261642,1010110,edm,paicipantresponseblue,correct
9089,Subject241,956,engine,77,engine,colorblue,test,num2,typeneutral,singlestim,79,267801,1010130,edm,paicipantresponseblue,correct
9385,Subject241,1251,stupid,77,stupid,colorblue,test,num2,typenegative,singlestim,81,274256,1010150,edm,paicipantresponseblue,correct
9681,Subject241,658,pleasure,67,pleasure,colorred,test,num2,typepositive,singlestim,83,280116,1010170,edc,paicipantresponsered,correct
9977,Subject241,531,alone,77,alone,colorblue,test,num2,typenegative,singlestim,85,285851,1010190,edm,paicipantresponseblue,correct
10273,Subject241,613,stupid,67,stupid,colorred,test,num2,typenegative,singlestim,87,291668,1010210,edc,paicipantresponsered,correct
10569,Subject241,715,museum,67,museum,colorred,test,num2,typeneutral,singlestim,89,297587,1010230,edc,paicipantresponsered,correct
10865,Subject241,667,rejected,67,rejected,colorred,test,num2,typenegative,singlestim,91,303455,1010250,edc,paicipantresponsered,correct
11161,Subject241,772,museum,77,museum,colorblue,test,num2,typeneutral,singlestim,93,309428,1010270,edm,paicipantresponseblue,correct
11457,Subject241,987,suicide,77,suicide,colorblue,test,num2,typesuicide,singlestim,95,315619,1010290,edm,paicipantresponseblue,correct
11753,Subject241,1141,happy,77,happy,colorblue,test,num2,typepositive,singlestim,97,321963,1010310,edm,paicipantresponseblue,correct
12049,Subject241,1,happy,1,happy,colorred,test,num2,typepositive,singlestim,99,329167,1010330,ed,,incorrect
12345,Subject241,1188,suicide,67,suicide,colorred,test,num2,typesuicide,singlestim,101,335559,1010350,edc,paicipantresponsered,correct
12641,Subject241,786,rejected,77,rejected,colorblue,test,num2,typenegative,singlestim,103,341549,1010370,edm,paicipantresponseblue,correct
12937,Subject241,775,pleasure,77,pleasure,colorblue,test,num2,typepositive,singlestim,105,347530,1010390,edm,paicipantresponseblue,correct
13233,Subject241,520,funeral,67,funeral,colorred,test,num2,typesuicide,singlestim,107,353255,1010410,edc,paicipantresponsered,correct
13529,Subject241,529,dead,67,dead,colorred,test,num2,typesuicide,singlestim,109,358988,1010430,edc,paicipantresponsered,correct
13825,Subject241,522,paper,67,paper,colorred,test,num2,typeneutral,singlestim,111,364713,1010450,edc,paicipantresponsered,correct
14121,Subject241,530,engine,67,engine,colorred,test,num2,typeneutral,singlestim,113,370446,1010470,edc,paicipantresponsered,correct