,SubjectID,rt,stimulus,keypress,word,color,block,blocknum,wordtype,trialtype,trialindex,timeelapsed,internalnodeid,keypressed,participantresponse,correctresponse
176,Subject207,1096,funeral,77,funeral,colorblue,test,num1,typesuicide,singlestim,19,84204,100010,edm,paicipantresponseblue,correct
472,Subject207,715,success,67,success,colorred,test,num1,typepositive,singlestim,21,90129,100030,edc,paicipantresponsered,correct
768,Subject207,873,pleasure,67,pleasure,colorred,test,num1,typepositive,singlestim,23,96213,100050,edc,paicipantresponsered,correct
1064,Subject207,1298,rejected,77,rejected,colorblue,test,num1,typenegative,singlestim,25,102722,100070,edm,paicipantresponseblue,correct
1360,Subject207,783,alone,67,alone,colorred,test,num1,typenegative,singlestim,27,108717,100090,edc,paicipantresponsered,correct
1656,Subject207,713,suicide,67,suicide,colorred,test,num1,typesuicide,singlestim,29,114643,1000110,edc,paicipantresponsered,correct
1952,Subject207,1307,dead,67,dead,colorred,test,num1,typesuicide,singlestim,31,121164,1000130,edc,paicipantresponsered,correct
2248,Subject207,708,engine,67,engine,colorred,test,num1,typeneutral,singlestim,33,127081,1000150,edc,paicipantresponsered,correct
2544,Subject207,528,paper,77,paper,colorblue,test,num1,typeneutral,singlestim,35,132824,1000170,edm,paicipantresponseblue,correct
2840,Subject207,797,rejected,67,rejected,colorred,test,num1,typenegative,singlestim,37,138831,1000190,edc,paicipantresponsered,correct
3136,Subject207,943,museum,67,museum,colorred,test,num1,typeneutral,singlestim,39,144984,1000210,edc,paicipantresponsered,correct
3432,Subject207,1201,dead,77,dead,colorblue,test,num1,typesuicide,singlestim,41,151402,1000230,edm,paicipantresponseblue,correct
3728,Subject207,480,happy,77,happy,colorblue,test,num1,typepositive,singlestim,43,157094,1000250,edm,paicipantresponseblue,correct
4024,Subject207,1006,engine,77,engine,colorblue,test,num1,typeneutral,singlestim,45,163314,1000270,edm,paicipantresponseblue,correct
4320,Subject207,789,suicide,77,suicide,colorblue,test,num1,typesuicide,singlestim,47,169313,1000290,edm,paicipantresponseblue,correct
4616,Subject207,716,stupid,67,stupid,colorred,test,num1,typenegative,singlestim,49,175242,1000310,edc,paicipantresponsered,correct
4912,Subject207,509,success,77,success,colorblue,test,num1,typepositive,singlestim,51,180962,1000330,edm,paicipantresponseblue,correct
5208,Subject207,606,paper,67,paper,colorred,test,num1,typeneutral,singlestim,53,186786,1000350,edc,paicipantresponsered,correct
5504,Subject207,757,pleasure,77,pleasure,colorblue,test,num1,typepositive,singlestim,55,192759,1000370,edm,paicipantresponseblue,correct
5800,Subject207,931,alone,77,alone,colorblue,test,num1,typenegative,singlestim,57,198899,1000390,edm,paicipantresponseblue,correct
6096,Subject207,746,funeral,67,funeral,colorred,test,num1,typesuicide,singlestim,59,204860,1000410,edc,paicipantresponsered,correct
6392,Subject207,568,happy,67,happy,colorred,test,num1,typepositive,singlestim,61,210638,1000430,edc,paicipantresponsered,correct
6688,Subject207,1086,stupid,77,stupid,colorblue,test,num1,typenegative,singlestim,63,216938,1000450,edm,paicipantresponseblue,correct
6984,Subject207,584,museum,77,museum,colorblue,test,num1,typeneutral,singlestim,65,222733,1000470,edm,paicipantresponseblue,correct
7280,Subject207,560,alone,77,alone,colorblue,test,num2,typenegative,singlestim,67,228500,101010,edm,paicipantresponseblue,correct
7576,Subject207,609,happy,67,happy,colorred,test,num2,typepositive,singlestim,69,234319,101030,edc,paicipantresponsered,correct
7872,Subject207,939,paper,67,paper,colorred,test,num2,typeneutral,singlestim,71,240472,101050,edc,paicipantresponsered,correct
8168,Subject207,711,museum,77,museum,colorblue,test,num2,typeneutral,singlestim,73,246399,101070,edm,paicipantresponseblue,correct
8464,Subject207,661,pleasure,77,pleasure,colorblue,test,num2,typepositive,singlestim,75,252272,101090,edm,paicipantresponseblue,correct
8760,Subject207,645,suicide,67,suicide,colorred,test,num2,typesuicide,singlestim,77,258131,1010110,edc,paicipantresponsered,correct
9056,Subject207,647,museum,67,museum,colorred,test,num2,typeneutral,singlestim,79,263990,1010130,edc,paicipantresponsered,correct
9352,Subject207,465,stupid,67,stupid,colorred,test,num2,typenegative,singlestim,81,269669,1010150,edc,paicipantresponsered,correct
9648,Subject207,770,happy,77,happy,colorblue,test,num2,typepositive,singlestim,83,275649,1010170,edm,paicipantresponseblue,correct
9944,Subject207,1083,dead,67,dead,colorred,test,num2,typesuicide,singlestim,85,281945,1010190,edc,paicipantresponsered,correct
10240,Subject207,751,paper,77,paper,colorblue,test,num2,typeneutral,singlestim,87,287908,1010210,edm,paicipantresponseblue,correct
10536,Subject207,885,suicide,77,suicide,colorblue,test,num2,typesuicide,singlestim,89,294004,1010230,edm,paicipantresponseblue,correct
10832,Subject207,762,stupid,77,stupid,colorblue,test,num2,typenegative,singlestim,91,299973,1010250,edm,paicipantresponseblue,correct
11128,Subject207,613,success,77,success,colorblue,test,num2,typepositive,singlestim,93,305797,1010270,edm,paicipantresponseblue,correct
11424,Subject207,681,rejected,67,rejected,colorred,test,num2,typenegative,singlestim,95,311693,1010290,edc,paicipantresponsered,correct
11720,Subject207,756,alone,67,alone,colorred,test,num2,typenegative,singlestim,97,317663,1010310,edc,paicipantresponsered,correct
12016,Subject207,960,pleasure,67,pleasure,colorred,test,num2,typepositive,singlestim,99,323835,1010330,edc,paicipantresponsered,correct
12312,Subject207,717,engine,77,engine,colorblue,test,num2,typeneutral,singlestim,101,329769,1010350,edm,paicipantresponseblue,correct
12608,Subject207,612,funeral,77,funeral,colorblue,test,num2,typesuicide,singlestim,103,335595,1010370,edm,paicipantresponseblue,correct
12904,Subject207,657,engine,67,engine,colorred,test,num2,typeneutral,singlestim,105,341462,1010390,edc,paicipantresponsered,correct
13200,Subject207,606,rejected,77,rejected,colorblue,test,num2,typenegative,singlestim,107,347279,1010410,edm,paicipantresponseblue,correct
13496,Subject207,610,funeral,67,funeral,colorred,test,num2,typesuicide,singlestim,109,353100,1010430,edc,paicipantresponsered,correct
13792,Subject207,906,dead,77,dead,colorblue,test,num2,typesuicide,singlestim,111,359217,1010450,edm,paicipantresponseblue,correct
14088,Subject207,1402,success,67,success,colorred,test,num2,typepositive,singlestim,113,365830,1010470,edc,paicipantresponsered,correct