"","SubjectID","rt","stimulus","keypress","word","color","block","blocknum","wordtype","trialtype","trialindex","timeelapsed","internalnodeid","keypressed","participantresponse","correctresponse"
"14","Subject14","420","funeral","67","funeral","colorred","test","num1","typesuicide","singlestim","19","95469","100010","edc","paicipantresponsered","correct"
"310","Subject14","314","happy","77","happy","colorblue","test","num1","typepositive","singlestim","21","100989","100030","edm","paicipantresponseblue","correct"
"606","Subject14","357","alone","67","alone","colorred","test","num1","typenegative","singlestim","23","106550","100050","edc","paicipantresponsered","correct"
"902","Subject14","492","pleasure","67","pleasure","colorred","test","num1","typepositive","singlestim","25","112243","100070","edc","paicipantresponsered","correct"
"1198","Subject14","374","dead","67","dead","colorred","test","num1","typesuicide","singlestim","27","117821","100090","edc","paicipantresponsered","correct"
"1494","Subject14","433","paper","67","paper","colorred","test","num1","typeneutral","singlestim","29","123457","1000110","edc","paicipantresponsered","correct"
"1790","Subject14","445","rejected","77","rejected","colorblue","test","num1","typenegative","singlestim","31","129105","1000130","edm","paicipantresponseblue","correct"
"2086","Subject14","335","dead","77","dead","colorblue","test","num1","typesuicide","singlestim","33","134643","1000150","edm","paicipantresponseblue","correct"
"2382","Subject14","340","success","67","success","colorred","test","num1","typepositive","singlestim","35","140186","1000170","edc","paicipantresponsered","correct"
"2678","Subject14","362","engine","67","engine","colorred","test","num1","typeneutral","singlestim","37","145751","1000190","edc","paicipantresponsered","correct"
"2974","Subject14","363","happy","77","happy","colorred","test","num1","typepositive","singlestim","39","151316","1000210","edm","paicipantresponseblue","incorrect"
"3270","Subject14","410","funeral","77","funeral","colorblue","test","num1","typesuicide","singlestim","41","156928","1000230","edm","paicipantresponseblue","correct"
"3566","Subject14","339","suicide","67","suicide","colorred","test","num1","typesuicide","singlestim","43","162472","1000250","edc","paicipantresponsered","correct"
"3862","Subject14","493","pleasure","77","pleasure","colorblue","test","num1","typepositive","singlestim","45","168168","1000270","edm","paicipantresponseblue","correct"
"4158","Subject14","613","engine","77","engine","colorblue","test","num1","typeneutral","singlestim","47","173985","1000290","edm","paicipantresponseblue","correct"
"4454","Subject14","491","stupid","67","stupid","colorred","test","num1","typenegative","singlestim","49","179679","1000310","edc","paicipantresponsered","correct"
"4750","Subject14","313","suicide","77","suicide","colorblue","test","num1","typesuicide","singlestim","51","185196","1000330","edm","paicipantresponseblue","correct"
"5046","Subject14","382","paper","77","paper","colorblue","test","num1","typeneutral","singlestim","53","190783","1000350","edm","paicipantresponseblue","correct"
"5342","Subject14","463","stupid","77","stupid","colorblue","test","num1","typenegative","singlestim","55","196450","1000370","edm","paicipantresponseblue","correct"
"5638","Subject14","357","alone","77","alone","colorblue","test","num1","typenegative","singlestim","57","202011","1000390","edm","paicipantresponseblue","correct"
"5934","Subject14","403","success","77","success","colorblue","test","num1","typepositive","singlestim","59","207618","1000410","edm","paicipantresponseblue","correct"
"6230","Subject14","340","rejected","67","rejected","colorred","test","num1","typenegative","singlestim","61","213161","1000430","edc","paicipantresponsered","correct"
"6526","Subject14","439","museum","67","museum","colorred","test","num1","typeneutral","singlestim","63","218805","1000450","edc","paicipantresponsered","correct"
"6822","Subject14","397","museum","77","museum","colorblue","test","num1","typeneutral","singlestim","65","224404","1000470","edm","paicipantresponseblue","correct"
"7118","Subject14","468","funeral","67","funeral","colorred","test","num2","typesuicide","singlestim","67","230077","101010","edc","paicipantresponsered","correct"
"7414","Subject14","450","paper","67","paper","colorred","test","num2","typeneutral","singlestim","69","235732","101030","edc","paicipantresponsered","correct"
"7710","Subject14","332","rejected","77","rejected","colorblue","test","num2","typenegative","singlestim","71","241268","101050","edm","paicipantresponseblue","correct"
"8006","Subject14","429","stupid","67","stupid","colorred","test","num2","typenegative","singlestim","73","246901","101070","edc","paicipantresponsered","correct"
"8302","Subject14","381","dead","77","dead","colorblue","test","num2","typesuicide","singlestim","75","252485","101090","edm","paicipantresponseblue","correct"
"8598","Subject14","344","museum","77","museum","colorblue","test","num2","typeneutral","singlestim","77","258034","1010110","edm","paicipantresponseblue","correct"
"8894","Subject14","374","funeral","77","funeral","colorblue","test","num2","typesuicide","singlestim","79","263612","1010130","edm","paicipantresponseblue","correct"
"9190","Subject14","541","success","77","success","colorblue","test","num2","typepositive","singlestim","81","269357","1010150","edm","paicipantresponseblue","correct"
"9486","Subject14","349","happy","67","happy","colorred","test","num2","typepositive","singlestim","83","274909","1010170","edc","paicipantresponsered","correct"
"9782","Subject14","339","rejected","67","rejected","colorred","test","num2","typenegative","singlestim","85","280453","1010190","edc","paicipantresponsered","correct"
"10078","Subject14","295","paper","77","paper","colorblue","test","num2","typeneutral","singlestim","87","285951","1010210","edm","paicipantresponseblue","correct"
"10374","Subject14","479","happy","77","happy","colorblue","test","num2","typepositive","singlestim","89","291633","1010230","edm","paicipantresponseblue","correct"
"10670","Subject14","388","engine","77","engine","colorblue","test","num2","typeneutral","singlestim","91","297224","1010250","edm","paicipantresponseblue","correct"
"10966","Subject14","362","dead","67","dead","colorred","test","num2","typesuicide","singlestim","93","302789","1010270","edc","paicipantresponsered","correct"
"11262","Subject14","595","engine","67","engine","colorred","test","num2","typeneutral","singlestim","95","308588","1010290","edc","paicipantresponsered","correct"
"11558","Subject14","443","alone","77","alone","colorblue","test","num2","typenegative","singlestim","97","314235","1010310","edm","paicipantresponseblue","correct"
"11854","Subject14","392","pleasure","77","pleasure","colorblue","test","num2","typepositive","singlestim","99","319833","1010330","edm","paicipantresponseblue","correct"
"12150","Subject14","399","stupid","77","stupid","colorblue","test","num2","typenegative","singlestim","101","325436","1010350","edm","paicipantresponseblue","correct"
"12446","Subject14","385","museum","67","museum","colorred","test","num2","typeneutral","singlestim","103","331025","1010370","edc","paicipantresponsered","correct"
"12742","Subject14","336","alone","67","alone","colorred","test","num2","typenegative","singlestim","105","336565","1010390","edc","paicipantresponsered","correct"
"13038","Subject14","418","suicide","67","suicide","colorred","test","num2","typesuicide","singlestim","107","342188","1010410","edc","paicipantresponsered","correct"
"13334","Subject14","372","suicide","77","suicide","colorblue","test","num2","typesuicide","singlestim","109","347766","1010430","edm","paicipantresponseblue","correct"
"13630","Subject14","461","pleasure","67","pleasure","colorred","test","num2","typepositive","singlestim","111","353430","1010450","edc","paicipantresponsered","correct"
"13926","Subject14","302","success","67","success","colorred","test","num2","typepositive","singlestim","113","358937","1010470","edc","paicipantresponsered","correct"
