,SubjectID,rt,stimulus,keypress,word,color,block,blocknum,wordtype,trialtype,trialindex,timeelapsed,internalnodeid,keypressed,participantresponse,correctresponse
92,Subject100,455,success,67,success,colorred,test,num1,typepositive,singlestim,19,75269,100010,edc,paicipantresponsered,correct
388,Subject100,489,happy,77,happy,colorblue,test,num1,typepositive,singlestim,21,80964,100030,edm,paicipantresponseblue,correct
684,Subject100,738,dead,77,dead,colorblue,test,num1,typesuicide,singlestim,23,86910,100050,edm,paicipantresponseblue,correct
980,Subject100,821,alone,67,alone,colorred,test,num1,typenegative,singlestim,25,92936,100070,edc,paicipantresponsered,correct
1276,Subject100,712,rejected,67,rejected,colorred,test,num1,typenegative,singlestim,27,98850,100090,edc,paicipantresponsered,correct
1572,Subject100,496,suicide,67,suicide,colorred,test,num1,typesuicide,singlestim,29,104552,1000110,edc,paicipantresponsered,correct
1868,Subject100,442,museum,67,museum,colorred,test,num1,typeneutral,singlestim,31,110199,1000130,edc,paicipantresponsered,correct
2164,Subject100,423,alone,77,alone,colorblue,test,num1,typenegative,singlestim,33,115829,1000150,edm,paicipantresponseblue,correct
2460,Subject100,787,paper,67,paper,colorred,test,num1,typeneutral,singlestim,35,121820,1000170,edc,paicipantresponsered,correct
2756,Subject100,638,pleasure,77,pleasure,colorblue,test,num1,typepositive,singlestim,37,127666,1000190,edm,paicipantresponseblue,correct
3052,Subject100,482,success,77,success,colorblue,test,num1,typepositive,singlestim,39,133354,1000210,edm,paicipantresponseblue,correct
3348,Subject100,685,funeral,67,funeral,colorred,test,num1,typesuicide,singlestim,41,139244,1000230,edc,paicipantresponsered,correct
3644,Subject100,717,rejected,77,rejected,colorblue,test,num1,typenegative,singlestim,43,145166,1000250,edm,paicipantresponseblue,correct
3940,Subject100,499,stupid,67,stupid,colorred,test,num1,typenegative,singlestim,45,150870,1000270,edc,paicipantresponsered,correct
4236,Subject100,597,engine,67,engine,colorred,test,num1,typeneutral,singlestim,47,156672,1000290,edc,paicipantresponsered,correct
4532,Subject100,637,funeral,77,funeral,colorblue,test,num1,typesuicide,singlestim,49,162515,1000310,edm,paicipantresponseblue,correct
4828,Subject100,587,stupid,77,stupid,colorblue,test,num1,typenegative,singlestim,51,168307,1000330,edm,paicipantresponseblue,correct
5124,Subject100,496,engine,77,engine,colorblue,test,num1,typeneutral,singlestim,53,174010,1000350,edm,paicipantresponseblue,correct
5420,Subject100,595,paper,77,paper,colorblue,test,num1,typeneutral,singlestim,55,179809,1000370,edm,paicipantresponseblue,correct
5716,Subject100,520,dead,67,dead,colorred,test,num1,typesuicide,singlestim,57,185571,1000390,edc,paicipantresponsered,correct
6012,Subject100,530,happy,67,happy,colorred,test,num1,typepositive,singlestim,59,191306,1000410,edc,paicipantresponsered,correct
6308,Subject100,481,pleasure,67,pleasure,colorred,test,num1,typepositive,singlestim,61,196993,1000430,edc,paicipantresponsered,correct
6604,Subject100,541,suicide,77,suicide,colorblue,test,num1,typesuicide,singlestim,63,202746,1000450,edm,paicipantresponseblue,correct
6900,Subject100,507,museum,77,museum,colorblue,test,num1,typeneutral,singlestim,65,208461,1000470,edm,paicipantresponseblue,correct
7196,Subject100,447,dead,67,dead,colorred,test,num2,typesuicide,singlestim,67,214113,101010,edc,paicipantresponsered,correct
7492,Subject100,434,success,77,success,colorblue,test,num2,typepositive,singlestim,69,219752,101030,edm,paicipantresponseblue,correct
7788,Subject100,1053,rejected,67,rejected,colorred,test,num2,typenegative,singlestim,71,226011,101050,edc,paicipantresponsered,correct
8084,Subject100,1040,success,67,success,colorred,test,num2,typepositive,singlestim,73,232256,101070,edc,paicipantresponsered,correct
8380,Subject100,634,rejected,77,rejected,colorblue,test,num2,typenegative,singlestim,75,238115,101090,edm,paicipantresponseblue,correct
8676,Subject100,1003,happy,67,happy,colorred,test,num2,typepositive,singlestim,77,244324,1010110,edc,paicipantresponsered,correct
8972,Subject100,526,funeral,77,funeral,colorblue,test,num2,typesuicide,singlestim,79,250057,1010130,edm,paicipantresponseblue,correct
9268,Subject100,879,dead,77,dead,colorblue,test,num2,typesuicide,singlestim,81,256142,1010150,edm,paicipantresponseblue,correct
9564,Subject100,515,stupid,77,stupid,colorblue,test,num2,typenegative,singlestim,83,261862,1010170,edm,paicipantresponseblue,correct
9860,Subject100,307,alone,67,alone,colorred,test,num2,typenegative,singlestim,85,267373,1010190,edc,paicipantresponsered,correct
10156,Subject100,395,engine,77,engine,colorblue,test,num2,typeneutral,singlestim,87,272974,1010210,edm,paicipantresponseblue,correct
10452,Subject100,576,alone,77,alone,colorblue,test,num2,typenegative,singlestim,89,278756,1010230,edm,paicipantresponseblue,correct
10748,Subject100,348,pleasure,67,pleasure,colorred,test,num2,typepositive,singlestim,91,284311,1010250,edc,paicipantresponsered,correct
11044,Subject100,482,engine,67,engine,colorred,test,num2,typeneutral,singlestim,93,289998,1010270,edc,paicipantresponsered,correct
11340,Subject100,383,museum,77,museum,colorblue,test,num2,typeneutral,singlestim,95,295588,1010290,edm,paicipantresponseblue,correct
11636,Subject100,490,paper,67,paper,colorred,test,num2,typeneutral,singlestim,97,301282,1010310,edc,paicipantresponsered,correct
11932,Subject100,365,pleasure,77,pleasure,colorblue,test,num2,typepositive,singlestim,99,306851,1010330,edm,paicipantresponseblue,correct
12228,Subject100,600,suicide,77,suicide,colorblue,test,num2,typesuicide,singlestim,101,312656,1010350,edm,paicipantresponseblue,correct
12524,Subject100,451,museum,67,museum,colorred,test,num2,typeneutral,singlestim,103,318312,1010370,edc,paicipantresponsered,correct
12820,Subject100,1150,stupid,67,stupid,colorred,test,num2,typenegative,singlestim,105,324668,1010390,edc,paicipantresponsered,correct
13116,Subject100,481,suicide,67,suicide,colorred,test,num2,typesuicide,singlestim,107,330354,1010410,edc,paicipantresponsered,correct
13412,Subject100,456,paper,77,paper,colorblue,test,num2,typeneutral,singlestim,109,336015,1010430,edm,paicipantresponseblue,correct
13708,Subject100,285,funeral,67,funeral,colorred,test,num2,typesuicide,singlestim,111,341508,1010450,edc,paicipantresponsered,correct
14004,Subject100,369,happy,77,happy,colorblue,test,num2,typepositive,singlestim,113,347083,1010470,edm,paicipantresponseblue,correct