"","SubjectID","rt","stimulus","keypress","word","color","block","blocknum","wordtype","trialtype","trialindex","timeelapsed","internalnodeid","keypressed","participantresponse","correctresponse"
"11","Subject11","581","success","67","success","colorred","test","num1","typepositive","singlestim","19","139843","100010","edc","paicipantresponsered","correct"
"307","Subject11","651","paper","77","paper","colorblue","test","num1","typeneutral","singlestim","21","145696","100030","edm","paicipantresponseblue","correct"
"603","Subject11","573","suicide","77","suicide","colorblue","test","num1","typesuicide","singlestim","23","151475","100050","edm","paicipantresponseblue","correct"
"899","Subject11","522","alone","77","alone","colorblue","test","num1","typenegative","singlestim","25","157200","100070","edm","paicipantresponseblue","correct"
"1195","Subject11","701","museum","77","museum","colorblue","test","num1","typeneutral","singlestim","27","163106","100090","edm","paicipantresponseblue","correct"
"1491","Subject11","378","pleasure","77","pleasure","colorblue","test","num1","typepositive","singlestim","29","168688","1000110","edm","paicipantresponseblue","correct"
"1787","Subject11","655","engine","67","engine","colorred","test","num1","typeneutral","singlestim","31","174546","1000130","edc","paicipantresponsered","correct"
"2083","Subject11","570","alone","67","alone","colorred","test","num1","typenegative","singlestim","33","180320","1000150","edc","paicipantresponsered","correct"
"2379","Subject11","430","dead","67","dead","colorred","test","num1","typesuicide","singlestim","35","185954","1000170","edc","paicipantresponsered","correct"
"2675","Subject11","923","rejected","77","rejected","colorblue","test","num1","typenegative","singlestim","37","192080","1000190","edm","paicipantresponseblue","correct"
"2971","Subject11","655","funeral","77","funeral","colorblue","test","num1","typesuicide","singlestim","39","197937","1000210","edm","paicipantresponseblue","correct"
"3267","Subject11","1514","dead","77","dead","colorblue","test","num1","typesuicide","singlestim","41","204659","1000230","edm","paicipantresponseblue","correct"
"3563","Subject11","350","rejected","67","rejected","colorred","test","num1","typenegative","singlestim","43","210211","1000250","edc","paicipantresponsered","correct"
"3859","Subject11","1323","engine","77","engine","colorblue","test","num1","typeneutral","singlestim","45","216738","1000270","edm","paicipantresponseblue","correct"
"4155","Subject11","687","suicide","67","suicide","colorred","test","num1","typesuicide","singlestim","47","222628","1000290","edc","paicipantresponsered","correct"
"4451","Subject11","890","stupid","67","stupid","colorred","test","num1","typenegative","singlestim","49","228722","1000310","edc","paicipantresponsered","correct"
"4747","Subject11","1742","stupid","77","stupid","colorblue","test","num1","typenegative","singlestim","51","235667","1000330","edm","paicipantresponseblue","correct"
"5043","Subject11","1788","happy","67","happy","colorred","test","num1","typepositive","singlestim","53","242658","1000350","edc","paicipantresponsered","correct"
"5339","Subject11","510","happy","77","happy","colorblue","test","num1","typepositive","singlestim","55","248372","1000370","edm","paicipantresponseblue","correct"
"5635","Subject11","938","funeral","67","funeral","colorred","test","num1","typesuicide","singlestim","57","254513","1000390","edc","paicipantresponsered","correct"
"5931","Subject11","527","pleasure","67","pleasure","colorred","test","num1","typepositive","singlestim","59","260243","1000410","edc","paicipantresponsered","correct"
"6227","Subject11","474","paper","67","paper","colorred","test","num1","typeneutral","singlestim","61","265925","1000430","edc","paicipantresponsered","correct"
"6523","Subject11","766","success","77","success","colorblue","test","num1","typepositive","singlestim","63","271894","1000450","edm","paicipantresponseblue","correct"
"6819","Subject11","458","museum","67","museum","colorred","test","num1","typeneutral","singlestim","65","277556","1000470","edc","paicipantresponsered","correct"
"7115","Subject11","541","funeral","67","funeral","colorred","test","num2","typesuicide","singlestim","67","283302","101010","edc","paicipantresponsered","correct"
"7411","Subject11","699","rejected","67","rejected","colorred","test","num2","typenegative","singlestim","69","289204","101030","edc","paicipantresponsered","correct"
"7707","Subject11","510","alone","67","alone","colorred","test","num2","typenegative","singlestim","71","294918","101050","edc","paicipantresponsered","correct"
"8003","Subject11","491","engine","67","engine","colorred","test","num2","typeneutral","singlestim","73","300612","101070","edc","paicipantresponsered","correct"
"8299","Subject11","926","paper","77","paper","colorblue","test","num2","typeneutral","singlestim","75","306741","101090","edm","paicipantresponseblue","correct"
"8595","Subject11","682","engine","77","engine","colorblue","test","num2","typeneutral","singlestim","77","312628","1010110","edm","paicipantresponseblue","correct"
"8891","Subject11","574","funeral","77","funeral","colorblue","test","num2","typesuicide","singlestim","79","318405","1010130","edm","paicipantresponseblue","correct"
"9187","Subject11","571","pleasure","67","pleasure","colorred","test","num2","typepositive","singlestim","81","324180","1010150","edc","paicipantresponsered","correct"
"9483","Subject11","718","dead","77","dead","colorblue","test","num2","typesuicide","singlestim","83","330104","1010170","edm","paicipantresponseblue","correct"
"9779","Subject11","730","happy","77","happy","colorblue","test","num2","typepositive","singlestim","85","336039","1010190","edm","paicipantresponseblue","correct"
"10075","Subject11","638","stupid","67","stupid","colorred","test","num2","typenegative","singlestim","87","341880","1010210","edc","paicipantresponsered","correct"
"10371","Subject11","747","success","67","success","colorred","test","num2","typepositive","singlestim","89","347830","1010230","edc","paicipantresponsered","correct"
"10667","Subject11","558","museum","77","museum","colorblue","test","num2","typeneutral","singlestim","91","353591","1010250","edm","paicipantresponseblue","correct"
"10963","Subject11","779","alone","77","alone","colorblue","test","num2","typenegative","singlestim","93","359574","1010270","edm","paicipantresponseblue","correct"
"11259","Subject11","639","suicide","67","suicide","colorred","test","num2","typesuicide","singlestim","95","365415","1010290","edc","paicipantresponsered","correct"
"11555","Subject11","394","pleasure","77","pleasure","colorblue","test","num2","typepositive","singlestim","97","371013","1010310","edm","paicipantresponseblue","correct"
"11851","Subject11","478","paper","67","paper","colorred","test","num2","typeneutral","singlestim","99","376696","1010330","edc","paicipantresponsered","correct"
"12147","Subject11","539","stupid","77","stupid","colorblue","test","num2","typenegative","singlestim","101","382438","1010350","edm","paicipantresponseblue","correct"
"12443","Subject11","639","museum","67","museum","colorred","test","num2","typeneutral","singlestim","103","388283","1010370","edc","paicipantresponsered","correct"
"12739","Subject11","747","suicide","77","suicide","colorblue","test","num2","typesuicide","singlestim","105","394234","1010390","edm","paicipantresponseblue","correct"
"13035","Subject11","750","dead","67","dead","colorred","test","num2","typesuicide","singlestim","107","400187","1010410","edc","paicipantresponsered","correct"
"13331","Subject11","586","happy","67","happy","colorred","test","num2","typepositive","singlestim","109","405977","1010430","edc","paicipantresponsered","correct"
"13627","Subject11","558","rejected","77","rejected","colorblue","test","num2","typenegative","singlestim","111","411738","1010450","edm","paicipantresponseblue","correct"
"13923","Subject11","475","success","77","success","colorblue","test","num2","typepositive","singlestim","113","417417","1010470","edm","paicipantresponseblue","correct"
