,SubjectID,rt,stimulus,keypress,word,color,block,blocknum,wordtype,trialtype,trialindex,timeelapsed,internalnodeid,keypressed,participantresponse,correctresponse
134,Subject144,450,alone,77,alone,colorblue,test,num1,typenegative,singlestim,19,112950,100010,edm,paicipantresponseblue,correct
430,Subject144,776,dead,67,dead,colorred,test,num1,typesuicide,singlestim,21,118939,100030,edc,paicipantresponsered,correct
726,Subject144,455,suicide,77,suicide,colorblue,test,num1,typesuicide,singlestim,23,124610,100050,edm,paicipantresponseblue,correct
1022,Subject144,540,paper,67,paper,colorred,test,num1,typeneutral,singlestim,25,130363,100070,edc,paicipantresponsered,correct
1318,Subject144,594,museum,67,museum,colorred,test,num1,typeneutral,singlestim,27,136168,100090,edc,paicipantresponsered,correct
1614,Subject144,453,pleasure,77,pleasure,colorblue,test,num1,typepositive,singlestim,29,141830,1000110,edm,paicipantresponseblue,correct
1910,Subject144,542,rejected,77,rejected,colorblue,test,num1,typenegative,singlestim,31,147582,1000130,edm,paicipantresponseblue,correct
2206,Subject144,461,funeral,77,funeral,colorblue,test,num1,typesuicide,singlestim,33,153253,1000150,edm,paicipantresponseblue,correct
2502,Subject144,614,success,67,success,colorred,test,num1,typepositive,singlestim,35,159076,1000170,edc,paicipantresponsered,correct
2798,Subject144,627,dead,77,dead,colorblue,test,num1,typesuicide,singlestim,37,164916,1000190,edm,paicipantresponseblue,correct
3094,Subject144,460,funeral,67,funeral,colorred,test,num1,typesuicide,singlestim,39,170586,1000210,edc,paicipantresponsered,correct
3390,Subject144,788,happy,77,happy,colorblue,test,num1,typepositive,singlestim,41,176586,1000230,edm,paicipantresponseblue,correct
3686,Subject144,589,happy,67,happy,colorred,test,num1,typepositive,singlestim,43,182385,1000250,edc,paicipantresponsered,correct
3982,Subject144,444,museum,77,museum,colorblue,test,num1,typeneutral,singlestim,45,188040,1000270,edm,paicipantresponseblue,correct
4278,Subject144,493,engine,77,engine,colorblue,test,num1,typeneutral,singlestim,47,193744,1000290,edm,paicipantresponseblue,correct
4574,Subject144,369,suicide,67,suicide,colorred,test,num1,typesuicide,singlestim,49,199326,1000310,edc,paicipantresponsered,correct
4870,Subject144,534,paper,77,paper,colorblue,test,num1,typeneutral,singlestim,51,205074,1000330,edm,paicipantresponseblue,correct
5166,Subject144,530,engine,67,engine,colorred,test,num1,typeneutral,singlestim,53,210815,1000350,edc,paicipantresponsered,correct
5462,Subject144,439,stupid,67,stupid,colorred,test,num1,typenegative,singlestim,55,216464,1000370,edc,paicipantresponsered,correct
5758,Subject144,601,stupid,77,stupid,colorblue,test,num1,typenegative,singlestim,57,222278,1000390,edm,paicipantresponseblue,correct
6054,Subject144,588,pleasure,67,pleasure,colorred,test,num1,typepositive,singlestim,59,228078,1000410,edc,paicipantresponsered,correct
6350,Subject144,684,rejected,67,rejected,colorred,test,num1,typenegative,singlestim,61,233974,1000430,edc,paicipantresponsered,correct
6646,Subject144,693,alone,77,alone,colorred,test,num1,typenegative,singlestim,63,239876,1000450,edm,paicipantresponseblue,incorrect
6942,Subject144,1532,success,77,success,colorblue,test,num1,typepositive,singlestim,65,246619,1000470,edm,paicipantresponseblue,correct
7238,Subject144,845,paper,67,paper,colorred,test,num2,typeneutral,singlestim,67,252675,101010,edc,paicipantresponsered,correct
7534,Subject144,642,rejected,67,rejected,colorred,test,num2,typenegative,singlestim,69,258530,101030,edc,paicipantresponsered,correct
7830,Subject144,820,engine,67,engine,colorred,test,num2,typeneutral,singlestim,71,264565,101050,edc,paicipantresponsered,correct
8126,Subject144,604,paper,77,paper,colorblue,test,num2,typeneutral,singlestim,73,270377,101070,edm,paicipantresponseblue,correct
8422,Subject144,1156,museum,77,museum,colorred,test,num2,typeneutral,singlestim,75,276744,101090,edm,paicipantresponseblue,incorrect
8718,Subject144,682,engine,77,engine,colorblue,test,num2,typeneutral,singlestim,77,282636,1010110,edm,paicipantresponseblue,correct
9014,Subject144,567,dead,67,dead,colorred,test,num2,typesuicide,singlestim,79,288410,1010130,edc,paicipantresponsered,correct
9310,Subject144,594,suicide,77,suicide,colorblue,test,num2,typesuicide,singlestim,81,294217,1010150,edm,paicipantresponseblue,correct
9606,Subject144,1,alone,1,alone,colorred,test,num2,typenegative,singlestim,83,301430,1010170,ed,,incorrect
9902,Subject144,946,suicide,67,suicide,colorred,test,num2,typesuicide,singlestim,85,307588,1010190,edc,paicipantresponsered,correct
10198,Subject144,622,museum,77,museum,colorblue,test,num2,typeneutral,singlestim,87,313420,1010210,edm,paicipantresponseblue,correct
10494,Subject144,536,dead,77,dead,colorblue,test,num2,typesuicide,singlestim,89,319170,1010230,edm,paicipantresponseblue,correct
10790,Subject144,486,happy,77,happy,colorblue,test,num2,typepositive,singlestim,91,324866,1010250,edm,paicipantresponseblue,correct
11086,Subject144,461,stupid,77,stupid,colorblue,test,num2,typenegative,singlestim,93,330537,1010270,edm,paicipantresponseblue,correct
11382,Subject144,428,alone,77,alone,colorblue,test,num2,typenegative,singlestim,95,336177,1010290,edm,paicipantresponseblue,correct
11678,Subject144,560,pleasure,67,pleasure,colorred,test,num2,typepositive,singlestim,97,341951,1010310,edc,paicipantresponsered,correct
11974,Subject144,515,stupid,67,stupid,colorred,test,num2,typenegative,singlestim,99,347680,1010330,edc,paicipantresponsered,correct
12270,Subject144,398,funeral,77,funeral,colorblue,test,num2,typesuicide,singlestim,101,353294,1010350,edm,paicipantresponseblue,correct
12566,Subject144,523,pleasure,77,pleasure,colorblue,test,num2,typepositive,singlestim,103,359030,1010370,edm,paicipantresponseblue,correct
12862,Subject144,569,success,77,success,colorred,test,num2,typepositive,singlestim,105,364812,1010390,edm,paicipantresponseblue,incorrect
13158,Subject144,477,success,67,success,colorblue,test,num2,typepositive,singlestim,107,370500,1010410,edc,paicipantresponsered,incorrect
13454,Subject144,548,rejected,77,rejected,colorblue,test,num2,typenegative,singlestim,109,376259,1010430,edm,paicipantresponseblue,correct
13750,Subject144,604,funeral,67,funeral,colorred,test,num2,typesuicide,singlestim,111,382075,1010450,edc,paicipantresponsered,correct
14046,Subject144,665,happy,67,happy,colorred,test,num2,typepositive,singlestim,113,387953,1010470,edc,paicipantresponsered,correct