,SubjectID,rt,stimulus,keypress,word,color,block,blocknum,wordtype,trialtype,trialindex,timeelapsed,internalnodeid,keypressed,participantresponse,correctresponse
173,Subject204,350,funeral,77,funeral,colorblue,test,num1,typesuicide,singlestim,19,108068,100010,edm,paicipantresponseblue,correct
469,Subject204,326,alone,67,alone,colorred,test,num1,typenegative,singlestim,21,113596,100030,edc,paicipantresponsered,correct
765,Subject204,346,stupid,77,stupid,colorblue,test,num1,typenegative,singlestim,23,119146,100050,edm,paicipantresponseblue,correct
1061,Subject204,299,success,77,success,colorblue,test,num1,typepositive,singlestim,25,124649,100070,edm,paicipantresponseblue,correct
1357,Subject204,347,museum,77,museum,colorblue,test,num1,typeneutral,singlestim,27,130201,100090,edm,paicipantresponseblue,correct
1653,Subject204,336,pleasure,67,pleasure,colorred,test,num1,typepositive,singlestim,29,135741,1000110,edc,paicipantresponsered,correct
1949,Subject204,282,stupid,67,stupid,colorred,test,num1,typenegative,singlestim,31,141226,1000130,edc,paicipantresponsered,correct
2245,Subject204,319,dead,77,dead,colorblue,test,num1,typesuicide,singlestim,33,146747,1000150,edm,paicipantresponseblue,correct
2541,Subject204,649,funeral,67,funeral,colorred,test,num1,typesuicide,singlestim,35,152601,1000170,edc,paicipantresponsered,correct
2837,Subject204,338,alone,77,alone,colorblue,test,num1,typenegative,singlestim,37,158142,1000190,edm,paicipantresponseblue,correct
3133,Subject204,327,rejected,77,rejected,colorblue,test,num1,typenegative,singlestim,39,163672,1000210,edm,paicipantresponseblue,correct
3429,Subject204,308,happy,67,happy,colorred,test,num1,typepositive,singlestim,41,169183,1000230,edc,paicipantresponsered,correct
3725,Subject204,482,rejected,67,rejected,colorred,test,num1,typenegative,singlestim,43,174867,1000250,edc,paicipantresponsered,correct
4021,Subject204,262,engine,77,engine,colorblue,test,num1,typeneutral,singlestim,45,180332,1000270,edm,paicipantresponseblue,correct
4317,Subject204,266,happy,77,happy,colorblue,test,num1,typepositive,singlestim,47,185798,1000290,edm,paicipantresponseblue,correct
4613,Subject204,334,pleasure,77,pleasure,colorblue,test,num1,typepositive,singlestim,49,191334,1000310,edm,paicipantresponseblue,correct
4909,Subject204,241,paper,77,paper,colorblue,test,num1,typeneutral,singlestim,51,196778,1000330,edm,paicipantresponseblue,correct
5205,Subject204,538,suicide,67,suicide,colorred,test,num1,typesuicide,singlestim,53,202518,1000350,edc,paicipantresponsered,correct
5501,Subject204,476,paper,67,paper,colorred,test,num1,typeneutral,singlestim,55,208197,1000370,edc,paicipantresponsered,correct
5797,Subject204,319,engine,67,engine,colorred,test,num1,typeneutral,singlestim,57,213718,1000390,edc,paicipantresponsered,correct
6093,Subject204,307,success,67,success,colorred,test,num1,typepositive,singlestim,59,219231,1000410,edc,paicipantresponsered,correct
6389,Subject204,326,museum,67,museum,colorred,test,num1,typeneutral,singlestim,61,224758,1000430,edc,paicipantresponsered,correct
6685,Subject204,696,suicide,77,suicide,colorblue,test,num1,typesuicide,singlestim,63,230659,1000450,edm,paicipantresponseblue,correct
6981,Subject204,368,dead,67,dead,colorred,test,num1,typesuicide,singlestim,65,236229,1000470,edc,paicipantresponsered,correct
7277,Subject204,389,rejected,67,rejected,colorred,test,num2,typenegative,singlestim,67,241821,101010,edc,paicipantresponsered,correct
7573,Subject204,348,alone,77,alone,colorblue,test,num2,typenegative,singlestim,69,247370,101030,edm,paicipantresponseblue,correct
7869,Subject204,343,paper,67,paper,colorred,test,num2,typeneutral,singlestim,71,252916,101050,edc,paicipantresponsered,correct
8165,Subject204,428,engine,67,engine,colorred,test,num2,typeneutral,singlestim,73,258546,101070,edc,paicipantresponsered,correct
8461,Subject204,350,dead,77,dead,colorblue,test,num2,typesuicide,singlestim,75,264098,101090,edm,paicipantresponseblue,correct
8757,Subject204,356,funeral,77,funeral,colorblue,test,num2,typesuicide,singlestim,77,269655,1010110,edm,paicipantresponseblue,correct
9053,Subject204,276,success,67,success,colorred,test,num2,typepositive,singlestim,79,275134,1010130,edc,paicipantresponsered,correct
9349,Subject204,354,funeral,67,funeral,colorred,test,num2,typesuicide,singlestim,81,280689,1010150,edc,paicipantresponsered,correct
9645,Subject204,341,suicide,77,suicide,colorblue,test,num2,typesuicide,singlestim,83,286231,1010170,edm,paicipantresponseblue,correct
9941,Subject204,326,museum,67,museum,colorred,test,num2,typeneutral,singlestim,85,291760,1010190,edc,paicipantresponsered,correct
10237,Subject204,375,rejected,77,rejected,colorblue,test,num2,typenegative,singlestim,87,297337,1010210,edm,paicipantresponseblue,correct
10533,Subject204,379,engine,77,engine,colorblue,test,num2,typeneutral,singlestim,89,302921,1010230,edm,paicipantresponseblue,correct
10829,Subject204,374,dead,67,dead,colorred,test,num2,typesuicide,singlestim,91,308497,1010250,edc,paicipantresponsered,correct
11125,Subject204,429,alone,67,alone,colorred,test,num2,typenegative,singlestim,93,314128,1010270,edc,paicipantresponsered,correct
11421,Subject204,381,pleasure,77,pleasure,colorblue,test,num2,typepositive,singlestim,95,319710,1010290,edm,paicipantresponseblue,correct
11717,Subject204,337,stupid,77,stupid,colorblue,test,num2,typenegative,singlestim,97,325249,1010310,edm,paicipantresponseblue,correct
12013,Subject204,382,happy,77,happy,colorblue,test,num2,typepositive,singlestim,99,330833,1010330,edm,paicipantresponseblue,correct
12309,Subject204,258,stupid,67,stupid,colorred,test,num2,typenegative,singlestim,101,336293,1010350,edc,paicipantresponsered,correct
12605,Subject204,240,museum,77,museum,colorblue,test,num2,typeneutral,singlestim,103,341735,1010370,edm,paicipantresponseblue,correct
12901,Subject204,301,paper,77,paper,colorblue,test,num2,typeneutral,singlestim,105,347238,1010390,edm,paicipantresponseblue,correct
13197,Subject204,322,success,77,success,colorblue,test,num2,typepositive,singlestim,107,352762,1010410,edm,paicipantresponseblue,correct
13493,Subject204,293,pleasure,67,pleasure,colorred,test,num2,typepositive,singlestim,109,358259,1010430,edc,paicipantresponsered,correct
13789,Subject204,364,happy,67,happy,colorred,test,num2,typepositive,singlestim,111,363824,1010450,edc,paicipantresponsered,correct
14085,Subject204,366,suicide,67,suicide,colorred,test,num2,typesuicide,singlestim,113,369393,1010470,edc,paicipantresponsered,correct