,SubjectID,rt,stimulus,keypress,word,color,block,blocknum,wordtype,trialtype,trialindex,timeelapsed,internalnodeid,keypressed,participantresponse,correctresponse
192,Subject224,386,museum,77,museum,colorblue,test,num1,typeneutral,singlestim,19,81812,100010,edm,paicipantresponseblue,correct
488,Subject224,441,dead,77,dead,colorblue,test,num1,typesuicide,singlestim,21,87457,100030,edm,paicipantresponseblue,correct
784,Subject224,345,happy,77,happy,colorblue,test,num1,typepositive,singlestim,23,93005,100050,edm,paicipantresponseblue,correct
1080,Subject224,320,happy,67,happy,colorred,test,num1,typepositive,singlestim,25,98529,100070,edc,paicipantresponsered,correct
1376,Subject224,450,success,67,success,colorred,test,num1,typepositive,singlestim,27,104183,100090,edc,paicipantresponsered,correct
1672,Subject224,306,rejected,77,rejected,colorblue,test,num1,typenegative,singlestim,29,109693,1000110,edm,paicipantresponseblue,correct
1968,Subject224,325,funeral,67,funeral,colorred,test,num1,typesuicide,singlestim,31,115223,1000130,edc,paicipantresponsered,correct
2264,Subject224,321,alone,77,alone,colorblue,test,num1,typenegative,singlestim,33,120748,1000150,edm,paicipantresponseblue,correct
2560,Subject224,314,alone,67,alone,colorred,test,num1,typenegative,singlestim,35,126265,1000170,edc,paicipantresponsered,correct
2856,Subject224,328,paper,67,paper,colorred,test,num1,typeneutral,singlestim,37,131799,1000190,edc,paicipantresponsered,correct
3152,Subject224,337,engine,77,engine,colorblue,test,num1,typeneutral,singlestim,39,137339,1000210,edm,paicipantresponseblue,correct
3448,Subject224,391,stupid,77,stupid,colorblue,test,num1,typenegative,singlestim,41,142935,1000230,edm,paicipantresponseblue,correct
3744,Subject224,335,stupid,67,stupid,colorred,test,num1,typenegative,singlestim,43,148474,1000250,edc,paicipantresponsered,correct
4040,Subject224,586,rejected,67,rejected,colorred,test,num1,typenegative,singlestim,45,154264,1000270,edc,paicipantresponsered,correct
4336,Subject224,341,pleasure,77,pleasure,colorblue,test,num1,typepositive,singlestim,47,159809,1000290,edm,paicipantresponseblue,correct
4632,Subject224,404,success,77,success,colorblue,test,num1,typepositive,singlestim,49,165417,1000310,edm,paicipantresponseblue,correct
4928,Subject224,352,suicide,67,suicide,colorred,test,num1,typesuicide,singlestim,51,170973,1000330,edc,paicipantresponsered,correct
5224,Subject224,416,engine,67,engine,colorred,test,num1,typeneutral,singlestim,53,176593,1000350,edc,paicipantresponsered,correct
5520,Subject224,447,dead,67,dead,colorred,test,num1,typesuicide,singlestim,55,182243,1000370,edc,paicipantresponsered,correct
5816,Subject224,399,museum,67,museum,colorred,test,num1,typeneutral,singlestim,57,187845,1000390,edc,paicipantresponsered,correct
6112,Subject224,420,suicide,77,suicide,colorblue,test,num1,typesuicide,singlestim,59,193468,1000410,edm,paicipantresponseblue,correct
6408,Subject224,408,funeral,77,funeral,colorblue,test,num1,typesuicide,singlestim,61,199082,1000430,edm,paicipantresponseblue,correct
6704,Subject224,413,paper,77,paper,colorblue,test,num1,typeneutral,singlestim,63,204699,1000450,edm,paicipantresponseblue,correct
7000,Subject224,378,pleasure,67,pleasure,colorred,test,num1,typepositive,singlestim,65,210282,1000470,edc,paicipantresponsered,correct
7296,Subject224,392,engine,67,engine,colorred,test,num2,typeneutral,singlestim,67,215878,101010,edc,paicipantresponsered,correct
7592,Subject224,374,museum,77,museum,colorblue,test,num2,typeneutral,singlestim,69,221456,101030,edm,paicipantresponseblue,correct
7888,Subject224,353,dead,67,dead,colorred,test,num2,typesuicide,singlestim,71,227013,101050,edc,paicipantresponsered,correct
8184,Subject224,418,happy,67,happy,colorred,test,num2,typepositive,singlestim,73,232636,101070,edc,paicipantresponsered,correct
8480,Subject224,573,funeral,77,funeral,colorblue,test,num2,typesuicide,singlestim,75,238413,101090,edm,paicipantresponseblue,correct
8776,Subject224,394,pleasure,77,pleasure,colorblue,test,num2,typepositive,singlestim,77,244011,1010110,edm,paicipantresponseblue,correct
9072,Subject224,357,happy,77,happy,colorblue,test,num2,typepositive,singlestim,79,249572,1010130,edm,paicipantresponseblue,correct
9368,Subject224,398,success,77,success,colorblue,test,num2,typepositive,singlestim,81,255176,1010150,edm,paicipantresponseblue,correct
9664,Subject224,334,paper,67,paper,colorred,test,num2,typeneutral,singlestim,83,260712,1010170,edc,paicipantresponsered,correct
9960,Subject224,340,rejected,67,rejected,colorred,test,num2,typenegative,singlestim,85,266256,1010190,edc,paicipantresponsered,correct
10256,Subject224,325,engine,77,engine,colorblue,test,num2,typeneutral,singlestim,87,271783,1010210,edm,paicipantresponseblue,correct
10552,Subject224,383,alone,67,alone,colorred,test,num2,typenegative,singlestim,89,277371,1010230,edc,paicipantresponsered,correct
10848,Subject224,350,paper,77,paper,colorblue,test,num2,typeneutral,singlestim,91,282926,1010250,edm,paicipantresponseblue,correct
11144,Subject224,622,success,67,success,colorred,test,num2,typepositive,singlestim,93,288752,1010270,edc,paicipantresponsered,correct
11440,Subject224,687,museum,67,museum,colorred,test,num2,typeneutral,singlestim,95,294644,1010290,edc,paicipantresponsered,correct
11736,Subject224,370,alone,77,alone,colorblue,test,num2,typenegative,singlestim,97,300218,1010310,edm,paicipantresponseblue,correct
12032,Subject224,458,pleasure,67,pleasure,colorred,test,num2,typepositive,singlestim,99,305880,1010330,edc,paicipantresponsered,correct
12328,Subject224,727,stupid,67,stupid,colorred,test,num2,typenegative,singlestim,101,311811,1010350,edc,paicipantresponsered,correct
12624,Subject224,393,suicide,77,suicide,colorblue,test,num2,typesuicide,singlestim,103,317407,1010370,edm,paicipantresponseblue,correct
12920,Subject224,415,funeral,67,funeral,colorred,test,num2,typesuicide,singlestim,105,323026,1010390,edc,paicipantresponsered,correct
13216,Subject224,609,suicide,67,suicide,colorred,test,num2,typesuicide,singlestim,107,328840,1010410,edc,paicipantresponsered,correct
13512,Subject224,300,rejected,77,rejected,colorblue,test,num2,typenegative,singlestim,109,334345,1010430,edm,paicipantresponseblue,correct
13808,Subject224,393,stupid,77,stupid,colorblue,test,num2,typenegative,singlestim,111,339943,1010450,edm,paicipantresponseblue,correct
14104,Subject224,450,dead,77,dead,colorblue,test,num2,typesuicide,singlestim,113,345598,1010470,edm,paicipantresponseblue,correct