,SubjectID,rt,stimulus,keypress,word,color,block,blocknum,wordtype,trialtype,trialindex,timeelapsed,internalnodeid,keypressed,participantresponse,correctresponse
202,Subject234,652,suicide,77,suicide,colorblue,test,num1,typesuicide,singlestim,19,113948,100010,edm,paicipantresponseblue,correct
498,Subject234,856,funeral,67,funeral,colorred,test,num1,typesuicide,singlestim,21,120011,100030,edc,paicipantresponsered,correct
794,Subject234,472,pleasure,67,pleasure,colorred,test,num1,typepositive,singlestim,23,125688,100050,edc,paicipantresponsered,correct
1090,Subject234,609,dead,77,dead,colorblue,test,num1,typesuicide,singlestim,25,131501,100070,edm,paicipantresponseblue,correct
1386,Subject234,442,rejected,67,rejected,colorred,test,num1,typenegative,singlestim,27,137150,100090,edc,paicipantresponsered,correct
1682,Subject234,953,stupid,77,stupid,colorblue,test,num1,typenegative,singlestim,29,143309,1000110,edm,paicipantresponseblue,correct
1978,Subject234,683,alone,67,alone,colorred,test,num1,typenegative,singlestim,31,149198,1000130,edc,paicipantresponsered,correct
2274,Subject234,745,engine,67,engine,colorred,test,num1,typeneutral,singlestim,33,155149,1000150,edc,paicipantresponsered,correct
2570,Subject234,557,suicide,67,suicide,colorred,test,num1,typesuicide,singlestim,35,160913,1000170,edc,paicipantresponsered,correct
2866,Subject234,543,museum,67,museum,colorred,test,num1,typeneutral,singlestim,37,166662,1000190,edc,paicipantresponsered,correct
3162,Subject234,628,engine,77,engine,colorblue,test,num1,typeneutral,singlestim,39,172495,1000210,edm,paicipantresponseblue,correct
3458,Subject234,960,alone,77,alone,colorblue,test,num1,typenegative,singlestim,41,178661,1000230,edm,paicipantresponseblue,correct
3754,Subject234,820,paper,67,paper,colorred,test,num1,typeneutral,singlestim,43,184687,1000250,edc,paicipantresponsered,correct
4050,Subject234,659,happy,67,happy,colorred,test,num1,typepositive,singlestim,45,190551,1000270,edc,paicipantresponsered,correct
4346,Subject234,558,rejected,77,rejected,colorblue,test,num1,typenegative,singlestim,47,196316,1000290,edm,paicipantresponseblue,correct
4642,Subject234,703,stupid,67,stupid,colorred,test,num1,typenegative,singlestim,49,202225,1000310,edc,paicipantresponsered,correct
4938,Subject234,584,museum,77,museum,colorblue,test,num1,typeneutral,singlestim,51,208014,1000330,edm,paicipantresponseblue,correct
5234,Subject234,831,paper,67,paper,colorblue,test,num1,typeneutral,singlestim,53,214051,1000350,edc,paicipantresponsered,incorrect
5530,Subject234,541,success,77,success,colorblue,test,num1,typepositive,singlestim,55,219798,1000370,edm,paicipantresponseblue,correct
5826,Subject234,887,success,67,success,colorred,test,num1,typepositive,singlestim,57,225891,1000390,edc,paicipantresponsered,correct
6122,Subject234,528,happy,77,happy,colorblue,test,num1,typepositive,singlestim,59,231624,1000410,edm,paicipantresponseblue,correct
6418,Subject234,714,funeral,77,funeral,colorblue,test,num1,typesuicide,singlestim,61,237544,1000430,edm,paicipantresponseblue,correct
6714,Subject234,639,dead,67,dead,colorred,test,num1,typesuicide,singlestim,63,243390,1000450,edc,paicipantresponsered,correct
7010,Subject234,408,pleasure,77,pleasure,colorblue,test,num1,typepositive,singlestim,65,249005,1000470,edm,paicipantresponseblue,correct
7306,Subject234,847,alone,77,alone,colorblue,test,num2,typenegative,singlestim,67,255059,101010,edm,paicipantresponseblue,correct
7602,Subject234,505,happy,77,happy,colorblue,test,num2,typepositive,singlestim,69,260770,101030,edm,paicipantresponseblue,correct
7898,Subject234,478,suicide,77,suicide,colorblue,test,num2,typesuicide,singlestim,71,266455,101050,edm,paicipantresponseblue,correct
8194,Subject234,447,paper,67,paper,colorred,test,num2,typeneutral,singlestim,73,272107,101070,edc,paicipantresponsered,correct
8490,Subject234,809,success,67,success,colorred,test,num2,typepositive,singlestim,75,278122,101090,edc,paicipantresponsered,correct
8786,Subject234,546,suicide,67,suicide,colorred,test,num2,typesuicide,singlestim,77,283879,1010110,edc,paicipantresponsered,correct
9082,Subject234,509,happy,67,happy,colorred,test,num2,typepositive,singlestim,79,289593,1010130,edc,paicipantresponsered,correct
9378,Subject234,429,success,77,success,colorblue,test,num2,typepositive,singlestim,81,295228,1010150,edm,paicipantresponseblue,correct
9674,Subject234,668,pleasure,67,pleasure,colorred,test,num2,typepositive,singlestim,83,301102,1010170,edc,paicipantresponsered,correct
9970,Subject234,597,museum,67,museum,colorred,test,num2,typeneutral,singlestim,85,306904,1010190,edc,paicipantresponsered,correct
10266,Subject234,511,paper,77,paper,colorblue,test,num2,typeneutral,singlestim,87,312622,1010210,edm,paicipantresponseblue,correct
10562,Subject234,543,engine,67,engine,colorred,test,num2,typeneutral,singlestim,89,318371,1010230,edc,paicipantresponsered,correct
10858,Subject234,600,dead,77,dead,colorblue,test,num2,typesuicide,singlestim,91,324176,1010250,edm,paicipantresponseblue,correct
11154,Subject234,585,museum,67,museum,colorblue,test,num2,typeneutral,singlestim,93,329968,1010270,edc,paicipantresponsered,incorrect
11450,Subject234,655,dead,67,dead,colorred,test,num2,typesuicide,singlestim,95,335828,1010290,edc,paicipantresponsered,correct
11746,Subject234,680,engine,77,engine,colorblue,test,num2,typeneutral,singlestim,97,341714,1010310,edm,paicipantresponseblue,correct
12042,Subject234,586,funeral,67,funeral,colorred,test,num2,typesuicide,singlestim,99,347506,1010330,edc,paicipantresponsered,correct
12338,Subject234,596,pleasure,77,pleasure,colorblue,test,num2,typepositive,singlestim,101,353308,1010350,edm,paicipantresponseblue,correct
12634,Subject234,653,rejected,67,rejected,colorred,test,num2,typenegative,singlestim,103,359166,1010370,edc,paicipantresponsered,correct
12930,Subject234,1008,stupid,77,stupid,colorblue,test,num2,typenegative,singlestim,105,365378,1010390,edm,paicipantresponseblue,correct
13226,Subject234,550,rejected,77,rejected,colorblue,test,num2,typenegative,singlestim,107,371133,1010410,edm,paicipantresponseblue,correct
13522,Subject234,571,funeral,77,funeral,colorblue,test,num2,typesuicide,singlestim,109,376911,1010430,edm,paicipantresponseblue,correct
13818,Subject234,486,alone,67,alone,colorred,test,num2,typenegative,singlestim,111,382603,1010450,edc,paicipantresponsered,correct
14114,Subject234,506,stupid,67,stupid,colorred,test,num2,typenegative,singlestim,113,388316,1010470,edc,paicipantresponsered,correct