,SubjectID,rt,stimulus,keypress,word,color,block,blocknum,wordtype,trialtype,trialindex,timeelapsed,internalnodeid,keypressed,participantresponse,correctresponse
120,Subject129,364,museum,77,museum,colorblue,test,num1,typeneutral,singlestim,19,101000,100010,edm,paicipantresponseblue,correct
416,Subject129,368,happy,77,happy,colorblue,test,num1,typepositive,singlestim,21,106573,100030,edm,paicipantresponseblue,correct
712,Subject129,390,alone,77,alone,colorblue,test,num1,typenegative,singlestim,23,112169,100050,edm,paicipantresponseblue,correct
1008,Subject129,494,suicide,67,suicide,colorred,test,num1,typesuicide,singlestim,25,117868,100070,edc,paicipantresponsered,correct
1304,Subject129,350,funeral,77,funeral,colorred,test,num1,typesuicide,singlestim,27,123424,100090,edm,paicipantresponseblue,incorrect
1600,Subject129,563,stupid,77,stupid,colorblue,test,num1,typenegative,singlestim,29,129194,1000110,edm,paicipantresponseblue,correct
1896,Subject129,337,engine,67,engine,colorred,test,num1,typeneutral,singlestim,31,134737,1000130,edc,paicipantresponsered,correct
2192,Subject129,378,engine,77,engine,colorblue,test,num1,typeneutral,singlestim,33,140321,1000150,edm,paicipantresponseblue,correct
2488,Subject129,324,success,67,success,colorred,test,num1,typepositive,singlestim,35,145852,1000170,edc,paicipantresponsered,correct
2784,Subject129,431,rejected,67,rejected,colorred,test,num1,typenegative,singlestim,37,151489,1000190,edc,paicipantresponsered,correct
3080,Subject129,297,paper,77,paper,colorblue,test,num1,typeneutral,singlestim,39,156991,1000210,edm,paicipantresponseblue,correct
3376,Subject129,608,happy,67,happy,colorred,test,num1,typepositive,singlestim,41,162805,1000230,edc,paicipantresponsered,correct
3672,Subject129,301,suicide,77,suicide,colorblue,test,num1,typesuicide,singlestim,43,168311,1000250,edm,paicipantresponseblue,correct
3968,Subject129,341,dead,67,dead,colorred,test,num1,typesuicide,singlestim,45,173858,1000270,edc,paicipantresponsered,correct
4264,Subject129,335,dead,77,dead,colorblue,test,num1,typesuicide,singlestim,47,179399,1000290,edm,paicipantresponseblue,correct
4560,Subject129,517,rejected,77,rejected,colorblue,test,num1,typenegative,singlestim,49,185121,1000310,edm,paicipantresponseblue,correct
4856,Subject129,317,paper,67,paper,colorred,test,num1,typeneutral,singlestim,51,190644,1000330,edc,paicipantresponsered,correct
5152,Subject129,308,funeral,77,funeral,colorblue,test,num1,typesuicide,singlestim,53,196159,1000350,edm,paicipantresponseblue,correct
5448,Subject129,265,pleasure,67,pleasure,colorblue,test,num1,typepositive,singlestim,55,201629,1000370,edc,paicipantresponsered,incorrect
5744,Subject129,306,stupid,67,stupid,colorred,test,num1,typenegative,singlestim,57,207141,1000390,edc,paicipantresponsered,correct
6040,Subject129,361,museum,67,museum,colorred,test,num1,typeneutral,singlestim,59,212708,1000410,edc,paicipantresponsered,correct
6336,Subject129,395,alone,67,alone,colorred,test,num1,typenegative,singlestim,61,218310,1000430,edc,paicipantresponsered,correct
6632,Subject129,569,pleasure,67,pleasure,colorred,test,num1,typepositive,singlestim,63,224085,1000450,edc,paicipantresponsered,correct
6928,Subject129,292,success,77,success,colorblue,test,num1,typepositive,singlestim,65,229583,1000470,edm,paicipantresponseblue,correct
7224,Subject129,287,funeral,67,funeral,colorred,test,num2,typesuicide,singlestim,67,235077,101010,edc,paicipantresponsered,correct
7520,Subject129,425,stupid,77,stupid,colorblue,test,num2,typenegative,singlestim,69,240707,101030,edm,paicipantresponseblue,correct
7816,Subject129,518,success,77,success,colorblue,test,num2,typepositive,singlestim,71,246431,101050,edm,paicipantresponseblue,correct
8112,Subject129,484,success,67,success,colorred,test,num2,typepositive,singlestim,73,252121,101070,edc,paicipantresponsered,correct
8408,Subject129,310,alone,77,alone,colorblue,test,num2,typenegative,singlestim,75,257635,101090,edm,paicipantresponseblue,correct
8704,Subject129,334,funeral,77,funeral,colorblue,test,num2,typesuicide,singlestim,77,263174,1010110,edm,paicipantresponseblue,correct
9000,Subject129,374,happy,67,happy,colorred,test,num2,typepositive,singlestim,79,268754,1010130,edc,paicipantresponsered,correct
9296,Subject129,398,paper,67,paper,colorred,test,num2,typeneutral,singlestim,81,274358,1010150,edc,paicipantresponsered,correct
9592,Subject129,418,paper,77,paper,colorblue,test,num2,typeneutral,singlestim,83,279981,1010170,edm,paicipantresponseblue,correct
9888,Subject129,399,pleasure,77,pleasure,colorred,test,num2,typepositive,singlestim,85,285585,1010190,edm,paicipantresponseblue,incorrect
10184,Subject129,398,pleasure,77,pleasure,colorblue,test,num2,typepositive,singlestim,87,291190,1010210,edm,paicipantresponseblue,correct
10480,Subject129,363,museum,77,museum,colorblue,test,num2,typeneutral,singlestim,89,296759,1010230,edm,paicipantresponseblue,correct
10776,Subject129,326,engine,67,engine,colorred,test,num2,typeneutral,singlestim,91,302290,1010250,edc,paicipantresponsered,correct
11072,Subject129,485,suicide,67,suicide,colorred,test,num2,typesuicide,singlestim,93,307981,1010270,edc,paicipantresponsered,correct
11368,Subject129,290,suicide,77,suicide,colorblue,test,num2,typesuicide,singlestim,95,313477,1010290,edm,paicipantresponseblue,correct
11664,Subject129,487,engine,77,engine,colorblue,test,num2,typeneutral,singlestim,97,319168,1010310,edm,paicipantresponseblue,correct
11960,Subject129,409,stupid,67,stupid,colorred,test,num2,typenegative,singlestim,99,324782,1010330,edc,paicipantresponsered,correct
12256,Subject129,358,alone,67,alone,colorred,test,num2,typenegative,singlestim,101,330346,1010350,edc,paicipantresponsered,correct
12552,Subject129,743,museum,67,museum,colorred,test,num2,typeneutral,singlestim,103,336295,1010370,edc,paicipantresponsered,correct
12848,Subject129,266,happy,77,happy,colorblue,test,num2,typepositive,singlestim,105,341767,1010390,edm,paicipantresponseblue,correct
13144,Subject129,293,dead,67,dead,colorred,test,num2,typesuicide,singlestim,107,347266,1010410,edc,paicipantresponsered,correct
13440,Subject129,291,dead,77,dead,colorblue,test,num2,typesuicide,singlestim,109,352762,1010430,edm,paicipantresponseblue,correct
13736,Subject129,395,rejected,77,rejected,colorblue,test,num2,typenegative,singlestim,111,358362,1010450,edm,paicipantresponseblue,correct
14032,Subject129,430,rejected,67,rejected,colorred,test,num2,typenegative,singlestim,113,363998,1010470,edc,paicipantresponsered,correct