,SubjectID,rt,stimulus,keypress,word,color,block,blocknum,wordtype,trialtype,trialindex,timeelapsed,internalnodeid,keypressed,participantresponse,correctresponse
104,Subject112,519,suicide,77,suicide,colorblue,test,num1,typesuicide,singlestim,19,82962,100010,edm,paicipantresponseblue,correct
400,Subject112,538,pleasure,77,pleasure,colorblue,test,num1,typepositive,singlestim,21,88688,100030,edm,paicipantresponseblue,correct
696,Subject112,490,happy,67,happy,colorred,test,num1,typepositive,singlestim,23,94430,100050,edc,paicipantresponsered,correct
992,Subject112,473,stupid,67,stupid,colorred,test,num1,typenegative,singlestim,25,100127,100070,edc,paicipantresponsered,correct
1288,Subject112,474,engine,77,engine,colorblue,test,num1,typeneutral,singlestim,27,105807,100090,edm,paicipantresponseblue,correct
1584,Subject112,663,museum,67,museum,colorred,test,num1,typeneutral,singlestim,29,111487,1000110,edc,paicipantresponsered,correct
1880,Subject112,549,alone,77,alone,colorblue,test,num1,typenegative,singlestim,31,117355,1000130,edm,paicipantresponseblue,correct
2176,Subject112,558,funeral,67,funeral,colorred,test,num1,typesuicide,singlestim,33,123110,1000150,edc,paicipantresponsered,correct
2472,Subject112,455,rejected,67,rejected,colorred,test,num1,typenegative,singlestim,35,128876,1000170,edc,paicipantresponsered,correct
2768,Subject112,1,success,77,success,colorblue,test,num1,typepositive,singlestim,37,134538,1000190,edm,paicipantresponseblue,correct
3064,Subject112,843,happy,1,happy,colorblue,test,num1,typepositive,singlestim,39,141743,1000210,ed,,incorrect
3360,Subject112,,paper,67,paper,colorred,test,num1,typeneutral,singlestim,41,147792,1000230,edc,paicipantresponsered,correct
3656,Subject112,1,suicide,1,suicide,colorred,test,num1,typesuicide,singlestim,43,154998,1000250,ed,,incorrect
3952,Subject112,757,museum,77,museum,colorblue,test,num1,typeneutral,singlestim,45,160963,1000270,edm,paicipantresponseblue,correct
4248,Subject112,533,funeral,67,funeral,colorblue,test,num1,typesuicide,singlestim,47,166699,1000290,edm,paicipantresponseblue,correct
4544,Subject112,474,pleasure,67,pleasure,colorred,test,num1,typepositive,singlestim,49,172379,1000310,edc,paicipantresponsered,correct
4840,Subject112,500,alone,77,alone,colorred,test,num1,typenegative,singlestim,51,178085,1000330,edc,paicipantresponsered,correct
5136,Subject112,754,paper,67,paper,colorblue,test,num1,typeneutral,singlestim,53,184046,1000350,edm,paicipantresponseblue,correct
5432,Subject112,517,success,67,success,colorred,test,num1,typepositive,singlestim,55,189769,1000370,edc,paicipantresponsered,correct
5728,Subject112,470,dead,77,dead,colorred,test,num1,typesuicide,singlestim,57,195445,1000390,edc,paicipantresponsered,correct
6024,Subject112,494,stupid,77,stupid,colorblue,test,num1,typenegative,singlestim,59,201145,1000410,edm,paicipantresponseblue,correct
6320,Subject112,471,dead,67,dead,colorblue,test,num1,typesuicide,singlestim,61,206822,1000430,edm,paicipantresponseblue,correct
6616,Subject112,882,engine,77,engine,colorred,test,num1,typeneutral,singlestim,63,212910,1000450,edc,paicipantresponsered,correct
6912,Subject112,634,rejected,67,rejected,colorblue,test,num1,typenegative,singlestim,65,218751,1000470,edm,paicipantresponseblue,correct
7208,Subject112,399,happy,67,happy,colorred,test,num2,typepositive,singlestim,67,224357,101010,edc,paicipantresponsered,correct
7504,Subject112,658,dead,77,dead,colorred,test,num2,typesuicide,singlestim,69,230223,101030,edc,paicipantresponsered,correct
7800,Subject112,563,rejected,67,rejected,colorblue,test,num2,typenegative,singlestim,71,235990,101050,edm,paicipantresponseblue,correct
8096,Subject112,680,suicide,67,suicide,colorred,test,num2,typesuicide,singlestim,73,241875,101070,edc,paicipantresponsered,correct
8392,Subject112,423,engine,77,engine,colorred,test,num2,typeneutral,singlestim,75,247504,101090,edc,paicipantresponsered,correct
8688,Subject112,553,alone,67,alone,colorblue,test,num2,typenegative,singlestim,77,253263,1010110,edm,paicipantresponseblue,correct
8984,Subject112,439,rejected,77,rejected,colorred,test,num2,typenegative,singlestim,79,258907,1010130,edc,paicipantresponsered,correct
9280,Subject112,786,funeral,77,funeral,colorblue,test,num2,typesuicide,singlestim,81,264899,1010150,edm,paicipantresponseblue,correct
9576,Subject112,918,engine,67,engine,colorblue,test,num2,typeneutral,singlestim,83,271022,1010170,edm,paicipantresponseblue,correct
9872,Subject112,808,funeral,77,funeral,colorred,test,num2,typesuicide,singlestim,85,277035,1010190,edc,paicipantresponsered,correct
10168,Subject112,659,paper,67,paper,colorblue,test,num2,typeneutral,singlestim,87,282898,1010210,edm,paicipantresponseblue,correct
10464,Subject112,707,pleasure,77,pleasure,colorred,test,num2,typepositive,singlestim,89,288810,1010230,edc,paicipantresponsered,correct
10760,Subject112,500,pleasure,67,pleasure,colorblue,test,num2,typepositive,singlestim,91,294516,1010250,edm,paicipantresponseblue,correct
11056,Subject112,843,stupid,67,stupid,colorred,test,num2,typenegative,singlestim,93,300566,1010270,edc,paicipantresponsered,correct
11352,Subject112,710,museum,67,museum,colorred,test,num2,typeneutral,singlestim,95,306481,1010290,edc,paicipantresponsered,correct
11648,Subject112,452,alone,67,alone,colorred,test,num2,typenegative,singlestim,97,312139,1010310,edc,paicipantresponsered,correct
11944,Subject112,627,paper,77,paper,colorred,test,num2,typeneutral,singlestim,99,317972,1010330,edc,paicipantresponsered,correct
12240,Subject112,487,suicide,77,suicide,colorblue,test,num2,typesuicide,singlestim,101,323667,1010350,edm,paicipantresponseblue,correct
12536,Subject112,496,dead,77,dead,colorblue,test,num2,typesuicide,singlestim,103,329369,1010370,edm,paicipantresponseblue,correct
12832,Subject112,372,stupid,77,stupid,colorblue,test,num2,typenegative,singlestim,105,334948,1010390,edm,paicipantresponseblue,correct
13128,Subject112,394,success,77,success,colorblue,test,num2,typepositive,singlestim,107,340546,1010410,edm,paicipantresponseblue,correct
13424,Subject112,365,happy,77,happy,colorblue,test,num2,typepositive,singlestim,109,346119,1010430,edm,paicipantresponseblue,correct
13720,Subject112,440,museum,67,museum,colorblue,test,num2,typeneutral,singlestim,111,351764,1010450,edm,paicipantresponseblue,correct
14016,Subject112,746,success,,success,colorred,test,num2,typepositive,singlestim,113,357718,1010470,edc,paicipantresponsered,correct