,SubjectID,rt,stimulus,keypress,word,color,block,blocknum,wordtype,trialtype,trialindex,timeelapsed,internalnodeid,keypressed,participantresponse,correctresponse
48,Subject50,464,funeral,77,funeral,colorblue,test,num1,typesuicide,singlestim,19,103076,100010,edm,paicipantresponseblue,correct
344,Subject50,431,happy,77,happy,colorblue,test,num1,typepositive,singlestim,21,108713,100030,edm,paicipantresponseblue,correct
640,Subject50,415,stupid,77,stupid,colorblue,test,num1,typenegative,singlestim,23,114332,100050,edm,paicipantresponseblue,correct
936,Subject50,328,dead,67,dead,colorred,test,num1,typesuicide,singlestim,25,119864,100070,edc,paicipantresponsered,correct
1232,Subject50,363,success,77,success,colorblue,test,num1,typepositive,singlestim,27,125431,100090,edm,paicipantresponseblue,correct
1528,Subject50,404,suicide,67,suicide,colorred,test,num1,typesuicide,singlestim,29,131040,1000110,edc,paicipantresponsered,correct
1824,Subject50,446,alone,67,alone,colorred,test,num1,typenegative,singlestim,31,136690,1000130,edc,paicipantresponsered,correct
2120,Subject50,371,stupid,67,stupid,colorred,test,num1,typenegative,singlestim,33,142265,1000150,edc,paicipantresponsered,correct
2416,Subject50,416,museum,67,museum,colorred,test,num1,typeneutral,singlestim,35,147886,1000170,edc,paicipantresponsered,correct
2712,Subject50,418,happy,67,happy,colorred,test,num1,typepositive,singlestim,37,153505,1000190,edc,paicipantresponsered,correct
3008,Subject50,420,pleasure,67,pleasure,colorred,test,num1,typepositive,singlestim,39,159127,1000210,edc,paicipantresponsered,correct
3304,Subject50,384,alone,77,alone,colorblue,test,num1,typenegative,singlestim,41,164715,1000230,edm,paicipantresponseblue,correct
3600,Subject50,353,success,67,success,colorred,test,num1,typepositive,singlestim,43,170271,1000250,edc,paicipantresponsered,correct
3896,Subject50,509,engine,67,engine,colorred,test,num1,typeneutral,singlestim,45,175982,1000270,edc,paicipantresponsered,correct
4192,Subject50,420,funeral,67,funeral,colorred,test,num1,typesuicide,singlestim,47,181606,1000290,edc,paicipantresponsered,correct
4488,Subject50,427,suicide,77,suicide,colorblue,test,num1,typesuicide,singlestim,49,187243,1000310,edm,paicipantresponseblue,correct
4784,Subject50,444,dead,77,dead,colorblue,test,num1,typesuicide,singlestim,51,192894,1000330,edm,paicipantresponseblue,correct
5080,Subject50,436,pleasure,77,pleasure,colorblue,test,num1,typepositive,singlestim,53,198535,1000350,edm,paicipantresponseblue,correct
5376,Subject50,412,paper,77,paper,colorblue,test,num1,typeneutral,singlestim,55,204155,1000370,edm,paicipantresponseblue,correct
5672,Subject50,426,engine,77,engine,colorblue,test,num1,typeneutral,singlestim,57,209783,1000390,edm,paicipantresponseblue,correct
5968,Subject50,356,paper,67,paper,colorred,test,num1,typeneutral,singlestim,59,215343,1000410,edc,paicipantresponsered,correct
6264,Subject50,399,museum,77,museum,colorblue,test,num1,typeneutral,singlestim,61,220946,1000430,edm,paicipantresponseblue,correct
6560,Subject50,398,rejected,77,rejected,colorblue,test,num1,typenegative,singlestim,63,226547,1000450,edm,paicipantresponseblue,correct
6856,Subject50,391,rejected,67,rejected,colorred,test,num1,typenegative,singlestim,65,232142,1000470,edc,paicipantresponsered,correct
7152,Subject50,409,success,67,success,colorred,test,num2,typepositive,singlestim,67,237756,101010,edc,paicipantresponsered,correct
7448,Subject50,407,alone,67,alone,colorred,test,num2,typenegative,singlestim,69,243366,101030,edc,paicipantresponsered,correct
7744,Subject50,339,engine,67,engine,colorred,test,num2,typeneutral,singlestim,71,248910,101050,edc,paicipantresponsered,correct
8040,Subject50,337,funeral,67,funeral,colorred,test,num2,typesuicide,singlestim,73,254450,101070,edc,paicipantresponsered,correct
8336,Subject50,378,stupid,67,stupid,colorred,test,num2,typenegative,singlestim,75,260034,101090,edc,paicipantresponsered,correct
8632,Subject50,465,museum,77,museum,colorblue,test,num2,typeneutral,singlestim,77,265702,1010110,edm,paicipantresponseblue,correct
8928,Subject50,1063,paper,67,paper,colorred,test,num2,typeneutral,singlestim,79,271966,1010130,edc,paicipantresponsered,correct
9224,Subject50,472,rejected,77,rejected,colorblue,test,num2,typenegative,singlestim,81,277643,1010150,edm,paicipantresponseblue,correct
9520,Subject50,580,pleasure,77,pleasure,colorblue,test,num2,typepositive,singlestim,83,283425,1010170,edm,paicipantresponseblue,correct
9816,Subject50,429,rejected,67,rejected,colorred,test,num2,typenegative,singlestim,85,289057,1010190,edc,paicipantresponsered,correct
10112,Subject50,377,museum,67,museum,colorred,test,num2,typeneutral,singlestim,87,294636,1010210,edc,paicipantresponsered,correct
10408,Subject50,391,success,77,success,colorblue,test,num2,typepositive,singlestim,89,300278,1010230,edm,paicipantresponseblue,correct
10704,Subject50,1213,pleasure,67,pleasure,colorred,test,num2,typepositive,singlestim,91,306698,1010250,edc,paicipantresponsered,correct
11000,Subject50,417,paper,77,paper,colorblue,test,num2,typeneutral,singlestim,93,312316,1010270,edm,paicipantresponseblue,correct
11296,Subject50,435,funeral,77,funeral,colorblue,test,num2,typesuicide,singlestim,95,317956,1010290,edm,paicipantresponseblue,correct
11592,Subject50,442,suicide,77,suicide,colorblue,test,num2,typesuicide,singlestim,97,323622,1010310,edm,paicipantresponseblue,correct
11888,Subject50,403,happy,77,happy,colorblue,test,num2,typepositive,singlestim,99,329231,1010330,edm,paicipantresponseblue,correct
12184,Subject50,430,dead,77,dead,colorblue,test,num2,typesuicide,singlestim,101,334863,1010350,edm,paicipantresponseblue,correct
12480,Subject50,625,suicide,67,suicide,colorred,test,num2,typesuicide,singlestim,103,340692,1010370,edc,paicipantresponsered,correct
12776,Subject50,428,engine,77,engine,colorblue,test,num2,typeneutral,singlestim,105,346323,1010390,edm,paicipantresponseblue,correct
13072,Subject50,466,stupid,77,stupid,colorblue,test,num2,typenegative,singlestim,107,351994,1010410,edm,paicipantresponseblue,correct
13368,Subject50,454,happy,67,happy,colorred,test,num2,typepositive,singlestim,109,357651,1010430,edc,paicipantresponsered,correct
13664,Subject50,489,dead,67,dead,colorred,test,num2,typesuicide,singlestim,111,363343,1010450,edc,paicipantresponsered,correct
13960,Subject50,382,alone,77,alone,colorblue,test,num2,typenegative,singlestim,113,368929,1010470,edm,paicipantresponseblue,correct