,SubjectID,rt,stimulus,keypress,word,color,block,blocknum,wordtype,trialtype,trialindex,timeelapsed,internalnodeid,keypressed,participantresponse,correctresponse
88,Subject95,450,dead,67,dead,colorred,test,num1,typesuicide,singlestim,19,57975,100010,edc,paicipantresponsered,correct
384,Subject95,453,suicide,67,suicide,colorred,test,num1,typesuicide,singlestim,21,63643,100030,edc,paicipantresponsered,correct
680,Subject95,398,alone,77,alone,colorblue,test,num1,typenegative,singlestim,23,69254,100050,edm,paicipantresponseblue,correct
976,Subject95,461,paper,77,paper,colorblue,test,num1,typeneutral,singlestim,25,74931,100070,edm,paicipantresponseblue,correct
1272,Subject95,521,engine,77,engine,colorblue,test,num1,typeneutral,singlestim,27,80666,100090,edm,paicipantresponseblue,correct
1568,Subject95,397,funeral,67,funeral,colorred,test,num1,typesuicide,singlestim,29,86279,1000110,edc,paicipantresponsered,correct
1864,Subject95,462,museum,77,museum,colorblue,test,num1,typeneutral,singlestim,31,91955,1000130,edm,paicipantresponseblue,correct
2160,Subject95,377,happy,67,happy,colorred,test,num1,typepositive,singlestim,33,97547,1000150,edc,paicipantresponsered,correct
2456,Subject95,463,stupid,67,stupid,colorred,test,num1,typenegative,singlestim,35,103225,1000170,edc,paicipantresponsered,correct
2752,Subject95,426,stupid,77,stupid,colorblue,test,num1,typenegative,singlestim,37,108864,1000190,edm,paicipantresponseblue,correct
3048,Subject95,326,suicide,77,suicide,colorblue,test,num1,typesuicide,singlestim,39,114405,1000210,edm,paicipantresponseblue,correct
3344,Subject95,391,alone,67,alone,colorred,test,num1,typenegative,singlestim,41,120011,1000230,edc,paicipantresponsered,correct
3640,Subject95,398,pleasure,67,pleasure,colorred,test,num1,typepositive,singlestim,43,125622,1000250,edc,paicipantresponsered,correct
3936,Subject95,438,engine,67,engine,colorred,test,num1,typeneutral,singlestim,45,131275,1000270,edc,paicipantresponsered,correct
4232,Subject95,427,dead,77,dead,colorblue,test,num1,typesuicide,singlestim,47,136916,1000290,edm,paicipantresponseblue,correct
4528,Subject95,413,rejected,77,rejected,colorblue,test,num1,typenegative,singlestim,49,142538,1000310,edm,paicipantresponseblue,correct
4824,Subject95,379,museum,67,museum,colorred,test,num1,typeneutral,singlestim,51,148132,1000330,edc,paicipantresponsered,correct
5120,Subject95,415,funeral,77,funeral,colorblue,test,num1,typesuicide,singlestim,53,153753,1000350,edm,paicipantresponseblue,correct
5416,Subject95,340,paper,67,paper,colorred,test,num1,typeneutral,singlestim,55,159307,1000370,edc,paicipantresponsered,correct
5712,Subject95,458,happy,77,happy,colorblue,test,num1,typepositive,singlestim,57,164975,1000390,edm,paicipantresponseblue,correct
6008,Subject95,393,success,77,success,colorblue,test,num1,typepositive,singlestim,59,170582,1000410,edm,paicipantresponseblue,correct
6304,Subject95,432,rejected,67,rejected,colorred,test,num1,typenegative,singlestim,61,176230,1000430,edc,paicipantresponsered,correct
6600,Subject95,376,success,67,success,colorred,test,num1,typepositive,singlestim,63,181820,1000450,edc,paicipantresponsered,correct
6896,Subject95,369,pleasure,77,pleasure,colorblue,test,num1,typepositive,singlestim,65,187402,1000470,edm,paicipantresponseblue,correct
7192,Subject95,464,alone,77,alone,colorblue,test,num2,typenegative,singlestim,67,193080,101010,edm,paicipantresponseblue,correct
7488,Subject95,379,success,67,success,colorred,test,num2,typepositive,singlestim,69,198673,101030,edc,paicipantresponsered,correct
7784,Subject95,425,engine,67,engine,colorred,test,num2,typeneutral,singlestim,71,204315,101050,edc,paicipantresponsered,correct
8080,Subject95,371,happy,77,happy,colorblue,test,num2,typepositive,singlestim,73,209901,101070,edm,paicipantresponseblue,correct
8376,Subject95,545,rejected,77,rejected,colorblue,test,num2,typenegative,singlestim,75,215658,101090,edm,paicipantresponseblue,correct
8672,Subject95,427,museum,77,museum,colorblue,test,num2,typeneutral,singlestim,77,221299,1010110,edm,paicipantresponseblue,correct
8968,Subject95,572,success,77,success,colorblue,test,num2,typepositive,singlestim,79,227088,1010130,edm,paicipantresponseblue,correct
9264,Subject95,415,alone,67,alone,colorred,test,num2,typenegative,singlestim,81,232714,1010150,edc,paicipantresponsered,correct
9560,Subject95,485,funeral,67,funeral,colorred,test,num2,typesuicide,singlestim,83,238413,1010170,edc,paicipantresponsered,correct
9856,Subject95,444,paper,67,paper,colorred,test,num2,typeneutral,singlestim,85,244071,1010190,edc,paicipantresponsered,correct
10152,Subject95,427,funeral,77,funeral,colorblue,test,num2,typesuicide,singlestim,87,249712,1010210,edm,paicipantresponseblue,correct
10448,Subject95,482,dead,77,dead,colorblue,test,num2,typesuicide,singlestim,89,255409,1010230,edm,paicipantresponseblue,correct
10744,Subject95,546,paper,77,paper,colorblue,test,num2,typeneutral,singlestim,91,261167,1010250,edm,paicipantresponseblue,correct
11040,Subject95,348,suicide,77,suicide,colorblue,test,num2,typesuicide,singlestim,93,266727,1010270,edm,paicipantresponseblue,correct
11336,Subject95,392,engine,77,engine,colorblue,test,num2,typeneutral,singlestim,95,272329,1010290,edm,paicipantresponseblue,correct
11632,Subject95,423,happy,67,happy,colorred,test,num2,typepositive,singlestim,97,277962,1010310,edc,paicipantresponsered,correct
11928,Subject95,523,suicide,67,suicide,colorred,test,num2,typesuicide,singlestim,99,283699,1010330,edc,paicipantresponsered,correct
12224,Subject95,311,pleasure,77,pleasure,colorblue,test,num2,typepositive,singlestim,101,289220,1010350,edm,paicipantresponseblue,correct
12520,Subject95,408,stupid,77,stupid,colorblue,test,num2,typenegative,singlestim,103,294837,1010370,edm,paicipantresponseblue,correct
12816,Subject95,421,museum,67,museum,colorred,test,num2,typeneutral,singlestim,105,300474,1010390,edc,paicipantresponsered,correct
13112,Subject95,419,stupid,67,stupid,colorred,test,num2,typenegative,singlestim,107,306107,1010410,edc,paicipantresponsered,correct
13408,Subject95,375,pleasure,67,pleasure,colorred,test,num2,typepositive,singlestim,109,311699,1010430,edc,paicipantresponsered,correct
13704,Subject95,400,rejected,67,rejected,colorred,test,num2,typenegative,singlestim,111,317313,1010450,edc,paicipantresponsered,correct
14000,Subject95,417,dead,67,dead,colorred,test,num2,typesuicide,singlestim,113,322945,1010470,edc,paicipantresponsered,correct