,SubjectID,rt,stimulus,keypress,word,color,block,blocknum,wordtype,trialtype,trialindex,timeelapsed,internalnodeid,keypressed,participantresponse,correctresponse
264,Subject300,617,success,67,success,colorred,test,num1,typepositive,singlestim,19,78215,100010,edc,paicipantresponsered,correct
560,Subject300,472,suicide,67,suicide,colorred,test,num1,typesuicide,singlestim,21,83893,100030,edc,paicipantresponsered,correct
856,Subject300,625,happy,77,happy,colorblue,test,num1,typepositive,singlestim,23,89724,100050,edm,paicipantresponseblue,correct
1152,Subject300,425,museum,77,museum,colorblue,test,num1,typeneutral,singlestim,25,95356,100070,edm,paicipantresponseblue,correct
1448,Subject300,447,funeral,77,funeral,colorblue,test,num1,typesuicide,singlestim,27,101008,100090,edm,paicipantresponseblue,correct
1744,Subject300,483,pleasure,77,pleasure,colorblue,test,num1,typepositive,singlestim,29,106698,1000110,edm,paicipantresponseblue,correct
2040,Subject300,453,happy,67,happy,colorred,test,num1,typepositive,singlestim,31,112357,1000130,edc,paicipantresponsered,correct
2336,Subject300,457,dead,67,dead,colorred,test,num1,typesuicide,singlestim,33,118020,1000150,edc,paicipantresponsered,correct
2632,Subject300,498,suicide,77,suicide,colorblue,test,num1,typesuicide,singlestim,35,123726,1000170,edm,paicipantresponseblue,correct
2928,Subject300,534,paper,67,paper,colorred,test,num1,typeneutral,singlestim,37,129466,1000190,edc,paicipantresponsered,correct
3224,Subject300,540,alone,67,alone,colorred,test,num1,typenegative,singlestim,39,135213,1000210,edc,paicipantresponsered,correct
3520,Subject300,487,success,77,success,colorblue,test,num1,typepositive,singlestim,41,140905,1000230,edm,paicipantresponseblue,correct
3816,Subject300,510,alone,77,alone,colorblue,test,num1,typenegative,singlestim,43,146621,1000250,edm,paicipantresponseblue,correct
4112,Subject300,565,engine,67,engine,colorred,test,num1,typeneutral,singlestim,45,152392,1000270,edc,paicipantresponsered,correct
4408,Subject300,530,pleasure,67,pleasure,colorred,test,num1,typepositive,singlestim,47,158129,1000290,edc,paicipantresponsered,correct
4704,Subject300,446,stupid,77,stupid,colorblue,test,num1,typenegative,singlestim,49,163782,1000310,edm,paicipantresponseblue,correct
5000,Subject300,457,funeral,67,funeral,colorred,test,num1,typesuicide,singlestim,51,169443,1000330,edc,paicipantresponsered,correct
5296,Subject300,477,stupid,67,stupid,colorred,test,num1,typenegative,singlestim,53,175127,1000350,edc,paicipantresponsered,correct
5592,Subject300,494,engine,77,engine,colorblue,test,num1,typeneutral,singlestim,55,180827,1000370,edm,paicipantresponseblue,correct
5888,Subject300,463,rejected,77,rejected,colorblue,test,num1,typenegative,singlestim,57,186497,1000390,edm,paicipantresponseblue,correct
6184,Subject300,423,museum,67,museum,colorred,test,num1,typeneutral,singlestim,59,192125,1000410,edc,paicipantresponsered,correct
6480,Subject300,655,paper,77,paper,colorblue,test,num1,typeneutral,singlestim,61,197985,1000430,edm,paicipantresponseblue,correct
6776,Subject300,458,dead,77,dead,colorblue,test,num1,typesuicide,singlestim,63,203649,1000450,edm,paicipantresponseblue,correct
7072,Subject300,555,rejected,67,rejected,colorred,test,num1,typenegative,singlestim,65,209410,1000470,edc,paicipantresponsered,correct
7368,Subject300,481,pleasure,67,pleasure,colorred,test,num2,typepositive,singlestim,67,215098,101010,edc,paicipantresponsered,correct
7664,Subject300,461,funeral,77,funeral,colorblue,test,num2,typesuicide,singlestim,69,220764,101030,edm,paicipantresponseblue,correct
7960,Subject300,495,paper,77,paper,colorblue,test,num2,typeneutral,singlestim,71,226465,101050,edm,paicipantresponseblue,correct
8256,Subject300,429,funeral,67,funeral,colorred,test,num2,typesuicide,singlestim,73,232100,101070,edc,paicipantresponsered,correct
8552,Subject300,544,museum,67,museum,colorred,test,num2,typeneutral,singlestim,75,237849,101090,edc,paicipantresponsered,correct
8848,Subject300,463,rejected,67,rejected,colorred,test,num2,typenegative,singlestim,77,243517,1010110,edc,paicipantresponsered,correct
9144,Subject300,566,stupid,67,stupid,colorred,test,num2,typenegative,singlestim,79,249288,1010130,edc,paicipantresponsered,correct
9440,Subject300,423,rejected,77,rejected,colorblue,test,num2,typenegative,singlestim,81,254917,1010150,edm,paicipantresponseblue,correct
9736,Subject300,347,engine,67,engine,colorred,test,num2,typeneutral,singlestim,83,260470,1010170,edc,paicipantresponsered,correct
10032,Subject300,451,alone,67,alone,colorred,test,num2,typenegative,singlestim,85,266126,1010190,edc,paicipantresponsered,correct
10328,Subject300,439,suicide,77,suicide,colorblue,test,num2,typesuicide,singlestim,87,271771,1010210,edm,paicipantresponseblue,correct
10624,Subject300,450,happy,77,happy,colorblue,test,num2,typepositive,singlestim,89,277427,1010230,edm,paicipantresponseblue,correct
10920,Subject300,452,dead,77,dead,colorblue,test,num2,typesuicide,singlestim,91,283086,1010250,edm,paicipantresponseblue,correct
11216,Subject300,489,alone,77,alone,colorblue,test,num2,typenegative,singlestim,93,288781,1010270,edm,paicipantresponseblue,correct
11512,Subject300,411,success,77,success,colorblue,test,num2,typepositive,singlestim,95,294398,1010290,edm,paicipantresponseblue,correct
11808,Subject300,461,museum,77,museum,colorblue,test,num2,typeneutral,singlestim,97,300065,1010310,edm,paicipantresponseblue,correct
12104,Subject300,398,stupid,77,stupid,colorblue,test,num2,typenegative,singlestim,99,305668,1010330,edm,paicipantresponseblue,correct
12400,Subject300,443,success,67,success,colorred,test,num2,typepositive,singlestim,101,311316,1010350,edc,paicipantresponsered,correct
12696,Subject300,362,paper,67,paper,colorred,test,num2,typeneutral,singlestim,103,316884,1010370,edc,paicipantresponsered,correct
12992,Subject300,370,suicide,67,suicide,colorred,test,num2,typesuicide,singlestim,105,322460,1010390,edc,paicipantresponsered,correct
13288,Subject300,418,dead,67,dead,colorred,test,num2,typesuicide,singlestim,107,328084,1010410,edc,paicipantresponsered,correct
13584,Subject300,450,engine,77,engine,colorblue,test,num2,typeneutral,singlestim,109,333740,1010430,edm,paicipantresponseblue,correct
13880,Subject300,426,happy,67,happy,colorred,test,num2,typepositive,singlestim,111,339372,1010450,edc,paicipantresponsered,correct
14176,Subject300,402,pleasure,77,pleasure,colorblue,test,num2,typepositive,singlestim,113,344979,1010470,edm,paicipantresponseblue,correct