,SubjectID,rt,stimulus,keypress,word,color,block,blocknum,wordtype,trialtype,trialindex,timeelapsed,internalnodeid,keypressed,participantresponse,correctresponse
239,Subject272,1009,dead,67,dead,colorred,test,num1,typesuicide,singlestim,19,78414,100010,edc,paicipantresponsered,correct
535,Subject272,377,pleasure,77,pleasure,colorblue,test,num1,typepositive,singlestim,21,83998,100030,edm,paicipantresponseblue,correct
831,Subject272,338,engine,67,engine,colorred,test,num1,typeneutral,singlestim,23,89547,100050,edc,paicipantresponsered,correct
1127,Subject272,441,pleasure,67,pleasure,colorred,test,num1,typepositive,singlestim,25,95200,100070,edc,paicipantresponsered,correct
1423,Subject272,376,museum,67,museum,colorred,test,num1,typeneutral,singlestim,27,100786,100090,edc,paicipantresponsered,correct
1719,Subject272,570,success,77,success,colorblue,test,num1,typepositive,singlestim,29,106565,1000110,edm,paicipantresponseblue,correct
2015,Subject272,414,success,77,success,colorred,test,num1,typepositive,singlestim,31,112189,1000130,edm,paicipantresponseblue,incorrect
2311,Subject272,443,suicide,67,suicide,colorred,test,num1,typesuicide,singlestim,33,117843,1000150,edc,paicipantresponsered,correct
2607,Subject272,536,engine,77,engine,colorblue,test,num1,typeneutral,singlestim,35,123588,1000170,edm,paicipantresponseblue,correct
2903,Subject272,676,museum,77,museum,colorblue,test,num1,typeneutral,singlestim,37,129475,1000190,edm,paicipantresponseblue,correct
3199,Subject272,1,funeral,1,funeral,colorblue,test,num1,typesuicide,singlestim,39,136686,1000210,ed,,incorrect
3495,Subject272,771,paper,77,paper,colorblue,test,num1,typeneutral,singlestim,41,142662,1000230,edm,paicipantresponseblue,correct
3791,Subject272,487,alone,77,alone,colorblue,test,num1,typenegative,singlestim,43,148360,1000250,edm,paicipantresponseblue,correct
4087,Subject272,433,paper,67,paper,colorred,test,num1,typeneutral,singlestim,45,154002,1000270,edc,paicipantresponsered,correct
4383,Subject272,359,funeral,67,funeral,colorred,test,num1,typesuicide,singlestim,47,159573,1000290,edc,paicipantresponsered,correct
4679,Subject272,480,rejected,67,rejected,colorred,test,num1,typenegative,singlestim,49,165264,1000310,edc,paicipantresponsered,correct
4975,Subject272,983,stupid,77,stupid,colorblue,test,num1,typenegative,singlestim,51,171457,1000330,edm,paicipantresponseblue,correct
5271,Subject272,430,alone,67,alone,colorred,test,num1,typenegative,singlestim,53,177096,1000350,edc,paicipantresponsered,correct
5567,Subject272,448,dead,77,dead,colorblue,test,num1,typesuicide,singlestim,55,182756,1000370,edm,paicipantresponseblue,correct
5863,Subject272,446,rejected,67,rejected,colorblue,test,num1,typenegative,singlestim,57,188412,1000390,edc,paicipantresponsered,incorrect
6159,Subject272,395,suicide,77,suicide,colorblue,test,num1,typesuicide,singlestim,59,194016,1000410,edm,paicipantresponseblue,correct
6455,Subject272,522,happy,67,happy,colorred,test,num1,typepositive,singlestim,61,199745,1000430,edc,paicipantresponsered,correct
6751,Subject272,281,stupid,67,stupid,colorred,test,num1,typenegative,singlestim,63,205238,1000450,edc,paicipantresponsered,correct
7047,Subject272,548,happy,77,happy,colorblue,test,num1,typepositive,singlestim,65,210997,1000470,edm,paicipantresponseblue,correct
7343,Subject272,649,museum,77,museum,colorblue,test,num2,typeneutral,singlestim,67,216852,101010,edm,paicipantresponseblue,correct
7639,Subject272,501,paper,77,paper,colorblue,test,num2,typeneutral,singlestim,69,222563,101030,edm,paicipantresponseblue,correct
7935,Subject272,553,alone,77,alone,colorblue,test,num2,typenegative,singlestim,71,228324,101050,edm,paicipantresponseblue,correct
8231,Subject272,476,dead,77,dead,colorblue,test,num2,typesuicide,singlestim,73,234013,101070,edm,paicipantresponseblue,correct
8527,Subject272,527,success,67,success,colorred,test,num2,typepositive,singlestim,75,239753,101090,edc,paicipantresponsered,correct
8823,Subject272,790,museum,67,museum,colorred,test,num2,typeneutral,singlestim,77,245752,1010110,edc,paicipantresponsered,correct
9119,Subject272,320,funeral,77,funeral,colorred,test,num2,typesuicide,singlestim,79,251280,1010130,edm,paicipantresponseblue,incorrect
9415,Subject272,676,suicide,77,suicide,colorblue,test,num2,typesuicide,singlestim,81,257167,1010150,edm,paicipantresponseblue,correct
9711,Subject272,484,happy,77,happy,colorblue,test,num2,typepositive,singlestim,83,262862,1010170,edm,paicipantresponseblue,correct
10007,Subject272,824,rejected,77,rejected,colorblue,test,num2,typenegative,singlestim,85,268898,1010190,edm,paicipantresponseblue,correct
10303,Subject272,551,pleasure,77,pleasure,colorblue,test,num2,typepositive,singlestim,87,274658,1010210,edm,paicipantresponseblue,correct
10599,Subject272,347,engine,77,engine,colorblue,test,num2,typeneutral,singlestim,89,280213,1010230,edm,paicipantresponseblue,correct
10895,Subject272,469,dead,86,dead,colorred,test,num2,typesuicide,singlestim,91,285891,1010250,edv,,incorrect
11191,Subject272,474,paper,86,paper,colorred,test,num2,typeneutral,singlestim,93,291574,1010270,edv,,incorrect
11487,Subject272,893,happy,86,happy,colorred,test,num2,typepositive,singlestim,95,297678,1010290,edv,,incorrect
11783,Subject272,456,success,77,success,colorblue,test,num2,typepositive,singlestim,97,303345,1010310,edm,paicipantresponseblue,correct
12079,Subject272,705,pleasure,86,pleasure,colorred,test,num2,typepositive,singlestim,99,309261,1010330,edv,,incorrect
12375,Subject272,417,stupid,77,stupid,colorblue,test,num2,typenegative,singlestim,101,314885,1010350,edm,paicipantresponseblue,correct
12671,Subject272,685,suicide,86,suicide,colorred,test,num2,typesuicide,singlestim,103,320782,1010370,edv,,incorrect
12967,Subject272,795,alone,86,alone,colorred,test,num2,typenegative,singlestim,105,326788,1010390,edv,,incorrect
13263,Subject272,350,rejected,86,rejected,colorred,test,num2,typenegative,singlestim,107,332345,1010410,edv,,incorrect
13559,Subject272,733,engine,86,engine,colorred,test,num2,typeneutral,singlestim,109,338288,1010430,edv,,incorrect
13855,Subject272,455,funeral,77,funeral,colorblue,test,num2,typesuicide,singlestim,111,343955,1010450,edm,paicipantresponseblue,correct
14151,Subject272,540,stupid,86,stupid,colorred,test,num2,typenegative,singlestim,113,349706,1010470,edv,,incorrect