,SubjectID,rt,stimulus,keypress,word,color,block,blocknum,wordtype,trialtype,trialindex,timeelapsed,internalnodeid,keypressed,participantresponse,correctresponse
126,Subject136,1768,pleasure,67,pleasure,colorred,test,num1,typepositive,singlestim,19,64495,100010,edc,paicipantresponsered,correct
422,Subject136,899,happy,67,happy,colorred,test,num1,typepositive,singlestim,21,70605,100030,edc,paicipantresponsered,correct
718,Subject136,383,pleasure,77,pleasure,colorblue,test,num1,typepositive,singlestim,23,76204,100050,edm,paicipantresponseblue,correct
1014,Subject136,599,engine,67,engine,colorred,test,num1,typeneutral,singlestim,25,82011,100070,edc,paicipantresponsered,correct
1310,Subject136,436,museum,77,museum,colorblue,test,num1,typeneutral,singlestim,27,87656,100090,edm,paicipantresponseblue,correct
1606,Subject136,550,paper,67,paper,colorblue,test,num1,typeneutral,singlestim,29,93415,1000110,edc,paicipantresponsered,incorrect
1902,Subject136,442,funeral,67,funeral,colorred,test,num1,typesuicide,singlestim,31,99069,1000130,edc,paicipantresponsered,correct
2198,Subject136,534,dead,67,dead,colorred,test,num1,typesuicide,singlestim,33,104812,1000150,edc,paicipantresponsered,correct
2494,Subject136,804,success,77,success,colorblue,test,num1,typepositive,singlestim,35,110826,1000170,edm,paicipantresponseblue,correct
2790,Subject136,518,dead,77,dead,colorblue,test,num1,typesuicide,singlestim,37,116552,1000190,edm,paicipantresponseblue,correct
3086,Subject136,485,rejected,67,rejected,colorred,test,num1,typenegative,singlestim,39,122247,1000210,edc,paicipantresponsered,correct
3382,Subject136,860,funeral,77,funeral,colorblue,test,num1,typesuicide,singlestim,41,128318,1000230,edm,paicipantresponseblue,correct
3678,Subject136,499,engine,77,engine,colorblue,test,num1,typeneutral,singlestim,43,134028,1000250,edm,paicipantresponseblue,correct
3974,Subject136,741,paper,67,paper,colorred,test,num1,typeneutral,singlestim,45,139978,1000270,edc,paicipantresponsered,correct
4270,Subject136,617,suicide,67,suicide,colorred,test,num1,typesuicide,singlestim,47,145808,1000290,edc,paicipantresponsered,correct
4566,Subject136,454,suicide,77,suicide,colorblue,test,num1,typesuicide,singlestim,49,151472,1000310,edm,paicipantresponseblue,correct
4862,Subject136,581,alone,67,alone,colorred,test,num1,typenegative,singlestim,51,157261,1000330,edc,paicipantresponsered,correct
5158,Subject136,691,museum,67,museum,colorred,test,num1,typeneutral,singlestim,53,163165,1000350,edc,paicipantresponsered,correct
5454,Subject136,569,success,67,success,colorred,test,num1,typepositive,singlestim,55,168946,1000370,edc,paicipantresponsered,correct
5750,Subject136,531,stupid,67,stupid,colorred,test,num1,typenegative,singlestim,57,174689,1000390,edc,paicipantresponsered,correct
6046,Subject136,456,happy,77,happy,colorblue,test,num1,typepositive,singlestim,59,180359,1000410,edm,paicipantresponseblue,correct
6342,Subject136,419,rejected,77,rejected,colorblue,test,num1,typenegative,singlestim,61,185989,1000430,edm,paicipantresponseblue,correct
6638,Subject136,612,alone,77,alone,colorblue,test,num1,typenegative,singlestim,63,191812,1000450,edm,paicipantresponseblue,correct
6934,Subject136,467,stupid,77,stupid,colorblue,test,num1,typenegative,singlestim,65,197491,1000470,edm,paicipantresponseblue,correct
7230,Subject136,511,alone,77,alone,colorblue,test,num2,typenegative,singlestim,67,203209,101010,edm,paicipantresponseblue,correct
7526,Subject136,442,pleasure,67,pleasure,colorred,test,num2,typepositive,singlestim,69,208864,101030,edc,paicipantresponsered,correct
7822,Subject136,974,stupid,77,stupid,colorblue,test,num2,typenegative,singlestim,71,215046,101050,edm,paicipantresponseblue,correct
8118,Subject136,472,funeral,77,funeral,colorblue,test,num2,typesuicide,singlestim,73,220724,101070,edm,paicipantresponseblue,correct
8414,Subject136,742,happy,77,happy,colorblue,test,num2,typepositive,singlestim,75,226674,101090,edm,paicipantresponseblue,correct
8710,Subject136,437,rejected,77,rejected,colorblue,test,num2,typenegative,singlestim,77,232322,1010110,edm,paicipantresponseblue,correct
9006,Subject136,540,engine,77,engine,colorblue,test,num2,typeneutral,singlestim,79,238072,1010130,edm,paicipantresponseblue,correct
9302,Subject136,580,engine,67,engine,colorred,test,num2,typeneutral,singlestim,81,243864,1010150,edc,paicipantresponsered,correct
9598,Subject136,451,happy,67,happy,colorred,test,num2,typepositive,singlestim,83,249524,1010170,edc,paicipantresponsered,correct
9894,Subject136,675,success,77,success,colorblue,test,num2,typepositive,singlestim,85,255412,1010190,edm,paicipantresponseblue,correct
10190,Subject136,953,suicide,67,suicide,colorred,test,num2,typesuicide,singlestim,87,261578,1010210,edc,paicipantresponsered,correct
10486,Subject136,517,funeral,67,funeral,colorred,test,num2,typesuicide,singlestim,89,267306,1010230,edc,paicipantresponsered,correct
10782,Subject136,780,pleasure,77,pleasure,colorblue,test,num2,typepositive,singlestim,91,273294,1010250,edm,paicipantresponseblue,correct
11078,Subject136,671,dead,67,dead,colorred,test,num2,typesuicide,singlestim,93,279174,1010270,edc,paicipantresponsered,correct
11374,Subject136,568,success,67,success,colorred,test,num2,typepositive,singlestim,95,284955,1010290,edc,paicipantresponsered,correct
11670,Subject136,524,stupid,67,stupid,colorred,test,num2,typenegative,singlestim,97,290690,1010310,edc,paicipantresponsered,correct
11966,Subject136,548,rejected,67,rejected,colorred,test,num2,typenegative,singlestim,99,296447,1010330,edc,paicipantresponsered,correct
12262,Subject136,833,dead,77,dead,colorblue,test,num2,typesuicide,singlestim,101,302487,1010350,edm,paicipantresponseblue,correct
12558,Subject136,638,museum,67,museum,colorred,test,num2,typeneutral,singlestim,103,308332,1010370,edc,paicipantresponsered,correct
12854,Subject136,613,alone,67,alone,colorred,test,num2,typenegative,singlestim,105,314157,1010390,edc,paicipantresponsered,correct
13150,Subject136,488,museum,77,museum,colorblue,test,num2,typeneutral,singlestim,107,319858,1010410,edm,paicipantresponseblue,correct
13446,Subject136,492,paper,77,paper,colorblue,test,num2,typeneutral,singlestim,109,325561,1010430,edm,paicipantresponseblue,correct
13742,Subject136,628,paper,67,paper,colorred,test,num2,typeneutral,singlestim,111,331398,1010450,edc,paicipantresponsered,correct
14038,Subject136,444,suicide,77,suicide,colorblue,test,num2,typesuicide,singlestim,113,337054,1010470,edm,paicipantresponseblue,correct