,SubjectID,rt,stimulus,keypress,word,color,block,blocknum,wordtype,trialtype,trialindex,timeelapsed,internalnodeid,keypressed,participantresponse,correctresponse
187,Subject219,426,suicide,77,suicide,colorblue,test,num1,typesuicide,singlestim,19,65107,100010,edm,paicipantresponseblue,correct
483,Subject219,327,pleasure,67,pleasure,colorred,test,num1,typepositive,singlestim,21,70640,100030,edc,paicipantresponsered,correct
779,Subject219,350,funeral,67,funeral,colorred,test,num1,typesuicide,singlestim,23,76196,100050,edc,paicipantresponsered,correct
1075,Subject219,340,happy,67,happy,colorred,test,num1,typepositive,singlestim,25,81743,100070,edc,paicipantresponsered,correct
1371,Subject219,370,stupid,67,stupid,colorred,test,num1,typenegative,singlestim,27,87318,100090,edc,paicipantresponsered,correct
1667,Subject219,384,pleasure,77,pleasure,colorblue,test,num1,typepositive,singlestim,29,92911,1000110,edm,paicipantresponseblue,correct
1963,Subject219,423,happy,77,happy,colorblue,test,num1,typepositive,singlestim,31,98541,1000130,edm,paicipantresponseblue,correct
2259,Subject219,346,success,67,success,colorred,test,num1,typepositive,singlestim,33,104092,1000150,edc,paicipantresponsered,correct
2555,Subject219,306,museum,77,museum,colorblue,test,num1,typeneutral,singlestim,35,109603,1000170,edm,paicipantresponseblue,correct
2851,Subject219,422,museum,67,museum,colorred,test,num1,typeneutral,singlestim,37,115231,1000190,edc,paicipantresponsered,correct
3147,Subject219,524,dead,67,dead,colorred,test,num1,typesuicide,singlestim,39,120963,1000210,edc,paicipantresponsered,correct
3443,Subject219,497,paper,67,paper,colorred,test,num1,typeneutral,singlestim,41,126665,1000230,edc,paicipantresponsered,correct
3739,Subject219,513,stupid,77,stupid,colorblue,test,num1,typenegative,singlestim,43,132382,1000250,edm,paicipantresponseblue,correct
4035,Subject219,451,funeral,77,funeral,colorblue,test,num1,typesuicide,singlestim,45,138037,1000270,edm,paicipantresponseblue,correct
4331,Subject219,362,rejected,77,rejected,colorblue,test,num1,typenegative,singlestim,47,143605,1000290,edm,paicipantresponseblue,correct
4627,Subject219,522,rejected,67,rejected,colorred,test,num1,typenegative,singlestim,49,149332,1000310,edc,paicipantresponsered,correct
4923,Subject219,412,engine,77,engine,colorblue,test,num1,typeneutral,singlestim,51,154950,1000330,edm,paicipantresponseblue,correct
5219,Subject219,479,success,77,success,colorblue,test,num1,typepositive,singlestim,53,160631,1000350,edm,paicipantresponseblue,correct
5515,Subject219,456,alone,67,alone,colorred,test,num1,typenegative,singlestim,55,166291,1000370,edc,paicipantresponsered,correct
5811,Subject219,431,alone,77,alone,colorblue,test,num1,typenegative,singlestim,57,171926,1000390,edm,paicipantresponseblue,correct
6107,Subject219,442,engine,67,engine,colorred,test,num1,typeneutral,singlestim,59,177575,1000410,edc,paicipantresponsered,correct
6403,Subject219,393,suicide,67,suicide,colorred,test,num1,typesuicide,singlestim,61,183174,1000430,edc,paicipantresponsered,correct
6699,Subject219,368,paper,77,paper,colorblue,test,num1,typeneutral,singlestim,63,188747,1000450,edm,paicipantresponseblue,correct
6995,Subject219,689,dead,77,dead,colorblue,test,num1,typesuicide,singlestim,65,194642,1000470,edm,paicipantresponseblue,correct
7291,Subject219,419,alone,67,alone,colorred,test,num2,typenegative,singlestim,67,200268,101010,edc,paicipantresponsered,correct
7587,Subject219,384,stupid,77,stupid,colorblue,test,num2,typenegative,singlestim,69,205857,101030,edm,paicipantresponseblue,correct
7883,Subject219,472,museum,67,museum,colorred,test,num2,typeneutral,singlestim,71,211533,101050,edc,paicipantresponsered,correct
8179,Subject219,439,alone,77,alone,colorblue,test,num2,typenegative,singlestim,73,217176,101070,edm,paicipantresponseblue,correct
8475,Subject219,435,pleasure,77,pleasure,colorred,test,num2,typepositive,singlestim,75,222817,101090,edm,paicipantresponseblue,incorrect
8771,Subject219,600,funeral,77,funeral,colorblue,test,num2,typesuicide,singlestim,77,228623,1010110,edm,paicipantresponseblue,correct
9067,Subject219,376,success,67,success,colorred,test,num2,typepositive,singlestim,79,234204,1010130,edc,paicipantresponsered,correct
9363,Subject219,412,pleasure,77,pleasure,colorblue,test,num2,typepositive,singlestim,81,239822,1010150,edm,paicipantresponseblue,correct
9659,Subject219,677,engine,67,engine,colorred,test,num2,typeneutral,singlestim,83,245707,1010170,edc,paicipantresponsered,correct
9955,Subject219,417,suicide,77,suicide,colorblue,test,num2,typesuicide,singlestim,85,251329,1010190,edm,paicipantresponseblue,correct
10251,Subject219,473,museum,77,museum,colorblue,test,num2,typeneutral,singlestim,87,257005,1010210,edm,paicipantresponseblue,correct
10547,Subject219,411,stupid,67,stupid,colorred,test,num2,typenegative,singlestim,89,262623,1010230,edc,paicipantresponsered,correct
10843,Subject219,385,happy,67,happy,colorred,test,num2,typepositive,singlestim,91,268211,1010250,edc,paicipantresponsered,correct
11139,Subject219,423,rejected,77,rejected,colorblue,test,num2,typenegative,singlestim,93,273840,1010270,edm,paicipantresponseblue,correct
11435,Subject219,378,success,77,success,colorblue,test,num2,typepositive,singlestim,95,279422,1010290,edm,paicipantresponseblue,correct
11731,Subject219,389,happy,77,happy,colorblue,test,num2,typepositive,singlestim,97,285015,1010310,edm,paicipantresponseblue,correct
12027,Subject219,363,dead,67,dead,colorred,test,num2,typesuicide,singlestim,99,290583,1010330,edc,paicipantresponsered,correct
12323,Subject219,620,funeral,67,funeral,colorred,test,num2,typesuicide,singlestim,101,296410,1010350,edc,paicipantresponsered,correct
12619,Subject219,397,rejected,67,rejected,colorred,test,num2,typenegative,singlestim,103,302012,1010370,edc,paicipantresponsered,correct
12915,Subject219,378,paper,77,paper,colorblue,test,num2,typeneutral,singlestim,105,307593,1010390,edm,paicipantresponseblue,correct
13211,Subject219,717,engine,77,engine,colorblue,test,num2,typeneutral,singlestim,107,313513,1010410,edm,paicipantresponseblue,correct
13507,Subject219,497,suicide,67,suicide,colorred,test,num2,typesuicide,singlestim,109,319216,1010430,edc,paicipantresponsered,correct
13803,Subject219,582,paper,67,paper,colorred,test,num2,typeneutral,singlestim,111,325002,1010450,edc,paicipantresponsered,correct
14099,Subject219,462,dead,77,dead,colorblue,test,num2,typesuicide,singlestim,113,330669,1010470,edm,paicipantresponseblue,correct