,SubjectID,rt,stimulus,keypress,word,color,block,blocknum,wordtype,trialtype,trialindex,timeelapsed,internalnodeid,keypressed,participantresponse,correctresponse
103,Subject111,335,engine,77,engine,colorblue,test,num1,typeneutral,singlestim,19,105492,100010,edm,paicipantresponseblue,correct
399,Subject111,315,success,77,success,colorblue,test,num1,typepositive,singlestim,21,111018,100030,edm,paicipantresponseblue,correct
695,Subject111,331,museum,67,museum,colorred,test,num1,typeneutral,singlestim,23,116556,100050,edc,paicipantresponsered,correct
991,Subject111,309,dead,77,dead,colorblue,test,num1,typesuicide,singlestim,25,122072,100070,edm,paicipantresponseblue,correct
1287,Subject111,431,stupid,77,stupid,colorblue,test,num1,typenegative,singlestim,27,127714,100090,edm,paicipantresponseblue,correct
1583,Subject111,312,stupid,67,stupid,colorred,test,num1,typenegative,singlestim,29,133240,1000110,edc,paicipantresponsered,correct
1879,Subject111,330,funeral,77,funeral,colorblue,test,num1,typesuicide,singlestim,31,138777,1000130,edm,paicipantresponseblue,correct
2175,Subject111,385,suicide,77,suicide,colorblue,test,num1,typesuicide,singlestim,33,144374,1000150,edm,paicipantresponseblue,correct
2471,Subject111,458,pleasure,67,pleasure,colorred,test,num1,typepositive,singlestim,35,150040,1000170,edc,paicipantresponsered,correct
2767,Subject111,552,pleasure,77,pleasure,colorblue,test,num1,typepositive,singlestim,37,155805,1000190,edm,paicipantresponseblue,correct
3063,Subject111,420,rejected,77,rejected,colorblue,test,num1,typenegative,singlestim,39,161437,1000210,edm,paicipantresponseblue,correct
3359,Subject111,538,happy,67,happy,colorred,test,num1,typepositive,singlestim,41,167181,1000230,edc,paicipantresponsered,correct
3655,Subject111,562,dead,77,dead,colorred,test,num1,typesuicide,singlestim,43,172953,1000250,edm,paicipantresponseblue,incorrect
3951,Subject111,341,paper,77,paper,colorblue,test,num1,typeneutral,singlestim,45,178505,1000270,edm,paicipantresponseblue,correct
4247,Subject111,410,museum,77,museum,colorblue,test,num1,typeneutral,singlestim,47,184126,1000290,edm,paicipantresponseblue,correct
4543,Subject111,362,paper,67,paper,colorred,test,num1,typeneutral,singlestim,49,189697,1000310,edc,paicipantresponsered,correct
4839,Subject111,386,rejected,67,rejected,colorred,test,num1,typenegative,singlestim,51,195295,1000330,edc,paicipantresponsered,correct
5135,Subject111,422,suicide,67,suicide,colorred,test,num1,typesuicide,singlestim,53,200929,1000350,edc,paicipantresponsered,correct
5431,Subject111,522,engine,67,engine,colorred,test,num1,typeneutral,singlestim,55,206661,1000370,edc,paicipantresponsered,correct
5727,Subject111,489,funeral,67,funeral,colorred,test,num1,typesuicide,singlestim,57,212362,1000390,edc,paicipantresponsered,correct
6023,Subject111,423,happy,77,happy,colorblue,test,num1,typepositive,singlestim,59,217994,1000410,edm,paicipantresponseblue,correct
6319,Subject111,521,alone,77,alone,colorblue,test,num1,typenegative,singlestim,61,223725,1000430,edm,paicipantresponseblue,correct
6615,Subject111,491,success,67,success,colorred,test,num1,typepositive,singlestim,63,229430,1000450,edc,paicipantresponsered,correct
6911,Subject111,427,alone,67,alone,colorred,test,num1,typenegative,singlestim,65,235065,1000470,edc,paicipantresponsered,correct
7207,Subject111,357,happy,67,happy,colorred,test,num2,typepositive,singlestim,67,240634,101010,edc,paicipantresponsered,correct
7503,Subject111,334,pleasure,77,pleasure,colorblue,test,num2,typepositive,singlestim,69,246175,101030,edm,paicipantresponseblue,correct
7799,Subject111,429,stupid,67,stupid,colorblue,test,num2,typenegative,singlestim,71,251816,101050,edc,paicipantresponsered,incorrect
8095,Subject111,704,success,77,success,colorblue,test,num2,typepositive,singlestim,73,257726,101070,edm,paicipantresponseblue,correct
8391,Subject111,426,funeral,67,funeral,colorred,test,num2,typesuicide,singlestim,75,263363,101090,edc,paicipantresponsered,correct
8687,Subject111,405,funeral,77,funeral,colorblue,test,num2,typesuicide,singlestim,77,268979,1010110,edm,paicipantresponseblue,correct
8983,Subject111,357,museum,67,museum,colorred,test,num2,typeneutral,singlestim,79,274546,1010130,edc,paicipantresponsered,correct
9279,Subject111,299,engine,77,engine,colorblue,test,num2,typeneutral,singlestim,81,280058,1010150,edm,paicipantresponseblue,correct
9575,Subject111,479,engine,67,engine,colorred,test,num2,typeneutral,singlestim,83,285745,1010170,edc,paicipantresponsered,correct
9871,Subject111,395,alone,67,alone,colorred,test,num2,typenegative,singlestim,85,291351,1010190,edc,paicipantresponsered,correct
10167,Subject111,375,dead,67,dead,colorred,test,num2,typesuicide,singlestim,87,296934,1010210,edc,paicipantresponsered,correct
10463,Subject111,450,pleasure,67,pleasure,colorred,test,num2,typepositive,singlestim,89,302595,1010230,edc,paicipantresponsered,correct
10759,Subject111,357,rejected,67,rejected,colorred,test,num2,typenegative,singlestim,91,308157,1010250,edc,paicipantresponsered,correct
11055,Subject111,569,paper,77,paper,colorblue,test,num2,typeneutral,singlestim,93,313938,1010270,edm,paicipantresponseblue,correct
11351,Subject111,572,rejected,77,rejected,colorblue,test,num2,typenegative,singlestim,95,319720,1010290,edm,paicipantresponseblue,correct
11647,Subject111,642,museum,77,museum,colorblue,test,num2,typeneutral,singlestim,97,325570,1010310,edm,paicipantresponseblue,correct
11943,Subject111,404,suicide,67,suicide,colorred,test,num2,typesuicide,singlestim,99,331183,1010330,edc,paicipantresponsered,correct
12239,Subject111,317,stupid,67,stupid,colorred,test,num2,typenegative,singlestim,101,336705,1010350,edc,paicipantresponsered,correct
12535,Subject111,528,suicide,77,suicide,colorblue,test,num2,typesuicide,singlestim,103,342440,1010370,edm,paicipantresponseblue,correct
12831,Subject111,451,paper,67,paper,colorred,test,num2,typeneutral,singlestim,105,348104,1010390,edc,paicipantresponsered,correct
13127,Subject111,372,happy,77,happy,colorblue,test,num2,typepositive,singlestim,107,353687,1010410,edm,paicipantresponseblue,correct
13423,Subject111,401,dead,77,dead,colorblue,test,num2,typesuicide,singlestim,109,359299,1010430,edm,paicipantresponseblue,correct
13719,Subject111,490,success,67,success,colorred,test,num2,typepositive,singlestim,111,364997,1010450,edc,paicipantresponsered,correct
14015,Subject111,585,alone,67,alone,colorblue,test,num2,typenegative,singlestim,113,370792,1010470,edc,paicipantresponsered,incorrect