,SubjectID,rt,stimulus,keypress,word,color,block,blocknum,wordtype,trialtype,trialindex,timeelapsed,internalnodeid,keypressed,participantresponse,correctresponse
43,Subject44,774,alone,77,alone,colorblue,test,num1,typenegative,singlestim,19,73189,100010,edm,paicipantresponseblue,correct
339,Subject44,673,happy,77,happy,colorblue,test,num1,typepositive,singlestim,21,79069,100030,edm,paicipantresponseblue,correct
635,Subject44,396,funeral,67,funeral,colorred,test,num1,typesuicide,singlestim,23,84669,100050,edc,paicipantresponsered,correct
931,Subject44,593,rejected,77,rejected,colorblue,test,num1,typenegative,singlestim,25,90468,100070,edm,paicipantresponseblue,correct
1227,Subject44,1050,suicide,77,suicide,colorblue,test,num1,typesuicide,singlestim,27,96724,100090,edm,paicipantresponseblue,correct
1523,Subject44,482,dead,77,dead,colorblue,test,num1,typesuicide,singlestim,29,102412,1000110,edm,paicipantresponseblue,correct
1819,Subject44,838,stupid,77,stupid,colorblue,test,num1,typenegative,singlestim,31,108457,1000130,edm,paicipantresponseblue,correct
2115,Subject44,873,pleasure,77,pleasure,colorblue,test,num1,typepositive,singlestim,33,114537,1000150,edm,paicipantresponseblue,correct
2411,Subject44,431,paper,77,paper,colorblue,test,num1,typeneutral,singlestim,35,120174,1000170,edm,paicipantresponseblue,correct
2707,Subject44,351,success,67,success,colorred,test,num1,typepositive,singlestim,37,125728,1000190,edc,paicipantresponsered,correct
3003,Subject44,730,museum,77,museum,colorblue,test,num1,typeneutral,singlestim,39,131665,1000210,edm,paicipantresponseblue,correct
3299,Subject44,588,pleasure,67,pleasure,colorred,test,num1,typepositive,singlestim,41,137459,1000230,edc,paicipantresponsered,correct
3595,Subject44,471,suicide,67,suicide,colorred,test,num1,typesuicide,singlestim,43,143135,1000250,edc,paicipantresponsered,correct
3891,Subject44,532,engine,77,engine,colorblue,test,num1,typeneutral,singlestim,45,148873,1000270,edm,paicipantresponseblue,correct
4187,Subject44,943,paper,67,paper,colorred,test,num1,typeneutral,singlestim,47,155020,1000290,edc,paicipantresponsered,correct
4483,Subject44,495,happy,67,happy,colorred,test,num1,typepositive,singlestim,49,160720,1000310,edc,paicipantresponsered,correct
4779,Subject44,542,stupid,67,stupid,colorred,test,num1,typenegative,singlestim,51,166467,1000330,edc,paicipantresponsered,correct
5075,Subject44,321,engine,67,engine,colorred,test,num1,typeneutral,singlestim,53,171995,1000350,edc,paicipantresponsered,correct
5371,Subject44,478,success,77,success,colorblue,test,num1,typepositive,singlestim,55,177681,1000370,edm,paicipantresponseblue,correct
5667,Subject44,438,alone,67,alone,colorred,test,num1,typenegative,singlestim,57,183325,1000390,edc,paicipantresponsered,correct
5963,Subject44,468,dead,67,dead,colorred,test,num1,typesuicide,singlestim,59,189000,1000410,edc,paicipantresponsered,correct
6259,Subject44,511,museum,67,museum,colorred,test,num1,typeneutral,singlestim,61,194717,1000430,edc,paicipantresponsered,correct
6555,Subject44,407,rejected,67,rejected,colorred,test,num1,typenegative,singlestim,63,200329,1000450,edc,paicipantresponsered,correct
6851,Subject44,719,funeral,77,funeral,colorblue,test,num1,typesuicide,singlestim,65,206253,1000470,edm,paicipantresponseblue,correct
7147,Subject44,370,paper,77,paper,colorblue,test,num2,typeneutral,singlestim,67,211829,101010,edm,paicipantresponseblue,correct
7443,Subject44,453,success,67,success,colorred,test,num2,typepositive,singlestim,69,217487,101030,edc,paicipantresponsered,correct
7739,Subject44,400,pleasure,67,pleasure,colorred,test,num2,typepositive,singlestim,71,223093,101050,edc,paicipantresponsered,correct
8035,Subject44,432,funeral,77,funeral,colorblue,test,num2,typesuicide,singlestim,73,228730,101070,edm,paicipantresponseblue,correct
8331,Subject44,674,alone,67,alone,colorred,test,num2,typenegative,singlestim,75,234609,101090,edc,paicipantresponsered,correct
8627,Subject44,718,happy,67,happy,colorred,test,num2,typepositive,singlestim,77,240534,1010110,edc,paicipantresponsered,correct
8923,Subject44,494,rejected,67,rejected,colorred,test,num2,typenegative,singlestim,79,246233,1010130,edc,paicipantresponsered,correct
9219,Subject44,550,paper,67,paper,colorred,test,num2,typeneutral,singlestim,81,251987,1010150,edc,paicipantresponsered,correct
9515,Subject44,620,stupid,77,stupid,colorblue,test,num2,typenegative,singlestim,83,257813,1010170,edm,paicipantresponseblue,correct
9811,Subject44,752,museum,67,museum,colorred,test,num2,typeneutral,singlestim,85,263771,1010190,edc,paicipantresponsered,correct
10107,Subject44,695,museum,67,museum,colorblue,test,num2,typeneutral,singlestim,87,269670,1010210,edc,paicipantresponsered,incorrect
10403,Subject44,546,pleasure,77,pleasure,colorblue,test,num2,typepositive,singlestim,89,275424,1010230,edm,paicipantresponseblue,correct
10699,Subject44,449,engine,67,engine,colorred,test,num2,typeneutral,singlestim,91,281079,1010250,edc,paicipantresponsered,correct
10995,Subject44,406,suicide,67,suicide,colorred,test,num2,typesuicide,singlestim,93,286691,1010270,edc,paicipantresponsered,correct
11291,Subject44,492,rejected,77,rejected,colorblue,test,num2,typenegative,singlestim,95,292391,1010290,edm,paicipantresponseblue,correct
11587,Subject44,430,engine,77,engine,colorblue,test,num2,typeneutral,singlestim,97,298026,1010310,edm,paicipantresponseblue,correct
11883,Subject44,440,success,77,success,colorblue,test,num2,typepositive,singlestim,99,303673,1010330,edm,paicipantresponseblue,correct
12179,Subject44,625,dead,67,dead,colorred,test,num2,typesuicide,singlestim,101,309504,1010350,edc,paicipantresponsered,correct
12475,Subject44,521,dead,77,dead,colorblue,test,num2,typesuicide,singlestim,103,315230,1010370,edm,paicipantresponseblue,correct
12771,Subject44,750,funeral,67,funeral,colorred,test,num2,typesuicide,singlestim,105,321187,1010390,edc,paicipantresponsered,correct
13067,Subject44,465,stupid,67,stupid,colorred,test,num2,typenegative,singlestim,107,326858,1010410,edc,paicipantresponsered,correct
13363,Subject44,578,happy,77,happy,colorblue,test,num2,typepositive,singlestim,109,332642,1010430,edm,paicipantresponseblue,correct
13659,Subject44,935,suicide,77,suicide,colorblue,test,num2,typesuicide,singlestim,111,338782,1010450,edm,paicipantresponseblue,correct
13955,Subject44,1283,alone,77,alone,colorblue,test,num2,typenegative,singlestim,113,345271,1010470,edm,paicipantresponseblue,correct