,SubjectID,rt,stimulus,keypress,word,color,block,blocknum,wordtype,trialtype,trialindex,timeelapsed,internalnodeid,keypressed,participantresponse,correctresponse
101,Subject109,815,museum,77,museum,colorblue,test,num1,typeneutral,singlestim,19,118602,100010,edm,paicipantresponseblue,correct
397,Subject109,398,stupid,67,stupid,colorred,test,num1,typenegative,singlestim,21,124270,100030,edc,paicipantresponsered,correct
693,Subject109,525,dead,77,dead,colorblue,test,num1,typesuicide,singlestim,23,130051,100050,edm,paicipantresponseblue,correct
989,Subject109,360,paper,67,paper,colorred,test,num1,typeneutral,singlestim,25,135690,100070,edc,paicipantresponsered,correct
1285,Subject109,385,museum,67,museum,colorred,test,num1,typeneutral,singlestim,27,141340,100090,edc,paicipantresponsered,correct
1581,Subject109,289,happy,77,happy,colorblue,test,num1,typepositive,singlestim,29,146885,1000110,edm,paicipantresponseblue,correct
1877,Subject109,348,engine,77,engine,colorblue,test,num1,typeneutral,singlestim,31,152492,1000130,edm,paicipantresponseblue,correct
2173,Subject109,447,pleasure,67,pleasure,colorred,test,num1,typepositive,singlestim,33,158200,1000150,edc,paicipantresponsered,correct
2469,Subject109,307,stupid,77,stupid,colorblue,test,num1,typenegative,singlestim,35,163772,1000170,edm,paicipantresponseblue,correct
2765,Subject109,391,funeral,77,funeral,colorblue,test,num1,typesuicide,singlestim,37,169433,1000190,edm,paicipantresponseblue,correct
3061,Subject109,361,pleasure,77,pleasure,colorblue,test,num1,typepositive,singlestim,39,175052,1000210,edm,paicipantresponseblue,correct
3357,Subject109,325,alone,67,alone,colorred,test,num1,typenegative,singlestim,41,180653,1000230,edc,paicipantresponsered,correct
3653,Subject109,362,engine,67,engine,colorred,test,num1,typeneutral,singlestim,43,186274,1000250,edc,paicipantresponsered,correct
3949,Subject109,342,paper,77,paper,colorblue,test,num1,typeneutral,singlestim,45,191876,1000270,edm,paicipantresponseblue,correct
4245,Subject109,321,success,77,success,colorblue,test,num1,typepositive,singlestim,47,197442,1000290,edm,paicipantresponseblue,correct
4541,Subject109,379,dead,67,dead,colorred,test,num1,typesuicide,singlestim,49,203056,1000310,edc,paicipantresponsered,correct
4837,Subject109,282,alone,77,alone,colorblue,test,num1,typenegative,singlestim,51,208599,1000330,edm,paicipantresponseblue,correct
5133,Subject109,287,suicide,67,suicide,colorred,test,num1,typesuicide,singlestim,53,214160,1000350,edc,paicipantresponsered,correct
5429,Subject109,453,rejected,77,rejected,colorblue,test,num1,typenegative,singlestim,55,219849,1000370,edm,paicipantresponseblue,correct
5725,Subject109,459,rejected,67,rejected,colorred,test,num1,typenegative,singlestim,57,225556,1000390,edc,paicipantresponsered,correct
6021,Subject109,377,happy,67,happy,colorred,test,num1,typepositive,singlestim,59,231163,1000410,edc,paicipantresponsered,correct
6317,Subject109,377,funeral,67,funeral,colorred,test,num1,typesuicide,singlestim,61,236774,1000430,edc,paicipantresponsered,correct
6613,Subject109,450,success,67,success,colorred,test,num1,typepositive,singlestim,63,242499,1000450,edc,paicipantresponsered,correct
6909,Subject109,293,suicide,77,suicide,colorblue,test,num1,typesuicide,singlestim,65,248066,1000470,edm,paicipantresponseblue,correct
7205,Subject109,346,happy,67,happy,colorred,test,num2,typepositive,singlestim,67,253688,101010,edc,paicipantresponsered,correct
7501,Subject109,347,stupid,77,stupid,colorblue,test,num2,typenegative,singlestim,69,259291,101030,edm,paicipantresponseblue,correct
7797,Subject109,377,suicide,77,suicide,colorblue,test,num2,typesuicide,singlestim,71,264919,101050,edm,paicipantresponseblue,correct
8093,Subject109,350,engine,77,engine,colorblue,test,num2,typeneutral,singlestim,73,270531,101070,edm,paicipantresponseblue,correct
8389,Subject109,395,suicide,67,suicide,colorred,test,num2,typesuicide,singlestim,75,276186,101090,edc,paicipantresponsered,correct
8685,Subject109,421,success,67,success,colorred,test,num2,typepositive,singlestim,77,281880,1010110,edc,paicipantresponsered,correct
8981,Subject109,233,rejected,77,rejected,colorred,test,num2,typenegative,singlestim,79,287373,1010130,edm,paicipantresponseblue,incorrect
9277,Subject109,356,museum,77,museum,colorblue,test,num2,typeneutral,singlestim,81,292977,1010150,edm,paicipantresponseblue,correct
9573,Subject109,474,success,77,success,colorblue,test,num2,typepositive,singlestim,83,298693,1010170,edm,paicipantresponseblue,correct
9869,Subject109,380,stupid,67,stupid,colorred,test,num2,typenegative,singlestim,85,304384,1010190,edc,paicipantresponsered,correct
10165,Subject109,477,alone,77,alone,colorblue,test,num2,typenegative,singlestim,87,310115,1010210,edm,paicipantresponseblue,correct
10461,Subject109,417,funeral,77,funeral,colorblue,test,num2,typesuicide,singlestim,89,315792,1010230,edm,paicipantresponseblue,correct
10757,Subject109,377,paper,77,paper,colorblue,test,num2,typeneutral,singlestim,91,321434,1010250,edm,paicipantresponseblue,correct
11053,Subject109,291,museum,67,museum,colorred,test,num2,typeneutral,singlestim,93,326980,1010270,edc,paicipantresponsered,correct
11349,Subject109,409,happy,77,happy,colorblue,test,num2,typepositive,singlestim,95,332651,1010290,edm,paicipantresponseblue,correct
11645,Subject109,390,paper,67,paper,colorred,test,num2,typeneutral,singlestim,97,338303,1010310,edc,paicipantresponsered,correct
11941,Subject109,384,funeral,67,funeral,colorred,test,num2,typesuicide,singlestim,99,343947,1010330,edc,paicipantresponsered,correct
12237,Subject109,546,dead,67,dead,colorred,test,num2,typesuicide,singlestim,101,349745,1010350,edc,paicipantresponsered,correct
12533,Subject109,387,pleasure,67,pleasure,colorred,test,num2,typepositive,singlestim,103,355402,1010370,edc,paicipantresponsered,correct
12829,Subject109,640,engine,77,engine,colorred,test,num2,typeneutral,singlestim,105,361299,1010390,edm,paicipantresponseblue,incorrect
13125,Subject109,820,pleasure,77,pleasure,colorblue,test,num2,typepositive,singlestim,107,367390,1010410,edm,paicipantresponseblue,correct
13421,Subject109,470,alone,67,alone,colorred,test,num2,typenegative,singlestim,109,373114,1010430,edc,paicipantresponsered,correct
13717,Subject109,393,dead,77,dead,colorblue,test,num2,typesuicide,singlestim,111,378749,1010450,edm,paicipantresponseblue,correct
14013,Subject109,406,rejected,77,rejected,colorblue,test,num2,typenegative,singlestim,113,384398,1010470,edm,paicipantresponseblue,correct