,SubjectID,rt,stimulus,keypress,word,color,block,blocknum,wordtype,trialtype,trialindex,timeelapsed,internalnodeid,keypressed,participantresponse,correctresponse
73,Subject78,771,success,67,success,colorred,test,num1,typepositive,singlestim,19,74855,100010,edc,paicipantresponsered,correct
369,Subject78,427,dead,67,dead,colorred,test,num1,typesuicide,singlestim,21,80487,100030,edc,paicipantresponsered,correct
665,Subject78,682,success,77,success,colorblue,test,num1,typepositive,singlestim,23,86376,100050,edm,paicipantresponseblue,correct
961,Subject78,458,engine,67,engine,colorred,test,num1,typeneutral,singlestim,25,92040,100070,edc,paicipantresponsered,correct
1257,Subject78,450,happy,67,happy,colorred,test,num1,typepositive,singlestim,27,97696,100090,edc,paicipantresponsered,correct
1553,Subject78,426,alone,67,alone,colorred,test,num1,typenegative,singlestim,29,103328,1000110,edc,paicipantresponsered,correct
1849,Subject78,482,stupid,77,stupid,colorblue,test,num1,typenegative,singlestim,31,109016,1000130,edm,paicipantresponseblue,correct
2145,Subject78,497,pleasure,77,pleasure,colorblue,test,num1,typepositive,singlestim,33,114720,1000150,edm,paicipantresponseblue,correct
2441,Subject78,400,suicide,77,suicide,colorblue,test,num1,typesuicide,singlestim,35,120328,1000170,edm,paicipantresponseblue,correct
2737,Subject78,474,alone,77,alone,colorblue,test,num1,typenegative,singlestim,37,126007,1000190,edm,paicipantresponseblue,correct
3033,Subject78,443,museum,67,museum,colorred,test,num1,typeneutral,singlestim,39,131656,1000210,edc,paicipantresponsered,correct
3329,Subject78,674,paper,67,paper,colorred,test,num1,typeneutral,singlestim,41,137535,1000230,edc,paicipantresponsered,correct
3625,Subject78,563,dead,77,dead,colorblue,test,num1,typesuicide,singlestim,43,143303,1000250,edm,paicipantresponseblue,correct
3921,Subject78,738,funeral,77,funeral,colorblue,test,num1,typesuicide,singlestim,45,149247,1000270,edm,paicipantresponseblue,correct
4217,Subject78,1,engine,1,engine,colorblue,test,num1,typeneutral,singlestim,47,156453,1000290,ed,,incorrect
4513,Subject78,637,rejected,67,rejected,colorred,test,num1,typenegative,singlestim,49,162295,1000310,edc,paicipantresponsered,correct
4809,Subject78,1779,paper,77,paper,colorblue,test,num1,typeneutral,singlestim,51,169278,1000330,edm,paicipantresponseblue,correct
5105,Subject78,899,stupid,67,stupid,colorred,test,num1,typenegative,singlestim,53,175382,1000350,edc,paicipantresponsered,correct
5401,Subject78,545,pleasure,67,pleasure,colorred,test,num1,typepositive,singlestim,55,181134,1000370,edc,paicipantresponsered,correct
5697,Subject78,1540,suicide,67,suicide,colorred,test,num1,typesuicide,singlestim,57,187877,1000390,edc,paicipantresponsered,correct
5993,Subject78,1253,happy,77,happy,colorblue,test,num1,typepositive,singlestim,59,194334,1000410,edm,paicipantresponseblue,correct
6289,Subject78,947,museum,77,museum,colorblue,test,num1,typeneutral,singlestim,61,200485,1000430,edm,paicipantresponseblue,correct
6585,Subject78,717,funeral,67,funeral,colorred,test,num1,typesuicide,singlestim,63,206406,1000450,edc,paicipantresponsered,correct
6881,Subject78,828,rejected,77,rejected,colorblue,test,num1,typenegative,singlestim,65,212437,1000470,edm,paicipantresponseblue,correct
7177,Subject78,707,dead,67,dead,colorred,test,num2,typesuicide,singlestim,67,218349,101010,edc,paicipantresponsered,correct
7473,Subject78,1283,suicide,67,suicide,colorred,test,num2,typesuicide,singlestim,69,224837,101030,edc,paicipantresponsered,correct
7769,Subject78,859,museum,77,museum,colorblue,test,num2,typeneutral,singlestim,71,230901,101050,edm,paicipantresponseblue,correct
8065,Subject78,658,stupid,77,stupid,colorblue,test,num2,typenegative,singlestim,73,236764,101070,edm,paicipantresponseblue,correct
8361,Subject78,548,alone,77,alone,colorblue,test,num2,typenegative,singlestim,75,242516,101090,edm,paicipantresponseblue,correct
8657,Subject78,1892,paper,67,paper,colorred,test,num2,typeneutral,singlestim,77,249612,1010110,edc,paicipantresponsered,correct
8953,Subject78,460,rejected,67,rejected,colorred,test,num2,typenegative,singlestim,79,255275,1010130,edc,paicipantresponsered,correct
9249,Subject78,965,pleasure,77,pleasure,colorblue,test,num2,typepositive,singlestim,81,261444,1010150,edm,paicipantresponseblue,correct
9545,Subject78,963,dead,77,dead,colorblue,test,num2,typesuicide,singlestim,83,267611,1010170,edm,paicipantresponseblue,correct
9841,Subject78,526,stupid,67,stupid,colorred,test,num2,typenegative,singlestim,85,273341,1010190,edc,paicipantresponsered,correct
10137,Subject78,443,paper,77,paper,colorblue,test,num2,typeneutral,singlestim,87,278988,1010210,edm,paicipantresponseblue,correct
10433,Subject78,788,funeral,77,funeral,colorblue,test,num2,typesuicide,singlestim,89,284979,1010230,edm,paicipantresponseblue,correct
10729,Subject78,491,happy,67,happy,colorred,test,num2,typepositive,singlestim,91,290675,1010250,edc,paicipantresponsered,correct
11025,Subject78,459,happy,77,happy,colorblue,test,num2,typepositive,singlestim,93,296339,1010270,edm,paicipantresponseblue,correct
11321,Subject78,1219,engine,77,engine,colorblue,test,num2,typeneutral,singlestim,95,302762,1010290,edm,paicipantresponseblue,correct
11617,Subject78,589,rejected,77,rejected,colorblue,test,num2,typenegative,singlestim,97,308557,1010310,edm,paicipantresponseblue,correct
11913,Subject78,842,engine,67,engine,colorred,test,num2,typeneutral,singlestim,99,314602,1010330,edc,paicipantresponsered,correct
12209,Subject78,812,success,77,success,colorblue,test,num2,typepositive,singlestim,101,320618,1010350,edm,paicipantresponseblue,correct
12505,Subject78,810,alone,67,alone,colorred,test,num2,typenegative,singlestim,103,326634,1010370,edc,paicipantresponsered,correct
12801,Subject78,877,suicide,77,suicide,colorblue,test,num2,typesuicide,singlestim,105,332714,1010390,edm,paicipantresponseblue,correct
13097,Subject78,828,success,67,success,colorred,test,num2,typepositive,singlestim,107,338746,1010410,edc,paicipantresponsered,correct
13393,Subject78,811,museum,67,museum,colorred,test,num2,typeneutral,singlestim,109,344761,1010430,edc,paicipantresponsered,correct
13689,Subject78,524,funeral,67,funeral,colorred,test,num2,typesuicide,singlestim,111,350490,1010450,edc,paicipantresponsered,correct
13985,Subject78,631,pleasure,67,pleasure,colorred,test,num2,typepositive,singlestim,113,356323,1010470,edc,paicipantresponsered,correct