,SubjectID,rt,stimulus,keypress,word,color,block,blocknum,wordtype,trialtype,trialindex,timeelapsed,internalnodeid,keypressed,participantresponse,correctresponse
4,Subject4,1421,pleasure,77,pleasure,colorblue,test,num1,typepositive,singlestim,19,88716,100010,edm,paicipantresponseblue,correct
300,Subject4,738,stupid,77,stupid,colorblue,test,num1,typenegative,singlestim,21,94658,100030,edm,paicipantresponseblue,correct
596,Subject4,661,alone,77,alone,colorblue,test,num1,typenegative,singlestim,23,100525,100050,edm,paicipantresponseblue,correct
892,Subject4,896,dead,67,dead,colorred,test,num1,typesuicide,singlestim,25,106625,100070,edc,paicipantresponsered,correct
1188,Subject4,568,stupid,67,stupid,colorred,test,num1,typenegative,singlestim,27,112399,100090,edc,paicipantresponsered,correct
1484,Subject4,836,suicide,67,suicide,colorred,test,num1,typesuicide,singlestim,29,118441,1000110,edc,paicipantresponsered,correct
1780,Subject4,657,funeral,77,funeral,colorblue,test,num1,typesuicide,singlestim,31,124304,1000130,edm,paicipantresponseblue,correct
2076,Subject4,842,dead,77,dead,colorblue,test,num1,typesuicide,singlestim,33,130352,1000150,edm,paicipantresponseblue,correct
2372,Subject4,890,museum,67,museum,colorred,test,num1,typeneutral,singlestim,35,136447,1000170,edc,paicipantresponsered,correct
2668,Subject4,571,rejected,67,rejected,colorred,test,num1,typenegative,singlestim,37,142223,1000190,edc,paicipantresponsered,correct
2964,Subject4,823,alone,67,alone,colorred,test,num1,typenegative,singlestim,39,148251,1000210,edc,paicipantresponsered,correct
3260,Subject4,818,suicide,77,suicide,colorblue,test,num1,typesuicide,singlestim,41,154272,1000230,edm,paicipantresponseblue,correct
3556,Subject4,1159,paper,67,paper,colorred,test,num1,typeneutral,singlestim,43,160636,1000250,edc,paicipantresponsered,correct
3852,Subject4,1045,funeral,67,funeral,colorred,test,num1,typesuicide,singlestim,45,166886,1000270,edc,paicipantresponsered,correct
4148,Subject4,1223,happy,77,happy,colorblue,test,num1,typepositive,singlestim,47,173315,1000290,edm,paicipantresponseblue,correct
4444,Subject4,761,success,77,success,colorblue,test,num1,typepositive,singlestim,49,179282,1000310,edm,paicipantresponseblue,correct
4740,Subject4,516,engine,77,engine,colorblue,test,num1,typeneutral,singlestim,51,185004,1000330,edm,paicipantresponseblue,correct
5036,Subject4,518,museum,77,museum,colorblue,test,num1,typeneutral,singlestim,53,190728,1000350,edm,paicipantresponseblue,correct
5332,Subject4,524,rejected,77,rejected,colorblue,test,num1,typenegative,singlestim,55,196457,1000370,edm,paicipantresponseblue,correct
5628,Subject4,477,paper,77,paper,colorblue,test,num1,typeneutral,singlestim,57,202140,1000390,edm,paicipantresponseblue,correct
5924,Subject4,587,pleasure,67,pleasure,colorred,test,num1,typepositive,singlestim,59,207934,1000410,edc,paicipantresponsered,correct
6220,Subject4,564,happy,67,happy,colorred,test,num1,typepositive,singlestim,61,213702,1000430,edc,paicipantresponsered,correct
6516,Subject4,770,success,67,success,colorred,test,num1,typepositive,singlestim,63,219678,1000450,edc,paicipantresponsered,correct
6812,Subject4,447,engine,67,engine,colorred,test,num1,typeneutral,singlestim,65,225331,1000470,edc,paicipantresponsered,correct
7108,Subject4,569,rejected,67,rejected,colorred,test,num2,typenegative,singlestim,67,231106,101010,edc,paicipantresponsered,correct
7404,Subject4,494,happy,77,happy,colorblue,test,num2,typepositive,singlestim,69,236806,101030,edm,paicipantresponseblue,correct
7700,Subject4,880,paper,77,paper,colorblue,test,num2,typeneutral,singlestim,71,242892,101050,edm,paicipantresponseblue,correct
7996,Subject4,544,success,77,success,colorblue,test,num2,typepositive,singlestim,73,248641,101070,edm,paicipantresponseblue,correct
8292,Subject4,847,dead,67,dead,colorred,test,num2,typesuicide,singlestim,75,254693,101090,edc,paicipantresponsered,correct
8588,Subject4,1319,alone,67,alone,colorred,test,num2,typenegative,singlestim,77,261217,1010110,edc,paicipantresponsered,correct
8884,Subject4,669,suicide,67,suicide,colorred,test,num2,typesuicide,singlestim,79,267091,1010130,edc,paicipantresponsered,correct
9180,Subject4,522,museum,77,museum,colorblue,test,num2,typeneutral,singlestim,81,272824,1010150,edm,paicipantresponseblue,correct
9476,Subject4,645,suicide,77,suicide,colorblue,test,num2,typesuicide,singlestim,83,278676,1010170,edm,paicipantresponseblue,correct
9772,Subject4,698,engine,77,engine,colorblue,test,num2,typeneutral,singlestim,85,284580,1010190,edm,paicipantresponseblue,correct
10068,Subject4,1086,paper,67,paper,colorred,test,num2,typeneutral,singlestim,87,290872,1010210,edc,paicipantresponsered,correct
10364,Subject4,593,stupid,77,stupid,colorblue,test,num2,typenegative,singlestim,89,296669,1010230,edm,paicipantresponseblue,correct
10660,Subject4,781,funeral,77,funeral,colorblue,test,num2,typesuicide,singlestim,91,302656,1010250,edm,paicipantresponseblue,correct
10956,Subject4,1,happy,1,happy,colorred,test,num2,typepositive,singlestim,93,309863,1010270,ed,,incorrect
11252,Subject4,786,rejected,77,rejected,colorblue,test,num2,typenegative,singlestim,95,315855,1010290,edm,paicipantresponseblue,correct
11548,Subject4,707,alone,77,alone,colorblue,test,num2,typenegative,singlestim,97,321767,1010310,edm,paicipantresponseblue,correct
11844,Subject4,902,engine,67,engine,colorred,test,num2,typeneutral,singlestim,99,327875,1010330,edc,paicipantresponsered,correct
12140,Subject4,677,pleasure,77,pleasure,colorblue,test,num2,typepositive,singlestim,101,333758,1010350,edm,paicipantresponseblue,correct
12436,Subject4,682,funeral,67,funeral,colorred,test,num2,typesuicide,singlestim,103,339645,1010370,edc,paicipantresponsered,correct
12732,Subject4,858,museum,67,museum,colorred,test,num2,typeneutral,singlestim,105,345709,1010390,edc,paicipantresponsered,correct
13028,Subject4,309,dead,77,dead,colorblue,test,num2,typesuicide,singlestim,107,351223,1010410,edm,paicipantresponseblue,correct
13324,Subject4,648,pleasure,67,pleasure,colorred,test,num2,typepositive,singlestim,109,357077,1010430,edc,paicipantresponsered,correct
13620,Subject4,1322,stupid,67,stupid,colorred,test,num2,typenegative,singlestim,111,363604,1010450,edc,paicipantresponsered,correct
13916,Subject4,1219,success,67,success,colorred,test,num2,typepositive,singlestim,113,370029,1010470,edc,paicipantresponsered,correct