,SubjectID,rt,stimulus,keypress,word,color,block,blocknum,wordtype,trialtype,trialindex,timeelapsed,internalnodeid,keypressed,participantresponse,correctresponse
117,Subject125,1448,paper,67,paper,colorred,test,num1,typeneutral,singlestim,19,66848,100010,edc,paicipantresponsered,correct
413,Subject125,872,rejected,67,rejected,colorred,test,num1,typenegative,singlestim,21,72925,100030,edc,paicipantresponsered,correct
709,Subject125,588,stupid,77,stupid,colorblue,test,num1,typenegative,singlestim,23,78717,100050,edm,paicipantresponseblue,correct
1005,Subject125,667,suicide,77,suicide,colorblue,test,num1,typesuicide,singlestim,25,84588,100070,edm,paicipantresponseblue,correct
1301,Subject125,860,suicide,67,suicide,colorred,test,num1,typesuicide,singlestim,27,90652,100090,edc,paicipantresponsered,correct
1597,Subject125,731,funeral,67,funeral,colorred,test,num1,typesuicide,singlestim,29,96588,1000110,edc,paicipantresponsered,correct
1893,Subject125,595,paper,77,paper,colorblue,test,num1,typeneutral,singlestim,31,102388,1000130,edm,paicipantresponseblue,correct
2189,Subject125,747,success,67,success,colorred,test,num1,typepositive,singlestim,33,108339,1000150,edc,paicipantresponsered,correct
2485,Subject125,742,alone,77,alone,colorblue,test,num1,typenegative,singlestim,35,114291,1000170,edm,paicipantresponseblue,correct
2781,Subject125,665,engine,77,engine,colorblue,test,num1,typeneutral,singlestim,37,120163,1000190,edm,paicipantresponseblue,correct
3077,Subject125,594,pleasure,77,pleasure,colorblue,test,num1,typepositive,singlestim,39,125963,1000210,edm,paicipantresponseblue,correct
3373,Subject125,691,happy,67,happy,colorred,test,num1,typepositive,singlestim,41,131858,1000230,edc,paicipantresponsered,correct
3669,Subject125,413,rejected,77,rejected,colorblue,test,num1,typenegative,singlestim,43,137474,1000250,edm,paicipantresponseblue,correct
3965,Subject125,893,happy,77,happy,colorblue,test,num1,typepositive,singlestim,45,143570,1000270,edm,paicipantresponseblue,correct
4261,Subject125,875,dead,77,dead,colorblue,test,num1,typesuicide,singlestim,47,149650,1000290,edm,paicipantresponseblue,correct
4557,Subject125,427,alone,67,alone,colorred,test,num1,typenegative,singlestim,49,155282,1000310,edc,paicipantresponsered,correct
4853,Subject125,409,funeral,77,funeral,colorblue,test,num1,typesuicide,singlestim,51,160897,1000330,edm,paicipantresponseblue,correct
5149,Subject125,584,stupid,67,stupid,colorred,test,num1,typenegative,singlestim,53,166685,1000350,edc,paicipantresponsered,correct
5445,Subject125,778,engine,67,engine,colorred,test,num1,typeneutral,singlestim,55,172670,1000370,edc,paicipantresponsered,correct
5741,Subject125,570,success,77,success,colorblue,test,num1,typepositive,singlestim,57,178444,1000390,edm,paicipantresponseblue,correct
6037,Subject125,729,dead,67,dead,colorred,test,num1,typesuicide,singlestim,59,184378,1000410,edc,paicipantresponsered,correct
6333,Subject125,640,museum,77,museum,colorblue,test,num1,typeneutral,singlestim,61,190224,1000430,edm,paicipantresponseblue,correct
6629,Subject125,919,museum,67,museum,colorred,test,num1,typeneutral,singlestim,63,196348,1000450,edc,paicipantresponsered,correct
6925,Subject125,763,pleasure,67,pleasure,colorred,test,num1,typepositive,singlestim,65,202315,1000470,edc,paicipantresponsered,correct
7221,Subject125,945,funeral,77,funeral,colorblue,test,num2,typesuicide,singlestim,67,208466,101010,edm,paicipantresponseblue,correct
7517,Subject125,587,alone,67,alone,colorred,test,num2,typenegative,singlestim,69,214257,101030,edc,paicipantresponsered,correct
7813,Subject125,636,pleasure,77,pleasure,colorblue,test,num2,typepositive,singlestim,71,220097,101050,edm,paicipantresponseblue,correct
8109,Subject125,627,stupid,67,stupid,colorred,test,num2,typenegative,singlestim,73,225929,101070,edc,paicipantresponsered,correct
8405,Subject125,514,alone,77,alone,colorblue,test,num2,typenegative,singlestim,75,231649,101090,edm,paicipantresponseblue,correct
8701,Subject125,587,happy,77,happy,colorblue,test,num2,typepositive,singlestim,77,237440,1010110,edm,paicipantresponseblue,correct
8997,Subject125,828,engine,67,engine,colorred,test,num2,typeneutral,singlestim,79,243472,1010130,edc,paicipantresponsered,correct
9293,Subject125,523,paper,67,paper,colorred,test,num2,typeneutral,singlestim,81,249200,1010150,edc,paicipantresponsered,correct
9589,Subject125,684,suicide,67,suicide,colorred,test,num2,typesuicide,singlestim,83,255087,1010170,edc,paicipantresponsered,correct
9885,Subject125,595,stupid,77,stupid,colorblue,test,num2,typenegative,singlestim,85,260887,1010190,edm,paicipantresponseblue,correct
10181,Subject125,750,rejected,77,rejected,colorblue,test,num2,typenegative,singlestim,87,266847,1010210,edm,paicipantresponseblue,correct
10477,Subject125,797,museum,77,museum,colorblue,test,num2,typeneutral,singlestim,89,272846,1010230,edm,paicipantresponseblue,correct
10773,Subject125,835,happy,67,happy,colorred,test,num2,typepositive,singlestim,91,278886,1010250,edc,paicipantresponsered,correct
11069,Subject125,586,success,77,success,colorblue,test,num2,typepositive,singlestim,93,284678,1010270,edm,paicipantresponseblue,correct
11365,Subject125,676,museum,67,museum,colorred,test,num2,typeneutral,singlestim,95,290558,1010290,edc,paicipantresponsered,correct
11661,Subject125,675,funeral,67,funeral,colorred,test,num2,typesuicide,singlestim,97,296441,1010310,edc,paicipantresponsered,correct
11957,Subject125,589,engine,77,engine,colorblue,test,num2,typeneutral,singlestim,99,302235,1010330,edm,paicipantresponseblue,correct
12253,Subject125,499,dead,77,dead,colorblue,test,num2,typesuicide,singlestim,101,307939,1010350,edm,paicipantresponseblue,correct
12549,Subject125,756,rejected,67,rejected,colorred,test,num2,typenegative,singlestim,103,313899,1010370,edc,paicipantresponsered,correct
12845,Subject125,460,paper,67,paper,colorblue,test,num2,typeneutral,singlestim,105,319562,1010390,edc,paicipantresponsered,incorrect
13141,Subject125,675,pleasure,67,pleasure,colorred,test,num2,typepositive,singlestim,107,325443,1010410,edc,paicipantresponsered,correct
13437,Subject125,546,dead,67,dead,colorred,test,num2,typesuicide,singlestim,109,331194,1010430,edc,paicipantresponsered,correct
13733,Subject125,836,success,67,success,colorred,test,num2,typepositive,singlestim,111,337233,1010450,edc,paicipantresponsered,correct
14029,Subject125,677,suicide,77,suicide,colorblue,test,num2,typesuicide,singlestim,113,343113,1010470,edm,paicipantresponseblue,correct