,SubjectID,rt,stimulus,keypress,word,color,block,blocknum,wordtype,trialtype,trialindex,timeelapsed,internalnodeid,keypressed,participantresponse,correctresponse
108,Subject116,581,engine,67,engine,colorred,test,num1,typeneutral,singlestim,19,62149,100010,edc,paicipantresponsered,correct
404,Subject116,802,museum,67,museum,colorred,test,num1,typeneutral,singlestim,21,68164,100030,edc,paicipantresponsered,correct
700,Subject116,588,funeral,67,funeral,colorred,test,num1,typesuicide,singlestim,23,73963,100050,edc,paicipantresponsered,correct
996,Subject116,424,stupid,67,stupid,colorred,test,num1,typenegative,singlestim,25,79596,100070,edc,paicipantresponsered,correct
1292,Subject116,446,happy,67,happy,colorred,test,num1,typepositive,singlestim,27,85253,100090,edc,paicipantresponsered,correct
1588,Subject116,820,engine,77,engine,colorblue,test,num1,typeneutral,singlestim,29,91282,1000110,edm,paicipantresponseblue,correct
1884,Subject116,656,dead,67,dead,colorred,test,num1,typesuicide,singlestim,31,97147,1000130,edc,paicipantresponsered,correct
2180,Subject116,635,stupid,77,stupid,colorblue,test,num1,typenegative,singlestim,33,102998,1000150,edm,paicipantresponseblue,correct
2476,Subject116,593,rejected,67,rejected,colorred,test,num1,typenegative,singlestim,35,108807,1000170,edc,paicipantresponsered,correct
2772,Subject116,483,pleasure,77,pleasure,colorblue,test,num1,typepositive,singlestim,37,114504,1000190,edm,paicipantresponseblue,correct
3068,Subject116,651,paper,67,paper,colorred,test,num1,typeneutral,singlestim,39,120365,1000210,edc,paicipantresponsered,correct
3364,Subject116,417,rejected,77,rejected,colorblue,test,num1,typenegative,singlestim,41,125997,1000230,edm,paicipantresponseblue,correct
3660,Subject116,476,museum,77,museum,colorblue,test,num1,typeneutral,singlestim,43,131682,1000250,edm,paicipantresponseblue,correct
3956,Subject116,486,suicide,77,suicide,colorblue,test,num1,typesuicide,singlestim,45,137380,1000270,edm,paicipantresponseblue,correct
4252,Subject116,552,alone,67,alone,colorred,test,num1,typenegative,singlestim,47,143148,1000290,edc,paicipantresponsered,correct
4548,Subject116,519,success,67,success,colorred,test,num1,typepositive,singlestim,49,148878,1000310,edc,paicipantresponsered,correct
4844,Subject116,478,funeral,77,funeral,colorblue,test,num1,typesuicide,singlestim,51,154565,1000330,edm,paicipantresponseblue,correct
5140,Subject116,542,paper,77,paper,colorblue,test,num1,typeneutral,singlestim,53,160318,1000350,edm,paicipantresponseblue,correct
5436,Subject116,1771,dead,77,dead,colorblue,test,num1,typesuicide,singlestim,55,167298,1000370,edm,paicipantresponseblue,correct
5732,Subject116,612,suicide,67,suicide,colorred,test,num1,typesuicide,singlestim,57,173123,1000390,edc,paicipantresponsered,correct
6028,Subject116,512,happy,77,happy,colorblue,test,num1,typepositive,singlestim,59,178849,1000410,edm,paicipantresponseblue,correct
6324,Subject116,504,success,77,success,colorblue,test,num1,typepositive,singlestim,61,184566,1000430,edm,paicipantresponseblue,correct
6620,Subject116,650,pleasure,67,pleasure,colorred,test,num1,typepositive,singlestim,63,190429,1000450,edc,paicipantresponsered,correct
6916,Subject116,1317,alone,77,alone,colorblue,test,num1,typenegative,singlestim,65,196956,1000470,edm,paicipantresponseblue,correct
7212,Subject116,839,suicide,67,suicide,colorred,test,num2,typesuicide,singlestim,67,203007,101010,edc,paicipantresponsered,correct
7508,Subject116,589,museum,67,museum,colorred,test,num2,typeneutral,singlestim,69,208806,101030,edc,paicipantresponsered,correct
7804,Subject116,561,engine,77,engine,colorblue,test,num2,typeneutral,singlestim,71,214577,101050,edm,paicipantresponseblue,correct
8100,Subject116,617,dead,67,dead,colorred,test,num2,typesuicide,singlestim,73,220407,101070,edc,paicipantresponsered,correct
8396,Subject116,518,paper,77,paper,colorblue,test,num2,typeneutral,singlestim,75,226135,101090,edm,paicipantresponseblue,correct
8692,Subject116,1,rejected,1,rejected,colorred,test,num2,typenegative,singlestim,77,233348,1010110,ed,,incorrect
8988,Subject116,502,pleasure,77,pleasure,colorblue,test,num2,typepositive,singlestim,79,239063,1010130,edm,paicipantresponseblue,correct
9284,Subject116,722,stupid,67,stupid,colorred,test,num2,typenegative,singlestim,81,244995,1010150,edc,paicipantresponsered,correct
9580,Subject116,741,success,77,success,colorblue,test,num2,typepositive,singlestim,83,250945,1010170,edm,paicipantresponseblue,correct
9876,Subject116,432,suicide,77,suicide,colorblue,test,num2,typesuicide,singlestim,85,256586,1010190,edm,paicipantresponseblue,correct
10172,Subject116,645,stupid,77,stupid,colorblue,test,num2,typenegative,singlestim,87,262440,1010210,edm,paicipantresponseblue,correct
10468,Subject116,561,pleasure,67,pleasure,colorred,test,num2,typepositive,singlestim,89,268212,1010230,edc,paicipantresponsered,correct
10764,Subject116,534,success,67,success,colorred,test,num2,typepositive,singlestim,91,273956,1010250,edc,paicipantresponsered,correct
11060,Subject116,433,funeral,77,funeral,colorblue,test,num2,typesuicide,singlestim,93,279600,1010270,edm,paicipantresponseblue,correct
11356,Subject116,562,paper,67,paper,colorred,test,num2,typeneutral,singlestim,95,285376,1010290,edc,paicipantresponsered,correct
11652,Subject116,568,alone,77,alone,colorblue,test,num2,typenegative,singlestim,97,291158,1010310,edm,paicipantresponseblue,correct
11948,Subject116,915,happy,77,happy,colorblue,test,num2,typepositive,singlestim,99,297286,1010330,edm,paicipantresponseblue,correct
12244,Subject116,497,museum,77,museum,colorblue,test,num2,typeneutral,singlestim,101,302997,1010350,edm,paicipantresponseblue,correct
12540,Subject116,386,alone,67,alone,colorred,test,num2,typenegative,singlestim,103,308591,1010370,edc,paicipantresponsered,correct
12836,Subject116,1,dead,1,dead,colorblue,test,num2,typesuicide,singlestim,105,315802,1010390,ed,,incorrect
13132,Subject116,557,happy,67,funeral,colorred,test,num2,typepositive,singlestim,107,321571,1010410,edc,paicipantresponsered,correct
13428,Subject116,537,funeral,67,engine,colorred,test,num2,typesuicide,singlestim,109,327321,1010430,edc,paicipantresponsered,correct
13724,Subject116,769,engine,67,rejected,colorred,test,num2,typeneutral,singlestim,111,333300,1010450,edc,paicipantresponsered,correct
14020,Subject116,659,rejected,77,timeout,colorblue,test,num2,typenegative,singlestim,113,339168,1010470,edm,paicipantresponseblue,correct