,SubjectID,rt,stimulus,keypress,word,color,block,blocknum,wordtype,trialtype,trialindex,timeelapsed,internalnodeid,keypressed,participantresponse,correctresponse
44,Subject45,997,paper,77,paper,colorblue,test,num1,typeneutral,singlestim,19,82636,100010,edm,paicipantresponseblue,correct
340,Subject45,701,success,67,success,colorred,test,num1,typepositive,singlestim,21,88544,100030,edc,paicipantresponsered,correct
636,Subject45,695,rejected,77,rejected,colorblue,test,num1,typenegative,singlestim,23,94449,100050,edm,paicipantresponseblue,correct
932,Subject45,398,happy,77,happy,colorblue,test,num1,typepositive,singlestim,25,100052,100070,edm,paicipantresponseblue,correct
1228,Subject45,465,stupid,67,stupid,colorred,test,num1,typenegative,singlestim,27,105724,100090,edc,paicipantresponsered,correct
1524,Subject45,596,stupid,77,stupid,colorblue,test,num1,typenegative,singlestim,29,111527,1000110,edm,paicipantresponseblue,correct
1820,Subject45,469,museum,67,museum,colorred,test,num1,typeneutral,singlestim,31,117204,1000130,edc,paicipantresponsered,correct
2116,Subject45,604,suicide,67,suicide,colorred,test,num1,typesuicide,singlestim,33,123013,1000150,edc,paicipantresponsered,correct
2412,Subject45,431,pleasure,77,pleasure,colorblue,test,num1,typepositive,singlestim,35,128651,1000170,edm,paicipantresponseblue,correct
2708,Subject45,508,pleasure,67,pleasure,colorred,test,num1,typepositive,singlestim,37,134366,1000190,edc,paicipantresponsered,correct
3004,Subject45,398,suicide,77,suicide,colorblue,test,num1,typesuicide,singlestim,39,139972,1000210,edm,paicipantresponseblue,correct
3300,Subject45,562,engine,67,engine,colorred,test,num1,typeneutral,singlestim,41,145740,1000230,edc,paicipantresponsered,correct
3596,Subject45,425,dead,77,dead,colorblue,test,num1,typesuicide,singlestim,43,151373,1000250,edm,paicipantresponseblue,correct
3892,Subject45,533,engine,77,engine,colorblue,test,num1,typeneutral,singlestim,45,157111,1000270,edm,paicipantresponseblue,correct
4188,Subject45,585,rejected,67,rejected,colorred,test,num1,typenegative,singlestim,47,162904,1000290,edc,paicipantresponsered,correct
4484,Subject45,678,success,77,success,colorblue,test,num1,typepositive,singlestim,49,168791,1000310,edm,paicipantresponseblue,correct
4780,Subject45,512,alone,67,alone,colorred,test,num1,typenegative,singlestim,51,174508,1000330,edc,paicipantresponsered,correct
5076,Subject45,796,funeral,77,funeral,colorblue,test,num1,typesuicide,singlestim,53,180512,1000350,edm,paicipantresponseblue,correct
5372,Subject45,772,funeral,67,funeral,colorred,test,num1,typesuicide,singlestim,55,186494,1000370,edc,paicipantresponsered,correct
5668,Subject45,420,museum,77,museum,colorblue,test,num1,typeneutral,singlestim,57,192121,1000390,edm,paicipantresponseblue,correct
5964,Subject45,501,alone,77,alone,colorblue,test,num1,typenegative,singlestim,59,197830,1000410,edm,paicipantresponseblue,correct
6260,Subject45,416,dead,67,dead,colorred,test,num1,typesuicide,singlestim,61,203454,1000430,edc,paicipantresponsered,correct
6556,Subject45,438,happy,67,happy,colorred,test,num1,typepositive,singlestim,63,209100,1000450,edc,paicipantresponsered,correct
6852,Subject45,407,paper,67,paper,colorred,test,num1,typeneutral,singlestim,65,214715,1000470,edc,paicipantresponsered,correct
7148,Subject45,497,funeral,67,funeral,colorred,test,num2,typesuicide,singlestim,67,220423,101010,edc,paicipantresponsered,correct
7444,Subject45,466,museum,77,museum,colorblue,test,num2,typeneutral,singlestim,69,226097,101030,edm,paicipantresponseblue,correct
7740,Subject45,665,suicide,67,suicide,colorred,test,num2,typesuicide,singlestim,71,231970,101050,edc,paicipantresponsered,correct
8036,Subject45,425,dead,67,dead,colorred,test,num2,typesuicide,singlestim,73,237605,101070,edc,paicipantresponsered,correct
8332,Subject45,418,happy,67,happy,colorred,test,num2,typepositive,singlestim,75,243231,101090,edc,paicipantresponsered,correct
8628,Subject45,691,pleasure,67,pleasure,colorred,test,num2,typepositive,singlestim,77,249129,1010110,edc,paicipantresponsered,correct
8924,Subject45,762,rejected,77,rejected,colorblue,test,num2,typenegative,singlestim,79,255100,1010130,edm,paicipantresponseblue,correct
9220,Subject45,992,paper,77,paper,colorblue,test,num2,typeneutral,singlestim,81,261298,1010150,edm,paicipantresponseblue,correct
9516,Subject45,436,alone,67,alone,colorred,test,num2,typenegative,singlestim,83,266939,1010170,edc,paicipantresponsered,correct
9812,Subject45,504,paper,67,paper,colorred,test,num2,typeneutral,singlestim,85,272650,1010190,edc,paicipantresponsered,correct
10108,Subject45,613,success,77,success,colorred,test,num2,typepositive,singlestim,87,278469,1010210,edm,paicipantresponseblue,incorrect
10404,Subject45,427,stupid,77,stupid,colorblue,test,num2,typenegative,singlestim,89,284104,1010230,edm,paicipantresponseblue,correct
10700,Subject45,941,suicide,77,suicide,colorblue,test,num2,typesuicide,singlestim,91,290251,1010250,edm,paicipantresponseblue,correct
10996,Subject45,628,dead,77,dead,colorblue,test,num2,typesuicide,singlestim,93,296086,1010270,edm,paicipantresponseblue,correct
11292,Subject45,711,engine,77,engine,colorblue,test,num2,typeneutral,singlestim,95,302006,1010290,edm,paicipantresponseblue,correct
11588,Subject45,433,funeral,77,funeral,colorblue,test,num2,typesuicide,singlestim,97,307643,1010310,edm,paicipantresponseblue,correct
11884,Subject45,623,museum,67,museum,colorred,test,num2,typeneutral,singlestim,99,313475,1010330,edc,paicipantresponsered,correct
12180,Subject45,676,engine,67,engine,colorred,test,num2,typeneutral,singlestim,101,319359,1010350,edc,paicipantresponsered,correct
12476,Subject45,644,rejected,67,rejected,colorred,test,num2,typenegative,singlestim,103,325211,1010370,edc,paicipantresponsered,correct
12772,Subject45,631,pleasure,77,pleasure,colorblue,test,num2,typepositive,singlestim,105,331049,1010390,edm,paicipantresponseblue,correct
13068,Subject45,765,alone,77,alone,colorblue,test,num2,typenegative,singlestim,107,337020,1010410,edm,paicipantresponseblue,correct
13364,Subject45,388,success,77,success,colorblue,test,num2,typepositive,singlestim,109,342617,1010430,edm,paicipantresponseblue,correct
13660,Subject45,505,stupid,67,stupid,colorred,test,num2,typenegative,singlestim,111,348331,1010450,edc,paicipantresponsered,correct
13956,Subject45,391,happy,67,happy,colorblue,test,num2,typepositive,singlestim,113,353928,1010470,edc,paicipantresponsered,incorrect