,SubjectID,rt,stimulus,keypress,word,color,block,blocknum,wordtype,trialtype,trialindex,timeelapsed,internalnodeid,keypressed,participantresponse,correctresponse
234,Subject267,688,stupid,77,stupid,colorblue,test,num1,typenegative,singlestim,19,69446,100010,edm,paicipantresponseblue,correct
530,Subject267,623,stupid,67,stupid,colorred,test,num1,typenegative,singlestim,21,75280,100030,edc,paicipantresponsered,correct
826,Subject267,299,alone,77,alone,colorblue,test,num1,typenegative,singlestim,23,80791,100050,edm,paicipantresponseblue,correct
1122,Subject267,295,funeral,67,funeral,colorred,test,num1,typesuicide,singlestim,25,86297,100070,edc,paicipantresponsered,correct
1418,Subject267,476,happy,67,happy,colorred,test,num1,typepositive,singlestim,27,91983,100090,edc,paicipantresponsered,correct
1714,Subject267,421,dead,67,dead,colorred,test,num1,typesuicide,singlestim,29,97619,1000110,edc,paicipantresponsered,correct
2010,Subject267,468,pleasure,77,pleasure,colorblue,test,num1,typepositive,singlestim,31,103299,1000130,edm,paicipantresponseblue,correct
2306,Subject267,484,success,67,success,colorred,test,num1,typepositive,singlestim,33,108993,1000150,edc,paicipantresponsered,correct
2602,Subject267,513,engine,77,engine,colorblue,test,num1,typeneutral,singlestim,35,114717,1000170,edm,paicipantresponseblue,correct
2898,Subject267,555,rejected,67,rejected,colorred,test,num1,typenegative,singlestim,37,120481,1000190,edc,paicipantresponsered,correct
3194,Subject267,471,museum,77,museum,colorblue,test,num1,typeneutral,singlestim,39,126162,1000210,edm,paicipantresponseblue,correct
3490,Subject267,687,paper,67,paper,colorred,test,num1,typeneutral,singlestim,41,132061,1000230,edc,paicipantresponsered,correct
3786,Subject267,352,suicide,77,suicide,colorblue,test,num1,typesuicide,singlestim,43,137626,1000250,edm,paicipantresponseblue,correct
4082,Subject267,340,rejected,77,rejected,colorblue,test,num1,typenegative,singlestim,45,143174,1000270,edm,paicipantresponseblue,correct
4378,Subject267,586,paper,77,paper,colorblue,test,num1,typeneutral,singlestim,47,148965,1000290,edm,paicipantresponseblue,correct
4674,Subject267,398,pleasure,67,pleasure,colorred,test,num1,typepositive,singlestim,49,154572,1000310,edc,paicipantresponsered,correct
4970,Subject267,501,engine,77,engine,colorred,test,num1,typeneutral,singlestim,51,160284,1000330,edm,paicipantresponseblue,incorrect
5266,Subject267,608,funeral,77,funeral,colorblue,test,num1,typesuicide,singlestim,53,166103,1000350,edm,paicipantresponseblue,correct
5562,Subject267,584,success,77,success,colorblue,test,num1,typepositive,singlestim,55,171896,1000370,edm,paicipantresponseblue,correct
5858,Subject267,482,museum,67,museum,colorred,test,num1,typeneutral,singlestim,57,177590,1000390,edc,paicipantresponsered,correct
6154,Subject267,476,suicide,67,suicide,colorred,test,num1,typesuicide,singlestim,59,183274,1000410,edc,paicipantresponsered,correct
6450,Subject267,428,happy,77,happy,colorblue,test,num1,typepositive,singlestim,61,188911,1000430,edm,paicipantresponseblue,correct
6746,Subject267,346,alone,67,alone,colorred,test,num1,typenegative,singlestim,63,194469,1000450,edc,paicipantresponsered,correct
7042,Subject267,379,dead,77,dead,colorblue,test,num1,typesuicide,singlestim,65,200060,1000470,edm,paicipantresponseblue,correct
7338,Subject267,447,stupid,67,stupid,colorred,test,num2,typenegative,singlestim,67,205720,101010,edc,paicipantresponsered,correct
7634,Subject267,286,happy,77,happy,colorblue,test,num2,typepositive,singlestim,69,211219,101030,edm,paicipantresponseblue,correct
7930,Subject267,380,suicide,67,suicide,colorred,test,num2,typesuicide,singlestim,71,216811,101050,edc,paicipantresponsered,correct
8226,Subject267,420,stupid,77,stupid,colorblue,test,num2,typenegative,singlestim,73,222592,101070,edm,paicipantresponseblue,correct
8522,Subject267,343,paper,77,paper,colorblue,test,num2,typeneutral,singlestim,75,228147,101090,edm,paicipantresponseblue,correct
8818,Subject267,369,engine,77,engine,colorblue,test,num2,typeneutral,singlestim,77,233725,1010110,edm,paicipantresponseblue,correct
9114,Subject267,348,success,67,success,colorred,test,num2,typepositive,singlestim,79,239283,1010130,edc,paicipantresponsered,correct
9410,Subject267,417,alone,67,alone,colorred,test,num2,typenegative,singlestim,81,244912,1010150,edc,paicipantresponsered,correct
9706,Subject267,373,happy,77,happy,colorred,test,num2,typepositive,singlestim,83,250496,1010170,edm,paicipantresponseblue,incorrect
10002,Subject267,747,dead,77,dead,colorblue,test,num2,typesuicide,singlestim,85,256456,1010190,edm,paicipantresponseblue,correct
10298,Subject267,395,rejected,67,rejected,colorred,test,num2,typenegative,singlestim,87,262060,1010210,edc,paicipantresponsered,correct
10594,Subject267,423,engine,67,engine,colorred,test,num2,typeneutral,singlestim,89,267696,1010230,edc,paicipantresponsered,correct
10890,Subject267,420,alone,77,alone,colorblue,test,num2,typenegative,singlestim,91,273325,1010250,edm,paicipantresponseblue,correct
11186,Subject267,547,dead,77,dead,colorred,test,num2,typesuicide,singlestim,93,279082,1010270,edm,paicipantresponseblue,incorrect
11482,Subject267,530,rejected,77,rejected,colorblue,test,num2,typenegative,singlestim,95,284822,1010290,edm,paicipantresponseblue,correct
11778,Subject267,399,museum,77,museum,colorblue,test,num2,typeneutral,singlestim,97,290432,1010310,edm,paicipantresponseblue,correct
12074,Subject267,374,pleasure,77,pleasure,colorblue,test,num2,typepositive,singlestim,99,296019,1010330,edm,paicipantresponseblue,correct
12370,Subject267,390,funeral,67,funeral,colorred,test,num2,typesuicide,singlestim,101,301621,1010350,edc,paicipantresponsered,correct
12666,Subject267,434,pleasure,67,pleasure,colorred,test,num2,typepositive,singlestim,103,307267,1010370,edc,paicipantresponsered,correct
12962,Subject267,341,success,77,success,colorblue,test,num2,typepositive,singlestim,105,312819,1010390,edm,paicipantresponseblue,correct
13258,Subject267,486,museum,67,museum,colorred,test,num2,typeneutral,singlestim,107,318518,1010410,edc,paicipantresponsered,correct
13554,Subject267,278,suicide,77,suicide,colorblue,test,num2,typesuicide,singlestim,109,324006,1010430,edm,paicipantresponseblue,correct
13850,Subject267,422,funeral,77,funeral,colorblue,test,num2,typesuicide,singlestim,111,329637,1010450,edm,paicipantresponseblue,correct
14146,Subject267,448,paper,67,paper,colorred,test,num2,typeneutral,singlestim,113,335296,1010470,edc,paicipantresponsered,correct