,SubjectID,rt,stimulus,keypress,word,color,block,blocknum,wordtype,trialtype,trialindex,timeelapsed,internalnodeid,keypressed,participantresponse,correctresponse
59,Subject63,1182,rejected,77,rejected,colorblue,test,num1,typenegative,singlestim,19,109350,100010,edm,paicipantresponseblue,correct
355,Subject63,562,pleasure,67,pleasure,colorred,test,num1,typepositive,singlestim,21,115118,100030,edc,paicipantresponsered,correct
651,Subject63,998,stupid,67,stupid,colorred,test,num1,typenegative,singlestim,23,121318,100050,edc,paicipantresponsered,correct
947,Subject63,1578,dead,67,dead,colorred,test,num1,typesuicide,singlestim,25,128098,100070,edc,paicipantresponsered,correct
1243,Subject63,1418,museum,67,museum,colorred,test,num1,typeneutral,singlestim,27,134720,100090,edc,paicipantresponsered,correct
1539,Subject63,1056,paper,67,paper,colorred,test,num1,typeneutral,singlestim,29,140980,1000110,edc,paicipantresponsered,correct
1835,Subject63,876,dead,77,dead,colorblue,test,num1,typesuicide,singlestim,31,147058,1000130,edm,paicipantresponseblue,correct
2131,Subject63,896,rejected,67,rejected,colorred,test,num1,typenegative,singlestim,33,153160,1000150,edc,paicipantresponsered,correct
2427,Subject63,1188,success,77,success,colorblue,test,num1,typepositive,singlestim,35,159550,1000170,edm,paicipantresponseblue,correct
2723,Subject63,1480,paper,77,paper,colorblue,test,num1,typeneutral,singlestim,37,166232,1000190,edm,paicipantresponseblue,correct
3019,Subject63,664,stupid,77,stupid,colorblue,test,num1,typenegative,singlestim,39,172100,1000210,edm,paicipantresponseblue,correct
3315,Subject63,832,happy,77,happy,colorblue,test,num1,typepositive,singlestim,41,178134,1000230,edm,paicipantresponseblue,correct
3611,Subject63,1078,happy,67,happy,colorred,test,num1,typepositive,singlestim,43,184414,1000250,edc,paicipantresponsered,correct
3907,Subject63,914,engine,77,engine,colorblue,test,num1,typeneutral,singlestim,45,190532,1000270,edm,paicipantresponseblue,correct
4203,Subject63,1574,suicide,67,suicide,colorred,test,num1,typesuicide,singlestim,47,197308,1000290,edc,paicipantresponsered,correct
4499,Subject63,678,funeral,77,funeral,colorblue,test,num1,typesuicide,singlestim,49,203190,1000310,edm,paicipantresponseblue,correct
4795,Subject63,974,success,67,success,colorred,test,num1,typepositive,singlestim,51,209368,1000330,edc,paicipantresponsered,correct
5091,Subject63,1534,engine,67,engine,colorred,test,num1,typeneutral,singlestim,53,216106,1000350,edc,paicipantresponsered,correct
5387,Subject63,978,pleasure,77,pleasure,colorblue,test,num1,typepositive,singlestim,55,222284,1000370,edm,paicipantresponseblue,correct
5683,Subject63,1110,alone,67,alone,colorred,test,num1,typenegative,singlestim,57,228598,1000390,edc,paicipantresponsered,correct
5979,Subject63,1256,suicide,77,suicide,colorblue,test,num1,typesuicide,singlestim,59,235056,1000410,edm,paicipantresponseblue,correct
6275,Subject63,840,museum,77,museum,colorblue,test,num1,typeneutral,singlestim,61,241098,1000430,edm,paicipantresponseblue,correct
6571,Subject63,914,funeral,67,funeral,colorred,test,num1,typesuicide,singlestim,63,247214,1000450,edc,paicipantresponsered,correct
6867,Subject63,1636,alone,77,alone,colorblue,test,num1,typenegative,singlestim,65,254052,1000470,edm,paicipantresponseblue,correct
7163,Subject63,1,engine,1,engine,colorred,test,num2,typeneutral,singlestim,67,261256,101010,ed,,incorrect
7459,Subject63,538,happy,67,happy,colorred,test,num2,typepositive,singlestim,69,266996,101030,edc,paicipantresponsered,correct
7755,Subject63,512,funeral,67,funeral,colorred,test,num2,typesuicide,singlestim,71,272710,101050,edc,paicipantresponsered,correct
8051,Subject63,414,pleasure,77,pleasure,colorblue,test,num2,typepositive,singlestim,73,278328,101070,edm,paicipantresponseblue,correct
8347,Subject63,640,stupid,77,stupid,colorblue,test,num2,typenegative,singlestim,75,284172,101090,edm,paicipantresponseblue,correct
8643,Subject63,610,stupid,67,stupid,colorred,test,num2,typenegative,singlestim,77,289984,1010110,edc,paicipantresponsered,correct
8939,Subject63,606,rejected,67,rejected,colorblue,test,num2,typenegative,singlestim,79,295794,1010130,edc,paicipantresponsered,incorrect
9235,Subject63,1332,dead,67,dead,colorred,test,num2,typesuicide,singlestim,81,302328,1010150,edc,paicipantresponsered,correct
9531,Subject63,1158,suicide,67,suicide,colorred,test,num2,typesuicide,singlestim,83,308688,1010170,edc,paicipantresponsered,correct
9827,Subject63,1200,suicide,77,suicide,colorblue,test,num2,typesuicide,singlestim,85,315092,1010190,edm,paicipantresponseblue,correct
10123,Subject63,1360,success,67,success,colorred,test,num2,typepositive,singlestim,87,321658,1010210,edc,paicipantresponsered,correct
10419,Subject63,1362,engine,77,engine,colorblue,test,num2,typeneutral,singlestim,89,328222,1010230,edm,paicipantresponseblue,correct
10715,Subject63,1726,pleasure,67,pleasure,colorred,test,num2,typepositive,singlestim,91,335150,1010250,edc,paicipantresponsered,correct
11011,Subject63,1048,paper,67,paper,colorred,test,num2,typeneutral,singlestim,93,341400,1010270,edc,paicipantresponsered,correct
11307,Subject63,852,success,77,success,colorblue,test,num2,typepositive,singlestim,95,347454,1010290,edm,paicipantresponseblue,correct
11603,Subject63,782,paper,77,paper,colorblue,test,num2,typeneutral,singlestim,97,353438,1010310,edm,paicipantresponseblue,correct
11899,Subject63,770,museum,77,museum,colorblue,test,num2,typeneutral,singlestim,99,359410,1010330,edm,paicipantresponseblue,correct
12195,Subject63,1080,alone,67,alone,colorred,test,num2,typenegative,singlestim,101,365694,1010350,edc,paicipantresponsered,correct
12491,Subject63,960,funeral,77,funeral,colorblue,test,num2,typesuicide,singlestim,103,371858,1010370,edm,paicipantresponseblue,correct
12787,Subject63,886,museum,67,museum,colorred,test,num2,typeneutral,singlestim,105,377948,1010390,edc,paicipantresponsered,correct
13083,Subject63,780,rejected,67,rejected,colorred,test,num2,typenegative,singlestim,107,383932,1010410,edc,paicipantresponsered,correct
13379,Subject63,1194,dead,77,dead,colorblue,test,num2,typesuicide,singlestim,109,390330,1010430,edm,paicipantresponseblue,correct
13675,Subject63,1028,happy,77,happy,colorblue,test,num2,typepositive,singlestim,111,396558,1010450,edm,paicipantresponseblue,correct
13971,Subject63,1110,alone,77,alone,colorblue,test,num2,typenegative,singlestim,113,402870,1010470,edm,paicipantresponseblue,correct