,SubjectID,rt,stimulus,keypress,word,color,block,blocknum,wordtype,trialtype,trialindex,timeelapsed,internalnodeid,keypressed,participantresponse,correctresponse
47,Subject49,587,alone,67,alone,colorred,test,num1,typenegative,singlestim,19,74912,100010,edc,paicipantresponsered,correct
343,Subject49,420,rejected,67,rejected,colorred,test,num1,typenegative,singlestim,21,80538,100030,edc,paicipantresponsered,correct
639,Subject49,504,suicide,67,suicide,colorred,test,num1,typesuicide,singlestim,23,86246,100050,edc,paicipantresponsered,correct
935,Subject49,551,dead,67,dead,colorred,test,num1,typesuicide,singlestim,25,92003,100070,edc,paicipantresponsered,correct
1231,Subject49,575,rejected,77,rejected,colorblue,test,num1,typenegative,singlestim,27,97783,100090,edm,paicipantresponseblue,correct
1527,Subject49,626,happy,77,happy,colorblue,test,num1,typepositive,singlestim,29,103614,1000110,edm,paicipantresponseblue,correct
1823,Subject49,558,success,67,success,colorred,test,num1,typepositive,singlestim,31,109377,1000130,edc,paicipantresponsered,correct
2119,Subject49,603,paper,77,paper,colorblue,test,num1,typeneutral,singlestim,33,115187,1000150,edm,paicipantresponseblue,correct
2415,Subject49,544,paper,67,paper,colorred,test,num1,typeneutral,singlestim,35,120938,1000170,edc,paicipantresponsered,correct
2711,Subject49,510,dead,77,dead,colorblue,test,num1,typesuicide,singlestim,37,126654,1000190,edm,paicipantresponseblue,correct
3007,Subject49,560,pleasure,77,pleasure,colorblue,test,num1,typepositive,singlestim,39,132422,1000210,edm,paicipantresponseblue,correct
3303,Subject49,572,suicide,77,suicide,colorblue,test,num1,typesuicide,singlestim,41,138199,1000230,edm,paicipantresponseblue,correct
3599,Subject49,749,museum,77,museum,colorblue,test,num1,typeneutral,singlestim,43,144155,1000250,edm,paicipantresponseblue,correct
3895,Subject49,774,funeral,77,funeral,colorblue,test,num1,typesuicide,singlestim,45,150132,1000270,edm,paicipantresponseblue,correct
4191,Subject49,754,stupid,67,stupid,colorred,test,num1,typenegative,singlestim,47,156092,1000290,edc,paicipantresponsered,correct
4487,Subject49,366,museum,67,museum,colorred,test,num1,typeneutral,singlestim,49,161664,1000310,edc,paicipantresponsered,correct
4783,Subject49,645,engine,77,engine,colorblue,test,num1,typeneutral,singlestim,51,167516,1000330,edm,paicipantresponseblue,correct
5079,Subject49,606,success,77,success,colorblue,test,num1,typepositive,singlestim,53,173328,1000350,edm,paicipantresponseblue,correct
5375,Subject49,460,stupid,77,stupid,colorblue,test,num1,typenegative,singlestim,55,178995,1000370,edm,paicipantresponseblue,correct
5671,Subject49,985,alone,77,alone,colorblue,test,num1,typenegative,singlestim,57,185186,1000390,edm,paicipantresponseblue,correct
5967,Subject49,673,funeral,67,funeral,colorred,test,num1,typesuicide,singlestim,59,191065,1000410,edc,paicipantresponsered,correct
6263,Subject49,839,engine,67,engine,colorred,test,num1,typeneutral,singlestim,61,197108,1000430,edc,paicipantresponsered,correct
6559,Subject49,525,happy,67,happy,colorred,test,num1,typepositive,singlestim,63,202841,1000450,edc,paicipantresponsered,correct
6855,Subject49,961,pleasure,67,pleasure,colorred,test,num1,typepositive,singlestim,65,209007,1000470,edc,paicipantresponsered,correct
7151,Subject49,630,happy,77,happy,colorblue,test,num2,typepositive,singlestim,67,214844,101010,edm,paicipantresponseblue,correct
7447,Subject49,704,dead,77,dead,colorblue,test,num2,typesuicide,singlestim,69,220755,101030,edm,paicipantresponseblue,correct
7743,Subject49,1,alone,1,alone,colorred,test,num2,typenegative,singlestim,71,227962,101050,ed,,incorrect
8039,Subject49,658,funeral,77,funeral,colorblue,test,num2,typesuicide,singlestim,73,233826,101070,edm,paicipantresponseblue,correct
8335,Subject49,517,museum,77,museum,colorblue,test,num2,typeneutral,singlestim,75,239550,101090,edm,paicipantresponseblue,correct
8631,Subject49,472,rejected,67,rejected,colorred,test,num2,typenegative,singlestim,77,245227,1010110,edc,paicipantresponsered,correct
8927,Subject49,684,suicide,77,suicide,colorblue,test,num2,typesuicide,singlestim,79,251115,1010130,edm,paicipantresponseblue,correct
9223,Subject49,532,success,77,success,colorblue,test,num2,typepositive,singlestim,81,256852,1010150,edm,paicipantresponseblue,correct
9519,Subject49,513,stupid,77,stupid,colorblue,test,num2,typenegative,singlestim,83,262568,1010170,edm,paicipantresponseblue,correct
9815,Subject49,663,pleasure,67,pleasure,colorred,test,num2,typepositive,singlestim,85,268437,1010190,edc,paicipantresponsered,correct
10111,Subject49,686,success,67,success,colorred,test,num2,typepositive,singlestim,87,274329,1010210,edc,paicipantresponsered,correct
10407,Subject49,783,pleasure,77,pleasure,colorblue,test,num2,typepositive,singlestim,89,280318,1010230,edm,paicipantresponseblue,correct
10703,Subject49,560,funeral,67,funeral,colorred,test,num2,typesuicide,singlestim,91,286084,1010250,edc,paicipantresponsered,correct
10999,Subject49,665,rejected,77,rejected,colorblue,test,num2,typenegative,singlestim,93,291956,1010270,edm,paicipantresponseblue,correct
11295,Subject49,787,museum,67,museum,colorred,test,num2,typeneutral,singlestim,95,297949,1010290,edc,paicipantresponsered,correct
11591,Subject49,771,dead,67,dead,colorred,test,num2,typesuicide,singlestim,97,303926,1010310,edc,paicipantresponsered,correct
11887,Subject49,839,paper,77,paper,colorblue,test,num2,typeneutral,singlestim,99,309969,1010330,edm,paicipantresponseblue,correct
12183,Subject49,1272,alone,77,alone,colorblue,test,num2,typenegative,singlestim,101,316448,1010350,edm,paicipantresponseblue,correct
12479,Subject49,1874,paper,67,paper,colorred,test,num2,typeneutral,singlestim,103,323528,1010370,edc,paicipantresponsered,correct
12775,Subject49,506,happy,67,happy,colorred,test,num2,typepositive,singlestim,105,329239,1010390,edc,paicipantresponsered,correct
13071,Subject49,613,engine,67,engine,colorred,test,num2,typeneutral,singlestim,107,335058,1010410,edc,paicipantresponsered,correct
13367,Subject49,574,stupid,67,stupid,colorred,test,num2,typenegative,singlestim,109,340840,1010430,edc,paicipantresponsered,correct
13663,Subject49,613,suicide,67,suicide,colorred,test,num2,typesuicide,singlestim,111,346659,1010450,edc,paicipantresponsered,correct
13959,Subject49,1362,engine,77,engine,colorblue,test,num2,typeneutral,singlestim,113,353227,1010470,edm,paicipantresponseblue,correct