,SubjectID,rt,stimulus,keypress,word,color,block,blocknum,wordtype,trialtype,trialindex,timeelapsed,internalnodeid,keypressed,participantresponse,correctresponse
293,Subject330,1138,suicide,67,suicide,colorred,test,num1,typesuicide,singlestim,19,172679,100010,edc,paicipantresponsered,correct
589,Subject330,332,suicide,77,suicide,colorblue,test,num1,typesuicide,singlestim,21,178223,100030,edm,paicipantresponseblue,correct
885,Subject330,348,engine,67,engine,colorred,test,num1,typeneutral,singlestim,23,183781,100050,edc,paicipantresponsered,correct
1181,Subject330,649,dead,67,dead,colorred,test,num1,typesuicide,singlestim,25,189640,100070,edc,paicipantresponsered,correct
1477,Subject330,587,pleasure,67,pleasure,colorred,test,num1,typepositive,singlestim,27,195438,100090,edc,paicipantresponsered,correct
1773,Subject330,392,museum,67,museum,colorred,test,num1,typeneutral,singlestim,29,201034,1000110,edc,paicipantresponsered,correct
2069,Subject330,368,happy,67,happy,colorred,test,num1,typepositive,singlestim,31,206613,1000130,edc,paicipantresponsered,correct
2365,Subject330,366,museum,77,museum,colorblue,test,num1,typeneutral,singlestim,33,212183,1000150,edm,paicipantresponseblue,correct
2661,Subject330,424,funeral,77,funeral,colorblue,test,num1,typesuicide,singlestim,35,217811,1000170,edm,paicipantresponseblue,correct
2957,Subject330,463,engine,77,engine,colorblue,test,num1,typeneutral,singlestim,37,223485,1000190,edm,paicipantresponseblue,correct
3253,Subject330,359,success,77,success,colorblue,test,num1,typepositive,singlestim,39,229048,1000210,edm,paicipantresponseblue,correct
3549,Subject330,450,paper,67,paper,colorred,test,num1,typeneutral,singlestim,41,234705,1000230,edc,paicipantresponsered,correct
3845,Subject330,434,funeral,67,funeral,colorred,test,num1,typesuicide,singlestim,43,240347,1000250,edc,paicipantresponsered,correct
4141,Subject330,384,dead,77,dead,colorblue,test,num1,typesuicide,singlestim,45,245938,1000270,edm,paicipantresponseblue,correct
4437,Subject330,334,alone,67,alone,colorred,test,num1,typenegative,singlestim,47,251477,1000290,edc,paicipantresponsered,correct
4733,Subject330,384,stupid,77,stupid,colorblue,test,num1,typenegative,singlestim,49,257070,1000310,edm,paicipantresponseblue,correct
5029,Subject330,577,happy,77,happy,colorblue,test,num1,typepositive,singlestim,51,262852,1000330,edm,paicipantresponseblue,correct
5325,Subject330,700,rejected,67,rejected,colorred,test,num1,typenegative,singlestim,53,268760,1000350,edc,paicipantresponsered,correct
5621,Subject330,536,paper,77,paper,colorblue,test,num1,typeneutral,singlestim,55,274501,1000370,edm,paicipantresponseblue,correct
5917,Subject330,309,pleasure,77,pleasure,colorblue,test,num1,typepositive,singlestim,57,280018,1000390,edm,paicipantresponseblue,correct
6213,Subject330,462,rejected,77,rejected,colorblue,test,num1,typenegative,singlestim,59,285688,1000410,edm,paicipantresponseblue,correct
6509,Subject330,553,success,67,success,colorred,test,num1,typepositive,singlestim,61,291446,1000430,edc,paicipantresponsered,correct
6805,Subject330,414,alone,77,alone,colorblue,test,num1,typenegative,singlestim,63,297069,1000450,edm,paicipantresponseblue,correct
7101,Subject330,412,stupid,67,stupid,colorred,test,num1,typenegative,singlestim,65,302687,1000470,edc,paicipantresponsered,correct
7397,Subject330,400,dead,77,dead,colorblue,test,num2,typesuicide,singlestim,67,308292,101010,edm,paicipantresponseblue,correct
7693,Subject330,410,stupid,77,stupid,colorblue,test,num2,typenegative,singlestim,69,313911,101030,edm,paicipantresponseblue,correct
7989,Subject330,549,success,67,success,colorred,test,num2,typepositive,singlestim,71,319666,101050,edc,paicipantresponsered,correct
8285,Subject330,539,engine,67,engine,colorred,test,num2,typeneutral,singlestim,73,325413,101070,edc,paicipantresponsered,correct
8581,Subject330,445,suicide,77,suicide,colorblue,test,num2,typesuicide,singlestim,75,331066,101090,edm,paicipantresponseblue,correct
8877,Subject330,480,pleasure,77,pleasure,colorblue,test,num2,typepositive,singlestim,77,336751,1010110,edm,paicipantresponseblue,correct
9173,Subject330,515,rejected,77,rejected,colorblue,test,num2,typenegative,singlestim,79,342474,1010130,edm,paicipantresponseblue,correct
9469,Subject330,496,funeral,67,funeral,colorred,test,num2,typesuicide,singlestim,81,348178,1010150,edc,paicipantresponsered,correct
9765,Subject330,396,alone,77,alone,colorred,test,num2,typenegative,singlestim,83,353781,1010170,edm,paicipantresponseblue,incorrect
10061,Subject330,496,dead,67,dead,colorred,test,num2,typesuicide,singlestim,85,359481,1010190,edc,paicipantresponsered,correct
10357,Subject330,345,paper,77,paper,colorblue,test,num2,typeneutral,singlestim,87,365033,1010210,edm,paicipantresponseblue,correct
10653,Subject330,552,stupid,67,stupid,colorred,test,num2,typenegative,singlestim,89,370794,1010230,edc,paicipantresponsered,correct
10949,Subject330,402,rejected,67,rejected,colorred,test,num2,typenegative,singlestim,91,376406,1010250,edc,paicipantresponsered,correct
11245,Subject330,360,success,77,success,colorblue,test,num2,typepositive,singlestim,93,381972,1010270,edm,paicipantresponseblue,correct
11541,Subject330,756,engine,67,engine,colorblue,test,num2,typeneutral,singlestim,95,387936,1010290,edc,paicipantresponsered,incorrect
11837,Subject330,732,museum,67,museum,colorred,test,num2,typeneutral,singlestim,97,393877,1010310,edc,paicipantresponsered,correct
12133,Subject330,566,suicide,67,suicide,colorred,test,num2,typesuicide,singlestim,99,399652,1010330,edc,paicipantresponsered,correct
12429,Subject330,495,paper,67,paper,colorred,test,num2,typeneutral,singlestim,101,405353,1010350,edc,paicipantresponsered,correct
12725,Subject330,439,alone,77,alone,colorblue,test,num2,typenegative,singlestim,103,410998,1010370,edm,paicipantresponseblue,correct
13021,Subject330,611,pleasure,67,pleasure,colorred,test,num2,typepositive,singlestim,105,416817,1010390,edc,paicipantresponsered,correct
13317,Subject330,409,happy,67,happy,colorred,test,num2,typepositive,singlestim,107,422437,1010410,edc,paicipantresponsered,correct
13613,Subject330,417,funeral,77,funeral,colorblue,test,num2,typesuicide,singlestim,109,428063,1010430,edm,paicipantresponseblue,correct
13909,Subject330,506,happy,77,happy,colorblue,test,num2,typepositive,singlestim,111,433777,1010450,edm,paicipantresponseblue,correct
14205,Subject330,470,museum,77,museum,colorblue,test,num2,typeneutral,singlestim,113,439453,1010470,edm,paicipantresponseblue,correct