,SubjectID,rt,stimulus,keypress,word,color,block,blocknum,wordtype,trialtype,trialindex,timeelapsed,internalnodeid,keypressed,participantresponse,correctresponse
188,Subject220,834,dead,77,dead,colorblue,test,num1,typesuicide,singlestim,19,103352,100010,edm,paicipantresponseblue,correct
484,Subject220,594,alone,67,alone,colorred,test,num1,typenegative,singlestim,21,109391,100030,edc,paicipantresponsered,correct
780,Subject220,652,success,67,success,colorred,test,num1,typepositive,singlestim,23,115188,100050,edc,paicipantresponsered,correct
1076,Subject220,466,suicide,67,suicide,colorred,test,num1,typesuicide,singlestim,25,121047,100070,edc,paicipantresponsered,correct
1372,Subject220,683,success,77,success,colorblue,test,num1,typepositive,singlestim,27,126719,100090,edm,paicipantresponseblue,correct
1668,Subject220,635,funeral,67,funeral,colorred,test,num1,typesuicide,singlestim,29,132608,1000110,edc,paicipantresponsered,correct
1964,Subject220,685,dead,67,dead,colorred,test,num1,typesuicide,singlestim,31,138448,1000130,edc,paicipantresponsered,correct
2260,Subject220,603,engine,77,engine,colorblue,test,num1,typeneutral,singlestim,33,144337,1000150,edm,paicipantresponseblue,correct
2556,Subject220,593,engine,67,engine,colorred,test,num1,typeneutral,singlestim,35,150146,1000170,edc,paicipantresponsered,correct
2852,Subject220,786,pleasure,67,pleasure,colorred,test,num1,typepositive,singlestim,37,155944,1000190,edc,paicipantresponsered,correct
3148,Subject220,843,paper,77,paper,colorblue,test,num1,typeneutral,singlestim,39,161935,1000210,edm,paicipantresponseblue,correct
3444,Subject220,852,rejected,67,rejected,colorred,test,num1,typenegative,singlestim,41,167984,1000230,edc,paicipantresponsered,correct
3740,Subject220,547,rejected,77,rejected,colorblue,test,num1,typenegative,singlestim,43,174041,1000250,edm,paicipantresponseblue,correct
4036,Subject220,582,happy,77,happy,colorblue,test,num1,typepositive,singlestim,45,179796,1000270,edm,paicipantresponseblue,correct
4332,Subject220,575,museum,77,museum,colorblue,test,num1,typeneutral,singlestim,47,185582,1000290,edm,paicipantresponseblue,correct
4628,Subject220,595,funeral,77,funeral,colorblue,test,num1,typesuicide,singlestim,49,191362,1000310,edm,paicipantresponseblue,correct
4924,Subject220,1304,stupid,77,stupid,colorblue,test,num1,typenegative,singlestim,51,197162,1000330,edm,paicipantresponseblue,correct
5220,Subject220,811,suicide,77,suicide,colorblue,test,num1,typesuicide,singlestim,53,203671,1000350,edm,paicipantresponseblue,correct
5516,Subject220,507,museum,67,museum,colorred,test,num1,typeneutral,singlestim,55,209688,1000370,edc,paicipantresponsered,correct
5812,Subject220,535,happy,67,happy,colorred,test,num1,typepositive,singlestim,57,215399,1000390,edc,paicipantresponsered,correct
6108,Subject220,454,stupid,67,stupid,colorred,test,num1,typenegative,singlestim,59,221139,1000410,edc,paicipantresponsered,correct
6404,Subject220,433,paper,67,paper,colorred,test,num1,typeneutral,singlestim,61,226800,1000430,edc,paicipantresponsered,correct
6700,Subject220,554,pleasure,77,pleasure,colorblue,test,num1,typepositive,singlestim,63,232441,1000450,edm,paicipantresponseblue,correct
6996,Subject220,456,alone,77,alone,colorblue,test,num1,typenegative,singlestim,65,238199,1000470,edm,paicipantresponseblue,correct
7292,Subject220,555,alone,67,alone,colorred,test,num2,typenegative,singlestim,67,243863,101010,edc,paicipantresponsered,correct
7588,Subject220,933,success,77,success,colorblue,test,num2,typepositive,singlestim,69,249623,101030,edm,paicipantresponseblue,correct
7884,Subject220,643,happy,67,happy,colorred,test,num2,typepositive,singlestim,71,255762,101050,edc,paicipantresponsered,correct
8180,Subject220,631,engine,67,engine,colorred,test,num2,typeneutral,singlestim,73,261614,101070,edc,paicipantresponsered,correct
8476,Subject220,626,paper,67,paper,colorred,test,num2,typeneutral,singlestim,75,267451,101090,edc,paicipantresponsered,correct
8772,Subject220,378,alone,77,alone,colorblue,test,num2,typenegative,singlestim,77,273283,1010110,edm,paicipantresponseblue,correct
9068,Subject220,445,funeral,67,funeral,colorred,test,num2,typesuicide,singlestim,79,278865,1010130,edc,paicipantresponsered,correct
9364,Subject220,358,rejected,67,rejected,colorred,test,num2,typenegative,singlestim,81,284516,1010150,edc,paicipantresponsered,correct
9660,Subject220,783,funeral,77,funeral,colorblue,test,num2,typesuicide,singlestim,83,290079,1010170,edm,paicipantresponseblue,correct
9956,Subject220,667,engine,77,engine,colorblue,test,num2,typeneutral,singlestim,85,296070,1010190,edm,paicipantresponseblue,correct
10252,Subject220,524,museum,77,museum,colorblue,test,num2,typeneutral,singlestim,87,301941,1010210,edm,paicipantresponseblue,correct
10548,Subject220,748,suicide,77,suicide,colorblue,test,num2,typesuicide,singlestim,89,307670,1010230,edm,paicipantresponseblue,correct
10844,Subject220,585,happy,77,happy,colorblue,test,num2,typepositive,singlestim,91,313623,1010250,edm,paicipantresponseblue,correct
11140,Subject220,825,pleasure,77,pleasure,colorblue,test,num2,typepositive,singlestim,93,319415,1010270,edm,paicipantresponseblue,correct
11436,Subject220,546,stupid,77,stupid,colorblue,test,num2,typenegative,singlestim,95,325443,1010290,edm,paicipantresponseblue,correct
11732,Subject220,708,dead,67,dead,colorred,test,num2,typesuicide,singlestim,97,331194,1010310,edc,paicipantresponsered,correct
12028,Subject220,526,pleasure,67,pleasure,colorred,test,num2,typepositive,singlestim,99,337107,1010330,edc,paicipantresponsered,correct
12324,Subject220,974,rejected,77,rejected,colorblue,test,num2,typenegative,singlestim,101,342838,1010350,edm,paicipantresponseblue,correct
12620,Subject220,685,museum,67,museum,colorred,test,num2,typeneutral,singlestim,103,349018,1010370,edc,paicipantresponsered,correct
12916,Subject220,1278,suicide,67,suicide,colorred,test,num2,typesuicide,singlestim,105,354910,1010390,edc,paicipantresponsered,correct
13212,Subject220,1846,stupid,67,stupid,colorred,test,num2,typenegative,singlestim,107,361395,1010410,edc,paicipantresponsered,correct
13508,Subject220,509,dead,77,dead,colorblue,test,num2,typesuicide,singlestim,109,368448,1010430,edm,paicipantresponseblue,correct
13804,Subject220,725,paper,77,paper,colorblue,test,num2,typeneutral,singlestim,111,374162,1010450,edm,paicipantresponseblue,correct
14100,Subject220,1001,success,67,success,colorred,test,num2,typepositive,singlestim,113,380091,1010470,edc,paicipantresponsered,correct