,SubjectID,rt,stimulus,keypress,word,color,block,blocknum,wordtype,trialtype,trialindex,timeelapsed,internalnodeid,keypressed,participantresponse,correctresponse
56,Subject59,927,happy,67,happy,colorred,test,num1,typepositive,singlestim,19,159997,100010,edc,paicipantresponsered,correct
352,Subject59,714,engine,67,engine,colorred,test,num1,typeneutral,singlestim,21,165923,100030,edc,paicipantresponsered,correct
648,Subject59,1028,rejected,67,rejected,colorred,test,num1,typenegative,singlestim,23,172165,100050,edc,paicipantresponsered,correct
944,Subject59,744,happy,77,happy,colorblue,test,num1,typepositive,singlestim,25,178120,100070,edm,paicipantresponseblue,correct
1240,Subject59,803,stupid,67,stupid,colorred,test,num1,typenegative,singlestim,27,184134,100090,edc,paicipantresponsered,correct
1536,Subject59,1067,funeral,77,funeral,colorblue,test,num1,typesuicide,singlestim,29,190412,1000110,edm,paicipantresponseblue,correct
1832,Subject59,680,pleasure,77,pleasure,colorblue,test,num1,typepositive,singlestim,31,196307,1000130,edm,paicipantresponseblue,correct
2128,Subject59,762,funeral,67,funeral,colorred,test,num1,typesuicide,singlestim,33,202277,1000150,edc,paicipantresponsered,correct
2424,Subject59,1023,museum,67,museum,colorred,test,num1,typeneutral,singlestim,35,208511,1000170,edc,paicipantresponsered,correct
2720,Subject59,915,museum,77,museum,colorblue,test,num1,typeneutral,singlestim,37,214638,1000190,edm,paicipantresponseblue,correct
3016,Subject59,967,dead,77,dead,colorblue,test,num1,typesuicide,singlestim,39,220818,1000210,edm,paicipantresponseblue,correct
3312,Subject59,824,alone,67,alone,colorred,test,num1,typenegative,singlestim,41,226857,1000230,edc,paicipantresponsered,correct
3608,Subject59,642,paper,67,paper,colorred,test,num1,typeneutral,singlestim,43,232710,1000250,edc,paicipantresponsered,correct
3904,Subject59,820,stupid,77,stupid,colorblue,test,num1,typenegative,singlestim,45,238740,1000270,edm,paicipantresponseblue,correct
4200,Subject59,971,success,77,success,colorblue,test,num1,typepositive,singlestim,47,244920,1000290,edm,paicipantresponseblue,correct
4496,Subject59,941,engine,77,engine,colorblue,test,num1,typeneutral,singlestim,49,251072,1000310,edm,paicipantresponseblue,correct
4792,Subject59,1127,pleasure,67,pleasure,colorred,test,num1,typepositive,singlestim,51,257411,1000330,edc,paicipantresponsered,correct
5088,Subject59,956,alone,77,alone,colorblue,test,num1,typenegative,singlestim,53,263578,1000350,edm,paicipantresponseblue,correct
5384,Subject59,894,dead,67,dead,colorred,test,num1,typesuicide,singlestim,55,269685,1000370,edc,paicipantresponsered,correct
5680,Subject59,918,paper,77,paper,colorblue,test,num1,typeneutral,singlestim,57,275815,1000390,edm,paicipantresponseblue,correct
5976,Subject59,576,suicide,67,suicide,colorred,test,num1,typesuicide,singlestim,59,281603,1000410,edc,paicipantresponsered,correct
6272,Subject59,1015,success,67,success,colorred,test,num1,typepositive,singlestim,61,287829,1000430,edc,paicipantresponsered,correct
6568,Subject59,841,rejected,77,rejected,colorblue,test,num1,typenegative,singlestim,63,293883,1000450,edm,paicipantresponseblue,correct
6864,Subject59,937,suicide,77,suicide,colorblue,test,num1,typesuicide,singlestim,65,300032,1000470,edm,paicipantresponseblue,correct
7160,Subject59,874,pleasure,67,pleasure,colorred,test,num2,typepositive,singlestim,67,306115,101010,edc,paicipantresponsered,correct
7456,Subject59,1032,museum,67,museum,colorred,test,num2,typeneutral,singlestim,69,312363,101030,edc,paicipantresponsered,correct
7752,Subject59,702,stupid,77,stupid,colorblue,test,num2,typenegative,singlestim,71,318278,101050,edm,paicipantresponseblue,correct
8048,Subject59,1105,suicide,67,suicide,colorred,test,num2,typesuicide,singlestim,73,324596,101070,edc,paicipantresponsered,correct
8344,Subject59,989,alone,67,alone,colorred,test,num2,typenegative,singlestim,75,330794,101090,edc,paicipantresponsered,correct
8640,Subject59,792,dead,77,dead,colorblue,test,num2,typesuicide,singlestim,77,336796,1010110,edm,paicipantresponseblue,correct
8936,Subject59,976,happy,77,happy,colorblue,test,num2,typepositive,singlestim,79,342982,1010130,edm,paicipantresponseblue,correct
9232,Subject59,1463,stupid,67,stupid,colorred,test,num2,typenegative,singlestim,81,349657,1010150,edc,paicipantresponsered,correct
9528,Subject59,1452,pleasure,77,pleasure,colorblue,test,num2,typepositive,singlestim,83,356320,1010170,edm,paicipantresponseblue,correct
9824,Subject59,1241,alone,77,alone,colorblue,test,num2,typenegative,singlestim,85,362772,1010190,edm,paicipantresponseblue,correct
10120,Subject59,1,happy,1,happy,colorred,test,num2,typepositive,singlestim,87,369991,1010210,ed,,incorrect
10416,Subject59,964,museum,77,museum,colorblue,test,num2,typeneutral,singlestim,89,376163,1010230,edm,paicipantresponseblue,correct
10712,Subject59,841,funeral,77,funeral,colorblue,test,num2,typesuicide,singlestim,91,382216,1010250,edm,paicipantresponseblue,correct
11008,Subject59,802,suicide,77,suicide,colorblue,test,num2,typesuicide,singlestim,93,388233,1010270,edm,paicipantresponseblue,correct
11304,Subject59,569,rejected,77,rejected,colorblue,test,num2,typenegative,singlestim,95,394012,1010290,edm,paicipantresponseblue,correct
11600,Subject59,1059,success,77,success,colorblue,test,num2,typepositive,singlestim,97,400283,1010310,edm,paicipantresponseblue,correct
11896,Subject59,745,paper,67,paper,colorred,test,num2,typeneutral,singlestim,99,406237,1010330,edc,paicipantresponsered,correct
12192,Subject59,830,engine,77,engine,colorblue,test,num2,typeneutral,singlestim,101,412278,1010350,edm,paicipantresponseblue,correct
12488,Subject59,925,paper,77,paper,colorblue,test,num2,typeneutral,singlestim,103,418416,1010370,edm,paicipantresponseblue,correct
12784,Subject59,768,success,67,success,colorred,test,num2,typepositive,singlestim,105,424392,1010390,edc,paicipantresponsered,correct
13080,Subject59,713,funeral,67,funeral,colorred,test,num2,typesuicide,singlestim,107,430315,1010410,edc,paicipantresponsered,correct
13376,Subject59,946,dead,67,dead,colorred,test,num2,typesuicide,singlestim,109,436474,1010430,edc,paicipantresponsered,correct
13672,Subject59,1395,rejected,67,rejected,colorred,test,num2,typenegative,singlestim,111,443081,1010450,edc,paicipantresponsered,correct
13968,Subject59,1298,engine,67,engine,colorred,test,num2,typeneutral,singlestim,113,449589,1010470,edc,paicipantresponsered,correct