,SubjectID,rt,stimulus,keypress,word,color,block,blocknum,wordtype,trialtype,trialindex,timeelapsed,internalnodeid,keypressed,participantresponse,correctresponse
206,Subject238,765,stupid,77,stupid,colorblue,test,num1,typenegative,singlestim,19,115957,100010,edm,paicipantresponseblue,correct
502,Subject238,508,paper,67,paper,colorred,test,num1,typeneutral,singlestim,21,121671,100030,edc,paicipantresponsered,correct
798,Subject238,510,alone,77,alone,colorblue,test,num1,typenegative,singlestim,23,127392,100050,edm,paicipantresponseblue,correct
1094,Subject238,524,suicide,77,suicide,colorblue,test,num1,typesuicide,singlestim,25,133124,100070,edm,paicipantresponseblue,correct
1390,Subject238,484,engine,77,engine,colorblue,test,num1,typeneutral,singlestim,27,138814,100090,edm,paicipantresponseblue,correct
1686,Subject238,440,museum,67,museum,colorred,test,num1,typeneutral,singlestim,29,144460,1000110,edc,paicipantresponsered,correct
1982,Subject238,576,dead,77,dead,colorblue,test,num1,typesuicide,singlestim,31,150242,1000130,edm,paicipantresponseblue,correct
2278,Subject238,1134,dead,67,dead,colorred,test,num1,typesuicide,singlestim,33,156582,1000150,edc,paicipantresponsered,correct
2574,Subject238,430,museum,77,museum,colorblue,test,num1,typeneutral,singlestim,35,162219,1000170,edm,paicipantresponseblue,correct
2870,Subject238,518,funeral,77,funeral,colorblue,test,num1,typesuicide,singlestim,37,167945,1000190,edm,paicipantresponseblue,correct
3166,Subject238,496,success,77,success,colorblue,test,num1,typepositive,singlestim,39,173647,1000210,edm,paicipantresponseblue,correct
3462,Subject238,609,happy,77,happy,colorblue,test,num1,typepositive,singlestim,41,179462,1000230,edm,paicipantresponseblue,correct
3758,Subject238,677,rejected,67,rejected,colorred,test,num1,typenegative,singlestim,43,185345,1000250,edc,paicipantresponsered,correct
4054,Subject238,603,pleasure,67,pleasure,colorred,test,num1,typepositive,singlestim,45,191154,1000270,edc,paicipantresponsered,correct
4350,Subject238,568,pleasure,77,pleasure,colorblue,test,num1,typepositive,singlestim,47,196929,1000290,edm,paicipantresponseblue,correct
4646,Subject238,537,happy,67,happy,colorred,test,num1,typepositive,singlestim,49,202672,1000310,edc,paicipantresponsered,correct
4942,Subject238,641,funeral,67,funeral,colorred,test,num1,typesuicide,singlestim,51,208521,1000330,edc,paicipantresponsered,correct
5238,Subject238,750,stupid,67,stupid,colorred,test,num1,typenegative,singlestim,53,214478,1000350,edc,paicipantresponsered,correct
5534,Subject238,503,engine,67,engine,colorred,test,num1,typeneutral,singlestim,55,220191,1000370,edc,paicipantresponsered,correct
5830,Subject238,440,success,67,success,colorred,test,num1,typepositive,singlestim,57,225838,1000390,edc,paicipantresponsered,correct
6126,Subject238,481,paper,77,paper,colorblue,test,num1,typeneutral,singlestim,59,231525,1000410,edm,paicipantresponseblue,correct
6422,Subject238,821,suicide,67,suicide,colorred,test,num1,typesuicide,singlestim,61,237553,1000430,edc,paicipantresponsered,correct
6718,Subject238,538,rejected,77,rejected,colorblue,test,num1,typenegative,singlestim,63,243300,1000450,edm,paicipantresponseblue,correct
7014,Subject238,447,alone,67,alone,colorred,test,num1,typenegative,singlestim,65,248954,1000470,edc,paicipantresponsered,correct
7310,Subject238,480,happy,67,happy,colorred,test,num2,typepositive,singlestim,67,254641,101010,edc,paicipantresponsered,correct
7606,Subject238,480,suicide,67,suicide,colorred,test,num2,typesuicide,singlestim,69,260330,101030,edc,paicipantresponsered,correct
7902,Subject238,442,funeral,67,funeral,colorred,test,num2,typesuicide,singlestim,71,265978,101050,edc,paicipantresponsered,correct
8198,Subject238,450,pleasure,77,pleasure,colorblue,test,num2,typepositive,singlestim,73,271636,101070,edm,paicipantresponseblue,correct
8494,Subject238,539,museum,67,museum,colorred,test,num2,typeneutral,singlestim,75,277382,101090,edc,paicipantresponsered,correct
8790,Subject238,477,rejected,67,rejected,colorred,test,num2,typenegative,singlestim,77,283067,1010110,edc,paicipantresponsered,correct
9086,Subject238,530,stupid,77,stupid,colorblue,test,num2,typenegative,singlestim,79,288802,1010130,edm,paicipantresponseblue,correct
9382,Subject238,425,success,77,success,colorblue,test,num2,typepositive,singlestim,81,294436,1010150,edm,paicipantresponseblue,correct
9678,Subject238,520,paper,77,paper,colorblue,test,num2,typeneutral,singlestim,83,300165,1010170,edm,paicipantresponseblue,correct
9974,Subject238,470,engine,77,engine,colorblue,test,num2,typeneutral,singlestim,85,305842,1010190,edm,paicipantresponseblue,correct
10270,Subject238,495,dead,67,dead,colorred,test,num2,typesuicide,singlestim,87,311544,1010210,edc,paicipantresponsered,correct
10566,Subject238,419,rejected,77,rejected,colorblue,test,num2,typenegative,singlestim,89,317173,1010230,edm,paicipantresponseblue,correct
10862,Subject238,739,alone,67,alone,colorred,test,num2,typenegative,singlestim,91,323116,1010250,edc,paicipantresponsered,correct
11158,Subject238,441,alone,77,alone,colorblue,test,num2,typenegative,singlestim,93,328764,1010270,edm,paicipantresponseblue,correct
11454,Subject238,510,paper,67,paper,colorred,test,num2,typeneutral,singlestim,95,334479,1010290,edc,paicipantresponsered,correct
11750,Subject238,480,success,67,success,colorred,test,num2,typepositive,singlestim,97,340165,1010310,edc,paicipantresponsered,correct
12046,Subject238,482,dead,77,dead,colorblue,test,num2,typesuicide,singlestim,99,345853,1010330,edm,paicipantresponseblue,correct
12342,Subject238,809,pleasure,67,pleasure,colorred,test,num2,typepositive,singlestim,101,351872,1010350,edc,paicipantresponsered,correct
12638,Subject238,492,engine,67,engine,colorred,test,num2,typeneutral,singlestim,103,357572,1010370,edc,paicipantresponsered,correct
12934,Subject238,461,museum,77,museum,colorblue,test,num2,typeneutral,singlestim,105,363239,1010390,edm,paicipantresponseblue,correct
13230,Subject238,601,funeral,77,funeral,colorblue,test,num2,typesuicide,singlestim,107,369048,1010410,edm,paicipantresponseblue,correct
13526,Subject238,627,suicide,77,suicide,colorblue,test,num2,typesuicide,singlestim,109,374881,1010430,edm,paicipantresponseblue,correct
13822,Subject238,465,stupid,67,stupid,colorred,test,num2,typenegative,singlestim,111,380553,1010450,edc,paicipantresponsered,correct
14118,Subject238,521,happy,77,happy,colorblue,test,num2,typepositive,singlestim,113,386281,1010470,edm,paicipantresponseblue,correct