,SubjectID,rt,stimulus,keypress,word,color,block,blocknum,wordtype,trialtype,trialindex,timeelapsed,internalnodeid,keypressed,participantresponse,correctresponse
37,Subject38,489,museum,67,museum,colorblue,test,num1,typeneutral,singlestim,19,98128,100010,edc,paicipantresponsered,incorrect
333,Subject38,431,engine,77,engine,colorblue,test,num1,typeneutral,singlestim,21,103832,100030,edm,paicipantresponseblue,correct
629,Subject38,381,suicide,77,suicide,colorblue,test,num1,typesuicide,singlestim,23,109470,100050,edm,paicipantresponseblue,correct
925,Subject38,420,dead,67,dead,colorred,test,num1,typesuicide,singlestim,25,115068,100070,edc,paicipantresponsered,correct
1221,Subject38,403,pleasure,67,pleasure,colorred,test,num1,typepositive,singlestim,27,120702,100090,edc,paicipantresponsered,correct
1517,Subject38,408,suicide,67,suicide,colorred,test,num1,typesuicide,singlestim,29,126321,1000110,edc,paicipantresponsered,correct
1813,Subject38,392,funeral,67,funeral,colorred,test,num1,typesuicide,singlestim,31,131944,1000130,edc,paicipantresponsered,correct
2109,Subject38,418,paper,77,paper,colorblue,test,num1,typeneutral,singlestim,33,137552,1000150,edm,paicipantresponseblue,correct
2405,Subject38,440,happy,77,happy,colorblue,test,num1,typepositive,singlestim,35,143182,1000170,edm,paicipantresponseblue,correct
2701,Subject38,541,stupid,67,stupid,colorred,test,num1,typenegative,singlestim,37,148837,1000190,edc,paicipantresponsered,correct
2997,Subject38,429,pleasure,77,pleasure,colorblue,test,num1,typepositive,singlestim,39,154592,1000210,edm,paicipantresponseblue,correct
3293,Subject38,359,alone,77,alone,colorblue,test,num1,typenegative,singlestim,41,160228,1000230,edm,paicipantresponseblue,correct
3589,Subject38,391,museum,67,museum,colorred,test,num1,typeneutral,singlestim,43,165801,1000250,edc,paicipantresponsered,correct
3885,Subject38,429,happy,67,happy,colorred,test,num1,typepositive,singlestim,45,171405,1000270,edc,paicipantresponsered,correct
4181,Subject38,485,rejected,67,rejected,colorred,test,num1,typenegative,singlestim,47,177048,1000290,edc,paicipantresponsered,correct
4477,Subject38,475,funeral,77,funeral,colorblue,test,num1,typesuicide,singlestim,49,182747,1000310,edm,paicipantresponseblue,correct
4773,Subject38,478,dead,77,dead,colorblue,test,num1,typesuicide,singlestim,51,188435,1000330,edm,paicipantresponseblue,correct
5069,Subject38,343,engine,67,engine,colorred,test,num1,typeneutral,singlestim,53,194127,1000350,edc,paicipantresponsered,correct
5365,Subject38,460,success,77,success,colorblue,test,num1,typepositive,singlestim,55,199683,1000370,edm,paicipantresponseblue,correct
5661,Subject38,430,success,67,success,colorred,test,num1,typepositive,singlestim,57,205355,1000390,edc,paicipantresponsered,correct
5957,Subject38,476,rejected,77,rejected,colorblue,test,num1,typenegative,singlestim,59,210995,1000410,edm,paicipantresponseblue,correct
6253,Subject38,512,alone,77,alone,colorred,test,num1,typenegative,singlestim,61,216679,1000430,edm,paicipantresponseblue,incorrect
6549,Subject38,390,stupid,77,stupid,colorblue,test,num1,typenegative,singlestim,63,222405,1000450,edm,paicipantresponseblue,correct
6845,Subject38,460,paper,67,paper,colorred,test,num1,typeneutral,singlestim,65,228011,1000470,edc,paicipantresponsered,correct
7141,Subject38,401,pleasure,77,pleasure,colorblue,test,num2,typepositive,singlestim,67,233686,101010,edm,paicipantresponseblue,correct
7437,Subject38,419,stupid,67,stupid,colorred,test,num2,typenegative,singlestim,69,239302,101030,edc,paicipantresponsered,correct
7733,Subject38,387,dead,77,dead,colorblue,test,num2,typesuicide,singlestim,71,244937,101050,edm,paicipantresponseblue,correct
8029,Subject38,555,museum,67,museum,colorred,test,num2,typeneutral,singlestim,73,250535,101070,edc,paicipantresponsered,correct
8325,Subject38,429,pleasure,67,pleasure,colorred,test,num2,typepositive,singlestim,75,256302,101090,edc,paicipantresponsered,correct
8621,Subject38,367,alone,67,alone,colorred,test,num2,typenegative,singlestim,77,261946,1010110,edc,paicipantresponsered,correct
8917,Subject38,562,stupid,77,stupid,colorblue,test,num2,typenegative,singlestim,79,267527,1010130,edm,paicipantresponseblue,correct
9213,Subject38,363,funeral,67,funeral,colorred,test,num2,typesuicide,singlestim,81,273301,1010150,edc,paicipantresponsered,correct
9509,Subject38,389,funeral,77,funeral,colorblue,test,num2,typesuicide,singlestim,83,278878,1010170,edm,paicipantresponseblue,correct
9805,Subject38,454,dead,67,dead,colorred,test,num2,typesuicide,singlestim,85,284479,1010190,edc,paicipantresponsered,correct
10101,Subject38,383,success,67,success,colorred,test,num2,typepositive,singlestim,87,290143,1010210,edc,paicipantresponsered,correct
10397,Subject38,422,alone,77,alone,colorblue,test,num2,typenegative,singlestim,89,295737,1010230,edm,paicipantresponseblue,correct
10693,Subject38,391,happy,67,happy,colorred,test,num2,typepositive,singlestim,91,301372,1010250,edc,paicipantresponsered,correct
10989,Subject38,442,rejected,77,rejected,colorblue,test,num2,typenegative,singlestim,93,306979,1010270,edm,paicipantresponseblue,correct
11285,Subject38,785,paper,67,paper,colorred,test,num2,typeneutral,singlestim,95,312633,1010290,edc,paicipantresponsered,correct
11581,Subject38,407,suicide,77,suicide,colorblue,test,num2,typesuicide,singlestim,97,318631,1010310,edm,paicipantresponseblue,correct
11877,Subject38,398,success,77,success,colorblue,test,num2,typepositive,singlestim,99,324250,1010330,edm,paicipantresponseblue,correct
12173,Subject38,598,engine,67,engine,colorred,test,num2,typeneutral,singlestim,101,329867,1010350,edc,paicipantresponsered,correct
12469,Subject38,456,rejected,67,rejected,colorred,test,num2,typenegative,singlestim,103,335675,1010370,edc,paicipantresponsered,correct
12765,Subject38,422,engine,77,engine,colorblue,test,num2,typeneutral,singlestim,105,341346,1010390,edm,paicipantresponseblue,correct
13061,Subject38,396,suicide,67,suicide,colorred,test,num2,typesuicide,singlestim,107,346978,1010410,edc,paicipantresponsered,correct
13357,Subject38,444,paper,77,paper,colorblue,test,num2,typeneutral,singlestim,109,352581,1010430,edm,paicipantresponseblue,correct
13653,Subject38,413,museum,77,museum,colorblue,test,num2,typeneutral,singlestim,111,358240,1010450,edm,paicipantresponseblue,correct
13949,Subject38,1004,happy,77,happy,colorblue,test,num2,typepositive,singlestim,113,363863,1010470,edm,paicipantresponseblue,correct