,SubjectID,rt,stimulus,keypress,word,color,block,blocknum,wordtype,trialtype,trialindex,timeelapsed,internalnodeid,keypressed,participantresponse,correctresponse
179,Subject210,289,happy,67,happy,colorred,test,num1,typepositive,singlestim,19,58796,100010,edc,paicipantresponsered,correct
475,Subject210,321,engine,77,engine,colorblue,test,num1,typeneutral,singlestim,21,64344,100030,edm,paicipantresponseblue,correct
771,Subject210,288,pleasure,77,pleasure,colorblue,test,num1,typepositive,singlestim,23,69858,100050,edm,paicipantresponseblue,correct
1067,Subject210,341,happy,77,happy,colorblue,test,num1,typepositive,singlestim,25,75424,100070,edm,paicipantresponseblue,correct
1363,Subject210,346,stupid,77,stupid,colorred,test,num1,typenegative,singlestim,27,80993,100090,edm,paicipantresponseblue,incorrect
1659,Subject210,351,dead,67,dead,colorred,test,num1,typesuicide,singlestim,29,86580,1000110,edc,paicipantresponsered,correct
1955,Subject210,459,museum,77,museum,colorblue,test,num1,typeneutral,singlestim,31,92284,1000130,edm,paicipantresponseblue,correct
2251,Subject210,328,paper,67,paper,colorred,test,num1,typeneutral,singlestim,33,97853,1000150,edc,paicipantresponsered,correct
2547,Subject210,442,rejected,67,rejected,colorred,test,num1,typenegative,singlestim,35,103530,1000170,edc,paicipantresponsered,correct
2843,Subject210,424,alone,67,alone,colorblue,test,num1,typenegative,singlestim,37,109195,1000190,edc,paicipantresponsered,incorrect
3139,Subject210,514,paper,77,paper,colorblue,test,num1,typeneutral,singlestim,39,114961,1000210,edm,paicipantresponseblue,correct
3435,Subject210,445,stupid,77,stupid,colorblue,test,num1,typenegative,singlestim,41,120674,1000230,edm,paicipantresponseblue,correct
3731,Subject210,411,success,77,success,colorblue,test,num1,typepositive,singlestim,43,126346,1000250,edm,paicipantresponseblue,correct
4027,Subject210,493,funeral,67,funeral,colorblue,test,num1,typesuicide,singlestim,45,132085,1000270,edc,paicipantresponsered,incorrect
4323,Subject210,424,engine,67,engine,colorred,test,num1,typeneutral,singlestim,47,137766,1000290,edc,paicipantresponsered,correct
4619,Subject210,397,suicide,77,suicide,colorblue,test,num1,typesuicide,singlestim,49,143443,1000310,edm,paicipantresponseblue,correct
4915,Subject210,429,alone,67,alone,colorred,test,num1,typenegative,singlestim,51,149112,1000330,edc,paicipantresponsered,correct
5211,Subject210,415,museum,67,museum,colorred,test,num1,typeneutral,singlestim,53,154763,1000350,edc,paicipantresponsered,correct
5507,Subject210,452,success,67,success,colorred,test,num1,typepositive,singlestim,55,160449,1000370,edc,paicipantresponsered,correct
5803,Subject210,427,pleasure,67,pleasure,colorred,test,num1,typepositive,singlestim,57,166101,1000390,edc,paicipantresponsered,correct
6099,Subject210,512,rejected,77,rejected,colorblue,test,num1,typenegative,singlestim,59,171833,1000410,edm,paicipantresponseblue,correct
6395,Subject210,573,funeral,67,funeral,colorred,test,num1,typesuicide,singlestim,61,177628,1000430,edc,paicipantresponsered,correct
6691,Subject210,507,suicide,67,suicide,colorred,test,num1,typesuicide,singlestim,63,183376,1000450,edc,paicipantresponsered,correct
6987,Subject210,775,dead,77,dead,colorblue,test,num1,typesuicide,singlestim,65,189374,1000470,edm,paicipantresponseblue,correct
7283,Subject210,576,engine,67,engine,colorred,test,num2,typeneutral,singlestim,67,195172,101010,edc,paicipantresponsered,correct
7579,Subject210,482,alone,67,alone,colorred,test,num2,typenegative,singlestim,69,200892,101030,edc,paicipantresponsered,correct
7875,Subject210,479,rejected,77,rejected,colorblue,test,num2,typenegative,singlestim,71,206605,101050,edm,paicipantresponseblue,correct
8171,Subject210,727,stupid,77,stupid,colorblue,test,num2,typenegative,singlestim,73,212583,101070,edm,paicipantresponseblue,correct
8467,Subject210,1404,paper,67,paper,colorred,test,num2,typeneutral,singlestim,75,219243,101090,edc,paicipantresponsered,correct
8763,Subject210,394,engine,77,engine,colorblue,test,num2,typeneutral,singlestim,77,224860,1010110,edm,paicipantresponseblue,correct
9059,Subject210,410,pleasure,77,pleasure,colorblue,test,num2,typepositive,singlestim,79,230525,1010130,edm,paicipantresponseblue,correct
9355,Subject210,430,suicide,77,suicide,colorblue,test,num2,typesuicide,singlestim,81,236209,1010150,edm,paicipantresponseblue,correct
9651,Subject210,438,paper,77,paper,colorblue,test,num2,typeneutral,singlestim,83,241880,1010170,edm,paicipantresponseblue,correct
9947,Subject210,404,success,77,success,colorblue,test,num2,typepositive,singlestim,85,247512,1010190,edm,paicipantresponseblue,correct
10243,Subject210,578,pleasure,67,pleasure,colorred,test,num2,typepositive,singlestim,87,253342,1010210,edc,paicipantresponsered,correct
10539,Subject210,594,suicide,67,suicide,colorred,test,num2,typesuicide,singlestim,89,259188,1010230,edc,paicipantresponsered,correct
10835,Subject210,385,alone,77,alone,colorblue,test,num2,typenegative,singlestim,91,264844,1010250,edm,paicipantresponseblue,correct
11131,Subject210,507,stupid,77,stupid,colorred,test,num2,typenegative,singlestim,93,270626,1010270,edm,paicipantresponseblue,incorrect
11427,Subject210,641,happy,67,happy,colorred,test,num2,typepositive,singlestim,95,276546,1010290,edc,paicipantresponsered,correct
11723,Subject210,866,funeral,77,funeral,colorblue,test,num2,typesuicide,singlestim,97,282660,1010310,edm,paicipantresponseblue,correct
12019,Subject210,431,rejected,67,rejected,colorred,test,num2,typenegative,singlestim,99,288337,1010330,edc,paicipantresponsered,correct
12315,Subject210,495,funeral,67,funeral,colorred,test,num2,typesuicide,singlestim,101,294103,1010350,edc,paicipantresponsered,correct
12611,Subject210,338,museum,77,museum,colorblue,test,num2,typeneutral,singlestim,103,299670,1010370,edm,paicipantresponseblue,correct
12907,Subject210,355,dead,67,dead,colorred,test,num2,typesuicide,singlestim,105,305254,1010390,edc,paicipantresponsered,correct
13203,Subject210,353,dead,77,dead,colorblue,test,num2,typesuicide,singlestim,107,310828,1010410,edm,paicipantresponseblue,correct
13499,Subject210,409,happy,77,happy,colorblue,test,num2,typepositive,singlestim,109,316466,1010430,edm,paicipantresponseblue,correct
13795,Subject210,395,success,67,success,colorred,test,num2,typepositive,singlestim,111,322083,1010450,edc,paicipantresponsered,correct
14091,Subject210,710,museum,67,museum,colorred,test,num2,typeneutral,singlestim,113,328030,1010470,edc,paicipantresponsered,correct