,SubjectID,rt,stimulus,keypress,word,color,block,blocknum,wordtype,trialtype,trialindex,timeelapsed,internalnodeid,keypressed,participantresponse,correctresponse
201,Subject233,457,funeral,67,funeral,colorred,test,num1,typesuicide,singlestim,19,76481,100010,edc,paicipantresponsered,correct
497,Subject233,426,funeral,77,funeral,colorblue,test,num1,typesuicide,singlestim,21,82112,100030,edm,paicipantresponseblue,correct
793,Subject233,563,alone,67,alone,colorblue,test,num1,typenegative,singlestim,23,87881,100050,edc,paicipantresponsered,incorrect
1089,Subject233,563,success,67,success,colorred,test,num1,typepositive,singlestim,25,93648,100070,edc,paicipantresponsered,correct
1385,Subject233,1576,happy,77,happy,colorblue,test,num1,typepositive,singlestim,27,100775,100090,edm,paicipantresponseblue,correct
1681,Subject233,836,museum,67,museum,colorred,test,num1,typeneutral,singlestim,29,106848,1000110,edc,paicipantresponsered,correct
1977,Subject233,398,rejected,77,rejected,colorred,test,num1,typenegative,singlestim,31,112464,1000130,edm,paicipantresponseblue,incorrect
2273,Subject233,572,paper,77,paper,colorblue,test,num1,typeneutral,singlestim,33,118240,1000150,edm,paicipantresponseblue,correct
2569,Subject233,449,stupid,67,stupid,colorred,test,num1,typenegative,singlestim,35,123896,1000170,edc,paicipantresponsered,correct
2865,Subject233,498,suicide,77,suicide,colorblue,test,num1,typesuicide,singlestim,37,129599,1000190,edm,paicipantresponseblue,correct
3161,Subject233,686,dead,77,dead,colorblue,test,num1,typesuicide,singlestim,39,135496,1000210,edm,paicipantresponseblue,correct
3457,Subject233,707,alone,67,alone,colorred,test,num1,typenegative,singlestim,41,141407,1000230,edc,paicipantresponsered,correct
3753,Subject233,771,paper,67,paper,colorred,test,num1,typeneutral,singlestim,43,147383,1000250,edc,paicipantresponsered,correct
4049,Subject233,623,dead,67,dead,colorred,test,num1,typesuicide,singlestim,45,153216,1000270,edc,paicipantresponsered,correct
4345,Subject233,473,museum,77,museum,colorblue,test,num1,typeneutral,singlestim,47,158895,1000290,edm,paicipantresponseblue,correct
4641,Subject233,514,pleasure,77,pleasure,colorblue,test,num1,typepositive,singlestim,49,164615,1000310,edm,paicipantresponseblue,correct
4937,Subject233,556,pleasure,67,pleasure,colorred,test,num1,typepositive,singlestim,51,170374,1000330,edc,paicipantresponsered,correct
5233,Subject233,506,success,77,success,colorblue,test,num1,typepositive,singlestim,53,176086,1000350,edm,paicipantresponseblue,correct
5529,Subject233,601,engine,77,engine,colorblue,test,num1,typeneutral,singlestim,55,181895,1000370,edm,paicipantresponseblue,correct
5825,Subject233,689,happy,67,happy,colorred,test,num1,typepositive,singlestim,57,187789,1000390,edc,paicipantresponsered,correct
6121,Subject233,571,rejected,77,rejected,colorblue,test,num1,typenegative,singlestim,59,193566,1000410,edm,paicipantresponseblue,correct
6417,Subject233,602,suicide,67,suicide,colorred,test,num1,typesuicide,singlestim,61,199374,1000430,edc,paicipantresponsered,correct
6713,Subject233,570,engine,67,engine,colorred,test,num1,typeneutral,singlestim,63,205150,1000450,edc,paicipantresponsered,correct
7009,Subject233,490,stupid,77,stupid,colorblue,test,num1,typenegative,singlestim,65,210846,1000470,edm,paicipantresponseblue,correct
7305,Subject233,540,happy,67,happy,colorred,test,num2,typepositive,singlestim,67,216590,101010,edc,paicipantresponsered,correct
7601,Subject233,562,pleasure,67,pleasure,colorred,test,num2,typepositive,singlestim,69,222357,101030,edc,paicipantresponsered,correct
7897,Subject233,450,happy,77,happy,colorblue,test,num2,typepositive,singlestim,71,228013,101050,edm,paicipantresponseblue,correct
8193,Subject233,739,suicide,67,suicide,colorred,test,num2,typesuicide,singlestim,73,233956,101070,edc,paicipantresponsered,correct
8489,Subject233,604,dead,77,dead,colorblue,test,num2,typesuicide,singlestim,75,239764,101090,edm,paicipantresponseblue,correct
8785,Subject233,674,museum,67,museum,colorred,test,num2,typeneutral,singlestim,77,245644,1010110,edc,paicipantresponsered,correct
9081,Subject233,652,success,67,success,colorred,test,num2,typepositive,singlestim,79,251501,1010130,edc,paicipantresponsered,correct
9377,Subject233,578,engine,77,engine,colorblue,test,num2,typeneutral,singlestim,81,257285,1010150,edm,paicipantresponseblue,correct
9673,Subject233,881,funeral,77,funeral,colorblue,test,num2,typesuicide,singlestim,83,263373,1010170,edm,paicipantresponseblue,correct
9969,Subject233,473,success,77,success,colorblue,test,num2,typepositive,singlestim,85,269053,1010190,edm,paicipantresponseblue,correct
10265,Subject233,431,museum,77,museum,colorblue,test,num2,typeneutral,singlestim,87,274692,1010210,edm,paicipantresponseblue,correct
10561,Subject233,426,alone,67,alone,colorred,test,num2,typenegative,singlestim,89,280324,1010230,edc,paicipantresponsered,correct
10857,Subject233,562,stupid,77,stupid,colorblue,test,num2,typenegative,singlestim,91,286092,1010250,edm,paicipantresponseblue,correct
11153,Subject233,507,dead,67,dead,colorred,test,num2,typesuicide,singlestim,93,291804,1010270,edc,paicipantresponsered,correct
11449,Subject233,427,paper,77,paper,colorblue,test,num2,typeneutral,singlestim,95,297436,1010290,edm,paicipantresponseblue,correct
11745,Subject233,570,paper,67,paper,colorred,test,num2,typeneutral,singlestim,97,303212,1010310,edc,paicipantresponsered,correct
12041,Subject233,498,suicide,77,suicide,colorblue,test,num2,typesuicide,singlestim,99,308915,1010330,edm,paicipantresponseblue,correct
12337,Subject233,642,stupid,67,stupid,colorred,test,num2,typenegative,singlestim,101,314764,1010350,edc,paicipantresponsered,correct
12633,Subject233,482,alone,77,alone,colorblue,test,num2,typenegative,singlestim,103,320452,1010370,edm,paicipantresponseblue,correct
12929,Subject233,707,rejected,67,rejected,colorred,test,num2,typenegative,singlestim,105,326363,1010390,edc,paicipantresponsered,correct
13225,Subject233,1418,funeral,77,funeral,colorred,test,num2,typesuicide,singlestim,107,333320,1010410,edm,paicipantresponseblue,incorrect
13521,Subject233,604,rejected,77,rejected,colorblue,test,num2,typenegative,singlestim,109,339131,1010430,edm,paicipantresponseblue,correct
13817,Subject233,578,pleasure,77,pleasure,colorblue,test,num2,typepositive,singlestim,111,344915,1010450,edm,paicipantresponseblue,correct
14113,Subject233,497,engine,67,engine,colorred,test,num2,typeneutral,singlestim,113,350619,1010470,edc,paicipantresponsered,correct