,SubjectID,rt,stimulus,keypress,word,color,block,blocknum,wordtype,trialtype,trialindex,timeelapsed,internalnodeid,keypressed,participantresponse,correctresponse
213,Subject245,492,rejected,67,rejected,colorred,test,num1,typenegative,singlestim,19,82898,100010,edc,paicipantresponsered,correct
509,Subject245,598,pleasure,77,pleasure,colorblue,test,num1,typepositive,singlestim,21,88594,100030,edm,paicipantresponseblue,correct
805,Subject245,419,success,67,success,colorred,test,num1,typepositive,singlestim,23,94398,100050,edc,paicipantresponsered,correct
1101,Subject245,436,stupid,77,stupid,colorblue,test,num1,typenegative,singlestim,25,100022,100070,edm,paicipantresponseblue,correct
1397,Subject245,625,rejected,77,rejected,colorblue,test,num1,typenegative,singlestim,27,105664,100090,edm,paicipantresponseblue,correct
1693,Subject245,651,success,77,success,colorblue,test,num1,typepositive,singlestim,29,111494,1000110,edm,paicipantresponseblue,correct
1989,Subject245,517,suicide,77,suicide,colorblue,test,num1,typesuicide,singlestim,31,117353,1000130,edm,paicipantresponseblue,correct
2285,Subject245,468,alone,67,alone,colorred,test,num1,typenegative,singlestim,33,123075,1000150,edc,paicipantresponsered,correct
2581,Subject245,475,funeral,67,funeral,colorred,test,num1,typesuicide,singlestim,35,128747,1000170,edc,paicipantresponsered,correct
2877,Subject245,524,paper,67,paper,colorred,test,num1,typeneutral,singlestim,37,134428,1000190,edc,paicipantresponsered,correct
3173,Subject245,507,dead,77,dead,colorblue,test,num1,typesuicide,singlestim,39,140159,1000210,edm,paicipantresponseblue,correct
3469,Subject245,648,engine,67,engine,colorred,test,num1,typeneutral,singlestim,41,145871,1000230,edc,paicipantresponsered,correct
3765,Subject245,688,pleasure,67,pleasure,colorred,test,num1,typepositive,singlestim,43,151726,1000250,edc,paicipantresponsered,correct
4061,Subject245,616,museum,67,museum,colorred,test,num1,typeneutral,singlestim,45,157620,1000270,edc,paicipantresponsered,correct
4357,Subject245,524,museum,77,museum,colorblue,test,num1,typeneutral,singlestim,47,163439,1000290,edm,paicipantresponseblue,correct
4653,Subject245,551,stupid,67,stupid,colorred,test,num1,typenegative,singlestim,49,169333,1000310,edc,paicipantresponsered,correct
4949,Subject245,422,happy,77,happy,colorblue,test,num1,typepositive,singlestim,51,175096,1000330,edm,paicipantresponseblue,correct
5245,Subject245,522,happy,67,happy,colorred,test,num1,typepositive,singlestim,53,180723,1000350,edc,paicipantresponsered,correct
5541,Subject245,610,dead,67,dead,colorred,test,num1,typesuicide,singlestim,55,186451,1000370,edc,paicipantresponsered,correct
5837,Subject245,482,suicide,67,suicide,colorred,test,num1,typesuicide,singlestim,57,192267,1000390,edc,paicipantresponsered,correct
6133,Subject245,426,funeral,77,funeral,colorblue,test,num1,typesuicide,singlestim,59,197955,1000410,edm,paicipantresponseblue,correct
6429,Subject245,457,paper,77,paper,colorblue,test,num1,typeneutral,singlestim,61,203587,1000430,edm,paicipantresponseblue,correct
6725,Subject245,478,alone,77,alone,colorblue,test,num1,typenegative,singlestim,63,209247,1000450,edm,paicipantresponseblue,correct
7021,Subject245,673,engine,77,engine,colorblue,test,num1,typeneutral,singlestim,65,214928,1000470,edm,paicipantresponseblue,correct
7317,Subject245,464,engine,67,engine,colorred,test,num2,typeneutral,singlestim,67,220807,101010,edc,paicipantresponsered,correct
7613,Subject245,418,happy,67,happy,colorred,test,num2,typepositive,singlestim,69,226477,101030,edc,paicipantresponsered,correct
7909,Subject245,727,paper,77,paper,colorblue,test,num2,typeneutral,singlestim,71,232101,101050,edm,paicipantresponseblue,correct
8205,Subject245,521,engine,77,engine,colorblue,test,num2,typeneutral,singlestim,73,238034,101070,edm,paicipantresponseblue,correct
8501,Subject245,398,suicide,77,suicide,colorblue,test,num2,typesuicide,singlestim,75,243760,101090,edm,paicipantresponseblue,correct
8797,Subject245,592,stupid,77,stupid,colorblue,test,num2,typenegative,singlestim,77,249364,1010110,edm,paicipantresponseblue,correct
9093,Subject245,415,suicide,67,suicide,colorred,test,num2,typesuicide,singlestim,79,255162,1010130,edc,paicipantresponsered,correct
9389,Subject245,407,paper,67,paper,colorred,test,num2,typeneutral,singlestim,81,260784,1010150,edc,paicipantresponsered,correct
9685,Subject245,889,pleasure,77,pleasure,colorblue,test,num2,typepositive,singlestim,83,266396,1010170,edm,paicipantresponseblue,correct
9981,Subject245,591,pleasure,67,pleasure,colorred,test,num2,typepositive,singlestim,85,272489,1010190,edc,paicipantresponsered,correct
10277,Subject245,554,rejected,67,rejected,colorred,test,num2,typenegative,singlestim,87,278287,1010210,edc,paicipantresponsered,correct
10573,Subject245,524,dead,67,dead,colorred,test,num2,typesuicide,singlestim,89,284170,1010230,edc,paicipantresponsered,correct
10869,Subject245,449,success,67,success,colorred,test,num2,typepositive,singlestim,91,289899,1010250,edc,paicipantresponsered,correct
11165,Subject245,480,stupid,67,stupid,colorred,test,num2,typenegative,singlestim,93,295563,1010270,edc,paicipantresponsered,correct
11461,Subject245,431,museum,67,museum,colorred,test,num2,typeneutral,singlestim,95,301247,1010290,edc,paicipantresponsered,correct
11757,Subject245,568,museum,77,museum,colorblue,test,num2,typeneutral,singlestim,97,306882,1010310,edm,paicipantresponseblue,correct
12053,Subject245,559,funeral,67,funeral,colorred,test,num2,typesuicide,singlestim,99,312657,1010330,edc,paicipantresponsered,correct
12349,Subject245,683,alone,77,alone,colorblue,test,num2,typenegative,singlestim,101,318422,1010350,edm,paicipantresponseblue,correct
12645,Subject245,497,alone,67,alone,colorred,test,num2,typenegative,singlestim,103,324312,1010370,edc,paicipantresponsered,correct
12941,Subject245,523,happy,77,happy,colorblue,test,num2,typepositive,singlestim,105,330014,1010390,edm,paicipantresponseblue,correct
13237,Subject245,543,success,77,success,colorblue,test,num2,typepositive,singlestim,107,335742,1010410,edm,paicipantresponseblue,correct
13533,Subject245,1691,dead,77,dead,colorblue,test,num2,typesuicide,singlestim,109,341490,1010430,edm,paicipantresponseblue,correct
13829,Subject245,472,funeral,77,funeral,colorblue,test,num2,typesuicide,singlestim,111,348388,1010450,edm,paicipantresponseblue,correct
14125,Subject245,1001,rejected,77,rejected,colorblue,test,num2,typenegative,singlestim,113,354065,1010470,edm,paicipantresponseblue,correct