,SubjectID,rt,stimulus,keypress,word,color,block,blocknum,wordtype,trialtype,trialindex,timeelapsed,internalnodeid,keypressed,participantresponse,correctresponse
66,Subject71,466,pleasure,77,pleasure,colorblue,test,num1,typepositive,singlestim,19,67042,100010,edm,paicipantresponseblue,correct
362,Subject71,331,museum,67,museum,colorred,test,num1,typeneutral,singlestim,21,72578,100030,edc,paicipantresponsered,correct
658,Subject71,384,engine,67,engine,colorred,test,num1,typeneutral,singlestim,23,78168,100050,edc,paicipantresponsered,correct
954,Subject71,347,success,67,success,colorred,test,num1,typepositive,singlestim,25,83722,100070,edc,paicipantresponsered,correct
1250,Subject71,374,engine,77,engine,colorblue,test,num1,typeneutral,singlestim,27,89305,100090,edm,paicipantresponseblue,correct
1546,Subject71,338,paper,67,paper,colorblue,test,num1,typeneutral,singlestim,29,94850,1000110,edc,paicipantresponsered,incorrect
1842,Subject71,387,suicide,77,suicide,colorblue,test,num1,typesuicide,singlestim,31,100443,1000130,edm,paicipantresponseblue,correct
2138,Subject71,403,paper,67,paper,colorred,test,num1,typeneutral,singlestim,33,106050,1000150,edc,paicipantresponsered,correct
2434,Subject71,386,stupid,67,stupid,colorred,test,num1,typenegative,singlestim,35,111640,1000170,edc,paicipantresponsered,correct
2730,Subject71,395,stupid,77,stupid,colorblue,test,num1,typenegative,singlestim,37,117241,1000190,edm,paicipantresponseblue,correct
3026,Subject71,365,pleasure,67,pleasure,colorred,test,num1,typepositive,singlestim,39,122812,1000210,edc,paicipantresponsered,correct
3322,Subject71,437,suicide,67,suicide,colorred,test,num1,typesuicide,singlestim,41,128454,1000230,edc,paicipantresponsered,correct
3618,Subject71,470,happy,67,happy,colorred,test,num1,typepositive,singlestim,43,134130,1000250,edc,paicipantresponsered,correct
3914,Subject71,427,alone,77,alone,colorblue,test,num1,typenegative,singlestim,45,139761,1000270,edm,paicipantresponseblue,correct
4210,Subject71,438,happy,77,happy,colorblue,test,num1,typepositive,singlestim,47,145405,1000290,edm,paicipantresponseblue,correct
4506,Subject71,354,dead,67,dead,colorred,test,num1,typesuicide,singlestim,49,150964,1000310,edc,paicipantresponsered,correct
4802,Subject71,394,alone,67,alone,colorred,test,num1,typenegative,singlestim,51,156566,1000330,edc,paicipantresponsered,correct
5098,Subject71,423,museum,77,museum,colorblue,test,num1,typeneutral,singlestim,53,162195,1000350,edm,paicipantresponseblue,correct
5394,Subject71,460,funeral,77,funeral,colorblue,test,num1,typesuicide,singlestim,55,167862,1000370,edm,paicipantresponseblue,correct
5690,Subject71,346,funeral,67,funeral,colorred,test,num1,typesuicide,singlestim,57,173414,1000390,edc,paicipantresponsered,correct
5986,Subject71,417,rejected,67,rejected,colorred,test,num1,typenegative,singlestim,59,179037,1000410,edc,paicipantresponsered,correct
6282,Subject71,388,dead,77,dead,colorblue,test,num1,typesuicide,singlestim,61,184632,1000430,edm,paicipantresponseblue,correct
6578,Subject71,482,success,77,success,colorblue,test,num1,typepositive,singlestim,63,190322,1000450,edm,paicipantresponseblue,correct
6874,Subject71,353,rejected,77,rejected,colorblue,test,num1,typenegative,singlestim,65,195883,1000470,edm,paicipantresponseblue,correct
7170,Subject71,408,funeral,67,funeral,colorred,test,num2,typesuicide,singlestim,67,201494,101010,edc,paicipantresponsered,correct
7466,Subject71,490,funeral,77,funeral,colorblue,test,num2,typesuicide,singlestim,69,207191,101030,edm,paicipantresponseblue,correct
7762,Subject71,438,stupid,77,stupid,colorblue,test,num2,typenegative,singlestim,71,212835,101050,edm,paicipantresponseblue,correct
8058,Subject71,451,dead,77,dead,colorblue,test,num2,typesuicide,singlestim,73,218495,101070,edm,paicipantresponseblue,correct
8354,Subject71,418,alone,67,alone,colorred,test,num2,typenegative,singlestim,75,224117,101090,edc,paicipantresponsered,correct
8650,Subject71,423,success,77,success,colorblue,test,num2,typepositive,singlestim,77,229746,1010110,edm,paicipantresponseblue,correct
8946,Subject71,392,pleasure,67,pleasure,colorred,test,num2,typepositive,singlestim,79,235344,1010130,edc,paicipantresponsered,correct
9242,Subject71,423,engine,77,engine,colorblue,test,num2,typeneutral,singlestim,81,240975,1010150,edm,paicipantresponseblue,correct
9538,Subject71,401,dead,67,dead,colorred,test,num2,typesuicide,singlestim,83,246586,1010170,edc,paicipantresponsered,correct
9834,Subject71,401,success,67,success,colorred,test,num2,typepositive,singlestim,85,252195,1010190,edc,paicipantresponsered,correct
10130,Subject71,500,suicide,77,suicide,colorblue,test,num2,typesuicide,singlestim,87,257902,1010210,edm,paicipantresponseblue,correct
10426,Subject71,481,engine,67,engine,colorred,test,num2,typeneutral,singlestim,89,263591,1010230,edc,paicipantresponsered,correct
10722,Subject71,367,rejected,77,rejected,colorblue,test,num2,typenegative,singlestim,91,269163,1010250,edm,paicipantresponseblue,correct
11018,Subject71,428,museum,77,museum,colorblue,test,num2,typeneutral,singlestim,93,274795,1010270,edm,paicipantresponseblue,correct
11314,Subject71,404,paper,77,paper,colorblue,test,num2,typeneutral,singlestim,95,280406,1010290,edm,paicipantresponseblue,correct
11610,Subject71,305,paper,67,paper,colorred,test,num2,typeneutral,singlestim,97,285918,1010310,edc,paicipantresponsered,correct
11906,Subject71,374,pleasure,77,pleasure,colorblue,test,num2,typepositive,singlestim,99,291496,1010330,edm,paicipantresponseblue,correct
12202,Subject71,341,happy,67,happy,colorred,test,num2,typepositive,singlestim,101,297043,1010350,edc,paicipantresponsered,correct
12498,Subject71,309,museum,67,museum,colorred,test,num2,typeneutral,singlestim,103,302559,1010370,edc,paicipantresponsered,correct
12794,Subject71,356,suicide,67,suicide,colorred,test,num2,typesuicide,singlestim,105,308125,1010390,edc,paicipantresponsered,correct
13090,Subject71,425,happy,77,happy,colorblue,test,num2,typepositive,singlestim,107,313755,1010410,edm,paicipantresponseblue,correct
13386,Subject71,518,rejected,67,rejected,colorred,test,num2,typenegative,singlestim,109,319482,1010430,edc,paicipantresponsered,correct
13682,Subject71,529,stupid,67,stupid,colorred,test,num2,typenegative,singlestim,111,325222,1010450,edc,paicipantresponsered,correct
13978,Subject71,480,alone,77,alone,colorblue,test,num2,typenegative,singlestim,113,330908,1010470,edm,paicipantresponseblue,correct