,SubjectID,rt,stimulus,keypress,word,color,block,blocknum,wordtype,trialtype,trialindex,timeelapsed,internalnodeid,keypressed,participantresponse,correctresponse
29,Subject30,287,alone,77,alone,colorblue,test,num1,typenegative,singlestim,19,130369,100010,edm,paicipantresponseblue,correct
325,Subject30,352,engine,67,engine,colorred,test,num1,typeneutral,singlestim,21,135856,100030,edc,paicipantresponsered,correct
621,Subject30,294,funeral,77,funeral,colorblue,test,num1,typesuicide,singlestim,23,141410,100050,edm,paicipantresponseblue,correct
917,Subject30,511,stupid,67,stupid,colorred,test,num1,typenegative,singlestim,25,146905,100070,edc,paicipantresponsered,correct
1213,Subject30,487,rejected,67,rejected,colorred,test,num1,typenegative,singlestim,27,152617,100090,edc,paicipantresponsered,correct
1509,Subject30,536,dead,67,dead,colorred,test,num1,typesuicide,singlestim,29,158305,1000110,edc,paicipantresponsered,correct
1805,Subject30,703,dead,77,dead,colorblue,test,num1,typesuicide,singlestim,31,164041,1000130,edm,paicipantresponseblue,correct
2101,Subject30,416,museum,67,museum,colorred,test,num1,typeneutral,singlestim,33,169944,1000150,edc,paicipantresponsered,correct
2397,Subject30,342,paper,67,paper,colorred,test,num1,typeneutral,singlestim,35,175561,1000170,edc,paicipantresponsered,correct
2693,Subject30,344,museum,77,museum,colorblue,test,num1,typeneutral,singlestim,37,181105,1000190,edm,paicipantresponseblue,correct
2989,Subject30,502,funeral,67,funeral,colorred,test,num1,typesuicide,singlestim,39,186649,1000210,edc,paicipantresponsered,correct
3285,Subject30,495,suicide,67,suicide,colorred,test,num1,typesuicide,singlestim,41,192356,1000230,edc,paicipantresponsered,correct
3581,Subject30,392,success,67,success,colorred,test,num1,typepositive,singlestim,43,198052,1000250,edc,paicipantresponsered,correct
3877,Subject30,656,happy,67,happy,colorblue,test,num1,typepositive,singlestim,45,203644,1000270,edc,paicipantresponsered,incorrect
4173,Subject30,365,alone,67,alone,colorred,test,num1,typenegative,singlestim,47,209501,1000290,edc,paicipantresponsered,correct
4469,Subject30,871,rejected,77,rejected,colorblue,test,num1,typenegative,singlestim,49,215068,1000310,edm,paicipantresponseblue,correct
4765,Subject30,449,stupid,77,stupid,colorblue,test,num1,typenegative,singlestim,51,221141,1000330,edm,paicipantresponseblue,correct
5061,Subject30,416,success,77,success,colorblue,test,num1,typepositive,singlestim,53,226789,1000350,edm,paicipantresponseblue,correct
5357,Subject30,567,pleasure,77,pleasure,colorblue,test,num1,typepositive,singlestim,55,232405,1000370,edm,paicipantresponseblue,correct
5653,Subject30,320,engine,77,engine,colorblue,test,num1,typeneutral,singlestim,57,238171,1000390,edm,paicipantresponseblue,correct
5949,Subject30,527,happy,67,happy,colorred,test,num1,typepositive,singlestim,59,243692,1000410,edc,paicipantresponsered,correct
6245,Subject30,480,suicide,77,suicide,colorblue,test,num1,typesuicide,singlestim,61,249421,1000430,edm,paicipantresponseblue,correct
6541,Subject30,615,pleasure,67,pleasure,colorred,test,num1,typepositive,singlestim,63,255103,1000450,edc,paicipantresponsered,correct
6837,Subject30,369,paper,77,paper,colorblue,test,num1,typeneutral,singlestim,65,260918,1000470,edm,paicipantresponseblue,correct
7133,Subject30,479,suicide,67,suicide,colorred,test,num2,typesuicide,singlestim,67,266487,101010,edc,paicipantresponsered,correct
7429,Subject30,584,happy,77,happy,colorblue,test,num2,typepositive,singlestim,69,272166,101030,edm,paicipantresponseblue,correct
7725,Subject30,302,paper,77,paper,colorblue,test,num2,typeneutral,singlestim,71,277950,101050,edm,paicipantresponseblue,correct
8021,Subject30,296,funeral,67,funeral,colorred,test,num2,typesuicide,singlestim,73,283455,101070,edc,paicipantresponsered,correct
8317,Subject30,670,stupid,77,stupid,colorblue,test,num2,typenegative,singlestim,75,288950,101090,edm,paicipantresponseblue,correct
8613,Subject30,489,alone,67,alone,colorred,test,num2,typenegative,singlestim,77,294821,1010110,edc,paicipantresponsered,correct
8909,Subject30,439,happy,67,happy,colorred,test,num2,typepositive,singlestim,79,300511,1010130,edc,paicipantresponsered,correct
9205,Subject30,523,engine,67,engine,colorred,test,num2,typeneutral,singlestim,81,306150,1010150,edc,paicipantresponsered,correct
9501,Subject30,439,success,67,success,colorred,test,num2,typepositive,singlestim,83,311873,1010170,edc,paicipantresponsered,correct
9797,Subject30,552,stupid,67,stupid,colorred,test,num2,typenegative,singlestim,85,317513,1010190,edc,paicipantresponsered,correct
10093,Subject30,640,engine,67,engine,colorblue,test,num2,typeneutral,singlestim,87,323266,1010210,edc,paicipantresponsered,incorrect
10389,Subject30,569,dead,77,dead,colorblue,test,num2,typesuicide,singlestim,89,329105,1010230,edm,paicipantresponseblue,correct
10685,Subject30,445,alone,77,alone,colorblue,test,num2,typenegative,singlestim,91,334874,1010250,edm,paicipantresponseblue,correct
10981,Subject30,617,paper,67,paper,colorred,test,num2,typeneutral,singlestim,93,340520,1010270,edc,paicipantresponsered,correct
11277,Subject30,448,suicide,77,suicide,colorblue,test,num2,typesuicide,singlestim,95,346338,1010290,edm,paicipantresponseblue,correct
11573,Subject30,529,museum,67,museum,colorred,test,num2,typeneutral,singlestim,97,351986,1010310,edc,paicipantresponsered,correct
11869,Subject30,431,pleasure,77,pleasure,colorblue,test,num2,typepositive,singlestim,99,357714,1010330,edm,paicipantresponseblue,correct
12165,Subject30,409,museum,77,museum,colorblue,test,num2,typeneutral,singlestim,101,363345,1010350,edm,paicipantresponseblue,correct
12461,Subject30,502,rejected,77,rejected,colorblue,test,num2,typenegative,singlestim,103,368954,1010370,edm,paicipantresponseblue,correct
12757,Subject30,464,rejected,67,rejected,colorred,test,num2,typenegative,singlestim,105,374659,1010390,edc,paicipantresponsered,correct
13053,Subject30,511,dead,67,dead,colorred,test,num2,typesuicide,singlestim,107,380324,1010410,edc,paicipantresponsered,correct
13349,Subject30,576,funeral,67,funeral,colorblue,test,num2,typesuicide,singlestim,109,386036,1010430,edc,paicipantresponsered,incorrect
13645,Subject30,470,success,77,success,colorblue,test,num2,typepositive,singlestim,111,391811,1010450,edm,paicipantresponseblue,correct
13941,Subject30,999,pleasure,67,pleasure,colorred,test,num2,typepositive,singlestim,113,397482,1010470,edc,paicipantresponsered,correct