,SubjectID,rt,stimulus,keypress,word,color,block,blocknum,wordtype,trialtype,trialindex,timeelapsed,internalnodeid,keypressed,participantresponse,correctresponse
133,Subject143,290,stupid,67,stupid,colorred,test,num1,typenegative,singlestim,19,74108,100010,edc,paicipantresponsered,correct
429,Subject143,431,success,67,success,colorred,test,num1,typepositive,singlestim,21,79748,100030,edc,paicipantresponsered,correct
725,Subject143,383,rejected,67,rejected,colorred,test,num1,typenegative,singlestim,23,85349,100050,edc,paicipantresponsered,correct
1021,Subject143,539,suicide,67,suicide,colorred,test,num1,typesuicide,singlestim,25,91099,100070,edc,paicipantresponsered,correct
1317,Subject143,427,funeral,67,funeral,colorred,test,num1,typesuicide,singlestim,27,96739,100090,edc,paicipantresponsered,correct
1613,Subject143,373,museum,67,museum,colorred,test,num1,typeneutral,singlestim,29,102321,1000110,edc,paicipantresponsered,correct
1909,Subject143,380,success,77,success,colorblue,test,num1,typepositive,singlestim,31,107912,1000130,edm,paicipantresponseblue,correct
2205,Subject143,373,paper,67,paper,colorred,test,num1,typeneutral,singlestim,33,113493,1000150,edc,paicipantresponsered,correct
2501,Subject143,377,paper,77,paper,colorblue,test,num1,typeneutral,singlestim,35,119082,1000170,edm,paicipantresponseblue,correct
2797,Subject143,377,pleasure,77,pleasure,colorblue,test,num1,typepositive,singlestim,37,124671,1000190,edm,paicipantresponseblue,correct
3093,Subject143,390,alone,67,alone,colorred,test,num1,typenegative,singlestim,39,130275,1000210,edc,paicipantresponsered,correct
3389,Subject143,401,happy,67,happy,colorred,test,num1,typepositive,singlestim,41,135885,1000230,edc,paicipantresponsered,correct
3685,Subject143,363,dead,77,dead,colorblue,test,num1,typesuicide,singlestim,43,141461,1000250,edm,paicipantresponseblue,correct
3981,Subject143,384,museum,77,museum,colorblue,test,num1,typeneutral,singlestim,45,147055,1000270,edm,paicipantresponseblue,correct
4277,Subject143,380,funeral,77,funeral,colorblue,test,num1,typesuicide,singlestim,47,152651,1000290,edm,paicipantresponseblue,correct
4573,Subject143,394,engine,77,engine,colorblue,test,num1,typeneutral,singlestim,49,158255,1000310,edm,paicipantresponseblue,correct
4869,Subject143,374,stupid,77,stupid,colorblue,test,num1,typenegative,singlestim,51,163842,1000330,edm,paicipantresponseblue,correct
5165,Subject143,365,dead,67,dead,colorred,test,num1,typesuicide,singlestim,53,169417,1000350,edc,paicipantresponsered,correct
5461,Subject143,425,rejected,77,rejected,colorblue,test,num1,typenegative,singlestim,55,175054,1000370,edm,paicipantresponseblue,correct
5757,Subject143,413,alone,77,alone,colorblue,test,num1,typenegative,singlestim,57,180679,1000390,edm,paicipantresponseblue,correct
6053,Subject143,446,suicide,77,suicide,colorblue,test,num1,typesuicide,singlestim,59,186338,1000410,edm,paicipantresponseblue,correct
6349,Subject143,372,engine,67,engine,colorred,test,num1,typeneutral,singlestim,61,191921,1000430,edc,paicipantresponsered,correct
6645,Subject143,344,happy,77,happy,colorblue,test,num1,typepositive,singlestim,63,197477,1000450,edm,paicipantresponseblue,correct
6941,Subject143,368,pleasure,67,pleasure,colorred,test,num1,typepositive,singlestim,65,203054,1000470,edc,paicipantresponsered,correct
7237,Subject143,383,happy,77,happy,colorblue,test,num2,typepositive,singlestim,67,208648,101010,edm,paicipantresponseblue,correct
7533,Subject143,529,engine,67,engine,colorred,test,num2,typeneutral,singlestim,69,214388,101030,edc,paicipantresponsered,correct
7829,Subject143,408,funeral,67,funeral,colorred,test,num2,typesuicide,singlestim,71,220009,101050,edc,paicipantresponsered,correct
8125,Subject143,388,stupid,67,stupid,colorred,test,num2,typenegative,singlestim,73,225606,101070,edc,paicipantresponsered,correct
8421,Subject143,536,pleasure,67,pleasure,colorred,test,num2,typepositive,singlestim,75,231355,101090,edc,paicipantresponsered,correct
8717,Subject143,355,stupid,77,stupid,colorblue,test,num2,typenegative,singlestim,77,236920,1010110,edm,paicipantresponseblue,correct
9013,Subject143,357,happy,67,happy,colorred,test,num2,typepositive,singlestim,79,242488,1010130,edc,paicipantresponsered,correct
9309,Subject143,329,success,77,success,colorblue,test,num2,typepositive,singlestim,81,248026,1010150,edm,paicipantresponseblue,correct
9605,Subject143,464,success,77,success,colorred,test,num2,typepositive,singlestim,83,253700,1010170,edm,paicipantresponseblue,incorrect
9901,Subject143,678,paper,67,paper,colorred,test,num2,typeneutral,singlestim,85,259589,1010190,edc,paicipantresponsered,correct
10197,Subject143,477,suicide,67,suicide,colorred,test,num2,typesuicide,singlestim,87,265274,1010210,edc,paicipantresponsered,correct
10493,Subject143,378,engine,77,engine,colorblue,test,num2,typeneutral,singlestim,89,270863,1010230,edm,paicipantresponseblue,correct
10789,Subject143,386,suicide,77,suicide,colorblue,test,num2,typesuicide,singlestim,91,276460,1010250,edm,paicipantresponseblue,correct
11085,Subject143,471,museum,77,museum,colorblue,test,num2,typeneutral,singlestim,93,282145,1010270,edm,paicipantresponseblue,correct
11381,Subject143,333,alone,67,alone,colorred,test,num2,typenegative,singlestim,95,287692,1010290,edc,paicipantresponsered,correct
11677,Subject143,480,rejected,77,rejected,colorblue,test,num2,typenegative,singlestim,97,293382,1010310,edm,paicipantresponseblue,correct
11973,Subject143,333,dead,67,dead,colorred,test,num2,typesuicide,singlestim,99,298929,1010330,edc,paicipantresponsered,correct
12269,Subject143,382,paper,77,paper,colorblue,test,num2,typeneutral,singlestim,101,304522,1010350,edm,paicipantresponseblue,correct
12565,Subject143,373,alone,77,alone,colorblue,test,num2,typenegative,singlestim,103,310106,1010370,edm,paicipantresponseblue,correct
12861,Subject143,378,rejected,67,rejected,colorred,test,num2,typenegative,singlestim,105,315695,1010390,edc,paicipantresponsered,correct
13157,Subject143,309,pleasure,77,pleasure,colorblue,test,num2,typepositive,singlestim,107,321216,1010410,edm,paicipantresponseblue,correct
13453,Subject143,495,funeral,77,funeral,colorblue,test,num2,typesuicide,singlestim,109,326923,1010430,edm,paicipantresponseblue,correct
13749,Subject143,402,dead,77,dead,colorblue,test,num2,typesuicide,singlestim,111,332534,1010450,edm,paicipantresponseblue,correct
14045,Subject143,290,museum,67,museum,colorred,test,num2,typeneutral,singlestim,113,338035,1010470,edc,paicipantresponsered,correct