,SubjectID,rt,stimulus,keypress,word,color,block,blocknum,wordtype,trialtype,trialindex,timeelapsed,internalnodeid,keypressed,participantresponse,correctresponse
157,Subject189,446,alone,67,alone,colorred,test,num1,typenegative,singlestim,19,113905,100010,edc,paicipantresponsered,correct
453,Subject189,478,pleasure,67,pleasure,colorred,test,num1,typepositive,singlestim,21,119600,100030,edc,paicipantresponsered,correct
749,Subject189,487,rejected,77,rejected,colorblue,test,num1,typenegative,singlestim,23,125301,100050,edm,paicipantresponseblue,correct
1045,Subject189,486,funeral,67,funeral,colorred,test,num1,typesuicide,singlestim,25,131000,100070,edc,paicipantresponsered,correct
1341,Subject189,601,paper,77,paper,colorblue,test,num1,typeneutral,singlestim,27,136813,100090,edm,paicipantresponseblue,correct
1637,Subject189,456,success,67,success,colorred,test,num1,typepositive,singlestim,29,142479,1000110,edc,paicipantresponsered,correct
1933,Subject189,429,engine,77,engine,colorblue,test,num1,typeneutral,singlestim,31,148116,1000130,edm,paicipantresponseblue,correct
2229,Subject189,518,stupid,67,stupid,colorred,test,num1,typenegative,singlestim,33,153847,1000150,edc,paicipantresponsered,correct
2525,Subject189,450,dead,67,dead,colorred,test,num1,typesuicide,singlestim,35,159510,1000170,edc,paicipantresponsered,correct
2821,Subject189,418,funeral,77,funeral,colorblue,test,num1,typesuicide,singlestim,37,165140,1000190,edm,paicipantresponseblue,correct
3117,Subject189,514,engine,67,engine,colorred,test,num1,typeneutral,singlestim,39,170866,1000210,edc,paicipantresponsered,correct
3413,Subject189,477,suicide,67,suicide,colorred,test,num1,typesuicide,singlestim,41,176553,1000230,edc,paicipantresponsered,correct
3709,Subject189,463,paper,67,paper,colorred,test,num1,typeneutral,singlestim,43,182226,1000250,edc,paicipantresponsered,correct
4005,Subject189,515,happy,77,happy,colorblue,test,num1,typepositive,singlestim,45,187958,1000270,edm,paicipantresponseblue,correct
4301,Subject189,440,pleasure,77,pleasure,colorblue,test,num1,typepositive,singlestim,47,193609,1000290,edm,paicipantresponseblue,correct
4597,Subject189,704,success,77,success,colorblue,test,num1,typepositive,singlestim,49,199527,1000310,edm,paicipantresponseblue,correct
4893,Subject189,451,museum,77,museum,colorblue,test,num1,typeneutral,singlestim,51,205187,1000330,edm,paicipantresponseblue,correct
5189,Subject189,416,dead,77,dead,colorblue,test,num1,typesuicide,singlestim,53,210817,1000350,edm,paicipantresponseblue,correct
5485,Subject189,427,stupid,77,stupid,colorblue,test,num1,typenegative,singlestim,55,216453,1000370,edm,paicipantresponseblue,correct
5781,Subject189,486,alone,77,alone,colorblue,test,num1,typenegative,singlestim,57,222154,1000390,edm,paicipantresponseblue,correct
6077,Subject189,451,rejected,67,rejected,colorred,test,num1,typenegative,singlestim,59,227818,1000410,edc,paicipantresponsered,correct
6373,Subject189,471,museum,67,museum,colorred,test,num1,typeneutral,singlestim,61,233497,1000430,edc,paicipantresponsered,correct
6669,Subject189,485,suicide,77,suicide,colorblue,test,num1,typesuicide,singlestim,63,239193,1000450,edm,paicipantresponseblue,correct
6965,Subject189,508,happy,67,happy,colorred,test,num1,typepositive,singlestim,65,244910,1000470,edc,paicipantresponsered,correct
7261,Subject189,452,alone,67,alone,colorred,test,num2,typenegative,singlestim,67,250572,101010,edc,paicipantresponsered,correct
7557,Subject189,444,paper,67,paper,colorred,test,num2,typeneutral,singlestim,69,256228,101030,edc,paicipantresponsered,correct
7853,Subject189,454,alone,77,alone,colorblue,test,num2,typenegative,singlestim,71,261891,101050,edm,paicipantresponseblue,correct
8149,Subject189,523,funeral,67,funeral,colorred,test,num2,typesuicide,singlestim,73,267625,101070,edc,paicipantresponsered,correct
8445,Subject189,487,happy,77,happy,colorblue,test,num2,typepositive,singlestim,75,273324,101090,edm,paicipantresponseblue,correct
8741,Subject189,464,museum,67,museum,colorred,test,num2,typeneutral,singlestim,77,279000,1010110,edc,paicipantresponsered,correct
9037,Subject189,426,funeral,77,funeral,colorblue,test,num2,typesuicide,singlestim,79,284639,1010130,edm,paicipantresponseblue,correct
9333,Subject189,470,happy,67,happy,colorred,test,num2,typepositive,singlestim,81,290320,1010150,edc,paicipantresponsered,correct
9629,Subject189,500,pleasure,67,pleasure,colorred,test,num2,typepositive,singlestim,83,296030,1010170,edc,paicipantresponsered,correct
9925,Subject189,462,stupid,67,stupid,colorred,test,num2,typenegative,singlestim,85,301704,1010190,edc,paicipantresponsered,correct
10221,Subject189,528,stupid,77,stupid,colorblue,test,num2,typenegative,singlestim,87,307441,1010210,edm,paicipantresponseblue,correct
10517,Subject189,435,rejected,67,rejected,colorred,test,num2,typenegative,singlestim,89,313089,1010230,edc,paicipantresponsered,correct
10813,Subject189,465,paper,77,paper,colorblue,test,num2,typeneutral,singlestim,91,318769,1010250,edm,paicipantresponseblue,correct
11109,Subject189,443,suicide,77,suicide,colorblue,test,num2,typesuicide,singlestim,93,324427,1010270,edm,paicipantresponseblue,correct
11405,Subject189,403,engine,67,engine,colorred,test,num2,typeneutral,singlestim,95,330039,1010290,edc,paicipantresponsered,correct
11701,Subject189,417,rejected,77,rejected,colorblue,test,num2,typenegative,singlestim,97,335667,1010310,edm,paicipantresponseblue,correct
11997,Subject189,504,engine,77,engine,colorblue,test,num2,typeneutral,singlestim,99,341382,1010330,edm,paicipantresponseblue,correct
12293,Subject189,587,museum,77,museum,colorblue,test,num2,typeneutral,singlestim,101,347178,1010350,edm,paicipantresponseblue,correct
12589,Subject189,504,dead,77,dead,colorblue,test,num2,typesuicide,singlestim,103,352896,1010370,edm,paicipantresponseblue,correct
12885,Subject189,443,success,77,success,colorblue,test,num2,typepositive,singlestim,105,358550,1010390,edm,paicipantresponseblue,correct
13181,Subject189,474,pleasure,77,pleasure,colorblue,test,num2,typepositive,singlestim,107,364234,1010410,edm,paicipantresponseblue,correct
13477,Subject189,352,suicide,67,suicide,colorred,test,num2,typesuicide,singlestim,109,369793,1010430,edc,paicipantresponsered,correct
13773,Subject189,374,dead,67,dead,colorred,test,num2,typesuicide,singlestim,111,375379,1010450,edc,paicipantresponsered,correct
14069,Subject189,423,success,67,success,colorred,test,num2,typepositive,singlestim,113,381015,1010470,edc,paicipantresponsered,correct