,SubjectID,rt,stimulus,keypress,word,color,block,blocknum,wordtype,trialtype,trialindex,timeelapsed,internalnodeid,keypressed,participantresponse,correctresponse
247,Subject281,415,museum,67,museum,colorred,test,num1,typeneutral,singlestim,19,135181,100010,edc,paicipantresponsered,correct
543,Subject281,543,pleasure,67,pleasure,colorred,test,num1,typepositive,singlestim,21,140931,100030,edc,paicipantresponsered,correct
839,Subject281,443,engine,77,engine,colorblue,test,num1,typeneutral,singlestim,23,146582,100050,edm,paicipantresponseblue,correct
1135,Subject281,482,happy,77,happy,colorblue,test,num1,typepositive,singlestim,25,152272,100070,edm,paicipantresponseblue,correct
1431,Subject281,753,engine,67,engine,colorred,test,num1,typeneutral,singlestim,27,158231,100090,edc,paicipantresponsered,correct
1727,Subject281,454,funeral,77,funeral,colorblue,test,num1,typesuicide,singlestim,29,163890,1000110,edm,paicipantresponseblue,correct
2023,Subject281,406,pleasure,77,pleasure,colorblue,test,num1,typepositive,singlestim,31,169502,1000130,edm,paicipantresponseblue,correct
2319,Subject281,502,dead,67,dead,colorred,test,num1,typesuicide,singlestim,33,175209,1000150,edc,paicipantresponsered,correct
2615,Subject281,436,rejected,77,rejected,colorblue,test,num1,typenegative,singlestim,35,180851,1000170,edm,paicipantresponseblue,correct
2911,Subject281,770,suicide,67,suicide,colorred,test,num1,typesuicide,singlestim,37,186828,1000190,edc,paicipantresponsered,correct
3207,Subject281,562,happy,67,happy,colorred,test,num1,typepositive,singlestim,39,192598,1000210,edc,paicipantresponsered,correct
3503,Subject281,803,rejected,67,rejected,colorred,test,num1,typenegative,singlestim,41,198609,1000230,edc,paicipantresponsered,correct
3799,Subject281,624,stupid,67,stupid,colorred,test,num1,typenegative,singlestim,43,204439,1000250,edc,paicipantresponsered,correct
4095,Subject281,701,alone,77,alone,colorblue,test,num1,typenegative,singlestim,45,210346,1000270,edm,paicipantresponseblue,correct
4391,Subject281,590,success,67,success,colorred,test,num1,typepositive,singlestim,47,216140,1000290,edc,paicipantresponsered,correct
4687,Subject281,524,stupid,77,stupid,colorblue,test,num1,typenegative,singlestim,49,221871,1000310,edm,paicipantresponseblue,correct
4983,Subject281,642,suicide,77,suicide,colorblue,test,num1,typesuicide,singlestim,51,227720,1000330,edm,paicipantresponseblue,correct
5279,Subject281,412,paper,77,paper,colorblue,test,num1,typeneutral,singlestim,53,233338,1000350,edm,paicipantresponseblue,correct
5575,Subject281,617,funeral,67,funeral,colorred,test,num1,typesuicide,singlestim,55,239160,1000370,edc,paicipantresponsered,correct
5871,Subject281,803,paper,67,paper,colorred,test,num1,typeneutral,singlestim,57,245170,1000390,edc,paicipantresponsered,correct
6167,Subject281,726,dead,77,dead,colorblue,test,num1,typesuicide,singlestim,59,251102,1000410,edm,paicipantresponseblue,correct
6463,Subject281,459,alone,67,alone,colorred,test,num1,typenegative,singlestim,61,256770,1000430,edc,paicipantresponsered,correct
6759,Subject281,534,success,77,success,colorblue,test,num1,typepositive,singlestim,63,262511,1000450,edm,paicipantresponseblue,correct
7055,Subject281,451,museum,77,museum,colorblue,test,num1,typeneutral,singlestim,65,268169,1000470,edm,paicipantresponseblue,correct
7351,Subject281,436,pleasure,77,pleasure,colorred,test,num2,typepositive,singlestim,67,273810,101010,edm,paicipantresponseblue,incorrect
7647,Subject281,604,stupid,77,stupid,colorblue,test,num2,typenegative,singlestim,69,279619,101030,edm,paicipantresponseblue,correct
7943,Subject281,562,engine,67,engine,colorred,test,num2,typeneutral,singlestim,71,285387,101050,edc,paicipantresponsered,correct
8239,Subject281,537,dead,67,dead,colorred,test,num2,typesuicide,singlestim,73,291128,101070,edc,paicipantresponsered,correct
8535,Subject281,662,museum,77,museum,colorblue,test,num2,typeneutral,singlestim,75,297000,101090,edm,paicipantresponseblue,correct
8831,Subject281,562,suicide,77,suicide,colorblue,test,num2,typesuicide,singlestim,77,302768,1010110,edm,paicipantresponseblue,correct
9127,Subject281,485,stupid,77,stupid,colorred,test,num2,typenegative,singlestim,79,308461,1010130,edm,paicipantresponseblue,incorrect
9423,Subject281,872,suicide,67,suicide,colorred,test,num2,typesuicide,singlestim,81,314538,1010150,edc,paicipantresponsered,correct
9719,Subject281,566,rejected,67,rejected,colorred,test,num2,typenegative,singlestim,83,320312,1010170,edc,paicipantresponsered,correct
10015,Subject281,430,paper,67,paper,colorred,test,num2,typeneutral,singlestim,85,325949,1010190,edc,paicipantresponsered,correct
10311,Subject281,665,alone,77,alone,colorblue,test,num2,typenegative,singlestim,87,331819,1010210,edm,paicipantresponseblue,correct
10607,Subject281,525,rejected,77,rejected,colorblue,test,num2,typenegative,singlestim,89,337548,1010230,edm,paicipantresponseblue,correct
10903,Subject281,484,funeral,77,funeral,colorred,test,num2,typesuicide,singlestim,91,343239,1010250,edm,paicipantresponseblue,incorrect
11199,Subject281,724,funeral,77,funeral,colorblue,test,num2,typesuicide,singlestim,93,349168,1010270,edm,paicipantresponseblue,correct
11495,Subject281,748,happy,67,happy,colorred,test,num2,typepositive,singlestim,95,355120,1010290,edc,paicipantresponsered,correct
11791,Subject281,755,success,77,success,colorblue,test,num2,typepositive,singlestim,97,361078,1010310,edm,paicipantresponseblue,correct
12087,Subject281,657,alone,67,alone,colorred,test,num2,typenegative,singlestim,99,366940,1010330,edc,paicipantresponsered,correct
12383,Subject281,652,pleasure,77,pleasure,colorblue,test,num2,typepositive,singlestim,101,372798,1010350,edm,paicipantresponseblue,correct
12679,Subject281,1136,dead,77,dead,colorblue,test,num2,typesuicide,singlestim,103,379139,1010370,edm,paicipantresponseblue,correct
12975,Subject281,590,happy,77,happy,colorblue,test,num2,typepositive,singlestim,105,384937,1010390,edm,paicipantresponseblue,correct
13271,Subject281,635,success,67,success,colorred,test,num2,typepositive,singlestim,107,390778,1010410,edc,paicipantresponsered,correct
13567,Subject281,653,paper,77,paper,colorblue,test,num2,typeneutral,singlestim,109,396639,1010430,edm,paicipantresponseblue,correct
13863,Subject281,722,engine,77,engine,colorblue,test,num2,typeneutral,singlestim,111,402568,1010450,edm,paicipantresponseblue,correct
14159,Subject281,984,museum,67,museum,colorred,test,num2,typeneutral,singlestim,113,408757,1010470,edc,paicipantresponsered,correct