,SubjectID,rt,stimulus,keypress,word,color,block,blocknum,wordtype,trialtype,trialindex,timeelapsed,internalnodeid,keypressed,participantresponse,correctresponse
84,Subject91,387,pleasure,77,pleasure,colorblue,test,num1,typepositive,singlestim,19,83137,100010,edm,paicipantresponseblue,correct
380,Subject91,426,museum,67,museum,colorred,test,num1,typeneutral,singlestim,21,88768,100030,edc,paicipantresponsered,correct
676,Subject91,442,suicide,67,suicide,colorred,test,num1,typesuicide,singlestim,23,94415,100050,edc,paicipantresponsered,correct
972,Subject91,439,happy,77,happy,colorblue,test,num1,typepositive,singlestim,25,100060,100070,edm,paicipantresponseblue,correct
1268,Subject91,440,engine,77,engine,colorblue,test,num1,typeneutral,singlestim,27,105707,100090,edm,paicipantresponseblue,correct
1564,Subject91,530,happy,67,happy,colorred,test,num1,typepositive,singlestim,29,111443,1000110,edc,paicipantresponsered,correct
1860,Subject91,797,funeral,77,funeral,colorblue,test,num1,typesuicide,singlestim,31,117447,1000130,edm,paicipantresponseblue,correct
2156,Subject91,722,success,67,success,colorred,test,num1,typepositive,singlestim,33,123377,1000150,edc,paicipantresponsered,correct
2452,Subject91,499,engine,67,engine,colorred,test,num1,typeneutral,singlestim,35,129082,1000170,edc,paicipantresponsered,correct
2748,Subject91,480,rejected,67,rejected,colorred,test,num1,typenegative,singlestim,37,134773,1000190,edc,paicipantresponsered,correct
3044,Subject91,463,pleasure,67,pleasure,colorred,test,num1,typepositive,singlestim,39,140443,1000210,edc,paicipantresponsered,correct
3340,Subject91,552,success,77,success,colorblue,test,num1,typepositive,singlestim,41,146202,1000230,edm,paicipantresponseblue,correct
3636,Subject91,489,suicide,77,suicide,colorblue,test,num1,typesuicide,singlestim,43,151897,1000250,edm,paicipantresponseblue,correct
3932,Subject91,462,paper,67,paper,colorred,test,num1,typeneutral,singlestim,45,157564,1000270,edc,paicipantresponsered,correct
4228,Subject91,498,alone,77,alone,colorblue,test,num1,typenegative,singlestim,47,163268,1000290,edm,paicipantresponseblue,correct
4524,Subject91,710,paper,77,paper,colorblue,test,num1,typeneutral,singlestim,49,169184,1000310,edm,paicipantresponseblue,correct
4820,Subject91,726,rejected,77,rejected,colorblue,test,num1,typenegative,singlestim,51,175120,1000330,edm,paicipantresponseblue,correct
5116,Subject91,654,stupid,67,stupid,colorred,test,num1,typenegative,singlestim,53,180980,1000350,edc,paicipantresponsered,correct
5412,Subject91,885,museum,77,museum,colorblue,test,num1,typeneutral,singlestim,55,187070,1000370,edm,paicipantresponseblue,correct
5708,Subject91,525,stupid,77,stupid,colorblue,test,num1,typenegative,singlestim,57,192801,1000390,edm,paicipantresponseblue,correct
6004,Subject91,559,funeral,67,funeral,colorred,test,num1,typesuicide,singlestim,59,198565,1000410,edc,paicipantresponsered,correct
6300,Subject91,632,dead,77,dead,colorblue,test,num1,typesuicide,singlestim,61,204402,1000430,edm,paicipantresponseblue,correct
6596,Subject91,777,alone,67,alone,colorred,test,num1,typenegative,singlestim,63,210385,1000450,edc,paicipantresponsered,correct
6892,Subject91,758,dead,67,dead,colorred,test,num1,typesuicide,singlestim,65,216348,1000470,edc,paicipantresponsered,correct
7188,Subject91,617,dead,77,dead,colorblue,test,num2,typesuicide,singlestim,67,222171,101010,edm,paicipantresponseblue,correct
7484,Subject91,662,stupid,67,stupid,colorred,test,num2,typenegative,singlestim,69,228040,101030,edc,paicipantresponsered,correct
7780,Subject91,800,paper,67,paper,colorred,test,num2,typeneutral,singlestim,71,234047,101050,edc,paicipantresponsered,correct
8076,Subject91,1472,success,77,success,colorblue,test,num2,typepositive,singlestim,73,240724,101070,edm,paicipantresponseblue,correct
8372,Subject91,586,alone,77,alone,colorblue,test,num2,typenegative,singlestim,75,246517,101090,edm,paicipantresponseblue,correct
8668,Subject91,520,museum,67,museum,colorred,test,num2,typeneutral,singlestim,77,252242,1010110,edc,paicipantresponsered,correct
8964,Subject91,723,paper,77,paper,colorblue,test,num2,typeneutral,singlestim,79,258172,1010130,edm,paicipantresponseblue,correct
9260,Subject91,632,dead,67,dead,colorred,test,num2,typesuicide,singlestim,81,264010,1010150,edc,paicipantresponsered,correct
9556,Subject91,1248,happy,67,happy,colorred,test,num2,typepositive,singlestim,83,270467,1010170,edc,paicipantresponsered,correct
9852,Subject91,710,alone,67,alone,colorred,test,num2,typenegative,singlestim,85,276384,1010190,edc,paicipantresponsered,correct
10148,Subject91,589,funeral,67,funeral,colorred,test,num2,typesuicide,singlestim,87,282179,1010210,edc,paicipantresponsered,correct
10444,Subject91,488,happy,77,happy,colorblue,test,num2,typepositive,singlestim,89,287873,1010230,edm,paicipantresponseblue,correct
10740,Subject91,701,museum,77,museum,colorblue,test,num2,typeneutral,singlestim,91,293780,1010250,edm,paicipantresponseblue,correct
11036,Subject91,548,engine,67,engine,colorred,test,num2,typeneutral,singlestim,93,299534,1010270,edc,paicipantresponsered,correct
11332,Subject91,443,rejected,77,rejected,colorblue,test,num2,typenegative,singlestim,95,305182,1010290,edm,paicipantresponseblue,correct
11628,Subject91,760,funeral,77,funeral,colorblue,test,num2,typesuicide,singlestim,97,311149,1010310,edm,paicipantresponseblue,correct
11924,Subject91,584,success,67,success,colorred,test,num2,typepositive,singlestim,99,316937,1010330,edc,paicipantresponsered,correct
12220,Subject91,835,pleasure,77,pleasure,colorred,test,num2,typepositive,singlestim,101,322978,1010350,edm,paicipantresponseblue,incorrect
12516,Subject91,756,rejected,67,rejected,colorred,test,num2,typenegative,singlestim,103,328940,1010370,edc,paicipantresponsered,correct
12812,Subject91,641,stupid,77,stupid,colorblue,test,num2,typenegative,singlestim,105,334789,1010390,edm,paicipantresponseblue,correct
13108,Subject91,722,pleasure,77,pleasure,colorblue,test,num2,typepositive,singlestim,107,340717,1010410,edm,paicipantresponseblue,correct
13404,Subject91,730,engine,77,engine,colorblue,test,num2,typeneutral,singlestim,109,346654,1010430,edm,paicipantresponseblue,correct
13700,Subject91,598,suicide,67,suicide,colorred,test,num2,typesuicide,singlestim,111,352457,1010450,edc,paicipantresponsered,correct
13996,Subject91,1063,suicide,77,suicide,colorblue,test,num2,typesuicide,singlestim,113,358726,1010470,edm,paicipantresponseblue,correct