,SubjectID,rt,stimulus,keypress,word,color,block,blocknum,wordtype,trialtype,trialindex,timeelapsed,internalnodeid,keypressed,participantresponse,correctresponse
172,Subject203,514,museum,77,museum,colorblue,test,num1,typeneutral,singlestim,19,482447,100010,edm,paicipantresponseblue,correct
468,Subject203,521,paper,67,paper,colorred,test,num1,typeneutral,singlestim,21,488170,100030,edc,paicipantresponsered,correct
764,Subject203,400,funeral,77,funeral,colorblue,test,num1,typesuicide,singlestim,23,493774,100050,edm,paicipantresponseblue,correct
1060,Subject203,396,success,67,success,colorred,test,num1,typepositive,singlestim,25,499385,100070,edc,paicipantresponsered,correct
1356,Subject203,802,rejected,67,rejected,colorred,test,num1,typenegative,singlestim,27,505391,100090,edc,paicipantresponsered,correct
1652,Subject203,943,dead,67,dead,colorred,test,num1,typesuicide,singlestim,29,511538,1000110,edc,paicipantresponsered,correct
1948,Subject203,1436,alone,67,alone,colorblue,test,num1,typenegative,singlestim,31,518179,1000130,edc,paicipantresponsered,incorrect
2244,Subject203,675,museum,67,museum,colorred,test,num1,typeneutral,singlestim,33,524057,1000150,edc,paicipantresponsered,correct
2540,Subject203,645,suicide,67,suicide,colorred,test,num1,typesuicide,singlestim,35,529908,1000170,edc,paicipantresponsered,correct
2836,Subject203,450,engine,77,engine,colorblue,test,num1,typeneutral,singlestim,37,535564,1000190,edm,paicipantresponseblue,correct
3132,Subject203,394,happy,77,happy,colorblue,test,num1,typepositive,singlestim,39,541163,1000210,edm,paicipantresponseblue,correct
3428,Subject203,429,paper,77,paper,colorblue,test,num1,typeneutral,singlestim,41,546803,1000230,edm,paicipantresponseblue,correct
3724,Subject203,492,pleasure,77,pleasure,colorblue,test,num1,typepositive,singlestim,43,552499,1000250,edm,paicipantresponseblue,correct
4020,Subject203,469,suicide,77,suicide,colorblue,test,num1,typesuicide,singlestim,45,558173,1000270,edm,paicipantresponseblue,correct
4316,Subject203,486,stupid,67,stupid,colorred,test,num1,typenegative,singlestim,47,563863,1000290,edc,paicipantresponsered,correct
4612,Subject203,479,success,77,success,colorblue,test,num1,typepositive,singlestim,49,569549,1000310,edm,paicipantresponseblue,correct
4908,Subject203,653,pleasure,67,pleasure,colorred,test,num1,typepositive,singlestim,51,575408,1000330,edc,paicipantresponsered,correct
5204,Subject203,551,happy,67,happy,colorred,test,num1,typepositive,singlestim,53,581162,1000350,edc,paicipantresponsered,correct
5500,Subject203,531,alone,67,alone,colorred,test,num1,typenegative,singlestim,55,586898,1000370,edc,paicipantresponsered,correct
5796,Subject203,1250,dead,77,dead,colorblue,test,num1,typesuicide,singlestim,57,593353,1000390,edm,paicipantresponseblue,correct
6092,Subject203,712,rejected,77,rejected,colorblue,test,num1,typenegative,singlestim,59,599270,1000410,edm,paicipantresponseblue,correct
6388,Subject203,396,stupid,77,stupid,colorblue,test,num1,typenegative,singlestim,61,604871,1000430,edm,paicipantresponseblue,correct
6684,Subject203,437,funeral,67,funeral,colorred,test,num1,typesuicide,singlestim,63,610511,1000450,edc,paicipantresponsered,correct
6980,Subject203,1655,engine,67,engine,colorred,test,num1,typeneutral,singlestim,65,617371,1000470,edc,paicipantresponsered,correct
7276,Subject203,376,funeral,77,funeral,colorblue,test,num2,typesuicide,singlestim,67,622952,101010,edm,paicipantresponseblue,correct
7572,Subject203,399,success,67,success,colorred,test,num2,typepositive,singlestim,69,628556,101030,edc,paicipantresponsered,correct
7868,Subject203,458,stupid,77,stupid,colorblue,test,num2,typenegative,singlestim,71,634219,101050,edm,paicipantresponseblue,correct
8164,Subject203,561,alone,77,alone,colorblue,test,num2,typenegative,singlestim,73,639984,101070,edm,paicipantresponseblue,correct
8460,Subject203,497,museum,67,museum,colorred,test,num2,typeneutral,singlestim,75,645686,101090,edc,paicipantresponsered,correct
8756,Subject203,445,funeral,67,funeral,colorred,test,num2,typesuicide,singlestim,77,651337,1010110,edc,paicipantresponsered,correct
9052,Subject203,661,engine,67,engine,colorred,test,num2,typeneutral,singlestim,79,657203,1010130,edc,paicipantresponsered,correct
9348,Subject203,1023,stupid,67,stupid,colorred,test,num2,typenegative,singlestim,81,663507,1010150,edc,paicipantresponsered,correct
9644,Subject203,470,dead,67,dead,colorred,test,num2,typesuicide,singlestim,83,669181,1010170,edc,paicipantresponsered,correct
9940,Subject203,474,paper,67,paper,colorred,test,num2,typeneutral,singlestim,85,674859,1010190,edc,paicipantresponsered,correct
10236,Subject203,367,dead,77,dead,colorblue,test,num2,typesuicide,singlestim,87,680429,1010210,edm,paicipantresponseblue,correct
10532,Subject203,361,alone,67,alone,colorred,test,num2,typenegative,singlestim,89,685996,1010230,edc,paicipantresponsered,correct
10828,Subject203,479,museum,77,museum,colorblue,test,num2,typeneutral,singlestim,91,691680,1010250,edm,paicipantresponseblue,correct
11124,Subject203,583,rejected,77,rejected,colorblue,test,num2,typenegative,singlestim,93,697468,1010270,edm,paicipantresponseblue,correct
11420,Subject203,484,rejected,67,rejected,colorred,test,num2,typenegative,singlestim,95,703157,1010290,edc,paicipantresponsered,correct
11716,Subject203,352,success,77,success,colorblue,test,num2,typepositive,singlestim,97,708713,1010310,edm,paicipantresponseblue,correct
12012,Subject203,436,engine,77,engine,colorblue,test,num2,typeneutral,singlestim,99,714353,1010330,edm,paicipantresponseblue,correct
12308,Subject203,1792,pleasure,77,pleasure,colorred,test,num2,typepositive,singlestim,101,721349,1010350,edm,paicipantresponseblue,incorrect
12604,Subject203,433,suicide,77,suicide,colorblue,test,num2,typesuicide,singlestim,103,726986,1010370,edm,paicipantresponseblue,correct
12900,Subject203,402,suicide,67,suicide,colorred,test,num2,typesuicide,singlestim,105,732594,1010390,edc,paicipantresponsered,correct
13196,Subject203,379,pleasure,77,pleasure,colorblue,test,num2,typepositive,singlestim,107,738178,1010410,edm,paicipantresponseblue,correct
13492,Subject203,475,happy,77,happy,colorblue,test,num2,typepositive,singlestim,109,743858,1010430,edm,paicipantresponseblue,correct
13788,Subject203,1287,paper,67,paper,colorblue,test,num2,typeneutral,singlestim,111,750352,1010450,edc,paicipantresponsered,incorrect
14084,Subject203,466,happy,67,happy,colorred,test,num2,typepositive,singlestim,113,756022,1010470,edc,paicipantresponsered,correct