,SubjectID,rt,stimulus,keypress,word,color,block,blocknum,wordtype,trialtype,trialindex,timeelapsed,internalnodeid,keypressed,participantresponse,correctresponse
99,Subject107,407,rejected,77,rejected,colorblue,test,num1,typenegative,singlestim,19,1058381,100010,edm,paicipantresponseblue,correct
395,Subject107,330,alone,67,alone,colorred,test,num1,typenegative,singlestim,21,1063923,100030,edc,paicipantresponsered,correct
691,Subject107,406,suicide,77,suicide,colorblue,test,num1,typesuicide,singlestim,23,1069540,100050,edm,paicipantresponseblue,correct
987,Subject107,470,success,77,success,colorblue,test,num1,typepositive,singlestim,25,1075222,100070,edm,paicipantresponseblue,correct
1283,Subject107,411,happy,77,happy,colorblue,test,num1,typepositive,singlestim,27,1080846,100090,edm,paicipantresponseblue,correct
1579,Subject107,397,happy,67,happy,colorred,test,num1,typepositive,singlestim,29,1086456,1000110,edc,paicipantresponsered,correct
1875,Subject107,424,stupid,77,stupid,colorblue,test,num1,typenegative,singlestim,31,1092090,1000130,edm,paicipantresponseblue,correct
2171,Subject107,444,pleasure,67,pleasure,colorred,test,num1,typepositive,singlestim,33,1097744,1000150,edc,paicipantresponsered,correct
2467,Subject107,396,museum,67,museum,colorred,test,num1,typeneutral,singlestim,35,1103350,1000170,edc,paicipantresponsered,correct
2763,Subject107,382,dead,77,dead,colorblue,test,num1,typesuicide,singlestim,37,1108944,1000190,edm,paicipantresponseblue,correct
3059,Subject107,439,paper,77,paper,colorblue,test,num1,typeneutral,singlestim,39,1114599,1000210,edm,paicipantresponseblue,correct
3355,Subject107,386,suicide,67,suicide,colorred,test,num1,typesuicide,singlestim,41,1120195,1000230,edc,paicipantresponsered,correct
3651,Subject107,437,engine,67,engine,colorred,test,num1,typeneutral,singlestim,43,1125847,1000250,edc,paicipantresponsered,correct
3947,Subject107,407,success,67,success,colorred,test,num1,typepositive,singlestim,45,1131467,1000270,edc,paicipantresponsered,correct
4243,Subject107,408,pleasure,77,pleasure,colorblue,test,num1,typepositive,singlestim,47,1137085,1000290,edm,paicipantresponseblue,correct
4539,Subject107,472,museum,77,museum,colorblue,test,num1,typeneutral,singlestim,49,1142768,1000310,edm,paicipantresponseblue,correct
4835,Subject107,368,stupid,67,stupid,colorred,test,num1,typenegative,singlestim,51,1148346,1000330,edc,paicipantresponsered,correct
5131,Subject107,443,engine,77,engine,colorblue,test,num1,typeneutral,singlestim,53,1154002,1000350,edm,paicipantresponseblue,correct
5427,Subject107,525,rejected,67,rejected,colorred,test,num1,typenegative,singlestim,55,1159740,1000370,edc,paicipantresponsered,correct
5723,Subject107,535,alone,77,alone,colorblue,test,num1,typenegative,singlestim,57,1165486,1000390,edm,paicipantresponseblue,correct
6019,Subject107,367,dead,67,dead,colorred,test,num1,typesuicide,singlestim,59,1171070,1000410,edc,paicipantresponsered,correct
6315,Subject107,476,paper,67,paper,colorred,test,num1,typeneutral,singlestim,61,1176761,1000430,edc,paicipantresponsered,correct
6611,Subject107,457,funeral,67,funeral,colorred,test,num1,typesuicide,singlestim,63,1182432,1000450,edc,paicipantresponsered,correct
6907,Subject107,385,funeral,77,funeral,colorblue,test,num1,typesuicide,singlestim,65,1188029,1000470,edm,paicipantresponseblue,correct
7203,Subject107,437,rejected,67,rejected,colorred,test,num2,typenegative,singlestim,67,1193679,101010,edc,paicipantresponsered,correct
7499,Subject107,520,dead,77,dead,colorblue,test,num2,typesuicide,singlestim,69,1199407,101030,edm,paicipantresponseblue,correct
7795,Subject107,382,pleasure,67,pleasure,colorred,test,num2,typepositive,singlestim,71,1205003,101050,edc,paicipantresponsered,correct
8091,Subject107,503,dead,67,dead,colorred,test,num2,typesuicide,singlestim,73,1210720,101070,edc,paicipantresponsered,correct
8387,Subject107,519,alone,77,alone,colorblue,test,num2,typenegative,singlestim,75,1216453,101090,edm,paicipantresponseblue,correct
8683,Subject107,490,rejected,77,rejected,colorblue,test,num2,typenegative,singlestim,77,1222160,1010110,edm,paicipantresponseblue,correct
8979,Subject107,476,engine,67,engine,colorred,test,num2,typeneutral,singlestim,79,1227845,1010130,edc,paicipantresponsered,correct
9275,Subject107,452,engine,77,engine,colorblue,test,num2,typeneutral,singlestim,81,1233512,1010150,edm,paicipantresponseblue,correct
9571,Subject107,641,funeral,67,funeral,colorred,test,num2,typesuicide,singlestim,83,1239367,1010170,edc,paicipantresponsered,correct
9867,Subject107,419,happy,67,happy,colorred,test,num2,typepositive,singlestim,85,1244997,1010190,edc,paicipantresponsered,correct
10163,Subject107,461,stupid,67,stupid,colorred,test,num2,typenegative,singlestim,87,1250669,1010210,edc,paicipantresponsered,correct
10459,Subject107,391,paper,77,paper,colorblue,test,num2,typeneutral,singlestim,89,1256270,1010230,edm,paicipantresponseblue,correct
10755,Subject107,369,suicide,67,suicide,colorred,test,num2,typesuicide,singlestim,91,1261854,1010250,edc,paicipantresponsered,correct
11051,Subject107,539,success,77,success,colorblue,test,num2,typepositive,singlestim,93,1267607,1010270,edm,paicipantresponseblue,correct
11347,Subject107,396,alone,67,alone,colorred,test,num2,typenegative,singlestim,95,1273211,1010290,edc,paicipantresponsered,correct
11643,Subject107,510,success,67,success,colorred,test,num2,typepositive,singlestim,97,1278932,1010310,edc,paicipantresponsered,correct
11939,Subject107,477,museum,77,museum,colorblue,test,num2,typeneutral,singlestim,99,1284621,1010330,edm,paicipantresponseblue,correct
12235,Subject107,640,happy,77,happy,colorblue,test,num2,typepositive,singlestim,101,1290474,1010350,edm,paicipantresponseblue,correct
12531,Subject107,466,paper,67,paper,colorred,test,num2,typeneutral,singlestim,103,1296149,1010370,edc,paicipantresponsered,correct
12827,Subject107,800,funeral,77,funeral,colorblue,test,num2,typesuicide,singlestim,105,1302160,1010390,edm,paicipantresponseblue,correct
13123,Subject107,755,museum,67,museum,colorred,test,num2,typeneutral,singlestim,107,1308130,1010410,edc,paicipantresponsered,correct
13419,Subject107,1035,suicide,77,suicide,colorblue,test,num2,typesuicide,singlestim,109,1314376,1010430,edm,paicipantresponseblue,correct
13715,Subject107,436,pleasure,77,pleasure,colorblue,test,num2,typepositive,singlestim,111,1320022,1010450,edm,paicipantresponseblue,correct
14011,Subject107,508,stupid,77,stupid,colorblue,test,num2,typenegative,singlestim,113,1325740,1010470,edm,paicipantresponseblue,correct