,SubjectID,rt,stimulus,keypress,word,color,block,blocknum,wordtype,trialtype,trialindex,timeelapsed,internalnodeid,keypressed,participantresponse,correctresponse
169,Subject200,480,paper,67,paper,colorred,test,num1,typeneutral,singlestim,19,147496,100010,edc,paicipantresponsered,correct
465,Subject200,621,success,67,success,colorred,test,num1,typepositive,singlestim,21,153323,100030,edc,paicipantresponsered,correct
761,Subject200,372,dead,77,dead,colorblue,test,num1,typesuicide,singlestim,23,158899,100050,edm,paicipantresponseblue,correct
1057,Subject200,623,stupid,67,stupid,colorred,test,num1,typenegative,singlestim,25,164725,100070,edc,paicipantresponsered,correct
1353,Subject200,571,museum,77,museum,colorred,test,num1,typeneutral,singlestim,27,170501,100090,edm,paicipantresponseblue,incorrect
1649,Subject200,607,alone,67,alone,colorred,test,num1,typenegative,singlestim,29,176313,1000110,edc,paicipantresponsered,correct
1945,Subject200,620,suicide,77,suicide,colorblue,test,num1,typesuicide,singlestim,31,182137,1000130,edm,paicipantresponseblue,correct
2241,Subject200,679,pleasure,77,pleasure,colorblue,test,num1,typepositive,singlestim,33,188021,1000150,edm,paicipantresponseblue,correct
2537,Subject200,449,museum,77,museum,colorblue,test,num1,typeneutral,singlestim,35,193675,1000170,edm,paicipantresponseblue,correct
2833,Subject200,495,alone,77,alone,colorblue,test,num1,typenegative,singlestim,37,199375,1000190,edm,paicipantresponseblue,correct
3129,Subject200,489,dead,67,dead,colorred,test,num1,typesuicide,singlestim,39,205069,1000210,edc,paicipantresponsered,correct
3425,Subject200,504,rejected,67,rejected,colorred,test,num1,typenegative,singlestim,41,210778,1000230,edc,paicipantresponsered,correct
3721,Subject200,636,happy,77,happy,colorblue,test,num1,typepositive,singlestim,43,216619,1000250,edm,paicipantresponseblue,correct
4017,Subject200,481,paper,77,paper,colorblue,test,num1,typeneutral,singlestim,45,222305,1000270,edm,paicipantresponseblue,correct
4313,Subject200,593,engine,67,engine,colorred,test,num1,typeneutral,singlestim,47,228101,1000290,edc,paicipantresponsered,correct
4609,Subject200,426,engine,77,engine,colorblue,test,num1,typeneutral,singlestim,49,233731,1000310,edm,paicipantresponseblue,correct
4905,Subject200,694,suicide,67,suicide,colorred,test,num1,typesuicide,singlestim,51,239630,1000330,edc,paicipantresponsered,correct
5201,Subject200,489,funeral,67,funeral,colorred,test,num1,typesuicide,singlestim,53,245326,1000350,edc,paicipantresponsered,correct
5497,Subject200,471,rejected,77,rejected,colorblue,test,num1,typenegative,singlestim,55,251005,1000370,edm,paicipantresponseblue,correct
5793,Subject200,489,happy,77,happy,colorred,test,num1,typepositive,singlestim,57,256699,1000390,edm,paicipantresponseblue,incorrect
6089,Subject200,700,pleasure,67,pleasure,colorred,test,num1,typepositive,singlestim,59,262605,1000410,edc,paicipantresponsered,correct
6385,Subject200,639,funeral,77,funeral,colorblue,test,num1,typesuicide,singlestim,61,268448,1000430,edm,paicipantresponseblue,correct
6681,Subject200,927,stupid,77,stupid,colorblue,test,num1,typenegative,singlestim,63,274578,1000450,edm,paicipantresponseblue,correct
6977,Subject200,710,success,77,success,colorblue,test,num1,typepositive,singlestim,65,280492,1000470,edm,paicipantresponseblue,correct
7273,Subject200,763,stupid,67,stupid,colorred,test,num2,typenegative,singlestim,67,286459,101010,edc,paicipantresponsered,correct
7569,Subject200,965,engine,77,engine,colorblue,test,num2,typeneutral,singlestim,69,292630,101030,edm,paicipantresponseblue,correct
7865,Subject200,512,funeral,67,funeral,colorred,test,num2,typesuicide,singlestim,71,298346,101050,edc,paicipantresponsered,correct
8161,Subject200,669,dead,77,dead,colorblue,test,num2,typesuicide,singlestim,73,304219,101070,edm,paicipantresponseblue,correct
8457,Subject200,554,rejected,77,rejected,colorblue,test,num2,typenegative,singlestim,75,309978,101090,edm,paicipantresponseblue,correct
8753,Subject200,998,success,67,success,colorred,test,num2,typepositive,singlestim,77,316180,1010110,edc,paicipantresponsered,correct
9049,Subject200,814,happy,77,happy,colorblue,test,num2,typepositive,singlestim,79,322198,1010130,edm,paicipantresponseblue,correct
9345,Subject200,927,alone,77,alone,colorblue,test,num2,typenegative,singlestim,81,328329,1010150,edm,paicipantresponseblue,correct
9641,Subject200,1199,paper,67,paper,colorred,test,num2,typeneutral,singlestim,83,334733,1010170,edc,paicipantresponsered,correct
9937,Subject200,718,alone,67,alone,colorred,test,num2,typenegative,singlestim,85,340656,1010190,edc,paicipantresponsered,correct
10233,Subject200,529,suicide,77,suicide,colorblue,test,num2,typesuicide,singlestim,87,346390,1010210,edm,paicipantresponseblue,correct
10529,Subject200,604,paper,77,paper,colorblue,test,num2,typeneutral,singlestim,89,352200,1010230,edm,paicipantresponseblue,correct
10825,Subject200,547,success,77,success,colorblue,test,num2,typepositive,singlestim,91,357955,1010250,edm,paicipantresponseblue,correct
11121,Subject200,760,dead,67,dead,colorred,test,num2,typesuicide,singlestim,93,363919,1010270,edc,paicipantresponsered,correct
11417,Subject200,531,stupid,77,stupid,colorblue,test,num2,typenegative,singlestim,95,369653,1010290,edm,paicipantresponseblue,correct
11713,Subject200,845,museum,77,museum,colorblue,test,num2,typeneutral,singlestim,97,375702,1010310,edm,paicipantresponseblue,correct
12009,Subject200,468,rejected,67,rejected,colorred,test,num2,typenegative,singlestim,99,381374,1010330,edc,paicipantresponsered,correct
12305,Subject200,451,pleasure,77,pleasure,colorblue,test,num2,typepositive,singlestim,101,387029,1010350,edm,paicipantresponseblue,correct
12601,Subject200,441,museum,67,museum,colorred,test,num2,typeneutral,singlestim,103,392672,1010370,edc,paicipantresponsered,correct
12897,Subject200,623,pleasure,67,pleasure,colorred,test,num2,typepositive,singlestim,105,398499,1010390,edc,paicipantresponsered,correct
13193,Subject200,558,suicide,67,suicide,colorred,test,num2,typesuicide,singlestim,107,404262,1010410,edc,paicipantresponsered,correct
13489,Subject200,624,engine,67,engine,colorred,test,num2,typeneutral,singlestim,109,410090,1010430,edc,paicipantresponsered,correct
13785,Subject200,470,funeral,77,funeral,colorblue,test,num2,typesuicide,singlestim,111,415765,1010450,edm,paicipantresponseblue,correct
14081,Subject200,676,happy,67,happy,colorred,test,num2,typepositive,singlestim,113,421645,1010470,edc,paicipantresponsered,correct