,SubjectID,rt,stimulus,keypress,word,color,block,blocknum,wordtype,trialtype,trialindex,timeelapsed,internalnodeid,keypressed,participantresponse,correctresponse
110,Subject118,779,stupid,77,stupid,colorblue,test,num1,typenegative,singlestim,19,86087,100010,edm,paicipantresponseblue,correct
406,Subject118,446,alone,67,alone,colorred,test,num1,typenegative,singlestim,21,91780,100030,edc,paicipantresponsered,correct
702,Subject118,478,happy,67,happy,colorred,test,num1,typepositive,singlestim,23,97524,100050,edc,paicipantresponsered,correct
998,Subject118,476,alone,77,alone,colorblue,test,num1,typenegative,singlestim,25,103264,100070,edm,paicipantresponseblue,correct
1294,Subject118,561,funeral,67,funeral,colorred,test,num1,typesuicide,singlestim,27,109078,100090,edc,paicipantresponsered,correct
1590,Subject118,635,pleasure,67,pleasure,colorred,test,num1,typepositive,singlestim,29,114979,1000110,edc,paicipantresponsered,correct
1886,Subject118,461,paper,67,paper,colorred,test,num1,typeneutral,singlestim,31,120666,1000130,edc,paicipantresponsered,correct
2182,Subject118,413,dead,67,dead,colorred,test,num1,typesuicide,singlestim,33,126311,1000150,edc,paicipantresponsered,correct
2478,Subject118,691,paper,77,paper,colorblue,test,num1,typeneutral,singlestim,35,132249,1000170,edm,paicipantresponseblue,correct
2774,Subject118,569,happy,77,happy,colorblue,test,num1,typepositive,singlestim,37,138061,1000190,edm,paicipantresponseblue,correct
3070,Subject118,701,funeral,77,funeral,colorblue,test,num1,typesuicide,singlestim,39,144010,1000210,edm,paicipantresponseblue,correct
3366,Subject118,398,suicide,67,suicide,colorred,test,num1,typesuicide,singlestim,41,149640,1000230,edc,paicipantresponsered,correct
3662,Subject118,483,engine,77,engine,colorblue,test,num1,typeneutral,singlestim,43,155365,1000250,edm,paicipantresponseblue,correct
3958,Subject118,492,museum,77,museum,colorblue,test,num1,typeneutral,singlestim,45,161105,1000270,edm,paicipantresponseblue,correct
4254,Subject118,368,engine,67,engine,colorred,test,num1,typeneutral,singlestim,47,166724,1000290,edc,paicipantresponsered,correct
4550,Subject118,530,pleasure,77,pleasure,colorblue,test,num1,typepositive,singlestim,49,172495,1000310,edm,paicipantresponseblue,correct
4846,Subject118,485,success,77,success,colorblue,test,num1,typepositive,singlestim,51,178212,1000330,edm,paicipantresponseblue,correct
5142,Subject118,616,rejected,77,rejected,colorblue,test,num1,typenegative,singlestim,53,184072,1000350,edm,paicipantresponseblue,correct
5438,Subject118,625,stupid,67,stupid,colorred,test,num1,typenegative,singlestim,55,189956,1000370,edc,paicipantresponsered,correct
5734,Subject118,502,success,67,success,colorred,test,num1,typepositive,singlestim,57,195728,1000390,edc,paicipantresponsered,correct
6030,Subject118,400,museum,67,museum,colorred,test,num1,typeneutral,singlestim,59,201383,1000410,edc,paicipantresponsered,correct
6326,Subject118,562,suicide,77,suicide,colorblue,test,num1,typesuicide,singlestim,61,207190,1000430,edm,paicipantresponseblue,correct
6622,Subject118,602,dead,77,dead,colorblue,test,num1,typesuicide,singlestim,63,213045,1000450,edm,paicipantresponseblue,correct
6918,Subject118,519,rejected,67,rejected,colorred,test,num1,typenegative,singlestim,65,218836,1000470,edc,paicipantresponsered,correct
7214,Subject118,625,pleasure,77,pleasure,colorblue,test,num2,typepositive,singlestim,67,224703,101010,edm,paicipantresponseblue,correct
7510,Subject118,561,engine,77,engine,colorblue,test,num2,typeneutral,singlestim,69,230546,101030,edm,paicipantresponseblue,correct
7806,Subject118,457,stupid,67,stupid,colorred,test,num2,typenegative,singlestim,71,236257,101050,edc,paicipantresponsered,correct
8102,Subject118,440,alone,67,alone,colorred,test,num2,typenegative,singlestim,73,241966,101070,edc,paicipantresponsered,correct
8398,Subject118,505,alone,77,alone,colorblue,test,num2,typenegative,singlestim,75,247707,101090,edm,paicipantresponseblue,correct
8694,Subject118,707,funeral,67,funeral,colorred,test,num2,typesuicide,singlestim,77,253675,1010110,edc,paicipantresponsered,correct
8990,Subject118,474,success,77,success,colorblue,test,num2,typepositive,singlestim,79,259402,1010130,edm,paicipantresponseblue,correct
9286,Subject118,508,pleasure,67,pleasure,colorred,test,num2,typepositive,singlestim,81,265157,1010150,edc,paicipantresponsered,correct
9582,Subject118,612,museum,67,museum,colorred,test,num2,typeneutral,singlestim,83,271026,1010170,edc,paicipantresponsered,correct
9878,Subject118,630,rejected,77,rejected,colorblue,test,num2,typenegative,singlestim,85,276918,1010190,edm,paicipantresponseblue,correct
10174,Subject118,463,engine,67,engine,colorred,test,num2,typeneutral,singlestim,87,282644,1010210,edc,paicipantresponsered,correct
10470,Subject118,498,stupid,77,stupid,colorblue,test,num2,typenegative,singlestim,89,288389,1010230,edm,paicipantresponseblue,correct
10766,Subject118,507,paper,67,paper,colorred,test,num2,typeneutral,singlestim,91,294160,1010250,edc,paicipantresponsered,correct
11062,Subject118,447,dead,67,dead,colorred,test,num2,typesuicide,singlestim,93,299861,1010270,edc,paicipantresponsered,correct
11358,Subject118,457,suicide,77,suicide,colorblue,test,num2,typesuicide,singlestim,95,305555,1010290,edm,paicipantresponseblue,correct
11654,Subject118,536,funeral,77,funeral,colorblue,test,num2,typesuicide,singlestim,97,311355,1010310,edm,paicipantresponseblue,correct
11950,Subject118,481,dead,77,dead,colorblue,test,num2,typesuicide,singlestim,99,317093,1010330,edm,paicipantresponseblue,correct
12246,Subject118,528,museum,77,museum,colorblue,test,num2,typeneutral,singlestim,101,322868,1010350,edm,paicipantresponseblue,correct
12542,Subject118,455,paper,77,paper,colorblue,test,num2,typeneutral,singlestim,103,328571,1010370,edm,paicipantresponseblue,correct
12838,Subject118,391,suicide,67,suicide,colorred,test,num2,typesuicide,singlestim,105,334204,1010390,edc,paicipantresponsered,correct
13134,Subject118,499,rejected,67,rejected,colorred,test,num2,typenegative,singlestim,107,339954,1010410,edc,paicipantresponsered,correct
13430,Subject118,509,success,67,success,colorred,test,num2,typepositive,singlestim,109,345708,1010430,edc,paicipantresponsered,correct
13726,Subject118,723,happy,67,happy,colorred,test,num2,typepositive,singlestim,111,351700,1010450,edc,paicipantresponsered,correct
14022,Subject118,652,happy,77,happy,colorblue,test,num2,typepositive,singlestim,113,357604,1010470,edm,paicipantresponseblue,correct