,SubjectID,rt,stimulus,keypress,word,color,block,blocknum,wordtype,trialtype,trialindex,timeelapsed,internalnodeid,keypressed,participantresponse,correctresponse
118,Subject127,1125,dead,67,dead,colorred,test,num1,typesuicide,singlestim,19,109344,100010,edc,paicipantresponsered,correct
414,Subject127,589,rejected,77,rejected,colorblue,test,num1,typenegative,singlestim,21,115135,100030,edm,paicipantresponseblue,correct
710,Subject127,605,paper,67,paper,colorred,test,num1,typeneutral,singlestim,23,120943,100050,edc,paicipantresponsered,correct
1006,Subject127,1028,success,67,success,colorred,test,num1,typepositive,singlestim,25,127175,100070,edc,paicipantresponsered,correct
1302,Subject127,1101,funeral,67,funeral,colorred,test,num1,typesuicide,singlestim,27,133478,100090,edc,paicipantresponsered,correct
1598,Subject127,709,rejected,67,rejected,colorred,test,num1,typenegative,singlestim,29,139390,1000110,edc,paicipantresponsered,correct
1894,Subject127,892,dead,77,dead,colorblue,test,num1,typesuicide,singlestim,31,145485,1000130,edm,paicipantresponseblue,correct
2190,Subject127,684,alone,77,alone,colorblue,test,num1,typenegative,singlestim,33,151372,1000150,edm,paicipantresponseblue,correct
2486,Subject127,661,happy,77,happy,colorblue,test,num1,typepositive,singlestim,35,157237,1000170,edm,paicipantresponseblue,correct
2782,Subject127,524,success,77,success,colorblue,test,num1,typepositive,singlestim,37,162965,1000190,edm,paicipantresponseblue,correct
3078,Subject127,749,pleasure,67,pleasure,colorred,test,num1,typepositive,singlestim,39,168916,1000210,edc,paicipantresponsered,correct
3374,Subject127,588,paper,77,paper,colorblue,test,num1,typeneutral,singlestim,41,174708,1000230,edm,paicipantresponseblue,correct
3670,Subject127,1053,pleasure,77,pleasure,colorblue,test,num1,typepositive,singlestim,43,180963,1000250,edm,paicipantresponseblue,correct
3966,Subject127,693,suicide,67,suicide,colorred,test,num1,typesuicide,singlestim,45,186859,1000270,edc,paicipantresponsered,correct
4262,Subject127,748,happy,67,happy,colorred,test,num1,typepositive,singlestim,47,192810,1000290,edc,paicipantresponsered,correct
4558,Subject127,652,alone,67,alone,colorred,test,num1,typenegative,singlestim,49,198666,1000310,edc,paicipantresponsered,correct
4854,Subject127,588,stupid,77,stupid,colorblue,test,num1,typenegative,singlestim,51,204458,1000330,edm,paicipantresponseblue,correct
5150,Subject127,637,museum,67,museum,colorred,test,num1,typeneutral,singlestim,53,210298,1000350,edc,paicipantresponsered,correct
5446,Subject127,1100,funeral,77,funeral,colorblue,test,num1,typesuicide,singlestim,55,216602,1000370,edm,paicipantresponseblue,correct
5742,Subject127,732,engine,77,engine,colorblue,test,num1,typeneutral,singlestim,57,222538,1000390,edm,paicipantresponseblue,correct
6038,Subject127,1141,engine,67,engine,colorred,test,num1,typeneutral,singlestim,59,228881,1000410,edc,paicipantresponsered,correct
6334,Subject127,732,museum,77,museum,colorblue,test,num1,typeneutral,singlestim,61,234816,1000430,edm,paicipantresponseblue,correct
6630,Subject127,749,stupid,67,stupid,colorred,test,num1,typenegative,singlestim,63,240768,1000450,edc,paicipantresponsered,correct
6926,Subject127,1068,suicide,77,suicide,colorblue,test,num1,typesuicide,singlestim,65,247040,1000470,edm,paicipantresponseblue,correct
7222,Subject127,660,stupid,67,stupid,colorred,test,num2,typenegative,singlestim,67,252904,101010,edc,paicipantresponsered,correct
7518,Subject127,580,alone,67,alone,colorred,test,num2,typenegative,singlestim,69,258686,101030,edc,paicipantresponsered,correct
7814,Subject127,965,suicide,67,suicide,colorred,test,num2,typesuicide,singlestim,71,264855,101050,edc,paicipantresponsered,correct
8110,Subject127,596,museum,77,museum,colorblue,test,num2,typeneutral,singlestim,73,270654,101070,edm,paicipantresponseblue,correct
8406,Subject127,885,pleasure,67,pleasure,colorred,test,num2,typepositive,singlestim,75,276742,101090,edc,paicipantresponsered,correct
8702,Subject127,1060,paper,67,paper,colorred,test,num2,typeneutral,singlestim,77,283006,1010110,edc,paicipantresponsered,correct
8998,Subject127,909,alone,77,alone,colorblue,test,num2,typenegative,singlestim,79,289118,1010130,edm,paicipantresponseblue,correct
9294,Subject127,1133,engine,67,engine,colorred,test,num2,typeneutral,singlestim,81,295453,1010150,edc,paicipantresponsered,correct
9590,Subject127,1045,rejected,77,rejected,colorblue,test,num2,typenegative,singlestim,83,301701,1010170,edm,paicipantresponseblue,correct
9886,Subject127,1492,success,67,success,colorred,test,num2,typepositive,singlestim,85,308396,1010190,edc,paicipantresponsered,correct
10182,Subject127,869,dead,77,dead,colorblue,test,num2,typesuicide,singlestim,87,314468,1010210,edm,paicipantresponseblue,correct
10478,Subject127,660,funeral,77,funeral,colorblue,test,num2,typesuicide,singlestim,89,320332,1010230,edm,paicipantresponseblue,correct
10774,Subject127,565,paper,77,paper,colorblue,test,num2,typeneutral,singlestim,91,326100,1010250,edm,paicipantresponseblue,correct
11070,Subject127,653,happy,67,happy,colorred,test,num2,typepositive,singlestim,93,331954,1010270,edc,paicipantresponsered,correct
11366,Subject127,820,pleasure,77,pleasure,colorblue,test,num2,typepositive,singlestim,95,337979,1010290,edm,paicipantresponseblue,correct
11662,Subject127,1149,dead,67,dead,colorred,test,num2,typesuicide,singlestim,97,344331,1010310,edc,paicipantresponsered,correct
11958,Subject127,636,stupid,67,stupid,colorblue,test,num2,typenegative,singlestim,99,350171,1010330,edc,paicipantresponsered,incorrect
12254,Subject127,804,rejected,67,rejected,colorred,test,num2,typenegative,singlestim,101,356178,1010350,edc,paicipantresponsered,correct
12550,Subject127,981,suicide,77,suicide,colorblue,test,num2,typesuicide,singlestim,103,362361,1010370,edm,paicipantresponseblue,correct
12846,Subject127,869,happy,77,happy,colorblue,test,num2,typepositive,singlestim,105,368433,1010390,edm,paicipantresponseblue,correct
13142,Subject127,1413,museum,67,museum,colorred,test,num2,typeneutral,singlestim,107,375048,1010410,edc,paicipantresponsered,correct
13438,Subject127,684,funeral,67,funeral,colorred,test,num2,typesuicide,singlestim,109,380936,1010430,edc,paicipantresponsered,correct
13734,Subject127,796,engine,77,engine,colorblue,test,num2,typeneutral,singlestim,111,386935,1010450,edm,paicipantresponseblue,correct
14030,Subject127,652,success,77,success,colorblue,test,num2,typepositive,singlestim,113,392791,1010470,edm,paicipantresponseblue,correct