,SubjectID,rt,stimulus,keypress,word,color,block,blocknum,wordtype,trialtype,trialindex,timeelapsed,internalnodeid,keypressed,participantresponse,correctresponse
60,Subject64,384,dead,67,dead,colorred,test,num1,typesuicide,singlestim,19,667300,100010,edc,paicipantresponsered,correct
356,Subject64,363,happy,67,happy,colorred,test,num1,typepositive,singlestim,21,672869,100030,edc,paicipantresponsered,correct
652,Subject64,365,suicide,67,suicide,colorred,test,num1,typesuicide,singlestim,23,678441,100050,edc,paicipantresponsered,correct
948,Subject64,435,alone,67,alone,colorred,test,num1,typenegative,singlestim,25,684083,100070,edc,paicipantresponsered,correct
1244,Subject64,461,rejected,77,rejected,colorblue,test,num1,typenegative,singlestim,27,689749,100090,edm,paicipantresponseblue,correct
1540,Subject64,424,funeral,77,funeral,colorblue,test,num1,typesuicide,singlestim,29,695380,1000110,edm,paicipantresponseblue,correct
1836,Subject64,430,success,77,success,colorblue,test,num1,typepositive,singlestim,31,701015,1000130,edm,paicipantresponseblue,correct
2132,Subject64,489,pleasure,77,pleasure,colorblue,test,num1,typepositive,singlestim,33,706710,1000150,edm,paicipantresponseblue,correct
2428,Subject64,492,pleasure,67,pleasure,colorred,test,num1,typepositive,singlestim,35,712409,1000170,edc,paicipantresponsered,correct
2724,Subject64,440,success,67,success,colorred,test,num1,typepositive,singlestim,37,718056,1000190,edc,paicipantresponsered,correct
3020,Subject64,405,stupid,77,stupid,colorblue,test,num1,typenegative,singlestim,39,723668,1000210,edm,paicipantresponseblue,correct
3316,Subject64,463,paper,77,paper,colorblue,test,num1,typeneutral,singlestim,41,729336,1000230,edm,paicipantresponseblue,correct
3612,Subject64,422,happy,77,happy,colorblue,test,num1,typepositive,singlestim,43,734963,1000250,edm,paicipantresponseblue,correct
3908,Subject64,342,paper,67,paper,colorred,test,num1,typeneutral,singlestim,45,740513,1000270,edc,paicipantresponsered,correct
4204,Subject64,462,museum,67,museum,colorred,test,num1,typeneutral,singlestim,47,746181,1000290,edc,paicipantresponsered,correct
4500,Subject64,441,stupid,67,stupid,colorred,test,num1,typenegative,singlestim,49,751826,1000310,edc,paicipantresponsered,correct
4796,Subject64,421,engine,77,engine,colorblue,test,num1,typeneutral,singlestim,51,757453,1000330,edm,paicipantresponseblue,correct
5092,Subject64,452,suicide,77,suicide,colorblue,test,num1,typesuicide,singlestim,53,763111,1000350,edm,paicipantresponseblue,correct
5388,Subject64,408,engine,67,engine,colorred,test,num1,typeneutral,singlestim,55,768725,1000370,edc,paicipantresponsered,correct
5684,Subject64,453,alone,77,alone,colorblue,test,num1,typenegative,singlestim,57,774384,1000390,edm,paicipantresponseblue,correct
5980,Subject64,411,dead,77,dead,colorblue,test,num1,typesuicide,singlestim,59,780000,1000410,edm,paicipantresponseblue,correct
6276,Subject64,437,museum,77,museum,colorblue,test,num1,typeneutral,singlestim,61,785642,1000430,edm,paicipantresponseblue,correct
6572,Subject64,366,rejected,67,rejected,colorred,test,num1,typenegative,singlestim,63,791214,1000450,edc,paicipantresponsered,correct
6868,Subject64,425,funeral,67,funeral,colorred,test,num1,typesuicide,singlestim,65,796847,1000470,edc,paicipantresponsered,correct
7164,Subject64,409,museum,67,museum,colorred,test,num2,typeneutral,singlestim,67,802463,101010,edc,paicipantresponsered,correct
7460,Subject64,343,rejected,77,rejected,colorblue,test,num2,typenegative,singlestim,69,808013,101030,edm,paicipantresponseblue,correct
7756,Subject64,443,paper,77,paper,colorblue,test,num2,typeneutral,singlestim,71,813662,101050,edm,paicipantresponseblue,correct
8052,Subject64,419,success,67,success,colorred,test,num2,typepositive,singlestim,73,819287,101070,edc,paicipantresponsered,correct
8348,Subject64,419,engine,67,engine,colorred,test,num2,typeneutral,singlestim,75,824912,101090,edc,paicipantresponsered,correct
8644,Subject64,437,happy,77,happy,colorblue,test,num2,typepositive,singlestim,77,830555,1010110,edm,paicipantresponseblue,correct
8940,Subject64,397,happy,67,happy,colorred,test,num2,typepositive,singlestim,79,836158,1010130,edc,paicipantresponsered,correct
9236,Subject64,671,alone,67,alone,colorred,test,num2,typenegative,singlestim,81,842035,1010150,edc,paicipantresponsered,correct
9532,Subject64,364,dead,77,dead,colorblue,test,num2,typesuicide,singlestim,83,847604,1010170,edm,paicipantresponseblue,correct
9828,Subject64,420,suicide,67,suicide,colorred,test,num2,typesuicide,singlestim,85,853229,1010190,edc,paicipantresponsered,correct
10124,Subject64,427,paper,67,paper,colorred,test,num2,typeneutral,singlestim,87,858862,1010210,edc,paicipantresponsered,correct
10420,Subject64,408,engine,77,engine,colorblue,test,num2,typeneutral,singlestim,89,864476,1010230,edm,paicipantresponseblue,correct
10716,Subject64,441,stupid,77,stupid,colorblue,test,num2,typenegative,singlestim,91,870123,1010250,edm,paicipantresponseblue,correct
11012,Subject64,389,pleasure,67,pleasure,colorred,test,num2,typepositive,singlestim,93,875719,1010270,edc,paicipantresponsered,correct
11308,Subject64,384,suicide,77,suicide,colorblue,test,num2,typesuicide,singlestim,95,881309,1010290,edm,paicipantresponseblue,correct
11604,Subject64,450,museum,77,museum,colorblue,test,num2,typeneutral,singlestim,97,886964,1010310,edm,paicipantresponseblue,correct
11900,Subject64,442,pleasure,77,pleasure,colorblue,test,num2,typepositive,singlestim,99,892612,1010330,edm,paicipantresponseblue,correct
12196,Subject64,409,funeral,67,funeral,colorred,test,num2,typesuicide,singlestim,101,898228,1010350,edc,paicipantresponsered,correct
12492,Subject64,396,stupid,67,stupid,colorred,test,num2,typenegative,singlestim,103,903829,1010370,edc,paicipantresponsered,correct
12788,Subject64,375,success,77,success,colorblue,test,num2,typepositive,singlestim,105,909410,1010390,edm,paicipantresponseblue,correct
13084,Subject64,348,funeral,77,funeral,colorblue,test,num2,typesuicide,singlestim,107,914964,1010410,edm,paicipantresponseblue,correct
13380,Subject64,346,rejected,67,rejected,colorred,test,num2,typenegative,singlestim,109,920517,1010430,edc,paicipantresponsered,correct
13676,Subject64,558,dead,67,dead,colorred,test,num2,typesuicide,singlestim,111,926282,1010450,edc,paicipantresponsered,correct
13972,Subject64,333,alone,77,alone,colorblue,test,num2,typenegative,singlestim,113,931820,1010470,edm,paicipantresponseblue,correct