"","SubjectID","rt","stimulus","keypress","word","color","block","blocknum","wordtype","trialtype","trialindex","timeelapsed","internalnodeid","keypressed","participantresponse","correctresponse"
"10","Subject10","1","dead","1","dead","colorblue","test","num1","typesuicide","singlestim","19","94172","100010","ed","incorrect","762"
"306","Subject10","alone","77","alone","colorblue","test","num1","typenegative","singlestim","21","100146","100030","edm","paicipantresponseblue","correct","779"
"602","Subject10","alone","67","alone","colorred","test","num1","typenegative","singlestim","23","106136","100050","edc","paicipantresponsered","correct","872"
"898","Subject10","stupid","77","stupid","colorblue","test","num1","typenegative","singlestim","25","112219","100070","edm","paicipantresponseblue","correct","629"
"1194","Subject10","paper","67","paper","colorred","test","num1","typeneutral","singlestim","27","118058","100090","edc","paicipantresponsered","correct","756"
"1490","Subject10","paper","77","paper","colorblue","test","num1","typeneutral","singlestim","29","124023","1000110","edm","paicipantresponseblue","correct","883"
"1786","Subject10","happy","77","happy","colorblue","test","num1","typepositive","singlestim","31","130121","1000130","edm","paicipantresponseblue","correct","803"
"2082","Subject10","success","77","success","colorblue","test","num1","typepositive","singlestim","33","136132","1000150","edm","paicipantresponseblue","correct","653"
"2378","Subject10","pleasure","77","pleasure","colorblue","test","num1","typepositive","singlestim","35","141996","1000170","edm","paicipantresponseblue","correct","608"
"2674","Subject10","suicide","77","suicide","colorblue","test","num1","typesuicide","singlestim","37","147818","1000190","edm","paicipantresponseblue","correct","550"
"2970","Subject10","engine","77","engine","colorblue","test","num1","typeneutral","singlestim","39","153577","1000210","edm","paicipantresponseblue","correct","547"
"3266","Subject10","funeral","67","funeral","colorred","test","num1","typesuicide","singlestim","41","159337","1000230","edc","paicipantresponsered","correct","724"
"3562","Subject10","dead","67","dead","colorred","test","num1","typesuicide","singlestim","43","165273","1000250","edc","paicipantresponsered","correct","599"
"3858","Subject10","happy","67","happy","colorred","test","num1","typepositive","singlestim","45","171084","1000270","edc","paicipantresponsered","correct","800"
"4154","Subject10","rejected","67","rejected","colorred","test","num1","typenegative","singlestim","47","177095","1000290","edc","paicipantresponsered","correct","519"
"4450","Subject10","engine","67","engine","colorred","test","num1","typeneutral","singlestim","49","182828","1000310","edc","paicipantresponsered","correct","571"
"4746","Subject10","rejected","77","rejected","colorblue","test","num1","typenegative","singlestim","51","188608","1000330","edm","paicipantresponseblue","correct","895"
"5042","Subject10","museum","67","museum","colorred","test","num1","typeneutral","singlestim","53","194713","1000350","edc","paicipantresponsered","correct","820"
"5338","Subject10","museum","77","museum","colorblue","test","num1","typeneutral","singlestim","55","200739","1000370","edm","paicipantresponseblue","correct","643"
"5634","Subject10","success","67","success","colorred","test","num1","typepositive","singlestim","57","206591","1000390","edc","paicipantresponsered","correct","572"
"5930","Subject10","suicide","67","suicide","colorred","test","num1","typesuicide","singlestim","59","212371","1000410","edc","paicipantresponsered","correct","642"
"6226","Subject10","stupid","67","stupid","colorred","test","num1","typenegative","singlestim","61","218222","1000430","edc","paicipantresponsered","correct","613"
"6522","Subject10","pleasure","67","pleasure","colorred","test","num1","typepositive","singlestim","63","224047","1000450","edc","paicipantresponsered","correct","552"
"6818","Subject10","funeral","77","funeral","colorblue","test","num1","typesuicide","singlestim","65","229813","1000470","edm","paicipantresponseblue","correct","365"
"7114","Subject10","pleasure","67","pleasure","colorred","test","num2","typepositive","singlestim","67","235388","101010","edc","paicipantresponsered","correct","385"
"7410","Subject10","stupid","67","stupid","colorred","test","num2","typenegative","singlestim","69","240985","101030","edc","paicipantresponsered","correct","456"
"7706","Subject10","paper","77","paper","colorblue","test","num2","typeneutral","singlestim","71","246650","101050","edm","paicipantresponseblue","correct","487"
"8002","Subject10","pleasure","77","pleasure","colorblue","test","num2","typepositive","singlestim","73","252347","101070","edm","paicipantresponseblue","correct","498"
"8298","Subject10","suicide","77","suicide","colorblue","test","num2","typesuicide","singlestim","75","258058","101090","edm","paicipantresponseblue","correct","670"
"8594","Subject10","engine","77","engine","colorblue","test","num2","typeneutral","singlestim","77","263941","1010110","edm","paicipantresponseblue","correct","470"
"8890","Subject10","stupid","77","stupid","colorblue","test","num2","typenegative","singlestim","79","269620","1010130","edm","paicipantresponseblue","correct","585"
"9186","Subject10","rejected","67","rejected","colorred","test","num2","typenegative","singlestim","81","275420","1010150","edc","paicipantresponsered","correct","693"
"9482","Subject10","alone","77","alone","colorblue","test","num2","typenegative","singlestim","83","281325","1010170","edm","paicipantresponseblue","correct","654"
"9778","Subject10","suicide","77","suicide","colorred","test","num2","typesuicide","singlestim","85","287188","1010190","edm","paicipantresponseblue","incorrect","507"
"10074","Subject10","funeral","67","funeral","colorred","test","num2","typesuicide","singlestim","87","292903","1010210","edc","paicipantresponsered","correct","489"
"10370","Subject10","success","77","success","colorblue","test","num2","typepositive","singlestim","89","298605","1010230","edm","paicipantresponseblue","correct","534"
"10666","Subject10","alone","67","alone","colorred","test","num2","typenegative","singlestim","91","304349","1010250","edc","paicipantresponsered","correct","549"
"10962","Subject10","happy","67","happy","colorred","test","num2","typepositive","singlestim","93","310108","1010270","edc","paicipantresponsered","correct","507"
"11258","Subject10","success","67","success","colorred","test","num2","typepositive","singlestim","95","315824","1010290","edc","paicipantresponsered","correct","544"
"11554","Subject10","funeral","77","funeral","colorblue","test","num2","typesuicide","singlestim","97","321577","1010310","edm","paicipantresponseblue","correct","1063"
"11850","Subject10","paper","67","paper","colorred","test","num2","typeneutral","singlestim","99","327854","1010330","edc","paicipantresponsered","correct","544"
"12146","Subject10","dead","67","dead","colorred","test","num2","typesuicide","singlestim","101","333610","1010350","edc","paicipantresponsered","correct","520"
"12442","Subject10","museum","67","museum","colorred","test","num2","typeneutral","singlestim","103","339344","1010370","edc","paicipantresponsered","correct","531"
"12738","Subject10","rejected","77","rejected","colorblue","test","num2","typenegative","singlestim","105","345083","1010390","edm","paicipantresponseblue","correct","495"
"13034","Subject10","dead","77","dead","colorblue","test","num2","typesuicide","singlestim","107","350788","1010410","edm","paicipantresponseblue","correct","445"
"13330","Subject10","museum","77","museum","colorblue","test","num2","typeneutral","singlestim","109","356444","1010430","edm","paicipantresponseblue","correct","516"
"13626","Subject10","happy","77","happy","colorblue","test","num2","typepositive","singlestim","111","362174","1010450","edm","paicipantresponseblue","correct","1040"
"13922","Subject10","engine","67","engine","colorred","test","num2","typeneutral","singlestim","113","368426","1010470","edc","paicipantresponsered","correct","1003"
