,SubjectID,rt,stimulus,keypress,word,color,block,blocknum,wordtype,trialtype,trialindex,timeelapsed,internalnodeid,keypressed,participantresponse,correctresponse
71,Subject76,1158,rejected,67,rejected,colorred,test,num1,typenegative,singlestim,19,73991,100010,edc,paicipantresponsered,correct
367,Subject76,513,engine,77,engine,colorblue,test,num1,typeneutral,singlestim,21,79711,100030,edm,paicipantresponseblue,correct
663,Subject76,514,engine,67,engine,colorred,test,num1,typeneutral,singlestim,23,85431,100050,edc,paicipantresponsered,correct
959,Subject76,553,dead,77,dead,colorblue,test,num1,typesuicide,singlestim,25,91190,100070,edm,paicipantresponseblue,correct
1255,Subject76,413,rejected,77,rejected,colorblue,test,num1,typenegative,singlestim,27,96808,100090,edm,paicipantresponseblue,correct
1551,Subject76,537,paper,77,paper,colorblue,test,num1,typeneutral,singlestim,29,102551,1000110,edm,paicipantresponseblue,correct
1847,Subject76,491,paper,67,paper,colorred,test,num1,typeneutral,singlestim,31,108248,1000130,edc,paicipantresponsered,correct
2143,Subject76,440,museum,67,museum,colorred,test,num1,typeneutral,singlestim,33,113893,1000150,edc,paicipantresponsered,correct
2439,Subject76,429,success,67,success,colorred,test,num1,typepositive,singlestim,35,119528,1000170,edc,paicipantresponsered,correct
2735,Subject76,459,funeral,67,funeral,colorred,test,num1,typesuicide,singlestim,37,125192,1000190,edc,paicipantresponsered,correct
3031,Subject76,465,pleasure,77,pleasure,colorblue,test,num1,typepositive,singlestim,39,130863,1000210,edm,paicipantresponseblue,correct
3327,Subject76,418,pleasure,67,pleasure,colorred,test,num1,typepositive,singlestim,41,136486,1000230,edc,paicipantresponsered,correct
3623,Subject76,628,happy,67,happy,colorred,test,num1,typepositive,singlestim,43,142320,1000250,edc,paicipantresponsered,correct
3919,Subject76,521,funeral,77,funeral,colorblue,test,num1,typesuicide,singlestim,45,148046,1000270,edm,paicipantresponseblue,correct
4215,Subject76,412,suicide,67,suicide,colorred,test,num1,typesuicide,singlestim,47,153663,1000290,edc,paicipantresponsered,correct
4511,Subject76,449,museum,77,museum,colorblue,test,num1,typeneutral,singlestim,49,159318,1000310,edm,paicipantresponseblue,correct
4807,Subject76,546,success,77,success,colorblue,test,num1,typepositive,singlestim,51,165071,1000330,edm,paicipantresponseblue,correct
5103,Subject76,409,alone,77,alone,colorblue,test,num1,typenegative,singlestim,53,170687,1000350,edm,paicipantresponseblue,correct
5399,Subject76,387,stupid,67,stupid,colorred,test,num1,typenegative,singlestim,55,176280,1000370,edc,paicipantresponsered,correct
5695,Subject76,515,suicide,77,suicide,colorblue,test,num1,typesuicide,singlestim,57,181998,1000390,edm,paicipantresponseblue,correct
5991,Subject76,570,stupid,77,stupid,colorblue,test,num1,typenegative,singlestim,59,187776,1000410,edm,paicipantresponseblue,correct
6287,Subject76,441,dead,67,dead,colorred,test,num1,typesuicide,singlestim,61,193422,1000430,edc,paicipantresponsered,correct
6583,Subject76,563,alone,77,alone,colorred,test,num1,typenegative,singlestim,63,199192,1000450,edm,paicipantresponseblue,incorrect
6879,Subject76,513,happy,77,happy,colorblue,test,num1,typepositive,singlestim,65,204910,1000470,edm,paicipantresponseblue,correct
7175,Subject76,562,pleasure,77,pleasure,colorblue,test,num2,typepositive,singlestim,67,210679,101010,edm,paicipantresponseblue,correct
7471,Subject76,401,alone,67,alone,colorred,test,num2,typenegative,singlestim,69,216286,101030,edc,paicipantresponsered,correct
7767,Subject76,508,dead,67,dead,colorred,test,num2,typesuicide,singlestim,71,221999,101050,edc,paicipantresponsered,correct
8063,Subject76,497,pleasure,67,pleasure,colorred,test,num2,typepositive,singlestim,73,227702,101070,edc,paicipantresponsered,correct
8359,Subject76,331,rejected,77,rejected,colorblue,test,num2,typenegative,singlestim,75,233239,101090,edm,paicipantresponseblue,correct
8655,Subject76,442,happy,67,happy,colorred,test,num2,typepositive,singlestim,77,238885,1010110,edc,paicipantresponsered,correct
8951,Subject76,444,museum,67,museum,colorred,test,num2,typeneutral,singlestim,79,244534,1010130,edc,paicipantresponsered,correct
9247,Subject76,419,engine,67,engine,colorred,test,num2,typeneutral,singlestim,81,250159,1010150,edc,paicipantresponsered,correct
9543,Subject76,418,happy,77,happy,colorblue,test,num2,typepositive,singlestim,83,255783,1010170,edm,paicipantresponseblue,correct
9839,Subject76,394,success,77,success,colorblue,test,num2,typepositive,singlestim,85,261382,1010190,edm,paicipantresponseblue,correct
10135,Subject76,444,paper,77,paper,colorblue,test,num2,typeneutral,singlestim,87,267030,1010210,edm,paicipantresponseblue,correct
10431,Subject76,402,rejected,67,rejected,colorred,test,num2,typenegative,singlestim,89,272637,1010230,edc,paicipantresponsered,correct
10727,Subject76,403,stupid,67,stupid,colorred,test,num2,typenegative,singlestim,91,278246,1010250,edc,paicipantresponsered,correct
11023,Subject76,596,stupid,77,stupid,colorblue,test,num2,typenegative,singlestim,93,284047,1010270,edm,paicipantresponseblue,correct
11319,Subject76,538,suicide,67,suicide,colorred,test,num2,typesuicide,singlestim,95,289791,1010290,edc,paicipantresponsered,correct
11615,Subject76,936,alone,77,alone,colorblue,test,num2,typenegative,singlestim,97,295933,1010310,edm,paicipantresponseblue,correct
11911,Subject76,497,paper,67,paper,colorred,test,num2,typeneutral,singlestim,99,301638,1010330,edc,paicipantresponsered,correct
12207,Subject76,610,success,67,success,colorred,test,num2,typepositive,singlestim,101,307453,1010350,edc,paicipantresponsered,correct
12503,Subject76,412,dead,77,dead,colorblue,test,num2,typesuicide,singlestim,103,313071,1010370,edm,paicipantresponseblue,correct
12799,Subject76,697,suicide,77,suicide,colorblue,test,num2,typesuicide,singlestim,105,318974,1010390,edm,paicipantresponseblue,correct
13095,Subject76,331,funeral,67,funeral,colorred,test,num2,typesuicide,singlestim,107,324511,1010410,edc,paicipantresponsered,correct
13391,Subject76,727,museum,77,museum,colorblue,test,num2,typeneutral,singlestim,109,330446,1010430,edm,paicipantresponseblue,correct
13687,Subject76,419,funeral,77,funeral,colorblue,test,num2,typesuicide,singlestim,111,336070,1010450,edm,paicipantresponseblue,correct
13983,Subject76,729,engine,77,engine,colorblue,test,num2,typeneutral,singlestim,113,342006,1010470,edm,paicipantresponseblue,correct