,SubjectID,rt,stimulus,keypress,word,color,block,blocknum,wordtype,trialtype,trialindex,timeelapsed,internalnodeid,keypressed,participantresponse,correctresponse
64,Subject69,434,museum,77,museum,colorblue,test,num1,typeneutral,singlestim,19,79725,100010,edm,paicipantresponseblue,correct
360,Subject69,676,alone,77,alone,colorblue,test,num1,typenegative,singlestim,21,85613,100030,edm,paicipantresponseblue,correct
656,Subject69,530,suicide,67,suicide,colorred,test,num1,typesuicide,singlestim,23,91353,100050,edc,paicipantresponsered,correct
952,Subject69,532,happy,77,happy,colorblue,test,num1,typepositive,singlestim,25,97095,100070,edm,paicipantresponseblue,correct
1248,Subject69,464,stupid,77,stupid,colorblue,test,num1,typenegative,singlestim,27,102772,100090,edm,paicipantresponseblue,correct
1544,Subject69,444,stupid,67,stupid,colorred,test,num1,typenegative,singlestim,29,108429,1000110,edc,paicipantresponsered,correct
1840,Subject69,428,dead,77,dead,colorblue,test,num1,typesuicide,singlestim,31,114066,1000130,edm,paicipantresponseblue,correct
2136,Subject69,542,engine,77,engine,colorblue,test,num1,typeneutral,singlestim,33,119822,1000150,edm,paicipantresponseblue,correct
2432,Subject69,847,alone,67,alone,colorred,test,num1,typenegative,singlestim,35,125878,1000170,edc,paicipantresponsered,correct
2728,Subject69,428,museum,67,museum,colorred,test,num1,typeneutral,singlestim,37,131517,1000190,edc,paicipantresponsered,correct
3024,Subject69,457,funeral,77,funeral,colorblue,test,num1,typesuicide,singlestim,39,137188,1000210,edm,paicipantresponseblue,correct
3320,Subject69,410,pleasure,67,pleasure,colorred,test,num1,typepositive,singlestim,41,142812,1000230,edc,paicipantresponsered,correct
3616,Subject69,486,rejected,77,rejected,colorblue,test,num1,typenegative,singlestim,43,148512,1000250,edm,paicipantresponseblue,correct
3912,Subject69,469,happy,67,happy,colorred,test,num1,typepositive,singlestim,45,154194,1000270,edc,paicipantresponsered,correct
4208,Subject69,417,paper,77,paper,colorblue,test,num1,typeneutral,singlestim,47,159824,1000290,edm,paicipantresponseblue,correct
4504,Subject69,338,dead,67,dead,colorred,test,num1,typesuicide,singlestim,49,165375,1000310,edc,paicipantresponsered,correct
4800,Subject69,514,funeral,67,funeral,colorred,test,num1,typesuicide,singlestim,51,171099,1000330,edc,paicipantresponsered,correct
5096,Subject69,415,engine,67,engine,colorred,test,num1,typeneutral,singlestim,53,176723,1000350,edc,paicipantresponsered,correct
5392,Subject69,460,success,77,success,colorblue,test,num1,typepositive,singlestim,55,182391,1000370,edm,paicipantresponseblue,correct
5688,Subject69,417,suicide,77,suicide,colorblue,test,num1,typesuicide,singlestim,57,188018,1000390,edm,paicipantresponseblue,correct
5984,Subject69,377,paper,67,paper,colorred,test,num1,typeneutral,singlestim,59,193608,1000410,edc,paicipantresponsered,correct
6280,Subject69,414,pleasure,77,pleasure,colorblue,test,num1,typepositive,singlestim,61,199235,1000430,edm,paicipantresponseblue,correct
6576,Subject69,425,rejected,67,rejected,colorred,test,num1,typenegative,singlestim,63,204870,1000450,edc,paicipantresponsered,correct
6872,Subject69,392,success,67,success,colorred,test,num1,typepositive,singlestim,65,210472,1000470,edc,paicipantresponsered,correct
7168,Subject69,562,alone,77,alone,colorblue,test,num2,typenegative,singlestim,67,216243,101010,edm,paicipantresponseblue,correct
7464,Subject69,364,dead,67,dead,colorred,test,num2,typesuicide,singlestim,69,221820,101030,edc,paicipantresponsered,correct
7760,Subject69,376,pleasure,67,pleasure,colorred,test,num2,typepositive,singlestim,71,227409,101050,edc,paicipantresponsered,correct
8056,Subject69,441,happy,67,happy,colorred,test,num2,typepositive,singlestim,73,233064,101070,edc,paicipantresponsered,correct
8352,Subject69,456,alone,67,alone,colorred,test,num2,typenegative,singlestim,75,238731,101090,edc,paicipantresponsered,correct
8648,Subject69,397,success,67,success,colorred,test,num2,typepositive,singlestim,77,244338,1010110,edc,paicipantresponsered,correct
8944,Subject69,424,happy,77,happy,colorblue,test,num2,typepositive,singlestim,79,249970,1010130,edm,paicipantresponseblue,correct
9240,Subject69,475,museum,77,museum,colorblue,test,num2,typeneutral,singlestim,81,255657,1010150,edm,paicipantresponseblue,correct
9536,Subject69,416,stupid,67,stupid,colorred,test,num2,typenegative,singlestim,83,261286,1010170,edc,paicipantresponsered,correct
9832,Subject69,442,rejected,77,rejected,colorblue,test,num2,typenegative,singlestim,85,266935,1010190,edm,paicipantresponseblue,correct
10128,Subject69,425,dead,77,dead,colorblue,test,num2,typesuicide,singlestim,87,272572,1010210,edm,paicipantresponseblue,correct
10424,Subject69,514,paper,77,paper,colorblue,test,num2,typeneutral,singlestim,89,278297,1010230,edm,paicipantresponseblue,correct
10720,Subject69,439,paper,67,paper,colorred,test,num2,typeneutral,singlestim,91,283943,1010250,edc,paicipantresponsered,correct
11016,Subject69,552,rejected,67,rejected,colorred,test,num2,typenegative,singlestim,93,289705,1010270,edc,paicipantresponsered,correct
11312,Subject69,392,success,77,success,colorblue,test,num2,typepositive,singlestim,95,295307,1010290,edm,paicipantresponseblue,correct
11608,Subject69,438,suicide,67,suicide,colorred,test,num2,typesuicide,singlestim,97,300955,1010310,edc,paicipantresponsered,correct
11904,Subject69,453,museum,67,museum,colorred,test,num2,typeneutral,singlestim,99,306623,1010330,edc,paicipantresponsered,correct
12200,Subject69,416,funeral,77,funeral,colorblue,test,num2,typesuicide,singlestim,101,312250,1010350,edm,paicipantresponseblue,correct
12496,Subject69,455,engine,67,engine,colorred,test,num2,typeneutral,singlestim,103,317918,1010370,edc,paicipantresponsered,correct
12792,Subject69,416,suicide,77,suicide,colorblue,test,num2,typesuicide,singlestim,105,323543,1010390,edm,paicipantresponseblue,correct
13088,Subject69,412,funeral,67,funeral,colorred,test,num2,typesuicide,singlestim,107,329163,1010410,edc,paicipantresponsered,correct
13384,Subject69,500,stupid,77,stupid,colorblue,test,num2,typenegative,singlestim,109,334876,1010430,edm,paicipantresponseblue,correct
13680,Subject69,440,engine,77,engine,colorblue,test,num2,typeneutral,singlestim,111,340527,1010450,edm,paicipantresponseblue,correct
13976,Subject69,432,pleasure,77,pleasure,colorblue,test,num2,typepositive,singlestim,113,346171,1010470,edm,paicipantresponseblue,correct