,SubjectID,rt,stimulus,keypress,word,color,block,blocknum,wordtype,trialtype,trialindex,timeelapsed,internalnodeid,keypressed,participantresponse,correctresponse
98,Subject106,427,happy,67,happy,colorred,test,num1,typepositive,singlestim,19,154934,100010,edc,paicipantresponsered,correct
394,Subject106,255,success,77,success,colorblue,test,num1,typepositive,singlestim,21,160401,100030,edm,paicipantresponseblue,correct
690,Subject106,541,suicide,67,suicide,colorred,test,num1,typesuicide,singlestim,23,166151,100050,edc,paicipantresponsered,correct
986,Subject106,524,success,67,success,colorred,test,num1,typepositive,singlestim,25,171886,100070,edc,paicipantresponsered,correct
1282,Subject106,593,dead,77,dead,colorblue,test,num1,typesuicide,singlestim,27,177692,100090,edm,paicipantresponseblue,correct
1578,Subject106,390,happy,77,happy,colorblue,test,num1,typepositive,singlestim,29,183296,1000110,edm,paicipantresponseblue,correct
1874,Subject106,486,stupid,67,stupid,colorred,test,num1,typenegative,singlestim,31,188990,1000130,edc,paicipantresponsered,correct
2170,Subject106,521,funeral,67,funeral,colorred,test,num1,typesuicide,singlestim,33,194718,1000150,edc,paicipantresponsered,correct
2466,Subject106,405,alone,77,alone,colorblue,test,num1,typenegative,singlestim,35,200331,1000170,edm,paicipantresponseblue,correct
2762,Subject106,418,suicide,77,suicide,colorblue,test,num1,typesuicide,singlestim,37,205958,1000190,edm,paicipantresponseblue,correct
3058,Subject106,333,rejected,67,rejected,colorred,test,num1,typenegative,singlestim,39,211501,1000210,edc,paicipantresponsered,correct
3354,Subject106,383,alone,67,alone,colorred,test,num1,typenegative,singlestim,41,217095,1000230,edc,paicipantresponsered,correct
3650,Subject106,430,engine,77,engine,colorblue,test,num1,typeneutral,singlestim,43,222737,1000250,edm,paicipantresponseblue,correct
3946,Subject106,429,funeral,77,funeral,colorblue,test,num1,typesuicide,singlestim,45,228380,1000270,edm,paicipantresponseblue,correct
4242,Subject106,362,museum,67,museum,colorred,test,num1,typeneutral,singlestim,47,233948,1000290,edc,paicipantresponsered,correct
4538,Subject106,385,pleasure,67,pleasure,colorred,test,num1,typepositive,singlestim,49,239545,1000310,edc,paicipantresponsered,correct
4834,Subject106,561,dead,67,dead,colorred,test,num1,typesuicide,singlestim,51,245316,1000330,edc,paicipantresponsered,correct
5130,Subject106,343,paper,77,paper,colorblue,test,num1,typeneutral,singlestim,53,250875,1000350,edm,paicipantresponseblue,correct
5426,Subject106,421,museum,77,museum,colorblue,test,num1,typeneutral,singlestim,55,256504,1000370,edm,paicipantresponseblue,correct
5722,Subject106,509,engine,67,engine,colorred,test,num1,typeneutral,singlestim,57,262223,1000390,edc,paicipantresponsered,correct
6018,Subject106,379,paper,67,paper,colorred,test,num1,typeneutral,singlestim,59,267812,1000410,edc,paicipantresponsered,correct
6314,Subject106,426,pleasure,77,pleasure,colorblue,test,num1,typepositive,singlestim,61,273444,1000430,edm,paicipantresponseblue,correct
6610,Subject106,534,stupid,77,stupid,colorblue,test,num1,typenegative,singlestim,63,279189,1000450,edm,paicipantresponseblue,correct
6906,Subject106,603,rejected,77,rejected,colorblue,test,num1,typenegative,singlestim,65,284999,1000470,edm,paicipantresponseblue,correct
7202,Subject106,472,rejected,77,rejected,colorblue,test,num2,typenegative,singlestim,67,290678,101010,edm,paicipantresponseblue,correct
7498,Subject106,384,pleasure,77,pleasure,colorblue,test,num2,typepositive,singlestim,69,296272,101030,edm,paicipantresponseblue,correct
7794,Subject106,417,stupid,77,stupid,colorblue,test,num2,typenegative,singlestim,71,301903,101050,edm,paicipantresponseblue,correct
8090,Subject106,424,stupid,67,stupid,colorred,test,num2,typenegative,singlestim,73,307537,101070,edc,paicipantresponsered,correct
8386,Subject106,546,paper,67,paper,colorred,test,num2,typeneutral,singlestim,75,313293,101090,edc,paicipantresponsered,correct
8682,Subject106,436,dead,77,dead,colorblue,test,num2,typesuicide,singlestim,77,318940,1010110,edm,paicipantresponseblue,correct
8978,Subject106,420,dead,67,dead,colorred,test,num2,typesuicide,singlestim,79,324573,1010130,edc,paicipantresponsered,correct
9274,Subject106,409,alone,77,alone,colorblue,test,num2,typenegative,singlestim,81,330190,1010150,edm,paicipantresponseblue,correct
9570,Subject106,401,success,67,success,colorred,test,num2,typepositive,singlestim,83,335802,1010170,edc,paicipantresponsered,correct
9866,Subject106,391,suicide,67,suicide,colorred,test,num2,typesuicide,singlestim,85,341404,1010190,edc,paicipantresponsered,correct
10162,Subject106,430,paper,77,paper,colorblue,test,num2,typeneutral,singlestim,87,347044,1010210,edm,paicipantresponseblue,correct
10458,Subject106,614,rejected,67,rejected,colorred,test,num2,typenegative,singlestim,89,352869,1010230,edc,paicipantresponsered,correct
10754,Subject106,532,suicide,77,suicide,colorblue,test,num2,typesuicide,singlestim,91,358612,1010250,edm,paicipantresponseblue,correct
11050,Subject106,621,museum,77,museum,colorblue,test,num2,typeneutral,singlestim,93,364442,1010270,edm,paicipantresponseblue,correct
11346,Subject106,829,success,77,success,colorblue,test,num2,typepositive,singlestim,95,370484,1010290,edm,paicipantresponseblue,correct
11642,Subject106,477,museum,67,museum,colorred,test,num2,typeneutral,singlestim,97,376173,1010310,edc,paicipantresponsered,correct
11938,Subject106,440,engine,77,engine,colorblue,test,num2,typeneutral,singlestim,99,381826,1010330,edm,paicipantresponseblue,correct
12234,Subject106,456,engine,67,engine,colorred,test,num2,typeneutral,singlestim,101,387489,1010350,edc,paicipantresponsered,correct
12530,Subject106,399,alone,67,alone,colorred,test,num2,typenegative,singlestim,103,393101,1010370,edc,paicipantresponsered,correct
12826,Subject106,416,happy,77,happy,colorblue,test,num2,typepositive,singlestim,105,398730,1010390,edm,paicipantresponseblue,correct
13122,Subject106,562,pleasure,67,pleasure,colorred,test,num2,typepositive,singlestim,107,404504,1010410,edc,paicipantresponsered,correct
13418,Subject106,361,happy,67,happy,colorred,test,num2,typepositive,singlestim,109,410074,1010430,edc,paicipantresponsered,correct
13714,Subject106,428,funeral,67,funeral,colorred,test,num2,typesuicide,singlestim,111,415710,1010450,edc,paicipantresponsered,correct
14010,Subject106,436,funeral,77,funeral,colorblue,test,num2,typesuicide,singlestim,113,421355,1010470,edm,paicipantresponseblue,correct