,SubjectID,rt,stimulus,keypress,word,color,block,blocknum,wordtype,trialtype,trialindex,timeelapsed,internalnodeid,keypressed,participantresponse,correctresponse
25,Subject26,success,77,success,colorblue,test,num1,typepositive,singlestim,19,1192017,100010,edm,paicipantresponseblue,correct,583
321,Subject26,stupid,67,stupid,colorred,test,num1,typenegative,singlestim,21,1197805,100030,edc,paicipantresponsered,correct,731
617,Subject26,dead,67,dead,colorred,test,num1,typesuicide,singlestim,23,1203739,100050,edc,paicipantresponsered,correct,578
913,Subject26,engine,67,engine,colorred,test,num1,typeneutral,singlestim,25,1209525,100070,edc,paicipantresponsered,correct,520
1209,Subject26,dead,77,dead,colorblue,test,num1,typesuicide,singlestim,27,1215251,100090,edm,paicipantresponseblue,correct,632
1505,Subject26,suicide,67,suicide,colorred,test,num1,typesuicide,singlestim,29,1221087,1000110,edc,paicipantresponsered,correct,605
1801,Subject26,happy,77,happy,colorblue,test,num1,typepositive,singlestim,31,1226897,1000130,edm,paicipantresponseblue,correct,514
2097,Subject26,alone,77,alone,colorblue,test,num1,typenegative,singlestim,33,1232617,1000150,edm,paicipantresponseblue,correct,579
2393,Subject26,stupid,77,stupid,colorblue,test,num1,typenegative,singlestim,35,1238401,1000170,edm,paicipantresponseblue,correct,552
2689,Subject26,suicide,77,suicide,colorblue,test,num1,typesuicide,singlestim,37,1244159,1000190,edm,paicipantresponseblue,correct,485
2985,Subject26,engine,77,engine,colorblue,test,num1,typeneutral,singlestim,39,1249850,1000210,edm,paicipantresponseblue,correct,531
3281,Subject26,happy,67,happy,colorred,test,num1,typepositive,singlestim,41,1255585,1000230,edc,paicipantresponsered,correct,657
3577,Subject26,rejected,67,rejected,colorred,test,num1,typenegative,singlestim,43,1261446,1000250,edc,paicipantresponsered,correct,739
3873,Subject26,museum,77,museum,colorblue,test,num1,typeneutral,singlestim,45,1267390,1000270,edm,paicipantresponseblue,correct,650
4169,Subject26,rejected,77,rejected,colorblue,test,num1,typenegative,singlestim,47,1273246,1000290,edm,paicipantresponseblue,correct,548
4465,Subject26,pleasure,77,pleasure,colorblue,test,num1,typepositive,singlestim,49,1278998,1000310,edm,paicipantresponseblue,correct,680
4761,Subject26,success,67,success,colorred,test,num1,typepositive,singlestim,51,1284881,1000330,edc,paicipantresponsered,correct,780
5057,Subject26,paper,77,paper,colorblue,test,num1,typeneutral,singlestim,53,1290866,1000350,edm,paicipantresponseblue,correct,697
5353,Subject26,alone,67,alone,colorred,test,num1,typenegative,singlestim,55,1296766,1000370,edc,paicipantresponsered,correct,607
5649,Subject26,paper,67,paper,colorred,test,num1,typeneutral,singlestim,57,1302575,1000390,edc,paicipantresponsered,correct,690
5945,Subject26,pleasure,67,pleasure,colorred,test,num1,typepositive,singlestim,59,1308470,1000410,edc,paicipantresponsered,correct,758
6241,Subject26,museum,67,museum,colorred,test,num1,typeneutral,singlestim,61,1314434,1000430,edc,paicipantresponsered,correct,586
6537,Subject26,funeral,67,funeral,colorred,test,num1,typesuicide,singlestim,63,1320225,1000450,edc,paicipantresponsered,correct,534
6833,Subject26,funeral,77,funeral,colorblue,test,num1,typesuicide,singlestim,65,1325966,1000470,edm,paicipantresponseblue,correct,574
7129,Subject26,rejected,77,rejected,colorblue,test,num2,typenegative,singlestim,67,1331746,101010,edm,paicipantresponseblue,correct,761
7425,Subject26,happy,77,happy,colorblue,test,num2,typepositive,singlestim,69,1337712,101030,edm,paicipantresponseblue,correct,779
7721,Subject26,suicide,77,suicide,colorblue,test,num2,typesuicide,singlestim,71,1343696,101050,edm,paicipantresponseblue,correct,537
8017,Subject26,engine,77,engine,colorblue,test,num2,typeneutral,singlestim,73,1349439,101070,edm,paicipantresponseblue,correct,620
8313,Subject26,stupid,77,stupid,colorblue,test,num2,typenegative,singlestim,75,1355264,101090,edm,paicipantresponseblue,correct,666
8609,Subject26,success,67,success,colorred,test,num2,typepositive,singlestim,77,1361135,1010110,edc,paicipantresponsered,correct,935
8905,Subject26,engine,67,engine,colorred,test,num2,typeneutral,singlestim,79,1367275,1010130,edc,paicipantresponsered,correct,667
9201,Subject26,museum,77,museum,colorblue,test,num2,typeneutral,singlestim,81,1373149,1010150,edm,paicipantresponseblue,correct,629
9497,Subject26,rejected,67,rejected,colorred,test,num2,typenegative,singlestim,83,1378984,1010170,edc,paicipantresponsered,correct,1243
9793,Subject26,suicide,67,suicide,colorred,test,num2,typesuicide,singlestim,85,1385431,1010190,edc,paicipantresponsered,correct,605
10089,Subject26,alone,67,alone,colorred,test,num2,typenegative,singlestim,87,1391239,1010210,edc,paicipantresponsered,correct,726
10385,Subject26,alone,77,alone,colorblue,test,num2,typenegative,singlestim,89,1397171,1010230,edm,paicipantresponseblue,correct,1061
10681,Subject26,museum,67,museum,colorred,test,num2,typeneutral,singlestim,91,1403438,1010250,edc,paicipantresponsered,correct,638
10977,Subject26,pleasure,77,pleasure,colorblue,test,num2,typepositive,singlestim,93,1409282,1010270,edm,paicipantresponseblue,correct,600
11273,Subject26,paper,77,paper,colorblue,test,num2,typeneutral,singlestim,95,1415087,1010290,edm,paicipantresponseblue,correct,537
11569,Subject26,success,77,success,colorblue,test,num2,typepositive,singlestim,97,1420829,1010310,edm,paicipantresponseblue,correct,727
11865,Subject26,paper,67,paper,colorred,test,num2,typeneutral,singlestim,99,1426761,1010330,edc,paicipantresponsered,correct,707
12161,Subject26,funeral,77,funeral,colorblue,test,num2,typesuicide,singlestim,101,1432674,1010350,edm,paicipantresponseblue,correct,738
12457,Subject26,dead,77,dead,colorblue,test,num2,typesuicide,singlestim,103,1438619,1010370,edm,paicipantresponseblue,correct,635
12753,Subject26,dead,67,dead,colorred,test,num2,typesuicide,singlestim,105,1444460,1010390,edc,paicipantresponsered,correct,675
13049,Subject26,stupid,77,stupid,colorred,test,num2,typenegative,singlestim,107,1450340,1010410,edm,paicipantresponseblue,incorrect,852
13345,Subject26,funeral,67,funeral,colorred,test,num2,typesuicide,singlestim,109,1456397,1010430,edc,paicipantresponsered,correct,654
13641,Subject26,pleasure,67,pleasure,colorred,test,num2,typepositive,singlestim,111,1462256,1010450,edc,paicipantresponsered,correct,528
13937,Subject26,happy,67,happy,colorred,test,num2,typepositive,singlestim,113,1467989,1010470,edc,paicipantresponsered,correct,1001