,SubjectID,rt,stimulus,keypress,word,color,block,blocknum,wordtype,trialtype,trialindex,timeelapsed,internalnodeid,keypressed,participantresponse,correctresponse
89,Subject96,376,suicide,67,suicide,colorred,test,num1,typesuicide,singlestim,19,67434,100010,edc,paicipantresponsered,correct
385,Subject96,395,rejected,67,rejected,colorred,test,num1,typenegative,singlestim,21,73033,100030,edc,paicipantresponsered,correct
681,Subject96,420,engine,77,engine,colorblue,test,num1,typeneutral,singlestim,23,78657,100050,edm,paicipantresponseblue,correct
977,Subject96,362,dead,77,dead,colorblue,test,num1,typesuicide,singlestim,25,84222,100070,edm,paicipantresponseblue,correct
1273,Subject96,378,funeral,67,funeral,colorred,test,num1,typesuicide,singlestim,27,89807,100090,edc,paicipantresponsered,correct
1569,Subject96,372,happy,67,happy,colorred,test,num1,typepositive,singlestim,29,95381,1000110,edc,paicipantresponsered,correct
1865,Subject96,443,stupid,77,stupid,colorred,test,num1,typenegative,singlestim,31,101031,1000130,edm,paicipantresponseblue,incorrect
2161,Subject96,880,museum,67,museum,colorred,test,num1,typeneutral,singlestim,33,107115,1000150,edc,paicipantresponsered,correct
2457,Subject96,832,success,67,success,colorred,test,num1,typepositive,singlestim,35,113150,1000170,edc,paicipantresponsered,correct
2753,Subject96,446,paper,77,paper,colorblue,test,num1,typeneutral,singlestim,37,118800,1000190,edm,paicipantresponseblue,correct
3049,Subject96,542,stupid,77,stupid,colorblue,test,num1,typenegative,singlestim,39,124545,1000210,edm,paicipantresponseblue,correct
3345,Subject96,472,paper,67,paper,colorred,test,num1,typeneutral,singlestim,41,130220,1000230,edc,paicipantresponsered,correct
3641,Subject96,379,funeral,77,funeral,colorblue,test,num1,typesuicide,singlestim,43,135805,1000250,edm,paicipantresponseblue,correct
3937,Subject96,351,engine,67,engine,colorred,test,num1,typeneutral,singlestim,45,141360,1000270,edc,paicipantresponsered,correct
4233,Subject96,365,suicide,77,suicide,colorblue,test,num1,typesuicide,singlestim,47,146929,1000290,edm,paicipantresponseblue,correct
4529,Subject96,355,pleasure,67,pleasure,colorred,test,num1,typepositive,singlestim,49,152490,1000310,edc,paicipantresponsered,correct
4825,Subject96,370,museum,77,museum,colorblue,test,num1,typeneutral,singlestim,51,158064,1000330,edm,paicipantresponseblue,correct
5121,Subject96,436,happy,77,happy,colorblue,test,num1,typepositive,singlestim,53,163703,1000350,edm,paicipantresponseblue,correct
5417,Subject96,375,rejected,77,rejected,colorblue,test,num1,typenegative,singlestim,55,169282,1000370,edm,paicipantresponseblue,correct
5713,Subject96,577,alone,77,alone,colorblue,test,num1,typenegative,singlestim,57,175063,1000390,edm,paicipantresponseblue,correct
6009,Subject96,380,pleasure,77,pleasure,colorblue,test,num1,typepositive,singlestim,59,180647,1000410,edm,paicipantresponseblue,correct
6305,Subject96,385,success,77,success,colorblue,test,num1,typepositive,singlestim,61,186237,1000430,edm,paicipantresponseblue,correct
6601,Subject96,391,dead,67,dead,colorred,test,num1,typesuicide,singlestim,63,191832,1000450,edc,paicipantresponsered,correct
6897,Subject96,551,alone,67,alone,colorred,test,num1,typenegative,singlestim,65,197586,1000470,edc,paicipantresponsered,correct
7193,Subject96,405,pleasure,67,pleasure,colorred,test,num2,typepositive,singlestim,67,203197,101010,edc,paicipantresponsered,correct
7489,Subject96,347,funeral,67,funeral,colorred,test,num2,typesuicide,singlestim,69,208747,101030,edc,paicipantresponsered,correct
7785,Subject96,673,funeral,77,funeral,colorblue,test,num2,typesuicide,singlestim,71,214625,101050,edm,paicipantresponseblue,correct
8081,Subject96,466,alone,67,alone,colorred,test,num2,typenegative,singlestim,73,220296,101070,edc,paicipantresponsered,correct
8377,Subject96,720,suicide,67,suicide,colorred,test,num2,typesuicide,singlestim,75,226219,101090,edc,paicipantresponsered,correct
8673,Subject96,775,rejected,67,rejected,colorred,test,num2,typenegative,singlestim,77,232199,1010110,edc,paicipantresponsered,correct
8969,Subject96,445,rejected,77,rejected,colorblue,test,num2,typenegative,singlestim,79,237848,1010130,edm,paicipantresponseblue,correct
9265,Subject96,436,success,67,success,colorred,test,num2,typepositive,singlestim,81,243488,1010150,edc,paicipantresponsered,correct
9561,Subject96,510,museum,67,museum,colorred,test,num2,typeneutral,singlestim,83,249202,1010170,edc,paicipantresponsered,correct
9857,Subject96,422,museum,77,museum,colorblue,test,num2,typeneutral,singlestim,85,254827,1010190,edm,paicipantresponseblue,correct
10153,Subject96,539,happy,77,happy,colorblue,test,num2,typepositive,singlestim,87,260571,1010210,edm,paicipantresponseblue,correct
10449,Subject96,972,engine,77,engine,colorblue,test,num2,typeneutral,singlestim,89,266747,1010230,edm,paicipantresponseblue,correct
10745,Subject96,435,engine,67,engine,colorred,test,num2,typeneutral,singlestim,91,272385,1010250,edc,paicipantresponsered,correct
11041,Subject96,352,paper,77,paper,colorblue,test,num2,typeneutral,singlestim,93,277941,1010270,edm,paicipantresponseblue,correct
11337,Subject96,406,happy,67,happy,colorred,test,num2,typepositive,singlestim,95,283550,1010290,edc,paicipantresponsered,correct
11633,Subject96,990,stupid,67,stupid,colorred,test,num2,typenegative,singlestim,97,289744,1010310,edc,paicipantresponsered,correct
11929,Subject96,381,alone,77,alone,colorblue,test,num2,typenegative,singlestim,99,295329,1010330,edm,paicipantresponseblue,correct
12225,Subject96,402,dead,67,dead,colorred,test,num2,typesuicide,singlestim,101,300933,1010350,edc,paicipantresponsered,correct
12521,Subject96,365,success,77,success,colorblue,test,num2,typepositive,singlestim,103,306503,1010370,edm,paicipantresponseblue,correct
12817,Subject96,421,suicide,77,suicide,colorblue,test,num2,typesuicide,singlestim,105,312128,1010390,edm,paicipantresponseblue,correct
13113,Subject96,436,dead,77,dead,colorblue,test,num2,typesuicide,singlestim,107,317767,1010410,edm,paicipantresponseblue,correct
13409,Subject96,396,pleasure,77,pleasure,colorblue,test,num2,typepositive,singlestim,109,323367,1010430,edm,paicipantresponseblue,correct
13705,Subject96,416,stupid,77,stupid,colorblue,test,num2,typenegative,singlestim,111,328987,1010450,edm,paicipantresponseblue,correct
14001,Subject96,500,paper,67,paper,colorred,test,num2,typeneutral,singlestim,113,334691,1010470,edc,paicipantresponsered,correct