,SubjectID,rt,stimulus,keypress,word,color,block,blocknum,wordtype,trialtype,trialindex,timeelapsed,internalnodeid,keypressed,participantresponse,correctresponse
231,Subject264,536,engine,77,engine,colorblue,test,num1,typeneutral,singlestim,19,59229,100010,edm,paicipantresponseblue,correct
527,Subject264,464,pleasure,67,pleasure,colorred,test,num1,typepositive,singlestim,21,64903,100030,edc,paicipantresponsered,correct
823,Subject264,473,stupid,77,stupid,colorblue,test,num1,typenegative,singlestim,23,70587,100050,edm,paicipantresponseblue,correct
1119,Subject264,361,dead,67,dead,colorred,test,num1,typesuicide,singlestim,25,76158,100070,edc,paicipantresponsered,correct
1415,Subject264,384,paper,67,paper,colorred,test,num1,typeneutral,singlestim,27,81754,100090,edc,paicipantresponsered,correct
1711,Subject264,452,suicide,67,suicide,colorblue,test,num1,typesuicide,singlestim,29,87418,1000110,edc,paicipantresponsered,incorrect
2007,Subject264,890,museum,67,museum,colorred,test,num1,typeneutral,singlestim,31,93520,1000130,edc,paicipantresponsered,correct
2303,Subject264,539,paper,77,paper,colorblue,test,num1,typeneutral,singlestim,33,99269,1000150,edm,paicipantresponseblue,correct
2599,Subject264,587,stupid,67,stupid,colorred,test,num1,typenegative,singlestim,35,105068,1000170,edc,paicipantresponsered,correct
2895,Subject264,399,museum,77,museum,colorblue,test,num1,typeneutral,singlestim,37,110679,1000190,edm,paicipantresponseblue,correct
3191,Subject264,484,success,77,success,colorblue,test,num1,typepositive,singlestim,39,116377,1000210,edm,paicipantresponseblue,correct
3487,Subject264,464,funeral,67,funeral,colorred,test,num1,typesuicide,singlestim,41,122052,1000230,edc,paicipantresponsered,correct
3783,Subject264,370,happy,77,happy,colorblue,test,num1,typepositive,singlestim,43,127633,1000250,edm,paicipantresponseblue,correct
4079,Subject264,425,funeral,77,funeral,colorblue,test,num1,typesuicide,singlestim,45,133271,1000270,edm,paicipantresponseblue,correct
4375,Subject264,581,alone,77,alone,colorred,test,num1,typenegative,singlestim,47,139064,1000290,edm,paicipantresponseblue,incorrect
4671,Subject264,537,pleasure,77,pleasure,colorblue,test,num1,typepositive,singlestim,49,144813,1000310,edm,paicipantresponseblue,correct
4967,Subject264,401,engine,67,engine,colorred,test,num1,typeneutral,singlestim,51,150422,1000330,edc,paicipantresponsered,correct
5263,Subject264,574,rejected,67,rejected,colorred,test,num1,typenegative,singlestim,53,156208,1000350,edc,paicipantresponsered,correct
5559,Subject264,527,suicide,67,suicide,colorred,test,num1,typesuicide,singlestim,55,161949,1000370,edc,paicipantresponsered,correct
5855,Subject264,425,happy,67,happy,colorred,test,num1,typepositive,singlestim,57,167586,1000390,edc,paicipantresponsered,correct
6151,Subject264,594,rejected,77,rejected,colorblue,test,num1,typenegative,singlestim,59,173392,1000410,edm,paicipantresponseblue,correct
6447,Subject264,599,alone,77,alone,colorblue,test,num1,typenegative,singlestim,61,179201,1000430,edm,paicipantresponseblue,correct
6743,Subject264,470,success,67,success,colorred,test,num1,typepositive,singlestim,63,184881,1000450,edc,paicipantresponsered,correct
7039,Subject264,630,dead,77,dead,colorblue,test,num1,typesuicide,singlestim,65,190725,1000470,edm,paicipantresponseblue,correct
7335,Subject264,498,dead,67,dead,colorred,test,num2,typesuicide,singlestim,67,196432,101010,edc,paicipantresponsered,correct
7631,Subject264,444,suicide,77,suicide,colorblue,test,num2,typesuicide,singlestim,69,202088,101030,edm,paicipantresponseblue,correct
7927,Subject264,524,engine,77,engine,colorblue,test,num2,typeneutral,singlestim,71,207821,101050,edm,paicipantresponseblue,correct
8223,Subject264,441,happy,67,happy,colorred,test,num2,typepositive,singlestim,73,213475,101070,edc,paicipantresponsered,correct
8519,Subject264,451,pleasure,67,pleasure,colorred,test,num2,typepositive,singlestim,75,219137,101090,edc,paicipantresponsered,correct
8815,Subject264,465,engine,67,engine,colorred,test,num2,typeneutral,singlestim,77,224817,1010110,edc,paicipantresponsered,correct
9111,Subject264,398,rejected,77,rejected,colorblue,test,num2,typenegative,singlestim,79,230425,1010130,edm,paicipantresponseblue,correct
9407,Subject264,469,stupid,77,stupid,colorblue,test,num2,typenegative,singlestim,81,236110,1010150,edm,paicipantresponseblue,correct
9703,Subject264,456,pleasure,77,pleasure,colorblue,test,num2,typepositive,singlestim,83,241778,1010170,edm,paicipantresponseblue,correct
9999,Subject264,414,suicide,67,suicide,colorred,test,num2,typesuicide,singlestim,85,247402,1010190,edc,paicipantresponsered,correct
10295,Subject264,532,funeral,77,funeral,colorblue,test,num2,typesuicide,singlestim,87,253144,1010210,edm,paicipantresponseblue,correct
10591,Subject264,507,dead,77,dead,colorblue,test,num2,typesuicide,singlestim,89,258866,1010230,edm,paicipantresponseblue,correct
10887,Subject264,426,happy,77,happy,colorblue,test,num2,typepositive,singlestim,91,264501,1010250,edm,paicipantresponseblue,correct
11183,Subject264,497,museum,77,museum,colorblue,test,num2,typeneutral,singlestim,93,270207,1010270,edm,paicipantresponseblue,correct
11479,Subject264,459,alone,77,alone,colorblue,test,num2,typenegative,singlestim,95,275875,1010290,edm,paicipantresponseblue,correct
11775,Subject264,530,museum,67,museum,colorred,test,num2,typeneutral,singlestim,97,281618,1010310,edc,paicipantresponsered,correct
12071,Subject264,545,paper,77,paper,colorblue,test,num2,typeneutral,singlestim,99,287372,1010330,edm,paicipantresponseblue,correct
12367,Subject264,813,success,67,success,colorred,test,num2,typepositive,singlestim,101,293398,1010350,edc,paicipantresponsered,correct
12663,Subject264,472,success,77,success,colorblue,test,num2,typepositive,singlestim,103,299082,1010370,edm,paicipantresponseblue,correct
12959,Subject264,707,stupid,77,stupid,colorred,test,num2,typenegative,singlestim,105,304999,1010390,edm,paicipantresponseblue,incorrect
13255,Subject264,509,funeral,67,funeral,colorred,test,num2,typesuicide,singlestim,107,310723,1010410,edc,paicipantresponsered,correct
13551,Subject264,719,rejected,67,rejected,colorred,test,num2,typenegative,singlestim,109,316655,1010430,edc,paicipantresponsered,correct
13847,Subject264,517,alone,67,alone,colorred,test,num2,typenegative,singlestim,111,322385,1010450,edc,paicipantresponsered,correct
14143,Subject264,451,paper,67,paper,colorred,test,num2,typeneutral,singlestim,113,328049,1010470,edc,paicipantresponsered,correct