"","SubjectID","rt","stimulus","keypress","word","color","block","blocknum","wordtype","trialtype","trialindex","timeelapsed","internalnodeid","keypressed","participantresponse","correctresponse"
"12","Subject12","514","pleasure","77","pleasure","colorred","test","num1","typepositive","singlestim","19","97595","100010","edm","paicipantresponseblue","incorrect"
"308","Subject12","427","museum","77","museum","colorblue","test","num1","typeneutral","singlestim","21","103234","100030","edm","paicipantresponseblue","correct"
"604","Subject12","547","engine","77","engine","colorblue","test","num1","typeneutral","singlestim","23","108998","100050","edm","paicipantresponseblue","correct"
"900","Subject12","335","engine","67","engine","colorred","test","num1","typeneutral","singlestim","25","114546","100070","edc","paicipantresponsered","correct"
"1196","Subject12","680","alone","67","alone","colorred","test","num1","typenegative","singlestim","27","120440","100090","edc","paicipantresponsered","correct"
"1492","Subject12","592","stupid","67","stupid","colorred","test","num1","typenegative","singlestim","29","126241","1000110","edc","paicipantresponsered","correct"
"1788","Subject12","630","pleasure","77","pleasure","colorblue","test","num1","typepositive","singlestim","31","132080","1000130","edm","paicipantresponseblue","correct"
"2084","Subject12","686","success","67","success","colorred","test","num1","typepositive","singlestim","33","137976","1000150","edc","paicipantresponsered","correct"
"2380","Subject12","410","paper","67","paper","colorred","test","num1","typeneutral","singlestim","35","143598","1000170","edc","paicipantresponsered","correct"
"2676","Subject12","375","alone","77","alone","colorblue","test","num1","typenegative","singlestim","37","149183","1000190","edm","paicipantresponseblue","correct"
"2972","Subject12","581","museum","77","museum","colorred","test","num1","typeneutral","singlestim","39","154973","1000210","edm","paicipantresponseblue","incorrect"
"3268","Subject12","643","suicide","67","suicide","colorblue","test","num1","typesuicide","singlestim","41","160825","1000230","edc","paicipantresponsered","incorrect"
"3564","Subject12","527","paper","77","paper","colorblue","test","num1","typeneutral","singlestim","43","166565","1000250","edm","paicipantresponseblue","correct"
"3860","Subject12","399","suicide","67","suicide","colorred","test","num1","typesuicide","singlestim","45","172175","1000270","edc","paicipantresponsered","correct"
"4156","Subject12","450","funeral","77","funeral","colorblue","test","num1","typesuicide","singlestim","47","177841","1000290","edm","paicipantresponseblue","correct"
"4452","Subject12","859","dead","77","dead","colorblue","test","num1","typesuicide","singlestim","49","183909","1000310","edm","paicipantresponseblue","correct"
"4748","Subject12","401","happy","67","happy","colorred","test","num1","typepositive","singlestim","51","189525","1000330","edc","paicipantresponsered","correct"
"5044","Subject12","660","funeral","67","funeral","colorred","test","num1","typesuicide","singlestim","53","195396","1000350","edc","paicipantresponsered","correct"
"5340","Subject12","479","stupid","77","stupid","colorblue","test","num1","typenegative","singlestim","55","201090","1000370","edm","paicipantresponseblue","correct"
"5636","Subject12","412","rejected","67","rejected","colorred","test","num1","typenegative","singlestim","57","206709","1000390","edc","paicipantresponsered","correct"
"5932","Subject12","454","dead","67","dead","colorred","test","num1","typesuicide","singlestim","59","212378","1000410","edc","paicipantresponsered","correct"
"6228","Subject12","395","happy","77","happy","colorblue","test","num1","typepositive","singlestim","61","217984","1000430","edm","paicipantresponseblue","correct"
"6524","Subject12","389","rejected","77","rejected","colorblue","test","num1","typenegative","singlestim","63","223583","1000450","edm","paicipantresponseblue","correct"
"6820","Subject12","426","success","77","success","colorblue","test","num1","typepositive","singlestim","65","229224","1000470","edm","paicipantresponseblue","correct"
"7116","Subject12","401","engine","77","engine","colorblue","test","num2","typeneutral","singlestim","67","234835","101010","edm","paicipantresponseblue","correct"
"7412","Subject12","331","museum","67","museum","colorred","test","num2","typeneutral","singlestim","69","240378","101030","edc","paicipantresponsered","correct"
"7708","Subject12","562","stupid","77","stupid","colorblue","test","num2","typenegative","singlestim","71","246149","101050","edm","paicipantresponseblue","correct"
"8004","Subject12","605","suicide","77","suicide","colorblue","test","num2","typesuicide","singlestim","73","251969","101070","edm","paicipantresponseblue","correct"
"8300","Subject12","528","success","67","success","colorred","test","num2","typepositive","singlestim","75","257707","101090","edc","paicipantresponsered","correct"
"8596","Subject12","539","dead","67","dead","colorred","test","num2","typesuicide","singlestim","77","263456","1010110","edc","paicipantresponsered","correct"
"8892","Subject12","659","rejected","67","rejected","colorred","test","num2","typenegative","singlestim","79","269327","1010130","edc","paicipantresponsered","correct"
"9188","Subject12","950","suicide","67","suicide","colorred","test","num2","typesuicide","singlestim","81","275486","1010150","edc","paicipantresponsered","correct"
"9484","Subject12","481","funeral","77","funeral","colorblue","test","num2","typesuicide","singlestim","83","281182","1010170","edm","paicipantresponseblue","correct"
"9780","Subject12","566","rejected","77","rejected","colorblue","test","num2","typenegative","singlestim","85","286956","1010190","edm","paicipantresponseblue","correct"
"10076","Subject12","581","alone","67","alone","colorred","test","num2","typenegative","singlestim","87","292750","1010210","edc","paicipantresponsered","correct"
"10372","Subject12","511","funeral","67","funeral","colorred","test","num2","typesuicide","singlestim","89","298470","1010230","edc","paicipantresponsered","correct"
"10668","Subject12","494","stupid","67","stupid","colorred","test","num2","typenegative","singlestim","91","304173","1010250","edc","paicipantresponsered","correct"
"10964","Subject12","329","success","77","success","colorblue","test","num2","typepositive","singlestim","93","309711","1010270","edm","paicipantresponseblue","correct"
"11260","Subject12","492","dead","77","dead","colorblue","test","num2","typesuicide","singlestim","95","315412","1010290","edm","paicipantresponseblue","correct"
"11556","Subject12","516","museum","77","museum","colorblue","test","num2","typeneutral","singlestim","97","321141","1010310","edm","paicipantresponseblue","correct"
"11852","Subject12","724","happy","77","happy","colorblue","test","num2","typepositive","singlestim","99","327079","1010330","edm","paicipantresponseblue","correct"
"12148","Subject12","469","engine","67","engine","colorred","test","num2","typeneutral","singlestim","101","332761","1010350","edc","paicipantresponsered","correct"
"12444","Subject12","528","happy","67","happy","colorred","test","num2","typepositive","singlestim","103","338500","1010370","edc","paicipantresponsered","correct"
"12740","Subject12","584","paper","77","paper","colorblue","test","num2","typeneutral","singlestim","105","344297","1010390","edm","paicipantresponseblue","correct"
"13036","Subject12","445","paper","67","paper","colorred","test","num2","typeneutral","singlestim","107","349951","1010410","edc","paicipantresponsered","correct"
"13332","Subject12","405","pleasure","77","pleasure","colorblue","test","num2","typepositive","singlestim","109","355563","1010430","edm","paicipantresponseblue","correct"
"13628","Subject12","880","pleasure","67","pleasure","colorred","test","num2","typepositive","singlestim","111","361656","1010450","edc","paicipantresponsered","correct"
"13924","Subject12","447","alone","77","alone","colorblue","test","num2","typenegative","singlestim","113","367315","1010470","edm","paicipantresponseblue","correct"
