,SubjectID,rt,stimulus,keypress,word,color,block,blocknum,wordtype,trialtype,trialindex,timeelapsed,internalnodeid,keypressed,participantresponse,correctresponse
34,Subject35,600,suicide,77,suicide,colorblue,test,num1,typesuicide,singlestim,19,74808,100010,edm,paicipantresponseblue,correct
330,Subject35,478,pleasure,67,pleasure,colorred,test,num1,typepositive,singlestim,21,80496,100030,edc,paicipantresponsered,correct
626,Subject35,407,suicide,67,suicide,colorred,test,num1,typesuicide,singlestim,23,86112,100050,edc,paicipantresponsered,correct
922,Subject35,788,success,67,success,colorred,test,num1,typepositive,singlestim,25,92112,100070,edc,paicipantresponsered,correct
1218,Subject35,505,alone,77,alone,colorblue,test,num1,typenegative,singlestim,27,97824,100090,edm,paicipantresponseblue,correct
1514,Subject35,524,rejected,67,rejected,colorred,test,num1,typenegative,singlestim,29,103559,1000110,edc,paicipantresponsered,correct
1810,Subject35,718,museum,77,museum,colorblue,test,num1,typeneutral,singlestim,31,109488,1000130,edm,paicipantresponseblue,correct
2106,Subject35,775,museum,67,museum,colorred,test,num1,typeneutral,singlestim,33,115471,1000150,edc,paicipantresponsered,correct
2402,Subject35,528,paper,77,paper,colorblue,test,num1,typeneutral,singlestim,35,121207,1000170,edm,paicipantresponseblue,correct
2698,Subject35,452,funeral,67,funeral,colorred,test,num1,typesuicide,singlestim,37,126871,1000190,edc,paicipantresponsered,correct
2994,Subject35,611,engine,67,engine,colorred,test,num1,typeneutral,singlestim,39,132695,1000210,edc,paicipantresponsered,correct
3290,Subject35,445,dead,77,dead,colorblue,test,num1,typesuicide,singlestim,41,138351,1000230,edm,paicipantresponseblue,correct
3586,Subject35,585,happy,77,happy,colorblue,test,num1,typepositive,singlestim,43,144143,1000250,edm,paicipantresponseblue,correct
3882,Subject35,775,pleasure,77,pleasure,colorblue,test,num1,typepositive,singlestim,45,150126,1000270,edm,paicipantresponseblue,correct
4178,Subject35,688,engine,77,engine,colorblue,test,num1,typeneutral,singlestim,47,156023,1000290,edm,paicipantresponseblue,correct
4474,Subject35,440,stupid,67,stupid,colorred,test,num1,typenegative,singlestim,49,161671,1000310,edc,paicipantresponsered,correct
4770,Subject35,776,paper,67,paper,colorred,test,num1,typeneutral,singlestim,51,167654,1000330,edc,paicipantresponsered,correct
5066,Subject35,479,alone,67,alone,colorred,test,num1,typenegative,singlestim,53,173342,1000350,edc,paicipantresponsered,correct
5362,Subject35,449,stupid,77,stupid,colorblue,test,num1,typenegative,singlestim,55,178999,1000370,edm,paicipantresponseblue,correct
5658,Subject35,460,success,77,success,colorblue,test,num1,typepositive,singlestim,57,184670,1000390,edm,paicipantresponseblue,correct
5954,Subject35,406,dead,67,dead,colorred,test,num1,typesuicide,singlestim,59,190286,1000410,edc,paicipantresponsered,correct
6250,Subject35,372,funeral,77,funeral,colorblue,test,num1,typesuicide,singlestim,61,195870,1000430,edm,paicipantresponseblue,correct
6546,Subject35,445,rejected,77,rejected,colorblue,test,num1,typenegative,singlestim,63,201527,1000450,edm,paicipantresponseblue,correct
6842,Subject35,480,happy,67,happy,colorred,test,num1,typepositive,singlestim,65,207215,1000470,edc,paicipantresponsered,correct
7138,Subject35,608,paper,77,paper,colorblue,test,num2,typeneutral,singlestim,67,213031,101010,edm,paicipantresponseblue,correct
7434,Subject35,595,dead,77,dead,colorblue,test,num2,typesuicide,singlestim,69,218838,101030,edm,paicipantresponseblue,correct
7730,Subject35,495,rejected,67,rejected,colorred,test,num2,typenegative,singlestim,71,224542,101050,edc,paicipantresponsered,correct
8026,Subject35,637,rejected,77,rejected,colorblue,test,num2,typenegative,singlestim,73,230390,101070,edm,paicipantresponseblue,correct
8322,Subject35,1219,museum,67,museum,colorred,test,num2,typeneutral,singlestim,75,236822,101090,edc,paicipantresponsered,correct
8618,Subject35,428,engine,77,engine,colorblue,test,num2,typeneutral,singlestim,77,242462,1010110,edm,paicipantresponseblue,correct
8914,Subject35,688,pleasure,67,pleasure,colorred,test,num2,typepositive,singlestim,79,248358,1010130,edc,paicipantresponsered,correct
9210,Subject35,623,funeral,77,funeral,colorblue,test,num2,typesuicide,singlestim,81,254190,1010150,edm,paicipantresponseblue,correct
9506,Subject35,647,engine,67,engine,colorred,test,num2,typeneutral,singlestim,83,260046,1010170,edc,paicipantresponsered,correct
9802,Subject35,702,suicide,77,suicide,colorblue,test,num2,typesuicide,singlestim,85,265958,1010190,edm,paicipantresponseblue,correct
10098,Subject35,421,happy,67,happy,colorred,test,num2,typepositive,singlestim,87,271590,1010210,edc,paicipantresponsered,correct
10394,Subject35,725,suicide,67,suicide,colorred,test,num2,typesuicide,singlestim,89,277525,1010230,edc,paicipantresponsered,correct
10690,Subject35,685,alone,67,alone,colorred,test,num2,typenegative,singlestim,91,283422,1010250,edc,paicipantresponsered,correct
10986,Subject35,603,museum,77,museum,colorblue,test,num2,typeneutral,singlestim,93,289237,1010270,edm,paicipantresponseblue,correct
11282,Subject35,644,dead,67,dead,colorred,test,num2,typesuicide,singlestim,95,295093,1010290,edc,paicipantresponsered,correct
11578,Subject35,765,funeral,67,funeral,colorred,test,num2,typesuicide,singlestim,97,301070,1010310,edc,paicipantresponsered,correct
11874,Subject35,671,success,67,success,colorred,test,num2,typepositive,singlestim,99,306949,1010330,edc,paicipantresponsered,correct
12170,Subject35,448,stupid,67,stupid,colorred,test,num2,typenegative,singlestim,101,312605,1010350,edc,paicipantresponsered,correct
12466,Subject35,429,pleasure,77,pleasure,colorblue,test,num2,typepositive,singlestim,103,318245,1010370,edm,paicipantresponseblue,correct
12762,Subject35,426,success,77,success,colorblue,test,num2,typepositive,singlestim,105,323877,1010390,edm,paicipantresponseblue,correct
13058,Subject35,566,happy,67,happy,colorblue,test,num2,typepositive,singlestim,107,329653,1010410,edc,paicipantresponsered,incorrect
13354,Subject35,510,paper,67,paper,colorred,test,num2,typeneutral,singlestim,109,335373,1010430,edc,paicipantresponsered,correct
13650,Subject35,524,stupid,77,stupid,colorblue,test,num2,typenegative,singlestim,111,341109,1010450,edm,paicipantresponseblue,correct
13946,Subject35,526,alone,77,alone,colorblue,test,num2,typenegative,singlestim,113,346845,1010470,edm,paicipantresponseblue,correct