,SubjectID,rt,stimulus,keypress,word,color,block,blocknum,wordtype,trialtype,trialindex,timeelapsed,internalnodeid,keypressed,participantresponse,correctresponse
210,Subject242,445,success,77,success,colorblue,test,num1,typepositive,singlestim,19,422560,100010,edm,paicipantresponseblue,correct
506,Subject242,381,paper,77,paper,colorblue,test,num1,typeneutral,singlestim,21,428209,100030,edm,paicipantresponseblue,correct
802,Subject242,669,rejected,77,rejected,colorblue,test,num1,typenegative,singlestim,23,433793,100050,edm,paicipantresponseblue,correct
1098,Subject242,421,paper,67,paper,colorred,test,num1,typeneutral,singlestim,25,439665,100070,edc,paicipantresponsered,correct
1394,Subject242,397,funeral,67,funeral,colorred,test,num1,typesuicide,singlestim,27,445289,100090,edc,paicipantresponsered,correct
1690,Subject242,356,rejected,67,rejected,colorred,test,num1,typenegative,singlestim,29,450889,1000110,edc,paicipantresponsered,correct
1986,Subject242,344,museum,77,museum,colorblue,test,num1,typeneutral,singlestim,31,456448,1000130,edm,paicipantresponseblue,correct
2282,Subject242,411,funeral,77,funeral,colorblue,test,num1,typesuicide,singlestim,33,461995,1000150,edm,paicipantresponseblue,correct
2578,Subject242,398,suicide,67,suicide,colorred,test,num1,typesuicide,singlestim,35,467608,1000170,edc,paicipantresponsered,correct
2874,Subject242,484,museum,77,museum,colorred,test,num1,typeneutral,singlestim,37,473209,1000190,edm,paicipantresponseblue,incorrect
3170,Subject242,397,alone,77,alone,colorblue,test,num1,typenegative,singlestim,39,478896,1000210,edm,paicipantresponseblue,correct
3466,Subject242,348,happy,77,happy,colorblue,test,num1,typepositive,singlestim,41,484497,1000230,edm,paicipantresponseblue,correct
3762,Subject242,382,happy,67,happy,colorred,test,num1,typepositive,singlestim,43,490049,1000250,edc,paicipantresponsered,correct
4058,Subject242,492,engine,77,engine,colorblue,test,num1,typeneutral,singlestim,45,495633,1000270,edm,paicipantresponseblue,correct
4354,Subject242,463,success,67,success,colorred,test,num1,typepositive,singlestim,47,501329,1000290,edc,paicipantresponsered,correct
4650,Subject242,412,alone,67,alone,colorred,test,num1,typenegative,singlestim,49,506993,1000310,edc,paicipantresponsered,correct
4946,Subject242,582,pleasure,77,pleasure,colorblue,test,num1,typepositive,singlestim,51,512608,1000330,edm,paicipantresponseblue,correct
5242,Subject242,541,stupid,67,stupid,colorred,test,num1,typenegative,singlestim,53,518393,1000350,edc,paicipantresponsered,correct
5538,Subject242,472,suicide,77,suicide,colorblue,test,num1,typesuicide,singlestim,55,524137,1000370,edm,paicipantresponseblue,correct
5834,Subject242,441,pleasure,67,pleasure,colorred,test,num1,typepositive,singlestim,57,529812,1000390,edc,paicipantresponsered,correct
6130,Subject242,502,engine,67,engine,colorred,test,num1,typeneutral,singlestim,59,535456,1000410,edc,paicipantresponsered,correct
6426,Subject242,596,dead,67,dead,colorred,test,num1,typesuicide,singlestim,61,541161,1000430,edc,paicipantresponsered,correct
6722,Subject242,477,stupid,77,stupid,colorblue,test,num1,typenegative,singlestim,63,546960,1000450,edm,paicipantresponseblue,correct
7018,Subject242,460,dead,77,dead,colorblue,test,num1,typesuicide,singlestim,65,552641,1000470,edm,paicipantresponseblue,correct
7314,Subject242,454,funeral,77,funeral,colorblue,test,num2,typesuicide,singlestim,67,558304,101010,edm,paicipantresponseblue,correct
7610,Subject242,412,success,77,success,colorblue,test,num2,typepositive,singlestim,69,563961,101030,edm,paicipantresponseblue,correct
7906,Subject242,390,happy,77,happy,colorblue,test,num2,typepositive,singlestim,71,569576,101050,edm,paicipantresponseblue,correct
8202,Subject242,397,engine,67,engine,colorred,test,num2,typeneutral,singlestim,73,575169,101070,edc,paicipantresponsered,correct
8498,Subject242,383,museum,67,museum,colorred,test,num2,typeneutral,singlestim,75,580769,101090,edc,paicipantresponsered,correct
8794,Subject242,332,happy,67,happy,colorred,test,num2,typepositive,singlestim,77,586354,1010110,edc,paicipantresponsered,correct
9090,Subject242,461,pleasure,67,pleasure,colorred,test,num2,typepositive,singlestim,79,591889,1010130,edc,paicipantresponsered,correct
9386,Subject242,452,museum,77,museum,colorblue,test,num2,typeneutral,singlestim,81,597553,1010150,edm,paicipantresponseblue,correct
9682,Subject242,414,paper,77,paper,colorblue,test,num2,typeneutral,singlestim,83,603208,1010170,edm,paicipantresponseblue,correct
9978,Subject242,486,alone,77,alone,colorblue,test,num2,typenegative,singlestim,85,608825,1010190,edm,paicipantresponseblue,correct
10274,Subject242,422,suicide,77,suicide,colorblue,test,num2,typesuicide,singlestim,87,614513,1010210,edm,paicipantresponseblue,correct
10570,Subject242,483,alone,67,alone,colorred,test,num2,typenegative,singlestim,89,620137,1010230,edc,paicipantresponsered,correct
10866,Subject242,413,dead,67,dead,colorred,test,num2,typesuicide,singlestim,91,625824,1010250,edc,paicipantresponsered,correct
11162,Subject242,692,suicide,67,suicide,colorred,test,num2,typesuicide,singlestim,93,631442,1010270,edc,paicipantresponsered,correct
11458,Subject242,469,success,67,success,colorred,test,num2,typepositive,singlestim,95,637336,1010290,edc,paicipantresponsered,correct
11754,Subject242,556,rejected,77,rejected,colorblue,test,num2,typenegative,singlestim,97,643010,1010310,edm,paicipantresponseblue,correct
12050,Subject242,517,stupid,67,stupid,colorred,test,num2,typenegative,singlestim,99,648768,1010330,edc,paicipantresponsered,correct
12346,Subject242,468,stupid,77,stupid,colorblue,test,num2,typenegative,singlestim,101,654489,1010350,edm,paicipantresponseblue,correct
12642,Subject242,686,engine,77,engine,colorblue,test,num2,typeneutral,singlestim,103,660160,1010370,edm,paicipantresponseblue,correct
12938,Subject242,493,rejected,67,rejected,colorred,test,num2,typenegative,singlestim,105,666049,1010390,edc,paicipantresponsered,correct
13234,Subject242,501,paper,67,paper,colorred,test,num2,typeneutral,singlestim,107,671745,1010410,edc,paicipantresponsered,correct
13530,Subject242,628,pleasure,77,pleasure,colorblue,test,num2,typepositive,singlestim,109,677449,1010430,edm,paicipantresponseblue,correct
13826,Subject242,391,funeral,67,funeral,colorred,test,num2,typesuicide,singlestim,111,683281,1010450,edc,paicipantresponsered,correct
14122,Subject242,1000,dead,77,dead,colorblue,test,num2,typesuicide,singlestim,113,688874,1010470,edm,paicipantresponseblue,correct