,SubjectID,rt,stimulus,keypress,word,color,block,blocknum,wordtype,trialtype,trialindex,timeelapsed,internalnodeid,keypressed,participantresponse,correctresponse
137,Subject148,531,alone,67,alone,colorred,test,num1,typenegative,singlestim,19,128563,100010,edc,paicipantresponsered,correct
433,Subject148,337,paper,77,paper,colorblue,test,num1,typeneutral,singlestim,21,134110,100030,edm,paicipantresponseblue,correct
729,Subject148,384,happy,77,happy,colorblue,test,num1,typepositive,singlestim,23,139702,100050,edm,paicipantresponseblue,correct
1025,Subject148,392,funeral,67,funeral,colorred,test,num1,typesuicide,singlestim,25,145300,100070,edc,paicipantresponsered,correct
1321,Subject148,406,alone,77,alone,colorblue,test,num1,typenegative,singlestim,27,150912,100090,edm,paicipantresponseblue,correct
1617,Subject148,463,stupid,77,stupid,colorblue,test,num1,typenegative,singlestim,29,156584,1000110,edm,paicipantresponseblue,correct
1913,Subject148,596,rejected,67,rejected,colorred,test,num1,typenegative,singlestim,31,162388,1000130,edc,paicipantresponsered,correct
2209,Subject148,430,stupid,67,stupid,colorred,test,num1,typenegative,singlestim,33,168024,1000150,edc,paicipantresponsered,correct
2505,Subject148,374,museum,67,museum,colorred,test,num1,typeneutral,singlestim,35,173607,1000170,edc,paicipantresponsered,correct
2801,Subject148,276,dead,77,dead,colorblue,test,num1,typesuicide,singlestim,37,179091,1000190,edm,paicipantresponseblue,correct
3097,Subject148,378,rejected,77,rejected,colorblue,test,num1,typenegative,singlestim,39,184675,1000210,edm,paicipantresponseblue,correct
3393,Subject148,480,suicide,67,suicide,colorred,test,num1,typesuicide,singlestim,41,190361,1000230,edc,paicipantresponsered,correct
3689,Subject148,439,engine,77,engine,colorblue,test,num1,typeneutral,singlestim,43,196009,1000250,edm,paicipantresponseblue,correct
3985,Subject148,372,success,77,success,colorblue,test,num1,typepositive,singlestim,45,201589,1000270,edm,paicipantresponseblue,correct
4281,Subject148,368,museum,77,museum,colorblue,test,num1,typeneutral,singlestim,47,207164,1000290,edm,paicipantresponseblue,correct
4577,Subject148,379,funeral,77,funeral,colorblue,test,num1,typesuicide,singlestim,49,212754,1000310,edm,paicipantresponseblue,correct
4873,Subject148,321,pleasure,67,pleasure,colorred,test,num1,typepositive,singlestim,51,218284,1000330,edc,paicipantresponsered,correct
5169,Subject148,339,happy,67,happy,colorred,test,num1,typepositive,singlestim,53,223834,1000350,edc,paicipantresponsered,correct
5465,Subject148,357,paper,67,paper,colorred,test,num1,typeneutral,singlestim,55,229399,1000370,edc,paicipantresponsered,correct
5761,Subject148,433,dead,67,dead,colorred,test,num1,typesuicide,singlestim,57,235040,1000390,edc,paicipantresponsered,correct
6057,Subject148,425,success,67,success,colorred,test,num1,typepositive,singlestim,59,240672,1000410,edc,paicipantresponsered,correct
6353,Subject148,354,suicide,77,suicide,colorblue,test,num1,typesuicide,singlestim,61,246236,1000430,edm,paicipantresponseblue,correct
6649,Subject148,395,engine,67,engine,colorred,test,num1,typeneutral,singlestim,63,251841,1000450,edc,paicipantresponsered,correct
6945,Subject148,440,pleasure,77,pleasure,colorblue,test,num1,typepositive,singlestim,65,257488,1000470,edm,paicipantresponseblue,correct
7241,Subject148,285,engine,67,engine,colorred,test,num2,typeneutral,singlestim,67,262982,101010,edc,paicipantresponsered,correct
7537,Subject148,474,rejected,67,rejected,colorblue,test,num2,typenegative,singlestim,69,268662,101030,edc,paicipantresponsered,incorrect
7833,Subject148,394,alone,77,alone,colorblue,test,num2,typenegative,singlestim,71,274266,101050,edm,paicipantresponseblue,correct
8129,Subject148,355,suicide,77,suicide,colorblue,test,num2,typesuicide,singlestim,73,279829,101070,edm,paicipantresponseblue,correct
8425,Subject148,407,pleasure,67,pleasure,colorred,test,num2,typepositive,singlestim,75,285445,101090,edc,paicipantresponsered,correct
8721,Subject148,434,success,67,success,colorred,test,num2,typepositive,singlestim,77,291087,1010110,edc,paicipantresponsered,correct
9017,Subject148,555,suicide,67,suicide,colorred,test,num2,typesuicide,singlestim,79,296850,1010130,edc,paicipantresponsered,correct
9313,Subject148,325,stupid,77,stupid,colorblue,test,num2,typenegative,singlestim,81,302382,1010150,edm,paicipantresponseblue,correct
9609,Subject148,359,museum,77,museum,colorblue,test,num2,typeneutral,singlestim,83,307950,1010170,edm,paicipantresponseblue,correct
9905,Subject148,316,engine,77,engine,colorblue,test,num2,typeneutral,singlestim,85,313472,1010190,edm,paicipantresponseblue,correct
10201,Subject148,311,success,77,success,colorblue,test,num2,typepositive,singlestim,87,318992,1010210,edm,paicipantresponseblue,correct
10497,Subject148,355,alone,67,alone,colorred,test,num2,typenegative,singlestim,89,324554,1010230,edc,paicipantresponsered,correct
10793,Subject148,338,paper,77,paper,colorred,test,num2,typeneutral,singlestim,91,330100,1010250,edm,paicipantresponseblue,incorrect
11089,Subject148,405,happy,67,happy,colorred,test,num2,typepositive,singlestim,93,335714,1010270,edc,paicipantresponsered,correct
11385,Subject148,449,funeral,77,funeral,colorblue,test,num2,typesuicide,singlestim,95,341371,1010290,edm,paicipantresponseblue,correct
11681,Subject148,427,dead,67,dead,colorred,test,num2,typesuicide,singlestim,97,347007,1010310,edc,paicipantresponsered,correct
11977,Subject148,387,rejected,67,rejected,colorred,test,num2,typenegative,singlestim,99,352601,1010330,edc,paicipantresponsered,correct
12273,Subject148,624,dead,77,dead,colorblue,test,num2,typesuicide,singlestim,101,358435,1010350,edm,paicipantresponseblue,correct
12569,Subject148,278,museum,67,museum,colorred,test,num2,typeneutral,singlestim,103,363918,1010370,edc,paicipantresponsered,correct
12865,Subject148,434,happy,77,happy,colorblue,test,num2,typepositive,singlestim,105,369559,1010390,edm,paicipantresponseblue,correct
13161,Subject148,369,funeral,67,funeral,colorred,test,num2,typesuicide,singlestim,107,375138,1010410,edc,paicipantresponsered,correct
13457,Subject148,275,pleasure,77,pleasure,colorblue,test,num2,typepositive,singlestim,109,380620,1010430,edm,paicipantresponseblue,correct
13753,Subject148,226,stupid,67,stupid,colorred,test,num2,typenegative,singlestim,111,386055,1010450,edc,paicipantresponsered,correct
14049,Subject148,352,paper,77,paper,colorblue,test,num2,typeneutral,singlestim,113,391614,1010470,edm,paicipantresponseblue,correct