,SubjectID,rt,stimulus,keypress,word,color,block,blocknum,wordtype,trialtype,trialindex,timeelapsed,internalnodeid,keypressed,participantresponse,correctresponse
53,Subject56,725,success,67,success,colorred,test,num1,typepositive,singlestim,19,83996,100010,edc,paicipantresponsered,correct
349,Subject56,372,funeral,67,funeral,colorred,test,num1,typesuicide,singlestim,21,89570,100030,edc,paicipantresponsered,correct
645,Subject56,477,alone,77,alone,colorred,test,num1,typenegative,singlestim,23,95252,100050,edm,paicipantresponseblue,incorrect
941,Subject56,400,suicide,77,suicide,colorblue,test,num1,typesuicide,singlestim,25,100858,100070,edm,paicipantresponseblue,correct
1237,Subject56,561,engine,77,engine,colorblue,test,num1,typeneutral,singlestim,27,106624,100090,edm,paicipantresponseblue,correct
1533,Subject56,486,pleasure,77,pleasure,colorblue,test,num1,typepositive,singlestim,29,112316,1000110,edm,paicipantresponseblue,correct
1829,Subject56,411,dead,67,dead,colorred,test,num1,typesuicide,singlestim,31,117930,1000130,edc,paicipantresponsered,correct
2125,Subject56,516,museum,77,museum,colorblue,test,num1,typeneutral,singlestim,33,123651,1000150,edm,paicipantresponseblue,correct
2421,Subject56,342,rejected,67,rejected,colorred,test,num1,typenegative,singlestim,35,129198,1000170,edc,paicipantresponsered,correct
2717,Subject56,443,dead,77,dead,colorblue,test,num1,typesuicide,singlestim,37,134846,1000190,edm,paicipantresponseblue,correct
3013,Subject56,398,alone,77,alone,colorblue,test,num1,typenegative,singlestim,39,140450,1000210,edm,paicipantresponseblue,correct
3309,Subject56,375,paper,77,paper,colorblue,test,num1,typeneutral,singlestim,41,146028,1000230,edm,paicipantresponseblue,correct
3605,Subject56,368,funeral,77,funeral,colorblue,test,num1,typesuicide,singlestim,43,151601,1000250,edm,paicipantresponseblue,correct
3901,Subject56,372,happy,67,happy,colorred,test,num1,typepositive,singlestim,45,157178,1000270,edc,paicipantresponsered,correct
4197,Subject56,549,success,77,success,colorblue,test,num1,typepositive,singlestim,47,162933,1000290,edm,paicipantresponseblue,correct
4493,Subject56,367,suicide,67,suicide,colorred,test,num1,typesuicide,singlestim,49,168506,1000310,edc,paicipantresponsered,correct
4789,Subject56,443,pleasure,67,pleasure,colorred,test,num1,typepositive,singlestim,51,174155,1000330,edc,paicipantresponsered,correct
5085,Subject56,366,paper,67,paper,colorred,test,num1,typeneutral,singlestim,53,179727,1000350,edc,paicipantresponsered,correct
5381,Subject56,319,rejected,77,rejected,colorblue,test,num1,typenegative,singlestim,55,185251,1000370,edm,paicipantresponseblue,correct
5677,Subject56,470,happy,77,happy,colorblue,test,num1,typepositive,singlestim,57,190927,1000390,edm,paicipantresponseblue,correct
5973,Subject56,457,stupid,67,stupid,colorred,test,num1,typenegative,singlestim,59,196588,1000410,edc,paicipantresponsered,correct
6269,Subject56,340,stupid,77,stupid,colorblue,test,num1,typenegative,singlestim,61,202136,1000430,edm,paicipantresponseblue,correct
6565,Subject56,401,museum,67,museum,colorred,test,num1,typeneutral,singlestim,63,207742,1000450,edc,paicipantresponsered,correct
6861,Subject56,385,engine,67,engine,colorred,test,num1,typeneutral,singlestim,65,213332,1000470,edc,paicipantresponsered,correct
7157,Subject56,338,success,67,success,colorred,test,num2,typepositive,singlestim,67,218876,101010,edc,paicipantresponsered,correct
7453,Subject56,380,funeral,77,funeral,colorblue,test,num2,typesuicide,singlestim,69,224461,101030,edm,paicipantresponseblue,correct
7749,Subject56,331,museum,67,museum,colorred,test,num2,typeneutral,singlestim,71,229996,101050,edc,paicipantresponsered,correct
8045,Subject56,408,rejected,77,rejected,colorblue,test,num2,typenegative,singlestim,73,235610,101070,edm,paicipantresponseblue,correct
8341,Subject56,411,dead,77,dead,colorblue,test,num2,typesuicide,singlestim,75,241226,101090,edm,paicipantresponseblue,correct
8637,Subject56,872,pleasure,67,pleasure,colorred,test,num2,typepositive,singlestim,77,247302,1010110,edc,paicipantresponsered,correct
8933,Subject56,464,alone,67,alone,colorred,test,num2,typenegative,singlestim,79,252969,1010130,edc,paicipantresponsered,correct
9229,Subject56,517,paper,67,paper,colorred,test,num2,typeneutral,singlestim,81,258690,1010150,edc,paicipantresponsered,correct
9525,Subject56,504,success,77,success,colorblue,test,num2,typepositive,singlestim,83,264399,1010170,edm,paicipantresponseblue,correct
9821,Subject56,456,stupid,67,stupid,colorred,test,num2,typenegative,singlestim,85,270060,1010190,edc,paicipantresponsered,correct
10117,Subject56,375,happy,67,happy,colorred,test,num2,typepositive,singlestim,87,275641,1010210,edc,paicipantresponsered,correct
10413,Subject56,337,museum,77,museum,colorblue,test,num2,typeneutral,singlestim,89,281182,1010230,edm,paicipantresponseblue,correct
10709,Subject56,435,engine,77,engine,colorblue,test,num2,typeneutral,singlestim,91,286821,1010250,edm,paicipantresponseblue,correct
11005,Subject56,430,suicide,67,suicide,colorred,test,num2,typesuicide,singlestim,93,292457,1010270,edc,paicipantresponsered,correct
11301,Subject56,382,rejected,67,rejected,colorred,test,num2,typenegative,singlestim,95,298045,1010290,edc,paicipantresponsered,correct
11597,Subject56,428,engine,67,engine,colorred,test,num2,typeneutral,singlestim,97,303676,1010310,edc,paicipantresponsered,correct
11893,Subject56,429,funeral,67,funeral,colorred,test,num2,typesuicide,singlestim,99,309311,1010330,edc,paicipantresponsered,correct
12189,Subject56,404,paper,77,paper,colorblue,test,num2,typeneutral,singlestim,101,314923,1010350,edm,paicipantresponseblue,correct
12485,Subject56,523,alone,77,alone,colorblue,test,num2,typenegative,singlestim,103,320652,1010370,edm,paicipantresponseblue,correct
12781,Subject56,550,happy,77,happy,colorblue,test,num2,typepositive,singlestim,105,326407,1010390,edm,paicipantresponseblue,correct
13077,Subject56,680,dead,67,dead,colorred,test,num2,typesuicide,singlestim,107,332292,1010410,edc,paicipantresponsered,correct
13373,Subject56,336,pleasure,77,pleasure,colorblue,test,num2,typepositive,singlestim,109,337835,1010430,edm,paicipantresponseblue,correct
13669,Subject56,427,stupid,77,stupid,colorblue,test,num2,typenegative,singlestim,111,343464,1010450,edm,paicipantresponseblue,correct
13965,Subject56,548,suicide,77,suicide,colorblue,test,num2,typesuicide,singlestim,113,349217,1010470,edm,paicipantresponseblue,correct