,SubjectID,rt,stimulus,keypress,word,color,block,blocknum,wordtype,trialtype,trialindex,timeelapsed,internalnodeid,keypressed,participantresponse,correctresponse
80,Subject85,652,success,67,success,colorred,test,num1,typepositive,singlestim,19,77292,100010,edc,paicipantresponsered,correct
376,Subject85,921,alone,77,alone,colorblue,test,num1,typenegative,singlestim,21,83424,100030,edm,paicipantresponseblue,correct
672,Subject85,621,stupid,67,stupid,colorred,test,num1,typenegative,singlestim,23,89258,100050,edc,paicipantresponsered,correct
968,Subject85,681,dead,77,dead,colorblue,test,num1,typesuicide,singlestim,25,95152,100070,edm,paicipantresponseblue,correct
1264,Subject85,1028,funeral,77,funeral,colorblue,test,num1,typesuicide,singlestim,27,101390,100090,edm,paicipantresponseblue,correct
1560,Subject85,1010,success,77,success,colorblue,test,num1,typepositive,singlestim,29,107611,1000110,edm,paicipantresponseblue,correct
1856,Subject85,762,suicide,67,suicide,colorred,test,num1,typesuicide,singlestim,31,113585,1000130,edc,paicipantresponsered,correct
2152,Subject85,766,pleasure,77,pleasure,colorblue,test,num1,typepositive,singlestim,33,119560,1000150,edm,paicipantresponseblue,correct
2448,Subject85,987,pleasure,67,pleasure,colorred,test,num1,typepositive,singlestim,35,125760,1000170,edc,paicipantresponsered,correct
2744,Subject85,555,engine,77,engine,colorblue,test,num1,typeneutral,singlestim,37,131527,1000190,edm,paicipantresponseblue,correct
3040,Subject85,1354,alone,67,alone,colorred,test,num1,typenegative,singlestim,39,138088,1000210,edc,paicipantresponsered,correct
3336,Subject85,835,happy,67,happy,colorred,test,num1,typepositive,singlestim,41,144135,1000230,edc,paicipantresponsered,correct
3632,Subject85,709,dead,67,dead,colorred,test,num1,typesuicide,singlestim,43,150057,1000250,edc,paicipantresponsered,correct
3928,Subject85,906,museum,77,museum,colorblue,test,num1,typeneutral,singlestim,45,156169,1000270,edm,paicipantresponseblue,correct
4224,Subject85,1633,rejected,77,rejected,colorblue,test,num1,typenegative,singlestim,47,163014,1000290,edm,paicipantresponseblue,correct
4520,Subject85,677,happy,77,happy,colorblue,test,num1,typepositive,singlestim,49,168897,1000310,edm,paicipantresponseblue,correct
4816,Subject85,752,paper,67,paper,colorred,test,num1,typeneutral,singlestim,51,174860,1000330,edc,paicipantresponsered,correct
5112,Subject85,1368,paper,77,paper,colorblue,test,num1,typeneutral,singlestim,53,181437,1000350,edm,paicipantresponseblue,correct
5408,Subject85,829,engine,67,engine,colorred,test,num1,typeneutral,singlestim,55,187474,1000370,edc,paicipantresponsered,correct
5704,Subject85,892,stupid,77,stupid,colorblue,test,num1,typenegative,singlestim,57,193575,1000390,edm,paicipantresponseblue,correct
6000,Subject85,701,museum,67,museum,colorred,test,num1,typeneutral,singlestim,59,199489,1000410,edc,paicipantresponsered,correct
6296,Subject85,668,rejected,67,rejected,colorred,test,num1,typenegative,singlestim,61,205370,1000430,edc,paicipantresponsered,correct
6592,Subject85,963,funeral,67,funeral,colorred,test,num1,typesuicide,singlestim,63,211544,1000450,edc,paicipantresponsered,correct
6888,Subject85,652,suicide,77,suicide,colorblue,test,num1,typesuicide,singlestim,65,217409,1000470,edm,paicipantresponseblue,correct
7184,Subject85,723,stupid,67,stupid,colorred,test,num2,typenegative,singlestim,67,223347,101010,edc,paicipantresponsered,correct
7480,Subject85,1,success,1,success,colorred,test,num2,typepositive,singlestim,69,230559,101030,ed,,incorrect
7776,Subject85,814,paper,67,paper,colorred,test,num2,typeneutral,singlestim,71,236585,101050,edc,paicipantresponsered,correct
8072,Subject85,757,paper,77,paper,colorblue,test,num2,typeneutral,singlestim,73,242551,101070,edm,paicipantresponseblue,correct
8368,Subject85,1,museum,1,museum,colorblue,test,num2,typeneutral,singlestim,75,249771,101090,ed,,incorrect
8664,Subject85,656,happy,67,happy,colorred,test,num2,typepositive,singlestim,77,255642,1010110,edc,paicipantresponsered,correct
8960,Subject85,651,stupid,77,stupid,colorblue,test,num2,typenegative,singlestim,79,261501,1010130,edm,paicipantresponseblue,correct
9256,Subject85,624,alone,77,alone,colorblue,test,num2,typenegative,singlestim,81,267337,1010150,edm,paicipantresponseblue,correct
9552,Subject85,598,dead,77,dead,colorblue,test,num2,typesuicide,singlestim,83,273145,1010170,edm,paicipantresponseblue,correct
9848,Subject85,737,funeral,67,funeral,colorred,test,num2,typesuicide,singlestim,85,279093,1010190,edc,paicipantresponsered,correct
10144,Subject85,834,success,77,success,colorblue,test,num2,typepositive,singlestim,87,285139,1010210,edm,paicipantresponseblue,correct
10440,Subject85,680,alone,67,alone,colorred,test,num2,typenegative,singlestim,89,291028,1010230,edc,paicipantresponsered,correct
10736,Subject85,855,museum,67,museum,colorred,test,num2,typeneutral,singlestim,91,297094,1010250,edc,paicipantresponsered,correct
11032,Subject85,701,rejected,67,rejected,colorred,test,num2,typenegative,singlestim,93,303006,1010270,edc,paicipantresponsered,correct
11328,Subject85,1093,dead,67,dead,colorred,test,num2,typesuicide,singlestim,95,309312,1010290,edc,paicipantresponsered,correct
11624,Subject85,720,rejected,77,rejected,colorblue,test,num2,typenegative,singlestim,97,315244,1010310,edm,paicipantresponseblue,correct
11920,Subject85,904,suicide,77,suicide,colorblue,test,num2,typesuicide,singlestim,99,321357,1010330,edm,paicipantresponseblue,correct
12216,Subject85,704,happy,77,happy,colorblue,test,num2,typepositive,singlestim,101,327269,1010350,edm,paicipantresponseblue,correct
12512,Subject85,765,engine,77,engine,colorblue,test,num2,typeneutral,singlestim,103,333244,1010370,edm,paicipantresponseblue,correct
12808,Subject85,668,pleasure,77,pleasure,colorblue,test,num2,typepositive,singlestim,105,339125,1010390,edm,paicipantresponseblue,correct
13104,Subject85,1056,engine,67,engine,colorred,test,num2,typeneutral,singlestim,107,345393,1010410,edc,paicipantresponsered,correct
13400,Subject85,1110,funeral,77,funeral,colorblue,test,num2,typesuicide,singlestim,109,351718,1010430,edm,paicipantresponseblue,correct
13696,Subject85,1251,suicide,67,suicide,colorred,test,num2,typesuicide,singlestim,111,358177,1010450,edc,paicipantresponsered,correct
13992,Subject85,681,pleasure,67,pleasure,colorred,test,num2,typepositive,singlestim,113,364062,1010470,edc,paicipantresponsered,correct