,SubjectID,rt,stimulus,keypress,word,color,block,blocknum,wordtype,trialtype,trialindex,timeelapsed,internalnodeid,keypressed,participantresponse,correctresponse
216,Subject248,330,success,67,success,colorred,test,num1,typepositive,singlestim,19,60153,100010,edc,paicipantresponsered,correct
512,Subject248,384,engine,67,engine,colorred,test,num1,typeneutral,singlestim,21,65752,100030,edc,paicipantresponsered,correct
808,Subject248,397,stupid,67,stupid,colorred,test,num1,typenegative,singlestim,23,71360,100050,edc,paicipantresponsered,correct
1104,Subject248,289,alone,77,alone,colorblue,test,num1,typenegative,singlestim,25,76860,100070,edm,paicipantresponseblue,correct
1400,Subject248,385,rejected,77,rejected,colorblue,test,num1,typenegative,singlestim,27,82461,100090,edm,paicipantresponseblue,correct
1696,Subject248,417,rejected,67,rejected,colorred,test,num1,typenegative,singlestim,29,88094,1000110,edc,paicipantresponsered,correct
1992,Subject248,309,engine,77,engine,colorblue,test,num1,typeneutral,singlestim,31,93616,1000130,edm,paicipantresponseblue,correct
2288,Subject248,365,success,77,success,colorblue,test,num1,typepositive,singlestim,33,99193,1000150,edm,paicipantresponseblue,correct
2584,Subject248,383,paper,77,paper,colorblue,test,num1,typeneutral,singlestim,35,104791,1000170,edm,paicipantresponseblue,correct
2880,Subject248,338,alone,67,alone,colorred,test,num1,typenegative,singlestim,37,110335,1000190,edc,paicipantresponsered,correct
3176,Subject248,338,suicide,77,suicide,colorblue,test,num1,typesuicide,singlestim,39,115883,1000210,edm,paicipantresponseblue,correct
3472,Subject248,527,funeral,67,funeral,colorred,test,num1,typesuicide,singlestim,41,121626,1000230,edc,paicipantresponsered,correct
3768,Subject248,369,suicide,67,suicide,colorred,test,num1,typesuicide,singlestim,43,127208,1000250,edc,paicipantresponsered,correct
4064,Subject248,461,happy,67,happy,colorred,test,num1,typepositive,singlestim,45,132881,1000270,edc,paicipantresponsered,correct
4360,Subject248,341,pleasure,77,pleasure,colorblue,test,num1,typepositive,singlestim,47,138439,1000290,edm,paicipantresponseblue,correct
4656,Subject248,442,museum,67,museum,colorred,test,num1,typeneutral,singlestim,49,144094,1000310,edc,paicipantresponsered,correct
4952,Subject248,367,stupid,67,stupid,colorblue,test,num1,typenegative,singlestim,51,149675,1000330,edc,paicipantresponsered,incorrect
5248,Subject248,486,funeral,77,funeral,colorblue,test,num1,typesuicide,singlestim,53,155374,1000350,edm,paicipantresponseblue,correct
5544,Subject248,297,paper,67,paper,colorred,test,num1,typeneutral,singlestim,55,160884,1000370,edc,paicipantresponsered,correct
5840,Subject248,328,museum,77,museum,colorblue,test,num1,typeneutral,singlestim,57,166426,1000390,edm,paicipantresponseblue,correct
6136,Subject248,547,dead,77,dead,colorblue,test,num1,typesuicide,singlestim,59,172191,1000410,edm,paicipantresponseblue,correct
6432,Subject248,440,happy,77,happy,colorblue,test,num1,typepositive,singlestim,61,177850,1000430,edm,paicipantresponseblue,correct
6728,Subject248,233,dead,67,dead,colorred,test,num1,typesuicide,singlestim,63,183293,1000450,edc,paicipantresponsered,correct
7024,Subject248,512,pleasure,77,pleasure,colorred,test,num1,typepositive,singlestim,65,189019,1000470,edm,paicipantresponseblue,incorrect
7320,Subject248,470,stupid,67,stupid,colorred,test,num2,typenegative,singlestim,67,194699,101010,edc,paicipantresponsered,correct
7616,Subject248,351,pleasure,67,pleasure,colorred,test,num2,typepositive,singlestim,69,200265,101030,edc,paicipantresponsered,correct
7912,Subject248,354,happy,67,happy,colorred,test,num2,typepositive,singlestim,71,205835,101050,edc,paicipantresponsered,correct
8208,Subject248,381,alone,77,alone,colorblue,test,num2,typenegative,singlestim,73,211425,101070,edm,paicipantresponseblue,correct
8504,Subject248,457,funeral,77,funeral,colorblue,test,num2,typesuicide,singlestim,75,217096,101090,edm,paicipantresponseblue,correct
8800,Subject248,371,rejected,77,rejected,colorblue,test,num2,typenegative,singlestim,77,222679,1010110,edm,paicipantresponseblue,correct
9096,Subject248,413,dead,77,dead,colorblue,test,num2,typesuicide,singlestim,79,228308,1010130,edm,paicipantresponseblue,correct
9392,Subject248,351,funeral,67,funeral,colorred,test,num2,typesuicide,singlestim,81,233870,1010150,edc,paicipantresponsered,correct
9688,Subject248,245,pleasure,67,pleasure,colorblue,test,num2,typepositive,singlestim,83,239331,1010170,edc,paicipantresponsered,incorrect
9984,Subject248,424,stupid,77,stupid,colorblue,test,num2,typenegative,singlestim,85,244971,1010190,edm,paicipantresponseblue,correct
10280,Subject248,374,museum,77,museum,colorblue,test,num2,typeneutral,singlestim,87,250569,1010210,edm,paicipantresponseblue,correct
10576,Subject248,387,suicide,77,suicide,colorblue,test,num2,typesuicide,singlestim,89,256168,1010230,edm,paicipantresponseblue,correct
10872,Subject248,414,happy,77,happy,colorblue,test,num2,typepositive,singlestim,91,261795,1010250,edm,paicipantresponseblue,correct
11168,Subject248,280,museum,67,museum,colorred,test,num2,typeneutral,singlestim,93,267282,1010270,edc,paicipantresponsered,correct
11464,Subject248,387,success,77,success,colorblue,test,num2,typepositive,singlestim,95,272882,1010290,edm,paicipantresponseblue,correct
11760,Subject248,327,paper,67,paper,colorred,test,num2,typeneutral,singlestim,97,278420,1010310,edc,paicipantresponsered,correct
12056,Subject248,398,suicide,67,suicide,colorred,test,num2,typesuicide,singlestim,99,284033,1010330,edc,paicipantresponsered,correct
12352,Subject248,399,rejected,67,rejected,colorred,test,num2,typenegative,singlestim,101,289641,1010350,edc,paicipantresponsered,correct
12648,Subject248,383,success,67,success,colorred,test,num2,typepositive,singlestim,103,295238,1010370,edc,paicipantresponsered,correct
12944,Subject248,369,engine,67,engine,colorred,test,num2,typeneutral,singlestim,105,300821,1010390,edc,paicipantresponsered,correct
13240,Subject248,357,engine,77,engine,colorblue,test,num2,typeneutral,singlestim,107,306389,1010410,edm,paicipantresponseblue,correct
13536,Subject248,480,dead,67,dead,colorred,test,num2,typesuicide,singlestim,109,312079,1010430,edc,paicipantresponsered,correct
13832,Subject248,348,paper,77,paper,colorblue,test,num2,typeneutral,singlestim,111,317639,1010450,edm,paicipantresponseblue,correct
14128,Subject248,560,alone,77,alone,colorred,test,num2,typenegative,singlestim,113,323407,1010470,edm,paicipantresponseblue,incorrect