,SubjectID,rt,stimulus,keypress,word,color,block,blocknum,wordtype,trialtype,trialindex,timeelapsed,internalnodeid,keypressed,participantresponse,correctresponse
161,Subject193,400,funeral,67,funeral,colorred,test,num1,typesuicide,singlestim,19,80032,100010,edc,paicipantresponsered,correct
457,Subject193,421,suicide,67,suicide,colorred,test,num1,typesuicide,singlestim,21,85658,100030,edc,paicipantresponsered,correct
753,Subject193,383,paper,67,paper,colorred,test,num1,typeneutral,singlestim,23,91246,100050,edc,paicipantresponsered,correct
1049,Subject193,322,paper,77,paper,colorblue,test,num1,typeneutral,singlestim,25,96772,100070,edm,paicipantresponseblue,correct
1345,Subject193,380,rejected,67,rejected,colorred,test,num1,typenegative,singlestim,27,102354,100090,edc,paicipantresponsered,correct
1641,Subject193,455,happy,77,happy,colorblue,test,num1,typepositive,singlestim,29,108012,1000110,edm,paicipantresponseblue,correct
1937,Subject193,466,alone,77,alone,colorblue,test,num1,typenegative,singlestim,31,113682,1000130,edm,paicipantresponseblue,correct
2233,Subject193,408,stupid,77,stupid,colorblue,test,num1,typenegative,singlestim,33,119295,1000150,edm,paicipantresponseblue,correct
2529,Subject193,258,alone,67,alone,colorred,test,num1,typenegative,singlestim,35,124756,1000170,edc,paicipantresponsered,correct
2825,Subject193,370,happy,67,happy,colorred,test,num1,typepositive,singlestim,37,130329,1000190,edc,paicipantresponsered,correct
3121,Subject193,435,museum,77,museum,colorblue,test,num1,typeneutral,singlestim,39,135967,1000210,edm,paicipantresponseblue,correct
3417,Subject193,369,dead,67,dead,colorred,test,num1,typesuicide,singlestim,41,141540,1000230,edc,paicipantresponsered,correct
3713,Subject193,337,success,77,success,colorblue,test,num1,typepositive,singlestim,43,147081,1000250,edm,paicipantresponseblue,correct
4009,Subject193,411,dead,77,dead,colorblue,test,num1,typesuicide,singlestim,45,152694,1000270,edm,paicipantresponseblue,correct
4305,Subject193,422,rejected,77,rejected,colorblue,test,num1,typenegative,singlestim,47,158320,1000290,edm,paicipantresponseblue,correct
4601,Subject193,346,success,67,success,colorred,test,num1,typepositive,singlestim,49,163869,1000310,edc,paicipantresponsered,correct
4897,Subject193,385,funeral,77,funeral,colorblue,test,num1,typesuicide,singlestim,51,169458,1000330,edm,paicipantresponseblue,correct
5193,Subject193,392,pleasure,67,pleasure,colorred,test,num1,typepositive,singlestim,53,175054,1000350,edc,paicipantresponsered,correct
5489,Subject193,429,engine,77,engine,colorblue,test,num1,typeneutral,singlestim,55,180687,1000370,edm,paicipantresponseblue,correct
5785,Subject193,439,pleasure,77,pleasure,colorblue,test,num1,typepositive,singlestim,57,186330,1000390,edm,paicipantresponseblue,correct
6081,Subject193,283,museum,67,museum,colorred,test,num1,typeneutral,singlestim,59,191818,1000410,edc,paicipantresponsered,correct
6377,Subject193,321,suicide,77,suicide,colorblue,test,num1,typesuicide,singlestim,61,197340,1000430,edm,paicipantresponseblue,correct
6673,Subject193,334,stupid,67,stupid,colorred,test,num1,typenegative,singlestim,63,202876,1000450,edc,paicipantresponsered,correct
6969,Subject193,324,engine,67,engine,colorred,test,num1,typeneutral,singlestim,65,208406,1000470,edc,paicipantresponsered,correct
7265,Subject193,336,museum,77,museum,colorblue,test,num2,typeneutral,singlestim,67,213946,101010,edm,paicipantresponseblue,correct
7561,Subject193,421,funeral,77,funeral,colorblue,test,num2,typesuicide,singlestim,69,219570,101030,edm,paicipantresponseblue,correct
7857,Subject193,288,happy,67,happy,colorred,test,num2,typepositive,singlestim,71,225059,101050,edc,paicipantresponsered,correct
8153,Subject193,591,success,67,success,colorred,test,num2,typepositive,singlestim,73,230853,101070,edc,paicipantresponsered,correct
8449,Subject193,416,rejected,77,rejected,colorblue,test,num2,typenegative,singlestim,75,236472,101090,edm,paicipantresponseblue,correct
8745,Subject193,548,success,77,success,colorblue,test,num2,typepositive,singlestim,77,242222,1010110,edm,paicipantresponseblue,correct
9041,Subject193,273,funeral,67,funeral,colorred,test,num2,typesuicide,singlestim,79,247699,1010130,edc,paicipantresponsered,correct
9337,Subject193,384,paper,77,paper,colorblue,test,num2,typeneutral,singlestim,81,253287,1010150,edm,paicipantresponseblue,correct
9633,Subject193,269,paper,67,paper,colorred,test,num2,typeneutral,singlestim,83,258758,1010170,edc,paicipantresponsered,correct
9929,Subject193,454,pleasure,77,pleasure,colorblue,test,num2,typepositive,singlestim,85,264416,1010190,edm,paicipantresponseblue,correct
10225,Subject193,359,stupid,77,stupid,colorblue,test,num2,typenegative,singlestim,87,269978,1010210,edm,paicipantresponseblue,correct
10521,Subject193,286,museum,67,museum,colorred,test,num2,typeneutral,singlestim,89,275472,1010230,edc,paicipantresponsered,correct
10817,Subject193,369,suicide,77,suicide,colorblue,test,num2,typesuicide,singlestim,91,281044,1010250,edm,paicipantresponseblue,correct
11113,Subject193,367,engine,77,engine,colorblue,test,num2,typeneutral,singlestim,93,286616,1010270,edm,paicipantresponseblue,correct
11409,Subject193,265,engine,67,engine,colorred,test,num2,typeneutral,singlestim,95,292086,1010290,edc,paicipantresponsered,correct
11705,Subject193,372,dead,77,dead,colorblue,test,num2,typesuicide,singlestim,97,297662,1010310,edm,paicipantresponseblue,correct
12001,Subject193,353,stupid,67,stupid,colorred,test,num2,typenegative,singlestim,99,303218,1010330,edc,paicipantresponsered,correct
12297,Subject193,369,pleasure,67,pleasure,colorred,test,num2,typepositive,singlestim,101,308790,1010350,edc,paicipantresponsered,correct
12593,Subject193,314,dead,67,dead,colorred,test,num2,typesuicide,singlestim,103,314310,1010370,edc,paicipantresponsered,correct
12889,Subject193,330,suicide,67,suicide,colorred,test,num2,typesuicide,singlestim,105,319845,1010390,edc,paicipantresponsered,correct
13185,Subject193,416,rejected,67,rejected,colorred,test,num2,typenegative,singlestim,107,325465,1010410,edc,paicipantresponsered,correct
13481,Subject193,328,happy,77,happy,colorblue,test,num2,typepositive,singlestim,109,330997,1010430,edm,paicipantresponseblue,correct
13777,Subject193,322,alone,77,alone,colorblue,test,num2,typenegative,singlestim,111,336525,1010450,edm,paicipantresponseblue,correct
14073,Subject193,435,alone,67,alone,colorred,test,num2,typenegative,singlestim,113,342167,1010470,edc,paicipantresponsered,correct