,SubjectID,rt,stimulus,keypress,word,color,block,blocknum,wordtype,trialtype,trialindex,timeelapsed,internalnodeid,keypressed,participantresponse,correctresponse
24,Subject25,430,success,77,success,colorblue,test,num1,typepositive,singlestim,19,94464,100010,edm,paicipantresponseblue,correct
320,Subject25,412,success,67,success,colorred,test,num1,typepositive,singlestim,21,100082,100030,edc,paicipantresponsered,correct
616,Subject25,405,museum,67,museum,colorred,test,num1,typeneutral,singlestim,23,105694,100050,edc,paicipantresponsered,correct
912,Subject25,435,engine,67,engine,colorred,test,num1,typeneutral,singlestim,25,111335,100070,edc,paicipantresponsered,correct
1208,Subject25,479,rejected,67,rejected,colorred,test,num1,typenegative,singlestim,27,117020,100090,edc,paicipantresponsered,correct
1504,Subject25,372,stupid,67,stupid,colorred,test,num1,typenegative,singlestim,29,122597,1000110,edc,paicipantresponsered,correct
1800,Subject25,477,pleasure,67,pleasure,colorred,test,num1,typepositive,singlestim,31,128280,1000130,edc,paicipantresponsered,correct
2096,Subject25,530,rejected,77,rejected,colorblue,test,num1,typenegative,singlestim,33,134015,1000150,edm,paicipantresponseblue,correct
2392,Subject25,376,museum,67,museum,colorblue,test,num1,typeneutral,singlestim,35,139598,1000170,edc,paicipantresponsered,incorrect
2688,Subject25,447,happy,77,happy,colorblue,test,num1,typepositive,singlestim,37,145251,1000190,edm,paicipantresponseblue,correct
2984,Subject25,440,dead,67,dead,colorred,test,num1,typesuicide,singlestim,39,150897,1000210,edc,paicipantresponsered,correct
3280,Subject25,466,happy,67,happy,colorred,test,num1,typepositive,singlestim,41,156567,1000230,edc,paicipantresponsered,correct
3576,Subject25,590,alone,77,alone,colorblue,test,num1,typenegative,singlestim,43,162362,1000250,edm,paicipantresponseblue,correct
3872,Subject25,403,suicide,67,suicide,colorred,test,num1,typesuicide,singlestim,45,167971,1000270,edc,paicipantresponsered,correct
4168,Subject25,407,paper,67,paper,colorred,test,num1,typeneutral,singlestim,47,173582,1000290,edc,paicipantresponsered,correct
4464,Subject25,437,funeral,67,funeral,colorred,test,num1,typesuicide,singlestim,49,179223,1000310,edc,paicipantresponsered,correct
4760,Subject25,487,stupid,77,stupid,colorblue,test,num1,typenegative,singlestim,51,184916,1000330,edm,paicipantresponseblue,correct
5056,Subject25,421,funeral,77,funeral,colorblue,test,num1,typesuicide,singlestim,53,190542,1000350,edm,paicipantresponseblue,correct
5352,Subject25,413,alone,67,alone,colorred,test,num1,typenegative,singlestim,55,196161,1000370,edc,paicipantresponsered,correct
5648,Subject25,369,suicide,77,suicide,colorblue,test,num1,typesuicide,singlestim,57,201738,1000390,edm,paicipantresponseblue,correct
5944,Subject25,332,paper,77,paper,colorblue,test,num1,typeneutral,singlestim,59,207276,1000410,edm,paicipantresponseblue,correct
6240,Subject25,399,pleasure,77,pleasure,colorblue,test,num1,typepositive,singlestim,61,212881,1000430,edm,paicipantresponseblue,correct
6536,Subject25,522,engine,77,engine,colorblue,test,num1,typeneutral,singlestim,63,218607,1000450,edm,paicipantresponseblue,correct
6832,Subject25,330,dead,77,dead,colorblue,test,num1,typesuicide,singlestim,65,224147,1000470,edm,paicipantresponseblue,correct
7128,Subject25,364,rejected,77,rejected,colorblue,test,num2,typenegative,singlestim,67,229716,101010,edm,paicipantresponseblue,correct
7424,Subject25,321,museum,77,museum,colorblue,test,num2,typeneutral,singlestim,69,235242,101030,edm,paicipantresponseblue,correct
7720,Subject25,897,rejected,67,rejected,colorred,test,num2,typenegative,singlestim,71,241345,101050,edc,paicipantresponsered,correct
8016,Subject25,354,paper,67,paper,colorred,test,num2,typeneutral,singlestim,73,246905,101070,edc,paicipantresponsered,correct
8312,Subject25,532,engine,67,engine,colorred,test,num2,typeneutral,singlestim,75,252642,101090,edc,paicipantresponsered,correct
8608,Subject25,474,pleasure,67,pleasure,colorred,test,num2,typepositive,singlestim,77,258323,1010110,edc,paicipantresponsered,correct
8904,Subject25,425,paper,77,paper,colorblue,test,num2,typeneutral,singlestim,79,263954,1010130,edm,paicipantresponseblue,correct
9200,Subject25,414,suicide,67,suicide,colorred,test,num2,typesuicide,singlestim,81,269573,1010150,edc,paicipantresponsered,correct
9496,Subject25,416,engine,77,engine,colorblue,test,num2,typeneutral,singlestim,83,275195,1010170,edm,paicipantresponseblue,correct
9792,Subject25,531,museum,67,museum,colorred,test,num2,typeneutral,singlestim,85,280932,1010190,edc,paicipantresponsered,correct
10088,Subject25,401,dead,77,dead,colorblue,test,num2,typesuicide,singlestim,87,286538,1010210,edm,paicipantresponseblue,correct
10384,Subject25,501,alone,67,alone,colorred,test,num2,typenegative,singlestim,89,292245,1010230,edc,paicipantresponsered,correct
10680,Subject25,415,funeral,67,funeral,colorred,test,num2,typesuicide,singlestim,91,297866,1010250,edc,paicipantresponsered,correct
10976,Subject25,403,suicide,77,suicide,colorblue,test,num2,typesuicide,singlestim,93,303476,1010270,edm,paicipantresponseblue,correct
11272,Subject25,411,funeral,77,funeral,colorblue,test,num2,typesuicide,singlestim,95,309092,1010290,edm,paicipantresponseblue,correct
11568,Subject25,432,alone,77,alone,colorblue,test,num2,typenegative,singlestim,97,314731,1010310,edm,paicipantresponseblue,correct
11864,Subject25,363,happy,67,happy,colorred,test,num2,typepositive,singlestim,99,320300,1010330,edc,paicipantresponsered,correct
12160,Subject25,372,success,77,success,colorblue,test,num2,typepositive,singlestim,101,325878,1010350,edm,paicipantresponseblue,correct
12456,Subject25,441,success,77,success,colorred,test,num2,typepositive,singlestim,103,331525,1010370,edm,paicipantresponseblue,incorrect
12752,Subject25,470,happy,77,happy,colorblue,test,num2,typepositive,singlestim,105,337200,1010390,edm,paicipantresponseblue,correct
13048,Subject25,458,dead,67,dead,colorred,test,num2,typesuicide,singlestim,107,342864,1010410,edc,paicipantresponsered,correct
13344,Subject25,406,pleasure,77,pleasure,colorblue,test,num2,typepositive,singlestim,109,348476,1010430,edm,paicipantresponseblue,correct
13640,Subject25,660,stupid,67,stupid,colorred,test,num2,typenegative,singlestim,111,354342,1010450,edc,paicipantresponsered,correct
13936,Subject25,423,stupid,77,stupid,colorblue,test,num2,typenegative,singlestim,113,359972,1010470,edm,paicipantresponseblue,correct