,SubjectID,rt,stimulus,keypress,word,color,block,blocknum,wordtype,trialtype,trialindex,timeelapsed,internalnodeid,keypressed,participantresponse,correctresponse
225,Subject257,723,dead,67,dead,colorred,test,num1,typesuicide,singlestim,19,76035,100010,edc,paicipantresponsered,correct
521,Subject257,484,alone,67,alone,colorred,test,num1,typenegative,singlestim,21,81733,100030,edc,paicipantresponsered,correct
817,Subject257,729,success,67,success,colorred,test,num1,typepositive,singlestim,23,87675,100050,edc,paicipantresponsered,correct
1113,Subject257,856,alone,77,alone,colorblue,test,num1,typenegative,singlestim,25,93747,100070,edm,paicipantresponseblue,correct
1409,Subject257,874,engine,77,engine,colorblue,test,num1,typeneutral,singlestim,27,99834,100090,edm,paicipantresponseblue,correct
1705,Subject257,562,museum,77,museum,colorblue,test,num1,typeneutral,singlestim,29,105612,1000110,edm,paicipantresponseblue,correct
2001,Subject257,531,success,77,success,colorblue,test,num1,typepositive,singlestim,31,111355,1000130,edm,paicipantresponseblue,correct
2297,Subject257,594,pleasure,67,pleasure,colorred,test,num1,typepositive,singlestim,33,117159,1000150,edc,paicipantresponsered,correct
2593,Subject257,547,happy,67,happy,colorred,test,num1,typepositive,singlestim,35,122916,1000170,edc,paicipantresponsered,correct
2889,Subject257,1086,happy,77,happy,colorblue,test,num1,typepositive,singlestim,37,129212,1000190,edm,paicipantresponseblue,correct
3185,Subject257,1290,paper,77,paper,colorblue,test,num1,typeneutral,singlestim,39,135715,1000210,edm,paicipantresponseblue,correct
3481,Subject257,836,funeral,77,funeral,colorblue,test,num1,typesuicide,singlestim,41,141761,1000230,edm,paicipantresponseblue,correct
3777,Subject257,700,engine,67,engine,colorred,test,num1,typeneutral,singlestim,43,147674,1000250,edc,paicipantresponsered,correct
4073,Subject257,970,pleasure,77,pleasure,colorblue,test,num1,typepositive,singlestim,45,153858,1000270,edm,paicipantresponseblue,correct
4369,Subject257,702,suicide,77,suicide,colorblue,test,num1,typesuicide,singlestim,47,159772,1000290,edm,paicipantresponseblue,correct
4665,Subject257,880,stupid,67,stupid,colorred,test,num1,typenegative,singlestim,49,165863,1000310,edc,paicipantresponsered,correct
4961,Subject257,1,dead,1,dead,colorblue,test,num1,typesuicide,singlestim,51,173075,1000330,ed,,incorrect
5257,Subject257,703,museum,77,museum,colorred,test,num1,typeneutral,singlestim,53,178990,1000350,edm,paicipantresponseblue,incorrect
5553,Subject257,1,rejected,1,rejected,colorred,test,num1,typenegative,singlestim,55,186204,1000370,ed,,incorrect
5849,Subject257,615,rejected,77,rejected,colorblue,test,num1,typenegative,singlestim,57,192031,1000390,edm,paicipantresponseblue,correct
6145,Subject257,759,funeral,67,funeral,colorred,test,num1,typesuicide,singlestim,59,198004,1000410,edc,paicipantresponsered,correct
6441,Subject257,1591,stupid,77,stupid,colorblue,test,num1,typenegative,singlestim,61,204808,1000430,edm,paicipantresponseblue,correct
6737,Subject257,703,paper,67,paper,colorred,test,num1,typeneutral,singlestim,63,210721,1000450,edc,paicipantresponsered,correct
7033,Subject257,1362,suicide,67,suicide,colorred,test,num1,typesuicide,singlestim,65,217295,1000470,edc,paicipantresponsered,correct
7329,Subject257,831,paper,77,paper,colorblue,test,num2,typeneutral,singlestim,67,223334,101010,edm,paicipantresponseblue,correct
7625,Subject257,917,happy,67,happy,colorred,test,num2,typepositive,singlestim,69,229469,101030,edc,paicipantresponsered,correct
7921,Subject257,787,alone,67,alone,colorred,test,num2,typenegative,singlestim,71,235470,101050,edc,paicipantresponsered,correct
8217,Subject257,588,engine,67,engine,colorred,test,num2,typeneutral,singlestim,73,241272,101070,edc,paicipantresponsered,correct
8513,Subject257,744,pleasure,77,pleasure,colorblue,test,num2,typepositive,singlestim,75,247226,101090,edm,paicipantresponseblue,correct
8809,Subject257,844,alone,77,alone,colorblue,test,num2,typenegative,singlestim,77,253286,1010110,edm,paicipantresponseblue,correct
9105,Subject257,1091,stupid,77,stupid,colorblue,test,num2,typenegative,singlestim,79,259587,1010130,edm,paicipantresponseblue,correct
9401,Subject257,758,suicide,77,suicide,colorblue,test,num2,typesuicide,singlestim,81,265557,1010150,edm,paicipantresponseblue,correct
9697,Subject257,821,dead,77,dead,colorblue,test,num2,typesuicide,singlestim,83,271587,1010170,edm,paicipantresponseblue,correct
9993,Subject257,1009,museum,77,museum,colorblue,test,num2,typeneutral,singlestim,85,277810,1010190,edm,paicipantresponseblue,correct
10289,Subject257,1329,museum,67,museum,colorred,test,num2,typeneutral,singlestim,87,284348,1010210,edc,paicipantresponsered,correct
10585,Subject257,1291,funeral,67,funeral,colorred,test,num2,typesuicide,singlestim,89,290851,1010230,edc,paicipantresponsered,correct
10881,Subject257,873,rejected,77,rejected,colorblue,test,num2,typenegative,singlestim,91,296934,1010250,edm,paicipantresponseblue,correct
11177,Subject257,851,suicide,67,suicide,colorred,test,num2,typesuicide,singlestim,93,302995,1010270,edc,paicipantresponsered,correct
11473,Subject257,1187,engine,77,engine,colorblue,test,num2,typeneutral,singlestim,95,309396,1010290,edm,paicipantresponseblue,correct
11769,Subject257,983,happy,77,happy,colorblue,test,num2,typepositive,singlestim,97,315589,1010310,edm,paicipantresponseblue,correct
12065,Subject257,1459,rejected,67,rejected,colorred,test,num2,typenegative,singlestim,99,322258,1010330,edc,paicipantresponsered,correct
12361,Subject257,855,success,67,success,colorred,test,num2,typepositive,singlestim,101,328323,1010350,edc,paicipantresponsered,correct
12657,Subject257,1245,success,77,success,colorblue,test,num2,typepositive,singlestim,103,334777,1010370,edm,paicipantresponseblue,correct
12953,Subject257,1787,pleasure,67,pleasure,colorred,test,num2,typepositive,singlestim,105,341774,1010390,edc,paicipantresponsered,correct
13249,Subject257,1064,stupid,67,stupid,colorred,test,num2,typenegative,singlestim,107,348052,1010410,edc,paicipantresponsered,correct
13545,Subject257,933,dead,67,dead,colorred,test,num2,typesuicide,singlestim,109,354194,1010430,edc,paicipantresponsered,correct
13841,Subject257,1186,paper,67,paper,colorred,test,num2,typeneutral,singlestim,111,360596,1010450,edc,paicipantresponsered,correct
14137,Subject257,1434,funeral,77,funeral,colorblue,test,num2,typesuicide,singlestim,113,367241,1010470,edm,paicipantresponseblue,correct