,SubjectID,rt,stimulus,keypress,word,color,block,blocknum,wordtype,trialtype,trialindex,timeelapsed,internalnodeid,keypressed,participantresponse,correctresponse
23,Subject24,658,funeral,77,funeral,colorblue,test,num1,typesuicide,singlestim,19,90081,100010,edm,paicipantresponseblue,correct
319,Subject24,412,engine,67,engine,colorred,test,num1,typeneutral,singlestim,21,95705,100030,edc,paicipantresponsered,correct
615,Subject24,419,suicide,77,suicide,colorblue,test,num1,typesuicide,singlestim,23,101337,100050,edm,paicipantresponseblue,correct
911,Subject24,410,happy,77,happy,colorblue,test,num1,typepositive,singlestim,25,106963,100070,edm,paicipantresponseblue,correct
1207,Subject24,390,pleasure,77,pleasure,colorblue,test,num1,typepositive,singlestim,27,112571,100090,edm,paicipantresponseblue,correct
1503,Subject24,399,rejected,67,rejected,colorred,test,num1,typenegative,singlestim,29,118184,1000110,edc,paicipantresponsered,correct
1799,Subject24,361,stupid,67,stupid,colorred,test,num1,typenegative,singlestim,31,123759,1000130,edc,paicipantresponsered,correct
2095,Subject24,401,success,77,success,colorblue,test,num1,typepositive,singlestim,33,129372,1000150,edm,paicipantresponseblue,correct
2391,Subject24,425,rejected,77,rejected,colorblue,test,num1,typenegative,singlestim,35,135008,1000170,edm,paicipantresponseblue,correct
2687,Subject24,405,dead,77,dead,colorblue,test,num1,typesuicide,singlestim,37,140625,1000190,edm,paicipantresponseblue,correct
2983,Subject24,432,alone,77,alone,colorblue,test,num1,typenegative,singlestim,39,146270,1000210,edm,paicipantresponseblue,correct
3279,Subject24,348,dead,67,dead,colorred,test,num1,typesuicide,singlestim,41,151828,1000230,edc,paicipantresponsered,correct
3575,Subject24,480,engine,77,engine,colorblue,test,num1,typeneutral,singlestim,43,157520,1000250,edm,paicipantresponseblue,correct
3871,Subject24,396,paper,77,paper,colorblue,test,num1,typeneutral,singlestim,45,163130,1000270,edm,paicipantresponseblue,correct
4167,Subject24,343,success,67,success,colorred,test,num1,typepositive,singlestim,47,168685,1000290,edc,paicipantresponsered,correct
4463,Subject24,421,suicide,67,suicide,colorred,test,num1,typesuicide,singlestim,49,174317,1000310,edc,paicipantresponsered,correct
4759,Subject24,376,pleasure,67,pleasure,colorred,test,num1,typepositive,singlestim,51,179912,1000330,edc,paicipantresponsered,correct
5055,Subject24,370,museum,67,museum,colorred,test,num1,typeneutral,singlestim,53,185493,1000350,edc,paicipantresponsered,correct
5351,Subject24,404,stupid,77,stupid,colorblue,test,num1,typenegative,singlestim,55,191110,1000370,edm,paicipantresponseblue,correct
5647,Subject24,439,happy,67,happy,colorred,test,num1,typepositive,singlestim,57,196764,1000390,edc,paicipantresponsered,correct
5943,Subject24,494,paper,67,paper,colorred,test,num1,typeneutral,singlestim,59,202473,1000410,edc,paicipantresponsered,correct
6239,Subject24,436,museum,77,museum,colorblue,test,num1,typeneutral,singlestim,61,208119,1000430,edm,paicipantresponseblue,correct
6535,Subject24,492,alone,77,alone,colorred,test,num1,typenegative,singlestim,63,213823,1000450,edm,paicipantresponseblue,incorrect
6831,Subject24,347,funeral,67,funeral,colorred,test,num1,typesuicide,singlestim,65,219388,1000470,edc,paicipantresponsered,correct
7127,Subject24,475,alone,77,alone,colorblue,test,num2,typenegative,singlestim,67,225073,101010,edm,paicipantresponseblue,correct
7423,Subject24,440,engine,67,engine,colorred,test,num2,typeneutral,singlestim,69,230726,101030,edc,paicipantresponsered,correct
7719,Subject24,443,engine,77,engine,colorblue,test,num2,typeneutral,singlestim,71,236383,101050,edm,paicipantresponseblue,correct
8015,Subject24,569,pleasure,77,pleasure,colorred,test,num2,typepositive,singlestim,73,242165,101070,edm,paicipantresponseblue,incorrect
8311,Subject24,423,happy,77,happy,colorblue,test,num2,typepositive,singlestim,75,247804,101090,edm,paicipantresponseblue,correct
8607,Subject24,357,funeral,67,funeral,colorred,test,num2,typesuicide,singlestim,77,253373,1010110,edc,paicipantresponsered,correct
8903,Subject24,398,happy,67,happy,colorred,test,num2,typepositive,singlestim,79,258987,1010130,edc,paicipantresponsered,correct
9199,Subject24,727,stupid,77,stupid,colorblue,test,num2,typenegative,singlestim,81,264930,1010150,edm,paicipantresponseblue,correct
9495,Subject24,536,dead,77,dead,colorblue,test,num2,typesuicide,singlestim,83,270682,1010170,edm,paicipantresponseblue,correct
9791,Subject24,463,success,77,success,colorblue,test,num2,typepositive,singlestim,85,276361,1010190,edm,paicipantresponseblue,correct
10087,Subject24,463,suicide,77,suicide,colorblue,test,num2,typesuicide,singlestim,87,282037,1010210,edm,paicipantresponseblue,correct
10383,Subject24,395,rejected,77,rejected,colorblue,test,num2,typenegative,singlestim,89,287647,1010230,edm,paicipantresponseblue,correct
10679,Subject24,408,paper,77,paper,colorblue,test,num2,typeneutral,singlestim,91,293266,1010250,edm,paicipantresponseblue,correct
10975,Subject24,497,museum,67,museum,colorred,test,num2,typeneutral,singlestim,93,298974,1010270,edc,paicipantresponsered,correct
11271,Subject24,556,rejected,67,rejected,colorred,test,num2,typenegative,singlestim,95,304746,1010290,edc,paicipantresponsered,correct
11567,Subject24,547,paper,67,paper,colorred,test,num2,typeneutral,singlestim,97,310504,1010310,edc,paicipantresponsered,correct
11863,Subject24,472,dead,67,dead,colorred,test,num2,typesuicide,singlestim,99,316188,1010330,edc,paicipantresponsered,correct
12159,Subject24,447,alone,67,alone,colorred,test,num2,typenegative,singlestim,101,321845,1010350,edc,paicipantresponsered,correct
12455,Subject24,389,pleasure,77,pleasure,colorblue,test,num2,typepositive,singlestim,103,327447,1010370,edm,paicipantresponseblue,correct
12751,Subject24,481,funeral,77,funeral,colorblue,test,num2,typesuicide,singlestim,105,333140,1010390,edm,paicipantresponseblue,correct
13047,Subject24,888,suicide,67,suicide,colorred,test,num2,typesuicide,singlestim,107,339240,1010410,edc,paicipantresponsered,correct
13343,Subject24,505,museum,77,museum,colorblue,test,num2,typeneutral,singlestim,109,344958,1010430,edm,paicipantresponseblue,correct
13639,Subject24,567,success,67,success,colorred,test,num2,typepositive,singlestim,111,350738,1010450,edc,paicipantresponsered,correct
13935,Subject24,374,stupid,67,stupid,colorred,test,num2,typenegative,singlestim,113,356327,1010470,edc,paicipantresponsered,correct