,SubjectID,rt,stimulus,keypress,word,color,block,blocknum,wordtype,trialtype,trialindex,timeelapsed,internalnodeid,keypressed,participantresponse,correctresponse
100,Subject108,414,happy,77,happy,colorblue,test,num1,typepositive,singlestim,19,76190,100010,edm,paicipantresponseblue,correct
396,Subject108,449,stupid,77,stupid,colorblue,test,num1,typenegative,singlestim,21,81845,100030,edm,paicipantresponseblue,correct
692,Subject108,473,dead,77,dead,colorblue,test,num1,typesuicide,singlestim,23,87525,100050,edm,paicipantresponseblue,correct
988,Subject108,499,alone,77,alone,colorblue,test,num1,typenegative,singlestim,25,93231,100070,edm,paicipantresponseblue,correct
1284,Subject108,499,engine,77,engine,colorblue,test,num1,typeneutral,singlestim,27,98937,100090,edm,paicipantresponseblue,correct
1580,Subject108,461,museum,67,museum,colorred,test,num1,typeneutral,singlestim,29,104604,1000110,edc,paicipantresponsered,correct
1876,Subject108,451,museum,77,museum,colorblue,test,num1,typeneutral,singlestim,31,110261,1000130,edm,paicipantresponseblue,correct
2172,Subject108,374,paper,67,paper,colorred,test,num1,typeneutral,singlestim,33,115842,1000150,edc,paicipantresponsered,correct
2468,Subject108,507,stupid,67,stupid,colorred,test,num1,typenegative,singlestim,35,121556,1000170,edc,paicipantresponsered,correct
2764,Subject108,477,engine,67,engine,colorred,test,num1,typeneutral,singlestim,37,127239,1000190,edc,paicipantresponsered,correct
3060,Subject108,490,funeral,77,funeral,colorblue,test,num1,typesuicide,singlestim,39,132935,1000210,edm,paicipantresponseblue,correct
3356,Subject108,566,suicide,77,suicide,colorblue,test,num1,typesuicide,singlestim,41,138707,1000230,edm,paicipantresponseblue,correct
3652,Subject108,412,suicide,67,suicide,colorred,test,num1,typesuicide,singlestim,43,144325,1000250,edc,paicipantresponsered,correct
3948,Subject108,456,paper,77,paper,colorblue,test,num1,typeneutral,singlestim,45,149987,1000270,edm,paicipantresponseblue,correct
4244,Subject108,561,funeral,67,funeral,colorred,test,num1,typesuicide,singlestim,47,155755,1000290,edc,paicipantresponsered,correct
4540,Subject108,560,rejected,77,rejected,colorblue,test,num1,typenegative,singlestim,49,161521,1000310,edm,paicipantresponseblue,correct
4836,Subject108,709,success,77,success,colorblue,test,num1,typepositive,singlestim,51,167436,1000330,edm,paicipantresponseblue,correct
5132,Subject108,744,dead,67,dead,colorred,test,num1,typesuicide,singlestim,53,173386,1000350,edc,paicipantresponsered,correct
5428,Subject108,489,alone,67,alone,colorred,test,num1,typenegative,singlestim,55,179082,1000370,edc,paicipantresponsered,correct
5724,Subject108,401,pleasure,77,pleasure,colorblue,test,num1,typepositive,singlestim,57,184689,1000390,edm,paicipantresponseblue,correct
6020,Subject108,385,pleasure,67,pleasure,colorred,test,num1,typepositive,singlestim,59,190279,1000410,edc,paicipantresponsered,correct
6316,Subject108,784,happy,67,happy,colorred,test,num1,typepositive,singlestim,61,196270,1000430,edc,paicipantresponsered,correct
6612,Subject108,476,rejected,67,rejected,colorred,test,num1,typenegative,singlestim,63,201952,1000450,edc,paicipantresponsered,correct
6908,Subject108,687,success,67,success,colorred,test,num1,typepositive,singlestim,65,207846,1000470,edc,paicipantresponsered,correct
7204,Subject108,498,happy,77,happy,colorblue,test,num2,typepositive,singlestim,67,213550,101010,edm,paicipantresponseblue,correct
7500,Subject108,688,engine,67,engine,colorred,test,num2,typeneutral,singlestim,69,219444,101030,edc,paicipantresponsered,correct
7796,Subject108,685,dead,77,dead,colorblue,test,num2,typesuicide,singlestim,71,225336,101050,edm,paicipantresponseblue,correct
8092,Subject108,498,happy,67,happy,colorred,test,num2,typepositive,singlestim,73,231040,101070,edc,paicipantresponsered,correct
8388,Subject108,506,rejected,77,rejected,colorblue,test,num2,typenegative,singlestim,75,236752,101090,edm,paicipantresponseblue,correct
8684,Subject108,459,museum,77,museum,colorblue,test,num2,typeneutral,singlestim,77,242418,1010110,edm,paicipantresponseblue,correct
8980,Subject108,471,alone,77,alone,colorblue,test,num2,typenegative,singlestim,79,248094,1010130,edm,paicipantresponseblue,correct
9276,Subject108,537,funeral,77,funeral,colorblue,test,num2,typesuicide,singlestim,81,253837,1010150,edm,paicipantresponseblue,correct
9572,Subject108,427,suicide,67,suicide,colorred,test,num2,typesuicide,singlestim,83,259470,1010170,edc,paicipantresponsered,correct
9868,Subject108,487,engine,77,engine,colorblue,test,num2,typeneutral,singlestim,85,265164,1010190,edm,paicipantresponseblue,correct
10164,Subject108,435,stupid,67,stupid,colorred,test,num2,typenegative,singlestim,87,270805,1010210,edc,paicipantresponsered,correct
10460,Subject108,438,museum,67,museum,colorred,test,num2,typeneutral,singlestim,89,276450,1010230,edc,paicipantresponsered,correct
10756,Subject108,511,paper,67,paper,colorred,test,num2,typeneutral,singlestim,91,282166,1010250,edc,paicipantresponsered,correct
11052,Subject108,457,funeral,67,funeral,colorred,test,num2,typesuicide,singlestim,93,287829,1010270,edc,paicipantresponsered,correct
11348,Subject108,405,pleasure,67,pleasure,colorred,test,num2,typepositive,singlestim,95,293440,1010290,edc,paicipantresponsered,correct
11644,Subject108,350,suicide,77,suicide,colorblue,test,num2,typesuicide,singlestim,97,298996,1010310,edm,paicipantresponseblue,correct
11940,Subject108,458,dead,67,dead,colorred,test,num2,typesuicide,singlestim,99,304661,1010330,edc,paicipantresponsered,correct
12236,Subject108,397,success,77,success,colorblue,test,num2,typepositive,singlestim,101,310265,1010350,edm,paicipantresponseblue,correct
12532,Subject108,486,paper,77,paper,colorblue,test,num2,typeneutral,singlestim,103,315957,1010370,edm,paicipantresponseblue,correct
12828,Subject108,498,pleasure,77,pleasure,colorblue,test,num2,typepositive,singlestim,105,321661,1010390,edm,paicipantresponseblue,correct
13124,Subject108,526,rejected,67,rejected,colorred,test,num2,typenegative,singlestim,107,327392,1010410,edc,paicipantresponsered,correct
13420,Subject108,437,alone,67,alone,colorred,test,num2,typenegative,singlestim,109,333035,1010430,edc,paicipantresponsered,correct
13716,Subject108,454,success,67,success,colorred,test,num2,typepositive,singlestim,111,338695,1010450,edc,paicipantresponsered,correct
14012,Subject108,503,stupid,77,stupid,colorblue,test,num2,typenegative,singlestim,113,344403,1010470,edm,paicipantresponseblue,correct