,SubjectID,rt,stimulus,keypress,word,color,block,blocknum,wordtype,trialtype,trialindex,timeelapsed,internalnodeid,keypressed,participantresponse,correctresponse
177,Subject208,364,happy,77,happy,colorblue,test,num1,typepositive,singlestim,19,100679,100010,edm,paicipantresponseblue,correct
473,Subject208,452,success,77,success,colorblue,test,num1,typepositive,singlestim,21,106344,100030,edm,paicipantresponseblue,correct
769,Subject208,404,success,67,success,colorred,test,num1,typepositive,singlestim,23,111960,100050,edc,paicipantresponsered,correct
1065,Subject208,447,museum,77,museum,colorblue,test,num1,typeneutral,singlestim,25,117618,100070,edm,paicipantresponseblue,correct
1361,Subject208,377,dead,67,dead,colorred,test,num1,typesuicide,singlestim,27,123206,100090,edc,paicipantresponsered,correct
1657,Subject208,431,pleasure,77,pleasure,colorred,test,num1,typepositive,singlestim,29,128848,1000110,edm,paicipantresponseblue,incorrect
1953,Subject208,424,funeral,77,funeral,colorblue,test,num1,typesuicide,singlestim,31,134482,1000130,edm,paicipantresponseblue,correct
2249,Subject208,380,rejected,77,rejected,colorblue,test,num1,typenegative,singlestim,33,140076,1000150,edm,paicipantresponseblue,correct
2545,Subject208,373,alone,67,alone,colorred,test,num1,typenegative,singlestim,35,145663,1000170,edc,paicipantresponsered,correct
2841,Subject208,435,engine,77,engine,colorblue,test,num1,typeneutral,singlestim,37,151309,1000190,edm,paicipantresponseblue,correct
3137,Subject208,437,suicide,77,suicide,colorblue,test,num1,typesuicide,singlestim,39,156958,1000210,edm,paicipantresponseblue,correct
3433,Subject208,528,engine,67,engine,colorred,test,num1,typeneutral,singlestim,41,162698,1000230,edc,paicipantresponsered,correct
3729,Subject208,330,stupid,77,stupid,colorblue,test,num1,typenegative,singlestim,43,168238,1000250,edm,paicipantresponseblue,correct
4025,Subject208,624,stupid,67,stupid,colorred,test,num1,typenegative,singlestim,45,174078,1000270,edc,paicipantresponsered,correct
4321,Subject208,443,paper,77,paper,colorblue,test,num1,typeneutral,singlestim,47,179733,1000290,edm,paicipantresponseblue,correct
4617,Subject208,444,funeral,77,funeral,colorred,test,num1,typesuicide,singlestim,49,185387,1000310,edm,paicipantresponseblue,incorrect
4913,Subject208,563,pleasure,77,pleasure,colorblue,test,num1,typepositive,singlestim,51,191159,1000330,edm,paicipantresponseblue,correct
5209,Subject208,487,suicide,67,suicide,colorred,test,num1,typesuicide,singlestim,53,196861,1000350,edc,paicipantresponsered,correct
5505,Subject208,529,museum,67,museum,colorred,test,num1,typeneutral,singlestim,55,202602,1000370,edc,paicipantresponsered,correct
5801,Subject208,329,happy,67,happy,colorred,test,num1,typepositive,singlestim,57,208147,1000390,edc,paicipantresponsered,correct
6097,Subject208,439,alone,67,alone,colorblue,test,num1,typenegative,singlestim,59,213799,1000410,edc,paicipantresponsered,incorrect
6393,Subject208,426,dead,77,dead,colorblue,test,num1,typesuicide,singlestim,61,219434,1000430,edm,paicipantresponseblue,correct
6689,Subject208,468,rejected,67,rejected,colorred,test,num1,typenegative,singlestim,63,225116,1000450,edc,paicipantresponsered,correct
6985,Subject208,548,paper,67,paper,colorred,test,num1,typeneutral,singlestim,65,230875,1000470,edc,paicipantresponsered,correct
7281,Subject208,511,stupid,67,stupid,colorred,test,num2,typenegative,singlestim,67,236601,101010,edc,paicipantresponsered,correct
7577,Subject208,543,alone,77,alone,colorblue,test,num2,typenegative,singlestim,69,242357,101030,edm,paicipantresponseblue,correct
7873,Subject208,992,museum,67,museum,colorblue,test,num2,typeneutral,singlestim,71,248561,101050,edc,paicipantresponsered,incorrect
8169,Subject208,680,funeral,77,funeral,colorblue,test,num2,typesuicide,singlestim,73,254455,101070,edm,paicipantresponseblue,correct
8465,Subject208,441,pleasure,67,pleasure,colorred,test,num2,typepositive,singlestim,75,260106,101090,edc,paicipantresponsered,correct
8761,Subject208,612,success,77,success,colorblue,test,num2,typepositive,singlestim,77,265930,1010110,edm,paicipantresponseblue,correct
9057,Subject208,525,dead,67,dead,colorred,test,num2,typesuicide,singlestim,79,271666,1010130,edc,paicipantresponsered,correct
9353,Subject208,431,paper,67,paper,colorred,test,num2,typeneutral,singlestim,81,277307,1010150,edc,paicipantresponsered,correct
9649,Subject208,535,success,67,success,colorred,test,num2,typepositive,singlestim,83,283053,1010170,edc,paicipantresponsered,correct
9945,Subject208,482,rejected,77,rejected,colorblue,test,num2,typenegative,singlestim,85,288743,1010190,edm,paicipantresponseblue,correct
10241,Subject208,488,alone,67,alone,colorred,test,num2,typenegative,singlestim,87,294445,1010210,edc,paicipantresponsered,correct
10537,Subject208,653,museum,67,museum,colorred,test,num2,typeneutral,singlestim,89,300309,1010230,edc,paicipantresponsered,correct
10833,Subject208,485,stupid,77,stupid,colorblue,test,num2,typenegative,singlestim,91,306009,1010250,edm,paicipantresponseblue,correct
11129,Subject208,716,pleasure,67,pleasure,colorblue,test,num2,typepositive,singlestim,93,311933,1010270,edc,paicipantresponsered,incorrect
11425,Subject208,643,suicide,67,suicide,colorred,test,num2,typesuicide,singlestim,95,317787,1010290,edc,paicipantresponsered,correct
11721,Subject208,564,paper,77,paper,colorblue,test,num2,typeneutral,singlestim,97,323563,1010310,edm,paicipantresponseblue,correct
12017,Subject208,526,suicide,77,suicide,colorblue,test,num2,typesuicide,singlestim,99,329300,1010330,edm,paicipantresponseblue,correct
12313,Subject208,743,engine,67,engine,colorred,test,num2,typeneutral,singlestim,101,335252,1010350,edc,paicipantresponsered,correct
12609,Subject208,542,happy,77,happy,colorblue,test,num2,typepositive,singlestim,103,341010,1010370,edm,paicipantresponseblue,correct
12905,Subject208,651,dead,67,dead,colorblue,test,num2,typesuicide,singlestim,105,346873,1010390,edc,paicipantresponsered,incorrect
13201,Subject208,473,happy,67,happy,colorred,test,num2,typepositive,singlestim,107,352557,1010410,edc,paicipantresponsered,correct
13497,Subject208,570,funeral,67,funeral,colorred,test,num2,typesuicide,singlestim,109,358339,1010430,edc,paicipantresponsered,correct
13793,Subject208,560,rejected,67,rejected,colorred,test,num2,typenegative,singlestim,111,364112,1010450,edc,paicipantresponsered,correct
14089,Subject208,785,engine,77,engine,colorblue,test,num2,typeneutral,singlestim,113,370110,1010470,edm,paicipantresponseblue,correct