,SubjectID,rt,stimulus,keypress,word,color,block,blocknum,wordtype,trialtype,trialindex,timeelapsed,internalnodeid,keypressed,participantresponse,correctresponse
186,Subject218,477,pleasure,67,pleasure,colorred,test,num1,typepositive,singlestim,19,85966,100010,edc,paicipantresponsered,correct
482,Subject218,409,rejected,77,rejected,colorblue,test,num1,typenegative,singlestim,21,91581,100030,edm,paicipantresponseblue,correct
778,Subject218,326,alone,67,alone,colorred,test,num1,typenegative,singlestim,23,97114,100050,edc,paicipantresponsered,correct
1074,Subject218,345,alone,77,alone,colorblue,test,num1,typenegative,singlestim,25,102663,100070,edm,paicipantresponseblue,correct
1370,Subject218,515,engine,67,engine,colorred,test,num1,typeneutral,singlestim,27,108385,100090,edc,paicipantresponsered,correct
1666,Subject218,401,museum,67,museum,colorred,test,num1,typeneutral,singlestim,29,113990,1000110,edc,paicipantresponsered,correct
1962,Subject218,442,suicide,67,suicide,colorred,test,num1,typesuicide,singlestim,31,119637,1000130,edc,paicipantresponsered,correct
2258,Subject218,441,paper,67,paper,colorred,test,num1,typeneutral,singlestim,33,125284,1000150,edc,paicipantresponsered,correct
2554,Subject218,546,paper,77,paper,colorblue,test,num1,typeneutral,singlestim,35,131036,1000170,edm,paicipantresponseblue,correct
2850,Subject218,519,happy,67,happy,colorred,test,num1,typepositive,singlestim,37,136762,1000190,edc,paicipantresponsered,correct
3146,Subject218,340,museum,77,museum,colorblue,test,num1,typeneutral,singlestim,39,142308,1000210,edm,paicipantresponseblue,correct
3442,Subject218,610,dead,77,dead,colorblue,test,num1,typesuicide,singlestim,41,148123,1000230,edm,paicipantresponseblue,correct
3738,Subject218,412,funeral,77,funeral,colorblue,test,num1,typesuicide,singlestim,43,153741,1000250,edm,paicipantresponseblue,correct
4034,Subject218,305,pleasure,77,pleasure,colorblue,test,num1,typepositive,singlestim,45,159251,1000270,edm,paicipantresponseblue,correct
4330,Subject218,352,dead,67,dead,colorred,test,num1,typesuicide,singlestim,47,164808,1000290,edc,paicipantresponsered,correct
4626,Subject218,351,happy,77,happy,colorblue,test,num1,typepositive,singlestim,49,170363,1000310,edm,paicipantresponseblue,correct
4922,Subject218,387,stupid,67,stupid,colorred,test,num1,typenegative,singlestim,51,175954,1000330,edc,paicipantresponsered,correct
5218,Subject218,543,engine,77,engine,colorblue,test,num1,typeneutral,singlestim,53,181705,1000350,edm,paicipantresponseblue,correct
5514,Subject218,536,success,67,success,colorred,test,num1,typepositive,singlestim,55,187446,1000370,edc,paicipantresponsered,correct
5810,Subject218,408,funeral,67,funeral,colorred,test,num1,typesuicide,singlestim,57,193061,1000390,edc,paicipantresponsered,correct
6106,Subject218,370,suicide,77,suicide,colorblue,test,num1,typesuicide,singlestim,59,198638,1000410,edm,paicipantresponseblue,correct
6402,Subject218,583,success,77,success,colorblue,test,num1,typepositive,singlestim,61,204428,1000430,edm,paicipantresponseblue,correct
6698,Subject218,376,stupid,77,stupid,colorblue,test,num1,typenegative,singlestim,63,210010,1000450,edm,paicipantresponseblue,correct
6994,Subject218,480,rejected,67,rejected,colorred,test,num1,typenegative,singlestim,65,215696,1000470,edc,paicipantresponsered,correct
7290,Subject218,615,success,67,success,colorred,test,num2,typepositive,singlestim,67,221519,101010,edc,paicipantresponsered,correct
7586,Subject218,357,dead,77,dead,colorblue,test,num2,typesuicide,singlestim,69,227081,101030,edm,paicipantresponseblue,correct
7882,Subject218,428,funeral,67,funeral,colorred,test,num2,typesuicide,singlestim,71,232717,101050,edc,paicipantresponsered,correct
8178,Subject218,632,success,77,success,colorblue,test,num2,typepositive,singlestim,73,238554,101070,edm,paicipantresponseblue,correct
8474,Subject218,489,suicide,77,suicide,colorblue,test,num2,typesuicide,singlestim,75,244250,101090,edm,paicipantresponseblue,correct
8770,Subject218,743,rejected,67,rejected,colorred,test,num2,typenegative,singlestim,77,250199,1010110,edc,paicipantresponsered,correct
9066,Subject218,632,museum,77,museum,colorblue,test,num2,typeneutral,singlestim,79,256037,1010130,edm,paicipantresponseblue,correct
9362,Subject218,483,stupid,77,stupid,colorblue,test,num2,typenegative,singlestim,81,261726,1010150,edm,paicipantresponseblue,correct
9658,Subject218,430,dead,67,dead,colorred,test,num2,typesuicide,singlestim,83,267361,1010170,edc,paicipantresponsered,correct
9954,Subject218,504,paper,77,paper,colorblue,test,num2,typeneutral,singlestim,85,273068,1010190,edm,paicipantresponseblue,correct
10250,Subject218,547,pleasure,67,pleasure,colorred,test,num2,typepositive,singlestim,87,278820,1010210,edc,paicipantresponsered,correct
10546,Subject218,530,pleasure,77,pleasure,colorblue,test,num2,typepositive,singlestim,89,284555,1010230,edm,paicipantresponseblue,correct
10842,Subject218,441,alone,67,alone,colorred,test,num2,typenegative,singlestim,91,290202,1010250,edc,paicipantresponsered,correct
11138,Subject218,498,museum,67,museum,colorred,test,num2,typeneutral,singlestim,93,295906,1010270,edc,paicipantresponsered,correct
11434,Subject218,494,funeral,77,funeral,colorblue,test,num2,typesuicide,singlestim,95,301605,1010290,edm,paicipantresponseblue,correct
11730,Subject218,803,engine,77,engine,colorblue,test,num2,typeneutral,singlestim,97,307614,1010310,edm,paicipantresponseblue,correct
12026,Subject218,562,stupid,67,stupid,colorred,test,num2,typenegative,singlestim,99,313382,1010330,edc,paicipantresponsered,correct
12322,Subject218,563,rejected,77,rejected,colorblue,test,num2,typenegative,singlestim,101,319151,1010350,edm,paicipantresponseblue,correct
12618,Subject218,461,engine,67,engine,colorred,test,num2,typeneutral,singlestim,103,324818,1010370,edc,paicipantresponsered,correct
12914,Subject218,404,happy,77,happy,colorblue,test,num2,typepositive,singlestim,105,330427,1010390,edm,paicipantresponseblue,correct
13210,Subject218,547,alone,77,alone,colorblue,test,num2,typenegative,singlestim,107,336179,1010410,edm,paicipantresponseblue,correct
13506,Subject218,679,happy,67,happy,colorred,test,num2,typepositive,singlestim,109,342064,1010430,edc,paicipantresponsered,correct
13802,Subject218,671,paper,67,paper,colorred,test,num2,typeneutral,singlestim,111,347941,1010450,edc,paicipantresponsered,correct
14098,Subject218,591,suicide,67,suicide,colorred,test,num2,typesuicide,singlestim,113,353736,1010470,edc,paicipantresponsered,correct