,SubjectID,rt,stimulus,keypress,word,color,block,blocknum,wordtype,trialtype,trialindex,timeelapsed,internalnodeid,keypressed,participantresponse,correctresponse
199,Subject231,436,alone,67,alone,colorred,test,num1,typenegative,singlestim,19,88298,100010,edc,paicipantresponsered,correct
495,Subject231,613,rejected,67,rejected,colorred,test,num1,typenegative,singlestim,21,94122,100030,edc,paicipantresponsered,correct
791,Subject231,438,dead,77,dead,colorblue,test,num1,typesuicide,singlestim,23,99769,100050,edm,paicipantresponseblue,correct
1087,Subject231,357,happy,67,happy,colorred,test,num1,typepositive,singlestim,25,105335,100070,edc,paicipantresponsered,correct
1383,Subject231,345,engine,67,engine,colorred,test,num1,typeneutral,singlestim,27,110893,100090,edc,paicipantresponsered,correct
1679,Subject231,502,alone,77,alone,colorblue,test,num1,typenegative,singlestim,29,116606,1000110,edm,paicipantresponseblue,correct
1975,Subject231,617,suicide,67,suicide,colorred,test,num1,typesuicide,singlestim,31,122432,1000130,edc,paicipantresponsered,correct
2271,Subject231,557,success,67,success,colorred,test,num1,typepositive,singlestim,33,128198,1000150,edc,paicipantresponsered,correct
2567,Subject231,538,paper,67,paper,colorred,test,num1,typeneutral,singlestim,35,133949,1000170,edc,paicipantresponsered,correct
2863,Subject231,389,stupid,67,stupid,colorred,test,num1,typenegative,singlestim,37,139550,1000190,edc,paicipantresponsered,correct
3159,Subject231,391,paper,77,paper,colorblue,test,num1,typeneutral,singlestim,39,145153,1000210,edm,paicipantresponseblue,correct
3455,Subject231,554,happy,77,happy,colorblue,test,num1,typepositive,singlestim,41,150918,1000230,edm,paicipantresponseblue,correct
3751,Subject231,436,success,77,success,colorblue,test,num1,typepositive,singlestim,43,156564,1000250,edm,paicipantresponseblue,correct
4047,Subject231,490,dead,67,dead,colorred,test,num1,typesuicide,singlestim,45,162263,1000270,edc,paicipantresponsered,correct
4343,Subject231,637,museum,77,museum,colorblue,test,num1,typeneutral,singlestim,47,168108,1000290,edm,paicipantresponseblue,correct
4639,Subject231,476,pleasure,67,pleasure,colorred,test,num1,typepositive,singlestim,49,173793,1000310,edc,paicipantresponsered,correct
4935,Subject231,477,engine,77,engine,colorblue,test,num1,typeneutral,singlestim,51,179481,1000330,edm,paicipantresponseblue,correct
5231,Subject231,376,funeral,77,funeral,colorblue,test,num1,typesuicide,singlestim,53,185068,1000350,edm,paicipantresponseblue,correct
5527,Subject231,387,museum,67,museum,colorred,test,num1,typeneutral,singlestim,55,190670,1000370,edc,paicipantresponsered,correct
5823,Subject231,362,stupid,77,stupid,colorblue,test,num1,typenegative,singlestim,57,196245,1000390,edm,paicipantresponseblue,correct
6119,Subject231,424,rejected,77,rejected,colorblue,test,num1,typenegative,singlestim,59,201877,1000410,edm,paicipantresponseblue,correct
6415,Subject231,315,funeral,67,funeral,colorred,test,num1,typesuicide,singlestim,61,207403,1000430,edc,paicipantresponsered,correct
6711,Subject231,334,pleasure,77,pleasure,colorblue,test,num1,typepositive,singlestim,63,212948,1000450,edm,paicipantresponseblue,correct
7007,Subject231,420,suicide,77,suicide,colorblue,test,num1,typesuicide,singlestim,65,218578,1000470,edm,paicipantresponseblue,correct
7303,Subject231,490,alone,77,alone,colorblue,test,num2,typenegative,singlestim,67,224276,101010,edm,paicipantresponseblue,correct
7599,Subject231,318,paper,77,paper,colorblue,test,num2,typeneutral,singlestim,69,229803,101030,edm,paicipantresponseblue,correct
7895,Subject231,339,funeral,67,funeral,colorred,test,num2,typesuicide,singlestim,71,235355,101050,edc,paicipantresponsered,correct
8191,Subject231,486,engine,77,engine,colorblue,test,num2,typeneutral,singlestim,73,241051,101070,edm,paicipantresponseblue,correct
8487,Subject231,488,stupid,77,stupid,colorred,test,num2,typenegative,singlestim,75,246751,101090,edm,paicipantresponseblue,incorrect
8783,Subject231,439,stupid,77,stupid,colorblue,test,num2,typenegative,singlestim,77,252402,1010110,edm,paicipantresponseblue,correct
9079,Subject231,412,alone,67,alone,colorred,test,num2,typenegative,singlestim,79,258021,1010130,edc,paicipantresponsered,correct
9375,Subject231,518,dead,77,dead,colorblue,test,num2,typesuicide,singlestim,81,263751,1010150,edm,paicipantresponseblue,correct
9671,Subject231,561,pleasure,67,pleasure,colorred,test,num2,typepositive,singlestim,83,269523,1010170,edc,paicipantresponsered,correct
9967,Subject231,419,suicide,77,suicide,colorred,test,num2,typesuicide,singlestim,85,275152,1010190,edm,paicipantresponseblue,incorrect
10263,Subject231,490,happy,67,happy,colorred,test,num2,typepositive,singlestim,87,280851,1010210,edc,paicipantresponsered,correct
10559,Subject231,309,funeral,77,funeral,colorblue,test,num2,typesuicide,singlestim,89,286378,1010230,edm,paicipantresponseblue,correct
10855,Subject231,380,paper,67,paper,colorred,test,num2,typeneutral,singlestim,91,291972,1010250,edc,paicipantresponsered,correct
11151,Subject231,435,suicide,77,suicide,colorblue,test,num2,typesuicide,singlestim,93,297615,1010270,edm,paicipantresponseblue,correct
11447,Subject231,349,rejected,67,rejected,colorred,test,num2,typenegative,singlestim,95,303176,1010290,edc,paicipantresponsered,correct
11743,Subject231,506,happy,77,happy,colorblue,test,num2,typepositive,singlestim,97,308894,1010310,edm,paicipantresponseblue,correct
12039,Subject231,487,engine,67,engine,colorred,test,num2,typeneutral,singlestim,99,314591,1010330,edc,paicipantresponsered,correct
12335,Subject231,425,museum,67,museum,colorred,test,num2,typeneutral,singlestim,101,320228,1010350,edc,paicipantresponsered,correct
12631,Subject231,405,dead,67,dead,colorred,test,num2,typesuicide,singlestim,103,325843,1010370,edc,paicipantresponsered,correct
12927,Subject231,567,success,77,success,colorblue,test,num2,typepositive,singlestim,105,331622,1010390,edm,paicipantresponseblue,correct
13223,Subject231,449,museum,77,museum,colorblue,test,num2,typeneutral,singlestim,107,337279,1010410,edm,paicipantresponseblue,correct
13519,Subject231,460,success,67,success,colorred,test,num2,typepositive,singlestim,109,342952,1010430,edc,paicipantresponsered,correct
13815,Subject231,455,rejected,77,rejected,colorblue,test,num2,typenegative,singlestim,111,348622,1010450,edm,paicipantresponseblue,correct
14111,Subject231,561,pleasure,77,pleasure,colorblue,test,num2,typepositive,singlestim,113,354391,1010470,edm,paicipantresponseblue,correct