,SubjectID,rt,stimulus,keypress,word,color,block,blocknum,wordtype,trialtype,trialindex,timeelapsed,internalnodeid,keypressed,participantresponse,correctresponse
82,Subject88,659,pleasure,77,pleasure,colorblue,test,num1,typepositive,singlestim,19,62136,100010,edm,paicipantresponseblue,correct
378,Subject88,369,alone,77,alone,colorblue,test,num1,typenegative,singlestim,21,67713,100030,edm,paicipantresponseblue,correct
674,Subject88,359,funeral,77,funeral,colorblue,test,num1,typesuicide,singlestim,23,73275,100050,edm,paicipantresponseblue,correct
970,Subject88,501,alone,67,alone,colorred,test,num1,typenegative,singlestim,25,78982,100070,edc,paicipantresponsered,correct
1266,Subject88,514,rejected,77,rejected,colorblue,test,num1,typenegative,singlestim,27,84701,100090,edm,paicipantresponseblue,correct
1562,Subject88,460,happy,67,happy,colorred,test,num1,typepositive,singlestim,29,90366,1000110,edc,paicipantresponsered,correct
1858,Subject88,592,stupid,67,stupid,colorred,test,num1,typenegative,singlestim,31,96162,1000130,edc,paicipantresponsered,correct
2154,Subject88,511,dead,77,dead,colorblue,test,num1,typesuicide,singlestim,33,101878,1000150,edm,paicipantresponseblue,correct
2450,Subject88,436,success,77,success,colorblue,test,num1,typepositive,singlestim,35,107523,1000170,edm,paicipantresponseblue,correct
2746,Subject88,413,suicide,77,suicide,colorblue,test,num1,typesuicide,singlestim,37,113141,1000190,edm,paicipantresponseblue,correct
3042,Subject88,485,dead,67,dead,colorred,test,num1,typesuicide,singlestim,39,118831,1000210,edc,paicipantresponsered,correct
3338,Subject88,468,museum,67,museum,colorred,test,num1,typeneutral,singlestim,41,124514,1000230,edc,paicipantresponsered,correct
3634,Subject88,500,engine,67,engine,colorred,test,num1,typeneutral,singlestim,43,130218,1000250,edc,paicipantresponsered,correct
3930,Subject88,510,paper,67,paper,colorred,test,num1,typeneutral,singlestim,45,135932,1000270,edc,paicipantresponsered,correct
4226,Subject88,368,suicide,67,suicide,colorred,test,num1,typesuicide,singlestim,47,141506,1000290,edc,paicipantresponsered,correct
4522,Subject88,478,rejected,67,rejected,colorred,test,num1,typenegative,singlestim,49,147188,1000310,edc,paicipantresponsered,correct
4818,Subject88,418,success,67,success,colorred,test,num1,typepositive,singlestim,51,152810,1000330,edc,paicipantresponsered,correct
5114,Subject88,371,stupid,77,stupid,colorblue,test,num1,typenegative,singlestim,53,158385,1000350,edm,paicipantresponseblue,correct
5410,Subject88,345,happy,77,happy,colorblue,test,num1,typepositive,singlestim,55,163937,1000370,edm,paicipantresponseblue,correct
5706,Subject88,430,pleasure,67,pleasure,colorred,test,num1,typepositive,singlestim,57,169571,1000390,edc,paicipantresponsered,correct
6002,Subject88,554,paper,77,paper,colorblue,test,num1,typeneutral,singlestim,59,175328,1000410,edm,paicipantresponseblue,correct
6298,Subject88,492,funeral,67,funeral,colorred,test,num1,typesuicide,singlestim,61,181025,1000430,edc,paicipantresponsered,correct
6594,Subject88,435,museum,77,museum,colorblue,test,num1,typeneutral,singlestim,63,186664,1000450,edm,paicipantresponseblue,correct
6890,Subject88,448,engine,77,engine,colorblue,test,num1,typeneutral,singlestim,65,192327,1000470,edm,paicipantresponseblue,correct
7186,Subject88,522,stupid,67,stupid,colorred,test,num2,typenegative,singlestim,67,198056,101010,edc,paicipantresponsered,correct
7482,Subject88,530,rejected,67,rejected,colorred,test,num2,typenegative,singlestim,69,203790,101030,edc,paicipantresponsered,correct
7778,Subject88,434,happy,77,happy,colorblue,test,num2,typepositive,singlestim,71,209427,101050,edm,paicipantresponseblue,correct
8074,Subject88,559,rejected,77,rejected,colorblue,test,num2,typenegative,singlestim,73,215193,101070,edm,paicipantresponseblue,correct
8370,Subject88,426,paper,77,paper,colorblue,test,num2,typeneutral,singlestim,75,220823,101090,edm,paicipantresponseblue,correct
8666,Subject88,382,alone,77,alone,colorblue,test,num2,typenegative,singlestim,77,226409,1010110,edm,paicipantresponseblue,correct
8962,Subject88,393,dead,77,dead,colorblue,test,num2,typesuicide,singlestim,79,232006,1010130,edm,paicipantresponseblue,correct
9258,Subject88,564,engine,67,engine,colorred,test,num2,typeneutral,singlestim,81,237776,1010150,edc,paicipantresponsered,correct
9554,Subject88,412,happy,67,happy,colorred,test,num2,typepositive,singlestim,83,243392,1010170,edc,paicipantresponsered,correct
9850,Subject88,556,funeral,67,funeral,colorred,test,num2,typesuicide,singlestim,85,249150,1010190,edc,paicipantresponsered,correct
10146,Subject88,510,success,67,success,colorred,test,num2,typepositive,singlestim,87,254866,1010210,edc,paicipantresponsered,correct
10442,Subject88,548,dead,67,dead,colorred,test,num2,typesuicide,singlestim,89,260617,1010230,edc,paicipantresponsered,correct
10738,Subject88,438,success,77,success,colorblue,test,num2,typepositive,singlestim,91,266263,1010250,edm,paicipantresponseblue,correct
11034,Subject88,399,pleasure,77,pleasure,colorblue,test,num2,typepositive,singlestim,93,271867,1010270,edm,paicipantresponseblue,correct
11330,Subject88,563,museum,67,museum,colorred,test,num2,typeneutral,singlestim,95,277641,1010290,edc,paicipantresponsered,correct
11626,Subject88,572,alone,67,alone,colorred,test,num2,typenegative,singlestim,97,283425,1010310,edc,paicipantresponsered,correct
11922,Subject88,519,suicide,77,suicide,colorblue,test,num2,typesuicide,singlestim,99,289157,1010330,edm,paicipantresponseblue,correct
12218,Subject88,428,stupid,77,stupid,colorblue,test,num2,typenegative,singlestim,101,294791,1010350,edm,paicipantresponseblue,correct
12514,Subject88,398,funeral,77,funeral,colorblue,test,num2,typesuicide,singlestim,103,300395,1010370,edm,paicipantresponseblue,correct
12810,Subject88,469,pleasure,67,pleasure,colorred,test,num2,typepositive,singlestim,105,306069,1010390,edc,paicipantresponsered,correct
13106,Subject88,396,paper,67,paper,colorred,test,num2,typeneutral,singlestim,107,311668,1010410,edc,paicipantresponsered,correct
13402,Subject88,450,engine,77,engine,colorblue,test,num2,typeneutral,singlestim,109,317326,1010430,edm,paicipantresponseblue,correct
13698,Subject88,453,suicide,67,suicide,colorred,test,num2,typesuicide,singlestim,111,322982,1010450,edc,paicipantresponsered,correct
13994,Subject88,563,museum,77,museum,colorblue,test,num2,typeneutral,singlestim,113,328749,1010470,edm,paicipantresponseblue,correct