,SubjectID,rt,stimulus,keypress,word,color,block,blocknum,wordtype,trialtype,trialindex,timeelapsed,internalnodeid,keypressed,participantresponse,correctresponse
185,Subject216,666,dead,67,dead,colorred,test,num1,typesuicide,singlestim,19,68989,100010,edc,paicipantresponsered,correct
481,Subject216,966,alone,77,alone,colorblue,test,num1,typenegative,singlestim,21,74864,100030,edm,paicipantresponseblue,correct
777,Subject216,706,suicide,77,suicide,colorblue,test,num1,typesuicide,singlestim,23,81044,100050,edm,paicipantresponseblue,correct
1073,Subject216,600,rejected,77,rejected,colorblue,test,num1,typenegative,singlestim,25,86959,100070,edm,paicipantresponseblue,correct
1369,Subject216,418,happy,77,happy,colorblue,test,num1,typepositive,singlestim,27,92767,100090,edm,paicipantresponseblue,correct
1665,Subject216,625,dead,77,dead,colorblue,test,num1,typesuicide,singlestim,29,98390,1000110,edm,paicipantresponseblue,correct
1961,Subject216,1171,rejected,67,rejected,colorred,test,num1,typenegative,singlestim,31,104225,1000130,edc,paicipantresponsered,correct
2257,Subject216,669,pleasure,67,pleasure,colorred,test,num1,typepositive,singlestim,33,110613,1000150,edc,paicipantresponsered,correct
2553,Subject216,407,funeral,67,funeral,colorred,test,num1,typesuicide,singlestim,35,116487,1000170,edc,paicipantresponsered,correct
2849,Subject216,436,alone,67,alone,colorred,test,num1,typenegative,singlestim,37,122107,1000190,edc,paicipantresponsered,correct
3145,Subject216,493,paper,67,paper,colorred,test,num1,typeneutral,singlestim,39,127750,1000210,edc,paicipantresponsered,correct
3441,Subject216,430,engine,67,engine,colorred,test,num1,typeneutral,singlestim,41,133449,1000230,edc,paicipantresponsered,correct
3737,Subject216,461,success,67,success,colorred,test,num1,typepositive,singlestim,43,139088,1000250,edc,paicipantresponsered,correct
4033,Subject216,803,paper,77,paper,colorblue,test,num1,typeneutral,singlestim,45,144758,1000270,edm,paicipantresponseblue,correct
4329,Subject216,418,suicide,67,suicide,colorred,test,num1,typesuicide,singlestim,47,150768,1000290,edc,paicipantresponsered,correct
4625,Subject216,614,stupid,77,stupid,colorblue,test,num1,typenegative,singlestim,49,156391,1000310,edm,paicipantresponseblue,correct
4921,Subject216,533,funeral,77,funeral,colorblue,test,num1,typesuicide,singlestim,51,162218,1000330,edm,paicipantresponseblue,correct
5217,Subject216,457,pleasure,77,pleasure,colorblue,test,num1,typepositive,singlestim,53,167957,1000350,edm,paicipantresponseblue,correct
5513,Subject216,597,success,77,success,colorblue,test,num1,typepositive,singlestim,55,173625,1000370,edm,paicipantresponseblue,correct
5809,Subject216,602,happy,67,happy,colorred,test,num1,typepositive,singlestim,57,179434,1000390,edc,paicipantresponsered,correct
6105,Subject216,541,stupid,67,stupid,colorred,test,num1,typenegative,singlestim,59,185244,1000410,edc,paicipantresponsered,correct
6401,Subject216,406,museum,77,museum,colorblue,test,num1,typeneutral,singlestim,61,190999,1000430,edm,paicipantresponseblue,correct
6697,Subject216,775,engine,77,engine,colorblue,test,num1,typeneutral,singlestim,63,196618,1000450,edm,paicipantresponseblue,correct
6993,Subject216,563,museum,67,museum,colorred,test,num1,typeneutral,singlestim,65,202600,1000470,edc,paicipantresponsered,correct
7289,Subject216,511,success,77,success,colorblue,test,num2,typepositive,singlestim,67,208372,101010,edm,paicipantresponseblue,correct
7585,Subject216,443,rejected,67,rejected,colorred,test,num2,typenegative,singlestim,69,214099,101030,edc,paicipantresponsered,correct
7881,Subject216,688,suicide,77,suicide,colorblue,test,num2,typesuicide,singlestim,71,219748,101050,edm,paicipantresponseblue,correct
8177,Subject216,455,alone,77,alone,colorblue,test,num2,typenegative,singlestim,73,225644,101070,edm,paicipantresponseblue,correct
8473,Subject216,830,dead,77,dead,colorblue,test,num2,typesuicide,singlestim,75,231308,101090,edm,paicipantresponseblue,correct
8769,Subject216,425,happy,77,happy,colorblue,test,num2,typepositive,singlestim,77,237346,1010110,edm,paicipantresponseblue,correct
9065,Subject216,660,stupid,77,stupid,colorblue,test,num2,typenegative,singlestim,79,242979,1010130,edm,paicipantresponseblue,correct
9361,Subject216,406,alone,67,alone,colorred,test,num2,typenegative,singlestim,81,248854,1010150,edc,paicipantresponsered,correct
9657,Subject216,454,paper,67,paper,colorred,test,num2,typeneutral,singlestim,83,254464,1010170,edc,paicipantresponsered,correct
9953,Subject216,428,happy,67,happy,colorred,test,num2,typepositive,singlestim,85,260124,1010190,edc,paicipantresponsered,correct
10249,Subject216,492,suicide,67,suicide,colorred,test,num2,typesuicide,singlestim,87,265761,1010210,edc,paicipantresponsered,correct
10545,Subject216,910,rejected,77,rejected,colorblue,test,num2,typenegative,singlestim,89,271460,1010230,edm,paicipantresponseblue,correct
10841,Subject216,793,dead,67,dead,colorred,test,num2,typesuicide,singlestim,91,277578,1010250,edc,paicipantresponsered,correct
11137,Subject216,1433,museum,77,museum,colorred,test,num2,typeneutral,singlestim,93,283580,1010270,edm,paicipantresponseblue,incorrect
11433,Subject216,1217,funeral,77,funeral,colorblue,test,num2,typesuicide,singlestim,95,290221,1010290,edm,paicipantresponseblue,correct
11729,Subject216,550,success,67,success,colorred,test,num2,typepositive,singlestim,97,296650,1010310,edc,paicipantresponsered,correct
12025,Subject216,954,museum,77,museum,colorblue,test,num2,typeneutral,singlestim,99,302411,1010330,edm,paicipantresponseblue,correct
12321,Subject216,507,paper,77,paper,colorblue,test,num2,typeneutral,singlestim,101,308576,1010350,edm,paicipantresponseblue,correct
12617,Subject216,800,engine,77,engine,colorblue,test,num2,typeneutral,singlestim,103,314290,1010370,edm,paicipantresponseblue,correct
12913,Subject216,741,engine,67,engine,colorred,test,num2,typeneutral,singlestim,105,320299,1010390,edc,paicipantresponsered,correct
13209,Subject216,751,stupid,67,stupid,colorred,test,num2,typenegative,singlestim,107,326247,1010410,edc,paicipantresponsered,correct
13505,Subject216,847,pleasure,77,pleasure,colorblue,test,num2,typepositive,singlestim,109,332210,1010430,edm,paicipantresponseblue,correct
13801,Subject216,950,funeral,67,funeral,colorred,test,num2,typesuicide,singlestim,111,338266,1010450,edc,paicipantresponsered,correct
14097,Subject216,1001,pleasure,67,pleasure,colorred,test,num2,typepositive,singlestim,113,344432,1010470,edc,paicipantresponsered,correct