,SubjectID,rt,stimulus,keypress,word,color,block,blocknum,wordtype,trialtype,trialindex,timeelapsed,internalnodeid,keypressed,participantresponse,correctresponse
260,Subject295,415,pleasure,77,pleasure,colorblue,test,num1,typepositive,singlestim,19,99350,100010,edm,paicipantresponseblue,correct
556,Subject295,462,rejected,77,rejected,colorblue,test,num1,typenegative,singlestim,21,105019,100030,edm,paicipantresponseblue,correct
852,Subject295,370,success,67,success,colorred,test,num1,typepositive,singlestim,23,110596,100050,edc,paicipantresponsered,correct
1148,Subject295,440,dead,67,dead,colorred,test,num1,typesuicide,singlestim,25,116243,100070,edc,paicipantresponsered,correct
1444,Subject295,476,alone,67,alone,colorred,test,num1,typenegative,singlestim,27,121926,100090,edc,paicipantresponsered,correct
1740,Subject295,429,alone,77,alone,colorblue,test,num1,typenegative,singlestim,29,127559,1000110,edm,paicipantresponseblue,correct
2036,Subject295,540,paper,67,paper,colorred,test,num1,typeneutral,singlestim,31,133303,1000130,edc,paicipantresponsered,correct
2332,Subject295,460,paper,77,paper,colorblue,test,num1,typeneutral,singlestim,33,138968,1000150,edm,paicipantresponseblue,correct
2628,Subject295,469,happy,77,happy,colorblue,test,num1,typepositive,singlestim,35,144641,1000170,edm,paicipantresponseblue,correct
2924,Subject295,442,museum,77,museum,colorblue,test,num1,typeneutral,singlestim,37,150286,1000190,edm,paicipantresponseblue,correct
3220,Subject295,436,success,77,success,colorblue,test,num1,typepositive,singlestim,39,155927,1000210,edm,paicipantresponseblue,correct
3516,Subject295,601,engine,67,engine,colorred,test,num1,typeneutral,singlestim,41,161732,1000230,edc,paicipantresponsered,correct
3812,Subject295,408,happy,67,happy,colorred,test,num1,typepositive,singlestim,43,167344,1000250,edc,paicipantresponsered,correct
4108,Subject295,394,engine,77,engine,colorblue,test,num1,typeneutral,singlestim,45,172943,1000270,edm,paicipantresponseblue,correct
4404,Subject295,404,funeral,77,funeral,colorblue,test,num1,typesuicide,singlestim,47,178553,1000290,edm,paicipantresponseblue,correct
4700,Subject295,396,suicide,77,suicide,colorblue,test,num1,typesuicide,singlestim,49,184153,1000310,edm,paicipantresponseblue,correct
4996,Subject295,481,suicide,67,suicide,colorred,test,num1,typesuicide,singlestim,51,189838,1000330,edc,paicipantresponsered,correct
5292,Subject295,420,stupid,67,stupid,colorred,test,num1,typenegative,singlestim,53,195463,1000350,edc,paicipantresponsered,correct
5588,Subject295,542,dead,77,dead,colorblue,test,num1,typesuicide,singlestim,55,201210,1000370,edm,paicipantresponseblue,correct
5884,Subject295,361,stupid,77,stupid,colorblue,test,num1,typenegative,singlestim,57,206776,1000390,edm,paicipantresponseblue,correct
6180,Subject295,394,funeral,67,funeral,colorred,test,num1,typesuicide,singlestim,59,212375,1000410,edc,paicipantresponsered,correct
6476,Subject295,441,pleasure,67,pleasure,colorred,test,num1,typepositive,singlestim,61,218020,1000430,edc,paicipantresponsered,correct
6772,Subject295,483,rejected,67,rejected,colorred,test,num1,typenegative,singlestim,63,223708,1000450,edc,paicipantresponsered,correct
7068,Subject295,439,museum,67,museum,colorred,test,num1,typeneutral,singlestim,65,229354,1000470,edc,paicipantresponsered,correct
7364,Subject295,393,success,67,success,colorred,test,num2,typepositive,singlestim,67,234952,101010,edc,paicipantresponsered,correct
7660,Subject295,501,happy,77,happy,colorblue,test,num2,typepositive,singlestim,69,240659,101030,edm,paicipantresponseblue,correct
7956,Subject295,366,rejected,77,rejected,colorblue,test,num2,typenegative,singlestim,71,246229,101050,edm,paicipantresponseblue,correct
8252,Subject295,406,museum,77,museum,colorblue,test,num2,typeneutral,singlestim,73,251838,101070,edm,paicipantresponseblue,correct
8548,Subject295,374,paper,67,paper,colorred,test,num2,typeneutral,singlestim,75,257416,101090,edc,paicipantresponsered,correct
8844,Subject295,325,dead,67,dead,colorred,test,num2,typesuicide,singlestim,77,262948,1010110,edc,paicipantresponsered,correct
9140,Subject295,427,paper,67,paper,colorblue,test,num2,typeneutral,singlestim,79,268579,1010130,edc,paicipantresponsered,incorrect
9436,Subject295,410,alone,77,alone,colorblue,test,num2,typenegative,singlestim,81,274194,1010150,edm,paicipantresponseblue,correct
9732,Subject295,433,pleasure,77,pleasure,colorblue,test,num2,typepositive,singlestim,83,279832,1010170,edm,paicipantresponseblue,correct
10028,Subject295,356,stupid,77,stupid,colorblue,test,num2,typenegative,singlestim,85,285395,1010190,edm,paicipantresponseblue,correct
10324,Subject295,460,museum,67,museum,colorred,test,num2,typeneutral,singlestim,87,291060,1010210,edc,paicipantresponsered,correct
10620,Subject295,493,funeral,67,funeral,colorred,test,num2,typesuicide,singlestim,89,296757,1010230,edc,paicipantresponsered,correct
10916,Subject295,439,alone,67,alone,colorred,test,num2,typenegative,singlestim,91,302403,1010250,edc,paicipantresponsered,correct
11212,Subject295,428,funeral,77,funeral,colorblue,test,num2,typesuicide,singlestim,93,308036,1010270,edm,paicipantresponseblue,correct
11508,Subject295,534,stupid,67,stupid,colorred,test,num2,typenegative,singlestim,95,313776,1010290,edc,paicipantresponsered,correct
11804,Subject295,516,happy,67,happy,colorred,test,num2,typepositive,singlestim,97,319496,1010310,edc,paicipantresponsered,correct
12100,Subject295,487,rejected,67,rejected,colorred,test,num2,typenegative,singlestim,99,325188,1010330,edc,paicipantresponsered,correct
12396,Subject295,483,pleasure,67,pleasure,colorred,test,num2,typepositive,singlestim,101,330875,1010350,edc,paicipantresponsered,correct
12692,Subject295,459,suicide,77,suicide,colorblue,test,num2,typesuicide,singlestim,103,336540,1010370,edm,paicipantresponseblue,correct
12988,Subject295,489,engine,77,engine,colorblue,test,num2,typeneutral,singlestim,105,342234,1010390,edm,paicipantresponseblue,correct
13284,Subject295,415,success,77,success,colorblue,test,num2,typepositive,singlestim,107,347854,1010410,edm,paicipantresponseblue,correct
13580,Subject295,454,dead,77,dead,colorblue,test,num2,typesuicide,singlestim,109,353512,1010430,edm,paicipantresponseblue,correct
13876,Subject295,477,engine,67,engine,colorred,test,num2,typeneutral,singlestim,111,359193,1010450,edc,paicipantresponsered,correct
14172,Subject295,499,suicide,67,suicide,colorred,test,num2,typesuicide,singlestim,113,364898,1010470,edc,paicipantresponsered,correct