,SubjectID,rt,stimulus,keypress,word,color,block,blocknum,wordtype,trialtype,trialindex,timeelapsed,internalnodeid,keypressed,participantresponse,correctresponse
114,Subject122,912,alone,67,alone,colorred,test,num1,typenegative,singlestim,19,74884,100010,edc,paicipantresponsered,correct
410,Subject122,688,engine,67,engine,colorred,test,num1,typeneutral,singlestim,21,80788,100030,edc,paicipantresponsered,correct
706,Subject122,354,museum,77,museum,colorblue,test,num1,typeneutral,singlestim,23,86352,100050,edm,paicipantresponseblue,correct
1002,Subject122,527,success,67,success,colorred,test,num1,typepositive,singlestim,25,92091,100070,edc,paicipantresponsered,correct
1298,Subject122,477,paper,77,paper,colorblue,test,num1,typeneutral,singlestim,27,97782,100090,edm,paicipantresponseblue,correct
1594,Subject122,428,success,77,success,colorblue,test,num1,typepositive,singlestim,29,103420,1000110,edm,paicipantresponseblue,correct
1890,Subject122,425,pleasure,77,pleasure,colorblue,test,num1,typepositive,singlestim,31,109056,1000130,edm,paicipantresponseblue,correct
2186,Subject122,473,funeral,67,funeral,colorred,test,num1,typesuicide,singlestim,33,114741,1000150,edc,paicipantresponsered,correct
2482,Subject122,570,suicide,67,suicide,colorred,test,num1,typesuicide,singlestim,35,120521,1000170,edc,paicipantresponsered,correct
2778,Subject122,450,stupid,77,stupid,colorblue,test,num1,typenegative,singlestim,37,126181,1000190,edm,paicipantresponseblue,correct
3074,Subject122,663,museum,67,museum,colorred,test,num1,typeneutral,singlestim,39,132052,1000210,edc,paicipantresponsered,correct
3370,Subject122,491,funeral,77,funeral,colorblue,test,num1,typesuicide,singlestim,41,137755,1000230,edm,paicipantresponseblue,correct
3666,Subject122,1003,stupid,67,stupid,colorred,test,num1,typenegative,singlestim,43,143971,1000250,edc,paicipantresponsered,correct
3962,Subject122,515,alone,77,alone,colorblue,test,num1,typenegative,singlestim,45,149698,1000270,edm,paicipantresponseblue,correct
4258,Subject122,812,dead,67,dead,colorred,test,num1,typesuicide,singlestim,47,155724,1000290,edc,paicipantresponsered,correct
4554,Subject122,641,pleasure,67,pleasure,colorred,test,num1,typepositive,singlestim,49,161576,1000310,edc,paicipantresponsered,correct
4850,Subject122,661,rejected,77,rejected,colorblue,test,num1,typenegative,singlestim,51,167447,1000330,edm,paicipantresponseblue,correct
5146,Subject122,497,happy,77,happy,colorblue,test,num1,typepositive,singlestim,53,173156,1000350,edm,paicipantresponseblue,correct
5442,Subject122,418,happy,67,happy,colorred,test,num1,typepositive,singlestim,55,178782,1000370,edc,paicipantresponsered,correct
5738,Subject122,657,rejected,67,rejected,colorred,test,num1,typenegative,singlestim,57,184651,1000390,edc,paicipantresponsered,correct
6034,Subject122,661,engine,77,engine,colorblue,test,num1,typeneutral,singlestim,59,190522,1000410,edm,paicipantresponseblue,correct
6330,Subject122,508,suicide,77,suicide,colorblue,test,num1,typesuicide,singlestim,61,196242,1000430,edm,paicipantresponseblue,correct
6626,Subject122,379,paper,67,paper,colorred,test,num1,typeneutral,singlestim,63,201833,1000450,edc,paicipantresponsered,correct
6922,Subject122,398,dead,77,dead,colorblue,test,num1,typesuicide,singlestim,65,207443,1000470,edm,paicipantresponseblue,correct
7218,Subject122,676,pleasure,67,pleasure,colorred,test,num2,typepositive,singlestim,67,213330,101010,edc,paicipantresponsered,correct
7514,Subject122,362,alone,77,alone,colorblue,test,num2,typenegative,singlestim,69,218906,101030,edm,paicipantresponseblue,correct
7810,Subject122,566,suicide,67,suicide,colorred,test,num2,typesuicide,singlestim,71,224680,101050,edc,paicipantresponsered,correct
8106,Subject122,649,engine,77,engine,colorblue,test,num2,typeneutral,singlestim,73,230538,101070,edm,paicipantresponseblue,correct
8402,Subject122,812,alone,67,alone,colorred,test,num2,typenegative,singlestim,75,236563,101090,edc,paicipantresponsered,correct
8698,Subject122,655,success,77,success,colorblue,test,num2,typepositive,singlestim,77,242430,1010110,edm,paicipantresponseblue,correct
8994,Subject122,827,stupid,67,stupid,colorred,test,num2,typenegative,singlestim,79,248464,1010130,edc,paicipantresponsered,correct
9290,Subject122,472,paper,67,paper,colorred,test,num2,typeneutral,singlestim,81,254144,1010150,edc,paicipantresponsered,correct
9586,Subject122,546,happy,77,happy,colorblue,test,num2,typepositive,singlestim,83,259900,1010170,edm,paicipantresponseblue,correct
9882,Subject122,652,rejected,67,rejected,colorred,test,num2,typenegative,singlestim,85,265768,1010190,edc,paicipantresponsered,correct
10178,Subject122,688,funeral,67,funeral,colorred,test,num2,typesuicide,singlestim,87,271668,1010210,edc,paicipantresponsered,correct
10474,Subject122,542,rejected,77,rejected,colorblue,test,num2,typenegative,singlestim,89,277419,1010230,edm,paicipantresponseblue,correct
10770,Subject122,624,suicide,77,suicide,colorblue,test,num2,typesuicide,singlestim,91,283252,1010250,edm,paicipantresponseblue,correct
11066,Subject122,558,happy,67,happy,colorred,test,num2,typepositive,singlestim,93,289020,1010270,edc,paicipantresponsered,correct
11362,Subject122,621,stupid,77,stupid,colorblue,test,num2,typenegative,singlestim,95,294851,1010290,edm,paicipantresponseblue,correct
11658,Subject122,454,paper,77,paper,colorblue,test,num2,typeneutral,singlestim,97,300515,1010310,edm,paicipantresponseblue,correct
11954,Subject122,677,engine,67,engine,colorred,test,num2,typeneutral,singlestim,99,306403,1010330,edc,paicipantresponsered,correct
12250,Subject122,772,dead,67,dead,colorred,test,num2,typesuicide,singlestim,101,312383,1010350,edc,paicipantresponsered,correct
12546,Subject122,638,museum,67,museum,colorred,test,num2,typeneutral,singlestim,103,318232,1010370,edc,paicipantresponsered,correct
12842,Subject122,513,success,67,success,colorred,test,num2,typepositive,singlestim,105,323956,1010390,edc,paicipantresponsered,correct
13138,Subject122,658,dead,77,dead,colorblue,test,num2,typesuicide,singlestim,107,329824,1010410,edm,paicipantresponseblue,correct
13434,Subject122,803,museum,77,museum,colorblue,test,num2,typeneutral,singlestim,109,335837,1010430,edm,paicipantresponseblue,correct
13730,Subject122,388,pleasure,77,pleasure,colorblue,test,num2,typepositive,singlestim,111,341434,1010450,edm,paicipantresponseblue,correct
14026,Subject122,528,funeral,77,funeral,colorblue,test,num2,typesuicide,singlestim,113,347169,1010470,edm,paicipantresponseblue,correct