"","SubjectID","rt","stimulus","keypress","word","color","block","blocknum","wordtype","trialtype","trialindex","timeelapsed","internalnodeid","keypressed","participantresponse","correctresponse"
"5","Subject5","788","suicide","77","suicide","colorblue","test","num1","typesuicide","singlestim","19","70525","100010","edm","paicipantresponseblue","correct"
"301","Subject5","571","success","77","success","colorblue","test","num1","typepositive","singlestim","21","76308","100030","edm","paicipantresponseblue","correct"
"597","Subject5","676","stupid","67","stupid","colorred","test","num1","typenegative","singlestim","23","82196","100050","edc","paicipantresponsered","correct"
"893","Subject5","777","success","67","success","colorred","test","num1","typepositive","singlestim","25","88184","100070","edc","paicipantresponsered","correct"
"1189","Subject5","714","rejected","77","rejected","colorblue","test","num1","typenegative","singlestim","27","94107","100090","edm","paicipantresponseblue","correct"
"1485","Subject5","677","funeral","67","funeral","colorred","test","num1","typesuicide","singlestim","29","99992","1000110","edc","paicipantresponsered","correct"
"1781","Subject5","785","engine","77","engine","colorblue","test","num1","typeneutral","singlestim","31","105989","1000130","edm","paicipantresponseblue","correct"
"2077","Subject5","612","engine","67","engine","colorred","test","num1","typeneutral","singlestim","33","111814","1000150","edc","paicipantresponsered","correct"
"2373","Subject5","786","stupid","77","stupid","colorblue","test","num1","typenegative","singlestim","35","117810","1000170","edm","paicipantresponseblue","correct"
"2669","Subject5","676","dead","67","dead","colorred","test","num1","typesuicide","singlestim","37","123700","1000190","edc","paicipantresponsered","correct"
"2965","Subject5","1089","paper","67","paper","colorred","test","num1","typeneutral","singlestim","39","130002","1000210","edc","paicipantresponsered","correct"
"3261","Subject5","790","suicide","67","suicide","colorred","test","num1","typesuicide","singlestim","41","136001","1000230","edc","paicipantresponsered","correct"
"3557","Subject5","1506","happy","67","happy","colorred","test","num1","typepositive","singlestim","43","142719","1000250","edc","paicipantresponsered","correct"
"3853","Subject5","623","happy","77","happy","colorblue","test","num1","typepositive","singlestim","45","148550","1000270","edm","paicipantresponseblue","correct"
"4149","Subject5","539","pleasure","77","pleasure","colorblue","test","num1","typepositive","singlestim","47","154301","1000290","edm","paicipantresponseblue","correct"
"4445","Subject5","354","alone","77","alone","colorblue","test","num1","typenegative","singlestim","49","159868","1000310","edm","paicipantresponseblue","correct"
"4741","Subject5","847","museum","77","museum","colorblue","test","num1","typeneutral","singlestim","51","165925","1000330","edm","paicipantresponseblue","correct"
"5037","Subject5","382","alone","67","alone","colorred","test","num1","typenegative","singlestim","53","171514","1000350","edc","paicipantresponsered","correct"
"5333","Subject5","806","funeral","77","funeral","colorblue","test","num1","typesuicide","singlestim","55","177528","1000370","edm","paicipantresponseblue","correct"
"5629","Subject5","416","dead","77","dead","colorblue","test","num1","typesuicide","singlestim","57","183157","1000390","edm","paicipantresponseblue","correct"
"5925","Subject5","419","rejected","67","rejected","colorred","test","num1","typenegative","singlestim","59","188789","1000410","edc","paicipantresponsered","correct"
"6221","Subject5","419","museum","67","museum","colorred","test","num1","typeneutral","singlestim","61","194418","1000430","edc","paicipantresponsered","correct"
"6517","Subject5","718","paper","77","paper","colorblue","test","num1","typeneutral","singlestim","63","200351","1000450","edm","paicipantresponseblue","correct"
"6813","Subject5","590","pleasure","67","pleasure","colorred","test","num1","typepositive","singlestim","65","206153","1000470","edc","paicipantresponsered","correct"
"7109","Subject5","673","rejected","77","rejected","colorblue","test","num2","typenegative","singlestim","67","212039","101010","edm","paicipantresponseblue","correct"
"7405","Subject5","441","suicide","67","suicide","colorred","test","num2","typesuicide","singlestim","69","217691","101030","edc","paicipantresponsered","correct"
"7701","Subject5","850","pleasure","77","pleasure","colorblue","test","num2","typepositive","singlestim","71","223750","101050","edm","paicipantresponseblue","correct"
"7997","Subject5","392","paper","67","paper","colorred","test","num2","typeneutral","singlestim","73","229351","101070","edc","paicipantresponsered","correct"
"8293","Subject5","621","dead","67","dead","colorred","test","num2","typesuicide","singlestim","75","235185","101090","edc","paicipantresponsered","correct"
"8589","Subject5","484","alone","67","alone","colorred","test","num2","typenegative","singlestim","77","240881","1010110","edc","paicipantresponsered","correct"
"8885","Subject5","622","stupid","77","stupid","colorblue","test","num2","typenegative","singlestim","79","246712","1010130","edm","paicipantresponseblue","correct"
"9181","Subject5","695","rejected","67","rejected","colorred","test","num2","typenegative","singlestim","81","252619","1010150","edc","paicipantresponsered","correct"
"9477","Subject5","745","pleasure","67","pleasure","colorred","test","num2","typepositive","singlestim","83","258574","1010170","edc","paicipantresponsered","correct"
"9773","Subject5","483","success","77","success","colorblue","test","num2","typepositive","singlestim","85","264266","1010190","edm","paicipantresponseblue","correct"
"10069","Subject5","676","engine","77","engine","colorblue","test","num2","typeneutral","singlestim","87","270151","1010210","edm","paicipantresponseblue","correct"
"10365","Subject5","907","stupid","67","stupid","colorred","test","num2","typenegative","singlestim","89","276267","1010230","edc","paicipantresponsered","correct"
"10661","Subject5","580","funeral","77","funeral","colorblue","test","num2","typesuicide","singlestim","91","282059","1010250","edm","paicipantresponseblue","correct"
"10957","Subject5","423","museum","77","museum","colorblue","test","num2","typeneutral","singlestim","93","287693","1010270","edm","paicipantresponseblue","correct"
"11253","Subject5","357","happy","77","happy","colorblue","test","num2","typepositive","singlestim","95","293262","1010290","edm","paicipantresponseblue","correct"
"11549","Subject5","557","happy","67","happy","colorred","test","num2","typepositive","singlestim","97","299029","1010310","edc","paicipantresponsered","correct"
"11845","Subject5","380","suicide","77","suicide","colorblue","test","num2","typesuicide","singlestim","99","304622","1010330","edm","paicipantresponseblue","correct"
"12141","Subject5","442","alone","77","alone","colorblue","test","num2","typenegative","singlestim","101","310273","1010350","edm","paicipantresponseblue","correct"
"12437","Subject5","820","museum","67","museum","colorred","test","num2","typeneutral","singlestim","103","316306","1010370","edc","paicipantresponsered","correct"
"12733","Subject5","658","dead","77","dead","colorblue","test","num2","typesuicide","singlestim","105","322175","1010390","edm","paicipantresponseblue","correct"
"13029","Subject5","989","funeral","67","funeral","colorred","test","num2","typesuicide","singlestim","107","328370","1010410","edc","paicipantresponsered","correct"
"13325","Subject5","468","success","67","success","colorred","test","num2","typepositive","singlestim","109","334049","1010430","edc","paicipantresponsered","correct"
"13621","Subject5","1374","engine","67","engine","colorred","test","num2","typeneutral","singlestim","111","340634","1010450","edc","paicipantresponsered","correct"
"13917","Subject5","417","paper","77","paper","colorblue","test","num2","typeneutral","singlestim","113","346260","1010470","edm","paicipantresponseblue","correct"
