,SubjectID,rt,stimulus,keypress,word,color,block,blocknum,wordtype,trialtype,trialindex,timeelapsed,internalnodeid,keypressed,participantresponse,correctresponse
49,Subject52,670,pleasure,77,pleasure,colorblue,test,num1,typepositive,singlestim,19,153488,100010,edm,paicipantresponseblue,correct
345,Subject52,466,suicide,67,suicide,colorred,test,num1,typesuicide,singlestim,21,159164,100030,edc,paicipantresponsered,correct
641,Subject52,383,museum,77,museum,colorblue,test,num1,typeneutral,singlestim,23,164757,100050,edm,paicipantresponseblue,correct
937,Subject52,613,happy,67,happy,colorred,test,num1,typepositive,singlestim,25,170582,100070,edc,paicipantresponsered,correct
1233,Subject52,652,pleasure,67,pleasure,colorred,test,num1,typepositive,singlestim,27,176451,100090,edc,paicipantresponsered,correct
1529,Subject52,407,alone,67,alone,colorred,test,num1,typenegative,singlestim,29,182072,1000110,edc,paicipantresponsered,correct
1825,Subject52,468,engine,77,engine,colorblue,test,num1,typeneutral,singlestim,31,187750,1000130,edm,paicipantresponseblue,correct
2121,Subject52,378,paper,67,paper,colorred,test,num1,typeneutral,singlestim,33,193337,1000150,edc,paicipantresponsered,correct
2417,Subject52,419,paper,77,paper,colorblue,test,num1,typeneutral,singlestim,35,198967,1000170,edm,paicipantresponseblue,correct
2713,Subject52,769,dead,67,dead,colorred,test,num1,typesuicide,singlestim,37,204947,1000190,edc,paicipantresponsered,correct
3009,Subject52,553,suicide,77,suicide,colorblue,test,num1,typesuicide,singlestim,39,210710,1000210,edm,paicipantresponseblue,correct
3305,Subject52,384,alone,77,alone,colorblue,test,num1,typenegative,singlestim,41,216305,1000230,edm,paicipantresponseblue,correct
3601,Subject52,486,stupid,77,stupid,colorblue,test,num1,typenegative,singlestim,43,222002,1000250,edm,paicipantresponseblue,correct
3897,Subject52,403,happy,77,happy,colorblue,test,num1,typepositive,singlestim,45,227618,1000270,edm,paicipantresponseblue,correct
4193,Subject52,557,museum,67,museum,colorred,test,num1,typeneutral,singlestim,47,233388,1000290,edc,paicipantresponsered,correct
4489,Subject52,566,success,77,success,colorred,test,num1,typepositive,singlestim,49,239163,1000310,edm,paicipantresponseblue,incorrect
4785,Subject52,721,stupid,67,stupid,colorred,test,num1,typenegative,singlestim,51,245097,1000330,edc,paicipantresponsered,correct
5081,Subject52,824,success,77,success,colorblue,test,num1,typepositive,singlestim,53,251134,1000350,edm,paicipantresponseblue,correct
5377,Subject52,502,rejected,67,rejected,colorred,test,num1,typenegative,singlestim,55,256849,1000370,edc,paicipantresponsered,correct
5673,Subject52,489,engine,67,engine,colorred,test,num1,typeneutral,singlestim,57,262547,1000390,edc,paicipantresponsered,correct
5969,Subject52,720,dead,77,dead,colorblue,test,num1,typesuicide,singlestim,59,268478,1000410,edm,paicipantresponseblue,correct
6265,Subject52,1032,funeral,77,funeral,colorblue,test,num1,typesuicide,singlestim,61,274722,1000430,edm,paicipantresponseblue,correct
6561,Subject52,450,rejected,77,rejected,colorblue,test,num1,typenegative,singlestim,63,280385,1000450,edm,paicipantresponseblue,correct
6857,Subject52,602,funeral,67,funeral,colorred,test,num1,typesuicide,singlestim,65,286197,1000470,edc,paicipantresponsered,correct
7153,Subject52,670,paper,67,paper,colorred,test,num2,typeneutral,singlestim,67,292079,101010,edc,paicipantresponsered,correct
7449,Subject52,566,success,77,success,colorblue,test,num2,typepositive,singlestim,69,297855,101030,edm,paicipantresponseblue,correct
7745,Subject52,762,rejected,77,rejected,colorblue,test,num2,typenegative,singlestim,71,303827,101050,edm,paicipantresponseblue,correct
8041,Subject52,670,museum,67,museum,colorred,test,num2,typeneutral,singlestim,73,309707,101070,edc,paicipantresponsered,correct
8337,Subject52,463,alone,77,alone,colorblue,test,num2,typenegative,singlestim,75,315379,101090,edm,paicipantresponseblue,correct
8633,Subject52,689,suicide,67,suicide,colorred,test,num2,typesuicide,singlestim,77,321277,1010110,edc,paicipantresponsered,correct
8929,Subject52,519,pleasure,77,pleasure,colorblue,test,num2,typepositive,singlestim,79,327009,1010130,edm,paicipantresponseblue,correct
9225,Subject52,436,engine,67,engine,colorred,test,num2,typeneutral,singlestim,81,332654,1010150,edc,paicipantresponsered,correct
9521,Subject52,578,happy,77,happy,colorblue,test,num2,typepositive,singlestim,83,338444,1010170,edm,paicipantresponseblue,correct
9817,Subject52,650,rejected,67,rejected,colorred,test,num2,typenegative,singlestim,85,344303,1010190,edc,paicipantresponsered,correct
10113,Subject52,623,funeral,77,funeral,colorblue,test,num2,typesuicide,singlestim,87,350138,1010210,edm,paicipantresponseblue,correct
10409,Subject52,417,dead,67,dead,colorred,test,num2,typesuicide,singlestim,89,355765,1010230,edc,paicipantresponsered,correct
10705,Subject52,569,alone,67,alone,colorred,test,num2,typenegative,singlestim,91,361542,1010250,edc,paicipantresponsered,correct
11001,Subject52,595,stupid,77,stupid,colorblue,test,num2,typenegative,singlestim,93,367349,1010270,edm,paicipantresponseblue,correct
11297,Subject52,664,engine,77,engine,colorblue,test,num2,typeneutral,singlestim,95,373221,1010290,edm,paicipantresponseblue,correct
11593,Subject52,593,pleasure,77,pleasure,colorred,test,num2,typepositive,singlestim,97,379025,1010310,edm,paicipantresponseblue,incorrect
11889,Subject52,815,happy,67,happy,colorred,test,num2,typepositive,singlestim,99,385051,1010330,edc,paicipantresponsered,correct
12185,Subject52,687,paper,77,paper,colorblue,test,num2,typeneutral,singlestim,101,390947,1010350,edm,paicipantresponseblue,correct
12481,Subject52,469,suicide,77,suicide,colorblue,test,num2,typesuicide,singlestim,103,396626,1010370,edm,paicipantresponseblue,correct
12777,Subject52,496,stupid,67,stupid,colorred,test,num2,typenegative,singlestim,105,402335,1010390,edc,paicipantresponsered,correct
13073,Subject52,480,museum,77,museum,colorblue,test,num2,typeneutral,singlestim,107,408027,1010410,edm,paicipantresponseblue,correct
13369,Subject52,512,funeral,67,funeral,colorred,test,num2,typesuicide,singlestim,109,413752,1010430,edc,paicipantresponsered,correct
13665,Subject52,694,dead,77,dead,colorblue,test,num2,typesuicide,singlestim,111,419657,1010450,edm,paicipantresponseblue,correct
13961,Subject52,619,success,67,success,colorred,test,num2,typepositive,singlestim,113,425483,1010470,edc,paicipantresponsered,correct