,SubjectID,rt,stimulus,keypress,word,color,block,blocknum,wordtype,trialtype,trialindex,timeelapsed,internalnodeid,keypressed,participantresponse,correctresponse
54,Subject57,835,engine,67,engine,colorred,test,num1,typeneutral,singlestim,19,7821916,100010,edc,paicipantresponsered,correct
350,Subject57,507,paper,67,paper,colorred,test,num1,typeneutral,singlestim,21,7827634,100030,edc,paicipantresponsered,correct
646,Subject57,629,museum,77,museum,colorblue,test,num1,typeneutral,singlestim,23,7833476,100050,edm,paicipantresponseblue,correct
942,Subject57,812,paper,77,paper,colorblue,test,num1,typeneutral,singlestim,25,7839504,100070,edm,paicipantresponseblue,correct
1238,Subject57,775,dead,67,dead,colorred,test,num1,typesuicide,singlestim,27,7845491,100090,edc,paicipantresponsered,correct
1534,Subject57,984,dead,77,dead,colorblue,test,num1,typesuicide,singlestim,29,7851687,1000110,edm,paicipantresponseblue,correct
1830,Subject57,891,suicide,77,suicide,colorblue,test,num1,typesuicide,singlestim,31,7857790,1000130,edm,paicipantresponseblue,correct
2126,Subject57,692,museum,67,museum,colorred,test,num1,typeneutral,singlestim,33,7863696,1000150,edc,paicipantresponsered,correct
2422,Subject57,549,stupid,67,stupid,colorred,test,num1,typenegative,singlestim,35,7869456,1000170,edc,paicipantresponsered,correct
2718,Subject57,543,funeral,77,funeral,colorblue,test,num1,typesuicide,singlestim,37,7875215,1000190,edm,paicipantresponseblue,correct
3014,Subject57,711,suicide,67,suicide,colorred,test,num1,typesuicide,singlestim,39,7881140,1000210,edc,paicipantresponsered,correct
3310,Subject57,636,alone,67,alone,colorred,test,num1,typenegative,singlestim,41,7886982,1000230,edc,paicipantresponsered,correct
3606,Subject57,635,happy,77,happy,colorblue,test,num1,typepositive,singlestim,43,7892828,1000250,edm,paicipantresponseblue,correct
3902,Subject57,675,pleasure,67,pleasure,colorred,test,num1,typepositive,singlestim,45,7898720,1000270,edc,paicipantresponsered,correct
4198,Subject57,810,rejected,67,rejected,colorred,test,num1,typenegative,singlestim,47,7904741,1000290,edc,paicipantresponsered,correct
4494,Subject57,746,stupid,77,stupid,colorblue,test,num1,typenegative,singlestim,49,7910701,1000310,edm,paicipantresponseblue,correct
4790,Subject57,1064,rejected,77,rejected,colorblue,test,num1,typenegative,singlestim,51,7916983,1000330,edm,paicipantresponseblue,correct
5086,Subject57,708,pleasure,77,pleasure,colorblue,test,num1,typepositive,singlestim,53,7922906,1000350,edm,paicipantresponseblue,correct
5382,Subject57,619,success,67,success,colorred,test,num1,typepositive,singlestim,55,7928734,1000370,edc,paicipantresponsered,correct
5678,Subject57,815,engine,77,engine,colorblue,test,num1,typeneutral,singlestim,57,7934759,1000390,edm,paicipantresponseblue,correct
5974,Subject57,445,alone,77,alone,colorblue,test,num1,typenegative,singlestim,59,7940419,1000410,edm,paicipantresponseblue,correct
6270,Subject57,554,funeral,67,funeral,colorred,test,num1,typesuicide,singlestim,61,7946187,1000430,edc,paicipantresponsered,correct
6566,Subject57,514,success,77,success,colorblue,test,num1,typepositive,singlestim,63,7951910,1000450,edm,paicipantresponseblue,correct
6862,Subject57,585,happy,67,happy,colorred,test,num1,typepositive,singlestim,65,7957705,1000470,edc,paicipantresponsered,correct
7158,Subject57,764,pleasure,67,pleasure,colorred,test,num2,typepositive,singlestim,67,7963681,101010,edc,paicipantresponsered,correct
7454,Subject57,395,paper,77,paper,colorblue,test,num2,typeneutral,singlestim,69,7969285,101030,edm,paicipantresponseblue,correct
7750,Subject57,699,rejected,67,rejected,colorred,test,num2,typenegative,singlestim,71,7975196,101050,edc,paicipantresponsered,correct
8046,Subject57,547,engine,67,engine,colorred,test,num2,typeneutral,singlestim,73,7980952,101070,edc,paicipantresponsered,correct
8342,Subject57,545,happy,77,happy,colorblue,test,num2,typepositive,singlestim,75,7986709,101090,edm,paicipantresponseblue,correct
8638,Subject57,1441,happy,67,happy,colorred,test,num2,typepositive,singlestim,77,7993362,1010110,edc,paicipantresponsered,correct
8934,Subject57,418,engine,77,engine,colorblue,test,num2,typeneutral,singlestim,79,7998991,1010130,edm,paicipantresponseblue,correct
9230,Subject57,688,success,77,success,colorblue,test,num2,typepositive,singlestim,81,8004891,1010150,edm,paicipantresponseblue,correct
9526,Subject57,1225,dead,67,dead,colorred,test,num2,typesuicide,singlestim,83,8011325,1010170,edc,paicipantresponsered,correct
9822,Subject57,496,funeral,67,funeral,colorred,test,num2,typesuicide,singlestim,85,8017033,1010190,edc,paicipantresponsered,correct
10118,Subject57,394,suicide,77,suicide,colorblue,test,num2,typesuicide,singlestim,87,8022635,1010210,edm,paicipantresponseblue,correct
10414,Subject57,687,rejected,77,rejected,colorblue,test,num2,typenegative,singlestim,89,8028536,1010230,edm,paicipantresponseblue,correct
10710,Subject57,514,alone,77,alone,colorblue,test,num2,typenegative,singlestim,91,8034261,1010250,edm,paicipantresponseblue,correct
11006,Subject57,438,museum,67,museum,colorred,test,num2,typeneutral,singlestim,93,8039913,1010270,edc,paicipantresponsered,correct
11302,Subject57,377,stupid,67,stupid,colorred,test,num2,typenegative,singlestim,95,8045499,1010290,edc,paicipantresponsered,correct
11598,Subject57,556,paper,67,paper,colorred,test,num2,typeneutral,singlestim,97,8051270,1010310,edc,paicipantresponsered,correct
11894,Subject57,460,success,67,success,colorred,test,num2,typepositive,singlestim,99,8056941,1010330,edc,paicipantresponsered,correct
12190,Subject57,542,suicide,67,suicide,colorred,test,num2,typesuicide,singlestim,101,8062695,1010350,edc,paicipantresponsered,correct
12486,Subject57,435,dead,77,dead,colorblue,test,num2,typesuicide,singlestim,103,8068341,1010370,edm,paicipantresponseblue,correct
12782,Subject57,362,pleasure,77,pleasure,colorblue,test,num2,typepositive,singlestim,105,8073913,1010390,edm,paicipantresponseblue,correct
13078,Subject57,663,museum,77,museum,colorblue,test,num2,typeneutral,singlestim,107,8079787,1010410,edm,paicipantresponseblue,correct
13374,Subject57,378,funeral,77,funeral,colorblue,test,num2,typesuicide,singlestim,109,8085377,1010430,edm,paicipantresponseblue,correct
13670,Subject57,853,alone,67,alone,colorred,test,num2,typenegative,singlestim,111,8091440,1010450,edc,paicipantresponsered,correct
13966,Subject57,472,stupid,77,stupid,colorblue,test,num2,typenegative,singlestim,113,8097125,1010470,edm,paicipantresponseblue,correct