,SubjectID,rt,stimulus,keypress,word,color,block,blocknum,wordtype,trialtype,trialindex,timeelapsed,internalnodeid,keypressed,participantresponse,correctresponse
55,Subject58,1795,success,77,success,colorblue,test,num1,typepositive,singlestim,19,113236,100010,edm,paicipantresponseblue,correct
351,Subject58,778,rejected,77,rejected,colorblue,test,num1,typenegative,singlestim,21,119227,100030,edm,paicipantresponseblue,correct
647,Subject58,424,stupid,67,stupid,colorred,test,num1,typenegative,singlestim,23,124863,100050,edc,paicipantresponsered,correct
943,Subject58,669,pleasure,67,pleasure,colorred,test,num1,typepositive,singlestim,25,130743,100070,edc,paicipantresponsered,correct
1239,Subject58,432,dead,77,dead,colorblue,test,num1,typesuicide,singlestim,27,136385,100090,edm,paicipantresponseblue,correct
1535,Subject58,1,suicide,1,suicide,colorblue,test,num1,typesuicide,singlestim,29,143603,1000110,ed,,incorrect
1831,Subject58,471,funeral,77,funeral,colorblue,test,num1,typesuicide,singlestim,31,149287,1000130,edm,paicipantresponseblue,correct
2127,Subject58,450,museum,67,museum,colorred,test,num1,typeneutral,singlestim,33,154950,1000150,edc,paicipantresponsered,correct
2423,Subject58,568,funeral,67,funeral,colorred,test,num1,typesuicide,singlestim,35,160730,1000170,edc,paicipantresponsered,correct
2719,Subject58,450,dead,67,dead,colorred,test,num1,typesuicide,singlestim,37,166397,1000190,edc,paicipantresponsered,correct
3015,Subject58,693,happy,67,happy,colorred,test,num1,typepositive,singlestim,39,172302,1000210,edc,paicipantresponsered,correct
3311,Subject58,580,rejected,67,rejected,colorred,test,num1,typenegative,singlestim,41,178097,1000230,edc,paicipantresponsered,correct
3607,Subject58,691,stupid,77,stupid,colorblue,test,num1,typenegative,singlestim,43,184001,1000250,edm,paicipantresponseblue,correct
3903,Subject58,574,success,67,success,colorred,test,num1,typepositive,singlestim,45,189787,1000270,edc,paicipantresponsered,correct
4199,Subject58,470,alone,67,alone,colorred,test,num1,typenegative,singlestim,47,195473,1000290,edc,paicipantresponsered,correct
4495,Subject58,406,happy,77,happy,colorblue,test,num1,typepositive,singlestim,49,201094,1000310,edm,paicipantresponseblue,correct
4791,Subject58,400,paper,67,paper,colorred,test,num1,typeneutral,singlestim,51,206710,1000330,edc,paicipantresponsered,correct
5087,Subject58,664,paper,77,paper,colorblue,test,num1,typeneutral,singlestim,53,212588,1000350,edm,paicipantresponseblue,correct
5383,Subject58,604,suicide,67,suicide,colorred,test,num1,typesuicide,singlestim,55,218402,1000370,edc,paicipantresponsered,correct
5679,Subject58,597,engine,77,engine,colorblue,test,num1,typeneutral,singlestim,57,224214,1000390,edm,paicipantresponseblue,correct
5975,Subject58,467,pleasure,77,pleasure,colorblue,test,num1,typepositive,singlestim,59,229891,1000410,edm,paicipantresponseblue,correct
6271,Subject58,422,museum,77,museum,colorblue,test,num1,typeneutral,singlestim,61,235523,1000430,edm,paicipantresponseblue,correct
6567,Subject58,496,engine,67,engine,colorred,test,num1,typeneutral,singlestim,63,241235,1000450,edc,paicipantresponsered,correct
6863,Subject58,438,alone,77,alone,colorblue,test,num1,typenegative,singlestim,65,246887,1000470,edm,paicipantresponseblue,correct
7159,Subject58,633,rejected,67,rejected,colorred,test,num2,typenegative,singlestim,67,252735,101010,edc,paicipantresponsered,correct
7455,Subject58,531,museum,67,museum,colorred,test,num2,typeneutral,singlestim,69,258477,101030,edc,paicipantresponsered,correct
7751,Subject58,653,suicide,77,suicide,colorblue,test,num2,typesuicide,singlestim,71,264344,101050,edm,paicipantresponseblue,correct
8047,Subject58,630,happy,77,happy,colorblue,test,num2,typepositive,singlestim,73,270185,101070,edm,paicipantresponseblue,correct
8343,Subject58,677,engine,77,engine,colorblue,test,num2,typeneutral,singlestim,75,276077,101090,edm,paicipantresponseblue,correct
8639,Subject58,798,funeral,77,funeral,colorblue,test,num2,typesuicide,singlestim,77,282086,1010110,edm,paicipantresponseblue,correct
8935,Subject58,479,pleasure,67,pleasure,colorred,test,num2,typepositive,singlestim,79,287777,1010130,edc,paicipantresponsered,correct
9231,Subject58,527,engine,67,engine,colorred,test,num2,typeneutral,singlestim,81,293519,1010150,edc,paicipantresponsered,correct
9527,Subject58,505,success,67,success,colorred,test,num2,typepositive,singlestim,83,299239,1010170,edc,paicipantresponsered,correct
9823,Subject58,574,museum,77,museum,colorblue,test,num2,typeneutral,singlestim,85,305023,1010190,edm,paicipantresponseblue,correct
10119,Subject58,505,paper,77,paper,colorblue,test,num2,typeneutral,singlestim,87,310742,1010210,edm,paicipantresponseblue,correct
10415,Subject58,643,success,77,success,colorblue,test,num2,typepositive,singlestim,89,316598,1010230,edm,paicipantresponseblue,correct
10711,Subject58,460,pleasure,77,pleasure,colorblue,test,num2,typepositive,singlestim,91,322274,1010250,edm,paicipantresponseblue,correct
11007,Subject58,671,funeral,67,funeral,colorred,test,num2,typesuicide,singlestim,93,328159,1010270,edc,paicipantresponsered,correct
11303,Subject58,581,dead,67,dead,colorred,test,num2,typesuicide,singlestim,95,333954,1010290,edc,paicipantresponsered,correct
11599,Subject58,523,rejected,77,rejected,colorblue,test,num2,typenegative,singlestim,97,339689,1010310,edm,paicipantresponseblue,correct
11895,Subject58,580,stupid,77,stupid,colorblue,test,num2,typenegative,singlestim,99,345479,1010330,edm,paicipantresponseblue,correct
12191,Subject58,626,alone,77,alone,colorblue,test,num2,typenegative,singlestim,101,351318,1010350,edm,paicipantresponseblue,correct
12487,Subject58,449,dead,77,dead,colorblue,test,num2,typesuicide,singlestim,103,356981,1010370,edm,paicipantresponseblue,correct
12783,Subject58,498,paper,67,paper,colorred,test,num2,typeneutral,singlestim,105,362689,1010390,edc,paicipantresponsered,correct
13079,Subject58,473,suicide,67,suicide,colorred,test,num2,typesuicide,singlestim,107,368376,1010410,edc,paicipantresponsered,correct
13375,Subject58,447,stupid,67,stupid,colorred,test,num2,typenegative,singlestim,109,374036,1010430,edc,paicipantresponsered,correct
13671,Subject58,549,alone,67,alone,colorred,test,num2,typenegative,singlestim,111,379799,1010450,edc,paicipantresponsered,correct
13967,Subject58,576,happy,67,happy,colorred,test,num2,typepositive,singlestim,113,385589,1010470,edc,paicipantresponsered,correct