,SubjectID,rt,stimulus,keypress,word,color,block,blocknum,wordtype,trialtype,trialindex,timeelapsed,internalnodeid,keypressed,participantresponse,correctresponse
221,Subject253,406,paper,77,paper,colorblue,test,num1,typeneutral,singlestim,19,198139,100010,edm,paicipantresponseblue,correct
517,Subject253,315,museum,67,museum,colorred,test,num1,typeneutral,singlestim,21,203661,100030,edc,paicipantresponsered,correct
813,Subject253,383,happy,67,happy,colorred,test,num1,typepositive,singlestim,23,209253,100050,edc,paicipantresponsered,correct
1109,Subject253,360,alone,77,alone,colorblue,test,num1,typenegative,singlestim,25,214821,100070,edm,paicipantresponseblue,correct
1405,Subject253,377,happy,77,happy,colorblue,test,num1,typepositive,singlestim,27,220409,100090,edm,paicipantresponseblue,correct
1701,Subject253,426,paper,67,paper,colorred,test,num1,typeneutral,singlestim,29,226042,1000110,edc,paicipantresponsered,correct
1997,Subject253,593,dead,77,dead,colorblue,test,num1,typesuicide,singlestim,31,231841,1000130,edm,paicipantresponseblue,correct
2293,Subject253,600,funeral,77,funeral,colorblue,test,num1,typesuicide,singlestim,33,237647,1000150,edm,paicipantresponseblue,correct
2589,Subject253,569,museum,77,museum,colorblue,test,num1,typeneutral,singlestim,35,243424,1000170,edm,paicipantresponseblue,correct
2885,Subject253,502,success,77,success,colorblue,test,num1,typepositive,singlestim,37,249133,1000190,edm,paicipantresponseblue,correct
3181,Subject253,418,suicide,67,suicide,colorred,test,num1,typesuicide,singlestim,39,254760,1000210,edc,paicipantresponsered,correct
3477,Subject253,267,engine,77,engine,colorblue,test,num1,typeneutral,singlestim,41,260235,1000230,edm,paicipantresponseblue,correct
3773,Subject253,526,stupid,67,stupid,colorred,test,num1,typenegative,singlestim,43,265970,1000250,edc,paicipantresponsered,correct
4069,Subject253,366,stupid,77,stupid,colorblue,test,num1,typenegative,singlestim,45,271544,1000270,edm,paicipantresponseblue,correct
4365,Subject253,497,rejected,77,rejected,colorblue,test,num1,typenegative,singlestim,47,277249,1000290,edm,paicipantresponseblue,correct
4661,Subject253,707,engine,67,engine,colorred,test,num1,typeneutral,singlestim,49,283164,1000310,edc,paicipantresponsered,correct
4957,Subject253,399,funeral,67,funeral,colorred,test,num1,typesuicide,singlestim,51,288771,1000330,edc,paicipantresponsered,correct
5253,Subject253,517,suicide,77,suicide,colorblue,test,num1,typesuicide,singlestim,53,294497,1000350,edm,paicipantresponseblue,correct
5549,Subject253,440,pleasure,77,pleasure,colorblue,test,num1,typepositive,singlestim,55,300144,1000370,edm,paicipantresponseblue,correct
5845,Subject253,420,dead,67,dead,colorred,test,num1,typesuicide,singlestim,57,305770,1000390,edc,paicipantresponsered,correct
6141,Subject253,464,success,67,success,colorred,test,num1,typepositive,singlestim,59,311442,1000410,edc,paicipantresponsered,correct
6437,Subject253,368,alone,67,alone,colorred,test,num1,typenegative,singlestim,61,317017,1000430,edc,paicipantresponsered,correct
6733,Subject253,486,pleasure,67,pleasure,colorred,test,num1,typepositive,singlestim,63,322710,1000450,edc,paicipantresponsered,correct
7029,Subject253,384,rejected,67,rejected,colorred,test,num1,typenegative,singlestim,65,328300,1000470,edc,paicipantresponsered,correct
7325,Subject253,478,engine,77,engine,colorblue,test,num2,typeneutral,singlestim,67,333987,101010,edm,paicipantresponseblue,correct
7621,Subject253,354,engine,67,engine,colorred,test,num2,typeneutral,singlestim,69,339547,101030,edc,paicipantresponsered,correct
7917,Subject253,462,funeral,77,funeral,colorblue,test,num2,typesuicide,singlestim,71,345217,101050,edm,paicipantresponseblue,correct
8213,Subject253,443,dead,77,dead,colorblue,test,num2,typesuicide,singlestim,73,350867,101070,edm,paicipantresponseblue,correct
8509,Subject253,394,stupid,77,stupid,colorblue,test,num2,typenegative,singlestim,75,356467,101090,edm,paicipantresponseblue,correct
8805,Subject253,403,pleasure,77,pleasure,colorblue,test,num2,typepositive,singlestim,77,362080,1010110,edm,paicipantresponseblue,correct
9101,Subject253,384,happy,77,happy,colorblue,test,num2,typepositive,singlestim,79,367671,1010130,edm,paicipantresponseblue,correct
9397,Subject253,419,alone,77,alone,colorblue,test,num2,typenegative,singlestim,81,373301,1010150,edm,paicipantresponseblue,correct
9693,Subject253,357,rejected,77,rejected,colorblue,test,num2,typenegative,singlestim,83,378866,1010170,edm,paicipantresponseblue,correct
9989,Subject253,394,pleasure,67,pleasure,colorred,test,num2,typepositive,singlestim,85,384465,1010190,edc,paicipantresponsered,correct
10285,Subject253,526,funeral,67,funeral,colorred,test,num2,typesuicide,singlestim,87,390198,1010210,edc,paicipantresponsered,correct
10581,Subject253,347,paper,77,paper,colorblue,test,num2,typeneutral,singlestim,89,395751,1010230,edm,paicipantresponseblue,correct
10877,Subject253,434,suicide,77,suicide,colorblue,test,num2,typesuicide,singlestim,91,401393,1010250,edm,paicipantresponseblue,correct
11173,Subject253,325,paper,67,paper,colorred,test,num2,typeneutral,singlestim,93,406924,1010270,edc,paicipantresponsered,correct
11469,Subject253,281,suicide,77,suicide,colorred,test,num2,typesuicide,singlestim,95,412411,1010290,edm,paicipantresponseblue,incorrect
11765,Subject253,459,stupid,67,stupid,colorred,test,num2,typenegative,singlestim,97,418077,1010310,edc,paicipantresponsered,correct
12061,Subject253,424,museum,77,museum,colorblue,test,num2,typeneutral,singlestim,99,423711,1010330,edm,paicipantresponseblue,correct
12357,Subject253,421,alone,67,alone,colorred,test,num2,typenegative,singlestim,101,429337,1010350,edc,paicipantresponsered,correct
12653,Subject253,620,dead,67,dead,colorred,test,num2,typesuicide,singlestim,103,435170,1010370,edc,paicipantresponsered,correct
12949,Subject253,452,happy,67,happy,colorred,test,num2,typepositive,singlestim,105,440829,1010390,edc,paicipantresponsered,correct
13245,Subject253,543,museum,67,museum,colorred,test,num2,typeneutral,singlestim,107,446578,1010410,edc,paicipantresponsered,correct
13541,Subject253,437,rejected,67,rejected,colorred,test,num2,typenegative,singlestim,109,452222,1010430,edc,paicipantresponsered,correct
13837,Subject253,416,success,77,success,colorblue,test,num2,typepositive,singlestim,111,457847,1010450,edm,paicipantresponseblue,correct
14133,Subject253,456,success,67,success,colorred,test,num2,typepositive,singlestim,113,463512,1010470,edc,paicipantresponsered,correct