,SubjectID,rt,stimulus,keypress,word,color,block,blocknum,wordtype,trialtype,trialindex,timeelapsed,internalnodeid,keypressed,participantresponse,correctresponse
90,Subject98,981,funeral,67,funeral,colorred,test,num1,typesuicide,singlestim,19,66809,100010,edc,paicipantresponsered,correct
386,Subject98,482,museum,77,museum,colorred,test,num1,typeneutral,singlestim,21,72502,100030,edm,paicipantresponseblue,incorrect
682,Subject98,878,funeral,77,funeral,colorblue,test,num1,typesuicide,singlestim,23,78594,100050,edm,paicipantresponseblue,correct
978,Subject98,978,dead,77,dead,colorblue,test,num1,typesuicide,singlestim,25,84787,100070,edm,paicipantresponseblue,correct
1274,Subject98,983,suicide,67,suicide,colorred,test,num1,typesuicide,singlestim,27,90984,100090,edc,paicipantresponsered,correct
1570,Subject98,1071,paper,77,paper,colorblue,test,num1,typeneutral,singlestim,29,97265,1000110,edm,paicipantresponseblue,correct
1866,Subject98,738,alone,67,alone,colorred,test,num1,typenegative,singlestim,31,103216,1000130,edc,paicipantresponsered,correct
2162,Subject98,441,paper,67,paper,colorred,test,num1,typeneutral,singlestim,33,108870,1000150,edc,paicipantresponsered,correct
2458,Subject98,754,engine,67,engine,colorred,test,num1,typeneutral,singlestim,35,114837,1000170,edc,paicipantresponsered,correct
2754,Subject98,659,rejected,67,rejected,colorred,test,num1,typenegative,singlestim,37,120712,1000190,edc,paicipantresponsered,correct
3050,Subject98,750,success,67,success,colorred,test,num1,typepositive,singlestim,39,126674,1000210,edc,paicipantresponsered,correct
3346,Subject98,646,happy,67,happy,colorred,test,num1,typepositive,singlestim,41,132534,1000230,edc,paicipantresponsered,correct
3642,Subject98,433,happy,77,happy,colorblue,test,num1,typepositive,singlestim,43,138179,1000250,edm,paicipantresponseblue,correct
3938,Subject98,527,museum,77,museum,colorblue,test,num1,typeneutral,singlestim,45,143917,1000270,edm,paicipantresponseblue,correct
4234,Subject98,492,dead,67,dead,colorred,test,num1,typesuicide,singlestim,47,149623,1000290,edc,paicipantresponsered,correct
4530,Subject98,570,success,77,success,colorblue,test,num1,typepositive,singlestim,49,155410,1000310,edm,paicipantresponseblue,correct
4826,Subject98,644,pleasure,77,pleasure,colorblue,test,num1,typepositive,singlestim,51,161265,1000330,edm,paicipantresponseblue,correct
5122,Subject98,685,stupid,67,stupid,colorred,test,num1,typenegative,singlestim,53,167165,1000350,edc,paicipantresponsered,correct
5418,Subject98,454,engine,77,engine,colorblue,test,num1,typeneutral,singlestim,55,172828,1000370,edm,paicipantresponseblue,correct
5714,Subject98,685,rejected,77,rejected,colorblue,test,num1,typenegative,singlestim,57,178727,1000390,edm,paicipantresponseblue,correct
6010,Subject98,681,stupid,77,stupid,colorblue,test,num1,typenegative,singlestim,59,184620,1000410,edm,paicipantresponseblue,correct
6306,Subject98,686,pleasure,67,pleasure,colorred,test,num1,typepositive,singlestim,61,190520,1000430,edc,paicipantresponsered,correct
6602,Subject98,1180,suicide,77,suicide,colorblue,test,num1,typesuicide,singlestim,63,196913,1000450,edm,paicipantresponseblue,correct
6898,Subject98,1769,alone,77,alone,colorblue,test,num1,typenegative,singlestim,65,204065,1000470,edm,paicipantresponseblue,correct
7194,Subject98,940,happy,67,happy,colorred,test,num2,typepositive,singlestim,67,210217,101010,edc,paicipantresponsered,correct
7490,Subject98,960,happy,77,happy,colorblue,test,num2,typepositive,singlestim,69,218137,101030,edm,paicipantresponseblue,correct
7786,Subject98,527,stupid,67,stupid,colorred,test,num2,typenegative,singlestim,71,223879,101050,edc,paicipantresponsered,correct
8082,Subject98,398,success,77,success,colorblue,test,num2,typepositive,singlestim,73,229486,101070,edm,paicipantresponseblue,correct
8378,Subject98,413,alone,77,alone,colorblue,test,num2,typenegative,singlestim,75,235114,101090,edm,paicipantresponseblue,correct
8674,Subject98,536,funeral,77,funeral,colorred,test,num2,typesuicide,singlestim,77,240861,1010110,edm,paicipantresponseblue,incorrect
8970,Subject98,540,pleasure,77,pleasure,colorblue,test,num2,typepositive,singlestim,79,246610,1010130,edm,paicipantresponseblue,correct
9266,Subject98,406,paper,67,paper,colorred,test,num2,typeneutral,singlestim,81,252229,1010150,edc,paicipantresponsered,correct
9562,Subject98,204,suicide,67,suicide,colorblue,test,num2,typesuicide,singlestim,83,257645,1010170,edc,paicipantresponsered,incorrect
9858,Subject98,542,funeral,67,funeral,colorblue,test,num2,typesuicide,singlestim,85,263397,1010190,edc,paicipantresponsered,incorrect
10154,Subject98,667,success,67,success,colorred,test,num2,typepositive,singlestim,87,269276,1010210,edc,paicipantresponsered,correct
10450,Subject98,1023,rejected,77,rejected,colorblue,test,num2,typenegative,singlestim,89,275512,1010230,edm,paicipantresponseblue,correct
10746,Subject98,531,dead,77,dead,colorblue,test,num2,typesuicide,singlestim,91,281252,1010250,edm,paicipantresponseblue,correct
11042,Subject98,450,museum,67,museum,colorblue,test,num2,typeneutral,singlestim,93,286912,1010270,edc,paicipantresponsered,incorrect
11338,Subject98,618,alone,77,alone,colorred,test,num2,typenegative,singlestim,95,292739,1010290,edm,paicipantresponseblue,incorrect
11634,Subject98,488,pleasure,67,pleasure,colorred,test,num2,typepositive,singlestim,97,298437,1010310,edc,paicipantresponsered,correct
11930,Subject98,518,dead,67,dead,colorred,test,num2,typesuicide,singlestim,99,304167,1010330,edc,paicipantresponsered,correct
12226,Subject98,515,museum,67,museum,colorred,test,num2,typeneutral,singlestim,101,309892,1010350,edc,paicipantresponsered,correct
12522,Subject98,522,rejected,77,rejected,colorred,test,num2,typenegative,singlestim,103,315628,1010370,edm,paicipantresponseblue,incorrect
12818,Subject98,514,suicide,67,suicide,colorred,test,num2,typesuicide,singlestim,105,321354,1010390,edc,paicipantresponsered,correct
13114,Subject98,534,engine,67,engine,colorred,test,num2,typeneutral,singlestim,107,327099,1010410,edc,paicipantresponsered,correct
13410,Subject98,664,stupid,77,stupid,colorblue,test,num2,typenegative,singlestim,109,332978,1010430,edm,paicipantresponseblue,correct
13706,Subject98,384,engine,77,engine,colorblue,test,num2,typeneutral,singlestim,111,338575,1010450,edm,paicipantresponseblue,correct
14002,Subject98,385,paper,67,paper,colorblue,test,num2,typeneutral,singlestim,113,344174,1010470,edc,paicipantresponsered,incorrect