,SubjectID,rt,stimulus,keypress,word,color,block,blocknum,wordtype,trialtype,trialindex,timeelapsed,internalnodeid,keypressed,participantresponse,correctresponse
175,Subject206,467,alone,67,alone,colorred,test,num1,typenegative,singlestim,19,118339,100010,edc,paicipantresponsered,correct
471,Subject206,448,success,77,success,colorblue,test,num1,typepositive,singlestim,21,123994,100030,edm,paicipantresponseblue,correct
767,Subject206,551,pleasure,77,pleasure,colorblue,test,num1,typepositive,singlestim,23,129760,100050,edm,paicipantresponseblue,correct
1063,Subject206,443,happy,77,happy,colorblue,test,num1,typepositive,singlestim,25,135413,100070,edm,paicipantresponseblue,correct
1359,Subject206,580,stupid,67,stupid,colorred,test,num1,typenegative,singlestim,27,141202,100090,edc,paicipantresponsered,correct
1655,Subject206,587,alone,77,alone,colorblue,test,num1,typenegative,singlestim,29,147002,1000110,edm,paicipantresponseblue,correct
1951,Subject206,662,paper,77,paper,colorblue,test,num1,typeneutral,singlestim,31,152874,1000130,edm,paicipantresponseblue,correct
2247,Subject206,513,rejected,77,rejected,colorblue,test,num1,typenegative,singlestim,33,158599,1000150,edm,paicipantresponseblue,correct
2543,Subject206,398,success,67,success,colorred,test,num1,typepositive,singlestim,35,164208,1000170,edc,paicipantresponsered,correct
2839,Subject206,652,museum,77,museum,colorred,test,num1,typeneutral,singlestim,37,170073,1000190,edm,paicipantresponseblue,incorrect
3135,Subject206,816,pleasure,67,pleasure,colorred,test,num1,typepositive,singlestim,39,176099,1000210,edc,paicipantresponsered,correct
3431,Subject206,1628,funeral,77,funeral,colorblue,test,num1,typesuicide,singlestim,41,182935,1000230,edm,paicipantresponseblue,correct
3727,Subject206,503,dead,67,dead,colorred,test,num1,typesuicide,singlestim,43,188647,1000250,edc,paicipantresponsered,correct
4023,Subject206,555,rejected,67,rejected,colorred,test,num1,typenegative,singlestim,45,194411,1000270,edc,paicipantresponsered,correct
4319,Subject206,421,suicide,77,suicide,colorblue,test,num1,typesuicide,singlestim,47,200045,1000290,edm,paicipantresponseblue,correct
4615,Subject206,994,funeral,67,funeral,colorred,test,num1,typesuicide,singlestim,49,206249,1000310,edc,paicipantresponsered,correct
4911,Subject206,541,museum,77,museum,colorblue,test,num1,typeneutral,singlestim,51,211999,1000330,edm,paicipantresponseblue,correct
5207,Subject206,514,paper,67,paper,colorred,test,num1,typeneutral,singlestim,53,217724,1000350,edc,paicipantresponsered,correct
5503,Subject206,515,happy,67,happy,colorred,test,num1,typepositive,singlestim,55,223449,1000370,edc,paicipantresponsered,correct
5799,Subject206,846,dead,77,dead,colorblue,test,num1,typesuicide,singlestim,57,229508,1000390,edm,paicipantresponseblue,correct
6095,Subject206,447,engine,77,engine,colorblue,test,num1,typeneutral,singlestim,59,235169,1000410,edm,paicipantresponseblue,correct
6391,Subject206,440,engine,67,engine,colorred,test,num1,typeneutral,singlestim,61,240820,1000430,edc,paicipantresponsered,correct
6687,Subject206,877,suicide,67,suicide,colorred,test,num1,typesuicide,singlestim,63,246909,1000450,edc,paicipantresponsered,correct
6983,Subject206,493,stupid,77,stupid,colorblue,test,num1,typenegative,singlestim,65,252609,1000470,edm,paicipantresponseblue,correct
7279,Subject206,418,suicide,67,suicide,colorred,test,num2,typesuicide,singlestim,67,258239,101010,edc,paicipantresponsered,correct
7575,Subject206,456,dead,67,dead,colorred,test,num2,typesuicide,singlestim,69,263907,101030,edc,paicipantresponsered,correct
7871,Subject206,449,museum,77,museum,colorblue,test,num2,typeneutral,singlestim,71,269563,101050,edm,paicipantresponseblue,correct
8167,Subject206,419,rejected,77,rejected,colorblue,test,num2,typenegative,singlestim,73,275193,101070,edm,paicipantresponseblue,correct
8463,Subject206,433,alone,77,alone,colorblue,test,num2,typenegative,singlestim,75,280836,101090,edm,paicipantresponseblue,correct
8759,Subject206,379,stupid,67,stupid,colorred,test,num2,typenegative,singlestim,77,286423,1010110,edc,paicipantresponsered,correct
9055,Subject206,854,pleasure,77,pleasure,colorblue,test,num2,typepositive,singlestim,79,292488,1010130,edm,paicipantresponseblue,correct
9351,Subject206,530,funeral,67,funeral,colorred,test,num2,typesuicide,singlestim,81,298228,1010150,edc,paicipantresponsered,correct
9647,Subject206,675,engine,77,engine,colorblue,test,num2,typeneutral,singlestim,83,304115,1010170,edm,paicipantresponseblue,correct
9943,Subject206,582,success,77,success,colorblue,test,num2,typepositive,singlestim,85,309906,1010190,edm,paicipantresponseblue,correct
10239,Subject206,613,success,67,success,colorred,test,num2,typepositive,singlestim,87,315730,1010210,edc,paicipantresponsered,correct
10535,Subject206,536,paper,67,paper,colorblue,test,num2,typeneutral,singlestim,89,321480,1010230,edc,paicipantresponsered,incorrect
10831,Subject206,720,happy,67,happy,colorred,test,num2,typepositive,singlestim,91,327409,1010250,edc,paicipantresponsered,correct
11127,Subject206,877,engine,67,engine,colorred,test,num2,typeneutral,singlestim,93,333497,1010270,edc,paicipantresponsered,correct
11423,Subject206,460,dead,77,dead,colorblue,test,num2,typesuicide,singlestim,95,339169,1010290,edm,paicipantresponseblue,correct
11719,Subject206,709,suicide,77,suicide,colorblue,test,num2,typesuicide,singlestim,97,345088,1010310,edm,paicipantresponseblue,correct
12015,Subject206,704,paper,67,paper,colorred,test,num2,typeneutral,singlestim,99,351004,1010330,edc,paicipantresponsered,correct
12311,Subject206,456,stupid,77,stupid,colorblue,test,num2,typenegative,singlestim,101,356670,1010350,edm,paicipantresponseblue,correct
12607,Subject206,443,funeral,77,funeral,colorblue,test,num2,typesuicide,singlestim,103,362328,1010370,edm,paicipantresponseblue,correct
12903,Subject206,680,museum,67,museum,colorred,test,num2,typeneutral,singlestim,105,368216,1010390,edc,paicipantresponsered,correct
13199,Subject206,747,happy,77,happy,colorblue,test,num2,typepositive,singlestim,107,374175,1010410,edm,paicipantresponseblue,correct
13495,Subject206,489,rejected,67,rejected,colorred,test,num2,typenegative,singlestim,109,379877,1010430,edc,paicipantresponsered,correct
13791,Subject206,533,pleasure,67,pleasure,colorred,test,num2,typepositive,singlestim,111,385620,1010450,edc,paicipantresponsered,correct
14087,Subject206,512,alone,67,alone,colorred,test,num2,typenegative,singlestim,113,391345,1010470,edc,paicipantresponsered,correct