"","SubjectID","rt","stimulus","keypress","word","color","block","blocknum","wordtype","trialtype","trialindex","timeelapsed","internalnodeid","keypressed","participantresponse","correctresponse"
"2","Subject2","382","museum","77","museum","colorblue","test","num1","typeneutral","singlestim","19","75547","100010","edm","paicipantresponseblue","correct"
"298","Subject2","423","funeral","67","funeral","colorred","test","num1","typesuicide","singlestim","21","81183","100030","edc","paicipantresponsered","correct"
"594","Subject2","431","alone","77","alone","colorblue","test","num1","typenegative","singlestim","23","86827","100050","edm","paicipantresponseblue","correct"
"890","Subject2","416","success","77","success","colorblue","test","num1","typepositive","singlestim","25","92454","100070","edm","paicipantresponseblue","correct"
"1186","Subject2","448","pleasure","77","pleasure","colorblue","test","num1","typepositive","singlestim","27","98109","100090","edm","paicipantresponseblue","correct"
"1482","Subject2","439","dead","67","dead","colorred","test","num1","typesuicide","singlestim","29","103760","1000110","edc","paicipantresponsered","correct"
"1778","Subject2","419","success","67","success","colorred","test","num1","typepositive","singlestim","31","109393","1000130","edc","paicipantresponsered","correct"
"2074","Subject2","497","stupid","67","stupid","colorred","test","num1","typenegative","singlestim","33","115102","1000150","edc","paicipantresponsered","correct"
"2370","Subject2","379","engine","67","engine","colorred","test","num1","typeneutral","singlestim","35","120694","1000170","edc","paicipantresponsered","correct"
"2666","Subject2","391","happy","77","happy","colorblue","test","num1","typepositive","singlestim","37","126296","1000190","edm","paicipantresponseblue","correct"
"2962","Subject2","390","suicide","67","suicide","colorred","test","num1","typesuicide","singlestim","39","131897","1000210","edc","paicipantresponsered","correct"
"3258","Subject2","387","happy","77","happy","colorred","test","num1","typepositive","singlestim","41","137494","1000230","edm","paicipantresponseblue","incorrect"
"3554","Subject2","790","pleasure","67","pleasure","colorred","test","num1","typepositive","singlestim","43","143491","1000250","edc","paicipantresponsered","correct"
"3850","Subject2","555","alone","67","alone","colorred","test","num1","typenegative","singlestim","45","149258","1000270","edc","paicipantresponsered","correct"
"4146","Subject2","489","museum","67","museum","colorred","test","num1","typeneutral","singlestim","47","154956","1000290","edc","paicipantresponsered","correct"
"4442","Subject2","389","funeral","77","funeral","colorblue","test","num1","typesuicide","singlestim","49","160556","1000310","edm","paicipantresponseblue","correct"
"4738","Subject2","529","paper","67","paper","colorred","test","num1","typeneutral","singlestim","51","166297","1000330","edc","paicipantresponsered","correct"
"5034","Subject2","393","suicide","77","suicide","colorblue","test","num1","typesuicide","singlestim","53","171902","1000350","edm","paicipantresponseblue","correct"
"5330","Subject2","465","dead","77","dead","colorblue","test","num1","typesuicide","singlestim","55","177576","1000370","edm","paicipantresponseblue","correct"
"5626","Subject2","453","stupid","77","stupid","colorblue","test","num1","typenegative","singlestim","57","183239","1000390","edm","paicipantresponseblue","correct"
"5922","Subject2","497","paper","77","paper","colorblue","test","num1","typeneutral","singlestim","59","188948","1000410","edm","paicipantresponseblue","correct"
"6218","Subject2","496","rejected","67","rejected","colorred","test","num1","typenegative","singlestim","61","194653","1000430","edc","paicipantresponsered","correct"
"6514","Subject2","362","engine","77","engine","colorblue","test","num1","typeneutral","singlestim","63","200224","1000450","edm","paicipantresponseblue","correct"
"6810","Subject2","432","rejected","77","rejected","colorblue","test","num1","typenegative","singlestim","65","205865","1000470","edm","paicipantresponseblue","correct"
"7106","Subject2","456","stupid","77","stupid","colorblue","test","num2","typenegative","singlestim","67","211532","101010","edm","paicipantresponseblue","correct"
"7402","Subject2","603","stupid","67","stupid","colorred","test","num2","typenegative","singlestim","69","217344","101030","edc","paicipantresponsered","correct"
"7698","Subject2","615","happy","77","happy","colorblue","test","num2","typepositive","singlestim","71","223171","101050","edm","paicipantresponseblue","correct"
"7994","Subject2","460","museum","67","museum","colorred","test","num2","typeneutral","singlestim","73","228845","101070","edc","paicipantresponsered","correct"
"8290","Subject2","658","suicide","67","suicide","colorred","test","num2","typesuicide","singlestim","75","234714","101090","edc","paicipantresponsered","correct"
"8586","Subject2","456","rejected","77","rejected","colorblue","test","num2","typenegative","singlestim","77","240385","1010110","edm","paicipantresponseblue","correct"
"8882","Subject2","515","pleasure","77","pleasure","colorblue","test","num2","typepositive","singlestim","79","246109","1010130","edm","paicipantresponseblue","correct"
"9178","Subject2","565","success","67","success","colorred","test","num2","typepositive","singlestim","81","251884","1010150","edc","paicipantresponsered","correct"
"9474","Subject2","556","museum","77","museum","colorblue","test","num2","typeneutral","singlestim","83","257648","1010170","edm","paicipantresponseblue","correct"
"9770","Subject2","414","funeral","67","funeral","colorred","test","num2","typesuicide","singlestim","85","263276","1010190","edc","paicipantresponsered","correct"
"10066","Subject2","488","paper","67","paper","colorred","test","num2","typeneutral","singlestim","87","268974","1010210","edc","paicipantresponsered","correct"
"10362","Subject2","545","success","77","success","colorblue","test","num2","typepositive","singlestim","89","274731","1010230","edm","paicipantresponseblue","correct"
"10658","Subject2","441","dead","67","dead","colorred","test","num2","typesuicide","singlestim","91","280389","1010250","edc","paicipantresponsered","correct"
"10954","Subject2","664","pleasure","67","pleasure","colorred","test","num2","typepositive","singlestim","93","286261","1010270","edc","paicipantresponsered","correct"
"11250","Subject2","679","rejected","67","rejected","colorred","test","num2","typenegative","singlestim","95","292150","1010290","edc","paicipantresponsered","correct"
"11546","Subject2","474","suicide","77","suicide","colorblue","test","num2","typesuicide","singlestim","97","297836","1010310","edm","paicipantresponseblue","correct"
"11842","Subject2","430","dead","77","dead","colorblue","test","num2","typesuicide","singlestim","99","303475","1010330","edm","paicipantresponseblue","correct"
"12138","Subject2","586","alone","67","alone","colorred","test","num2","typenegative","singlestim","101","309272","1010350","edc","paicipantresponsered","correct"
"12434","Subject2","519","happy","67","happy","colorred","test","num2","typepositive","singlestim","103","315004","1010370","edc","paicipantresponsered","correct"
"12730","Subject2","491","funeral","77","funeral","colorblue","test","num2","typesuicide","singlestim","105","320704","1010390","edm","paicipantresponseblue","correct"
"13026","Subject2","522","engine","77","engine","colorblue","test","num2","typeneutral","singlestim","107","326439","1010410","edm","paicipantresponseblue","correct"
"13322","Subject2","620","paper","77","paper","colorblue","test","num2","typeneutral","singlestim","109","332268","1010430","edm","paicipantresponseblue","correct"
"13618","Subject2","461","alone","77","alone","colorblue","test","num2","typenegative","singlestim","111","337941","1010450","edm","paicipantresponseblue","correct"
"13914","Subject2","515","engine","67","engine","colorred","test","num2","typeneutral","singlestim","113","343667","1010470","edc","paicipantresponsered","correct"
