,SubjectID,rt,stimulus,keypress,word,color,block,blocknum,wordtype,trialtype,trialindex,timeelapsed,internalnodeid,keypressed,participantresponse,correctresponse
285,Subject322,634,pleasure,77,pleasure,colorblue,test,num1,typepositive,singlestim,19,100956,100010,edm,paicipantresponseblue,correct
581,Subject322,470,engine,77,engine,colorblue,test,num1,typeneutral,singlestim,21,106640,100030,edm,paicipantresponseblue,correct
877,Subject322,330,alone,67,alone,colorred,test,num1,typenegative,singlestim,23,112178,100050,edc,paicipantresponsered,correct
1173,Subject322,272,museum,77,museum,colorblue,test,num1,typeneutral,singlestim,25,117658,100070,edm,paicipantresponseblue,correct
1469,Subject322,308,suicide,67,suicide,colorred,test,num1,typesuicide,singlestim,27,123174,100090,edc,paicipantresponsered,correct
1765,Subject322,486,success,67,success,colorred,test,num1,typepositive,singlestim,29,128866,1000110,edc,paicipantresponsered,correct
2061,Subject322,308,rejected,77,rejected,colorred,test,num1,typenegative,singlestim,31,134380,1000130,edm,paicipantresponseblue,incorrect
2357,Subject322,348,stupid,67,stupid,colorred,test,num1,typenegative,singlestim,33,139930,1000150,edc,paicipantresponsered,correct
2653,Subject322,322,dead,77,dead,colorblue,test,num1,typesuicide,singlestim,35,145458,1000170,edm,paicipantresponseblue,correct
2949,Subject322,424,paper,77,paper,colorblue,test,num1,typeneutral,singlestim,37,151086,1000190,edm,paicipantresponseblue,correct
3245,Subject322,372,paper,67,paper,colorred,test,num1,typeneutral,singlestim,39,156662,1000210,edc,paicipantresponsered,correct
3541,Subject322,402,alone,77,alone,colorblue,test,num1,typenegative,singlestim,41,162270,1000230,edm,paicipantresponseblue,correct
3837,Subject322,380,pleasure,67,pleasure,colorred,test,num1,typepositive,singlestim,43,167862,1000250,edc,paicipantresponsered,correct
4133,Subject322,434,stupid,67,stupid,colorblue,test,num1,typenegative,singlestim,45,173502,1000270,edc,paicipantresponsered,incorrect
4429,Subject322,360,rejected,77,rejected,colorblue,test,num1,typenegative,singlestim,47,179064,1000290,edm,paicipantresponseblue,correct
4725,Subject322,370,funeral,77,funeral,colorblue,test,num1,typesuicide,singlestim,49,184638,1000310,edm,paicipantresponseblue,correct
5021,Subject322,546,suicide,77,suicide,colorblue,test,num1,typesuicide,singlestim,51,190404,1000330,edm,paicipantresponseblue,correct
5317,Subject322,384,engine,67,engine,colorred,test,num1,typeneutral,singlestim,53,196012,1000350,edc,paicipantresponsered,correct
5613,Subject322,360,success,77,success,colorblue,test,num1,typepositive,singlestim,55,201578,1000370,edm,paicipantresponseblue,correct
5909,Subject322,450,happy,77,happy,colorblue,test,num1,typepositive,singlestim,57,207234,1000390,edm,paicipantresponseblue,correct
6205,Subject322,444,dead,67,dead,colorred,test,num1,typesuicide,singlestim,59,212882,1000410,edc,paicipantresponsered,correct
6501,Subject322,494,museum,67,museum,colorred,test,num1,typeneutral,singlestim,61,218582,1000430,edc,paicipantresponsered,correct
6797,Subject322,414,happy,67,happy,colorred,test,num1,typepositive,singlestim,63,224200,1000450,edc,paicipantresponsered,correct
7093,Subject322,382,funeral,67,funeral,colorred,test,num1,typesuicide,singlestim,65,229824,1000470,edc,paicipantresponsered,correct
7389,Subject322,374,stupid,67,stupid,colorred,test,num2,typenegative,singlestim,67,235402,101010,edc,paicipantresponsered,correct
7685,Subject322,364,pleasure,77,pleasure,colorred,test,num2,typepositive,singlestim,69,240976,101030,edm,paicipantresponseblue,incorrect
7981,Subject322,370,paper,77,paper,colorblue,test,num2,typeneutral,singlestim,71,246590,101050,edm,paicipantresponseblue,correct
8277,Subject322,480,alone,77,alone,colorblue,test,num2,typenegative,singlestim,73,252274,101070,edm,paicipantresponseblue,correct
8573,Subject322,338,suicide,67,suicide,colorred,test,num2,typesuicide,singlestim,75,257824,101090,edc,paicipantresponsered,correct
8869,Subject322,474,happy,67,happy,colorblue,test,num2,typepositive,singlestim,77,263520,1010110,edc,paicipantresponsered,incorrect
9165,Subject322,472,pleasure,67,pleasure,colorblue,test,num2,typepositive,singlestim,79,269204,1010130,edc,paicipantresponsered,incorrect
9461,Subject322,398,success,67,success,colorred,test,num2,typepositive,singlestim,81,274818,1010150,edc,paicipantresponsered,correct
9757,Subject322,304,stupid,77,stupid,colorblue,test,num2,typenegative,singlestim,83,280328,1010170,edm,paicipantresponseblue,correct
10053,Subject322,362,alone,67,alone,colorred,test,num2,typenegative,singlestim,85,285896,1010190,edc,paicipantresponsered,correct
10349,Subject322,534,dead,67,dead,colorred,test,num2,typesuicide,singlestim,87,291638,1010210,edc,paicipantresponsered,correct
10645,Subject322,384,funeral,67,funeral,colorred,test,num2,typesuicide,singlestim,89,297232,1010230,edc,paicipantresponsered,correct
10941,Subject322,572,museum,77,museum,colorblue,test,num2,typeneutral,singlestim,91,303016,1010250,edm,paicipantresponseblue,correct
11237,Subject322,386,paper,67,paper,colorred,test,num2,typeneutral,singlestim,93,308608,1010270,edc,paicipantresponsered,correct
11533,Subject322,410,engine,67,engine,colorred,test,num2,typeneutral,singlestim,95,314226,1010290,edc,paicipantresponsered,correct
11829,Subject322,372,museum,67,museum,colorred,test,num2,typeneutral,singlestim,97,319810,1010310,edc,paicipantresponsered,correct
12125,Subject322,366,dead,67,dead,colorblue,test,num2,typesuicide,singlestim,99,325396,1010330,edc,paicipantresponsered,incorrect
12421,Subject322,362,suicide,77,suicide,colorblue,test,num2,typesuicide,singlestim,101,330964,1010350,edm,paicipantresponseblue,correct
12717,Subject322,396,engine,77,engine,colorblue,test,num2,typeneutral,singlestim,103,336572,1010370,edm,paicipantresponseblue,correct
13013,Subject322,426,rejected,67,rejected,colorblue,test,num2,typenegative,singlestim,105,342202,1010390,edc,paicipantresponsered,incorrect
13309,Subject322,352,success,77,success,colorblue,test,num2,typepositive,singlestim,107,347778,1010410,edm,paicipantresponseblue,correct
13605,Subject322,346,happy,67,happy,colorred,test,num2,typepositive,singlestim,109,353354,1010430,edc,paicipantresponsered,correct
13901,Subject322,352,funeral,77,funeral,colorblue,test,num2,typesuicide,singlestim,111,358920,1010450,edm,paicipantresponseblue,correct
14197,Subject322,348,rejected,67,rejected,colorred,test,num2,typenegative,singlestim,113,364512,1010470,edc,paicipantresponsered,correct