,SubjectID,rt,stimulus,keypress,word,color,block,blocknum,wordtype,trialtype,trialindex,timeelapsed,internalnodeid,keypressed,participantresponse,correctresponse
167,Subject198,433,stupid,67,stupid,colorred,test,num1,typenegative,singlestim,19,75403,100010,edc,paicipantresponsered,correct
463,Subject198,467,rejected,67,rejected,colorred,test,num1,typenegative,singlestim,21,81083,100030,edc,paicipantresponsered,correct
759,Subject198,387,stupid,77,stupid,colorblue,test,num1,typenegative,singlestim,23,86681,100050,edm,paicipantresponseblue,correct
1055,Subject198,410,suicide,77,suicide,colorblue,test,num1,typesuicide,singlestim,25,92302,100070,edm,paicipantresponseblue,correct
1351,Subject198,451,museum,77,museum,colorblue,test,num1,typeneutral,singlestim,27,97967,100090,edm,paicipantresponseblue,correct
1647,Subject198,313,alone,67,alone,colorred,test,num1,typenegative,singlestim,29,103493,1000110,edc,paicipantresponsered,correct
1943,Subject198,413,dead,67,dead,colorred,test,num1,typesuicide,singlestim,31,109119,1000130,edc,paicipantresponsered,correct
2239,Subject198,341,rejected,77,rejected,colorblue,test,num1,typenegative,singlestim,33,114670,1000150,edm,paicipantresponseblue,correct
2535,Subject198,412,success,67,success,colorred,test,num1,typepositive,singlestim,35,120297,1000170,edc,paicipantresponsered,correct
2831,Subject198,428,alone,77,alone,colorblue,test,num1,typenegative,singlestim,37,125935,1000190,edm,paicipantresponseblue,correct
3127,Subject198,418,pleasure,77,pleasure,colorblue,test,num1,typepositive,singlestim,39,131568,1000210,edm,paicipantresponseblue,correct
3423,Subject198,432,funeral,77,funeral,colorblue,test,num1,typesuicide,singlestim,41,137211,1000230,edm,paicipantresponseblue,correct
3719,Subject198,457,happy,67,happy,colorred,test,num1,typepositive,singlestim,43,142882,1000250,edc,paicipantresponsered,correct
4015,Subject198,361,engine,67,engine,colorred,test,num1,typeneutral,singlestim,45,148458,1000270,edc,paicipantresponsered,correct
4311,Subject198,506,engine,77,engine,colorblue,test,num1,typeneutral,singlestim,47,154179,1000290,edm,paicipantresponseblue,correct
4607,Subject198,309,funeral,67,funeral,colorred,test,num1,typesuicide,singlestim,49,159698,1000310,edc,paicipantresponsered,correct
4903,Subject198,376,dead,77,dead,colorblue,test,num1,typesuicide,singlestim,51,165285,1000330,edm,paicipantresponseblue,correct
5199,Subject198,466,paper,67,paper,colorred,test,num1,typeneutral,singlestim,53,170965,1000350,edc,paicipantresponsered,correct
5495,Subject198,350,paper,77,paper,colorblue,test,num1,typeneutral,singlestim,55,176525,1000370,edm,paicipantresponseblue,correct
5791,Subject198,377,success,77,success,colorblue,test,num1,typepositive,singlestim,57,182116,1000390,edm,paicipantresponseblue,correct
6087,Subject198,416,happy,77,happy,colorblue,test,num1,typepositive,singlestim,59,187740,1000410,edm,paicipantresponseblue,correct
6383,Subject198,562,suicide,67,suicide,colorred,test,num1,typesuicide,singlestim,61,193515,1000430,edc,paicipantresponsered,correct
6679,Subject198,421,pleasure,67,pleasure,colorred,test,num1,typepositive,singlestim,63,199149,1000450,edc,paicipantresponsered,correct
6975,Subject198,435,museum,67,museum,colorred,test,num1,typeneutral,singlestim,65,204797,1000470,edc,paicipantresponsered,correct
7271,Subject198,571,pleasure,77,pleasure,colorblue,test,num2,typepositive,singlestim,67,210577,101010,edm,paicipantresponseblue,correct
7567,Subject198,447,museum,77,museum,colorblue,test,num2,typeneutral,singlestim,69,216233,101030,edm,paicipantresponseblue,correct
7863,Subject198,446,funeral,77,funeral,colorblue,test,num2,typesuicide,singlestim,71,221892,101050,edm,paicipantresponseblue,correct
8159,Subject198,526,alone,67,alone,colorred,test,num2,typenegative,singlestim,73,227628,101070,edc,paicipantresponsered,correct
8455,Subject198,430,suicide,67,suicide,colorred,test,num2,typesuicide,singlestim,75,233267,101090,edc,paicipantresponsered,correct
8751,Subject198,381,dead,67,dead,colorred,test,num2,typesuicide,singlestim,77,238859,1010110,edc,paicipantresponsered,correct
9047,Subject198,432,stupid,77,stupid,colorblue,test,num2,typenegative,singlestim,79,244499,1010130,edm,paicipantresponseblue,correct
9343,Subject198,437,stupid,67,stupid,colorred,test,num2,typenegative,singlestim,81,250147,1010150,edc,paicipantresponsered,correct
9639,Subject198,834,suicide,77,suicide,colorblue,test,num2,typesuicide,singlestim,83,256189,1010170,edm,paicipantresponseblue,correct
9935,Subject198,559,rejected,77,rejected,colorblue,test,num2,typenegative,singlestim,85,261956,1010190,edm,paicipantresponseblue,correct
10231,Subject198,478,dead,77,dead,colorblue,test,num2,typesuicide,singlestim,87,267645,1010210,edm,paicipantresponseblue,correct
10527,Subject198,466,paper,77,paper,colorblue,test,num2,typeneutral,singlestim,89,273320,1010230,edm,paicipantresponseblue,correct
10823,Subject198,343,funeral,67,funeral,colorred,test,num2,typesuicide,singlestim,91,278873,1010250,edc,paicipantresponsered,correct
11119,Subject198,822,happy,67,happy,colorred,test,num2,typepositive,singlestim,93,284907,1010270,edc,paicipantresponsered,correct
11415,Subject198,590,engine,77,engine,colorblue,test,num2,typeneutral,singlestim,95,290710,1010290,edm,paicipantresponseblue,correct
11711,Subject198,433,success,67,success,colorred,test,num2,typepositive,singlestim,97,296359,1010310,edc,paicipantresponsered,correct
12007,Subject198,536,alone,77,alone,colorblue,test,num2,typenegative,singlestim,99,302107,1010330,edm,paicipantresponseblue,correct
12303,Subject198,524,rejected,67,rejected,colorred,test,num2,typenegative,singlestim,101,307843,1010350,edc,paicipantresponsered,correct
12599,Subject198,447,museum,67,museum,colorred,test,num2,typeneutral,singlestim,103,313499,1010370,edc,paicipantresponsered,correct
12895,Subject198,460,paper,67,paper,colorred,test,num2,typeneutral,singlestim,105,319170,1010390,edc,paicipantresponsered,correct
13191,Subject198,446,pleasure,67,pleasure,colorred,test,num2,typepositive,singlestim,107,324826,1010410,edc,paicipantresponsered,correct
13487,Subject198,548,engine,67,engine,colorred,test,num2,typeneutral,singlestim,109,330586,1010430,edc,paicipantresponsered,correct
13783,Subject198,596,success,77,success,colorblue,test,num2,typepositive,singlestim,111,336392,1010450,edm,paicipantresponseblue,correct
14079,Subject198,496,happy,77,happy,colorblue,test,num2,typepositive,singlestim,113,342102,1010470,edm,paicipantresponseblue,correct