,SubjectID,rt,stimulus,keypress,word,color,block,blocknum,wordtype,trialtype,trialindex,timeelapsed,internalnodeid,keypressed,participantresponse,correctresponse
67,Subject72,817,pleasure,67,pleasure,colorred,test,num1,typepositive,singlestim,19,77423,100010,edc,paicipantresponsered,correct
363,Subject72,620,happy,77,happy,colorblue,test,num1,typepositive,singlestim,21,83254,100030,edm,paicipantresponseblue,correct
659,Subject72,682,alone,67,alone,colorred,test,num1,typenegative,singlestim,23,89151,100050,edc,paicipantresponsered,correct
955,Subject72,673,museum,77,museum,colorblue,test,num1,typeneutral,singlestim,25,95038,100070,edm,paicipantresponseblue,correct
1251,Subject72,668,engine,77,engine,colorblue,test,num1,typeneutral,singlestim,27,100919,100090,edm,paicipantresponseblue,correct
1547,Subject72,605,alone,77,alone,colorblue,test,num1,typenegative,singlestim,29,106734,1000110,edm,paicipantresponseblue,correct
1843,Subject72,709,dead,67,dead,colorred,test,num1,typesuicide,singlestim,31,112654,1000130,edc,paicipantresponsered,correct
2139,Subject72,1197,paper,67,paper,colorred,test,num1,typeneutral,singlestim,33,119062,1000150,edc,paicipantresponsered,correct
2435,Subject72,662,success,77,success,colorblue,test,num1,typepositive,singlestim,35,124935,1000170,edm,paicipantresponseblue,correct
2731,Subject72,900,paper,77,paper,colorblue,test,num1,typeneutral,singlestim,37,131047,1000190,edm,paicipantresponseblue,correct
3027,Subject72,933,stupid,67,stupid,colorred,test,num1,typenegative,singlestim,39,137190,1000210,edc,paicipantresponsered,correct
3323,Subject72,808,funeral,77,funeral,colorblue,test,num1,typesuicide,singlestim,41,143207,1000230,edm,paicipantresponseblue,correct
3619,Subject72,851,suicide,67,suicide,colorred,test,num1,typesuicide,singlestim,43,149272,1000250,edc,paicipantresponsered,correct
3915,Subject72,851,happy,67,happy,colorred,test,num1,typepositive,singlestim,45,155334,1000270,edc,paicipantresponsered,correct
4211,Subject72,1036,pleasure,77,pleasure,colorblue,test,num1,typepositive,singlestim,47,161583,1000290,edm,paicipantresponseblue,correct
4507,Subject72,1229,dead,77,dead,colorblue,test,num1,typesuicide,singlestim,49,168022,1000310,edm,paicipantresponseblue,correct
4803,Subject72,804,rejected,77,rejected,colorblue,test,num1,typenegative,singlestim,51,174039,1000330,edm,paicipantresponseblue,correct
5099,Subject72,734,funeral,67,funeral,colorred,test,num1,typesuicide,singlestim,53,179983,1000350,edc,paicipantresponsered,correct
5395,Subject72,767,suicide,77,suicide,colorblue,test,num1,typesuicide,singlestim,55,185960,1000370,edm,paicipantresponseblue,correct
5691,Subject72,707,stupid,77,stupid,colorblue,test,num1,typenegative,singlestim,57,191879,1000390,edm,paicipantresponseblue,correct
5987,Subject72,581,engine,67,engine,colorred,test,num1,typeneutral,singlestim,59,197672,1000410,edc,paicipantresponsered,correct
6283,Subject72,905,museum,67,museum,colorred,test,num1,typeneutral,singlestim,61,203790,1000430,edc,paicipantresponsered,correct
6579,Subject72,1165,success,67,success,colorred,test,num1,typepositive,singlestim,63,210168,1000450,edc,paicipantresponsered,correct
6875,Subject72,811,rejected,67,rejected,colorred,test,num1,typenegative,singlestim,65,216191,1000470,edc,paicipantresponsered,correct
7171,Subject72,733,paper,67,paper,colorred,test,num2,typeneutral,singlestim,67,222135,101010,edc,paicipantresponsered,correct
7467,Subject72,693,suicide,67,suicide,colorred,test,num2,typesuicide,singlestim,69,228039,101030,edc,paicipantresponsered,correct
7763,Subject72,693,funeral,77,funeral,colorblue,test,num2,typesuicide,singlestim,71,233943,101050,edm,paicipantresponseblue,correct
8059,Subject72,631,suicide,77,suicide,colorblue,test,num2,typesuicide,singlestim,73,239783,101070,edm,paicipantresponseblue,correct
8355,Subject72,617,success,67,success,colorred,test,num2,typepositive,singlestim,75,245608,101090,edc,paicipantresponsered,correct
8651,Subject72,1118,rejected,77,rejected,colorblue,test,num2,typenegative,singlestim,77,251935,1010110,edm,paicipantresponseblue,correct
8947,Subject72,688,museum,77,museum,colorblue,test,num2,typeneutral,singlestim,79,257831,1010130,edm,paicipantresponseblue,correct
9243,Subject72,925,rejected,67,rejected,colorred,test,num2,typenegative,singlestim,81,263967,1010150,edc,paicipantresponsered,correct
9539,Subject72,640,success,77,success,colorblue,test,num2,typepositive,singlestim,83,269815,1010170,edm,paicipantresponseblue,correct
9835,Subject72,773,engine,67,engine,colorred,test,num2,typeneutral,singlestim,85,275799,1010190,edc,paicipantresponsered,correct
10131,Subject72,574,alone,77,alone,colorblue,test,num2,typenegative,singlestim,87,281583,1010210,edm,paicipantresponseblue,correct
10427,Subject72,921,paper,77,paper,colorblue,test,num2,typeneutral,singlestim,89,287719,1010230,edm,paicipantresponseblue,correct
10723,Subject72,499,museum,67,museum,colorred,test,num2,typeneutral,singlestim,91,293432,1010250,edc,paicipantresponsered,correct
11019,Subject72,652,happy,77,happy,colorblue,test,num2,typepositive,singlestim,93,299295,1010270,edm,paicipantresponseblue,correct
11315,Subject72,742,funeral,67,funeral,colorred,test,num2,typesuicide,singlestim,95,305247,1010290,edc,paicipantresponsered,correct
11611,Subject72,620,dead,67,dead,colorred,test,num2,typesuicide,singlestim,97,311079,1010310,edc,paicipantresponsered,correct
11907,Subject72,753,engine,77,engine,colorblue,test,num2,typeneutral,singlestim,99,317039,1010330,edm,paicipantresponseblue,correct
12203,Subject72,726,stupid,67,stupid,colorred,test,num2,typenegative,singlestim,101,322975,1010350,edc,paicipantresponsered,correct
12499,Subject72,854,pleasure,77,pleasure,colorblue,test,num2,typepositive,singlestim,103,329039,1010370,edm,paicipantresponseblue,correct
12795,Subject72,685,stupid,77,stupid,colorblue,test,num2,typenegative,singlestim,105,334935,1010390,edm,paicipantresponseblue,correct
13091,Subject72,981,pleasure,67,pleasure,colorred,test,num2,typepositive,singlestim,107,341128,1010410,edc,paicipantresponsered,correct
13387,Subject72,779,dead,67,dead,colorblue,test,num2,typesuicide,singlestim,109,347119,1010430,edc,paicipantresponsered,incorrect
13683,Subject72,718,alone,67,alone,colorred,test,num2,typenegative,singlestim,111,353047,1010450,edc,paicipantresponsered,correct
13979,Subject72,1186,happy,67,happy,colorred,test,num2,typepositive,singlestim,113,359447,1010470,edc,paicipantresponsered,correct