,SubjectID,rt,stimulus,keypress,word,color,block,blocknum,wordtype,trialtype,trialindex,timeelapsed,internalnodeid,keypressed,participantresponse,correctresponse
170,Subject201,1748,happy,77,happy,colorblue,test,num1,typepositive,singlestim,19,85956,100010,edm,paicipantresponseblue,correct
466,Subject201,506,suicide,67,suicide,colorred,test,num1,typesuicide,singlestim,21,91667,100030,edc,paicipantresponsered,correct
762,Subject201,1096,funeral,77,funeral,colorblue,test,num1,typesuicide,singlestim,23,97970,100050,edm,paicipantresponseblue,correct
1058,Subject201,846,stupid,77,stupid,colorblue,test,num1,typenegative,singlestim,25,104022,100070,edm,paicipantresponseblue,correct
1354,Subject201,435,rejected,77,rejected,colorblue,test,num1,typenegative,singlestim,27,109662,100090,edm,paicipantresponseblue,correct
1650,Subject201,350,funeral,67,funeral,colorred,test,num1,typesuicide,singlestim,29,115216,1000110,edc,paicipantresponsered,correct
1946,Subject201,557,dead,77,dead,colorblue,test,num1,typesuicide,singlestim,31,120977,1000130,edm,paicipantresponseblue,correct
2242,Subject201,584,dead,67,dead,colorred,test,num1,typesuicide,singlestim,33,126764,1000150,edc,paicipantresponsered,correct
2538,Subject201,478,museum,77,museum,colorblue,test,num1,typeneutral,singlestim,35,132446,1000170,edm,paicipantresponseblue,correct
2834,Subject201,648,pleasure,77,pleasure,colorblue,test,num1,typepositive,singlestim,37,138299,1000190,edm,paicipantresponseblue,correct
3130,Subject201,470,success,77,success,colorblue,test,num1,typepositive,singlestim,39,143973,1000210,edm,paicipantresponseblue,correct
3426,Subject201,363,alone,67,alone,colorred,test,num1,typenegative,singlestim,41,149542,1000230,edc,paicipantresponsered,correct
3722,Subject201,513,rejected,67,rejected,colorred,test,num1,typenegative,singlestim,43,155260,1000250,edc,paicipantresponsered,correct
4018,Subject201,463,success,67,success,colorred,test,num1,typepositive,singlestim,45,160927,1000270,edc,paicipantresponsered,correct
4314,Subject201,413,happy,67,happy,colorred,test,num1,typepositive,singlestim,47,166544,1000290,edc,paicipantresponsered,correct
4610,Subject201,665,engine,77,engine,colorblue,test,num1,typeneutral,singlestim,49,172414,1000310,edm,paicipantresponseblue,correct
4906,Subject201,1237,museum,67,museum,colorred,test,num1,typeneutral,singlestim,51,178858,1000330,edc,paicipantresponsered,correct
5202,Subject201,500,paper,67,paper,colorred,test,num1,typeneutral,singlestim,53,184562,1000350,edc,paicipantresponsered,correct
5498,Subject201,453,alone,77,alone,colorblue,test,num1,typenegative,singlestim,55,190221,1000370,edm,paicipantresponseblue,correct
5794,Subject201,747,suicide,77,suicide,colorblue,test,num1,typesuicide,singlestim,57,196172,1000390,edm,paicipantresponseblue,correct
6090,Subject201,519,paper,77,paper,colorblue,test,num1,typeneutral,singlestim,59,201895,1000410,edm,paicipantresponseblue,correct
6386,Subject201,648,pleasure,67,pleasure,colorred,test,num1,typepositive,singlestim,61,207749,1000430,edc,paicipantresponsered,correct
6682,Subject201,492,engine,67,engine,colorred,test,num1,typeneutral,singlestim,63,213445,1000450,edc,paicipantresponsered,correct
6978,Subject201,717,stupid,67,stupid,colorred,test,num1,typenegative,singlestim,65,219368,1000470,edc,paicipantresponsered,correct
7274,Subject201,637,paper,67,paper,colorred,test,num2,typeneutral,singlestim,67,225211,101010,edc,paicipantresponsered,correct
7570,Subject201,454,rejected,77,rejected,colorblue,test,num2,typenegative,singlestim,69,230871,101030,edm,paicipantresponseblue,correct
7866,Subject201,996,funeral,67,funeral,colorred,test,num2,typesuicide,singlestim,71,237073,101050,edc,paicipantresponsered,correct
8162,Subject201,645,rejected,67,rejected,colorred,test,num2,typenegative,singlestim,73,242922,101070,edc,paicipantresponsered,correct
8458,Subject201,512,success,67,success,colorred,test,num2,typepositive,singlestim,75,248642,101090,edc,paicipantresponsered,correct
8754,Subject201,582,happy,67,happy,colorred,test,num2,typepositive,singlestim,77,254429,1010110,edc,paicipantresponsered,correct
9050,Subject201,460,funeral,77,funeral,colorblue,test,num2,typesuicide,singlestim,79,260096,1010130,edm,paicipantresponseblue,correct
9346,Subject201,481,pleasure,77,pleasure,colorblue,test,num2,typepositive,singlestim,81,265782,1010150,edm,paicipantresponseblue,correct
9642,Subject201,510,pleasure,67,pleasure,colorred,test,num2,typepositive,singlestim,83,271496,1010170,edc,paicipantresponsered,correct
9938,Subject201,453,success,77,success,colorblue,test,num2,typepositive,singlestim,85,277154,1010190,edm,paicipantresponseblue,correct
10234,Subject201,445,alone,77,alone,colorblue,test,num2,typenegative,singlestim,87,282804,1010210,edm,paicipantresponseblue,correct
10530,Subject201,530,stupid,77,stupid,colorblue,test,num2,typenegative,singlestim,89,288539,1010230,edm,paicipantresponseblue,correct
10826,Subject201,521,engine,67,engine,colorred,test,num2,typeneutral,singlestim,91,294263,1010250,edc,paicipantresponsered,correct
11122,Subject201,467,stupid,67,stupid,colorred,test,num2,typenegative,singlestim,93,299936,1010270,edc,paicipantresponsered,correct
11418,Subject201,501,alone,67,alone,colorred,test,num2,typenegative,singlestim,95,305643,1010290,edc,paicipantresponsered,correct
11714,Subject201,459,suicide,77,suicide,colorblue,test,num2,typesuicide,singlestim,97,311308,1010310,edm,paicipantresponseblue,correct
12010,Subject201,452,museum,77,museum,colorblue,test,num2,typeneutral,singlestim,99,316964,1010330,edm,paicipantresponseblue,correct
12306,Subject201,372,happy,77,happy,colorblue,test,num2,typepositive,singlestim,101,322540,1010350,edm,paicipantresponseblue,correct
12602,Subject201,416,dead,77,dead,colorblue,test,num2,typesuicide,singlestim,103,328159,1010370,edm,paicipantresponseblue,correct
12898,Subject201,388,engine,77,engine,colorblue,test,num2,typeneutral,singlestim,105,333751,1010390,edm,paicipantresponseblue,correct
13194,Subject201,541,dead,67,dead,colorred,test,num2,typesuicide,singlestim,107,339499,1010410,edc,paicipantresponsered,correct
13490,Subject201,436,suicide,67,suicide,colorred,test,num2,typesuicide,singlestim,109,345137,1010430,edc,paicipantresponsered,correct
13786,Subject201,938,paper,77,paper,colorblue,test,num2,typeneutral,singlestim,111,351281,1010450,edm,paicipantresponseblue,correct
14082,Subject201,456,museum,67,museum,colorred,test,num2,typeneutral,singlestim,113,356942,1010470,edc,paicipantresponsered,correct