,SubjectID,rt,stimulus,keypress,word,color,block,blocknum,wordtype,trialtype,trialindex,timeelapsed,internalnodeid,keypressed,participantresponse,correctresponse
127,Subject137,472,suicide,67,suicide,colorred,test,num1,typesuicide,singlestim,19,80281,100010,edc,paicipantresponsered,correct
423,Subject137,499,dead,67,dead,colorred,test,num1,typesuicide,singlestim,21,85989,100030,edc,paicipantresponsered,correct
719,Subject137,608,stupid,67,stupid,colorred,test,num1,typenegative,singlestim,23,91806,100050,edc,paicipantresponsered,correct
1015,Subject137,724,alone,77,alone,colorblue,test,num1,typenegative,singlestim,25,97737,100070,edm,paicipantresponseblue,correct
1311,Subject137,776,alone,67,alone,colorred,test,num1,typenegative,singlestim,27,103720,100090,edc,paicipantresponsered,correct
1607,Subject137,619,museum,77,museum,colorblue,test,num1,typeneutral,singlestim,29,109547,1000110,edm,paicipantresponseblue,correct
1903,Subject137,484,dead,77,dead,colorblue,test,num1,typesuicide,singlestim,31,115239,1000130,edm,paicipantresponseblue,correct
2199,Subject137,460,engine,67,engine,colorred,test,num1,typeneutral,singlestim,33,120906,1000150,edc,paicipantresponsered,correct
2495,Subject137,995,paper,77,paper,colorblue,test,num1,typeneutral,singlestim,35,127109,1000170,edm,paicipantresponseblue,correct
2791,Subject137,420,suicide,77,suicide,colorblue,test,num1,typesuicide,singlestim,37,132738,1000190,edm,paicipantresponseblue,correct
3087,Subject137,554,success,77,success,colorblue,test,num1,typepositive,singlestim,39,138500,1000210,edm,paicipantresponseblue,correct
3383,Subject137,570,museum,67,museum,colorred,test,num1,typeneutral,singlestim,41,144279,1000230,edc,paicipantresponsered,correct
3679,Subject137,454,engine,77,engine,colorblue,test,num1,typeneutral,singlestim,43,149939,1000250,edm,paicipantresponseblue,correct
3975,Subject137,633,paper,67,paper,colorred,test,num1,typeneutral,singlestim,45,155778,1000270,edc,paicipantresponsered,correct
4271,Subject137,744,rejected,67,rejected,colorred,test,num1,typenegative,singlestim,47,161731,1000290,edc,paicipantresponsered,correct
4567,Subject137,926,rejected,77,rejected,colorblue,test,num1,typenegative,singlestim,49,167865,1000310,edm,paicipantresponseblue,correct
4863,Subject137,558,happy,77,happy,colorblue,test,num1,typepositive,singlestim,51,173629,1000330,edm,paicipantresponseblue,correct
5159,Subject137,727,pleasure,77,pleasure,colorblue,test,num1,typepositive,singlestim,53,179564,1000350,edm,paicipantresponseblue,correct
5455,Subject137,638,stupid,77,stupid,colorblue,test,num1,typenegative,singlestim,55,185409,1000370,edm,paicipantresponseblue,correct
5751,Subject137,682,success,67,success,colorred,test,num1,typepositive,singlestim,57,191298,1000390,edc,paicipantresponsered,correct
6047,Subject137,723,funeral,67,funeral,colorred,test,num1,typesuicide,singlestim,59,197228,1000410,edc,paicipantresponsered,correct
6343,Subject137,549,funeral,77,funeral,colorblue,test,num1,typesuicide,singlestim,61,202988,1000430,edm,paicipantresponseblue,correct
6639,Subject137,544,happy,67,happy,colorred,test,num1,typepositive,singlestim,63,208739,1000450,edc,paicipantresponsered,correct
6935,Subject137,669,pleasure,67,pleasure,colorred,test,num1,typepositive,singlestim,65,214615,1000470,edc,paicipantresponsered,correct
7231,Subject137,681,pleasure,67,pleasure,colorred,test,num2,typepositive,singlestim,67,220508,101010,edc,paicipantresponsered,correct
7527,Subject137,637,rejected,67,rejected,colorred,test,num2,typenegative,singlestim,69,226356,101030,edc,paicipantresponsered,correct
7823,Subject137,624,dead,67,dead,colorred,test,num2,typesuicide,singlestim,71,232188,101050,edc,paicipantresponsered,correct
8119,Subject137,636,stupid,77,stupid,colorblue,test,num2,typenegative,singlestim,73,238031,101070,edm,paicipantresponseblue,correct
8415,Subject137,547,dead,77,dead,colorblue,test,num2,typesuicide,singlestim,75,243787,101090,edm,paicipantresponseblue,correct
8711,Subject137,561,suicide,67,suicide,colorred,test,num2,typesuicide,singlestim,77,249555,1010110,edc,paicipantresponsered,correct
9007,Subject137,645,funeral,67,funeral,colorred,test,num2,typesuicide,singlestim,79,255406,1010130,edc,paicipantresponsered,correct
9303,Subject137,539,paper,77,paper,colorblue,test,num2,typeneutral,singlestim,81,261154,1010150,edm,paicipantresponseblue,correct
9599,Subject137,1317,engine,77,engine,colorblue,test,num2,typeneutral,singlestim,83,267680,1010170,edm,paicipantresponseblue,correct
9895,Subject137,550,engine,67,engine,colorred,test,num2,typeneutral,singlestim,85,273436,1010190,edc,paicipantresponsered,correct
10191,Subject137,635,suicide,77,suicide,colorblue,test,num2,typesuicide,singlestim,87,279278,1010210,edm,paicipantresponseblue,correct
10487,Subject137,537,success,77,success,colorblue,test,num2,typepositive,singlestim,89,285024,1010230,edm,paicipantresponseblue,correct
10783,Subject137,1175,happy,77,happy,colorblue,test,num2,typepositive,singlestim,91,291406,1010250,edm,paicipantresponseblue,correct
11079,Subject137,1621,museum,67,museum,colorred,test,num2,typeneutral,singlestim,93,298236,1010270,edc,paicipantresponsered,correct
11375,Subject137,1283,alone,77,alone,colorblue,test,num2,typenegative,singlestim,95,304727,1010290,edm,paicipantresponseblue,correct
11671,Subject137,606,alone,67,alone,colorred,test,num2,typenegative,singlestim,97,310542,1010310,edc,paicipantresponsered,correct
11967,Subject137,1107,success,67,success,colorred,test,num2,typepositive,singlestim,99,316858,1010330,edc,paicipantresponsered,correct
12263,Subject137,762,pleasure,77,pleasure,colorblue,test,num2,typepositive,singlestim,101,322824,1010350,edm,paicipantresponseblue,correct
12559,Subject137,710,rejected,77,rejected,colorblue,test,num2,typenegative,singlestim,103,328742,1010370,edm,paicipantresponseblue,correct
12855,Subject137,872,paper,67,paper,colorred,test,num2,typeneutral,singlestim,105,334821,1010390,edc,paicipantresponsered,correct
13151,Subject137,788,happy,67,happy,colorred,test,num2,typepositive,singlestim,107,340819,1010410,edc,paicipantresponsered,correct
13447,Subject137,843,stupid,67,stupid,colorred,test,num2,typenegative,singlestim,109,346870,1010430,edc,paicipantresponsered,correct
13743,Subject137,555,funeral,77,funeral,colorblue,test,num2,typesuicide,singlestim,111,352634,1010450,edm,paicipantresponseblue,correct
14039,Subject137,692,museum,77,museum,colorblue,test,num2,typeneutral,singlestim,113,358534,1010470,edm,paicipantresponseblue,correct