,SubjectID,rt,stimulus,keypress,word,color,block,blocknum,wordtype,trialtype,trialindex,timeelapsed,internalnodeid,keypressed,participantresponse,correctresponse
256,Subject291,506,stupid,77,stupid,colorblue,test,num1,typenegative,singlestim,19,72936,100010,edm,paicipantresponseblue,correct
552,Subject291,358,pleasure,77,pleasure,colorblue,test,num1,typepositive,singlestim,21,78499,100030,edm,paicipantresponseblue,correct
848,Subject291,507,alone,77,alone,colorblue,test,num1,typenegative,singlestim,23,84211,100050,edm,paicipantresponseblue,correct
1144,Subject291,371,rejected,77,rejected,colorblue,test,num1,typenegative,singlestim,25,89788,100070,edm,paicipantresponseblue,correct
1440,Subject291,351,dead,77,dead,colorblue,test,num1,typesuicide,singlestim,27,95345,100090,edm,paicipantresponseblue,correct
1736,Subject291,321,dead,67,dead,colorred,test,num1,typesuicide,singlestim,29,100871,1000110,edc,paicipantresponsered,correct
2032,Subject291,289,engine,67,engine,colorred,test,num1,typeneutral,singlestim,31,106368,1000130,edc,paicipantresponsered,correct
2328,Subject291,354,happy,77,happy,colorblue,test,num1,typepositive,singlestim,33,111925,1000150,edm,paicipantresponseblue,correct
2624,Subject291,396,alone,67,alone,colorred,test,num1,typenegative,singlestim,35,117527,1000170,edc,paicipantresponsered,correct
2920,Subject291,334,success,77,success,colorblue,test,num1,typepositive,singlestim,37,123068,1000190,edm,paicipantresponseblue,correct
3216,Subject291,350,paper,67,paper,colorred,test,num1,typeneutral,singlestim,39,128623,1000210,edc,paicipantresponsered,correct
3512,Subject291,365,success,67,success,colorred,test,num1,typepositive,singlestim,41,134194,1000230,edc,paicipantresponsered,correct
3808,Subject291,379,funeral,77,funeral,colorblue,test,num1,typesuicide,singlestim,43,139776,1000250,edm,paicipantresponseblue,correct
4104,Subject291,365,happy,77,happy,colorred,test,num1,typepositive,singlestim,45,145346,1000270,edm,paicipantresponseblue,incorrect
4400,Subject291,334,museum,77,museum,colorblue,test,num1,typeneutral,singlestim,47,150887,1000290,edm,paicipantresponseblue,correct
4696,Subject291,332,pleasure,67,pleasure,colorred,test,num1,typepositive,singlestim,49,156425,1000310,edc,paicipantresponsered,correct
4992,Subject291,314,stupid,67,stupid,colorred,test,num1,typenegative,singlestim,51,161946,1000330,edc,paicipantresponsered,correct
5288,Subject291,321,funeral,67,funeral,colorred,test,num1,typesuicide,singlestim,53,167472,1000350,edc,paicipantresponsered,correct
5584,Subject291,323,engine,67,engine,colorblue,test,num1,typeneutral,singlestim,55,173001,1000370,edc,paicipantresponsered,incorrect
5880,Subject291,365,paper,67,paper,colorblue,test,num1,typeneutral,singlestim,57,178571,1000390,edc,paicipantresponsered,incorrect
6176,Subject291,420,suicide,67,suicide,colorred,test,num1,typesuicide,singlestim,59,184197,1000410,edc,paicipantresponsered,correct
6472,Subject291,361,suicide,77,suicide,colorblue,test,num1,typesuicide,singlestim,61,189763,1000430,edm,paicipantresponseblue,correct
6768,Subject291,363,museum,67,museum,colorred,test,num1,typeneutral,singlestim,63,195333,1000450,edc,paicipantresponsered,correct
7064,Subject291,416,rejected,67,rejected,colorred,test,num1,typenegative,singlestim,65,200955,1000470,edc,paicipantresponsered,correct
7360,Subject291,373,funeral,67,funeral,colorred,test,num2,typesuicide,singlestim,67,206534,101010,edc,paicipantresponsered,correct
7656,Subject291,370,paper,67,paper,colorred,test,num2,typeneutral,singlestim,69,212110,101030,edc,paicipantresponsered,correct
7952,Subject291,416,success,67,success,colorred,test,num2,typepositive,singlestim,71,217730,101050,edc,paicipantresponsered,correct
8248,Subject291,335,rejected,67,rejected,colorred,test,num2,typenegative,singlestim,73,223272,101070,edc,paicipantresponsered,correct
8544,Subject291,337,funeral,77,funeral,colorblue,test,num2,typesuicide,singlestim,75,228814,101090,edm,paicipantresponseblue,correct
8840,Subject291,430,happy,67,happy,colorred,test,num2,typepositive,singlestim,77,234449,1010110,edc,paicipantresponsered,correct
9136,Subject291,361,success,77,success,colorblue,test,num2,typepositive,singlestim,79,240015,1010130,edm,paicipantresponseblue,correct
9432,Subject291,374,suicide,77,suicide,colorblue,test,num2,typesuicide,singlestim,81,245595,1010150,edm,paicipantresponseblue,correct
9728,Subject291,413,museum,77,museum,colorblue,test,num2,typeneutral,singlestim,83,251214,1010170,edm,paicipantresponseblue,correct
10024,Subject291,383,paper,77,paper,colorblue,test,num2,typeneutral,singlestim,85,256805,1010190,edm,paicipantresponseblue,correct
10320,Subject291,557,stupid,67,stupid,colorred,test,num2,typenegative,singlestim,87,262570,1010210,edc,paicipantresponsered,correct
10616,Subject291,472,suicide,67,suicide,colorred,test,num2,typesuicide,singlestim,89,268247,1010230,edc,paicipantresponsered,correct
10912,Subject291,405,rejected,77,rejected,colorblue,test,num2,typenegative,singlestim,91,273857,1010250,edm,paicipantresponseblue,correct
11208,Subject291,473,happy,77,happy,colorblue,test,num2,typepositive,singlestim,93,279538,1010270,edm,paicipantresponseblue,correct
11504,Subject291,428,engine,67,engine,colorred,test,num2,typeneutral,singlestim,95,285173,1010290,edc,paicipantresponsered,correct
11800,Subject291,354,dead,67,dead,colorred,test,num2,typesuicide,singlestim,97,290731,1010310,edc,paicipantresponsered,correct
12096,Subject291,365,pleasure,77,pleasure,colorblue,test,num2,typepositive,singlestim,99,296302,1010330,edm,paicipantresponseblue,correct
12392,Subject291,347,museum,67,museum,colorred,test,num2,typeneutral,singlestim,101,301855,1010350,edc,paicipantresponsered,correct
12688,Subject291,439,stupid,77,stupid,colorblue,test,num2,typenegative,singlestim,103,307502,1010370,edm,paicipantresponseblue,correct
12984,Subject291,337,dead,67,dead,colorblue,test,num2,typesuicide,singlestim,105,313043,1010390,edc,paicipantresponsered,incorrect
13280,Subject291,370,alone,77,alone,colorblue,test,num2,typenegative,singlestim,107,318619,1010410,edm,paicipantresponseblue,correct
13576,Subject291,340,engine,77,engine,colorblue,test,num2,typeneutral,singlestim,109,324165,1010430,edm,paicipantresponseblue,correct
13872,Subject291,401,pleasure,67,pleasure,colorred,test,num2,typepositive,singlestim,111,329772,1010450,edc,paicipantresponsered,correct
14168,Subject291,368,alone,67,alone,colorred,test,num2,typenegative,singlestim,113,335346,1010470,edc,paicipantresponsered,correct