,SubjectID,rt,stimulus,keypress,word,color,block,blocknum,wordtype,trialtype,trialindex,timeelapsed,internalnodeid,keypressed,participantresponse,correctresponse
178,Subject209,534,pleasure,77,pleasure,colorblue,test,num1,typepositive,singlestim,19,100838,100010,edm,paicipantresponseblue,correct
474,Subject209,492,paper,77,paper,colorblue,test,num1,typeneutral,singlestim,21,106534,100030,edm,paicipantresponseblue,correct
770,Subject209,444,alone,67,alone,colorred,test,num1,typenegative,singlestim,23,112182,100050,edc,paicipantresponsered,correct
1066,Subject209,546,paper,67,paper,colorred,test,num1,typeneutral,singlestim,25,117934,100070,edc,paicipantresponsered,correct
1362,Subject209,484,happy,67,happy,colorred,test,num1,typepositive,singlestim,27,123620,100090,edc,paicipantresponsered,correct
1658,Subject209,596,dead,67,dead,colorred,test,num1,typesuicide,singlestim,29,129420,1000110,edc,paicipantresponsered,correct
1954,Subject209,460,suicide,67,suicide,colorred,test,num1,typesuicide,singlestim,31,135082,1000130,edc,paicipantresponsered,correct
2250,Subject209,414,engine,77,engine,colorblue,test,num1,typeneutral,singlestim,33,140700,1000150,edm,paicipantresponseblue,correct
2546,Subject209,460,museum,77,museum,colorblue,test,num1,typeneutral,singlestim,35,146362,1000170,edm,paicipantresponseblue,correct
2842,Subject209,550,funeral,77,funeral,colorred,test,num1,typesuicide,singlestim,37,152114,1000190,edm,paicipantresponseblue,incorrect
3138,Subject209,438,happy,77,happy,colorblue,test,num1,typepositive,singlestim,39,157754,1000210,edm,paicipantresponseblue,correct
3434,Subject209,598,stupid,67,stupid,colorred,test,num1,typenegative,singlestim,41,163554,1000230,edc,paicipantresponsered,correct
3730,Subject209,438,success,77,success,colorblue,test,num1,typepositive,singlestim,43,169194,1000250,edm,paicipantresponseblue,correct
4026,Subject209,628,engine,67,engine,colorred,test,num1,typeneutral,singlestim,45,175026,1000270,edc,paicipantresponsered,correct
4322,Subject209,660,pleasure,67,pleasure,colorred,test,num1,typepositive,singlestim,47,180888,1000290,edc,paicipantresponsered,correct
4618,Subject209,628,rejected,67,rejected,colorred,test,num1,typenegative,singlestim,49,186720,1000310,edc,paicipantresponsered,correct
4914,Subject209,494,rejected,77,rejected,colorblue,test,num1,typenegative,singlestim,51,192416,1000330,edm,paicipantresponseblue,correct
5210,Subject209,468,success,67,success,colorred,test,num1,typepositive,singlestim,53,198086,1000350,edc,paicipantresponsered,correct
5506,Subject209,468,alone,77,alone,colorblue,test,num1,typenegative,singlestim,55,203758,1000370,edm,paicipantresponseblue,correct
5802,Subject209,414,suicide,77,suicide,colorblue,test,num1,typesuicide,singlestim,57,209374,1000390,edm,paicipantresponseblue,correct
6098,Subject209,564,stupid,77,stupid,colorblue,test,num1,typenegative,singlestim,59,215142,1000410,edm,paicipantresponseblue,correct
6394,Subject209,500,dead,77,dead,colorblue,test,num1,typesuicide,singlestim,61,220846,1000430,edm,paicipantresponseblue,correct
6690,Subject209,426,funeral,77,funeral,colorblue,test,num1,typesuicide,singlestim,63,226476,1000450,edm,paicipantresponseblue,correct
6986,Subject209,414,museum,67,museum,colorred,test,num1,typeneutral,singlestim,65,232092,1000470,edc,paicipantresponsered,correct
7282,Subject209,564,funeral,67,funeral,colorred,test,num2,typesuicide,singlestim,67,237860,101010,edc,paicipantresponsered,correct
7578,Subject209,450,alone,67,alone,colorred,test,num2,typenegative,singlestim,69,243516,101030,edc,paicipantresponsered,correct
7874,Subject209,910,suicide,77,suicide,colorblue,test,num2,typesuicide,singlestim,71,249628,101050,edm,paicipantresponseblue,correct
8170,Subject209,640,pleasure,77,pleasure,colorblue,test,num2,typepositive,singlestim,73,255476,101070,edm,paicipantresponseblue,correct
8466,Subject209,444,dead,67,dead,colorred,test,num2,typesuicide,singlestim,75,261122,101090,edc,paicipantresponsered,correct
8762,Subject209,606,museum,67,museum,colorred,test,num2,typeneutral,singlestim,77,266930,1010110,edc,paicipantresponsered,correct
9058,Subject209,692,pleasure,67,pleasure,colorred,test,num2,typepositive,singlestim,79,272826,1010130,edc,paicipantresponsered,correct
9354,Subject209,644,stupid,67,stupid,colorred,test,num2,typenegative,singlestim,81,278674,1010150,edc,paicipantresponsered,correct
9650,Subject209,506,success,67,success,colorred,test,num2,typepositive,singlestim,83,284384,1010170,edc,paicipantresponsered,correct
9946,Subject209,580,engine,67,engine,colorred,test,num2,typeneutral,singlestim,85,290166,1010190,edc,paicipantresponsered,correct
10242,Subject209,750,museum,67,museum,colorblue,test,num2,typeneutral,singlestim,87,296120,1010210,edc,paicipantresponsered,incorrect
10538,Subject209,636,rejected,67,rejected,colorred,test,num2,typenegative,singlestim,89,301960,1010230,edc,paicipantresponsered,correct
10834,Subject209,420,stupid,77,stupid,colorblue,test,num2,typenegative,singlestim,91,307582,1010250,edm,paicipantresponseblue,correct
11130,Subject209,652,rejected,77,rejected,colorblue,test,num2,typenegative,singlestim,93,313438,1010270,edm,paicipantresponseblue,correct
11426,Subject209,430,happy,77,happy,colorblue,test,num2,typepositive,singlestim,95,319070,1010290,edm,paicipantresponseblue,correct
11722,Subject209,406,paper,77,paper,colorblue,test,num2,typeneutral,singlestim,97,324678,1010310,edm,paicipantresponseblue,correct
12018,Subject209,518,engine,77,engine,colorblue,test,num2,typeneutral,singlestim,99,330398,1010330,edm,paicipantresponseblue,correct
12314,Subject209,492,paper,67,paper,colorred,test,num2,typeneutral,singlestim,101,336092,1010350,edc,paicipantresponsered,correct
12610,Subject209,686,success,77,success,colorblue,test,num2,typepositive,singlestim,103,341980,1010370,edm,paicipantresponseblue,correct
12906,Subject209,498,dead,77,dead,colorblue,test,num2,typesuicide,singlestim,105,347684,1010390,edm,paicipantresponseblue,correct
13202,Subject209,428,funeral,77,funeral,colorblue,test,num2,typesuicide,singlestim,107,353314,1010410,edm,paicipantresponseblue,correct
13498,Subject209,486,suicide,67,suicide,colorred,test,num2,typesuicide,singlestim,109,359004,1010430,edc,paicipantresponsered,correct
13794,Subject209,516,happy,67,happy,colorred,test,num2,typepositive,singlestim,111,364722,1010450,edc,paicipantresponsered,correct
14090,Subject209,654,alone,77,alone,colorblue,test,num2,typenegative,singlestim,113,370578,1010470,edm,paicipantresponseblue,correct