,SubjectID,rt,stimulus,keypress,word,color,block,blocknum,wordtype,trialtype,trialindex,timeelapsed,internalnodeid,keypressed,participantresponse,correctresponse
222,Subject254,637,engine,77,engine,colorblue,test,num1,typeneutral,singlestim,19,118415,100010,edm,paicipantresponseblue,correct
518,Subject254,519,stupid,67,stupid,colorred,test,num1,typenegative,singlestim,21,124146,100030,edc,paicipantresponsered,correct
814,Subject254,490,alone,67,alone,colorred,test,num1,typenegative,singlestim,23,129852,100050,edc,paicipantresponsered,correct
1110,Subject254,593,funeral,77,funeral,colorblue,test,num1,typesuicide,singlestim,25,135657,100070,edm,paicipantresponseblue,correct
1406,Subject254,834,rejected,67,rejected,colorred,test,num1,typenegative,singlestim,27,141703,100090,edc,paicipantresponsered,correct
1702,Subject254,608,paper,67,paper,colorred,test,num1,typeneutral,singlestim,29,147523,1000110,edc,paicipantresponsered,correct
1998,Subject254,658,happy,77,happy,colorblue,test,num1,typepositive,singlestim,31,153389,1000130,edm,paicipantresponseblue,correct
2294,Subject254,519,museum,67,museum,colorred,test,num1,typeneutral,singlestim,33,159118,1000150,edc,paicipantresponsered,correct
2590,Subject254,539,dead,67,dead,colorred,test,num1,typesuicide,singlestim,35,164866,1000170,edc,paicipantresponsered,correct
2886,Subject254,645,success,77,success,colorblue,test,num1,typepositive,singlestim,37,170725,1000190,edm,paicipantresponseblue,correct
3182,Subject254,674,alone,77,alone,colorblue,test,num1,typenegative,singlestim,39,176613,1000210,edm,paicipantresponseblue,correct
3478,Subject254,533,suicide,77,suicide,colorblue,test,num1,typesuicide,singlestim,41,182353,1000230,edm,paicipantresponseblue,correct
3774,Subject254,698,museum,77,museum,colorblue,test,num1,typeneutral,singlestim,43,188267,1000250,edm,paicipantresponseblue,correct
4070,Subject254,536,happy,67,happy,colorred,test,num1,typepositive,singlestim,45,194012,1000270,edc,paicipantresponsered,correct
4366,Subject254,869,pleasure,67,pleasure,colorred,test,num1,typepositive,singlestim,47,200095,1000290,edc,paicipantresponsered,correct
4662,Subject254,984,paper,77,paper,colorblue,test,num1,typeneutral,singlestim,49,206293,1000310,edm,paicipantresponseblue,correct
4958,Subject254,674,engine,67,engine,colorred,test,num1,typeneutral,singlestim,51,212178,1000330,edc,paicipantresponsered,correct
5254,Subject254,1345,dead,77,dead,colorblue,test,num1,typesuicide,singlestim,53,218736,1000350,edm,paicipantresponseblue,correct
5550,Subject254,1081,funeral,67,funeral,colorred,test,num1,typesuicide,singlestim,55,225028,1000370,edc,paicipantresponsered,correct
5846,Subject254,1073,suicide,67,suicide,colorred,test,num1,typesuicide,singlestim,57,231315,1000390,edc,paicipantresponsered,correct
6142,Subject254,693,success,67,success,colorred,test,num1,typepositive,singlestim,59,237219,1000410,edc,paicipantresponsered,correct
6438,Subject254,1435,pleasure,77,pleasure,colorblue,test,num1,typepositive,singlestim,61,243870,1000430,edm,paicipantresponseblue,correct
6734,Subject254,1436,rejected,77,rejected,colorblue,test,num1,typenegative,singlestim,63,250517,1000450,edm,paicipantresponseblue,correct
7030,Subject254,1073,stupid,77,stupid,colorblue,test,num1,typenegative,singlestim,65,256798,1000470,edm,paicipantresponseblue,correct
7326,Subject254,817,suicide,77,suicide,colorblue,test,num2,typesuicide,singlestim,67,262828,101010,edm,paicipantresponseblue,correct
7622,Subject254,1662,alone,77,alone,colorblue,test,num2,typenegative,singlestim,69,269704,101030,edm,paicipantresponseblue,correct
7918,Subject254,727,engine,67,engine,colorred,test,num2,typeneutral,singlestim,71,275640,101050,edc,paicipantresponsered,correct
8214,Subject254,1110,paper,67,paper,colorred,test,num2,typeneutral,singlestim,73,281960,101070,edc,paicipantresponsered,correct
8510,Subject254,713,funeral,77,funeral,colorblue,test,num2,typesuicide,singlestim,75,287885,101090,edm,paicipantresponseblue,correct
8806,Subject254,456,success,77,success,colorblue,test,num2,typepositive,singlestim,77,293554,1010110,edm,paicipantresponseblue,correct
9102,Subject254,1182,happy,67,happy,colorred,test,num2,typepositive,singlestim,79,299950,1010130,edc,paicipantresponsered,correct
9398,Subject254,884,funeral,67,funeral,colorred,test,num2,typesuicide,singlestim,81,306048,1010150,edc,paicipantresponsered,correct
9694,Subject254,801,stupid,77,stupid,colorblue,test,num2,typenegative,singlestim,83,312059,1010170,edm,paicipantresponseblue,correct
9990,Subject254,696,dead,77,dead,colorblue,test,num2,typesuicide,singlestim,85,317968,1010190,edm,paicipantresponseblue,correct
10286,Subject254,1010,pleasure,77,pleasure,colorblue,test,num2,typepositive,singlestim,87,324191,1010210,edm,paicipantresponseblue,correct
10582,Subject254,610,pleasure,67,pleasure,colorred,test,num2,typepositive,singlestim,89,330014,1010230,edc,paicipantresponsered,correct
10878,Subject254,1234,paper,77,paper,colorblue,test,num2,typeneutral,singlestim,91,336457,1010250,edm,paicipantresponseblue,correct
11174,Subject254,712,dead,67,dead,colorred,test,num2,typesuicide,singlestim,93,342383,1010270,edc,paicipantresponsered,correct
11470,Subject254,1006,engine,77,engine,colorblue,test,num2,typeneutral,singlestim,95,348603,1010290,edm,paicipantresponseblue,correct
11766,Subject254,926,rejected,77,rejected,colorblue,test,num2,typenegative,singlestim,97,354738,1010310,edm,paicipantresponseblue,correct
12062,Subject254,759,alone,67,alone,colorred,test,num2,typenegative,singlestim,99,360708,1010330,edc,paicipantresponsered,correct
12358,Subject254,693,success,67,success,colorred,test,num2,typepositive,singlestim,101,366614,1010350,edc,paicipantresponsered,correct
12654,Subject254,981,museum,67,museum,colorred,test,num2,typeneutral,singlestim,103,372806,1010370,edc,paicipantresponsered,correct
12950,Subject254,612,suicide,67,suicide,colorred,test,num2,typesuicide,singlestim,105,378629,1010390,edc,paicipantresponsered,correct
13246,Subject254,1098,museum,77,museum,colorblue,test,num2,typeneutral,singlestim,107,384940,1010410,edm,paicipantresponseblue,correct
13542,Subject254,591,stupid,67,stupid,colorred,test,num2,typenegative,singlestim,109,390744,1010430,edc,paicipantresponsered,correct
13838,Subject254,695,rejected,67,rejected,colorred,test,num2,typenegative,singlestim,111,396652,1010450,edc,paicipantresponsered,correct
14134,Subject254,1102,happy,77,happy,colorblue,test,num2,typepositive,singlestim,113,402966,1010470,edm,paicipantresponseblue,correct