,SubjectID,rt,stimulus,keypress,word,color,block,blocknum,wordtype,trialtype,trialindex,timeelapsed,internalnodeid,keypressed,participantresponse,correctresponse
181,Subject212,827,paper,67,paper,colorred,test,num1,typeneutral,singlestim,19,71941,100010,edc,paicipantresponsered,correct
477,Subject212,477,stupid,67,stupid,colorred,test,num1,typenegative,singlestim,21,77629,100030,edc,paicipantresponsered,correct
773,Subject212,952,alone,77,alone,colorblue,test,num1,typenegative,singlestim,23,83797,100050,edm,paicipantresponseblue,correct
1069,Subject212,454,alone,67,alone,colorred,test,num1,typenegative,singlestim,25,89457,100070,edc,paicipantresponsered,correct
1365,Subject212,745,engine,67,engine,colorred,test,num1,typeneutral,singlestim,27,95414,100090,edc,paicipantresponsered,correct
1661,Subject212,1245,happy,67,happy,colorred,test,num1,typepositive,singlestim,29,101874,1000110,edc,paicipantresponsered,correct
1957,Subject212,1676,funeral,67,funeral,colorred,test,num1,typesuicide,singlestim,31,108761,1000130,edc,paicipantresponsered,correct
2253,Subject212,1,dead,1,dead,colorred,test,num1,typesuicide,singlestim,33,115977,1000150,ed,,incorrect
2549,Subject212,550,pleasure,77,pleasure,colorblue,test,num1,typepositive,singlestim,35,121732,1000170,edm,paicipantresponseblue,correct
2845,Subject212,1062,happy,77,happy,colorblue,test,num1,typepositive,singlestim,37,128005,1000190,edm,paicipantresponseblue,correct
3141,Subject212,611,museum,67,museum,colorred,test,num1,typeneutral,singlestim,39,133830,1000210,edc,paicipantresponsered,correct
3437,Subject212,698,success,77,success,colorblue,test,num1,typepositive,singlestim,41,139736,1000230,edm,paicipantresponseblue,correct
3733,Subject212,519,rejected,77,rejected,colorblue,test,num1,typenegative,singlestim,43,145466,1000250,edm,paicipantresponseblue,correct
4029,Subject212,337,engine,77,engine,colorblue,test,num1,typeneutral,singlestim,45,151012,1000270,edm,paicipantresponseblue,correct
4325,Subject212,676,success,67,success,colorred,test,num1,typepositive,singlestim,47,156902,1000290,edc,paicipantresponsered,correct
4621,Subject212,416,museum,77,museum,colorblue,test,num1,typeneutral,singlestim,49,162532,1000310,edm,paicipantresponseblue,correct
4917,Subject212,677,dead,77,dead,colorblue,test,num1,typesuicide,singlestim,51,168421,1000330,edm,paicipantresponseblue,correct
5213,Subject212,790,paper,77,paper,colorblue,test,num1,typeneutral,singlestim,53,174419,1000350,edm,paicipantresponseblue,correct
5509,Subject212,534,pleasure,67,pleasure,colorred,test,num1,typepositive,singlestim,55,180165,1000370,edc,paicipantresponsered,correct
5805,Subject212,729,suicide,67,suicide,colorred,test,num1,typesuicide,singlestim,57,186106,1000390,edc,paicipantresponsered,correct
6101,Subject212,559,suicide,77,suicide,colorblue,test,num1,typesuicide,singlestim,59,191878,1000410,edm,paicipantresponseblue,correct
6397,Subject212,488,funeral,77,funeral,colorblue,test,num1,typesuicide,singlestim,61,197577,1000430,edm,paicipantresponseblue,correct
6693,Subject212,813,stupid,77,stupid,colorblue,test,num1,typenegative,singlestim,63,203599,1000450,edm,paicipantresponseblue,correct
6989,Subject212,359,rejected,67,rejected,colorred,test,num1,typenegative,singlestim,65,209169,1000470,edc,paicipantresponsered,correct
7285,Subject212,797,engine,77,engine,colorblue,test,num2,typeneutral,singlestim,67,215182,101010,edm,paicipantresponseblue,correct
7581,Subject212,430,museum,77,museum,colorblue,test,num2,typeneutral,singlestim,69,220821,101030,edm,paicipantresponseblue,correct
7877,Subject212,494,dead,67,dead,colorred,test,num2,typesuicide,singlestim,71,226527,101050,edc,paicipantresponsered,correct
8173,Subject212,684,paper,77,paper,colorblue,test,num2,typeneutral,singlestim,73,232424,101070,edm,paicipantresponseblue,correct
8469,Subject212,1147,alone,77,alone,colorblue,test,num2,typenegative,singlestim,75,238784,101090,edm,paicipantresponseblue,correct
8765,Subject212,436,rejected,67,rejected,colorred,test,num2,typenegative,singlestim,77,244428,1010110,edc,paicipantresponsered,correct
9061,Subject212,519,dead,77,dead,colorblue,test,num2,typesuicide,singlestim,79,250156,1010130,edm,paicipantresponseblue,correct
9357,Subject212,517,paper,67,paper,colorred,test,num2,typeneutral,singlestim,81,255890,1010150,edc,paicipantresponsered,correct
9653,Subject212,699,engine,67,engine,colorred,test,num2,typeneutral,singlestim,83,261805,1010170,edc,paicipantresponsered,correct
9949,Subject212,479,success,67,success,colorred,test,num2,typepositive,singlestim,85,267498,1010190,edc,paicipantresponsered,correct
10245,Subject212,384,suicide,67,suicide,colorred,test,num2,typesuicide,singlestim,87,273095,1010210,edc,paicipantresponsered,correct
10541,Subject212,443,stupid,67,stupid,colorred,test,num2,typenegative,singlestim,89,278749,1010230,edc,paicipantresponsered,correct
10837,Subject212,348,pleasure,77,pleasure,colorblue,test,num2,typepositive,singlestim,91,284310,1010250,edm,paicipantresponseblue,correct
11133,Subject212,509,alone,67,alone,colorred,test,num2,typenegative,singlestim,93,290033,1010270,edc,paicipantresponsered,correct
11429,Subject212,558,rejected,77,rejected,colorblue,test,num2,typenegative,singlestim,95,295806,1010290,edm,paicipantresponseblue,correct
11725,Subject212,1314,success,77,success,colorblue,test,num2,typepositive,singlestim,97,302334,1010310,edm,paicipantresponseblue,correct
12021,Subject212,489,pleasure,67,pleasure,colorred,test,num2,typepositive,singlestim,99,308039,1010330,edc,paicipantresponsered,correct
12317,Subject212,392,museum,67,museum,colorred,test,num2,typeneutral,singlestim,101,313645,1010350,edc,paicipantresponsered,correct
12613,Subject212,513,funeral,67,funeral,colorred,test,num2,typesuicide,singlestim,103,319374,1010370,edc,paicipantresponsered,correct
12909,Subject212,386,funeral,77,funeral,colorblue,test,num2,typesuicide,singlestim,105,324970,1010390,edm,paicipantresponseblue,correct
13205,Subject212,566,suicide,77,suicide,colorblue,test,num2,typesuicide,singlestim,107,330749,1010410,edm,paicipantresponseblue,correct
13501,Subject212,441,happy,67,happy,colorred,test,num2,typepositive,singlestim,109,336405,1010430,edc,paicipantresponsered,correct
13797,Subject212,569,happy,77,happy,colorblue,test,num2,typepositive,singlestim,111,342187,1010450,edm,paicipantresponseblue,correct
14093,Subject212,389,stupid,77,stupid,colorblue,test,num2,typenegative,singlestim,113,347788,1010470,edm,paicipantresponseblue,correct