,SubjectID,rt,stimulus,keypress,word,color,block,blocknum,wordtype,trialtype,trialindex,timeelapsed,internalnodeid,keypressed,participantresponse,correctresponse
156,Subject188,478,rejected,67,rejected,colorred,test,num1,typenegative,singlestim,19,161541,100010,edc,paicipantresponsered,correct
452,Subject188,365,dead,77,dead,colorblue,test,num1,typesuicide,singlestim,21,167157,100030,edm,paicipantresponseblue,correct
748,Subject188,374,suicide,77,suicide,colorblue,test,num1,typesuicide,singlestim,23,172787,100050,edm,paicipantresponseblue,correct
1044,Subject188,470,rejected,77,rejected,colorblue,test,num1,typenegative,singlestim,25,178516,100070,edm,paicipantresponseblue,correct
1340,Subject188,376,funeral,77,funeral,colorblue,test,num1,typesuicide,singlestim,27,184139,100090,edm,paicipantresponseblue,correct
1636,Subject188,343,alone,67,alone,colorred,test,num1,typenegative,singlestim,29,189721,1000110,edc,paicipantresponsered,correct
1932,Subject188,455,engine,67,engine,colorred,test,num1,typeneutral,singlestim,31,195436,1000130,edc,paicipantresponsered,correct
2228,Subject188,510,success,67,success,colorred,test,num1,typepositive,singlestim,33,201209,1000150,edc,paicipantresponsered,correct
2524,Subject188,441,stupid,77,stupid,colorblue,test,num1,typenegative,singlestim,35,206901,1000170,edm,paicipantresponseblue,correct
2820,Subject188,410,engine,77,engine,colorblue,test,num1,typeneutral,singlestim,37,212572,1000190,edm,paicipantresponseblue,correct
3116,Subject188,485,alone,77,alone,colorblue,test,num1,typenegative,singlestim,39,218300,1000210,edm,paicipantresponseblue,correct
3412,Subject188,423,happy,77,happy,colorblue,test,num1,typepositive,singlestim,41,223972,1000230,edm,paicipantresponseblue,correct
3708,Subject188,421,happy,67,happy,colorred,test,num1,typepositive,singlestim,43,229641,1000250,edc,paicipantresponsered,correct
4004,Subject188,463,dead,67,dead,colorred,test,num1,typesuicide,singlestim,45,235363,1000270,edc,paicipantresponsered,correct
4300,Subject188,580,museum,67,museum,colorred,test,num1,typeneutral,singlestim,47,241187,1000290,edc,paicipantresponsered,correct
4596,Subject188,386,success,67,success,colorblue,test,num1,typepositive,singlestim,49,246838,1000310,edc,paicipantresponsered,incorrect
4892,Subject188,536,suicide,67,suicide,colorred,test,num1,typesuicide,singlestim,51,252642,1000330,edc,paicipantresponsered,correct
5188,Subject188,400,paper,67,paper,colorred,test,num1,typeneutral,singlestim,53,258315,1000350,edc,paicipantresponsered,correct
5484,Subject188,319,paper,77,paper,colorblue,test,num1,typeneutral,singlestim,55,263888,1000370,edm,paicipantresponseblue,correct
5780,Subject188,494,pleasure,67,pleasure,colorred,test,num1,typepositive,singlestim,57,269627,1000390,edc,paicipantresponsered,correct
6076,Subject188,434,stupid,67,stupid,colorred,test,num1,typenegative,singlestim,59,275323,1000410,edc,paicipantresponsered,correct
6372,Subject188,345,pleasure,77,pleasure,colorblue,test,num1,typepositive,singlestim,61,280912,1000430,edm,paicipantresponseblue,correct
6668,Subject188,383,museum,77,museum,colorblue,test,num1,typeneutral,singlestim,63,286551,1000450,edm,paicipantresponseblue,correct
6964,Subject188,304,funeral,67,funeral,colorred,test,num1,typesuicide,singlestim,65,292101,1000470,edc,paicipantresponsered,correct
7260,Subject188,459,dead,77,dead,colorblue,test,num2,typesuicide,singlestim,67,297804,101010,edm,paicipantresponseblue,correct
7556,Subject188,327,museum,67,museum,colorred,test,num2,typeneutral,singlestim,69,303390,101030,edc,paicipantresponsered,correct
7852,Subject188,398,engine,67,engine,colorred,test,num2,typeneutral,singlestim,71,309030,101050,edc,paicipantresponsered,correct
8148,Subject188,374,alone,77,alone,colorblue,test,num2,typenegative,singlestim,73,314660,101070,edm,paicipantresponseblue,correct
8444,Subject188,314,suicide,67,suicide,colorred,test,num2,typesuicide,singlestim,75,320216,101090,edc,paicipantresponsered,correct
8740,Subject188,425,happy,77,happy,colorblue,test,num2,typepositive,singlestim,77,325895,1010110,edm,paicipantresponseblue,correct
9036,Subject188,673,stupid,77,stupid,colorblue,test,num2,typenegative,singlestim,79,331822,1010130,edm,paicipantresponseblue,correct
9332,Subject188,417,stupid,67,stupid,colorred,test,num2,typenegative,singlestim,81,337520,1010150,edc,paicipantresponsered,correct
9628,Subject188,309,funeral,67,funeral,colorred,test,num2,typesuicide,singlestim,83,343098,1010170,edc,paicipantresponsered,correct
9924,Subject188,332,paper,67,paper,colorred,test,num2,typeneutral,singlestim,85,348685,1010190,edc,paicipantresponsered,correct
10220,Subject188,379,dead,67,dead,colorred,test,num2,typesuicide,singlestim,87,354326,1010210,edc,paicipantresponsered,correct
10516,Subject188,381,suicide,77,suicide,colorblue,test,num2,typesuicide,singlestim,89,359946,1010230,edm,paicipantresponseblue,correct
10812,Subject188,399,rejected,77,rejected,colorblue,test,num2,typenegative,singlestim,91,365603,1010250,edm,paicipantresponseblue,correct
11108,Subject188,604,happy,67,happy,colorred,test,num2,typepositive,singlestim,93,371458,1010270,edc,paicipantresponsered,correct
11404,Subject188,565,engine,77,engine,colorblue,test,num2,typeneutral,singlestim,95,377273,1010290,edm,paicipantresponseblue,correct
11700,Subject188,436,funeral,77,funeral,colorblue,test,num2,typesuicide,singlestim,97,382959,1010310,edm,paicipantresponseblue,correct
11996,Subject188,430,alone,67,alone,colorred,test,num2,typenegative,singlestim,99,388636,1010330,edc,paicipantresponsered,correct
12292,Subject188,428,paper,77,paper,colorblue,test,num2,typeneutral,singlestim,101,394316,1010350,edm,paicipantresponseblue,correct
12588,Subject188,364,museum,77,museum,colorblue,test,num2,typeneutral,singlestim,103,399934,1010370,edm,paicipantresponseblue,correct
12884,Subject188,430,pleasure,77,pleasure,colorblue,test,num2,typepositive,singlestim,105,405647,1010390,edm,paicipantresponseblue,correct
13180,Subject188,274,success,67,success,colorred,test,num2,typepositive,singlestim,107,411171,1010410,edc,paicipantresponsered,correct
13476,Subject188,470,pleasure,67,pleasure,colorred,test,num2,typepositive,singlestim,109,416882,1010430,edc,paicipantresponsered,correct
13772,Subject188,397,success,77,success,colorblue,test,num2,typepositive,singlestim,111,422539,1010450,edm,paicipantresponseblue,correct
14068,Subject188,775,rejected,67,rejected,colorred,test,num2,typenegative,singlestim,113,428583,1010470,edc,paicipantresponsered,correct