,SubjectID,rt,stimulus,keypress,word,color,block,blocknum,wordtype,trialtype,trialindex,timeelapsed,internalnodeid,keypressed,participantresponse,correctresponse
150,Subject181,447,pleasure,77,pleasure,colorblue,test,num1,typepositive,singlestim,19,71551,100010,edm,paicipantresponseblue,correct
446,Subject181,513,stupid,77,stupid,colorblue,test,num1,typenegative,singlestim,21,77272,100030,edm,paicipantresponseblue,correct
742,Subject181,415,happy,67,happy,colorred,test,num1,typepositive,singlestim,23,82897,100050,edc,paicipantresponsered,correct
1038,Subject181,326,dead,67,dead,colorred,test,num1,typesuicide,singlestim,25,88431,100070,edc,paicipantresponsered,correct
1334,Subject181,606,paper,67,paper,colorred,test,num1,typeneutral,singlestim,27,94244,100090,edc,paicipantresponsered,correct
1630,Subject181,575,pleasure,67,pleasure,colorred,test,num1,typepositive,singlestim,29,100027,1000110,edc,paicipantresponsered,correct
1926,Subject181,534,rejected,77,rejected,colorblue,test,num1,typenegative,singlestim,31,105768,1000130,edm,paicipantresponseblue,correct
2222,Subject181,348,success,77,success,colorblue,test,num1,typepositive,singlestim,33,111322,1000150,edm,paicipantresponseblue,correct
2518,Subject181,727,happy,77,happy,colorblue,test,num1,typepositive,singlestim,35,117270,1000170,edm,paicipantresponseblue,correct
2814,Subject181,736,alone,67,alone,colorred,test,num1,typenegative,singlestim,37,123213,1000190,edc,paicipantresponsered,correct
3110,Subject181,1050,suicide,67,suicide,colorred,test,num1,typesuicide,singlestim,39,129470,1000210,edc,paicipantresponsered,correct
3406,Subject181,413,dead,77,dead,colorblue,test,num1,typesuicide,singlestim,41,135089,1000230,edm,paicipantresponseblue,correct
3702,Subject181,491,funeral,77,funeral,colorblue,test,num1,typesuicide,singlestim,43,140787,1000250,edm,paicipantresponseblue,correct
3998,Subject181,656,rejected,67,rejected,colorred,test,num1,typenegative,singlestim,45,146650,1000270,edc,paicipantresponsered,correct
4294,Subject181,821,funeral,67,funeral,colorred,test,num1,typesuicide,singlestim,47,152677,1000290,edc,paicipantresponsered,correct
4590,Subject181,441,museum,77,museum,colorblue,test,num1,typeneutral,singlestim,49,158325,1000310,edm,paicipantresponseblue,correct
4886,Subject181,620,suicide,67,suicide,colorblue,test,num1,typesuicide,singlestim,51,164152,1000330,edc,paicipantresponsered,incorrect
5182,Subject181,899,museum,67,museum,colorred,test,num1,typeneutral,singlestim,53,170258,1000350,edc,paicipantresponsered,correct
5478,Subject181,924,success,67,success,colorred,test,num1,typepositive,singlestim,55,176388,1000370,edc,paicipantresponsered,correct
5774,Subject181,654,paper,77,paper,colorblue,test,num1,typeneutral,singlestim,57,182249,1000390,edm,paicipantresponseblue,correct
6070,Subject181,419,engine,67,engine,colorred,test,num1,typeneutral,singlestim,59,187876,1000410,edc,paicipantresponsered,correct
6366,Subject181,710,alone,77,alone,colorblue,test,num1,typenegative,singlestim,61,193793,1000430,edm,paicipantresponseblue,correct
6662,Subject181,860,stupid,67,stupid,colorred,test,num1,typenegative,singlestim,63,199859,1000450,edc,paicipantresponsered,correct
6958,Subject181,711,engine,77,engine,colorblue,test,num1,typeneutral,singlestim,65,205776,1000470,edm,paicipantresponseblue,correct
7254,Subject181,1100,happy,77,happy,colorblue,test,num2,typepositive,singlestim,67,212085,101010,edm,paicipantresponseblue,correct
7550,Subject181,1028,museum,67,museum,colorred,test,num2,typeneutral,singlestim,69,218323,101030,edc,paicipantresponsered,correct
7846,Subject181,940,funeral,67,funeral,colorred,test,num2,typesuicide,singlestim,71,224471,101050,edc,paicipantresponsered,correct
8142,Subject181,1,stupid,1,stupid,colorblue,test,num2,typenegative,singlestim,73,231680,101070,ed,,incorrect
8438,Subject181,1235,happy,67,happy,colorred,test,num2,typepositive,singlestim,75,238122,101090,edc,paicipantresponsered,correct
8734,Subject181,1017,pleasure,77,pleasure,colorblue,test,num2,typepositive,singlestim,77,244347,1010110,edm,paicipantresponseblue,correct
9030,Subject181,529,funeral,77,funeral,colorblue,test,num2,typesuicide,singlestim,79,250084,1010130,edm,paicipantresponseblue,correct
9326,Subject181,479,success,77,success,colorblue,test,num2,typepositive,singlestim,81,255771,1010150,edm,paicipantresponseblue,correct
9622,Subject181,775,alone,67,alone,colorred,test,num2,typenegative,singlestim,83,261754,1010170,edc,paicipantresponsered,correct
9918,Subject181,552,dead,77,dead,colorblue,test,num2,typesuicide,singlestim,85,267515,1010190,edm,paicipantresponseblue,correct
10214,Subject181,552,engine,67,engine,colorred,test,num2,typeneutral,singlestim,87,273275,1010210,edc,paicipantresponsered,correct
10510,Subject181,892,engine,77,engine,colorblue,test,num2,typeneutral,singlestim,89,279375,1010230,edm,paicipantresponseblue,correct
10806,Subject181,1046,dead,67,dead,colorred,test,num2,typesuicide,singlestim,91,285628,1010250,edc,paicipantresponsered,correct
11102,Subject181,1592,rejected,77,rejected,colorblue,test,num2,typenegative,singlestim,93,292429,1010270,edm,paicipantresponseblue,correct
11398,Subject181,758,pleasure,67,pleasure,colorred,test,num2,typepositive,singlestim,95,298395,1010290,edc,paicipantresponsered,correct
11694,Subject181,868,suicide,67,suicide,colorred,test,num2,typesuicide,singlestim,97,304471,1010310,edc,paicipantresponsered,correct
11990,Subject181,936,rejected,67,rejected,colorred,test,num2,typenegative,singlestim,99,310616,1010330,edc,paicipantresponsered,correct
12286,Subject181,700,suicide,77,suicide,colorblue,test,num2,typesuicide,singlestim,101,316522,1010350,edm,paicipantresponseblue,correct
12582,Subject181,591,paper,77,paper,colorblue,test,num2,typeneutral,singlestim,103,322321,1010370,edm,paicipantresponseblue,correct
12878,Subject181,447,museum,77,museum,colorblue,test,num2,typeneutral,singlestim,105,327975,1010390,edm,paicipantresponseblue,correct
13174,Subject181,833,success,67,success,colorred,test,num2,typepositive,singlestim,107,334015,1010410,edc,paicipantresponsered,correct
13470,Subject181,672,stupid,67,stupid,colorred,test,num2,typenegative,singlestim,109,339894,1010430,edc,paicipantresponsered,correct
13766,Subject181,724,alone,77,alone,colorblue,test,num2,typenegative,singlestim,111,345825,1010450,edm,paicipantresponseblue,correct
14062,Subject181,684,paper,67,paper,colorred,test,num2,typeneutral,singlestim,113,351718,1010470,edc,paicipantresponsered,correct