,SubjectID,rt,stimulus,keypress,word,color,block,blocknum,wordtype,trialtype,trialindex,timeelapsed,internalnodeid,keypressed,participantresponse,correctresponse
146,Subject157,404,funeral,77,funeral,colorblue,test,num1,typesuicide,singlestim,19,454546,100010,edm,paicipantresponseblue,correct
442,Subject157,491,paper,77,paper,colorblue,test,num1,typeneutral,singlestim,21,460253,100030,edm,paicipantresponseblue,correct
738,Subject157,482,happy,77,happy,colorblue,test,num1,typepositive,singlestim,23,465949,100050,edm,paicipantresponseblue,correct
1034,Subject157,510,alone,77,alone,colorblue,test,num1,typenegative,singlestim,25,471671,100070,edm,paicipantresponseblue,correct
1330,Subject157,420,success,77,success,colorblue,test,num1,typepositive,singlestim,27,477303,100090,edm,paicipantresponseblue,correct
1626,Subject157,440,museum,77,museum,colorblue,test,num1,typeneutral,singlestim,29,482953,1000110,edm,paicipantresponseblue,correct
1922,Subject157,529,alone,67,alone,colorred,test,num1,typenegative,singlestim,31,488695,1000130,edc,paicipantresponsered,correct
2218,Subject157,724,dead,67,dead,colorred,test,num1,typesuicide,singlestim,33,494629,1000150,edc,paicipantresponsered,correct
2514,Subject157,432,paper,67,paper,colorred,test,num1,typeneutral,singlestim,35,500271,1000170,edc,paicipantresponsered,correct
2810,Subject157,526,pleasure,77,pleasure,colorblue,test,num1,typepositive,singlestim,37,506005,1000190,edm,paicipantresponseblue,correct
3106,Subject157,557,museum,67,museum,colorred,test,num1,typeneutral,singlestim,39,511771,1000210,edc,paicipantresponsered,correct
3402,Subject157,553,happy,67,happy,colorred,test,num1,typepositive,singlestim,41,517537,1000230,edc,paicipantresponsered,correct
3698,Subject157,459,engine,67,engine,colorred,test,num1,typeneutral,singlestim,43,523207,1000250,edc,paicipantresponsered,correct
3994,Subject157,635,dead,77,dead,colorblue,test,num1,typesuicide,singlestim,45,529053,1000270,edm,paicipantresponseblue,correct
4290,Subject157,486,engine,77,engine,colorblue,test,num1,typeneutral,singlestim,47,534750,1000290,edm,paicipantresponseblue,correct
4586,Subject157,461,rejected,67,rejected,colorred,test,num1,typenegative,singlestim,49,540424,1000310,edc,paicipantresponsered,correct
4882,Subject157,407,suicide,67,suicide,colorred,test,num1,typesuicide,singlestim,51,546040,1000330,edc,paicipantresponsered,correct
5178,Subject157,523,rejected,77,rejected,colorblue,test,num1,typenegative,singlestim,53,551776,1000350,edm,paicipantresponseblue,correct
5474,Subject157,522,pleasure,67,pleasure,colorred,test,num1,typepositive,singlestim,55,557509,1000370,edc,paicipantresponsered,correct
5770,Subject157,402,suicide,77,suicide,colorblue,test,num1,typesuicide,singlestim,57,563122,1000390,edm,paicipantresponseblue,correct
6066,Subject157,557,stupid,67,stupid,colorred,test,num1,typenegative,singlestim,59,568891,1000410,edc,paicipantresponsered,correct
6362,Subject157,738,funeral,67,funeral,colorred,test,num1,typesuicide,singlestim,61,574842,1000430,edc,paicipantresponsered,correct
6658,Subject157,430,stupid,77,stupid,colorblue,test,num1,typenegative,singlestim,63,580484,1000450,edm,paicipantresponseblue,correct
6954,Subject157,489,success,67,success,colorred,test,num1,typepositive,singlestim,65,586182,1000470,edc,paicipantresponsered,correct
7250,Subject157,514,rejected,67,rejected,colorred,test,num2,typenegative,singlestim,67,591907,101010,edc,paicipantresponsered,correct
7546,Subject157,457,engine,77,engine,colorblue,test,num2,typeneutral,singlestim,69,597573,101030,edm,paicipantresponseblue,correct
7842,Subject157,520,pleasure,67,pleasure,colorred,test,num2,typepositive,singlestim,71,603307,101050,edc,paicipantresponsered,correct
8138,Subject157,471,happy,77,happy,colorblue,test,num2,typepositive,singlestim,73,608988,101070,edm,paicipantresponseblue,correct
8434,Subject157,455,alone,67,alone,colorred,test,num2,typenegative,singlestim,75,614652,101090,edc,paicipantresponsered,correct
8730,Subject157,579,suicide,67,suicide,colorblue,test,num2,typesuicide,singlestim,77,620444,1010110,edc,paicipantresponsered,incorrect
9026,Subject157,396,dead,67,dead,colorred,test,num2,typesuicide,singlestim,79,626051,1010130,edc,paicipantresponsered,correct
9322,Subject157,365,stupid,77,stupid,colorblue,test,num2,typenegative,singlestim,81,631629,1010150,edm,paicipantresponseblue,correct
9618,Subject157,451,dead,77,dead,colorblue,test,num2,typesuicide,singlestim,83,637291,1010170,edm,paicipantresponseblue,correct
9914,Subject157,524,suicide,67,suicide,colorred,test,num2,typesuicide,singlestim,85,643029,1010190,edc,paicipantresponsered,correct
10210,Subject157,354,rejected,77,rejected,colorblue,test,num2,typenegative,singlestim,87,648594,1010210,edm,paicipantresponseblue,correct
10506,Subject157,434,paper,77,paper,colorblue,test,num2,typeneutral,singlestim,89,654239,1010230,edm,paicipantresponseblue,correct
10802,Subject157,474,engine,67,engine,colorred,test,num2,typeneutral,singlestim,91,659927,1010250,edc,paicipantresponsered,correct
11098,Subject157,430,success,77,success,colorblue,test,num2,typepositive,singlestim,93,665571,1010270,edm,paicipantresponseblue,correct
11394,Subject157,488,alone,77,alone,colorblue,test,num2,typenegative,singlestim,95,671271,1010290,edm,paicipantresponseblue,correct
11690,Subject157,494,stupid,67,stupid,colorred,test,num2,typenegative,singlestim,97,676976,1010310,edc,paicipantresponsered,correct
11986,Subject157,439,happy,67,happy,colorred,test,num2,typepositive,singlestim,99,682632,1010330,edc,paicipantresponsered,correct
12282,Subject157,378,museum,67,museum,colorred,test,num2,typeneutral,singlestim,101,688218,1010350,edc,paicipantresponsered,correct
12578,Subject157,500,pleasure,77,pleasure,colorblue,test,num2,typepositive,singlestim,103,693931,1010370,edm,paicipantresponseblue,correct
12874,Subject157,532,paper,67,paper,colorred,test,num2,typeneutral,singlestim,105,699673,1010390,edc,paicipantresponsered,correct
13170,Subject157,508,funeral,67,funeral,colorred,test,num2,typesuicide,singlestim,107,705395,1010410,edc,paicipantresponsered,correct
13466,Subject157,507,success,67,success,colorred,test,num2,typepositive,singlestim,109,711112,1010430,edc,paicipantresponsered,correct
13762,Subject157,453,museum,77,museum,colorblue,test,num2,typeneutral,singlestim,111,716774,1010450,edm,paicipantresponseblue,correct
14058,Subject157,581,funeral,77,funeral,colorblue,test,num2,typesuicide,singlestim,113,722567,1010470,edm,paicipantresponseblue,correct