,SubjectID,rt,stimulus,keypress,word,color,block,blocknum,wordtype,trialtype,trialindex,timeelapsed,internalnodeid,keypressed,participantresponse,correctresponse
20,Subject21,1015,museum,67,museum,colorred,test,num1,typeneutral,singlestim,19,66422,100010,edc,paicipantresponsered,correct
316,Subject21,674,funeral,67,funeral,colorred,test,num1,typesuicide,singlestim,21,72306,100030,edc,paicipantresponsered,correct
612,Subject21,1272,dead,77,dead,colorblue,test,num1,typesuicide,singlestim,23,78788,100050,edm,paicipantresponseblue,correct
908,Subject21,769,funeral,77,funeral,colorblue,test,num1,typesuicide,singlestim,25,84766,100070,edm,paicipantresponseblue,correct
1204,Subject21,772,engine,77,engine,colorblue,test,num1,typeneutral,singlestim,27,90746,100090,edm,paicipantresponseblue,correct
1500,Subject21,563,alone,77,alone,colorblue,test,num1,typenegative,singlestim,29,96516,1000110,edm,paicipantresponseblue,correct
1796,Subject21,676,happy,67,happy,colorred,test,num1,typepositive,singlestim,31,102401,1000130,edc,paicipantresponsered,correct
2092,Subject21,458,museum,77,museum,colorblue,test,num1,typeneutral,singlestim,33,108069,1000150,edm,paicipantresponseblue,correct
2388,Subject21,550,pleasure,77,pleasure,colorblue,test,num1,typepositive,singlestim,35,113825,1000170,edm,paicipantresponseblue,correct
2684,Subject21,476,stupid,67,stupid,colorred,test,num1,typenegative,singlestim,37,119509,1000190,edc,paicipantresponsered,correct
2980,Subject21,535,suicide,77,suicide,colorblue,test,num1,typesuicide,singlestim,39,125252,1000210,edm,paicipantresponseblue,correct
3276,Subject21,925,rejected,67,rejected,colorred,test,num1,typenegative,singlestim,41,131389,1000230,edc,paicipantresponsered,correct
3572,Subject21,690,pleasure,67,pleasure,colorred,test,num1,typepositive,singlestim,43,137289,1000250,edc,paicipantresponsered,correct
3868,Subject21,424,dead,67,dead,colorred,test,num1,typesuicide,singlestim,45,142923,1000270,edc,paicipantresponsered,correct
4164,Subject21,1167,happy,77,happy,colorblue,test,num1,typepositive,singlestim,47,149299,1000290,edm,paicipantresponseblue,correct
4460,Subject21,755,engine,67,engine,colorred,test,num1,typeneutral,singlestim,49,155263,1000310,edc,paicipantresponsered,correct
4756,Subject21,914,success,77,success,colorblue,test,num1,typepositive,singlestim,51,161385,1000330,edm,paicipantresponseblue,correct
5052,Subject21,671,stupid,77,stupid,colorblue,test,num1,typenegative,singlestim,53,167266,1000350,edm,paicipantresponseblue,correct
5348,Subject21,840,suicide,67,suicide,colorred,test,num1,typesuicide,singlestim,55,173314,1000370,edc,paicipantresponsered,correct
5644,Subject21,837,rejected,77,rejected,colorblue,test,num1,typenegative,singlestim,57,179359,1000390,edm,paicipantresponseblue,correct
5940,Subject21,821,alone,67,alone,colorred,test,num1,typenegative,singlestim,59,185386,1000410,edc,paicipantresponsered,correct
6236,Subject21,786,paper,77,paper,colorblue,test,num1,typeneutral,singlestim,61,191377,1000430,edm,paicipantresponseblue,correct
6532,Subject21,709,paper,67,paper,colorred,test,num1,typeneutral,singlestim,63,197293,1000450,edc,paicipantresponsered,correct
6828,Subject21,616,success,67,success,colorred,test,num1,typepositive,singlestim,65,203116,1000470,edc,paicipantresponsered,correct
7124,Subject21,637,rejected,67,rejected,colorred,test,num2,typenegative,singlestim,67,208960,101010,edc,paicipantresponsered,correct
7420,Subject21,375,pleasure,77,pleasure,colorblue,test,num2,typepositive,singlestim,69,214547,101030,edm,paicipantresponseblue,correct
7716,Subject21,430,paper,77,paper,colorblue,test,num2,typeneutral,singlestim,71,220185,101050,edm,paicipantresponseblue,correct
8012,Subject21,542,dead,67,dead,colorred,test,num2,typesuicide,singlestim,73,225938,101070,edc,paicipantresponsered,correct
8308,Subject21,604,dead,77,dead,colorblue,test,num2,typesuicide,singlestim,75,231752,101090,edm,paicipantresponseblue,correct
8604,Subject21,558,success,67,success,colorred,test,num2,typepositive,singlestim,77,237519,1010110,edc,paicipantresponsered,correct
8900,Subject21,719,alone,77,alone,colorblue,test,num2,typenegative,singlestim,79,243445,1010130,edm,paicipantresponseblue,correct
9196,Subject21,637,funeral,77,funeral,colorblue,test,num2,typesuicide,singlestim,81,249291,1010150,edm,paicipantresponseblue,correct
9492,Subject21,455,museum,67,museum,colorred,test,num2,typeneutral,singlestim,83,254956,1010170,edc,paicipantresponsered,correct
9788,Subject21,615,engine,67,engine,colorblue,test,num2,typeneutral,singlestim,85,260781,1010190,edc,paicipantresponsered,incorrect
10084,Subject21,528,paper,67,paper,colorred,test,num2,typeneutral,singlestim,87,266516,1010210,edc,paicipantresponsered,correct
10380,Subject21,713,happy,77,happy,colorblue,test,num2,typepositive,singlestim,89,272438,1010230,edm,paicipantresponseblue,correct
10676,Subject21,548,suicide,77,suicide,colorblue,test,num2,typesuicide,singlestim,91,278193,1010250,edm,paicipantresponseblue,correct
10972,Subject21,672,happy,67,happy,colorred,test,num2,typepositive,singlestim,93,284072,1010270,edc,paicipantresponsered,correct
11268,Subject21,568,stupid,77,stupid,colorblue,test,num2,typenegative,singlestim,95,289851,1010290,edm,paicipantresponseblue,correct
11564,Subject21,562,success,77,success,colorblue,test,num2,typepositive,singlestim,97,295617,1010310,edm,paicipantresponseblue,correct
11860,Subject21,700,funeral,67,funeral,colorred,test,num2,typesuicide,singlestim,99,301523,1010330,edc,paicipantresponsered,correct
12156,Subject21,697,suicide,67,suicide,colorred,test,num2,typesuicide,singlestim,101,307431,1010350,edc,paicipantresponsered,correct
12452,Subject21,639,stupid,67,stupid,colorred,test,num2,typenegative,singlestim,103,313278,1010370,edc,paicipantresponsered,correct
12748,Subject21,776,alone,67,alone,colorred,test,num2,typenegative,singlestim,105,319261,1010390,edc,paicipantresponsered,correct
13044,Subject21,1708,rejected,77,rejected,colorblue,test,num2,typenegative,singlestim,107,326173,1010410,edm,paicipantresponseblue,correct
13340,Subject21,1258,engine,67,engine,colorred,test,num2,typeneutral,singlestim,109,332638,1010430,edc,paicipantresponsered,correct
13636,Subject21,605,museum,77,museum,colorblue,test,num2,typeneutral,singlestim,111,338451,1010450,edm,paicipantresponseblue,correct
13932,Subject21,570,pleasure,67,pleasure,colorred,test,num2,typepositive,singlestim,113,344229,1010470,edc,paicipantresponsered,correct