,SubjectID,rt,stimulus,keypress,word,color,block,blocknum,wordtype,trialtype,trialindex,timeelapsed,internalnodeid,keypressed,participantresponse,correctresponse
254,Subject289,426,success,67,success,colorred,test,num1,typepositive,singlestim,19,82265,100010,edc,paicipantresponsered,correct
550,Subject289,345,suicide,77,suicide,colorblue,test,num1,typesuicide,singlestim,21,87820,100030,edm,paicipantresponseblue,correct
846,Subject289,410,paper,77,paper,colorblue,test,num1,typeneutral,singlestim,23,93443,100050,edm,paicipantresponseblue,correct
1142,Subject289,578,funeral,67,funeral,colorred,test,num1,typesuicide,singlestim,25,99230,100070,edc,paicipantresponsered,correct
1438,Subject289,377,stupid,77,stupid,colorblue,test,num1,typenegative,singlestim,27,104815,100090,edm,paicipantresponseblue,correct
1734,Subject289,456,happy,67,happy,colorred,test,num1,typepositive,singlestim,29,110485,1000110,edc,paicipantresponsered,correct
2030,Subject289,468,engine,67,engine,colorred,test,num1,typeneutral,singlestim,31,116164,1000130,edc,paicipantresponsered,correct
2326,Subject289,511,alone,67,alone,colorred,test,num1,typenegative,singlestim,33,121887,1000150,edc,paicipantresponsered,correct
2622,Subject289,415,success,77,success,colorblue,test,num1,typepositive,singlestim,35,127511,1000170,edm,paicipantresponseblue,correct
2918,Subject289,407,rejected,67,rejected,colorred,test,num1,typenegative,singlestim,37,133127,1000190,edc,paicipantresponsered,correct
3214,Subject289,427,paper,67,paper,colorred,test,num1,typeneutral,singlestim,39,138763,1000210,edc,paicipantresponsered,correct
3510,Subject289,390,stupid,67,stupid,colorred,test,num1,typenegative,singlestim,41,144363,1000230,edc,paicipantresponsered,correct
3806,Subject289,488,museum,67,museum,colorred,test,num1,typeneutral,singlestim,43,150060,1000250,edc,paicipantresponsered,correct
4102,Subject289,430,engine,77,engine,colorblue,test,num1,typeneutral,singlestim,45,155705,1000270,edm,paicipantresponseblue,correct
4398,Subject289,425,dead,77,dead,colorblue,test,num1,typesuicide,singlestim,47,161341,1000290,edm,paicipantresponseblue,correct
4694,Subject289,385,museum,77,museum,colorblue,test,num1,typeneutral,singlestim,49,166941,1000310,edm,paicipantresponseblue,correct
4990,Subject289,339,pleasure,67,pleasure,colorred,test,num1,typepositive,singlestim,51,172491,1000330,edc,paicipantresponsered,correct
5286,Subject289,518,funeral,77,funeral,colorblue,test,num1,typesuicide,singlestim,53,178218,1000350,edm,paicipantresponseblue,correct
5582,Subject289,694,dead,67,dead,colorred,test,num1,typesuicide,singlestim,55,184122,1000370,edc,paicipantresponsered,correct
5878,Subject289,410,alone,77,alone,colorblue,test,num1,typenegative,singlestim,57,189744,1000390,edm,paicipantresponseblue,correct
6174,Subject289,555,suicide,67,suicide,colorred,test,num1,typesuicide,singlestim,59,195507,1000410,edc,paicipantresponsered,correct
6470,Subject289,379,pleasure,77,pleasure,colorblue,test,num1,typepositive,singlestim,61,201094,1000430,edm,paicipantresponseblue,correct
6766,Subject289,464,rejected,77,rejected,colorblue,test,num1,typenegative,singlestim,63,206767,1000450,edm,paicipantresponseblue,correct
7062,Subject289,409,happy,77,happy,colorblue,test,num1,typepositive,singlestim,65,212390,1000470,edm,paicipantresponseblue,correct
7358,Subject289,538,suicide,77,suicide,colorblue,test,num2,typesuicide,singlestim,67,218142,101010,edm,paicipantresponseblue,correct
7654,Subject289,454,dead,77,dead,colorblue,test,num2,typesuicide,singlestim,69,223808,101030,edm,paicipantresponseblue,correct
7950,Subject289,400,paper,77,paper,colorblue,test,num2,typeneutral,singlestim,71,229423,101050,edm,paicipantresponseblue,correct
8246,Subject289,436,engine,77,engine,colorblue,test,num2,typeneutral,singlestim,73,235074,101070,edm,paicipantresponseblue,correct
8542,Subject289,543,happy,77,happy,colorblue,test,num2,typepositive,singlestim,75,240833,101090,edm,paicipantresponseblue,correct
8838,Subject289,432,success,67,success,colorred,test,num2,typepositive,singlestim,77,246477,1010110,edc,paicipantresponsered,correct
9134,Subject289,397,alone,67,alone,colorred,test,num2,typenegative,singlestim,79,252086,1010130,edc,paicipantresponsered,correct
9430,Subject289,490,funeral,67,funeral,colorred,test,num2,typesuicide,singlestim,81,257787,1010150,edc,paicipantresponsered,correct
9726,Subject289,497,rejected,67,rejected,colorred,test,num2,typenegative,singlestim,83,263496,1010170,edc,paicipantresponsered,correct
10022,Subject289,327,happy,67,happy,colorred,test,num2,typepositive,singlestim,85,269036,1010190,edc,paicipantresponsered,correct
10318,Subject289,407,museum,67,museum,colorred,test,num2,typeneutral,singlestim,87,274656,1010210,edc,paicipantresponsered,correct
10614,Subject289,529,rejected,77,rejected,colorblue,test,num2,typenegative,singlestim,89,280395,1010230,edm,paicipantresponseblue,correct
10910,Subject289,519,dead,77,dead,colorred,test,num2,typesuicide,singlestim,91,286127,1010250,edm,paicipantresponseblue,incorrect
11206,Subject289,685,stupid,77,stupid,colorblue,test,num2,typenegative,singlestim,93,292025,1010270,edm,paicipantresponseblue,correct
11502,Subject289,454,stupid,67,stupid,colorred,test,num2,typenegative,singlestim,95,297692,1010290,edc,paicipantresponsered,correct
11798,Subject289,571,suicide,67,suicide,colorred,test,num2,typesuicide,singlestim,97,303474,1010310,edc,paicipantresponsered,correct
12094,Subject289,658,alone,77,alone,colorblue,test,num2,typenegative,singlestim,99,309346,1010330,edm,paicipantresponseblue,correct
12390,Subject289,431,museum,77,museum,colorblue,test,num2,typeneutral,singlestim,101,314993,1010350,edm,paicipantresponseblue,correct
12686,Subject289,511,paper,67,paper,colorred,test,num2,typeneutral,singlestim,103,320719,1010370,edc,paicipantresponsered,correct
12982,Subject289,731,pleasure,67,pleasure,colorred,test,num2,typepositive,singlestim,105,326660,1010390,edc,paicipantresponsered,correct
13278,Subject289,848,pleasure,77,pleasure,colorblue,test,num2,typepositive,singlestim,107,332717,1010410,edm,paicipantresponseblue,correct
13574,Subject289,629,success,77,success,colorblue,test,num2,typepositive,singlestim,109,338557,1010430,edm,paicipantresponseblue,correct
13870,Subject289,448,funeral,77,funeral,colorblue,test,num2,typesuicide,singlestim,111,344213,1010450,edm,paicipantresponseblue,correct
14166,Subject289,530,engine,67,engine,colorred,test,num2,typeneutral,singlestim,113,349952,1010470,edc,paicipantresponsered,correct