,SubjectID,rt,stimulus,keypress,word,color,block,blocknum,wordtype,trialtype,trialindex,timeelapsed,internalnodeid,keypressed,participantresponse,correctresponse
143,Subject154,480,success,67,success,colorred,test,num1,typepositive,singlestim,19,87642,100010,edc,paicipantresponsered,correct
439,Subject154,486,paper,67,paper,colorred,test,num1,typeneutral,singlestim,21,93338,100030,edc,paicipantresponsered,correct
735,Subject154,399,suicide,67,suicide,colorred,test,num1,typesuicide,singlestim,23,98949,100050,edc,paicipantresponsered,correct
1031,Subject154,380,pleasure,77,pleasure,colorred,test,num1,typepositive,singlestim,25,104537,100070,edm,paicipantresponseblue,incorrect
1327,Subject154,819,museum,67,museum,colorred,test,num1,typeneutral,singlestim,27,110567,100090,edc,paicipantresponsered,correct
1623,Subject154,379,funeral,77,funeral,colorblue,test,num1,typesuicide,singlestim,29,116153,1000110,edm,paicipantresponseblue,correct
1919,Subject154,420,rejected,67,rejected,colorred,test,num1,typenegative,singlestim,31,121780,1000130,edc,paicipantresponsered,correct
2215,Subject154,375,museum,77,museum,colorblue,test,num1,typeneutral,singlestim,33,127363,1000150,edm,paicipantresponseblue,correct
2511,Subject154,388,happy,77,happy,colorblue,test,num1,typepositive,singlestim,35,132959,1000170,edm,paicipantresponseblue,correct
2807,Subject154,742,engine,77,engine,colorblue,test,num1,typeneutral,singlestim,37,138909,1000190,edm,paicipantresponseblue,correct
3103,Subject154,411,success,77,success,colorblue,test,num1,typepositive,singlestim,39,144532,1000210,edm,paicipantresponseblue,correct
3399,Subject154,345,paper,77,paper,colorblue,test,num1,typeneutral,singlestim,41,150088,1000230,edm,paicipantresponseblue,correct
3695,Subject154,618,dead,77,dead,colorblue,test,num1,typesuicide,singlestim,43,155916,1000250,edm,paicipantresponseblue,correct
3991,Subject154,518,happy,67,happy,colorred,test,num1,typepositive,singlestim,45,161645,1000270,edc,paicipantresponsered,correct
4287,Subject154,384,dead,67,dead,colorred,test,num1,typesuicide,singlestim,47,167240,1000290,edc,paicipantresponsered,correct
4583,Subject154,365,engine,67,engine,colorred,test,num1,typeneutral,singlestim,49,172815,1000310,edc,paicipantresponsered,correct
4879,Subject154,365,alone,77,alone,colorblue,test,num1,typenegative,singlestim,51,178388,1000330,edm,paicipantresponseblue,correct
5175,Subject154,386,alone,67,alone,colorred,test,num1,typenegative,singlestim,53,183985,1000350,edc,paicipantresponsered,correct
5471,Subject154,398,stupid,77,stupid,colorblue,test,num1,typenegative,singlestim,55,189595,1000370,edm,paicipantresponseblue,correct
5767,Subject154,385,rejected,77,rejected,colorblue,test,num1,typenegative,singlestim,57,195189,1000390,edm,paicipantresponseblue,correct
6063,Subject154,419,suicide,77,suicide,colorblue,test,num1,typesuicide,singlestim,59,200814,1000410,edm,paicipantresponseblue,correct
6359,Subject154,405,funeral,67,funeral,colorred,test,num1,typesuicide,singlestim,61,206426,1000430,edc,paicipantresponsered,correct
6655,Subject154,353,pleasure,77,pleasure,colorblue,test,num1,typepositive,singlestim,63,211991,1000450,edm,paicipantresponseblue,correct
6951,Subject154,429,stupid,67,stupid,colorred,test,num1,typenegative,singlestim,65,217628,1000470,edc,paicipantresponsered,correct
7247,Subject154,472,funeral,67,funeral,colorred,test,num2,typesuicide,singlestim,67,223313,101010,edc,paicipantresponsered,correct
7543,Subject154,910,museum,67,museum,colorred,test,num2,typeneutral,singlestim,69,229435,101030,edc,paicipantresponsered,correct
7839,Subject154,574,happy,77,happy,colorblue,test,num2,typepositive,singlestim,71,235220,101050,edm,paicipantresponseblue,correct
8135,Subject154,376,rejected,77,rejected,colorblue,test,num2,typenegative,singlestim,73,240807,101070,edm,paicipantresponseblue,correct
8431,Subject154,432,engine,67,engine,colorred,test,num2,typeneutral,singlestim,75,246451,101090,edc,paicipantresponsered,correct
8727,Subject154,371,paper,67,paper,colorred,test,num2,typeneutral,singlestim,77,252031,1010110,edc,paicipantresponsered,correct
9023,Subject154,380,suicide,67,suicide,colorred,test,num2,typesuicide,singlestim,79,257623,1010130,edc,paicipantresponsered,correct
9319,Subject154,361,stupid,77,stupid,colorblue,test,num2,typenegative,singlestim,81,263195,1010150,edm,paicipantresponseblue,correct
9615,Subject154,393,museum,77,museum,colorblue,test,num2,typeneutral,singlestim,83,268798,1010170,edm,paicipantresponseblue,correct
9911,Subject154,377,happy,67,happy,colorred,test,num2,typepositive,singlestim,85,274383,1010190,edc,paicipantresponsered,correct
10207,Subject154,544,alone,67,alone,colorred,test,num2,typenegative,singlestim,87,280140,1010210,edc,paicipantresponsered,correct
10503,Subject154,446,paper,77,paper,colorblue,test,num2,typeneutral,singlestim,89,285797,1010230,edm,paicipantresponseblue,correct
10799,Subject154,423,stupid,67,stupid,colorred,test,num2,typenegative,singlestim,91,291431,1010250,edc,paicipantresponsered,correct
11095,Subject154,349,rejected,67,rejected,colorred,test,num2,typenegative,singlestim,93,296987,1010270,edc,paicipantresponsered,correct
11391,Subject154,389,pleasure,77,pleasure,colorblue,test,num2,typepositive,singlestim,95,302586,1010290,edm,paicipantresponseblue,correct
11687,Subject154,478,funeral,77,funeral,colorblue,test,num2,typesuicide,singlestim,97,308276,1010310,edm,paicipantresponseblue,correct
11983,Subject154,392,success,77,success,colorblue,test,num2,typepositive,singlestim,99,313877,1010330,edm,paicipantresponseblue,correct
12279,Subject154,482,engine,77,engine,colorblue,test,num2,typeneutral,singlestim,101,319572,1010350,edm,paicipantresponseblue,correct
12575,Subject154,386,dead,67,dead,colorred,test,num2,typesuicide,singlestim,103,325171,1010370,edc,paicipantresponsered,correct
12871,Subject154,462,pleasure,67,pleasure,colorred,test,num2,typepositive,singlestim,105,330840,1010390,edc,paicipantresponsered,correct
13167,Subject154,466,suicide,77,suicide,colorblue,test,num2,typesuicide,singlestim,107,336519,1010410,edm,paicipantresponseblue,correct
13463,Subject154,538,success,67,success,colorred,test,num2,typepositive,singlestim,109,342269,1010430,edc,paicipantresponsered,correct
13759,Subject154,789,alone,77,alone,colorblue,test,num2,typenegative,singlestim,111,348268,1010450,edm,paicipantresponseblue,correct
14055,Subject154,1767,dead,77,dead,colorblue,test,num2,typesuicide,singlestim,113,355245,1010470,edm,paicipantresponseblue,correct