,SubjectID,rt,stimulus,keypress,word,color,block,blocknum,wordtype,trialtype,trialindex,timeelapsed,internalnodeid,keypressed,participantresponse,correctresponse
174,Subject205,1192,engine,67,engine,colorred,test,num1,typeneutral,singlestim,19,59708,100010,edc,paicipantresponsered,correct
470,Subject205,391,alone,77,alone,colorblue,test,num1,typenegative,singlestim,21,65306,100030,edm,paicipantresponseblue,correct
766,Subject205,499,suicide,77,suicide,colorblue,test,num1,typesuicide,singlestim,23,71011,100050,edm,paicipantresponseblue,correct
1062,Subject205,491,suicide,67,suicide,colorred,test,num1,typesuicide,singlestim,25,76709,100070,edc,paicipantresponsered,correct
1358,Subject205,724,funeral,67,funeral,colorred,test,num1,typesuicide,singlestim,27,82640,100090,edc,paicipantresponsered,correct
1654,Subject205,593,paper,67,paper,colorred,test,num1,typeneutral,singlestim,29,88438,1000110,edc,paicipantresponsered,correct
1950,Subject205,428,happy,67,happy,colorred,test,num1,typepositive,singlestim,31,94073,1000130,edc,paicipantresponsered,correct
2246,Subject205,446,success,67,success,colorred,test,num1,typepositive,singlestim,33,99724,1000150,edc,paicipantresponsered,correct
2542,Subject205,486,museum,77,museum,colorblue,test,num1,typeneutral,singlestim,35,105417,1000170,edm,paicipantresponseblue,correct
2838,Subject205,563,rejected,67,rejected,colorred,test,num1,typenegative,singlestim,37,111189,1000190,edc,paicipantresponsered,correct
3134,Subject205,378,rejected,77,rejected,colorblue,test,num1,typenegative,singlestim,39,116774,1000210,edm,paicipantresponseblue,correct
3430,Subject205,443,dead,67,dead,colorblue,test,num1,typesuicide,singlestim,41,122423,1000230,edc,paicipantresponsered,incorrect
3726,Subject205,513,pleasure,67,pleasure,colorred,test,num1,typepositive,singlestim,43,128140,1000250,edc,paicipantresponsered,correct
4022,Subject205,557,museum,67,museum,colorred,test,num1,typeneutral,singlestim,45,133904,1000270,edc,paicipantresponsered,correct
4318,Subject205,457,funeral,77,funeral,colorblue,test,num1,typesuicide,singlestim,47,139567,1000290,edm,paicipantresponseblue,correct
4614,Subject205,637,pleasure,77,pleasure,colorblue,test,num1,typepositive,singlestim,49,145410,1000310,edm,paicipantresponseblue,correct
4910,Subject205,577,engine,77,engine,colorblue,test,num1,typeneutral,singlestim,51,151251,1000330,edm,paicipantresponseblue,correct
5206,Subject205,531,dead,67,dead,colorred,test,num1,typesuicide,singlestim,53,157086,1000350,edc,paicipantresponsered,correct
5502,Subject205,591,success,77,success,colorblue,test,num1,typepositive,singlestim,55,162884,1000370,edm,paicipantresponseblue,correct
5798,Subject205,613,stupid,77,stupid,colorblue,test,num1,typenegative,singlestim,57,168703,1000390,edm,paicipantresponseblue,correct
6094,Subject205,580,happy,77,happy,colorblue,test,num1,typepositive,singlestim,59,174489,1000410,edm,paicipantresponseblue,correct
6390,Subject205,456,paper,77,paper,colorblue,test,num1,typeneutral,singlestim,61,180151,1000430,edm,paicipantresponseblue,correct
6686,Subject205,626,alone,67,alone,colorred,test,num1,typenegative,singlestim,63,185983,1000450,edc,paicipantresponsered,correct
6982,Subject205,646,stupid,77,stupid,colorred,test,num1,typenegative,singlestim,65,191834,1000470,edm,paicipantresponseblue,incorrect
7278,Subject205,579,pleasure,67,pleasure,colorred,test,num2,typepositive,singlestim,67,197620,101010,edc,paicipantresponsered,correct
7574,Subject205,394,stupid,77,stupid,colorblue,test,num2,typenegative,singlestim,69,203219,101030,edm,paicipantresponseblue,correct
7870,Subject205,538,funeral,67,funeral,colorred,test,num2,typesuicide,singlestim,71,208964,101050,edc,paicipantresponsered,correct
8166,Subject205,427,suicide,67,suicide,colorred,test,num2,typesuicide,singlestim,73,214596,101070,edc,paicipantresponsered,correct
8462,Subject205,620,rejected,67,rejected,colorred,test,num2,typenegative,singlestim,75,220422,101090,edc,paicipantresponsered,correct
8758,Subject205,465,success,67,success,colorred,test,num2,typepositive,singlestim,77,226093,1010110,edc,paicipantresponsered,correct
9054,Subject205,581,paper,67,paper,colorred,test,num2,typeneutral,singlestim,79,231880,1010130,edc,paicipantresponsered,correct
9350,Subject205,330,suicide,77,suicide,colorblue,test,num2,typesuicide,singlestim,81,237416,1010150,edm,paicipantresponseblue,correct
9646,Subject205,804,dead,67,dead,colorred,test,num2,typesuicide,singlestim,83,243426,1010170,edc,paicipantresponsered,correct
9942,Subject205,411,paper,77,paper,colorblue,test,num2,typeneutral,singlestim,85,249074,1010190,edm,paicipantresponseblue,correct
10238,Subject205,527,engine,67,engine,colorred,test,num2,typeneutral,singlestim,87,254805,1010210,edc,paicipantresponsered,correct
10534,Subject205,440,dead,77,dead,colorblue,test,num2,typesuicide,singlestim,89,260450,1010230,edm,paicipantresponseblue,correct
10830,Subject205,417,engine,77,engine,colorblue,test,num2,typeneutral,singlestim,91,266071,1010250,edm,paicipantresponseblue,correct
11126,Subject205,515,museum,77,museum,colorblue,test,num2,typeneutral,singlestim,93,271789,1010270,edm,paicipantresponseblue,correct
11422,Subject205,513,alone,77,alone,colorblue,test,num2,typenegative,singlestim,95,277509,1010290,edm,paicipantresponseblue,correct
11718,Subject205,412,happy,67,happy,colorred,test,num2,typepositive,singlestim,97,283124,1010310,edc,paicipantresponsered,correct
12014,Subject205,1,museum,1,museum,colorred,test,num2,typeneutral,singlestim,99,290331,1010330,ed,,incorrect
12310,Subject205,525,happy,77,happy,colorblue,test,num2,typepositive,singlestim,101,296059,1010350,edm,paicipantresponseblue,correct
12606,Subject205,581,funeral,67,funeral,colorblue,test,num2,typesuicide,singlestim,103,301844,1010370,edc,paicipantresponsered,incorrect
12902,Subject205,568,alone,67,alone,colorred,test,num2,typenegative,singlestim,105,307616,1010390,edc,paicipantresponsered,correct
13198,Subject205,430,rejected,77,rejected,colorblue,test,num2,typenegative,singlestim,107,313250,1010410,edm,paicipantresponseblue,correct
13494,Subject205,439,success,77,success,colorblue,test,num2,typepositive,singlestim,109,318895,1010430,edm,paicipantresponseblue,correct
13790,Subject205,585,stupid,67,stupid,colorred,test,num2,typenegative,singlestim,111,324685,1010450,edc,paicipantresponsered,correct
14086,Subject205,400,pleasure,77,pleasure,colorblue,test,num2,typepositive,singlestim,113,330290,1010470,edm,paicipantresponseblue,correct