,SubjectID,rt,stimulus,keypress,word,color,block,blocknum,wordtype,trialtype,trialindex,timeelapsed,internalnodeid,keypressed,participantresponse,correctresponse
281,Subject318,543,alone,77,alone,colorblue,test,num1,typenegative,singlestim,19,125496,100010,edm,paicipantresponseblue,correct
577,Subject318,301,paper,67,paper,colorred,test,num1,typeneutral,singlestim,21,131016,100030,edc,paicipantresponsered,correct
873,Subject318,293,dead,77,dead,colorblue,test,num1,typesuicide,singlestim,23,136521,100050,edm,paicipantresponseblue,correct
1169,Subject318,418,pleasure,77,pleasure,colorblue,test,num1,typepositive,singlestim,25,142160,100070,edm,paicipantresponseblue,correct
1465,Subject318,437,museum,77,museum,colorblue,test,num1,typeneutral,singlestim,27,147816,100090,edm,paicipantresponseblue,correct
1761,Subject318,917,museum,67,museum,colorred,test,num1,typeneutral,singlestim,29,153952,1000110,edc,paicipantresponsered,correct
2057,Subject318,706,happy,67,happy,colorred,test,num1,typepositive,singlestim,31,159872,1000130,edc,paicipantresponsered,correct
2353,Subject318,604,paper,77,paper,colorblue,test,num1,typeneutral,singlestim,33,165696,1000150,edm,paicipantresponseblue,correct
2649,Subject318,752,funeral,67,funeral,colorred,test,num1,typesuicide,singlestim,35,171664,1000170,edc,paicipantresponsered,correct
2945,Subject318,423,pleasure,67,pleasure,colorred,test,num1,typepositive,singlestim,37,177311,1000190,edc,paicipantresponsered,correct
3241,Subject318,387,success,77,success,colorblue,test,num1,typepositive,singlestim,39,182915,1000210,edm,paicipantresponseblue,correct
3537,Subject318,490,funeral,77,funeral,colorblue,test,num1,typesuicide,singlestim,41,188619,1000230,edm,paicipantresponseblue,correct
3833,Subject318,694,dead,67,dead,colorred,test,num1,typesuicide,singlestim,43,194531,1000250,edc,paicipantresponsered,correct
4129,Subject318,436,engine,77,engine,colorblue,test,num1,typeneutral,singlestim,45,200178,1000270,edm,paicipantresponseblue,correct
4425,Subject318,324,rejected,67,rejected,colorred,test,num1,typenegative,singlestim,47,205723,1000290,edc,paicipantresponsered,correct
4721,Subject318,489,stupid,77,stupid,colorblue,test,num1,typenegative,singlestim,49,211434,1000310,edm,paicipantresponseblue,correct
5017,Subject318,414,suicide,77,suicide,colorblue,test,num1,typesuicide,singlestim,51,217066,1000330,edm,paicipantresponseblue,correct
5313,Subject318,382,success,67,success,colorred,test,num1,typepositive,singlestim,53,222666,1000350,edc,paicipantresponsered,correct
5609,Subject318,432,suicide,67,suicide,colorred,test,num1,typesuicide,singlestim,55,228314,1000370,edc,paicipantresponsered,correct
5905,Subject318,493,engine,67,engine,colorred,test,num1,typeneutral,singlestim,57,234025,1000390,edc,paicipantresponsered,correct
6201,Subject318,340,stupid,67,stupid,colorred,test,num1,typenegative,singlestim,59,239578,1000410,edc,paicipantresponsered,correct
6497,Subject318,440,alone,67,alone,colorred,test,num1,typenegative,singlestim,61,245232,1000430,edc,paicipantresponsered,correct
6793,Subject318,719,happy,77,happy,colorblue,test,num1,typepositive,singlestim,63,251159,1000450,edm,paicipantresponseblue,correct
7089,Subject318,416,rejected,77,rejected,colorblue,test,num1,typenegative,singlestim,65,256791,1000470,edm,paicipantresponseblue,correct
7385,Subject318,385,paper,77,paper,colorblue,test,num2,typeneutral,singlestim,67,262391,101010,edm,paicipantresponseblue,correct
7681,Subject318,481,alone,67,alone,colorred,test,num2,typenegative,singlestim,69,268094,101030,edc,paicipantresponsered,correct
7977,Subject318,499,engine,77,engine,colorblue,test,num2,typeneutral,singlestim,71,273799,101050,edm,paicipantresponseblue,correct
8273,Subject318,673,engine,67,engine,colorred,test,num2,typeneutral,singlestim,73,279694,101070,edc,paicipantresponsered,correct
8569,Subject318,349,alone,77,alone,colorblue,test,num2,typenegative,singlestim,75,285263,101090,edm,paicipantresponseblue,correct
8865,Subject318,288,museum,67,museum,colorred,test,num2,typeneutral,singlestim,77,290766,1010110,edc,paicipantresponsered,correct
9161,Subject318,411,dead,67,dead,colorred,test,num2,typesuicide,singlestim,79,296391,1010130,edc,paicipantresponsered,correct
9457,Subject318,315,stupid,77,stupid,colorred,test,num2,typenegative,singlestim,81,301926,1010150,edm,paicipantresponseblue,incorrect
9753,Subject318,337,stupid,77,stupid,colorblue,test,num2,typenegative,singlestim,83,307480,1010170,edm,paicipantresponseblue,correct
10049,Subject318,363,pleasure,77,pleasure,colorblue,test,num2,typepositive,singlestim,85,313056,1010190,edm,paicipantresponseblue,correct
10345,Subject318,438,success,77,success,colorblue,test,num2,typepositive,singlestim,87,318712,1010210,edm,paicipantresponseblue,correct
10641,Subject318,420,happy,77,happy,colorblue,test,num2,typepositive,singlestim,89,324360,1010230,edm,paicipantresponseblue,correct
10937,Subject318,351,happy,67,happy,colorred,test,num2,typepositive,singlestim,91,329928,1010250,edc,paicipantresponsered,correct
11233,Subject318,604,rejected,67,rejected,colorred,test,num2,typenegative,singlestim,93,335743,1010270,edc,paicipantresponsered,correct
11529,Subject318,482,paper,67,paper,colorred,test,num2,typeneutral,singlestim,95,341439,1010290,edc,paicipantresponsered,correct
11825,Subject318,488,pleasure,67,pleasure,colorred,test,num2,typepositive,singlestim,97,347143,1010310,edc,paicipantresponsered,correct
12121,Subject318,516,funeral,67,funeral,colorred,test,num2,typesuicide,singlestim,99,352870,1010330,edc,paicipantresponsered,correct
12417,Subject318,538,museum,77,museum,colorblue,test,num2,typeneutral,singlestim,101,358623,1010350,edm,paicipantresponseblue,correct
12713,Subject318,449,rejected,77,rejected,colorblue,test,num2,typenegative,singlestim,103,364279,1010370,edm,paicipantresponseblue,correct
13009,Subject318,449,suicide,77,suicide,colorblue,test,num2,typesuicide,singlestim,105,369917,1010390,edm,paicipantresponseblue,correct
13305,Subject318,406,funeral,77,funeral,colorblue,test,num2,typesuicide,singlestim,107,375534,1010410,edm,paicipantresponseblue,correct
13601,Subject318,422,dead,77,dead,colorblue,test,num2,typesuicide,singlestim,109,381165,1010430,edm,paicipantresponseblue,correct
13897,Subject318,535,suicide,67,suicide,colorred,test,num2,typesuicide,singlestim,111,386909,1010450,edc,paicipantresponsered,correct
14193,Subject318,622,success,77,success,colorred,test,num2,typepositive,singlestim,113,392741,1010470,edm,paicipantresponseblue,incorrect