,SubjectID,rt,stimulus,keypress,word,color,block,blocknum,wordtype,trialtype,trialindex,timeelapsed,internalnodeid,keypressed,participantresponse,correctresponse
244,Subject277,1050,success,67,success,colorred,test,num1,typepositive,singlestim,19,6611310,100010,edc,paicipantresponsered,correct
540,Subject277,600,stupid,67,stupid,colorred,test,num1,typenegative,singlestim,21,6617124,100030,edc,paicipantresponsered,correct
836,Subject277,800,paper,67,paper,colorred,test,num1,typeneutral,singlestim,23,6623138,100050,edc,paicipantresponsered,correct
1132,Subject277,546,pleasure,77,pleasure,colorblue,test,num1,typepositive,singlestim,25,6628892,100070,edm,paicipantresponseblue,correct
1428,Subject277,454,happy,67,happy,colorred,test,num1,typepositive,singlestim,27,6634558,100090,edc,paicipantresponsered,correct
1724,Subject277,498,pleasure,67,pleasure,colorred,test,num1,typepositive,singlestim,29,6640262,1000110,edc,paicipantresponsered,correct
2020,Subject277,540,suicide,67,suicide,colorred,test,num1,typesuicide,singlestim,31,6646012,1000130,edc,paicipantresponsered,correct
2316,Subject277,478,dead,77,dead,colorblue,test,num1,typesuicide,singlestim,33,6651702,1000150,edm,paicipantresponseblue,correct
2612,Subject277,938,engine,77,engine,colorblue,test,num1,typeneutral,singlestim,35,6657854,1000170,edm,paicipantresponseblue,correct
2908,Subject277,544,happy,77,happy,colorblue,test,num1,typepositive,singlestim,37,6663606,1000190,edm,paicipantresponseblue,correct
3204,Subject277,486,stupid,77,stupid,colorblue,test,num1,typenegative,singlestim,39,6669302,1000210,edm,paicipantresponseblue,correct
3500,Subject277,702,engine,67,engine,colorred,test,num1,typeneutral,singlestim,41,6675218,1000230,edc,paicipantresponsered,correct
3796,Subject277,704,success,77,success,colorblue,test,num1,typepositive,singlestim,43,6681136,1000250,edm,paicipantresponseblue,correct
4092,Subject277,478,funeral,77,funeral,colorblue,test,num1,typesuicide,singlestim,45,6686818,1000270,edm,paicipantresponseblue,correct
4388,Subject277,644,rejected,77,rejected,colorblue,test,num1,typenegative,singlestim,47,6692672,1000290,edm,paicipantresponseblue,correct
4684,Subject277,514,museum,77,museum,colorblue,test,num1,typeneutral,singlestim,49,6698398,1000310,edm,paicipantresponseblue,correct
4980,Subject277,722,dead,67,dead,colorred,test,num1,typesuicide,singlestim,51,6704330,1000330,edc,paicipantresponsered,correct
5276,Subject277,640,alone,77,alone,colorblue,test,num1,typenegative,singlestim,53,6710180,1000350,edm,paicipantresponseblue,correct
5572,Subject277,464,funeral,67,funeral,colorred,test,num1,typesuicide,singlestim,55,6715852,1000370,edc,paicipantresponsered,correct
5868,Subject277,600,museum,67,museum,colorred,test,num1,typeneutral,singlestim,57,6721666,1000390,edc,paicipantresponsered,correct
6164,Subject277,620,suicide,77,suicide,colorblue,test,num1,typesuicide,singlestim,59,6727496,1000410,edm,paicipantresponseblue,correct
6460,Subject277,688,rejected,67,rejected,colorred,test,num1,typenegative,singlestim,61,6733394,1000430,edc,paicipantresponsered,correct
6756,Subject277,740,alone,67,alone,colorred,test,num1,typenegative,singlestim,63,6739346,1000450,edc,paicipantresponsered,correct
7052,Subject277,564,paper,77,paper,colorblue,test,num1,typeneutral,singlestim,65,6745118,1000470,edm,paicipantresponseblue,correct
7348,Subject277,428,alone,67,alone,colorred,test,num2,typenegative,singlestim,67,6750756,101010,edc,paicipantresponsered,correct
7644,Subject277,594,pleasure,67,pleasure,colorred,test,num2,typepositive,singlestim,69,6756564,101030,edc,paicipantresponsered,correct
7940,Subject277,514,funeral,67,funeral,colorred,test,num2,typesuicide,singlestim,71,6762292,101050,edc,paicipantresponsered,correct
8236,Subject277,450,happy,67,happy,colorred,test,num2,typepositive,singlestim,73,6767950,101070,edc,paicipantresponsered,correct
8532,Subject277,698,museum,77,museum,colorblue,test,num2,typeneutral,singlestim,75,6773862,101090,edm,paicipantresponseblue,correct
8828,Subject277,690,paper,77,paper,colorblue,test,num2,typeneutral,singlestim,77,6779764,1010110,edm,paicipantresponseblue,correct
9124,Subject277,562,pleasure,77,pleasure,colorblue,test,num2,typepositive,singlestim,79,6785534,1010130,edm,paicipantresponseblue,correct
9420,Subject277,532,dead,67,dead,colorred,test,num2,typesuicide,singlestim,81,6791276,1010150,edc,paicipantresponsered,correct
9716,Subject277,526,rejected,67,rejected,colorred,test,num2,typenegative,singlestim,83,6797012,1010170,edc,paicipantresponsered,correct
10012,Subject277,522,suicide,67,suicide,colorred,test,num2,typesuicide,singlestim,85,6802744,1010190,edc,paicipantresponsered,correct
10308,Subject277,638,alone,77,alone,colorblue,test,num2,typenegative,singlestim,87,6808590,1010210,edm,paicipantresponseblue,correct
10604,Subject277,446,stupid,67,stupid,colorred,test,num2,typenegative,singlestim,89,6814244,1010230,edc,paicipantresponsered,correct
10900,Subject277,546,success,67,success,colorred,test,num2,typepositive,singlestim,91,6820006,1010250,edc,paicipantresponsered,correct
11196,Subject277,624,stupid,77,stupid,colorblue,test,num2,typenegative,singlestim,93,6825842,1010270,edm,paicipantresponseblue,correct
11492,Subject277,700,rejected,77,rejected,colorblue,test,num2,typenegative,singlestim,95,6831750,1010290,edm,paicipantresponseblue,correct
11788,Subject277,854,happy,77,happy,colorblue,test,num2,typepositive,singlestim,97,6837814,1010310,edm,paicipantresponseblue,correct
12084,Subject277,584,engine,67,engine,colorred,test,num2,typeneutral,singlestim,99,6843604,1010330,edc,paicipantresponsered,correct
12380,Subject277,526,museum,67,museum,colorred,test,num2,typeneutral,singlestim,101,6849340,1010350,edc,paicipantresponsered,correct
12676,Subject277,592,suicide,77,suicide,colorblue,test,num2,typesuicide,singlestim,103,6855140,1010370,edm,paicipantresponseblue,correct
12972,Subject277,1424,funeral,77,funeral,colorblue,test,num2,typesuicide,singlestim,105,6861772,1010390,edm,paicipantresponseblue,correct
13268,Subject277,552,success,77,success,colorblue,test,num2,typepositive,singlestim,107,6867534,1010410,edm,paicipantresponseblue,correct
13564,Subject277,1580,paper,67,paper,colorred,test,num2,typeneutral,singlestim,109,6874322,1010430,edc,paicipantresponsered,correct
13860,Subject277,1,engine,1,engine,colorblue,test,num2,typeneutral,singlestim,111,6881540,1010450,ed,,incorrect
14156,Subject277,1,dead,1,dead,colorblue,test,num2,typesuicide,singlestim,113,6888748,1010470,ed,,incorrect