,SubjectID,rt,stimulus,keypress,word,color,block,blocknum,wordtype,trialtype,trialindex,timeelapsed,internalnodeid,keypressed,participantresponse,correctresponse
28,Subject29,488,funeral,67,funeral,colorred,test,num1,typesuicide,singlestim,19,88604,100010,edc,paicipantresponsered,correct
324,Subject29,550,engine,67,engine,colorred,test,num1,typeneutral,singlestim,21,94366,100030,edc,paicipantresponsered,correct
620,Subject29,713,museum,77,museum,colorblue,test,num1,typeneutral,singlestim,23,100295,100050,edm,paicipantresponseblue,correct
916,Subject29,789,paper,67,paper,colorred,test,num1,typeneutral,singlestim,25,106296,100070,edc,paicipantresponsered,correct
1212,Subject29,641,museum,67,museum,colorred,test,num1,typeneutral,singlestim,27,112144,100090,edc,paicipantresponsered,correct
1508,Subject29,566,stupid,67,stupid,colorred,test,num1,typenegative,singlestim,29,117925,1000110,edc,paicipantresponsered,correct
1804,Subject29,587,suicide,67,suicide,colorred,test,num1,typesuicide,singlestim,31,123721,1000130,edc,paicipantresponsered,correct
2100,Subject29,956,stupid,77,stupid,colorblue,test,num1,typenegative,singlestim,33,129890,1000150,edm,paicipantresponseblue,correct
2396,Subject29,878,engine,77,engine,colorblue,test,num1,typeneutral,singlestim,35,135977,1000170,edm,paicipantresponseblue,correct
2692,Subject29,566,dead,77,dead,colorblue,test,num1,typesuicide,singlestim,37,141754,1000190,edm,paicipantresponseblue,correct
2988,Subject29,955,rejected,67,rejected,colorred,test,num1,typenegative,singlestim,39,147917,1000210,edc,paicipantresponsered,correct
3284,Subject29,820,suicide,77,suicide,colorblue,test,num1,typesuicide,singlestim,41,153947,1000230,edm,paicipantresponseblue,correct
3580,Subject29,715,success,67,success,colorred,test,num1,typepositive,singlestim,43,159874,1000250,edc,paicipantresponsered,correct
3876,Subject29,657,rejected,77,rejected,colorblue,test,num1,typenegative,singlestim,45,165741,1000270,edm,paicipantresponseblue,correct
4172,Subject29,493,funeral,77,funeral,colorblue,test,num1,typesuicide,singlestim,47,171449,1000290,edm,paicipantresponseblue,correct
4468,Subject29,1009,pleasure,67,pleasure,colorred,test,num1,typepositive,singlestim,49,177669,1000310,edc,paicipantresponsered,correct
4764,Subject29,609,alone,67,alone,colorred,test,num1,typenegative,singlestim,51,183490,1000330,edc,paicipantresponsered,correct
5060,Subject29,723,success,77,success,colorblue,test,num1,typepositive,singlestim,53,189428,1000350,edm,paicipantresponseblue,correct
5356,Subject29,908,happy,77,happy,colorblue,test,num1,typepositive,singlestim,55,195550,1000370,edm,paicipantresponseblue,correct
5652,Subject29,864,happy,67,happy,colorred,test,num1,typepositive,singlestim,57,201628,1000390,edc,paicipantresponsered,correct
5948,Subject29,795,paper,77,paper,colorblue,test,num1,typeneutral,singlestim,59,207633,1000410,edm,paicipantresponseblue,correct
6244,Subject29,681,pleasure,77,pleasure,colorblue,test,num1,typepositive,singlestim,61,213524,1000430,edm,paicipantresponseblue,correct
6540,Subject29,1152,dead,67,dead,colorred,test,num1,typesuicide,singlestim,63,219885,1000450,edc,paicipantresponsered,correct
6836,Subject29,918,alone,77,alone,colorblue,test,num1,typenegative,singlestim,65,226013,1000470,edm,paicipantresponseblue,correct
7132,Subject29,1364,rejected,77,rejected,colorblue,test,num2,typenegative,singlestim,67,232585,101010,edm,paicipantresponseblue,correct
7428,Subject29,1338,success,67,success,colorred,test,num2,typepositive,singlestim,69,239134,101030,edc,paicipantresponsered,correct
7724,Subject29,1233,funeral,77,funeral,colorblue,test,num2,typesuicide,singlestim,71,245578,101050,edm,paicipantresponseblue,correct
8020,Subject29,810,happy,67,happy,colorred,test,num2,typepositive,singlestim,73,251594,101070,edc,paicipantresponsered,correct
8316,Subject29,959,dead,67,dead,colorred,test,num2,typesuicide,singlestim,75,257762,101090,edc,paicipantresponsered,correct
8612,Subject29,732,pleasure,77,pleasure,colorblue,test,num2,typepositive,singlestim,77,263708,1010110,edm,paicipantresponseblue,correct
8908,Subject29,853,funeral,67,funeral,colorred,test,num2,typesuicide,singlestim,79,269772,1010130,edc,paicipantresponsered,correct
9204,Subject29,1167,happy,77,happy,colorblue,test,num2,typepositive,singlestim,81,276145,1010150,edm,paicipantresponseblue,correct
9500,Subject29,716,dead,77,dead,colorblue,test,num2,typesuicide,singlestim,83,282072,1010170,edm,paicipantresponseblue,correct
9796,Subject29,696,paper,77,paper,colorblue,test,num2,typeneutral,singlestim,85,287979,1010190,edm,paicipantresponseblue,correct
10092,Subject29,826,stupid,67,stupid,colorred,test,num2,typenegative,singlestim,87,294015,1010210,edc,paicipantresponsered,correct
10388,Subject29,1279,museum,77,museum,colorblue,test,num2,typeneutral,singlestim,89,300507,1010230,edm,paicipantresponseblue,correct
10684,Subject29,903,museum,67,museum,colorred,test,num2,typeneutral,singlestim,91,306623,1010250,edc,paicipantresponsered,correct
10980,Subject29,814,paper,67,paper,colorred,test,num2,typeneutral,singlestim,93,312648,1010270,edc,paicipantresponsered,correct
11276,Subject29,879,suicide,67,suicide,colorred,test,num2,typesuicide,singlestim,95,318740,1010290,edc,paicipantresponsered,correct
11572,Subject29,826,stupid,77,stupid,colorblue,test,num2,typenegative,singlestim,97,324778,1010310,edm,paicipantresponseblue,correct
11868,Subject29,1189,suicide,77,suicide,colorblue,test,num2,typesuicide,singlestim,99,331177,1010330,edm,paicipantresponseblue,correct
12164,Subject29,911,alone,77,alone,colorblue,test,num2,typenegative,singlestim,101,337294,1010350,edm,paicipantresponseblue,correct
12460,Subject29,897,alone,32,alone,colorred,test,num2,typenegative,singlestim,103,343402,1010370,ed ,,incorrect
12756,Subject29,1055,rejected,67,rejected,colorred,test,num2,typenegative,singlestim,105,349664,1010390,edc,paicipantresponsered,correct
13052,Subject29,865,engine,77,engine,colorblue,test,num2,typeneutral,singlestim,107,355739,1010410,edm,paicipantresponseblue,correct
13348,Subject29,800,success,77,success,colorblue,test,num2,typepositive,singlestim,109,361747,1010430,edm,paicipantresponseblue,correct
13644,Subject29,645,engine,67,engine,colorred,test,num2,typeneutral,singlestim,111,367602,1010450,edc,paicipantresponsered,correct
13940,Subject29,1053,pleasure,67,pleasure,colorred,test,num2,typepositive,singlestim,113,373864,1010470,edc,paicipantresponsered,correct