,SubjectID,rt,stimulus,keypress,word,color,block,blocknum,wordtype,trialtype,trialindex,timeelapsed,internalnodeid,keypressed,participantresponse,correctresponse
212,Subject244,820,engine,67,engine,colorred,test,num1,typeneutral,singlestim,19,80855,100010,edc,paicipantresponsered,correct
508,Subject244,442,pleasure,67,pleasure,colorred,test,num1,typepositive,singlestim,21,86511,100030,edc,paicipantresponsered,correct
804,Subject244,401,success,77,success,colorblue,test,num1,typepositive,singlestim,23,92136,100050,edm,paicipantresponseblue,correct
1100,Subject244,424,paper,77,paper,colorblue,test,num1,typeneutral,singlestim,25,97807,100070,edm,paicipantresponseblue,correct
1396,Subject244,526,paper,67,paper,colorred,test,num1,typeneutral,singlestim,27,103559,100090,edc,paicipantresponsered,correct
1692,Subject244,426,alone,67,alone,colorred,test,num1,typenegative,singlestim,29,109208,1000110,edc,paicipantresponsered,correct
1988,Subject244,448,happy,67,happy,colorred,test,num1,typepositive,singlestim,31,114879,1000130,edc,paicipantresponsered,correct
2284,Subject244,357,museum,77,museum,colorblue,test,num1,typeneutral,singlestim,33,120471,1000150,edm,paicipantresponseblue,correct
2580,Subject244,447,rejected,77,rejected,colorblue,test,num1,typenegative,singlestim,35,126144,1000170,edm,paicipantresponseblue,correct
2876,Subject244,381,alone,77,alone,colorblue,test,num1,typenegative,singlestim,37,131760,1000190,edm,paicipantresponseblue,correct
3172,Subject244,636,success,67,success,colorred,test,num1,typepositive,singlestim,39,137631,1000210,edc,paicipantresponsered,correct
3468,Subject244,459,stupid,67,stupid,colorred,test,num1,typenegative,singlestim,41,143319,1000230,edc,paicipantresponsered,correct
3764,Subject244,577,museum,77,museum,colorred,test,num1,typeneutral,singlestim,43,149119,1000250,edm,paicipantresponseblue,incorrect
4060,Subject244,648,happy,77,happy,colorblue,test,num1,typepositive,singlestim,45,154991,1000270,edm,paicipantresponseblue,correct
4356,Subject244,502,funeral,67,funeral,colorred,test,num1,typesuicide,singlestim,47,160712,1000290,edc,paicipantresponsered,correct
4652,Subject244,617,dead,77,dead,colorblue,test,num1,typesuicide,singlestim,49,166545,1000310,edm,paicipantresponseblue,correct
4948,Subject244,376,pleasure,77,pleasure,colorblue,test,num1,typepositive,singlestim,51,172153,1000330,edm,paicipantresponseblue,correct
5244,Subject244,409,suicide,77,suicide,colorblue,test,num1,typesuicide,singlestim,53,177784,1000350,edm,paicipantresponseblue,correct
5540,Subject244,424,engine,77,engine,colorblue,test,num1,typeneutral,singlestim,55,183432,1000370,edm,paicipantresponseblue,correct
5836,Subject244,455,funeral,77,funeral,colorblue,test,num1,typesuicide,singlestim,57,189112,1000390,edm,paicipantresponseblue,correct
6132,Subject244,403,stupid,77,stupid,colorblue,test,num1,typenegative,singlestim,59,194743,1000410,edm,paicipantresponseblue,correct
6428,Subject244,764,dead,67,dead,colorred,test,num1,typesuicide,singlestim,61,200736,1000430,edc,paicipantresponsered,correct
6724,Subject244,621,rejected,67,rejected,colorred,test,num1,typenegative,singlestim,63,206593,1000450,edc,paicipantresponsered,correct
7020,Subject244,395,suicide,67,suicide,colorred,test,num1,typesuicide,singlestim,65,212216,1000470,edc,paicipantresponsered,correct
7316,Subject244,395,happy,67,happy,colorred,test,num2,typepositive,singlestim,67,217832,101010,edc,paicipantresponsered,correct
7612,Subject244,371,rejected,67,rejected,colorred,test,num2,typenegative,singlestim,69,223424,101030,edc,paicipantresponsered,correct
7908,Subject244,389,alone,67,alone,colorblue,test,num2,typenegative,singlestim,71,229040,101050,edc,paicipantresponsered,incorrect
8204,Subject244,453,alone,67,alone,colorred,test,num2,typenegative,singlestim,73,234720,101070,edc,paicipantresponsered,correct
8500,Subject244,449,stupid,77,stupid,colorblue,test,num2,typenegative,singlestim,75,240400,101090,edm,paicipantresponseblue,correct
8796,Subject244,375,engine,77,engine,colorblue,test,num2,typeneutral,singlestim,77,245992,1010110,edm,paicipantresponseblue,correct
9092,Subject244,432,success,77,success,colorblue,test,num2,typepositive,singlestim,79,251632,1010130,edm,paicipantresponseblue,correct
9388,Subject244,615,suicide,67,suicide,colorred,test,num2,typesuicide,singlestim,81,257481,1010150,edc,paicipantresponsered,correct
9684,Subject244,709,paper,67,paper,colorblue,test,num2,typeneutral,singlestim,83,263408,1010170,edc,paicipantresponsered,incorrect
9980,Subject244,688,pleasure,67,pleasure,colorred,test,num2,typepositive,singlestim,85,269321,1010190,edc,paicipantresponsered,correct
10276,Subject244,406,pleasure,77,pleasure,colorblue,test,num2,typepositive,singlestim,87,274953,1010210,edm,paicipantresponseblue,correct
10572,Subject244,571,stupid,67,stupid,colorred,test,num2,typenegative,singlestim,89,280751,1010230,edc,paicipantresponsered,correct
10868,Subject244,796,museum,77,museum,colorblue,test,num2,typeneutral,singlestim,91,286760,1010250,edm,paicipantresponseblue,correct
11164,Subject244,421,suicide,77,suicide,colorblue,test,num2,typesuicide,singlestim,93,292433,1010270,edm,paicipantresponseblue,correct
11460,Subject244,579,funeral,77,funeral,colorblue,test,num2,typesuicide,singlestim,95,298240,1010290,edm,paicipantresponseblue,correct
11756,Subject244,531,museum,67,museum,colorred,test,num2,typeneutral,singlestim,97,303993,1010310,edc,paicipantresponsered,correct
12052,Subject244,366,rejected,77,rejected,colorblue,test,num2,typenegative,singlestim,99,309576,1010330,edm,paicipantresponseblue,correct
12348,Subject244,415,success,67,success,colorred,test,num2,typepositive,singlestim,101,315209,1010350,edc,paicipantresponsered,correct
12644,Subject244,436,engine,67,engine,colorred,test,num2,typeneutral,singlestim,103,320880,1010370,edc,paicipantresponsered,correct
12940,Subject244,557,happy,77,happy,colorblue,test,num2,typepositive,singlestim,105,326649,1010390,edm,paicipantresponseblue,correct
13236,Subject244,542,dead,67,dead,colorred,test,num2,typesuicide,singlestim,107,332417,1010410,edc,paicipantresponsered,correct
13532,Subject244,976,dead,77,dead,colorblue,test,num2,typesuicide,singlestim,109,338617,1010430,edm,paicipantresponseblue,correct
13828,Subject244,425,funeral,67,funeral,colorred,test,num2,typesuicide,singlestim,111,344249,1010450,edc,paicipantresponsered,correct
14124,Subject244,538,paper,67,paper,colorred,test,num2,typeneutral,singlestim,113,349993,1010470,edc,paicipantresponsered,correct