,SubjectID,rt,stimulus,keypress,word,color,block,blocknum,wordtype,trialtype,trialindex,timeelapsed,internalnodeid,keypressed,participantresponse,correctresponse
294,Subject331,423,pleasure,67,pleasure,colorred,test,num1,typepositive,singlestim,19,82922,100010,edc,paicipantresponsered,correct
590,Subject331,691,rejected,67,rejected,colorred,test,num1,typenegative,singlestim,21,88820,100030,edc,paicipantresponsered,correct
886,Subject331,625,suicide,77,suicide,colorblue,test,num1,typesuicide,singlestim,23,94655,100050,edm,paicipantresponseblue,correct
1182,Subject331,404,alone,77,alone,colorblue,test,num1,typenegative,singlestim,25,100266,100070,edm,paicipantresponseblue,correct
1478,Subject331,373,funeral,77,funeral,colorblue,test,num1,typesuicide,singlestim,27,105845,100090,edm,paicipantresponseblue,correct
1774,Subject331,313,paper,67,paper,colorred,test,num1,typeneutral,singlestim,29,111365,1000110,edc,paicipantresponsered,correct
2070,Subject331,375,museum,77,museum,colorblue,test,num1,typeneutral,singlestim,31,116946,1000130,edm,paicipantresponseblue,correct
2366,Subject331,367,rejected,77,rejected,colorblue,test,num1,typenegative,singlestim,33,122520,1000150,edm,paicipantresponseblue,correct
2662,Subject331,345,happy,67,happy,colorred,test,num1,typepositive,singlestim,35,128072,1000170,edc,paicipantresponsered,correct
2958,Subject331,345,alone,67,alone,colorred,test,num1,typenegative,singlestim,37,133622,1000190,edc,paicipantresponsered,correct
3254,Subject331,336,engine,77,engine,colorblue,test,num1,typeneutral,singlestim,39,139166,1000210,edm,paicipantresponseblue,correct
3550,Subject331,367,museum,67,museum,colorred,test,num1,typeneutral,singlestim,41,144738,1000230,edc,paicipantresponsered,correct
3846,Subject331,384,funeral,67,funeral,colorred,test,num1,typesuicide,singlestim,43,150328,1000250,edc,paicipantresponsered,correct
4142,Subject331,443,engine,67,engine,colorred,test,num1,typeneutral,singlestim,45,155979,1000270,edc,paicipantresponsered,correct
4438,Subject331,401,suicide,67,suicide,colorred,test,num1,typesuicide,singlestim,47,161587,1000290,edc,paicipantresponsered,correct
4734,Subject331,379,stupid,77,stupid,colorblue,test,num1,typenegative,singlestim,49,167174,1000310,edm,paicipantresponseblue,correct
5030,Subject331,752,happy,67,happy,colorblue,test,num1,typepositive,singlestim,51,173133,1000330,edc,paicipantresponsered,incorrect
5326,Subject331,731,pleasure,77,pleasure,colorblue,test,num1,typepositive,singlestim,53,179071,1000350,edm,paicipantresponseblue,correct
5622,Subject331,457,dead,77,dead,colorblue,test,num1,typesuicide,singlestim,55,184733,1000370,edm,paicipantresponseblue,correct
5918,Subject331,399,dead,67,dead,colorred,test,num1,typesuicide,singlestim,57,190339,1000390,edc,paicipantresponsered,correct
6214,Subject331,461,success,77,success,colorblue,test,num1,typepositive,singlestim,59,196005,1000410,edm,paicipantresponseblue,correct
6510,Subject331,362,success,67,success,colorred,test,num1,typepositive,singlestim,61,201573,1000430,edc,paicipantresponsered,correct
6806,Subject331,512,stupid,67,stupid,colorred,test,num1,typenegative,singlestim,63,207290,1000450,edc,paicipantresponsered,correct
7102,Subject331,354,paper,77,paper,colorblue,test,num1,typeneutral,singlestim,65,212851,1000470,edm,paicipantresponseblue,correct
7398,Subject331,362,alone,67,alone,colorred,test,num2,typenegative,singlestim,67,218420,101010,edc,paicipantresponsered,correct
7694,Subject331,396,pleasure,67,pleasure,colorred,test,num2,typepositive,singlestim,69,224022,101030,edc,paicipantresponsered,correct
7990,Subject331,507,museum,67,museum,colorred,test,num2,typeneutral,singlestim,71,229736,101050,edc,paicipantresponsered,correct
8286,Subject331,478,success,67,success,colorred,test,num2,typepositive,singlestim,73,235421,101070,edc,paicipantresponsered,correct
8582,Subject331,370,engine,67,engine,colorred,test,num2,typeneutral,singlestim,75,240997,101090,edc,paicipantresponsered,correct
8878,Subject331,390,suicide,67,suicide,colorred,test,num2,typesuicide,singlestim,77,246594,1010110,edc,paicipantresponsered,correct
9174,Subject331,371,alone,77,alone,colorblue,test,num2,typenegative,singlestim,79,252172,1010130,edm,paicipantresponseblue,correct
9470,Subject331,336,funeral,77,funeral,colorblue,test,num2,typesuicide,singlestim,81,257715,1010150,edm,paicipantresponseblue,correct
9766,Subject331,489,suicide,77,suicide,colorblue,test,num2,typesuicide,singlestim,83,263411,1010170,edm,paicipantresponseblue,correct
10062,Subject331,334,paper,67,paper,colorred,test,num2,typeneutral,singlestim,85,268952,1010190,edc,paicipantresponsered,correct
10358,Subject331,357,funeral,67,funeral,colorred,test,num2,typesuicide,singlestim,87,274514,1010210,edc,paicipantresponsered,correct
10654,Subject331,437,success,77,success,colorblue,test,num2,typepositive,singlestim,89,280157,1010230,edm,paicipantresponseblue,correct
10950,Subject331,457,museum,77,museum,colorblue,test,num2,typeneutral,singlestim,91,285820,1010250,edm,paicipantresponseblue,correct
11246,Subject331,369,pleasure,77,pleasure,colorblue,test,num2,typepositive,singlestim,93,291396,1010270,edm,paicipantresponseblue,correct
11542,Subject331,372,rejected,77,rejected,colorblue,test,num2,typenegative,singlestim,95,296977,1010290,edm,paicipantresponseblue,correct
11838,Subject331,360,stupid,67,stupid,colorred,test,num2,typenegative,singlestim,97,302542,1010310,edc,paicipantresponsered,correct
12134,Subject331,459,dead,67,dead,colorred,test,num2,typesuicide,singlestim,99,308208,1010330,edc,paicipantresponsered,correct
12430,Subject331,410,stupid,77,stupid,colorblue,test,num2,typenegative,singlestim,101,313825,1010350,edm,paicipantresponseblue,correct
12726,Subject331,382,happy,67,happy,colorred,test,num2,typepositive,singlestim,103,319412,1010370,edc,paicipantresponsered,correct
13022,Subject331,577,dead,77,dead,colorblue,test,num2,typesuicide,singlestim,105,325196,1010390,edm,paicipantresponseblue,correct
13318,Subject331,637,paper,77,paper,colorblue,test,num2,typeneutral,singlestim,107,331038,1010410,edm,paicipantresponseblue,correct
13614,Subject331,385,happy,77,happy,colorblue,test,num2,typepositive,singlestim,109,336629,1010430,edm,paicipantresponseblue,correct
13910,Subject331,543,rejected,67,rejected,colorred,test,num2,typenegative,singlestim,111,342379,1010450,edc,paicipantresponsered,correct
14206,Subject331,400,engine,77,engine,colorblue,test,num2,typeneutral,singlestim,113,347986,1010470,edm,paicipantresponseblue,correct