,SubjectID,rt,stimulus,keypress,word,color,block,blocknum,wordtype,trialtype,trialindex,timeelapsed,internalnodeid,keypressed,participantresponse,correctresponse
215,Subject247,486,engine,67,engine,colorred,test,num1,typeneutral,singlestim,19,70807,100010,edc,paicipantresponsered,correct
511,Subject247,317,rejected,77,rejected,colorblue,test,num1,typenegative,singlestim,21,76327,100030,edm,paicipantresponseblue,correct
807,Subject247,329,funeral,67,funeral,colorred,test,num1,typesuicide,singlestim,23,81861,100050,edc,paicipantresponsered,correct
1103,Subject247,447,museum,77,museum,colorblue,test,num1,typeneutral,singlestim,25,87511,100070,edm,paicipantresponseblue,correct
1399,Subject247,407,dead,77,dead,colorblue,test,num1,typesuicide,singlestim,27,93122,100090,edm,paicipantresponseblue,correct
1695,Subject247,410,paper,77,paper,colorblue,test,num1,typeneutral,singlestim,29,98737,1000110,edm,paicipantresponseblue,correct
1991,Subject247,470,alone,67,alone,colorred,test,num1,typenegative,singlestim,31,104410,1000130,edc,paicipantresponsered,correct
2287,Subject247,344,success,67,success,colorred,test,num1,typepositive,singlestim,33,109959,1000150,edc,paicipantresponsered,correct
2583,Subject247,338,pleasure,67,pleasure,colorred,test,num1,typepositive,singlestim,35,115499,1000170,edc,paicipantresponsered,correct
2879,Subject247,417,stupid,77,stupid,colorblue,test,num1,typenegative,singlestim,37,121120,1000190,edm,paicipantresponseblue,correct
3175,Subject247,347,success,67,success,colorblue,test,num1,typepositive,singlestim,39,126670,1000210,edc,paicipantresponsered,incorrect
3471,Subject247,399,pleasure,77,pleasure,colorblue,test,num1,typepositive,singlestim,41,132274,1000230,edm,paicipantresponseblue,correct
3767,Subject247,379,alone,77,alone,colorblue,test,num1,typenegative,singlestim,43,137857,1000250,edm,paicipantresponseblue,correct
4063,Subject247,371,engine,77,engine,colorblue,test,num1,typeneutral,singlestim,45,143434,1000270,edm,paicipantresponseblue,correct
4359,Subject247,345,funeral,77,funeral,colorblue,test,num1,typesuicide,singlestim,47,148984,1000290,edm,paicipantresponseblue,correct
4655,Subject247,414,suicide,67,suicide,colorred,test,num1,typesuicide,singlestim,49,154600,1000310,edc,paicipantresponsered,correct
4951,Subject247,469,happy,67,happy,colorred,test,num1,typepositive,singlestim,51,160272,1000330,edc,paicipantresponsered,correct
5247,Subject247,399,museum,67,museum,colorred,test,num1,typeneutral,singlestim,53,165874,1000350,edc,paicipantresponsered,correct
5543,Subject247,400,happy,77,happy,colorblue,test,num1,typepositive,singlestim,55,171478,1000370,edm,paicipantresponseblue,correct
5839,Subject247,547,dead,67,dead,colorred,test,num1,typesuicide,singlestim,57,177229,1000390,edc,paicipantresponsered,correct
6135,Subject247,490,paper,67,paper,colorred,test,num1,typeneutral,singlestim,59,182922,1000410,edc,paicipantresponsered,correct
6431,Subject247,435,stupid,67,stupid,colorred,test,num1,typenegative,singlestim,61,188561,1000430,edc,paicipantresponsered,correct
6727,Subject247,402,suicide,77,suicide,colorblue,test,num1,typesuicide,singlestim,63,194166,1000450,edm,paicipantresponseblue,correct
7023,Subject247,374,rejected,67,rejected,colorred,test,num1,typenegative,singlestim,65,199743,1000470,edc,paicipantresponsered,correct
7319,Subject247,688,suicide,77,suicide,colorblue,test,num2,typesuicide,singlestim,67,205635,101010,edm,paicipantresponseblue,correct
7615,Subject247,352,pleasure,77,pleasure,colorblue,test,num2,typepositive,singlestim,69,211191,101030,edm,paicipantresponseblue,correct
7911,Subject247,396,engine,67,engine,colorred,test,num2,typeneutral,singlestim,71,216792,101050,edc,paicipantresponsered,correct
8207,Subject247,337,dead,67,dead,colorred,test,num2,typesuicide,singlestim,73,222332,101070,edc,paicipantresponsered,correct
8503,Subject247,354,funeral,77,funeral,colorblue,test,num2,typesuicide,singlestim,75,227890,101090,edm,paicipantresponseblue,correct
8799,Subject247,493,paper,77,paper,colorblue,test,num2,typeneutral,singlestim,77,233589,1010110,edm,paicipantresponseblue,correct
9095,Subject247,447,rejected,67,rejected,colorred,test,num2,typenegative,singlestim,79,239240,1010130,edc,paicipantresponsered,correct
9391,Subject247,492,rejected,77,rejected,colorblue,test,num2,typenegative,singlestim,81,244935,1010150,edm,paicipantresponseblue,correct
9687,Subject247,434,engine,77,engine,colorblue,test,num2,typeneutral,singlestim,83,250572,1010170,edm,paicipantresponseblue,correct
9983,Subject247,355,stupid,77,stupid,colorblue,test,num2,typenegative,singlestim,85,256130,1010190,edm,paicipantresponseblue,correct
10279,Subject247,370,pleasure,67,pleasure,colorred,test,num2,typepositive,singlestim,87,261704,1010210,edc,paicipantresponsered,correct
10575,Subject247,361,happy,77,happy,colorblue,test,num2,typepositive,singlestim,89,267269,1010230,edm,paicipantresponseblue,correct
10871,Subject247,462,stupid,67,stupid,colorred,test,num2,typenegative,singlestim,91,272934,1010250,edc,paicipantresponsered,correct
11167,Subject247,345,suicide,67,suicide,colorred,test,num2,typesuicide,singlestim,93,278483,1010270,edc,paicipantresponsered,correct
11463,Subject247,349,happy,67,happy,colorred,test,num2,typepositive,singlestim,95,284037,1010290,edc,paicipantresponsered,correct
11759,Subject247,366,funeral,67,funeral,colorred,test,num2,typesuicide,singlestim,97,289607,1010310,edc,paicipantresponsered,correct
12055,Subject247,365,alone,77,alone,colorblue,test,num2,typenegative,singlestim,99,295176,1010330,edm,paicipantresponseblue,correct
12351,Subject247,392,success,77,success,colorblue,test,num2,typepositive,singlestim,101,300773,1010350,edm,paicipantresponseblue,correct
12647,Subject247,374,museum,77,museum,colorblue,test,num2,typeneutral,singlestim,103,306351,1010370,edm,paicipantresponseblue,correct
12943,Subject247,340,alone,67,alone,colorred,test,num2,typenegative,singlestim,105,311895,1010390,edc,paicipantresponsered,correct
13239,Subject247,357,dead,77,dead,colorblue,test,num2,typesuicide,singlestim,107,317455,1010410,edm,paicipantresponseblue,correct
13535,Subject247,301,success,67,success,colorred,test,num2,typepositive,singlestim,109,322959,1010430,edc,paicipantresponsered,correct
13831,Subject247,368,paper,67,paper,colorred,test,num2,typeneutral,singlestim,111,328532,1010450,edc,paicipantresponsered,correct
14127,Subject247,359,museum,67,museum,colorred,test,num2,typeneutral,singlestim,113,334096,1010470,edc,paicipantresponsered,correct