,SubjectID,rt,stimulus,keypress,word,color,block,blocknum,wordtype,trialtype,trialindex,timeelapsed,internalnodeid,keypressed,participantresponse,correctresponse
295,Subject332,561,pleasure,67,pleasure,colorred,test,num1,typepositive,singlestim,19,153573,100010,edc,paicipantresponsered,correct
591,Subject332,487,happy,67,happy,colorred,test,num1,typepositive,singlestim,21,159268,100030,edc,paicipantresponsered,correct
887,Subject332,450,stupid,77,stupid,colorblue,test,num1,typenegative,singlestim,23,164933,100050,edm,paicipantresponseblue,correct
1183,Subject332,490,funeral,77,funeral,colorblue,test,num1,typesuicide,singlestim,25,170636,100070,edm,paicipantresponseblue,correct
1479,Subject332,470,pleasure,77,pleasure,colorblue,test,num1,typepositive,singlestim,27,176316,100090,edm,paicipantresponseblue,correct
1775,Subject332,709,rejected,77,rejected,colorblue,test,num1,typenegative,singlestim,29,182236,1000110,edm,paicipantresponseblue,correct
2071,Subject332,405,stupid,67,stupid,colorred,test,num1,typenegative,singlestim,31,187852,1000130,edc,paicipantresponsered,correct
2367,Subject332,510,funeral,67,funeral,colorred,test,num1,typesuicide,singlestim,33,193580,1000150,edc,paicipantresponsered,correct
2663,Subject332,503,suicide,67,suicide,colorred,test,num1,typesuicide,singlestim,35,199301,1000170,edc,paicipantresponsered,correct
2959,Subject332,569,success,77,success,colorblue,test,num1,typepositive,singlestim,37,205083,1000190,edm,paicipantresponseblue,correct
3255,Subject332,566,success,67,success,colorred,test,num1,typepositive,singlestim,39,210864,1000210,edc,paicipantresponsered,correct
3551,Subject332,536,dead,67,dead,colorred,test,num1,typesuicide,singlestim,41,216614,1000230,edc,paicipantresponsered,correct
3847,Subject332,527,dead,77,dead,colorblue,test,num1,typesuicide,singlestim,43,222354,1000250,edm,paicipantresponseblue,correct
4143,Subject332,469,museum,67,museum,colorred,test,num1,typeneutral,singlestim,45,228034,1000270,edc,paicipantresponsered,correct
4439,Subject332,747,alone,77,alone,colorblue,test,num1,typenegative,singlestim,47,233989,1000290,edm,paicipantresponseblue,correct
4735,Subject332,572,suicide,77,suicide,colorblue,test,num1,typesuicide,singlestim,49,239775,1000310,edm,paicipantresponseblue,correct
5031,Subject332,523,paper,67,paper,colorred,test,num1,typeneutral,singlestim,51,245516,1000330,edc,paicipantresponsered,correct
5327,Subject332,469,happy,77,happy,colorblue,test,num1,typepositive,singlestim,53,251195,1000350,edm,paicipantresponseblue,correct
5623,Subject332,726,rejected,67,rejected,colorred,test,num1,typenegative,singlestim,55,257139,1000370,edc,paicipantresponsered,correct
5919,Subject332,640,engine,67,engine,colorred,test,num1,typeneutral,singlestim,57,262992,1000390,edc,paicipantresponsered,correct
6215,Subject332,717,alone,67,alone,colorred,test,num1,typenegative,singlestim,59,268928,1000410,edc,paicipantresponsered,correct
6511,Subject332,463,paper,77,paper,colorblue,test,num1,typeneutral,singlestim,61,274609,1000430,edm,paicipantresponseblue,correct
6807,Subject332,503,engine,77,engine,colorblue,test,num1,typeneutral,singlestim,63,280328,1000450,edm,paicipantresponseblue,correct
7103,Subject332,738,museum,77,museum,colorblue,test,num1,typeneutral,singlestim,65,286282,1000470,edm,paicipantresponseblue,correct
7399,Subject332,627,rejected,77,rejected,colorblue,test,num2,typenegative,singlestim,67,292122,101010,edm,paicipantresponseblue,correct
7695,Subject332,539,stupid,77,stupid,colorblue,test,num2,typenegative,singlestim,69,297872,101030,edm,paicipantresponseblue,correct
7991,Subject332,716,dead,67,dead,colorred,test,num2,typesuicide,singlestim,71,303798,101050,edc,paicipantresponsered,correct
8287,Subject332,534,stupid,67,stupid,colorred,test,num2,typenegative,singlestim,73,309543,101070,edc,paicipantresponsered,correct
8583,Subject332,413,happy,77,happy,colorblue,test,num2,typepositive,singlestim,75,315167,101090,edm,paicipantresponseblue,correct
8879,Subject332,560,dead,77,dead,colorblue,test,num2,typesuicide,singlestim,77,320934,1010110,edm,paicipantresponseblue,correct
9175,Subject332,516,funeral,67,funeral,colorred,test,num2,typesuicide,singlestim,79,326662,1010130,edc,paicipantresponsered,correct
9471,Subject332,699,suicide,67,suicide,colorred,test,num2,typesuicide,singlestim,81,332578,1010150,edc,paicipantresponsered,correct
9767,Subject332,557,happy,67,happy,colorred,test,num2,typepositive,singlestim,83,338353,1010170,edc,paicipantresponsered,correct
10063,Subject332,475,suicide,77,suicide,colorblue,test,num2,typesuicide,singlestim,85,344042,1010190,edm,paicipantresponseblue,correct
10359,Subject332,434,engine,67,engine,colorred,test,num2,typeneutral,singlestim,87,349682,1010210,edc,paicipantresponsered,correct
10655,Subject332,546,engine,77,engine,colorblue,test,num2,typeneutral,singlestim,89,355443,1010230,edm,paicipantresponseblue,correct
10951,Subject332,993,alone,67,alone,colorred,test,num2,typenegative,singlestim,91,361652,1010250,edc,paicipantresponsered,correct
11247,Subject332,442,funeral,77,funeral,colorblue,test,num2,typesuicide,singlestim,93,367304,1010270,edm,paicipantresponseblue,correct
11543,Subject332,991,alone,77,alone,colorblue,test,num2,typenegative,singlestim,95,373511,1010290,edm,paicipantresponseblue,correct
11839,Subject332,595,paper,77,paper,colorblue,test,num2,typeneutral,singlestim,97,379321,1010310,edm,paicipantresponseblue,correct
12135,Subject332,778,success,67,success,colorred,test,num2,typepositive,singlestim,99,385313,1010330,edc,paicipantresponsered,correct
12431,Subject332,660,paper,67,paper,colorred,test,num2,typeneutral,singlestim,101,391186,1010350,edc,paicipantresponsered,correct
12727,Subject332,620,museum,67,museum,colorred,test,num2,typeneutral,singlestim,103,397020,1010370,edc,paicipantresponsered,correct
13023,Subject332,852,rejected,67,rejected,colorred,test,num2,typenegative,singlestim,105,403087,1010390,edc,paicipantresponsered,correct
13319,Subject332,480,museum,77,museum,colorblue,test,num2,typeneutral,singlestim,107,408783,1010410,edm,paicipantresponseblue,correct
13615,Subject332,675,success,77,success,colorblue,test,num2,typepositive,singlestim,109,414666,1010430,edm,paicipantresponseblue,correct
13911,Subject332,482,pleasure,67,pleasure,colorred,test,num2,typepositive,singlestim,111,420363,1010450,edc,paicipantresponsered,correct
14207,Subject332,808,pleasure,77,pleasure,colorblue,test,num2,typepositive,singlestim,113,426380,1010470,edm,paicipantresponseblue,correct