,SubjectID,rt,stimulus,keypress,word,color,block,blocknum,wordtype,trialtype,trialindex,timeelapsed,internalnodeid,keypressed,participantresponse,correctresponse
91,Subject99,461,funeral,77,funeral,colorblue,test,num1,typesuicide,singlestim,19,93596,100010,edm,paicipantresponseblue,correct
387,Subject99,411,funeral,67,funeral,colorred,test,num1,typesuicide,singlestim,21,99210,100030,edc,paicipantresponsered,correct
683,Subject99,472,alone,67,alone,colorred,test,num1,typenegative,singlestim,23,104887,100050,edc,paicipantresponsered,correct
979,Subject99,415,museum,77,museum,colorblue,test,num1,typeneutral,singlestim,25,110506,100070,edm,paicipantresponseblue,correct
1275,Subject99,436,paper,67,paper,colorred,test,num1,typeneutral,singlestim,27,116146,100090,edc,paicipantresponsered,correct
1571,Subject99,470,dead,77,dead,colorblue,test,num1,typesuicide,singlestim,29,121822,1000110,edm,paicipantresponseblue,correct
1867,Subject99,418,paper,77,paper,colorblue,test,num1,typeneutral,singlestim,31,127443,1000130,edm,paicipantresponseblue,correct
2163,Subject99,333,happy,67,happy,colorred,test,num1,typepositive,singlestim,33,132982,1000150,edc,paicipantresponsered,correct
2459,Subject99,490,museum,67,museum,colorred,test,num1,typeneutral,singlestim,35,138674,1000170,edc,paicipantresponsered,correct
2755,Subject99,367,pleasure,77,pleasure,colorblue,test,num1,typepositive,singlestim,37,144245,1000190,edm,paicipantresponseblue,correct
3051,Subject99,338,pleasure,67,pleasure,colorred,test,num1,typepositive,singlestim,39,149786,1000210,edc,paicipantresponsered,correct
3347,Subject99,394,stupid,77,stupid,colorblue,test,num1,typenegative,singlestim,41,155384,1000230,edm,paicipantresponseblue,correct
3643,Subject99,442,engine,77,engine,colorblue,test,num1,typeneutral,singlestim,43,161032,1000250,edm,paicipantresponseblue,correct
3939,Subject99,358,rejected,67,rejected,colorred,test,num1,typenegative,singlestim,45,166594,1000270,edc,paicipantresponsered,correct
4235,Subject99,487,dead,67,dead,colorred,test,num1,typesuicide,singlestim,47,172283,1000290,edc,paicipantresponsered,correct
4531,Subject99,453,happy,77,happy,colorblue,test,num1,typepositive,singlestim,49,177942,1000310,edm,paicipantresponseblue,correct
4827,Subject99,551,engine,67,engine,colorred,test,num1,typeneutral,singlestim,51,183697,1000330,edc,paicipantresponsered,correct
5123,Subject99,538,success,67,success,colorred,test,num1,typepositive,singlestim,53,189442,1000350,edc,paicipantresponsered,correct
5419,Subject99,394,stupid,67,stupid,colorred,test,num1,typenegative,singlestim,55,195039,1000370,edc,paicipantresponsered,correct
5715,Subject99,388,alone,77,alone,colorblue,test,num1,typenegative,singlestim,57,200632,1000390,edm,paicipantresponseblue,correct
6011,Subject99,427,suicide,77,suicide,colorblue,test,num1,typesuicide,singlestim,59,206264,1000410,edm,paicipantresponseblue,correct
6307,Subject99,489,success,77,success,colorblue,test,num1,typepositive,singlestim,61,211958,1000430,edm,paicipantresponseblue,correct
6603,Subject99,380,suicide,67,suicide,colorred,test,num1,typesuicide,singlestim,63,217541,1000450,edc,paicipantresponsered,correct
6899,Subject99,533,rejected,77,rejected,colorblue,test,num1,typenegative,singlestim,65,223278,1000470,edm,paicipantresponseblue,correct
7195,Subject99,430,pleasure,77,pleasure,colorblue,test,num2,typepositive,singlestim,67,228910,101010,edm,paicipantresponseblue,correct
7491,Subject99,630,museum,67,museum,colorred,test,num2,typeneutral,singlestim,69,234745,101030,edc,paicipantresponsered,correct
7787,Subject99,509,stupid,67,stupid,colorred,test,num2,typenegative,singlestim,71,240459,101050,edc,paicipantresponsered,correct
8083,Subject99,572,engine,77,engine,colorblue,test,num2,typeneutral,singlestim,73,246233,101070,edm,paicipantresponseblue,correct
8379,Subject99,445,dead,67,dead,colorred,test,num2,typesuicide,singlestim,75,251882,101090,edc,paicipantresponsered,correct
8675,Subject99,426,museum,77,museum,colorblue,test,num2,typeneutral,singlestim,77,257512,1010110,edm,paicipantresponseblue,correct
8971,Subject99,442,happy,67,happy,colorred,test,num2,typepositive,singlestim,79,263156,1010130,edc,paicipantresponsered,correct
9267,Subject99,519,paper,77,paper,colorblue,test,num2,typeneutral,singlestim,81,268882,1010150,edm,paicipantresponseblue,correct
9563,Subject99,488,paper,67,paper,colorred,test,num2,typeneutral,singlestim,83,274573,1010170,edc,paicipantresponsered,correct
9859,Subject99,441,engine,67,engine,colorred,test,num2,typeneutral,singlestim,85,280219,1010190,edc,paicipantresponsered,correct
10155,Subject99,516,dead,77,dead,colorblue,test,num2,typesuicide,singlestim,87,285940,1010210,edm,paicipantresponseblue,correct
10451,Subject99,566,happy,77,happy,colorblue,test,num2,typepositive,singlestim,89,291709,1010230,edm,paicipantresponseblue,correct
10747,Subject99,370,rejected,77,rejected,colorblue,test,num2,typenegative,singlestim,91,297282,1010250,edm,paicipantresponseblue,correct
11043,Subject99,316,pleasure,67,pleasure,colorred,test,num2,typepositive,singlestim,93,302803,1010270,edc,paicipantresponsered,correct
11339,Subject99,460,success,77,success,colorblue,test,num2,typepositive,singlestim,95,308467,1010290,edm,paicipantresponseblue,correct
11635,Subject99,612,stupid,77,stupid,colorblue,test,num2,typenegative,singlestim,97,314283,1010310,edm,paicipantresponseblue,correct
11931,Subject99,630,success,67,success,colorred,test,num2,typepositive,singlestim,99,320116,1010330,edc,paicipantresponsered,correct
12227,Subject99,335,alone,77,alone,colorblue,test,num2,typenegative,singlestim,101,325657,1010350,edm,paicipantresponseblue,correct
12523,Subject99,527,rejected,67,rejected,colorred,test,num2,typenegative,singlestim,103,331388,1010370,edc,paicipantresponsered,correct
12819,Subject99,560,funeral,67,funeral,colorred,test,num2,typesuicide,singlestim,105,337155,1010390,edc,paicipantresponsered,correct
13115,Subject99,359,funeral,77,funeral,colorblue,test,num2,typesuicide,singlestim,107,342717,1010410,edm,paicipantresponseblue,correct
13411,Subject99,347,suicide,67,suicide,colorred,test,num2,typesuicide,singlestim,109,348269,1010430,edc,paicipantresponsered,correct
13707,Subject99,491,suicide,77,suicide,colorblue,test,num2,typesuicide,singlestim,111,353962,1010450,edm,paicipantresponseblue,correct
14003,Subject99,450,alone,67,alone,colorred,test,num2,typenegative,singlestim,113,359617,1010470,edc,paicipantresponsered,correct