,SubjectID,rt,stimulus,keypress,word,color,block,blocknum,wordtype,trialtype,trialindex,timeelapsed,internalnodeid,keypressed,participantresponse,correctresponse
102,Subject110,808,engine,77,engine,colorblue,test,num1,typeneutral,singlestim,19,135936,100010,edm,paicipantresponseblue,correct
398,Subject110,616,suicide,77,suicide,colorblue,test,num1,typesuicide,singlestim,21,141795,100030,edm,paicipantresponseblue,correct
694,Subject110,519,dead,67,dead,colorred,test,num1,typesuicide,singlestim,23,147556,100050,edc,paicipantresponsered,correct
990,Subject110,500,success,67,success,colorred,test,num1,typepositive,singlestim,25,153308,100070,edc,paicipantresponsered,correct
1286,Subject110,444,paper,77,paper,colorblue,test,num1,typeneutral,singlestim,27,159017,100090,edm,paicipantresponseblue,correct
1582,Subject110,480,alone,67,alone,colorred,test,num1,typenegative,singlestim,29,164759,1000110,edc,paicipantresponsered,correct
1878,Subject110,665,happy,67,happy,colorred,test,num1,typepositive,singlestim,31,170665,1000130,edc,paicipantresponsered,correct
2174,Subject110,392,paper,67,paper,colorred,test,num1,typeneutral,singlestim,33,176300,1000150,edc,paicipantresponsered,correct
2470,Subject110,576,stupid,77,stupid,colorblue,test,num1,typenegative,singlestim,35,182141,1000170,edm,paicipantresponseblue,correct
2766,Subject110,896,alone,77,alone,colorblue,test,num1,typenegative,singlestim,37,188292,1000190,edm,paicipantresponseblue,correct
3062,Subject110,556,pleasure,77,pleasure,colorblue,test,num1,typepositive,singlestim,39,194096,1000210,edm,paicipantresponseblue,correct
3358,Subject110,555,pleasure,67,pleasure,colorred,test,num1,typepositive,singlestim,41,199908,1000230,edc,paicipantresponsered,correct
3654,Subject110,536,rejected,67,rejected,colorred,test,num1,typenegative,singlestim,43,205704,1000250,edc,paicipantresponsered,correct
3950,Subject110,457,stupid,67,stupid,colorred,test,num1,typenegative,singlestim,45,211408,1000270,edc,paicipantresponsered,correct
4246,Subject110,569,success,77,success,colorblue,test,num1,typepositive,singlestim,47,217224,1000290,edm,paicipantresponseblue,correct
4542,Subject110,563,museum,77,museum,colorblue,test,num1,typeneutral,singlestim,49,223063,1000310,edm,paicipantresponseblue,correct
4838,Subject110,495,funeral,67,funeral,colorred,test,num1,typesuicide,singlestim,51,228812,1000330,edc,paicipantresponsered,correct
5134,Subject110,485,suicide,67,suicide,colorred,test,num1,typesuicide,singlestim,53,234553,1000350,edc,paicipantresponsered,correct
5430,Subject110,677,happy,77,happy,colorblue,test,num1,typepositive,singlestim,55,240481,1000370,edm,paicipantresponseblue,correct
5726,Subject110,554,rejected,77,rejected,colorblue,test,num1,typenegative,singlestim,57,246297,1000390,edm,paicipantresponseblue,correct
6022,Subject110,482,museum,67,museum,colorred,test,num1,typeneutral,singlestim,59,252024,1000410,edc,paicipantresponsered,correct
6318,Subject110,533,funeral,77,funeral,colorblue,test,num1,typesuicide,singlestim,61,257828,1000430,edm,paicipantresponseblue,correct
6614,Subject110,594,dead,77,dead,colorblue,test,num1,typesuicide,singlestim,63,263656,1000450,edm,paicipantresponseblue,correct
6910,Subject110,484,engine,67,engine,colorred,test,num1,typeneutral,singlestim,65,269376,1000470,edc,paicipantresponsered,correct
7206,Subject110,435,pleasure,77,pleasure,colorblue,test,num2,typepositive,singlestim,67,275064,101010,edm,paicipantresponseblue,correct
7502,Subject110,489,stupid,77,stupid,colorblue,test,num2,typenegative,singlestim,69,280808,101030,edm,paicipantresponseblue,correct
7798,Subject110,404,rejected,67,rejected,colorred,test,num2,typenegative,singlestim,71,286476,101050,edc,paicipantresponsered,correct
8094,Subject110,548,funeral,67,funeral,colorred,test,num2,typesuicide,singlestim,73,292276,101070,edc,paicipantresponsered,correct
8390,Subject110,370,funeral,77,funeral,colorblue,test,num2,typesuicide,singlestim,75,297883,101090,edm,paicipantresponseblue,correct
8686,Subject110,593,engine,77,engine,colorblue,test,num2,typeneutral,singlestim,77,303717,1010110,edm,paicipantresponseblue,correct
8982,Subject110,756,paper,77,paper,colorblue,test,num2,typeneutral,singlestim,79,309741,1010130,edm,paicipantresponseblue,correct
9278,Subject110,485,pleasure,67,pleasure,colorred,test,num2,typepositive,singlestim,81,315473,1010150,edc,paicipantresponsered,correct
9574,Subject110,504,paper,67,paper,colorred,test,num2,typeneutral,singlestim,83,321228,1010170,edc,paicipantresponsered,correct
9870,Subject110,672,museum,67,museum,colorred,test,num2,typeneutral,singlestim,85,327117,1010190,edc,paicipantresponsered,correct
10166,Subject110,544,dead,67,dead,colorred,test,num2,typesuicide,singlestim,87,332912,1010210,edc,paicipantresponsered,correct
10462,Subject110,477,happy,77,happy,colorblue,test,num2,typepositive,singlestim,89,338628,1010230,edm,paicipantresponseblue,correct
10758,Subject110,543,museum,77,museum,colorblue,test,num2,typeneutral,singlestim,91,344432,1010250,edm,paicipantresponseblue,correct
11054,Subject110,949,happy,67,happy,colorred,test,num2,typepositive,singlestim,93,350620,1010270,edc,paicipantresponsered,correct
11350,Subject110,673,alone,77,alone,colorblue,test,num2,typenegative,singlestim,95,356539,1010290,edm,paicipantresponseblue,correct
11646,Subject110,561,alone,67,alone,colorred,test,num2,typenegative,singlestim,97,362348,1010310,edc,paicipantresponsered,correct
11942,Subject110,559,success,67,success,colorred,test,num2,typepositive,singlestim,99,368161,1010330,edc,paicipantresponsered,correct
12238,Subject110,587,success,77,success,colorblue,test,num2,typepositive,singlestim,101,373987,1010350,edm,paicipantresponseblue,correct
12534,Subject110,682,stupid,67,stupid,colorred,test,num2,typenegative,singlestim,103,379903,1010370,edc,paicipantresponsered,correct
12830,Subject110,657,rejected,77,rejected,colorblue,test,num2,typenegative,singlestim,105,385823,1010390,edm,paicipantresponseblue,correct
13126,Subject110,541,suicide,67,suicide,colorred,test,num2,typesuicide,singlestim,107,391613,1010410,edc,paicipantresponsered,correct
13422,Subject110,469,suicide,77,suicide,colorblue,test,num2,typesuicide,singlestim,109,397341,1010430,edm,paicipantresponseblue,correct
13718,Subject110,440,engine,67,engine,colorred,test,num2,typeneutral,singlestim,111,403032,1010450,edc,paicipantresponsered,correct
14014,Subject110,532,dead,77,dead,colorblue,test,num2,typesuicide,singlestim,113,408831,1010470,edm,paicipantresponseblue,correct