,SubjectID,rt,stimulus,keypress,word,color,block,blocknum,wordtype,trialtype,trialindex,timeelapsed,internalnodeid,keypressed,participantresponse,correctresponse
195,Subject227,671,pleasure,67,pleasure,colorred,test,num1,typepositive,singlestim,19,77311,100010,edc,paicipantresponsered,correct
491,Subject227,368,stupid,77,stupid,colorblue,test,num1,typenegative,singlestim,21,82895,100030,edm,paicipantresponseblue,correct
787,Subject227,423,museum,67,museum,colorred,test,num1,typeneutral,singlestim,23,88533,100050,edc,paicipantresponsered,correct
1083,Subject227,452,rejected,77,rejected,colorblue,test,num1,typenegative,singlestim,25,94198,100070,edm,paicipantresponseblue,correct
1379,Subject227,436,dead,67,dead,colorred,test,num1,typesuicide,singlestim,27,99846,100090,edc,paicipantresponsered,correct
1675,Subject227,420,rejected,67,rejected,colorred,test,num1,typenegative,singlestim,29,105479,1000110,edc,paicipantresponsered,correct
1971,Subject227,386,alone,67,alone,colorred,test,num1,typenegative,singlestim,31,111079,1000130,edc,paicipantresponsered,correct
2267,Subject227,532,engine,77,engine,colorblue,test,num1,typeneutral,singlestim,33,116826,1000150,edm,paicipantresponseblue,correct
2563,Subject227,401,suicide,67,suicide,colorred,test,num1,typesuicide,singlestim,35,122434,1000170,edc,paicipantresponsered,correct
2859,Subject227,346,pleasure,77,pleasure,colorblue,test,num1,typepositive,singlestim,37,127993,1000190,edm,paicipantresponseblue,correct
3155,Subject227,537,dead,77,dead,colorblue,test,num1,typesuicide,singlestim,39,133740,1000210,edm,paicipantresponseblue,correct
3451,Subject227,942,paper,77,paper,colorblue,test,num1,typeneutral,singlestim,41,139890,1000230,edm,paicipantresponseblue,correct
3747,Subject227,489,paper,67,paper,colorred,test,num1,typeneutral,singlestim,43,145589,1000250,edc,paicipantresponsered,correct
4043,Subject227,434,suicide,77,suicide,colorblue,test,num1,typesuicide,singlestim,45,151234,1000270,edm,paicipantresponseblue,correct
4339,Subject227,374,stupid,67,stupid,colorred,test,num1,typenegative,singlestim,47,156822,1000290,edc,paicipantresponsered,correct
4635,Subject227,552,funeral,67,funeral,colorred,test,num1,typesuicide,singlestim,49,162586,1000310,edc,paicipantresponsered,correct
4931,Subject227,686,museum,77,museum,colorblue,test,num1,typeneutral,singlestim,51,168481,1000330,edm,paicipantresponseblue,correct
5227,Subject227,542,success,77,success,colorblue,test,num1,typepositive,singlestim,53,174236,1000350,edm,paicipantresponseblue,correct
5523,Subject227,485,funeral,77,funeral,colorblue,test,num1,typesuicide,singlestim,55,179935,1000370,edm,paicipantresponseblue,correct
5819,Subject227,642,happy,67,happy,colorred,test,num1,typepositive,singlestim,57,185788,1000390,edc,paicipantresponsered,correct
6115,Subject227,959,alone,77,alone,colorblue,test,num1,typenegative,singlestim,59,191960,1000410,edm,paicipantresponseblue,correct
6411,Subject227,510,success,67,success,colorred,test,num1,typepositive,singlestim,61,197680,1000430,edc,paicipantresponsered,correct
6707,Subject227,420,happy,77,happy,colorblue,test,num1,typepositive,singlestim,63,203314,1000450,edm,paicipantresponseblue,correct
7003,Subject227,500,engine,67,engine,colorred,test,num1,typeneutral,singlestim,65,209025,1000470,edc,paicipantresponsered,correct
7299,Subject227,478,funeral,67,funeral,colorred,test,num2,typesuicide,singlestim,67,214715,101010,edc,paicipantresponsered,correct
7595,Subject227,458,engine,77,engine,colorblue,test,num2,typeneutral,singlestim,69,220381,101030,edm,paicipantresponseblue,correct
7891,Subject227,518,rejected,77,rejected,colorblue,test,num2,typenegative,singlestim,71,226112,101050,edm,paicipantresponseblue,correct
8187,Subject227,607,funeral,77,funeral,colorblue,test,num2,typesuicide,singlestim,73,231930,101070,edm,paicipantresponseblue,correct
8483,Subject227,513,pleasure,67,pleasure,colorred,test,num2,typepositive,singlestim,75,237657,101090,edc,paicipantresponsered,correct
8779,Subject227,387,paper,77,paper,colorblue,test,num2,typeneutral,singlestim,77,243254,1010110,edm,paicipantresponseblue,correct
9075,Subject227,500,museum,77,museum,colorblue,test,num2,typeneutral,singlestim,79,248962,1010130,edm,paicipantresponseblue,correct
9371,Subject227,825,rejected,67,rejected,colorred,test,num2,typenegative,singlestim,81,255001,1010150,edc,paicipantresponsered,correct
9667,Subject227,496,success,67,success,colorred,test,num2,typepositive,singlestim,83,260707,1010170,edc,paicipantresponsered,correct
9963,Subject227,480,dead,67,dead,colorred,test,num2,typesuicide,singlestim,85,266398,1010190,edc,paicipantresponsered,correct
10259,Subject227,354,stupid,67,stupid,colorred,test,num2,typenegative,singlestim,87,271964,1010210,edc,paicipantresponsered,correct
10555,Subject227,373,engine,67,engine,colorred,test,num2,typeneutral,singlestim,89,277551,1010230,edc,paicipantresponsered,correct
10851,Subject227,427,alone,67,alone,colorred,test,num2,typenegative,singlestim,91,283188,1010250,edc,paicipantresponsered,correct
11147,Subject227,402,pleasure,77,pleasure,colorblue,test,num2,typepositive,singlestim,93,288805,1010270,edm,paicipantresponseblue,correct
11443,Subject227,485,suicide,67,suicide,colorred,test,num2,typesuicide,singlestim,95,294501,1010290,edc,paicipantresponsered,correct
11739,Subject227,365,success,77,success,colorblue,test,num2,typepositive,singlestim,97,300079,1010310,edm,paicipantresponseblue,correct
12035,Subject227,615,paper,67,paper,colorred,test,num2,typeneutral,singlestim,99,305907,1010330,edc,paicipantresponsered,correct
12331,Subject227,459,happy,67,happy,colorred,test,num2,typepositive,singlestim,101,311579,1010350,edc,paicipantresponsered,correct
12627,Subject227,589,happy,77,happy,colorblue,test,num2,typepositive,singlestim,103,317380,1010370,edm,paicipantresponseblue,correct
12923,Subject227,1167,alone,77,alone,colorblue,test,num2,typenegative,singlestim,105,323762,1010390,edm,paicipantresponseblue,correct
13219,Subject227,709,dead,77,dead,colorblue,test,num2,typesuicide,singlestim,107,329685,1010410,edm,paicipantresponseblue,correct
13515,Subject227,435,suicide,77,suicide,colorblue,test,num2,typesuicide,singlestim,109,335336,1010430,edm,paicipantresponseblue,correct
13811,Subject227,564,stupid,77,stupid,colorblue,test,num2,typenegative,singlestim,111,341112,1010450,edm,paicipantresponseblue,correct
14107,Subject227,405,museum,67,museum,colorred,test,num2,typeneutral,singlestim,113,346728,1010470,edc,paicipantresponsered,correct