,SubjectID,rt,stimulus,keypress,word,color,block,blocknum,wordtype,trialtype,trialindex,timeelapsed,internalnodeid,keypressed,participantresponse,correctresponse
62,Subject67,298,alone,77,alone,colorblue,test,num1,typenegative,singlestim,19,59692,100010,edm,paicipantresponseblue,correct
358,Subject67,350,success,67,success,colorred,test,num1,typepositive,singlestim,21,65247,100030,edc,paicipantresponsered,correct
654,Subject67,331,funeral,77,funeral,colorblue,test,num1,typesuicide,singlestim,23,70786,100050,edm,paicipantresponseblue,correct
950,Subject67,368,funeral,77,funeral,colorred,test,num1,typesuicide,singlestim,25,76358,100070,edm,paicipantresponseblue,incorrect
1246,Subject67,338,stupid,77,stupid,colorblue,test,num1,typenegative,singlestim,27,81903,100090,edm,paicipantresponseblue,correct
1542,Subject67,305,pleasure,67,pleasure,colorred,test,num1,typepositive,singlestim,29,87413,1000110,edc,paicipantresponsered,correct
1838,Subject67,363,alone,67,alone,colorred,test,num1,typenegative,singlestim,31,92982,1000130,edc,paicipantresponsered,correct
2134,Subject67,366,happy,77,happy,colorred,test,num1,typepositive,singlestim,33,98553,1000150,edm,paicipantresponseblue,incorrect
2430,Subject67,414,dead,77,dead,colorblue,test,num1,typesuicide,singlestim,35,104173,1000170,edm,paicipantresponseblue,correct
2726,Subject67,388,pleasure,77,pleasure,colorblue,test,num1,typepositive,singlestim,37,109766,1000190,edm,paicipantresponseblue,correct
3022,Subject67,565,engine,67,engine,colorred,test,num1,typeneutral,singlestim,39,115536,1000210,edc,paicipantresponsered,correct
3318,Subject67,365,engine,77,engine,colorblue,test,num1,typeneutral,singlestim,41,121107,1000230,edm,paicipantresponseblue,correct
3614,Subject67,344,stupid,67,stupid,colorred,test,num1,typenegative,singlestim,43,126656,1000250,edc,paicipantresponsered,correct
3910,Subject67,340,rejected,77,rejected,colorblue,test,num1,typenegative,singlestim,45,132200,1000270,edm,paicipantresponseblue,correct
4206,Subject67,352,museum,77,museum,colorblue,test,num1,typeneutral,singlestim,47,137756,1000290,edm,paicipantresponseblue,correct
4502,Subject67,342,suicide,67,suicide,colorred,test,num1,typesuicide,singlestim,49,143305,1000310,edc,paicipantresponsered,correct
4798,Subject67,366,success,77,success,colorblue,test,num1,typepositive,singlestim,51,148875,1000330,edm,paicipantresponseblue,correct
5094,Subject67,411,paper,77,paper,colorblue,test,num1,typeneutral,singlestim,53,154491,1000350,edm,paicipantresponseblue,correct
5390,Subject67,342,dead,67,dead,colorred,test,num1,typesuicide,singlestim,55,160038,1000370,edc,paicipantresponsered,correct
5686,Subject67,379,paper,67,paper,colorred,test,num1,typeneutral,singlestim,57,165622,1000390,edc,paicipantresponsered,correct
5982,Subject67,344,museum,67,museum,colorred,test,num1,typeneutral,singlestim,59,171170,1000410,edc,paicipantresponsered,correct
6278,Subject67,373,rejected,67,rejected,colorred,test,num1,typenegative,singlestim,61,176751,1000430,edc,paicipantresponsered,correct
6574,Subject67,311,happy,77,happy,colorblue,test,num1,typepositive,singlestim,63,182266,1000450,edm,paicipantresponseblue,correct
6870,Subject67,327,suicide,77,suicide,colorblue,test,num1,typesuicide,singlestim,65,187797,1000470,edm,paicipantresponseblue,correct
7166,Subject67,439,suicide,77,suicide,colorblue,test,num2,typesuicide,singlestim,67,193440,101010,edm,paicipantresponseblue,correct
7462,Subject67,354,pleasure,67,pleasure,colorred,test,num2,typepositive,singlestim,69,198998,101030,edc,paicipantresponsered,correct
7758,Subject67,394,happy,67,happy,colorred,test,num2,typepositive,singlestim,71,204595,101050,edc,paicipantresponsered,correct
8054,Subject67,336,engine,67,engine,colorred,test,num2,typeneutral,singlestim,73,210136,101070,edc,paicipantresponsered,correct
8350,Subject67,434,paper,77,paper,colorblue,test,num2,typeneutral,singlestim,75,215776,101090,edm,paicipantresponseblue,correct
8646,Subject67,346,funeral,77,funeral,colorblue,test,num2,typesuicide,singlestim,77,221327,1010110,edm,paicipantresponseblue,correct
8942,Subject67,364,success,77,success,colorblue,test,num2,typepositive,singlestim,79,226895,1010130,edm,paicipantresponseblue,correct
9238,Subject67,362,engine,77,engine,colorblue,test,num2,typeneutral,singlestim,81,232463,1010150,edm,paicipantresponseblue,correct
9534,Subject67,388,suicide,67,suicide,colorred,test,num2,typesuicide,singlestim,83,238057,1010170,edc,paicipantresponsered,correct
9830,Subject67,341,dead,77,dead,colorblue,test,num2,typesuicide,singlestim,85,243604,1010190,edm,paicipantresponseblue,correct
10126,Subject67,306,museum,77,museum,colorblue,test,num2,typeneutral,singlestim,87,249115,1010210,edm,paicipantresponseblue,correct
10422,Subject67,501,stupid,67,stupid,colorred,test,num2,typenegative,singlestim,89,254822,1010230,edc,paicipantresponsered,correct
10718,Subject67,334,dead,67,dead,colorred,test,num2,typesuicide,singlestim,91,260360,1010250,edc,paicipantresponsered,correct
11014,Subject67,325,alone,67,alone,colorred,test,num2,typenegative,singlestim,93,265890,1010270,edc,paicipantresponsered,correct
11310,Subject67,358,paper,67,paper,colorred,test,num2,typeneutral,singlestim,95,271454,1010290,edc,paicipantresponsered,correct
11606,Subject67,361,stupid,77,stupid,colorblue,test,num2,typenegative,singlestim,97,277020,1010310,edm,paicipantresponseblue,correct
11902,Subject67,405,rejected,67,rejected,colorred,test,num2,typenegative,singlestim,99,282630,1010330,edc,paicipantresponsered,correct
12198,Subject67,360,pleasure,77,pleasure,colorblue,test,num2,typepositive,singlestim,101,288193,1010350,edm,paicipantresponseblue,correct
12494,Subject67,483,alone,77,alone,colorblue,test,num2,typenegative,singlestim,103,293881,1010370,edm,paicipantresponseblue,correct
12790,Subject67,398,museum,67,museum,colorred,test,num2,typeneutral,singlestim,105,299486,1010390,edc,paicipantresponsered,correct
13086,Subject67,371,funeral,67,funeral,colorred,test,num2,typesuicide,singlestim,107,305063,1010410,edc,paicipantresponsered,correct
13382,Subject67,426,rejected,77,rejected,colorblue,test,num2,typenegative,singlestim,109,310693,1010430,edm,paicipantresponseblue,correct
13678,Subject67,399,success,67,success,colorred,test,num2,typepositive,singlestim,111,316299,1010450,edc,paicipantresponsered,correct
13974,Subject67,349,happy,77,happy,colorblue,test,num2,typepositive,singlestim,113,321853,1010470,edm,paicipantresponseblue,correct