,SubjectID,rt,stimulus,keypress,word,color,block,blocknum,wordtype,trialtype,trialindex,timeelapsed,internalnodeid,keypressed,participantresponse,correctresponse
152,Subject183,519,museum,77,museum,colorblue,test,num1,typeneutral,singlestim,19,150941,100010,edm,paicipantresponseblue,correct
448,Subject183,492,alone,77,alone,colorblue,test,num1,typenegative,singlestim,21,156648,100030,edm,paicipantresponseblue,correct
744,Subject183,743,happy,67,happy,colorred,test,num1,typepositive,singlestim,23,162602,100050,edc,paicipantresponsered,correct
1040,Subject183,395,engine,77,engine,colorblue,test,num1,typeneutral,singlestim,25,168208,100070,edm,paicipantresponseblue,correct
1336,Subject183,508,pleasure,77,pleasure,colorblue,test,num1,typepositive,singlestim,27,173925,100090,edm,paicipantresponseblue,correct
1632,Subject183,513,rejected,67,rejected,colorred,test,num1,typenegative,singlestim,29,179649,1000110,edc,paicipantresponsered,correct
1928,Subject183,555,funeral,67,funeral,colorred,test,num1,typesuicide,singlestim,31,185412,1000130,edc,paicipantresponsered,correct
2224,Subject183,457,success,77,success,colorblue,test,num1,typepositive,singlestim,33,191083,1000150,edm,paicipantresponseblue,correct
2520,Subject183,419,alone,67,alone,colorred,test,num1,typenegative,singlestim,35,196711,1000170,edc,paicipantresponsered,correct
2816,Subject183,523,museum,67,museum,colorred,test,num1,typeneutral,singlestim,37,202444,1000190,edc,paicipantresponsered,correct
3112,Subject183,497,stupid,77,stupid,colorblue,test,num1,typenegative,singlestim,39,208150,1000210,edm,paicipantresponseblue,correct
3408,Subject183,504,suicide,67,suicide,colorred,test,num1,typesuicide,singlestim,41,213866,1000230,edc,paicipantresponsered,correct
3704,Subject183,753,dead,67,dead,colorred,test,num1,typesuicide,singlestim,43,219825,1000250,edc,paicipantresponsered,correct
4000,Subject183,545,funeral,77,funeral,colorblue,test,num1,typesuicide,singlestim,45,225578,1000270,edm,paicipantresponseblue,correct
4296,Subject183,685,success,67,success,colorred,test,num1,typepositive,singlestim,47,231475,1000290,edc,paicipantresponsered,correct
4592,Subject183,510,pleasure,67,pleasure,colorred,test,num1,typepositive,singlestim,49,237193,1000310,edc,paicipantresponsered,correct
4888,Subject183,403,dead,77,dead,colorblue,test,num1,typesuicide,singlestim,51,242808,1000330,edm,paicipantresponseblue,correct
5184,Subject183,610,rejected,77,rejected,colorblue,test,num1,typenegative,singlestim,53,248626,1000350,edm,paicipantresponseblue,correct
5480,Subject183,759,paper,67,paper,colorred,test,num1,typeneutral,singlestim,55,254596,1000370,edc,paicipantresponsered,correct
5776,Subject183,567,happy,77,happy,colorblue,test,num1,typepositive,singlestim,57,260374,1000390,edm,paicipantresponseblue,correct
6072,Subject183,533,stupid,67,stupid,colorred,test,num1,typenegative,singlestim,59,266118,1000410,edc,paicipantresponsered,correct
6368,Subject183,529,engine,67,engine,colorred,test,num1,typeneutral,singlestim,61,271858,1000430,edc,paicipantresponsered,correct
6664,Subject183,536,suicide,77,suicide,colorblue,test,num1,typesuicide,singlestim,63,277610,1000450,edm,paicipantresponseblue,correct
6960,Subject183,927,paper,77,paper,colorblue,test,num1,typeneutral,singlestim,65,283755,1000470,edm,paicipantresponseblue,correct
7256,Subject183,630,suicide,67,suicide,colorred,test,num2,typesuicide,singlestim,67,289602,101010,edc,paicipantresponsered,correct
7552,Subject183,1498,museum,77,museum,colorblue,test,num2,typeneutral,singlestim,69,296311,101030,edm,paicipantresponseblue,correct
7848,Subject183,612,funeral,77,funeral,colorblue,test,num2,typesuicide,singlestim,71,302133,101050,edm,paicipantresponseblue,correct
8144,Subject183,554,happy,67,happy,colorred,test,num2,typepositive,singlestim,73,307905,101070,edc,paicipantresponsered,correct
8440,Subject183,673,dead,77,dead,colorblue,test,num2,typesuicide,singlestim,75,313788,101090,edm,paicipantresponseblue,correct
8736,Subject183,569,pleasure,77,pleasure,colorblue,test,num2,typepositive,singlestim,77,319565,1010110,edm,paicipantresponseblue,correct
9032,Subject183,559,museum,67,museum,colorred,test,num2,typeneutral,singlestim,79,325333,1010130,edc,paicipantresponsered,correct
9328,Subject183,484,alone,67,alone,colorred,test,num2,typenegative,singlestim,81,331031,1010150,edc,paicipantresponsered,correct
9624,Subject183,442,engine,67,engine,colorred,test,num2,typeneutral,singlestim,83,336684,1010170,edc,paicipantresponsered,correct
9920,Subject183,477,rejected,77,rejected,colorblue,test,num2,typenegative,singlestim,85,342371,1010190,edm,paicipantresponseblue,correct
10216,Subject183,528,suicide,77,suicide,colorblue,test,num2,typesuicide,singlestim,87,348108,1010210,edm,paicipantresponseblue,correct
10512,Subject183,557,engine,77,engine,colorblue,test,num2,typeneutral,singlestim,89,353874,1010230,edm,paicipantresponseblue,correct
10808,Subject183,705,pleasure,67,pleasure,colorred,test,num2,typepositive,singlestim,91,359791,1010250,edc,paicipantresponsered,correct
11104,Subject183,591,paper,77,paper,colorblue,test,num2,typeneutral,singlestim,93,365595,1010270,edm,paicipantresponseblue,correct
11400,Subject183,568,stupid,67,stupid,colorred,test,num2,typenegative,singlestim,95,371372,1010290,edc,paicipantresponsered,correct
11696,Subject183,755,stupid,77,stupid,colorblue,test,num2,typenegative,singlestim,97,377344,1010310,edm,paicipantresponseblue,correct
11992,Subject183,715,success,77,success,colorblue,test,num2,typepositive,singlestim,99,383269,1010330,edm,paicipantresponseblue,correct
12288,Subject183,518,paper,67,paper,colorred,test,num2,typeneutral,singlestim,101,388997,1010350,edc,paicipantresponsered,correct
12584,Subject183,551,happy,77,happy,colorblue,test,num2,typepositive,singlestim,103,394757,1010370,edm,paicipantresponseblue,correct
12880,Subject183,524,success,67,success,colorred,test,num2,typepositive,singlestim,105,400492,1010390,edc,paicipantresponsered,correct
13176,Subject183,612,funeral,67,funeral,colorred,test,num2,typesuicide,singlestim,107,406312,1010410,edc,paicipantresponsered,correct
13472,Subject183,468,dead,67,dead,colorred,test,num2,typesuicide,singlestim,109,411989,1010430,edc,paicipantresponsered,correct
13768,Subject183,600,alone,77,alone,colorblue,test,num2,typenegative,singlestim,111,417800,1010450,edm,paicipantresponseblue,correct
14064,Subject183,540,rejected,67,rejected,colorred,test,num2,typenegative,singlestim,113,423552,1010470,edc,paicipantresponsered,correct