,SubjectID,rt,stimulus,keypress,word,color,block,blocknum,wordtype,trialtype,trialindex,timeelapsed,internalnodeid,keypressed,participantresponse,correctresponse
233,Subject266,579,pleasure,77,pleasure,colorblue,test,num1,typepositive,singlestim,19,57961,100010,edm,paicipantresponseblue,correct
529,Subject266,355,suicide,67,suicide,colorred,test,num1,typesuicide,singlestim,21,63521,100030,edc,paicipantresponsered,correct
825,Subject266,277,dead,67,dead,colorred,test,num1,typesuicide,singlestim,23,69002,100050,edc,paicipantresponsered,correct
1121,Subject266,332,museum,67,museum,colorred,test,num1,typeneutral,singlestim,25,74537,100070,edc,paicipantresponsered,correct
1417,Subject266,309,happy,77,happy,colorblue,test,num1,typepositive,singlestim,27,80049,100090,edm,paicipantresponseblue,correct
1713,Subject266,339,stupid,77,stupid,colorblue,test,num1,typenegative,singlestim,29,85593,1000110,edm,paicipantresponseblue,correct
2009,Subject266,333,museum,77,museum,colorblue,test,num1,typeneutral,singlestim,31,91129,1000130,edm,paicipantresponseblue,correct
2305,Subject266,267,paper,67,paper,colorred,test,num1,typeneutral,singlestim,33,96603,1000150,edc,paicipantresponsered,correct
2601,Subject266,373,alone,77,alone,colorblue,test,num1,typenegative,singlestim,35,102181,1000170,edm,paicipantresponseblue,correct
2897,Subject266,355,engine,77,engine,colorblue,test,num1,typeneutral,singlestim,37,107740,1000190,edm,paicipantresponseblue,correct
3193,Subject266,358,funeral,77,funeral,colorblue,test,num1,typesuicide,singlestim,39,113301,1000210,edm,paicipantresponseblue,correct
3489,Subject266,266,happy,67,happy,colorred,test,num1,typepositive,singlestim,41,118771,1000230,edc,paicipantresponsered,correct
3785,Subject266,374,stupid,67,stupid,colorred,test,num1,typenegative,singlestim,43,124348,1000250,edc,paicipantresponsered,correct
4081,Subject266,355,funeral,67,funeral,colorred,test,num1,typesuicide,singlestim,45,129907,1000270,edc,paicipantresponsered,correct
4377,Subject266,318,alone,67,alone,colorred,test,num1,typenegative,singlestim,47,135428,1000290,edc,paicipantresponsered,correct
4673,Subject266,316,engine,67,engine,colorred,test,num1,typeneutral,singlestim,49,140947,1000310,edc,paicipantresponsered,correct
4969,Subject266,366,pleasure,67,pleasure,colorred,test,num1,typepositive,singlestim,51,146516,1000330,edc,paicipantresponsered,correct
5265,Subject266,307,success,67,success,colorred,test,num1,typepositive,singlestim,53,152027,1000350,edc,paicipantresponsered,correct
5561,Subject266,477,rejected,67,rejected,colorred,test,num1,typenegative,singlestim,55,157711,1000370,edc,paicipantresponsered,correct
5857,Subject266,331,rejected,77,rejected,colorblue,test,num1,typenegative,singlestim,57,163246,1000390,edm,paicipantresponseblue,correct
6153,Subject266,508,dead,77,dead,colorblue,test,num1,typesuicide,singlestim,59,168959,1000410,edm,paicipantresponseblue,correct
6449,Subject266,340,suicide,77,suicide,colorblue,test,num1,typesuicide,singlestim,61,174503,1000430,edm,paicipantresponseblue,correct
6745,Subject266,349,success,77,success,colorblue,test,num1,typepositive,singlestim,63,180055,1000450,edm,paicipantresponseblue,correct
7041,Subject266,380,paper,77,paper,colorblue,test,num1,typeneutral,singlestim,65,185638,1000470,edm,paicipantresponseblue,correct
7337,Subject266,302,engine,67,engine,colorred,test,num2,typeneutral,singlestim,67,191143,101010,edc,paicipantresponsered,correct
7633,Subject266,338,paper,77,paper,colorblue,test,num2,typeneutral,singlestim,69,196686,101030,edm,paicipantresponseblue,correct
7929,Subject266,348,funeral,67,funeral,colorred,test,num2,typesuicide,singlestim,71,202238,101050,edc,paicipantresponsered,correct
8225,Subject266,387,paper,67,paper,colorred,test,num2,typeneutral,singlestim,73,207829,101070,edc,paicipantresponsered,correct
8521,Subject266,333,suicide,77,suicide,colorblue,test,num2,typesuicide,singlestim,75,213367,101090,edm,paicipantresponseblue,correct
8817,Subject266,323,success,77,success,colorblue,test,num2,typepositive,singlestim,77,218894,1010110,edm,paicipantresponseblue,correct
9113,Subject266,309,museum,67,museum,colorred,test,num2,typeneutral,singlestim,79,224406,1010130,edc,paicipantresponsered,correct
9409,Subject266,300,happy,67,happy,colorred,test,num2,typepositive,singlestim,81,229909,1010150,edc,paicipantresponsered,correct
9705,Subject266,341,engine,77,engine,colorblue,test,num2,typeneutral,singlestim,83,235455,1010170,edm,paicipantresponseblue,correct
10001,Subject266,347,pleasure,77,pleasure,colorblue,test,num2,typepositive,singlestim,85,241005,1010190,edm,paicipantresponseblue,correct
10297,Subject266,397,museum,77,museum,colorblue,test,num2,typeneutral,singlestim,87,246606,1010210,edm,paicipantresponseblue,correct
10593,Subject266,323,dead,77,dead,colorblue,test,num2,typesuicide,singlestim,89,252133,1010230,edm,paicipantresponseblue,correct
10889,Subject266,326,happy,77,happy,colorblue,test,num2,typepositive,singlestim,91,257661,1010250,edm,paicipantresponseblue,correct
11185,Subject266,315,pleasure,67,pleasure,colorred,test,num2,typepositive,singlestim,93,263181,1010270,edc,paicipantresponsered,correct
11481,Subject266,438,suicide,67,suicide,colorred,test,num2,typesuicide,singlestim,95,268822,1010290,edc,paicipantresponsered,correct
11777,Subject266,474,rejected,67,rejected,colorred,test,num2,typenegative,singlestim,97,274501,1010310,edc,paicipantresponsered,correct
12073,Subject266,453,success,67,success,colorred,test,num2,typepositive,singlestim,99,280155,1010330,edc,paicipantresponsered,correct
12369,Subject266,332,funeral,77,funeral,colorblue,test,num2,typesuicide,singlestim,101,285690,1010350,edm,paicipantresponseblue,correct
12665,Subject266,478,dead,67,dead,colorred,test,num2,typesuicide,singlestim,103,291370,1010370,edc,paicipantresponsered,correct
12961,Subject266,355,alone,77,alone,colorblue,test,num2,typenegative,singlestim,105,296930,1010390,edm,paicipantresponseblue,correct
13257,Subject266,365,stupid,77,stupid,colorblue,test,num2,typenegative,singlestim,107,302499,1010410,edm,paicipantresponseblue,correct
13553,Subject266,331,stupid,67,stupid,colorred,test,num2,typenegative,singlestim,109,308034,1010430,edc,paicipantresponsered,correct
13849,Subject266,333,alone,67,alone,colorred,test,num2,typenegative,singlestim,111,313571,1010450,edc,paicipantresponsered,correct
14145,Subject266,371,rejected,77,rejected,colorblue,test,num2,typenegative,singlestim,113,319145,1010470,edm,paicipantresponseblue,correct