,SubjectID,rt,stimulus,keypress,word,color,block,blocknum,wordtype,trialtype,trialindex,timeelapsed,internalnodeid,keypressed,participantresponse,correctresponse
50,Subject53,579,dead,67,dead,colorred,test,num1,typesuicide,singlestim,19,65173,100010,edc,paicipantresponsered,correct
346,Subject53,595,museum,67,museum,colorred,test,num1,typeneutral,singlestim,21,70961,100030,edc,paicipantresponsered,correct
642,Subject53,462,pleasure,77,pleasure,colorblue,test,num1,typepositive,singlestim,23,76771,100050,edm,paicipantresponseblue,correct
938,Subject53,959,suicide,77,suicide,colorblue,test,num1,typesuicide,singlestim,25,82440,100070,edm,paicipantresponseblue,correct
1234,Subject53,509,suicide,67,suicide,colorred,test,num1,typesuicide,singlestim,27,88609,100090,edc,paicipantresponsered,correct
1530,Subject53,537,engine,67,engine,colorred,test,num1,typeneutral,singlestim,29,94329,1000110,edc,paicipantresponsered,correct
1826,Subject53,571,funeral,77,funeral,colorblue,test,num1,typesuicide,singlestim,31,100078,1000130,edm,paicipantresponseblue,correct
2122,Subject53,513,alone,77,alone,colorblue,test,num1,typenegative,singlestim,33,105859,1000150,edm,paicipantresponseblue,correct
2418,Subject53,616,funeral,67,funeral,colorred,test,num1,typesuicide,singlestim,35,111582,1000170,edc,paicipantresponsered,correct
2714,Subject53,682,alone,67,alone,colorred,test,num1,typenegative,singlestim,37,117408,1000190,edc,paicipantresponsered,correct
3010,Subject53,622,happy,77,happy,colorblue,test,num1,typepositive,singlestim,39,123302,1000210,edm,paicipantresponseblue,correct
3306,Subject53,461,pleasure,67,pleasure,colorred,test,num1,typepositive,singlestim,41,129139,1000230,edc,paicipantresponsered,correct
3602,Subject53,469,engine,77,engine,colorblue,test,num1,typeneutral,singlestim,43,134811,1000250,edm,paicipantresponseblue,correct
3898,Subject53,563,success,77,success,colorblue,test,num1,typepositive,singlestim,45,140490,1000270,edm,paicipantresponseblue,correct
4194,Subject53,534,happy,67,happy,colorred,test,num1,typepositive,singlestim,47,146266,1000290,edc,paicipantresponsered,correct
4490,Subject53,663,museum,77,museum,colorblue,test,num1,typeneutral,singlestim,49,152012,1000310,edm,paicipantresponseblue,correct
4786,Subject53,563,stupid,67,stupid,colorred,test,num1,typenegative,singlestim,51,157886,1000330,edc,paicipantresponsered,correct
5082,Subject53,768,paper,67,paper,colorred,test,num1,typeneutral,singlestim,53,163661,1000350,edc,paicipantresponsered,correct
5378,Subject53,644,paper,77,paper,colorblue,test,num1,typeneutral,singlestim,55,169641,1000370,edm,paicipantresponseblue,correct
5674,Subject53,982,rejected,67,rejected,colorred,test,num1,typenegative,singlestim,57,175496,1000390,edc,paicipantresponsered,correct
5970,Subject53,501,dead,77,dead,colorblue,test,num1,typesuicide,singlestim,59,181694,1000410,edm,paicipantresponseblue,correct
6266,Subject53,551,rejected,77,rejected,colorblue,test,num1,typenegative,singlestim,61,187409,1000430,edm,paicipantresponseblue,correct
6562,Subject53,598,success,67,success,colorred,test,num1,typepositive,singlestim,63,193169,1000450,edc,paicipantresponsered,correct
6858,Subject53,504,stupid,77,stupid,colorblue,test,num1,typenegative,singlestim,65,198980,1000470,edm,paicipantresponseblue,correct
7154,Subject53,578,funeral,77,funeral,colorblue,test,num2,typesuicide,singlestim,67,204696,101010,edm,paicipantresponseblue,correct
7450,Subject53,516,alone,67,alone,colorred,test,num2,typenegative,singlestim,69,210487,101030,edc,paicipantresponsered,correct
7746,Subject53,565,success,77,success,colorblue,test,num2,typepositive,singlestim,71,216212,101050,edm,paicipantresponseblue,correct
8042,Subject53,546,paper,77,paper,colorblue,test,num2,typeneutral,singlestim,73,221990,101070,edm,paicipantresponseblue,correct
8338,Subject53,458,suicide,67,suicide,colorred,test,num2,typesuicide,singlestim,75,227746,101090,edc,paicipantresponsered,correct
8634,Subject53,573,success,67,success,colorred,test,num2,typepositive,singlestim,77,233415,1010110,edc,paicipantresponsered,correct
8930,Subject53,560,funeral,67,funeral,colorred,test,num2,typesuicide,singlestim,79,239201,1010130,edc,paicipantresponsered,correct
9226,Subject53,738,dead,67,dead,colorred,test,num2,typesuicide,singlestim,81,244974,1010150,edc,paicipantresponsered,correct
9522,Subject53,775,pleasure,67,pleasure,colorred,test,num2,typepositive,singlestim,83,250922,1010170,edc,paicipantresponsered,correct
9818,Subject53,833,happy,67,happy,colorred,test,num2,typepositive,singlestim,85,256909,1010190,edc,paicipantresponsered,correct
10114,Subject53,548,stupid,77,stupid,colorblue,test,num2,typenegative,singlestim,87,262950,1010210,edm,paicipantresponseblue,correct
10410,Subject53,511,paper,67,paper,colorred,test,num2,typeneutral,singlestim,89,268706,1010230,edc,paicipantresponsered,correct
10706,Subject53,757,museum,67,museum,colorred,test,num2,typeneutral,singlestim,91,274428,1010250,edc,paicipantresponsered,correct
11002,Subject53,797,museum,77,museum,colorblue,test,num2,typeneutral,singlestim,93,280397,1010270,edm,paicipantresponseblue,correct
11298,Subject53,1150,rejected,77,rejected,colorblue,test,num2,typenegative,singlestim,95,286403,1010290,edm,paicipantresponseblue,correct
11594,Subject53,626,engine,77,engine,colorblue,test,num2,typeneutral,singlestim,97,292793,1010310,edm,paicipantresponseblue,correct
11890,Subject53,578,rejected,67,rejected,colorred,test,num2,typenegative,singlestim,99,298631,1010330,edc,paicipantresponsered,correct
12186,Subject53,668,stupid,67,stupid,colorred,test,num2,typenegative,singlestim,101,304422,1010350,edc,paicipantresponsered,correct
12482,Subject53,1,alone,77,alone,colorblue,test,num2,typenegative,singlestim,103,310299,1010370,edm,paicipantresponseblue,correct
12778,Subject53,607,pleasure,1,pleasure,colorblue,test,num2,typepositive,singlestim,105,317512,1010390,ed,,incorrect
13074,Subject53,448,dead,77,dead,colorblue,test,num2,typesuicide,singlestim,107,323332,1010410,edm,paicipantresponseblue,correct
13370,Subject53,644,engine,67,engine,colorred,test,num2,typeneutral,singlestim,109,328994,1010430,edc,paicipantresponsered,correct
13666,Subject53,608,happy,77,happy,colorblue,test,num2,typepositive,singlestim,111,334844,1010450,edm,paicipantresponseblue,correct
13962,Subject53,1003,suicide,77,suicide,colorblue,test,num2,typesuicide,singlestim,113,340665,1010470,edm,paicipantresponseblue,correct