,SubjectID,rt,stimulus,keypress,word,color,block,blocknum,wordtype,trialtype,trialindex,timeelapsed,internalnodeid,keypressed,participantresponse,correctresponse
208,Subject240,568,suicide,77,suicide,colorblue,test,num1,typesuicide,singlestim,19,113448,100010,edm,paicipantresponseblue,correct
504,Subject240,396,success,67,success,colorred,test,num1,typepositive,singlestim,21,119050,100030,edc,paicipantresponsered,correct
800,Subject240,393,museum,67,museum,colorred,test,num1,typeneutral,singlestim,23,124651,100050,edc,paicipantresponsered,correct
1096,Subject240,434,engine,67,engine,colorred,test,num1,typeneutral,singlestim,25,130290,100070,edc,paicipantresponsered,correct
1392,Subject240,418,rejected,77,rejected,colorblue,test,num1,typenegative,singlestim,27,135912,100090,edm,paicipantresponseblue,correct
1688,Subject240,472,paper,67,paper,colorred,test,num1,typeneutral,singlestim,29,141589,1000110,edc,paicipantresponsered,correct
1984,Subject240,622,funeral,67,funeral,colorred,test,num1,typesuicide,singlestim,31,147417,1000130,edc,paicipantresponsered,correct
2280,Subject240,502,funeral,77,funeral,colorblue,test,num1,typesuicide,singlestim,33,153126,1000150,edm,paicipantresponseblue,correct
2576,Subject240,467,stupid,77,stupid,colorblue,test,num1,typenegative,singlestim,35,158798,1000170,edm,paicipantresponseblue,correct
2872,Subject240,441,alone,67,alone,colorred,test,num1,typenegative,singlestim,37,164445,1000190,edc,paicipantresponsered,correct
3168,Subject240,415,dead,67,dead,colorred,test,num1,typesuicide,singlestim,39,170064,1000210,edc,paicipantresponsered,correct
3464,Subject240,333,pleasure,67,pleasure,colorred,test,num1,typepositive,singlestim,41,175603,1000230,edc,paicipantresponsered,correct
3760,Subject240,477,happy,77,happy,colorblue,test,num1,typepositive,singlestim,43,181282,1000250,edm,paicipantresponseblue,correct
4056,Subject240,390,alone,77,alone,colorblue,test,num1,typenegative,singlestim,45,186877,1000270,edm,paicipantresponseblue,correct
4352,Subject240,372,museum,77,museum,colorblue,test,num1,typeneutral,singlestim,47,192452,1000290,edm,paicipantresponseblue,correct
4648,Subject240,415,engine,77,engine,colorblue,test,num1,typeneutral,singlestim,49,198071,1000310,edm,paicipantresponseblue,correct
4944,Subject240,479,suicide,67,suicide,colorred,test,num1,typesuicide,singlestim,51,203759,1000330,edc,paicipantresponsered,correct
5240,Subject240,522,pleasure,77,pleasure,colorblue,test,num1,typepositive,singlestim,53,209486,1000350,edm,paicipantresponseblue,correct
5536,Subject240,524,dead,77,dead,colorblue,test,num1,typesuicide,singlestim,55,215218,1000370,edm,paicipantresponseblue,correct
5832,Subject240,477,rejected,67,rejected,colorred,test,num1,typenegative,singlestim,57,220902,1000390,edc,paicipantresponsered,correct
6128,Subject240,484,success,77,success,colorblue,test,num1,typepositive,singlestim,59,226591,1000410,edm,paicipantresponseblue,correct
6424,Subject240,590,paper,77,paper,colorblue,test,num1,typeneutral,singlestim,61,232387,1000430,edm,paicipantresponseblue,correct
6720,Subject240,461,happy,67,happy,colorred,test,num1,typepositive,singlestim,63,238053,1000450,edc,paicipantresponsered,correct
7016,Subject240,458,stupid,67,stupid,colorred,test,num1,typenegative,singlestim,65,243718,1000470,edc,paicipantresponsered,correct
7312,Subject240,638,happy,67,happy,colorred,test,num2,typepositive,singlestim,67,249562,101010,edc,paicipantresponsered,correct
7608,Subject240,801,suicide,77,suicide,colorblue,test,num2,typesuicide,singlestim,69,255567,101030,edm,paicipantresponseblue,correct
7904,Subject240,639,paper,77,paper,colorblue,test,num2,typeneutral,singlestim,71,261409,101050,edm,paicipantresponseblue,correct
8200,Subject240,446,funeral,67,funeral,colorred,test,num2,typesuicide,singlestim,73,267059,101070,edc,paicipantresponsered,correct
8496,Subject240,710,stupid,67,stupid,colorred,test,num2,typenegative,singlestim,75,272978,101090,edc,paicipantresponsered,correct
8792,Subject240,910,paper,67,paper,colorred,test,num2,typeneutral,singlestim,77,279096,1010110,edc,paicipantresponsered,correct
9088,Subject240,405,museum,67,museum,colorred,test,num2,typeneutral,singlestim,79,284706,1010130,edc,paicipantresponsered,correct
9384,Subject240,365,pleasure,77,pleasure,colorblue,test,num2,typepositive,singlestim,81,290275,1010150,edm,paicipantresponseblue,correct
9680,Subject240,531,happy,77,happy,colorblue,test,num2,typepositive,singlestim,83,296013,1010170,edm,paicipantresponseblue,correct
9976,Subject240,390,museum,77,museum,colorblue,test,num2,typeneutral,singlestim,85,301609,1010190,edm,paicipantresponseblue,correct
10272,Subject240,465,success,77,success,colorblue,test,num2,typepositive,singlestim,87,307280,1010210,edm,paicipantresponseblue,correct
10568,Subject240,476,dead,67,dead,colorred,test,num2,typesuicide,singlestim,89,312961,1010230,edc,paicipantresponsered,correct
10864,Subject240,465,alone,77,alone,colorblue,test,num2,typenegative,singlestim,91,318632,1010250,edm,paicipantresponseblue,correct
11160,Subject240,636,engine,67,engine,colorred,test,num2,typeneutral,singlestim,93,324472,1010270,edc,paicipantresponsered,correct
11456,Subject240,407,alone,67,alone,colorred,test,num2,typenegative,singlestim,95,330085,1010290,edc,paicipantresponsered,correct
11752,Subject240,489,funeral,77,funeral,colorblue,test,num2,typesuicide,singlestim,97,335779,1010310,edm,paicipantresponseblue,correct
12048,Subject240,442,engine,77,engine,colorblue,test,num2,typeneutral,singlestim,99,341429,1010330,edm,paicipantresponseblue,correct
12344,Subject240,435,pleasure,67,pleasure,colorred,test,num2,typepositive,singlestim,101,347068,1010350,edc,paicipantresponsered,correct
12640,Subject240,420,rejected,67,rejected,colorred,test,num2,typenegative,singlestim,103,352696,1010370,edc,paicipantresponsered,correct
12936,Subject240,490,rejected,77,rejected,colorblue,test,num2,typenegative,singlestim,105,358393,1010390,edm,paicipantresponseblue,correct
13232,Subject240,508,success,67,success,colorred,test,num2,typepositive,singlestim,107,364108,1010410,edc,paicipantresponsered,correct
13528,Subject240,508,dead,77,dead,colorblue,test,num2,typesuicide,singlestim,109,369823,1010430,edm,paicipantresponseblue,correct
13824,Subject240,535,suicide,67,suicide,colorred,test,num2,typesuicide,singlestim,111,375565,1010450,edc,paicipantresponsered,correct
14120,Subject240,465,stupid,77,stupid,colorblue,test,num2,typenegative,singlestim,113,381234,1010470,edm,paicipantresponseblue,correct