,SubjectID,rt,stimulus,keypress,word,color,block,blocknum,wordtype,trialtype,trialindex,timeelapsed,internalnodeid,keypressed,participantresponse,correctresponse
292,Subject329,958,pleasure,67,pleasure,colorred,test,num1,typepositive,singlestim,19,73651,100010,edc,paicipantresponsered,correct
588,Subject329,533,dead,67,dead,colorred,test,num1,typesuicide,singlestim,21,79392,100030,edc,paicipantresponsered,correct
884,Subject329,711,rejected,77,rejected,colorblue,test,num1,typenegative,singlestim,23,85308,100050,edm,paicipantresponseblue,correct
1180,Subject329,530,funeral,77,funeral,colorblue,test,num1,typesuicide,singlestim,25,91044,100070,edm,paicipantresponseblue,correct
1476,Subject329,474,paper,77,paper,colorblue,test,num1,typeneutral,singlestim,27,96725,100090,edm,paicipantresponseblue,correct
1772,Subject329,766,happy,67,happy,colorred,test,num1,typepositive,singlestim,29,102699,1000110,edc,paicipantresponsered,correct
2068,Subject329,668,alone,67,alone,colorred,test,num1,typenegative,singlestim,31,108574,1000130,edc,paicipantresponsered,correct
2364,Subject329,1269,suicide,77,suicide,colorblue,test,num1,typesuicide,singlestim,33,115050,1000150,edm,paicipantresponseblue,correct
2660,Subject329,827,suicide,67,suicide,colorred,test,num1,typesuicide,singlestim,35,121085,1000170,edc,paicipantresponsered,correct
2956,Subject329,1201,pleasure,77,pleasure,colorblue,test,num1,typepositive,singlestim,37,127494,1000190,edm,paicipantresponseblue,correct
3252,Subject329,982,museum,67,museum,colorred,test,num1,typeneutral,singlestim,39,133683,1000210,edc,paicipantresponsered,correct
3548,Subject329,467,success,77,success,colorblue,test,num1,typepositive,singlestim,41,139358,1000230,edm,paicipantresponseblue,correct
3844,Subject329,615,stupid,67,stupid,colorred,test,num1,typenegative,singlestim,43,145180,1000250,edc,paicipantresponsered,correct
4140,Subject329,343,museum,77,museum,colorblue,test,num1,typeneutral,singlestim,45,150730,1000270,edm,paicipantresponseblue,correct
4436,Subject329,663,engine,77,engine,colorblue,test,num1,typeneutral,singlestim,47,156599,1000290,edm,paicipantresponseblue,correct
4732,Subject329,580,funeral,67,funeral,colorred,test,num1,typesuicide,singlestim,49,162387,1000310,edc,paicipantresponsered,correct
5028,Subject329,975,success,67,success,colorred,test,num1,typepositive,singlestim,51,168569,1000330,edc,paicipantresponsered,correct
5324,Subject329,751,stupid,77,stupid,colorblue,test,num1,typenegative,singlestim,53,174526,1000350,edm,paicipantresponseblue,correct
5620,Subject329,632,rejected,67,rejected,colorred,test,num1,typenegative,singlestim,55,180365,1000370,edc,paicipantresponsered,correct
5916,Subject329,800,engine,67,engine,colorred,test,num1,typeneutral,singlestim,57,186372,1000390,edc,paicipantresponsered,correct
6212,Subject329,682,alone,77,alone,colorblue,test,num1,typenegative,singlestim,59,192260,1000410,edm,paicipantresponseblue,correct
6508,Subject329,573,happy,77,happy,colorblue,test,num1,typepositive,singlestim,61,198038,1000430,edm,paicipantresponseblue,correct
6804,Subject329,1731,paper,67,paper,colorred,test,num1,typeneutral,singlestim,63,204975,1000450,edc,paicipantresponsered,correct
7100,Subject329,1098,dead,77,dead,colorblue,test,num1,typesuicide,singlestim,65,211280,1000470,edm,paicipantresponseblue,correct
7396,Subject329,1,success,1,success,colorblue,test,num2,typepositive,singlestim,67,218488,101010,ed,,incorrect
7692,Subject329,1,alone,1,alone,colorred,test,num2,typenegative,singlestim,69,225696,101030,ed,,incorrect
7988,Subject329,1329,paper,77,paper,colorblue,test,num2,typeneutral,singlestim,71,232231,101050,edm,paicipantresponseblue,correct
8284,Subject329,1356,funeral,77,funeral,colorblue,test,num2,typesuicide,singlestim,73,238795,101070,edm,paicipantresponseblue,correct
8580,Subject329,1185,pleasure,67,pleasure,colorred,test,num2,typepositive,singlestim,75,245187,101090,edc,paicipantresponsered,correct
8876,Subject329,1078,suicide,67,suicide,colorred,test,num2,typesuicide,singlestim,77,251472,1010110,edc,paicipantresponsered,correct
9172,Subject329,1201,rejected,67,rejected,colorred,test,num2,typenegative,singlestim,79,257880,1010130,edc,paicipantresponsered,correct
9468,Subject329,1652,happy,77,happy,colorblue,test,num2,typepositive,singlestim,81,264737,1010150,edm,paicipantresponseblue,correct
9764,Subject329,1738,dead,77,dead,colorblue,test,num2,typesuicide,singlestim,83,271683,1010170,edm,paicipantresponseblue,correct
10060,Subject329,1733,suicide,77,suicide,colorblue,test,num2,typesuicide,singlestim,85,278623,1010190,edm,paicipantresponseblue,correct
10356,Subject329,1100,alone,77,alone,colorblue,test,num2,typenegative,singlestim,87,284929,1010210,edm,paicipantresponseblue,correct
10652,Subject329,1305,dead,67,dead,colorred,test,num2,typesuicide,singlestim,89,291441,1010230,edc,paicipantresponsered,correct
10948,Subject329,1002,museum,77,museum,colorblue,test,num2,typeneutral,singlestim,91,297649,1010250,edm,paicipantresponseblue,correct
11244,Subject329,1169,engine,77,engine,colorblue,test,num2,typeneutral,singlestim,93,304026,1010270,edm,paicipantresponseblue,correct
11540,Subject329,1378,paper,67,paper,colorred,test,num2,typeneutral,singlestim,95,310611,1010290,edc,paicipantresponsered,correct
11836,Subject329,1319,happy,67,happy,colorred,test,num2,typepositive,singlestim,97,317137,1010310,edc,paicipantresponsered,correct
12132,Subject329,1367,success,67,success,colorred,test,num2,typepositive,singlestim,99,323710,1010330,edc,paicipantresponsered,correct
12428,Subject329,1146,rejected,77,rejected,colorblue,test,num2,typenegative,singlestim,101,330064,1010350,edm,paicipantresponseblue,correct
12724,Subject329,1163,museum,67,museum,colorred,test,num2,typeneutral,singlestim,103,336434,1010370,edc,paicipantresponsered,correct
13020,Subject329,823,stupid,67,stupid,colorred,test,num2,typenegative,singlestim,105,342465,1010390,edc,paicipantresponsered,correct
13316,Subject329,1021,funeral,67,funeral,colorred,test,num2,typesuicide,singlestim,107,348693,1010410,edc,paicipantresponsered,correct
13612,Subject329,1021,stupid,77,stupid,colorblue,test,num2,typenegative,singlestim,109,354919,1010430,edm,paicipantresponseblue,correct
13908,Subject329,1229,pleasure,77,pleasure,colorblue,test,num2,typepositive,singlestim,111,361355,1010450,edm,paicipantresponseblue,correct
14204,Subject329,1222,engine,67,engine,colorred,test,num2,typeneutral,singlestim,113,367785,1010470,edc,paicipantresponsered,correct