,SubjectID,rt,stimulus,keypress,word,color,block,blocknum,wordtype,trialtype,trialindex,timeelapsed,internalnodeid,keypressed,participantresponse,correctresponse
200,Subject232,449,engine,77,engine,colorblue,test,num1,typeneutral,singlestim,19,93335,100010,edm,paicipantresponseblue,correct
496,Subject232,537,museum,77,museum,colorblue,test,num1,typeneutral,singlestim,21,99079,100030,edm,paicipantresponseblue,correct
792,Subject232,401,rejected,67,rejected,colorred,test,num1,typenegative,singlestim,23,104696,100050,edc,paicipantresponsered,correct
1088,Subject232,442,success,67,success,colorred,test,num1,typepositive,singlestim,25,110344,100070,edc,paicipantresponsered,correct
1384,Subject232,405,pleasure,67,pleasure,colorred,test,num1,typepositive,singlestim,27,115959,100090,edc,paicipantresponsered,correct
1680,Subject232,365,success,77,success,colorblue,test,num1,typepositive,singlestim,29,121535,1000110,edm,paicipantresponseblue,correct
1976,Subject232,399,suicide,77,suicide,colorblue,test,num1,typesuicide,singlestim,31,127141,1000130,edm,paicipantresponseblue,correct
2272,Subject232,424,pleasure,77,pleasure,colorblue,test,num1,typepositive,singlestim,33,132775,1000150,edm,paicipantresponseblue,correct
2568,Subject232,361,paper,67,paper,colorred,test,num1,typeneutral,singlestim,35,138349,1000170,edc,paicipantresponsered,correct
2864,Subject232,390,engine,67,engine,colorred,test,num1,typeneutral,singlestim,37,143952,1000190,edc,paicipantresponsered,correct
3160,Subject232,453,alone,67,alone,colorred,test,num1,typenegative,singlestim,39,149613,1000210,edc,paicipantresponsered,correct
3456,Subject232,481,happy,67,happy,colorred,test,num1,typepositive,singlestim,41,155304,1000230,edc,paicipantresponsered,correct
3752,Subject232,522,suicide,67,suicide,colorred,test,num1,typesuicide,singlestim,43,161034,1000250,edc,paicipantresponsered,correct
4048,Subject232,515,alone,77,alone,colorblue,test,num1,typenegative,singlestim,45,166755,1000270,edm,paicipantresponseblue,correct
4344,Subject232,433,stupid,77,stupid,colorblue,test,num1,typenegative,singlestim,47,172400,1000290,edm,paicipantresponseblue,correct
4640,Subject232,616,rejected,77,rejected,colorblue,test,num1,typenegative,singlestim,49,178227,1000310,edm,paicipantresponseblue,correct
4936,Subject232,422,funeral,77,funeral,colorblue,test,num1,typesuicide,singlestim,51,183860,1000330,edm,paicipantresponseblue,correct
5232,Subject232,338,funeral,67,funeral,colorred,test,num1,typesuicide,singlestim,53,189406,1000350,edc,paicipantresponsered,correct
5528,Subject232,478,paper,77,paper,colorblue,test,num1,typeneutral,singlestim,55,195096,1000370,edm,paicipantresponseblue,correct
5824,Subject232,492,museum,67,museum,colorred,test,num1,typeneutral,singlestim,57,200799,1000390,edc,paicipantresponsered,correct
6120,Subject232,415,dead,77,dead,colorblue,test,num1,typesuicide,singlestim,59,206422,1000410,edm,paicipantresponseblue,correct
6416,Subject232,459,dead,67,dead,colorred,test,num1,typesuicide,singlestim,61,212090,1000430,edc,paicipantresponsered,correct
6712,Subject232,432,happy,77,happy,colorblue,test,num1,typepositive,singlestim,63,217732,1000450,edm,paicipantresponseblue,correct
7008,Subject232,820,stupid,67,stupid,colorred,test,num1,typenegative,singlestim,65,223760,1000470,edc,paicipantresponsered,correct
7304,Subject232,412,stupid,67,stupid,colorred,test,num2,typenegative,singlestim,67,229384,101010,edc,paicipantresponsered,correct
7600,Subject232,460,dead,77,dead,colorblue,test,num2,typesuicide,singlestim,69,235051,101030,edm,paicipantresponseblue,correct
7896,Subject232,395,alone,77,alone,colorblue,test,num2,typenegative,singlestim,71,240652,101050,edm,paicipantresponseblue,correct
8192,Subject232,414,suicide,77,suicide,colorblue,test,num2,typesuicide,singlestim,73,246273,101070,edm,paicipantresponseblue,correct
8488,Subject232,348,stupid,77,stupid,colorblue,test,num2,typenegative,singlestim,75,251830,101090,edm,paicipantresponseblue,correct
8784,Subject232,494,success,77,success,colorblue,test,num2,typepositive,singlestim,77,257530,1010110,edm,paicipantresponseblue,correct
9080,Subject232,377,alone,67,alone,colorred,test,num2,typenegative,singlestim,79,263114,1010130,edc,paicipantresponsered,correct
9376,Subject232,493,engine,67,engine,colorred,test,num2,typeneutral,singlestim,81,268818,1010150,edc,paicipantresponsered,correct
9672,Subject232,576,engine,77,engine,colorblue,test,num2,typeneutral,singlestim,83,274607,1010170,edm,paicipantresponseblue,correct
9968,Subject232,554,museum,77,museum,colorblue,test,num2,typeneutral,singlestim,85,280372,1010190,edm,paicipantresponseblue,correct
10264,Subject232,384,pleasure,67,pleasure,colorred,test,num2,typepositive,singlestim,87,285967,1010210,edc,paicipantresponsered,correct
10560,Subject232,411,pleasure,77,pleasure,colorblue,test,num2,typepositive,singlestim,89,291588,1010230,edm,paicipantresponseblue,correct
10856,Subject232,360,success,67,success,colorred,test,num2,typepositive,singlestim,91,297158,1010250,edc,paicipantresponsered,correct
11152,Subject232,489,suicide,67,suicide,colorred,test,num2,typesuicide,singlestim,93,302857,1010270,edc,paicipantresponsered,correct
11448,Subject232,615,happy,77,happy,colorblue,test,num2,typepositive,singlestim,95,308682,1010290,edm,paicipantresponseblue,correct
11744,Subject232,513,paper,77,paper,colorblue,test,num2,typeneutral,singlestim,97,314402,1010310,edm,paicipantresponseblue,correct
12040,Subject232,486,rejected,77,rejected,colorblue,test,num2,typenegative,singlestim,99,320097,1010330,edm,paicipantresponseblue,correct
12336,Subject232,366,happy,67,happy,colorred,test,num2,typepositive,singlestim,101,325671,1010350,edc,paicipantresponsered,correct
12632,Subject232,601,museum,67,museum,colorred,test,num2,typeneutral,singlestim,103,331480,1010370,edc,paicipantresponsered,correct
12928,Subject232,517,dead,67,dead,colorred,test,num2,typesuicide,singlestim,105,337208,1010390,edc,paicipantresponsered,correct
13224,Subject232,474,rejected,67,rejected,colorred,test,num2,typenegative,singlestim,107,342893,1010410,edc,paicipantresponsered,correct
13520,Subject232,501,funeral,67,funeral,colorred,test,num2,typesuicide,singlestim,109,348607,1010430,edc,paicipantresponsered,correct
13816,Subject232,443,funeral,77,funeral,colorblue,test,num2,typesuicide,singlestim,111,354262,1010450,edm,paicipantresponseblue,correct
14112,Subject232,479,paper,67,paper,colorred,test,num2,typeneutral,singlestim,113,359948,1010470,edc,paicipantresponsered,correct