,SubjectID,rt,stimulus,keypress,word,color,block,blocknum,wordtype,trialtype,trialindex,timeelapsed,internalnodeid,keypressed,participantresponse,correctresponse
115,Subject123,1094,rejected,77,rejected,colorblue,test,num1,typenegative,singlestim,19,488065,100010,edm,paicipantresponseblue,correct
411,Subject123,479,happy,67,happy,colorred,test,num1,typepositive,singlestim,21,493753,100030,edc,paicipantresponsered,correct
707,Subject123,626,suicide,77,suicide,colorblue,test,num1,typesuicide,singlestim,23,499594,100050,edm,paicipantresponseblue,correct
1003,Subject123,728,paper,67,paper,colorred,test,num1,typeneutral,singlestim,25,505534,100070,edc,paicipantresponsered,correct
1299,Subject123,605,success,67,success,colorred,test,num1,typepositive,singlestim,27,511349,100090,edc,paicipantresponsered,correct
1595,Subject123,513,happy,77,happy,colorblue,test,num1,typepositive,singlestim,29,517072,1000110,edm,paicipantresponseblue,correct
1891,Subject123,711,museum,67,museum,colorred,test,num1,typeneutral,singlestim,31,522995,1000130,edc,paicipantresponsered,correct
2187,Subject123,599,suicide,67,suicide,colorred,test,num1,typesuicide,singlestim,33,528802,1000150,edc,paicipantresponsered,correct
2483,Subject123,640,dead,77,dead,colorblue,test,num1,typesuicide,singlestim,35,534653,1000170,edm,paicipantresponseblue,correct
2779,Subject123,514,funeral,67,funeral,colorred,test,num1,typesuicide,singlestim,37,540377,1000190,edc,paicipantresponsered,correct
3075,Subject123,496,dead,67,dead,colorred,test,num1,typesuicide,singlestim,39,546082,1000210,edc,paicipantresponsered,correct
3371,Subject123,513,rejected,67,rejected,colorred,test,num1,typenegative,singlestim,41,551806,1000230,edc,paicipantresponsered,correct
3667,Subject123,616,alone,77,alone,colorblue,test,num1,typenegative,singlestim,43,557631,1000250,edm,paicipantresponseblue,correct
3963,Subject123,559,engine,67,engine,colorred,test,num1,typeneutral,singlestim,45,563402,1000270,edc,paicipantresponsered,correct
4259,Subject123,582,alone,67,alone,colorred,test,num1,typenegative,singlestim,47,569194,1000290,edc,paicipantresponsered,correct
4555,Subject123,880,pleasure,77,pleasure,colorblue,test,num1,typepositive,singlestim,49,575290,1000310,edm,paicipantresponseblue,correct
4851,Subject123,502,stupid,77,stupid,colorblue,test,num1,typenegative,singlestim,51,581000,1000330,edm,paicipantresponseblue,correct
5147,Subject123,432,funeral,77,funeral,colorblue,test,num1,typesuicide,singlestim,53,586642,1000350,edm,paicipantresponseblue,correct
5443,Subject123,519,paper,77,paper,colorblue,test,num1,typeneutral,singlestim,55,592371,1000370,edm,paicipantresponseblue,correct
5739,Subject123,518,pleasure,67,pleasure,colorred,test,num1,typepositive,singlestim,57,598106,1000390,edc,paicipantresponsered,correct
6035,Subject123,577,success,77,success,colorblue,test,num1,typepositive,singlestim,59,603896,1000410,edm,paicipantresponseblue,correct
6331,Subject123,580,museum,77,museum,colorblue,test,num1,typeneutral,singlestim,61,609688,1000430,edm,paicipantresponseblue,correct
6627,Subject123,576,stupid,67,stupid,colorred,test,num1,typenegative,singlestim,63,615477,1000450,edc,paicipantresponsered,correct
6923,Subject123,489,engine,77,engine,colorblue,test,num1,typeneutral,singlestim,65,621178,1000470,edm,paicipantresponseblue,correct
7219,Subject123,628,stupid,77,stupid,colorblue,test,num2,typenegative,singlestim,67,627016,101010,edm,paicipantresponseblue,correct
7515,Subject123,740,alone,77,alone,colorblue,test,num2,typenegative,singlestim,69,632968,101030,edm,paicipantresponseblue,correct
7811,Subject123,657,funeral,77,funeral,colorblue,test,num2,typesuicide,singlestim,71,638838,101050,edm,paicipantresponseblue,correct
8107,Subject123,585,engine,67,engine,colorred,test,num2,typeneutral,singlestim,73,644635,101070,edc,paicipantresponsered,correct
8403,Subject123,496,paper,77,paper,colorblue,test,num2,typeneutral,singlestim,75,649411,101090,edm,paicipantresponseblue,correct
8699,Subject123,507,happy,77,happy,colorblue,test,num2,typepositive,singlestim,77,655127,1010110,edm,paicipantresponseblue,correct
8995,Subject123,515,museum,77,museum,colorblue,test,num2,typeneutral,singlestim,79,660853,1010130,edm,paicipantresponseblue,correct
9291,Subject123,401,dead,67,dead,colorred,test,num2,typesuicide,singlestim,81,666466,1010150,edc,paicipantresponsered,correct
9587,Subject123,1129,suicide,67,suicide,colorred,test,num2,typesuicide,singlestim,83,672810,1010170,edc,paicipantresponsered,correct
9883,Subject123,807,dead,77,dead,colorblue,test,num2,typesuicide,singlestim,85,678830,1010190,edm,paicipantresponseblue,correct
10179,Subject123,818,museum,67,museum,colorred,test,num2,typeneutral,singlestim,87,684860,1010210,edc,paicipantresponsered,correct
10475,Subject123,612,rejected,77,rejected,colorblue,test,num2,typenegative,singlestim,89,690687,1010230,edm,paicipantresponseblue,correct
10771,Subject123,713,paper,67,paper,colorred,test,num2,typeneutral,singlestim,91,696615,1010250,edc,paicipantresponsered,correct
11067,Subject123,628,happy,67,happy,colorred,test,num2,typepositive,singlestim,93,702456,1010270,edc,paicipantresponsered,correct
11363,Subject123,629,pleasure,77,pleasure,colorblue,test,num2,typepositive,singlestim,95,708294,1010290,edm,paicipantresponseblue,correct
11659,Subject123,673,suicide,77,suicide,colorblue,test,num2,typesuicide,singlestim,97,714176,1010310,edm,paicipantresponseblue,correct
11955,Subject123,598,success,77,success,colorblue,test,num2,typepositive,singlestim,99,719989,1010330,edm,paicipantresponseblue,correct
12251,Subject123,591,pleasure,67,pleasure,colorred,test,num2,typepositive,singlestim,101,725792,1010350,edc,paicipantresponsered,correct
12547,Subject123,598,engine,77,engine,colorblue,test,num2,typeneutral,singlestim,103,731605,1010370,edm,paicipantresponseblue,correct
12843,Subject123,632,alone,67,alone,colorred,test,num2,typenegative,singlestim,105,737449,1010390,edc,paicipantresponsered,correct
13139,Subject123,632,success,67,success,colorred,test,num2,typepositive,singlestim,107,743293,1010410,edc,paicipantresponsered,correct
13435,Subject123,484,rejected,67,rejected,colorred,test,num2,typenegative,singlestim,109,748989,1010430,edc,paicipantresponsered,correct
13731,Subject123,647,funeral,67,funeral,colorred,test,num2,typesuicide,singlestim,111,754845,1010450,edc,paicipantresponsered,correct
14027,Subject123,468,stupid,67,stupid,colorred,test,num2,typenegative,singlestim,113,760523,1010470,edc,paicipantresponsered,correct