,SubjectID,rt,stimulus,keypress,word,color,block,blocknum,wordtype,trialtype,trialindex,timeelapsed,internalnodeid,keypressed,participantresponse,correctresponse
32,Subject33,387,pleasure,67,pleasure,colorblue,test,num1,typepositive,singlestim,19,79289,100010,edc,paicipantresponsered,incorrect
328,Subject33,407,paper,77,paper,colorblue,test,num1,typeneutral,singlestim,21,84902,100030,edm,paicipantresponseblue,correct
624,Subject33,393,stupid,77,stupid,colorblue,test,num1,typenegative,singlestim,23,90499,100050,edm,paicipantresponseblue,correct
920,Subject33,489,suicide,67,suicide,colorred,test,num1,typesuicide,singlestim,25,96194,100070,edc,paicipantresponsered,correct
1216,Subject33,508,suicide,77,suicide,colorblue,test,num1,typesuicide,singlestim,27,101908,100090,edm,paicipantresponseblue,correct
1512,Subject33,488,engine,77,engine,colorblue,test,num1,typeneutral,singlestim,29,107600,1000110,edm,paicipantresponseblue,correct
1808,Subject33,576,funeral,77,funeral,colorblue,test,num1,typesuicide,singlestim,31,113382,1000130,edm,paicipantresponseblue,correct
2104,Subject33,398,happy,77,happy,colorblue,test,num1,typepositive,singlestim,33,118986,1000150,edm,paicipantresponseblue,correct
2400,Subject33,431,alone,67,alone,colorred,test,num1,typenegative,singlestim,35,124622,1000170,edc,paicipantresponsered,correct
2696,Subject33,526,stupid,67,stupid,colorred,test,num1,typenegative,singlestim,37,130354,1000190,edc,paicipantresponsered,correct
2992,Subject33,818,happy,67,happy,colorred,test,num1,typepositive,singlestim,39,136378,1000210,edc,paicipantresponsered,correct
3288,Subject33,395,success,77,success,colorblue,test,num1,typepositive,singlestim,41,141978,1000230,edm,paicipantresponseblue,correct
3584,Subject33,544,engine,67,engine,colorred,test,num1,typeneutral,singlestim,43,147726,1000250,edc,paicipantresponsered,correct
3880,Subject33,430,museum,77,museum,colorblue,test,num1,typeneutral,singlestim,45,153363,1000270,edm,paicipantresponseblue,correct
4176,Subject33,306,success,67,success,colorred,test,num1,typepositive,singlestim,47,158875,1000290,edc,paicipantresponsered,correct
4472,Subject33,575,rejected,67,rejected,colorred,test,num1,typenegative,singlestim,49,164653,1000310,edc,paicipantresponsered,correct
4768,Subject33,525,paper,67,paper,colorred,test,num1,typeneutral,singlestim,51,170383,1000330,edc,paicipantresponsered,correct
5064,Subject33,674,dead,67,dead,colorred,test,num1,typesuicide,singlestim,53,176261,1000350,edc,paicipantresponsered,correct
5360,Subject33,445,funeral,67,funeral,colorred,test,num1,typesuicide,singlestim,55,181909,1000370,edc,paicipantresponsered,correct
5656,Subject33,493,pleasure,77,pleasure,colorred,test,num1,typepositive,singlestim,57,187606,1000390,edm,paicipantresponseblue,incorrect
5952,Subject33,511,rejected,77,rejected,colorblue,test,num1,typenegative,singlestim,59,193322,1000410,edm,paicipantresponseblue,correct
6248,Subject33,716,alone,77,alone,colorblue,test,num1,typenegative,singlestim,61,199244,1000430,edm,paicipantresponseblue,correct
6544,Subject33,484,dead,77,dead,colorblue,test,num1,typesuicide,singlestim,63,204933,1000450,edm,paicipantresponseblue,correct
6840,Subject33,432,museum,77,museum,colorred,test,num1,typeneutral,singlestim,65,210568,1000470,edm,paicipantresponseblue,incorrect
7136,Subject33,518,rejected,67,rejected,colorred,test,num2,typenegative,singlestim,67,216292,101010,edc,paicipantresponsered,correct
7432,Subject33,655,happy,77,happy,colorblue,test,num2,typepositive,singlestim,69,222153,101030,edm,paicipantresponseblue,correct
7728,Subject33,431,paper,67,paper,colorred,test,num2,typeneutral,singlestim,71,227787,101050,edc,paicipantresponsered,correct
8024,Subject33,485,pleasure,67,pleasure,colorred,test,num2,typepositive,singlestim,73,233476,101070,edc,paicipantresponsered,correct
8320,Subject33,486,engine,77,engine,colorblue,test,num2,typeneutral,singlestim,75,239166,101090,edm,paicipantresponseblue,correct
8616,Subject33,412,pleasure,77,pleasure,colorblue,test,num2,typepositive,singlestim,77,244782,1010110,edm,paicipantresponseblue,correct
8912,Subject33,406,funeral,77,funeral,colorblue,test,num2,typesuicide,singlestim,79,250393,1010130,edm,paicipantresponseblue,correct
9208,Subject33,427,museum,77,museum,colorblue,test,num2,typeneutral,singlestim,81,256025,1010150,edm,paicipantresponseblue,correct
9504,Subject33,452,funeral,67,funeral,colorred,test,num2,typesuicide,singlestim,83,261683,1010170,edc,paicipantresponsered,correct
9800,Subject33,425,suicide,77,suicide,colorblue,test,num2,typesuicide,singlestim,85,267313,1010190,edm,paicipantresponseblue,correct
10096,Subject33,662,suicide,67,suicide,colorred,test,num2,typesuicide,singlestim,87,273181,1010210,edc,paicipantresponsered,correct
10392,Subject33,441,alone,77,alone,colorblue,test,num2,typenegative,singlestim,89,278828,1010230,edm,paicipantresponseblue,correct
10688,Subject33,345,happy,67,happy,colorred,test,num2,typepositive,singlestim,91,284377,1010250,edc,paicipantresponsered,correct
10984,Subject33,824,dead,77,dead,colorblue,test,num2,typesuicide,singlestim,93,290408,1010270,edm,paicipantresponseblue,correct
11280,Subject33,453,success,77,success,colorblue,test,num2,typepositive,singlestim,95,296067,1010290,edm,paicipantresponseblue,correct
11576,Subject33,446,museum,67,museum,colorred,test,num2,typeneutral,singlestim,97,301717,1010310,edc,paicipantresponsered,correct
11872,Subject33,673,dead,67,dead,colorred,test,num2,typesuicide,singlestim,99,307595,1010330,edc,paicipantresponsered,correct
12168,Subject33,708,engine,67,engine,colorred,test,num2,typeneutral,singlestim,101,313508,1010350,edc,paicipantresponsered,correct
12464,Subject33,618,rejected,77,rejected,colorblue,test,num2,typenegative,singlestim,103,319332,1010370,edm,paicipantresponseblue,correct
12760,Subject33,735,stupid,77,stupid,colorblue,test,num2,typenegative,singlestim,105,325272,1010390,edm,paicipantresponseblue,correct
13056,Subject33,916,paper,77,paper,colorblue,test,num2,typeneutral,singlestim,107,331393,1010410,edm,paicipantresponseblue,correct
13352,Subject33,728,success,67,success,colorred,test,num2,typepositive,singlestim,109,337327,1010430,edc,paicipantresponsered,correct
13648,Subject33,633,alone,67,alone,colorred,test,num2,typenegative,singlestim,111,343164,1010450,edc,paicipantresponsered,correct
13944,Subject33,958,stupid,67,stupid,colorred,test,num2,typenegative,singlestim,113,349327,1010470,edc,paicipantresponsered,correct