,SubjectID,rt,stimulus,keypress,word,color,block,blocknum,wordtype,trialtype,trialindex,timeelapsed,internalnodeid,keypressed,participantresponse,correctresponse
3118,Subject190,809,funeral,67,funeral,colorred,test,num1,typesuicide,singlestim,39,164875,100030,edc,paicipantresponsered,correct
3414,Subject190,655,dead,77,dead,colorblue,test,num1,typesuicide,singlestim,41,170748,100050,edm,paicipantresponseblue,correct
3710,Subject190,730,success,67,success,colorred,test,num1,typepositive,singlestim,43,176688,100070,edc,paicipantresponsered,correct
4006,Subject190,852,museum,67,museum,colorred,test,num1,typeneutral,singlestim,45,182752,100090,edc,paicipantresponsered,correct
4302,Subject190,695,dead,67,dead,colorred,test,num1,typesuicide,singlestim,47,188657,1000110,edc,paicipantresponsered,correct
4598,Subject190,596,engine,77,engine,colorblue,test,num1,typeneutral,singlestim,49,194462,1000130,edm,paicipantresponseblue,correct
4894,Subject190,664,happy,77,happy,colorblue,test,num1,typepositive,singlestim,51,200335,1000150,edm,paicipantresponseblue,correct
5190,Subject190,698,paper,67,paper,colorred,test,num1,typeneutral,singlestim,53,206242,1000170,edc,paicipantresponsered,correct
5486,Subject190,652,museum,77,museum,colorblue,test,num1,typeneutral,singlestim,55,212103,1000190,edm,paicipantresponseblue,correct
5782,Subject190,606,pleasure,67,pleasure,colorred,test,num1,typepositive,singlestim,57,217918,1000210,edc,paicipantresponsered,correct
6078,Subject190,638,stupid,77,stupid,colorblue,test,num1,typenegative,singlestim,59,223766,1000230,edm,paicipantresponseblue,correct
6374,Subject190,677,paper,77,paper,colorblue,test,num1,typeneutral,singlestim,61,229652,1000250,edm,paicipantresponseblue,correct
6670,Subject190,663,funeral,77,funeral,colorblue,test,num1,typesuicide,singlestim,63,235525,1000270,edm,paicipantresponseblue,correct
6966,Subject190,494,alone,67,alone,colorred,test,num1,typenegative,singlestim,65,241229,1000290,edc,paicipantresponsered,correct
7262,Subject190,561,rejected,67,rejected,colorred,test,num1,typenegative,singlestim,67,247000,1000310,edc,paicipantresponsered,correct
7558,Subject190,506,suicide,77,suicide,colorblue,test,num1,typesuicide,singlestim,69,252715,1000330,edm,paicipantresponseblue,correct
7854,Subject190,652,rejected,77,rejected,colorblue,test,num1,typenegative,singlestim,71,258576,1000350,edm,paicipantresponseblue,correct
8150,Subject190,550,alone,77,alone,colorblue,test,num1,typenegative,singlestim,73,264334,1000370,edm,paicipantresponseblue,correct
8446,Subject190,520,suicide,67,suicide,colorred,test,num1,typesuicide,singlestim,75,270062,1000390,edc,paicipantresponsered,correct
8742,Subject190,564,stupid,67,stupid,colorred,test,num1,typenegative,singlestim,77,275832,1000410,edc,paicipantresponsered,correct
9038,Subject190,587,engine,67,engine,colorred,test,num1,typeneutral,singlestim,79,281627,1000430,edc,paicipantresponsered,correct
9334,Subject190,596,success,77,success,colorblue,test,num1,typepositive,singlestim,81,287432,1000450,edm,paicipantresponseblue,correct
9630,Subject190,574,pleasure,77,pleasure,colorblue,test,num1,typepositive,singlestim,83,293215,1000470,edm,paicipantresponseblue,correct
9926,Subject190,594,funeral,67,funeral,colorred,test,num2,typesuicide,singlestim,85,299020,101010,edc,paicipantresponsered,correct
10222,Subject190,572,paper,77,paper,colorblue,test,num2,typeneutral,singlestim,87,304803,101030,edm,paicipantresponseblue,correct
10518,Subject190,519,pleasure,77,pleasure,colorblue,test,num2,typepositive,singlestim,89,310529,101050,edm,paicipantresponseblue,correct
10814,Subject190,552,rejected,77,rejected,colorblue,test,num2,typenegative,singlestim,91,316286,101070,edm,paicipantresponseblue,correct
11110,Subject190,587,pleasure,67,pleasure,colorred,test,num2,typepositive,singlestim,93,322082,101090,edc,paicipantresponsered,correct
11406,Subject190,528,rejected,67,rejected,colorred,test,num2,typenegative,singlestim,95,327820,1010110,edc,paicipantresponsered,correct
11702,Subject190,551,suicide,67,suicide,colorred,test,num2,typesuicide,singlestim,97,333580,1010130,edc,paicipantresponsered,correct
11998,Subject190,495,paper,67,paper,colorred,test,num2,typeneutral,singlestim,99,339284,1010150,edc,paicipantresponsered,correct
12294,Subject190,529,engine,67,engine,colorred,test,num2,typeneutral,singlestim,101,345021,1010170,edc,paicipantresponsered,correct
12590,Subject190,484,happy,67,happy,colorred,test,num2,typepositive,singlestim,103,350713,1010190,edc,paicipantresponsered,correct
12886,Subject190,629,alone,77,alone,colorblue,test,num2,typenegative,singlestim,105,356552,1010210,edm,paicipantresponseblue,correct
13182,Subject190,540,success,77,success,colorblue,test,num2,typepositive,singlestim,107,362301,1010230,edm,paicipantresponseblue,correct
13478,Subject190,629,dead,77,dead,colorblue,test,num2,typesuicide,singlestim,109,368140,1010250,edm,paicipantresponseblue,correct
13774,Subject190,621,success,67,success,colorred,test,num2,typepositive,singlestim,111,373968,1010270,edc,paicipantresponsered,correct
14070,Subject190,506,dead,67,dead,colorred,test,num2,typesuicide,singlestim,113,379682,1010290,edc,paicipantresponsered,correct