,SubjectID,rt,stimulus,keypress,word,color,block,blocknum,wordtype,trialtype,trialindex,timeelapsed,internalnodeid,keypressed,participantresponse,correctresponse
198,Subject230,432,rejected,77,rejected,colorred,test,num1,typenegative,singlestim,19,92536,100010,edm,paicipantresponseblue,incorrect
494,Subject230,426,suicide,77,suicide,colorblue,test,num1,typesuicide,singlestim,21,98174,100030,edm,paicipantresponseblue,correct
790,Subject230,338,paper,77,paper,colorblue,test,num1,typeneutral,singlestim,23,103720,100050,edm,paicipantresponseblue,correct
1086,Subject230,362,happy,67,happy,colorred,test,num1,typepositive,singlestim,25,109288,100070,edc,paicipantresponsered,correct
1382,Subject230,410,success,77,success,colorblue,test,num1,typepositive,singlestim,27,114904,100090,edm,paicipantresponseblue,correct
1678,Subject230,360,happy,77,happy,colorblue,test,num1,typepositive,singlestim,29,120474,1000110,edm,paicipantresponseblue,correct
1974,Subject230,286,alone,67,alone,colorred,test,num1,typenegative,singlestim,31,125966,1000130,edc,paicipantresponsered,correct
2270,Subject230,440,pleasure,67,pleasure,colorred,test,num1,typepositive,singlestim,33,131614,1000150,edc,paicipantresponsered,correct
2566,Subject230,382,dead,77,dead,colorblue,test,num1,typesuicide,singlestim,35,137200,1000170,edm,paicipantresponseblue,correct
2862,Subject230,384,stupid,77,stupid,colorblue,test,num1,typenegative,singlestim,37,142788,1000190,edm,paicipantresponseblue,correct
3158,Subject230,380,suicide,67,suicide,colorred,test,num1,typesuicide,singlestim,39,148376,1000210,edc,paicipantresponsered,correct
3454,Subject230,352,dead,67,dead,colorred,test,num1,typesuicide,singlestim,41,153934,1000230,edc,paicipantresponsered,correct
3750,Subject230,402,alone,77,alone,colorblue,test,num1,typenegative,singlestim,43,159538,1000250,edm,paicipantresponseblue,correct
4046,Subject230,390,engine,67,engine,colorred,test,num1,typeneutral,singlestim,45,165134,1000270,edc,paicipantresponsered,correct
4342,Subject230,392,engine,77,engine,colorblue,test,num1,typeneutral,singlestim,47,170732,1000290,edm,paicipantresponseblue,correct
4638,Subject230,366,paper,67,paper,colorred,test,num1,typeneutral,singlestim,49,176304,1000310,edc,paicipantresponsered,correct
4934,Subject230,448,funeral,67,funeral,colorred,test,num1,typesuicide,singlestim,51,181954,1000330,edc,paicipantresponsered,correct
5230,Subject230,348,museum,77,museum,colorblue,test,num1,typeneutral,singlestim,53,187508,1000350,edm,paicipantresponseblue,correct
5526,Subject230,364,museum,67,museum,colorred,test,num1,typeneutral,singlestim,55,193078,1000370,edc,paicipantresponsered,correct
5822,Subject230,352,funeral,77,funeral,colorblue,test,num1,typesuicide,singlestim,57,198636,1000390,edm,paicipantresponseblue,correct
6118,Subject230,388,stupid,67,stupid,colorred,test,num1,typenegative,singlestim,59,204230,1000410,edc,paicipantresponsered,correct
6414,Subject230,366,rejected,77,rejected,colorblue,test,num1,typenegative,singlestim,61,209798,1000430,edm,paicipantresponseblue,correct
6710,Subject230,424,success,67,success,colorred,test,num1,typepositive,singlestim,63,215428,1000450,edc,paicipantresponsered,correct
7006,Subject230,338,pleasure,77,pleasure,colorblue,test,num1,typepositive,singlestim,65,220972,1000470,edm,paicipantresponseblue,correct
7302,Subject230,448,museum,77,museum,colorblue,test,num2,typeneutral,singlestim,67,226626,101010,edm,paicipantresponseblue,correct
7598,Subject230,360,dead,67,dead,colorred,test,num2,typesuicide,singlestim,69,232192,101030,edc,paicipantresponsered,correct
7894,Subject230,440,success,67,success,colorred,test,num2,typepositive,singlestim,71,237836,101050,edc,paicipantresponsered,correct
8190,Subject230,514,pleasure,77,pleasure,colorblue,test,num2,typepositive,singlestim,73,243556,101070,edm,paicipantresponseblue,correct
8486,Subject230,326,suicide,67,suicide,colorred,test,num2,typesuicide,singlestim,75,249084,101090,edc,paicipantresponsered,correct
8782,Subject230,412,paper,67,paper,colorred,test,num2,typeneutral,singlestim,77,254700,1010110,edc,paicipantresponsered,correct
9078,Subject230,368,funeral,77,funeral,colorblue,test,num2,typesuicide,singlestim,79,260272,1010130,edm,paicipantresponseblue,correct
9374,Subject230,368,dead,77,dead,colorblue,test,num2,typesuicide,singlestim,81,265846,1010150,edm,paicipantresponseblue,correct
9670,Subject230,512,success,77,success,colorblue,test,num2,typepositive,singlestim,83,271592,1010170,edm,paicipantresponseblue,correct
9966,Subject230,430,engine,67,engine,colorred,test,num2,typeneutral,singlestim,85,277228,1010190,edc,paicipantresponsered,correct
10262,Subject230,426,stupid,67,stupid,colorred,test,num2,typenegative,singlestim,87,282860,1010210,edc,paicipantresponsered,correct
10558,Subject230,398,rejected,67,rejected,colorred,test,num2,typenegative,singlestim,89,288462,1010230,edc,paicipantresponsered,correct
10854,Subject230,410,rejected,77,rejected,colorblue,test,num2,typenegative,singlestim,91,294076,1010250,edm,paicipantresponseblue,correct
11150,Subject230,374,stupid,77,stupid,colorblue,test,num2,typenegative,singlestim,93,299656,1010270,edm,paicipantresponseblue,correct
11446,Subject230,370,museum,67,museum,colorred,test,num2,typeneutral,singlestim,95,305230,1010290,edc,paicipantresponsered,correct
11742,Subject230,406,pleasure,67,pleasure,colorred,test,num2,typepositive,singlestim,97,310838,1010310,edc,paicipantresponsered,correct
12038,Subject230,390,alone,77,alone,colorblue,test,num2,typenegative,singlestim,99,316432,1010330,edm,paicipantresponseblue,correct
12334,Subject230,348,funeral,67,funeral,colorred,test,num2,typesuicide,singlestim,101,321986,1010350,edc,paicipantresponsered,correct
12630,Subject230,438,suicide,77,suicide,colorblue,test,num2,typesuicide,singlestim,103,327626,1010370,edm,paicipantresponseblue,correct
12926,Subject230,590,paper,77,paper,colorblue,test,num2,typeneutral,singlestim,105,333422,1010390,edm,paicipantresponseblue,correct
13222,Subject230,324,alone,67,alone,colorred,test,num2,typenegative,singlestim,107,338952,1010410,edc,paicipantresponsered,correct
13518,Subject230,458,engine,77,engine,colorblue,test,num2,typeneutral,singlestim,109,344620,1010430,edm,paicipantresponseblue,correct
13814,Subject230,390,happy,77,happy,colorblue,test,num2,typepositive,singlestim,111,350216,1010450,edm,paicipantresponseblue,correct
14110,Subject230,408,happy,67,happy,colorred,test,num2,typepositive,singlestim,113,355828,1010470,edc,paicipantresponsered,correct