,SubjectID,rt,stimulus,keypress,word,color,block,blocknum,wordtype,trialtype,trialindex,timeelapsed,internalnodeid,keypressed,participantresponse,correctresponse
45,Subject46,487,happy,67,happy,colorred,test,num1,typepositive,singlestim,19,114833,100010,edc,paicipantresponsered,correct
341,Subject46,359,dead,77,dead,colorblue,test,num1,typesuicide,singlestim,21,120398,100030,edm,paicipantresponseblue,correct
637,Subject46,309,funeral,67,funeral,colorred,test,num1,typesuicide,singlestim,23,125914,100050,edc,paicipantresponsered,correct
933,Subject46,430,success,77,success,colorblue,test,num1,typepositive,singlestim,25,131552,100070,edm,paicipantresponseblue,correct
1229,Subject46,363,pleasure,77,pleasure,colorblue,test,num1,typepositive,singlestim,27,137121,100090,edm,paicipantresponseblue,correct
1525,Subject46,383,rejected,67,rejected,colorblue,test,num1,typenegative,singlestim,29,142711,1000110,edc,paicipantresponsered,incorrect
1821,Subject46,486,engine,67,engine,colorred,test,num1,typeneutral,singlestim,31,148405,1000130,edc,paicipantresponsered,correct
2117,Subject46,426,pleasure,67,pleasure,colorred,test,num1,typepositive,singlestim,33,154038,1000150,edc,paicipantresponsered,correct
2413,Subject46,487,paper,67,paper,colorred,test,num1,typeneutral,singlestim,35,159733,1000170,edc,paicipantresponsered,correct
2709,Subject46,455,suicide,67,suicide,colorred,test,num1,typesuicide,singlestim,37,165396,1000190,edc,paicipantresponsered,correct
3005,Subject46,436,stupid,67,stupid,colorred,test,num1,typenegative,singlestim,39,171038,1000210,edc,paicipantresponsered,correct
3301,Subject46,438,rejected,67,rejected,colorred,test,num1,typenegative,singlestim,41,176683,1000230,edc,paicipantresponsered,correct
3597,Subject46,404,alone,67,alone,colorred,test,num1,typenegative,singlestim,43,182294,1000250,edc,paicipantresponsered,correct
3893,Subject46,367,paper,77,paper,colorblue,test,num1,typeneutral,singlestim,45,187866,1000270,edm,paicipantresponseblue,correct
4189,Subject46,401,museum,77,museum,colorblue,test,num1,typeneutral,singlestim,47,193475,1000290,edm,paicipantresponseblue,correct
4485,Subject46,470,engine,77,engine,colorblue,test,num1,typeneutral,singlestim,49,199152,1000310,edm,paicipantresponseblue,correct
4781,Subject46,406,dead,67,dead,colorred,test,num1,typesuicide,singlestim,51,204765,1000330,edc,paicipantresponsered,correct
5077,Subject46,406,alone,77,alone,colorblue,test,num1,typenegative,singlestim,53,210378,1000350,edm,paicipantresponseblue,correct
5373,Subject46,411,funeral,77,funeral,colorblue,test,num1,typesuicide,singlestim,55,215996,1000370,edm,paicipantresponseblue,correct
5669,Subject46,421,stupid,77,stupid,colorblue,test,num1,typenegative,singlestim,57,221624,1000390,edm,paicipantresponseblue,correct
5965,Subject46,447,suicide,77,suicide,colorblue,test,num1,typesuicide,singlestim,59,227277,1000410,edm,paicipantresponseblue,correct
6261,Subject46,406,success,67,success,colorred,test,num1,typepositive,singlestim,61,232890,1000430,edc,paicipantresponsered,correct
6557,Subject46,430,museum,67,museum,colorred,test,num1,typeneutral,singlestim,63,238526,1000450,edc,paicipantresponsered,correct
6853,Subject46,431,happy,77,happy,colorblue,test,num1,typepositive,singlestim,65,244165,1000470,edm,paicipantresponseblue,correct
7149,Subject46,355,success,67,success,colorred,test,num2,typepositive,singlestim,67,249728,101010,edc,paicipantresponsered,correct
7445,Subject46,410,engine,77,engine,colorblue,test,num2,typeneutral,singlestim,69,255345,101030,edm,paicipantresponseblue,correct
7741,Subject46,404,happy,77,happy,colorblue,test,num2,typepositive,singlestim,71,260957,101050,edm,paicipantresponseblue,correct
8037,Subject46,416,paper,77,paper,colorblue,test,num2,typeneutral,singlestim,73,266578,101070,edm,paicipantresponseblue,correct
8333,Subject46,362,stupid,67,stupid,colorred,test,num2,typenegative,singlestim,75,272147,101090,edc,paicipantresponsered,correct
8629,Subject46,402,engine,67,engine,colorred,test,num2,typeneutral,singlestim,77,277756,1010110,edc,paicipantresponsered,correct
8925,Subject46,500,pleasure,67,pleasure,colorred,test,num2,typepositive,singlestim,79,283463,1010130,edc,paicipantresponsered,correct
9221,Subject46,356,rejected,77,rejected,colorblue,test,num2,typenegative,singlestim,81,289025,1010150,edm,paicipantresponseblue,correct
9517,Subject46,452,dead,67,dead,colorred,test,num2,typesuicide,singlestim,83,294683,1010170,edc,paicipantresponsered,correct
9813,Subject46,390,paper,67,paper,colorred,test,num2,typeneutral,singlestim,85,300280,1010190,edc,paicipantresponsered,correct
10109,Subject46,379,suicide,67,suicide,colorred,test,num2,typesuicide,singlestim,87,305867,1010210,edc,paicipantresponsered,correct
10405,Subject46,363,museum,77,museum,colorblue,test,num2,typeneutral,singlestim,89,311436,1010230,edm,paicipantresponseblue,correct
10701,Subject46,363,alone,67,alone,colorred,test,num2,typenegative,singlestim,91,317007,1010250,edc,paicipantresponsered,correct
10997,Subject46,583,rejected,67,rejected,colorred,test,num2,typenegative,singlestim,93,322796,1010270,edc,paicipantresponsered,correct
11293,Subject46,387,happy,67,happy,colorred,test,num2,typepositive,singlestim,95,328391,1010290,edc,paicipantresponsered,correct
11589,Subject46,409,museum,67,museum,colorred,test,num2,typeneutral,singlestim,97,334006,1010310,edc,paicipantresponsered,correct
11885,Subject46,319,dead,77,dead,colorblue,test,num2,typesuicide,singlestim,99,339531,1010330,edm,paicipantresponseblue,correct
12181,Subject46,413,success,77,success,colorblue,test,num2,typepositive,singlestim,101,345151,1010350,edm,paicipantresponseblue,correct
12477,Subject46,388,stupid,77,stupid,colorblue,test,num2,typenegative,singlestim,103,350745,1010370,edm,paicipantresponseblue,correct
12773,Subject46,373,alone,77,alone,colorblue,test,num2,typenegative,singlestim,105,356326,1010390,edm,paicipantresponseblue,correct
13069,Subject46,372,funeral,67,funeral,colorred,test,num2,typesuicide,singlestim,107,361903,1010410,edc,paicipantresponsered,correct
13365,Subject46,424,pleasure,77,pleasure,colorblue,test,num2,typepositive,singlestim,109,367535,1010430,edm,paicipantresponseblue,correct
13661,Subject46,496,suicide,77,suicide,colorblue,test,num2,typesuicide,singlestim,111,373238,1010450,edm,paicipantresponseblue,correct
13957,Subject46,393,funeral,77,funeral,colorblue,test,num2,typesuicide,singlestim,113,378837,1010470,edm,paicipantresponseblue,correct