,SubjectID,rt,stimulus,keypress,word,color,block,blocknum,wordtype,trialtype,trialindex,timeelapsed,internalnodeid,keypressed,participantresponse,correctresponse
40,Subject41,531,success,67,success,colorblue,test,num1,typepositive,singlestim,19,95400,100010,edc,paicipantresponsered,incorrect
336,Subject41,443,alone,77,alone,colorblue,test,num1,typenegative,singlestim,21,101145,100030,edm,paicipantresponseblue,correct
632,Subject41,510,museum,77,museum,colorblue,test,num1,typeneutral,singlestim,23,106796,100050,edm,paicipantresponseblue,correct
928,Subject41,528,happy,67,happy,colorred,test,num1,typepositive,singlestim,25,112518,100070,edc,paicipantresponsered,correct
1224,Subject41,450,funeral,77,funeral,colorblue,test,num1,typesuicide,singlestim,27,118257,100090,edm,paicipantresponseblue,correct
1520,Subject41,394,dead,77,dead,colorblue,test,num1,typesuicide,singlestim,29,123920,1000110,edm,paicipantresponseblue,correct
1816,Subject41,398,pleasure,67,pleasure,colorred,test,num1,typepositive,singlestim,31,129527,1000130,edc,paicipantresponsered,correct
2112,Subject41,717,dead,77,dead,colorred,test,num1,typesuicide,singlestim,33,135134,1000150,edm,paicipantresponseblue,incorrect
2408,Subject41,436,rejected,67,rejected,colorred,test,num1,typenegative,singlestim,35,141060,1000170,edc,paicipantresponsered,correct
2704,Subject41,668,paper,77,paper,colorblue,test,num1,typeneutral,singlestim,37,146705,1000190,edm,paicipantresponseblue,correct
3000,Subject41,547,museum,77,museum,colorred,test,num1,typeneutral,singlestim,39,152586,1000210,edm,paicipantresponseblue,incorrect
3296,Subject41,429,engine,77,engine,colorblue,test,num1,typeneutral,singlestim,41,158343,1000230,edm,paicipantresponseblue,correct
3592,Subject41,398,suicide,67,suicide,colorred,test,num1,typesuicide,singlestim,43,163984,1000250,edc,paicipantresponsered,correct
3888,Subject41,437,pleasure,77,pleasure,colorblue,test,num1,typepositive,singlestim,45,169594,1000270,edm,paicipantresponseblue,correct
4184,Subject41,496,funeral,67,funeral,colorred,test,num1,typesuicide,singlestim,47,175239,1000290,edc,paicipantresponsered,correct
4480,Subject41,477,alone,67,alone,colorred,test,num1,typenegative,singlestim,49,180947,1000310,edc,paicipantresponsered,correct
4776,Subject41,446,suicide,77,suicide,colorblue,test,num1,typesuicide,singlestim,51,186633,1000330,edm,paicipantresponseblue,correct
5072,Subject41,435,stupid,77,stupid,colorblue,test,num1,typenegative,singlestim,53,192291,1000350,edm,paicipantresponseblue,correct
5368,Subject41,532,rejected,77,rejected,colorblue,test,num1,typenegative,singlestim,55,197938,1000370,edm,paicipantresponseblue,correct
5664,Subject41,439,engine,67,engine,colorred,test,num1,typeneutral,singlestim,57,203682,1000390,edc,paicipantresponsered,correct
5960,Subject41,508,happy,77,happy,colorblue,test,num1,typepositive,singlestim,59,209331,1000410,edm,paicipantresponseblue,correct
6256,Subject41,449,stupid,67,stupid,colorred,test,num1,typenegative,singlestim,61,215053,1000430,edc,paicipantresponsered,correct
6552,Subject41,485,success,67,success,colorred,test,num1,typepositive,singlestim,63,220710,1000450,edc,paicipantresponsered,correct
6848,Subject41,470,paper,67,paper,colorred,test,num1,typeneutral,singlestim,65,226406,1000470,edc,paicipantresponsered,correct
7144,Subject41,564,pleasure,77,pleasure,colorblue,test,num2,typepositive,singlestim,67,232085,101010,edm,paicipantresponseblue,correct
7440,Subject41,441,stupid,67,stupid,colorred,test,num2,typenegative,singlestim,69,237861,101030,edc,paicipantresponsered,correct
7736,Subject41,719,engine,67,engine,colorred,test,num2,typeneutral,singlestim,71,243513,101050,edc,paicipantresponsered,correct
8032,Subject41,546,suicide,77,suicide,colorblue,test,num2,typesuicide,singlestim,73,249445,101070,edm,paicipantresponseblue,correct
8328,Subject41,502,happy,77,happy,colorblue,test,num2,typepositive,singlestim,75,255202,101090,edm,paicipantresponseblue,correct
8624,Subject41,500,alone,67,alone,colorred,test,num2,typenegative,singlestim,77,260918,1010110,edc,paicipantresponsered,correct
8920,Subject41,506,funeral,67,funeral,colorred,test,num2,typesuicide,singlestim,79,266626,1010130,edc,paicipantresponsered,correct
9216,Subject41,436,suicide,67,suicide,colorred,test,num2,typesuicide,singlestim,81,272344,1010150,edc,paicipantresponsered,correct
9512,Subject41,579,museum,67,museum,colorred,test,num2,typeneutral,singlestim,83,277992,1010170,edc,paicipantresponsered,correct
9808,Subject41,389,paper,67,paper,colorred,test,num2,typeneutral,singlestim,85,283783,1010190,edc,paicipantresponsered,correct
10104,Subject41,535,stupid,77,stupid,colorblue,test,num2,typenegative,singlestim,87,289384,1010210,edm,paicipantresponseblue,correct
10400,Subject41,522,happy,67,happy,colorred,test,num2,typepositive,singlestim,89,295132,1010230,edc,paicipantresponsered,correct
10696,Subject41,487,alone,77,alone,colorblue,test,num2,typenegative,singlestim,91,300865,1010250,edm,paicipantresponseblue,correct
10992,Subject41,472,dead,77,dead,colorblue,test,num2,typesuicide,singlestim,93,306565,1010270,edm,paicipantresponseblue,correct
11288,Subject41,489,paper,77,paper,colorblue,test,num2,typeneutral,singlestim,95,312250,1010290,edm,paicipantresponseblue,correct
11584,Subject41,493,museum,77,museum,colorblue,test,num2,typeneutral,singlestim,97,317948,1010310,edm,paicipantresponseblue,correct
11880,Subject41,589,pleasure,67,pleasure,colorred,test,num2,typepositive,singlestim,99,323653,1010330,edc,paicipantresponsered,correct
12176,Subject41,446,rejected,67,rejected,colorred,test,num2,typenegative,singlestim,101,329453,1010350,edc,paicipantresponsered,correct
12472,Subject41,601,success,67,success,colorred,test,num2,typepositive,singlestim,103,335108,1010370,edc,paicipantresponsered,correct
12768,Subject41,598,engine,77,engine,colorblue,test,num2,typeneutral,singlestim,105,340916,1010390,edm,paicipantresponseblue,correct
13064,Subject41,450,success,77,success,colorblue,test,num2,typepositive,singlestim,107,346727,1010410,edm,paicipantresponseblue,correct
13360,Subject41,541,rejected,77,rejected,colorblue,test,num2,typenegative,singlestim,109,352387,1010430,edm,paicipantresponseblue,correct
13656,Subject41,543,funeral,77,funeral,colorblue,test,num2,typesuicide,singlestim,111,358137,1010450,edm,paicipantresponseblue,correct
13952,Subject41,1003,dead,67,dead,colorred,test,num2,typesuicide,singlestim,113,363892,1010470,edc,paicipantresponsered,correct