,SubjectID,rt,stimulus,keypress,word,color,block,blocknum,wordtype,trialtype,trialindex,timeelapsed,internalnodeid,keypressed,participantresponse,correctresponse
182,Subject213,623,dead,67,dead,colorred,test,num1,typesuicide,singlestim,19,101512,100010,edc,paicipantresponsered,correct
478,Subject213,359,engine,77,engine,colorblue,test,num1,typeneutral,singlestim,21,107079,100030,edm,paicipantresponseblue,correct
774,Subject213,498,engine,67,engine,colorred,test,num1,typeneutral,singlestim,23,112784,100050,edc,paicipantresponsered,correct
1070,Subject213,459,rejected,67,rejected,colorred,test,num1,typenegative,singlestim,25,118451,100070,edc,paicipantresponsered,correct
1366,Subject213,507,museum,77,museum,colorblue,test,num1,typeneutral,singlestim,27,124164,100090,edm,paicipantresponseblue,correct
1662,Subject213,416,paper,67,paper,colorred,test,num1,typeneutral,singlestim,29,129787,1000110,edc,paicipantresponsered,correct
1958,Subject213,387,stupid,77,stupid,colorblue,test,num1,typenegative,singlestim,31,135380,1000130,edm,paicipantresponseblue,correct
2254,Subject213,496,success,77,success,colorblue,test,num1,typepositive,singlestim,33,141082,1000150,edm,paicipantresponseblue,correct
2550,Subject213,576,suicide,77,suicide,colorblue,test,num1,typesuicide,singlestim,35,146865,1000170,edm,paicipantresponseblue,correct
2846,Subject213,470,stupid,67,stupid,colorred,test,num1,typenegative,singlestim,37,152543,1000190,edc,paicipantresponsered,correct
3142,Subject213,319,happy,77,happy,colorblue,test,num1,typepositive,singlestim,39,158067,1000210,edm,paicipantresponseblue,correct
3438,Subject213,425,funeral,67,funeral,colorred,test,num1,typesuicide,singlestim,41,163698,1000230,edc,paicipantresponsered,correct
3734,Subject213,378,pleasure,77,pleasure,colorblue,test,num1,typepositive,singlestim,43,169282,1000250,edm,paicipantresponseblue,correct
4030,Subject213,382,museum,67,museum,colorred,test,num1,typeneutral,singlestim,45,174871,1000270,edc,paicipantresponsered,correct
4326,Subject213,401,happy,77,happy,colorred,test,num1,typepositive,singlestim,47,180479,1000290,edm,paicipantresponseblue,incorrect
4622,Subject213,686,rejected,77,rejected,colorblue,test,num1,typenegative,singlestim,49,186372,1000310,edm,paicipantresponseblue,correct
4918,Subject213,547,success,67,success,colorred,test,num1,typepositive,singlestim,51,192127,1000330,edc,paicipantresponsered,correct
5214,Subject213,645,dead,77,dead,colorblue,test,num1,typesuicide,singlestim,53,197980,1000350,edm,paicipantresponseblue,correct
5510,Subject213,509,alone,77,alone,colorblue,test,num1,typenegative,singlestim,55,203694,1000370,edm,paicipantresponseblue,correct
5806,Subject213,509,suicide,67,suicide,colorred,test,num1,typesuicide,singlestim,57,209409,1000390,edc,paicipantresponsered,correct
6102,Subject213,455,pleasure,67,pleasure,colorred,test,num1,typepositive,singlestim,59,215072,1000410,edc,paicipantresponsered,correct
6398,Subject213,454,alone,67,alone,colorred,test,num1,typenegative,singlestim,61,220732,1000430,edc,paicipantresponsered,correct
6694,Subject213,387,funeral,77,funeral,colorblue,test,num1,typesuicide,singlestim,63,226325,1000450,edm,paicipantresponseblue,correct
6990,Subject213,433,paper,77,paper,colorblue,test,num1,typeneutral,singlestim,65,231965,1000470,edm,paicipantresponseblue,correct
7286,Subject213,471,funeral,77,funeral,colorblue,test,num2,typesuicide,singlestim,67,237641,101010,edm,paicipantresponseblue,correct
7582,Subject213,441,rejected,77,rejected,colorblue,test,num2,typenegative,singlestim,69,243288,101030,edm,paicipantresponseblue,correct
7878,Subject213,448,rejected,67,rejected,colorred,test,num2,typenegative,singlestim,71,248942,101050,edc,paicipantresponsered,correct
8174,Subject213,576,pleasure,67,pleasure,colorred,test,num2,typepositive,singlestim,73,254726,101070,edc,paicipantresponsered,correct
8470,Subject213,434,pleasure,77,pleasure,colorblue,test,num2,typepositive,singlestim,75,260368,101090,edm,paicipantresponseblue,correct
8766,Subject213,446,engine,77,engine,colorblue,test,num2,typeneutral,singlestim,77,266020,1010110,edm,paicipantresponseblue,correct
9062,Subject213,338,alone,67,alone,colorred,test,num2,typenegative,singlestim,79,271565,1010130,edc,paicipantresponsered,correct
9358,Subject213,538,funeral,67,funeral,colorred,test,num2,typesuicide,singlestim,81,277309,1010150,edc,paicipantresponsered,correct
9654,Subject213,511,paper,67,paper,colorred,test,num2,typeneutral,singlestim,83,283028,1010170,edc,paicipantresponsered,correct
9950,Subject213,551,museum,67,museum,colorred,test,num2,typeneutral,singlestim,85,288785,1010190,edc,paicipantresponsered,correct
10246,Subject213,432,success,77,success,colorblue,test,num2,typepositive,singlestim,87,294423,1010210,edm,paicipantresponseblue,correct
10542,Subject213,419,museum,77,museum,colorblue,test,num2,typeneutral,singlestim,89,300049,1010230,edm,paicipantresponseblue,correct
10838,Subject213,436,alone,77,alone,colorblue,test,num2,typenegative,singlestim,91,305691,1010250,edm,paicipantresponseblue,correct
11134,Subject213,464,success,67,success,colorred,test,num2,typepositive,singlestim,93,311361,1010270,edc,paicipantresponsered,correct
11430,Subject213,506,stupid,67,stupid,colorred,test,num2,typenegative,singlestim,95,317072,1010290,edc,paicipantresponsered,correct
11726,Subject213,634,suicide,77,suicide,colorblue,test,num2,typesuicide,singlestim,97,322913,1010310,edm,paicipantresponseblue,correct
12022,Subject213,446,engine,67,engine,colorred,test,num2,typeneutral,singlestim,99,328566,1010330,edc,paicipantresponsered,correct
12318,Subject213,524,paper,77,paper,colorblue,test,num2,typeneutral,singlestim,101,334297,1010350,edm,paicipantresponseblue,correct
12614,Subject213,519,stupid,77,stupid,colorblue,test,num2,typenegative,singlestim,103,340021,1010370,edm,paicipantresponseblue,correct
12910,Subject213,456,dead,77,dead,colorblue,test,num2,typesuicide,singlestim,105,345685,1010390,edm,paicipantresponseblue,correct
13206,Subject213,396,dead,67,dead,colorred,test,num2,typesuicide,singlestim,107,351288,1010410,edc,paicipantresponsered,correct
13502,Subject213,652,happy,77,happy,colorblue,test,num2,typepositive,singlestim,109,357147,1010430,edm,paicipantresponseblue,correct
13798,Subject213,462,suicide,67,suicide,colorred,test,num2,typesuicide,singlestim,111,362816,1010450,edc,paicipantresponsered,correct
14094,Subject213,523,happy,67,happy,colorred,test,num2,typepositive,singlestim,113,368549,1010470,edc,paicipantresponsered,correct