,SubjectID,rt,stimulus,keypress,word,color,block,blocknum,wordtype,trialtype,trialindex,timeelapsed,internalnodeid,keypressed,participantresponse,correctresponse
232,Subject265,1200,funeral,67,funeral,colorred,test,num1,typesuicide,singlestim,19,294216,100010,edc,paicipantresponsered,correct
528,Subject265,857,museum,67,museum,colorred,test,num1,typeneutral,singlestim,21,300279,100030,edc,paicipantresponsered,correct
824,Subject265,598,happy,67,happy,colorred,test,num1,typepositive,singlestim,23,306082,100050,edc,paicipantresponsered,correct
1120,Subject265,624,success,67,success,colorred,test,num1,typepositive,singlestim,25,311912,100070,edc,paicipantresponsered,correct
1416,Subject265,928,engine,67,engine,colorred,test,num1,typeneutral,singlestim,27,318046,100090,edc,paicipantresponsered,correct
1712,Subject265,755,success,77,success,colorblue,test,num1,typepositive,singlestim,29,324005,1000110,edm,paicipantresponseblue,correct
2008,Subject265,720,museum,77,museum,colorblue,test,num1,typeneutral,singlestim,31,329930,1000130,edm,paicipantresponseblue,correct
2304,Subject265,1420,dead,67,dead,colorred,test,num1,typesuicide,singlestim,33,336557,1000150,edc,paicipantresponsered,correct
2600,Subject265,1419,stupid,77,stupid,colorblue,test,num1,typenegative,singlestim,35,343182,1000170,edm,paicipantresponseblue,correct
2896,Subject265,857,stupid,67,stupid,colorred,test,num1,typenegative,singlestim,37,349244,1000190,edc,paicipantresponsered,correct
3192,Subject265,1653,suicide,77,suicide,colorblue,test,num1,typesuicide,singlestim,39,356102,1000210,edm,paicipantresponseblue,correct
3488,Subject265,818,paper,77,paper,colorblue,test,num1,typeneutral,singlestim,41,362126,1000230,edm,paicipantresponseblue,correct
3784,Subject265,827,alone,67,alone,colorred,test,num1,typenegative,singlestim,43,368159,1000250,edc,paicipantresponsered,correct
4080,Subject265,956,rejected,67,rejected,colorred,test,num1,typenegative,singlestim,45,374321,1000270,edc,paicipantresponsered,correct
4376,Subject265,1732,pleasure,67,pleasure,colorred,test,num1,typepositive,singlestim,47,381259,1000290,edc,paicipantresponsered,correct
4672,Subject265,1052,engine,77,engine,colorblue,test,num1,typeneutral,singlestim,49,387516,1000310,edm,paicipantresponseblue,correct
4968,Subject265,1617,funeral,77,funeral,colorblue,test,num1,typesuicide,singlestim,51,394339,1000330,edm,paicipantresponseblue,correct
5264,Subject265,787,happy,77,happy,colorblue,test,num1,typepositive,singlestim,53,400331,1000350,edm,paicipantresponseblue,correct
5560,Subject265,636,paper,67,paper,colorred,test,num1,typeneutral,singlestim,55,406173,1000370,edc,paicipantresponsered,correct
5856,Subject265,883,alone,77,alone,colorblue,test,num1,typenegative,singlestim,57,412261,1000390,edm,paicipantresponseblue,correct
6152,Subject265,899,suicide,67,suicide,colorred,test,num1,typesuicide,singlestim,59,418366,1000410,edc,paicipantresponsered,correct
6448,Subject265,1006,pleasure,77,pleasure,colorblue,test,num1,typepositive,singlestim,61,424578,1000430,edm,paicipantresponseblue,correct
6744,Subject265,1,dead,1,dead,colorblue,test,num1,typesuicide,singlestim,63,431787,1000450,ed,,incorrect
7040,Subject265,1003,rejected,77,rejected,colorblue,test,num1,typenegative,singlestim,65,437994,1000470,edm,paicipantresponseblue,correct
7336,Subject265,865,rejected,77,rejected,colorblue,test,num2,typenegative,singlestim,67,444065,101010,edm,paicipantresponseblue,correct
7632,Subject265,785,pleasure,67,pleasure,colorred,test,num2,typepositive,singlestim,69,450057,101030,edc,paicipantresponsered,correct
7928,Subject265,706,pleasure,77,pleasure,colorblue,test,num2,typepositive,singlestim,71,455967,101050,edm,paicipantresponseblue,correct
8224,Subject265,1895,rejected,67,rejected,colorred,test,num2,typenegative,singlestim,73,463067,101070,edc,paicipantresponsered,correct
8520,Subject265,1,alone,1,alone,colorblue,test,num2,typenegative,singlestim,75,470273,101090,ed,,incorrect
8816,Subject265,1252,success,77,success,colorblue,test,num2,typepositive,singlestim,77,479203,1010110,edm,paicipantresponseblue,correct
9112,Subject265,696,alone,67,alone,colorred,test,num2,typenegative,singlestim,79,485103,1010130,edc,paicipantresponsered,correct
9408,Subject265,718,engine,67,engine,colorred,test,num2,typeneutral,singlestim,81,491026,1010150,edc,paicipantresponsered,correct
9704,Subject265,779,dead,67,dead,colorred,test,num2,typesuicide,singlestim,83,497011,1010170,edc,paicipantresponsered,correct
10000,Subject265,1177,museum,77,museum,colorblue,test,num2,typeneutral,singlestim,85,503394,1010190,edm,paicipantresponseblue,correct
10296,Subject265,733,paper,77,paper,colorblue,test,num2,typeneutral,singlestim,87,509332,1010210,edm,paicipantresponseblue,correct
10592,Subject265,739,happy,77,happy,colorblue,test,num2,typepositive,singlestim,89,515275,1010230,edm,paicipantresponseblue,correct
10888,Subject265,1102,suicide,77,suicide,colorblue,test,num2,typesuicide,singlestim,91,521583,1010250,edm,paicipantresponseblue,correct
11184,Subject265,870,success,67,success,colorred,test,num2,typepositive,singlestim,93,527659,1010270,edc,paicipantresponsered,correct
11480,Subject265,1103,paper,67,paper,colorred,test,num2,typeneutral,singlestim,95,533968,1010290,edc,paicipantresponsered,correct
11776,Subject265,670,suicide,67,suicide,colorred,test,num2,typesuicide,singlestim,97,539844,1010310,edc,paicipantresponsered,correct
12072,Subject265,589,stupid,77,stupid,colorblue,test,num2,typenegative,singlestim,99,545639,1010330,edm,paicipantresponseblue,correct
12368,Subject265,1674,dead,77,dead,colorblue,test,num2,typesuicide,singlestim,101,552520,1010350,edm,paicipantresponseblue,correct
12664,Subject265,787,funeral,67,funeral,colorred,test,num2,typesuicide,singlestim,103,558512,1010370,edc,paicipantresponsered,correct
12960,Subject265,965,stupid,67,stupid,colorred,test,num2,typenegative,singlestim,105,564682,1010390,edc,paicipantresponsered,correct
13256,Subject265,661,happy,67,happy,colorred,test,num2,typepositive,singlestim,107,570548,1010410,edc,paicipantresponsered,correct
13552,Subject265,713,funeral,77,funeral,colorblue,test,num2,typesuicide,singlestim,109,576466,1010430,edm,paicipantresponseblue,correct
13848,Subject265,715,museum,67,museum,colorred,test,num2,typeneutral,singlestim,111,582386,1010450,edc,paicipantresponsered,correct
14144,Subject265,749,engine,77,engine,colorblue,test,num2,typeneutral,singlestim,113,588341,1010470,edm,paicipantresponseblue,correct