,SubjectID,rt,stimulus,keypress,word,color,block,blocknum,wordtype,trialtype,trialindex,timeelapsed,internalnodeid,keypressed,participantresponse,correctresponse
261,Subject296,464,suicide,67,suicide,colorred,test,num1,typesuicide,singlestim,19,88821,100010,edc,paicipantresponsered,correct
557,Subject296,562,engine,67,engine,colorred,test,num1,typeneutral,singlestim,21,94592,100030,edc,paicipantresponsered,correct
853,Subject296,495,happy,77,happy,colorblue,test,num1,typepositive,singlestim,23,100295,100050,edm,paicipantresponseblue,correct
1149,Subject296,654,success,67,success,colorred,test,num1,typepositive,singlestim,25,106159,100070,edc,paicipantresponsered,correct
1445,Subject296,460,engine,77,engine,colorblue,test,num1,typeneutral,singlestim,27,111830,100090,edm,paicipantresponseblue,correct
1741,Subject296,593,dead,67,dead,colorred,test,num1,typesuicide,singlestim,29,117634,1000110,edc,paicipantresponsered,correct
2037,Subject296,566,pleasure,77,pleasure,colorblue,test,num1,typepositive,singlestim,31,123406,1000130,edm,paicipantresponseblue,correct
2333,Subject296,394,pleasure,67,pleasure,colorred,test,num1,typepositive,singlestim,33,129012,1000150,edc,paicipantresponsered,correct
2629,Subject296,657,museum,77,museum,colorblue,test,num1,typeneutral,singlestim,35,134882,1000170,edm,paicipantresponseblue,correct
2925,Subject296,366,stupid,67,stupid,colorred,test,num1,typenegative,singlestim,37,140458,1000190,edc,paicipantresponsered,correct
3221,Subject296,433,rejected,77,rejected,colorblue,test,num1,typenegative,singlestim,39,146097,1000210,edm,paicipantresponseblue,correct
3517,Subject296,397,rejected,67,rejected,colorred,test,num1,typenegative,singlestim,41,151707,1000230,edc,paicipantresponsered,correct
3813,Subject296,467,alone,77,alone,colorblue,test,num1,typenegative,singlestim,43,157389,1000250,edm,paicipantresponseblue,correct
4109,Subject296,494,success,77,success,colorblue,test,num1,typepositive,singlestim,45,163092,1000270,edm,paicipantresponseblue,correct
4405,Subject296,819,suicide,77,suicide,colorblue,test,num1,typesuicide,singlestim,47,169124,1000290,edm,paicipantresponseblue,correct
4701,Subject296,478,paper,67,paper,colorred,test,num1,typeneutral,singlestim,49,174814,1000310,edc,paicipantresponsered,correct
4997,Subject296,488,stupid,77,stupid,colorblue,test,num1,typenegative,singlestim,51,180516,1000330,edm,paicipantresponseblue,correct
5293,Subject296,427,funeral,67,funeral,colorred,test,num1,typesuicide,singlestim,53,186155,1000350,edc,paicipantresponsered,correct
5589,Subject296,537,alone,67,alone,colorred,test,num1,typenegative,singlestim,55,191901,1000370,edc,paicipantresponsered,correct
5885,Subject296,989,dead,77,dead,colorblue,test,num1,typesuicide,singlestim,57,198101,1000390,edm,paicipantresponseblue,correct
6181,Subject296,608,happy,67,happy,colorred,test,num1,typepositive,singlestim,59,203918,1000410,edc,paicipantresponsered,correct
6477,Subject296,480,funeral,77,funeral,colorblue,test,num1,typesuicide,singlestim,61,209610,1000430,edm,paicipantresponseblue,correct
6773,Subject296,788,museum,67,museum,colorred,test,num1,typeneutral,singlestim,63,215608,1000450,edc,paicipantresponsered,correct
7069,Subject296,745,paper,77,paper,colorblue,test,num1,typeneutral,singlestim,65,221567,1000470,edm,paicipantresponseblue,correct
7365,Subject296,644,happy,77,happy,colorblue,test,num2,typepositive,singlestim,67,227421,101010,edm,paicipantresponseblue,correct
7661,Subject296,632,museum,77,museum,colorblue,test,num2,typeneutral,singlestim,69,233265,101030,edm,paicipantresponseblue,correct
7957,Subject296,425,success,67,success,colorred,test,num2,typepositive,singlestim,71,238899,101050,edc,paicipantresponsered,correct
8253,Subject296,501,suicide,67,suicide,colorred,test,num2,typesuicide,singlestim,73,244613,101070,edc,paicipantresponsered,correct
8549,Subject296,401,stupid,77,stupid,colorblue,test,num2,typenegative,singlestim,75,250225,101090,edm,paicipantresponseblue,correct
8845,Subject296,761,pleasure,77,pleasure,colorblue,test,num2,typepositive,singlestim,77,256192,1010110,edm,paicipantresponseblue,correct
9141,Subject296,412,engine,67,engine,colorred,test,num2,typeneutral,singlestim,79,261818,1010130,edc,paicipantresponsered,correct
9437,Subject296,435,paper,67,paper,colorred,test,num2,typeneutral,singlestim,81,267464,1010150,edc,paicipantresponsered,correct
9733,Subject296,695,happy,67,happy,colorred,test,num2,typepositive,singlestim,83,273372,1010170,edc,paicipantresponsered,correct
10029,Subject296,473,stupid,67,stupid,colorred,test,num2,typenegative,singlestim,85,279055,1010190,edc,paicipantresponsered,correct
10325,Subject296,632,suicide,77,suicide,colorblue,test,num2,typesuicide,singlestim,87,284900,1010210,edm,paicipantresponseblue,correct
10621,Subject296,648,museum,67,museum,colorred,test,num2,typeneutral,singlestim,89,290762,1010230,edc,paicipantresponsered,correct
10917,Subject296,510,alone,77,alone,colorblue,test,num2,typenegative,singlestim,91,296478,1010250,edm,paicipantresponseblue,correct
11213,Subject296,627,pleasure,67,pleasure,colorred,test,num2,typepositive,singlestim,93,302320,1010270,edc,paicipantresponsered,correct
11509,Subject296,690,dead,67,dead,colorred,test,num2,typesuicide,singlestim,95,308220,1010290,edc,paicipantresponsered,correct
11805,Subject296,549,paper,77,paper,colorblue,test,num2,typeneutral,singlestim,97,313982,1010310,edm,paicipantresponseblue,correct
12101,Subject296,488,dead,67,dead,colorblue,test,num2,typesuicide,singlestim,99,319679,1010330,edc,paicipantresponsered,incorrect
12397,Subject296,1029,success,77,success,colorblue,test,num2,typepositive,singlestim,101,325917,1010350,edm,paicipantresponseblue,correct
12693,Subject296,407,engine,77,engine,colorblue,test,num2,typeneutral,singlestim,103,331534,1010370,edm,paicipantresponseblue,correct
12989,Subject296,408,funeral,77,funeral,colorblue,test,num2,typesuicide,singlestim,105,337155,1010390,edm,paicipantresponseblue,correct
13285,Subject296,539,funeral,67,funeral,colorred,test,num2,typesuicide,singlestim,107,342901,1010410,edc,paicipantresponsered,correct
13581,Subject296,506,rejected,67,rejected,colorred,test,num2,typenegative,singlestim,109,348614,1010430,edc,paicipantresponsered,correct
13877,Subject296,460,rejected,77,rejected,colorblue,test,num2,typenegative,singlestim,111,354283,1010450,edm,paicipantresponseblue,correct
14173,Subject296,452,alone,67,alone,colorred,test,num2,typenegative,singlestim,113,359943,1010470,edc,paicipantresponsered,correct