,SubjectID,rt,stimulus,keypress,word,color,block,blocknum,wordtype,trialtype,trialindex,timeelapsed,internalnodeid,keypressed,participantresponse,correctresponse
52,Subject55,443,rejected,77,rejected,colorblue,test,num1,typenegative,singlestim,19,94898,100010,edm,paicipantresponseblue,correct
348,Subject55,308,stupid,67,stupid,colorred,test,num1,typenegative,singlestim,21,100413,100030,edc,paicipantresponsered,correct
644,Subject55,323,engine,77,engine,colorblue,test,num1,typeneutral,singlestim,23,105943,100050,edm,paicipantresponseblue,correct
940,Subject55,388,suicide,77,suicide,colorblue,test,num1,typesuicide,singlestim,25,111536,100070,edm,paicipantresponseblue,correct
1236,Subject55,369,stupid,77,stupid,colorblue,test,num1,typenegative,singlestim,27,117112,100090,edm,paicipantresponseblue,correct
1532,Subject55,295,museum,67,museum,colorred,test,num1,typeneutral,singlestim,29,122613,1000110,edc,paicipantresponsered,correct
1828,Subject55,337,engine,67,engine,colorred,test,num1,typeneutral,singlestim,31,128157,1000130,edc,paicipantresponsered,correct
2124,Subject55,397,dead,77,dead,colorblue,test,num1,typesuicide,singlestim,33,133761,1000150,edm,paicipantresponseblue,correct
2420,Subject55,326,alone,67,alone,colorred,test,num1,typenegative,singlestim,35,139293,1000170,edc,paicipantresponsered,correct
2716,Subject55,310,happy,67,happy,colorred,test,num1,typepositive,singlestim,37,144810,1000190,edc,paicipantresponsered,correct
3012,Subject55,433,dead,67,dead,colorred,test,num1,typesuicide,singlestim,39,150449,1000210,edc,paicipantresponsered,correct
3308,Subject55,401,happy,77,happy,colorblue,test,num1,typepositive,singlestim,41,156056,1000230,edm,paicipantresponseblue,correct
3604,Subject55,345,pleasure,77,pleasure,colorblue,test,num1,typepositive,singlestim,43,161608,1000250,edm,paicipantresponseblue,correct
3900,Subject55,319,paper,77,paper,colorblue,test,num1,typeneutral,singlestim,45,167134,1000270,edm,paicipantresponseblue,correct
4196,Subject55,310,paper,67,paper,colorred,test,num1,typeneutral,singlestim,47,172651,1000290,edc,paicipantresponsered,correct
4492,Subject55,528,alone,77,alone,colorblue,test,num1,typenegative,singlestim,49,178385,1000310,edm,paicipantresponseblue,correct
4788,Subject55,310,rejected,67,rejected,colorred,test,num1,typenegative,singlestim,51,183901,1000330,edc,paicipantresponsered,correct
5084,Subject55,405,pleasure,67,pleasure,colorred,test,num1,typepositive,singlestim,53,189511,1000350,edc,paicipantresponsered,correct
5380,Subject55,326,funeral,67,funeral,colorred,test,num1,typesuicide,singlestim,55,195043,1000370,edc,paicipantresponsered,correct
5676,Subject55,358,funeral,77,funeral,colorblue,test,num1,typesuicide,singlestim,57,200606,1000390,edm,paicipantresponseblue,correct
5972,Subject55,305,suicide,67,suicide,colorred,test,num1,typesuicide,singlestim,59,206118,1000410,edc,paicipantresponsered,correct
6268,Subject55,295,museum,77,museum,colorblue,test,num1,typeneutral,singlestim,61,211619,1000430,edm,paicipantresponseblue,correct
6564,Subject55,366,success,77,success,colorblue,test,num1,typepositive,singlestim,63,217192,1000450,edm,paicipantresponseblue,correct
6860,Subject55,322,success,67,success,colorred,test,num1,typepositive,singlestim,65,222720,1000470,edc,paicipantresponsered,correct
7156,Subject55,422,stupid,77,stupid,colorblue,test,num2,typenegative,singlestim,67,228350,101010,edm,paicipantresponseblue,correct
7452,Subject55,388,suicide,67,suicide,colorred,test,num2,typesuicide,singlestim,69,233944,101030,edc,paicipantresponsered,correct
7748,Subject55,327,pleasure,67,pleasure,colorred,test,num2,typepositive,singlestim,71,239477,101050,edc,paicipantresponsered,correct
8044,Subject55,397,suicide,77,suicide,colorblue,test,num2,typesuicide,singlestim,73,245080,101070,edm,paicipantresponseblue,correct
8340,Subject55,342,rejected,77,rejected,colorblue,test,num2,typenegative,singlestim,75,250628,101090,edm,paicipantresponseblue,correct
8636,Subject55,428,success,67,success,colorred,test,num2,typepositive,singlestim,77,256263,1010110,edc,paicipantresponsered,correct
8932,Subject55,347,pleasure,77,pleasure,colorblue,test,num2,typepositive,singlestim,79,261816,1010130,edm,paicipantresponseblue,correct
9228,Subject55,390,alone,77,alone,colorblue,test,num2,typenegative,singlestim,81,267412,1010150,edm,paicipantresponseblue,correct
9524,Subject55,371,museum,77,museum,colorblue,test,num2,typeneutral,singlestim,83,272989,1010170,edm,paicipantresponseblue,correct
9820,Subject55,341,happy,67,happy,colorred,test,num2,typepositive,singlestim,85,278537,1010190,edc,paicipantresponsered,correct
10116,Subject55,508,funeral,67,funeral,colorred,test,num2,typesuicide,singlestim,87,284252,1010210,edc,paicipantresponsered,correct
10412,Subject55,338,engine,77,engine,colorblue,test,num2,typeneutral,singlestim,89,289797,1010230,edm,paicipantresponseblue,correct
10708,Subject55,378,dead,67,dead,colorred,test,num2,typesuicide,singlestim,91,295381,1010250,edc,paicipantresponsered,correct
11004,Subject55,380,happy,77,happy,colorblue,test,num2,typepositive,singlestim,93,300968,1010270,edm,paicipantresponseblue,correct
11300,Subject55,309,alone,67,alone,colorred,test,num2,typenegative,singlestim,95,306482,1010290,edc,paicipantresponsered,correct
11596,Subject55,353,paper,77,paper,colorblue,test,num2,typeneutral,singlestim,97,312042,1010310,edm,paicipantresponseblue,correct
11892,Subject55,356,success,77,success,colorblue,test,num2,typepositive,singlestim,99,317604,1010330,edm,paicipantresponseblue,correct
12188,Subject55,338,stupid,67,stupid,colorred,test,num2,typenegative,singlestim,101,323152,1010350,edc,paicipantresponsered,correct
12484,Subject55,423,museum,67,museum,colorred,test,num2,typeneutral,singlestim,103,328780,1010370,edc,paicipantresponsered,correct
12780,Subject55,385,dead,77,dead,colorblue,test,num2,typesuicide,singlestim,105,334371,1010390,edm,paicipantresponseblue,correct
13076,Subject55,410,funeral,77,funeral,colorblue,test,num2,typesuicide,singlestim,107,339987,1010410,edm,paicipantresponseblue,correct
13372,Subject55,309,rejected,67,rejected,colorred,test,num2,typenegative,singlestim,109,345502,1010430,edc,paicipantresponsered,correct
13668,Subject55,397,paper,67,paper,colorred,test,num2,typeneutral,singlestim,111,351105,1010450,edc,paicipantresponsered,correct
13964,Subject55,393,engine,67,engine,colorred,test,num2,typeneutral,singlestim,113,356705,1010470,edc,paicipantresponsered,correct