,SubjectID,rt,stimulus,keypress,word,color,block,blocknum,wordtype,trialtype,trialindex,timeelapsed,internalnodeid,keypressed,participantresponse,correctresponse
72,Subject77,454,museum,77,museum,colorblue,test,num1,typeneutral,singlestim,19,102691,100010,edm,paicipantresponseblue,correct
368,Subject77,384,suicide,77,suicide,colorblue,test,num1,typesuicide,singlestim,21,108284,100030,edm,paicipantresponseblue,correct
664,Subject77,408,success,77,success,colorblue,test,num1,typepositive,singlestim,23,113903,100050,edm,paicipantresponseblue,correct
960,Subject77,453,happy,67,happy,colorred,test,num1,typepositive,singlestim,25,119566,100070,edc,paicipantresponsered,correct
1256,Subject77,349,stupid,77,stupid,colorblue,test,num1,typenegative,singlestim,27,125127,100090,edm,paicipantresponseblue,correct
1552,Subject77,442,happy,77,happy,colorblue,test,num1,typepositive,singlestim,29,130779,1000110,edm,paicipantresponseblue,correct
1848,Subject77,525,engine,77,engine,colorblue,test,num1,typeneutral,singlestim,31,136516,1000130,edm,paicipantresponseblue,correct
2144,Subject77,385,suicide,67,suicide,colorred,test,num1,typesuicide,singlestim,33,142110,1000150,edc,paicipantresponsered,correct
2440,Subject77,507,paper,67,paper,colorred,test,num1,typeneutral,singlestim,35,147827,1000170,edc,paicipantresponsered,correct
2736,Subject77,519,pleasure,67,pleasure,colorred,test,num1,typepositive,singlestim,37,153556,1000190,edc,paicipantresponsered,correct
3032,Subject77,444,funeral,67,funeral,colorred,test,num1,typesuicide,singlestim,39,159210,1000210,edc,paicipantresponsered,correct
3328,Subject77,437,dead,77,dead,colorblue,test,num1,typesuicide,singlestim,41,164857,1000230,edm,paicipantresponseblue,correct
3624,Subject77,490,dead,67,dead,colorred,test,num1,typesuicide,singlestim,43,170557,1000250,edc,paicipantresponsered,correct
3920,Subject77,434,rejected,67,rejected,colorred,test,num1,typenegative,singlestim,45,176201,1000270,edc,paicipantresponsered,correct
4216,Subject77,367,success,67,success,colorred,test,num1,typepositive,singlestim,47,181780,1000290,edc,paicipantresponsered,correct
4512,Subject77,425,engine,67,engine,colorred,test,num1,typeneutral,singlestim,49,187416,1000310,edc,paicipantresponsered,correct
4808,Subject77,421,funeral,77,funeral,colorblue,test,num1,typesuicide,singlestim,51,193048,1000330,edm,paicipantresponseblue,correct
5104,Subject77,414,paper,77,paper,colorblue,test,num1,typeneutral,singlestim,53,198672,1000350,edm,paicipantresponseblue,correct
5400,Subject77,486,alone,67,alone,colorred,test,num1,typenegative,singlestim,55,204368,1000370,edc,paicipantresponsered,correct
5696,Subject77,459,pleasure,77,pleasure,colorblue,test,num1,typepositive,singlestim,57,210041,1000390,edm,paicipantresponseblue,correct
5992,Subject77,368,stupid,67,stupid,colorred,test,num1,typenegative,singlestim,59,215618,1000410,edc,paicipantresponsered,correct
6288,Subject77,454,museum,77,museum,colorred,test,num1,typeneutral,singlestim,61,221283,1000430,edm,paicipantresponseblue,incorrect
6584,Subject77,825,alone,77,alone,colorblue,test,num1,typenegative,singlestim,63,227318,1000450,edm,paicipantresponseblue,correct
6880,Subject77,422,rejected,77,rejected,colorblue,test,num1,typenegative,singlestim,65,232951,1000470,edm,paicipantresponseblue,correct
7176,Subject77,408,success,67,success,colorred,test,num2,typepositive,singlestim,67,238567,101010,edc,paicipantresponsered,correct
7472,Subject77,477,paper,77,paper,colorblue,test,num2,typeneutral,singlestim,69,244255,101030,edm,paicipantresponseblue,correct
7768,Subject77,483,museum,77,museum,colorblue,test,num2,typeneutral,singlestim,71,249948,101050,edm,paicipantresponseblue,correct
8064,Subject77,525,engine,67,engine,colorred,test,num2,typeneutral,singlestim,73,255684,101070,edc,paicipantresponsered,correct
8360,Subject77,462,rejected,67,rejected,colorred,test,num2,typenegative,singlestim,75,261356,101090,edc,paicipantresponsered,correct
8656,Subject77,526,museum,67,museum,colorred,test,num2,typeneutral,singlestim,77,267093,1010110,edc,paicipantresponsered,correct
8952,Subject77,594,alone,67,alone,colorred,test,num2,typenegative,singlestim,79,272899,1010130,edc,paicipantresponsered,correct
9248,Subject77,382,happy,77,happy,colorblue,test,num2,typepositive,singlestim,81,278492,1010150,edm,paicipantresponseblue,correct
9544,Subject77,453,funeral,67,funeral,colorred,test,num2,typesuicide,singlestim,83,284159,1010170,edc,paicipantresponsered,correct
9840,Subject77,401,rejected,77,rejected,colorblue,test,num2,typenegative,singlestim,85,289768,1010190,edm,paicipantresponseblue,correct
10136,Subject77,543,alone,77,alone,colorblue,test,num2,typenegative,singlestim,87,295524,1010210,edm,paicipantresponseblue,correct
10432,Subject77,482,success,77,success,colorblue,test,num2,typepositive,singlestim,89,301215,1010230,edm,paicipantresponseblue,correct
10728,Subject77,430,suicide,77,suicide,colorblue,test,num2,typesuicide,singlestim,91,306857,1010250,edm,paicipantresponseblue,correct
11024,Subject77,368,funeral,77,funeral,colorblue,test,num2,typesuicide,singlestim,93,312437,1010270,edm,paicipantresponseblue,correct
11320,Subject77,477,engine,77,engine,colorblue,test,num2,typeneutral,singlestim,95,318123,1010290,edm,paicipantresponseblue,correct
11616,Subject77,477,pleasure,67,pleasure,colorred,test,num2,typepositive,singlestim,97,323810,1010310,edc,paicipantresponsered,correct
11912,Subject77,406,happy,67,happy,colorred,test,num2,typepositive,singlestim,99,329428,1010330,edc,paicipantresponsered,correct
12208,Subject77,524,dead,77,dead,colorblue,test,num2,typesuicide,singlestim,101,335164,1010350,edm,paicipantresponseblue,correct
12504,Subject77,394,stupid,77,stupid,colorblue,test,num2,typenegative,singlestim,103,340768,1010370,edm,paicipantresponseblue,correct
12800,Subject77,526,stupid,67,stupid,colorred,test,num2,typenegative,singlestim,105,346508,1010390,edc,paicipantresponsered,correct
13096,Subject77,534,paper,67,paper,colorred,test,num2,typeneutral,singlestim,107,352255,1010410,edc,paicipantresponsered,correct
13392,Subject77,480,suicide,67,suicide,colorred,test,num2,typesuicide,singlestim,109,357944,1010430,edc,paicipantresponsered,correct
13688,Subject77,476,dead,67,dead,colorred,test,num2,typesuicide,singlestim,111,363632,1010450,edc,paicipantresponsered,correct
13984,Subject77,539,pleasure,77,pleasure,colorblue,test,num2,typepositive,singlestim,113,369381,1010470,edm,paicipantresponseblue,correct