,SubjectID,rt,stimulus,keypress,word,color,block,blocknum,wordtype,trialtype,trialindex,timeelapsed,internalnodeid,keypressed,participantresponse,correctresponse
41,Subject42,326,stupid,67,stupid,colorred,test,num1,typenegative,singlestim,19,78559,100010,edc,paicipantresponsered,correct
337,Subject42,333,suicide,77,suicide,colorblue,test,num1,typesuicide,singlestim,21,84099,100030,edm,paicipantresponseblue,correct
633,Subject42,333,success,77,success,colorblue,test,num1,typepositive,singlestim,23,89638,100050,edm,paicipantresponseblue,correct
929,Subject42,397,pleasure,67,pleasure,colorred,test,num1,typepositive,singlestim,25,95241,100070,edc,paicipantresponsered,correct
1225,Subject42,294,dead,77,dead,colorblue,test,num1,typesuicide,singlestim,27,100740,100090,edm,paicipantresponseblue,correct
1521,Subject42,460,museum,77,museum,colorblue,test,num1,typeneutral,singlestim,29,106406,1000110,edm,paicipantresponseblue,correct
1817,Subject42,300,happy,67,happy,colorred,test,num1,typepositive,singlestim,31,111913,1000130,edc,paicipantresponsered,correct
2113,Subject42,277,paper,77,paper,colorblue,test,num1,typeneutral,singlestim,33,117397,1000150,edm,paicipantresponseblue,correct
2409,Subject42,504,engine,77,engine,colorblue,test,num1,typeneutral,singlestim,35,123107,1000170,edm,paicipantresponseblue,correct
2705,Subject42,404,stupid,77,stupid,colorblue,test,num1,typenegative,singlestim,37,128719,1000190,edm,paicipantresponseblue,correct
3001,Subject42,400,suicide,77,suicide,colorred,test,num1,typesuicide,singlestim,39,134325,1000210,edm,paicipantresponseblue,incorrect
3297,Subject42,399,rejected,77,rejected,colorblue,test,num1,typenegative,singlestim,41,139930,1000230,edm,paicipantresponseblue,correct
3593,Subject42,360,engine,67,engine,colorred,test,num1,typeneutral,singlestim,43,145496,1000250,edc,paicipantresponsered,correct
3889,Subject42,483,alone,77,alone,colorblue,test,num1,typenegative,singlestim,45,151184,1000270,edm,paicipantresponseblue,correct
4185,Subject42,304,rejected,67,rejected,colorred,test,num1,typenegative,singlestim,47,156696,1000290,edc,paicipantresponsered,correct
4481,Subject42,359,success,67,success,colorred,test,num1,typepositive,singlestim,49,162262,1000310,edc,paicipantresponsered,correct
4777,Subject42,348,dead,67,dead,colorred,test,num1,typesuicide,singlestim,51,167814,1000330,edc,paicipantresponsered,correct
5073,Subject42,403,paper,67,paper,colorred,test,num1,typeneutral,singlestim,53,173425,1000350,edc,paicipantresponsered,correct
5369,Subject42,437,museum,67,museum,colorred,test,num1,typeneutral,singlestim,55,179068,1000370,edc,paicipantresponsered,correct
5665,Subject42,666,happy,77,happy,colorblue,test,num1,typepositive,singlestim,57,184938,1000390,edm,paicipantresponseblue,correct
5961,Subject42,450,funeral,77,funeral,colorblue,test,num1,typesuicide,singlestim,59,190594,1000410,edm,paicipantresponseblue,correct
6257,Subject42,780,alone,67,alone,colorred,test,num1,typenegative,singlestim,61,196578,1000430,edc,paicipantresponsered,correct
6553,Subject42,460,pleasure,77,pleasure,colorblue,test,num1,typepositive,singlestim,63,202245,1000450,edm,paicipantresponseblue,correct
6849,Subject42,526,funeral,67,funeral,colorred,test,num1,typesuicide,singlestim,65,207976,1000470,edc,paicipantresponsered,correct
7145,Subject42,359,museum,67,museum,colorred,test,num2,typeneutral,singlestim,67,213541,101010,edc,paicipantresponsered,correct
7441,Subject42,432,paper,67,paper,colorred,test,num2,typeneutral,singlestim,69,219181,101030,edc,paicipantresponsered,correct
7737,Subject42,307,dead,67,dead,colorred,test,num2,typesuicide,singlestim,71,224696,101050,edc,paicipantresponsered,correct
8033,Subject42,389,happy,67,happy,colorred,test,num2,typepositive,singlestim,73,230289,101070,edc,paicipantresponsered,correct
8329,Subject42,599,funeral,77,funeral,colorblue,test,num2,typesuicide,singlestim,75,236093,101090,edm,paicipantresponseblue,correct
8625,Subject42,486,pleasure,77,pleasure,colorblue,test,num2,typepositive,singlestim,77,241784,1010110,edm,paicipantresponseblue,correct
8921,Subject42,517,pleasure,67,pleasure,colorred,test,num2,typepositive,singlestim,79,247507,1010130,edc,paicipantresponsered,correct
9217,Subject42,807,engine,77,engine,colorblue,test,num2,typeneutral,singlestim,81,253520,1010150,edm,paicipantresponseblue,correct
9513,Subject42,567,rejected,77,rejected,colorblue,test,num2,typenegative,singlestim,83,259292,1010170,edm,paicipantresponseblue,correct
9809,Subject42,409,stupid,77,stupid,colorblue,test,num2,typenegative,singlestim,85,264907,1010190,edm,paicipantresponseblue,correct
10105,Subject42,357,museum,77,museum,colorblue,test,num2,typeneutral,singlestim,87,270470,1010210,edm,paicipantresponseblue,correct
10401,Subject42,364,paper,77,paper,colorblue,test,num2,typeneutral,singlestim,89,276040,1010230,edm,paicipantresponseblue,correct
10697,Subject42,286,suicide,67,suicide,colorred,test,num2,typesuicide,singlestim,91,281530,1010250,edc,paicipantresponsered,correct
10993,Subject42,339,suicide,77,suicide,colorblue,test,num2,typesuicide,singlestim,93,287074,1010270,edm,paicipantresponseblue,correct
11289,Subject42,338,happy,77,happy,colorblue,test,num2,typepositive,singlestim,95,292617,1010290,edm,paicipantresponseblue,correct
11585,Subject42,471,alone,67,alone,colorred,test,num2,typenegative,singlestim,97,298295,1010310,edc,paicipantresponsered,correct
11881,Subject42,549,success,67,success,colorred,test,num2,typepositive,singlestim,99,304053,1010330,edc,paicipantresponsered,correct
12177,Subject42,400,rejected,67,rejected,colorred,test,num2,typenegative,singlestim,101,309659,1010350,edc,paicipantresponsered,correct
12473,Subject42,401,stupid,67,stupid,colorred,test,num2,typenegative,singlestim,103,315266,1010370,edc,paicipantresponsered,correct
12769,Subject42,513,dead,77,dead,colorblue,test,num2,typesuicide,singlestim,105,320985,1010390,edm,paicipantresponseblue,correct
13065,Subject42,467,engine,67,engine,colorred,test,num2,typeneutral,singlestim,107,326660,1010410,edc,paicipantresponsered,correct
13361,Subject42,360,success,77,success,colorblue,test,num2,typepositive,singlestim,109,332224,1010430,edm,paicipantresponseblue,correct
13657,Subject42,441,alone,67,alone,colorblue,test,num2,typenegative,singlestim,111,337872,1010450,edc,paicipantresponsered,incorrect
13953,Subject42,442,funeral,67,funeral,colorred,test,num2,typesuicide,singlestim,113,343520,1010470,edc,paicipantresponsered,correct