,SubjectID,rt,stimulus,keypress,word,color,block,blocknum,wordtype,trialtype,trialindex,timeelapsed,internalnodeid,keypressed,participantresponse,correctresponse
106,Subject114,1762,museum,67,museum,colorred,test,num1,typeneutral,singlestim,19,110861,100010,edc,paicipantresponsered,correct
402,Subject114,686,suicide,77,suicide,colorblue,test,num1,typesuicide,singlestim,21,116787,100030,edm,paicipantresponseblue,correct
698,Subject114,606,paper,77,paper,colorblue,test,num1,typeneutral,singlestim,23,122637,100050,edm,paicipantresponseblue,correct
994,Subject114,860,funeral,77,funeral,colorblue,test,num1,typesuicide,singlestim,25,128744,100070,edm,paicipantresponseblue,correct
1290,Subject114,772,dead,77,dead,colorblue,test,num1,typesuicide,singlestim,27,134771,100090,edm,paicipantresponseblue,correct
1586,Subject114,1010,pleasure,77,pleasure,colorblue,test,num1,typepositive,singlestim,29,141041,1000110,edm,paicipantresponseblue,correct
1882,Subject114,858,stupid,77,stupid,colorblue,test,num1,typenegative,singlestim,31,147143,1000130,edm,paicipantresponseblue,correct
2178,Subject114,679,happy,77,happy,colorblue,test,num1,typepositive,singlestim,33,153090,1000150,edm,paicipantresponseblue,correct
2474,Subject114,509,dead,67,dead,colorred,test,num1,typesuicide,singlestim,35,158865,1000170,edc,paicipantresponsered,correct
2770,Subject114,402,alone,77,alone,colorblue,test,num1,typenegative,singlestim,37,164517,1000190,edm,paicipantresponseblue,correct
3066,Subject114,533,rejected,67,rejected,colorred,test,num1,typenegative,singlestim,39,170309,1000210,edc,paicipantresponsered,correct
3362,Subject114,537,paper,67,paper,colorred,test,num1,typeneutral,singlestim,41,176087,1000230,edc,paicipantresponsered,correct
3658,Subject114,565,engine,77,engine,colorblue,test,num1,typeneutral,singlestim,43,181890,1000250,edm,paicipantresponseblue,correct
3954,Subject114,545,museum,77,museum,colorblue,test,num1,typeneutral,singlestim,45,187690,1000270,edm,paicipantresponseblue,correct
4250,Subject114,671,alone,67,alone,colorred,test,num1,typenegative,singlestim,47,193611,1000290,edc,paicipantresponsered,correct
4546,Subject114,452,funeral,67,funeral,colorred,test,num1,typesuicide,singlestim,49,199311,1000310,edc,paicipantresponsered,correct
4842,Subject114,487,suicide,67,suicide,colorred,test,num1,typesuicide,singlestim,51,205050,1000330,edc,paicipantresponsered,correct
5138,Subject114,546,stupid,67,stupid,colorred,test,num1,typenegative,singlestim,53,210827,1000350,edc,paicipantresponsered,correct
5434,Subject114,524,rejected,77,rejected,colorblue,test,num1,typenegative,singlestim,55,216622,1000370,edm,paicipantresponseblue,correct
5730,Subject114,439,happy,67,happy,colorred,test,num1,typepositive,singlestim,57,222333,1000390,edc,paicipantresponsered,correct
6026,Subject114,466,success,67,success,colorred,test,num1,typepositive,singlestim,59,228046,1000410,edc,paicipantresponsered,correct
6322,Subject114,473,engine,67,engine,colorred,test,num1,typeneutral,singlestim,61,233756,1000430,edc,paicipantresponsered,correct
6618,Subject114,489,success,77,success,colorblue,test,num1,typepositive,singlestim,63,239488,1000450,edm,paicipantresponseblue,correct
6914,Subject114,411,pleasure,67,pleasure,colorred,test,num1,typepositive,singlestim,65,245137,1000470,edc,paicipantresponsered,correct
7210,Subject114,452,museum,67,museum,colorred,test,num2,typeneutral,singlestim,67,250854,101010,edc,paicipantresponsered,correct
7506,Subject114,466,dead,67,dead,colorred,test,num2,typesuicide,singlestim,69,256565,101030,edc,paicipantresponsered,correct
7802,Subject114,492,engine,77,engine,colorblue,test,num2,typeneutral,singlestim,71,262308,101050,edm,paicipantresponseblue,correct
8098,Subject114,353,dead,77,dead,colorblue,test,num2,typesuicide,singlestim,73,267909,101070,edm,paicipantresponseblue,correct
8394,Subject114,378,paper,67,paper,colorred,test,num2,typeneutral,singlestim,75,273541,101090,edc,paicipantresponsered,correct
8690,Subject114,408,paper,77,paper,colorblue,test,num2,typeneutral,singlestim,77,279192,1010110,edm,paicipantresponseblue,correct
8986,Subject114,494,pleasure,77,pleasure,colorblue,test,num2,typepositive,singlestim,79,284940,1010130,edm,paicipantresponseblue,correct
9282,Subject114,436,happy,67,happy,colorred,test,num2,typepositive,singlestim,81,290618,1010150,edc,paicipantresponsered,correct
9578,Subject114,391,alone,77,alone,colorblue,test,num2,typenegative,singlestim,83,296254,1010170,edm,paicipantresponseblue,correct
9874,Subject114,509,funeral,77,funeral,colorblue,test,num2,typesuicide,singlestim,85,302009,1010190,edm,paicipantresponseblue,correct
10170,Subject114,436,rejected,77,rejected,colorblue,test,num2,typenegative,singlestim,87,307696,1010210,edm,paicipantresponseblue,correct
10466,Subject114,357,suicide,67,suicide,colorred,test,num2,typesuicide,singlestim,89,313313,1010230,edc,paicipantresponsered,correct
10762,Subject114,549,success,67,success,colorred,test,num2,typepositive,singlestim,91,319117,1010250,edc,paicipantresponsered,correct
11058,Subject114,471,funeral,67,funeral,colorred,test,num2,typesuicide,singlestim,93,324842,1010270,edc,paicipantresponsered,correct
11354,Subject114,480,pleasure,67,pleasure,colorred,test,num2,typepositive,singlestim,95,330573,1010290,edc,paicipantresponsered,correct
11650,Subject114,365,success,77,success,colorblue,test,num2,typepositive,singlestim,97,336203,1010310,edm,paicipantresponseblue,correct
11946,Subject114,520,stupid,77,stupid,colorblue,test,num2,typenegative,singlestim,99,341980,1010330,edm,paicipantresponseblue,correct
12242,Subject114,346,rejected,67,rejected,colorred,test,num2,typenegative,singlestim,101,347557,1010350,edc,paicipantresponsered,correct
12538,Subject114,815,happy,77,happy,colorblue,test,num2,typepositive,singlestim,103,353627,1010370,edm,paicipantresponseblue,correct
12834,Subject114,512,alone,67,alone,colorred,test,num2,typenegative,singlestim,105,359409,1010390,edc,paicipantresponsered,correct
13130,Subject114,567,stupid,67,stupid,colorred,test,num2,typenegative,singlestim,107,365213,1010410,edc,paicipantresponsered,correct
13426,Subject114,461,engine,67,engine,colorred,test,num2,typeneutral,singlestim,109,370927,1010430,edc,paicipantresponsered,correct
13722,Subject114,478,suicide,77,suicide,colorblue,test,num2,typesuicide,singlestim,111,376658,1010450,edm,paicipantresponseblue,correct
14018,Subject114,484,museum,77,museum,colorblue,test,num2,typeneutral,singlestim,113,382404,1010470,edm,paicipantresponseblue,correct