,SubjectID,rt,stimulus,keypress,word,color,block,blocknum,wordtype,trialtype,trialindex,timeelapsed,internalnodeid,keypressed,participantresponse,correctresponse
130,Subject140,325,museum,77,museum,colorblue,test,num1,typeneutral,singlestim,19,80459,100010,edm,paicipantresponseblue,correct
426,Subject140,476,dead,67,dead,colorred,test,num1,typesuicide,singlestim,21,86139,100030,edc,paicipantresponsered,correct
722,Subject140,354,rejected,77,rejected,colorblue,test,num1,typenegative,singlestim,23,91699,100050,edm,paicipantresponseblue,correct
1018,Subject140,424,funeral,77,funeral,colorblue,test,num1,typesuicide,singlestim,25,97327,100070,edm,paicipantresponseblue,correct
1314,Subject140,376,success,77,success,colorblue,test,num1,typepositive,singlestim,27,102908,100090,edm,paicipantresponseblue,correct
1610,Subject140,397,paper,67,paper,colorred,test,num1,typeneutral,singlestim,29,108509,1000110,edc,paicipantresponsered,correct
1906,Subject140,343,alone,77,alone,colorblue,test,num1,typenegative,singlestim,31,114056,1000130,edm,paicipantresponseblue,correct
2202,Subject140,332,museum,67,museum,colorred,test,num1,typeneutral,singlestim,33,119590,1000150,edc,paicipantresponsered,correct
2498,Subject140,691,rejected,67,rejected,colorred,test,num1,typenegative,singlestim,35,125485,1000170,edc,paicipantresponsered,correct
2794,Subject140,734,paper,77,paper,colorblue,test,num1,typeneutral,singlestim,37,131422,1000190,edm,paicipantresponseblue,correct
3090,Subject140,599,funeral,67,funeral,colorred,test,num1,typesuicide,singlestim,39,137226,1000210,edc,paicipantresponsered,correct
3386,Subject140,319,engine,77,engine,colorblue,test,num1,typeneutral,singlestim,41,142749,1000230,edm,paicipantresponseblue,correct
3682,Subject140,398,suicide,77,suicide,colorblue,test,num1,typesuicide,singlestim,43,148350,1000250,edm,paicipantresponseblue,correct
3978,Subject140,553,dead,77,dead,colorblue,test,num1,typesuicide,singlestim,45,154107,1000270,edm,paicipantresponseblue,correct
4274,Subject140,460,happy,77,happy,colorblue,test,num1,typepositive,singlestim,47,159773,1000290,edm,paicipantresponseblue,correct
4570,Subject140,449,success,67,success,colorred,test,num1,typepositive,singlestim,49,165425,1000310,edc,paicipantresponsered,correct
4866,Subject140,412,pleasure,77,pleasure,colorblue,test,num1,typepositive,singlestim,51,171045,1000330,edm,paicipantresponseblue,correct
5162,Subject140,873,pleasure,67,pleasure,colorred,test,num1,typepositive,singlestim,53,177121,1000350,edc,paicipantresponsered,correct
5458,Subject140,534,suicide,67,suicide,colorred,test,num1,typesuicide,singlestim,55,182859,1000370,edc,paicipantresponsered,correct
5754,Subject140,425,stupid,67,stupid,colorred,test,num1,typenegative,singlestim,57,188489,1000390,edc,paicipantresponsered,correct
6050,Subject140,369,stupid,77,stupid,colorblue,test,num1,typenegative,singlestim,59,194062,1000410,edm,paicipantresponseblue,correct
6346,Subject140,317,alone,67,alone,colorred,test,num1,typenegative,singlestim,61,199584,1000430,edc,paicipantresponsered,correct
6642,Subject140,404,engine,67,engine,colorred,test,num1,typeneutral,singlestim,63,205190,1000450,edc,paicipantresponsered,correct
6938,Subject140,354,happy,67,happy,colorred,test,num1,typepositive,singlestim,65,210746,1000470,edc,paicipantresponsered,correct
7234,Subject140,404,rejected,67,rejected,colorred,test,num2,typenegative,singlestim,67,216356,101010,edc,paicipantresponsered,correct
7530,Subject140,429,dead,67,dead,colorred,test,num2,typesuicide,singlestim,69,221988,101030,edc,paicipantresponsered,correct
7826,Subject140,443,success,77,success,colorblue,test,num2,typepositive,singlestim,71,227635,101050,edm,paicipantresponseblue,correct
8122,Subject140,422,pleasure,77,pleasure,colorblue,test,num2,typepositive,singlestim,73,233262,101070,edm,paicipantresponseblue,correct
8418,Subject140,531,funeral,67,funeral,colorblue,test,num2,typesuicide,singlestim,75,238999,101090,edc,paicipantresponsered,incorrect
8714,Subject140,371,pleasure,77,pleasure,colorred,test,num2,typepositive,singlestim,77,244576,1010110,edm,paicipantresponseblue,incorrect
9010,Subject140,427,happy,77,happy,colorred,test,num2,typepositive,singlestim,79,250206,1010130,edm,paicipantresponseblue,incorrect
9306,Subject140,731,dead,77,dead,colorblue,test,num2,typesuicide,singlestim,81,256140,1010150,edm,paicipantresponseblue,correct
9602,Subject140,654,happy,77,happy,colorblue,test,num2,typepositive,singlestim,83,261999,1010170,edm,paicipantresponseblue,correct
9898,Subject140,459,engine,77,engine,colorblue,test,num2,typeneutral,singlestim,85,267661,1010190,edm,paicipantresponseblue,correct
10194,Subject140,368,alone,77,alone,colorblue,test,num2,typenegative,singlestim,87,273232,1010210,edm,paicipantresponseblue,correct
10490,Subject140,299,museum,67,museum,colorred,test,num2,typeneutral,singlestim,89,278734,1010230,edc,paicipantresponsered,correct
10786,Subject140,427,engine,67,engine,colorred,test,num2,typeneutral,singlestim,91,284364,1010250,edc,paicipantresponsered,correct
11082,Subject140,444,museum,77,museum,colorblue,test,num2,typeneutral,singlestim,93,290013,1010270,edm,paicipantresponseblue,correct
11378,Subject140,361,suicide,67,suicide,colorred,test,num2,typesuicide,singlestim,95,295580,1010290,edc,paicipantresponsered,correct
11674,Subject140,537,success,67,success,colorred,test,num2,typepositive,singlestim,97,301321,1010310,edc,paicipantresponsered,correct
11970,Subject140,346,funeral,67,funeral,colorred,test,num2,typesuicide,singlestim,99,306869,1010330,edc,paicipantresponsered,correct
12266,Subject140,399,paper,77,paper,colorblue,test,num2,typeneutral,singlestim,101,312473,1010350,edm,paicipantresponseblue,correct
12562,Subject140,412,stupid,77,stupid,colorred,test,num2,typenegative,singlestim,103,318090,1010370,edm,paicipantresponseblue,incorrect
12858,Subject140,415,rejected,77,rejected,colorblue,test,num2,typenegative,singlestim,105,323710,1010390,edm,paicipantresponseblue,correct
13154,Subject140,386,alone,67,alone,colorred,test,num2,typenegative,singlestim,107,329300,1010410,edc,paicipantresponsered,correct
13450,Subject140,647,stupid,77,stupid,colorblue,test,num2,typenegative,singlestim,109,335153,1010430,edm,paicipantresponseblue,correct
13746,Subject140,344,paper,67,paper,colorred,test,num2,typeneutral,singlestim,111,340700,1010450,edc,paicipantresponsered,correct
14042,Subject140,418,suicide,77,suicide,colorblue,test,num2,typesuicide,singlestim,113,346323,1010470,edm,paicipantresponseblue,correct