,SubjectID,rt,stimulus,keypress,word,color,block,blocknum,wordtype,trialtype,trialindex,timeelapsed,internalnodeid,keypressed,participantresponse,correctresponse
274,Subject310,1101,dead,67,dead,colorred,test,num1,typesuicide,singlestim,19,96521,100010,edc,paicipantresponsered,correct
570,Subject310,1035,success,67,success,colorred,test,num1,typepositive,singlestim,21,102766,100030,edc,paicipantresponsered,correct
866,Subject310,946,pleasure,67,pleasure,colorred,test,num1,typepositive,singlestim,23,108923,100050,edc,paicipantresponsered,correct
1162,Subject310,703,success,77,success,colorblue,test,num1,typepositive,singlestim,25,114839,100070,edm,paicipantresponseblue,correct
1458,Subject310,708,happy,77,happy,colorblue,test,num1,typepositive,singlestim,27,120759,100090,edm,paicipantresponseblue,correct
1754,Subject310,707,engine,67,engine,colorred,test,num1,typeneutral,singlestim,29,126677,1000110,edc,paicipantresponsered,correct
2050,Subject310,854,engine,77,engine,colorblue,test,num1,typeneutral,singlestim,31,132743,1000130,edm,paicipantresponseblue,correct
2346,Subject310,760,happy,67,happy,colorred,test,num1,typepositive,singlestim,33,138716,1000150,edc,paicipantresponsered,correct
2642,Subject310,893,funeral,77,funeral,colorblue,test,num1,typesuicide,singlestim,35,144825,1000170,edm,paicipantresponseblue,correct
2938,Subject310,1153,rejected,77,rejected,colorblue,test,num1,typenegative,singlestim,37,151187,1000190,edm,paicipantresponseblue,correct
3234,Subject310,1081,paper,67,paper,colorred,test,num1,typeneutral,singlestim,39,157478,1000210,edc,paicipantresponsered,correct
3530,Subject310,808,pleasure,77,pleasure,colorblue,test,num1,typepositive,singlestim,41,163496,1000230,edm,paicipantresponseblue,correct
3826,Subject310,836,museum,67,museum,colorred,test,num1,typeneutral,singlestim,43,169544,1000250,edc,paicipantresponsered,correct
4122,Subject310,875,rejected,67,rejected,colorred,test,num1,typenegative,singlestim,45,175630,1000270,edc,paicipantresponsered,correct
4418,Subject310,704,dead,77,dead,colorblue,test,num1,typesuicide,singlestim,47,181548,1000290,edm,paicipantresponseblue,correct
4714,Subject310,720,funeral,67,funeral,colorred,test,num1,typesuicide,singlestim,49,187479,1000310,edc,paicipantresponsered,correct
5010,Subject310,1056,alone,77,alone,colorblue,test,num1,typenegative,singlestim,51,193746,1000330,edm,paicipantresponseblue,correct
5306,Subject310,1112,suicide,67,suicide,colorred,test,num1,typesuicide,singlestim,53,200072,1000350,edc,paicipantresponsered,correct
5602,Subject310,865,museum,77,museum,colorblue,test,num1,typeneutral,singlestim,55,206144,1000370,edm,paicipantresponseblue,correct
5898,Subject310,1065,suicide,77,suicide,colorblue,test,num1,typesuicide,singlestim,57,212422,1000390,edm,paicipantresponseblue,correct
6194,Subject310,1408,stupid,77,stupid,colorblue,test,num1,typenegative,singlestim,59,219038,1000410,edm,paicipantresponseblue,correct
6490,Subject310,1162,alone,67,alone,colorred,test,num1,typenegative,singlestim,61,225410,1000430,edc,paicipantresponsered,correct
6786,Subject310,856,paper,77,paper,colorblue,test,num1,typeneutral,singlestim,63,231477,1000450,edm,paicipantresponseblue,correct
7082,Subject310,1004,stupid,67,stupid,colorred,test,num1,typenegative,singlestim,65,237691,1000470,edc,paicipantresponsered,correct
7378,Subject310,1193,funeral,67,funeral,colorred,test,num2,typesuicide,singlestim,67,244095,101010,edc,paicipantresponsered,correct
7674,Subject310,1,stupid,1,stupid,colorred,test,num2,typenegative,singlestim,69,251308,101030,ed,,incorrect
7970,Subject310,1586,engine,67,engine,colorred,test,num2,typeneutral,singlestim,71,258106,101050,edc,paicipantresponsered,correct
8266,Subject310,599,rejected,67,rejected,colorred,test,num2,typenegative,singlestim,73,263915,101070,edc,paicipantresponsered,correct
8562,Subject310,948,paper,67,paper,colorred,test,num2,typeneutral,singlestim,75,270074,101090,edc,paicipantresponsered,correct
8858,Subject310,768,success,77,success,colorred,test,num2,typepositive,singlestim,77,276053,1010110,edm,paicipantresponseblue,incorrect
9154,Subject310,844,dead,67,dead,colorred,test,num2,typesuicide,singlestim,79,282107,1010130,edc,paicipantresponsered,correct
9450,Subject310,965,pleasure,77,pleasure,colorblue,test,num2,typepositive,singlestim,81,288282,1010150,edm,paicipantresponseblue,correct
9746,Subject310,891,rejected,77,rejected,colorblue,test,num2,typenegative,singlestim,83,294384,1010170,edm,paicipantresponseblue,correct
10042,Subject310,800,stupid,77,stupid,colorblue,test,num2,typenegative,singlestim,85,300393,1010190,edm,paicipantresponseblue,correct
10338,Subject310,775,museum,67,museum,colorred,test,num2,typeneutral,singlestim,87,306383,1010210,edc,paicipantresponsered,correct
10634,Subject310,795,success,77,success,colorblue,test,num2,typepositive,singlestim,89,312386,1010230,edm,paicipantresponseblue,correct
10930,Subject310,1128,paper,77,paper,colorblue,test,num2,typeneutral,singlestim,91,318726,1010250,edm,paicipantresponseblue,correct
11226,Subject310,1142,alone,67,alone,colorblue,test,num2,typenegative,singlestim,93,325079,1010270,edc,paicipantresponsered,incorrect
11522,Subject310,964,dead,77,dead,colorblue,test,num2,typesuicide,singlestim,95,331257,1010290,edm,paicipantresponseblue,correct
11818,Subject310,1120,funeral,77,funeral,colorblue,test,num2,typesuicide,singlestim,97,337594,1010310,edm,paicipantresponseblue,correct
12114,Subject310,1308,suicide,77,suicide,colorblue,test,num2,typesuicide,singlestim,99,344114,1010330,edm,paicipantresponseblue,correct
12410,Subject310,1,pleasure,1,pleasure,colorred,test,num2,typepositive,singlestim,101,351327,1010350,ed,,incorrect
12706,Subject310,985,museum,77,museum,colorblue,test,num2,typeneutral,singlestim,103,357525,1010370,edm,paicipantresponseblue,correct
13002,Subject310,1,suicide,1,suicide,colorred,test,num2,typesuicide,singlestim,105,364740,1010390,ed,,incorrect
13298,Subject310,813,happy,77,happy,colorblue,test,num2,typepositive,singlestim,107,370765,1010410,edm,paicipantresponseblue,correct
13594,Subject310,1363,engine,77,engine,colorblue,test,num2,typeneutral,singlestim,109,377341,1010430,edm,paicipantresponseblue,correct
13890,Subject310,725,alone,67,alone,colorred,test,num2,typenegative,singlestim,111,383280,1010450,edc,paicipantresponsered,correct
14186,Subject310,1228,happy,67,happy,colorred,test,num2,typepositive,singlestim,113,389724,1010470,edc,paicipantresponsered,correct