,SubjectID,rt,stimulus,keypress,word,color,block,blocknum,wordtype,trialtype,trialindex,timeelapsed,internalnodeid,keypressed,participantresponse,correctresponse
296,Subject333,407,engine,67,engine,colorred,test,num1,typeneutral,singlestim,19,84674,100010,edc,paicipantresponsered,correct
592,Subject333,377,museum,77,museum,colorblue,test,num1,typeneutral,singlestim,21,90258,100030,edm,paicipantresponseblue,correct
888,Subject333,514,funeral,77,funeral,colorblue,test,num1,typesuicide,singlestim,23,96138,100050,edm,paicipantresponseblue,correct
1184,Subject333,408,engine,77,engine,colorblue,test,num1,typeneutral,singlestim,25,101753,100070,edm,paicipantresponseblue,correct
1480,Subject333,477,rejected,77,rejected,colorblue,test,num1,typenegative,singlestim,27,107435,100090,edm,paicipantresponseblue,correct
1776,Subject333,392,pleasure,77,pleasure,colorblue,test,num1,typepositive,singlestim,29,113033,1000110,edm,paicipantresponseblue,correct
2072,Subject333,412,stupid,67,stupid,colorred,test,num1,typenegative,singlestim,31,118653,1000130,edc,paicipantresponsered,correct
2368,Subject333,478,pleasure,67,pleasure,colorred,test,num1,typepositive,singlestim,33,124337,1000150,edc,paicipantresponsered,correct
2664,Subject333,485,success,77,success,colorblue,test,num1,typepositive,singlestim,35,130026,1000170,edm,paicipantresponseblue,correct
2960,Subject333,404,dead,67,dead,colorred,test,num1,typesuicide,singlestim,37,135633,1000190,edc,paicipantresponsered,correct
3256,Subject333,421,alone,67,alone,colorred,test,num1,typenegative,singlestim,39,141258,1000210,edc,paicipantresponsered,correct
3552,Subject333,356,suicide,77,suicide,colorblue,test,num1,typesuicide,singlestim,41,146818,1000230,edm,paicipantresponseblue,correct
3848,Subject333,524,happy,77,happy,colorblue,test,num1,typepositive,singlestim,43,152549,1000250,edm,paicipantresponseblue,correct
4144,Subject333,480,paper,77,paper,colorblue,test,num1,typeneutral,singlestim,45,158235,1000270,edm,paicipantresponseblue,correct
4440,Subject333,467,alone,77,alone,colorblue,test,num1,typenegative,singlestim,47,163909,1000290,edm,paicipantresponseblue,correct
4736,Subject333,448,suicide,67,suicide,colorred,test,num1,typesuicide,singlestim,49,169563,1000310,edc,paicipantresponsered,correct
5032,Subject333,442,dead,77,dead,colorblue,test,num1,typesuicide,singlestim,51,175215,1000330,edm,paicipantresponseblue,correct
5328,Subject333,449,paper,67,paper,colorred,test,num1,typeneutral,singlestim,53,180869,1000350,edc,paicipantresponsered,correct
5624,Subject333,442,success,67,success,colorred,test,num1,typepositive,singlestim,55,186518,1000370,edc,paicipantresponsered,correct
5920,Subject333,417,funeral,67,funeral,colorred,test,num1,typesuicide,singlestim,57,192140,1000390,edc,paicipantresponsered,correct
6216,Subject333,348,stupid,77,stupid,colorblue,test,num1,typenegative,singlestim,59,197694,1000410,edm,paicipantresponseblue,correct
6512,Subject333,393,museum,67,museum,colorred,test,num1,typeneutral,singlestim,61,203292,1000430,edc,paicipantresponsered,correct
6808,Subject333,478,rejected,67,rejected,colorred,test,num1,typenegative,singlestim,63,208976,1000450,edc,paicipantresponsered,correct
7104,Subject333,421,happy,67,happy,colorred,test,num1,typepositive,singlestim,65,214605,1000470,edc,paicipantresponsered,correct
7400,Subject333,395,alone,67,alone,colorred,test,num2,typenegative,singlestim,67,220205,101010,edc,paicipantresponsered,correct
7696,Subject333,441,success,67,success,colorred,test,num2,typepositive,singlestim,69,225853,101030,edc,paicipantresponsered,correct
7992,Subject333,449,rejected,67,rejected,colorred,test,num2,typenegative,singlestim,71,231510,101050,edc,paicipantresponsered,correct
8288,Subject333,409,stupid,67,stupid,colorred,test,num2,typenegative,singlestim,73,237126,101070,edc,paicipantresponsered,correct
8584,Subject333,435,museum,67,museum,colorred,test,num2,typeneutral,singlestim,75,242766,101090,edc,paicipantresponsered,correct
8880,Subject333,440,suicide,67,suicide,colorred,test,num2,typesuicide,singlestim,77,248413,1010110,edc,paicipantresponsered,correct
9176,Subject333,547,alone,77,alone,colorblue,test,num2,typenegative,singlestim,79,254166,1010130,edm,paicipantresponseblue,correct
9472,Subject333,424,pleasure,67,pleasure,colorred,test,num2,typepositive,singlestim,81,259797,1010150,edc,paicipantresponsered,correct
9768,Subject333,472,pleasure,77,pleasure,colorblue,test,num2,typepositive,singlestim,83,265478,1010170,edm,paicipantresponseblue,correct
10064,Subject333,402,funeral,77,funeral,colorblue,test,num2,typesuicide,singlestim,85,271085,1010190,edm,paicipantresponseblue,correct
10360,Subject333,537,paper,67,paper,colorred,test,num2,typeneutral,singlestim,87,276830,1010210,edc,paicipantresponsered,correct
10656,Subject333,490,engine,67,engine,colorred,test,num2,typeneutral,singlestim,89,282525,1010230,edc,paicipantresponsered,correct
10952,Subject333,482,suicide,77,suicide,colorblue,test,num2,typesuicide,singlestim,91,288214,1010250,edm,paicipantresponseblue,correct
11248,Subject333,513,museum,77,museum,colorblue,test,num2,typeneutral,singlestim,93,293933,1010270,edm,paicipantresponseblue,correct
11544,Subject333,424,happy,67,happy,colorred,test,num2,typepositive,singlestim,95,299569,1010290,edc,paicipantresponsered,correct
11840,Subject333,462,funeral,67,funeral,colorred,test,num2,typesuicide,singlestim,97,305239,1010310,edc,paicipantresponsered,correct
12136,Subject333,444,dead,67,dead,colorred,test,num2,typesuicide,singlestim,99,310888,1010330,edc,paicipantresponsered,correct
12432,Subject333,377,stupid,77,stupid,colorblue,test,num2,typenegative,singlestim,101,316471,1010350,edm,paicipantresponseblue,correct
12728,Subject333,437,rejected,77,rejected,colorblue,test,num2,typenegative,singlestim,103,322112,1010370,edm,paicipantresponseblue,correct
13024,Subject333,421,engine,77,engine,colorblue,test,num2,typeneutral,singlestim,105,327741,1010390,edm,paicipantresponseblue,correct
13320,Subject333,404,paper,77,paper,colorblue,test,num2,typeneutral,singlestim,107,333353,1010410,edm,paicipantresponseblue,correct
13616,Subject333,417,success,77,success,colorblue,test,num2,typepositive,singlestim,109,338975,1010430,edm,paicipantresponseblue,correct
13912,Subject333,466,dead,77,dead,colorblue,test,num2,typesuicide,singlestim,111,344648,1010450,edm,paicipantresponseblue,correct
14208,Subject333,391,happy,77,happy,colorblue,test,num2,typepositive,singlestim,113,350247,1010470,edm,paicipantresponseblue,correct