,SubjectID,rt,stimulus,keypress,word,color,block,blocknum,wordtype,trialtype,trialindex,timeelapsed,internalnodeid,keypressed,participantresponse,correctresponse
163,Subject195,947,dead,67,dead,colorred,test,num1,typesuicide,singlestim,19,222623,100010,edc,paicipantresponsered,correct
459,Subject195,646,suicide,67,suicide,colorred,test,num1,typesuicide,singlestim,21,228478,100030,edc,paicipantresponsered,correct
755,Subject195,614,suicide,77,suicide,colorblue,test,num1,typesuicide,singlestim,23,234316,100050,edm,paicipantresponseblue,correct
1051,Subject195,586,rejected,67,rejected,colorred,test,num1,typenegative,singlestim,25,240126,100070,edc,paicipantresponsered,correct
1347,Subject195,605,funeral,77,funeral,colorblue,test,num1,typesuicide,singlestim,27,245950,100090,edm,paicipantresponseblue,correct
1643,Subject195,642,engine,67,engine,colorred,test,num1,typeneutral,singlestim,29,251824,1000110,edc,paicipantresponsered,correct
1939,Subject195,530,alone,67,alone,colorred,test,num1,typenegative,singlestim,31,257566,1000130,edc,paicipantresponsered,correct
2235,Subject195,661,stupid,77,stupid,colorblue,test,num1,typenegative,singlestim,33,263455,1000150,edm,paicipantresponseblue,correct
2531,Subject195,661,success,67,success,colorred,test,num1,typepositive,singlestim,35,269342,1000170,edc,paicipantresponsered,correct
2827,Subject195,570,rejected,77,rejected,colorblue,test,num1,typenegative,singlestim,37,275135,1000190,edm,paicipantresponseblue,correct
3123,Subject195,461,pleasure,77,pleasure,colorblue,test,num1,typepositive,singlestim,39,280814,1000210,edm,paicipantresponseblue,correct
3419,Subject195,565,alone,77,alone,colorblue,test,num1,typenegative,singlestim,41,286591,1000230,edm,paicipantresponseblue,correct
3715,Subject195,557,happy,67,happy,colorred,test,num1,typepositive,singlestim,43,292368,1000250,edc,paicipantresponsered,correct
4011,Subject195,556,museum,67,museum,colorred,test,num1,typeneutral,singlestim,45,298143,1000270,edc,paicipantresponsered,correct
4307,Subject195,883,stupid,67,stupid,colorred,test,num1,typenegative,singlestim,47,304237,1000290,edc,paicipantresponsered,correct
4603,Subject195,587,pleasure,67,pleasure,colorred,test,num1,typepositive,singlestim,49,310044,1000310,edc,paicipantresponsered,correct
4899,Subject195,431,dead,77,dead,colorblue,test,num1,typesuicide,singlestim,51,315710,1000330,edm,paicipantresponseblue,correct
5195,Subject195,519,museum,77,museum,colorblue,test,num1,typeneutral,singlestim,53,321452,1000350,edm,paicipantresponseblue,correct
5491,Subject195,527,engine,77,engine,colorblue,test,num1,typeneutral,singlestim,55,327196,1000370,edm,paicipantresponseblue,correct
5787,Subject195,479,success,77,success,colorblue,test,num1,typepositive,singlestim,57,332891,1000390,edm,paicipantresponseblue,correct
6083,Subject195,524,paper,67,paper,colorred,test,num1,typeneutral,singlestim,59,338637,1000410,edc,paicipantresponsered,correct
6379,Subject195,465,paper,77,paper,colorblue,test,num1,typeneutral,singlestim,61,344316,1000430,edm,paicipantresponseblue,correct
6675,Subject195,491,happy,77,happy,colorblue,test,num1,typepositive,singlestim,63,350029,1000450,edm,paicipantresponseblue,correct
6971,Subject195,596,funeral,67,funeral,colorred,test,num1,typesuicide,singlestim,65,355839,1000470,edc,paicipantresponsered,correct
7267,Subject195,421,suicide,77,suicide,colorblue,test,num2,typesuicide,singlestim,67,361486,101010,edm,paicipantresponseblue,correct
7563,Subject195,499,pleasure,67,pleasure,colorred,test,num2,typepositive,singlestim,69,367199,101030,edc,paicipantresponsered,correct
7859,Subject195,569,stupid,67,stupid,colorred,test,num2,typenegative,singlestim,71,372990,101050,edc,paicipantresponsered,correct
8155,Subject195,537,suicide,67,suicide,colorred,test,num2,typesuicide,singlestim,73,378750,101070,edc,paicipantresponsered,correct
8451,Subject195,530,happy,67,happy,colorred,test,num2,typepositive,singlestim,75,384496,101090,edc,paicipantresponsered,correct
8747,Subject195,1143,funeral,77,funeral,colorblue,test,num2,typesuicide,singlestim,77,390860,1010110,edm,paicipantresponseblue,correct
9043,Subject195,499,engine,67,engine,colorred,test,num2,typeneutral,singlestim,79,396575,1010130,edc,paicipantresponsered,correct
9339,Subject195,526,paper,67,paper,colorred,test,num2,typeneutral,singlestim,81,402319,1010150,edc,paicipantresponsered,correct
9635,Subject195,595,success,77,success,colorblue,test,num2,typepositive,singlestim,83,408126,1010170,edm,paicipantresponseblue,correct
9931,Subject195,500,dead,67,dead,colorred,test,num2,typesuicide,singlestim,85,413838,1010190,edc,paicipantresponsered,correct
10227,Subject195,733,paper,77,paper,colorblue,test,num2,typeneutral,singlestim,87,419807,1010210,edm,paicipantresponseblue,correct
10523,Subject195,538,museum,67,museum,colorred,test,num2,typeneutral,singlestim,89,425566,1010230,edc,paicipantresponsered,correct
10819,Subject195,829,success,67,success,colorred,test,num2,typepositive,singlestim,91,431630,1010250,edc,paicipantresponsered,correct
11115,Subject195,535,alone,77,alone,colorblue,test,num2,typenegative,singlestim,93,437390,1010270,edm,paicipantresponseblue,correct
11411,Subject195,574,rejected,67,rejected,colorred,test,num2,typenegative,singlestim,95,443197,1010290,edc,paicipantresponsered,correct
11707,Subject195,464,rejected,77,rejected,colorblue,test,num2,typenegative,singlestim,97,448879,1010310,edm,paicipantresponseblue,correct
12003,Subject195,503,dead,77,dead,colorblue,test,num2,typesuicide,singlestim,99,454605,1010330,edm,paicipantresponseblue,correct
12299,Subject195,542,stupid,77,stupid,colorblue,test,num2,typenegative,singlestim,101,460363,1010350,edm,paicipantresponseblue,correct
12595,Subject195,438,pleasure,77,pleasure,colorblue,test,num2,typepositive,singlestim,103,466012,1010370,edm,paicipantresponseblue,correct
12891,Subject195,402,funeral,67,funeral,colorred,test,num2,typesuicide,singlestim,105,471632,1010390,edc,paicipantresponsered,correct
13187,Subject195,1129,happy,77,happy,colorblue,test,num2,typepositive,singlestim,107,477983,1010410,edm,paicipantresponseblue,correct
13483,Subject195,492,museum,77,museum,colorblue,test,num2,typeneutral,singlestim,109,483696,1010430,edm,paicipantresponseblue,correct
13779,Subject195,416,engine,77,engine,colorblue,test,num2,typeneutral,singlestim,111,489324,1010450,edm,paicipantresponseblue,correct
14075,Subject195,510,alone,67,alone,colorred,test,num2,typenegative,singlestim,113,495056,1010470,edc,paicipantresponsered,correct