,SubjectID,rt,stimulus,keypress,word,color,block,blocknum,wordtype,trialtype,trialindex,timeelapsed,internalnodeid,keypressed,participantresponse,correctresponse
235,Subject268,431,dead,77,dead,colorblue,test,num1,typesuicide,singlestim,19,146668,100010,edm,paicipantresponseblue,correct
531,Subject268,445,dead,67,dead,colorred,test,num1,typesuicide,singlestim,21,152331,100030,edc,paicipantresponsered,correct
827,Subject268,521,paper,77,paper,colorblue,test,num1,typeneutral,singlestim,23,158061,100050,edm,paicipantresponseblue,correct
1123,Subject268,512,happy,67,happy,colorred,test,num1,typepositive,singlestim,25,163782,100070,edc,paicipantresponsered,correct
1419,Subject268,475,paper,67,paper,colorred,test,num1,typeneutral,singlestim,27,169470,100090,edc,paicipantresponsered,correct
1715,Subject268,466,stupid,67,stupid,colorblue,test,num1,typenegative,singlestim,29,175148,1000110,edc,paicipantresponsered,incorrect
2011,Subject268,513,funeral,67,funeral,colorred,test,num1,typesuicide,singlestim,31,180870,1000130,edc,paicipantresponsered,correct
2307,Subject268,471,funeral,77,funeral,colorblue,test,num1,typesuicide,singlestim,33,186551,1000150,edm,paicipantresponseblue,correct
2603,Subject268,646,happy,77,happy,colorblue,test,num1,typepositive,singlestim,35,192412,1000170,edm,paicipantresponseblue,correct
2899,Subject268,503,success,67,success,colorred,test,num1,typepositive,singlestim,37,198129,1000190,edc,paicipantresponsered,correct
3195,Subject268,423,pleasure,67,pleasure,colorred,test,num1,typepositive,singlestim,39,203766,1000210,edc,paicipantresponsered,correct
3491,Subject268,663,rejected,67,rejected,colorred,test,num1,typenegative,singlestim,41,209644,1000230,edc,paicipantresponsered,correct
3787,Subject268,401,engine,67,engine,colorred,test,num1,typeneutral,singlestim,43,215261,1000250,edc,paicipantresponsered,correct
4083,Subject268,386,engine,77,engine,colorblue,test,num1,typeneutral,singlestim,45,220866,1000270,edm,paicipantresponseblue,correct
4379,Subject268,494,suicide,67,suicide,colorred,test,num1,typesuicide,singlestim,47,226570,1000290,edc,paicipantresponsered,correct
4675,Subject268,457,success,77,success,colorblue,test,num1,typepositive,singlestim,49,232237,1000310,edm,paicipantresponseblue,correct
4971,Subject268,426,museum,77,museum,colorblue,test,num1,typeneutral,singlestim,51,237873,1000330,edm,paicipantresponseblue,correct
5267,Subject268,559,alone,77,alone,colorblue,test,num1,typenegative,singlestim,53,243642,1000350,edm,paicipantresponseblue,correct
5563,Subject268,450,pleasure,77,pleasure,colorblue,test,num1,typepositive,singlestim,55,249300,1000370,edm,paicipantresponseblue,correct
5859,Subject268,582,alone,67,alone,colorred,test,num1,typenegative,singlestim,57,255093,1000390,edc,paicipantresponsered,correct
6155,Subject268,676,rejected,77,rejected,colorblue,test,num1,typenegative,singlestim,59,260986,1000410,edm,paicipantresponseblue,correct
6451,Subject268,625,stupid,67,stupid,colorred,test,num1,typenegative,singlestim,61,266823,1000430,edc,paicipantresponsered,correct
6747,Subject268,499,suicide,77,suicide,colorblue,test,num1,typesuicide,singlestim,63,272532,1000450,edm,paicipantresponseblue,correct
7043,Subject268,528,museum,67,museum,colorred,test,num1,typeneutral,singlestim,65,278273,1000470,edc,paicipantresponsered,correct
7339,Subject268,463,funeral,77,funeral,colorblue,test,num2,typesuicide,singlestim,67,283953,101010,edm,paicipantresponseblue,correct
7635,Subject268,491,success,67,success,colorred,test,num2,typepositive,singlestim,69,289662,101030,edc,paicipantresponsered,correct
7931,Subject268,539,happy,67,happy,colorred,test,num2,typepositive,singlestim,71,295420,101050,edc,paicipantresponsered,correct
8227,Subject268,450,stupid,77,stupid,colorblue,test,num2,typenegative,singlestim,73,301080,101070,edm,paicipantresponseblue,correct
8523,Subject268,479,success,77,success,colorblue,test,num2,typepositive,singlestim,75,306770,101090,edm,paicipantresponseblue,correct
8819,Subject268,609,museum,67,museum,colorred,test,num2,typeneutral,singlestim,77,312592,1010110,edc,paicipantresponsered,correct
9115,Subject268,378,happy,77,happy,colorblue,test,num2,typepositive,singlestim,79,318185,1010130,edm,paicipantresponseblue,correct
9411,Subject268,514,alone,67,alone,colorred,test,num2,typenegative,singlestim,81,323913,1010150,edc,paicipantresponsered,correct
9707,Subject268,1108,funeral,67,funeral,colorred,test,num2,typesuicide,singlestim,83,330230,1010170,edc,paicipantresponsered,correct
10003,Subject268,511,engine,67,engine,colorred,test,num2,typeneutral,singlestim,85,335957,1010190,edc,paicipantresponsered,correct
10299,Subject268,769,suicide,77,suicide,colorblue,test,num2,typesuicide,singlestim,87,341934,1010210,edm,paicipantresponseblue,correct
10595,Subject268,600,dead,67,dead,colorred,test,num2,typesuicide,singlestim,89,347744,1010230,edc,paicipantresponsered,correct
10891,Subject268,540,suicide,67,suicide,colorred,test,num2,typesuicide,singlestim,91,353494,1010250,edc,paicipantresponsered,correct
11187,Subject268,503,rejected,77,rejected,colorblue,test,num2,typenegative,singlestim,93,359209,1010270,edm,paicipantresponseblue,correct
11483,Subject268,811,paper,77,paper,colorblue,test,num2,typeneutral,singlestim,95,365231,1010290,edm,paicipantresponseblue,correct
11779,Subject268,556,stupid,67,stupid,colorred,test,num2,typenegative,singlestim,97,370998,1010310,edc,paicipantresponsered,correct
12075,Subject268,423,paper,67,paper,colorred,test,num2,typeneutral,singlestim,99,376634,1010330,edc,paicipantresponsered,correct
12371,Subject268,432,rejected,67,rejected,colorred,test,num2,typenegative,singlestim,101,382282,1010350,edc,paicipantresponsered,correct
12667,Subject268,616,dead,77,dead,colorblue,test,num2,typesuicide,singlestim,103,388114,1010370,edm,paicipantresponseblue,correct
12963,Subject268,617,museum,77,museum,colorblue,test,num2,typeneutral,singlestim,105,393944,1010390,edm,paicipantresponseblue,correct
13259,Subject268,760,engine,77,engine,colorblue,test,num2,typeneutral,singlestim,107,399915,1010410,edm,paicipantresponseblue,correct
13555,Subject268,422,pleasure,77,pleasure,colorblue,test,num2,typepositive,singlestim,109,405554,1010430,edm,paicipantresponseblue,correct
13851,Subject268,487,alone,77,alone,colorblue,test,num2,typenegative,singlestim,111,411253,1010450,edm,paicipantresponseblue,correct
14147,Subject268,576,pleasure,67,pleasure,colorred,test,num2,typepositive,singlestim,113,417044,1010470,edc,paicipantresponsered,correct