,SubjectID,rt,stimulus,keypress,word,color,block,blocknum,wordtype,trialtype,trialindex,timeelapsed,internalnodeid,keypressed,participantresponse,correctresponse
121,Subject131,942,funeral,77,funeral,colorblue,test,num1,typesuicide,singlestim,19,80195,100010,edm,paicipantresponseblue,correct
417,Subject131,534,alone,67,alone,colorred,test,num1,typenegative,singlestim,21,85941,100030,edc,paicipantresponsered,correct
713,Subject131,633,happy,67,happy,colorred,test,num1,typepositive,singlestim,23,91787,100050,edc,paicipantresponsered,correct
1009,Subject131,729,rejected,67,rejected,colorred,test,num1,typenegative,singlestim,25,97725,100070,edc,paicipantresponsered,correct
1305,Subject131,360,dead,77,dead,colorblue,test,num1,typesuicide,singlestim,27,103297,100090,edm,paicipantresponseblue,correct
1601,Subject131,430,paper,77,paper,colorblue,test,num1,typeneutral,singlestim,29,108934,1000110,edm,paicipantresponseblue,correct
1897,Subject131,501,happy,77,happy,colorblue,test,num1,typepositive,singlestim,31,114648,1000130,edm,paicipantresponseblue,correct
2193,Subject131,581,success,192,success,colorred,test,num1,typepositive,singlestim,33,120438,1000150,edv†,,incorrect
2489,Subject131,691,alone,77,alone,colorblue,test,num1,typenegative,singlestim,35,126340,1000170,edm,paicipantresponseblue,correct
2785,Subject131,357,funeral,67,funeral,colorred,test,num1,typesuicide,singlestim,37,131907,1000190,edc,paicipantresponsered,correct
3081,Subject131,485,stupid,67,stupid,colorred,test,num1,typenegative,singlestim,39,137599,1000210,edc,paicipantresponsered,correct
3377,Subject131,761,suicide,77,suicide,colorblue,test,num1,typesuicide,singlestim,41,143572,1000230,edm,paicipantresponseblue,correct
3673,Subject131,355,stupid,77,stupid,colorblue,test,num1,typenegative,singlestim,43,149138,1000250,edm,paicipantresponseblue,correct
3969,Subject131,407,engine,67,engine,colorred,test,num1,typeneutral,singlestim,45,154755,1000270,edc,paicipantresponsered,correct
4265,Subject131,455,museum,77,museum,colorblue,test,num1,typeneutral,singlestim,47,160420,1000290,edm,paicipantresponseblue,correct
4561,Subject131,486,paper,67,paper,colorred,test,num1,typeneutral,singlestim,49,166115,1000310,edc,paicipantresponsered,correct
4857,Subject131,411,rejected,77,rejected,colorblue,test,num1,typenegative,singlestim,51,171736,1000330,edm,paicipantresponseblue,correct
5153,Subject131,523,dead,67,dead,colorred,test,num1,typesuicide,singlestim,53,177473,1000350,edc,paicipantresponsered,correct
5449,Subject131,862,pleasure,67,pleasure,colorred,test,num1,typepositive,singlestim,55,183548,1000370,edc,paicipantresponsered,correct
5745,Subject131,680,suicide,67,suicide,colorred,test,num1,typesuicide,singlestim,57,189437,1000390,edc,paicipantresponsered,correct
6041,Subject131,672,pleasure,77,pleasure,colorblue,test,num1,typepositive,singlestim,59,195320,1000410,edm,paicipantresponseblue,correct
6337,Subject131,704,engine,77,engine,colorblue,test,num1,typeneutral,singlestim,61,201233,1000430,edm,paicipantresponseblue,correct
6633,Subject131,414,success,77,success,colorblue,test,num1,typepositive,singlestim,63,206859,1000450,edm,paicipantresponseblue,correct
6929,Subject131,532,museum,67,museum,colorred,test,num1,typeneutral,singlestim,65,212603,1000470,edc,paicipantresponsered,correct
7225,Subject131,578,happy,67,happy,colorred,test,num2,typepositive,singlestim,67,218392,101010,edc,paicipantresponsered,correct
7521,Subject131,581,rejected,67,rejected,colorred,test,num2,typenegative,singlestim,69,224185,101030,edc,paicipantresponsered,correct
7817,Subject131,630,dead,77,dead,colorblue,test,num2,typesuicide,singlestim,71,230025,101050,edm,paicipantresponseblue,correct
8113,Subject131,528,paper,67,paper,colorred,test,num2,typeneutral,singlestim,73,235763,101070,edc,paicipantresponsered,correct
8409,Subject131,731,alone,77,alone,colorblue,test,num2,typenegative,singlestim,75,241705,101090,edm,paicipantresponseblue,correct
8705,Subject131,589,success,67,success,colorred,test,num2,typepositive,singlestim,77,247504,1010110,edc,paicipantresponsered,correct
9001,Subject131,410,happy,77,happy,colorblue,test,num2,typepositive,singlestim,79,253123,1010130,edm,paicipantresponseblue,correct
9297,Subject131,517,engine,67,engine,colorred,test,num2,typeneutral,singlestim,81,258851,1010150,edc,paicipantresponsered,correct
9593,Subject131,671,alone,67,alone,colorred,test,num2,typenegative,singlestim,83,264732,1010170,edc,paicipantresponsered,correct
9889,Subject131,457,stupid,77,stupid,colorblue,test,num2,typenegative,singlestim,85,270401,1010190,edm,paicipantresponseblue,correct
10185,Subject131,612,funeral,67,funeral,colorred,test,num2,typesuicide,singlestim,87,276225,1010210,edc,paicipantresponsered,correct
10481,Subject131,406,rejected,77,rejected,colorblue,test,num2,typenegative,singlestim,89,281843,1010230,edm,paicipantresponseblue,correct
10777,Subject131,737,engine,77,engine,colorblue,test,num2,typeneutral,singlestim,91,287791,1010250,edm,paicipantresponseblue,correct
11073,Subject131,422,paper,77,paper,colorblue,test,num2,typeneutral,singlestim,93,293427,1010270,edm,paicipantresponseblue,correct
11369,Subject131,522,dead,67,dead,colorred,test,num2,typesuicide,singlestim,95,299161,1010290,edc,paicipantresponsered,correct
11665,Subject131,764,pleasure,67,pleasure,colorred,test,num2,typepositive,singlestim,97,305135,1010310,edc,paicipantresponsered,correct
11961,Subject131,412,stupid,67,stupid,colorred,test,num2,typenegative,singlestim,99,310760,1010330,edc,paicipantresponsered,correct
12257,Subject131,885,museum,77,museum,colorblue,test,num2,typeneutral,singlestim,101,316866,1010350,edm,paicipantresponseblue,correct
12553,Subject131,977,museum,67,museum,colorred,test,num2,typeneutral,singlestim,103,323053,1010370,edc,paicipantresponsered,correct
12849,Subject131,774,funeral,77,funeral,colorblue,test,num2,typesuicide,singlestim,105,329037,1010390,edm,paicipantresponseblue,correct
13145,Subject131,511,suicide,77,suicide,colorblue,test,num2,typesuicide,singlestim,107,334760,1010410,edm,paicipantresponseblue,correct
13441,Subject131,466,pleasure,77,pleasure,colorblue,test,num2,typepositive,singlestim,109,340437,1010430,edm,paicipantresponseblue,correct
13737,Subject131,466,suicide,67,suicide,colorred,test,num2,typesuicide,singlestim,111,346113,1010450,edc,paicipantresponsered,correct
14033,Subject131,424,success,77,success,colorblue,test,num2,typepositive,singlestim,113,351747,1010470,edm,paicipantresponseblue,correct