,SubjectID,rt,stimulus,keypress,word,color,block,blocknum,wordtype,trialtype,trialindex,timeelapsed,internalnodeid,keypressed,participantresponse,correctresponse
38,Subject39,307,dead,67,dead,colorred,test,num1,typesuicide,singlestim,19,78477,100010,edc,paicipantresponsered,correct
334,Subject39,299,success,77,success,colorblue,test,num1,typepositive,singlestim,21,83980,100030,edm,paicipantresponseblue,correct
630,Subject39,321,alone,77,alone,colorblue,test,num1,typenegative,singlestim,23,89505,100050,edm,paicipantresponseblue,correct
926,Subject39,250,pleasure,67,pleasure,colorred,test,num1,typepositive,singlestim,25,94959,100070,edc,paicipantresponsered,correct
1222,Subject39,284,paper,77,paper,colorblue,test,num1,typeneutral,singlestim,27,100448,100090,edm,paicipantresponseblue,correct
1518,Subject39,300,funeral,77,funeral,colorblue,test,num1,typesuicide,singlestim,29,105952,1000110,edm,paicipantresponseblue,correct
1814,Subject39,228,museum,67,museum,colorred,test,num1,typeneutral,singlestim,31,111385,1000130,edc,paicipantresponsered,correct
2110,Subject39,290,rejected,77,rejected,colorblue,test,num1,typenegative,singlestim,33,116878,1000150,edm,paicipantresponseblue,correct
2406,Subject39,380,suicide,77,suicide,colorblue,test,num1,typesuicide,singlestim,35,122463,1000170,edm,paicipantresponseblue,correct
2702,Subject39,501,pleasure,77,pleasure,colorblue,test,num1,typepositive,singlestim,37,128166,1000190,edm,paicipantresponseblue,correct
2998,Subject39,265,funeral,67,funeral,colorred,test,num1,typesuicide,singlestim,39,133635,1000210,edc,paicipantresponsered,correct
3294,Subject39,311,happy,77,happy,colorblue,test,num1,typepositive,singlestim,41,139151,1000230,edm,paicipantresponseblue,correct
3590,Subject39,408,museum,77,museum,colorblue,test,num1,typeneutral,singlestim,43,144762,1000250,edm,paicipantresponseblue,correct
3886,Subject39,450,engine,77,engine,colorblue,test,num1,typeneutral,singlestim,45,150416,1000270,edm,paicipantresponseblue,correct
4182,Subject39,296,success,67,success,colorred,test,num1,typepositive,singlestim,47,155914,1000290,edc,paicipantresponsered,correct
4478,Subject39,433,paper,67,paper,colorred,test,num1,typeneutral,singlestim,49,161552,1000310,edc,paicipantresponsered,correct
4774,Subject39,400,happy,77,happy,colorred,test,num1,typepositive,singlestim,51,167156,1000330,edm,paicipantresponseblue,incorrect
5070,Subject39,719,suicide,67,suicide,colorred,test,num1,typesuicide,singlestim,53,173078,1000350,edc,paicipantresponsered,correct
5366,Subject39,534,rejected,77,rejected,colorred,test,num1,typenegative,singlestim,55,178816,1000370,edm,paicipantresponseblue,incorrect
5662,Subject39,409,engine,67,engine,colorred,test,num1,typeneutral,singlestim,57,184431,1000390,edc,paicipantresponsered,correct
5958,Subject39,355,stupid,77,stupid,colorblue,test,num1,typenegative,singlestim,59,189991,1000410,edm,paicipantresponseblue,correct
6254,Subject39,496,dead,77,dead,colorblue,test,num1,typesuicide,singlestim,61,195692,1000430,edm,paicipantresponseblue,correct
6550,Subject39,301,alone,67,alone,colorred,test,num1,typenegative,singlestim,63,201197,1000450,edc,paicipantresponsered,correct
6846,Subject39,374,stupid,67,stupid,colorred,test,num1,typenegative,singlestim,65,206775,1000470,edc,paicipantresponsered,correct
7142,Subject39,748,alone,67,alone,colorblue,test,num2,typenegative,singlestim,67,212725,101010,edc,paicipantresponsered,incorrect
7438,Subject39,374,suicide,77,suicide,colorblue,test,num2,typesuicide,singlestim,69,218302,101030,edm,paicipantresponseblue,correct
7734,Subject39,602,funeral,67,funeral,colorred,test,num2,typesuicide,singlestim,71,224107,101050,edc,paicipantresponsered,correct
8030,Subject39,516,funeral,77,funeral,colorblue,test,num2,typesuicide,singlestim,73,229826,101070,edm,paicipantresponseblue,correct
8326,Subject39,368,paper,77,paper,colorblue,test,num2,typeneutral,singlestim,75,235398,101090,edm,paicipantresponseblue,correct
8622,Subject39,489,museum,67,museum,colorred,test,num2,typeneutral,singlestim,77,241090,1010110,edc,paicipantresponsered,correct
8918,Subject39,352,happy,77,happy,colorblue,test,num2,typepositive,singlestim,79,246647,1010130,edm,paicipantresponseblue,correct
9214,Subject39,447,suicide,67,suicide,colorred,test,num2,typesuicide,singlestim,81,252300,1010150,edc,paicipantresponsered,correct
9510,Subject39,594,pleasure,77,pleasure,colorred,test,num2,typepositive,singlestim,83,258098,1010170,edm,paicipantresponseblue,incorrect
9806,Subject39,878,rejected,77,rejected,colorblue,test,num2,typenegative,singlestim,85,264180,1010190,edm,paicipantresponseblue,correct
10102,Subject39,701,dead,67,dead,colorred,test,num2,typesuicide,singlestim,87,270083,1010210,edc,paicipantresponsered,correct
10398,Subject39,562,success,67,success,colorred,test,num2,typepositive,singlestim,89,275850,1010230,edc,paicipantresponsered,correct
10694,Subject39,410,stupid,77,stupid,colorblue,test,num2,typenegative,singlestim,91,281465,1010250,edm,paicipantresponseblue,correct
10990,Subject39,521,engine,77,engine,colorblue,test,num2,typeneutral,singlestim,93,287191,1010270,edm,paicipantresponseblue,correct
11286,Subject39,437,success,77,success,colorblue,test,num2,typepositive,singlestim,95,292831,1010290,edm,paicipantresponseblue,correct
11582,Subject39,644,engine,67,engine,colorred,test,num2,typeneutral,singlestim,97,298679,1010310,edc,paicipantresponsered,correct
11878,Subject39,441,museum,77,museum,colorblue,test,num2,typeneutral,singlestim,99,304322,1010330,edm,paicipantresponseblue,correct
12174,Subject39,600,dead,67,dead,colorblue,test,num2,typesuicide,singlestim,101,310126,1010350,edc,paicipantresponsered,incorrect
12470,Subject39,801,rejected,67,rejected,colorred,test,num2,typenegative,singlestim,103,316131,1010370,edc,paicipantresponsered,correct
12766,Subject39,575,happy,67,happy,colorred,test,num2,typepositive,singlestim,105,321909,1010390,edc,paicipantresponsered,correct
13062,Subject39,706,pleasure,77,pleasure,colorblue,test,num2,typepositive,singlestim,107,327818,1010410,edm,paicipantresponseblue,correct
13358,Subject39,837,alone,67,alone,colorred,test,num2,typenegative,singlestim,109,333858,1010430,edc,paicipantresponsered,correct
13654,Subject39,619,stupid,67,stupid,colorred,test,num2,typenegative,singlestim,111,339681,1010450,edc,paicipantresponsered,correct
13950,Subject39,419,paper,67,paper,colorred,test,num2,typeneutral,singlestim,113,345304,1010470,edc,paicipantresponsered,correct