,SubjectID,rt,stimulus,keypress,word,color,block,blocknum,wordtype,trialtype,trialindex,timeelapsed,internalnodeid,keypressed,participantresponse,correctresponse
265,Subject301,317,paper,67,paper,colorred,test,num1,typeneutral,singlestim,19,62949,100010,edc,paicipantresponsered,correct
561,Subject301,472,funeral,67,funeral,colorred,test,num1,typesuicide,singlestim,21,68633,100030,edc,paicipantresponsered,correct
857,Subject301,501,pleasure,67,pleasure,colorred,test,num1,typepositive,singlestim,23,74350,100050,edc,paicipantresponsered,correct
1153,Subject301,476,funeral,77,funeral,colorblue,test,num1,typesuicide,singlestim,25,80035,100070,edm,paicipantresponseblue,correct
1449,Subject301,413,stupid,67,stupid,colorred,test,num1,typenegative,singlestim,27,85662,100090,edc,paicipantresponsered,correct
1745,Subject301,419,happy,67,happy,colorred,test,num1,typepositive,singlestim,29,91293,1000110,edc,paicipantresponsered,correct
2041,Subject301,447,dead,67,dead,colorred,test,num1,typesuicide,singlestim,31,96949,1000130,edc,paicipantresponsered,correct
2337,Subject301,401,success,77,success,colorblue,test,num1,typepositive,singlestim,33,102562,1000150,edm,paicipantresponseblue,correct
2633,Subject301,423,pleasure,77,pleasure,colorblue,test,num1,typepositive,singlestim,35,108198,1000170,edm,paicipantresponseblue,correct
2929,Subject301,348,museum,67,museum,colorred,test,num1,typeneutral,singlestim,37,113758,1000190,edc,paicipantresponsered,correct
3225,Subject301,456,suicide,67,suicide,colorred,test,num1,typesuicide,singlestim,39,119428,1000210,edc,paicipantresponsered,correct
3521,Subject301,457,stupid,77,stupid,colorblue,test,num1,typenegative,singlestim,41,125100,1000230,edm,paicipantresponseblue,correct
3817,Subject301,531,rejected,77,rejected,colorblue,test,num1,typenegative,singlestim,43,130840,1000250,edm,paicipantresponseblue,correct
4113,Subject301,339,museum,77,museum,colorblue,test,num1,typeneutral,singlestim,45,136391,1000270,edm,paicipantresponseblue,correct
4409,Subject301,477,engine,77,engine,colorblue,test,num1,typeneutral,singlestim,47,142079,1000290,edm,paicipantresponseblue,correct
4705,Subject301,408,rejected,67,rejected,colorred,test,num1,typenegative,singlestim,49,147697,1000310,edc,paicipantresponsered,correct
5001,Subject301,347,engine,67,engine,colorred,test,num1,typeneutral,singlestim,51,153255,1000330,edc,paicipantresponsered,correct
5297,Subject301,555,paper,77,paper,colorblue,test,num1,typeneutral,singlestim,53,159026,1000350,edm,paicipantresponseblue,correct
5593,Subject301,412,alone,67,alone,colorblue,test,num1,typenegative,singlestim,55,164656,1000370,edc,paicipantresponsered,incorrect
5889,Subject301,441,happy,77,happy,colorblue,test,num1,typepositive,singlestim,57,170309,1000390,edm,paicipantresponseblue,correct
6185,Subject301,554,dead,77,dead,colorblue,test,num1,typesuicide,singlestim,59,176071,1000410,edm,paicipantresponseblue,correct
6481,Subject301,392,suicide,77,suicide,colorblue,test,num1,typesuicide,singlestim,61,181674,1000430,edm,paicipantresponseblue,correct
6777,Subject301,316,alone,67,alone,colorred,test,num1,typenegative,singlestim,63,187203,1000450,edc,paicipantresponsered,correct
7073,Subject301,387,success,67,success,colorred,test,num1,typepositive,singlestim,65,192799,1000470,edc,paicipantresponsered,correct
7369,Subject301,371,stupid,67,stupid,colorred,test,num2,typenegative,singlestim,67,198378,101010,edc,paicipantresponsered,correct
7665,Subject301,393,happy,67,happy,colorred,test,num2,typepositive,singlestim,69,203988,101030,edc,paicipantresponsered,correct
7961,Subject301,499,suicide,77,suicide,colorblue,test,num2,typesuicide,singlestim,71,209698,101050,edm,paicipantresponseblue,correct
8257,Subject301,391,alone,67,alone,colorred,test,num2,typenegative,singlestim,73,215300,101070,edc,paicipantresponsered,correct
8553,Subject301,460,funeral,77,funeral,colorblue,test,num2,typesuicide,singlestim,75,220971,101090,edm,paicipantresponseblue,correct
8849,Subject301,416,museum,67,museum,colorred,test,num2,typeneutral,singlestim,77,226600,1010110,edc,paicipantresponsered,correct
9145,Subject301,415,rejected,77,rejected,colorblue,test,num2,typenegative,singlestim,79,232226,1010130,edm,paicipantresponseblue,correct
9441,Subject301,381,stupid,77,stupid,colorblue,test,num2,typenegative,singlestim,81,237821,1010150,edm,paicipantresponseblue,correct
9737,Subject301,387,museum,77,museum,colorblue,test,num2,typeneutral,singlestim,83,243419,1010170,edm,paicipantresponseblue,correct
10033,Subject301,415,engine,67,engine,colorred,test,num2,typeneutral,singlestim,85,249048,1010190,edc,paicipantresponsered,correct
10329,Subject301,373,paper,67,paper,colorred,test,num2,typeneutral,singlestim,87,254643,1010210,edc,paicipantresponsered,correct
10625,Subject301,395,pleasure,77,pleasure,colorblue,test,num2,typepositive,singlestim,89,260262,1010230,edm,paicipantresponseblue,correct
10921,Subject301,363,funeral,67,funeral,colorred,test,num2,typesuicide,singlestim,91,265863,1010250,edc,paicipantresponsered,correct
11217,Subject301,381,rejected,67,rejected,colorred,test,num2,typenegative,singlestim,93,271463,1010270,edc,paicipantresponsered,correct
11513,Subject301,463,alone,77,alone,colorblue,test,num2,typenegative,singlestim,95,277141,1010290,edm,paicipantresponseblue,correct
11809,Subject301,446,paper,77,paper,colorblue,test,num2,typeneutral,singlestim,97,282801,1010310,edm,paicipantresponseblue,correct
12105,Subject301,365,dead,67,dead,colorred,test,num2,typesuicide,singlestim,99,288381,1010330,edc,paicipantresponsered,correct
12401,Subject301,361,suicide,67,suicide,colorred,test,num2,typesuicide,singlestim,101,293958,1010350,edc,paicipantresponsered,correct
12697,Subject301,446,happy,77,happy,colorblue,test,num2,typepositive,singlestim,103,299621,1010370,edm,paicipantresponseblue,correct
12993,Subject301,467,pleasure,67,pleasure,colorred,test,num2,typepositive,singlestim,105,305306,1010390,edc,paicipantresponsered,correct
13289,Subject301,408,engine,77,engine,colorblue,test,num2,typeneutral,singlestim,107,310926,1010410,edm,paicipantresponseblue,correct
13585,Subject301,477,success,67,success,colorred,test,num2,typepositive,singlestim,109,316618,1010430,edc,paicipantresponsered,correct
13881,Subject301,444,dead,77,dead,colorblue,test,num2,typesuicide,singlestim,111,322276,1010450,edm,paicipantresponseblue,correct
14177,Subject301,527,success,77,success,colorblue,test,num2,typepositive,singlestim,113,328030,1010470,edm,paicipantresponseblue,correct