"","SubjectID","rt","stimulus","keypress","word","color","block","blocknum","wordtype","trialtype","trialindex","timeelapsed","internalnodeid","keypressed","participantresponse","correctresponse"
"16","Subject16","705","museum","77","museum","colorblue","test","num1","typeneutral","singlestim","19","151002","100010","edm","paicipantresponseblue","correct"
"312","Subject16","617","engine","77","engine","colorblue","test","num1","typeneutral","singlestim","21","156825","100030","edm","paicipantresponseblue","correct"
"608","Subject16","395","engine","67","engine","colorred","test","num1","typeneutral","singlestim","23","162429","100050","edc","paicipantresponsered","correct"
"904","Subject16","433","success","77","success","colorblue","test","num1","typepositive","singlestim","25","168068","100070","edm","paicipantresponseblue","correct"
"1200","Subject16","579","alone","77","alone","colorblue","test","num1","typenegative","singlestim","27","173852","100090","edm","paicipantresponseblue","correct"
"1496","Subject16","558","funeral","67","funeral","colorred","test","num1","typesuicide","singlestim","29","179617","1000110","edc","paicipantresponsered","correct"
"1792","Subject16","487","happy","77","happy","colorblue","test","num1","typepositive","singlestim","31","185311","1000130","edm","paicipantresponseblue","correct"
"2088","Subject16","615","suicide","67","suicide","colorred","test","num1","typesuicide","singlestim","33","191132","1000150","edc","paicipantresponsered","correct"
"2384","Subject16","683","dead","67","dead","colorred","test","num1","typesuicide","singlestim","35","197021","1000170","edc","paicipantresponsered","correct"
"2680","Subject16","651","museum","67","museum","colorred","test","num1","typeneutral","singlestim","37","202880","1000190","edc","paicipantresponsered","correct"
"2976","Subject16","587","dead","77","dead","colorblue","test","num1","typesuicide","singlestim","39","208673","1000210","edm","paicipantresponseblue","correct"
"3272","Subject16","762","pleasure","67","pleasure","colorred","test","num1","typepositive","singlestim","41","214641","1000230","edc","paicipantresponsered","correct"
"3568","Subject16","733","happy","67","happy","colorred","test","num1","typepositive","singlestim","43","220578","1000250","edc","paicipantresponsered","correct"
"3864","Subject16","827","pleasure","77","pleasure","colorblue","test","num1","typepositive","singlestim","45","226611","1000270","edm","paicipantresponseblue","correct"
"4160","Subject16","626","rejected","67","rejected","colorred","test","num1","typenegative","singlestim","47","232443","1000290","edc","paicipantresponsered","correct"
"4456","Subject16","512","alone","67","alone","colorred","test","num1","typenegative","singlestim","49","238161","1000310","edc","paicipantresponsered","correct"
"4752","Subject16","504","success","67","success","colorred","test","num1","typepositive","singlestim","51","243871","1000330","edc","paicipantresponsered","correct"
"5048","Subject16","777","stupid","77","stupid","colorblue","test","num1","typenegative","singlestim","53","249854","1000350","edm","paicipantresponseblue","correct"
"5344","Subject16","566","suicide","77","suicide","colorblue","test","num1","typesuicide","singlestim","55","255625","1000370","edm","paicipantresponseblue","correct"
"5640","Subject16","491","rejected","77","rejected","colorblue","test","num1","typenegative","singlestim","57","261322","1000390","edm","paicipantresponseblue","correct"
"5936","Subject16","482","paper","77","paper","colorblue","test","num1","typeneutral","singlestim","59","267010","1000410","edm","paicipantresponseblue","correct"
"6232","Subject16","735","stupid","67","stupid","colorred","test","num1","typenegative","singlestim","61","272951","1000430","edc","paicipantresponsered","correct"
"6528","Subject16","613","funeral","77","funeral","colorblue","test","num1","typesuicide","singlestim","63","278771","1000450","edm","paicipantresponseblue","correct"
"6824","Subject16","585","paper","67","paper","colorred","test","num1","typeneutral","singlestim","65","284562","1000470","edc","paicipantresponsered","correct"
"7120","Subject16","430","pleasure","77","pleasure","colorblue","test","num2","typepositive","singlestim","67","290197","101010","edm","paicipantresponseblue","correct"
"7416","Subject16","540","paper","77","paper","colorblue","test","num2","typeneutral","singlestim","69","295944","101030","edm","paicipantresponseblue","correct"
"7712","Subject16","604","dead","77","dead","colorblue","test","num2","typesuicide","singlestim","71","301754","101050","edm","paicipantresponseblue","correct"
"8008","Subject16","533","funeral","77","funeral","colorblue","test","num2","typesuicide","singlestim","73","307493","101070","edm","paicipantresponseblue","correct"
"8304","Subject16","637","stupid","67","stupid","colorred","test","num2","typenegative","singlestim","75","313336","101090","edc","paicipantresponsered","correct"
"8600","Subject16","1011","funeral","67","funeral","colorred","test","num2","typesuicide","singlestim","77","319553","1010110","edc","paicipantresponsered","correct"
"8896","Subject16","622","alone","77","alone","colorblue","test","num2","typenegative","singlestim","79","325381","1010130","edm","paicipantresponseblue","correct"
"9192","Subject16","715","engine","67","engine","colorred","test","num2","typeneutral","singlestim","81","331301","1010150","edc","paicipantresponsered","correct"
"9488","Subject16","450","happy","77","happy","colorblue","test","num2","typepositive","singlestim","83","336958","1010170","edm","paicipantresponseblue","correct"
"9784","Subject16","548","museum","67","museum","colorred","test","num2","typeneutral","singlestim","85","342713","1010190","edc","paicipantresponsered","correct"
"10080","Subject16","632","suicide","77","suicide","colorblue","test","num2","typesuicide","singlestim","87","348549","1010210","edm","paicipantresponseblue","correct"
"10376","Subject16","601","rejected","67","rejected","colorred","test","num2","typenegative","singlestim","89","354357","1010230","edc","paicipantresponsered","correct"
"10672","Subject16","851","alone","67","alone","colorred","test","num2","typenegative","singlestim","91","360413","1010250","edc","paicipantresponsered","correct"
"10968","Subject16","456","museum","77","museum","colorblue","test","num2","typeneutral","singlestim","93","366075","1010270","edm","paicipantresponseblue","correct"
"11264","Subject16","695","engine","77","engine","colorblue","test","num2","typeneutral","singlestim","95","371977","1010290","edm","paicipantresponseblue","correct"
"11560","Subject16","767","rejected","77","rejected","colorblue","test","num2","typenegative","singlestim","97","377950","1010310","edm","paicipantresponseblue","correct"
"11856","Subject16","588","suicide","67","suicide","colorred","test","num2","typesuicide","singlestim","99","383743","1010330","edc","paicipantresponsered","correct"
"12152","Subject16","701","happy","67","happy","colorred","test","num2","typepositive","singlestim","101","389650","1010350","edc","paicipantresponsered","correct"
"12448","Subject16","716","success","77","success","colorblue","test","num2","typepositive","singlestim","103","395572","1010370","edm","paicipantresponseblue","correct"
"12744","Subject16","670","paper","67","paper","colorred","test","num2","typeneutral","singlestim","105","401448","1010390","edc","paicipantresponsered","correct"
"13040","Subject16","759","dead","67","dead","colorred","test","num2","typesuicide","singlestim","107","407413","1010410","edc","paicipantresponsered","correct"
"13336","Subject16","698","pleasure","67","pleasure","colorred","test","num2","typepositive","singlestim","109","413316","1010430","edc","paicipantresponsered","correct"
"13632","Subject16","603","success","67","success","colorred","test","num2","typepositive","singlestim","111","419125","1010450","edc","paicipantresponsered","correct"
"13928","Subject16","749","stupid","77","stupid","colorblue","test","num2","typenegative","singlestim","113","425079","1010470","edm","paicipantresponseblue","correct"
