,SubjectID,rt,stimulus,keypress,word,color,block,blocknum,wordtype,trialtype,trialindex,timeelapsed,internalnodeid,keypressed,participantresponse,correctresponse
86,Subject93,390,happy,67,happy,colorred,test,num1,typepositive,singlestim,19,71882,100010,edc,paicipantresponsered,correct
382,Subject93,354,paper,67,paper,colorred,test,num1,typeneutral,singlestim,21,77448,100030,edc,paicipantresponsered,correct
678,Subject93,469,rejected,67,rejected,colorred,test,num1,typenegative,singlestim,23,83135,100050,edc,paicipantresponsered,correct
974,Subject93,433,stupid,77,stupid,colorblue,test,num1,typenegative,singlestim,25,88781,100070,edm,paicipantresponseblue,correct
1270,Subject93,562,museum,77,museum,colorblue,test,num1,typeneutral,singlestim,27,94557,100090,edm,paicipantresponseblue,correct
1566,Subject93,354,pleasure,77,pleasure,colorblue,test,num1,typepositive,singlestim,29,100126,1000110,edm,paicipantresponseblue,correct
1862,Subject93,472,suicide,67,suicide,colorred,test,num1,typesuicide,singlestim,31,105812,1000130,edc,paicipantresponsered,correct
2158,Subject93,406,success,67,success,colorred,test,num1,typepositive,singlestim,33,111432,1000150,edc,paicipantresponsered,correct
2454,Subject93,373,dead,67,dead,colorred,test,num1,typesuicide,singlestim,35,117018,1000170,edc,paicipantresponsered,correct
2750,Subject93,373,alone,67,alone,colorred,test,num1,typenegative,singlestim,37,122601,1000190,edc,paicipantresponsered,correct
3046,Subject93,410,engine,67,engine,colorred,test,num1,typeneutral,singlestim,39,128222,1000210,edc,paicipantresponsered,correct
3342,Subject93,493,happy,77,happy,colorblue,test,num1,typepositive,singlestim,41,133922,1000230,edm,paicipantresponseblue,correct
3638,Subject93,440,funeral,77,funeral,colorblue,test,num1,typesuicide,singlestim,43,139577,1000250,edm,paicipantresponseblue,correct
3934,Subject93,369,success,77,success,colorblue,test,num1,typepositive,singlestim,45,145162,1000270,edm,paicipantresponseblue,correct
4230,Subject93,367,museum,67,museum,colorred,test,num1,typeneutral,singlestim,47,150746,1000290,edc,paicipantresponsered,correct
4526,Subject93,366,paper,77,paper,colorblue,test,num1,typeneutral,singlestim,49,156322,1000310,edm,paicipantresponseblue,correct
4822,Subject93,612,dead,77,dead,colorblue,test,num1,typesuicide,singlestim,51,162146,1000330,edm,paicipantresponseblue,correct
5118,Subject93,461,stupid,67,stupid,colorred,test,num1,typenegative,singlestim,53,167818,1000350,edc,paicipantresponsered,correct
5414,Subject93,381,alone,77,alone,colorblue,test,num1,typenegative,singlestim,55,173409,1000370,edm,paicipantresponseblue,correct
5710,Subject93,444,funeral,67,funeral,colorred,test,num1,typesuicide,singlestim,57,179067,1000390,edc,paicipantresponsered,correct
6006,Subject93,434,pleasure,67,pleasure,colorred,test,num1,typepositive,singlestim,59,184710,1000410,edc,paicipantresponsered,correct
6302,Subject93,370,engine,77,engine,colorblue,test,num1,typeneutral,singlestim,61,190293,1000430,edm,paicipantresponseblue,correct
6598,Subject93,424,rejected,77,rejected,colorblue,test,num1,typenegative,singlestim,63,195927,1000450,edm,paicipantresponseblue,correct
6894,Subject93,402,suicide,77,suicide,colorblue,test,num1,typesuicide,singlestim,65,201539,1000470,edm,paicipantresponseblue,correct
7190,Subject93,420,funeral,77,funeral,colorblue,test,num2,typesuicide,singlestim,67,207170,101010,edm,paicipantresponseblue,correct
7486,Subject93,405,pleasure,67,pleasure,colorred,test,num2,typepositive,singlestim,69,212787,101030,edc,paicipantresponsered,correct
7782,Subject93,425,engine,77,engine,colorblue,test,num2,typeneutral,singlestim,71,218424,101050,edm,paicipantresponseblue,correct
8078,Subject93,544,pleasure,77,pleasure,colorblue,test,num2,typepositive,singlestim,73,224180,101070,edm,paicipantresponseblue,correct
8374,Subject93,514,museum,77,museum,colorblue,test,num2,typeneutral,singlestim,75,229907,101090,edm,paicipantresponseblue,correct
8670,Subject93,437,stupid,67,stupid,colorred,test,num2,typenegative,singlestim,77,235552,1010110,edc,paicipantresponsered,correct
8966,Subject93,556,rejected,67,rejected,colorred,test,num2,typenegative,singlestim,79,241319,1010130,edc,paicipantresponsered,correct
9262,Subject93,452,suicide,77,suicide,colorblue,test,num2,typesuicide,singlestim,81,246987,1010150,edm,paicipantresponseblue,correct
9558,Subject93,401,rejected,77,rejected,colorblue,test,num2,typenegative,singlestim,83,252599,1010170,edm,paicipantresponseblue,correct
9854,Subject93,430,happy,77,happy,colorblue,test,num2,typepositive,singlestim,85,258241,1010190,edm,paicipantresponseblue,correct
10150,Subject93,356,dead,77,dead,colorblue,test,num2,typesuicide,singlestim,87,263809,1010210,edm,paicipantresponseblue,correct
10446,Subject93,640,museum,67,museum,colorred,test,num2,typeneutral,singlestim,89,269659,1010230,edc,paicipantresponsered,correct
10742,Subject93,652,funeral,67,funeral,colorred,test,num2,typesuicide,singlestim,91,275521,1010250,edc,paicipantresponsered,correct
11038,Subject93,392,success,77,success,colorblue,test,num2,typepositive,singlestim,93,281124,1010270,edm,paicipantresponseblue,correct
11334,Subject93,553,stupid,77,stupid,colorblue,test,num2,typenegative,singlestim,95,286887,1010290,edm,paicipantresponseblue,correct
11630,Subject93,392,happy,67,happy,colorred,test,num2,typepositive,singlestim,97,292496,1010310,edc,paicipantresponsered,correct
11926,Subject93,426,alone,67,alone,colorred,test,num2,typenegative,singlestim,99,298135,1010330,edc,paicipantresponsered,correct
12222,Subject93,421,engine,67,engine,colorred,test,num2,typeneutral,singlestim,101,303766,1010350,edc,paicipantresponsered,correct
12518,Subject93,409,success,67,success,colorred,test,num2,typepositive,singlestim,103,309390,1010370,edc,paicipantresponsered,correct
12814,Subject93,354,paper,77,paper,colorblue,test,num2,typeneutral,singlestim,105,314955,1010390,edm,paicipantresponseblue,correct
13110,Subject93,460,dead,67,dead,colorred,test,num2,typesuicide,singlestim,107,320626,1010410,edc,paicipantresponsered,correct
13406,Subject93,533,paper,67,paper,colorred,test,num2,typeneutral,singlestim,109,326373,1010430,edc,paicipantresponsered,correct
13702,Subject93,414,suicide,67,suicide,colorred,test,num2,typesuicide,singlestim,111,331998,1010450,edc,paicipantresponsered,correct
13998,Subject93,512,alone,77,alone,colorblue,test,num2,typenegative,singlestim,113,337720,1010470,edm,paicipantresponseblue,correct