,SubjectID,rt,stimulus,keypress,word,color,block,blocknum,wordtype,trialtype,trialindex,timeelapsed,internalnodeid,keypressed,participantresponse,correctresponse
132,Subject142,507,suicide,77,suicide,colorblue,test,num1,typesuicide,singlestim,19,75739,100010,edm,paicipantresponseblue,correct
428,Subject142,384,pleasure,67,pleasure,colorred,test,num1,typepositive,singlestim,21,81328,100030,edc,paicipantresponsered,correct
724,Subject142,538,funeral,67,funeral,colorred,test,num1,typesuicide,singlestim,23,87074,100050,edc,paicipantresponsered,correct
1020,Subject142,334,paper,77,paper,colorblue,test,num1,typeneutral,singlestim,25,92615,100070,edm,paicipantresponseblue,correct
1316,Subject142,413,stupid,67,stupid,colorred,test,num1,typenegative,singlestim,27,98240,100090,edc,paicipantresponsered,correct
1612,Subject142,353,happy,67,happy,colorred,test,num1,typepositive,singlestim,29,103801,1000110,edc,paicipantresponsered,correct
1908,Subject142,465,rejected,67,rejected,colorred,test,num1,typenegative,singlestim,31,109475,1000130,edc,paicipantresponsered,correct
2204,Subject142,413,dead,67,dead,colorred,test,num1,typesuicide,singlestim,33,115093,1000150,edc,paicipantresponsered,correct
2500,Subject142,418,funeral,77,funeral,colorblue,test,num1,typesuicide,singlestim,35,120719,1000170,edm,paicipantresponseblue,correct
2796,Subject142,545,engine,77,engine,colorblue,test,num1,typeneutral,singlestim,37,126475,1000190,edm,paicipantresponseblue,correct
3092,Subject142,618,happy,77,happy,colorblue,test,num1,typepositive,singlestim,39,132300,1000210,edm,paicipantresponseblue,correct
3388,Subject142,508,engine,67,engine,colorred,test,num1,typeneutral,singlestim,41,138016,1000230,edc,paicipantresponsered,correct
3684,Subject142,383,paper,67,paper,colorred,test,num1,typeneutral,singlestim,43,143604,1000250,edc,paicipantresponsered,correct
3980,Subject142,437,success,67,success,colorred,test,num1,typepositive,singlestim,45,149249,1000270,edc,paicipantresponsered,correct
4276,Subject142,415,museum,67,museum,colorred,test,num1,typeneutral,singlestim,47,154871,1000290,edc,paicipantresponsered,correct
4572,Subject142,399,success,77,success,colorblue,test,num1,typepositive,singlestim,49,160480,1000310,edm,paicipantresponseblue,correct
4868,Subject142,477,museum,77,museum,colorblue,test,num1,typeneutral,singlestim,51,166166,1000330,edm,paicipantresponseblue,correct
5164,Subject142,426,alone,77,alone,colorblue,test,num1,typenegative,singlestim,53,171803,1000350,edm,paicipantresponseblue,correct
5460,Subject142,361,alone,67,alone,colorred,test,num1,typenegative,singlestim,55,177367,1000370,edc,paicipantresponsered,correct
5756,Subject142,554,rejected,77,rejected,colorblue,test,num1,typenegative,singlestim,57,183127,1000390,edm,paicipantresponseblue,correct
6052,Subject142,469,dead,77,dead,colorblue,test,num1,typesuicide,singlestim,59,188807,1000410,edm,paicipantresponseblue,correct
6348,Subject142,512,stupid,77,stupid,colorblue,test,num1,typenegative,singlestim,61,194526,1000430,edm,paicipantresponseblue,correct
6644,Subject142,437,suicide,67,suicide,colorred,test,num1,typesuicide,singlestim,63,200173,1000450,edc,paicipantresponsered,correct
6940,Subject142,350,pleasure,77,pleasure,colorblue,test,num1,typepositive,singlestim,65,205731,1000470,edm,paicipantresponseblue,correct
7236,Subject142,436,paper,77,paper,colorblue,test,num2,typeneutral,singlestim,67,211374,101010,edm,paicipantresponseblue,correct
7532,Subject142,364,success,67,success,colorred,test,num2,typepositive,singlestim,69,216950,101030,edc,paicipantresponsered,correct
7828,Subject142,380,funeral,67,funeral,colorred,test,num2,typesuicide,singlestim,71,222538,101050,edc,paicipantresponsered,correct
8124,Subject142,706,suicide,77,suicide,colorblue,test,num2,typesuicide,singlestim,73,228450,101070,edm,paicipantresponseblue,correct
8420,Subject142,496,rejected,77,rejected,colorblue,test,num2,typenegative,singlestim,75,234155,101090,edm,paicipantresponseblue,correct
8716,Subject142,341,happy,67,happy,colorred,test,num2,typepositive,singlestim,77,239704,1010110,edc,paicipantresponsered,correct
9012,Subject142,416,engine,77,engine,colorblue,test,num2,typeneutral,singlestim,79,245330,1010130,edm,paicipantresponseblue,correct
9308,Subject142,488,stupid,67,stupid,colorred,test,num2,typenegative,singlestim,81,251024,1010150,edc,paicipantresponsered,correct
9604,Subject142,384,museum,77,museum,colorblue,test,num2,typeneutral,singlestim,83,256618,1010170,edm,paicipantresponseblue,correct
9900,Subject142,258,engine,67,engine,colorred,test,num2,typeneutral,singlestim,85,262082,1010190,edc,paicipantresponsered,correct
10196,Subject142,442,dead,67,dead,colorred,test,num2,typesuicide,singlestim,87,267731,1010210,edc,paicipantresponsered,correct
10492,Subject142,351,paper,67,paper,colorred,test,num2,typeneutral,singlestim,89,273286,1010230,edc,paicipantresponsered,correct
10788,Subject142,392,suicide,67,suicide,colorred,test,num2,typesuicide,singlestim,91,278881,1010250,edc,paicipantresponsered,correct
11084,Subject142,380,alone,67,alone,colorblue,test,num2,typenegative,singlestim,93,284473,1010270,edc,paicipantresponsered,incorrect
11380,Subject142,420,pleasure,67,pleasure,colorred,test,num2,typepositive,singlestim,95,290100,1010290,edc,paicipantresponsered,correct
11676,Subject142,473,happy,77,happy,colorblue,test,num2,typepositive,singlestim,97,295782,1010310,edm,paicipantresponseblue,correct
11972,Subject142,659,museum,67,museum,colorred,test,num2,typeneutral,singlestim,99,301650,1010330,edc,paicipantresponsered,correct
12268,Subject142,426,alone,67,alone,colorred,test,num2,typenegative,singlestim,101,307284,1010350,edc,paicipantresponsered,correct
12564,Subject142,1,rejected,1,rejected,colorred,test,num2,typenegative,singlestim,103,314495,1010370,ed,,incorrect
12860,Subject142,1,stupid,1,stupid,colorblue,test,num2,typenegative,singlestim,105,321702,1010390,ed,,incorrect
13156,Subject142,1,funeral,1,funeral,colorblue,test,num2,typesuicide,singlestim,107,328912,1010410,ed,,incorrect
13452,Subject142,1,dead,1,dead,colorblue,test,num2,typesuicide,singlestim,109,336121,1010430,ed,,incorrect
13748,Subject142,1,pleasure,1,pleasure,colorblue,test,num2,typepositive,singlestim,111,343328,1010450,ed,,incorrect
14044,Subject142,1,success,1,success,colorblue,test,num2,typepositive,singlestim,113,355547,1010470,ed,,incorrect