,SubjectID,rt,stimulus,keypress,word,color,block,blocknum,wordtype,trialtype,trialindex,timeelapsed,internalnodeid,keypressed,participantresponse,correctresponse
171,Subject202,355,paper,67,paper,colorred,test,num1,typeneutral,singlestim,19,401871,100010,edc,paicipantresponsered,correct
467,Subject202,393,happy,77,happy,colorblue,test,num1,typepositive,singlestim,21,407478,100030,edm,paicipantresponseblue,correct
763,Subject202,440,museum,77,museum,colorblue,test,num1,typeneutral,singlestim,23,413133,100050,edm,paicipantresponseblue,correct
1059,Subject202,463,paper,77,paper,colorblue,test,num1,typeneutral,singlestim,25,418809,100070,edm,paicipantresponseblue,correct
1355,Subject202,685,rejected,67,rejected,colorred,test,num1,typenegative,singlestim,27,424710,100090,edc,paicipantresponsered,correct
1651,Subject202,364,alone,67,alone,colorred,test,num1,typenegative,singlestim,29,430290,1000110,edc,paicipantresponsered,correct
1947,Subject202,440,success,77,success,colorblue,test,num1,typepositive,singlestim,31,435941,1000130,edm,paicipantresponseblue,correct
2243,Subject202,452,rejected,77,rejected,colorblue,test,num1,typenegative,singlestim,33,441608,1000150,edm,paicipantresponseblue,correct
2539,Subject202,455,dead,67,dead,colorred,test,num1,typesuicide,singlestim,35,447274,1000170,edc,paicipantresponsered,correct
2835,Subject202,447,stupid,67,stupid,colorred,test,num1,typenegative,singlestim,37,452932,1000190,edc,paicipantresponsered,correct
3131,Subject202,478,engine,67,engine,colorred,test,num1,typeneutral,singlestim,39,458623,1000210,edc,paicipantresponsered,correct
3427,Subject202,417,pleasure,77,pleasure,colorblue,test,num1,typepositive,singlestim,41,464251,1000230,edm,paicipantresponseblue,correct
3723,Subject202,355,museum,67,museum,colorred,test,num1,typeneutral,singlestim,43,469821,1000250,edc,paicipantresponsered,correct
4019,Subject202,493,engine,77,engine,colorblue,test,num1,typeneutral,singlestim,45,475523,1000270,edm,paicipantresponseblue,correct
4315,Subject202,745,alone,77,alone,colorblue,test,num1,typenegative,singlestim,47,481477,1000290,edm,paicipantresponseblue,correct
4611,Subject202,461,stupid,77,stupid,colorblue,test,num1,typenegative,singlestim,49,487152,1000310,edm,paicipantresponseblue,correct
4907,Subject202,458,funeral,77,funeral,colorred,test,num1,typesuicide,singlestim,51,492824,1000330,edm,paicipantresponseblue,incorrect
5203,Subject202,673,funeral,77,funeral,colorblue,test,num1,typesuicide,singlestim,53,498709,1000350,edm,paicipantresponseblue,correct
5499,Subject202,439,pleasure,67,pleasure,colorred,test,num1,typepositive,singlestim,55,504354,1000370,edc,paicipantresponsered,correct
5795,Subject202,430,suicide,67,suicide,colorred,test,num1,typesuicide,singlestim,57,509995,1000390,edc,paicipantresponsered,correct
6091,Subject202,409,success,67,success,colorred,test,num1,typepositive,singlestim,59,515614,1000410,edc,paicipantresponsered,correct
6387,Subject202,414,happy,67,happy,colorred,test,num1,typepositive,singlestim,61,521238,1000430,edc,paicipantresponsered,correct
6683,Subject202,409,dead,77,dead,colorblue,test,num1,typesuicide,singlestim,63,526860,1000450,edm,paicipantresponseblue,correct
6979,Subject202,452,suicide,77,suicide,colorblue,test,num1,typesuicide,singlestim,65,532524,1000470,edm,paicipantresponseblue,correct
7275,Subject202,370,engine,67,engine,colorred,test,num2,typeneutral,singlestim,67,538111,101010,edc,paicipantresponsered,correct
7571,Subject202,421,pleasure,67,pleasure,colorred,test,num2,typepositive,singlestim,69,543743,101030,edc,paicipantresponsered,correct
7867,Subject202,479,funeral,77,funeral,colorblue,test,num2,typesuicide,singlestim,71,549438,101050,edm,paicipantresponseblue,correct
8163,Subject202,431,success,67,success,colorred,test,num2,typepositive,singlestim,73,555107,101070,edc,paicipantresponsered,correct
8459,Subject202,403,dead,67,dead,colorred,test,num2,typesuicide,singlestim,75,560723,101090,edc,paicipantresponsered,correct
8755,Subject202,375,stupid,67,stupid,colorred,test,num2,typenegative,singlestim,77,566317,1010110,edc,paicipantresponsered,correct
9051,Subject202,481,engine,77,engine,colorblue,test,num2,typeneutral,singlestim,79,572008,1010130,edm,paicipantresponseblue,correct
9347,Subject202,506,museum,67,museum,colorred,test,num2,typeneutral,singlestim,81,577730,1010150,edc,paicipantresponsered,correct
9643,Subject202,403,museum,77,museum,colorblue,test,num2,typeneutral,singlestim,83,583346,1010170,edm,paicipantresponseblue,correct
9939,Subject202,420,rejected,77,rejected,colorblue,test,num2,typenegative,singlestim,85,588976,1010190,edm,paicipantresponseblue,correct
10235,Subject202,358,happy,67,happy,colorred,test,num2,typepositive,singlestim,87,594541,1010210,edc,paicipantresponsered,correct
10531,Subject202,423,alone,77,alone,colorblue,test,num2,typenegative,singlestim,89,600178,1010230,edm,paicipantresponseblue,correct
10827,Subject202,419,paper,67,paper,colorred,test,num2,typeneutral,singlestim,91,605808,1010250,edc,paicipantresponsered,correct
11123,Subject202,449,dead,77,dead,colorblue,test,num2,typesuicide,singlestim,93,611465,1010270,edm,paicipantresponseblue,correct
11419,Subject202,402,stupid,77,stupid,colorblue,test,num2,typenegative,singlestim,95,617077,1010290,edm,paicipantresponseblue,correct
11715,Subject202,495,happy,77,happy,colorblue,test,num2,typepositive,singlestim,97,622784,1010310,edm,paicipantresponseblue,correct
12011,Subject202,455,pleasure,77,pleasure,colorblue,test,num2,typepositive,singlestim,99,628446,1010330,edm,paicipantresponseblue,correct
12307,Subject202,451,rejected,67,rejected,colorred,test,num2,typenegative,singlestim,101,634110,1010350,edc,paicipantresponsered,correct
12603,Subject202,462,suicide,77,suicide,colorblue,test,num2,typesuicide,singlestim,103,639781,1010370,edm,paicipantresponseblue,correct
12899,Subject202,377,funeral,67,funeral,colorred,test,num2,typesuicide,singlestim,105,645368,1010390,edc,paicipantresponsered,correct
13195,Subject202,439,success,77,success,colorblue,test,num2,typepositive,singlestim,107,651020,1010410,edm,paicipantresponseblue,correct
13491,Subject202,373,suicide,67,suicide,colorred,test,num2,typesuicide,singlestim,109,656607,1010430,edc,paicipantresponsered,correct
13787,Subject202,414,paper,77,paper,colorblue,test,num2,typeneutral,singlestim,111,662234,1010450,edm,paicipantresponseblue,correct
14083,Subject202,410,alone,67,alone,colorred,test,num2,typenegative,singlestim,113,667862,1010470,edc,paicipantresponsered,correct