,SubjectID,rt,stimulus,keypress,word,color,block,blocknum,wordtype,trialtype,trialindex,timeelapsed,internalnodeid,keypressed,participantresponse,correctresponse
155,Subject187,391,engine,77,engine,colorblue,test,num1,typeneutral,singlestim,19,82646,100010,edm,paicipantresponseblue,correct
451,Subject187,399,paper,77,paper,colorblue,test,num1,typeneutral,singlestim,21,88250,100030,edm,paicipantresponseblue,correct
747,Subject187,570,funeral,67,funeral,colorred,test,num1,typesuicide,singlestim,23,94030,100050,edc,paicipantresponsered,correct
1043,Subject187,378,happy,77,happy,colorblue,test,num1,typepositive,singlestim,25,99617,100070,edm,paicipantresponseblue,correct
1339,Subject187,526,museum,67,museum,colorred,test,num1,typeneutral,singlestim,27,105358,100090,edc,paicipantresponsered,correct
1635,Subject187,332,museum,77,museum,colorblue,test,num1,typeneutral,singlestim,29,110897,1000110,edm,paicipantresponseblue,correct
1931,Subject187,561,stupid,77,stupid,colorblue,test,num1,typenegative,singlestim,31,116668,1000130,edm,paicipantresponseblue,correct
2227,Subject187,407,pleasure,77,pleasure,colorred,test,num1,typepositive,singlestim,33,122288,1000150,edm,paicipantresponseblue,incorrect
2523,Subject187,424,dead,67,dead,colorred,test,num1,typesuicide,singlestim,35,127924,1000170,edc,paicipantresponsered,correct
2819,Subject187,398,dead,77,dead,colorblue,test,num1,typesuicide,singlestim,37,133536,1000190,edm,paicipantresponseblue,correct
3115,Subject187,494,success,67,success,colorred,test,num1,typepositive,singlestim,39,139244,1000210,edc,paicipantresponsered,correct
3411,Subject187,563,happy,67,happy,colorred,test,num1,typepositive,singlestim,41,145016,1000230,edc,paicipantresponsered,correct
3707,Subject187,430,stupid,67,stupid,colorred,test,num1,typenegative,singlestim,43,150659,1000250,edc,paicipantresponsered,correct
4003,Subject187,386,paper,67,paper,colorred,test,num1,typeneutral,singlestim,45,156255,1000270,edc,paicipantresponsered,correct
4299,Subject187,361,suicide,77,suicide,colorblue,test,num1,typesuicide,singlestim,47,161827,1000290,edm,paicipantresponseblue,correct
4595,Subject187,501,funeral,77,funeral,colorblue,test,num1,typesuicide,singlestim,49,167543,1000310,edm,paicipantresponseblue,correct
4891,Subject187,394,rejected,77,rejected,colorblue,test,num1,typenegative,singlestim,51,173146,1000330,edm,paicipantresponseblue,correct
5187,Subject187,480,rejected,67,rejected,colorred,test,num1,typenegative,singlestim,53,178839,1000350,edc,paicipantresponsered,correct
5483,Subject187,508,suicide,67,suicide,colorred,test,num1,typesuicide,singlestim,55,184555,1000370,edc,paicipantresponsered,correct
5779,Subject187,323,alone,77,alone,colorblue,test,num1,typenegative,singlestim,57,190087,1000390,edm,paicipantresponseblue,correct
6075,Subject187,370,success,77,success,colorblue,test,num1,typepositive,singlestim,59,195666,1000410,edm,paicipantresponseblue,correct
6371,Subject187,369,engine,67,engine,colorred,test,num1,typeneutral,singlestim,61,201246,1000430,edc,paicipantresponsered,correct
6667,Subject187,419,pleasure,77,pleasure,colorblue,test,num1,typepositive,singlestim,63,206874,1000450,edm,paicipantresponseblue,correct
6963,Subject187,423,alone,67,alone,colorred,test,num1,typenegative,singlestim,65,212510,1000470,edc,paicipantresponsered,correct
7259,Subject187,454,pleasure,67,pleasure,colorred,test,num2,typepositive,singlestim,67,218177,101010,edc,paicipantresponsered,correct
7555,Subject187,573,rejected,77,rejected,colorblue,test,num2,typenegative,singlestim,69,223957,101030,edm,paicipantresponseblue,correct
7851,Subject187,566,happy,67,happy,colorred,test,num2,typepositive,singlestim,71,229737,101050,edc,paicipantresponsered,correct
8147,Subject187,786,funeral,67,funeral,colorred,test,num2,typesuicide,singlestim,73,235733,101070,edc,paicipantresponsered,correct
8443,Subject187,415,engine,77,engine,colorblue,test,num2,typeneutral,singlestim,75,241361,101090,edm,paicipantresponseblue,correct
8739,Subject187,569,suicide,67,suicide,colorred,test,num2,typesuicide,singlestim,77,247140,1010110,edc,paicipantresponsered,correct
9035,Subject187,384,stupid,67,stupid,colorred,test,num2,typenegative,singlestim,79,252735,1010130,edc,paicipantresponsered,correct
9331,Subject187,402,alone,77,alone,colorblue,test,num2,typenegative,singlestim,81,258348,1010150,edm,paicipantresponseblue,correct
9627,Subject187,416,alone,67,alone,colorred,test,num2,typenegative,singlestim,83,263975,1010170,edc,paicipantresponsered,correct
9923,Subject187,703,museum,77,museum,colorblue,test,num2,typeneutral,singlestim,85,269892,1010190,edm,paicipantresponseblue,correct
10219,Subject187,449,suicide,77,suicide,colorblue,test,num2,typesuicide,singlestim,87,275551,1010210,edm,paicipantresponseblue,correct
10515,Subject187,593,funeral,77,funeral,colorblue,test,num2,typesuicide,singlestim,89,281355,1010230,edm,paicipantresponseblue,correct
10811,Subject187,626,engine,67,engine,colorred,test,num2,typeneutral,singlestim,91,287191,1010250,edc,paicipantresponsered,correct
11107,Subject187,856,happy,77,happy,colorblue,test,num2,typepositive,singlestim,93,293259,1010270,edm,paicipantresponseblue,correct
11403,Subject187,782,dead,67,dead,colorred,test,num2,typesuicide,singlestim,95,299254,1010290,edc,paicipantresponsered,correct
11699,Subject187,355,success,77,success,colorblue,test,num2,typepositive,singlestim,97,304818,1010310,edm,paicipantresponseblue,correct
11995,Subject187,311,museum,67,museum,colorred,test,num2,typeneutral,singlestim,99,310342,1010330,edc,paicipantresponsered,correct
12291,Subject187,869,paper,67,paper,colorred,test,num2,typeneutral,singlestim,101,316418,1010350,edc,paicipantresponsered,correct
12587,Subject187,444,success,67,success,colorred,test,num2,typepositive,singlestim,103,322070,1010370,edc,paicipantresponsered,correct
12883,Subject187,356,paper,77,paper,colorblue,test,num2,typeneutral,singlestim,105,327634,1010390,edm,paicipantresponseblue,correct
13179,Subject187,450,stupid,77,stupid,colorblue,test,num2,typenegative,singlestim,107,333293,1010410,edm,paicipantresponseblue,correct
13475,Subject187,474,dead,77,dead,colorblue,test,num2,typesuicide,singlestim,109,338977,1010430,edm,paicipantresponseblue,correct
13771,Subject187,447,rejected,67,rejected,colorred,test,num2,typenegative,singlestim,111,344637,1010450,edc,paicipantresponsered,correct
14067,Subject187,632,pleasure,77,pleasure,colorblue,test,num2,typepositive,singlestim,113,350481,1010470,edm,paicipantresponseblue,correct