,SubjectID,rt,stimulus,keypress,word,color,block,blocknum,wordtype,trialtype,trialindex,timeelapsed,internalnodeid,keypressed,participantresponse,correctresponse
51,Subject54,1213,happy,67,happy,colorred,test,num1,typepositive,singlestim,19,107262,100010,edc,paicipantresponsered,correct
347,Subject54,1376,pleasure,67,pleasure,colorred,test,num1,typepositive,singlestim,21,113850,100030,edc,paicipantresponsered,correct
643,Subject54,973,rejected,77,rejected,colorblue,test,num1,typenegative,singlestim,23,120034,100050,edm,paicipantresponseblue,correct
939,Subject54,1045,rejected,67,rejected,colorred,test,num1,typenegative,singlestim,25,126287,100070,edc,paicipantresponsered,correct
1235,Subject54,960,success,77,success,colorblue,test,num1,typepositive,singlestim,27,132460,100090,edm,paicipantresponseblue,correct
1531,Subject54,892,museum,77,museum,colorblue,test,num1,typeneutral,singlestim,29,138561,1000110,edm,paicipantresponseblue,correct
1827,Subject54,936,funeral,67,funeral,colorred,test,num1,typesuicide,singlestim,31,144707,1000130,edc,paicipantresponsered,correct
2123,Subject54,1078,paper,77,paper,colorblue,test,num1,typeneutral,singlestim,33,150995,1000150,edm,paicipantresponseblue,correct
2419,Subject54,1234,funeral,77,funeral,colorblue,test,num1,typesuicide,singlestim,35,157439,1000170,edm,paicipantresponseblue,correct
2715,Subject54,1228,paper,67,paper,colorred,test,num1,typeneutral,singlestim,37,163878,1000190,edc,paicipantresponsered,correct
3011,Subject54,789,dead,67,dead,colorred,test,num1,typesuicide,singlestim,39,169879,1000210,edc,paicipantresponsered,correct
3307,Subject54,1362,pleasure,77,pleasure,colorblue,test,num1,typepositive,singlestim,41,176452,1000230,edm,paicipantresponseblue,correct
3603,Subject54,727,engine,77,engine,colorblue,test,num1,typeneutral,singlestim,43,182388,1000250,edm,paicipantresponseblue,correct
3899,Subject54,1213,alone,77,alone,colorblue,test,num1,typenegative,singlestim,45,188810,1000270,edm,paicipantresponseblue,correct
4195,Subject54,689,museum,67,museum,colorred,test,num1,typeneutral,singlestim,47,194713,1000290,edc,paicipantresponsered,correct
4491,Subject54,636,engine,67,engine,colorred,test,num1,typeneutral,singlestim,49,200555,1000310,edc,paicipantresponsered,correct
4787,Subject54,1145,alone,67,alone,colorred,test,num1,typenegative,singlestim,51,206909,1000330,edc,paicipantresponsered,correct
5083,Subject54,1059,suicide,77,suicide,colorblue,test,num1,typesuicide,singlestim,53,213179,1000350,edm,paicipantresponseblue,correct
5379,Subject54,959,dead,77,dead,colorblue,test,num1,typesuicide,singlestim,55,219348,1000370,edm,paicipantresponseblue,correct
5675,Subject54,969,stupid,67,stupid,colorred,test,num1,typenegative,singlestim,57,225529,1000390,edc,paicipantresponsered,correct
5971,Subject54,1300,happy,77,happy,colorblue,test,num1,typepositive,singlestim,59,232041,1000410,edm,paicipantresponseblue,correct
6267,Subject54,881,success,67,success,colorred,test,num1,typepositive,singlestim,61,238134,1000430,edc,paicipantresponsered,correct
6563,Subject54,1025,stupid,77,stupid,colorblue,test,num1,typenegative,singlestim,63,244366,1000450,edm,paicipantresponseblue,correct
6859,Subject54,1009,suicide,67,suicide,colorred,test,num1,typesuicide,singlestim,65,250585,1000470,edc,paicipantresponsered,correct
7155,Subject54,666,alone,77,alone,colorblue,test,num2,typenegative,singlestim,67,256462,101010,edm,paicipantresponseblue,correct
7451,Subject54,798,stupid,67,stupid,colorred,test,num2,typenegative,singlestim,69,262472,101030,edc,paicipantresponsered,correct
7747,Subject54,788,alone,67,alone,colorred,test,num2,typenegative,singlestim,71,268472,101050,edc,paicipantresponsered,correct
8043,Subject54,1307,stupid,77,stupid,colorblue,test,num2,typenegative,singlestim,73,274987,101070,edm,paicipantresponseblue,correct
8339,Subject54,957,rejected,67,rejected,colorred,test,num2,typenegative,singlestim,75,281157,101090,edc,paicipantresponsered,correct
8635,Subject54,760,paper,67,paper,colorred,test,num2,typeneutral,singlestim,77,287128,1010110,edc,paicipantresponsered,correct
8931,Subject54,962,happy,77,happy,colorblue,test,num2,typepositive,singlestim,79,293304,1010130,edm,paicipantresponseblue,correct
9227,Subject54,1114,suicide,77,suicide,colorblue,test,num2,typesuicide,singlestim,81,299624,1010150,edm,paicipantresponseblue,correct
9523,Subject54,1016,dead,67,dead,colorred,test,num2,typesuicide,singlestim,83,305848,1010170,edc,paicipantresponsered,correct
9819,Subject54,752,happy,67,happy,colorred,test,num2,typepositive,singlestim,85,311813,1010190,edc,paicipantresponsered,correct
10115,Subject54,940,rejected,77,rejected,colorblue,test,num2,typenegative,singlestim,87,317959,1010210,edm,paicipantresponseblue,correct
10411,Subject54,898,success,67,success,colorred,test,num2,typepositive,singlestim,89,324070,1010230,edc,paicipantresponsered,correct
10707,Subject54,1012,pleasure,77,pleasure,colorblue,test,num2,typepositive,singlestim,91,330290,1010250,edm,paicipantresponseblue,correct
11003,Subject54,838,museum,77,museum,colorblue,test,num2,typeneutral,singlestim,93,336339,1010270,edm,paicipantresponseblue,correct
11299,Subject54,944,funeral,77,funeral,colorblue,test,num2,typesuicide,singlestim,95,342493,1010290,edm,paicipantresponseblue,correct
11595,Subject54,539,museum,67,museum,colorred,test,num2,typeneutral,singlestim,97,348240,1010310,edc,paicipantresponsered,correct
11891,Subject54,910,engine,77,engine,colorblue,test,num2,typeneutral,singlestim,99,354357,1010330,edm,paicipantresponseblue,correct
12187,Subject54,651,funeral,67,funeral,colorred,test,num2,typesuicide,singlestim,101,360216,1010350,edc,paicipantresponsered,correct
12483,Subject54,1111,dead,77,dead,colorblue,test,num2,typesuicide,singlestim,103,366539,1010370,edm,paicipantresponseblue,correct
12779,Subject54,804,success,77,success,colorblue,test,num2,typepositive,singlestim,105,372554,1010390,edm,paicipantresponseblue,correct
13075,Subject54,577,engine,67,engine,colorred,test,num2,typeneutral,singlestim,107,378339,1010410,edc,paicipantresponsered,correct
13371,Subject54,765,suicide,67,suicide,colorred,test,num2,typesuicide,singlestim,109,384312,1010430,edc,paicipantresponsered,correct
13667,Subject54,521,paper,77,paper,colorblue,test,num2,typeneutral,singlestim,111,390043,1010450,edm,paicipantresponseblue,correct
13963,Subject54,1184,pleasure,67,pleasure,colorred,test,num2,typepositive,singlestim,113,396441,1010470,edc,paicipantresponsered,correct