,SubjectID,rt,stimulus,keypress,word,color,block,blocknum,wordtype,trialtype,trialindex,timeelapsed,internalnodeid,keypressed,participantresponse,correctresponse
136,Subject146,628,suicide,67,suicide,colorred,test,num1,typesuicide,singlestim,19,88663,100010,edc,paicipantresponsered,correct
432,Subject146,370,pleasure,67,pleasure,colorred,test,num1,typepositive,singlestim,21,94238,100030,edc,paicipantresponsered,correct
728,Subject146,408,rejected,77,rejected,colorblue,test,num1,typenegative,singlestim,23,99852,100050,edm,paicipantresponseblue,correct
1024,Subject146,478,paper,77,paper,colorblue,test,num1,typeneutral,singlestim,25,105535,100070,edm,paicipantresponseblue,correct
1320,Subject146,513,dead,67,dead,colorred,test,num1,typesuicide,singlestim,27,111254,100090,edc,paicipantresponsered,correct
1616,Subject146,425,dead,77,dead,colorblue,test,num1,typesuicide,singlestim,29,116885,1000110,edm,paicipantresponseblue,correct
1912,Subject146,460,happy,67,happy,colorred,test,num1,typepositive,singlestim,31,122552,1000130,edc,paicipantresponsered,correct
2208,Subject146,408,rejected,67,rejected,colorred,test,num1,typenegative,singlestim,33,128166,1000150,edc,paicipantresponsered,correct
2504,Subject146,418,success,77,success,colorblue,test,num1,typepositive,singlestim,35,133791,1000170,edm,paicipantresponseblue,correct
2800,Subject146,486,funeral,67,funeral,colorred,test,num1,typesuicide,singlestim,37,139482,1000190,edc,paicipantresponsered,correct
3096,Subject146,534,suicide,77,suicide,colorblue,test,num1,typesuicide,singlestim,39,145222,1000210,edm,paicipantresponseblue,correct
3392,Subject146,432,alone,67,alone,colorred,test,num1,typenegative,singlestim,41,150861,1000230,edc,paicipantresponsered,correct
3688,Subject146,399,museum,77,museum,colorblue,test,num1,typeneutral,singlestim,43,156465,1000250,edm,paicipantresponseblue,correct
3984,Subject146,458,stupid,77,stupid,colorblue,test,num1,typenegative,singlestim,45,162130,1000270,edm,paicipantresponseblue,correct
4280,Subject146,455,pleasure,77,pleasure,colorblue,test,num1,typepositive,singlestim,47,167791,1000290,edm,paicipantresponseblue,correct
4576,Subject146,472,paper,67,paper,colorred,test,num1,typeneutral,singlestim,49,173468,1000310,edc,paicipantresponsered,correct
4872,Subject146,392,engine,77,engine,colorblue,test,num1,typeneutral,singlestim,51,179065,1000330,edm,paicipantresponseblue,correct
5168,Subject146,425,museum,67,museum,colorred,test,num1,typeneutral,singlestim,53,184694,1000350,edc,paicipantresponsered,correct
5464,Subject146,399,alone,77,alone,colorblue,test,num1,typenegative,singlestim,55,190299,1000370,edm,paicipantresponseblue,correct
5760,Subject146,424,funeral,77,funeral,colorblue,test,num1,typesuicide,singlestim,57,195928,1000390,edm,paicipantresponseblue,correct
6056,Subject146,444,happy,77,happy,colorblue,test,num1,typepositive,singlestim,59,201577,1000410,edm,paicipantresponseblue,correct
6352,Subject146,486,success,67,success,colorred,test,num1,typepositive,singlestim,61,207269,1000430,edc,paicipantresponsered,correct
6648,Subject146,369,stupid,67,stupid,colorred,test,num1,typenegative,singlestim,63,212845,1000450,edc,paicipantresponsered,correct
6944,Subject146,367,engine,67,engine,colorred,test,num1,typeneutral,singlestim,65,218417,1000470,edc,paicipantresponsered,correct
7240,Subject146,409,engine,77,engine,colorblue,test,num2,typeneutral,singlestim,67,224033,101010,edm,paicipantresponseblue,correct
7536,Subject146,397,rejected,67,rejected,colorred,test,num2,typenegative,singlestim,69,229635,101030,edc,paicipantresponsered,correct
7832,Subject146,435,funeral,67,funeral,colorred,test,num2,typesuicide,singlestim,71,235276,101050,edc,paicipantresponsered,correct
8128,Subject146,449,paper,77,paper,colorblue,test,num2,typeneutral,singlestim,73,240930,101070,edm,paicipantresponseblue,correct
8424,Subject146,556,success,77,success,colorblue,test,num2,typepositive,singlestim,75,246691,101090,edm,paicipantresponseblue,correct
8720,Subject146,422,happy,77,happy,colorblue,test,num2,typepositive,singlestim,77,252319,1010110,edm,paicipantresponseblue,correct
9016,Subject146,432,stupid,77,stupid,colorblue,test,num2,typenegative,singlestim,79,257957,1010130,edm,paicipantresponseblue,correct
9312,Subject146,392,suicide,77,suicide,colorblue,test,num2,typesuicide,singlestim,81,263554,1010150,edm,paicipantresponseblue,correct
9608,Subject146,358,success,67,success,colorred,test,num2,typepositive,singlestim,83,269118,1010170,edc,paicipantresponsered,correct
9904,Subject146,388,pleasure,67,pleasure,colorred,test,num2,typepositive,singlestim,85,274712,1010190,edc,paicipantresponsered,correct
10200,Subject146,342,happy,67,happy,colorred,test,num2,typepositive,singlestim,87,280260,1010210,edc,paicipantresponsered,correct
10496,Subject146,387,museum,67,museum,colorred,test,num2,typeneutral,singlestim,89,285853,1010230,edc,paicipantresponsered,correct
10792,Subject146,427,funeral,77,funeral,colorblue,test,num2,typesuicide,singlestim,91,291485,1010250,edm,paicipantresponseblue,correct
11088,Subject146,544,alone,77,alone,colorblue,test,num2,typenegative,singlestim,93,297236,1010270,edm,paicipantresponseblue,correct
11384,Subject146,386,dead,77,dead,colorblue,test,num2,typesuicide,singlestim,95,302828,1010290,edm,paicipantresponseblue,correct
11680,Subject146,395,engine,67,engine,colorred,test,num2,typeneutral,singlestim,97,308429,1010310,edc,paicipantresponsered,correct
11976,Subject146,399,paper,67,paper,colorred,test,num2,typeneutral,singlestim,99,314032,1010330,edc,paicipantresponsered,correct
12272,Subject146,411,alone,67,alone,colorred,test,num2,typenegative,singlestim,101,319649,1010350,edc,paicipantresponsered,correct
12568,Subject146,418,stupid,67,stupid,colorred,test,num2,typenegative,singlestim,103,325274,1010370,edc,paicipantresponsered,correct
12864,Subject146,450,pleasure,77,pleasure,colorblue,test,num2,typepositive,singlestim,105,330930,1010390,edm,paicipantresponseblue,correct
13160,Subject146,382,dead,67,dead,colorred,test,num2,typesuicide,singlestim,107,336516,1010410,edc,paicipantresponsered,correct
13456,Subject146,492,rejected,77,rejected,colorblue,test,num2,typenegative,singlestim,109,342215,1010430,edm,paicipantresponseblue,correct
13752,Subject146,493,museum,77,museum,colorblue,test,num2,typeneutral,singlestim,111,347912,1010450,edm,paicipantresponseblue,correct
14048,Subject146,436,suicide,67,suicide,colorred,test,num2,typesuicide,singlestim,113,353552,1010470,edc,paicipantresponsered,correct