,SubjectID,rt,stimulus,keypress,word,color,block,blocknum,wordtype,trialtype,trialindex,timeelapsed,internalnodeid,keypressed,participantresponse,correctresponse
147,Subject158,980,suicide,67,suicide,colorblue,test,num1,typesuicide,singlestim,19,64377,100010,edc,paicipantresponsered,incorrect
443,Subject158,908,success,67,success,colorred,test,num1,typepositive,singlestim,21,70562,100030,edc,paicipantresponsered,correct
739,Subject158,744,stupid,77,stupid,colorblue,test,num1,typenegative,singlestim,23,76676,100050,edm,paicipantresponseblue,correct
1035,Subject158,533,dead,67,dead,colorred,test,num1,typesuicide,singlestim,25,82624,100070,edc,paicipantresponsered,correct
1331,Subject158,509,museum,67,museum,colorred,test,num1,typeneutral,singlestim,27,88361,100090,edc,paicipantresponsered,correct
1627,Subject158,475,engine,77,engine,colorblue,test,num1,typeneutral,singlestim,29,94072,1000110,edm,paicipantresponseblue,correct
1923,Subject158,560,happy,67,happy,colorred,test,num1,typepositive,singlestim,31,99752,1000130,edc,paicipantresponsered,correct
2219,Subject158,604,dead,77,dead,colorblue,test,num1,typesuicide,singlestim,33,105516,1000150,edm,paicipantresponseblue,correct
2515,Subject158,541,paper,67,paper,colorred,test,num1,typeneutral,singlestim,35,111328,1000170,edc,paicipantresponsered,correct
2811,Subject158,539,suicide,67,suicide,colorred,test,num1,typesuicide,singlestim,37,117073,1000190,edc,paicipantresponsered,correct
3107,Subject158,494,funeral,77,funeral,colorblue,test,num1,typesuicide,singlestim,39,122818,1000210,edm,paicipantresponseblue,correct
3403,Subject158,1217,funeral,67,funeral,colorred,test,num1,typesuicide,singlestim,41,128519,1000230,edc,paicipantresponsered,correct
3699,Subject158,699,success,77,success,colorblue,test,num1,typepositive,singlestim,43,134942,1000250,edm,paicipantresponseblue,correct
3995,Subject158,542,alone,77,alone,colorblue,test,num1,typenegative,singlestim,45,140847,1000270,edm,paicipantresponseblue,correct
4291,Subject158,550,pleasure,77,pleasure,colorblue,test,num1,typepositive,singlestim,47,146593,1000290,edm,paicipantresponseblue,correct
4587,Subject158,476,pleasure,67,pleasure,colorred,test,num1,typepositive,singlestim,49,152350,1000310,edc,paicipantresponsered,correct
4883,Subject158,552,rejected,67,rejected,colorred,test,num1,typenegative,singlestim,51,158033,1000330,edc,paicipantresponsered,correct
5179,Subject158,637,rejected,77,rejected,colorblue,test,num1,typenegative,singlestim,53,163790,1000350,edm,paicipantresponseblue,correct
5475,Subject158,570,alone,67,alone,colorred,test,num1,typenegative,singlestim,55,169633,1000370,edc,paicipantresponsered,correct
5771,Subject158,431,paper,77,paper,colorblue,test,num1,typeneutral,singlestim,57,175410,1000390,edm,paicipantresponseblue,correct
6067,Subject158,497,engine,67,engine,colorred,test,num1,typeneutral,singlestim,59,181054,1000410,edc,paicipantresponsered,correct
6363,Subject158,400,museum,77,museum,colorblue,test,num1,typeneutral,singlestim,61,186757,1000430,edm,paicipantresponseblue,correct
6659,Subject158,735,stupid,67,stupid,colorred,test,num1,typenegative,singlestim,63,192364,1000450,edc,paicipantresponsered,correct
6955,Subject158,516,happy,77,happy,colorblue,test,num1,typepositive,singlestim,65,198305,1000470,edm,paicipantresponseblue,correct
7251,Subject158,561,dead,67,dead,colorred,test,num2,typesuicide,singlestim,67,204025,101010,edc,paicipantresponsered,correct
7547,Subject158,539,paper,67,paper,colorred,test,num2,typeneutral,singlestim,69,209792,101030,edc,paicipantresponsered,correct
7843,Subject158,793,stupid,77,stupid,colorblue,test,num2,typenegative,singlestim,71,215538,101050,edm,paicipantresponseblue,correct
8139,Subject158,626,paper,77,paper,colorblue,test,num2,typeneutral,singlestim,73,221535,101070,edm,paicipantresponseblue,correct
8435,Subject158,541,happy,67,happy,colorred,test,num2,typepositive,singlestim,75,227368,101090,edc,paicipantresponsered,correct
8731,Subject158,720,suicide,67,suicide,colorred,test,num2,typesuicide,singlestim,77,233116,1010110,edc,paicipantresponsered,correct
9027,Subject158,505,pleasure,77,pleasure,colorblue,test,num2,typepositive,singlestim,79,239041,1010130,edm,paicipantresponseblue,correct
9323,Subject158,859,alone,67,alone,colorred,test,num2,typenegative,singlestim,81,244753,1010150,edc,paicipantresponsered,correct
9619,Subject158,793,rejected,67,rejected,colorred,test,num2,typenegative,singlestim,83,250819,1010170,edc,paicipantresponsered,correct
9915,Subject158,548,happy,77,happy,colorblue,test,num2,typepositive,singlestim,85,256818,1010190,edm,paicipantresponseblue,correct
10211,Subject158,735,success,67,success,colorred,test,num2,typepositive,singlestim,87,262572,1010210,edc,paicipantresponsered,correct
10507,Subject158,629,engine,67,engine,colorred,test,num2,typeneutral,singlestim,89,268512,1010230,edc,paicipantresponsered,correct
10803,Subject158,523,engine,77,engine,colorblue,test,num2,typeneutral,singlestim,91,274347,1010250,edm,paicipantresponseblue,correct
11099,Subject158,703,funeral,77,funeral,colorblue,test,num2,typesuicide,singlestim,93,280075,1010270,edm,paicipantresponseblue,correct
11395,Subject158,572,rejected,77,rejected,colorblue,test,num2,typenegative,singlestim,95,285985,1010290,edm,paicipantresponseblue,correct
11691,Subject158,532,suicide,77,suicide,colorblue,test,num2,typesuicide,singlestim,97,291763,1010310,edm,paicipantresponseblue,correct
11987,Subject158,864,pleasure,67,pleasure,colorred,test,num2,typepositive,singlestim,99,297499,1010330,edc,paicipantresponsered,correct
12283,Subject158,1560,stupid,67,stupid,colorred,test,num2,typenegative,singlestim,101,303569,1010350,edc,paicipantresponsered,correct
12579,Subject158,625,alone,77,alone,colorblue,test,num2,typenegative,singlestim,103,310336,1010370,edm,paicipantresponseblue,correct
12875,Subject158,524,success,77,success,colorblue,test,num2,typepositive,singlestim,105,316166,1010390,edm,paicipantresponseblue,correct
13171,Subject158,615,dead,77,dead,colorblue,test,num2,typesuicide,singlestim,107,321898,1010410,edm,paicipantresponseblue,correct
13467,Subject158,491,funeral,67,funeral,colorred,test,num2,typesuicide,singlestim,109,327717,1010430,edc,paicipantresponsered,correct
13763,Subject158,523,museum,67,museum,colorred,test,num2,typeneutral,singlestim,111,333415,1010450,edc,paicipantresponsered,correct
14059,Subject158,1001,museum,77,museum,colorblue,test,num2,typeneutral,singlestim,113,339146,1010470,edm,paicipantresponseblue,correct