,SubjectID,rt,stimulus,keypress,word,color,block,blocknum,wordtype,trialtype,trialindex,timeelapsed,internalnodeid,keypressed,participantresponse,correctresponse
124,Subject134,669,stupid,67,stupid,colorred,test,num1,typenegative,singlestim,19,78154,100010,edc,paicipantresponsered,correct
420,Subject134,556,rejected,77,rejected,colorblue,test,num1,typenegative,singlestim,21,83919,100030,edm,paicipantresponseblue,correct
716,Subject134,556,success,77,success,colorblue,test,num1,typepositive,singlestim,23,89686,100050,edm,paicipantresponseblue,correct
1012,Subject134,558,engine,67,engine,colorred,test,num1,typeneutral,singlestim,25,95451,100070,edc,paicipantresponsered,correct
1308,Subject134,568,engine,77,engine,colorblue,test,num1,typeneutral,singlestim,27,101228,100090,edm,paicipantresponseblue,correct
1604,Subject134,491,alone,67,alone,colorred,test,num1,typenegative,singlestim,29,106929,1000110,edc,paicipantresponsered,correct
1900,Subject134,697,success,67,success,colorred,test,num1,typepositive,singlestim,31,112838,1000130,edc,paicipantresponsered,correct
2196,Subject134,741,happy,67,happy,colorred,test,num1,typepositive,singlestim,33,118785,1000150,edc,paicipantresponsered,correct
2492,Subject134,409,museum,67,museum,colorred,test,num1,typeneutral,singlestim,35,124401,1000170,edc,paicipantresponsered,correct
2788,Subject134,486,museum,77,museum,colorblue,test,num1,typeneutral,singlestim,37,130094,1000190,edm,paicipantresponseblue,correct
3084,Subject134,363,paper,67,paper,colorred,test,num1,typeneutral,singlestim,39,135665,1000210,edc,paicipantresponsered,correct
3380,Subject134,436,happy,77,happy,colorblue,test,num1,typepositive,singlestim,41,141310,1000230,edm,paicipantresponseblue,correct
3676,Subject134,433,pleasure,67,pleasure,colorred,test,num1,typepositive,singlestim,43,146950,1000250,edc,paicipantresponsered,correct
3972,Subject134,504,alone,77,alone,colorblue,test,num1,typenegative,singlestim,45,152660,1000270,edm,paicipantresponseblue,correct
4268,Subject134,632,suicide,77,suicide,colorblue,test,num1,typesuicide,singlestim,47,158501,1000290,edm,paicipantresponseblue,correct
4564,Subject134,497,dead,77,dead,colorblue,test,num1,typesuicide,singlestim,49,164210,1000310,edm,paicipantresponseblue,correct
4860,Subject134,443,paper,77,paper,colorblue,test,num1,typeneutral,singlestim,51,169865,1000330,edm,paicipantresponseblue,correct
5156,Subject134,747,rejected,67,rejected,colorred,test,num1,typenegative,singlestim,53,175820,1000350,edc,paicipantresponsered,correct
5452,Subject134,478,pleasure,67,pleasure,colorblue,test,num1,typepositive,singlestim,55,181507,1000370,edc,paicipantresponsered,incorrect
5748,Subject134,585,funeral,67,funeral,colorred,test,num1,typesuicide,singlestim,57,187298,1000390,edc,paicipantresponsered,correct
6044,Subject134,369,funeral,77,funeral,colorblue,test,num1,typesuicide,singlestim,59,192874,1000410,edm,paicipantresponseblue,correct
6340,Subject134,518,stupid,77,stupid,colorblue,test,num1,typenegative,singlestim,61,198600,1000430,edm,paicipantresponseblue,correct
6636,Subject134,438,suicide,67,suicide,colorred,test,num1,typesuicide,singlestim,63,204245,1000450,edc,paicipantresponsered,correct
6932,Subject134,474,dead,67,dead,colorred,test,num1,typesuicide,singlestim,65,209927,1000470,edc,paicipantresponsered,correct
7228,Subject134,596,success,77,success,colorblue,test,num2,typepositive,singlestim,67,215732,101010,edm,paicipantresponseblue,correct
7524,Subject134,515,dead,67,dead,colorred,test,num2,typesuicide,singlestim,69,221454,101030,edc,paicipantresponsered,correct
7820,Subject134,546,pleasure,67,pleasure,colorred,test,num2,typepositive,singlestim,71,227210,101050,edc,paicipantresponsered,correct
8116,Subject134,713,paper,67,paper,colorred,test,num2,typeneutral,singlestim,73,233133,101070,edc,paicipantresponsered,correct
8412,Subject134,504,success,67,success,colorred,test,num2,typepositive,singlestim,75,238843,101090,edc,paicipantresponsered,correct
8708,Subject134,483,alone,77,alone,colorblue,test,num2,typenegative,singlestim,77,244534,1010110,edm,paicipantresponseblue,correct
9004,Subject134,600,museum,67,museum,colorred,test,num2,typeneutral,singlestim,79,250344,1010130,edc,paicipantresponsered,correct
9300,Subject134,561,rejected,67,rejected,colorred,test,num2,typenegative,singlestim,81,256124,1010150,edc,paicipantresponsered,correct
9596,Subject134,757,stupid,77,stupid,colorblue,test,num2,typenegative,singlestim,83,262092,1010170,edm,paicipantresponseblue,correct
9892,Subject134,661,funeral,67,funeral,colorred,test,num2,typesuicide,singlestim,85,267962,1010190,edc,paicipantresponsered,correct
10188,Subject134,604,stupid,67,stupid,colorred,test,num2,typenegative,singlestim,87,273778,1010210,edc,paicipantresponsered,correct
10484,Subject134,616,rejected,77,rejected,colorblue,test,num2,typenegative,singlestim,89,279603,1010230,edm,paicipantresponseblue,correct
10780,Subject134,561,paper,77,paper,colorblue,test,num2,typeneutral,singlestim,91,285373,1010250,edm,paicipantresponseblue,correct
11076,Subject134,637,engine,67,engine,colorred,test,num2,typeneutral,singlestim,93,291222,1010270,edc,paicipantresponsered,correct
11372,Subject134,433,suicide,77,suicide,colorblue,test,num2,typesuicide,singlestim,95,296867,1010290,edm,paicipantresponseblue,correct
11668,Subject134,407,alone,67,alone,colorred,test,num2,typenegative,singlestim,97,302485,1010310,edc,paicipantresponsered,correct
11964,Subject134,499,happy,77,happy,colorblue,test,num2,typepositive,singlestim,99,308194,1010330,edm,paicipantresponseblue,correct
12260,Subject134,1062,suicide,67,suicide,colorred,test,num2,typesuicide,singlestim,101,314469,1010350,edc,paicipantresponsered,correct
12556,Subject134,877,museum,77,museum,colorblue,test,num2,typeneutral,singlestim,103,320556,1010370,edm,paicipantresponseblue,correct
12852,Subject134,680,funeral,77,funeral,colorblue,test,num2,typesuicide,singlestim,105,326447,1010390,edm,paicipantresponseblue,correct
13148,Subject134,820,pleasure,77,pleasure,colorblue,test,num2,typepositive,singlestim,107,332476,1010410,edm,paicipantresponseblue,correct
13444,Subject134,824,engine,77,engine,colorblue,test,num2,typeneutral,singlestim,109,338513,1010430,edm,paicipantresponseblue,correct
13740,Subject134,710,dead,77,dead,colorblue,test,num2,typesuicide,singlestim,111,344435,1010450,edm,paicipantresponseblue,correct
14036,Subject134,864,happy,67,happy,colorred,test,num2,typepositive,singlestim,113,350511,1010470,edc,paicipantresponsered,correct