,SubjectID,rt,stimulus,keypress,word,color,block,blocknum,wordtype,trialtype,trialindex,timeelapsed,internalnodeid,keypressed,participantresponse,correctresponse
272,Subject308,1282,paper,67,paper,colorred,test,num1,typeneutral,singlestim,19,97632,100010,edc,paicipantresponsered,correct
568,Subject308,696,alone,67,alone,colorred,test,num1,typenegative,singlestim,21,103550,100030,edc,paicipantresponsered,correct
864,Subject308,654,success,77,success,colorblue,test,num1,typepositive,singlestim,23,109428,100050,edm,paicipantresponseblue,correct
1160,Subject308,560,rejected,77,rejected,colorblue,test,num1,typenegative,singlestim,25,115224,100070,edm,paicipantresponseblue,correct
1456,Subject308,444,happy,67,happy,colorred,test,num1,typepositive,singlestim,27,120888,100090,edc,paicipantresponsered,correct
1752,Subject308,528,museum,77,museum,colorblue,test,num1,typeneutral,singlestim,29,126660,1000110,edm,paicipantresponseblue,correct
2048,Subject308,424,paper,77,paper,colorblue,test,num1,typeneutral,singlestim,31,132306,1000130,edm,paicipantresponseblue,correct
2344,Subject308,348,alone,77,alone,colorblue,test,num1,typenegative,singlestim,33,137886,1000150,edm,paicipantresponseblue,correct
2640,Subject308,484,suicide,77,suicide,colorblue,test,num1,typesuicide,singlestim,35,143614,1000170,edm,paicipantresponseblue,correct
2936,Subject308,382,success,67,success,colorred,test,num1,typepositive,singlestim,37,149230,1000190,edc,paicipantresponsered,correct
3232,Subject308,444,pleasure,67,pleasure,colorred,test,num1,typepositive,singlestim,39,154902,1000210,edc,paicipantresponsered,correct
3528,Subject308,404,rejected,67,rejected,colorred,test,num1,typenegative,singlestim,41,160550,1000230,edc,paicipantresponsered,correct
3824,Subject308,410,stupid,67,stupid,colorred,test,num1,typenegative,singlestim,43,166182,1000250,edc,paicipantresponsered,correct
4120,Subject308,536,stupid,77,stupid,colorblue,test,num1,typenegative,singlestim,45,171954,1000270,edm,paicipantresponseblue,correct
4416,Subject308,460,dead,77,dead,colorblue,test,num1,typesuicide,singlestim,47,177658,1000290,edm,paicipantresponseblue,correct
4712,Subject308,420,pleasure,77,pleasure,colorblue,test,num1,typepositive,singlestim,49,183308,1000310,edm,paicipantresponseblue,correct
5008,Subject308,450,engine,77,engine,colorblue,test,num1,typeneutral,singlestim,51,188998,1000330,edm,paicipantresponseblue,correct
5304,Subject308,426,engine,67,engine,colorred,test,num1,typeneutral,singlestim,53,194658,1000350,edc,paicipantresponsered,correct
5600,Subject308,434,museum,67,museum,colorred,test,num1,typeneutral,singlestim,55,200324,1000370,edc,paicipantresponsered,correct
5896,Subject308,384,suicide,67,suicide,colorred,test,num1,typesuicide,singlestim,57,205942,1000390,edc,paicipantresponsered,correct
6192,Subject308,382,funeral,77,funeral,colorblue,test,num1,typesuicide,singlestim,59,211552,1000410,edm,paicipantresponseblue,correct
6488,Subject308,414,happy,77,happy,colorblue,test,num1,typepositive,singlestim,61,217210,1000430,edm,paicipantresponseblue,correct
6784,Subject308,290,dead,67,dead,colorred,test,num1,typesuicide,singlestim,63,222748,1000450,edc,paicipantresponsered,correct
7080,Subject308,354,funeral,67,funeral,colorred,test,num1,typesuicide,singlestim,65,228332,1000470,edc,paicipantresponsered,correct
7376,Subject308,382,funeral,77,funeral,colorred,test,num2,typesuicide,singlestim,67,233940,101010,edm,paicipantresponseblue,incorrect
7672,Subject308,460,suicide,67,suicide,colorred,test,num2,typesuicide,singlestim,69,239632,101030,edc,paicipantresponsered,correct
7968,Subject308,444,alone,77,alone,colorblue,test,num2,typenegative,singlestim,71,245308,101050,edm,paicipantresponseblue,correct
8264,Subject308,688,rejected,67,rejected,colorred,test,num2,typenegative,singlestim,73,251224,101070,edc,paicipantresponsered,correct
8560,Subject308,572,funeral,77,funeral,colorblue,test,num2,typesuicide,singlestim,75,257044,101090,edm,paicipantresponseblue,correct
8856,Subject308,450,success,77,success,colorblue,test,num2,typepositive,singlestim,77,262718,1010110,edm,paicipantresponseblue,correct
9152,Subject308,406,paper,77,paper,colorblue,test,num2,typeneutral,singlestim,79,268360,1010130,edm,paicipantresponseblue,correct
9448,Subject308,926,success,67,success,colorred,test,num2,typepositive,singlestim,81,274510,1010150,edc,paicipantresponsered,correct
9744,Subject308,460,dead,67,dead,colorred,test,num2,typesuicide,singlestim,83,280196,1010170,edc,paicipantresponsered,correct
10040,Subject308,472,engine,77,engine,colorblue,test,num2,typeneutral,singlestim,85,285900,1010190,edm,paicipantresponseblue,correct
10336,Subject308,610,happy,77,happy,colorblue,test,num2,typepositive,singlestim,87,291714,1010210,edm,paicipantresponseblue,correct
10632,Subject308,484,dead,77,dead,colorblue,test,num2,typesuicide,singlestim,89,297422,1010230,edm,paicipantresponseblue,correct
10928,Subject308,514,pleasure,77,pleasure,colorblue,test,num2,typepositive,singlestim,91,303160,1010250,edm,paicipantresponseblue,correct
11224,Subject308,538,museum,67,museum,colorred,test,num2,typeneutral,singlestim,93,308930,1010270,edc,paicipantresponsered,correct
11520,Subject308,368,paper,67,paper,colorred,test,num2,typeneutral,singlestim,95,314540,1010290,edc,paicipantresponsered,correct
11816,Subject308,452,engine,67,engine,colorred,test,num2,typeneutral,singlestim,97,320218,1010310,edc,paicipantresponsered,correct
12112,Subject308,420,pleasure,67,pleasure,colorred,test,num2,typepositive,singlestim,99,325876,1010330,edc,paicipantresponsered,correct
12408,Subject308,386,rejected,77,rejected,colorblue,test,num2,typenegative,singlestim,101,331506,1010350,edm,paicipantresponseblue,correct
12704,Subject308,314,happy,67,happy,colorred,test,num2,typepositive,singlestim,103,337042,1010370,edc,paicipantresponsered,correct
13000,Subject308,380,museum,77,museum,colorblue,test,num2,typeneutral,singlestim,105,342660,1010390,edm,paicipantresponseblue,correct
13296,Subject308,410,stupid,67,stupid,colorred,test,num2,typenegative,singlestim,107,348312,1010410,edc,paicipantresponsered,correct
13592,Subject308,416,alone,67,alone,colorred,test,num2,typenegative,singlestim,109,353958,1010430,edc,paicipantresponsered,correct
13888,Subject308,384,suicide,77,suicide,colorblue,test,num2,typesuicide,singlestim,111,359568,1010450,edm,paicipantresponseblue,correct
14184,Subject308,418,stupid,77,stupid,colorblue,test,num2,typenegative,singlestim,113,365194,1010470,edm,paicipantresponseblue,correct