,SubjectID,rt,stimulus,keypress,word,color,block,blocknum,wordtype,trialtype,trialindex,timeelapsed,internalnodeid,keypressed,participantresponse,correctresponse
291,Subject328,749,happy,77,happy,colorblue,test,num1,typepositive,singlestim,19,157281,100010,edm,paicipantresponseblue,correct
587,Subject328,535,dead,67,dead,colorred,test,num1,typesuicide,singlestim,21,163049,100030,edc,paicipantresponsered,correct
883,Subject328,569,funeral,67,funeral,colorred,test,num1,typesuicide,singlestim,23,168838,100050,edc,paicipantresponsered,correct
1179,Subject328,563,engine,77,engine,colorblue,test,num1,typeneutral,singlestim,25,174616,100070,edm,paicipantresponseblue,correct
1475,Subject328,503,museum,77,museum,colorblue,test,num1,typeneutral,singlestim,27,180338,100090,edm,paicipantresponseblue,correct
1771,Subject328,741,dead,77,dead,colorblue,test,num1,typesuicide,singlestim,29,186294,1000110,edm,paicipantresponseblue,correct
2067,Subject328,520,rejected,67,rejected,colorred,test,num1,typenegative,singlestim,31,192037,1000130,edc,paicipantresponsered,correct
2363,Subject328,462,engine,67,engine,colorred,test,num1,typeneutral,singlestim,33,197730,1000150,edc,paicipantresponsered,correct
2659,Subject328,532,pleasure,67,pleasure,colorred,test,num1,typepositive,singlestim,35,203490,1000170,edc,paicipantresponsered,correct
2955,Subject328,469,happy,67,happy,colorred,test,num1,typepositive,singlestim,37,209195,1000190,edc,paicipantresponsered,correct
3251,Subject328,500,success,67,success,colorred,test,num1,typepositive,singlestim,39,214923,1000210,edc,paicipantresponsered,correct
3547,Subject328,431,alone,67,alone,colorred,test,num1,typenegative,singlestim,41,220572,1000230,edc,paicipantresponsered,correct
3843,Subject328,471,stupid,77,stupid,colorblue,test,num1,typenegative,singlestim,43,226262,1000250,edm,paicipantresponseblue,correct
4139,Subject328,426,rejected,77,rejected,colorblue,test,num1,typenegative,singlestim,45,231918,1000270,edm,paicipantresponseblue,correct
4435,Subject328,576,alone,77,alone,colorblue,test,num1,typenegative,singlestim,47,237706,1000290,edm,paicipantresponseblue,correct
4731,Subject328,505,pleasure,77,pleasure,colorblue,test,num1,typepositive,singlestim,49,243429,1000310,edm,paicipantresponseblue,correct
5027,Subject328,528,suicide,67,suicide,colorred,test,num1,typesuicide,singlestim,51,249186,1000330,edc,paicipantresponsered,correct
5323,Subject328,911,funeral,77,funeral,colorblue,test,num1,typesuicide,singlestim,53,255318,1000350,edm,paicipantresponseblue,correct
5619,Subject328,631,success,77,success,colorblue,test,num1,typepositive,singlestim,55,261175,1000370,edm,paicipantresponseblue,correct
5915,Subject328,601,stupid,67,stupid,colorred,test,num1,typenegative,singlestim,57,266995,1000390,edc,paicipantresponsered,correct
6211,Subject328,521,paper,77,paper,colorblue,test,num1,typeneutral,singlestim,59,272732,1000410,edm,paicipantresponseblue,correct
6507,Subject328,1020,paper,67,paper,colorred,test,num1,typeneutral,singlestim,61,278967,1000430,edc,paicipantresponsered,correct
6803,Subject328,594,museum,67,museum,colorred,test,num1,typeneutral,singlestim,63,284788,1000450,edc,paicipantresponsered,correct
7099,Subject328,631,suicide,77,suicide,colorblue,test,num1,typesuicide,singlestim,65,290642,1000470,edm,paicipantresponseblue,correct
7395,Subject328,538,alone,67,alone,colorred,test,num2,typenegative,singlestim,67,296417,101010,edc,paicipantresponsered,correct
7691,Subject328,469,stupid,67,stupid,colorred,test,num2,typenegative,singlestim,69,302114,101030,edc,paicipantresponsered,correct
7987,Subject328,678,suicide,77,suicide,colorblue,test,num2,typesuicide,singlestim,71,308007,101050,edm,paicipantresponseblue,correct
8283,Subject328,484,dead,67,dead,colorred,test,num2,typesuicide,singlestim,73,313711,101070,edc,paicipantresponsered,correct
8579,Subject328,562,funeral,67,funeral,colorred,test,num2,typesuicide,singlestim,75,319488,101090,edc,paicipantresponsered,correct
8875,Subject328,499,pleasure,67,pleasure,colorred,test,num2,typepositive,singlestim,77,325210,1010110,edc,paicipantresponsered,correct
9171,Subject328,428,happy,77,happy,colorblue,test,num2,typepositive,singlestim,79,330870,1010130,edm,paicipantresponseblue,correct
9467,Subject328,548,pleasure,77,pleasure,colorblue,test,num2,typepositive,singlestim,81,336639,1010150,edm,paicipantresponseblue,correct
9763,Subject328,648,paper,77,paper,colorred,test,num2,typeneutral,singlestim,83,342507,1010170,edm,paicipantresponseblue,incorrect
10059,Subject328,556,engine,77,engine,colorblue,test,num2,typeneutral,singlestim,85,348279,1010190,edm,paicipantresponseblue,correct
10355,Subject328,497,engine,67,engine,colorred,test,num2,typeneutral,singlestim,87,354005,1010210,edc,paicipantresponsered,correct
10651,Subject328,411,suicide,67,suicide,colorred,test,num2,typesuicide,singlestim,89,359652,1010230,edc,paicipantresponsered,correct
10947,Subject328,480,success,67,success,colorred,test,num2,typepositive,singlestim,91,365353,1010250,edc,paicipantresponsered,correct
11243,Subject328,398,happy,67,happy,colorred,test,num2,typepositive,singlestim,93,370977,1010270,edc,paicipantresponsered,correct
11539,Subject328,499,dead,77,dead,colorblue,test,num2,typesuicide,singlestim,95,376693,1010290,edm,paicipantresponseblue,correct
11835,Subject328,498,museum,77,museum,colorblue,test,num2,typeneutral,singlestim,97,382406,1010310,edm,paicipantresponseblue,correct
12131,Subject328,514,funeral,77,funeral,colorblue,test,num2,typesuicide,singlestim,99,388144,1010330,edm,paicipantresponseblue,correct
12427,Subject328,622,rejected,77,rejected,colorblue,test,num2,typenegative,singlestim,101,393985,1010350,edm,paicipantresponseblue,correct
12723,Subject328,465,paper,77,paper,colorblue,test,num2,typeneutral,singlestim,103,399680,1010370,edm,paicipantresponseblue,correct
13019,Subject328,548,stupid,77,stupid,colorblue,test,num2,typenegative,singlestim,105,405464,1010390,edm,paicipantresponseblue,correct
13315,Subject328,540,alone,77,alone,colorblue,test,num2,typenegative,singlestim,107,411235,1010410,edm,paicipantresponseblue,correct
13611,Subject328,417,success,77,success,colorblue,test,num2,typepositive,singlestim,109,416882,1010430,edm,paicipantresponseblue,correct
13907,Subject328,372,museum,67,museum,colorred,test,num2,typeneutral,singlestim,111,422471,1010450,edc,paicipantresponsered,correct
14203,Subject328,521,rejected,67,rejected,colorred,test,num2,typenegative,singlestim,113,428218,1010470,edc,paicipantresponsered,correct