,SubjectID,rt,stimulus,keypress,word,color,block,blocknum,wordtype,trialtype,trialindex,timeelapsed,internalnodeid,keypressed,participantresponse,correctresponse
273,Subject309,422,museum,67,museum,colorred,test,num1,typeneutral,singlestim,19,87600,100010,edc,paicipantresponsered,correct
569,Subject309,326,alone,67,alone,colorred,test,num1,typenegative,singlestim,21,93133,100030,edc,paicipantresponsered,correct
865,Subject309,389,rejected,77,rejected,colorblue,test,num1,typenegative,singlestim,23,98728,100050,edm,paicipantresponseblue,correct
1161,Subject309,497,suicide,77,suicide,colorblue,test,num1,typesuicide,singlestim,25,104432,100070,edm,paicipantresponseblue,correct
1457,Subject309,442,paper,77,paper,colorred,test,num1,typeneutral,singlestim,27,110080,100090,edm,paicipantresponseblue,incorrect
1753,Subject309,412,rejected,67,rejected,colorred,test,num1,typenegative,singlestim,29,115698,1000110,edc,paicipantresponsered,correct
2049,Subject309,632,funeral,67,funeral,colorred,test,num1,typesuicide,singlestim,31,121536,1000130,edc,paicipantresponsered,correct
2345,Subject309,520,museum,77,museum,colorblue,test,num1,typeneutral,singlestim,33,127263,1000150,edm,paicipantresponseblue,correct
2641,Subject309,405,pleasure,77,pleasure,colorblue,test,num1,typepositive,singlestim,35,132875,1000170,edm,paicipantresponseblue,correct
2937,Subject309,409,pleasure,67,pleasure,colorred,test,num1,typepositive,singlestim,37,138491,1000190,edc,paicipantresponsered,correct
3233,Subject309,436,engine,67,engine,colorred,test,num1,typeneutral,singlestim,39,144135,1000210,edc,paicipantresponsered,correct
3529,Subject309,463,alone,77,alone,colorblue,test,num1,typenegative,singlestim,41,149804,1000230,edm,paicipantresponseblue,correct
3825,Subject309,435,happy,77,happy,colorblue,test,num1,typepositive,singlestim,43,155446,1000250,edm,paicipantresponseblue,correct
4121,Subject309,342,paper,77,paper,colorblue,test,num1,typeneutral,singlestim,45,160994,1000270,edm,paicipantresponseblue,correct
4417,Subject309,398,dead,67,dead,colorred,test,num1,typesuicide,singlestim,47,166598,1000290,edc,paicipantresponsered,correct
4713,Subject309,424,dead,67,dead,colorblue,test,num1,typesuicide,singlestim,49,172230,1000310,edc,paicipantresponsered,incorrect
5009,Subject309,553,stupid,67,stupid,colorred,test,num1,typenegative,singlestim,51,177989,1000330,edc,paicipantresponsered,correct
5305,Subject309,421,engine,77,engine,colorblue,test,num1,typeneutral,singlestim,53,183617,1000350,edm,paicipantresponseblue,correct
5601,Subject309,537,stupid,77,stupid,colorblue,test,num1,typenegative,singlestim,55,189360,1000370,edm,paicipantresponseblue,correct
5897,Subject309,383,funeral,77,funeral,colorblue,test,num1,typesuicide,singlestim,57,194950,1000390,edm,paicipantresponseblue,correct
6193,Subject309,422,success,77,success,colorblue,test,num1,typepositive,singlestim,59,200578,1000410,edm,paicipantresponseblue,correct
6489,Subject309,374,happy,67,happy,colorred,test,num1,typepositive,singlestim,61,206158,1000430,edc,paicipantresponsered,correct
6785,Subject309,398,suicide,67,suicide,colorred,test,num1,typesuicide,singlestim,63,211762,1000450,edc,paicipantresponsered,correct
7081,Subject309,465,success,67,success,colorred,test,num1,typepositive,singlestim,65,217433,1000470,edc,paicipantresponsered,correct
7377,Subject309,343,pleasure,77,pleasure,colorblue,test,num2,typepositive,singlestim,67,222982,101010,edm,paicipantresponseblue,correct
7673,Subject309,377,funeral,77,funeral,colorblue,test,num2,typesuicide,singlestim,69,228565,101030,edm,paicipantresponseblue,correct
7969,Subject309,418,engine,77,engine,colorblue,test,num2,typeneutral,singlestim,71,234189,101050,edm,paicipantresponseblue,correct
8265,Subject309,387,paper,77,paper,colorblue,test,num2,typeneutral,singlestim,73,239784,101070,edm,paicipantresponseblue,correct
8561,Subject309,377,paper,67,paper,colorred,test,num2,typeneutral,singlestim,75,245366,101090,edc,paicipantresponsered,correct
8857,Subject309,403,dead,67,dead,colorred,test,num2,typesuicide,singlestim,77,250977,1010110,edc,paicipantresponsered,correct
9153,Subject309,411,rejected,77,rejected,colorblue,test,num2,typenegative,singlestim,79,256593,1010130,edm,paicipantresponseblue,correct
9449,Subject309,714,success,77,success,colorblue,test,num2,typepositive,singlestim,81,262513,1010150,edm,paicipantresponseblue,correct
9745,Subject309,393,stupid,67,stupid,colorred,test,num2,typenegative,singlestim,83,268113,1010170,edc,paicipantresponsered,correct
10041,Subject309,535,engine,67,engine,colorred,test,num2,typeneutral,singlestim,85,273854,1010190,edc,paicipantresponsered,correct
10337,Subject309,415,pleasure,67,pleasure,colorred,test,num2,typepositive,singlestim,87,279476,1010210,edc,paicipantresponsered,correct
10633,Subject309,542,alone,67,alone,colorred,test,num2,typenegative,singlestim,89,285225,1010230,edc,paicipantresponsered,correct
10929,Subject309,413,suicide,77,suicide,colorblue,test,num2,typesuicide,singlestim,91,290846,1010250,edm,paicipantresponseblue,correct
11225,Subject309,472,success,67,success,colorred,test,num2,typepositive,singlestim,93,296523,1010270,edc,paicipantresponsered,correct
11521,Subject309,483,alone,77,alone,colorblue,test,num2,typenegative,singlestim,95,302213,1010290,edm,paicipantresponseblue,correct
11817,Subject309,386,happy,67,happy,colorred,test,num2,typepositive,singlestim,97,307805,1010310,edc,paicipantresponsered,correct
12113,Subject309,454,museum,77,museum,colorblue,test,num2,typeneutral,singlestim,99,313465,1010330,edm,paicipantresponseblue,correct
12409,Subject309,414,suicide,67,suicide,colorred,test,num2,typesuicide,singlestim,101,319085,1010350,edc,paicipantresponsered,correct
12705,Subject309,456,rejected,67,rejected,colorred,test,num2,typenegative,singlestim,103,324747,1010370,edc,paicipantresponsered,correct
13001,Subject309,378,dead,77,dead,colorblue,test,num2,typesuicide,singlestim,105,330333,1010390,edm,paicipantresponseblue,correct
13297,Subject309,394,stupid,77,stupid,colorblue,test,num2,typenegative,singlestim,107,335933,1010410,edm,paicipantresponseblue,correct
13593,Subject309,443,museum,67,museum,colorred,test,num2,typeneutral,singlestim,109,341581,1010430,edc,paicipantresponsered,correct
13889,Subject309,373,happy,77,happy,colorblue,test,num2,typepositive,singlestim,111,347161,1010450,edm,paicipantresponseblue,correct
14185,Subject309,795,funeral,67,funeral,colorred,test,num2,typesuicide,singlestim,113,353163,1010470,edc,paicipantresponsered,correct