,SubjectID,rt,stimulus,keypress,word,color,block,blocknum,wordtype,trialtype,trialindex,timeelapsed,internalnodeid,keypressed,participantresponse,correctresponse
207,Subject239,642,funeral,77,funeral,colorblue,test,num1,typesuicide,singlestim,19,156040,100010,edm,paicipantresponseblue,correct
503,Subject239,431,dead,77,dead,colorblue,test,num1,typesuicide,singlestim,21,161676,100030,edm,paicipantresponseblue,correct
799,Subject239,374,pleasure,77,pleasure,colorblue,test,num1,typepositive,singlestim,23,167254,100050,edm,paicipantresponseblue,correct
1095,Subject239,362,alone,77,alone,colorblue,test,num1,typenegative,singlestim,25,172818,100070,edm,paicipantresponseblue,correct
1391,Subject239,364,funeral,67,funeral,colorred,test,num1,typesuicide,singlestim,27,178385,100090,edc,paicipantresponsered,correct
1687,Subject239,347,success,77,success,colorblue,test,num1,typepositive,singlestim,29,183935,1000110,edm,paicipantresponseblue,correct
1983,Subject239,448,suicide,67,suicide,colorred,test,num1,typesuicide,singlestim,31,189587,1000130,edc,paicipantresponsered,correct
2279,Subject239,346,pleasure,67,pleasure,colorred,test,num1,typepositive,singlestim,33,195135,1000150,edc,paicipantresponsered,correct
2575,Subject239,398,suicide,77,suicide,colorblue,test,num1,typesuicide,singlestim,35,200737,1000170,edm,paicipantresponseblue,correct
2871,Subject239,434,alone,67,alone,colorred,test,num1,typenegative,singlestim,37,206374,1000190,edc,paicipantresponsered,correct
3167,Subject239,324,happy,67,happy,colorred,test,num1,typepositive,singlestim,39,211900,1000210,edc,paicipantresponsered,correct
3463,Subject239,373,rejected,77,rejected,colorblue,test,num1,typenegative,singlestim,41,217479,1000230,edm,paicipantresponseblue,correct
3759,Subject239,339,museum,77,museum,colorblue,test,num1,typeneutral,singlestim,43,223022,1000250,edm,paicipantresponseblue,correct
4055,Subject239,338,dead,77,dead,colorred,test,num1,typesuicide,singlestim,45,228563,1000270,edm,paicipantresponseblue,incorrect
4351,Subject239,337,paper,67,paper,colorred,test,num1,typeneutral,singlestim,47,234102,1000290,edc,paicipantresponsered,correct
4647,Subject239,319,rejected,67,rejected,colorred,test,num1,typenegative,singlestim,49,239623,1000310,edc,paicipantresponsered,correct
4943,Subject239,365,engine,67,engine,colorred,test,num1,typeneutral,singlestim,51,245191,1000330,edc,paicipantresponsered,correct
5239,Subject239,363,stupid,67,stupid,colorred,test,num1,typenegative,singlestim,53,250758,1000350,edc,paicipantresponsered,correct
5535,Subject239,378,success,67,success,colorred,test,num1,typepositive,singlestim,55,256338,1000370,edc,paicipantresponsered,correct
5831,Subject239,365,engine,77,engine,colorblue,test,num1,typeneutral,singlestim,57,261907,1000390,edm,paicipantresponseblue,correct
6127,Subject239,390,happy,77,happy,colorblue,test,num1,typepositive,singlestim,59,267500,1000410,edm,paicipantresponseblue,correct
6423,Subject239,507,paper,77,paper,colorblue,test,num1,typeneutral,singlestim,61,273210,1000430,edm,paicipantresponseblue,correct
6719,Subject239,447,stupid,77,stupid,colorblue,test,num1,typenegative,singlestim,63,278860,1000450,edm,paicipantresponseblue,correct
7015,Subject239,311,museum,67,museum,colorred,test,num1,typeneutral,singlestim,65,284373,1000470,edc,paicipantresponsered,correct
7311,Subject239,369,funeral,77,funeral,colorblue,test,num2,typesuicide,singlestim,67,289945,101010,edm,paicipantresponseblue,correct
7607,Subject239,405,alone,67,alone,colorred,test,num2,typenegative,singlestim,69,295554,101030,edc,paicipantresponsered,correct
7903,Subject239,460,success,67,success,colorred,test,num2,typepositive,singlestim,71,301217,101050,edc,paicipantresponsered,correct
8199,Subject239,401,suicide,67,suicide,colorred,test,num2,typesuicide,singlestim,73,306823,101070,edc,paicipantresponsered,correct
8495,Subject239,352,engine,77,engine,colorblue,test,num2,typeneutral,singlestim,75,312379,101090,edm,paicipantresponseblue,correct
8791,Subject239,452,alone,77,alone,colorblue,test,num2,typenegative,singlestim,77,318033,1010110,edm,paicipantresponseblue,correct
9087,Subject239,419,rejected,77,rejected,colorblue,test,num2,typenegative,singlestim,79,323654,1010130,edm,paicipantresponseblue,correct
9383,Subject239,275,funeral,67,funeral,colorred,test,num2,typesuicide,singlestim,81,329132,1010150,edc,paicipantresponsered,correct
9679,Subject239,276,stupid,77,stupid,colorblue,test,num2,typenegative,singlestim,83,334609,1010170,edm,paicipantresponseblue,correct
9975,Subject239,374,stupid,67,stupid,colorred,test,num2,typenegative,singlestim,85,340188,1010190,edc,paicipantresponsered,correct
10271,Subject239,382,museum,67,museum,colorred,test,num2,typeneutral,singlestim,87,345773,1010210,edc,paicipantresponsered,correct
10567,Subject239,277,happy,67,happy,colorred,test,num2,typepositive,singlestim,89,351255,1010230,edc,paicipantresponsered,correct
10863,Subject239,407,pleasure,67,pleasure,colorred,test,num2,typepositive,singlestim,91,356865,1010250,edc,paicipantresponsered,correct
11159,Subject239,362,engine,67,engine,colorred,test,num2,typeneutral,singlestim,93,362431,1010270,edc,paicipantresponsered,correct
11455,Subject239,252,museum,67,museum,colorblue,test,num2,typeneutral,singlestim,95,367887,1010290,edc,paicipantresponsered,incorrect
11751,Subject239,459,happy,77,happy,colorblue,test,num2,typepositive,singlestim,97,373548,1010310,edm,paicipantresponseblue,correct
12047,Subject239,461,success,77,success,colorblue,test,num2,typepositive,singlestim,99,379212,1010330,edm,paicipantresponseblue,correct
12343,Subject239,347,suicide,77,suicide,colorblue,test,num2,typesuicide,singlestim,101,384762,1010350,edm,paicipantresponseblue,correct
12639,Subject239,392,pleasure,77,pleasure,colorblue,test,num2,typepositive,singlestim,103,390357,1010370,edm,paicipantresponseblue,correct
12935,Subject239,378,dead,77,dead,colorblue,test,num2,typesuicide,singlestim,105,395938,1010390,edm,paicipantresponseblue,correct
13231,Subject239,285,rejected,67,rejected,colorred,test,num2,typenegative,singlestim,107,401428,1010410,edc,paicipantresponsered,correct
13527,Subject239,340,paper,67,paper,colorred,test,num2,typeneutral,singlestim,109,406973,1010430,edc,paicipantresponsered,correct
13823,Subject239,341,dead,67,dead,colorred,test,num2,typesuicide,singlestim,111,412519,1010450,edc,paicipantresponsered,correct
14119,Subject239,298,paper,77,paper,colorblue,test,num2,typeneutral,singlestim,113,418020,1010470,edm,paicipantresponseblue,correct