,SubjectID,rt,stimulus,keypress,word,color,block,blocknum,wordtype,trialtype,trialindex,timeelapsed,internalnodeid,keypressed,participantresponse,correctresponse
35,Subject36,567,happy,77,happy,colorblue,test,num1,typepositive,singlestim,19,85495,100010,edm,paicipantresponseblue,correct
331,Subject36,497,stupid,67,stupid,colorred,test,num1,typenegative,singlestim,21,91205,100030,edc,paicipantresponsered,correct
627,Subject36,558,dead,67,dead,colorred,test,num1,typesuicide,singlestim,23,96972,100050,edc,paicipantresponsered,correct
923,Subject36,467,alone,67,alone,colorred,test,num1,typenegative,singlestim,25,102651,100070,edc,paicipantresponsered,correct
1219,Subject36,462,paper,67,paper,colorred,test,num1,typeneutral,singlestim,27,108327,100090,edc,paicipantresponsered,correct
1515,Subject36,487,funeral,67,funeral,colorred,test,num1,typesuicide,singlestim,29,114022,1000110,edc,paicipantresponsered,correct
1811,Subject36,477,rejected,77,rejected,colorblue,test,num1,typenegative,singlestim,31,119715,1000130,edm,paicipantresponseblue,correct
2107,Subject36,489,pleasure,67,pleasure,colorred,test,num1,typepositive,singlestim,33,125414,1000150,edc,paicipantresponsered,correct
2403,Subject36,443,happy,67,happy,colorred,test,num1,typepositive,singlestim,35,131064,1000170,edc,paicipantresponsered,correct
2699,Subject36,542,success,77,success,colorblue,test,num1,typepositive,singlestim,37,136819,1000190,edm,paicipantresponseblue,correct
2995,Subject36,507,dead,77,dead,colorblue,test,num1,typesuicide,singlestim,39,142542,1000210,edm,paicipantresponseblue,correct
3291,Subject36,455,rejected,67,rejected,colorred,test,num1,typenegative,singlestim,41,148207,1000230,edc,paicipantresponsered,correct
3587,Subject36,459,funeral,77,funeral,colorblue,test,num1,typesuicide,singlestim,43,153872,1000250,edm,paicipantresponseblue,correct
3883,Subject36,521,stupid,77,stupid,colorblue,test,num1,typenegative,singlestim,45,159603,1000270,edm,paicipantresponseblue,correct
4179,Subject36,395,museum,77,museum,colorblue,test,num1,typeneutral,singlestim,47,165212,1000290,edm,paicipantresponseblue,correct
4475,Subject36,559,success,67,success,colorred,test,num1,typepositive,singlestim,49,170983,1000310,edc,paicipantresponsered,correct
4771,Subject36,595,museum,67,museum,colorred,test,num1,typeneutral,singlestim,51,176787,1000330,edc,paicipantresponsered,correct
5067,Subject36,694,engine,67,engine,colorred,test,num1,typeneutral,singlestim,53,182692,1000350,edc,paicipantresponsered,correct
5363,Subject36,594,paper,77,paper,colorblue,test,num1,typeneutral,singlestim,55,188499,1000370,edm,paicipantresponseblue,correct
5659,Subject36,459,suicide,67,suicide,colorred,test,num1,typesuicide,singlestim,57,194169,1000390,edc,paicipantresponsered,correct
5955,Subject36,436,engine,77,engine,colorblue,test,num1,typeneutral,singlestim,59,199816,1000410,edm,paicipantresponseblue,correct
6251,Subject36,439,suicide,77,suicide,colorblue,test,num1,typesuicide,singlestim,61,205466,1000430,edm,paicipantresponseblue,correct
6547,Subject36,486,pleasure,77,pleasure,colorblue,test,num1,typepositive,singlestim,63,211160,1000450,edm,paicipantresponseblue,correct
6843,Subject36,520,alone,77,alone,colorblue,test,num1,typenegative,singlestim,65,216895,1000470,edm,paicipantresponseblue,correct
7139,Subject36,533,pleasure,67,pleasure,colorred,test,num2,typepositive,singlestim,67,222643,101010,edc,paicipantresponsered,correct
7435,Subject36,547,dead,67,dead,colorred,test,num2,typesuicide,singlestim,69,228401,101030,edc,paicipantresponsered,correct
7731,Subject36,467,museum,67,museum,colorred,test,num2,typeneutral,singlestim,71,234079,101050,edc,paicipantresponsered,correct
8027,Subject36,488,stupid,77,stupid,colorblue,test,num2,typenegative,singlestim,73,239777,101070,edm,paicipantresponseblue,correct
8323,Subject36,531,rejected,67,rejected,colorred,test,num2,typenegative,singlestim,75,245521,101090,edc,paicipantresponsered,correct
8619,Subject36,1071,suicide,77,suicide,colorblue,test,num2,typesuicide,singlestim,77,251799,1010110,edm,paicipantresponseblue,correct
8915,Subject36,520,paper,67,paper,colorred,test,num2,typeneutral,singlestim,79,257531,1010130,edc,paicipantresponsered,correct
9211,Subject36,446,funeral,77,funeral,colorblue,test,num2,typesuicide,singlestim,81,263189,1010150,edm,paicipantresponseblue,correct
9507,Subject36,481,alone,77,alone,colorblue,test,num2,typenegative,singlestim,83,268877,1010170,edm,paicipantresponseblue,correct
9803,Subject36,367,success,67,success,colorblue,test,num2,typepositive,singlestim,85,274458,1010190,edc,paicipantresponsered,incorrect
10099,Subject36,458,happy,77,happy,colorblue,test,num2,typepositive,singlestim,87,280123,1010210,edm,paicipantresponseblue,correct
10395,Subject36,451,dead,77,dead,colorblue,test,num2,typesuicide,singlestim,89,285784,1010230,edm,paicipantresponseblue,correct
10691,Subject36,546,alone,67,alone,colorred,test,num2,typenegative,singlestim,91,291545,1010250,edc,paicipantresponsered,correct
10987,Subject36,625,suicide,67,suicide,colorred,test,num2,typesuicide,singlestim,93,297381,1010270,edc,paicipantresponsered,correct
11283,Subject36,449,rejected,77,rejected,colorblue,test,num2,typenegative,singlestim,95,303038,1010290,edm,paicipantresponseblue,correct
11579,Subject36,484,engine,77,engine,colorblue,test,num2,typeneutral,singlestim,97,308733,1010310,edm,paicipantresponseblue,correct
11875,Subject36,656,success,67,success,colorred,test,num2,typepositive,singlestim,99,314599,1010330,edc,paicipantresponsered,correct
12171,Subject36,463,pleasure,77,pleasure,colorblue,test,num2,typepositive,singlestim,101,320273,1010350,edm,paicipantresponseblue,correct
12467,Subject36,460,paper,77,paper,colorblue,test,num2,typeneutral,singlestim,103,325949,1010370,edm,paicipantresponseblue,correct
12763,Subject36,529,funeral,67,funeral,colorred,test,num2,typesuicide,singlestim,105,331686,1010390,edc,paicipantresponsered,correct
13059,Subject36,726,stupid,67,stupid,colorred,test,num2,typenegative,singlestim,107,337618,1010410,edc,paicipantresponsered,correct
13355,Subject36,470,happy,67,happy,colorred,test,num2,typepositive,singlestim,109,343295,1010430,edc,paicipantresponsered,correct
13651,Subject36,467,museum,77,museum,colorblue,test,num2,typeneutral,singlestim,111,348973,1010450,edm,paicipantresponseblue,correct
13947,Subject36,450,engine,67,engine,colorred,test,num2,typeneutral,singlestim,113,354634,1010470,edc,paicipantresponsered,correct