,SubjectID,rt,stimulus,keypress,word,color,block,blocknum,wordtype,trialtype,trialindex,timeelapsed,internalnodeid,keypressed,participantresponse,correctresponse
229,Subject261,833,funeral,77,funeral,colorblue,test,num1,typesuicide,singlestim,19,106484,100010,edm,paicipantresponseblue,correct
525,Subject261,455,rejected,67,rejected,colorred,test,num1,typenegative,singlestim,21,112140,100030,edc,paicipantresponsered,correct
821,Subject261,814,paper,67,paper,colorred,test,num1,typeneutral,singlestim,23,118155,100050,edc,paicipantresponsered,correct
1117,Subject261,496,dead,77,dead,colorblue,test,num1,typesuicide,singlestim,25,123852,100070,edm,paicipantresponseblue,correct
1413,Subject261,942,suicide,67,suicide,colorred,test,num1,typesuicide,singlestim,27,130006,100090,edc,paicipantresponsered,correct
1709,Subject261,761,happy,67,happy,colorred,test,num1,typepositive,singlestim,29,135969,1000110,edc,paicipantresponsered,correct
2005,Subject261,818,alone,77,alone,colorblue,test,num1,typenegative,singlestim,31,142001,1000130,edm,paicipantresponseblue,correct
2301,Subject261,964,funeral,67,funeral,colorred,test,num1,typesuicide,singlestim,33,148168,1000150,edc,paicipantresponsered,correct
2597,Subject261,630,happy,77,happy,colorblue,test,num1,typepositive,singlestim,35,153999,1000170,edm,paicipantresponseblue,correct
2893,Subject261,394,dead,67,dead,colorred,test,num1,typesuicide,singlestim,37,159596,1000190,edc,paicipantresponsered,correct
3189,Subject261,353,engine,77,engine,colorblue,test,num1,typeneutral,singlestim,39,165150,1000210,edm,paicipantresponseblue,correct
3485,Subject261,703,suicide,77,suicide,colorblue,test,num1,typesuicide,singlestim,41,171053,1000230,edm,paicipantresponseblue,correct
3781,Subject261,460,alone,67,alone,colorred,test,num1,typenegative,singlestim,43,176715,1000250,edc,paicipantresponsered,correct
4077,Subject261,610,museum,77,museum,colorblue,test,num1,typeneutral,singlestim,45,182527,1000270,edm,paicipantresponseblue,correct
4373,Subject261,890,museum,67,museum,colorred,test,num1,typeneutral,singlestim,47,188620,1000290,edc,paicipantresponsered,correct
4669,Subject261,564,pleasure,67,pleasure,colorred,test,num1,typepositive,singlestim,49,194385,1000310,edc,paicipantresponsered,correct
4965,Subject261,627,rejected,77,rejected,colorblue,test,num1,typenegative,singlestim,51,200214,1000330,edm,paicipantresponseblue,correct
5261,Subject261,479,success,67,success,colorred,test,num1,typepositive,singlestim,53,205893,1000350,edc,paicipantresponsered,correct
5557,Subject261,664,stupid,77,stupid,colorblue,test,num1,typenegative,singlestim,55,211758,1000370,edm,paicipantresponseblue,correct
5853,Subject261,728,engine,67,engine,colorred,test,num1,typeneutral,singlestim,57,217687,1000390,edc,paicipantresponsered,correct
6149,Subject261,444,stupid,67,stupid,colorred,test,num1,typenegative,singlestim,59,223332,1000410,edc,paicipantresponsered,correct
6445,Subject261,700,success,77,success,colorblue,test,num1,typepositive,singlestim,61,229233,1000430,edm,paicipantresponseblue,correct
6741,Subject261,759,pleasure,77,pleasure,colorblue,test,num1,typepositive,singlestim,63,235193,1000450,edm,paicipantresponseblue,correct
7037,Subject261,695,paper,77,paper,colorblue,test,num1,typeneutral,singlestim,65,241089,1000470,edm,paicipantresponseblue,correct
7333,Subject261,487,paper,77,paper,colorblue,test,num2,typeneutral,singlestim,67,246779,101010,edm,paicipantresponseblue,correct
7629,Subject261,508,funeral,67,funeral,colorred,test,num2,typesuicide,singlestim,69,252490,101030,edc,paicipantresponsered,correct
7925,Subject261,827,pleasure,67,pleasure,colorred,test,num2,typepositive,singlestim,71,258520,101050,edc,paicipantresponsered,correct
8221,Subject261,424,rejected,77,rejected,colorblue,test,num2,typenegative,singlestim,73,264143,101070,edm,paicipantresponseblue,correct
8517,Subject261,556,alone,67,alone,colorred,test,num2,typenegative,singlestim,75,269903,101090,edc,paicipantresponsered,correct
8813,Subject261,802,suicide,77,suicide,colorblue,test,num2,typesuicide,singlestim,77,275907,1010110,edm,paicipantresponseblue,correct
9109,Subject261,633,happy,77,happy,colorblue,test,num2,typepositive,singlestim,79,281740,1010130,edm,paicipantresponseblue,correct
9405,Subject261,576,engine,77,engine,colorblue,test,num2,typeneutral,singlestim,81,287519,1010150,edm,paicipantresponseblue,correct
9701,Subject261,538,rejected,67,rejected,colorred,test,num2,typenegative,singlestim,83,293259,1010170,edc,paicipantresponsered,correct
9997,Subject261,814,suicide,67,suicide,colorred,test,num2,typesuicide,singlestim,85,299274,1010190,edc,paicipantresponsered,correct
10293,Subject261,780,stupid,77,stupid,colorblue,test,num2,typenegative,singlestim,87,305255,1010210,edm,paicipantresponseblue,correct
10589,Subject261,620,funeral,77,funeral,colorblue,test,num2,typesuicide,singlestim,89,311076,1010230,edm,paicipantresponseblue,correct
10885,Subject261,548,museum,77,museum,colorblue,test,num2,typeneutral,singlestim,91,316824,1010250,edm,paicipantresponseblue,correct
11181,Subject261,433,alone,77,alone,colorblue,test,num2,typenegative,singlestim,93,322459,1010270,edm,paicipantresponseblue,correct
11477,Subject261,593,success,67,success,colorred,test,num2,typepositive,singlestim,95,328255,1010290,edc,paicipantresponsered,correct
11773,Subject261,693,paper,67,paper,colorred,test,num2,typeneutral,singlestim,97,334149,1010310,edc,paicipantresponsered,correct
12069,Subject261,657,happy,67,happy,colorred,test,num2,typepositive,singlestim,99,340008,1010330,edc,paicipantresponsered,correct
12365,Subject261,443,dead,67,dead,colorred,test,num2,typesuicide,singlestim,101,345652,1010350,edc,paicipantresponsered,correct
12661,Subject261,303,pleasure,77,pleasure,colorblue,test,num2,typepositive,singlestim,103,351155,1010370,edm,paicipantresponseblue,correct
12957,Subject261,613,success,77,success,colorblue,test,num2,typepositive,singlestim,105,356970,1010390,edm,paicipantresponseblue,correct
13253,Subject261,422,museum,67,museum,colorred,test,num2,typeneutral,singlestim,107,362594,1010410,edc,paicipantresponsered,correct
13549,Subject261,443,stupid,67,stupid,colorred,test,num2,typenegative,singlestim,109,368239,1010430,edc,paicipantresponsered,correct
13845,Subject261,397,engine,67,engine,colorred,test,num2,typeneutral,singlestim,111,373838,1010450,edc,paicipantresponsered,correct
14141,Subject261,680,dead,77,dead,colorblue,test,num2,typesuicide,singlestim,113,379720,1010470,edm,paicipantresponseblue,correct