,SubjectID,rt,stimulus,keypress,word,color,block,blocknum,wordtype,trialtype,trialindex,timeelapsed,internalnodeid,keypressed,participantresponse,correctresponse
148,Subject159,412,alone,67,alone,colorred,test,num1,typenegative,singlestim,19,175684,100010,edc,paicipantresponsered,correct
444,Subject159,440,dead,67,dead,colorred,test,num1,typesuicide,singlestim,21,181330,100030,edc,paicipantresponsered,correct
740,Subject159,430,paper,67,paper,colorred,test,num1,typeneutral,singlestim,23,186967,100050,edc,paicipantresponsered,correct
1036,Subject159,439,rejected,67,rejected,colorred,test,num1,typenegative,singlestim,25,192611,100070,edc,paicipantresponsered,correct
1332,Subject159,434,rejected,77,rejected,colorblue,test,num1,typenegative,singlestim,27,198250,100090,edm,paicipantresponseblue,correct
1628,Subject159,460,pleasure,77,pleasure,colorblue,test,num1,typepositive,singlestim,29,203915,1000110,edm,paicipantresponseblue,correct
1924,Subject159,557,museum,67,museum,colorred,test,num1,typeneutral,singlestim,31,209681,1000130,edc,paicipantresponsered,correct
2220,Subject159,490,paper,77,paper,colorblue,test,num1,typeneutral,singlestim,33,215377,1000150,edm,paicipantresponseblue,correct
2516,Subject159,483,suicide,67,suicide,colorred,test,num1,typesuicide,singlestim,35,221068,1000170,edc,paicipantresponsered,correct
2812,Subject159,450,funeral,77,funeral,colorblue,test,num1,typesuicide,singlestim,37,226723,1000190,edm,paicipantresponseblue,correct
3108,Subject159,688,success,67,success,colorred,test,num1,typepositive,singlestim,39,232616,1000210,edc,paicipantresponsered,correct
3404,Subject159,461,stupid,67,stupid,colorred,test,num1,typenegative,singlestim,41,238283,1000230,edc,paicipantresponsered,correct
3700,Subject159,424,happy,67,happy,colorred,test,num1,typepositive,singlestim,43,243912,1000250,edc,paicipantresponsered,correct
3996,Subject159,510,success,77,success,colorblue,test,num1,typepositive,singlestim,45,249630,1000270,edm,paicipantresponseblue,correct
4292,Subject159,430,pleasure,67,pleasure,colorred,test,num1,typepositive,singlestim,47,255268,1000290,edc,paicipantresponsered,correct
4588,Subject159,417,museum,77,museum,colorblue,test,num1,typeneutral,singlestim,49,260891,1000310,edm,paicipantresponseblue,correct
4884,Subject159,353,engine,67,engine,colorred,test,num1,typeneutral,singlestim,51,266451,1000330,edc,paicipantresponsered,correct
5180,Subject159,395,funeral,67,funeral,colorred,test,num1,typesuicide,singlestim,53,272054,1000350,edc,paicipantresponsered,correct
5476,Subject159,540,alone,77,alone,colorblue,test,num1,typenegative,singlestim,55,277798,1000370,edm,paicipantresponseblue,correct
5772,Subject159,429,engine,77,engine,colorblue,test,num1,typeneutral,singlestim,57,283434,1000390,edm,paicipantresponseblue,correct
6068,Subject159,409,happy,77,happy,colorblue,test,num1,typepositive,singlestim,59,289049,1000410,edm,paicipantresponseblue,correct
6364,Subject159,488,stupid,77,stupid,colorblue,test,num1,typenegative,singlestim,61,294741,1000430,edm,paicipantresponseblue,correct
6660,Subject159,383,suicide,77,suicide,colorblue,test,num1,typesuicide,singlestim,63,300328,1000450,edm,paicipantresponseblue,correct
6956,Subject159,431,dead,77,dead,colorblue,test,num1,typesuicide,singlestim,65,305966,1000470,edm,paicipantresponseblue,correct
7252,Subject159,358,engine,67,engine,colorred,test,num2,typeneutral,singlestim,67,311530,101010,edc,paicipantresponsered,correct
7548,Subject159,432,museum,67,museum,colorred,test,num2,typeneutral,singlestim,69,317168,101030,edc,paicipantresponsered,correct
7844,Subject159,462,rejected,67,rejected,colorred,test,num2,typenegative,singlestim,71,322837,101050,edc,paicipantresponsered,correct
8140,Subject159,358,happy,67,happy,colorred,test,num2,typepositive,singlestim,73,328402,101070,edc,paicipantresponsered,correct
8436,Subject159,404,alone,67,alone,colorred,test,num2,typenegative,singlestim,75,334013,101090,edc,paicipantresponsered,correct
8732,Subject159,529,happy,77,happy,colorblue,test,num2,typepositive,singlestim,77,339747,1010110,edm,paicipantresponseblue,correct
9028,Subject159,397,suicide,77,suicide,colorblue,test,num2,typesuicide,singlestim,79,345350,1010130,edm,paicipantresponseblue,correct
9324,Subject159,381,museum,77,museum,colorblue,test,num2,typeneutral,singlestim,81,350938,1010150,edm,paicipantresponseblue,correct
9620,Subject159,466,funeral,77,funeral,colorblue,test,num2,typesuicide,singlestim,83,356610,1010170,edm,paicipantresponseblue,correct
9916,Subject159,393,funeral,67,funeral,colorred,test,num2,typesuicide,singlestim,85,362210,1010190,edc,paicipantresponsered,correct
10212,Subject159,356,pleasure,77,pleasure,colorblue,test,num2,typepositive,singlestim,87,367773,1010210,edm,paicipantresponseblue,correct
10508,Subject159,410,paper,77,paper,colorblue,test,num2,typeneutral,singlestim,89,373389,1010230,edm,paicipantresponseblue,correct
10804,Subject159,509,dead,77,dead,colorred,test,num2,typesuicide,singlestim,91,379106,1010250,edm,paicipantresponseblue,incorrect
11100,Subject159,730,suicide,67,suicide,colorred,test,num2,typesuicide,singlestim,93,385041,1010270,edc,paicipantresponsered,correct
11396,Subject159,487,engine,77,engine,colorblue,test,num2,typeneutral,singlestim,95,390735,1010290,edm,paicipantresponseblue,correct
11692,Subject159,440,success,67,success,colorred,test,num2,typepositive,singlestim,97,396382,1010310,edc,paicipantresponsered,correct
11988,Subject159,460,paper,67,paper,colorred,test,num2,typeneutral,singlestim,99,402049,1010330,edc,paicipantresponsered,correct
12284,Subject159,399,stupid,67,stupid,colorred,test,num2,typenegative,singlestim,101,407653,1010350,edc,paicipantresponsered,correct
12580,Subject159,581,alone,77,alone,colorblue,test,num2,typenegative,singlestim,103,413442,1010370,edm,paicipantresponseblue,correct
12876,Subject159,454,dead,77,dead,colorblue,test,num2,typesuicide,singlestim,105,419100,1010390,edm,paicipantresponseblue,correct
13172,Subject159,626,pleasure,67,pleasure,colorred,test,num2,typepositive,singlestim,107,424932,1010410,edc,paicipantresponsered,correct
13468,Subject159,427,rejected,77,rejected,colorblue,test,num2,typenegative,singlestim,109,430565,1010430,edm,paicipantresponseblue,correct
13764,Subject159,488,success,77,success,colorblue,test,num2,typepositive,singlestim,111,436260,1010450,edm,paicipantresponseblue,correct
14060,Subject159,426,stupid,77,stupid,colorblue,test,num2,typenegative,singlestim,113,441890,1010470,edm,paicipantresponseblue,correct