,SubjectID,rt,stimulus,keypress,word,color,block,blocknum,wordtype,trialtype,trialindex,timeelapsed,internalnodeid,keypressed,participantresponse,correctresponse
168,Subject199,554,rejected,77,rejected,colorblue,test,num1,typenegative,singlestim,19,157076,100010,edm,paicipantresponseblue,correct
464,Subject199,321,happy,67,happy,colorred,test,num1,typepositive,singlestim,21,162603,100030,edc,paicipantresponsered,correct
760,Subject199,356,dead,77,dead,colorblue,test,num1,typesuicide,singlestim,23,168166,100050,edm,paicipantresponseblue,correct
1056,Subject199,438,alone,77,alone,colorblue,test,num1,typenegative,singlestim,25,173811,100070,edm,paicipantresponseblue,correct
1352,Subject199,451,paper,77,paper,colorblue,test,num1,typeneutral,singlestim,27,179467,100090,edm,paicipantresponseblue,correct
1648,Subject199,403,engine,77,engine,colorblue,test,num1,typeneutral,singlestim,29,185075,1000110,edm,paicipantresponseblue,correct
1944,Subject199,373,museum,77,museum,colorblue,test,num1,typeneutral,singlestim,31,190655,1000130,edm,paicipantresponseblue,correct
2240,Subject199,356,funeral,77,funeral,colorblue,test,num1,typesuicide,singlestim,33,196216,1000150,edm,paicipantresponseblue,correct
2536,Subject199,350,pleasure,67,pleasure,colorred,test,num1,typepositive,singlestim,35,201773,1000170,edc,paicipantresponsered,correct
2832,Subject199,395,alone,67,alone,colorred,test,num1,typenegative,singlestim,37,207373,1000190,edc,paicipantresponsered,correct
3128,Subject199,400,stupid,77,stupid,colorblue,test,num1,typenegative,singlestim,39,212978,1000210,edm,paicipantresponseblue,correct
3424,Subject199,378,museum,67,museum,colorred,test,num1,typeneutral,singlestim,41,218562,1000230,edc,paicipantresponsered,correct
3720,Subject199,510,suicide,67,suicide,colorred,test,num1,typesuicide,singlestim,43,224277,1000250,edc,paicipantresponsered,correct
4016,Subject199,395,success,77,success,colorblue,test,num1,typepositive,singlestim,45,229875,1000270,edm,paicipantresponseblue,correct
4312,Subject199,718,happy,77,happy,colorblue,test,num1,typepositive,singlestim,47,235799,1000290,edm,paicipantresponseblue,correct
4608,Subject199,335,engine,67,engine,colorred,test,num1,typeneutral,singlestim,49,241340,1000310,edc,paicipantresponsered,correct
4904,Subject199,433,success,67,success,colorred,test,num1,typepositive,singlestim,51,246978,1000330,edc,paicipantresponsered,correct
5200,Subject199,392,suicide,77,suicide,colorblue,test,num1,typesuicide,singlestim,53,252575,1000350,edm,paicipantresponseblue,correct
5496,Subject199,357,funeral,67,funeral,colorred,test,num1,typesuicide,singlestim,55,258140,1000370,edc,paicipantresponsered,correct
5792,Subject199,399,paper,67,paper,colorred,test,num1,typeneutral,singlestim,57,263745,1000390,edc,paicipantresponsered,correct
6088,Subject199,447,rejected,67,rejected,colorred,test,num1,typenegative,singlestim,59,269397,1000410,edc,paicipantresponsered,correct
6384,Subject199,573,dead,67,dead,colorred,test,num1,typesuicide,singlestim,61,275177,1000430,edc,paicipantresponsered,correct
6680,Subject199,314,pleasure,77,pleasure,colorblue,test,num1,typepositive,singlestim,63,280698,1000450,edm,paicipantresponseblue,correct
6976,Subject199,450,stupid,67,stupid,colorred,test,num1,typenegative,singlestim,65,286354,1000470,edc,paicipantresponsered,correct
7272,Subject199,397,suicide,77,suicide,colorblue,test,num2,typesuicide,singlestim,67,291956,101010,edm,paicipantresponseblue,correct
7568,Subject199,364,engine,67,engine,colorred,test,num2,typeneutral,singlestim,69,297528,101030,edc,paicipantresponsered,correct
7864,Subject199,435,alone,77,alone,colorblue,test,num2,typenegative,singlestim,71,303169,101050,edm,paicipantresponseblue,correct
8160,Subject199,398,rejected,77,rejected,colorblue,test,num2,typenegative,singlestim,73,308772,101070,edm,paicipantresponseblue,correct
8456,Subject199,385,success,77,success,colorblue,test,num2,typepositive,singlestim,75,314365,101090,edm,paicipantresponseblue,correct
8752,Subject199,511,funeral,67,funeral,colorred,test,num2,typesuicide,singlestim,77,320083,1010110,edc,paicipantresponsered,correct
9048,Subject199,652,funeral,77,funeral,colorblue,test,num2,typesuicide,singlestim,79,325942,1010130,edm,paicipantresponseblue,correct
9344,Subject199,407,pleasure,77,pleasure,colorblue,test,num2,typepositive,singlestim,81,331557,1010150,edm,paicipantresponseblue,correct
9640,Subject199,454,happy,67,happy,colorred,test,num2,typepositive,singlestim,83,337218,1010170,edc,paicipantresponsered,correct
9936,Subject199,408,success,67,success,colorred,test,num2,typepositive,singlestim,85,342830,1010190,edc,paicipantresponsered,correct
10232,Subject199,355,paper,67,paper,colorred,test,num2,typeneutral,singlestim,87,348391,1010210,edc,paicipantresponsered,correct
10528,Subject199,390,alone,67,alone,colorred,test,num2,typenegative,singlestim,89,353987,1010230,edc,paicipantresponsered,correct
10824,Subject199,470,stupid,77,stupid,colorblue,test,num2,typenegative,singlestim,91,359662,1010250,edm,paicipantresponseblue,correct
11120,Subject199,403,pleasure,67,pleasure,colorred,test,num2,typepositive,singlestim,93,365269,1010270,edc,paicipantresponsered,correct
11416,Subject199,448,suicide,67,suicide,colorred,test,num2,typesuicide,singlestim,95,370921,1010290,edc,paicipantresponsered,correct
11712,Subject199,436,museum,67,museum,colorred,test,num2,typeneutral,singlestim,97,376563,1010310,edc,paicipantresponsered,correct
12008,Subject199,445,stupid,67,stupid,colorred,test,num2,typenegative,singlestim,99,382214,1010330,edc,paicipantresponsered,correct
12304,Subject199,371,rejected,67,rejected,colorred,test,num2,typenegative,singlestim,101,387793,1010350,edc,paicipantresponsered,correct
12600,Subject199,514,museum,77,museum,colorblue,test,num2,typeneutral,singlestim,103,393520,1010370,edm,paicipantresponseblue,correct
12896,Subject199,342,dead,77,dead,colorblue,test,num2,typesuicide,singlestim,105,399069,1010390,edm,paicipantresponseblue,correct
13192,Subject199,391,happy,77,happy,colorblue,test,num2,typepositive,singlestim,107,404678,1010410,edm,paicipantresponseblue,correct
13488,Subject199,353,paper,77,paper,colorblue,test,num2,typeneutral,singlestim,109,410238,1010430,edm,paicipantresponseblue,correct
13784,Subject199,306,dead,67,dead,colorred,test,num2,typesuicide,singlestim,111,415750,1010450,edc,paicipantresponsered,correct
14080,Subject199,341,engine,77,engine,colorblue,test,num2,typeneutral,singlestim,113,421297,1010470,edm,paicipantresponseblue,correct