,SubjectID,rt,stimulus,keypress,word,color,block,blocknum,wordtype,trialtype,trialindex,timeelapsed,internalnodeid,keypressed,participantresponse,correctresponse
105,Subject113,501,success,67,success,colorred,test,num1,typepositive,singlestim,19,65133,100010,edc,paicipantresponsered,correct
401,Subject113,437,dead,67,dead,colorred,test,num1,typesuicide,singlestim,21,70772,100030,edc,paicipantresponsered,correct
697,Subject113,493,alone,67,alone,colorred,test,num1,typenegative,singlestim,23,76469,100050,edc,paicipantresponsered,correct
993,Subject113,445,funeral,67,funeral,colorred,test,num1,typesuicide,singlestim,25,82117,100070,edc,paicipantresponsered,correct
1289,Subject113,758,museum,77,museum,colorblue,test,num1,typeneutral,singlestim,27,88077,100090,edm,paicipantresponseblue,correct
1585,Subject113,412,rejected,77,rejected,colorblue,test,num1,typenegative,singlestim,29,93692,1000110,edm,paicipantresponseblue,correct
1881,Subject113,453,suicide,77,suicide,colorblue,test,num1,typesuicide,singlestim,31,99349,1000130,edm,paicipantresponseblue,correct
2177,Subject113,380,pleasure,67,pleasure,colorred,test,num1,typepositive,singlestim,33,104932,1000150,edc,paicipantresponsered,correct
2473,Subject113,1005,dead,77,dead,colorblue,test,num1,typesuicide,singlestim,35,111141,1000170,edm,paicipantresponseblue,correct
2769,Subject113,517,happy,77,happy,colorblue,test,num1,typepositive,singlestim,37,116863,1000190,edm,paicipantresponseblue,correct
3065,Subject113,486,museum,67,museum,colorred,test,num1,typeneutral,singlestim,39,122552,1000210,edc,paicipantresponsered,correct
3361,Subject113,549,engine,67,engine,colorred,test,num1,typeneutral,singlestim,41,128303,1000230,edc,paicipantresponsered,correct
3657,Subject113,893,rejected,67,rejected,colorred,test,num1,typenegative,singlestim,43,134399,1000250,edc,paicipantresponsered,correct
3953,Subject113,508,alone,77,alone,colorblue,test,num1,typenegative,singlestim,45,140111,1000270,edm,paicipantresponseblue,correct
4249,Subject113,429,happy,67,happy,colorred,test,num1,typepositive,singlestim,47,145743,1000290,edc,paicipantresponsered,correct
4545,Subject113,547,paper,77,paper,colorblue,test,num1,typeneutral,singlestim,49,151495,1000310,edm,paicipantresponseblue,correct
4841,Subject113,566,pleasure,77,pleasure,colorblue,test,num1,typepositive,singlestim,51,157263,1000330,edm,paicipantresponseblue,correct
5137,Subject113,413,funeral,77,funeral,colorblue,test,num1,typesuicide,singlestim,53,162879,1000350,edm,paicipantresponseblue,correct
5433,Subject113,469,stupid,77,stupid,colorblue,test,num1,typenegative,singlestim,55,168551,1000370,edm,paicipantresponseblue,correct
5729,Subject113,589,paper,67,paper,colorred,test,num1,typeneutral,singlestim,57,174343,1000390,edc,paicipantresponsered,correct
6025,Subject113,1574,engine,77,engine,colorblue,test,num1,typeneutral,singlestim,59,181122,1000410,edm,paicipantresponseblue,correct
6321,Subject113,444,success,77,success,colorblue,test,num1,typepositive,singlestim,61,186769,1000430,edm,paicipantresponseblue,correct
6617,Subject113,422,suicide,67,suicide,colorred,test,num1,typesuicide,singlestim,63,192394,1000450,edc,paicipantresponsered,correct
6913,Subject113,588,stupid,67,stupid,colorred,test,num1,typenegative,singlestim,65,198186,1000470,edc,paicipantresponsered,correct
7209,Subject113,389,rejected,77,rejected,colorblue,test,num2,typenegative,singlestim,67,203778,101010,edm,paicipantresponseblue,correct
7505,Subject113,413,rejected,67,rejected,colorred,test,num2,typenegative,singlestim,69,209394,101030,edc,paicipantresponsered,correct
7801,Subject113,542,engine,67,engine,colorred,test,num2,typeneutral,singlestim,71,215138,101050,edc,paicipantresponsered,correct
8097,Subject113,460,success,77,success,colorblue,test,num2,typepositive,singlestim,73,220802,101070,edm,paicipantresponseblue,correct
8393,Subject113,604,success,67,success,colorred,test,num2,typepositive,singlestim,75,226609,101090,edc,paicipantresponsered,correct
8689,Subject113,621,stupid,77,stupid,colorblue,test,num2,typenegative,singlestim,77,232434,1010110,edm,paicipantresponseblue,correct
8985,Subject113,452,museum,67,museum,colorred,test,num2,typeneutral,singlestim,79,238089,1010130,edc,paicipantresponsered,correct
9281,Subject113,388,funeral,77,funeral,colorblue,test,num2,typesuicide,singlestim,81,243685,1010150,edm,paicipantresponseblue,correct
9577,Subject113,430,pleasure,77,pleasure,colorblue,test,num2,typepositive,singlestim,83,249318,1010170,edm,paicipantresponseblue,correct
9873,Subject113,397,alone,67,alone,colorred,test,num2,typenegative,singlestim,85,254917,1010190,edc,paicipantresponsered,correct
10169,Subject113,429,dead,67,dead,colorred,test,num2,typesuicide,singlestim,87,260550,1010210,edc,paicipantresponsered,correct
10465,Subject113,853,engine,77,engine,colorblue,test,num2,typeneutral,singlestim,89,266605,1010230,edm,paicipantresponseblue,correct
10761,Subject113,446,paper,77,paper,colorblue,test,num2,typeneutral,singlestim,91,272253,1010250,edm,paicipantresponseblue,correct
11057,Subject113,509,funeral,67,funeral,colorred,test,num2,typesuicide,singlestim,93,277965,1010270,edc,paicipantresponsered,correct
11353,Subject113,533,happy,77,happy,colorblue,test,num2,typepositive,singlestim,95,283700,1010290,edm,paicipantresponseblue,correct
11649,Subject113,468,suicide,77,suicide,colorblue,test,num2,typesuicide,singlestim,97,289372,1010310,edm,paicipantresponseblue,correct
11945,Subject113,773,pleasure,67,pleasure,colorred,test,num2,typepositive,singlestim,99,295349,1010330,edc,paicipantresponsered,correct
12241,Subject113,644,dead,77,dead,colorblue,test,num2,typesuicide,singlestim,101,301199,1010350,edm,paicipantresponseblue,correct
12537,Subject113,533,suicide,67,suicide,colorred,test,num2,typesuicide,singlestim,103,306936,1010370,edc,paicipantresponsered,correct
12833,Subject113,404,museum,77,museum,colorblue,test,num2,typeneutral,singlestim,105,312543,1010390,edm,paicipantresponseblue,correct
13129,Subject113,494,alone,77,alone,colorblue,test,num2,typenegative,singlestim,107,318240,1010410,edm,paicipantresponseblue,correct
13425,Subject113,452,happy,67,happy,colorred,test,num2,typepositive,singlestim,109,323895,1010430,edc,paicipantresponsered,correct
13721,Subject113,604,paper,67,paper,colorred,test,num2,typeneutral,singlestim,111,329703,1010450,edc,paicipantresponsered,correct
14017,Subject113,532,stupid,67,stupid,colorred,test,num2,typenegative,singlestim,113,335439,1010470,edc,paicipantresponsered,correct