,SubjectID,rt,stimulus,keypress,word,color,block,blocknum,wordtype,trialtype,trialindex,timeelapsed,internalnodeid,keypressed,participantresponse,correctresponse
27,Subject28,769,rejected,67,rejected,colorred,test,num1,typenegative,singlestim,19,59618,100010,edc,paicipantresponsered,correct
323,Subject28,791,stupid,67,stupid,colorred,test,num1,typenegative,singlestim,21,65623,100030,edc,paicipantresponsered,correct
619,Subject28,569,paper,77,paper,colorblue,test,num1,typeneutral,singlestim,23,71406,100050,edm,paicipantresponseblue,correct
915,Subject28,655,success,77,success,colorred,test,num1,typepositive,singlestim,25,77277,100070,edm,paicipantresponseblue,incorrect
1211,Subject28,685,pleasure,77,pleasure,colorblue,test,num1,typepositive,singlestim,27,83174,100090,edm,paicipantresponseblue,correct
1507,Subject28,674,funeral,67,funeral,colorred,test,num1,typesuicide,singlestim,29,89058,1000110,edc,paicipantresponsered,correct
1803,Subject28,626,engine,67,engine,colorred,test,num1,typeneutral,singlestim,31,94899,1000130,edc,paicipantresponsered,correct
2099,Subject28,544,happy,67,happy,colorred,test,num1,typepositive,singlestim,33,100656,1000150,edc,paicipantresponsered,correct
2395,Subject28,654,pleasure,67,pleasure,colorred,test,num1,typepositive,singlestim,35,106520,1000170,edc,paicipantresponsered,correct
2691,Subject28,482,alone,67,alone,colorred,test,num1,typenegative,singlestim,37,112217,1000190,edc,paicipantresponsered,correct
2987,Subject28,472,suicide,77,suicide,colorblue,test,num1,typesuicide,singlestim,39,117899,1000210,edm,paicipantresponseblue,correct
3283,Subject28,565,happy,77,happy,colorblue,test,num1,typepositive,singlestim,41,123675,1000230,edm,paicipantresponseblue,correct
3579,Subject28,1847,rejected,77,rejected,colorblue,test,num1,typenegative,singlestim,43,130732,1000250,edm,paicipantresponseblue,correct
3875,Subject28,997,dead,67,dead,colorred,test,num1,typesuicide,singlestim,45,136939,1000270,edc,paicipantresponsered,correct
4171,Subject28,647,suicide,67,suicide,colorred,test,num1,typesuicide,singlestim,47,142799,1000290,edc,paicipantresponsered,correct
4467,Subject28,613,museum,67,museum,colorred,test,num1,typeneutral,singlestim,49,148627,1000310,edc,paicipantresponsered,correct
4763,Subject28,515,dead,77,dead,colorblue,test,num1,typesuicide,singlestim,51,154351,1000330,edm,paicipantresponseblue,correct
5059,Subject28,592,museum,77,museum,colorblue,test,num1,typeneutral,singlestim,53,160155,1000350,edm,paicipantresponseblue,correct
5355,Subject28,962,success,77,success,colorblue,test,num1,typepositive,singlestim,55,166333,1000370,edm,paicipantresponseblue,correct
5651,Subject28,591,funeral,77,funeral,colorblue,test,num1,typesuicide,singlestim,57,172134,1000390,edm,paicipantresponseblue,correct
5947,Subject28,543,stupid,77,stupid,colorblue,test,num1,typenegative,singlestim,59,177893,1000410,edm,paicipantresponseblue,correct
6243,Subject28,544,engine,77,engine,colorblue,test,num1,typeneutral,singlestim,61,183652,1000430,edm,paicipantresponseblue,correct
6539,Subject28,416,paper,67,paper,colorred,test,num1,typeneutral,singlestim,63,189278,1000450,edc,paicipantresponsered,correct
6835,Subject28,549,alone,77,alone,colorblue,test,num1,typenegative,singlestim,65,195040,1000470,edm,paicipantresponseblue,correct
7131,Subject28,533,alone,77,alone,colorblue,test,num2,typenegative,singlestim,67,200790,101010,edm,paicipantresponseblue,correct
7427,Subject28,659,rejected,67,rejected,colorred,test,num2,typenegative,singlestim,69,206660,101030,edc,paicipantresponsered,correct
7723,Subject28,608,alone,67,alone,colorred,test,num2,typenegative,singlestim,71,212479,101050,edc,paicipantresponsered,correct
8019,Subject28,474,suicide,67,suicide,colorred,test,num2,typesuicide,singlestim,73,218166,101070,edc,paicipantresponsered,correct
8315,Subject28,511,engine,77,engine,colorblue,test,num2,typeneutral,singlestim,75,223888,101090,edm,paicipantresponseblue,correct
8611,Subject28,520,pleasure,77,pleasure,colorblue,test,num2,typepositive,singlestim,77,229621,1010110,edm,paicipantresponseblue,correct
8907,Subject28,744,success,77,success,colorblue,test,num2,typepositive,singlestim,79,235580,1010130,edm,paicipantresponseblue,correct
9203,Subject28,772,happy,67,happy,colorred,test,num2,typepositive,singlestim,81,241561,1010150,edc,paicipantresponsered,correct
9499,Subject28,627,pleasure,67,pleasure,colorred,test,num2,typepositive,singlestim,83,247401,1010170,edc,paicipantresponsered,correct
9795,Subject28,1680,dead,67,dead,colorred,test,num2,typesuicide,singlestim,85,254292,1010190,edc,paicipantresponsered,correct
10091,Subject28,511,happy,77,happy,colorblue,test,num2,typepositive,singlestim,87,260017,1010210,edm,paicipantresponseblue,correct
10387,Subject28,1,stupid,1,stupid,colorblue,test,num2,typenegative,singlestim,89,267235,1010230,ed,,incorrect
10683,Subject28,785,paper,67,paper,colorred,test,num2,typeneutral,singlestim,91,273232,1010250,edc,paicipantresponsered,correct
10979,Subject28,870,rejected,77,rejected,colorblue,test,num2,typenegative,singlestim,93,279317,1010270,edm,paicipantresponseblue,correct
11275,Subject28,1123,museum,77,museum,colorblue,test,num2,typeneutral,singlestim,95,285652,1010290,edm,paicipantresponseblue,correct
11571,Subject28,686,engine,67,engine,colorred,test,num2,typeneutral,singlestim,97,291554,1010310,edc,paicipantresponsered,correct
11867,Subject28,832,funeral,67,funeral,colorred,test,num2,typesuicide,singlestim,99,297598,1010330,edc,paicipantresponsered,correct
12163,Subject28,1150,museum,67,museum,colorred,test,num2,typeneutral,singlestim,101,303959,1010350,edc,paicipantresponsered,correct
12459,Subject28,676,success,67,success,colorred,test,num2,typepositive,singlestim,103,309846,1010370,edc,paicipantresponsered,correct
12755,Subject28,684,suicide,77,suicide,colorblue,test,num2,typesuicide,singlestim,105,315742,1010390,edm,paicipantresponseblue,correct
13051,Subject28,1077,funeral,77,funeral,colorblue,test,num2,typesuicide,singlestim,107,322028,1010410,edm,paicipantresponseblue,correct
13347,Subject28,631,dead,77,dead,colorblue,test,num2,typesuicide,singlestim,109,327869,1010430,edm,paicipantresponseblue,correct
13643,Subject28,724,paper,77,paper,colorblue,test,num2,typeneutral,singlestim,111,333806,1010450,edm,paicipantresponseblue,correct
13939,Subject28,588,stupid,67,stupid,colorred,test,num2,typenegative,singlestim,113,339607,1010470,edc,paicipantresponsered,correct