,SubjectID,rt,stimulus,keypress,word,color,block,blocknum,wordtype,trialtype,trialindex,timeelapsed,internalnodeid,keypressed,participantresponse,correctresponse
107,Subject115,401,success,77,success,colorblue,test,num1,typepositive,singlestim,19,87256,100010,edm,paicipantresponseblue,correct
403,Subject115,560,paper,77,paper,colorblue,test,num1,typeneutral,singlestim,21,93028,100030,edm,paicipantresponseblue,correct
699,Subject115,454,rejected,77,rejected,colorblue,test,num1,typenegative,singlestim,23,98690,100050,edm,paicipantresponseblue,correct
995,Subject115,379,suicide,77,suicide,colorblue,test,num1,typesuicide,singlestim,25,104280,100070,edm,paicipantresponseblue,correct
1291,Subject115,447,happy,77,happy,colorblue,test,num1,typepositive,singlestim,27,109940,100090,edm,paicipantresponseblue,correct
1587,Subject115,446,museum,77,museum,colorblue,test,num1,typeneutral,singlestim,29,115596,1000110,edm,paicipantresponseblue,correct
1883,Subject115,394,suicide,67,suicide,colorred,test,num1,typesuicide,singlestim,31,121203,1000130,edc,paicipantresponsered,correct
2179,Subject115,416,paper,67,paper,colorred,test,num1,typeneutral,singlestim,33,126832,1000150,edc,paicipantresponsered,correct
2475,Subject115,437,engine,67,engine,colorred,test,num1,typeneutral,singlestim,35,132483,1000170,edc,paicipantresponsered,correct
2771,Subject115,444,dead,77,dead,colorblue,test,num1,typesuicide,singlestim,37,138138,1000190,edm,paicipantresponseblue,correct
3067,Subject115,635,alone,77,alone,colorblue,test,num1,typenegative,singlestim,39,143987,1000210,edm,paicipantresponseblue,correct
3363,Subject115,436,engine,77,engine,colorblue,test,num1,typeneutral,singlestim,41,149632,1000230,edm,paicipantresponseblue,correct
3659,Subject115,371,pleasure,67,pleasure,colorred,test,num1,typepositive,singlestim,43,155215,1000250,edc,paicipantresponsered,correct
3955,Subject115,465,happy,67,happy,colorred,test,num1,typepositive,singlestim,45,160895,1000270,edc,paicipantresponsered,correct
4251,Subject115,448,funeral,67,funeral,colorred,test,num1,typesuicide,singlestim,47,166553,1000290,edc,paicipantresponsered,correct
4547,Subject115,379,success,67,success,colorred,test,num1,typepositive,singlestim,49,172143,1000310,edc,paicipantresponsered,correct
4843,Subject115,438,alone,67,alone,colorred,test,num1,typenegative,singlestim,51,177790,1000330,edc,paicipantresponsered,correct
5139,Subject115,402,rejected,67,rejected,colorred,test,num1,typenegative,singlestim,53,183401,1000350,edc,paicipantresponsered,correct
5435,Subject115,467,stupid,77,stupid,colorblue,test,num1,typenegative,singlestim,55,189079,1000370,edm,paicipantresponseblue,correct
5731,Subject115,485,pleasure,77,pleasure,colorblue,test,num1,typepositive,singlestim,57,194775,1000390,edm,paicipantresponseblue,correct
6027,Subject115,511,museum,67,museum,colorred,test,num1,typeneutral,singlestim,59,200499,1000410,edc,paicipantresponsered,correct
6323,Subject115,494,stupid,67,stupid,colorred,test,num1,typenegative,singlestim,61,206205,1000430,edc,paicipantresponsered,correct
6619,Subject115,528,dead,67,dead,colorred,test,num1,typesuicide,singlestim,63,211945,1000450,edc,paicipantresponsered,correct
6915,Subject115,440,funeral,77,funeral,colorblue,test,num1,typesuicide,singlestim,65,217598,1000470,edm,paicipantresponseblue,correct
7211,Subject115,451,alone,67,alone,colorred,test,num2,typenegative,singlestim,67,223262,101010,edc,paicipantresponsered,correct
7507,Subject115,491,pleasure,67,pleasure,colorred,test,num2,typepositive,singlestim,69,228966,101030,edc,paicipantresponsered,correct
7803,Subject115,620,dead,77,dead,colorblue,test,num2,typesuicide,singlestim,71,234794,101050,edm,paicipantresponseblue,correct
8099,Subject115,484,paper,77,paper,colorblue,test,num2,typeneutral,singlestim,73,240487,101070,edm,paicipantresponseblue,correct
8395,Subject115,506,stupid,67,stupid,colorred,test,num2,typenegative,singlestim,75,246208,101090,edc,paicipantresponsered,correct
8691,Subject115,435,museum,77,museum,colorblue,test,num2,typeneutral,singlestim,77,251854,1010110,edm,paicipantresponseblue,correct
8987,Subject115,492,suicide,77,suicide,colorblue,test,num2,typesuicide,singlestim,79,257558,1010130,edm,paicipantresponseblue,correct
9283,Subject115,397,funeral,77,funeral,colorblue,test,num2,typesuicide,singlestim,81,263164,1010150,edm,paicipantresponseblue,correct
9579,Subject115,435,happy,67,happy,colorred,test,num2,typepositive,singlestim,83,268809,1010170,edc,paicipantresponsered,correct
9875,Subject115,690,engine,77,engine,colorblue,test,num2,typeneutral,singlestim,85,274711,1010190,edm,paicipantresponseblue,correct
10171,Subject115,583,happy,77,happy,colorblue,test,num2,typepositive,singlestim,87,280507,1010210,edm,paicipantresponseblue,correct
10467,Subject115,383,engine,67,engine,colorred,test,num2,typeneutral,singlestim,89,286099,1010230,edc,paicipantresponsered,correct
10763,Subject115,472,success,77,success,colorblue,test,num2,typepositive,singlestim,91,291783,1010250,edm,paicipantresponseblue,correct
11059,Subject115,430,dead,67,dead,colorred,test,num2,typesuicide,singlestim,93,297424,1010270,edc,paicipantresponsered,correct
11355,Subject115,380,pleasure,77,pleasure,colorblue,test,num2,typepositive,singlestim,95,303015,1010290,edm,paicipantresponseblue,correct
11651,Subject115,375,funeral,67,funeral,colorred,test,num2,typesuicide,singlestim,97,308599,1010310,edc,paicipantresponsered,correct
11947,Subject115,421,suicide,67,suicide,colorred,test,num2,typesuicide,singlestim,99,314231,1010330,edc,paicipantresponsered,correct
12243,Subject115,408,rejected,77,rejected,colorblue,test,num2,typenegative,singlestim,101,319852,1010350,edm,paicipantresponseblue,correct
12539,Subject115,361,paper,67,paper,colorred,test,num2,typeneutral,singlestim,103,325423,1010370,edc,paicipantresponsered,correct
12835,Subject115,401,rejected,67,rejected,colorred,test,num2,typenegative,singlestim,105,331036,1010390,edc,paicipantresponsered,correct
13131,Subject115,399,museum,67,museum,colorred,test,num2,typeneutral,singlestim,107,336645,1010410,edc,paicipantresponsered,correct
13427,Subject115,369,success,67,success,colorred,test,num2,typepositive,singlestim,109,342228,1010430,edc,paicipantresponsered,correct
13723,Subject115,401,alone,77,alone,colorblue,test,num2,typenegative,singlestim,111,347842,1010450,edm,paicipantresponseblue,correct
14019,Subject115,523,stupid,77,stupid,colorblue,test,num2,typenegative,singlestim,113,353572,1010470,edm,paicipantresponseblue,correct