,SubjectID,rt,stimulus,keypress,word,color,block,blocknum,wordtype,trialtype,trialindex,timeelapsed,internalnodeid,keypressed,participantresponse,correctresponse
219,Subject251,627,pleasure,77,pleasure,colorblue,test,num1,typepositive,singlestim,19,85575,100010,edm,paicipantresponseblue,correct
515,Subject251,468,success,77,success,colorblue,test,num1,typepositive,singlestim,21,91248,100030,edm,paicipantresponseblue,correct
811,Subject251,524,dead,67,dead,colorred,test,num1,typesuicide,singlestim,23,96978,100050,edc,paicipantresponsered,correct
1107,Subject251,428,happy,77,happy,colorblue,test,num1,typepositive,singlestim,25,102610,100070,edm,paicipantresponseblue,correct
1403,Subject251,401,museum,77,museum,colorblue,test,num1,typeneutral,singlestim,27,108217,100090,edm,paicipantresponseblue,correct
1699,Subject251,620,suicide,67,suicide,colorred,test,num1,typesuicide,singlestim,29,114042,1000110,edc,paicipantresponsered,correct
1995,Subject251,382,funeral,77,funeral,colorblue,test,num1,typesuicide,singlestim,31,119628,1000130,edm,paicipantresponseblue,correct
2291,Subject251,471,pleasure,67,pleasure,colorred,test,num1,typepositive,singlestim,33,125304,1000150,edc,paicipantresponsered,correct
2587,Subject251,490,rejected,77,rejected,colorblue,test,num1,typenegative,singlestim,35,131000,1000170,edm,paicipantresponseblue,correct
2883,Subject251,837,dead,67,dead,colorblue,test,num1,typesuicide,singlestim,37,137043,1000190,edc,paicipantresponsered,incorrect
3179,Subject251,1054,alone,67,alone,colorred,test,num1,typenegative,singlestim,39,143302,1000210,edc,paicipantresponsered,correct
3475,Subject251,848,paper,67,paper,colorred,test,num1,typeneutral,singlestim,41,149353,1000230,edc,paicipantresponsered,correct
3771,Subject251,803,paper,77,paper,colorblue,test,num1,typeneutral,singlestim,43,155359,1000250,edm,paicipantresponseblue,correct
4067,Subject251,658,stupid,67,stupid,colorred,test,num1,typenegative,singlestim,45,161223,1000270,edc,paicipantresponsered,correct
4363,Subject251,905,funeral,67,funeral,colorred,test,num1,typesuicide,singlestim,47,167331,1000290,edc,paicipantresponsered,correct
4659,Subject251,875,happy,67,happy,colorred,test,num1,typepositive,singlestim,49,173409,1000310,edc,paicipantresponsered,correct
4955,Subject251,793,engine,77,engine,colorblue,test,num1,typeneutral,singlestim,51,179407,1000330,edm,paicipantresponseblue,correct
5251,Subject251,620,alone,77,alone,colorblue,test,num1,typenegative,singlestim,53,185232,1000350,edm,paicipantresponseblue,correct
5547,Subject251,968,engine,67,engine,colorred,test,num1,typeneutral,singlestim,55,191404,1000370,edc,paicipantresponsered,correct
5843,Subject251,807,rejected,67,rejected,colorred,test,num1,typenegative,singlestim,57,197414,1000390,edc,paicipantresponsered,correct
6139,Subject251,590,museum,77,museum,colorred,test,num1,typeneutral,singlestim,59,203211,1000410,edm,paicipantresponseblue,incorrect
6435,Subject251,1038,suicide,77,suicide,colorblue,test,num1,typesuicide,singlestim,61,209454,1000430,edm,paicipantresponseblue,correct
6731,Subject251,1398,stupid,77,stupid,colorblue,test,num1,typenegative,singlestim,63,216055,1000450,edm,paicipantresponseblue,correct
7027,Subject251,727,success,67,success,colorred,test,num1,typepositive,singlestim,65,221987,1000470,edc,paicipantresponsered,correct
7323,Subject251,594,engine,77,engine,colorblue,test,num2,typeneutral,singlestim,67,227784,101010,edm,paicipantresponseblue,correct
7619,Subject251,1031,alone,77,alone,colorblue,test,num2,typenegative,singlestim,69,234021,101030,edm,paicipantresponseblue,correct
7915,Subject251,770,dead,77,dead,colorblue,test,num2,typesuicide,singlestim,71,239995,101050,edm,paicipantresponseblue,correct
8211,Subject251,946,funeral,67,funeral,colorred,test,num2,typesuicide,singlestim,73,246147,101070,edc,paicipantresponsered,correct
8507,Subject251,917,stupid,67,stupid,colorred,test,num2,typenegative,singlestim,75,252269,101090,edc,paicipantresponsered,correct
8803,Subject251,871,rejected,77,rejected,colorblue,test,num2,typenegative,singlestim,77,258345,1010110,edm,paicipantresponseblue,correct
9099,Subject251,932,engine,67,engine,colorred,test,num2,typeneutral,singlestim,79,264483,1010130,edc,paicipantresponsered,correct
9395,Subject251,857,success,77,success,colorblue,test,num2,typepositive,singlestim,81,270543,1010150,edm,paicipantresponseblue,correct
9691,Subject251,714,museum,67,museum,colorred,test,num2,typeneutral,singlestim,83,276462,1010170,edc,paicipantresponsered,correct
9987,Subject251,664,happy,67,happy,colorred,test,num2,typepositive,singlestim,85,282329,1010190,edc,paicipantresponsered,correct
10283,Subject251,710,museum,77,museum,colorblue,test,num2,typeneutral,singlestim,87,288243,1010210,edm,paicipantresponseblue,correct
10579,Subject251,931,pleasure,67,pleasure,colorred,test,num2,typepositive,singlestim,89,294380,1010230,edc,paicipantresponsered,correct
10875,Subject251,838,suicide,67,suicide,colorred,test,num2,typesuicide,singlestim,91,300422,1010250,edc,paicipantresponsered,correct
11171,Subject251,606,dead,67,dead,colorred,test,num2,typesuicide,singlestim,93,306235,1010270,edc,paicipantresponsered,correct
11467,Subject251,894,happy,77,happy,colorblue,test,num2,typepositive,singlestim,95,312334,1010290,edm,paicipantresponseblue,correct
11763,Subject251,775,stupid,77,stupid,colorblue,test,num2,typenegative,singlestim,97,318314,1010310,edm,paicipantresponseblue,correct
12059,Subject251,696,success,67,success,colorred,test,num2,typepositive,singlestim,99,324214,1010330,edc,paicipantresponsered,correct
12355,Subject251,656,suicide,77,suicide,colorblue,test,num2,typesuicide,singlestim,101,330075,1010350,edm,paicipantresponseblue,correct
12651,Subject251,736,rejected,67,rejected,colorred,test,num2,typenegative,singlestim,103,336018,1010370,edc,paicipantresponsered,correct
12947,Subject251,786,paper,67,paper,colorred,test,num2,typeneutral,singlestim,105,342007,1010390,edc,paicipantresponsered,correct
13243,Subject251,718,pleasure,77,pleasure,colorblue,test,num2,typepositive,singlestim,107,347929,1010410,edm,paicipantresponseblue,correct
13539,Subject251,822,alone,67,alone,colorred,test,num2,typenegative,singlestim,109,353954,1010430,edc,paicipantresponsered,correct
13835,Subject251,758,paper,77,paper,colorblue,test,num2,typeneutral,singlestim,111,359916,1010450,edm,paicipantresponseblue,correct
14131,Subject251,699,funeral,77,funeral,colorblue,test,num2,typesuicide,singlestim,113,365820,1010470,edm,paicipantresponseblue,correct