,SubjectID,rt,stimulus,keypress,word,color,block,blocknum,wordtype,trialtype,trialindex,timeelapsed,internalnodeid,keypressed,participantresponse,correctresponse
249,Subject283,547,suicide,77,suicide,colorblue,test,num1,typesuicide,singlestim,19,86475,100010,edm,paicipantresponseblue,correct
545,Subject283,452,happy,67,happy,colorred,test,num1,typepositive,singlestim,21,92135,100030,edc,paicipantresponsered,correct
841,Subject283,464,success,77,success,colorblue,test,num1,typepositive,singlestim,23,97808,100050,edm,paicipantresponseblue,correct
1137,Subject283,380,happy,77,happy,colorblue,test,num1,typepositive,singlestim,25,103396,100070,edm,paicipantresponseblue,correct
1433,Subject283,579,paper,67,paper,colorred,test,num1,typeneutral,singlestim,27,109181,100090,edc,paicipantresponsered,correct
1729,Subject283,423,success,67,success,colorred,test,num1,typepositive,singlestim,29,114810,1000110,edc,paicipantresponsered,correct
2025,Subject283,420,museum,67,museum,colorred,test,num1,typeneutral,singlestim,31,120436,1000130,edc,paicipantresponsered,correct
2321,Subject283,394,museum,77,museum,colorblue,test,num1,typeneutral,singlestim,33,126035,1000150,edm,paicipantresponseblue,correct
2617,Subject283,499,pleasure,77,pleasure,colorblue,test,num1,typepositive,singlestim,35,131743,1000170,edm,paicipantresponseblue,correct
2913,Subject283,532,alone,77,alone,colorblue,test,num1,typenegative,singlestim,37,137483,1000190,edm,paicipantresponseblue,correct
3209,Subject283,535,alone,67,alone,colorred,test,num1,typenegative,singlestim,39,143225,1000210,edc,paicipantresponsered,correct
3505,Subject283,448,suicide,67,suicide,colorred,test,num1,typesuicide,singlestim,41,148879,1000230,edc,paicipantresponsered,correct
3801,Subject283,487,funeral,77,funeral,colorblue,test,num1,typesuicide,singlestim,43,154571,1000250,edm,paicipantresponseblue,correct
4097,Subject283,625,engine,67,engine,colorblue,test,num1,typeneutral,singlestim,45,160404,1000270,edc,paicipantresponsered,incorrect
4393,Subject283,506,funeral,67,funeral,colorred,test,num1,typesuicide,singlestim,47,166117,1000290,edc,paicipantresponsered,correct
4689,Subject283,655,rejected,67,rejected,colorred,test,num1,typenegative,singlestim,49,171978,1000310,edc,paicipantresponsered,correct
4985,Subject283,620,stupid,67,stupid,colorred,test,num1,typenegative,singlestim,51,177806,1000330,edc,paicipantresponsered,correct
5281,Subject283,531,dead,67,dead,colorred,test,num1,typesuicide,singlestim,53,183543,1000350,edc,paicipantresponsered,correct
5577,Subject283,505,paper,77,paper,colorblue,test,num1,typeneutral,singlestim,55,189255,1000370,edm,paicipantresponseblue,correct
5873,Subject283,419,pleasure,67,pleasure,colorred,test,num1,typepositive,singlestim,57,194879,1000390,edc,paicipantresponsered,correct
6169,Subject283,420,rejected,77,rejected,colorblue,test,num1,typenegative,singlestim,59,200507,1000410,edm,paicipantresponseblue,correct
6465,Subject283,431,engine,67,engine,colorred,test,num1,typeneutral,singlestim,61,206146,1000430,edc,paicipantresponsered,correct
6761,Subject283,667,dead,77,dead,colorblue,test,num1,typesuicide,singlestim,63,212020,1000450,edm,paicipantresponseblue,correct
7057,Subject283,444,stupid,77,stupid,colorblue,test,num1,typenegative,singlestim,65,217671,1000470,edm,paicipantresponseblue,correct
7353,Subject283,418,alone,77,alone,colorblue,test,num2,typenegative,singlestim,67,223297,101010,edm,paicipantresponseblue,correct
7649,Subject283,494,happy,67,happy,colorred,test,num2,typepositive,singlestim,69,229000,101030,edc,paicipantresponsered,correct
7945,Subject283,461,museum,77,museum,colorblue,test,num2,typeneutral,singlestim,71,234668,101050,edm,paicipantresponseblue,correct
8241,Subject283,572,success,67,success,colorred,test,num2,typepositive,singlestim,73,240447,101070,edc,paicipantresponsered,correct
8537,Subject283,381,engine,77,engine,colorblue,test,num2,typeneutral,singlestim,75,246036,101090,edm,paicipantresponseblue,correct
8833,Subject283,656,dead,77,dead,colorred,test,num2,typesuicide,singlestim,77,251899,1010110,edm,paicipantresponseblue,incorrect
9129,Subject283,528,pleasure,77,pleasure,colorblue,test,num2,typepositive,singlestim,79,257633,1010130,edm,paicipantresponseblue,correct
9425,Subject283,490,success,77,success,colorblue,test,num2,typepositive,singlestim,81,263329,1010150,edm,paicipantresponseblue,correct
9721,Subject283,526,suicide,67,suicide,colorred,test,num2,typesuicide,singlestim,83,269062,1010170,edc,paicipantresponsered,correct
10017,Subject283,398,paper,77,paper,colorblue,test,num2,typeneutral,singlestim,85,274667,1010190,edm,paicipantresponseblue,correct
10313,Subject283,616,rejected,67,rejected,colorred,test,num2,typenegative,singlestim,87,280490,1010210,edc,paicipantresponsered,correct
10609,Subject283,699,museum,67,museum,colorred,test,num2,typeneutral,singlestim,89,286396,1010230,edc,paicipantresponsered,correct
10905,Subject283,393,rejected,77,rejected,colorblue,test,num2,typenegative,singlestim,91,291994,1010250,edm,paicipantresponseblue,correct
11201,Subject283,411,dead,77,dead,colorblue,test,num2,typesuicide,singlestim,93,297613,1010270,edm,paicipantresponseblue,correct
11497,Subject283,691,funeral,67,funeral,colorred,test,num2,typesuicide,singlestim,95,303512,1010290,edc,paicipantresponsered,correct
11793,Subject283,484,paper,67,paper,colorred,test,num2,typeneutral,singlestim,97,309202,1010310,edc,paicipantresponsered,correct
12089,Subject283,408,alone,67,alone,colorred,test,num2,typenegative,singlestim,99,314816,1010330,edc,paicipantresponsered,correct
12385,Subject283,416,pleasure,67,pleasure,colorred,test,num2,typepositive,singlestim,101,320438,1010350,edc,paicipantresponsered,correct
12681,Subject283,408,suicide,77,suicide,colorblue,test,num2,typesuicide,singlestim,103,326050,1010370,edm,paicipantresponseblue,correct
12977,Subject283,522,funeral,77,funeral,colorblue,test,num2,typesuicide,singlestim,105,331779,1010390,edm,paicipantresponseblue,correct
13273,Subject283,531,stupid,77,stupid,colorblue,test,num2,typenegative,singlestim,107,337514,1010410,edm,paicipantresponseblue,correct
13569,Subject283,436,stupid,67,stupid,colorred,test,num2,typenegative,singlestim,109,343157,1010430,edc,paicipantresponsered,correct
13865,Subject283,590,happy,77,happy,colorblue,test,num2,typepositive,singlestim,111,348953,1010450,edm,paicipantresponseblue,correct
14161,Subject283,561,engine,67,engine,colorred,test,num2,typeneutral,singlestim,113,354721,1010470,edc,paicipantresponsered,correct