,SubjectID,rt,stimulus,keypress,word,color,block,blocknum,wordtype,trialtype,trialindex,timeelapsed,internalnodeid,keypressed,participantresponse,correctresponse
140,Subject151,443,suicide,67,suicide,colorred,test,num1,typesuicide,singlestim,19,82657,100010,edc,paicipantresponsered,correct
436,Subject151,461,dead,67,dead,colorred,test,num1,typesuicide,singlestim,21,88329,100030,edc,paicipantresponsered,correct
732,Subject151,466,rejected,67,rejected,colorred,test,num1,typenegative,singlestim,23,94007,100050,edc,paicipantresponsered,correct
1028,Subject151,524,museum,67,museum,colorred,test,num1,typeneutral,singlestim,25,99746,100070,edc,paicipantresponsered,correct
1324,Subject151,601,paper,77,paper,colorblue,test,num1,typeneutral,singlestim,27,105559,100090,edm,paicipantresponseblue,correct
1620,Subject151,431,pleasure,77,pleasure,colorblue,test,num1,typepositive,singlestim,29,111203,1000110,edm,paicipantresponseblue,correct
1916,Subject151,397,stupid,77,stupid,colorblue,test,num1,typenegative,singlestim,31,116817,1000130,edm,paicipantresponseblue,correct
2212,Subject151,522,happy,67,happy,colorred,test,num1,typepositive,singlestim,33,122551,1000150,edc,paicipantresponsered,correct
2508,Subject151,509,engine,67,engine,colorred,test,num1,typeneutral,singlestim,35,128274,1000170,edc,paicipantresponsered,correct
2804,Subject151,381,museum,77,museum,colorblue,test,num1,typeneutral,singlestim,37,133866,1000190,edm,paicipantresponseblue,correct
3100,Subject151,442,success,77,success,colorblue,test,num1,typepositive,singlestim,39,139522,1000210,edm,paicipantresponseblue,correct
3396,Subject151,527,suicide,77,suicide,colorblue,test,num1,typesuicide,singlestim,41,145260,1000230,edm,paicipantresponseblue,correct
3692,Subject151,369,stupid,67,stupid,colorred,test,num1,typenegative,singlestim,43,150843,1000250,edc,paicipantresponsered,correct
3988,Subject151,352,alone,67,alone,colorred,test,num1,typenegative,singlestim,45,156403,1000270,edc,paicipantresponsered,correct
4284,Subject151,379,funeral,67,funeral,colorred,test,num1,typesuicide,singlestim,47,161992,1000290,edc,paicipantresponsered,correct
4580,Subject151,441,funeral,77,funeral,colorblue,test,num1,typesuicide,singlestim,49,167643,1000310,edm,paicipantresponseblue,correct
4876,Subject151,462,rejected,77,rejected,colorblue,test,num1,typenegative,singlestim,51,173318,1000330,edm,paicipantresponseblue,correct
5172,Subject151,372,pleasure,67,pleasure,colorred,test,num1,typepositive,singlestim,53,178898,1000350,edc,paicipantresponsered,correct
5468,Subject151,519,alone,77,alone,colorblue,test,num1,typenegative,singlestim,55,184629,1000370,edm,paicipantresponseblue,correct
5764,Subject151,407,engine,77,engine,colorblue,test,num1,typeneutral,singlestim,57,190246,1000390,edm,paicipantresponseblue,correct
6060,Subject151,497,paper,67,paper,colorred,test,num1,typeneutral,singlestim,59,195954,1000410,edc,paicipantresponsered,correct
6356,Subject151,437,happy,77,happy,colorblue,test,num1,typepositive,singlestim,61,201600,1000430,edm,paicipantresponseblue,correct
6652,Subject151,489,success,67,success,colorred,test,num1,typepositive,singlestim,63,207300,1000450,edc,paicipantresponsered,correct
6948,Subject151,363,dead,77,dead,colorblue,test,num1,typesuicide,singlestim,65,212874,1000470,edm,paicipantresponseblue,correct
7244,Subject151,507,success,77,success,colorred,test,num2,typepositive,singlestim,67,218590,101010,edm,paicipantresponseblue,incorrect
7540,Subject151,554,dead,77,dead,colorblue,test,num2,typesuicide,singlestim,69,224353,101030,edm,paicipantresponseblue,correct
7836,Subject151,448,happy,67,happy,colorred,test,num2,typepositive,singlestim,71,230012,101050,edc,paicipantresponsered,correct
8132,Subject151,398,pleasure,67,pleasure,colorblue,test,num2,typepositive,singlestim,73,235621,101070,edc,paicipantresponsered,incorrect
8428,Subject151,624,funeral,77,funeral,colorblue,test,num2,typesuicide,singlestim,75,241458,101090,edm,paicipantresponseblue,correct
8724,Subject151,424,funeral,67,funeral,colorred,test,num2,typesuicide,singlestim,77,247093,1010110,edc,paicipantresponsered,correct
9020,Subject151,413,suicide,77,suicide,colorblue,test,num2,typesuicide,singlestim,79,252717,1010130,edm,paicipantresponseblue,correct
9316,Subject151,396,engine,77,engine,colorred,test,num2,typeneutral,singlestim,81,258328,1010150,edm,paicipantresponseblue,incorrect
9612,Subject151,567,alone,77,alone,colorblue,test,num2,typenegative,singlestim,83,264108,1010170,edm,paicipantresponseblue,correct
9908,Subject151,359,alone,67,alone,colorred,test,num2,typenegative,singlestim,85,269677,1010190,edc,paicipantresponsered,correct
10204,Subject151,384,paper,67,paper,colorred,test,num2,typeneutral,singlestim,87,275274,1010210,edc,paicipantresponsered,correct
10500,Subject151,470,museum,77,museum,colorblue,test,num2,typeneutral,singlestim,89,280954,1010230,edm,paicipantresponseblue,correct
10796,Subject151,396,pleasure,67,pleasure,colorred,test,num2,typepositive,singlestim,91,286563,1010250,edc,paicipantresponsered,correct
11092,Subject151,403,museum,67,museum,colorred,test,num2,typeneutral,singlestim,93,292177,1010270,edc,paicipantresponsered,correct
11388,Subject151,404,engine,77,engine,colorblue,test,num2,typeneutral,singlestim,95,297797,1010290,edm,paicipantresponseblue,correct
11684,Subject151,379,suicide,67,suicide,colorred,test,num2,typesuicide,singlestim,97,303385,1010310,edc,paicipantresponsered,correct
11980,Subject151,494,success,77,success,colorblue,test,num2,typepositive,singlestim,99,309089,1010330,edm,paicipantresponseblue,correct
12276,Subject151,479,paper,77,paper,colorblue,test,num2,typeneutral,singlestim,101,314779,1010350,edm,paicipantresponseblue,correct
12572,Subject151,514,happy,77,happy,colorblue,test,num2,typepositive,singlestim,103,320502,1010370,edm,paicipantresponseblue,correct
12868,Subject151,421,stupid,67,stupid,colorblue,test,num2,typenegative,singlestim,105,326133,1010390,edc,paicipantresponsered,incorrect
13164,Subject151,426,dead,67,dead,colorred,test,num2,typesuicide,singlestim,107,331768,1010410,edc,paicipantresponsered,correct
13460,Subject151,411,stupid,67,stupid,colorred,test,num2,typenegative,singlestim,109,337394,1010430,edc,paicipantresponsered,correct
13756,Subject151,450,rejected,67,rejected,colorred,test,num2,typenegative,singlestim,111,343059,1010450,edc,paicipantresponsered,correct
14052,Subject151,418,rejected,77,rejected,colorblue,test,num2,typenegative,singlestim,113,348690,1010470,edm,paicipantresponseblue,correct