,SubjectID,rt,stimulus,keypress,word,color,block,blocknum,wordtype,trialtype,trialindex,timeelapsed,internalnodeid,keypressed,participantresponse,correctresponse
69,Subject74,278,alone,77,alone,colorblue,test,num1,typenegative,singlestim,19,58502,100010,edm,paicipantresponseblue,correct
365,Subject74,401,alone,67,alone,colorred,test,num1,typenegative,singlestim,21,64110,100030,edc,paicipantresponsered,correct
661,Subject74,364,museum,77,museum,colorblue,test,num1,typeneutral,singlestim,23,69682,100050,edm,paicipantresponseblue,correct
957,Subject74,429,museum,67,museum,colorred,test,num1,typeneutral,singlestim,25,75317,100070,edc,paicipantresponsered,correct
1253,Subject74,388,pleasure,77,pleasure,colorblue,test,num1,typepositive,singlestim,27,80911,100090,edm,paicipantresponseblue,correct
1549,Subject74,390,funeral,77,funeral,colorblue,test,num1,typesuicide,singlestim,29,86506,1000110,edm,paicipantresponseblue,correct
1845,Subject74,425,suicide,77,suicide,colorblue,test,num1,typesuicide,singlestim,31,92138,1000130,edm,paicipantresponseblue,correct
2141,Subject74,385,success,67,success,colorred,test,num1,typepositive,singlestim,33,97728,1000150,edc,paicipantresponsered,correct
2437,Subject74,612,happy,77,happy,colorblue,test,num1,typepositive,singlestim,35,103547,1000170,edm,paicipantresponseblue,correct
2733,Subject74,426,stupid,77,stupid,colorblue,test,num1,typenegative,singlestim,37,109180,1000190,edm,paicipantresponseblue,correct
3029,Subject74,393,funeral,67,funeral,colorred,test,num1,typesuicide,singlestim,39,114782,1000210,edc,paicipantresponsered,correct
3325,Subject74,675,paper,67,paper,colorred,test,num1,typeneutral,singlestim,41,120663,1000230,edc,paicipantresponsered,correct
3621,Subject74,409,engine,77,engine,colorblue,test,num1,typeneutral,singlestim,43,126278,1000250,edm,paicipantresponseblue,correct
3917,Subject74,560,happy,67,happy,colorred,test,num1,typepositive,singlestim,45,132047,1000270,edc,paicipantresponsered,correct
4213,Subject74,406,dead,77,dead,colorblue,test,num1,typesuicide,singlestim,47,137656,1000290,edm,paicipantresponseblue,correct
4509,Subject74,502,pleasure,67,pleasure,colorred,test,num1,typepositive,singlestim,49,143362,1000310,edc,paicipantresponsered,correct
4805,Subject74,413,suicide,67,suicide,colorred,test,num1,typesuicide,singlestim,51,148981,1000330,edc,paicipantresponsered,correct
5101,Subject74,494,rejected,67,rejected,colorred,test,num1,typenegative,singlestim,53,154681,1000350,edc,paicipantresponsered,correct
5397,Subject74,449,dead,67,dead,colorred,test,num1,typesuicide,singlestim,55,160336,1000370,edc,paicipantresponsered,correct
5693,Subject74,421,stupid,67,stupid,colorred,test,num1,typenegative,singlestim,57,165963,1000390,edc,paicipantresponsered,correct
5989,Subject74,503,rejected,77,rejected,colorblue,test,num1,typenegative,singlestim,59,171672,1000410,edm,paicipantresponseblue,correct
6285,Subject74,441,success,77,success,colorblue,test,num1,typepositive,singlestim,61,177317,1000430,edm,paicipantresponseblue,correct
6581,Subject74,424,paper,77,paper,colorblue,test,num1,typeneutral,singlestim,63,182952,1000450,edm,paicipantresponseblue,correct
6877,Subject74,330,engine,67,engine,colorred,test,num1,typeneutral,singlestim,65,188488,1000470,edc,paicipantresponsered,correct
7173,Subject74,349,stupid,77,stupid,colorblue,test,num2,typenegative,singlestim,67,194043,101010,edm,paicipantresponseblue,correct
7469,Subject74,436,dead,77,dead,colorblue,test,num2,typesuicide,singlestim,69,199685,101030,edm,paicipantresponseblue,correct
7765,Subject74,597,happy,77,happy,colorblue,test,num2,typepositive,singlestim,71,205487,101050,edm,paicipantresponseblue,correct
8061,Subject74,517,rejected,67,rejected,colorred,test,num2,typenegative,singlestim,73,211211,101070,edc,paicipantresponsered,correct
8357,Subject74,508,funeral,77,funeral,colorblue,test,num2,typesuicide,singlestim,75,216928,101090,edm,paicipantresponseblue,correct
8653,Subject74,369,museum,77,museum,colorblue,test,num2,typeneutral,singlestim,77,222506,1010110,edm,paicipantresponseblue,correct
8949,Subject74,374,suicide,67,suicide,colorred,test,num2,typesuicide,singlestim,79,228085,1010130,edc,paicipantresponsered,correct
9245,Subject74,333,engine,77,engine,colorblue,test,num2,typeneutral,singlestim,81,233623,1010150,edm,paicipantresponseblue,correct
9541,Subject74,447,suicide,67,suicide,colorblue,test,num2,typesuicide,singlestim,83,239277,1010170,edc,paicipantresponsered,incorrect
9837,Subject74,424,museum,67,museum,colorred,test,num2,typeneutral,singlestim,85,244908,1010190,edc,paicipantresponsered,correct
10133,Subject74,482,success,67,success,colorred,test,num2,typepositive,singlestim,87,250597,1010210,edc,paicipantresponsered,correct
10429,Subject74,411,alone,67,alone,colorred,test,num2,typenegative,singlestim,89,256214,1010230,edc,paicipantresponsered,correct
10725,Subject74,424,pleasure,67,pleasure,colorred,test,num2,typepositive,singlestim,91,261844,1010250,edc,paicipantresponsered,correct
11021,Subject74,426,stupid,67,stupid,colorred,test,num2,typenegative,singlestim,93,267475,1010270,edc,paicipantresponsered,correct
11317,Subject74,361,paper,77,paper,colorblue,test,num2,typeneutral,singlestim,95,273045,1010290,edm,paicipantresponseblue,correct
11613,Subject74,359,pleasure,77,pleasure,colorblue,test,num2,typepositive,singlestim,97,278611,1010310,edm,paicipantresponseblue,correct
11909,Subject74,546,dead,67,dead,colorred,test,num2,typesuicide,singlestim,99,284362,1010330,edc,paicipantresponsered,correct
12205,Subject74,404,paper,67,paper,colorred,test,num2,typeneutral,singlestim,101,289973,1010350,edc,paicipantresponsered,correct
12501,Subject74,381,happy,67,happy,colorred,test,num2,typepositive,singlestim,103,295567,1010370,edc,paicipantresponsered,correct
12797,Subject74,329,success,77,success,colorblue,test,num2,typepositive,singlestim,105,301103,1010390,edm,paicipantresponseblue,correct
13093,Subject74,324,funeral,67,funeral,colorred,test,num2,typesuicide,singlestim,107,306633,1010410,edc,paicipantresponsered,correct
13389,Subject74,498,engine,67,engine,colorred,test,num2,typeneutral,singlestim,109,312337,1010430,edc,paicipantresponsered,correct
13685,Subject74,541,alone,77,alone,colorblue,test,num2,typenegative,singlestim,111,318085,1010450,edm,paicipantresponseblue,correct
13981,Subject74,378,rejected,77,rejected,colorblue,test,num2,typenegative,singlestim,113,323668,1010470,edm,paicipantresponseblue,correct