,SubjectID,rt,stimulus,keypress,word,color,block,blocknum,wordtype,trialtype,trialindex,timeelapsed,internalnodeid,keypressed,participantresponse,correctresponse
30,Subject31,386,suicide,67,suicide,colorred,test,num1,typesuicide,singlestim,19,109656,100010,edc,paicipantresponsered,correct
326,Subject31,335,paper,67,paper,colorblue,test,num1,typeneutral,singlestim,21,115199,100030,edc,paicipantresponsered,incorrect
622,Subject31,375,stupid,77,stupid,colorblue,test,num1,typenegative,singlestim,23,120781,100050,edm,paicipantresponseblue,correct
918,Subject31,324,paper,67,paper,colorred,test,num1,typeneutral,singlestim,25,126310,100070,edc,paicipantresponsered,correct
1214,Subject31,312,suicide,77,suicide,colorblue,test,num1,typesuicide,singlestim,27,131826,100090,edm,paicipantresponseblue,correct
1510,Subject31,333,museum,67,museum,colorred,test,num1,typeneutral,singlestim,29,137366,1000110,edc,paicipantresponsered,correct
1806,Subject31,342,happy,77,happy,colorblue,test,num1,typepositive,singlestim,31,142911,1000130,edm,paicipantresponseblue,correct
2102,Subject31,471,alone,77,alone,colorblue,test,num1,typenegative,singlestim,33,148589,1000150,edm,paicipantresponseblue,correct
2398,Subject31,681,engine,67,engine,colorred,test,num1,typeneutral,singlestim,35,154478,1000170,edc,paicipantresponsered,correct
2694,Subject31,492,museum,77,museum,colorblue,test,num1,typeneutral,singlestim,37,160176,1000190,edm,paicipantresponseblue,correct
2990,Subject31,386,happy,67,happy,colorred,test,num1,typepositive,singlestim,39,165769,1000210,edc,paicipantresponsered,correct
3286,Subject31,404,funeral,67,funeral,colorred,test,num1,typesuicide,singlestim,41,171378,1000230,edc,paicipantresponsered,correct
3582,Subject31,327,funeral,77,funeral,colorblue,test,num1,typesuicide,singlestim,43,176910,1000250,edm,paicipantresponseblue,correct
3878,Subject31,385,dead,77,dead,colorblue,test,num1,typesuicide,singlestim,45,182502,1000270,edm,paicipantresponseblue,correct
4174,Subject31,281,stupid,67,stupid,colorred,test,num1,typenegative,singlestim,47,187992,1000290,edc,paicipantresponsered,correct
4470,Subject31,540,pleasure,77,pleasure,colorblue,test,num1,typepositive,singlestim,49,193735,1000310,edm,paicipantresponseblue,correct
4766,Subject31,361,engine,77,engine,colorblue,test,num1,typeneutral,singlestim,51,199302,1000330,edm,paicipantresponseblue,correct
5062,Subject31,466,alone,67,alone,colorred,test,num1,typenegative,singlestim,53,204975,1000350,edc,paicipantresponsered,correct
5358,Subject31,574,rejected,67,rejected,colorred,test,num1,typenegative,singlestim,55,210756,1000370,edc,paicipantresponsered,correct
5654,Subject31,375,rejected,77,rejected,colorblue,test,num1,typenegative,singlestim,57,216337,1000390,edm,paicipantresponseblue,correct
5950,Subject31,275,dead,67,dead,colorred,test,num1,typesuicide,singlestim,59,221817,1000410,edc,paicipantresponsered,correct
6246,Subject31,450,success,77,success,colorblue,test,num1,typepositive,singlestim,61,227474,1000430,edm,paicipantresponseblue,correct
6542,Subject31,794,success,67,success,colorred,test,num1,typepositive,singlestim,63,233473,1000450,edc,paicipantresponsered,correct
6838,Subject31,547,pleasure,67,pleasure,colorred,test,num1,typepositive,singlestim,65,239226,1000470,edc,paicipantresponsered,correct
7134,Subject31,365,museum,77,museum,colorblue,test,num2,typeneutral,singlestim,67,244797,101010,edm,paicipantresponseblue,correct
7430,Subject31,374,engine,67,engine,colorred,test,num2,typeneutral,singlestim,69,250377,101030,edc,paicipantresponsered,correct
7726,Subject31,424,alone,67,alone,colorred,test,num2,typenegative,singlestim,71,256008,101050,edc,paicipantresponsered,correct
8022,Subject31,349,success,77,success,colorblue,test,num2,typepositive,singlestim,73,261564,101070,edm,paicipantresponseblue,correct
8318,Subject31,332,paper,77,paper,colorblue,test,num2,typeneutral,singlestim,75,267105,101090,edm,paicipantresponseblue,correct
8614,Subject31,385,dead,67,dead,colorred,test,num2,typesuicide,singlestim,77,272694,1010110,edc,paicipantresponsered,correct
8910,Subject31,344,dead,77,dead,colorblue,test,num2,typesuicide,singlestim,79,278242,1010130,edm,paicipantresponseblue,correct
9206,Subject31,351,rejected,77,rejected,colorblue,test,num2,typenegative,singlestim,81,283799,1010150,edm,paicipantresponseblue,correct
9502,Subject31,584,pleasure,77,pleasure,colorblue,test,num2,typepositive,singlestim,83,289591,1010170,edm,paicipantresponseblue,correct
9798,Subject31,462,happy,77,happy,colorblue,test,num2,typepositive,singlestim,85,295260,1010190,edm,paicipantresponseblue,correct
10094,Subject31,332,paper,67,paper,colorred,test,num2,typeneutral,singlestim,87,300798,1010210,edc,paicipantresponsered,correct
10390,Subject31,426,funeral,77,funeral,colorred,test,num2,typesuicide,singlestim,89,306428,1010230,edm,paicipantresponseblue,incorrect
10686,Subject31,437,stupid,67,stupid,colorred,test,num2,typenegative,singlestim,91,312073,1010250,edc,paicipantresponsered,correct
10982,Subject31,456,stupid,77,stupid,colorblue,test,num2,typenegative,singlestim,93,317734,1010270,edm,paicipantresponseblue,correct
11278,Subject31,468,engine,77,engine,colorblue,test,num2,typeneutral,singlestim,95,323408,1010290,edm,paicipantresponseblue,correct
11574,Subject31,736,success,67,success,colorred,test,num2,typepositive,singlestim,97,329348,1010310,edc,paicipantresponsered,correct
11870,Subject31,491,alone,77,alone,colorblue,test,num2,typenegative,singlestim,99,335045,1010330,edm,paicipantresponseblue,correct
12166,Subject31,453,pleasure,67,pleasure,colorred,test,num2,typepositive,singlestim,101,340703,1010350,edc,paicipantresponsered,correct
12462,Subject31,377,happy,67,happy,colorred,test,num2,typepositive,singlestim,103,346286,1010370,edc,paicipantresponsered,correct
12758,Subject31,467,funeral,77,funeral,colorblue,test,num2,typesuicide,singlestim,105,351959,1010390,edm,paicipantresponseblue,correct
13054,Subject31,447,suicide,67,suicide,colorred,test,num2,typesuicide,singlestim,107,357611,1010410,edc,paicipantresponsered,correct
13350,Subject31,451,museum,67,museum,colorred,test,num2,typeneutral,singlestim,109,363271,1010430,edc,paicipantresponsered,correct
13646,Subject31,323,suicide,77,suicide,colorblue,test,num2,typesuicide,singlestim,111,368800,1010450,edm,paicipantresponseblue,correct
13942,Subject31,454,rejected,67,rejected,colorred,test,num2,typenegative,singlestim,113,374459,1010470,edc,paicipantresponsered,correct