,SubjectID,rt,stimulus,keypress,word,color,block,blocknum,wordtype,trialtype,trialindex,timeelapsed,internalnodeid,keypressed,participantresponse,correctresponse
123,Subject133,509,pleasure,77,pleasure,colorblue,test,num1,typepositive,singlestim,19,69403,100010,edm,paicipantresponseblue,correct
419,Subject133,350,museum,77,museum,colorblue,test,num1,typeneutral,singlestim,21,74967,100030,edm,paicipantresponseblue,correct
715,Subject133,326,museum,67,museum,colorred,test,num1,typeneutral,singlestim,23,80502,100050,edc,paicipantresponsered,correct
1011,Subject133,383,alone,67,alone,colorred,test,num1,typenegative,singlestim,25,86097,100070,edc,paicipantresponsered,correct
1307,Subject133,419,dead,77,dead,colorblue,test,num1,typesuicide,singlestim,27,91729,100090,edm,paicipantresponseblue,correct
1603,Subject133,413,success,77,success,colorblue,test,num1,typepositive,singlestim,29,97353,1000110,edm,paicipantresponseblue,correct
1899,Subject133,434,engine,77,engine,colorblue,test,num1,typeneutral,singlestim,31,102997,1000130,edm,paicipantresponseblue,correct
2195,Subject133,925,engine,67,engine,colorred,test,num1,typeneutral,singlestim,33,109700,1000150,edc,paicipantresponsered,correct
2491,Subject133,417,happy,77,happy,colorblue,test,num1,typepositive,singlestim,35,115329,1000170,edm,paicipantresponseblue,correct
2787,Subject133,562,suicide,67,suicide,colorred,test,num1,typesuicide,singlestim,37,121101,1000190,edc,paicipantresponsered,correct
3083,Subject133,474,success,67,success,colorred,test,num1,typepositive,singlestim,39,126788,1000210,edc,paicipantresponsered,correct
3379,Subject133,459,rejected,77,rejected,colorblue,test,num1,typenegative,singlestim,41,132463,1000230,edm,paicipantresponseblue,correct
3675,Subject133,501,pleasure,67,pleasure,colorred,test,num1,typepositive,singlestim,43,138176,1000250,edc,paicipantresponsered,correct
3971,Subject133,383,funeral,77,funeral,colorblue,test,num1,typesuicide,singlestim,45,143774,1000270,edm,paicipantresponseblue,correct
4267,Subject133,457,happy,67,happy,colorred,test,num1,typepositive,singlestim,47,149444,1000290,edc,paicipantresponsered,correct
4563,Subject133,352,rejected,67,rejected,colorred,test,num1,typenegative,singlestim,49,155009,1000310,edc,paicipantresponsered,correct
4859,Subject133,336,funeral,67,funeral,colorred,test,num1,typesuicide,singlestim,51,160559,1000330,edc,paicipantresponsered,correct
5155,Subject133,316,dead,67,dead,colorred,test,num1,typesuicide,singlestim,53,166086,1000350,edc,paicipantresponsered,correct
5451,Subject133,447,paper,67,paper,colorred,test,num1,typeneutral,singlestim,55,171744,1000370,edc,paicipantresponsered,correct
5747,Subject133,498,paper,77,paper,colorblue,test,num1,typeneutral,singlestim,57,177456,1000390,edm,paicipantresponseblue,correct
6043,Subject133,667,suicide,77,suicide,colorblue,test,num1,typesuicide,singlestim,59,183333,1000410,edm,paicipantresponseblue,correct
6339,Subject133,357,stupid,67,stupid,colorred,test,num1,typenegative,singlestim,61,188903,1000430,edc,paicipantresponsered,correct
6635,Subject133,427,alone,77,alone,colorblue,test,num1,typenegative,singlestim,63,194542,1000450,edm,paicipantresponseblue,correct
6931,Subject133,500,stupid,77,stupid,colorblue,test,num1,typenegative,singlestim,65,200253,1000470,edm,paicipantresponseblue,correct
7227,Subject133,458,success,77,success,colorblue,test,num2,typepositive,singlestim,67,205923,101010,edm,paicipantresponseblue,correct
7523,Subject133,508,suicide,77,suicide,colorblue,test,num2,typesuicide,singlestim,69,211644,101030,edm,paicipantresponseblue,correct
7819,Subject133,419,engine,67,engine,colorred,test,num2,typeneutral,singlestim,71,217272,101050,edc,paicipantresponsered,correct
8115,Subject133,380,dead,67,dead,colorred,test,num2,typesuicide,singlestim,73,222866,101070,edc,paicipantresponsered,correct
8411,Subject133,395,pleasure,67,pleasure,colorred,test,num2,typepositive,singlestim,75,228472,101090,edc,paicipantresponsered,correct
8707,Subject133,403,funeral,67,funeral,colorred,test,num2,typesuicide,singlestim,77,234088,1010110,edc,paicipantresponsered,correct
9003,Subject133,449,rejected,67,rejected,colorred,test,num2,typenegative,singlestim,79,239748,1010130,edc,paicipantresponsered,correct
9299,Subject133,453,alone,67,alone,colorred,test,num2,typenegative,singlestim,81,245412,1010150,edc,paicipantresponsered,correct
9595,Subject133,416,suicide,67,suicide,colorred,test,num2,typesuicide,singlestim,83,251038,1010170,edc,paicipantresponsered,correct
9891,Subject133,409,museum,67,museum,colorred,test,num2,typeneutral,singlestim,85,256656,1010190,edc,paicipantresponsered,correct
10187,Subject133,593,funeral,77,funeral,colorblue,test,num2,typesuicide,singlestim,87,262463,1010210,edm,paicipantresponseblue,correct
10483,Subject133,559,museum,77,museum,colorblue,test,num2,typeneutral,singlestim,89,268234,1010230,edm,paicipantresponseblue,correct
10779,Subject133,495,dead,77,dead,colorblue,test,num2,typesuicide,singlestim,91,273939,1010250,edm,paicipantresponseblue,correct
11075,Subject133,695,paper,67,paper,colorred,test,num2,typeneutral,singlestim,93,279848,1010270,edc,paicipantresponsered,correct
11371,Subject133,502,stupid,67,stupid,colorred,test,num2,typenegative,singlestim,95,285563,1010290,edc,paicipantresponsered,correct
11667,Subject133,466,alone,77,alone,colorblue,test,num2,typenegative,singlestim,97,291241,1010310,edm,paicipantresponseblue,correct
11963,Subject133,551,happy,77,happy,colorblue,test,num2,typepositive,singlestim,99,297002,1010330,edm,paicipantresponseblue,correct
12259,Subject133,409,rejected,77,rejected,colorblue,test,num2,typenegative,singlestim,101,302626,1010350,edm,paicipantresponseblue,correct
12555,Subject133,309,success,67,success,colorred,test,num2,typepositive,singlestim,103,308149,1010370,edc,paicipantresponsered,correct
12851,Subject133,344,stupid,77,stupid,colorblue,test,num2,typenegative,singlestim,105,313705,1010390,edm,paicipantresponseblue,correct
13147,Subject133,274,happy,67,happy,colorred,test,num2,typepositive,singlestim,107,319187,1010410,edc,paicipantresponsered,correct
13443,Subject133,445,engine,77,engine,colorblue,test,num2,typeneutral,singlestim,109,324844,1010430,edm,paicipantresponseblue,correct
13739,Subject133,479,pleasure,77,pleasure,colorblue,test,num2,typepositive,singlestim,111,330537,1010450,edm,paicipantresponseblue,correct
14035,Subject133,476,paper,77,paper,colorblue,test,num2,typeneutral,singlestim,113,336222,1010470,edm,paicipantresponseblue,correct