,SubjectID,rt,stimulus,keypress,word,color,block,blocknum,wordtype,trialtype,trialindex,timeelapsed,internalnodeid,keypressed,participantresponse,correctresponse
94,Subject102,414,funeral,67,funeral,colorred,test,num1,typesuicide,singlestim,19,81470,100010,edc,paicipantresponsered,correct
390,Subject102,315,dead,77,dead,colorblue,test,num1,typesuicide,singlestim,21,86991,100030,edm,paicipantresponseblue,correct
686,Subject102,388,suicide,77,suicide,colorblue,test,num1,typesuicide,singlestim,23,92582,100050,edm,paicipantresponseblue,correct
982,Subject102,408,alone,77,alone,colorblue,test,num1,typenegative,singlestim,25,98195,100070,edm,paicipantresponseblue,correct
1278,Subject102,346,happy,77,happy,colorblue,test,num1,typepositive,singlestim,27,103746,100090,edm,paicipantresponseblue,correct
1574,Subject102,401,paper,67,paper,colorred,test,num1,typeneutral,singlestim,29,109352,1000110,edc,paicipantresponsered,correct
1870,Subject102,392,pleasure,77,pleasure,colorblue,test,num1,typepositive,singlestim,31,114950,1000130,edm,paicipantresponseblue,correct
2166,Subject102,408,alone,67,alone,colorred,test,num1,typenegative,singlestim,33,120563,1000150,edc,paicipantresponsered,correct
2462,Subject102,311,paper,77,paper,colorblue,test,num1,typeneutral,singlestim,35,126079,1000170,edm,paicipantresponseblue,correct
2758,Subject102,322,museum,67,museum,colorred,test,num1,typeneutral,singlestim,37,131608,1000190,edc,paicipantresponsered,correct
3054,Subject102,332,happy,67,happy,colorred,test,num1,typepositive,singlestim,39,137145,1000210,edc,paicipantresponsered,correct
3350,Subject102,346,success,77,success,colorblue,test,num1,typepositive,singlestim,41,142697,1000230,edm,paicipantresponseblue,correct
3646,Subject102,308,suicide,67,suicide,colorred,test,num1,typesuicide,singlestim,43,148211,1000250,edc,paicipantresponsered,correct
3942,Subject102,338,stupid,67,stupid,colorred,test,num1,typenegative,singlestim,45,153753,1000270,edc,paicipantresponsered,correct
4238,Subject102,280,engine,77,engine,colorblue,test,num1,typeneutral,singlestim,47,159240,1000290,edm,paicipantresponseblue,correct
4534,Subject102,340,museum,77,museum,colorblue,test,num1,typeneutral,singlestim,49,164785,1000310,edm,paicipantresponseblue,correct
4830,Subject102,445,success,67,success,colorred,test,num1,typepositive,singlestim,51,170436,1000330,edc,paicipantresponsered,correct
5126,Subject102,326,rejected,67,rejected,colorred,test,num1,typenegative,singlestim,53,175965,1000350,edc,paicipantresponsered,correct
5422,Subject102,546,dead,77,dead,colorred,test,num1,typesuicide,singlestim,55,181716,1000370,edm,paicipantresponseblue,incorrect
5718,Subject102,331,engine,67,engine,colorred,test,num1,typeneutral,singlestim,57,187250,1000390,edc,paicipantresponsered,correct
6014,Subject102,321,funeral,77,funeral,colorblue,test,num1,typesuicide,singlestim,59,192779,1000410,edm,paicipantresponseblue,correct
6310,Subject102,459,rejected,77,rejected,colorblue,test,num1,typenegative,singlestim,61,198445,1000430,edm,paicipantresponseblue,correct
6606,Subject102,314,pleasure,67,pleasure,colorred,test,num1,typepositive,singlestim,63,203963,1000450,edc,paicipantresponsered,correct
6902,Subject102,433,stupid,77,stupid,colorblue,test,num1,typenegative,singlestim,65,209599,1000470,edm,paicipantresponseblue,correct
7198,Subject102,384,engine,77,engine,colorblue,test,num2,typeneutral,singlestim,67,215188,101010,edm,paicipantresponseblue,correct
7494,Subject102,295,funeral,67,funeral,colorred,test,num2,typesuicide,singlestim,69,220687,101030,edc,paicipantresponsered,correct
7790,Subject102,326,museum,67,museum,colorred,test,num2,typeneutral,singlestim,71,226217,101050,edc,paicipantresponsered,correct
8086,Subject102,448,stupid,77,stupid,colorblue,test,num2,typenegative,singlestim,73,231870,101070,edm,paicipantresponseblue,correct
8382,Subject102,548,happy,67,happy,colorred,test,num2,typepositive,singlestim,75,237623,101090,edc,paicipantresponsered,correct
8678,Subject102,451,engine,67,engine,colorred,test,num2,typeneutral,singlestim,77,243279,1010110,edc,paicipantresponsered,correct
8974,Subject102,477,success,67,success,colorred,test,num2,typepositive,singlestim,79,248963,1010130,edc,paicipantresponsered,correct
9270,Subject102,319,museum,77,museum,colorblue,test,num2,typeneutral,singlestim,81,254488,1010150,edm,paicipantresponseblue,correct
9566,Subject102,298,rejected,77,rejected,colorblue,test,num2,typenegative,singlestim,83,259988,1010170,edm,paicipantresponseblue,correct
9862,Subject102,332,suicide,67,suicide,colorred,test,num2,typesuicide,singlestim,85,265526,1010190,edc,paicipantresponsered,correct
10158,Subject102,365,success,77,success,colorblue,test,num2,typepositive,singlestim,87,271096,1010210,edm,paicipantresponseblue,correct
10454,Subject102,356,pleasure,77,pleasure,colorblue,test,num2,typepositive,singlestim,89,276658,1010230,edm,paicipantresponseblue,correct
10750,Subject102,344,paper,77,paper,colorblue,test,num2,typeneutral,singlestim,91,282207,1010250,edm,paicipantresponseblue,correct
11046,Subject102,340,dead,67,dead,colorred,test,num2,typesuicide,singlestim,93,287751,1010270,edc,paicipantresponsered,correct
11342,Subject102,270,happy,77,happy,colorblue,test,num2,typepositive,singlestim,95,293225,1010290,edm,paicipantresponseblue,correct
11638,Subject102,301,pleasure,67,pleasure,colorred,test,num2,typepositive,singlestim,97,298731,1010310,edc,paicipantresponsered,correct
11934,Subject102,312,alone,77,alone,colorblue,test,num2,typenegative,singlestim,99,304248,1010330,edm,paicipantresponseblue,correct
12230,Subject102,311,stupid,67,stupid,colorred,test,num2,typenegative,singlestim,101,309763,1010350,edc,paicipantresponsered,correct
12526,Subject102,329,funeral,77,funeral,colorblue,test,num2,typesuicide,singlestim,103,315299,1010370,edm,paicipantresponseblue,correct
12822,Subject102,312,alone,67,alone,colorred,test,num2,typenegative,singlestim,105,320816,1010390,edc,paicipantresponsered,correct
13118,Subject102,357,dead,77,dead,colorblue,test,num2,typesuicide,singlestim,107,326378,1010410,edm,paicipantresponseblue,correct
13414,Subject102,609,suicide,77,suicide,colorblue,test,num2,typesuicide,singlestim,109,332193,1010430,edm,paicipantresponseblue,correct
13710,Subject102,315,paper,67,paper,colorred,test,num2,typeneutral,singlestim,111,337712,1010450,edc,paicipantresponsered,correct
14006,Subject102,407,rejected,67,rejected,colorred,test,num2,typenegative,singlestim,113,343323,1010470,edc,paicipantresponsered,correct