"","SubjectID","rt","stimulus","keypress","word","color","block","blocknum","wordtype","trialtype","trialindex","timeelapsed","internalnodeid","keypressed","participantresponse","correctresponse"
"17","Subject17","460","pleasure","67","pleasure","colorred","test","num1","typepositive","singlestim","19","87685","100010","edc","paicipantresponsered","correct"
"313","Subject17","379","museum","67","museum","colorred","test","num1","typeneutral","singlestim","21","93335","100030","edc","paicipantresponsered","correct"
"609","Subject17","364","dead","67","dead","colorred","test","num1","typesuicide","singlestim","23","98953","100050","edc","paicipantresponsered","correct"
"905","Subject17","383","happy","67","happy","colorred","test","num1","typepositive","singlestim","25","104595","100070","edc","paicipantresponsered","correct"
"1201","Subject17","352","paper","67","paper","colorred","test","num1","typeneutral","singlestim","27","110189","100090","edc","paicipantresponsered","correct"
"1497","Subject17","325","success","77","success","colorblue","test","num1","typepositive","singlestim","29","115768","1000110","edm","paicipantresponseblue","correct"
"1793","Subject17","360","suicide","67","suicide","colorred","test","num1","typesuicide","singlestim","31","121374","1000130","edc","paicipantresponsered","correct"
"2089","Subject17","395","paper","77","paper","colorblue","test","num1","typeneutral","singlestim","33","127032","1000150","edm","paicipantresponseblue","correct"
"2385","Subject17","386","engine","77","engine","colorblue","test","num1","typeneutral","singlestim","35","132671","1000170","edm","paicipantresponseblue","correct"
"2681","Subject17","399","pleasure","77","pleasure","colorblue","test","num1","typepositive","singlestim","37","138325","1000190","edm","paicipantresponseblue","correct"
"2977","Subject17","447","alone","77","alone","colorblue","test","num1","typenegative","singlestim","39","144048","1000210","edm","paicipantresponseblue","correct"
"3273","Subject17","320","funeral","77","funeral","colorblue","test","num1","typesuicide","singlestim","41","149635","1000230","edm","paicipantresponseblue","correct"
"3569","Subject17","351","museum","77","museum","colorblue","test","num1","typeneutral","singlestim","43","155246","1000250","edm","paicipantresponseblue","correct"
"3865","Subject17","402","alone","67","alone","colorred","test","num1","typenegative","singlestim","45","160909","1000270","edc","paicipantresponsered","correct"
"4161","Subject17","375","happy","77","happy","colorblue","test","num1","typepositive","singlestim","47","166531","1000290","edm","paicipantresponseblue","correct"
"4457","Subject17","360","success","67","success","colorred","test","num1","typepositive","singlestim","49","172138","1000310","edc","paicipantresponsered","correct"
"4753","Subject17","497","suicide","77","suicide","colorblue","test","num1","typesuicide","singlestim","51","177892","1000330","edm","paicipantresponseblue","correct"
"5049","Subject17","296","stupid","77","stupid","colorblue","test","num1","typenegative","singlestim","53","183444","1000350","edm","paicipantresponseblue","correct"
"5345","Subject17","356","engine","67","engine","colorred","test","num1","typeneutral","singlestim","55","189055","1000370","edc","paicipantresponsered","correct"
"5641","Subject17","366","funeral","67","funeral","colorred","test","num1","typesuicide","singlestim","57","194675","1000390","edc","paicipantresponsered","correct"
"5937","Subject17","360","rejected","77","rejected","colorblue","test","num1","typenegative","singlestim","59","200289","1000410","edm","paicipantresponseblue","correct"
"6233","Subject17","374","rejected","67","rejected","colorred","test","num1","typenegative","singlestim","61","205924","1000430","edc","paicipantresponsered","correct"
"6529","Subject17","453","dead","77","dead","colorblue","test","num1","typesuicide","singlestim","63","211627","1000450","edm","paicipantresponseblue","correct"
"6825","Subject17","330","stupid","67","stupid","colorred","test","num1","typenegative","singlestim","65","217225","1000470","edc","paicipantresponsered","correct"
"7121","Subject17","397","dead","77","dead","colorblue","test","num2","typesuicide","singlestim","67","222879","101010","edm","paicipantresponseblue","correct"
"7417","Subject17","303","dead","67","dead","colorred","test","num2","typesuicide","singlestim","69","228438","101030","edc","paicipantresponsered","correct"
"7713","Subject17","326","success","77","success","colorblue","test","num2","typepositive","singlestim","71","234019","101050","edm","paicipantresponseblue","correct"
"8009","Subject17","348","pleasure","77","pleasure","colorblue","test","num2","typepositive","singlestim","73","239624","101070","edm","paicipantresponseblue","correct"
"8305","Subject17","342","rejected","67","rejected","colorred","test","num2","typenegative","singlestim","75","245223","101090","edc","paicipantresponsered","correct"
"8601","Subject17","348","suicide","77","suicide","colorblue","test","num2","typesuicide","singlestim","77","250817","1010110","edm","paicipantresponseblue","correct"
"8897","Subject17","386","happy","77","happy","colorblue","test","num2","typepositive","singlestim","79","256467","1010130","edm","paicipantresponseblue","correct"
"9193","Subject17","305","suicide","67","suicide","colorred","test","num2","typesuicide","singlestim","81","262035","1010150","edc","paicipantresponsered","correct"
"9489","Subject17","372","engine","77","engine","colorblue","test","num2","typeneutral","singlestim","83","267661","1010170","edm","paicipantresponseblue","correct"
"9785","Subject17","785","funeral","67","funeral","colorred","test","num2","typesuicide","singlestim","85","273710","1010190","edc","paicipantresponsered","correct"
"10081","Subject17","344","alone","77","alone","colorblue","test","num2","typenegative","singlestim","87","279306","1010210","edm","paicipantresponseblue","correct"
"10377","Subject17","381","happy","67","happy","colorred","test","num2","typepositive","singlestim","89","284937","1010230","edc","paicipantresponsered","correct"
"10673","Subject17","396","museum","67","museum","colorred","test","num2","typeneutral","singlestim","91","290599","1010250","edc","paicipantresponsered","correct"
"10969","Subject17","365","paper","77","paper","colorblue","test","num2","typeneutral","singlestim","93","296232","1010270","edm","paicipantresponseblue","correct"
"11265","Subject17","344","pleasure","67","pleasure","colorred","test","num2","typepositive","singlestim","95","301850","1010290","edc","paicipantresponsered","correct"
"11561","Subject17","321","museum","77","museum","colorblue","test","num2","typeneutral","singlestim","97","307435","1010310","edm","paicipantresponseblue","correct"
"11857","Subject17","508","stupid","77","stupid","colorblue","test","num2","typenegative","singlestim","99","313214","1010330","edm","paicipantresponseblue","correct"
"12153","Subject17","280","stupid","67","stupid","colorred","test","num2","typenegative","singlestim","101","318743","1010350","edc","paicipantresponsered","correct"
"12449","Subject17","350","rejected","77","rejected","colorblue","test","num2","typenegative","singlestim","103","324346","1010370","edm","paicipantresponseblue","correct"
"12745","Subject17","342","paper","67","paper","colorred","test","num2","typeneutral","singlestim","105","329943","1010390","edc","paicipantresponsered","correct"
"13041","Subject17","380","alone","67","alone","colorred","test","num2","typenegative","singlestim","107","335584","1010410","edc","paicipantresponsered","correct"
"13337","Subject17","373","engine","67","engine","colorred","test","num2","typeneutral","singlestim","109","341205","1010430","edc","paicipantresponsered","correct"
"13633","Subject17","368","funeral","77","funeral","colorblue","test","num2","typesuicide","singlestim","111","346832","1010450","edm","paicipantresponseblue","correct"
"13929","Subject17","390","success","67","success","colorred","test","num2","typepositive","singlestim","113","352479","1010470","edc","paicipantresponsered","correct"
