,SubjectID,rt,stimulus,keypress,word,color,block,blocknum,wordtype,trialtype,trialindex,timeelapsed,internalnodeid,keypressed,participantresponse,correctresponse
33,Subject34,405,suicide,77,suicide,colorblue,test,num1,typesuicide,singlestim,19,80065,100010,edm,paicipantresponseblue,correct
329,Subject34,470,funeral,77,funeral,colorblue,test,num1,typesuicide,singlestim,21,85738,100030,edm,paicipantresponseblue,correct
625,Subject34,460,rejected,77,rejected,colorblue,test,num1,typenegative,singlestim,23,91402,100050,edm,paicipantresponseblue,correct
921,Subject34,467,success,77,success,colorblue,test,num1,typepositive,singlestim,25,97072,100070,edm,paicipantresponseblue,correct
1217,Subject34,437,engine,77,engine,colorblue,test,num1,typeneutral,singlestim,27,102721,100090,edm,paicipantresponseblue,correct
1513,Subject34,350,funeral,67,funeral,colorred,test,num1,typesuicide,singlestim,29,108273,1000110,edc,paicipantresponsered,correct
1809,Subject34,437,alone,67,alone,colorred,test,num1,typenegative,singlestim,31,113912,1000130,edc,paicipantresponsered,correct
2105,Subject34,357,pleasure,77,pleasure,colorblue,test,num1,typepositive,singlestim,33,119473,1000150,edm,paicipantresponseblue,correct
2401,Subject34,531,dead,67,dead,colorred,test,num1,typesuicide,singlestim,35,125208,1000170,edc,paicipantresponsered,correct
2697,Subject34,695,success,67,success,colorred,test,num1,typepositive,singlestim,37,131105,1000190,edc,paicipantresponsered,correct
2993,Subject34,493,museum,67,museum,colorred,test,num1,typeneutral,singlestim,39,136800,1000210,edc,paicipantresponsered,correct
3289,Subject34,574,stupid,67,stupid,colorred,test,num1,typenegative,singlestim,41,142576,1000230,edc,paicipantresponsered,correct
3585,Subject34,509,happy,67,happy,colorred,test,num1,typepositive,singlestim,43,148287,1000250,edc,paicipantresponsered,correct
3881,Subject34,366,stupid,77,stupid,colorblue,test,num1,typenegative,singlestim,45,153856,1000270,edm,paicipantresponseblue,correct
4177,Subject34,340,paper,67,paper,colorred,test,num1,typeneutral,singlestim,47,159399,1000290,edc,paicipantresponsered,correct
4473,Subject34,381,dead,77,dead,colorblue,test,num1,typesuicide,singlestim,49,164991,1000310,edm,paicipantresponseblue,correct
4769,Subject34,325,pleasure,67,pleasure,colorred,test,num1,typepositive,singlestim,51,170519,1000330,edc,paicipantresponsered,correct
5065,Subject34,501,suicide,67,suicide,colorred,test,num1,typesuicide,singlestim,53,176223,1000350,edc,paicipantresponsered,correct
5361,Subject34,484,rejected,67,rejected,colorred,test,num1,typenegative,singlestim,55,181910,1000370,edc,paicipantresponsered,correct
5657,Subject34,493,engine,67,engine,colorred,test,num1,typeneutral,singlestim,57,187606,1000390,edc,paicipantresponsered,correct
5953,Subject34,413,alone,77,alone,colorblue,test,num1,typenegative,singlestim,59,193222,1000410,edm,paicipantresponseblue,correct
6249,Subject34,558,paper,77,paper,colorblue,test,num1,typeneutral,singlestim,61,198982,1000430,edm,paicipantresponseblue,correct
6545,Subject34,453,museum,77,museum,colorblue,test,num1,typeneutral,singlestim,63,204638,1000450,edm,paicipantresponseblue,correct
6841,Subject34,470,happy,77,happy,colorblue,test,num1,typepositive,singlestim,65,210310,1000470,edm,paicipantresponseblue,correct
7137,Subject34,629,museum,77,museum,colorblue,test,num2,typeneutral,singlestim,67,216142,101010,edm,paicipantresponseblue,correct
7433,Subject34,540,rejected,67,rejected,colorred,test,num2,typenegative,singlestim,69,221885,101030,edc,paicipantresponsered,correct
7729,Subject34,413,suicide,67,suicide,colorred,test,num2,typesuicide,singlestim,71,227503,101050,edc,paicipantresponsered,correct
8025,Subject34,446,success,77,success,colorblue,test,num2,typepositive,singlestim,73,233152,101070,edm,paicipantresponseblue,correct
8321,Subject34,444,happy,77,happy,colorblue,test,num2,typepositive,singlestim,75,238799,101090,edm,paicipantresponseblue,correct
8617,Subject34,374,happy,67,happy,colorred,test,num2,typepositive,singlestim,77,244376,1010110,edc,paicipantresponsered,correct
8913,Subject34,508,pleasure,77,pleasure,colorblue,test,num2,typepositive,singlestim,79,250087,1010130,edm,paicipantresponseblue,correct
9209,Subject34,398,dead,67,dead,colorred,test,num2,typesuicide,singlestim,81,255687,1010150,edc,paicipantresponsered,correct
9505,Subject34,886,alone,77,alone,colorblue,test,num2,typenegative,singlestim,83,261775,1010170,edm,paicipantresponseblue,correct
9801,Subject34,509,rejected,77,rejected,colorblue,test,num2,typenegative,singlestim,85,267486,1010190,edm,paicipantresponseblue,correct
10097,Subject34,413,stupid,67,stupid,colorred,test,num2,typenegative,singlestim,87,273102,1010210,edc,paicipantresponsered,correct
10393,Subject34,397,success,67,success,colorred,test,num2,typepositive,singlestim,89,278702,1010230,edc,paicipantresponsered,correct
10689,Subject34,461,paper,77,paper,colorblue,test,num2,typeneutral,singlestim,91,284366,1010250,edm,paicipantresponseblue,correct
10985,Subject34,358,engine,67,engine,colorred,test,num2,typeneutral,singlestim,93,289928,1010270,edc,paicipantresponsered,correct
11281,Subject34,323,funeral,77,funeral,colorblue,test,num2,typesuicide,singlestim,95,295455,1010290,edm,paicipantresponseblue,correct
11577,Subject34,381,engine,77,engine,colorblue,test,num2,typeneutral,singlestim,97,301039,1010310,edm,paicipantresponseblue,correct
11873,Subject34,340,alone,67,alone,colorred,test,num2,typenegative,singlestim,99,306583,1010330,edc,paicipantresponsered,correct
12169,Subject34,581,funeral,67,funeral,colorred,test,num2,typesuicide,singlestim,101,312367,1010350,edc,paicipantresponsered,correct
12465,Subject34,397,pleasure,67,pleasure,colorred,test,num2,typepositive,singlestim,103,317966,1010370,edc,paicipantresponsered,correct
12761,Subject34,406,paper,67,paper,colorred,test,num2,typeneutral,singlestim,105,323575,1010390,edc,paicipantresponsered,correct
13057,Subject34,732,suicide,77,suicide,colorblue,test,num2,typesuicide,singlestim,107,329510,1010410,edm,paicipantresponseblue,correct
13353,Subject34,398,museum,67,museum,colorred,test,num2,typeneutral,singlestim,109,335111,1010430,edc,paicipantresponsered,correct
13649,Subject34,428,dead,77,dead,colorblue,test,num2,typesuicide,singlestim,111,340742,1010450,edm,paicipantresponseblue,correct
13945,Subject34,734,stupid,77,stupid,colorblue,test,num2,typenegative,singlestim,113,346678,1010470,edm,paicipantresponseblue,correct