,SubjectID,rt,stimulus,keypress,word,color,block,blocknum,wordtype,trialtype,trialindex,timeelapsed,internalnodeid,keypressed,participantresponse,correctresponse
217,Subject249,550,suicide,77,suicide,colorblue,test,num1,typesuicide,singlestim,19,140222,100010,edm,paicipantresponseblue,correct
513,Subject249,495,engine,67,engine,colorred,test,num1,typeneutral,singlestim,21,145949,100030,edc,paicipantresponsered,correct
809,Subject249,1246,funeral,77,funeral,colorblue,test,num1,typesuicide,singlestim,23,152417,100050,edm,paicipantresponseblue,correct
1105,Subject249,537,alone,67,alone,colorred,test,num1,typenegative,singlestim,25,158194,100070,edc,paicipantresponsered,correct
1401,Subject249,452,funeral,67,funeral,colorred,test,num1,typesuicide,singlestim,27,163890,100090,edc,paicipantresponsered,correct
1697,Subject249,423,museum,77,museum,colorblue,test,num1,typeneutral,singlestim,29,169545,1000110,edm,paicipantresponseblue,correct
1993,Subject249,391,dead,77,dead,colorblue,test,num1,typesuicide,singlestim,31,175146,1000130,edm,paicipantresponseblue,correct
2289,Subject249,448,stupid,77,stupid,colorblue,test,num1,typenegative,singlestim,33,180821,1000150,edm,paicipantresponseblue,correct
2585,Subject249,456,dead,67,dead,colorred,test,num1,typesuicide,singlestim,35,186512,1000170,edc,paicipantresponsered,correct
2881,Subject249,417,alone,77,alone,colorblue,test,num1,typenegative,singlestim,37,192140,1000190,edm,paicipantresponseblue,correct
3177,Subject249,414,stupid,67,stupid,colorred,test,num1,typenegative,singlestim,39,197788,1000210,edc,paicipantresponsered,correct
3473,Subject249,428,paper,77,paper,colorblue,test,num1,typeneutral,singlestim,41,203450,1000230,edm,paicipantresponseblue,correct
3769,Subject249,409,paper,67,paper,colorred,test,num1,typeneutral,singlestim,43,209081,1000250,edc,paicipantresponsered,correct
4065,Subject249,455,rejected,67,rejected,colorred,test,num1,typenegative,singlestim,45,214760,1000270,edc,paicipantresponsered,correct
4361,Subject249,441,pleasure,67,pleasure,colorred,test,num1,typepositive,singlestim,47,220431,1000290,edc,paicipantresponsered,correct
4657,Subject249,407,success,77,success,colorblue,test,num1,typepositive,singlestim,49,226065,1000310,edm,paicipantresponseblue,correct
4953,Subject249,428,suicide,67,suicide,colorred,test,num1,typesuicide,singlestim,51,231718,1000330,edc,paicipantresponsered,correct
5249,Subject249,445,rejected,77,rejected,colorblue,test,num1,typenegative,singlestim,53,237385,1000350,edm,paicipantresponseblue,correct
5545,Subject249,427,success,67,success,colorred,test,num1,typepositive,singlestim,55,243052,1000370,edc,paicipantresponsered,correct
5841,Subject249,499,engine,77,engine,colorblue,test,num1,typeneutral,singlestim,57,248775,1000390,edm,paicipantresponseblue,correct
6137,Subject249,449,pleasure,77,pleasure,colorblue,test,num1,typepositive,singlestim,59,254458,1000410,edm,paicipantresponseblue,correct
6433,Subject249,419,happy,77,happy,colorblue,test,num1,typepositive,singlestim,61,260093,1000430,edm,paicipantresponseblue,correct
6729,Subject249,416,museum,67,museum,colorred,test,num1,typeneutral,singlestim,63,265741,1000450,edc,paicipantresponsered,correct
7025,Subject249,422,happy,67,happy,colorred,test,num1,typepositive,singlestim,65,271403,1000470,edc,paicipantresponsered,correct
7321,Subject249,431,museum,77,museum,colorblue,test,num2,typeneutral,singlestim,67,277057,101010,edm,paicipantresponseblue,correct
7617,Subject249,412,funeral,67,funeral,colorred,test,num2,typesuicide,singlestim,69,282703,101030,edc,paicipantresponsered,correct
7913,Subject249,516,rejected,67,rejected,colorred,test,num2,typenegative,singlestim,71,288440,101050,edc,paicipantresponsered,correct
8209,Subject249,459,alone,67,alone,colorred,test,num2,typenegative,singlestim,73,294135,101070,edc,paicipantresponsered,correct
8505,Subject249,409,suicide,67,suicide,colorred,test,num2,typesuicide,singlestim,75,299769,101090,edc,paicipantresponsered,correct
8801,Subject249,411,engine,77,engine,colorblue,test,num2,typeneutral,singlestim,77,305405,1010110,edm,paicipantresponseblue,correct
9097,Subject249,481,stupid,67,stupid,colorred,test,num2,typenegative,singlestim,79,311124,1010130,edc,paicipantresponsered,correct
9393,Subject249,408,rejected,77,rejected,colorblue,test,num2,typenegative,singlestim,81,316768,1010150,edm,paicipantresponseblue,correct
9689,Subject249,450,dead,77,dead,colorblue,test,num2,typesuicide,singlestim,83,322444,1010170,edm,paicipantresponseblue,correct
9985,Subject249,414,happy,77,happy,colorblue,test,num2,typepositive,singlestim,85,328090,1010190,edm,paicipantresponseblue,correct
10281,Subject249,413,funeral,77,funeral,colorblue,test,num2,typesuicide,singlestim,87,333739,1010210,edm,paicipantresponseblue,correct
10577,Subject249,387,dead,67,dead,colorred,test,num2,typesuicide,singlestim,89,339366,1010230,edc,paicipantresponsered,correct
10873,Subject249,436,museum,67,museum,colorred,test,num2,typeneutral,singlestim,91,345031,1010250,edc,paicipantresponsered,correct
11169,Subject249,408,happy,67,happy,colorred,test,num2,typepositive,singlestim,93,350668,1010270,edc,paicipantresponsered,correct
11465,Subject249,447,success,77,success,colorblue,test,num2,typepositive,singlestim,95,356341,1010290,edm,paicipantresponseblue,correct
11761,Subject249,415,pleasure,77,pleasure,colorblue,test,num2,typepositive,singlestim,97,361993,1010310,edm,paicipantresponseblue,correct
12057,Subject249,402,paper,67,paper,colorred,test,num2,typeneutral,singlestim,99,367632,1010330,edc,paicipantresponsered,correct
12353,Subject249,406,success,67,success,colorred,test,num2,typepositive,singlestim,101,373267,1010350,edc,paicipantresponsered,correct
12649,Subject249,410,pleasure,67,pleasure,colorred,test,num2,typepositive,singlestim,103,378888,1010370,edc,paicipantresponsered,correct
12945,Subject249,399,stupid,77,stupid,colorblue,test,num2,typenegative,singlestim,105,384509,1010390,edm,paicipantresponseblue,correct
13241,Subject249,398,suicide,77,suicide,colorblue,test,num2,typesuicide,singlestim,107,390126,1010410,edm,paicipantresponseblue,correct
13537,Subject249,448,paper,77,paper,colorblue,test,num2,typeneutral,singlestim,109,395810,1010430,edm,paicipantresponseblue,correct
13833,Subject249,455,alone,77,alone,colorblue,test,num2,typenegative,singlestim,111,401500,1010450,edm,paicipantresponseblue,correct
14129,Subject249,419,engine,67,engine,colorred,test,num2,typeneutral,singlestim,113,407149,1010470,edc,paicipantresponsered,correct