,SubjectID,rt,stimulus,keypress,word,color,block,blocknum,wordtype,trialtype,trialindex,timeelapsed,internalnodeid,keypressed,participantresponse,correctresponse
165,Subject196,303,engine,67,engine,colorred,test,num1,typeneutral,singlestim,19,66964,100010,edc,paicipantresponsered,correct
461,Subject196,433,funeral,77,funeral,colorblue,test,num1,typesuicide,singlestim,21,72472,100030,edm,paicipantresponseblue,correct
757,Subject196,577,alone,67,alone,colorred,test,num1,typenegative,singlestim,23,78108,100050,edc,paicipantresponsered,correct
1053,Subject196,482,success,67,success,colorred,test,num1,typepositive,singlestim,25,83890,100070,edc,paicipantresponsered,correct
1349,Subject196,739,suicide,67,suicide,colorred,test,num1,typesuicide,singlestim,27,89575,100090,edc,paicipantresponsered,correct
1645,Subject196,668,stupid,77,stupid,colorblue,test,num1,typenegative,singlestim,29,95519,1000110,edm,paicipantresponseblue,correct
1941,Subject196,1325,paper,77,paper,colorblue,test,num1,typeneutral,singlestim,31,101391,1000130,edm,paicipantresponseblue,correct
2237,Subject196,396,engine,77,engine,colorblue,test,num1,typeneutral,singlestim,33,107923,1000150,edm,paicipantresponseblue,correct
2533,Subject196,515,suicide,67,suicide,colorblue,test,num1,typesuicide,singlestim,35,113524,1000170,edc,paicipantresponsered,incorrect
2829,Subject196,443,stupid,67,stupid,colorred,test,num1,typenegative,singlestim,37,119242,1000190,edc,paicipantresponsered,correct
3125,Subject196,404,funeral,67,funeral,colorred,test,num1,typesuicide,singlestim,39,124890,1000210,edc,paicipantresponsered,correct
3421,Subject196,397,pleasure,67,pleasure,colorred,test,num1,typepositive,singlestim,41,130504,1000230,edc,paicipantresponsered,correct
3717,Subject196,548,happy,67,happy,colorred,test,num1,typepositive,singlestim,43,136105,1000250,edc,paicipantresponsered,correct
4013,Subject196,431,happy,67,happy,colorblue,test,num1,typepositive,singlestim,45,141858,1000270,edc,paicipantresponsered,incorrect
4309,Subject196,830,museum,77,museum,colorblue,test,num1,typeneutral,singlestim,47,147494,1000290,edm,paicipantresponseblue,correct
4605,Subject196,810,rejected,77,rejected,colorblue,test,num1,typenegative,singlestim,49,153526,1000310,edm,paicipantresponseblue,correct
4901,Subject196,835,rejected,67,rejected,colorred,test,num1,typenegative,singlestim,51,159541,1000330,edc,paicipantresponsered,correct
5197,Subject196,901,pleasure,77,pleasure,colorblue,test,num1,typepositive,singlestim,53,165579,1000350,edm,paicipantresponseblue,correct
5493,Subject196,955,paper,67,paper,colorred,test,num1,typeneutral,singlestim,55,171684,1000370,edc,paicipantresponsered,correct
5789,Subject196,734,success,77,success,colorblue,test,num1,typepositive,singlestim,57,177841,1000390,edm,paicipantresponseblue,correct
6085,Subject196,1636,dead,67,dead,colorred,test,num1,typesuicide,singlestim,59,183778,1000410,edc,paicipantresponsered,correct
6381,Subject196,1203,dead,77,dead,colorblue,test,num1,typesuicide,singlestim,61,190621,1000430,edm,paicipantresponseblue,correct
6677,Subject196,837,alone,77,alone,colorblue,test,num1,typenegative,singlestim,63,197027,1000450,edm,paicipantresponseblue,correct
6973,Subject196,1038,museum,77,museum,colorred,test,num1,typeneutral,singlestim,65,203069,1000470,edm,paicipantresponseblue,incorrect
7269,Subject196,1024,dead,77,dead,colorblue,test,num2,typesuicide,singlestim,67,209313,101010,edm,paicipantresponseblue,correct
7565,Subject196,1882,alone,77,alone,colorblue,test,num2,typenegative,singlestim,69,215541,101030,edm,paicipantresponseblue,correct
7861,Subject196,558,happy,67,happy,colorred,test,num2,typepositive,singlestim,71,222629,101050,edc,paicipantresponsered,correct
8157,Subject196,1002,rejected,77,rejected,colorblue,test,num2,typenegative,singlestim,73,228390,101070,edm,paicipantresponseblue,correct
8453,Subject196,1461,funeral,67,funeral,colorred,test,num2,typesuicide,singlestim,75,234599,101090,edc,paicipantresponsered,correct
8749,Subject196,1031,museum,77,museum,colorblue,test,num2,typeneutral,singlestim,77,241264,1010110,edm,paicipantresponseblue,correct
9045,Subject196,1079,engine,77,engine,colorblue,test,num2,typeneutral,singlestim,79,247500,1010130,edm,paicipantresponseblue,correct
9341,Subject196,783,happy,77,happy,colorblue,test,num2,typepositive,singlestim,81,253782,1010150,edm,paicipantresponseblue,correct
9637,Subject196,752,paper,67,paper,colorred,test,num2,typeneutral,singlestim,83,259767,1010170,edc,paicipantresponsered,correct
9933,Subject196,1015,paper,77,paper,colorblue,test,num2,typeneutral,singlestim,85,265724,1010190,edm,paicipantresponseblue,correct
10229,Subject196,1428,museum,67,museum,colorred,test,num2,typeneutral,singlestim,87,271943,1010210,edc,paicipantresponsered,correct
10525,Subject196,926,rejected,67,rejected,colorred,test,num2,typenegative,singlestim,89,278577,1010230,edc,paicipantresponsered,correct
10821,Subject196,730,alone,67,alone,colorred,test,num2,typenegative,singlestim,91,284707,1010250,edc,paicipantresponsered,correct
11117,Subject196,732,success,77,success,colorblue,test,num2,typepositive,singlestim,93,290642,1010270,edm,paicipantresponseblue,correct
11413,Subject196,1560,pleasure,77,pleasure,colorblue,test,num2,typepositive,singlestim,95,296580,1010290,edm,paicipantresponseblue,correct
11709,Subject196,933,suicide,77,suicide,colorblue,test,num2,typesuicide,singlestim,97,303343,1010310,edm,paicipantresponseblue,correct
12005,Subject196,1264,dead,67,dead,colorred,test,num2,typesuicide,singlestim,99,309483,1010330,edc,paicipantresponsered,correct
12301,Subject196,1844,pleasure,67,pleasure,colorred,test,num2,typepositive,singlestim,101,315952,1010350,edc,paicipantresponsered,correct
12597,Subject196,908,stupid,67,stupid,colorred,test,num2,typenegative,singlestim,103,323000,1010370,edc,paicipantresponsered,correct
12893,Subject196,880,engine,67,engine,colorred,test,num2,typeneutral,singlestim,105,329112,1010390,edc,paicipantresponsered,correct
13189,Subject196,1438,suicide,67,suicide,colorred,test,num2,typesuicide,singlestim,107,335195,1010410,edc,paicipantresponsered,correct
13485,Subject196,1266,success,67,success,colorred,test,num2,typepositive,singlestim,109,341836,1010430,edc,paicipantresponsered,correct
13781,Subject196,1295,funeral,77,funeral,colorblue,test,num2,typesuicide,singlestim,111,348306,1010450,edm,paicipantresponseblue,correct
14077,Subject196,999,stupid,77,stupid,colorblue,test,num2,typenegative,singlestim,113,354811,1010470,edm,paicipantresponseblue,correct