,SubjectID,rt,stimulus,keypress,word,color,block,blocknum,wordtype,trialtype,trialindex,timeelapsed,internalnodeid,keypressed,participantresponse,correctresponse
193,Subject225,617,stupid,67,stupid,colorred,test,num1,typenegative,singlestim,19,114853,100010,edc,paicipantresponsered,correct
489,Subject225,441,pleasure,77,pleasure,colorblue,test,num1,typepositive,singlestim,21,120506,100030,edm,paicipantresponseblue,correct
785,Subject225,541,suicide,77,suicide,colorblue,test,num1,typesuicide,singlestim,23,126256,100050,edm,paicipantresponseblue,correct
1081,Subject225,487,stupid,77,stupid,colorblue,test,num1,typenegative,singlestim,25,131954,100070,edm,paicipantresponseblue,correct
1377,Subject225,433,success,77,success,colorblue,test,num1,typepositive,singlestim,27,137598,100090,edm,paicipantresponseblue,correct
1673,Subject225,376,rejected,77,rejected,colorblue,test,num1,typenegative,singlestim,29,143187,1000110,edm,paicipantresponseblue,correct
1969,Subject225,519,paper,77,paper,colorblue,test,num1,typeneutral,singlestim,31,148919,1000130,edm,paicipantresponseblue,correct
2265,Subject225,520,engine,67,engine,colorred,test,num1,typeneutral,singlestim,33,154647,1000150,edc,paicipantresponsered,correct
2561,Subject225,1162,success,67,success,colorred,test,num1,typepositive,singlestim,35,161023,1000170,edc,paicipantresponsered,correct
2857,Subject225,479,alone,77,alone,colorblue,test,num1,typenegative,singlestim,37,166715,1000190,edm,paicipantresponseblue,correct
3153,Subject225,541,happy,77,happy,colorblue,test,num1,typepositive,singlestim,39,172469,1000210,edm,paicipantresponseblue,correct
3449,Subject225,547,paper,67,paper,colorred,test,num1,typeneutral,singlestim,41,178230,1000230,edc,paicipantresponsered,correct
3745,Subject225,420,suicide,67,suicide,colorred,test,num1,typesuicide,singlestim,43,183862,1000250,edc,paicipantresponsered,correct
4041,Subject225,379,funeral,77,funeral,colorblue,test,num1,typesuicide,singlestim,45,189453,1000270,edm,paicipantresponseblue,correct
4337,Subject225,403,museum,77,museum,colorblue,test,num1,typeneutral,singlestim,47,195064,1000290,edm,paicipantresponseblue,correct
4633,Subject225,510,pleasure,67,pleasure,colorred,test,num1,typepositive,singlestim,49,200785,1000310,edc,paicipantresponsered,correct
4929,Subject225,438,dead,77,dead,colorblue,test,num1,typesuicide,singlestim,51,206434,1000330,edm,paicipantresponseblue,correct
5225,Subject225,501,engine,77,engine,colorblue,test,num1,typeneutral,singlestim,53,212148,1000350,edm,paicipantresponseblue,correct
5521,Subject225,482,rejected,67,rejected,colorred,test,num1,typenegative,singlestim,55,217843,1000370,edc,paicipantresponsered,correct
5817,Subject225,502,happy,67,happy,colorred,test,num1,typepositive,singlestim,57,223557,1000390,edc,paicipantresponsered,correct
6113,Subject225,869,museum,67,museum,colorred,test,num1,typeneutral,singlestim,59,229637,1000410,edc,paicipantresponsered,correct
6409,Subject225,505,dead,67,dead,colorred,test,num1,typesuicide,singlestim,61,235354,1000430,edc,paicipantresponsered,correct
6705,Subject225,578,funeral,67,funeral,colorred,test,num1,typesuicide,singlestim,63,241144,1000450,edc,paicipantresponsered,correct
7001,Subject225,521,alone,67,alone,colorred,test,num1,typenegative,singlestim,65,246877,1000470,edc,paicipantresponsered,correct
7297,Subject225,462,museum,77,museum,colorblue,test,num2,typeneutral,singlestim,67,252552,101010,edm,paicipantresponseblue,correct
7593,Subject225,393,suicide,77,suicide,colorblue,test,num2,typesuicide,singlestim,69,258154,101030,edm,paicipantresponseblue,correct
7889,Subject225,404,paper,77,paper,colorblue,test,num2,typeneutral,singlestim,71,263768,101050,edm,paicipantresponseblue,correct
8185,Subject225,548,funeral,67,funeral,colorred,test,num2,typesuicide,singlestim,73,269528,101070,edc,paicipantresponsered,correct
8481,Subject225,423,alone,77,alone,colorblue,test,num2,typenegative,singlestim,75,275162,101090,edm,paicipantresponseblue,correct
8777,Subject225,528,pleasure,77,pleasure,colorblue,test,num2,typepositive,singlestim,77,280906,1010110,edm,paicipantresponseblue,correct
9073,Subject225,456,engine,67,engine,colorred,test,num2,typeneutral,singlestim,79,286571,1010130,edc,paicipantresponsered,correct
9369,Subject225,427,alone,67,alone,colorred,test,num2,typenegative,singlestim,81,292207,1010150,edc,paicipantresponsered,correct
9665,Subject225,403,suicide,67,suicide,colorred,test,num2,typesuicide,singlestim,83,297822,1010170,edc,paicipantresponsered,correct
9961,Subject225,582,stupid,67,stupid,colorred,test,num2,typenegative,singlestim,85,303617,1010190,edc,paicipantresponsered,correct
10257,Subject225,400,engine,77,engine,colorblue,test,num2,typeneutral,singlestim,87,309230,1010210,edm,paicipantresponseblue,correct
10553,Subject225,454,success,67,success,colorred,test,num2,typepositive,singlestim,89,314897,1010230,edc,paicipantresponsered,correct
10849,Subject225,605,rejected,67,rejected,colorred,test,num2,typenegative,singlestim,91,320712,1010250,edc,paicipantresponsered,correct
11145,Subject225,406,success,77,success,colorblue,test,num2,typepositive,singlestim,93,326330,1010270,edm,paicipantresponseblue,correct
11441,Subject225,359,museum,67,museum,colorred,test,num2,typeneutral,singlestim,95,331902,1010290,edc,paicipantresponsered,correct
11737,Subject225,518,dead,77,dead,colorblue,test,num2,typesuicide,singlestim,97,337631,1010310,edm,paicipantresponseblue,correct
12033,Subject225,407,stupid,77,stupid,colorblue,test,num2,typenegative,singlestim,99,343249,1010330,edm,paicipantresponseblue,correct
12329,Subject225,390,paper,67,paper,colorred,test,num2,typeneutral,singlestim,101,348849,1010350,edc,paicipantresponsered,correct
12625,Subject225,523,rejected,77,rejected,colorblue,test,num2,typenegative,singlestim,103,354586,1010370,edm,paicipantresponseblue,correct
12921,Subject225,401,funeral,77,funeral,colorblue,test,num2,typesuicide,singlestim,105,360198,1010390,edm,paicipantresponseblue,correct
13217,Subject225,489,pleasure,67,pleasure,colorred,test,num2,typepositive,singlestim,107,365900,1010410,edc,paicipantresponsered,correct
13513,Subject225,406,happy,67,happy,colorred,test,num2,typepositive,singlestim,109,371516,1010430,edc,paicipantresponsered,correct
13809,Subject225,532,dead,67,dead,colorred,test,num2,typesuicide,singlestim,111,377256,1010450,edc,paicipantresponsered,correct
14105,Subject225,349,happy,77,happy,colorblue,test,num2,typepositive,singlestim,113,382816,1010470,edm,paicipantresponseblue,correct