,SubjectID,rt,stimulus,keypress,word,color,block,blocknum,wordtype,trialtype,trialindex,timeelapsed,internalnodeid,keypressed,participantresponse,correctresponse
26,Subject27,514,happy,77,happy,colorblue,test,num1,typepositive,singlestim,19,169142,100010,edm,paicipantresponseblue,correct
322,Subject27,474,success,77,success,colorblue,test,num1,typepositive,singlestim,21,174822,100030,edm,paicipantresponseblue,correct
618,Subject27,374,paper,67,paper,colorred,test,num1,typeneutral,singlestim,23,180407,100050,edc,paicipantresponsered,correct
914,Subject27,621,rejected,67,rejected,colorred,test,num1,typenegative,singlestim,25,186233,100070,edc,paicipantresponsered,correct
1210,Subject27,369,alone,77,alone,colorblue,test,num1,typenegative,singlestim,27,191809,100090,edm,paicipantresponseblue,correct
1506,Subject27,449,funeral,77,funeral,colorblue,test,num1,typesuicide,singlestim,29,197469,1000110,edm,paicipantresponseblue,correct
1802,Subject27,434,rejected,77,rejected,colorblue,test,num1,typenegative,singlestim,31,203110,1000130,edm,paicipantresponseblue,correct
2098,Subject27,447,funeral,67,funeral,colorred,test,num1,typesuicide,singlestim,33,208767,1000150,edc,paicipantresponsered,correct
2394,Subject27,448,stupid,67,stupid,colorred,test,num1,typenegative,singlestim,35,214426,1000170,edc,paicipantresponsered,correct
2690,Subject27,443,alone,67,alone,colorred,test,num1,typenegative,singlestim,37,220080,1000190,edc,paicipantresponsered,correct
2986,Subject27,517,stupid,77,stupid,colorblue,test,num1,typenegative,singlestim,39,225803,1000210,edm,paicipantresponseblue,correct
3282,Subject27,589,happy,67,happy,colorred,test,num1,typepositive,singlestim,41,231606,1000230,edc,paicipantresponsered,correct
3578,Subject27,426,dead,77,dead,colorblue,test,num1,typesuicide,singlestim,43,237243,1000250,edm,paicipantresponseblue,correct
3874,Subject27,526,pleasure,67,pleasure,colorred,test,num1,typepositive,singlestim,45,242977,1000270,edc,paicipantresponsered,correct
4170,Subject27,496,success,77,success,colorred,test,num1,typepositive,singlestim,47,248682,1000290,edm,paicipantresponseblue,incorrect
4466,Subject27,524,dead,67,dead,colorred,test,num1,typesuicide,singlestim,49,254417,1000310,edc,paicipantresponsered,correct
4762,Subject27,610,museum,77,museum,colorblue,test,num1,typeneutral,singlestim,51,260235,1000330,edm,paicipantresponseblue,correct
5058,Subject27,671,engine,77,engine,colorblue,test,num1,typeneutral,singlestim,53,266116,1000350,edm,paicipantresponseblue,correct
5354,Subject27,537,pleasure,77,pleasure,colorblue,test,num1,typepositive,singlestim,55,271864,1000370,edm,paicipantresponseblue,correct
5650,Subject27,530,museum,67,museum,colorred,test,num1,typeneutral,singlestim,57,277601,1000390,edc,paicipantresponsered,correct
5946,Subject27,593,engine,67,engine,colorred,test,num1,typeneutral,singlestim,59,283401,1000410,edc,paicipantresponsered,correct
6242,Subject27,640,paper,77,paper,colorblue,test,num1,typeneutral,singlestim,61,289249,1000430,edm,paicipantresponseblue,correct
6538,Subject27,532,suicide,67,suicide,colorred,test,num1,typesuicide,singlestim,63,294989,1000450,edc,paicipantresponsered,correct
6834,Subject27,949,suicide,77,suicide,colorblue,test,num1,typesuicide,singlestim,65,301151,1000470,edm,paicipantresponseblue,correct
7130,Subject27,488,dead,77,dead,colorblue,test,num2,typesuicide,singlestim,67,306849,101010,edm,paicipantresponseblue,correct
7426,Subject27,628,alone,77,alone,colorblue,test,num2,typenegative,singlestim,69,312683,101030,edm,paicipantresponseblue,correct
7722,Subject27,567,museum,67,museum,colorred,test,num2,typeneutral,singlestim,71,318456,101050,edc,paicipantresponsered,correct
8018,Subject27,652,funeral,67,funeral,colorred,test,num2,typesuicide,singlestim,73,324316,101070,edc,paicipantresponsered,correct
8314,Subject27,667,engine,67,engine,colorred,test,num2,typeneutral,singlestim,75,330194,101090,edc,paicipantresponsered,correct
8610,Subject27,552,pleasure,77,pleasure,colorblue,test,num2,typepositive,singlestim,77,335955,1010110,edm,paicipantresponseblue,correct
8906,Subject27,527,museum,77,museum,colorblue,test,num2,typeneutral,singlestim,79,341690,1010130,edm,paicipantresponseblue,correct
9202,Subject27,621,suicide,67,suicide,colorred,test,num2,typesuicide,singlestim,81,347518,1010150,edc,paicipantresponsered,correct
9498,Subject27,754,paper,67,paper,colorred,test,num2,typeneutral,singlestim,83,353478,1010170,edc,paicipantresponsered,correct
9794,Subject27,762,happy,67,happy,colorred,test,num2,typepositive,singlestim,85,359449,1010190,edc,paicipantresponsered,correct
10090,Subject27,500,alone,67,alone,colorred,test,num2,typenegative,singlestim,87,365159,1010210,edc,paicipantresponsered,correct
10386,Subject27,406,paper,77,paper,colorblue,test,num2,typeneutral,singlestim,89,370771,1010230,edm,paicipantresponseblue,correct
10682,Subject27,679,engine,77,engine,colorblue,test,num2,typeneutral,singlestim,91,376656,1010250,edm,paicipantresponseblue,correct
10978,Subject27,366,suicide,77,suicide,colorblue,test,num2,typesuicide,singlestim,93,382233,1010270,edm,paicipantresponseblue,correct
11274,Subject27,585,rejected,67,rejected,colorred,test,num2,typenegative,singlestim,95,388022,1010290,edc,paicipantresponsered,correct
11570,Subject27,391,happy,77,happy,colorblue,test,num2,typepositive,singlestim,97,393617,1010310,edm,paicipantresponseblue,correct
11866,Subject27,437,rejected,77,rejected,colorblue,test,num2,typenegative,singlestim,99,399264,1010330,edm,paicipantresponseblue,correct
12162,Subject27,500,funeral,77,funeral,colorblue,test,num2,typesuicide,singlestim,101,404971,1010350,edm,paicipantresponseblue,correct
12458,Subject27,517,success,67,success,colorred,test,num2,typepositive,singlestim,103,410692,1010370,edc,paicipantresponsered,correct
12754,Subject27,458,success,77,success,colorblue,test,num2,typepositive,singlestim,105,416360,1010390,edm,paicipantresponseblue,correct
13050,Subject27,428,stupid,67,stupid,colorred,test,num2,typenegative,singlestim,107,421998,1010410,edc,paicipantresponsered,correct
13346,Subject27,525,dead,67,dead,colorred,test,num2,typesuicide,singlestim,109,427730,1010430,edc,paicipantresponsered,correct
13642,Subject27,492,pleasure,67,pleasure,colorred,test,num2,typepositive,singlestim,111,433427,1010450,edc,paicipantresponsered,correct
13938,Subject27,455,stupid,77,stupid,colorblue,test,num2,typenegative,singlestim,113,439089,1010470,edm,paicipantresponseblue,correct