,SubjectID,rt,stimulus,keypress,word,color,block,blocknum,wordtype,trialtype,trialindex,timeelapsed,internalnodeid,keypressed,participantresponse,correctresponse
218,Subject250,416,happy,77,happy,colorblue,test,num1,typepositive,singlestim,19,63119,100010,edm,paicipantresponseblue,correct
514,Subject250,416,stupid,77,stupid,colorblue,test,num1,typenegative,singlestim,21,68743,100030,edm,paicipantresponseblue,correct
810,Subject250,463,engine,77,engine,colorblue,test,num1,typeneutral,singlestim,23,74416,100050,edm,paicipantresponseblue,correct
1106,Subject250,478,paper,77,paper,colorblue,test,num1,typeneutral,singlestim,25,80106,100070,edm,paicipantresponseblue,correct
1402,Subject250,397,happy,67,happy,colorred,test,num1,typepositive,singlestim,27,85714,100090,edc,paicipantresponsered,correct
1698,Subject250,440,rejected,77,rejected,colorblue,test,num1,typenegative,singlestim,29,91365,1000110,edm,paicipantresponseblue,correct
1994,Subject250,439,suicide,77,suicide,colorblue,test,num1,typesuicide,singlestim,31,97015,1000130,edm,paicipantresponseblue,correct
2290,Subject250,557,pleasure,67,pleasure,colorred,test,num1,typepositive,singlestim,33,102783,1000150,edc,paicipantresponsered,correct
2586,Subject250,481,dead,67,dead,colorred,test,num1,typesuicide,singlestim,35,108475,1000170,edc,paicipantresponsered,correct
2882,Subject250,428,paper,67,paper,colorred,test,num1,typeneutral,singlestim,37,114116,1000190,edc,paicipantresponsered,correct
3178,Subject250,534,dead,77,dead,colorblue,test,num1,typesuicide,singlestim,39,119862,1000210,edm,paicipantresponseblue,correct
3474,Subject250,518,success,67,success,colorred,test,num1,typepositive,singlestim,41,125592,1000230,edc,paicipantresponsered,correct
3770,Subject250,455,stupid,67,stupid,colorred,test,num1,typenegative,singlestim,43,131259,1000250,edc,paicipantresponsered,correct
4066,Subject250,368,funeral,77,funeral,colorblue,test,num1,typesuicide,singlestim,45,136836,1000270,edm,paicipantresponseblue,correct
4362,Subject250,402,alone,77,alone,colorblue,test,num1,typenegative,singlestim,47,142448,1000290,edm,paicipantresponseblue,correct
4658,Subject250,408,pleasure,77,pleasure,colorblue,test,num1,typepositive,singlestim,49,148067,1000310,edm,paicipantresponseblue,correct
4954,Subject250,445,funeral,67,funeral,colorred,test,num1,typesuicide,singlestim,51,153721,1000330,edc,paicipantresponsered,correct
5250,Subject250,547,alone,77,alone,colorred,test,num1,typenegative,singlestim,53,159481,1000350,edm,paicipantresponseblue,incorrect
5546,Subject250,557,suicide,67,suicide,colorred,test,num1,typesuicide,singlestim,55,165250,1000370,edc,paicipantresponsered,correct
5842,Subject250,509,museum,67,museum,colorred,test,num1,typeneutral,singlestim,57,170970,1000390,edc,paicipantresponsered,correct
6138,Subject250,437,rejected,67,rejected,colorred,test,num1,typenegative,singlestim,59,176615,1000410,edc,paicipantresponsered,correct
6434,Subject250,476,museum,77,museum,colorblue,test,num1,typeneutral,singlestim,61,182302,1000430,edm,paicipantresponseblue,correct
6730,Subject250,466,engine,67,engine,colorred,test,num1,typeneutral,singlestim,63,187981,1000450,edc,paicipantresponsered,correct
7026,Subject250,441,success,77,success,colorblue,test,num1,typepositive,singlestim,65,193631,1000470,edm,paicipantresponseblue,correct
7322,Subject250,649,paper,77,paper,colorblue,test,num2,typeneutral,singlestim,67,199492,101010,edm,paicipantresponseblue,correct
7618,Subject250,514,dead,67,dead,colorred,test,num2,typesuicide,singlestim,69,205220,101030,edc,paicipantresponsered,correct
7914,Subject250,555,funeral,67,funeral,colorred,test,num2,typesuicide,singlestim,71,210983,101050,edc,paicipantresponsered,correct
8210,Subject250,870,engine,77,engine,colorblue,test,num2,typeneutral,singlestim,73,217067,101070,edm,paicipantresponseblue,correct
8506,Subject250,507,suicide,77,suicide,colorblue,test,num2,typesuicide,singlestim,75,222786,101090,edm,paicipantresponseblue,correct
8802,Subject250,475,rejected,67,rejected,colorred,test,num2,typenegative,singlestim,77,228473,1010110,edc,paicipantresponsered,correct
9098,Subject250,514,happy,77,happy,colorblue,test,num2,typepositive,singlestim,79,234200,1010130,edm,paicipantresponseblue,correct
9394,Subject250,492,paper,67,paper,colorred,test,num2,typeneutral,singlestim,81,239906,1010150,edc,paicipantresponsered,correct
9690,Subject250,380,stupid,77,stupid,colorblue,test,num2,typenegative,singlestim,83,245493,1010170,edm,paicipantresponseblue,correct
9986,Subject250,490,alone,67,alone,colorred,test,num2,typenegative,singlestim,85,251194,1010190,edc,paicipantresponsered,correct
10282,Subject250,548,pleasure,77,pleasure,colorblue,test,num2,typepositive,singlestim,87,256957,1010210,edm,paicipantresponseblue,correct
10578,Subject250,494,stupid,67,stupid,colorred,test,num2,typenegative,singlestim,89,262659,1010230,edc,paicipantresponsered,correct
10874,Subject250,395,rejected,77,rejected,colorblue,test,num2,typenegative,singlestim,91,268267,1010250,edm,paicipantresponseblue,correct
11170,Subject250,457,funeral,77,funeral,colorblue,test,num2,typesuicide,singlestim,93,273935,1010270,edm,paicipantresponseblue,correct
11466,Subject250,449,engine,67,engine,colorred,test,num2,typeneutral,singlestim,95,279592,1010290,edc,paicipantresponsered,correct
11762,Subject250,475,success,67,success,colorred,test,num2,typepositive,singlestim,97,285278,1010310,edc,paicipantresponsered,correct
12058,Subject250,518,success,77,success,colorblue,test,num2,typepositive,singlestim,99,291007,1010330,edm,paicipantresponseblue,correct
12354,Subject250,498,dead,77,dead,colorblue,test,num2,typesuicide,singlestim,101,296718,1010350,edm,paicipantresponseblue,correct
12650,Subject250,471,museum,77,museum,colorblue,test,num2,typeneutral,singlestim,103,302400,1010370,edm,paicipantresponseblue,correct
12946,Subject250,487,pleasure,67,pleasure,colorred,test,num2,typepositive,singlestim,105,308097,1010390,edc,paicipantresponsered,correct
13242,Subject250,630,museum,67,museum,colorred,test,num2,typeneutral,singlestim,107,313941,1010410,edc,paicipantresponsered,correct
13538,Subject250,587,suicide,67,suicide,colorred,test,num2,typesuicide,singlestim,109,319742,1010430,edc,paicipantresponsered,correct
13834,Subject250,474,happy,67,happy,colorred,test,num2,typepositive,singlestim,111,325428,1010450,edc,paicipantresponsered,correct
14130,Subject250,447,alone,77,alone,colorblue,test,num2,typenegative,singlestim,113,331089,1010470,edm,paicipantresponseblue,correct