,SubjectID,rt,stimulus,keypress,word,color,block,blocknum,wordtype,trialtype,trialindex,timeelapsed,internalnodeid,keypressed,participantresponse,correctresponse
226,Subject258,560,funeral,77,funeral,colorblue,test,num1,typesuicide,singlestim,19,61174,100010,edm,paicipantresponseblue,correct
522,Subject258,563,happy,67,happy,colorred,test,num1,typepositive,singlestim,21,66947,100030,edc,paicipantresponsered,correct
818,Subject258,577,pleasure,67,pleasure,colorred,test,num1,typepositive,singlestim,23,72738,100050,edc,paicipantresponsered,correct
1114,Subject258,501,dead,77,dead,colorblue,test,num1,typesuicide,singlestim,25,78450,100070,edm,paicipantresponseblue,correct
1410,Subject258,592,rejected,67,rejected,colorred,test,num1,typenegative,singlestim,27,84254,100090,edc,paicipantresponsered,correct
1706,Subject258,627,museum,77,museum,colorblue,test,num1,typeneutral,singlestim,29,90092,1000110,edm,paicipantresponseblue,correct
2002,Subject258,576,stupid,67,stupid,colorred,test,num1,typenegative,singlestim,31,95881,1000130,edc,paicipantresponsered,correct
2298,Subject258,628,suicide,67,suicide,colorred,test,num1,typesuicide,singlestim,33,101720,1000150,edc,paicipantresponsered,correct
2594,Subject258,532,paper,67,paper,colorred,test,num1,typeneutral,singlestim,35,107465,1000170,edc,paicipantresponsered,correct
2890,Subject258,640,rejected,77,rejected,colorblue,test,num1,typenegative,singlestim,37,113315,1000190,edm,paicipantresponseblue,correct
3186,Subject258,487,success,67,success,colorred,test,num1,typepositive,singlestim,39,119008,1000210,edc,paicipantresponsered,correct
3482,Subject258,596,museum,67,museum,colorred,test,num1,typeneutral,singlestim,41,124814,1000230,edc,paicipantresponsered,correct
3778,Subject258,467,alone,77,alone,colorblue,test,num1,typenegative,singlestim,43,130491,1000250,edm,paicipantresponseblue,correct
4074,Subject258,674,alone,67,alone,colorred,test,num1,typenegative,singlestim,45,136369,1000270,edc,paicipantresponsered,correct
4370,Subject258,656,funeral,67,funeral,colorred,test,num1,typesuicide,singlestim,47,142234,1000290,edc,paicipantresponsered,correct
4666,Subject258,521,dead,67,dead,colorred,test,num1,typesuicide,singlestim,49,147967,1000310,edc,paicipantresponsered,correct
4962,Subject258,486,engine,67,engine,colorred,test,num1,typeneutral,singlestim,51,153664,1000330,edc,paicipantresponsered,correct
5258,Subject258,557,suicide,77,suicide,colorblue,test,num1,typesuicide,singlestim,53,159435,1000350,edm,paicipantresponseblue,correct
5554,Subject258,580,happy,77,happy,colorblue,test,num1,typepositive,singlestim,55,165223,1000370,edm,paicipantresponseblue,correct
5850,Subject258,495,pleasure,77,pleasure,colorblue,test,num1,typepositive,singlestim,57,170929,1000390,edm,paicipantresponseblue,correct
6146,Subject258,500,engine,77,engine,colorblue,test,num1,typeneutral,singlestim,59,176640,1000410,edm,paicipantresponseblue,correct
6442,Subject258,547,paper,77,paper,colorblue,test,num1,typeneutral,singlestim,61,182397,1000430,edm,paicipantresponseblue,correct
6738,Subject258,527,success,77,success,colorblue,test,num1,typepositive,singlestim,63,188132,1000450,edm,paicipantresponseblue,correct
7034,Subject258,652,stupid,77,stupid,colorblue,test,num1,typenegative,singlestim,65,193992,1000470,edm,paicipantresponseblue,correct
7330,Subject258,805,engine,67,engine,colorred,test,num2,typeneutral,singlestim,67,200009,101010,edc,paicipantresponsered,correct
7626,Subject258,708,funeral,77,funeral,colorblue,test,num2,typesuicide,singlestim,69,205929,101030,edm,paicipantresponseblue,correct
7922,Subject258,507,happy,77,happy,colorblue,test,num2,typepositive,singlestim,71,211646,101050,edm,paicipantresponseblue,correct
8218,Subject258,481,suicide,77,suicide,colorblue,test,num2,typesuicide,singlestim,73,217339,101070,edm,paicipantresponseblue,correct
8514,Subject258,427,suicide,67,suicide,colorred,test,num2,typesuicide,singlestim,75,222978,101090,edc,paicipantresponsered,correct
8810,Subject258,438,engine,77,engine,colorblue,test,num2,typeneutral,singlestim,77,228621,1010110,edm,paicipantresponseblue,correct
9106,Subject258,529,alone,77,alone,colorblue,test,num2,typenegative,singlestim,79,234360,1010130,edm,paicipantresponseblue,correct
9402,Subject258,534,funeral,67,funeral,colorred,test,num2,typesuicide,singlestim,81,240104,1010150,edc,paicipantresponsered,correct
9698,Subject258,437,dead,67,dead,colorred,test,num2,typesuicide,singlestim,83,245751,1010170,edc,paicipantresponsered,correct
9994,Subject258,471,stupid,67,stupid,colorred,test,num2,typenegative,singlestim,85,251428,1010190,edc,paicipantresponsered,correct
10290,Subject258,601,rejected,67,rejected,colorred,test,num2,typenegative,singlestim,87,257239,1010210,edc,paicipantresponsered,correct
10586,Subject258,499,success,77,success,colorblue,test,num2,typepositive,singlestim,89,262945,1010230,edm,paicipantresponseblue,correct
10882,Subject258,665,stupid,77,stupid,colorblue,test,num2,typenegative,singlestim,91,268821,1010250,edm,paicipantresponseblue,correct
11178,Subject258,479,pleasure,77,pleasure,colorblue,test,num2,typepositive,singlestim,93,274513,1010270,edm,paicipantresponseblue,correct
11474,Subject258,539,alone,67,alone,colorred,test,num2,typenegative,singlestim,95,280265,1010290,edc,paicipantresponsered,correct
11770,Subject258,627,rejected,77,rejected,colorblue,test,num2,typenegative,singlestim,97,286107,1010310,edm,paicipantresponseblue,correct
12066,Subject258,752,dead,77,dead,colorblue,test,num2,typesuicide,singlestim,99,292068,1010330,edm,paicipantresponseblue,correct
12362,Subject258,485,paper,77,paper,colorblue,test,num2,typeneutral,singlestim,101,297761,1010350,edm,paicipantresponseblue,correct
12658,Subject258,495,success,67,success,colorred,test,num2,typepositive,singlestim,103,303467,1010370,edc,paicipantresponsered,correct
12954,Subject258,413,museum,77,museum,colorblue,test,num2,typeneutral,singlestim,105,309091,1010390,edm,paicipantresponseblue,correct
13250,Subject258,510,museum,67,museum,colorred,test,num2,typeneutral,singlestim,107,314814,1010410,edc,paicipantresponsered,correct
13546,Subject258,498,pleasure,67,pleasure,colorred,test,num2,typepositive,singlestim,109,320523,1010430,edc,paicipantresponsered,correct
13842,Subject258,590,paper,67,paper,colorred,test,num2,typeneutral,singlestim,111,326321,1010450,edc,paicipantresponsered,correct
14138,Subject258,476,happy,67,happy,colorred,test,num2,typepositive,singlestim,113,332011,1010470,edc,paicipantresponsered,correct