,SubjectID,rt,stimulus,keypress,word,color,block,blocknum,wordtype,trialtype,trialindex,timeelapsed,internalnodeid,keypressed,participantresponse,correctresponse
250,Subject284,307,museum,77,museum,colorblue,test,num1,typeneutral,singlestim,19,86414,100010,edm,paicipantresponseblue,correct
546,Subject284,345,rejected,67,rejected,colorred,test,num1,typenegative,singlestim,21,91930,100030,edc,paicipantresponsered,correct
842,Subject284,298,stupid,77,stupid,colorblue,test,num1,typenegative,singlestim,23,97485,100050,edm,paicipantresponseblue,correct
1138,Subject284,354,suicide,77,suicide,colorblue,test,num1,typesuicide,singlestim,25,102994,100070,edm,paicipantresponseblue,correct
1434,Subject284,359,dead,77,dead,colorblue,test,num1,typesuicide,singlestim,27,108553,100090,edm,paicipantresponseblue,correct
1730,Subject284,316,paper,67,paper,colorred,test,num1,typeneutral,singlestim,29,114126,1000110,edc,paicipantresponsered,correct
2026,Subject284,344,alone,67,alone,colorred,test,num1,typenegative,singlestim,31,119648,1000130,edc,paicipantresponsered,correct
2322,Subject284,293,pleasure,77,pleasure,colorblue,test,num1,typepositive,singlestim,33,125195,1000150,edm,paicipantresponseblue,correct
2618,Subject284,302,funeral,67,funeral,colorred,test,num1,typesuicide,singlestim,35,130694,1000170,edc,paicipantresponsered,correct
2914,Subject284,361,pleasure,67,pleasure,colorred,test,num1,typepositive,singlestim,37,136206,1000190,edc,paicipantresponsered,correct
3210,Subject284,387,museum,67,museum,colorred,test,num1,typeneutral,singlestim,39,141773,1000210,edc,paicipantresponsered,correct
3506,Subject284,356,happy,77,happy,colorblue,test,num1,typepositive,singlestim,41,147366,1000230,edm,paicipantresponseblue,correct
3802,Subject284,367,paper,77,paper,colorblue,test,num1,typeneutral,singlestim,43,152930,1000250,edm,paicipantresponseblue,correct
4098,Subject284,440,happy,77,happy,colorred,test,num1,typepositive,singlestim,45,158507,1000270,edm,paicipantresponseblue,incorrect
4394,Subject284,336,success,67,success,colorred,test,num1,typepositive,singlestim,47,164154,1000290,edc,paicipantresponsered,correct
4690,Subject284,413,dead,67,dead,colorred,test,num1,typesuicide,singlestim,49,169700,1000310,edc,paicipantresponsered,correct
4986,Subject284,362,suicide,67,suicide,colorred,test,num1,typesuicide,singlestim,51,175322,1000330,edc,paicipantresponsered,correct
5282,Subject284,451,alone,77,alone,colorblue,test,num1,typenegative,singlestim,53,180897,1000350,edm,paicipantresponseblue,correct
5578,Subject284,354,funeral,77,funeral,colorblue,test,num1,typesuicide,singlestim,55,186564,1000370,edm,paicipantresponseblue,correct
5874,Subject284,472,rejected,77,rejected,colorblue,test,num1,typenegative,singlestim,57,192127,1000390,edm,paicipantresponseblue,correct
6170,Subject284,334,engine,67,engine,colorred,test,num1,typeneutral,singlestim,59,197809,1000410,edc,paicipantresponsered,correct
6466,Subject284,355,stupid,67,stupid,colorred,test,num1,typenegative,singlestim,61,203356,1000430,edc,paicipantresponsered,correct
6762,Subject284,347,engine,77,engine,colorblue,test,num1,typeneutral,singlestim,63,208922,1000450,edm,paicipantresponseblue,correct
7058,Subject284,301,success,77,success,colorblue,test,num1,typepositive,singlestim,65,214485,1000470,edm,paicipantresponseblue,correct
7354,Subject284,352,dead,67,dead,colorred,test,num2,typesuicide,singlestim,67,219997,101010,edc,paicipantresponsered,correct
7650,Subject284,326,success,67,success,colorred,test,num2,typepositive,singlestim,69,225564,101030,edc,paicipantresponsered,correct
7946,Subject284,339,dead,77,dead,colorblue,test,num2,typesuicide,singlestim,71,231099,101050,edm,paicipantresponseblue,correct
8242,Subject284,346,museum,67,museum,colorred,test,num2,typeneutral,singlestim,73,236651,101070,edc,paicipantresponsered,correct
8538,Subject284,360,happy,77,happy,colorblue,test,num2,typepositive,singlestim,75,242209,101090,edm,paicipantresponseblue,correct
8834,Subject284,295,stupid,77,stupid,colorblue,test,num2,typenegative,singlestim,77,247781,1010110,edm,paicipantresponseblue,correct
9130,Subject284,390,rejected,67,rejected,colorred,test,num2,typenegative,singlestim,79,253286,1010130,edc,paicipantresponsered,correct
9426,Subject284,374,happy,67,happy,colorred,test,num2,typepositive,singlestim,81,258886,1010150,edc,paicipantresponsered,correct
9722,Subject284,348,engine,77,engine,colorblue,test,num2,typeneutral,singlestim,83,264471,1010170,edm,paicipantresponseblue,correct
10018,Subject284,362,museum,77,museum,colorblue,test,num2,typeneutral,singlestim,85,270029,1010190,edm,paicipantresponseblue,correct
10314,Subject284,327,pleasure,67,pleasure,colorred,test,num2,typepositive,singlestim,87,275602,1010210,edc,paicipantresponsered,correct
10610,Subject284,387,funeral,77,funeral,colorblue,test,num2,typesuicide,singlestim,89,281138,1010230,edm,paicipantresponseblue,correct
10906,Subject284,351,engine,67,engine,colorred,test,num2,typeneutral,singlestim,91,286739,1010250,edc,paicipantresponsered,correct
11202,Subject284,276,stupid,67,stupid,colorred,test,num2,typenegative,singlestim,93,292303,1010270,edc,paicipantresponsered,correct
11498,Subject284,360,paper,67,paper,colorred,test,num2,typeneutral,singlestim,95,297791,1010290,edc,paicipantresponsered,correct
11794,Subject284,299,paper,77,paper,colorblue,test,num2,typeneutral,singlestim,97,303360,1010310,edm,paicipantresponseblue,correct
12090,Subject284,541,funeral,67,funeral,colorred,test,num2,typesuicide,singlestim,99,308869,1010330,edc,paicipantresponsered,correct
12386,Subject284,354,pleasure,77,pleasure,colorblue,test,num2,typepositive,singlestim,101,314622,1010350,edm,paicipantresponseblue,correct
12682,Subject284,402,alone,67,alone,colorred,test,num2,typenegative,singlestim,103,320186,1010370,edc,paicipantresponsered,correct
12978,Subject284,313,suicide,67,suicide,colorred,test,num2,typesuicide,singlestim,105,325801,1010390,edc,paicipantresponsered,correct
13274,Subject284,351,success,77,success,colorblue,test,num2,typepositive,singlestim,107,331322,1010410,edm,paicipantresponseblue,correct
13570,Subject284,368,alone,77,alone,colorblue,test,num2,typenegative,singlestim,109,336884,1010430,edm,paicipantresponseblue,correct
13866,Subject284,355,rejected,77,rejected,colorblue,test,num2,typenegative,singlestim,111,342464,1010450,edm,paicipantresponseblue,correct
14162,Subject284,1001,suicide,77,suicide,colorblue,test,num2,typesuicide,singlestim,113,348029,1010470,edm,paicipantresponseblue,correct