,SubjectID,rt,stimulus,keypress,word,color,block,blocknum,wordtype,trialtype,trialindex,timeelapsed,internalnodeid,keypressed,participantresponse,correctresponse
128,Subject138,1038,alone,77,alone,colorblue,test,num1,typenegative,singlestim,19,70793,100010,edm,paicipantresponseblue,correct
424,Subject138,661,museum,77,museum,colorblue,test,num1,typeneutral,singlestim,21,76664,100030,edm,paicipantresponseblue,correct
720,Subject138,454,pleasure,67,pleasure,colorred,test,num1,typepositive,singlestim,23,82326,100050,edc,paicipantresponsered,correct
1016,Subject138,491,funeral,67,funeral,colorred,test,num1,typesuicide,singlestim,25,88023,100070,edc,paicipantresponsered,correct
1312,Subject138,685,suicide,67,suicide,colorred,test,num1,typesuicide,singlestim,27,93917,100090,edc,paicipantresponsered,correct
1608,Subject138,378,happy,77,happy,colorblue,test,num1,typepositive,singlestim,29,99502,1000110,edm,paicipantresponseblue,correct
1904,Subject138,451,museum,67,museum,colorred,test,num1,typeneutral,singlestim,31,105162,1000130,edc,paicipantresponsered,correct
2200,Subject138,422,alone,67,alone,colorred,test,num1,typenegative,singlestim,33,110794,1000150,edc,paicipantresponsered,correct
2496,Subject138,382,engine,67,engine,colorred,test,num1,typeneutral,singlestim,35,116382,1000170,edc,paicipantresponsered,correct
2792,Subject138,352,happy,67,happy,colorred,test,num1,typepositive,singlestim,37,121944,1000190,edc,paicipantresponsered,correct
3088,Subject138,332,rejected,67,rejected,colorred,test,num1,typenegative,singlestim,39,127487,1000210,edc,paicipantresponsered,correct
3384,Subject138,403,rejected,77,rejected,colorblue,test,num1,typenegative,singlestim,41,133101,1000230,edm,paicipantresponseblue,correct
3680,Subject138,673,paper,77,paper,colorblue,test,num1,typeneutral,singlestim,43,138983,1000250,edm,paicipantresponseblue,correct
3976,Subject138,424,success,67,success,colorred,test,num1,typepositive,singlestim,45,144616,1000270,edc,paicipantresponsered,correct
4272,Subject138,737,pleasure,77,pleasure,colorblue,test,num1,typepositive,singlestim,47,150561,1000290,edm,paicipantresponseblue,correct
4568,Subject138,385,engine,77,engine,colorblue,test,num1,typeneutral,singlestim,49,156157,1000310,edm,paicipantresponseblue,correct
4864,Subject138,486,suicide,77,suicide,colorblue,test,num1,typesuicide,singlestim,51,161851,1000330,edm,paicipantresponseblue,correct
5160,Subject138,298,stupid,67,stupid,colorred,test,num1,typenegative,singlestim,53,167359,1000350,edc,paicipantresponsered,correct
5456,Subject138,625,dead,67,dead,colorred,test,num1,typesuicide,singlestim,55,173191,1000370,edc,paicipantresponsered,correct
5752,Subject138,351,funeral,77,funeral,colorblue,test,num1,typesuicide,singlestim,57,178749,1000390,edm,paicipantresponseblue,correct
6048,Subject138,498,success,77,success,colorblue,test,num1,typepositive,singlestim,59,184455,1000410,edm,paicipantresponseblue,correct
6344,Subject138,390,dead,77,dead,colorblue,test,num1,typesuicide,singlestim,61,190054,1000430,edm,paicipantresponseblue,correct
6640,Subject138,384,stupid,77,stupid,colorblue,test,num1,typenegative,singlestim,63,195642,1000450,edm,paicipantresponseblue,correct
6936,Subject138,372,paper,67,paper,colorred,test,num1,typeneutral,singlestim,65,201222,1000470,edc,paicipantresponsered,correct
7232,Subject138,557,alone,67,alone,colorred,test,num2,typenegative,singlestim,67,206989,101010,edc,paicipantresponsered,correct
7528,Subject138,833,engine,67,engine,colorred,test,num2,typeneutral,singlestim,69,213032,101030,edc,paicipantresponsered,correct
7824,Subject138,640,funeral,77,funeral,colorblue,test,num2,typesuicide,singlestim,71,218885,101050,edm,paicipantresponseblue,correct
8120,Subject138,475,suicide,67,suicide,colorred,test,num2,typesuicide,singlestim,73,224566,101070,edc,paicipantresponsered,correct
8416,Subject138,489,funeral,67,funeral,colorred,test,num2,typesuicide,singlestim,75,230264,101090,edc,paicipantresponsered,correct
8712,Subject138,474,success,67,success,colorred,test,num2,typepositive,singlestim,77,235945,1010110,edc,paicipantresponsered,correct
9008,Subject138,442,pleasure,77,pleasure,colorblue,test,num2,typepositive,singlestim,79,241597,1010130,edm,paicipantresponseblue,correct
9304,Subject138,386,paper,67,paper,colorred,test,num2,typeneutral,singlestim,81,247191,1010150,edc,paicipantresponsered,correct
9600,Subject138,539,alone,77,alone,colorblue,test,num2,typenegative,singlestim,83,252941,1010170,edm,paicipantresponseblue,correct
9896,Subject138,530,suicide,77,suicide,colorblue,test,num2,typesuicide,singlestim,85,258676,1010190,edm,paicipantresponseblue,correct
10192,Subject138,667,happy,77,happy,colorblue,test,num2,typepositive,singlestim,87,264553,1010210,edm,paicipantresponseblue,correct
10488,Subject138,743,museum,77,museum,colorblue,test,num2,typeneutral,singlestim,89,270511,1010230,edm,paicipantresponseblue,correct
10784,Subject138,710,pleasure,67,pleasure,colorred,test,num2,typepositive,singlestim,91,276430,1010250,edc,paicipantresponsered,correct
11080,Subject138,415,stupid,67,stupid,colorred,test,num2,typenegative,singlestim,93,282051,1010270,edc,paicipantresponsered,correct
11376,Subject138,330,dead,67,dead,colorred,test,num2,typesuicide,singlestim,95,287595,1010290,edc,paicipantresponsered,correct
11672,Subject138,356,engine,77,engine,colorblue,test,num2,typeneutral,singlestim,97,293157,1010310,edm,paicipantresponseblue,correct
11968,Subject138,436,success,77,success,colorblue,test,num2,typepositive,singlestim,99,298806,1010330,edm,paicipantresponseblue,correct
12264,Subject138,398,paper,77,paper,colorblue,test,num2,typeneutral,singlestim,101,304415,1010350,edm,paicipantresponseblue,correct
12560,Subject138,438,stupid,77,stupid,colorblue,test,num2,typenegative,singlestim,103,310066,1010370,edm,paicipantresponseblue,correct
12856,Subject138,406,rejected,77,rejected,colorblue,test,num2,typenegative,singlestim,105,315682,1010390,edm,paicipantresponseblue,correct
13152,Subject138,349,dead,77,dead,colorblue,test,num2,typesuicide,singlestim,107,321238,1010410,edm,paicipantresponseblue,correct
13448,Subject138,581,rejected,67,rejected,colorred,test,num2,typenegative,singlestim,109,327033,1010430,edc,paicipantresponsered,correct
13744,Subject138,422,happy,67,happy,colorred,test,num2,typepositive,singlestim,111,332664,1010450,edc,paicipantresponsered,correct
14040,Subject138,462,museum,67,museum,colorred,test,num2,typeneutral,singlestim,113,338333,1010470,edc,paicipantresponsered,correct