,SubjectID,rt,stimulus,keypress,word,color,block,blocknum,wordtype,trialtype,trialindex,timeelapsed,internalnodeid,keypressed,participantresponse,correctresponse
153,Subject184,531,dead,77,dead,colorblue,test,num1,typesuicide,singlestim,19,93090,100010,edm,paicipantresponseblue,correct
449,Subject184,428,pleasure,67,pleasure,colorred,test,num1,typepositive,singlestim,21,98724,100030,edc,paicipantresponsered,correct
745,Subject184,297,museum,77,museum,colorblue,test,num1,typeneutral,singlestim,23,104227,100050,edm,paicipantresponseblue,correct
1041,Subject184,455,suicide,67,suicide,colorred,test,num1,typesuicide,singlestim,25,109887,100070,edc,paicipantresponsered,correct
1337,Subject184,564,funeral,67,funeral,colorred,test,num1,typesuicide,singlestim,27,115657,100090,edc,paicipantresponsered,correct
1633,Subject184,347,alone,67,alone,colorred,test,num1,typenegative,singlestim,29,121212,1000110,edc,paicipantresponsered,correct
1929,Subject184,360,funeral,77,funeral,colorblue,test,num1,typesuicide,singlestim,31,126777,1000130,edm,paicipantresponseblue,correct
2225,Subject184,255,success,67,success,colorred,test,num1,typepositive,singlestim,33,132237,1000150,edc,paicipantresponsered,correct
2521,Subject184,333,suicide,77,suicide,colorblue,test,num1,typesuicide,singlestim,35,137778,1000170,edm,paicipantresponseblue,correct
2817,Subject184,345,engine,77,engine,colorblue,test,num1,typeneutral,singlestim,37,143331,1000190,edm,paicipantresponseblue,correct
3113,Subject184,289,stupid,67,stupid,colorred,test,num1,typenegative,singlestim,39,148826,1000210,edc,paicipantresponsered,correct
3409,Subject184,385,rejected,67,rejected,colorred,test,num1,typenegative,singlestim,41,154417,1000230,edc,paicipantresponsered,correct
3705,Subject184,307,happy,77,happy,colorblue,test,num1,typepositive,singlestim,43,159930,1000250,edm,paicipantresponseblue,correct
4001,Subject184,397,engine,67,engine,colorred,test,num1,typeneutral,singlestim,45,165534,1000270,edc,paicipantresponsered,correct
4297,Subject184,398,alone,77,alone,colorblue,test,num1,typenegative,singlestim,47,171137,1000290,edm,paicipantresponseblue,correct
4593,Subject184,395,museum,77,museum,colorred,test,num1,typeneutral,singlestim,49,176738,1000310,edm,paicipantresponseblue,incorrect
4889,Subject184,399,success,77,success,colorblue,test,num1,typepositive,singlestim,51,182346,1000330,edm,paicipantresponseblue,correct
5185,Subject184,413,stupid,77,stupid,colorblue,test,num1,typenegative,singlestim,53,187964,1000350,edm,paicipantresponseblue,correct
5481,Subject184,279,happy,67,happy,colorred,test,num1,typepositive,singlestim,55,193450,1000370,edc,paicipantresponsered,correct
5777,Subject184,576,rejected,77,rejected,colorblue,test,num1,typenegative,singlestim,57,199233,1000390,edm,paicipantresponseblue,correct
6073,Subject184,263,paper,67,paper,colorred,test,num1,typeneutral,singlestim,59,204702,1000410,edc,paicipantresponsered,correct
6369,Subject184,401,paper,67,paper,colorblue,test,num1,typeneutral,singlestim,61,210308,1000430,edc,paicipantresponsered,incorrect
6665,Subject184,388,pleasure,77,pleasure,colorblue,test,num1,typepositive,singlestim,63,215903,1000450,edm,paicipantresponseblue,correct
6961,Subject184,330,dead,67,dead,colorred,test,num1,typesuicide,singlestim,65,221438,1000470,edc,paicipantresponsered,correct
7257,Subject184,347,suicide,77,suicide,colorblue,test,num2,typesuicide,singlestim,67,226993,101010,edm,paicipantresponseblue,correct
7553,Subject184,559,dead,77,dead,colorblue,test,num2,typesuicide,singlestim,69,232760,101030,edm,paicipantresponseblue,correct
7849,Subject184,321,paper,67,paper,colorred,test,num2,typeneutral,singlestim,71,238285,101050,edc,paicipantresponsered,correct
8145,Subject184,340,stupid,77,stupid,colorblue,test,num2,typenegative,singlestim,73,243832,101070,edm,paicipantresponseblue,correct
8441,Subject184,252,stupid,67,stupid,colorred,test,num2,typenegative,singlestim,75,249289,101090,edc,paicipantresponsered,correct
8737,Subject184,194,museum,77,museum,colorred,test,num2,typeneutral,singlestim,77,254690,1010110,edm,paicipantresponseblue,incorrect
9033,Subject184,370,success,67,success,colorred,test,num2,typepositive,singlestim,79,260268,1010130,edc,paicipantresponsered,correct
9329,Subject184,358,success,77,success,colorblue,test,num2,typepositive,singlestim,81,265833,1010150,edm,paicipantresponseblue,correct
9625,Subject184,391,pleasure,67,pleasure,colorred,test,num2,typepositive,singlestim,83,271428,1010170,edc,paicipantresponsered,correct
9921,Subject184,364,paper,77,paper,colorblue,test,num2,typeneutral,singlestim,85,276999,1010190,edm,paicipantresponseblue,correct
10217,Subject184,319,engine,67,engine,colorred,test,num2,typeneutral,singlestim,87,282524,1010210,edc,paicipantresponsered,correct
10513,Subject184,332,dead,67,dead,colorred,test,num2,typesuicide,singlestim,89,288062,1010230,edc,paicipantresponsered,correct
10809,Subject184,532,rejected,67,rejected,colorred,test,num2,typenegative,singlestim,91,293799,1010250,edc,paicipantresponsered,correct
11105,Subject184,384,rejected,77,rejected,colorblue,test,num2,typenegative,singlestim,93,299388,1010270,edm,paicipantresponseblue,correct
11401,Subject184,320,suicide,67,suicide,colorred,test,num2,typesuicide,singlestim,95,304913,1010290,edc,paicipantresponsered,correct
11697,Subject184,379,alone,67,alone,colorred,test,num2,typenegative,singlestim,97,310498,1010310,edc,paicipantresponsered,correct
11993,Subject184,347,alone,67,alone,colorblue,test,num2,typenegative,singlestim,99,316051,1010330,edc,paicipantresponsered,incorrect
12289,Subject184,358,museum,77,museum,colorblue,test,num2,typeneutral,singlestim,101,321613,1010350,edm,paicipantresponseblue,correct
12585,Subject184,377,pleasure,77,pleasure,colorblue,test,num2,typepositive,singlestim,103,327195,1010370,edm,paicipantresponseblue,correct
12881,Subject184,383,happy,77,happy,colorblue,test,num2,typepositive,singlestim,105,332783,1010390,edm,paicipantresponseblue,correct
13177,Subject184,406,funeral,77,funeral,colorblue,test,num2,typesuicide,singlestim,107,338395,1010410,edm,paicipantresponseblue,correct
13473,Subject184,296,happy,67,happy,colorred,test,num2,typepositive,singlestim,109,343898,1010430,edc,paicipantresponsered,correct
13769,Subject184,332,funeral,67,funeral,colorred,test,num2,typesuicide,singlestim,111,349435,1010450,edc,paicipantresponsered,correct
14065,Subject184,396,engine,77,engine,colorblue,test,num2,typeneutral,singlestim,113,355037,1010470,edm,paicipantresponseblue,correct