"","SubjectID","rt","stimulus","keypress","word","color","block","blocknum","wordtype","trialtype","trialindex","timeelapsed","internalnodeid","keypressed","participantresponse","correctresponse"
"7","Subject7","568","museum","77","museum","colorblue","test","num1","typeneutral","singlestim","19","79368","100010","edm","paicipantresponseblue","correct"
"303","Subject7","413","rejected","77","rejected","colorblue","test","num1","typenegative","singlestim","21","84990","100030","edm","paicipantresponseblue","correct"
"599","Subject7","503","success","77","success","colorblue","test","num1","typepositive","singlestim","23","90705","100050","edm","paicipantresponseblue","correct"
"895","Subject7","409","museum","67","museum","colorred","test","num1","typeneutral","singlestim","25","96326","100070","edc","paicipantresponsered","correct"
"1191","Subject7","602","success","67","success","colorred","test","num1","typepositive","singlestim","27","102139","100090","edc","paicipantresponsered","correct"
"1487","Subject7","576","rejected","67","rejected","colorred","test","num1","typenegative","singlestim","29","107924","1000110","edc","paicipantresponsered","correct"
"1783","Subject7","431","paper","77","paper","colorblue","test","num1","typeneutral","singlestim","31","113564","1000130","edm","paicipantresponseblue","correct"
"2079","Subject7","479","funeral","67","funeral","colorred","test","num1","typesuicide","singlestim","33","119254","1000150","edc","paicipantresponsered","correct"
"2375","Subject7","513","happy","67","happy","colorred","test","num1","typepositive","singlestim","35","124978","1000170","edc","paicipantresponsered","correct"
"2671","Subject7","411","pleasure","77","pleasure","colorblue","test","num1","typepositive","singlestim","37","130605","1000190","edm","paicipantresponseblue","correct"
"2967","Subject7","564","alone","67","alone","colorred","test","num1","typenegative","singlestim","39","136377","1000210","edc","paicipantresponsered","correct"
"3263","Subject7","456","suicide","67","suicide","colorred","test","num1","typesuicide","singlestim","41","142047","1000230","edc","paicipantresponsered","correct"
"3559","Subject7","493","suicide","77","suicide","colorblue","test","num1","typesuicide","singlestim","43","147753","1000250","edm","paicipantresponseblue","correct"
"3855","Subject7","479","stupid","67","stupid","colorred","test","num1","typenegative","singlestim","45","153442","1000270","edc","paicipantresponsered","correct"
"4151","Subject7","614","dead","67","dead","colorred","test","num1","typesuicide","singlestim","47","159262","1000290","edc","paicipantresponsered","correct"
"4447","Subject7","892","funeral","77","funeral","colorblue","test","num1","typesuicide","singlestim","49","165364","1000310","edm","paicipantresponseblue","correct"
"4743","Subject7","639","pleasure","67","pleasure","colorred","test","num1","typepositive","singlestim","51","171216","1000330","edc","paicipantresponsered","correct"
"5039","Subject7","421","engine","77","engine","colorblue","test","num1","typeneutral","singlestim","53","176848","1000350","edm","paicipantresponseblue","correct"
"5335","Subject7","574","alone","77","alone","colorblue","test","num1","typenegative","singlestim","55","182626","1000370","edm","paicipantresponseblue","correct"
"5631","Subject7","485","dead","77","dead","colorblue","test","num1","typesuicide","singlestim","57","188323","1000390","edm","paicipantresponseblue","correct"
"5927","Subject7","442","stupid","77","stupid","colorblue","test","num1","typenegative","singlestim","59","193975","1000410","edm","paicipantresponseblue","correct"
"6223","Subject7","514","paper","67","paper","colorred","test","num1","typeneutral","singlestim","61","199699","1000430","edc","paicipantresponsered","correct"
"6519","Subject7","546","engine","67","engine","colorred","test","num1","typeneutral","singlestim","63","205453","1000450","edc","paicipantresponsered","correct"
"6815","Subject7","420","happy","77","happy","colorblue","test","num1","typepositive","singlestim","65","211085","1000470","edm","paicipantresponseblue","correct"
"7111","Subject7","572","alone","77","alone","colorblue","test","num2","typenegative","singlestim","67","216866","101010","edm","paicipantresponseblue","correct"
"7407","Subject7","451","happy","77","happy","colorblue","test","num2","typepositive","singlestim","69","222527","101030","edm","paicipantresponseblue","correct"
"7703","Subject7","1005","engine","67","engine","colorred","test","num2","typeneutral","singlestim","71","228740","101050","edc","paicipantresponsered","correct"
"7999","Subject7","517","pleasure","77","pleasure","colorblue","test","num2","typepositive","singlestim","73","234467","101070","edm","paicipantresponseblue","correct"
"8295","Subject7","445","success","77","success","colorblue","test","num2","typepositive","singlestim","75","240125","101090","edm","paicipantresponseblue","correct"
"8591","Subject7","454","paper","77","paper","colorblue","test","num2","typeneutral","singlestim","77","245788","1010110","edm","paicipantresponseblue","correct"
"8887","Subject7","636","funeral","67","funeral","colorred","test","num2","typesuicide","singlestim","79","251634","1010130","edc","paicipantresponsered","correct"
"9183","Subject7","467","suicide","77","suicide","colorblue","test","num2","typesuicide","singlestim","81","257310","1010150","edm","paicipantresponseblue","correct"
"9479","Subject7","492","dead","67","dead","colorred","test","num2","typesuicide","singlestim","83","263011","1010170","edc","paicipantresponsered","correct"
"9775","Subject7","441","rejected","67","rejected","colorred","test","num2","typenegative","singlestim","85","268660","1010190","edc","paicipantresponsered","correct"
"10071","Subject7","451","dead","77","dead","colorblue","test","num2","typesuicide","singlestim","87","274321","1010210","edm","paicipantresponseblue","correct"
"10367","Subject7","633","paper","67","paper","colorred","test","num2","typeneutral","singlestim","89","280163","1010230","edc","paicipantresponsered","correct"
"10663","Subject7","578","suicide","67","suicide","colorred","test","num2","typesuicide","singlestim","91","285953","1010250","edc","paicipantresponsered","correct"
"10959","Subject7","471","pleasure","67","pleasure","colorred","test","num2","typepositive","singlestim","93","291633","1010270","edc","paicipantresponsered","correct"
"11255","Subject7","568","success","67","success","colorred","test","num2","typepositive","singlestim","95","297408","1010290","edc","paicipantresponsered","correct"
"11551","Subject7","501","alone","67","alone","colorred","test","num2","typenegative","singlestim","97","303120","1010310","edc","paicipantresponsered","correct"
"11847","Subject7","665","engine","77","engine","colorblue","test","num2","typeneutral","singlestim","99","308994","1010330","edm","paicipantresponseblue","correct"
"12143","Subject7","559","happy","67","happy","colorred","test","num2","typepositive","singlestim","101","314763","1010350","edc","paicipantresponsered","correct"
"12439","Subject7","559","stupid","77","stupid","colorblue","test","num2","typenegative","singlestim","103","320533","1010370","edm","paicipantresponseblue","correct"
"12735","Subject7","681","museum","67","museum","colorred","test","num2","typeneutral","singlestim","105","326424","1010390","edc","paicipantresponsered","correct"
"13031","Subject7","542","rejected","77","rejected","colorblue","test","num2","typenegative","singlestim","107","332176","1010410","edm","paicipantresponseblue","correct"
"13327","Subject7","610","stupid","67","stupid","colorred","test","num2","typenegative","singlestim","109","337995","1010430","edc","paicipantresponsered","correct"
"13623","Subject7","417","museum","77","museum","colorblue","test","num2","typeneutral","singlestim","111","343623","1010450","edm","paicipantresponseblue","correct"
"13919","Subject7","520","funeral","77","funeral","colorblue","test","num2","typesuicide","singlestim","113","349357","1010470","edm","paicipantresponseblue","correct"
