,SubjectID,rt,stimulus,keypress,word,color,block,blocknum,wordtype,trialtype,trialindex,timeelapsed,internalnodeid,keypressed,participantresponse,correctresponse
166,Subject197,863,success,67,success,colorred,test,num1,typepositive,singlestim,19,101557,100010,edc,paicipantresponsered,correct
462,Subject197,535,rejected,77,rejected,colorblue,test,num1,typenegative,singlestim,21,107307,100030,edm,paicipantresponseblue,correct
758,Subject197,374,alone,67,alone,colorred,test,num1,typenegative,singlestim,23,112896,100050,edc,paicipantresponsered,correct
1054,Subject197,519,suicide,67,suicide,colorred,test,num1,typesuicide,singlestim,25,118628,100070,edc,paicipantresponsered,correct
1350,Subject197,483,pleasure,77,pleasure,colorblue,test,num1,typepositive,singlestim,27,124321,100090,edm,paicipantresponseblue,correct
1646,Subject197,684,engine,67,engine,colorred,test,num1,typeneutral,singlestim,29,130216,1000110,edc,paicipantresponsered,correct
1942,Subject197,571,funeral,67,funeral,colorred,test,num1,typesuicide,singlestim,31,136002,1000130,edc,paicipantresponsered,correct
2238,Subject197,455,dead,77,dead,colorblue,test,num1,typesuicide,singlestim,33,141672,1000150,edm,paicipantresponseblue,correct
2534,Subject197,962,success,77,success,colorblue,test,num1,typepositive,singlestim,35,147844,1000170,edm,paicipantresponseblue,correct
2830,Subject197,485,alone,77,alone,colorblue,test,num1,typenegative,singlestim,37,153543,1000190,edm,paicipantresponseblue,correct
3126,Subject197,442,stupid,77,stupid,colorblue,test,num1,typenegative,singlestim,39,159194,1000210,edm,paicipantresponseblue,correct
3422,Subject197,427,funeral,77,funeral,colorblue,test,num1,typesuicide,singlestim,41,164835,1000230,edm,paicipantresponseblue,correct
3718,Subject197,516,paper,77,paper,colorblue,test,num1,typeneutral,singlestim,43,170564,1000250,edm,paicipantresponseblue,correct
4014,Subject197,430,museum,77,museum,colorblue,test,num1,typeneutral,singlestim,45,176208,1000270,edm,paicipantresponseblue,correct
4310,Subject197,599,pleasure,67,pleasure,colorred,test,num1,typepositive,singlestim,47,182017,1000290,edc,paicipantresponsered,correct
4606,Subject197,692,dead,67,dead,colorred,test,num1,typesuicide,singlestim,49,187919,1000310,edc,paicipantresponsered,correct
4902,Subject197,566,stupid,67,stupid,colorred,test,num1,typenegative,singlestim,51,193697,1000330,edc,paicipantresponsered,correct
5198,Subject197,546,museum,67,museum,colorred,test,num1,typeneutral,singlestim,53,199455,1000350,edc,paicipantresponsered,correct
5494,Subject197,882,engine,77,engine,colorblue,test,num1,typeneutral,singlestim,55,205548,1000370,edm,paicipantresponseblue,correct
5790,Subject197,532,happy,67,happy,colorred,test,num1,typepositive,singlestim,57,211296,1000390,edc,paicipantresponsered,correct
6086,Subject197,807,suicide,77,suicide,colorblue,test,num1,typesuicide,singlestim,59,217316,1000410,edm,paicipantresponseblue,correct
6382,Subject197,458,happy,77,happy,colorblue,test,num1,typepositive,singlestim,61,222983,1000430,edm,paicipantresponseblue,correct
6678,Subject197,351,paper,67,paper,colorred,test,num1,typeneutral,singlestim,63,228547,1000450,edc,paicipantresponsered,correct
6974,Subject197,410,rejected,67,rejected,colorred,test,num1,typenegative,singlestim,65,234170,1000470,edc,paicipantresponsered,correct
7270,Subject197,366,stupid,77,stupid,colorred,test,num2,typenegative,singlestim,67,239748,101010,edm,paicipantresponseblue,incorrect
7566,Subject197,413,engine,77,engine,colorblue,test,num2,typeneutral,singlestim,69,245373,101030,edm,paicipantresponseblue,correct
7862,Subject197,581,happy,67,happy,colorred,test,num2,typepositive,singlestim,71,251166,101050,edc,paicipantresponsered,correct
8158,Subject197,448,alone,77,alone,colorblue,test,num2,typenegative,singlestim,73,256826,101070,edm,paicipantresponseblue,correct
8454,Subject197,432,rejected,77,rejected,colorblue,test,num2,typenegative,singlestim,75,262467,101090,edm,paicipantresponseblue,correct
8750,Subject197,530,museum,67,museum,colorred,test,num2,typeneutral,singlestim,77,268208,1010110,edc,paicipantresponsered,correct
9046,Subject197,577,museum,77,museum,colorblue,test,num2,typeneutral,singlestim,79,274001,1010130,edm,paicipantresponseblue,correct
9342,Subject197,569,success,67,success,colorred,test,num2,typepositive,singlestim,81,279780,1010150,edc,paicipantresponsered,correct
9638,Subject197,447,dead,67,dead,colorred,test,num2,typesuicide,singlestim,83,285442,1010170,edc,paicipantresponsered,correct
9934,Subject197,515,dead,77,dead,colorblue,test,num2,typesuicide,singlestim,85,291167,1010190,edm,paicipantresponseblue,correct
10230,Subject197,453,happy,77,happy,colorblue,test,num2,typepositive,singlestim,87,296834,1010210,edm,paicipantresponseblue,correct
10526,Subject197,498,suicide,67,suicide,colorred,test,num2,typesuicide,singlestim,89,302544,1010230,edc,paicipantresponsered,correct
10822,Subject197,426,alone,67,alone,colorred,test,num2,typenegative,singlestim,91,308187,1010250,edc,paicipantresponsered,correct
11118,Subject197,608,paper,67,paper,colorred,test,num2,typeneutral,singlestim,93,314008,1010270,edc,paicipantresponsered,correct
11414,Subject197,401,paper,77,paper,colorblue,test,num2,typeneutral,singlestim,95,319622,1010290,edm,paicipantresponseblue,correct
11710,Subject197,268,success,67,success,colorblue,test,num2,typepositive,singlestim,97,325103,1010310,edc,paicipantresponsered,incorrect
12006,Subject197,452,pleasure,77,pleasure,colorblue,test,num2,typepositive,singlestim,99,330765,1010330,edm,paicipantresponseblue,correct
12302,Subject197,431,stupid,77,stupid,colorblue,test,num2,typenegative,singlestim,101,336410,1010350,edm,paicipantresponseblue,correct
12598,Subject197,471,suicide,77,suicide,colorblue,test,num2,typesuicide,singlestim,103,342090,1010370,edm,paicipantresponseblue,correct
12894,Subject197,645,funeral,67,funeral,colorred,test,num2,typesuicide,singlestim,105,347948,1010390,edc,paicipantresponsered,correct
13190,Subject197,404,funeral,77,funeral,colorblue,test,num2,typesuicide,singlestim,107,353567,1010410,edm,paicipantresponseblue,correct
13486,Subject197,397,rejected,67,rejected,colorred,test,num2,typenegative,singlestim,109,359178,1010430,edc,paicipantresponsered,correct
13782,Subject197,486,engine,67,engine,colorred,test,num2,typeneutral,singlestim,111,364878,1010450,edc,paicipantresponsered,correct
14078,Subject197,474,pleasure,67,pleasure,colorred,test,num2,typepositive,singlestim,113,370565,1010470,edc,paicipantresponsered,correct