,SubjectID,rt,stimulus,keypress,word,color,block,blocknum,wordtype,trialtype,trialindex,timeelapsed,internalnodeid,keypressed,participantresponse,correctresponse
154,Subject186,920,funeral,67,funeral,colorred,test,num1,typesuicide,singlestim,19,89117,100010,edc,paicipantresponsered,correct
450,Subject186,594,happy,77,happy,colorblue,test,num1,typepositive,singlestim,21,94920,100030,edm,paicipantresponseblue,correct
746,Subject186,346,engine,67,engine,colorred,test,num1,typeneutral,singlestim,23,100477,100050,edc,paicipantresponsered,correct
1042,Subject186,617,paper,77,paper,colorblue,test,num1,typeneutral,singlestim,25,106309,100070,edm,paicipantresponseblue,correct
1338,Subject186,344,happy,67,happy,colorred,test,num1,typepositive,singlestim,27,111868,100090,edc,paicipantresponsered,correct
1634,Subject186,673,stupid,67,stupid,colorred,test,num1,typenegative,singlestim,29,117755,1000110,edc,paicipantresponsered,correct
1930,Subject186,1134,rejected,67,rejected,colorred,test,num1,typenegative,singlestim,31,124099,1000130,edc,paicipantresponsered,correct
2226,Subject186,748,pleasure,67,pleasure,colorred,test,num1,typepositive,singlestim,33,130057,1000150,edc,paicipantresponsered,correct
2522,Subject186,589,museum,67,museum,colorred,test,num1,typeneutral,singlestim,35,135860,1000170,edc,paicipantresponsered,correct
2818,Subject186,578,dead,67,dead,colorred,test,num1,typesuicide,singlestim,37,141651,1000190,edc,paicipantresponsered,correct
3114,Subject186,565,suicide,67,suicide,colorred,test,num1,typesuicide,singlestim,39,147425,1000210,edc,paicipantresponsered,correct
3410,Subject186,484,success,77,success,colorblue,test,num1,typepositive,singlestim,41,153121,1000230,edm,paicipantresponseblue,correct
3706,Subject186,515,suicide,77,suicide,colorblue,test,num1,typesuicide,singlestim,43,158847,1000250,edm,paicipantresponseblue,correct
4002,Subject186,998,dead,77,dead,colorblue,test,num1,typesuicide,singlestim,45,165057,1000270,edm,paicipantresponseblue,correct
4298,Subject186,495,museum,77,museum,colorblue,test,num1,typeneutral,singlestim,47,170764,1000290,edm,paicipantresponseblue,correct
4594,Subject186,483,funeral,77,funeral,colorblue,test,num1,typesuicide,singlestim,49,176457,1000310,edm,paicipantresponseblue,correct
4890,Subject186,477,rejected,77,rejected,colorblue,test,num1,typenegative,singlestim,51,182146,1000330,edm,paicipantresponseblue,correct
5186,Subject186,812,alone,77,alone,colorblue,test,num1,typenegative,singlestim,53,188169,1000350,edm,paicipantresponseblue,correct
5482,Subject186,419,pleasure,77,pleasure,colorblue,test,num1,typepositive,singlestim,55,193801,1000370,edm,paicipantresponseblue,correct
5778,Subject186,579,success,67,success,colorred,test,num1,typepositive,singlestim,57,199591,1000390,edc,paicipantresponsered,correct
6074,Subject186,708,stupid,77,stupid,colorblue,test,num1,typenegative,singlestim,59,205515,1000410,edm,paicipantresponseblue,correct
6370,Subject186,543,paper,67,paper,colorred,test,num1,typeneutral,singlestim,61,211269,1000430,edc,paicipantresponsered,correct
6666,Subject186,595,alone,67,alone,colorred,test,num1,typenegative,singlestim,63,217078,1000450,edc,paicipantresponsered,correct
6962,Subject186,673,engine,77,engine,colorblue,test,num1,typeneutral,singlestim,65,222959,1000470,edm,paicipantresponseblue,correct
7258,Subject186,1005,rejected,67,rejected,colorred,test,num2,typenegative,singlestim,67,229178,101010,edc,paicipantresponsered,correct
7554,Subject186,436,suicide,77,suicide,colorblue,test,num2,typesuicide,singlestim,69,234824,101030,edm,paicipantresponseblue,correct
7850,Subject186,443,alone,77,alone,colorblue,test,num2,typenegative,singlestim,71,240480,101050,edm,paicipantresponseblue,correct
8146,Subject186,500,museum,67,museum,colorred,test,num2,typeneutral,singlestim,73,246190,101070,edc,paicipantresponsered,correct
8442,Subject186,385,paper,77,paper,colorblue,test,num2,typeneutral,singlestim,75,251790,101090,edm,paicipantresponseblue,correct
8738,Subject186,357,engine,77,engine,colorblue,test,num2,typeneutral,singlestim,77,257360,1010110,edm,paicipantresponseblue,correct
9034,Subject186,358,museum,77,museum,colorblue,test,num2,typeneutral,singlestim,79,262933,1010130,edm,paicipantresponseblue,correct
9330,Subject186,401,paper,67,paper,colorred,test,num2,typeneutral,singlestim,81,268548,1010150,edc,paicipantresponsered,correct
9626,Subject186,424,funeral,77,funeral,colorblue,test,num2,typesuicide,singlestim,83,274184,1010170,edm,paicipantresponseblue,correct
9922,Subject186,492,stupid,67,stupid,colorred,test,num2,typenegative,singlestim,85,279888,1010190,edc,paicipantresponsered,correct
10218,Subject186,468,happy,67,happy,colorred,test,num2,typepositive,singlestim,87,285564,1010210,edc,paicipantresponsered,correct
10514,Subject186,405,stupid,77,stupid,colorblue,test,num2,typenegative,singlestim,89,291182,1010230,edm,paicipantresponseblue,correct
10810,Subject186,721,success,67,success,colorred,test,num2,typepositive,singlestim,91,297119,1010250,edc,paicipantresponsered,correct
11106,Subject186,608,suicide,67,suicide,colorred,test,num2,typesuicide,singlestim,93,302938,1010270,edc,paicipantresponsered,correct
11402,Subject186,467,dead,67,dead,colorred,test,num2,typesuicide,singlestim,95,308616,1010290,edc,paicipantresponsered,correct
11698,Subject186,459,pleasure,67,pleasure,colorred,test,num2,typepositive,singlestim,97,314289,1010310,edc,paicipantresponsered,correct
11994,Subject186,426,rejected,77,rejected,colorblue,test,num2,typenegative,singlestim,99,319927,1010330,edm,paicipantresponseblue,correct
12290,Subject186,579,success,77,success,colorblue,test,num2,typepositive,singlestim,101,325719,1010350,edm,paicipantresponseblue,correct
12586,Subject186,418,happy,77,happy,colorblue,test,num2,typepositive,singlestim,103,331349,1010370,edm,paicipantresponseblue,correct
12882,Subject186,530,engine,67,engine,colorred,test,num2,typeneutral,singlestim,105,337091,1010390,edc,paicipantresponsered,correct
13178,Subject186,415,funeral,67,funeral,colorred,test,num2,typesuicide,singlestim,107,342717,1010410,edc,paicipantresponsered,correct
13474,Subject186,633,pleasure,77,pleasure,colorblue,test,num2,typepositive,singlestim,109,348559,1010430,edm,paicipantresponseblue,correct
13770,Subject186,455,dead,77,dead,colorblue,test,num2,typesuicide,singlestim,111,354226,1010450,edm,paicipantresponseblue,correct
14066,Subject186,428,alone,67,alone,colorred,test,num2,typenegative,singlestim,113,359870,1010470,edc,paicipantresponsered,correct