,SubjectID,rt,stimulus,keypress,word,color,block,blocknum,wordtype,trialtype,trialindex,timeelapsed,internalnodeid,keypressed,participantresponse,correctresponse
191,Subject223,660,paper,67,paper,colorred,test,num1,typeneutral,singlestim,19,108303,100010,edc,paicipantresponsered,correct
487,Subject223,501,stupid,77,stupid,colorblue,test,num1,typenegative,singlestim,21,114018,100030,edm,paicipantresponseblue,correct
783,Subject223,515,dead,77,dead,colorblue,test,num1,typesuicide,singlestim,23,119742,100050,edm,paicipantresponseblue,correct
1079,Subject223,412,alone,67,alone,colorred,test,num1,typenegative,singlestim,25,125363,100070,edc,paicipantresponsered,correct
1375,Subject223,436,paper,77,paper,colorblue,test,num1,typeneutral,singlestim,27,131010,100090,edm,paicipantresponseblue,correct
1671,Subject223,570,engine,77,engine,colorblue,test,num1,typeneutral,singlestim,29,136792,1000110,edm,paicipantresponseblue,correct
1967,Subject223,492,pleasure,77,pleasure,colorblue,test,num1,typepositive,singlestim,31,142495,1000130,edm,paicipantresponseblue,correct
2263,Subject223,492,rejected,77,rejected,colorblue,test,num1,typenegative,singlestim,33,148201,1000150,edm,paicipantresponseblue,correct
2559,Subject223,407,success,67,success,colorred,test,num1,typepositive,singlestim,35,153820,1000170,edc,paicipantresponsered,correct
2855,Subject223,397,funeral,77,funeral,colorblue,test,num1,typesuicide,singlestim,37,159428,1000190,edm,paicipantresponseblue,correct
3151,Subject223,464,engine,67,engine,colorred,test,num1,typeneutral,singlestim,39,165102,1000210,edc,paicipantresponsered,correct
3447,Subject223,502,success,77,success,colorblue,test,num1,typepositive,singlestim,41,170816,1000230,edm,paicipantresponseblue,correct
3743,Subject223,442,dead,67,dead,colorred,test,num1,typesuicide,singlestim,43,176467,1000250,edc,paicipantresponsered,correct
4039,Subject223,446,stupid,67,stupid,colorred,test,num1,typenegative,singlestim,45,182126,1000270,edc,paicipantresponsered,correct
4335,Subject223,523,funeral,67,funeral,colorred,test,num1,typesuicide,singlestim,47,187860,1000290,edc,paicipantresponsered,correct
4631,Subject223,455,happy,77,happy,colorblue,test,num1,typepositive,singlestim,49,193528,1000310,edm,paicipantresponseblue,correct
4927,Subject223,567,suicide,67,suicide,colorred,test,num1,typesuicide,singlestim,51,199304,1000330,edc,paicipantresponsered,correct
5223,Subject223,479,suicide,77,suicide,colorblue,test,num1,typesuicide,singlestim,53,204998,1000350,edm,paicipantresponseblue,correct
5519,Subject223,511,museum,67,museum,colorred,test,num1,typeneutral,singlestim,55,210722,1000370,edc,paicipantresponsered,correct
5815,Subject223,537,rejected,67,rejected,colorred,test,num1,typenegative,singlestim,57,216471,1000390,edc,paicipantresponsered,correct
6111,Subject223,652,pleasure,67,pleasure,colorred,test,num1,typepositive,singlestim,59,222333,1000410,edc,paicipantresponsered,correct
6407,Subject223,424,happy,67,happy,colorred,test,num1,typepositive,singlestim,61,227966,1000430,edc,paicipantresponsered,correct
6703,Subject223,565,alone,77,alone,colorblue,test,num1,typenegative,singlestim,63,233744,1000450,edm,paicipantresponseblue,correct
6999,Subject223,617,museum,77,museum,colorblue,test,num1,typeneutral,singlestim,65,239571,1000470,edm,paicipantresponseblue,correct
7295,Subject223,479,paper,77,paper,colorblue,test,num2,typeneutral,singlestim,67,245259,101010,edm,paicipantresponseblue,correct
7591,Subject223,454,pleasure,77,pleasure,colorblue,test,num2,typepositive,singlestim,69,250923,101030,edm,paicipantresponseblue,correct
7887,Subject223,459,dead,67,dead,colorred,test,num2,typesuicide,singlestim,71,256591,101050,edc,paicipantresponsered,correct
8183,Subject223,507,stupid,67,stupid,colorred,test,num2,typenegative,singlestim,73,262310,101070,edc,paicipantresponsered,correct
8479,Subject223,495,suicide,77,suicide,colorblue,test,num2,typesuicide,singlestim,75,268015,101090,edm,paicipantresponseblue,correct
8775,Subject223,519,funeral,77,funeral,colorblue,test,num2,typesuicide,singlestim,77,273744,1010110,edm,paicipantresponseblue,correct
9071,Subject223,397,museum,67,museum,colorred,test,num2,typeneutral,singlestim,79,279352,1010130,edc,paicipantresponsered,correct
9367,Subject223,392,happy,77,happy,colorblue,test,num2,typepositive,singlestim,81,284952,1010150,edm,paicipantresponseblue,correct
9663,Subject223,418,success,67,success,colorred,test,num2,typepositive,singlestim,83,290579,1010170,edc,paicipantresponsered,correct
9959,Subject223,589,rejected,67,rejected,colorred,test,num2,typenegative,singlestim,85,296380,1010190,edc,paicipantresponsered,correct
10255,Subject223,374,success,77,success,colorblue,test,num2,typepositive,singlestim,87,301964,1010210,edm,paicipantresponseblue,correct
10551,Subject223,456,alone,67,alone,colorred,test,num2,typenegative,singlestim,89,307629,1010230,edc,paicipantresponsered,correct
10847,Subject223,485,engine,67,engine,colorred,test,num2,typeneutral,singlestim,91,313323,1010250,edc,paicipantresponsered,correct
11143,Subject223,485,pleasure,67,pleasure,colorred,test,num2,typepositive,singlestim,93,319016,1010270,edc,paicipantresponsered,correct
11439,Subject223,414,paper,67,paper,colorred,test,num2,typeneutral,singlestim,95,324639,1010290,edc,paicipantresponsered,correct
11735,Subject223,891,funeral,67,funeral,colorred,test,num2,typesuicide,singlestim,97,330740,1010310,edc,paicipantresponsered,correct
12031,Subject223,716,dead,77,dead,colorblue,test,num2,typesuicide,singlestim,99,336666,1010330,edm,paicipantresponseblue,correct
12327,Subject223,661,stupid,77,stupid,colorblue,test,num2,typenegative,singlestim,101,342538,1010350,edm,paicipantresponseblue,correct
12623,Subject223,485,museum,77,museum,colorblue,test,num2,typeneutral,singlestim,103,348234,1010370,edm,paicipantresponseblue,correct
12919,Subject223,437,engine,77,engine,colorblue,test,num2,typeneutral,singlestim,105,353887,1010390,edm,paicipantresponseblue,correct
13215,Subject223,532,rejected,77,rejected,colorblue,test,num2,typenegative,singlestim,107,359627,1010410,edm,paicipantresponseblue,correct
13511,Subject223,506,suicide,67,suicide,colorred,test,num2,typesuicide,singlestim,109,365342,1010430,edc,paicipantresponsered,correct
13807,Subject223,564,happy,67,happy,colorred,test,num2,typepositive,singlestim,111,371116,1010450,edc,paicipantresponsered,correct
14103,Subject223,352,alone,77,alone,colorblue,test,num2,typenegative,singlestim,113,376679,1010470,edm,paicipantresponseblue,correct