,SubjectID,rt,stimulus,keypress,word,color,block,blocknum,wordtype,trialtype,trialindex,timeelapsed,internalnodeid,keypressed,participantresponse,correctresponse
214,Subject246,386,museum,67,museum,colorred,test,num1,typeneutral,singlestim,37,233954,100010,edc,paicipantresponsered,correct
510,Subject246,476,rejected,67,rejected,colorred,test,num1,typenegative,singlestim,39,239634,100030,edc,paicipantresponsered,correct
806,Subject246,376,stupid,77,stupid,colorred,test,num1,typenegative,singlestim,41,245212,100050,edc,paicipantresponsered,correct
1102,Subject246,362,stupid,77,stupid,colorblue,test,num1,typenegative,singlestim,43,250778,100070,edm,paicipantresponseblue,correct
1398,Subject246,446,funeral,77,funeral,colorblue,test,num1,typesuicide,singlestim,45,256426,100090,edm,paicipantresponseblue,correct
1694,Subject246,368,museum,77,museum,colorblue,test,num1,typeneutral,singlestim,47,261996,1000110,edm,paicipantresponseblue,correct
1990,Subject246,420,engine,67,engine,colorblue,test,num1,typeneutral,singlestim,49,267620,1000130,edm,paicipantresponseblue,correct
2286,Subject246,384,engine,67,engine,colorred,test,num1,typeneutral,singlestim,51,273208,1000150,edc,paicipantresponsered,correct
2582,Subject246,360,alone,77,alone,colorred,test,num1,typenegative,singlestim,53,278772,1000170,edc,paicipantresponsered,correct
2878,Subject246,384,rejected,67,rejected,colorblue,test,num1,typenegative,singlestim,55,284358,1000190,edm,paicipantresponseblue,correct
3174,Subject246,332,paper,77,paper,colorred,test,num1,typeneutral,singlestim,57,289894,1000210,edc,paicipantresponsered,correct
3470,Subject246,340,pleasure,67,pleasure,colorblue,test,num1,typepositive,singlestim,59,295434,1000230,edm,paicipantresponseblue,correct
3766,Subject246,374,pleasure,67,pleasure,colorred,test,num1,typepositive,singlestim,61,301012,1000250,edc,paicipantresponsered,correct
4062,Subject246,526,funeral,77,funeral,colorred,test,num1,typesuicide,singlestim,63,306742,1000270,edc,paicipantresponsered,correct
4358,Subject246,388,paper,77,paper,colorblue,test,num1,typeneutral,singlestim,65,312332,1000290,edm,paicipantresponseblue,correct
4654,Subject246,394,suicide,67,suicide,colorblue,test,num1,typesuicide,singlestim,67,317928,1000310,edm,paicipantresponseblue,correct
4950,Subject246,380,happy,77,happy,colorred,test,num1,typepositive,singlestim,69,323510,1000330,edc,paicipantresponsered,correct
5246,Subject246,372,alone,67,alone,colorblue,test,num1,typenegative,singlestim,71,329086,1000350,edm,paicipantresponseblue,correct
5542,Subject246,438,dead,77,dead,colorred,test,num1,typesuicide,singlestim,73,334726,1000370,edc,paicipantresponsered,correct
5838,Subject246,530,happy,67,happy,colorblue,test,num1,typepositive,singlestim,75,340458,1000390,edm,paicipantresponseblue,correct
6134,Subject246,384,suicide,77,suicide,colorred,test,num1,typesuicide,singlestim,77,346046,1000410,edc,paicipantresponsered,correct
6430,Subject246,342,success,67,success,colorblue,test,num1,typepositive,singlestim,79,351590,1000430,edm,paicipantresponseblue,correct
6726,Subject246,296,success,77,success,colorred,test,num1,typepositive,singlestim,81,357090,1000450,edc,paicipantresponsered,correct
7022,Subject246,384,dead,67,dead,colorblue,test,num1,typesuicide,singlestim,83,362678,1000470,edm,paicipantresponseblue,correct
7318,Subject246,368,pleasure,67,pleasure,colorred,test,num2,typepositive,singlestim,85,368250,101010,edc,paicipantresponsered,correct
7614,Subject246,426,dead,77,dead,colorred,test,num2,typesuicide,singlestim,87,373880,101030,edc,paicipantresponsered,correct
7910,Subject246,484,engine,67,engine,colorblue,test,num2,typeneutral,singlestim,89,379566,101050,edm,paicipantresponseblue,correct
8206,Subject246,626,success,67,success,colorred,test,num2,typepositive,singlestim,91,385394,101070,edc,paicipantresponsered,correct
8502,Subject246,448,rejected,67,rejected,colorred,test,num2,typenegative,singlestim,93,391046,101090,edc,paicipantresponsered,correct
8798,Subject246,370,success,67,success,colorblue,test,num2,typepositive,singlestim,95,396618,1010110,edc,paicipantresponsered,incorrect
9094,Subject246,506,engine,77,engine,colorred,test,num2,typeneutral,singlestim,97,402328,1010130,edc,paicipantresponsered,correct
9390,Subject246,446,stupid,67,stupid,colorblue,test,num2,typenegative,singlestim,99,407976,1010150,edm,paicipantresponseblue,correct
9686,Subject246,510,alone,67,alone,colorred,test,num2,typenegative,singlestim,101,413688,1010170,edc,paicipantresponsered,correct
9982,Subject246,410,happy,77,happy,colorred,test,num2,typepositive,singlestim,103,419302,1010190,edc,paicipantresponsered,correct
10278,Subject246,500,museum,77,museum,colorblue,test,num2,typeneutral,singlestim,105,425006,1010210,edm,paicipantresponseblue,correct
10574,Subject246,502,funeral,77,funeral,colorblue,test,num2,typesuicide,singlestim,107,430710,1010230,edm,paicipantresponseblue,correct
10870,Subject246,414,suicide,77,suicide,colorblue,test,num2,typesuicide,singlestim,109,436328,1010250,edm,paicipantresponseblue,correct
11166,Subject246,384,happy,77,happy,colorblue,test,num2,typepositive,singlestim,111,441916,1010270,edm,paicipantresponseblue,correct
11462,Subject246,356,alone,67,alone,colorblue,test,num2,typenegative,singlestim,113,447474,1010290,edm,paicipantresponseblue,correct
11758,Subject246,492,suicide,77,suicide,colorred,test,num2,typesuicide,singlestim,115,,,edc,paicipantresponsered,correct