,SubjectID,rt,stimulus,keypress,word,color,block,blocknum,wordtype,trialtype,trialindex,timeelapsed,internalnodeid,keypressed,participantresponse,correctresponse
251,Subject285,1122,rejected,67,rejected,colorred,test,num1,typenegative,singlestim,19,67319,100010,edc,paicipantresponsered,correct
547,Subject285,662,pleasure,67,pleasure,colorred,test,num1,typepositive,singlestim,21,73188,100030,edc,paicipantresponsered,correct
843,Subject285,837,alone,67,alone,colorred,test,num1,typenegative,singlestim,23,79235,100050,edc,paicipantresponsered,correct
1139,Subject285,479,paper,77,paper,colorblue,test,num1,typeneutral,singlestim,25,84921,100070,edm,paicipantresponseblue,correct
1435,Subject285,655,suicide,67,suicide,colorred,test,num1,typesuicide,singlestim,27,90785,100090,edc,paicipantresponsered,correct
1731,Subject285,744,suicide,77,suicide,colorblue,test,num1,typesuicide,singlestim,29,96734,1000110,edm,paicipantresponseblue,correct
2027,Subject285,564,dead,67,dead,colorred,test,num1,typesuicide,singlestim,31,102505,1000130,edc,paicipantresponsered,correct
2323,Subject285,812,rejected,77,rejected,colorblue,test,num1,typenegative,singlestim,33,108523,1000150,edm,paicipantresponseblue,correct
2619,Subject285,1420,pleasure,77,pleasure,colorblue,test,num1,typepositive,singlestim,35,115150,1000170,edm,paicipantresponseblue,correct
2915,Subject285,1120,paper,67,paper,colorred,test,num1,typeneutral,singlestim,37,121478,1000190,edc,paicipantresponsered,correct
3211,Subject285,1067,stupid,67,stupid,colorred,test,num1,typenegative,singlestim,39,127753,1000210,edc,paicipantresponsered,correct
3507,Subject285,831,engine,77,engine,colorblue,test,num1,typeneutral,singlestim,41,133791,1000230,edm,paicipantresponseblue,correct
3803,Subject285,1187,museum,67,museum,colorred,test,num1,typeneutral,singlestim,43,140184,1000250,edc,paicipantresponsered,correct
4099,Subject285,673,success,67,success,colorred,test,num1,typepositive,singlestim,45,146063,1000270,edc,paicipantresponsered,correct
4395,Subject285,478,stupid,77,stupid,colorblue,test,num1,typenegative,singlestim,47,151748,1000290,edm,paicipantresponseblue,correct
4691,Subject285,615,funeral,77,funeral,colorblue,test,num1,typesuicide,singlestim,49,157568,1000310,edm,paicipantresponseblue,correct
4987,Subject285,497,happy,77,happy,colorblue,test,num1,typepositive,singlestim,51,163272,1000330,edm,paicipantresponseblue,correct
5283,Subject285,596,funeral,67,funeral,colorred,test,num1,typesuicide,singlestim,53,169076,1000350,edc,paicipantresponsered,correct
5579,Subject285,1361,engine,67,engine,colorred,test,num1,typeneutral,singlestim,55,175643,1000370,edc,paicipantresponsered,correct
5875,Subject285,686,alone,77,alone,colorblue,test,num1,typenegative,singlestim,57,181537,1000390,edm,paicipantresponseblue,correct
6171,Subject285,644,happy,67,happy,colorred,test,num1,typepositive,singlestim,59,187387,1000410,edc,paicipantresponsered,correct
6467,Subject285,1009,success,77,success,colorblue,test,num1,typepositive,singlestim,61,193603,1000430,edm,paicipantresponseblue,correct
6763,Subject285,586,museum,77,museum,colorblue,test,num1,typeneutral,singlestim,63,199397,1000450,edm,paicipantresponseblue,correct
7059,Subject285,560,dead,77,dead,colorblue,test,num1,typesuicide,singlestim,65,205163,1000470,edm,paicipantresponseblue,correct
7355,Subject285,863,paper,67,paper,colorred,test,num2,typeneutral,singlestim,67,211233,101010,edc,paicipantresponsered,correct
7651,Subject285,573,engine,77,engine,colorblue,test,num2,typeneutral,singlestim,69,217014,101030,edm,paicipantresponseblue,correct
7947,Subject285,681,happy,67,happy,colorred,test,num2,typepositive,singlestim,71,222903,101050,edc,paicipantresponsered,correct
8243,Subject285,447,paper,77,paper,colorblue,test,num2,typeneutral,singlestim,73,228556,101070,edm,paicipantresponseblue,correct
8539,Subject285,1031,stupid,67,stupid,colorred,test,num2,typenegative,singlestim,75,234793,101090,edc,paicipantresponsered,correct
8835,Subject285,684,dead,77,dead,colorblue,test,num2,typesuicide,singlestim,77,240684,1010110,edm,paicipantresponseblue,correct
9131,Subject285,549,alone,67,alone,colorred,test,num2,typenegative,singlestim,79,246440,1010130,edc,paicipantresponsered,correct
9427,Subject285,709,happy,77,happy,colorblue,test,num2,typepositive,singlestim,81,252356,1010150,edm,paicipantresponseblue,correct
9723,Subject285,1067,rejected,67,rejected,colorred,test,num2,typenegative,singlestim,83,258631,1010170,edc,paicipantresponsered,correct
10019,Subject285,579,funeral,77,funeral,colorblue,test,num2,typesuicide,singlestim,85,264416,1010190,edm,paicipantresponseblue,correct
10315,Subject285,711,success,77,success,colorblue,test,num2,typepositive,singlestim,87,270335,1010210,edm,paicipantresponseblue,correct
10611,Subject285,622,suicide,67,suicide,colorblue,test,num2,typesuicide,singlestim,89,276163,1010230,edc,paicipantresponsered,incorrect
10907,Subject285,946,museum,77,museum,colorblue,test,num2,typeneutral,singlestim,91,282316,1010250,edm,paicipantresponseblue,correct
11203,Subject285,358,museum,67,museum,colorred,test,num2,typeneutral,singlestim,93,287880,1010270,edc,paicipantresponsered,correct
11499,Subject285,723,stupid,77,stupid,colorblue,test,num2,typenegative,singlestim,95,293812,1010290,edm,paicipantresponseblue,correct
11795,Subject285,704,engine,67,engine,colorred,test,num2,typeneutral,singlestim,97,299724,1010310,edc,paicipantresponsered,correct
12091,Subject285,513,rejected,77,rejected,colorblue,test,num2,typenegative,singlestim,99,305448,1010330,edm,paicipantresponseblue,correct
12387,Subject285,974,funeral,67,funeral,colorred,test,num2,typesuicide,singlestim,101,311629,1010350,edc,paicipantresponsered,correct
12683,Subject285,606,pleasure,77,pleasure,colorblue,test,num2,typepositive,singlestim,103,317441,1010370,edm,paicipantresponseblue,correct
12979,Subject285,1345,pleasure,67,pleasure,colorred,test,num2,typepositive,singlestim,105,323995,1010390,edc,paicipantresponsered,correct
13275,Subject285,1284,suicide,67,suicide,colorred,test,num2,typesuicide,singlestim,107,330484,1010410,edc,paicipantresponsered,correct
13571,Subject285,914,dead,67,dead,colorred,test,num2,typesuicide,singlestim,109,336603,1010430,edc,paicipantresponsered,correct
13867,Subject285,624,alone,77,alone,colorblue,test,num2,typenegative,singlestim,111,342437,1010450,edm,paicipantresponseblue,correct
14163,Subject285,554,success,67,success,colorred,test,num2,typepositive,singlestim,113,348198,1010470,edc,paicipantresponsered,correct