,SubjectID,rt,stimulus,keypress,word,color,block,blocknum,wordtype,trialtype,trialindex,timeelapsed,internalnodeid,keypressed,participantresponse,correctresponse
78,Subject83,549,engine,67,engine,colorred,test,num1,typeneutral,singlestim,19,125208,100010,edc,paicipantresponsered,correct
374,Subject83,392,paper,67,paper,colorred,test,num1,typeneutral,singlestim,21,130809,100030,edc,paicipantresponsered,correct
670,Subject83,390,rejected,67,rejected,colorred,test,num1,typenegative,singlestim,23,136408,100050,edc,paicipantresponsered,correct
966,Subject83,409,engine,77,engine,colorblue,test,num1,typeneutral,singlestim,25,142028,100070,edm,paicipantresponseblue,correct
1262,Subject83,338,success,67,success,colorred,test,num1,typepositive,singlestim,27,147573,100090,edc,paicipantresponsered,correct
1558,Subject83,376,pleasure,67,pleasure,colorred,test,num1,typepositive,singlestim,29,153157,1000110,edc,paicipantresponsered,correct
1854,Subject83,363,alone,67,alone,colorred,test,num1,typenegative,singlestim,31,158730,1000130,edc,paicipantresponsered,correct
2150,Subject83,384,suicide,67,suicide,colorred,test,num1,typesuicide,singlestim,33,164324,1000150,edc,paicipantresponsered,correct
2446,Subject83,420,dead,77,dead,colorblue,test,num1,typesuicide,singlestim,35,169955,1000170,edm,paicipantresponseblue,correct
2742,Subject83,363,rejected,77,rejected,colorblue,test,num1,typenegative,singlestim,37,175527,1000190,edm,paicipantresponseblue,correct
3038,Subject83,378,dead,67,dead,colorred,test,num1,typesuicide,singlestim,39,181115,1000210,edc,paicipantresponsered,correct
3334,Subject83,405,happy,67,happy,colorred,test,num1,typepositive,singlestim,41,186733,1000230,edc,paicipantresponsered,correct
3630,Subject83,385,suicide,77,suicide,colorblue,test,num1,typesuicide,singlestim,43,192327,1000250,edm,paicipantresponseblue,correct
3926,Subject83,404,funeral,67,funeral,colorred,test,num1,typesuicide,singlestim,45,197940,1000270,edc,paicipantresponsered,correct
4222,Subject83,444,museum,67,museum,colorred,test,num1,typeneutral,singlestim,47,203596,1000290,edc,paicipantresponsered,correct
4518,Subject83,452,alone,77,alone,colorblue,test,num1,typenegative,singlestim,49,209262,1000310,edm,paicipantresponseblue,correct
4814,Subject83,410,paper,77,paper,colorblue,test,num1,typeneutral,singlestim,51,214884,1000330,edm,paicipantresponseblue,correct
5110,Subject83,421,success,77,success,colorblue,test,num1,typepositive,singlestim,53,220512,1000350,edm,paicipantresponseblue,correct
5406,Subject83,403,stupid,77,stupid,colorblue,test,num1,typenegative,singlestim,55,226124,1000370,edm,paicipantresponseblue,correct
5702,Subject83,360,museum,77,museum,colorblue,test,num1,typeneutral,singlestim,57,231691,1000390,edm,paicipantresponseblue,correct
5998,Subject83,402,funeral,77,funeral,colorblue,test,num1,typesuicide,singlestim,59,237303,1000410,edm,paicipantresponseblue,correct
6294,Subject83,368,pleasure,77,pleasure,colorblue,test,num1,typepositive,singlestim,61,242881,1000430,edm,paicipantresponseblue,correct
6590,Subject83,459,happy,77,happy,colorblue,test,num1,typepositive,singlestim,63,248551,1000450,edm,paicipantresponseblue,correct
6886,Subject83,394,stupid,67,stupid,colorred,test,num1,typenegative,singlestim,65,254150,1000470,edc,paicipantresponsered,correct
7182,Subject83,451,alone,67,alone,colorred,test,num2,typenegative,singlestim,67,259810,101010,edc,paicipantresponsered,correct
7478,Subject83,348,dead,67,dead,colorred,test,num2,typesuicide,singlestim,69,265368,101030,edc,paicipantresponsered,correct
7774,Subject83,614,paper,67,paper,colorred,test,num2,typeneutral,singlestim,71,271189,101050,edc,paicipantresponsered,correct
8070,Subject83,407,pleasure,67,pleasure,colorred,test,num2,typepositive,singlestim,73,276805,101070,edc,paicipantresponsered,correct
8366,Subject83,456,funeral,67,funeral,colorred,test,num2,typesuicide,singlestim,75,282467,101090,edc,paicipantresponsered,correct
8662,Subject83,453,engine,67,engine,colorred,test,num2,typeneutral,singlestim,77,288129,1010110,edc,paicipantresponsered,correct
8958,Subject83,360,stupid,67,stupid,colorred,test,num2,typenegative,singlestim,79,293700,1010130,edc,paicipantresponsered,correct
9254,Subject83,366,museum,77,museum,colorblue,test,num2,typeneutral,singlestim,81,299278,1010150,edm,paicipantresponseblue,correct
9550,Subject83,391,funeral,77,funeral,colorblue,test,num2,typesuicide,singlestim,83,304881,1010170,edm,paicipantresponseblue,correct
9846,Subject83,351,paper,77,paper,colorblue,test,num2,typeneutral,singlestim,85,310442,1010190,edm,paicipantresponseblue,correct
10142,Subject83,497,alone,77,alone,colorblue,test,num2,typenegative,singlestim,87,316149,1010210,edm,paicipantresponseblue,correct
10438,Subject83,397,rejected,77,rejected,colorblue,test,num2,typenegative,singlestim,89,321758,1010230,edm,paicipantresponseblue,correct
10734,Subject83,394,rejected,67,rejected,colorred,test,num2,typenegative,singlestim,91,327361,1010250,edc,paicipantresponsered,correct
11030,Subject83,357,engine,77,engine,colorblue,test,num2,typeneutral,singlestim,93,332927,1010270,edm,paicipantresponseblue,correct
11326,Subject83,480,dead,77,dead,colorblue,test,num2,typesuicide,singlestim,95,338615,1010290,edm,paicipantresponseblue,correct
11622,Subject83,951,happy,67,happy,colorred,test,num2,typepositive,singlestim,97,344778,1010310,edc,paicipantresponsered,correct
11918,Subject83,674,suicide,77,suicide,colorblue,test,num2,typesuicide,singlestim,99,350656,1010330,edm,paicipantresponseblue,correct
12214,Subject83,465,success,77,success,colorblue,test,num2,typepositive,singlestim,101,356331,1010350,edm,paicipantresponseblue,correct
12510,Subject83,309,success,67,success,colorred,test,num2,typepositive,singlestim,103,361850,1010370,edc,paicipantresponsered,correct
12806,Subject83,547,museum,67,museum,colorred,test,num2,typeneutral,singlestim,105,367603,1010390,edc,paicipantresponsered,correct
13102,Subject83,308,happy,77,happy,colorblue,test,num2,typepositive,singlestim,107,373121,1010410,edm,paicipantresponseblue,correct
13398,Subject83,419,pleasure,77,pleasure,colorblue,test,num2,typepositive,singlestim,109,378753,1010430,edm,paicipantresponseblue,correct
13694,Subject83,367,suicide,67,suicide,colorred,test,num2,typesuicide,singlestim,111,384331,1010450,edc,paicipantresponsered,correct
13990,Subject83,436,stupid,77,stupid,colorblue,test,num2,typenegative,singlestim,113,389976,1010470,edm,paicipantresponseblue,correct