,SubjectID,rt,stimulus,keypress,word,color,block,blocknum,wordtype,trialtype,trialindex,timeelapsed,internalnodeid,keypressed,participantresponse,correctresponse
230,Subject262,564,happy,77,happy,colorblue,test,num1,typepositive,singlestim,19,88404,100010,edm,paicipantresponseblue,correct
526,Subject262,348,alone,77,alone,colorblue,test,num1,typenegative,singlestim,21,93966,100030,edm,paicipantresponseblue,correct
822,Subject262,713,pleasure,67,pleasure,colorred,test,num1,typepositive,singlestim,23,99896,100050,edc,paicipantresponsered,correct
1118,Subject262,471,funeral,67,funeral,colorred,test,num1,typesuicide,singlestim,25,105575,100070,edc,paicipantresponsered,correct
1414,Subject262,316,paper,77,paper,colorblue,test,num1,typeneutral,singlestim,27,111105,100090,edm,paicipantresponseblue,correct
1710,Subject262,340,rejected,67,rejected,colorred,test,num1,typenegative,singlestim,29,116657,1000110,edc,paicipantresponsered,correct
2006,Subject262,268,paper,67,paper,colorred,test,num1,typeneutral,singlestim,31,122136,1000130,edc,paicipantresponsered,correct
2302,Subject262,320,suicide,77,suicide,colorblue,test,num1,typesuicide,singlestim,33,127667,1000150,edm,paicipantresponseblue,correct
2598,Subject262,442,engine,77,engine,colorblue,test,num1,typeneutral,singlestim,35,133325,1000170,edm,paicipantresponseblue,correct
2894,Subject262,381,dead,77,dead,colorblue,test,num1,typesuicide,singlestim,37,138917,1000190,edm,paicipantresponseblue,correct
3190,Subject262,515,success,77,success,colorblue,test,num1,typepositive,singlestim,39,144645,1000210,edm,paicipantresponseblue,correct
3486,Subject262,671,museum,67,museum,colorred,test,num1,typeneutral,singlestim,41,150528,1000230,edc,paicipantresponsered,correct
3782,Subject262,433,funeral,77,funeral,colorblue,test,num1,typesuicide,singlestim,43,156176,1000250,edm,paicipantresponseblue,correct
4078,Subject262,380,alone,67,alone,colorred,test,num1,typenegative,singlestim,45,161767,1000270,edc,paicipantresponsered,correct
4374,Subject262,404,museum,77,museum,colorblue,test,num1,typeneutral,singlestim,47,167385,1000290,edm,paicipantresponseblue,correct
4670,Subject262,608,happy,67,happy,colorred,test,num1,typepositive,singlestim,49,173208,1000310,edc,paicipantresponsered,correct
4966,Subject262,667,success,67,success,colorred,test,num1,typepositive,singlestim,51,179086,1000330,edc,paicipantresponsered,correct
5262,Subject262,400,dead,67,dead,colorred,test,num1,typesuicide,singlestim,53,184698,1000350,edc,paicipantresponsered,correct
5558,Subject262,525,engine,67,engine,colorred,test,num1,typeneutral,singlestim,55,190435,1000370,edc,paicipantresponsered,correct
5854,Subject262,442,rejected,77,rejected,colorblue,test,num1,typenegative,singlestim,57,196088,1000390,edm,paicipantresponseblue,correct
6150,Subject262,354,pleasure,77,pleasure,colorblue,test,num1,typepositive,singlestim,59,201656,1000410,edm,paicipantresponseblue,correct
6446,Subject262,440,stupid,77,stupid,colorblue,test,num1,typenegative,singlestim,61,207307,1000430,edm,paicipantresponseblue,correct
6742,Subject262,759,stupid,67,stupid,colorred,test,num1,typenegative,singlestim,63,213275,1000450,edc,paicipantresponsered,correct
7038,Subject262,803,suicide,67,suicide,colorred,test,num1,typesuicide,singlestim,65,219288,1000470,edc,paicipantresponsered,correct
7334,Subject262,516,stupid,67,stupid,colorred,test,num2,typenegative,singlestim,67,225015,101010,edc,paicipantresponsered,correct
7630,Subject262,447,happy,77,happy,colorblue,test,num2,typepositive,singlestim,69,230675,101030,edm,paicipantresponseblue,correct
7926,Subject262,464,happy,77,happy,colorred,test,num2,typepositive,singlestim,71,236354,101050,edm,paicipantresponseblue,incorrect
8222,Subject262,536,alone,77,alone,colorblue,test,num2,typenegative,singlestim,73,242095,101070,edm,paicipantresponseblue,correct
8518,Subject262,702,stupid,77,stupid,colorblue,test,num2,typenegative,singlestim,75,248006,101090,edm,paicipantresponseblue,correct
8814,Subject262,695,suicide,77,suicide,colorblue,test,num2,typesuicide,singlestim,77,253914,1010110,edm,paicipantresponseblue,correct
9110,Subject262,347,paper,67,paper,colorred,test,num2,typeneutral,singlestim,79,259474,1010130,edc,paicipantresponsered,correct
9406,Subject262,539,rejected,67,rejected,colorred,test,num2,typenegative,singlestim,81,265238,1010150,edc,paicipantresponsered,correct
9702,Subject262,474,alone,67,alone,colorred,test,num2,typenegative,singlestim,83,270925,1010170,edc,paicipantresponsered,correct
9998,Subject262,708,dead,77,dead,colorblue,test,num2,typesuicide,singlestim,85,276848,1010190,edm,paicipantresponseblue,correct
10294,Subject262,507,suicide,67,suicide,colorred,test,num2,typesuicide,singlestim,87,282566,1010210,edc,paicipantresponsered,correct
10590,Subject262,430,success,77,success,colorblue,test,num2,typepositive,singlestim,89,288208,1010230,edm,paicipantresponseblue,correct
10886,Subject262,394,museum,77,museum,colorblue,test,num2,typeneutral,singlestim,91,293815,1010250,edm,paicipantresponseblue,correct
11182,Subject262,398,engine,77,engine,colorblue,test,num2,typeneutral,singlestim,93,299427,1010270,edm,paicipantresponseblue,correct
11478,Subject262,408,museum,67,museum,colorred,test,num2,typeneutral,singlestim,95,305044,1010290,edc,paicipantresponsered,correct
11774,Subject262,381,pleasure,77,pleasure,colorblue,test,num2,typepositive,singlestim,97,310637,1010310,edm,paicipantresponseblue,correct
12070,Subject262,428,funeral,77,funeral,colorblue,test,num2,typesuicide,singlestim,99,316276,1010330,edm,paicipantresponseblue,correct
12366,Subject262,291,funeral,67,funeral,colorred,test,num2,typesuicide,singlestim,101,321778,1010350,edc,paicipantresponsered,correct
12662,Subject262,912,pleasure,67,pleasure,colorred,test,num2,typepositive,singlestim,103,327906,1010370,edc,paicipantresponsered,correct
12958,Subject262,608,rejected,77,rejected,colorblue,test,num2,typenegative,singlestim,105,333727,1010390,edm,paicipantresponseblue,correct
13254,Subject262,1177,success,67,success,colorred,test,num2,typepositive,singlestim,107,340116,1010410,edc,paicipantresponsered,correct
13550,Subject262,462,dead,67,dead,colorred,test,num2,typesuicide,singlestim,109,345787,1010430,edc,paicipantresponsered,correct
13846,Subject262,328,paper,77,paper,colorblue,test,num2,typeneutral,singlestim,111,351327,1010450,edm,paicipantresponseblue,correct
14142,Subject262,709,engine,67,engine,colorred,test,num2,typeneutral,singlestim,113,357248,1010470,edc,paicipantresponsered,correct