,SubjectID,rt,stimulus,keypress,word,color,block,blocknum,wordtype,trialtype,trialindex,timeelapsed,internalnodeid,keypressed,participantresponse,correctresponse
139,Subject150,510,paper,67,paper,colorred,test,num1,typeneutral,singlestim,19,118960,100010,edc,paicipantresponsered,correct
435,Subject150,483,suicide,67,suicide,colorred,test,num1,typesuicide,singlestim,21,124660,100030,edc,paicipantresponsered,correct
731,Subject150,410,success,77,success,colorblue,test,num1,typepositive,singlestim,23,130283,100050,edm,paicipantresponseblue,correct
1027,Subject150,449,pleasure,77,pleasure,colorred,test,num1,typepositive,singlestim,25,135950,100070,edm,paicipantresponseblue,incorrect
1323,Subject150,632,alone,67,alone,colorred,test,num1,typenegative,singlestim,27,141799,100090,edc,paicipantresponsered,correct
1619,Subject150,428,engine,67,engine,colorred,test,num1,typeneutral,singlestim,29,147441,1000110,edc,paicipantresponsered,correct
1915,Subject150,533,rejected,77,rejected,colorblue,test,num1,typenegative,singlestim,31,153192,1000130,edm,paicipantresponseblue,correct
2211,Subject150,644,stupid,77,stupid,colorblue,test,num1,typenegative,singlestim,33,159051,1000150,edm,paicipantresponseblue,correct
2507,Subject150,599,happy,67,happy,colorblue,test,num1,typepositive,singlestim,35,164863,1000170,edc,paicipantresponsered,incorrect
2803,Subject150,575,success,67,success,colorred,test,num1,typepositive,singlestim,37,170654,1000190,edc,paicipantresponsered,correct
3099,Subject150,487,happy,67,happy,colorred,test,num1,typepositive,singlestim,39,176352,1000210,edc,paicipantresponsered,correct
3395,Subject150,708,engine,77,engine,colorblue,test,num1,typeneutral,singlestim,41,182273,1000230,edm,paicipantresponseblue,correct
3691,Subject150,1143,funeral,67,funeral,colorred,test,num1,typesuicide,singlestim,43,188632,1000250,edc,paicipantresponsered,correct
3987,Subject150,871,museum,77,museum,colorblue,test,num1,typeneutral,singlestim,45,194713,1000270,edm,paicipantresponseblue,correct
4283,Subject150,588,dead,77,dead,colorblue,test,num1,typesuicide,singlestim,47,200513,1000290,edm,paicipantresponseblue,correct
4579,Subject150,456,funeral,77,funeral,colorblue,test,num1,typesuicide,singlestim,49,206180,1000310,edm,paicipantresponseblue,correct
4875,Subject150,385,paper,77,paper,colorblue,test,num1,typeneutral,singlestim,51,211777,1000330,edm,paicipantresponseblue,correct
5171,Subject150,517,rejected,67,rejected,colorred,test,num1,typenegative,singlestim,53,217506,1000350,edc,paicipantresponsered,correct
5467,Subject150,981,museum,77,museum,colorred,test,num1,typeneutral,singlestim,55,223697,1000370,edm,paicipantresponseblue,incorrect
5763,Subject150,784,stupid,67,stupid,colorred,test,num1,typenegative,singlestim,57,229699,1000390,edc,paicipantresponsered,correct
6059,Subject150,637,pleasure,77,pleasure,colorblue,test,num1,typepositive,singlestim,59,235552,1000410,edm,paicipantresponseblue,correct
6355,Subject150,1497,alone,77,alone,colorblue,test,num1,typenegative,singlestim,61,242259,1000430,edm,paicipantresponseblue,correct
6651,Subject150,1119,dead,67,dead,colorred,test,num1,typesuicide,singlestim,63,248596,1000450,edc,paicipantresponsered,correct
6947,Subject150,968,suicide,77,suicide,colorblue,test,num1,typesuicide,singlestim,65,254779,1000470,edm,paicipantresponseblue,correct
7243,Subject150,595,alone,77,alone,colorblue,test,num2,typenegative,singlestim,67,260586,101010,edm,paicipantresponseblue,correct
7539,Subject150,539,alone,67,alone,colorred,test,num2,typenegative,singlestim,69,266334,101030,edc,paicipantresponsered,correct
7835,Subject150,492,funeral,77,funeral,colorblue,test,num2,typesuicide,singlestim,71,272039,101050,edm,paicipantresponseblue,correct
8131,Subject150,574,suicide,67,suicide,colorred,test,num2,typesuicide,singlestim,73,277830,101070,edc,paicipantresponsered,correct
8427,Subject150,681,happy,67,happy,colorblue,test,num2,typepositive,singlestim,75,283723,101090,edc,paicipantresponsered,incorrect
8723,Subject150,758,engine,67,engine,colorred,test,num2,typeneutral,singlestim,77,289694,1010110,edc,paicipantresponsered,correct
9019,Subject150,724,stupid,77,stupid,colorblue,test,num2,typenegative,singlestim,79,295637,1010130,edm,paicipantresponseblue,correct
9315,Subject150,1023,rejected,67,rejected,colorred,test,num2,typenegative,singlestim,81,301870,1010150,edc,paicipantresponsered,correct
9611,Subject150,986,stupid,67,stupid,colorred,test,num2,typenegative,singlestim,83,308066,1010170,edc,paicipantresponsered,correct
9907,Subject150,779,paper,67,paper,colorred,test,num2,typeneutral,singlestim,85,314057,1010190,edc,paicipantresponsered,correct
10203,Subject150,966,museum,67,museum,colorred,test,num2,typeneutral,singlestim,87,320234,1010210,edc,paicipantresponsered,correct
10499,Subject150,506,success,67,success,colorred,test,num2,typepositive,singlestim,89,325956,1010230,edc,paicipantresponsered,correct
10795,Subject150,455,dead,77,dead,colorblue,test,num2,typesuicide,singlestim,91,331623,1010250,edm,paicipantresponseblue,correct
11091,Subject150,746,paper,77,paper,colorblue,test,num2,typeneutral,singlestim,93,337582,1010270,edm,paicipantresponseblue,correct
11387,Subject150,617,dead,67,dead,colorred,test,num2,typesuicide,singlestim,95,343407,1010290,edc,paicipantresponsered,correct
11683,Subject150,1001,success,77,success,colorblue,test,num2,typepositive,singlestim,97,349615,1010310,edm,paicipantresponseblue,correct
11979,Subject150,636,museum,77,museum,colorblue,test,num2,typeneutral,singlestim,99,355462,1010330,edm,paicipantresponseblue,correct
12275,Subject150,547,funeral,67,funeral,colorred,test,num2,typesuicide,singlestim,101,361228,1010350,edc,paicipantresponsered,correct
12571,Subject150,400,engine,77,engine,colorblue,test,num2,typeneutral,singlestim,103,366843,1010370,edm,paicipantresponseblue,correct
12867,Subject150,548,pleasure,67,pleasure,colorred,test,num2,typepositive,singlestim,105,372601,1010390,edc,paicipantresponsered,correct
13163,Subject150,411,pleasure,77,pleasure,colorblue,test,num2,typepositive,singlestim,107,378221,1010410,edm,paicipantresponseblue,correct
13459,Subject150,410,rejected,77,rejected,colorblue,test,num2,typenegative,singlestim,109,383838,1010430,edm,paicipantresponseblue,correct
13755,Subject150,650,suicide,77,suicide,colorblue,test,num2,typesuicide,singlestim,111,389699,1010450,edm,paicipantresponseblue,correct
14051,Subject150,608,happy,67,happy,colorred,test,num2,typepositive,singlestim,113,395516,1010470,edc,paicipantresponsered,correct