,SubjectID,rt,stimulus,keypress,word,color,block,blocknum,wordtype,trialtype,trialindex,timeelapsed,internalnodeid,keypressed,participantresponse,correctresponse
36,Subject37,959,paper,77,paper,colorblue,test,num1,typeneutral,singlestim,19,85913,100010,edm,paicipantresponseblue,correct
332,Subject37,662,stupid,77,stupid,colorblue,test,num1,typenegative,singlestim,21,91784,100030,edm,paicipantresponseblue,correct
628,Subject37,634,museum,77,museum,colorblue,test,num1,typeneutral,singlestim,23,97633,100050,edm,paicipantresponseblue,correct
924,Subject37,618,rejected,77,rejected,colorblue,test,num1,typenegative,singlestim,25,103464,100070,edm,paicipantresponseblue,correct
1220,Subject37,758,stupid,67,stupid,colorred,test,num1,typenegative,singlestim,27,109432,100090,edc,paicipantresponsered,correct
1516,Subject37,912,funeral,67,funeral,colorred,test,num1,typesuicide,singlestim,29,115551,1000110,edc,paicipantresponsered,correct
1812,Subject37,741,dead,77,dead,colorblue,test,num1,typesuicide,singlestim,31,121504,1000130,edm,paicipantresponseblue,correct
2108,Subject37,1113,dead,67,dead,colorred,test,num1,typesuicide,singlestim,33,127831,1000150,edc,paicipantresponsered,correct
2404,Subject37,1,engine,1,engine,colorblue,test,num1,typeneutral,singlestim,35,135049,1000170,ed,,incorrect
2700,Subject37,725,success,67,success,colorred,test,num1,typepositive,singlestim,37,140982,1000190,edc,paicipantresponsered,correct
2996,Subject37,954,success,77,success,colorblue,test,num1,typepositive,singlestim,39,147150,1000210,edm,paicipantresponseblue,correct
3292,Subject37,581,rejected,67,rejected,colorred,test,num1,typenegative,singlestim,41,152942,1000230,edc,paicipantresponsered,correct
3588,Subject37,1459,alone,77,alone,colorblue,test,num1,typenegative,singlestim,43,159609,1000250,edm,paicipantresponseblue,correct
3884,Subject37,1227,alone,67,alone,colorred,test,num1,typenegative,singlestim,45,166046,1000270,edc,paicipantresponsered,correct
4180,Subject37,1123,happy,67,happy,colorred,test,num1,typepositive,singlestim,47,172379,1000290,edc,paicipantresponsered,correct
4476,Subject37,597,paper,67,paper,colorred,test,num1,typeneutral,singlestim,49,178186,1000310,edc,paicipantresponsered,correct
4772,Subject37,1038,funeral,77,funeral,colorblue,test,num1,typesuicide,singlestim,51,184435,1000330,edm,paicipantresponseblue,correct
5068,Subject37,804,suicide,77,suicide,colorblue,test,num1,typesuicide,singlestim,53,190453,1000350,edm,paicipantresponseblue,correct
5364,Subject37,893,pleasure,77,pleasure,colorblue,test,num1,typepositive,singlestim,55,196555,1000370,edm,paicipantresponseblue,correct
5660,Subject37,772,happy,77,happy,colorblue,test,num1,typepositive,singlestim,57,202538,1000390,edm,paicipantresponseblue,correct
5956,Subject37,575,engine,67,engine,colorred,test,num1,typeneutral,singlestim,59,208326,1000410,edc,paicipantresponsered,correct
6252,Subject37,735,pleasure,88,pleasure,colorred,test,num1,typepositive,singlestim,61,214273,1000430,edx,,incorrect
6548,Subject37,648,suicide,67,suicide,colorred,test,num1,typesuicide,singlestim,63,220128,1000450,edc,paicipantresponsered,correct
6844,Subject37,1314,museum,67,museum,colorred,test,num1,typeneutral,singlestim,65,226655,1000470,edc,paicipantresponsered,correct
7140,Subject37,1266,engine,77,engine,colorblue,test,num2,typeneutral,singlestim,67,233137,101010,edm,paicipantresponseblue,correct
7436,Subject37,923,rejected,67,rejected,colorred,test,num2,typenegative,singlestim,69,239272,101030,edc,paicipantresponsered,correct
7732,Subject37,685,success,67,success,colorred,test,num2,typepositive,singlestim,71,245168,101050,edc,paicipantresponsered,correct
8028,Subject37,820,rejected,77,rejected,colorblue,test,num2,typenegative,singlestim,73,251199,101070,edm,paicipantresponseblue,correct
8324,Subject37,854,pleasure,67,pleasure,colorred,test,num2,typepositive,singlestim,75,257263,101090,edc,paicipantresponsered,correct
8620,Subject37,1458,stupid,67,stupid,colorred,test,num2,typenegative,singlestim,77,263934,1010110,edc,paicipantresponsered,correct
8916,Subject37,815,engine,67,engine,colorred,test,num2,typeneutral,singlestim,79,269959,1010130,edc,paicipantresponsered,correct
9212,Subject37,678,museum,67,museum,colorred,test,num2,typeneutral,singlestim,81,275846,1010150,edc,paicipantresponsered,correct
9508,Subject37,661,suicide,67,suicide,colorred,test,num2,typesuicide,singlestim,83,281721,1010170,edc,paicipantresponsered,correct
9804,Subject37,424,pleasure,77,pleasure,colorblue,test,num2,typepositive,singlestim,85,287356,1010190,edm,paicipantresponseblue,correct
10100,Subject37,1,alone,,alone,colorblue,test,num2,typenegative,singlestim,87,294570,1010210,ed,,incorrect
10396,Subject37,728,success,77,success,colorblue,test,num2,typepositive,singlestim,89,300510,1010230,edm,paicipantresponseblue,correct
10692,Subject37,939,stupid,77,stupid,colorblue,test,num2,typenegative,singlestim,91,306658,1010250,edm,paicipantresponseblue,correct
10988,Subject37,644,alone,67,alone,colorred,test,num2,typenegative,singlestim,93,312515,1010270,edc,paicipantresponsered,correct
11284,Subject37,691,happy,77,happy,colorblue,test,num2,typepositive,singlestim,95,318419,1010290,edm,paicipantresponseblue,correct
11580,Subject37,805,funeral,67,funeral,colorred,test,num2,typesuicide,singlestim,97,324434,1010310,edc,paicipantresponsered,correct
11876,Subject37,1015,dead,67,dead,colorred,test,num2,typesuicide,singlestim,99,330657,1010330,edc,paicipantresponsered,correct
12172,Subject37,773,museum,77,museum,colorblue,test,num2,typeneutral,singlestim,101,336644,1010350,edm,paicipantresponseblue,correct
12468,Subject37,586,happy,67,happy,colorred,test,num2,typepositive,singlestim,103,342442,1010370,edc,paicipantresponsered,correct
12764,Subject37,646,paper,77,paper,colorblue,test,num2,typeneutral,singlestim,105,348299,1010390,edm,paicipantresponseblue,correct
13060,Subject37,1293,suicide,77,suicide,colorblue,test,num2,typesuicide,singlestim,107,354802,1010410,edm,paicipantresponseblue,correct
13356,Subject37,1186,funeral,77,funeral,colorblue,test,num2,typesuicide,singlestim,109,361202,1010430,edm,paicipantresponseblue,correct
13652,Subject37,546,paper,67,paper,colorred,test,num2,typeneutral,singlestim,111,366962,1010450,edc,paicipantresponsered,correct
13948,Subject37,812,dead,77,dead,colorblue,test,num2,typesuicide,singlestim,113,372986,1010470,edm,paicipantresponseblue,correct