,SubjectID,rt,stimulus,keypress,word,color,block,blocknum,wordtype,trialtype,trialindex,timeelapsed,internalnodeid,keypressed,participantresponse,correctresponse
220,Subject252,485,alone,77,alone,colorblue,test,num1,typenegative,singlestim,19,92959,100010,edm,paicipantresponseblue,correct
516,Subject252,520,museum,67,museum,colorred,test,num1,typeneutral,singlestim,21,98686,100030,edc,paicipantresponsered,correct
812,Subject252,454,happy,77,happy,colorblue,test,num1,typepositive,singlestim,23,104343,100050,edm,paicipantresponseblue,correct
1108,Subject252,403,stupid,77,stupid,colorblue,test,num1,typenegative,singlestim,25,109950,100070,edm,paicipantresponseblue,correct
1404,Subject252,416,funeral,77,funeral,colorblue,test,num1,typesuicide,singlestim,27,115568,100090,edm,paicipantresponseblue,correct
1700,Subject252,800,suicide,67,suicide,colorred,test,num1,typesuicide,singlestim,29,121574,1000110,edc,paicipantresponsered,correct
1996,Subject252,611,stupid,67,stupid,colorred,test,num1,typenegative,singlestim,31,127389,1000130,edc,paicipantresponsered,correct
2292,Subject252,496,pleasure,77,pleasure,colorblue,test,num1,typepositive,singlestim,33,133091,1000150,edm,paicipantresponseblue,correct
2588,Subject252,558,rejected,77,rejected,colorblue,test,num1,typenegative,singlestim,35,138855,1000170,edm,paicipantresponseblue,correct
2884,Subject252,633,rejected,67,rejected,colorred,test,num1,typenegative,singlestim,37,144694,1000190,edc,paicipantresponsered,correct
3180,Subject252,441,happy,67,happy,colorred,test,num1,typepositive,singlestim,39,150339,1000210,edc,paicipantresponsered,correct
3476,Subject252,370,dead,67,dead,colorred,test,num1,typesuicide,singlestim,41,155913,1000230,edc,paicipantresponsered,correct
3772,Subject252,445,suicide,77,suicide,colorblue,test,num1,typesuicide,singlestim,43,161563,1000250,edm,paicipantresponseblue,correct
4068,Subject252,431,museum,77,museum,colorblue,test,num1,typeneutral,singlestim,45,167197,1000270,edm,paicipantresponseblue,correct
4364,Subject252,433,paper,67,paper,colorred,test,num1,typeneutral,singlestim,47,172834,1000290,edc,paicipantresponsered,correct
4660,Subject252,586,engine,77,engine,colorblue,test,num1,typeneutral,singlestim,49,178624,1000310,edm,paicipantresponseblue,correct
4956,Subject252,384,paper,77,paper,colorblue,test,num1,typeneutral,singlestim,51,184214,1000330,edm,paicipantresponseblue,correct
5252,Subject252,614,pleasure,67,pleasure,colorred,test,num1,typepositive,singlestim,53,190033,1000350,edc,paicipantresponsered,correct
5548,Subject252,575,dead,77,dead,colorblue,test,num1,typesuicide,singlestim,55,195814,1000370,edm,paicipantresponseblue,correct
5844,Subject252,561,success,67,success,colorred,test,num1,typepositive,singlestim,57,201581,1000390,edc,paicipantresponsered,correct
6140,Subject252,408,alone,67,alone,colorred,test,num1,typenegative,singlestim,59,207196,1000410,edc,paicipantresponsered,correct
6436,Subject252,905,success,77,success,colorblue,test,num1,typepositive,singlestim,61,213308,1000430,edm,paicipantresponseblue,correct
6732,Subject252,435,funeral,67,funeral,colorred,test,num1,typesuicide,singlestim,63,218950,1000450,edc,paicipantresponsered,correct
7028,Subject252,612,engine,67,engine,colorred,test,num1,typeneutral,singlestim,65,224768,1000470,edc,paicipantresponsered,correct
7324,Subject252,551,funeral,77,funeral,colorblue,test,num2,typesuicide,singlestim,67,230524,101010,edm,paicipantresponseblue,correct
7620,Subject252,395,engine,77,engine,colorblue,test,num2,typeneutral,singlestim,69,236125,101030,edm,paicipantresponseblue,correct
7916,Subject252,495,engine,67,engine,colorred,test,num2,typeneutral,singlestim,71,241826,101050,edc,paicipantresponsered,correct
8212,Subject252,513,paper,67,paper,colorred,test,num2,typeneutral,singlestim,73,247544,101070,edc,paicipantresponsered,correct
8508,Subject252,491,stupid,77,stupid,colorblue,test,num2,typenegative,singlestim,75,253242,101090,edm,paicipantresponseblue,correct
8804,Subject252,451,rejected,67,rejected,colorred,test,num2,typenegative,singlestim,77,258899,1010110,edc,paicipantresponsered,correct
9100,Subject252,499,suicide,77,suicide,colorblue,test,num2,typesuicide,singlestim,79,264604,1010130,edm,paicipantresponseblue,correct
9396,Subject252,481,museum,77,museum,colorblue,test,num2,typeneutral,singlestim,81,270290,1010150,edm,paicipantresponseblue,correct
9692,Subject252,418,alone,67,alone,colorred,test,num2,typenegative,singlestim,83,275915,1010170,edc,paicipantresponsered,correct
9988,Subject252,716,rejected,77,rejected,colorblue,test,num2,typenegative,singlestim,85,281836,1010190,edm,paicipantresponseblue,correct
10284,Subject252,505,suicide,67,suicide,colorred,test,num2,typesuicide,singlestim,87,287546,1010210,edc,paicipantresponsered,correct
10580,Subject252,629,happy,67,happy,colorred,test,num2,typepositive,singlestim,89,293381,1010230,edc,paicipantresponsered,correct
10876,Subject252,493,pleasure,77,pleasure,colorblue,test,num2,typepositive,singlestim,91,299081,1010250,edm,paicipantresponseblue,correct
11172,Subject252,426,success,77,success,colorblue,test,num2,typepositive,singlestim,93,304712,1010270,edm,paicipantresponseblue,correct
11468,Subject252,426,happy,77,happy,colorblue,test,num2,typepositive,singlestim,95,310343,1010290,edm,paicipantresponseblue,correct
11764,Subject252,587,success,67,success,colorred,test,num2,typepositive,singlestim,97,316136,1010310,edc,paicipantresponsered,correct
12060,Subject252,1263,funeral,67,funeral,colorred,test,num2,typesuicide,singlestim,99,322604,1010330,edc,paicipantresponsered,correct
12356,Subject252,512,alone,77,alone,colorblue,test,num2,typenegative,singlestim,101,328321,1010350,edm,paicipantresponseblue,correct
12652,Subject252,1433,paper,77,paper,colorblue,test,num2,typeneutral,singlestim,103,334961,1010370,edm,paicipantresponseblue,correct
12948,Subject252,646,dead,77,dead,colorblue,test,num2,typesuicide,singlestim,105,340812,1010390,edm,paicipantresponseblue,correct
13244,Subject252,463,pleasure,67,pleasure,colorred,test,num2,typepositive,singlestim,107,346480,1010410,edc,paicipantresponsered,correct
13540,Subject252,425,dead,67,dead,colorred,test,num2,typesuicide,singlestim,109,352111,1010430,edc,paicipantresponsered,correct
13836,Subject252,803,stupid,67,stupid,colorred,test,num2,typenegative,singlestim,111,358120,1010450,edc,paicipantresponsered,correct
14132,Subject252,496,museum,67,museum,colorred,test,num2,typeneutral,singlestim,113,363825,1010470,edc,paicipantresponsered,correct