,SubjectID,rt,stimulus,keypress,word,color,block,blocknum,wordtype,trialtype,trialindex,timeelapsed,internalnodeid,keypressed,participantresponse,correctresponse
236,Subject269,531,rejected,77,rejected,colorblue,test,num1,typenegative,singlestim,19,96292,100010,edm,paicipantresponseblue,correct
532,Subject269,406,dead,67,dead,colorred,test,num1,typesuicide,singlestim,21,101904,100030,edc,paicipantresponsered,correct
828,Subject269,451,stupid,67,stupid,colorred,test,num1,typenegative,singlestim,23,107561,100050,edc,paicipantresponsered,correct
1124,Subject269,450,suicide,77,suicide,colorblue,test,num1,typesuicide,singlestim,25,113217,100070,edm,paicipantresponseblue,correct
1420,Subject269,262,rejected,67,rejected,colorred,test,num1,typenegative,singlestim,27,118682,100090,edc,paicipantresponsered,correct
1716,Subject269,451,happy,77,happy,colorblue,test,num1,typepositive,singlestim,29,124340,1000110,edm,paicipantresponseblue,correct
2012,Subject269,468,engine,67,engine,colorred,test,num1,typeneutral,singlestim,31,130014,1000130,edc,paicipantresponsered,correct
2308,Subject269,413,engine,77,engine,colorblue,test,num1,typeneutral,singlestim,33,135632,1000150,edm,paicipantresponseblue,correct
2604,Subject269,464,alone,77,alone,colorblue,test,num1,typenegative,singlestim,35,141302,1000170,edm,paicipantresponseblue,correct
2900,Subject269,445,paper,77,paper,colorblue,test,num1,typeneutral,singlestim,37,146949,1000190,edm,paicipantresponseblue,correct
3196,Subject269,495,museum,67,museum,colorred,test,num1,typeneutral,singlestim,39,152650,1000210,edc,paicipantresponsered,correct
3492,Subject269,426,stupid,77,stupid,colorblue,test,num1,typenegative,singlestim,41,158283,1000230,edm,paicipantresponseblue,correct
3788,Subject269,357,pleasure,67,pleasure,colorred,test,num1,typepositive,singlestim,43,163845,1000250,edc,paicipantresponsered,correct
4084,Subject269,622,dead,77,dead,colorblue,test,num1,typesuicide,singlestim,45,169674,1000270,edm,paicipantresponseblue,correct
4380,Subject269,420,museum,77,museum,colorblue,test,num1,typeneutral,singlestim,47,175299,1000290,edm,paicipantresponseblue,correct
4676,Subject269,459,success,77,success,colorblue,test,num1,typepositive,singlestim,49,180962,1000310,edm,paicipantresponseblue,correct
4972,Subject269,369,success,67,success,colorred,test,num1,typepositive,singlestim,51,186537,1000330,edc,paicipantresponsered,correct
5268,Subject269,374,suicide,67,suicide,colorred,test,num1,typesuicide,singlestim,53,192121,1000350,edc,paicipantresponsered,correct
5564,Subject269,350,happy,67,happy,colorred,test,num1,typepositive,singlestim,55,197678,1000370,edc,paicipantresponsered,correct
5860,Subject269,427,funeral,77,funeral,colorblue,test,num1,typesuicide,singlestim,57,203310,1000390,edm,paicipantresponseblue,correct
6156,Subject269,539,pleasure,77,pleasure,colorblue,test,num1,typepositive,singlestim,59,209053,1000410,edm,paicipantresponseblue,correct
6452,Subject269,608,paper,67,paper,colorred,test,num1,typeneutral,singlestim,61,214864,1000430,edc,paicipantresponsered,correct
6748,Subject269,329,alone,67,alone,colorred,test,num1,typenegative,singlestim,63,220400,1000450,edc,paicipantresponsered,correct
7044,Subject269,430,funeral,67,funeral,colorred,test,num1,typesuicide,singlestim,65,226034,1000470,edc,paicipantresponsered,correct
7340,Subject269,340,engine,67,engine,colorred,test,num2,typeneutral,singlestim,67,231578,101010,edc,paicipantresponsered,correct
7636,Subject269,420,museum,67,museum,colorred,test,num2,typeneutral,singlestim,69,237203,101030,edc,paicipantresponsered,correct
7932,Subject269,634,dead,77,dead,colorblue,test,num2,typesuicide,singlestim,71,243043,101050,edm,paicipantresponseblue,correct
8228,Subject269,470,engine,77,engine,colorblue,test,num2,typeneutral,singlestim,73,248718,101070,edm,paicipantresponseblue,correct
8524,Subject269,420,paper,67,paper,colorred,test,num2,typeneutral,singlestim,75,254343,101090,edc,paicipantresponsered,correct
8820,Subject269,371,happy,67,happy,colorred,test,num2,typepositive,singlestim,77,259920,1010110,edc,paicipantresponsered,correct
9116,Subject269,368,suicide,67,suicide,colorred,test,num2,typesuicide,singlestim,79,265493,1010130,edc,paicipantresponsered,correct
9412,Subject269,399,dead,67,dead,colorred,test,num2,typesuicide,singlestim,81,271095,1010150,edc,paicipantresponsered,correct
9708,Subject269,993,alone,77,alone,colorblue,test,num2,typenegative,singlestim,83,277293,1010170,edm,paicipantresponseblue,correct
10004,Subject269,594,alone,67,alone,colorred,test,num2,typenegative,singlestim,85,283090,1010190,edc,paicipantresponsered,correct
10300,Subject269,426,stupid,67,stupid,colorred,test,num2,typenegative,singlestim,87,288721,1010210,edc,paicipantresponsered,correct
10596,Subject269,417,success,67,success,colorred,test,num2,typepositive,singlestim,89,294344,1010230,edc,paicipantresponsered,correct
10892,Subject269,328,pleasure,67,pleasure,colorred,test,num2,typepositive,singlestim,91,299876,1010250,edc,paicipantresponsered,correct
11188,Subject269,418,funeral,67,funeral,colorred,test,num2,typesuicide,singlestim,93,305499,1010270,edc,paicipantresponsered,correct
11484,Subject269,477,suicide,77,suicide,colorblue,test,num2,typesuicide,singlestim,95,311181,1010290,edm,paicipantresponseblue,correct
11780,Subject269,371,pleasure,77,pleasure,colorblue,test,num2,typepositive,singlestim,97,316758,1010310,edm,paicipantresponseblue,correct
12076,Subject269,402,rejected,67,rejected,colorred,test,num2,typenegative,singlestim,99,322366,1010330,edc,paicipantresponsered,correct
12372,Subject269,405,museum,77,museum,colorblue,test,num2,typeneutral,singlestim,101,327977,1010350,edm,paicipantresponseblue,correct
12668,Subject269,471,happy,77,happy,colorblue,test,num2,typepositive,singlestim,103,333652,1010370,edm,paicipantresponseblue,correct
12964,Subject269,493,rejected,77,rejected,colorblue,test,num2,typenegative,singlestim,105,339350,1010390,edm,paicipantresponseblue,correct
13260,Subject269,410,stupid,77,stupid,colorblue,test,num2,typenegative,singlestim,107,344966,1010410,edm,paicipantresponseblue,correct
13556,Subject269,364,funeral,77,funeral,colorblue,test,num2,typesuicide,singlestim,109,350536,1010430,edm,paicipantresponseblue,correct
13852,Subject269,387,paper,77,paper,colorblue,test,num2,typeneutral,singlestim,111,356128,1010450,edm,paicipantresponseblue,correct
14148,Subject269,456,success,77,success,colorblue,test,num2,typepositive,singlestim,113,361789,1010470,edm,paicipantresponseblue,correct