,SubjectID,rt,stimulus,keypress,word,color,block,blocknum,wordtype,trialtype,trialindex,timeelapsed,internalnodeid,keypressed,participantresponse,correctresponse
18,Subject19,813,pleasure,67,pleasure,colorred,test,num1,typepositive,singlestim,19,107351,100010,edc,paicipantresponsered,correct
314,Subject19,383,alone,67,alone,colorred,test,num1,typenegative,singlestim,21,112940,100030,edc,paicipantresponsered,correct
610,Subject19,470,alone,77,alone,colorblue,test,num1,typenegative,singlestim,23,118616,100050,edm,paicipantresponseblue,correct
906,Subject19,523,paper,67,paper,colorred,test,num1,typeneutral,singlestim,25,124344,100070,edc,paicipantresponsered,correct
1202,Subject19,374,suicide,77,suicide,colorblue,test,num1,typesuicide,singlestim,27,129925,100090,edm,paicipantresponseblue,correct
1498,Subject19,420,dead,77,dead,colorblue,test,num1,typesuicide,singlestim,29,135549,1000110,edm,paicipantresponseblue,correct
1794,Subject19,363,engine,77,engine,colorblue,test,num1,typeneutral,singlestim,31,141119,1000130,edm,paicipantresponseblue,correct
2090,Subject19,303,funeral,77,funeral,colorblue,test,num1,typesuicide,singlestim,33,146629,1000150,edm,paicipantresponseblue,correct
2386,Subject19,455,funeral,67,funeral,colorred,test,num1,typesuicide,singlestim,35,152287,1000170,edc,paicipantresponsered,correct
2682,Subject19,477,pleasure,77,pleasure,colorblue,test,num1,typepositive,singlestim,37,157969,1000190,edm,paicipantresponseblue,correct
2978,Subject19,476,happy,77,happy,colorblue,test,num1,typepositive,singlestim,39,163650,1000210,edm,paicipantresponseblue,correct
3274,Subject19,379,paper,77,paper,colorblue,test,num1,typeneutral,singlestim,41,169234,1000230,edm,paicipantresponseblue,correct
3570,Subject19,537,dead,67,dead,colorred,test,num1,typesuicide,singlestim,43,174976,1000250,edc,paicipantresponsered,correct
3866,Subject19,465,museum,67,museum,colorred,test,num1,typeneutral,singlestim,45,180647,1000270,edc,paicipantresponsered,correct
4162,Subject19,365,happy,67,happy,colorred,test,num1,typepositive,singlestim,47,186216,1000290,edc,paicipantresponsered,correct
4458,Subject19,428,rejected,77,rejected,colorblue,test,num1,typenegative,singlestim,49,191850,1000310,edm,paicipantresponseblue,correct
4754,Subject19,372,stupid,67,stupid,colorred,test,num1,typenegative,singlestim,51,197426,1000330,edc,paicipantresponsered,correct
5050,Subject19,330,museum,77,museum,colorblue,test,num1,typeneutral,singlestim,53,202962,1000350,edm,paicipantresponseblue,correct
5346,Subject19,301,engine,67,engine,colorred,test,num1,typeneutral,singlestim,55,208467,1000370,edc,paicipantresponsered,correct
5642,Subject19,357,success,77,success,colorblue,test,num1,typepositive,singlestim,57,214031,1000390,edm,paicipantresponseblue,correct
5938,Subject19,343,suicide,67,suicide,colorred,test,num1,typesuicide,singlestim,59,219580,1000410,edc,paicipantresponsered,correct
6234,Subject19,513,success,67,success,colorred,test,num1,typepositive,singlestim,61,225301,1000430,edc,paicipantresponsered,correct
6530,Subject19,451,rejected,67,rejected,colorred,test,num1,typenegative,singlestim,63,230957,1000450,edc,paicipantresponsered,correct
6826,Subject19,408,stupid,77,stupid,colorblue,test,num1,typenegative,singlestim,65,236573,1000470,edm,paicipantresponseblue,correct
7122,Subject19,454,engine,67,engine,colorred,test,num2,typeneutral,singlestim,67,242233,101010,edc,paicipantresponsered,correct
7418,Subject19,456,paper,77,paper,colorblue,test,num2,typeneutral,singlestim,69,247893,101030,edm,paicipantresponseblue,correct
7714,Subject19,434,success,67,success,colorred,test,num2,typepositive,singlestim,71,253531,101050,edc,paicipantresponsered,correct
8010,Subject19,456,suicide,67,suicide,colorred,test,num2,typesuicide,singlestim,73,259194,101070,edc,paicipantresponsered,correct
8306,Subject19,388,dead,67,dead,colorblue,test,num2,typesuicide,singlestim,75,264789,101090,edc,paicipantresponsered,incorrect
8602,Subject19,373,success,77,success,colorblue,test,num2,typepositive,singlestim,77,270368,1010110,edm,paicipantresponseblue,correct
8898,Subject19,537,happy,77,happy,colorblue,test,num2,typepositive,singlestim,79,276110,1010130,edm,paicipantresponseblue,correct
9194,Subject19,310,museum,77,museum,colorblue,test,num2,typeneutral,singlestim,81,281625,1010150,edm,paicipantresponseblue,correct
9490,Subject19,494,pleasure,67,pleasure,colorred,test,num2,typepositive,singlestim,83,287325,1010170,edc,paicipantresponsered,correct
9786,Subject19,698,stupid,77,stupid,colorblue,test,num2,typenegative,singlestim,85,293228,1010190,edm,paicipantresponseblue,correct
10082,Subject19,621,alone,67,alone,colorred,test,num2,typenegative,singlestim,87,299055,1010210,edc,paicipantresponsered,correct
10378,Subject19,495,happy,67,happy,colorred,test,num2,typepositive,singlestim,89,304755,1010230,edc,paicipantresponsered,correct
10674,Subject19,485,funeral,77,funeral,colorblue,test,num2,typesuicide,singlestim,91,310446,1010250,edm,paicipantresponseblue,correct
10970,Subject19,480,funeral,67,funeral,colorred,test,num2,typesuicide,singlestim,93,316131,1010270,edc,paicipantresponsered,correct
11266,Subject19,431,dead,67,dead,colorred,test,num2,typesuicide,singlestim,95,321768,1010290,edc,paicipantresponsered,correct
11562,Subject19,424,pleasure,77,pleasure,colorblue,test,num2,typepositive,singlestim,97,327397,1010310,edm,paicipantresponseblue,correct
11858,Subject19,475,rejected,77,rejected,colorblue,test,num2,typenegative,singlestim,99,333079,1010330,edm,paicipantresponseblue,correct
12154,Subject19,385,rejected,67,rejected,colorred,test,num2,typenegative,singlestim,101,338668,1010350,edc,paicipantresponsered,correct
12450,Subject19,422,engine,77,engine,colorblue,test,num2,typeneutral,singlestim,103,344295,1010370,edm,paicipantresponseblue,correct
12746,Subject19,266,museum,67,museum,colorred,test,num2,typeneutral,singlestim,105,349767,1010390,edc,paicipantresponsered,correct
13042,Subject19,115,suicide,77,suicide,colorblue,test,num2,typesuicide,singlestim,107,355086,1010410,edm,paicipantresponseblue,correct
13338,Subject19,49,alone,67,alone,colorblue,test,num2,typenegative,singlestim,109,360343,1010430,edc,paicipantresponsered,incorrect
13634,Subject19,415,paper,67,paper,colorred,test,num2,typeneutral,singlestim,111,365962,1010450,edc,paicipantresponsered,correct
13930,Subject19,592,stupid,67,stupid,colorred,test,num2,typenegative,singlestim,113,371760,1010470,edc,paicipantresponsered,correct