,SubjectID,rt,stimulus,keypress,word,color,block,blocknum,wordtype,trialtype,trialindex,timeelapsed,internalnodeid,keypressed,participantresponse,correctresponse
245,Subject278,442,suicide,67,suicide,colorred,test,num1,typesuicide,singlestim,19,94977,100010,edc,paicipantresponsered,correct
541,Subject278,417,stupid,77,stupid,colorblue,test,num1,typenegative,singlestim,21,100599,100030,edm,paicipantresponseblue,correct
837,Subject278,357,dead,77,dead,colorblue,test,num1,typesuicide,singlestim,23,106161,100050,edm,paicipantresponseblue,correct
1133,Subject278,345,engine,67,engine,colorred,test,num1,typeneutral,singlestim,25,111710,100070,edc,paicipantresponsered,correct
1429,Subject278,388,pleasure,77,pleasure,colorblue,test,num1,typepositive,singlestim,27,117304,100090,edm,paicipantresponseblue,correct
1725,Subject278,514,success,77,success,colorblue,test,num1,typepositive,singlestim,29,123023,1000110,edm,paicipantresponseblue,correct
2021,Subject278,419,happy,67,happy,colorred,test,num1,typepositive,singlestim,31,128648,1000130,edc,paicipantresponsered,correct
2317,Subject278,353,engine,77,engine,colorblue,test,num1,typeneutral,singlestim,33,134207,1000150,edm,paicipantresponseblue,correct
2613,Subject278,435,rejected,67,rejected,colorred,test,num1,typenegative,singlestim,35,139847,1000170,edc,paicipantresponsered,correct
2909,Subject278,523,museum,77,museum,colorblue,test,num1,typeneutral,singlestim,37,145574,1000190,edm,paicipantresponseblue,correct
3205,Subject278,509,funeral,67,funeral,colorred,test,num1,typesuicide,singlestim,39,151289,1000210,edc,paicipantresponsered,correct
3501,Subject278,456,pleasure,77,pleasure,colorred,test,num1,typepositive,singlestim,41,156951,1000230,edm,paicipantresponseblue,incorrect
3797,Subject278,573,paper,67,paper,colorred,test,num1,typeneutral,singlestim,43,162729,1000250,edc,paicipantresponsered,correct
4093,Subject278,393,happy,77,happy,colorblue,test,num1,typepositive,singlestim,45,168328,1000270,edm,paicipantresponseblue,correct
4389,Subject278,413,alone,77,alone,colorblue,test,num1,typenegative,singlestim,47,173945,1000290,edm,paicipantresponseblue,correct
4685,Subject278,479,success,67,success,colorred,test,num1,typepositive,singlestim,49,179631,1000310,edc,paicipantresponsered,correct
4981,Subject278,365,funeral,77,funeral,colorblue,test,num1,typesuicide,singlestim,51,185202,1000330,edm,paicipantresponseblue,correct
5277,Subject278,448,paper,77,paper,colorblue,test,num1,typeneutral,singlestim,53,190855,1000350,edm,paicipantresponseblue,correct
5573,Subject278,406,dead,67,dead,colorred,test,num1,typesuicide,singlestim,55,196464,1000370,edc,paicipantresponsered,correct
5869,Subject278,396,rejected,77,rejected,colorblue,test,num1,typenegative,singlestim,57,202064,1000390,edm,paicipantresponseblue,correct
6165,Subject278,381,stupid,67,stupid,colorred,test,num1,typenegative,singlestim,59,207650,1000410,edc,paicipantresponsered,correct
6461,Subject278,416,suicide,77,suicide,colorblue,test,num1,typesuicide,singlestim,61,213272,1000430,edm,paicipantresponseblue,correct
6757,Subject278,571,museum,67,museum,colorred,test,num1,typeneutral,singlestim,63,219050,1000450,edc,paicipantresponsered,correct
7053,Subject278,488,alone,67,alone,colorred,test,num1,typenegative,singlestim,65,224744,1000470,edc,paicipantresponsered,correct
7349,Subject278,492,happy,77,happy,colorblue,test,num2,typepositive,singlestim,67,230443,101010,edm,paicipantresponseblue,correct
7645,Subject278,624,rejected,67,rejected,colorred,test,num2,typenegative,singlestim,69,236272,101030,edc,paicipantresponsered,correct
7941,Subject278,446,alone,67,alone,colorred,test,num2,typenegative,singlestim,71,241922,101050,edc,paicipantresponsered,correct
8237,Subject278,552,suicide,77,suicide,colorblue,test,num2,typesuicide,singlestim,73,247681,101070,edm,paicipantresponseblue,correct
8533,Subject278,542,stupid,67,stupid,colorred,test,num2,typenegative,singlestim,75,253427,101090,edc,paicipantresponsered,correct
8829,Subject278,417,engine,67,engine,colorred,test,num2,typeneutral,singlestim,77,259049,1010110,edc,paicipantresponsered,correct
9125,Subject278,381,rejected,77,rejected,colorblue,test,num2,typenegative,singlestim,79,264635,1010130,edm,paicipantresponseblue,correct
9421,Subject278,471,alone,77,alone,colorblue,test,num2,typenegative,singlestim,81,270312,1010150,edm,paicipantresponseblue,correct
9717,Subject278,426,pleasure,77,pleasure,colorblue,test,num2,typepositive,singlestim,83,275946,1010170,edm,paicipantresponseblue,correct
10013,Subject278,409,dead,77,dead,colorblue,test,num2,typesuicide,singlestim,85,281561,1010190,edm,paicipantresponseblue,correct
10309,Subject278,579,pleasure,67,pleasure,colorred,test,num2,typepositive,singlestim,87,287346,1010210,edc,paicipantresponsered,correct
10605,Subject278,634,success,77,success,colorblue,test,num2,typepositive,singlestim,89,293184,1010230,edm,paicipantresponseblue,correct
10901,Subject278,458,happy,67,happy,colorred,test,num2,typepositive,singlestim,91,298848,1010250,edc,paicipantresponsered,correct
11197,Subject278,508,funeral,67,funeral,colorred,test,num2,typesuicide,singlestim,93,304560,1010270,edc,paicipantresponsered,correct
11493,Subject278,587,success,67,success,colorred,test,num2,typepositive,singlestim,95,310354,1010290,edc,paicipantresponsered,correct
11789,Subject278,463,suicide,67,suicide,colorred,test,num2,typesuicide,singlestim,97,316022,1010310,edc,paicipantresponsered,correct
12085,Subject278,392,funeral,77,funeral,colorblue,test,num2,typesuicide,singlestim,99,321619,1010330,edm,paicipantresponseblue,correct
12381,Subject278,423,paper,67,paper,colorred,test,num2,typeneutral,singlestim,101,327248,1010350,edc,paicipantresponsered,correct
12677,Subject278,548,museum,77,museum,colorblue,test,num2,typeneutral,singlestim,103,333002,1010370,edm,paicipantresponseblue,correct
12973,Subject278,536,stupid,77,stupid,colorblue,test,num2,typenegative,singlestim,105,338744,1010390,edm,paicipantresponseblue,correct
13269,Subject278,566,paper,77,paper,colorblue,test,num2,typeneutral,singlestim,107,344513,1010410,edm,paicipantresponseblue,correct
13565,Subject278,546,dead,67,dead,colorred,test,num2,typesuicide,singlestim,109,350264,1010430,edc,paicipantresponsered,correct
13861,Subject278,371,museum,67,museum,colorred,test,num2,typeneutral,singlestim,111,355840,1010450,edc,paicipantresponsered,correct
14157,Subject278,708,engine,77,engine,colorblue,test,num2,typeneutral,singlestim,113,361751,1010470,edm,paicipantresponseblue,correct