,SubjectID,rt,stimulus,keypress,word,color,block,blocknum,wordtype,trialtype,trialindex,timeelapsed,internalnodeid,keypressed,participantresponse,correctresponse
183,Subject214,345,stupid,67,stupid,colorred,test,num1,typenegative,singlestim,19,68661,100010,edc,paicipantresponsered,correct
479,Subject214,449,alone,77,alone,colorblue,test,num1,typenegative,singlestim,21,74318,100030,edm,paicipantresponseblue,correct
775,Subject214,403,museum,77,museum,colorblue,test,num1,typeneutral,singlestim,23,79927,100050,edm,paicipantresponseblue,correct
1071,Subject214,402,pleasure,77,pleasure,colorblue,test,num1,typepositive,singlestim,25,85533,100070,edm,paicipantresponseblue,correct
1367,Subject214,401,suicide,67,suicide,colorred,test,num1,typesuicide,singlestim,27,91142,100090,edc,paicipantresponsered,correct
1663,Subject214,355,suicide,77,suicide,colorblue,test,num1,typesuicide,singlestim,29,96701,1000110,edm,paicipantresponseblue,correct
1959,Subject214,572,happy,77,happy,colorblue,test,num1,typepositive,singlestim,31,102477,1000130,edm,paicipantresponseblue,correct
2255,Subject214,656,funeral,67,funeral,colorred,test,num1,typesuicide,singlestim,33,108341,1000150,edc,paicipantresponsered,correct
2551,Subject214,419,pleasure,67,pleasure,colorred,test,num1,typepositive,singlestim,35,113965,1000170,edc,paicipantresponsered,correct
2847,Subject214,514,success,77,success,colorblue,test,num1,typepositive,singlestim,37,119685,1000190,edm,paicipantresponseblue,correct
3143,Subject214,363,happy,67,happy,colorred,test,num1,typepositive,singlestim,39,125253,1000210,edc,paicipantresponsered,correct
3439,Subject214,345,funeral,77,funeral,colorblue,test,num1,typesuicide,singlestim,41,130804,1000230,edm,paicipantresponseblue,correct
3735,Subject214,317,alone,67,alone,colorred,test,num1,typenegative,singlestim,43,136325,1000250,edc,paicipantresponsered,correct
4031,Subject214,411,engine,77,engine,colorblue,test,num1,typeneutral,singlestim,45,141940,1000270,edm,paicipantresponseblue,correct
4327,Subject214,330,museum,67,museum,colorred,test,num1,typeneutral,singlestim,47,147477,1000290,edc,paicipantresponsered,correct
4623,Subject214,355,stupid,77,stupid,colorblue,test,num1,typenegative,singlestim,49,153036,1000310,edm,paicipantresponseblue,correct
4919,Subject214,626,dead,67,dead,colorred,test,num1,typesuicide,singlestim,51,158869,1000330,edc,paicipantresponsered,correct
5215,Subject214,442,rejected,67,rejected,colorred,test,num1,typenegative,singlestim,53,164516,1000350,edc,paicipantresponsered,correct
5511,Subject214,395,paper,77,paper,colorblue,test,num1,typeneutral,singlestim,55,170117,1000370,edm,paicipantresponseblue,correct
5807,Subject214,346,success,67,success,colorred,test,num1,typepositive,singlestim,57,175669,1000390,edc,paicipantresponsered,correct
6103,Subject214,354,dead,77,dead,colorblue,test,num1,typesuicide,singlestim,59,181230,1000410,edm,paicipantresponseblue,correct
6399,Subject214,337,engine,67,engine,colorred,test,num1,typeneutral,singlestim,61,186773,1000430,edc,paicipantresponsered,correct
6695,Subject214,429,paper,67,paper,colorred,test,num1,typeneutral,singlestim,63,192407,1000450,edc,paicipantresponsered,correct
6991,Subject214,465,rejected,77,rejected,colorblue,test,num1,typenegative,singlestim,65,198077,1000470,edm,paicipantresponseblue,correct
7287,Subject214,353,stupid,77,stupid,colorblue,test,num2,typenegative,singlestim,67,203638,101010,edm,paicipantresponseblue,correct
7583,Subject214,434,suicide,77,suicide,colorblue,test,num2,typesuicide,singlestim,69,209278,101030,edm,paicipantresponseblue,correct
7879,Subject214,348,funeral,67,funeral,colorred,test,num2,typesuicide,singlestim,71,214830,101050,edc,paicipantresponsered,correct
8175,Subject214,425,museum,67,museum,colorred,test,num2,typeneutral,singlestim,73,220462,101070,edc,paicipantresponsered,correct
8471,Subject214,452,happy,67,happy,colorred,test,num2,typepositive,singlestim,75,226118,101090,edc,paicipantresponsered,correct
8767,Subject214,424,alone,77,alone,colorblue,test,num2,typenegative,singlestim,77,231749,1010110,edm,paicipantresponseblue,correct
9063,Subject214,380,paper,77,paper,colorblue,test,num2,typeneutral,singlestim,79,237333,1010130,edm,paicipantresponseblue,correct
9359,Subject214,388,alone,67,alone,colorred,test,num2,typenegative,singlestim,81,242927,1010150,edc,paicipantresponsered,correct
9655,Subject214,385,success,77,success,colorblue,test,num2,typepositive,singlestim,83,248518,1010170,edm,paicipantresponseblue,correct
9951,Subject214,442,museum,77,museum,colorblue,test,num2,typeneutral,singlestim,85,254166,1010190,edm,paicipantresponseblue,correct
10247,Subject214,291,engine,67,engine,colorred,test,num2,typeneutral,singlestim,87,259662,1010210,edc,paicipantresponsered,correct
10543,Subject214,506,pleasure,67,pleasure,colorred,test,num2,typepositive,singlestim,89,265373,1010230,edc,paicipantresponsered,correct
10839,Subject214,344,happy,77,happy,colorblue,test,num2,typepositive,singlestim,91,270926,1010250,edm,paicipantresponseblue,correct
11135,Subject214,392,dead,77,dead,colorblue,test,num2,typesuicide,singlestim,93,276525,1010270,edm,paicipantresponseblue,correct
11431,Subject214,419,pleasure,77,pleasure,colorblue,test,num2,typepositive,singlestim,95,282150,1010290,edm,paicipantresponseblue,correct
11727,Subject214,401,engine,77,engine,colorblue,test,num2,typeneutral,singlestim,97,287758,1010310,edm,paicipantresponseblue,correct
12023,Subject214,378,stupid,67,stupid,colorred,test,num2,typenegative,singlestim,99,293342,1010330,edc,paicipantresponsered,correct
12319,Subject214,318,dead,77,dead,colorred,test,num2,typesuicide,singlestim,101,298870,1010350,edm,paicipantresponseblue,incorrect
12615,Subject214,283,rejected,77,rejected,colorblue,test,num2,typenegative,singlestim,103,304359,1010370,edm,paicipantresponseblue,correct
12911,Subject214,417,success,67,success,colorred,test,num2,typepositive,singlestim,105,309982,1010390,edc,paicipantresponsered,correct
13207,Subject214,378,suicide,67,suicide,colorred,test,num2,typesuicide,singlestim,107,315567,1010410,edc,paicipantresponsered,correct
13503,Subject214,362,rejected,67,rejected,colorred,test,num2,typenegative,singlestim,109,321135,1010430,edc,paicipantresponsered,correct
13799,Subject214,456,paper,67,paper,colorred,test,num2,typeneutral,singlestim,111,326798,1010450,edc,paicipantresponsered,correct
14095,Subject214,354,funeral,77,funeral,colorblue,test,num2,typesuicide,singlestim,113,332358,1010470,edm,paicipantresponseblue,correct