,SubjectID,rt,stimulus,keypress,word,color,block,blocknum,wordtype,trialtype,trialindex,timeelapsed,internalnodeid,keypressed,participantresponse,correctresponse
257,Subject292,432,pleasure,67,pleasure,colorred,test,num1,typepositive,singlestim,19,96041,100010,edc,paicipantresponsered,correct
553,Subject292,427,pleasure,77,pleasure,colorblue,test,num1,typepositive,singlestim,21,101675,100030,edm,paicipantresponseblue,correct
849,Subject292,453,funeral,77,funeral,colorblue,test,num1,typesuicide,singlestim,23,107338,100050,edm,paicipantresponseblue,correct
1145,Subject292,474,rejected,67,rejected,colorred,test,num1,typenegative,singlestim,25,113017,100070,edc,paicipantresponsered,correct
1441,Subject292,480,stupid,77,stupid,colorblue,test,num1,typenegative,singlestim,27,118705,100090,edm,paicipantresponseblue,correct
1737,Subject292,361,dead,67,dead,colorred,test,num1,typesuicide,singlestim,29,124273,1000110,edc,paicipantresponsered,correct
2033,Subject292,426,alone,67,alone,colorred,test,num1,typenegative,singlestim,31,129905,1000130,edc,paicipantresponsered,correct
2329,Subject292,481,stupid,67,stupid,colorred,test,num1,typenegative,singlestim,33,135593,1000150,edc,paicipantresponsered,correct
2625,Subject292,426,museum,77,museum,colorblue,test,num1,typeneutral,singlestim,35,141225,1000170,edm,paicipantresponseblue,correct
2921,Subject292,537,dead,77,dead,colorblue,test,num1,typesuicide,singlestim,37,146968,1000190,edm,paicipantresponseblue,correct
3217,Subject292,402,paper,67,paper,colorred,test,num1,typeneutral,singlestim,39,152577,1000210,edc,paicipantresponsered,correct
3513,Subject292,617,museum,67,museum,colorred,test,num1,typeneutral,singlestim,41,158400,1000230,edc,paicipantresponsered,correct
3809,Subject292,433,suicide,77,suicide,colorblue,test,num1,typesuicide,singlestim,43,164040,1000250,edm,paicipantresponseblue,correct
4105,Subject292,466,rejected,77,rejected,colorblue,test,num1,typenegative,singlestim,45,169712,1000270,edm,paicipantresponseblue,correct
4401,Subject292,441,success,67,success,colorred,test,num1,typepositive,singlestim,47,175360,1000290,edc,paicipantresponsered,correct
4697,Subject292,664,happy,67,happy,colorred,test,num1,typepositive,singlestim,49,181232,1000310,edc,paicipantresponsered,correct
4993,Subject292,426,engine,77,engine,colorblue,test,num1,typeneutral,singlestim,51,186864,1000330,edm,paicipantresponseblue,correct
5289,Subject292,417,engine,67,engine,colorred,test,num1,typeneutral,singlestim,53,192487,1000350,edc,paicipantresponsered,correct
5585,Subject292,457,funeral,67,funeral,colorred,test,num1,typesuicide,singlestim,55,198151,1000370,edc,paicipantresponsered,correct
5881,Subject292,433,success,77,success,colorblue,test,num1,typepositive,singlestim,57,203791,1000390,edm,paicipantresponseblue,correct
6177,Subject292,464,happy,77,happy,colorblue,test,num1,typepositive,singlestim,59,209463,1000410,edm,paicipantresponseblue,correct
6473,Subject292,410,suicide,67,suicide,colorred,test,num1,typesuicide,singlestim,61,215079,1000430,edc,paicipantresponsered,correct
6769,Subject292,490,paper,77,paper,colorblue,test,num1,typeneutral,singlestim,63,220775,1000450,edm,paicipantresponseblue,correct
7065,Subject292,536,alone,77,alone,colorblue,test,num1,typenegative,singlestim,65,226519,1000470,edm,paicipantresponseblue,correct
7361,Subject292,473,paper,77,paper,colorblue,test,num2,typeneutral,singlestim,67,232200,101010,edm,paicipantresponseblue,correct
7657,Subject292,415,engine,67,engine,colorred,test,num2,typeneutral,singlestim,69,237822,101030,edc,paicipantresponsered,correct
7953,Subject292,490,funeral,67,funeral,colorred,test,num2,typesuicide,singlestim,71,243518,101050,edc,paicipantresponsered,correct
8249,Subject292,465,stupid,67,stupid,colorred,test,num2,typenegative,singlestim,73,249190,101070,edc,paicipantresponsered,correct
8545,Subject292,473,engine,77,engine,colorblue,test,num2,typeneutral,singlestim,75,254870,101090,edm,paicipantresponseblue,correct
8841,Subject292,466,success,77,success,colorblue,test,num2,typepositive,singlestim,77,260541,1010110,edm,paicipantresponseblue,correct
9137,Subject292,433,funeral,77,funeral,colorblue,test,num2,typesuicide,singlestim,79,266182,1010130,edm,paicipantresponseblue,correct
9433,Subject292,449,dead,77,dead,colorblue,test,num2,typesuicide,singlestim,81,271838,1010150,edm,paicipantresponseblue,correct
9729,Subject292,417,suicide,77,suicide,colorblue,test,num2,typesuicide,singlestim,83,277462,1010170,edm,paicipantresponseblue,correct
10025,Subject292,376,museum,77,museum,colorblue,test,num2,typeneutral,singlestim,85,283045,1010190,edm,paicipantresponseblue,correct
10321,Subject292,441,rejected,67,rejected,colorred,test,num2,typenegative,singlestim,87,288693,1010210,edc,paicipantresponsered,correct
10617,Subject292,473,alone,77,alone,colorblue,test,num2,typenegative,singlestim,89,294373,1010230,edm,paicipantresponseblue,correct
10913,Subject292,465,happy,77,happy,colorblue,test,num2,typepositive,singlestim,91,300045,1010250,edm,paicipantresponseblue,correct
11209,Subject292,457,stupid,77,stupid,colorblue,test,num2,typenegative,singlestim,93,305709,1010270,edm,paicipantresponseblue,correct
11505,Subject292,427,dead,67,dead,colorred,test,num2,typesuicide,singlestim,95,311341,1010290,edc,paicipantresponsered,correct
11801,Subject292,481,happy,67,happy,colorred,test,num2,typepositive,singlestim,97,317029,1010310,edc,paicipantresponsered,correct
12097,Subject292,433,pleasure,77,pleasure,colorblue,test,num2,typepositive,singlestim,99,322668,1010330,edm,paicipantresponseblue,correct
12393,Subject292,489,suicide,67,suicide,colorred,test,num2,typesuicide,singlestim,101,328364,1010350,edc,paicipantresponsered,correct
12689,Subject292,609,rejected,77,rejected,colorblue,test,num2,typenegative,singlestim,103,334180,1010370,edm,paicipantresponseblue,correct
12985,Subject292,521,success,67,success,colorred,test,num2,typepositive,singlestim,105,339908,1010390,edc,paicipantresponsered,correct
13281,Subject292,482,paper,67,paper,colorred,test,num2,typeneutral,singlestim,107,345596,1010410,edc,paicipantresponsered,correct
13577,Subject292,449,museum,67,museum,colorred,test,num2,typeneutral,singlestim,109,351252,1010430,edc,paicipantresponsered,correct
13873,Subject292,617,alone,67,alone,colorred,test,num2,typenegative,singlestim,111,357076,1010450,edc,paicipantresponsered,correct
14169,Subject292,416,pleasure,67,pleasure,colorred,test,num2,typepositive,singlestim,113,362699,1010470,edc,paicipantresponsered,correct