,SubjectID,rt,stimulus,keypress,word,color,block,blocknum,wordtype,trialtype,trialindex,timeelapsed,internalnodeid,keypressed,participantresponse,correctresponse
61,Subject65,354,alone,77,alone,colorblue,test,num1,typenegative,singlestim,19,81137,100010,edm,paicipantresponseblue,correct
357,Subject65,434,museum,77,museum,colorblue,test,num1,typeneutral,singlestim,21,86776,100030,edm,paicipantresponseblue,correct
653,Subject65,469,paper,77,paper,colorblue,test,num1,typeneutral,singlestim,23,92452,100050,edm,paicipantresponseblue,correct
949,Subject65,435,engine,77,engine,colorblue,test,num1,typeneutral,singlestim,25,98092,100070,edm,paicipantresponseblue,correct
1245,Subject65,409,funeral,77,funeral,colorblue,test,num1,typesuicide,singlestim,27,103706,100090,edm,paicipantresponseblue,correct
1541,Subject65,408,pleasure,77,pleasure,colorblue,test,num1,typepositive,singlestim,29,109321,1000110,edm,paicipantresponseblue,correct
1837,Subject65,440,rejected,77,rejected,colorblue,test,num1,typenegative,singlestim,31,114965,1000130,edm,paicipantresponseblue,correct
2133,Subject65,400,happy,77,happy,colorblue,test,num1,typepositive,singlestim,33,120572,1000150,edm,paicipantresponseblue,correct
2429,Subject65,400,pleasure,67,pleasure,colorred,test,num1,typepositive,singlestim,35,126177,1000170,edc,paicipantresponsered,correct
2725,Subject65,416,dead,77,dead,colorblue,test,num1,typesuicide,singlestim,37,131799,1000190,edm,paicipantresponseblue,correct
3021,Subject65,442,funeral,67,funeral,colorred,test,num1,typesuicide,singlestim,39,137446,1000210,edc,paicipantresponsered,correct
3317,Subject65,431,stupid,67,stupid,colorblue,test,num1,typenegative,singlestim,41,143081,1000230,edc,paicipantresponsered,incorrect
3613,Subject65,436,stupid,67,stupid,colorred,test,num1,typenegative,singlestim,43,148724,1000250,edc,paicipantresponsered,correct
3909,Subject65,534,happy,67,happy,colorred,test,num1,typepositive,singlestim,45,154462,1000270,edc,paicipantresponsered,correct
4205,Subject65,430,alone,67,alone,colorred,test,num1,typenegative,singlestim,47,160098,1000290,edc,paicipantresponsered,correct
4501,Subject65,542,success,77,success,colorblue,test,num1,typepositive,singlestim,49,165846,1000310,edm,paicipantresponseblue,correct
4797,Subject65,464,suicide,77,suicide,colorblue,test,num1,typesuicide,singlestim,51,171517,1000330,edm,paicipantresponseblue,correct
5093,Subject65,480,museum,67,museum,colorred,test,num1,typeneutral,singlestim,53,177204,1000350,edc,paicipantresponsered,correct
5389,Subject65,415,engine,67,engine,colorred,test,num1,typeneutral,singlestim,55,182824,1000370,edc,paicipantresponsered,correct
5685,Subject65,627,success,67,success,colorred,test,num1,typepositive,singlestim,57,188657,1000390,edc,paicipantresponsered,correct
5981,Subject65,491,rejected,67,rejected,colorred,test,num1,typenegative,singlestim,59,194354,1000410,edc,paicipantresponsered,correct
6277,Subject65,421,dead,67,dead,colorred,test,num1,typesuicide,singlestim,61,199982,1000430,edc,paicipantresponsered,correct
6573,Subject65,450,paper,67,paper,colorred,test,num1,typeneutral,singlestim,63,205638,1000450,edc,paicipantresponsered,correct
6869,Subject65,538,suicide,67,suicide,colorred,test,num1,typesuicide,singlestim,65,211381,1000470,edc,paicipantresponsered,correct
7165,Subject65,382,dead,67,dead,colorred,test,num2,typesuicide,singlestim,67,216970,101010,edc,paicipantresponsered,correct
7461,Subject65,335,paper,67,paper,colorred,test,num2,typeneutral,singlestim,69,222511,101030,edc,paicipantresponsered,correct
7757,Subject65,557,stupid,67,stupid,colorred,test,num2,typenegative,singlestim,71,228274,101050,edc,paicipantresponsered,correct
8053,Subject65,519,stupid,77,stupid,colorblue,test,num2,typenegative,singlestim,73,233998,101070,edm,paicipantresponseblue,correct
8349,Subject65,481,engine,77,engine,colorblue,test,num2,typeneutral,singlestim,75,239686,101090,edm,paicipantresponseblue,correct
8645,Subject65,389,rejected,67,rejected,colorred,test,num2,typenegative,singlestim,77,245280,1010110,edc,paicipantresponsered,correct
8941,Subject65,392,rejected,77,rejected,colorblue,test,num2,typenegative,singlestim,79,250878,1010130,edm,paicipantresponseblue,correct
9237,Subject65,368,happy,67,happy,colorred,test,num2,typepositive,singlestim,81,256452,1010150,edc,paicipantresponsered,correct
9533,Subject65,597,alone,67,alone,colorred,test,num2,typenegative,singlestim,83,262256,1010170,edc,paicipantresponsered,correct
9829,Subject65,404,dead,77,dead,colorblue,test,num2,typesuicide,singlestim,85,267866,1010190,edm,paicipantresponseblue,correct
10125,Subject65,457,funeral,67,funeral,colorred,test,num2,typesuicide,singlestim,87,273530,1010210,edc,paicipantresponsered,correct
10421,Subject65,412,museum,67,museum,colorred,test,num2,typeneutral,singlestim,89,279147,1010230,edc,paicipantresponsered,correct
10717,Subject65,492,paper,77,paper,colorblue,test,num2,typeneutral,singlestim,91,284846,1010250,edm,paicipantresponseblue,correct
11013,Subject65,497,success,77,success,colorblue,test,num2,typepositive,singlestim,93,290549,1010270,edm,paicipantresponseblue,correct
11309,Subject65,514,suicide,77,suicide,colorblue,test,num2,typesuicide,singlestim,95,296269,1010290,edm,paicipantresponseblue,correct
11605,Subject65,576,pleasure,67,pleasure,colorred,test,num2,typepositive,singlestim,97,302051,1010310,edc,paicipantresponsered,correct
11901,Subject65,431,alone,77,alone,colorblue,test,num2,typenegative,singlestim,99,307688,1010330,edm,paicipantresponseblue,correct
12197,Subject65,467,museum,77,museum,colorblue,test,num2,typeneutral,singlestim,101,313361,1010350,edm,paicipantresponseblue,correct
12493,Subject65,367,suicide,67,suicide,colorred,test,num2,typesuicide,singlestim,103,318935,1010370,edc,paicipantresponsered,correct
12789,Subject65,517,success,67,success,colorred,test,num2,typepositive,singlestim,105,324657,1010390,edc,paicipantresponsered,correct
13085,Subject65,483,pleasure,77,pleasure,colorblue,test,num2,typepositive,singlestim,107,330346,1010410,edm,paicipantresponseblue,correct
13381,Subject65,539,happy,77,happy,colorblue,test,num2,typepositive,singlestim,109,336091,1010430,edm,paicipantresponseblue,correct
13677,Subject65,469,funeral,77,funeral,colorblue,test,num2,typesuicide,singlestim,111,341767,1010450,edm,paicipantresponseblue,correct
13973,Subject65,331,engine,67,engine,colorred,test,num2,typeneutral,singlestim,113,347303,1010470,edc,paicipantresponsered,correct