,SubjectID,rt,stimulus,keypress,word,color,block,blocknum,wordtype,trialtype,trialindex,timeelapsed,internalnodeid,keypressed,participantresponse,correctresponse
255,Subject290,828,stupid,77,stupid,colorblue,test,num1,typenegative,singlestim,19,142444,100010,edm,paicipantresponseblue,correct
551,Subject290,643,paper,67,paper,colorred,test,num1,typeneutral,singlestim,21,148292,100030,edc,paicipantresponsered,correct
847,Subject290,626,stupid,67,stupid,colorred,test,num1,typenegative,singlestim,23,154149,100050,edc,paicipantresponsered,correct
1143,Subject290,447,engine,77,engine,colorblue,test,num1,typeneutral,singlestim,25,159804,100070,edm,paicipantresponseblue,correct
1439,Subject290,414,funeral,67,funeral,colorred,test,num1,typesuicide,singlestim,27,165437,100090,edc,paicipantresponsered,correct
1735,Subject290,418,rejected,77,rejected,colorblue,test,num1,typenegative,singlestim,29,171060,1000110,edm,paicipantresponseblue,correct
2031,Subject290,668,success,67,success,colorred,test,num1,typepositive,singlestim,31,176957,1000130,edc,paicipantresponsered,correct
2327,Subject290,505,happy,77,happy,colorblue,test,num1,typepositive,singlestim,33,182668,1000150,edm,paicipantresponseblue,correct
2623,Subject290,690,engine,67,engine,colorred,test,num1,typeneutral,singlestim,35,188564,1000170,edc,paicipantresponsered,correct
2919,Subject290,711,alone,77,alone,colorblue,test,num1,typenegative,singlestim,37,194484,1000190,edm,paicipantresponseblue,correct
3215,Subject290,438,museum,77,museum,colorblue,test,num1,typeneutral,singlestim,39,200148,1000210,edm,paicipantresponseblue,correct
3511,Subject290,459,dead,67,dead,colorred,test,num1,typesuicide,singlestim,41,205812,1000230,edc,paicipantresponsered,correct
3807,Subject290,654,happy,77,happy,colorred,test,num1,typepositive,singlestim,43,211676,1000250,edm,paicipantresponseblue,incorrect
4103,Subject290,634,suicide,67,suicide,colorblue,test,num1,typesuicide,singlestim,45,217515,1000270,edc,paicipantresponsered,incorrect
4399,Subject290,440,funeral,77,funeral,colorblue,test,num1,typesuicide,singlestim,47,223180,1000290,edm,paicipantresponseblue,correct
4695,Subject290,522,pleasure,77,pleasure,colorblue,test,num1,typepositive,singlestim,49,228908,1000310,edm,paicipantresponseblue,correct
4991,Subject290,721,pleasure,67,pleasure,colorred,test,num1,typepositive,singlestim,51,234836,1000330,edc,paicipantresponsered,correct
5287,Subject290,527,success,77,success,colorblue,test,num1,typepositive,singlestim,53,240571,1000350,edm,paicipantresponseblue,correct
5583,Subject290,687,suicide,67,suicide,colorred,test,num1,typesuicide,singlestim,55,246477,1000370,edc,paicipantresponsered,correct
5879,Subject290,489,alone,67,alone,colorred,test,num1,typenegative,singlestim,57,252171,1000390,edc,paicipantresponsered,correct
6175,Subject290,627,museum,67,museum,colorred,test,num1,typeneutral,singlestim,59,258003,1000410,edc,paicipantresponsered,correct
6471,Subject290,825,rejected,67,rejected,colorred,test,num1,typenegative,singlestim,61,264035,1000430,edc,paicipantresponsered,correct
6767,Subject290,538,dead,77,dead,colorblue,test,num1,typesuicide,singlestim,63,269780,1000450,edm,paicipantresponseblue,correct
7063,Subject290,571,paper,77,paper,colorblue,test,num1,typeneutral,singlestim,65,275555,1000470,edm,paicipantresponseblue,correct
7359,Subject290,490,rejected,77,rejected,colorblue,test,num2,typenegative,singlestim,67,281251,101010,edm,paicipantresponseblue,correct
7655,Subject290,426,success,67,success,colorred,test,num2,typepositive,singlestim,69,286883,101030,edc,paicipantresponsered,correct
7951,Subject290,443,engine,67,engine,colorred,test,num2,typeneutral,singlestim,71,292531,101050,edc,paicipantresponsered,correct
8247,Subject290,400,stupid,67,stupid,colorred,test,num2,typenegative,singlestim,73,298139,101070,edc,paicipantresponsered,correct
8543,Subject290,473,stupid,77,stupid,colorblue,test,num2,typenegative,singlestim,75,303819,101090,edm,paicipantresponseblue,correct
8839,Subject290,462,happy,77,happy,colorblue,test,num2,typepositive,singlestim,77,309499,1010110,edm,paicipantresponseblue,correct
9135,Subject290,554,suicide,67,suicide,colorred,test,num2,typesuicide,singlestim,79,315259,1010130,edc,paicipantresponsered,correct
9431,Subject290,805,happy,77,happy,colorred,test,num2,typepositive,singlestim,81,321283,1010150,edm,paicipantresponseblue,incorrect
9727,Subject290,848,pleasure,67,pleasure,colorred,test,num2,typepositive,singlestim,83,327339,1010170,edc,paicipantresponsered,correct
10023,Subject290,651,engine,77,engine,colorblue,test,num2,typeneutral,singlestim,85,333195,1010190,edm,paicipantresponseblue,correct
10319,Subject290,1322,alone,67,alone,colorred,test,num2,typenegative,singlestim,87,339723,1010210,edc,paicipantresponsered,correct
10615,Subject290,1401,museum,77,museum,colorblue,test,num2,typeneutral,singlestim,89,346330,1010230,edm,paicipantresponseblue,correct
10911,Subject290,620,rejected,67,rejected,colorred,test,num2,typenegative,singlestim,91,352155,1010250,edc,paicipantresponsered,correct
11207,Subject290,989,dead,77,dead,colorblue,test,num2,typesuicide,singlestim,93,358358,1010270,edm,paicipantresponseblue,correct
11503,Subject290,790,dead,67,dead,colorred,test,num2,typesuicide,singlestim,95,364363,1010290,edc,paicipantresponsered,correct
11799,Subject290,704,paper,77,paper,colorblue,test,num2,typeneutral,singlestim,97,370274,1010310,edm,paicipantresponseblue,correct
12095,Subject290,716,alone,67,alone,colorblue,test,num2,typenegative,singlestim,99,376195,1010330,edc,paicipantresponsered,incorrect
12391,Subject290,938,museum,67,museum,colorred,test,num2,typeneutral,singlestim,101,382338,1010350,edc,paicipantresponsered,correct
12687,Subject290,682,pleasure,77,pleasure,colorblue,test,num2,typepositive,singlestim,103,388227,1010370,edm,paicipantresponseblue,correct
12983,Subject290,801,success,77,success,colorblue,test,num2,typepositive,singlestim,105,394234,1010390,edm,paicipantresponseblue,correct
13279,Subject290,788,funeral,77,funeral,colorblue,test,num2,typesuicide,singlestim,107,400228,1010410,edm,paicipantresponseblue,correct
13575,Subject290,494,paper,67,paper,colorred,test,num2,typeneutral,singlestim,109,405931,1010430,edc,paicipantresponsered,correct
13871,Subject290,523,suicide,77,suicide,colorblue,test,num2,typesuicide,singlestim,111,411658,1010450,edm,paicipantresponseblue,correct
14167,Subject290,591,funeral,67,funeral,colorred,test,num2,typesuicide,singlestim,113,417458,1010470,edc,paicipantresponsered,correct