,SubjectID,rt,stimulus,keypress,word,color,block,blocknum,wordtype,trialtype,trialindex,timeelapsed,internalnodeid,keypressed,participantresponse,correctresponse
283,Subject320,426,pleasure,77,pleasure,colorblue,test,num1,typepositive,singlestim,19,135304,100010,edm,paicipantresponseblue,correct
579,Subject320,473,suicide,77,suicide,colorblue,test,num1,typesuicide,singlestim,21,140983,100030,edm,paicipantresponseblue,correct
875,Subject320,464,success,67,success,colorred,test,num1,typepositive,singlestim,23,146653,100050,edc,paicipantresponsered,correct
1171,Subject320,490,paper,67,paper,colorred,test,num1,typeneutral,singlestim,25,152348,100070,edc,paicipantresponsered,correct
1467,Subject320,445,alone,77,alone,colorblue,test,num1,typenegative,singlestim,27,157998,100090,edm,paicipantresponseblue,correct
1763,Subject320,459,funeral,77,funeral,colorblue,test,num1,typesuicide,singlestim,29,163664,1000110,edm,paicipantresponseblue,correct
2059,Subject320,439,success,77,success,colorblue,test,num1,typepositive,singlestim,31,169309,1000130,edm,paicipantresponseblue,correct
2355,Subject320,710,rejected,67,rejected,colorred,test,num1,typenegative,singlestim,33,175223,1000150,edc,paicipantresponsered,correct
2651,Subject320,482,dead,67,dead,colorred,test,num1,typesuicide,singlestim,35,180911,1000170,edc,paicipantresponsered,correct
2947,Subject320,456,happy,67,happy,colorred,test,num1,typepositive,singlestim,37,186574,1000190,edc,paicipantresponsered,correct
3243,Subject320,497,suicide,67,suicide,colorred,test,num1,typesuicide,singlestim,39,192277,1000210,edc,paicipantresponsered,correct
3539,Subject320,519,happy,77,happy,colorblue,test,num1,typepositive,singlestim,41,197999,1000230,edm,paicipantresponseblue,correct
3835,Subject320,809,stupid,67,stupid,colorred,test,num1,typenegative,singlestim,43,204010,1000250,edc,paicipantresponsered,correct
4131,Subject320,667,alone,67,alone,colorred,test,num1,typenegative,singlestim,45,209882,1000270,edc,paicipantresponsered,correct
4427,Subject320,536,museum,67,museum,colorred,test,num1,typeneutral,singlestim,47,215623,1000290,edc,paicipantresponsered,correct
4723,Subject320,450,rejected,77,rejected,colorblue,test,num1,typenegative,singlestim,49,221276,1000310,edm,paicipantresponseblue,correct
5019,Subject320,499,engine,77,engine,colorblue,test,num1,typeneutral,singlestim,51,226979,1000330,edm,paicipantresponseblue,correct
5315,Subject320,498,stupid,77,stupid,colorblue,test,num1,typenegative,singlestim,53,232682,1000350,edm,paicipantresponseblue,correct
5611,Subject320,466,paper,77,paper,colorblue,test,num1,typeneutral,singlestim,55,238352,1000370,edm,paicipantresponseblue,correct
5907,Subject320,453,dead,77,dead,colorblue,test,num1,typesuicide,singlestim,57,244011,1000390,edm,paicipantresponseblue,correct
6203,Subject320,550,engine,67,engine,colorred,test,num1,typeneutral,singlestim,59,249767,1000410,edc,paicipantresponsered,correct
6499,Subject320,599,pleasure,67,pleasure,colorred,test,num1,typepositive,singlestim,61,255571,1000430,edc,paicipantresponsered,correct
6795,Subject320,540,funeral,67,funeral,colorred,test,num1,typesuicide,singlestim,63,261318,1000450,edc,paicipantresponsered,correct
7091,Subject320,549,museum,77,museum,colorblue,test,num1,typeneutral,singlestim,65,267072,1000470,edm,paicipantresponseblue,correct
7387,Subject320,660,alone,77,alone,colorblue,test,num2,typenegative,singlestim,67,272936,101010,edm,paicipantresponseblue,correct
7683,Subject320,643,paper,77,paper,colorblue,test,num2,typeneutral,singlestim,69,278784,101030,edm,paicipantresponseblue,correct
7979,Subject320,466,dead,67,dead,colorred,test,num2,typesuicide,singlestim,71,284455,101050,edc,paicipantresponsered,correct
8275,Subject320,991,paper,67,paper,colorred,test,num2,typeneutral,singlestim,73,290652,101070,edc,paicipantresponsered,correct
8571,Subject320,592,pleasure,67,pleasure,colorred,test,num2,typepositive,singlestim,75,296449,101090,edc,paicipantresponsered,correct
8867,Subject320,442,funeral,77,funeral,colorblue,test,num2,typesuicide,singlestim,77,302095,1010110,edm,paicipantresponseblue,correct
9163,Subject320,426,alone,67,alone,colorred,test,num2,typenegative,singlestim,79,307727,1010130,edc,paicipantresponsered,correct
9459,Subject320,415,museum,77,museum,colorblue,test,num2,typeneutral,singlestim,81,313344,1010150,edm,paicipantresponseblue,correct
9755,Subject320,555,stupid,77,stupid,colorblue,test,num2,typenegative,singlestim,83,319103,1010170,edm,paicipantresponseblue,correct
10051,Subject320,472,engine,77,engine,colorblue,test,num2,typeneutral,singlestim,85,324779,1010190,edm,paicipantresponseblue,correct
10347,Subject320,453,happy,67,happy,colorred,test,num2,typepositive,singlestim,87,330436,1010210,edc,paicipantresponsered,correct
10643,Subject320,761,dead,77,dead,colorblue,test,num2,typesuicide,singlestim,89,336404,1010230,edm,paicipantresponseblue,correct
10939,Subject320,454,rejected,77,rejected,colorblue,test,num2,typenegative,singlestim,91,342063,1010250,edm,paicipantresponseblue,correct
11235,Subject320,668,museum,67,museum,colorred,test,num2,typeneutral,singlestim,93,347935,1010270,edc,paicipantresponsered,correct
11531,Subject320,742,happy,77,happy,colorblue,test,num2,typepositive,singlestim,95,353883,1010290,edm,paicipantresponseblue,correct
11827,Subject320,539,success,77,success,colorblue,test,num2,typepositive,singlestim,97,359628,1010310,edm,paicipantresponseblue,correct
12123,Subject320,530,suicide,77,suicide,colorblue,test,num2,typesuicide,singlestim,99,365364,1010330,edm,paicipantresponseblue,correct
12419,Subject320,711,stupid,67,stupid,colorred,test,num2,typenegative,singlestim,101,371280,1010350,edc,paicipantresponsered,correct
12715,Subject320,522,success,67,success,colorred,test,num2,typepositive,singlestim,103,377009,1010370,edc,paicipantresponsered,correct
13011,Subject320,597,engine,67,engine,colorred,test,num2,typeneutral,singlestim,105,382812,1010390,edc,paicipantresponsered,correct
13307,Subject320,475,suicide,67,suicide,colorred,test,num2,typesuicide,singlestim,107,388493,1010410,edc,paicipantresponsered,correct
13603,Subject320,654,pleasure,77,pleasure,colorblue,test,num2,typepositive,singlestim,109,394352,1010430,edm,paicipantresponseblue,correct
13899,Subject320,969,funeral,67,funeral,colorred,test,num2,typesuicide,singlestim,111,400526,1010450,edc,paicipantresponsered,correct
14195,Subject320,548,rejected,67,rejected,colorred,test,num2,typenegative,singlestim,113,406279,1010470,edc,paicipantresponsered,correct