,SubjectID,rt,stimulus,keypress,word,color,block,blocknum,wordtype,trialtype,trialindex,timeelapsed,internalnodeid,keypressed,participantresponse,correctresponse
79,Subject84,680,funeral,67,funeral,colorred,test,num1,typesuicide,singlestim,19,105859,100010,edc,paicipantresponsered,correct
375,Subject84,363,success,77,success,colorblue,test,num1,typepositive,singlestim,21,111427,100030,edm,paicipantresponseblue,correct
671,Subject84,377,happy,77,happy,colorblue,test,num1,typepositive,singlestim,23,117009,100050,edm,paicipantresponseblue,correct
967,Subject84,375,stupid,77,stupid,colorblue,test,num1,typenegative,singlestim,25,122590,100070,edm,paicipantresponseblue,correct
1263,Subject84,439,alone,67,alone,colorred,test,num1,typenegative,singlestim,27,128235,100090,edc,paicipantresponsered,correct
1559,Subject84,379,museum,67,museum,colorred,test,num1,typeneutral,singlestim,29,133819,1000110,edc,paicipantresponsered,correct
1855,Subject84,394,paper,67,paper,colorred,test,num1,typeneutral,singlestim,31,139419,1000130,edc,paicipantresponsered,correct
2151,Subject84,366,dead,67,dead,colorred,test,num1,typesuicide,singlestim,33,144991,1000150,edc,paicipantresponsered,correct
2447,Subject84,331,funeral,77,funeral,colorblue,test,num1,typesuicide,singlestim,35,150528,1000170,edm,paicipantresponseblue,correct
2743,Subject84,340,paper,77,paper,colorblue,test,num1,typeneutral,singlestim,37,156075,1000190,edm,paicipantresponseblue,correct
3039,Subject84,418,success,67,success,colorred,test,num1,typepositive,singlestim,39,161698,1000210,edc,paicipantresponsered,correct
3335,Subject84,447,engine,67,engine,colorred,test,num1,typeneutral,singlestim,41,167351,1000230,edc,paicipantresponsered,correct
3631,Subject84,322,alone,77,alone,colorblue,test,num1,typenegative,singlestim,43,172880,1000250,edm,paicipantresponseblue,correct
3927,Subject84,414,stupid,67,stupid,colorred,test,num1,typenegative,singlestim,45,178500,1000270,edc,paicipantresponsered,correct
4223,Subject84,402,suicide,77,suicide,colorblue,test,num1,typesuicide,singlestim,47,184108,1000290,edm,paicipantresponseblue,correct
4519,Subject84,487,pleasure,67,pleasure,colorblue,test,num1,typepositive,singlestim,49,189800,1000310,edc,paicipantresponsered,incorrect
4815,Subject84,466,suicide,67,suicide,colorred,test,num1,typesuicide,singlestim,51,195473,1000330,edc,paicipantresponsered,correct
5111,Subject84,320,museum,77,museum,colorblue,test,num1,typeneutral,singlestim,53,200999,1000350,edm,paicipantresponseblue,correct
5407,Subject84,406,pleasure,67,pleasure,colorred,test,num1,typepositive,singlestim,55,206609,1000370,edc,paicipantresponsered,correct
5703,Subject84,360,rejected,77,rejected,colorblue,test,num1,typenegative,singlestim,57,212174,1000390,edm,paicipantresponseblue,correct
5999,Subject84,360,happy,67,happy,colorred,test,num1,typepositive,singlestim,59,217740,1000410,edc,paicipantresponsered,correct
6295,Subject84,373,dead,77,dead,colorblue,test,num1,typesuicide,singlestim,61,223317,1000430,edm,paicipantresponseblue,correct
6591,Subject84,396,engine,77,engine,colorblue,test,num1,typeneutral,singlestim,63,228918,1000450,edm,paicipantresponseblue,correct
6887,Subject84,342,rejected,77,rejected,colorred,test,num1,typenegative,singlestim,65,234465,1000470,edm,paicipantresponseblue,incorrect
7183,Subject84,434,pleasure,77,pleasure,colorblue,test,num2,typepositive,singlestim,67,240105,101010,edm,paicipantresponseblue,correct
7479,Subject84,366,stupid,67,stupid,colorred,test,num2,typenegative,singlestim,69,245676,101030,edc,paicipantresponsered,correct
7775,Subject84,361,engine,67,engine,colorred,test,num2,typeneutral,singlestim,71,251244,101050,edc,paicipantresponsered,correct
8071,Subject84,356,stupid,77,stupid,colorblue,test,num2,typenegative,singlestim,73,256805,101070,edm,paicipantresponseblue,correct
8367,Subject84,459,happy,67,happy,colorblue,test,num2,typepositive,singlestim,75,262470,101090,edc,paicipantresponsered,incorrect
8663,Subject84,447,engine,77,engine,colorblue,test,num2,typeneutral,singlestim,77,268123,1010110,edm,paicipantresponseblue,correct
8959,Subject84,466,rejected,77,rejected,colorblue,test,num2,typenegative,singlestim,79,273794,1010130,edm,paicipantresponseblue,correct
9255,Subject84,390,rejected,67,rejected,colorred,test,num2,typenegative,singlestim,81,279389,1010150,edc,paicipantresponsered,correct
9551,Subject84,405,paper,77,paper,colorblue,test,num2,typeneutral,singlestim,83,285000,1010170,edm,paicipantresponseblue,correct
9847,Subject84,438,museum,67,museum,colorred,test,num2,typeneutral,singlestim,85,290644,1010190,edc,paicipantresponsered,correct
10143,Subject84,372,success,67,success,colorred,test,num2,typepositive,singlestim,87,296222,1010210,edc,paicipantresponsered,correct
10439,Subject84,356,dead,77,dead,colorblue,test,num2,typesuicide,singlestim,89,301783,1010230,edm,paicipantresponseblue,correct
10735,Subject84,397,funeral,67,funeral,colorred,test,num2,typesuicide,singlestim,91,307386,1010250,edc,paicipantresponsered,correct
11031,Subject84,591,alone,77,alone,colorblue,test,num2,typenegative,singlestim,93,313183,1010270,edm,paicipantresponseblue,correct
11327,Subject84,470,happy,67,happy,colorred,test,num2,typepositive,singlestim,95,318858,1010290,edc,paicipantresponsered,correct
11623,Subject84,499,suicide,67,suicide,colorred,test,num2,typesuicide,singlestim,97,324562,1010310,edc,paicipantresponsered,correct
11919,Subject84,437,success,77,success,colorblue,test,num2,typepositive,singlestim,99,330204,1010330,edm,paicipantresponseblue,correct
12215,Subject84,507,paper,77,paper,colorred,test,num2,typeneutral,singlestim,101,335916,1010350,edm,paicipantresponseblue,incorrect
12511,Subject84,509,museum,77,museum,colorblue,test,num2,typeneutral,singlestim,103,341631,1010370,edm,paicipantresponseblue,correct
12807,Subject84,420,pleasure,67,pleasure,colorred,test,num2,typepositive,singlestim,105,347256,1010390,edc,paicipantresponsered,correct
13103,Subject84,392,alone,67,alone,colorred,test,num2,typenegative,singlestim,107,352854,1010410,edc,paicipantresponsered,correct
13399,Subject84,403,funeral,77,funeral,colorblue,test,num2,typesuicide,singlestim,109,358462,1010430,edm,paicipantresponseblue,correct
13695,Subject84,424,dead,67,dead,colorred,test,num2,typesuicide,singlestim,111,364092,1010450,edc,paicipantresponsered,correct
13991,Subject84,562,suicide,77,suicide,colorblue,test,num2,typesuicide,singlestim,113,369858,1010470,edm,paicipantresponseblue,correct