,SubjectID,rt,stimulus,keypress,word,color,block,blocknum,wordtype,trialtype,trialindex,timeelapsed,internalnodeid,keypressed,participantresponse,correctresponse
42,Subject43,601,museum,67,museum,colorred,test,num1,typeneutral,singlestim,19,95017,100010,edc,paicipantresponsered,correct
338,Subject43,569,dead,77,dead,colorblue,test,num1,typesuicide,singlestim,21,100797,100030,edm,paicipantresponseblue,correct
634,Subject43,480,museum,77,museum,colorblue,test,num1,typeneutral,singlestim,23,106489,100050,edm,paicipantresponseblue,correct
930,Subject43,539,paper,67,paper,colorred,test,num1,typeneutral,singlestim,25,112235,100070,edc,paicipantresponsered,correct
1226,Subject43,626,stupid,67,stupid,colorred,test,num1,typenegative,singlestim,27,118070,100090,edc,paicipantresponsered,correct
1522,Subject43,514,success,67,success,colorred,test,num1,typepositive,singlestim,29,123792,1000110,edc,paicipantresponsered,correct
1818,Subject43,469,dead,67,dead,colorred,test,num1,typesuicide,singlestim,31,129469,1000130,edc,paicipantresponsered,correct
2114,Subject43,408,stupid,77,stupid,colorblue,test,num1,typenegative,singlestim,33,135084,1000150,edm,paicipantresponseblue,correct
2410,Subject43,510,alone,67,alone,colorred,test,num1,typenegative,singlestim,35,140807,1000170,edc,paicipantresponsered,correct
2706,Subject43,479,engine,67,engine,colorred,test,num1,typeneutral,singlestim,37,146494,1000190,edc,paicipantresponsered,correct
3002,Subject43,471,suicide,67,suicide,colorred,test,num1,typesuicide,singlestim,39,152173,1000210,edc,paicipantresponsered,correct
3298,Subject43,506,happy,67,happy,colorred,test,num1,typepositive,singlestim,41,157883,1000230,edc,paicipantresponsered,correct
3594,Subject43,856,pleasure,77,pleasure,colorblue,test,num1,typepositive,singlestim,43,163945,1000250,edm,paicipantresponseblue,correct
3890,Subject43,624,rejected,67,rejected,colorred,test,num1,typenegative,singlestim,45,169779,1000270,edc,paicipantresponsered,correct
4186,Subject43,578,success,77,success,colorblue,test,num1,typepositive,singlestim,47,175563,1000290,edm,paicipantresponseblue,correct
4482,Subject43,468,suicide,77,suicide,colorblue,test,num1,typesuicide,singlestim,49,181243,1000310,edm,paicipantresponseblue,correct
4778,Subject43,527,rejected,77,rejected,colorblue,test,num1,typenegative,singlestim,51,186978,1000330,edm,paicipantresponseblue,correct
5074,Subject43,552,happy,77,happy,colorblue,test,num1,typepositive,singlestim,53,192740,1000350,edm,paicipantresponseblue,correct
5370,Subject43,495,funeral,67,funeral,colorred,test,num1,typesuicide,singlestim,55,198444,1000370,edc,paicipantresponsered,correct
5666,Subject43,576,engine,77,engine,colorblue,test,num1,typeneutral,singlestim,57,204227,1000390,edm,paicipantresponseblue,correct
5962,Subject43,538,funeral,77,funeral,colorblue,test,num1,typesuicide,singlestim,59,209980,1000410,edm,paicipantresponseblue,correct
6258,Subject43,577,pleasure,67,pleasure,colorred,test,num1,typepositive,singlestim,61,215768,1000430,edc,paicipantresponsered,correct
6554,Subject43,507,alone,77,alone,colorblue,test,num1,typenegative,singlestim,63,221487,1000450,edm,paicipantresponseblue,correct
6850,Subject43,585,paper,77,paper,colorblue,test,num1,typeneutral,singlestim,65,227280,1000470,edm,paicipantresponseblue,correct
7146,Subject43,460,success,77,success,colorblue,test,num2,typepositive,singlestim,67,232951,101010,edm,paicipantresponseblue,correct
7442,Subject43,518,happy,67,happy,colorred,test,num2,typepositive,singlestim,69,238683,101030,edc,paicipantresponsered,correct
7738,Subject43,436,stupid,77,stupid,colorblue,test,num2,typenegative,singlestim,71,244325,101050,edm,paicipantresponseblue,correct
8034,Subject43,475,pleasure,77,pleasure,colorblue,test,num2,typepositive,singlestim,73,250009,101070,edm,paicipantresponseblue,correct
8330,Subject43,561,engine,67,engine,colorred,test,num2,typeneutral,singlestim,75,255780,101090,edc,paicipantresponsered,correct
8626,Subject43,523,funeral,67,funeral,colorred,test,num2,typesuicide,singlestim,77,261509,1010110,edc,paicipantresponsered,correct
8922,Subject43,426,engine,77,engine,colorblue,test,num2,typeneutral,singlestim,79,267141,1010130,edm,paicipantresponseblue,correct
9218,Subject43,749,museum,67,museum,colorred,test,num2,typeneutral,singlestim,81,273099,1010150,edc,paicipantresponsered,correct
9514,Subject43,545,dead,77,dead,colorblue,test,num2,typesuicide,singlestim,83,278852,1010170,edm,paicipantresponseblue,correct
9810,Subject43,466,paper,77,paper,colorblue,test,num2,typeneutral,singlestim,85,284533,1010190,edm,paicipantresponseblue,correct
10106,Subject43,469,dead,67,dead,colorred,test,num2,typesuicide,singlestim,87,290209,1010210,edc,paicipantresponsered,correct
10402,Subject43,510,stupid,67,stupid,colorred,test,num2,typenegative,singlestim,89,295925,1010230,edc,paicipantresponsered,correct
10698,Subject43,421,museum,77,museum,colorblue,test,num2,typeneutral,singlestim,91,301554,1010250,edm,paicipantresponseblue,correct
10994,Subject43,510,suicide,67,suicide,colorred,test,num2,typesuicide,singlestim,93,307273,1010270,edc,paicipantresponsered,correct
11290,Subject43,615,alone,67,alone,colorred,test,num2,typenegative,singlestim,95,313101,1010290,edc,paicipantresponsered,correct
11586,Subject43,473,suicide,77,suicide,colorblue,test,num2,typesuicide,singlestim,97,318784,1010310,edm,paicipantresponseblue,correct
11882,Subject43,587,pleasure,67,pleasure,colorred,test,num2,typepositive,singlestim,99,324581,1010330,edc,paicipantresponsered,correct
12178,Subject43,541,funeral,77,funeral,colorblue,test,num2,typesuicide,singlestim,101,330333,1010350,edm,paicipantresponseblue,correct
12474,Subject43,493,rejected,77,rejected,colorblue,test,num2,typenegative,singlestim,103,336035,1010370,edm,paicipantresponseblue,correct
12770,Subject43,589,success,67,success,colorred,test,num2,typepositive,singlestim,105,341832,1010390,edc,paicipantresponsered,correct
13066,Subject43,651,alone,77,alone,colorblue,test,num2,typenegative,singlestim,107,347692,1010410,edm,paicipantresponseblue,correct
13362,Subject43,524,rejected,67,rejected,colorred,test,num2,typenegative,singlestim,109,353424,1010430,edc,paicipantresponsered,correct
13658,Subject43,477,happy,77,happy,colorblue,test,num2,typepositive,singlestim,111,359113,1010450,edm,paicipantresponseblue,correct
13954,Subject43,565,paper,67,paper,colorred,test,num2,typeneutral,singlestim,113,364887,1010470,edc,paicipantresponsered,correct