,SubjectID,rt,stimulus,keypress,word,color,block,blocknum,wordtype,trialtype,trialindex,timeelapsed,internalnodeid,keypressed,participantresponse,correctresponse
159,Subject191,400,alone,77,alone,colorblue,test,num1,typenegative,singlestim,19,93757,100010,edm,paicipantresponseblue,correct
455,Subject191,380,funeral,67,funeral,colorred,test,num1,typesuicide,singlestim,21,99340,100030,edc,paicipantresponsered,correct
751,Subject191,405,happy,67,happy,colorred,test,num1,typepositive,singlestim,23,104949,100050,edc,paicipantresponsered,correct
1047,Subject191,562,museum,77,museum,colorblue,test,num1,typeneutral,singlestim,25,110715,100070,edm,paicipantresponseblue,correct
1343,Subject191,439,rejected,67,rejected,colorred,test,num1,typenegative,singlestim,27,116358,100090,edc,paicipantresponsered,correct
1639,Subject191,375,pleasure,77,pleasure,colorblue,test,num1,typepositive,singlestim,29,121936,1000110,edm,paicipantresponseblue,correct
1935,Subject191,732,museum,67,museum,colorred,test,num1,typeneutral,singlestim,31,127874,1000130,edc,paicipantresponsered,correct
2231,Subject191,538,funeral,77,funeral,colorblue,test,num1,typesuicide,singlestim,33,133614,1000150,edm,paicipantresponseblue,correct
2527,Subject191,438,stupid,77,stupid,colorblue,test,num1,typenegative,singlestim,35,139255,1000170,edm,paicipantresponseblue,correct
2823,Subject191,394,dead,77,dead,colorblue,test,num1,typesuicide,singlestim,37,144850,1000190,edm,paicipantresponseblue,correct
3119,Subject191,439,paper,77,paper,colorblue,test,num1,typeneutral,singlestim,39,150495,1000210,edm,paicipantresponseblue,correct
3415,Subject191,542,alone,67,alone,colorred,test,num1,typenegative,singlestim,41,156239,1000230,edc,paicipantresponsered,correct
3711,Subject191,439,suicide,67,suicide,colorred,test,num1,typesuicide,singlestim,43,161881,1000250,edc,paicipantresponsered,correct
4007,Subject191,434,paper,67,paper,colorred,test,num1,typeneutral,singlestim,45,167519,1000270,edc,paicipantresponsered,correct
4303,Subject191,431,rejected,77,rejected,colorblue,test,num1,typenegative,singlestim,47,173153,1000290,edm,paicipantresponseblue,correct
4599,Subject191,694,success,67,success,colorred,test,num1,typepositive,singlestim,49,179050,1000310,edc,paicipantresponsered,correct
4895,Subject191,1,pleasure,1,pleasure,colorred,test,num1,typepositive,singlestim,51,186254,1000330,ed,,incorrect
5191,Subject191,1060,success,77,success,colorblue,test,num1,typepositive,singlestim,53,192517,1000350,edm,paicipantresponseblue,correct
5487,Subject191,635,suicide,77,suicide,colorblue,test,num1,typesuicide,singlestim,55,198356,1000370,edm,paicipantresponseblue,correct
5783,Subject191,1023,engine,77,engine,colorblue,test,num1,typeneutral,singlestim,57,204584,1000390,edm,paicipantresponseblue,correct
6079,Subject191,1027,dead,67,dead,colorred,test,num1,typesuicide,singlestim,59,210814,1000410,edc,paicipantresponsered,correct
6375,Subject191,476,happy,77,happy,colorblue,test,num1,typepositive,singlestim,61,216493,1000430,edm,paicipantresponseblue,correct
6671,Subject191,483,stupid,67,stupid,colorred,test,num1,typenegative,singlestim,63,222179,1000450,edc,paicipantresponsered,correct
6967,Subject191,798,engine,67,engine,colorred,test,num1,typeneutral,singlestim,65,228181,1000470,edc,paicipantresponsered,correct
7263,Subject191,1066,alone,67,alone,colorred,test,num2,typenegative,singlestim,67,234449,101010,edc,paicipantresponsered,correct
7559,Subject191,524,rejected,77,rejected,colorblue,test,num2,typenegative,singlestim,69,240177,101030,edm,paicipantresponseblue,correct
7855,Subject191,953,dead,77,dead,colorblue,test,num2,typesuicide,singlestim,71,246334,101050,edm,paicipantresponseblue,correct
8151,Subject191,388,rejected,67,rejected,colorred,test,num2,typenegative,singlestim,73,251926,101070,edc,paicipantresponsered,correct
8447,Subject191,576,dead,67,dead,colorred,test,num2,typesuicide,singlestim,75,257707,101090,edc,paicipantresponsered,correct
8743,Subject191,671,funeral,67,funeral,colorred,test,num2,typesuicide,singlestim,77,263583,1010110,edc,paicipantresponsered,correct
9039,Subject191,789,pleasure,77,pleasure,colorblue,test,num2,typepositive,singlestim,79,269575,1010130,edm,paicipantresponseblue,correct
9335,Subject191,781,engine,67,engine,colorred,test,num2,typeneutral,singlestim,81,275560,1010150,edc,paicipantresponsered,correct
9631,Subject191,1133,museum,67,museum,colorred,test,num2,typeneutral,singlestim,83,281897,1010170,edc,paicipantresponsered,correct
9927,Subject191,921,stupid,67,stupid,colorred,test,num2,typenegative,singlestim,85,288021,1010190,edc,paicipantresponsered,correct
10223,Subject191,1076,alone,77,alone,colorblue,test,num2,typenegative,singlestim,87,294300,1010210,edm,paicipantresponseblue,correct
10519,Subject191,810,funeral,77,funeral,colorblue,test,num2,typesuicide,singlestim,89,300312,1010230,edm,paicipantresponseblue,correct
10815,Subject191,775,pleasure,67,pleasure,colorred,test,num2,typepositive,singlestim,91,306291,1010250,edc,paicipantresponsered,correct
11111,Subject191,836,success,77,success,colorblue,test,num2,typepositive,singlestim,93,312330,1010270,edm,paicipantresponseblue,correct
11407,Subject191,529,museum,77,museum,colorblue,test,num2,typeneutral,singlestim,95,318062,1010290,edm,paicipantresponseblue,correct
11703,Subject191,528,engine,77,engine,colorblue,test,num2,typeneutral,singlestim,97,323796,1010310,edm,paicipantresponseblue,correct
11999,Subject191,579,happy,77,happy,colorblue,test,num2,typepositive,singlestim,99,329579,1010330,edm,paicipantresponseblue,correct
12295,Subject191,437,stupid,77,stupid,colorblue,test,num2,typenegative,singlestim,101,335220,1010350,edm,paicipantresponseblue,correct
12591,Subject191,540,suicide,77,suicide,colorblue,test,num2,typesuicide,singlestim,103,340963,1010370,edm,paicipantresponseblue,correct
12887,Subject191,829,happy,67,happy,colorred,test,num2,typepositive,singlestim,105,346997,1010390,edc,paicipantresponsered,correct
13183,Subject191,811,paper,77,paper,colorblue,test,num2,typeneutral,singlestim,107,353013,1010410,edm,paicipantresponseblue,correct
13479,Subject191,778,suicide,67,suicide,colorred,test,num2,typesuicide,singlestim,109,358993,1010430,edc,paicipantresponsered,correct
13775,Subject191,812,success,67,success,colorred,test,num2,typepositive,singlestim,111,365008,1010450,edc,paicipantresponsered,correct
14071,Subject191,874,paper,67,paper,colorred,test,num2,typeneutral,singlestim,113,371085,1010470,edc,paicipantresponsered,correct