,SubjectID,rt,stimulus,keypress,word,color,block,blocknum,wordtype,trialtype,trialindex,timeelapsed,internalnodeid,keypressed,participantresponse,correctresponse
22,Subject23,567,rejected,77,rejected,colorblue,test,num1,typenegative,singlestim,19,32155,100010,edm,paicipantresponseblue,correct
318,Subject23,460,suicide,67,suicide,colorred,test,num1,typesuicide,singlestim,21,37820,100030,edc,paicipantresponsered,correct
614,Subject23,457,paper,67,paper,colorred,test,num1,typeneutral,singlestim,23,43489,100050,edc,paicipantresponsered,correct
910,Subject23,387,pleasure,77,pleasure,colorblue,test,num1,typepositive,singlestim,25,49080,100070,edm,paicipantresponseblue,correct
1206,Subject23,434,stupid,67,stupid,colorred,test,num1,typenegative,singlestim,27,54719,100090,edc,paicipantresponsered,correct
1502,Subject23,471,success,67,success,colorred,test,num1,typepositive,singlestim,29,60397,1000110,edc,paicipantresponsered,correct
1798,Subject23,434,suicide,77,suicide,colorblue,test,num1,typesuicide,singlestim,31,66038,1000130,edm,paicipantresponseblue,correct
2094,Subject23,385,alone,77,alone,colorblue,test,num1,typenegative,singlestim,33,71632,1000150,edm,paicipantresponseblue,correct
2390,Subject23,416,dead,67,dead,colorred,test,num1,typesuicide,singlestim,35,77254,1000170,edc,paicipantresponsered,correct
2686,Subject23,400,pleasure,67,pleasure,colorred,test,num1,typepositive,singlestim,37,82866,1000190,edc,paicipantresponsered,correct
2982,Subject23,468,museum,77,museum,colorblue,test,num1,typeneutral,singlestim,39,88540,1000210,edm,paicipantresponseblue,correct
3278,Subject23,408,alone,67,alone,colorred,test,num1,typenegative,singlestim,41,94155,1000230,edc,paicipantresponsered,correct
3574,Subject23,416,stupid,77,stupid,colorblue,test,num1,typenegative,singlestim,43,99777,1000250,edm,paicipantresponseblue,correct
3870,Subject23,399,engine,77,engine,colorblue,test,num1,typeneutral,singlestim,45,105383,1000270,edm,paicipantresponseblue,correct
4166,Subject23,433,dead,77,dead,colorblue,test,num1,typesuicide,singlestim,47,111023,1000290,edm,paicipantresponseblue,correct
4462,Subject23,452,rejected,67,rejected,colorred,test,num1,typenegative,singlestim,49,116682,1000310,edc,paicipantresponsered,correct
4758,Subject23,466,engine,67,engine,colorred,test,num1,typeneutral,singlestim,51,122354,1000330,edc,paicipantresponsered,correct
5054,Subject23,422,museum,67,museum,colorred,test,num1,typeneutral,singlestim,53,127981,1000350,edc,paicipantresponsered,correct
5350,Subject23,448,paper,77,paper,colorblue,test,num1,typeneutral,singlestim,55,133634,1000370,edm,paicipantresponseblue,correct
5646,Subject23,442,funeral,67,funeral,colorred,test,num1,typesuicide,singlestim,57,139283,1000390,edc,paicipantresponsered,correct
5942,Subject23,757,happy,67,happy,colorred,test,num1,typepositive,singlestim,59,145248,1000410,edc,paicipantresponsered,correct
6238,Subject23,436,success,77,success,colorblue,test,num1,typepositive,singlestim,61,150891,1000430,edm,paicipantresponseblue,correct
6534,Subject23,477,funeral,77,funeral,colorblue,test,num1,typesuicide,singlestim,63,156575,1000450,edm,paicipantresponseblue,correct
6830,Subject23,487,happy,77,happy,colorblue,test,num1,typepositive,singlestim,65,162270,1000470,edm,paicipantresponseblue,correct
7126,Subject23,434,engine,77,engine,colorblue,test,num2,typeneutral,singlestim,67,167911,101010,edm,paicipantresponseblue,correct
7422,Subject23,417,engine,67,engine,colorred,test,num2,typeneutral,singlestim,69,173534,101030,edc,paicipantresponsered,correct
7718,Subject23,419,pleasure,77,pleasure,colorblue,test,num2,typepositive,singlestim,71,179159,101050,edm,paicipantresponseblue,correct
8014,Subject23,402,museum,67,museum,colorred,test,num2,typeneutral,singlestim,73,184768,101070,edc,paicipantresponsered,correct
8310,Subject23,380,stupid,77,stupid,colorblue,test,num2,typenegative,singlestim,75,190354,101090,edm,paicipantresponseblue,correct
8606,Subject23,424,happy,67,happy,colorred,test,num2,typepositive,singlestim,77,195986,1010110,edc,paicipantresponsered,correct
8902,Subject23,438,success,67,success,colorred,test,num2,typepositive,singlestim,79,201627,1010130,edc,paicipantresponsered,correct
9198,Subject23,376,dead,77,dead,colorblue,test,num2,typesuicide,singlestim,81,207207,1010150,edm,paicipantresponseblue,correct
9494,Subject23,396,paper,77,paper,colorblue,test,num2,typeneutral,singlestim,83,212808,1010170,edm,paicipantresponseblue,correct
9790,Subject23,387,stupid,67,stupid,colorred,test,num2,typenegative,singlestim,85,218399,1010190,edc,paicipantresponsered,correct
10086,Subject23,382,museum,77,museum,colorblue,test,num2,typeneutral,singlestim,87,223990,1010210,edm,paicipantresponseblue,correct
10382,Subject23,648,rejected,67,rejected,colorred,test,num2,typenegative,singlestim,89,229860,1010230,edc,paicipantresponsered,correct
10678,Subject23,410,suicide,67,suicide,colorred,test,num2,typesuicide,singlestim,91,235484,1010250,edc,paicipantresponsered,correct
10974,Subject23,464,pleasure,67,pleasure,colorred,test,num2,typepositive,singlestim,93,241161,1010270,edc,paicipantresponsered,correct
11270,Subject23,472,dead,67,dead,colorred,test,num2,typesuicide,singlestim,95,246846,1010290,edc,paicipantresponsered,correct
11566,Subject23,558,funeral,77,funeral,colorblue,test,num2,typesuicide,singlestim,97,252612,1010310,edm,paicipantresponseblue,correct
11862,Subject23,367,rejected,77,rejected,colorblue,test,num2,typenegative,singlestim,99,258190,1010330,edm,paicipantresponseblue,correct
12158,Subject23,403,alone,67,alone,colorred,test,num2,typenegative,singlestim,101,263802,1010350,edc,paicipantresponsered,correct
12454,Subject23,745,funeral,67,funeral,colorred,test,num2,typesuicide,singlestim,103,269753,1010370,edc,paicipantresponsered,correct
12750,Subject23,413,success,77,success,colorblue,test,num2,typepositive,singlestim,105,275376,1010390,edm,paicipantresponseblue,correct
13046,Subject23,487,happy,77,happy,colorblue,test,num2,typepositive,singlestim,107,281072,1010410,edm,paicipantresponseblue,correct
13342,Subject23,364,suicide,77,suicide,colorblue,test,num2,typesuicide,singlestim,109,286642,1010430,edm,paicipantresponseblue,correct
13638,Subject23,362,paper,67,paper,colorred,test,num2,typeneutral,singlestim,111,292208,1010450,edc,paicipantresponsered,correct
13934,Subject23,363,alone,77,alone,colorblue,test,num2,typenegative,singlestim,113,297776,1010470,edm,paicipantresponseblue,correct