"","SubjectID","rt","stimulus","keypress","word","color","block","blocknum","wordtype","trialtype","trialindex","timeelapsed","internalnodeid","keypressed","participantresponse","correctresponse"
"9","Subject9","579","pleasure","77","pleasure","colorblue","test","num1","typepositive","singlestim","19","73073","100010","edm","paicipantresponseblue","correct"
"305","Subject9","465","success","67","success","colorred","test","num1","typepositive","singlestim","21","78745","100030","edc","paicipantresponsered","correct"
"601","Subject9","422","engine","77","engine","colorblue","test","num1","typeneutral","singlestim","23","84372","100050","edm","paicipantresponseblue","correct"
"897","Subject9","369","dead","67","dead","colorred","test","num1","typesuicide","singlestim","25","89949","100070","edc","paicipantresponsered","correct"
"1193","Subject9","493","alone","77","alone","colorblue","test","num1","typenegative","singlestim","27","95647","100090","edm","paicipantresponseblue","correct"
"1489","Subject9","427","paper","67","paper","colorred","test","num1","typeneutral","singlestim","29","101282","1000110","edc","paicipantresponsered","correct"
"1785","Subject9","357","happy","77","happy","colorblue","test","num1","typepositive","singlestim","31","106847","1000130","edm","paicipantresponseblue","correct"
"2081","Subject9","345","stupid","67","stupid","colorred","test","num1","typenegative","singlestim","33","112399","1000150","edc","paicipantresponsered","correct"
"2377","Subject9","319","stupid","77","stupid","colorblue","test","num1","typenegative","singlestim","35","117927","1000170","edm","paicipantresponseblue","correct"
"2673","Subject9","382","dead","67","dead","colorblue","test","num1","typesuicide","singlestim","37","123516","1000190","edc","paicipantresponsered","incorrect"
"2969","Subject9","296","rejected","77","rejected","colorred","test","num1","typenegative","singlestim","39","129019","1000210","edm","paicipantresponseblue","incorrect"
"3265","Subject9","700","museum","67","museum","colorred","test","num1","typeneutral","singlestim","41","134925","1000230","edc","paicipantresponsered","correct"
"3561","Subject9","409","success","77","success","colorblue","test","num1","typepositive","singlestim","43","140541","1000250","edm","paicipantresponseblue","correct"
"3857","Subject9","388","alone","67","alone","colorred","test","num1","typenegative","singlestim","45","146135","1000270","edc","paicipantresponsered","correct"
"4153","Subject9","381","funeral","77","funeral","colorblue","test","num1","typesuicide","singlestim","47","151723","1000290","edm","paicipantresponseblue","correct"
"4449","Subject9","354","paper","77","paper","colorblue","test","num1","typeneutral","singlestim","49","157285","1000310","edm","paicipantresponseblue","correct"
"4745","Subject9","443","suicide","77","suicide","colorblue","test","num1","typesuicide","singlestim","51","162935","1000330","edm","paicipantresponseblue","correct"
"5041","Subject9","432","happy","67","happy","colorred","test","num1","typepositive","singlestim","53","168573","1000350","edc","paicipantresponsered","correct"
"5337","Subject9","625","pleasure","67","pleasure","colorred","test","num1","typepositive","singlestim","55","174404","1000370","edc","paicipantresponsered","correct"
"5633","Subject9","630","museum","77","museum","colorblue","test","num1","typeneutral","singlestim","57","180239","1000390","edm","paicipantresponseblue","correct"
"5929","Subject9","472","funeral","67","funeral","colorred","test","num1","typesuicide","singlestim","59","185917","1000410","edc","paicipantresponsered","correct"
"6225","Subject9","554","rejected","77","rejected","colorblue","test","num1","typenegative","singlestim","61","191677","1000430","edm","paicipantresponseblue","correct"
"6521","Subject9","454","engine","67","engine","colorred","test","num1","typeneutral","singlestim","63","197337","1000450","edc","paicipantresponsered","correct"
"6817","Subject9","472","suicide","67","suicide","colorred","test","num1","typesuicide","singlestim","65","203016","1000470","edc","paicipantresponsered","correct"
"7113","Subject9","461","paper","67","paper","colorred","test","num2","typeneutral","singlestim","67","208683","101010","edc","paicipantresponsered","correct"
"7409","Subject9","475","success","67","success","colorred","test","num2","typepositive","singlestim","69","214363","101030","edc","paicipantresponsered","correct"
"7705","Subject9","372","dead","77","dead","colorblue","test","num2","typesuicide","singlestim","71","219941","101050","edm","paicipantresponseblue","correct"
"8001","Subject9","420","suicide","77","suicide","colorred","test","num2","typesuicide","singlestim","73","225566","101070","edm","paicipantresponseblue","incorrect"
"8297","Subject9","820","museum","77","museum","colorblue","test","num2","typeneutral","singlestim","75","231592","101090","edm","paicipantresponseblue","correct"
"8593","Subject9","562","stupid","77","stupid","colorblue","test","num2","typenegative","singlestim","77","237360","1010110","edm","paicipantresponseblue","correct"
"8889","Subject9","433","funeral","67","funeral","colorred","test","num2","typesuicide","singlestim","79","242999","1010130","edc","paicipantresponsered","correct"
"9185","Subject9","998","rejected","77","rejected","colorblue","test","num2","typenegative","singlestim","81","249202","1010150","edm","paicipantresponseblue","correct"
"9481","Subject9","634","rejected","67","rejected","colorred","test","num2","typenegative","singlestim","83","255042","1010170","edc","paicipantresponsered","correct"
"9777","Subject9","531","pleasure","77","pleasure","colorblue","test","num2","typepositive","singlestim","85","260780","1010190","edm","paicipantresponseblue","correct"
"10073","Subject9","486","alone","77","alone","colorblue","test","num2","typenegative","singlestim","87","266473","1010210","edm","paicipantresponseblue","correct"
"10369","Subject9","511","dead","67","dead","colorred","test","num2","typesuicide","singlestim","89","272190","1010230","edc","paicipantresponsered","correct"
"10665","Subject9","473","funeral","77","funeral","colorblue","test","num2","typesuicide","singlestim","91","277869","1010250","edm","paicipantresponseblue","correct"
"10961","Subject9","847","engine","77","engine","colorblue","test","num2","typeneutral","singlestim","93","285079","1010270","edm","paicipantresponseblue","correct"
"11257","Subject9","519","paper","77","paper","colorblue","test","num2","typeneutral","singlestim","95","290806","1010290","edm","paicipantresponseblue","correct"
"11553","Subject9","478","engine","67","engine","colorred","test","num2","typeneutral","singlestim","97","296489","1010310","edc","paicipantresponsered","correct"
"11849","Subject9","1055","suicide","77","suicide","colorblue","test","num2","typesuicide","singlestim","99","302751","1010330","edm","paicipantresponseblue","correct"
"12145","Subject9","633","alone","67","alone","colorred","test","num2","typenegative","singlestim","101","308591","1010350","edc","paicipantresponsered","correct"
"12441","Subject9","618","success","77","success","colorblue","test","num2","typepositive","singlestim","103","314417","1010370","edm","paicipantresponseblue","correct"
"12737","Subject9","593","stupid","67","stupid","colorred","test","num2","typenegative","singlestim","105","320217","1010390","edc","paicipantresponsered","correct"
"13033","Subject9","481","happy","67","happy","colorred","test","num2","typepositive","singlestim","107","325903","1010410","edc","paicipantresponsered","correct"
"13329","Subject9","508","museum","67","museum","colorred","test","num2","typeneutral","singlestim","109","331616","1010430","edc","paicipantresponsered","correct"
"13625","Subject9","718","pleasure","67","pleasure","colorred","test","num2","typepositive","singlestim","111","337541","1010450","edc","paicipantresponsered","correct"
"13921","Subject9","393","happy","77","happy","colorblue","test","num2","typepositive","singlestim","113","343141","1010470","edm","paicipantresponseblue","correct"
