,SubjectID,rt,stimulus,keypress,word,color,block,blocknum,wordtype,trialtype,trialindex,timeelapsed,internalnodeid,keypressed,participantresponse,correctresponse
204,Subject236,807,suicide,67,suicide,colorred,test,num1,typesuicide,singlestim,19,80811,100010,edc,paicipantresponsered,correct
500,Subject236,530,success,67,success,colorred,test,num1,typepositive,singlestim,21,86548,100030,edc,paicipantresponsered,correct
796,Subject236,1025,dead,77,dead,colorblue,test,num1,typesuicide,singlestim,23,92781,100050,edm,paicipantresponseblue,correct
1092,Subject236,615,museum,77,museum,colorblue,test,num1,typeneutral,singlestim,25,98603,100070,edm,paicipantresponseblue,correct
1388,Subject236,399,stupid,67,stupid,colorred,test,num1,typenegative,singlestim,27,104208,100090,edc,paicipantresponsered,correct
1684,Subject236,498,pleasure,67,pleasure,colorred,test,num1,typepositive,singlestim,29,109913,1000110,edc,paicipantresponsered,correct
1980,Subject236,426,museum,67,museum,colorred,test,num1,typeneutral,singlestim,31,115545,1000130,edc,paicipantresponsered,correct
2276,Subject236,426,funeral,77,funeral,colorblue,test,num1,typesuicide,singlestim,33,121177,1000150,edm,paicipantresponseblue,correct
2572,Subject236,434,paper,67,paper,colorred,test,num1,typeneutral,singlestim,35,126815,1000170,edc,paicipantresponsered,correct
2868,Subject236,402,success,77,success,colorblue,test,num1,typepositive,singlestim,37,132425,1000190,edm,paicipantresponseblue,correct
3164,Subject236,350,paper,77,paper,colorblue,test,num1,typeneutral,singlestim,39,137986,1000210,edm,paicipantresponseblue,correct
3460,Subject236,434,rejected,67,rejected,colorred,test,num1,typenegative,singlestim,41,143626,1000230,edc,paicipantresponsered,correct
3756,Subject236,361,funeral,67,funeral,colorred,test,num1,typesuicide,singlestim,43,149193,1000250,edc,paicipantresponsered,correct
4052,Subject236,395,stupid,77,stupid,colorblue,test,num1,typenegative,singlestim,45,154794,1000270,edm,paicipantresponseblue,correct
4348,Subject236,450,suicide,77,suicide,colorblue,test,num1,typesuicide,singlestim,47,160449,1000290,edm,paicipantresponseblue,correct
4644,Subject236,483,engine,67,engine,colorred,test,num1,typeneutral,singlestim,49,166137,1000310,edc,paicipantresponsered,correct
4940,Subject236,367,happy,77,happy,colorblue,test,num1,typepositive,singlestim,51,171712,1000330,edm,paicipantresponseblue,correct
5236,Subject236,397,dead,67,dead,colorred,test,num1,typesuicide,singlestim,53,177313,1000350,edc,paicipantresponsered,correct
5532,Subject236,503,happy,67,happy,colorred,test,num1,typepositive,singlestim,55,183024,1000370,edc,paicipantresponsered,correct
5828,Subject236,395,engine,77,engine,colorblue,test,num1,typeneutral,singlestim,57,188625,1000390,edm,paicipantresponseblue,correct
6124,Subject236,505,rejected,77,rejected,colorblue,test,num1,typenegative,singlestim,59,194334,1000410,edm,paicipantresponseblue,correct
6420,Subject236,426,pleasure,77,pleasure,colorblue,test,num1,typepositive,singlestim,61,199970,1000430,edm,paicipantresponseblue,correct
6716,Subject236,411,alone,77,alone,colorblue,test,num1,typenegative,singlestim,63,205587,1000450,edm,paicipantresponseblue,correct
7012,Subject236,505,alone,67,alone,colorred,test,num1,typenegative,singlestim,65,211298,1000470,edc,paicipantresponsered,correct
7308,Subject236,345,pleasure,77,pleasure,colorblue,test,num2,typepositive,singlestim,67,216849,101010,edm,paicipantresponseblue,correct
7604,Subject236,350,dead,67,dead,colorred,test,num2,typesuicide,singlestim,69,222402,101030,edc,paicipantresponsered,correct
7900,Subject236,880,rejected,67,rejected,colorred,test,num2,typenegative,singlestim,71,228488,101050,edc,paicipantresponsered,correct
8196,Subject236,459,happy,67,happy,colorred,test,num2,typepositive,singlestim,73,234153,101070,edc,paicipantresponsered,correct
8492,Subject236,378,paper,67,paper,colorred,test,num2,typeneutral,singlestim,75,239737,101090,edc,paicipantresponsered,correct
8788,Subject236,506,suicide,67,suicide,colorred,test,num2,typesuicide,singlestim,77,245449,1010110,edc,paicipantresponsered,correct
9084,Subject236,515,funeral,77,funeral,colorblue,test,num2,typesuicide,singlestim,79,251168,1010130,edm,paicipantresponseblue,correct
9380,Subject236,551,alone,67,alone,colorblue,test,num2,typenegative,singlestim,81,256927,1010150,edc,paicipantresponsered,incorrect
9676,Subject236,505,funeral,67,funeral,colorred,test,num2,typesuicide,singlestim,83,262643,1010170,edc,paicipantresponsered,correct
9972,Subject236,623,success,77,success,colorblue,test,num2,typepositive,singlestim,85,268474,1010190,edm,paicipantresponseblue,correct
10268,Subject236,513,stupid,67,stupid,colorred,test,num2,typenegative,singlestim,87,274192,1010210,edc,paicipantresponsered,correct
10564,Subject236,387,rejected,77,rejected,colorblue,test,num2,typenegative,singlestim,89,279786,1010230,edm,paicipantresponseblue,correct
10860,Subject236,665,museum,67,museum,colorred,test,num2,typeneutral,singlestim,91,285656,1010250,edc,paicipantresponsered,correct
11156,Subject236,409,pleasure,67,pleasure,colorred,test,num2,typepositive,singlestim,93,291273,1010270,edc,paicipantresponsered,correct
11452,Subject236,506,museum,77,museum,colorblue,test,num2,typeneutral,singlestim,95,296984,1010290,edm,paicipantresponseblue,correct
11748,Subject236,483,engine,67,engine,colorred,test,num2,typeneutral,singlestim,97,302673,1010310,edc,paicipantresponsered,correct
12044,Subject236,720,dead,77,dead,colorblue,test,num2,typesuicide,singlestim,99,308598,1010330,edm,paicipantresponseblue,correct
12340,Subject236,560,stupid,77,stupid,colorblue,test,num2,typenegative,singlestim,101,314367,1010350,edm,paicipantresponseblue,correct
12636,Subject236,553,success,67,success,colorred,test,num2,typepositive,singlestim,103,320125,1010370,edc,paicipantresponsered,correct
12932,Subject236,427,paper,77,paper,colorblue,test,num2,typeneutral,singlestim,105,325763,1010390,edm,paicipantresponseblue,correct
13228,Subject236,475,suicide,77,suicide,colorblue,test,num2,typesuicide,singlestim,107,331443,1010410,edm,paicipantresponseblue,correct
13524,Subject236,483,engine,77,engine,colorblue,test,num2,typeneutral,singlestim,109,337132,1010430,edm,paicipantresponseblue,correct
13820,Subject236,473,alone,67,alone,colorred,test,num2,typenegative,singlestim,111,342810,1010450,edc,paicipantresponsered,correct
14116,Subject236,443,happy,77,happy,colorblue,test,num2,typepositive,singlestim,113,348458,1010470,edm,paicipantresponseblue,correct