,SubjectID,rt,stimulus,keypress,word,color,block,blocknum,wordtype,trialtype,trialindex,timeelapsed,internalnodeid,keypressed,participantresponse,correctresponse
268,Subject304,592,rejected,77,rejected,colorblue,test,num1,typenegative,singlestim,19,86598,100010,edm,paicipantresponseblue,correct
564,Subject304,484,paper,67,paper,colorred,test,num1,typeneutral,singlestim,21,92293,100030,edc,paicipantresponsered,correct
860,Subject304,647,engine,67,engine,colorred,test,num1,typeneutral,singlestim,23,98152,100050,edc,paicipantresponsered,correct
1156,Subject304,478,success,77,success,colorblue,test,num1,typepositive,singlestim,25,103838,100070,edm,paicipantresponseblue,correct
1452,Subject304,542,happy,77,happy,colorblue,test,num1,typepositive,singlestim,27,109589,100090,edm,paicipantresponseblue,correct
1748,Subject304,548,pleasure,77,pleasure,colorblue,test,num1,typepositive,singlestim,29,115348,1000110,edm,paicipantresponseblue,correct
2044,Subject304,784,funeral,77,funeral,colorblue,test,num1,typesuicide,singlestim,31,121341,1000130,edm,paicipantresponseblue,correct
2340,Subject304,510,stupid,77,stupid,colorblue,test,num1,typenegative,singlestim,33,127063,1000150,edm,paicipantresponseblue,correct
2636,Subject304,655,suicide,67,suicide,colorred,test,num1,typesuicide,singlestim,35,132932,1000170,edc,paicipantresponsered,correct
2932,Subject304,497,dead,77,dead,colorblue,test,num1,typesuicide,singlestim,37,138642,1000190,edm,paicipantresponseblue,correct
3228,Subject304,384,rejected,67,rejected,colorred,test,num1,typenegative,singlestim,39,144238,1000210,edc,paicipantresponsered,correct
3524,Subject304,577,stupid,67,stupid,colorred,test,num1,typenegative,singlestim,41,150026,1000230,edc,paicipantresponsered,correct
3820,Subject304,540,suicide,77,suicide,colorblue,test,num1,typesuicide,singlestim,43,155776,1000250,edm,paicipantresponseblue,correct
4116,Subject304,375,museum,67,museum,colorred,test,num1,typeneutral,singlestim,45,161362,1000270,edc,paicipantresponsered,correct
4412,Subject304,439,engine,77,engine,colorblue,test,num1,typeneutral,singlestim,47,167008,1000290,edm,paicipantresponseblue,correct
4708,Subject304,499,museum,77,museum,colorblue,test,num1,typeneutral,singlestim,49,172716,1000310,edm,paicipantresponseblue,correct
5004,Subject304,324,funeral,67,funeral,colorred,test,num1,typesuicide,singlestim,51,178251,1000330,edc,paicipantresponsered,correct
5300,Subject304,426,pleasure,67,pleasure,colorred,test,num1,typepositive,singlestim,53,183891,1000350,edc,paicipantresponsered,correct
5596,Subject304,374,alone,67,alone,colorred,test,num1,typenegative,singlestim,55,189475,1000370,edc,paicipantresponsered,correct
5892,Subject304,420,paper,77,paper,colorblue,test,num1,typeneutral,singlestim,57,195106,1000390,edm,paicipantresponseblue,correct
6188,Subject304,524,happy,77,happy,colorred,test,num1,typepositive,singlestim,59,200844,1000410,edm,paicipantresponseblue,incorrect
6484,Subject304,357,success,67,success,colorred,test,num1,typepositive,singlestim,61,206410,1000430,edc,paicipantresponsered,correct
6780,Subject304,535,alone,77,alone,colorblue,test,num1,typenegative,singlestim,63,212155,1000450,edm,paicipantresponseblue,correct
7076,Subject304,812,dead,67,dead,colorred,test,num1,typesuicide,singlestim,65,218178,1000470,edc,paicipantresponsered,correct
7372,Subject304,409,museum,67,museum,colorred,test,num2,typeneutral,singlestim,67,223799,101010,edc,paicipantresponsered,correct
7668,Subject304,598,rejected,77,rejected,colorblue,test,num2,typenegative,singlestim,69,229606,101030,edm,paicipantresponseblue,correct
7964,Subject304,534,engine,77,engine,colorblue,test,num2,typeneutral,singlestim,71,235353,101050,edm,paicipantresponseblue,correct
8260,Subject304,425,alone,67,alone,colorred,test,num2,typenegative,singlestim,73,240989,101070,edc,paicipantresponsered,correct
8556,Subject304,625,rejected,67,rejected,colorred,test,num2,typenegative,singlestim,75,246825,101090,edc,paicipantresponsered,correct
8852,Subject304,473,dead,67,dead,colorred,test,num2,typesuicide,singlestim,77,252510,1010110,edc,paicipantresponsered,correct
9148,Subject304,449,alone,77,alone,colorblue,test,num2,typenegative,singlestim,79,258168,1010130,edm,paicipantresponseblue,correct
9444,Subject304,493,stupid,77,stupid,colorblue,test,num2,typenegative,singlestim,81,263872,1010150,edm,paicipantresponseblue,correct
9740,Subject304,554,pleasure,77,pleasure,colorblue,test,num2,typepositive,singlestim,83,269640,1010170,edm,paicipantresponseblue,correct
10036,Subject304,493,dead,77,dead,colorblue,test,num2,typesuicide,singlestim,85,275347,1010190,edm,paicipantresponseblue,correct
10332,Subject304,500,happy,67,happy,colorred,test,num2,typepositive,singlestim,87,281058,1010210,edc,paicipantresponsered,correct
10628,Subject304,862,engine,67,engine,colorred,test,num2,typeneutral,singlestim,89,287131,1010230,edc,paicipantresponsered,correct
10924,Subject304,560,museum,77,museum,colorblue,test,num2,typeneutral,singlestim,91,292900,1010250,edm,paicipantresponseblue,correct
11220,Subject304,477,paper,67,paper,colorred,test,num2,typeneutral,singlestim,93,298586,1010270,edc,paicipantresponsered,correct
11516,Subject304,697,success,77,success,colorblue,test,num2,typepositive,singlestim,95,304494,1010290,edm,paicipantresponseblue,correct
11812,Subject304,529,suicide,67,suicide,colorred,test,num2,typesuicide,singlestim,97,310234,1010310,edc,paicipantresponsered,correct
12108,Subject304,623,paper,77,paper,colorblue,test,num2,typeneutral,singlestim,99,316069,1010330,edm,paicipantresponseblue,correct
12404,Subject304,515,stupid,67,stupid,colorred,test,num2,typenegative,singlestim,101,321793,1010350,edc,paicipantresponsered,correct
12700,Subject304,506,funeral,77,funeral,colorblue,test,num2,typesuicide,singlestim,103,327513,1010370,edm,paicipantresponseblue,correct
12996,Subject304,556,success,67,success,colorred,test,num2,typepositive,singlestim,105,333279,1010390,edc,paicipantresponsered,correct
13292,Subject304,656,happy,77,happy,colorblue,test,num2,typepositive,singlestim,107,339148,1010410,edm,paicipantresponseblue,correct
13588,Subject304,589,pleasure,67,pleasure,colorred,test,num2,typepositive,singlestim,109,344948,1010430,edc,paicipantresponsered,correct
13884,Subject304,453,suicide,77,suicide,colorblue,test,num2,typesuicide,singlestim,111,350612,1010450,edm,paicipantresponseblue,correct
14180,Subject304,471,funeral,67,funeral,colorred,test,num2,typesuicide,singlestim,113,356293,1010470,edc,paicipantresponsered,correct