,SubjectID,rt,stimulus,keypress,word,color,block,blocknum,wordtype,trialtype,trialindex,timeelapsed,internalnodeid,keypressed,participantresponse,correctresponse
135,Subject145,456,dead,67,dead,colorred,test,num1,typesuicide,singlestim,19,121381,100010,edc,paicipantresponsered,correct
431,Subject145,387,dead,77,dead,colorblue,test,num1,typesuicide,singlestim,21,126975,100030,edm,paicipantresponseblue,correct
727,Subject145,411,museum,77,museum,colorred,test,num1,typeneutral,singlestim,23,132593,100050,edm,paicipantresponseblue,incorrect
1023,Subject145,500,funeral,77,funeral,colorblue,test,num1,typesuicide,singlestim,25,138298,100070,edm,paicipantresponseblue,correct
1319,Subject145,479,rejected,77,rejected,colorblue,test,num1,typenegative,singlestim,27,143982,100090,edm,paicipantresponseblue,correct
1615,Subject145,571,stupid,77,stupid,colorred,test,num1,typenegative,singlestim,29,149760,1000110,edm,paicipantresponseblue,incorrect
1911,Subject145,535,success,77,success,colorblue,test,num1,typepositive,singlestim,31,155501,1000130,edm,paicipantresponseblue,correct
2207,Subject145,660,paper,77,paper,colorblue,test,num1,typeneutral,singlestim,33,161368,1000150,edm,paicipantresponseblue,correct
2503,Subject145,487,rejected,67,rejected,colorred,test,num1,typenegative,singlestim,35,167060,1000170,edc,paicipantresponsered,correct
2799,Subject145,546,pleasure,77,pleasure,colorblue,test,num1,typepositive,singlestim,37,172810,1000190,edm,paicipantresponseblue,correct
3095,Subject145,500,happy,77,happy,colorblue,test,num1,typepositive,singlestim,39,178516,1000210,edm,paicipantresponseblue,correct
3391,Subject145,453,engine,77,engine,colorblue,test,num1,typeneutral,singlestim,41,184174,1000230,edm,paicipantresponseblue,correct
3687,Subject145,468,alone,67,alone,colorred,test,num1,typenegative,singlestim,43,189846,1000250,edc,paicipantresponsered,correct
3983,Subject145,487,suicide,67,suicide,colorred,test,num1,typesuicide,singlestim,45,195537,1000270,edc,paicipantresponsered,correct
4279,Subject145,459,museum,77,museum,colorblue,test,num1,typeneutral,singlestim,47,201201,1000290,edm,paicipantresponseblue,correct
4575,Subject145,435,stupid,77,stupid,colorblue,test,num1,typenegative,singlestim,49,206841,1000310,edm,paicipantresponseblue,correct
4871,Subject145,429,alone,77,alone,colorblue,test,num1,typenegative,singlestim,51,212474,1000330,edm,paicipantresponseblue,correct
5167,Subject145,464,paper,67,paper,colorred,test,num1,typeneutral,singlestim,53,218144,1000350,edc,paicipantresponsered,correct
5463,Subject145,351,engine,77,engine,colorred,test,num1,typeneutral,singlestim,55,223700,1000370,edm,paicipantresponseblue,incorrect
5759,Subject145,414,suicide,67,suicide,colorblue,test,num1,typesuicide,singlestim,57,229321,1000390,edc,paicipantresponsered,incorrect
6055,Subject145,485,success,67,success,colorred,test,num1,typepositive,singlestim,59,235013,1000410,edc,paicipantresponsered,correct
6351,Subject145,494,happy,67,happy,colorred,test,num1,typepositive,singlestim,61,240712,1000430,edc,paicipantresponsered,correct
6647,Subject145,641,pleasure,77,pleasure,colorred,test,num1,typepositive,singlestim,63,246557,1000450,edm,paicipantresponseblue,incorrect
6943,Subject145,947,funeral,67,funeral,colorred,test,num1,typesuicide,singlestim,65,252708,1000470,edc,paicipantresponsered,correct
7239,Subject145,596,suicide,67,suicide,colorred,test,num2,typesuicide,singlestim,67,258513,101010,edc,paicipantresponsered,correct
7535,Subject145,524,paper,67,paper,colorred,test,num2,typeneutral,singlestim,69,264244,101030,edc,paicipantresponsered,correct
7831,Subject145,556,success,67,success,colorred,test,num2,typepositive,singlestim,71,270007,101050,edc,paicipantresponsered,correct
8127,Subject145,432,dead,67,dead,colorred,test,num2,typesuicide,singlestim,73,275643,101070,edc,paicipantresponsered,correct
8423,Subject145,584,funeral,77,funeral,colorblue,test,num2,typesuicide,singlestim,75,281433,101090,edm,paicipantresponseblue,correct
8719,Subject145,738,paper,77,paper,colorblue,test,num2,typeneutral,singlestim,77,287379,1010110,edm,paicipantresponseblue,correct
9015,Subject145,816,alone,67,alone,colorred,test,num2,typenegative,singlestim,79,293404,1010130,edc,paicipantresponsered,correct
9311,Subject145,509,dead,67,dead,colorblue,test,num2,typesuicide,singlestim,81,299118,1010150,edc,paicipantresponsered,incorrect
9607,Subject145,521,suicide,77,suicide,colorblue,test,num2,typesuicide,singlestim,83,304844,1010170,edm,paicipantresponseblue,correct
9903,Subject145,611,success,77,success,colorblue,test,num2,typepositive,singlestim,85,310660,1010190,edm,paicipantresponseblue,correct
10199,Subject145,481,stupid,77,stupid,colorblue,test,num2,typenegative,singlestim,87,316346,1010210,edm,paicipantresponseblue,correct
10495,Subject145,527,pleasure,67,pleasure,colorred,test,num2,typepositive,singlestim,89,322077,1010230,edc,paicipantresponsered,correct
10791,Subject145,471,museum,67,museum,colorred,test,num2,typeneutral,singlestim,91,327753,1010250,edc,paicipantresponsered,correct
11087,Subject145,456,happy,77,happy,colorblue,test,num2,typepositive,singlestim,93,333414,1010270,edm,paicipantresponseblue,correct
11383,Subject145,705,engine,67,engine,colorred,test,num2,typeneutral,singlestim,95,339323,1010290,edc,paicipantresponsered,correct
11679,Subject145,443,stupid,67,stupid,colorred,test,num2,typenegative,singlestim,97,344971,1010310,edc,paicipantresponsered,correct
11975,Subject145,414,pleasure,77,pleasure,colorblue,test,num2,typepositive,singlestim,99,350593,1010330,edm,paicipantresponseblue,correct
12271,Subject145,672,funeral,77,funeral,colorred,test,num2,typesuicide,singlestim,101,356471,1010350,edm,paicipantresponseblue,incorrect
12567,Subject145,638,alone,77,alone,colorblue,test,num2,typenegative,singlestim,103,362360,1010370,edm,paicipantresponseblue,correct
12863,Subject145,390,museum,77,museum,colorblue,test,num2,typeneutral,singlestim,105,367956,1010390,edm,paicipantresponseblue,correct
13159,Subject145,506,rejected,77,rejected,colorblue,test,num2,typenegative,singlestim,107,373670,1010410,edm,paicipantresponseblue,correct
13455,Subject145,601,rejected,77,rejected,colorred,test,num2,typenegative,singlestim,109,379476,1010430,edm,paicipantresponseblue,incorrect
13751,Subject145,487,happy,67,happy,colorred,test,num2,typepositive,singlestim,111,385170,1010450,edc,paicipantresponsered,correct
14047,Subject145,619,engine,77,engine,colorblue,test,num2,typeneutral,singlestim,113,390994,1010470,edm,paicipantresponseblue,correct