,SubjectID,rt,stimulus,keypress,word,color,block,blocknum,wordtype,trialtype,trialindex,timeelapsed,internalnodeid,keypressed,participantresponse,correctresponse
279,Subject315,415,dead,77,dead,colorblue,test,num1,typesuicide,singlestim,19,80533,100010,edm,paicipantresponseblue,correct
575,Subject315,487,stupid,77,stupid,colorblue,test,num1,typenegative,singlestim,21,86229,100030,edm,paicipantresponseblue,correct
871,Subject315,348,funeral,77,funeral,colorblue,test,num1,typesuicide,singlestim,23,91790,100050,edm,paicipantresponseblue,correct
1167,Subject315,572,rejected,67,rejected,colorred,test,num1,typenegative,singlestim,25,97573,100070,edc,paicipantresponsered,correct
1463,Subject315,391,success,77,success,colorblue,test,num1,typepositive,singlestim,27,103173,100090,edm,paicipantresponseblue,correct
1759,Subject315,407,suicide,77,suicide,colorblue,test,num1,typesuicide,singlestim,29,108789,1000110,edm,paicipantresponseblue,correct
2055,Subject315,420,alone,67,alone,colorred,test,num1,typenegative,singlestim,31,114421,1000130,edc,paicipantresponsered,correct
2351,Subject315,494,engine,77,engine,colorblue,test,num1,typeneutral,singlestim,33,120125,1000150,edm,paicipantresponseblue,correct
2647,Subject315,453,paper,77,paper,colorblue,test,num1,typeneutral,singlestim,35,125789,1000170,edm,paicipantresponseblue,correct
2943,Subject315,596,alone,77,alone,colorblue,test,num1,typenegative,singlestim,37,131597,1000190,edm,paicipantresponseblue,correct
3239,Subject315,377,funeral,67,funeral,colorred,test,num1,typesuicide,singlestim,39,137181,1000210,edc,paicipantresponsered,correct
3535,Subject315,425,museum,77,museum,colorblue,test,num1,typeneutral,singlestim,41,142813,1000230,edm,paicipantresponseblue,correct
3831,Subject315,316,engine,67,engine,colorred,test,num1,typeneutral,singlestim,43,148340,1000250,edc,paicipantresponsered,correct
4127,Subject315,470,rejected,77,rejected,colorblue,test,num1,typenegative,singlestim,45,154020,1000270,edm,paicipantresponseblue,correct
4423,Subject315,341,suicide,67,suicide,colorred,test,num1,typesuicide,singlestim,47,159573,1000290,edc,paicipantresponsered,correct
4719,Subject315,779,pleasure,67,pleasure,colorred,test,num1,typepositive,singlestim,49,165565,1000310,edc,paicipantresponsered,correct
5015,Subject315,543,museum,67,museum,colorred,test,num1,typeneutral,singlestim,51,171317,1000330,edc,paicipantresponsered,correct
5311,Subject315,501,happy,77,happy,colorblue,test,num1,typepositive,singlestim,53,177028,1000350,edm,paicipantresponseblue,correct
5607,Subject315,519,pleasure,77,pleasure,colorblue,test,num1,typepositive,singlestim,55,182757,1000370,edm,paicipantresponseblue,correct
5903,Subject315,485,dead,67,dead,colorred,test,num1,typesuicide,singlestim,57,188453,1000390,edc,paicipantresponsered,correct
6199,Subject315,672,happy,67,happy,colorred,test,num1,typepositive,singlestim,59,194332,1000410,edc,paicipantresponsered,correct
6495,Subject315,467,paper,67,paper,colorred,test,num1,typeneutral,singlestim,61,200013,1000430,edc,paicipantresponsered,correct
6791,Subject315,334,success,67,success,colorred,test,num1,typepositive,singlestim,63,205557,1000450,edc,paicipantresponsered,correct
7087,Subject315,319,stupid,67,stupid,colorred,test,num1,typenegative,singlestim,65,211085,1000470,edc,paicipantresponsered,correct
7383,Subject315,404,success,67,success,colorred,test,num2,typepositive,singlestim,67,216700,101010,edc,paicipantresponsered,correct
7679,Subject315,408,stupid,67,stupid,colorred,test,num2,typenegative,singlestim,69,222316,101030,edc,paicipantresponsered,correct
7975,Subject315,406,suicide,67,suicide,colorred,test,num2,typesuicide,singlestim,71,227932,101050,edc,paicipantresponsered,correct
8271,Subject315,428,rejected,77,rejected,colorblue,test,num2,typenegative,singlestim,73,233572,101070,edm,paicipantresponseblue,correct
8567,Subject315,471,engine,77,engine,colorred,test,num2,typeneutral,singlestim,75,239252,101090,edm,paicipantresponseblue,incorrect
8863,Subject315,494,happy,77,happy,colorblue,test,num2,typepositive,singlestim,77,244956,1010110,edm,paicipantresponseblue,correct
9159,Subject315,436,rejected,67,rejected,colorred,test,num2,typenegative,singlestim,79,250604,1010130,edc,paicipantresponsered,correct
9455,Subject315,461,alone,67,alone,colorred,test,num2,typenegative,singlestim,81,256276,1010150,edc,paicipantresponsered,correct
9751,Subject315,370,dead,67,dead,colorred,test,num2,typesuicide,singlestim,83,261860,1010170,edc,paicipantresponsered,correct
10047,Subject315,399,success,77,success,colorblue,test,num2,typepositive,singlestim,85,267468,1010190,edm,paicipantresponseblue,correct
10343,Subject315,552,dead,67,dead,colorblue,test,num2,typesuicide,singlestim,87,273228,1010210,edc,paicipantresponsered,incorrect
10639,Subject315,460,happy,67,happy,colorred,test,num2,typepositive,singlestim,89,278899,1010230,edc,paicipantresponsered,correct
10935,Subject315,727,museum,67,museum,colorred,test,num2,typeneutral,singlestim,91,284836,1010250,edc,paicipantresponsered,correct
11231,Subject315,460,paper,77,paper,colorblue,test,num2,typeneutral,singlestim,93,290507,1010270,edm,paicipantresponseblue,correct
11527,Subject315,534,museum,77,museum,colorblue,test,num2,typeneutral,singlestim,95,296251,1010290,edm,paicipantresponseblue,correct
11823,Subject315,693,engine,77,engine,colorblue,test,num2,typeneutral,singlestim,97,302156,1010310,edm,paicipantresponseblue,correct
12119,Subject315,542,funeral,77,funeral,colorblue,test,num2,typesuicide,singlestim,99,307907,1010330,edm,paicipantresponseblue,correct
12415,Subject315,462,pleasure,67,pleasure,colorred,test,num2,typepositive,singlestim,101,313580,1010350,edc,paicipantresponsered,correct
12711,Subject315,639,funeral,67,funeral,colorred,test,num2,typesuicide,singlestim,103,319427,1010370,edc,paicipantresponsered,correct
13007,Subject315,684,stupid,77,stupid,colorblue,test,num2,typenegative,singlestim,105,325323,1010390,edm,paicipantresponseblue,correct
13303,Subject315,420,pleasure,77,pleasure,colorblue,test,num2,typepositive,singlestim,107,330955,1010410,edm,paicipantresponseblue,correct
13599,Subject315,534,alone,188,alone,colorblue,test,num2,typenegative,singlestim,109,336699,1010430,ed,,incorrect
13895,Subject315,548,suicide,188,suicide,colorblue,test,num2,typesuicide,singlestim,111,342459,1010450,ed,,incorrect
14191,Subject315,503,paper,67,paper,colorred,test,num2,typeneutral,singlestim,113,348172,1010470,edc,paicipantresponsered,correct