,SubjectID,rt,stimulus,keypress,word,color,block,blocknum,wordtype,trialtype,trialindex,timeelapsed,internalnodeid,keypressed,participantresponse,correctresponse
205,Subject237,356,stupid,77,stupid,colorblue,test,num1,typenegative,singlestim,19,74699,100010,edm,paicipantresponseblue,correct
501,Subject237,375,rejected,77,rejected,colorblue,test,num1,typenegative,singlestim,21,80281,100030,edm,paicipantresponseblue,correct
797,Subject237,486,engine,67,engine,colorred,test,num1,typeneutral,singlestim,23,85978,100050,edc,paicipantresponsered,correct
1093,Subject237,799,suicide,67,suicide,colorred,test,num1,typesuicide,singlestim,25,91991,100070,edc,paicipantresponsered,correct
1389,Subject237,777,paper,67,paper,colorred,test,num1,typeneutral,singlestim,27,97987,100090,edc,paicipantresponsered,correct
1685,Subject237,635,dead,77,dead,colorblue,test,num1,typesuicide,singlestim,29,103837,1000110,edm,paicipantresponseblue,correct
1981,Subject237,545,paper,77,paper,colorblue,test,num1,typeneutral,singlestim,31,109598,1000130,edm,paicipantresponseblue,correct
2277,Subject237,494,engine,77,engine,colorblue,test,num1,typeneutral,singlestim,33,115300,1000150,edm,paicipantresponseblue,correct
2573,Subject237,412,suicide,77,suicide,colorblue,test,num1,typesuicide,singlestim,35,120928,1000170,edm,paicipantresponseblue,correct
2869,Subject237,416,happy,67,happy,colorred,test,num1,typepositive,singlestim,37,126554,1000190,edc,paicipantresponsered,correct
3165,Subject237,407,rejected,77,rejected,colorred,test,num1,typenegative,singlestim,39,132174,1000210,edm,paicipantresponseblue,incorrect
3461,Subject237,497,museum,77,museum,colorblue,test,num1,typeneutral,singlestim,41,137881,1000230,edm,paicipantresponseblue,correct
3757,Subject237,455,alone,77,alone,colorblue,test,num1,typenegative,singlestim,43,143548,1000250,edm,paicipantresponseblue,correct
4053,Subject237,441,funeral,77,funeral,colorblue,test,num1,typesuicide,singlestim,45,149204,1000270,edm,paicipantresponseblue,correct
4349,Subject237,540,pleasure,67,pleasure,colorred,test,num1,typepositive,singlestim,47,154950,1000290,edc,paicipantresponsered,correct
4645,Subject237,513,alone,67,alone,colorred,test,num1,typenegative,singlestim,49,160672,1000310,edc,paicipantresponsered,correct
4941,Subject237,456,stupid,67,stupid,colorred,test,num1,typenegative,singlestim,51,166343,1000330,edc,paicipantresponsered,correct
5237,Subject237,532,funeral,67,funeral,colorred,test,num1,typesuicide,singlestim,53,172086,1000350,edc,paicipantresponsered,correct
5533,Subject237,368,dead,67,dead,colorred,test,num1,typesuicide,singlestim,55,177669,1000370,edc,paicipantresponsered,correct
5829,Subject237,514,museum,67,museum,colorred,test,num1,typeneutral,singlestim,57,183388,1000390,edc,paicipantresponsered,correct
6125,Subject237,493,happy,77,happy,colorblue,test,num1,typepositive,singlestim,59,189089,1000410,edm,paicipantresponseblue,correct
6421,Subject237,550,success,67,success,colorblue,test,num1,typepositive,singlestim,61,194846,1000430,edc,paicipantresponsered,incorrect
6717,Subject237,449,pleasure,77,pleasure,colorblue,test,num1,typepositive,singlestim,63,200503,1000450,edm,paicipantresponseblue,correct
7013,Subject237,487,success,67,success,colorred,test,num1,typepositive,singlestim,65,206202,1000470,edc,paicipantresponsered,correct
7309,Subject237,496,success,77,success,colorblue,test,num2,typepositive,singlestim,67,211906,101010,edm,paicipantresponseblue,correct
7605,Subject237,436,engine,77,engine,colorblue,test,num2,typeneutral,singlestim,69,217555,101030,edm,paicipantresponseblue,correct
7901,Subject237,466,museum,77,museum,colorblue,test,num2,typeneutral,singlestim,71,223235,101050,edm,paicipantresponseblue,correct
8197,Subject237,502,suicide,67,suicide,colorred,test,num2,typesuicide,singlestim,73,228953,101070,edc,paicipantresponsered,correct
8493,Subject237,426,paper,77,paper,colorblue,test,num2,typeneutral,singlestim,75,234598,101090,edm,paicipantresponseblue,correct
8789,Subject237,475,funeral,77,funeral,colorblue,test,num2,typesuicide,singlestim,77,240287,1010110,edm,paicipantresponseblue,correct
9085,Subject237,408,funeral,67,funeral,colorred,test,num2,typesuicide,singlestim,79,245904,1010130,edc,paicipantresponsered,correct
9381,Subject237,508,success,67,success,colorred,test,num2,typepositive,singlestim,81,251622,1010150,edc,paicipantresponsered,correct
9677,Subject237,457,dead,77,dead,colorblue,test,num2,typesuicide,singlestim,83,257288,1010170,edm,paicipantresponseblue,correct
9973,Subject237,492,stupid,67,stupid,colorred,test,num2,typenegative,singlestim,85,262988,1010190,edc,paicipantresponsered,correct
10269,Subject237,508,happy,67,happy,colorred,test,num2,typepositive,singlestim,87,268705,1010210,edc,paicipantresponsered,correct
10565,Subject237,361,dead,67,dead,colorred,test,num2,typesuicide,singlestim,89,274279,1010230,edc,paicipantresponsered,correct
10861,Subject237,406,happy,77,happy,colorblue,test,num2,typepositive,singlestim,91,279898,1010250,edm,paicipantresponseblue,correct
11157,Subject237,486,stupid,77,stupid,colorblue,test,num2,typenegative,singlestim,93,285591,1010270,edm,paicipantresponseblue,correct
11453,Subject237,447,rejected,67,rejected,colorred,test,num2,typenegative,singlestim,95,291250,1010290,edc,paicipantresponsered,correct
11749,Subject237,478,museum,67,museum,colorred,test,num2,typeneutral,singlestim,97,296939,1010310,edc,paicipantresponsered,correct
12045,Subject237,632,engine,67,engine,colorred,test,num2,typeneutral,singlestim,99,302782,1010330,edc,paicipantresponsered,correct
12341,Subject237,529,pleasure,67,pleasure,colorred,test,num2,typepositive,singlestim,101,308522,1010350,edc,paicipantresponsered,correct
12637,Subject237,386,alone,67,alone,colorred,test,num2,typenegative,singlestim,103,314116,1010370,edc,paicipantresponsered,correct
12933,Subject237,355,paper,67,paper,colorred,test,num2,typeneutral,singlestim,105,319685,1010390,edc,paicipantresponsered,correct
13229,Subject237,472,pleasure,77,pleasure,colorblue,test,num2,typepositive,singlestim,107,325366,1010410,edm,paicipantresponseblue,correct
13525,Subject237,405,suicide,77,suicide,colorblue,test,num2,typesuicide,singlestim,109,330984,1010430,edm,paicipantresponseblue,correct
13821,Subject237,391,rejected,77,rejected,colorblue,test,num2,typenegative,singlestim,111,336586,1010450,edm,paicipantresponseblue,correct
14117,Subject237,402,alone,77,alone,colorblue,test,num2,typenegative,singlestim,113,342195,1010470,edm,paicipantresponseblue,correct