"","SubjectID","rt","stimulus","keypress","word","color","block","blocknum","wordtype","trialtype","trialindex","timeelapsed","internalnodeid","keypressed","participantresponse","correctresponse"
"3","Subject3","358","alone","67","alone","colorblue","test","num1","typenegative","singlestim","19","404851","100010","edc","paicipantresponsered","incorrect"
"299","Subject3","356","suicide","67","suicide","colorred","test","num1","typesuicide","singlestim","21","410414","100030","edc","paicipantresponsered","correct"
"595","Subject3","330","engine","77","engine","colorred","test","num1","typeneutral","singlestim","23","415952","100050","edm","paicipantresponseblue","incorrect"
"891","Subject3","352","pleasure","77","pleasure","colorblue","test","num1","typepositive","singlestim","25","421511","100070","edm","paicipantresponseblue","correct"
"1187","Subject3","839","funeral","67","funeral","colorred","test","num1","typesuicide","singlestim","27","427558","100090","edc","paicipantresponsered","correct"
"1483","Subject3","489","dead","67","dead","colorred","test","num1","typesuicide","singlestim","29","433252","1000110","edc","paicipantresponsered","correct"
"1779","Subject3","818","stupid","77","stupid","colorblue","test","num1","typenegative","singlestim","31","439277","1000130","edm","paicipantresponseblue","correct"
"2075","Subject3","304","alone","67","alone","colorred","test","num1","typenegative","singlestim","33","444788","1000150","edc","paicipantresponsered","correct"
"2371","Subject3","539","paper","67","paper","colorred","test","num1","typeneutral","singlestim","35","450533","1000170","edc","paicipantresponsered","correct"
"2667","Subject3","410","success","67","success","colorred","test","num1","typepositive","singlestim","37","456151","1000190","edc","paicipantresponsered","correct"
"2963","Subject3","546","happy","67","happy","colorred","test","num1","typepositive","singlestim","39","461904","1000210","edc","paicipantresponsered","correct"
"3259","Subject3","381","success","77","success","colorblue","test","num1","typepositive","singlestim","41","467493","1000230","edm","paicipantresponseblue","correct"
"3555","Subject3","378","museum","67","museum","colorred","test","num1","typeneutral","singlestim","43","473077","1000250","edc","paicipantresponsered","correct"
"3851","Subject3","416","paper","77","paper","colorblue","test","num1","typeneutral","singlestim","45","478702","1000270","edm","paicipantresponseblue","correct"
"4147","Subject3","678","engine","77","engine","colorblue","test","num1","typeneutral","singlestim","47","484586","1000290","edm","paicipantresponseblue","correct"
"4443","Subject3","352","rejected","77","rejected","colorblue","test","num1","typenegative","singlestim","49","490145","1000310","edm","paicipantresponseblue","correct"
"4739","Subject3","388","happy","77","happy","colorblue","test","num1","typepositive","singlestim","51","495741","1000330","edm","paicipantresponseblue","correct"
"5035","Subject3","391","pleasure","67","pleasure","colorred","test","num1","typepositive","singlestim","53","501340","1000350","edc","paicipantresponsered","correct"
"5331","Subject3","408","stupid","67","stupid","colorred","test","num1","typenegative","singlestim","55","506955","1000370","edc","paicipantresponsered","correct"
"5627","Subject3","632","museum","77","museum","colorblue","test","num1","typeneutral","singlestim","57","512795","1000390","edm","paicipantresponseblue","correct"
"5923","Subject3","408","rejected","67","rejected","colorred","test","num1","typenegative","singlestim","59","518410","1000410","edc","paicipantresponsered","correct"
"6219","Subject3","333","dead","77","dead","colorblue","test","num1","typesuicide","singlestim","61","523949","1000430","edm","paicipantresponseblue","correct"
"6515","Subject3","399","suicide","77","suicide","colorblue","test","num1","typesuicide","singlestim","63","529554","1000450","edm","paicipantresponseblue","correct"
"6811","Subject3","372","funeral","77","funeral","colorblue","test","num1","typesuicide","singlestim","65","535133","1000470","edm","paicipantresponseblue","correct"
"7107","Subject3","398","suicide","77","suicide","colorblue","test","num2","typesuicide","singlestim","67","540737","101010","edm","paicipantresponseblue","correct"
"7403","Subject3","306","pleasure","77","pleasure","colorblue","test","num2","typepositive","singlestim","69","546250","101030","edm","paicipantresponseblue","correct"
"7699","Subject3","437","dead","77","dead","colorblue","test","num2","typesuicide","singlestim","71","551893","101050","edm","paicipantresponseblue","correct"
"7995","Subject3","299","happy","67","happy","colorred","test","num2","typepositive","singlestim","73","557398","101070","edc","paicipantresponsered","correct"
"8291","Subject3","426","dead","67","dead","colorred","test","num2","typesuicide","singlestim","75","563032","101090","edc","paicipantresponsered","correct"
"8587","Subject3","619","museum","77","museum","colorblue","test","num2","typeneutral","singlestim","77","568857","1010110","edm","paicipantresponseblue","correct"
"8883","Subject3","351","rejected","77","rejected","colorblue","test","num2","typenegative","singlestim","79","574415","1010130","edm","paicipantresponseblue","correct"
"9179","Subject3","373","success","77","success","colorblue","test","num2","typepositive","singlestim","81","579993","1010150","edm","paicipantresponseblue","correct"
"9475","Subject3","345","engine","67","engine","colorred","test","num2","typeneutral","singlestim","83","585544","1010170","edc","paicipantresponsered","correct"
"9771","Subject3","554","success","67","success","colorred","test","num2","typepositive","singlestim","85","591305","1010190","edc","paicipantresponsered","correct"
"10067","Subject3","635","paper","67","paper","colorred","test","num2","typeneutral","singlestim","87","597147","1010210","edc","paicipantresponsered","correct"
"10363","Subject3","409","pleasure","67","pleasure","colorred","test","num2","typepositive","singlestim","89","602763","1010230","edc","paicipantresponsered","correct"
"10659","Subject3","369","rejected","67","rejected","colorred","test","num2","typenegative","singlestim","91","608340","1010250","edc","paicipantresponsered","correct"
"10955","Subject3","469","happy","77","happy","colorblue","test","num2","typepositive","singlestim","93","614016","1010270","edm","paicipantresponseblue","correct"
"11251","Subject3","472","stupid","77","stupid","colorblue","test","num2","typenegative","singlestim","95","619695","1010290","edm","paicipantresponseblue","correct"
"11547","Subject3","394","paper","77","paper","colorblue","test","num2","typeneutral","singlestim","97","625294","1010310","edm","paicipantresponseblue","correct"
"11843","Subject3","336","alone","77","alone","colorblue","test","num2","typenegative","singlestim","99","630836","1010330","edm","paicipantresponseblue","correct"
"12139","Subject3","473","engine","77","engine","colorblue","test","num2","typeneutral","singlestim","101","636516","1010350","edm","paicipantresponseblue","correct"
"12435","Subject3","420","stupid","67","stupid","colorred","test","num2","typenegative","singlestim","103","642141","1010370","edc","paicipantresponsered","correct"
"12731","Subject3","449","museum","67","museum","colorred","test","num2","typeneutral","singlestim","105","647796","1010390","edc","paicipantresponsered","correct"
"13027","Subject3","307","suicide","67","suicide","colorred","test","num2","typesuicide","singlestim","107","653311","1010410","edc","paicipantresponsered","correct"
"13323","Subject3","359","funeral","67","funeral","colorred","test","num2","typesuicide","singlestim","109","658875","1010430","edc","paicipantresponsered","correct"
"13619","Subject3","407","alone","67","alone","colorred","test","num2","typenegative","singlestim","111","664487","1010450","edc","paicipantresponsered","correct"
"13915","Subject3","424","funeral","77","funeral","colorblue","test","num2","typesuicide","singlestim","113","670117","1010470","edm","paicipantresponseblue","correct"
