,SubjectID,rt,stimulus,keypress,word,color,block,blocknum,wordtype,trialtype,trialindex,timeelapsed,internalnodeid,keypressed,participantresponse,correctresponse
74,Subject79,450,success,67,success,colorred,test,num1,typepositive,singlestim,19,65319,100010,edc,paicipantresponsered,correct
370,Subject79,507,funeral,67,funeral,colorred,test,num1,typesuicide,singlestim,21,71039,100030,edc,paicipantresponsered,correct
666,Subject79,704,alone,67,alone,colorred,test,num1,typenegative,singlestim,23,76955,100050,edc,paicipantresponsered,correct
962,Subject79,664,happy,77,happy,colorblue,test,num1,typepositive,singlestim,25,82827,100070,edm,paicipantresponseblue,correct
1258,Subject79,547,paper,67,paper,colorred,test,num1,typeneutral,singlestim,27,88586,100090,edc,paicipantresponsered,correct
1554,Subject79,551,dead,67,dead,colorred,test,num1,typesuicide,singlestim,29,94349,1000110,edc,paicipantresponsered,correct
1850,Subject79,502,success,77,success,colorblue,test,num1,typepositive,singlestim,31,100062,1000130,edm,paicipantresponseblue,correct
2146,Subject79,409,paper,77,paper,colorblue,test,num1,typeneutral,singlestim,33,105680,1000150,edm,paicipantresponseblue,correct
2442,Subject79,698,dead,77,dead,colorblue,test,num1,typesuicide,singlestim,35,111584,1000170,edm,paicipantresponseblue,correct
2738,Subject79,473,happy,67,happy,colorred,test,num1,typepositive,singlestim,37,117271,1000190,edc,paicipantresponsered,correct
3034,Subject79,442,stupid,77,stupid,colorblue,test,num1,typenegative,singlestim,39,122922,1000210,edm,paicipantresponseblue,correct
3330,Subject79,524,pleasure,67,pleasure,colorred,test,num1,typepositive,singlestim,41,128658,1000230,edc,paicipantresponsered,correct
3626,Subject79,466,rejected,67,rejected,colorred,test,num1,typenegative,singlestim,43,134334,1000250,edc,paicipantresponsered,correct
3922,Subject79,526,museum,77,museum,colorblue,test,num1,typeneutral,singlestim,45,140071,1000270,edm,paicipantresponseblue,correct
4218,Subject79,375,stupid,67,stupid,colorred,test,num1,typenegative,singlestim,47,145659,1000290,edc,paicipantresponsered,correct
4514,Subject79,481,funeral,77,funeral,colorblue,test,num1,typesuicide,singlestim,49,151349,1000310,edm,paicipantresponseblue,correct
4810,Subject79,495,museum,67,museum,colorred,test,num1,typeneutral,singlestim,51,157058,1000330,edc,paicipantresponsered,correct
5106,Subject79,771,suicide,77,suicide,colorblue,test,num1,typesuicide,singlestim,53,163038,1000350,edm,paicipantresponseblue,correct
5402,Subject79,420,suicide,67,suicide,colorred,test,num1,typesuicide,singlestim,55,168673,1000370,edc,paicipantresponsered,correct
5698,Subject79,388,alone,77,alone,colorblue,test,num1,typenegative,singlestim,57,174271,1000390,edm,paicipantresponseblue,correct
5994,Subject79,370,engine,77,engine,colorblue,test,num1,typeneutral,singlestim,59,179855,1000410,edm,paicipantresponseblue,correct
6290,Subject79,574,rejected,77,rejected,colorblue,test,num1,typenegative,singlestim,61,185640,1000430,edm,paicipantresponseblue,correct
6586,Subject79,509,engine,67,engine,colorred,test,num1,typeneutral,singlestim,63,191361,1000450,edc,paicipantresponsered,correct
6882,Subject79,670,pleasure,77,pleasure,colorblue,test,num1,typepositive,singlestim,65,197240,1000470,edm,paicipantresponseblue,correct
7178,Subject79,532,museum,67,museum,colorred,test,num2,typeneutral,singlestim,67,202981,101010,edc,paicipantresponsered,correct
7474,Subject79,1215,suicide,67,suicide,colorred,test,num2,typesuicide,singlestim,69,209405,101030,edc,paicipantresponsered,correct
7770,Subject79,519,rejected,77,rejected,colorblue,test,num2,typenegative,singlestim,71,215134,101050,edm,paicipantresponseblue,correct
8066,Subject79,719,funeral,67,funeral,colorred,test,num2,typesuicide,singlestim,73,221064,101070,edc,paicipantresponsered,correct
8362,Subject79,639,museum,77,museum,colorblue,test,num2,typeneutral,singlestim,75,226914,101090,edm,paicipantresponseblue,correct
8658,Subject79,894,funeral,77,funeral,colorblue,test,num2,typesuicide,singlestim,77,233019,1010110,edm,paicipantresponseblue,correct
8954,Subject79,395,engine,67,engine,colorred,test,num2,typeneutral,singlestim,79,238628,1010130,edc,paicipantresponsered,correct
9250,Subject79,474,success,67,success,colorred,test,num2,typepositive,singlestim,81,244314,1010150,edc,paicipantresponsered,correct
9546,Subject79,608,rejected,67,rejected,colorred,test,num2,typenegative,singlestim,83,250136,1010170,edc,paicipantresponsered,correct
9842,Subject79,424,engine,77,engine,colorblue,test,num2,typeneutral,singlestim,85,255772,1010190,edm,paicipantresponseblue,correct
10138,Subject79,460,dead,77,dead,colorblue,test,num2,typesuicide,singlestim,87,261438,1010210,edm,paicipantresponseblue,correct
10434,Subject79,453,alone,77,alone,colorblue,test,num2,typenegative,singlestim,89,267102,1010230,edm,paicipantresponseblue,correct
10730,Subject79,372,happy,67,happy,colorred,test,num2,typepositive,singlestim,91,272686,1010250,edc,paicipantresponsered,correct
11026,Subject79,761,success,77,success,colorblue,test,num2,typepositive,singlestim,93,278660,1010270,edm,paicipantresponseblue,correct
11322,Subject79,476,paper,67,paper,colorred,test,num2,typeneutral,singlestim,95,284346,1010290,edc,paicipantresponsered,correct
11618,Subject79,980,dead,67,dead,colorred,test,num2,typesuicide,singlestim,97,290539,1010310,edc,paicipantresponsered,correct
11914,Subject79,616,alone,67,alone,colorred,test,num2,typenegative,singlestim,99,296367,1010330,edc,paicipantresponsered,correct
12210,Subject79,544,pleasure,67,pleasure,colorred,test,num2,typepositive,singlestim,101,302123,1010350,edc,paicipantresponsered,correct
12506,Subject79,446,stupid,67,stupid,colorred,test,num2,typenegative,singlestim,103,307781,1010370,edc,paicipantresponsered,correct
12802,Subject79,402,happy,77,happy,colorblue,test,num2,typepositive,singlestim,105,313391,1010390,edm,paicipantresponseblue,correct
13098,Subject79,438,stupid,77,stupid,colorblue,test,num2,typenegative,singlestim,107,319041,1010410,edm,paicipantresponseblue,correct
13394,Subject79,442,paper,77,paper,colorblue,test,num2,typeneutral,singlestim,109,324692,1010430,edm,paicipantresponseblue,correct
13690,Subject79,730,pleasure,77,pleasure,colorblue,test,num2,typepositive,singlestim,111,330632,1010450,edm,paicipantresponseblue,correct
13986,Subject79,620,suicide,77,suicide,colorblue,test,num2,typesuicide,singlestim,113,336460,1010470,edm,paicipantresponseblue,correct