,SubjectID,rt,stimulus,keypress,word,color,block,blocknum,wordtype,trialtype,trialindex,timeelapsed,internalnodeid,keypressed,participantresponse,correctresponse
259,Subject294,1061,paper,77,paper,colorblue,test,num1,typeneutral,singlestim,19,66553,100010,edm,paicipantresponseblue,correct
555,Subject294,631,pleasure,77,pleasure,colorblue,test,num1,typepositive,singlestim,21,72385,100030,edm,paicipantresponseblue,correct
851,Subject294,600,suicide,77,suicide,colorblue,test,num1,typesuicide,singlestim,23,78185,100050,edm,paicipantresponseblue,correct
1147,Subject294,703,rejected,77,rejected,colorblue,test,num1,typenegative,singlestim,25,84089,100070,edm,paicipantresponseblue,correct
1443,Subject294,791,pleasure,67,pleasure,colorred,test,num1,typepositive,singlestim,27,90080,100090,edc,paicipantresponsered,correct
1739,Subject294,776,funeral,67,funeral,colorred,test,num1,typesuicide,singlestim,29,96057,1000110,edc,paicipantresponsered,correct
2035,Subject294,687,paper,67,paper,colorred,test,num1,typeneutral,singlestim,31,101945,1000130,edc,paicipantresponsered,correct
2331,Subject294,526,alone,67,alone,colorred,test,num1,typenegative,singlestim,33,107672,1000150,edc,paicipantresponsered,correct
2627,Subject294,544,alone,77,alone,colorblue,test,num1,typenegative,singlestim,35,113413,1000170,edm,paicipantresponseblue,correct
2923,Subject294,480,dead,67,dead,colorred,test,num1,typesuicide,singlestim,37,119093,1000190,edc,paicipantresponsered,correct
3219,Subject294,514,rejected,67,rejected,colorred,test,num1,typenegative,singlestim,39,124813,1000210,edc,paicipantresponsered,correct
3515,Subject294,567,happy,67,happy,colorred,test,num1,typepositive,singlestim,41,130581,1000230,edc,paicipantresponsered,correct
3811,Subject294,565,stupid,67,stupid,colorred,test,num1,typenegative,singlestim,43,136349,1000250,edc,paicipantresponsered,correct
4107,Subject294,375,success,77,success,colorblue,test,num1,typepositive,singlestim,45,141925,1000270,edm,paicipantresponseblue,correct
4403,Subject294,663,stupid,77,stupid,colorblue,test,num1,typenegative,singlestim,47,147789,1000290,edm,paicipantresponseblue,correct
4699,Subject294,575,museum,77,museum,colorblue,test,num1,typeneutral,singlestim,49,153565,1000310,edm,paicipantresponseblue,correct
4995,Subject294,519,museum,67,museum,colorred,test,num1,typeneutral,singlestim,51,159284,1000330,edc,paicipantresponsered,correct
5291,Subject294,542,success,67,success,colorred,test,num1,typepositive,singlestim,53,165029,1000350,edc,paicipantresponsered,correct
5587,Subject294,623,happy,67,happy,colorblue,test,num1,typepositive,singlestim,55,170853,1000370,edc,paicipantresponsered,incorrect
5883,Subject294,943,engine,67,engine,colorred,test,num1,typeneutral,singlestim,57,176993,1000390,edc,paicipantresponsered,correct
6179,Subject294,863,engine,77,engine,colorblue,test,num1,typeneutral,singlestim,59,183058,1000410,edm,paicipantresponseblue,correct
6475,Subject294,728,funeral,77,funeral,colorblue,test,num1,typesuicide,singlestim,61,188986,1000430,edm,paicipantresponseblue,correct
6771,Subject294,560,suicide,67,suicide,colorred,test,num1,typesuicide,singlestim,63,194746,1000450,edc,paicipantresponsered,correct
7067,Subject294,431,dead,77,dead,colorblue,test,num1,typesuicide,singlestim,65,200378,1000470,edm,paicipantresponseblue,correct
7363,Subject294,718,engine,77,engine,colorblue,test,num2,typeneutral,singlestim,67,206298,101010,edm,paicipantresponseblue,correct
7659,Subject294,511,rejected,67,rejected,colorred,test,num2,typenegative,singlestim,69,212009,101030,edc,paicipantresponsered,correct
7955,Subject294,935,museum,77,museum,colorblue,test,num2,typeneutral,singlestim,71,218146,101050,edm,paicipantresponseblue,correct
8251,Subject294,830,pleasure,67,pleasure,colorred,test,num2,typepositive,singlestim,73,224178,101070,edc,paicipantresponsered,correct
8547,Subject294,623,stupid,67,stupid,colorred,test,num2,typenegative,singlestim,75,230002,101090,edc,paicipantresponsered,correct
8843,Subject294,519,alone,67,alone,colorred,test,num2,typenegative,singlestim,77,235718,1010110,edc,paicipantresponsered,correct
9139,Subject294,439,dead,67,dead,colorred,test,num2,typesuicide,singlestim,79,241358,1010130,edc,paicipantresponsered,correct
9435,Subject294,503,paper,77,paper,colorblue,test,num2,typeneutral,singlestim,81,247062,1010150,edm,paicipantresponseblue,correct
9731,Subject294,375,engine,67,engine,colorred,test,num2,typeneutral,singlestim,83,252639,1010170,edc,paicipantresponsered,correct
10027,Subject294,518,alone,77,alone,colorblue,test,num2,typenegative,singlestim,85,258358,1010190,edm,paicipantresponseblue,correct
10323,Subject294,799,funeral,67,funeral,colorred,test,num2,typesuicide,singlestim,87,264358,1010210,edc,paicipantresponsered,correct
10619,Subject294,751,museum,67,museum,colorred,test,num2,typeneutral,singlestim,89,270310,1010230,edc,paicipantresponsered,correct
10915,Subject294,535,funeral,77,funeral,colorblue,test,num2,typesuicide,singlestim,91,276046,1010250,edm,paicipantresponseblue,correct
11211,Subject294,647,suicide,77,suicide,colorblue,test,num2,typesuicide,singlestim,93,281894,1010270,edm,paicipantresponseblue,correct
11507,Subject294,431,success,77,success,colorblue,test,num2,typepositive,singlestim,95,287526,1010290,edm,paicipantresponseblue,correct
11803,Subject294,1207,paper,67,paper,colorred,test,num2,typeneutral,singlestim,97,293934,1010310,edc,paicipantresponsered,correct
12099,Subject294,478,success,67,success,colorred,test,num2,typepositive,singlestim,99,299610,1010330,edc,paicipantresponsered,correct
12395,Subject294,335,rejected,77,rejected,colorblue,test,num2,typenegative,singlestim,101,305147,1010350,edm,paicipantresponseblue,correct
12691,Subject294,519,happy,67,happy,colorred,test,num2,typepositive,singlestim,103,310867,1010370,edc,paicipantresponsered,correct
12987,Subject294,639,stupid,77,stupid,colorblue,test,num2,typenegative,singlestim,105,316706,1010390,edm,paicipantresponseblue,correct
13283,Subject294,744,suicide,67,suicide,colorred,test,num2,typesuicide,singlestim,107,322651,1010410,edc,paicipantresponsered,correct
13579,Subject294,511,pleasure,77,pleasure,colorblue,test,num2,typepositive,singlestim,109,328363,1010430,edm,paicipantresponseblue,correct
13875,Subject294,511,dead,77,dead,colorblue,test,num2,typesuicide,singlestim,111,334074,1010450,edm,paicipantresponseblue,correct
14171,Subject294,607,happy,77,happy,colorblue,test,num2,typepositive,singlestim,113,339883,1010470,edm,paicipantresponseblue,correct