,SubjectID,rt,stimulus,keypress,word,color,block,blocknum,wordtype,trialtype,trialindex,timeelapsed,internalnodeid,keypressed,participantresponse,correctresponse
95,Subject103,352,alone,77,alone,colorblue,test,num1,typenegative,singlestim,19,92035,100010,edm,paicipantresponseblue,correct
391,Subject103,391,alone,67,alone,colorred,test,num1,typenegative,singlestim,21,97642,100030,edc,paicipantresponsered,correct
687,Subject103,550,paper,67,paper,colorred,test,num1,typeneutral,singlestim,23,103407,100050,edc,paicipantresponsered,correct
983,Subject103,350,engine,77,engine,colorblue,test,num1,typeneutral,singlestim,25,108971,100070,edm,paicipantresponseblue,correct
1279,Subject103,612,rejected,67,rejected,colorred,test,num1,typenegative,singlestim,27,114800,100090,edc,paicipantresponsered,correct
1575,Subject103,405,rejected,77,rejected,colorblue,test,num1,typenegative,singlestim,29,120415,1000110,edm,paicipantresponseblue,correct
1871,Subject103,480,museum,67,museum,colorred,test,num1,typeneutral,singlestim,31,126104,1000130,edc,paicipantresponsered,correct
2167,Subject103,362,success,77,success,colorblue,test,num1,typepositive,singlestim,33,131678,1000150,edm,paicipantresponseblue,correct
2463,Subject103,330,happy,67,happy,colorred,test,num1,typepositive,singlestim,35,137217,1000170,edc,paicipantresponsered,correct
2759,Subject103,294,suicide,77,suicide,colorblue,test,num1,typesuicide,singlestim,37,142724,1000190,edm,paicipantresponseblue,correct
3055,Subject103,350,stupid,67,stupid,colorblue,test,num1,typenegative,singlestim,39,148290,1000210,edc,paicipantresponsered,incorrect
3351,Subject103,420,engine,67,engine,colorred,test,num1,typeneutral,singlestim,41,153920,1000230,edc,paicipantresponsered,correct
3647,Subject103,566,dead,67,dead,colorred,test,num1,typesuicide,singlestim,43,159696,1000250,edc,paicipantresponsered,correct
3943,Subject103,391,pleasure,67,pleasure,colorred,test,num1,typepositive,singlestim,45,165300,1000270,edc,paicipantresponsered,correct
4239,Subject103,417,funeral,67,funeral,colorred,test,num1,typesuicide,singlestim,47,170931,1000290,edc,paicipantresponsered,correct
4535,Subject103,481,dead,77,dead,colorblue,test,num1,typesuicide,singlestim,49,176622,1000310,edm,paicipantresponseblue,correct
4831,Subject103,500,museum,77,museum,colorblue,test,num1,typeneutral,singlestim,51,182335,1000330,edm,paicipantresponseblue,correct
5127,Subject103,348,paper,77,paper,colorblue,test,num1,typeneutral,singlestim,53,187894,1000350,edm,paicipantresponseblue,correct
5423,Subject103,370,pleasure,77,pleasure,colorblue,test,num1,typepositive,singlestim,55,193476,1000370,edm,paicipantresponseblue,correct
5719,Subject103,398,success,67,success,colorred,test,num1,typepositive,singlestim,57,199090,1000390,edc,paicipantresponsered,correct
6015,Subject103,416,suicide,67,suicide,colorred,test,num1,typesuicide,singlestim,59,204719,1000410,edc,paicipantresponsered,correct
6311,Subject103,665,happy,77,happy,colorblue,test,num1,typepositive,singlestim,61,210600,1000430,edm,paicipantresponseblue,correct
6607,Subject103,445,funeral,77,funeral,colorblue,test,num1,typesuicide,singlestim,63,216260,1000450,edm,paicipantresponseblue,correct
6903,Subject103,409,stupid,67,stupid,colorred,test,num1,typenegative,singlestim,65,221880,1000470,edc,paicipantresponsered,correct
7199,Subject103,687,stupid,67,stupid,colorred,test,num2,typenegative,singlestim,67,227779,101010,edc,paicipantresponsered,correct
7495,Subject103,429,funeral,77,funeral,colorblue,test,num2,typesuicide,singlestim,69,233416,101030,edm,paicipantresponseblue,correct
7791,Subject103,394,happy,77,happy,colorblue,test,num2,typepositive,singlestim,71,239016,101050,edm,paicipantresponseblue,correct
8087,Subject103,385,suicide,67,suicide,colorred,test,num2,typesuicide,singlestim,73,244615,101070,edc,paicipantresponsered,correct
8383,Subject103,415,pleasure,77,pleasure,colorblue,test,num2,typepositive,singlestim,75,250242,101090,edm,paicipantresponseblue,correct
8679,Subject103,413,success,67,success,colorred,test,num2,typepositive,singlestim,77,255873,1010110,edc,paicipantresponsered,correct
8975,Subject103,649,funeral,67,funeral,colorred,test,num2,typesuicide,singlestim,79,261733,1010130,edc,paicipantresponsered,correct
9271,Subject103,433,alone,77,alone,colorblue,test,num2,typenegative,singlestim,81,267375,1010150,edm,paicipantresponseblue,correct
9567,Subject103,330,dead,67,dead,colorred,test,num2,typesuicide,singlestim,83,272917,1010170,edc,paicipantresponsered,correct
9863,Subject103,446,paper,77,paper,colorblue,test,num2,typeneutral,singlestim,85,278575,1010190,edm,paicipantresponseblue,correct
10159,Subject103,643,stupid,77,stupid,colorblue,test,num2,typenegative,singlestim,87,284431,1010210,edm,paicipantresponseblue,correct
10455,Subject103,358,alone,67,alone,colorred,test,num2,typenegative,singlestim,89,290000,1010230,edc,paicipantresponsered,correct
10751,Subject103,288,rejected,77,rejected,colorblue,test,num2,typenegative,singlestim,91,295502,1010250,edm,paicipantresponseblue,correct
11047,Subject103,466,engine,77,engine,colorblue,test,num2,typeneutral,singlestim,93,301183,1010270,edm,paicipantresponseblue,correct
11343,Subject103,556,museum,77,museum,colorblue,test,num2,typeneutral,singlestim,95,306948,1010290,edm,paicipantresponseblue,correct
11639,Subject103,481,pleasure,67,pleasure,colorred,test,num2,typepositive,singlestim,97,312644,1010310,edc,paicipantresponsered,correct
11935,Subject103,526,museum,67,museum,colorred,test,num2,typeneutral,singlestim,99,318383,1010330,edc,paicipantresponsered,correct
12231,Subject103,389,engine,67,engine,colorred,test,num2,typeneutral,singlestim,101,323986,1010350,edc,paicipantresponsered,correct
12527,Subject103,402,suicide,77,suicide,colorblue,test,num2,typesuicide,singlestim,103,329598,1010370,edm,paicipantresponseblue,correct
12823,Subject103,653,rejected,67,rejected,colorred,test,num2,typenegative,singlestim,105,335464,1010390,edc,paicipantresponsered,correct
13119,Subject103,643,paper,67,paper,colorred,test,num2,typeneutral,singlestim,107,341323,1010410,edc,paicipantresponsered,correct
13415,Subject103,351,success,77,success,colorblue,test,num2,typepositive,singlestim,109,346886,1010430,edm,paicipantresponseblue,correct
13711,Subject103,438,happy,67,happy,colorred,test,num2,typepositive,singlestim,111,352538,1010450,edc,paicipantresponsered,correct
14007,Subject103,637,dead,77,dead,colorblue,test,num2,typesuicide,singlestim,113,358386,1010470,edm,paicipantresponseblue,correct