,SubjectID,rt,stimulus,keypress,word,color,block,blocknum,wordtype,trialtype,trialindex,timeelapsed,internalnodeid,keypressed,participantresponse,correctresponse
19,Subject20,1794,happy,67,happy,colorred,test,num1,typepositive,singlestim,19,72503,100010,edc,paicipantresponsered,correct
315,Subject20,500,stupid,77,stupid,colorblue,test,num1,typenegative,singlestim,21,78207,100030,edm,paicipantresponseblue,correct
611,Subject20,418,engine,77,engine,colorblue,test,num1,typeneutral,singlestim,23,83828,100050,edm,paicipantresponseblue,correct
907,Subject20,565,paper,67,paper,colorred,test,num1,typeneutral,singlestim,25,89599,100070,edc,paicipantresponsered,correct
1203,Subject20,763,museum,67,museum,colorred,test,num1,typeneutral,singlestim,27,95564,100090,edc,paicipantresponsered,correct
1499,Subject20,515,happy,77,happy,colorblue,test,num1,typepositive,singlestim,29,101284,1000110,edm,paicipantresponseblue,correct
1795,Subject20,690,rejected,77,rejected,colorblue,test,num1,typenegative,singlestim,31,107179,1000130,edm,paicipantresponseblue,correct
2091,Subject20,582,dead,67,dead,colorred,test,num1,typesuicide,singlestim,33,112965,1000150,edc,paicipantresponsered,correct
2387,Subject20,601,engine,67,engine,colorred,test,num1,typeneutral,singlestim,35,118772,1000170,edc,paicipantresponsered,correct
2683,Subject20,466,rejected,67,rejected,colorred,test,num1,typenegative,singlestim,37,124442,1000190,edc,paicipantresponsered,correct
2979,Subject20,568,dead,77,dead,colorblue,test,num1,typesuicide,singlestim,39,130214,1000210,edm,paicipantresponseblue,correct
3275,Subject20,512,alone,77,alone,colorblue,test,num1,typenegative,singlestim,41,135931,1000230,edm,paicipantresponseblue,correct
3571,Subject20,496,success,77,success,colorblue,test,num1,typepositive,singlestim,43,141635,1000250,edm,paicipantresponseblue,correct
3867,Subject20,536,pleasure,67,pleasure,colorred,test,num1,typepositive,singlestim,45,147375,1000270,edc,paicipantresponsered,correct
4163,Subject20,572,alone,67,alone,colorred,test,num1,typenegative,singlestim,47,153150,1000290,edc,paicipantresponsered,correct
4459,Subject20,456,museum,77,museum,colorblue,test,num1,typeneutral,singlestim,49,158809,1000310,edm,paicipantresponseblue,correct
4755,Subject20,460,pleasure,77,pleasure,colorblue,test,num1,typepositive,singlestim,51,164472,1000330,edm,paicipantresponseblue,correct
5051,Subject20,591,success,67,success,colorred,test,num1,typepositive,singlestim,53,170267,1000350,edc,paicipantresponsered,correct
5347,Subject20,709,suicide,67,suicide,colorred,test,num1,typesuicide,singlestim,55,176181,1000370,edc,paicipantresponsered,correct
5643,Subject20,790,paper,77,paper,colorblue,test,num1,typeneutral,singlestim,57,182175,1000390,edm,paicipantresponseblue,correct
5939,Subject20,809,funeral,77,funeral,colorblue,test,num1,typesuicide,singlestim,59,188187,1000410,edm,paicipantresponseblue,correct
6235,Subject20,724,funeral,67,funeral,colorred,test,num1,typesuicide,singlestim,61,194117,1000430,edc,paicipantresponsered,correct
6531,Subject20,819,suicide,77,suicide,colorblue,test,num1,typesuicide,singlestim,63,200140,1000450,edm,paicipantresponseblue,correct
6827,Subject20,636,stupid,67,stupid,colorred,test,num1,typenegative,singlestim,65,205978,1000470,edc,paicipantresponsered,correct
7123,Subject20,630,dead,67,dead,colorred,test,num2,typesuicide,singlestim,67,211812,101010,edc,paicipantresponsered,correct
7419,Subject20,540,funeral,77,funeral,colorblue,test,num2,typesuicide,singlestim,69,217555,101030,edm,paicipantresponseblue,correct
7715,Subject20,889,dead,77,dead,colorblue,test,num2,typesuicide,singlestim,71,223647,101050,edm,paicipantresponseblue,correct
8011,Subject20,608,pleasure,77,pleasure,colorblue,test,num2,typepositive,singlestim,73,229461,101070,edm,paicipantresponseblue,correct
8307,Subject20,593,suicide,67,suicide,colorred,test,num2,typesuicide,singlestim,75,235258,101090,edc,paicipantresponsered,correct
8603,Subject20,698,happy,77,happy,colorblue,test,num2,typepositive,singlestim,77,241160,1010110,edm,paicipantresponseblue,correct
8899,Subject20,612,alone,67,alone,colorred,test,num2,typenegative,singlestim,79,246976,1010130,edc,paicipantresponsered,correct
9195,Subject20,720,happy,67,happy,colorred,test,num2,typepositive,singlestim,81,252898,1010150,edc,paicipantresponsered,correct
9491,Subject20,951,rejected,67,rejected,colorred,test,num2,typenegative,singlestim,83,259053,1010170,edc,paicipantresponsered,correct
9787,Subject20,717,pleasure,67,pleasure,colorred,test,num2,typepositive,singlestim,85,264974,1010190,edc,paicipantresponsered,correct
10083,Subject20,464,suicide,77,suicide,colorblue,test,num2,typesuicide,singlestim,87,270641,1010210,edm,paicipantresponseblue,correct
10379,Subject20,910,alone,77,alone,colorblue,test,num2,typenegative,singlestim,89,276754,1010230,edm,paicipantresponseblue,correct
10675,Subject20,812,success,67,success,colorred,test,num2,typepositive,singlestim,91,282770,1010250,edc,paicipantresponsered,correct
10971,Subject20,856,paper,67,paper,colorred,test,num2,typeneutral,singlestim,93,288834,1010270,edc,paicipantresponsered,correct
11267,Subject20,550,museum,67,museum,colorred,test,num2,typeneutral,singlestim,95,294588,1010290,edc,paicipantresponsered,correct
11563,Subject20,509,paper,77,paper,colorblue,test,num2,typeneutral,singlestim,97,300302,1010310,edm,paicipantresponseblue,correct
11859,Subject20,868,rejected,77,rejected,colorblue,test,num2,typenegative,singlestim,99,306373,1010330,edm,paicipantresponseblue,correct
12155,Subject20,511,stupid,67,stupid,colorred,test,num2,typenegative,singlestim,101,312088,1010350,edc,paicipantresponsered,correct
12451,Subject20,604,museum,77,museum,colorblue,test,num2,typeneutral,singlestim,103,317896,1010370,edm,paicipantresponseblue,correct
12747,Subject20,728,success,77,success,colorblue,test,num2,typepositive,singlestim,105,323830,1010390,edm,paicipantresponseblue,correct
13043,Subject20,615,funeral,67,funeral,colorred,test,num2,typesuicide,singlestim,107,329647,1010410,edc,paicipantresponsered,correct
13339,Subject20,571,stupid,77,stupid,colorblue,test,num2,typenegative,singlestim,109,335422,1010430,edm,paicipantresponseblue,correct
13635,Subject20,820,engine,67,engine,colorred,test,num2,typeneutral,singlestim,111,341447,1010450,edc,paicipantresponsered,correct
13931,Subject20,733,engine,77,engine,colorblue,test,num2,typeneutral,singlestim,113,347384,1010470,edm,paicipantresponseblue,correct