,SubjectID,rt,stimulus,keypress,word,color,block,blocknum,wordtype,trialtype,trialindex,timeelapsed,internalnodeid,keypressed,participantresponse,correctresponse
276,Subject312,438,alone,77,alone,colorblue,test,num1,typenegative,singlestim,19,65382,100010,edm,paicipantresponseblue,correct
572,Subject312,538,museum,67,museum,colorred,test,num1,typeneutral,singlestim,21,71129,100030,edc,paicipantresponsered,correct
868,Subject312,417,museum,77,museum,colorblue,test,num1,typeneutral,singlestim,23,76760,100050,edm,paicipantresponseblue,correct
1164,Subject312,475,rejected,67,rejected,colorred,test,num1,typenegative,singlestim,25,82452,100070,edc,paicipantresponsered,correct
1460,Subject312,426,suicide,77,suicide,colorblue,test,num1,typesuicide,singlestim,27,88090,100090,edm,paicipantresponseblue,correct
1756,Subject312,481,funeral,77,funeral,colorblue,test,num1,typesuicide,singlestim,29,93787,1000110,edm,paicipantresponseblue,correct
2052,Subject312,460,paper,77,paper,colorblue,test,num1,typeneutral,singlestim,31,99462,1000130,edm,paicipantresponseblue,correct
2348,Subject312,406,dead,77,dead,colorblue,test,num1,typesuicide,singlestim,33,105080,1000150,edm,paicipantresponseblue,correct
2644,Subject312,426,funeral,67,funeral,colorred,test,num1,typesuicide,singlestim,35,110726,1000170,edc,paicipantresponsered,correct
2940,Subject312,611,success,67,success,colorred,test,num1,typepositive,singlestim,37,116558,1000190,edc,paicipantresponsered,correct
3236,Subject312,548,stupid,67,stupid,colorred,test,num1,typenegative,singlestim,39,122324,1000210,edc,paicipantresponsered,correct
3532,Subject312,668,paper,67,paper,colorred,test,num1,typeneutral,singlestim,41,128210,1000230,edc,paicipantresponsered,correct
3828,Subject312,428,suicide,67,suicide,colorred,test,num1,typesuicide,singlestim,43,133855,1000250,edc,paicipantresponsered,correct
4124,Subject312,848,stupid,77,stupid,colorblue,test,num1,typenegative,singlestim,45,139923,1000270,edm,paicipantresponseblue,correct
4420,Subject312,404,pleasure,77,pleasure,colorblue,test,num1,typepositive,singlestim,47,145547,1000290,edm,paicipantresponseblue,correct
4716,Subject312,393,rejected,77,rejected,colorblue,test,num1,typenegative,singlestim,49,151144,1000310,edm,paicipantresponseblue,correct
5012,Subject312,464,pleasure,67,pleasure,colorred,test,num1,typepositive,singlestim,51,156823,1000330,edc,paicipantresponsered,correct
5308,Subject312,457,happy,77,happy,colorblue,test,num1,typepositive,singlestim,53,162496,1000350,edm,paicipantresponseblue,correct
5604,Subject312,376,dead,67,dead,colorred,test,num1,typesuicide,singlestim,55,168086,1000370,edc,paicipantresponsered,correct
5900,Subject312,463,happy,67,happy,colorred,test,num1,typepositive,singlestim,57,173768,1000390,edc,paicipantresponsered,correct
6196,Subject312,510,engine,77,engine,colorblue,test,num1,typeneutral,singlestim,59,179497,1000410,edm,paicipantresponseblue,correct
6492,Subject312,443,alone,67,alone,colorred,test,num1,typenegative,singlestim,61,185155,1000430,edc,paicipantresponsered,correct
6788,Subject312,397,success,77,success,colorblue,test,num1,typepositive,singlestim,63,190764,1000450,edm,paicipantresponseblue,correct
7084,Subject312,476,engine,67,engine,colorred,test,num1,typeneutral,singlestim,65,196457,1000470,edc,paicipantresponsered,correct
7380,Subject312,400,pleasure,77,pleasure,colorblue,test,num2,typepositive,singlestim,67,202066,101010,edm,paicipantresponseblue,correct
7676,Subject312,394,funeral,77,funeral,colorblue,test,num2,typesuicide,singlestim,69,207670,101030,edm,paicipantresponseblue,correct
7972,Subject312,581,engine,67,engine,colorred,test,num2,typeneutral,singlestim,71,213469,101050,edc,paicipantresponsered,correct
8268,Subject312,499,museum,67,museum,colorred,test,num2,typeneutral,singlestim,73,219183,101070,edc,paicipantresponsered,correct
8564,Subject312,456,pleasure,67,pleasure,colorred,test,num2,typepositive,singlestim,75,224855,101090,edc,paicipantresponsered,correct
8860,Subject312,423,dead,77,dead,colorblue,test,num2,typesuicide,singlestim,77,230486,1010110,edm,paicipantresponseblue,correct
9156,Subject312,496,success,77,success,colorblue,test,num2,typepositive,singlestim,79,236200,1010130,edm,paicipantresponseblue,correct
9452,Subject312,433,happy,77,happy,colorblue,test,num2,typepositive,singlestim,81,241850,1010150,edm,paicipantresponseblue,correct
9748,Subject312,343,engine,77,engine,colorblue,test,num2,typeneutral,singlestim,83,247401,1010170,edm,paicipantresponseblue,correct
10044,Subject312,448,stupid,67,stupid,colorred,test,num2,typenegative,singlestim,85,253061,1010190,edc,paicipantresponsered,correct
10340,Subject312,436,success,67,success,colorred,test,num2,typepositive,singlestim,87,258711,1010210,edc,paicipantresponsered,correct
10636,Subject312,408,happy,67,happy,colorred,test,num2,typepositive,singlestim,89,264329,1010230,edc,paicipantresponsered,correct
10932,Subject312,460,suicide,67,suicide,colorred,test,num2,typesuicide,singlestim,91,270002,1010250,edc,paicipantresponsered,correct
11228,Subject312,309,suicide,77,suicide,colorblue,test,num2,typesuicide,singlestim,93,275522,1010270,edm,paicipantresponseblue,correct
11524,Subject312,371,funeral,67,funeral,colorred,test,num2,typesuicide,singlestim,95,281106,1010290,edc,paicipantresponsered,correct
11820,Subject312,504,paper,67,paper,colorred,test,num2,typeneutral,singlestim,97,286817,1010310,edc,paicipantresponsered,correct
12116,Subject312,426,rejected,77,rejected,colorblue,test,num2,typenegative,singlestim,99,292458,1010330,edm,paicipantresponseblue,correct
12412,Subject312,475,stupid,77,stupid,colorblue,test,num2,typenegative,singlestim,101,298152,1010350,edm,paicipantresponseblue,correct
12708,Subject312,495,museum,77,museum,colorblue,test,num2,typeneutral,singlestim,103,303867,1010370,edm,paicipantresponseblue,correct
13004,Subject312,490,rejected,67,rejected,colorred,test,num2,typenegative,singlestim,105,309576,1010390,edc,paicipantresponsered,correct
13300,Subject312,484,alone,77,alone,colorblue,test,num2,typenegative,singlestim,107,315270,1010410,edm,paicipantresponseblue,correct
13596,Subject312,514,paper,77,paper,colorblue,test,num2,typeneutral,singlestim,109,321006,1010430,edm,paicipantresponseblue,correct
13892,Subject312,339,dead,67,dead,colorred,test,num2,typesuicide,singlestim,111,326558,1010450,edc,paicipantresponsered,correct
14188,Subject312,416,alone,67,alone,colorred,test,num2,typenegative,singlestim,113,332190,1010470,edc,paicipantresponsered,correct