,SubjectID,rt,stimulus,keypress,word,color,block,blocknum,wordtype,trialtype,trialindex,timeelapsed,internalnodeid,keypressed,participantresponse,correctresponse
258,Subject293,502,museum,77,museum,colorblue,test,num1,typeneutral,singlestim,19,98816,100010,edm,paicipantresponseblue,correct
554,Subject293,413,engine,67,engine,colorred,test,num1,typeneutral,singlestim,21,104434,100030,edc,paicipantresponsered,correct
850,Subject293,399,alone,67,alone,colorred,test,num1,typenegative,singlestim,23,110040,100050,edc,paicipantresponsered,correct
1146,Subject293,353,paper,67,paper,colorred,test,num1,typeneutral,singlestim,25,115599,100070,edc,paicipantresponsered,correct
1442,Subject293,347,rejected,77,rejected,colorblue,test,num1,typenegative,singlestim,27,121152,100090,edm,paicipantresponseblue,correct
1738,Subject293,379,happy,77,happy,colorblue,test,num1,typepositive,singlestim,29,126737,1000110,edm,paicipantresponseblue,correct
2034,Subject293,316,stupid,67,stupid,colorred,test,num1,typenegative,singlestim,31,132258,1000130,edc,paicipantresponsered,correct
2330,Subject293,361,alone,77,alone,colorblue,test,num1,typenegative,singlestim,33,137823,1000150,edm,paicipantresponseblue,correct
2626,Subject293,386,pleasure,77,pleasure,colorblue,test,num1,typepositive,singlestim,35,143415,1000170,edm,paicipantresponseblue,correct
2922,Subject293,411,paper,77,paper,colorblue,test,num1,typeneutral,singlestim,37,149032,1000190,edm,paicipantresponseblue,correct
3218,Subject293,516,success,67,success,colorred,test,num1,typepositive,singlestim,39,154752,1000210,edc,paicipantresponsered,correct
3514,Subject293,433,happy,67,happy,colorred,test,num1,typepositive,singlestim,41,160390,1000230,edc,paicipantresponsered,correct
3810,Subject293,452,rejected,67,rejected,colorred,test,num1,typenegative,singlestim,43,166047,1000250,edc,paicipantresponsered,correct
4106,Subject293,346,suicide,77,suicide,colorblue,test,num1,typesuicide,singlestim,45,171600,1000270,edm,paicipantresponseblue,correct
4402,Subject293,404,dead,77,dead,colorblue,test,num1,typesuicide,singlestim,47,177209,1000290,edm,paicipantresponseblue,correct
4698,Subject293,435,success,77,success,colorblue,test,num1,typepositive,singlestim,49,182850,1000310,edm,paicipantresponseblue,correct
4994,Subject293,396,funeral,77,funeral,colorblue,test,num1,typesuicide,singlestim,51,188452,1000330,edm,paicipantresponseblue,correct
5290,Subject293,378,funeral,67,funeral,colorred,test,num1,typesuicide,singlestim,53,194035,1000350,edc,paicipantresponsered,correct
5586,Subject293,435,engine,77,engine,colorblue,test,num1,typeneutral,singlestim,55,199676,1000370,edm,paicipantresponseblue,correct
5882,Subject293,470,pleasure,67,pleasure,colorred,test,num1,typepositive,singlestim,57,205351,1000390,edc,paicipantresponsered,correct
6178,Subject293,375,suicide,67,suicide,colorred,test,num1,typesuicide,singlestim,59,210932,1000410,edc,paicipantresponsered,correct
6474,Subject293,513,museum,67,museum,colorred,test,num1,typeneutral,singlestim,61,216653,1000430,edc,paicipantresponsered,correct
6770,Subject293,357,dead,67,dead,colorred,test,num1,typesuicide,singlestim,63,222215,1000450,edc,paicipantresponsered,correct
7066,Subject293,368,stupid,77,stupid,colorblue,test,num1,typenegative,singlestim,65,227789,1000470,edm,paicipantresponseblue,correct
7362,Subject293,365,dead,67,dead,colorred,test,num2,typesuicide,singlestim,67,233359,101010,edc,paicipantresponsered,correct
7658,Subject293,573,pleasure,77,pleasure,colorblue,test,num2,typepositive,singlestim,69,239136,101030,edm,paicipantresponseblue,correct
7954,Subject293,408,happy,67,happy,colorred,test,num2,typepositive,singlestim,71,244750,101050,edc,paicipantresponsered,correct
8250,Subject293,490,funeral,67,funeral,colorred,test,num2,typesuicide,singlestim,73,250444,101070,edc,paicipantresponsered,correct
8546,Subject293,381,museum,77,museum,colorblue,test,num2,typeneutral,singlestim,75,256031,101090,edm,paicipantresponseblue,correct
8842,Subject293,406,success,67,success,colorred,test,num2,typepositive,singlestim,77,261642,1010110,edc,paicipantresponsered,correct
9138,Subject293,383,dead,77,dead,colorblue,test,num2,typesuicide,singlestim,79,267230,1010130,edm,paicipantresponseblue,correct
9434,Subject293,330,museum,67,museum,colorred,test,num2,typeneutral,singlestim,81,272767,1010150,edc,paicipantresponsered,correct
9730,Subject293,538,alone,67,alone,colorred,test,num2,typenegative,singlestim,83,278511,1010170,edc,paicipantresponsered,correct
10026,Subject293,390,engine,67,engine,colorred,test,num2,typeneutral,singlestim,85,284104,1010190,edc,paicipantresponsered,correct
10322,Subject293,444,rejected,67,rejected,colorred,test,num2,typenegative,singlestim,87,289752,1010210,edc,paicipantresponsered,correct
10618,Subject293,461,paper,77,paper,colorblue,test,num2,typeneutral,singlestim,89,295419,1010230,edm,paicipantresponseblue,correct
10914,Subject293,384,paper,67,paper,colorred,test,num2,typeneutral,singlestim,91,301008,1010250,edc,paicipantresponsered,correct
11210,Subject293,365,alone,67,alone,colorblue,test,num2,typenegative,singlestim,93,306580,1010270,edc,paicipantresponsered,incorrect
11506,Subject293,490,stupid,77,stupid,colorblue,test,num2,typenegative,singlestim,95,312275,1010290,edm,paicipantresponseblue,correct
11802,Subject293,340,suicide,77,suicide,colorblue,test,num2,typesuicide,singlestim,97,317820,1010310,edm,paicipantresponseblue,correct
12098,Subject293,438,rejected,77,rejected,colorblue,test,num2,typenegative,singlestim,99,323466,1010330,edm,paicipantresponseblue,correct
12394,Subject293,421,funeral,77,funeral,colorblue,test,num2,typesuicide,singlestim,101,329090,1010350,edm,paicipantresponseblue,correct
12690,Subject293,363,suicide,67,suicide,colorred,test,num2,typesuicide,singlestim,103,334658,1010370,edc,paicipantresponsered,correct
12986,Subject293,336,stupid,67,stupid,colorred,test,num2,typenegative,singlestim,105,340199,1010390,edc,paicipantresponsered,correct
13282,Subject293,393,happy,77,happy,colorblue,test,num2,typepositive,singlestim,107,345800,1010410,edm,paicipantresponseblue,correct
13578,Subject293,448,success,77,success,colorblue,test,num2,typepositive,singlestim,109,351454,1010430,edm,paicipantresponseblue,correct
13874,Subject293,425,pleasure,67,pleasure,colorred,test,num2,typepositive,singlestim,111,357086,1010450,edc,paicipantresponsered,correct
14170,Subject293,614,engine,77,engine,colorblue,test,num2,typeneutral,singlestim,113,362904,1010470,edm,paicipantresponseblue,correct