,SubjectID,rt,stimulus,keypress,word,color,block,blocknum,wordtype,trialtype,trialindex,timeelapsed,internalnodeid,keypressed,participantresponse,correctresponse
96,Subject104,614,success,67,success,colorred,test,num1,typepositive,singlestim,19,85802,100010,edc,paicipantresponsered,correct
392,Subject104,363,stupid,77,stupid,colorblue,test,num1,typenegative,singlestim,21,91371,100030,edm,paicipantresponseblue,correct
688,Subject104,684,paper,67,paper,colorred,test,num1,typeneutral,singlestim,23,97261,100050,edc,paicipantresponsered,correct
984,Subject104,382,pleasure,77,pleasure,colorblue,test,num1,typepositive,singlestim,25,102849,100070,edm,paicipantresponseblue,correct
1280,Subject104,391,suicide,67,suicide,colorred,test,num1,typesuicide,singlestim,27,108447,100090,edc,paicipantresponsered,correct
1576,Subject104,381,paper,77,paper,colorblue,test,num1,typeneutral,singlestim,29,114034,1000110,edm,paicipantresponseblue,correct
1872,Subject104,448,suicide,77,suicide,colorblue,test,num1,typesuicide,singlestim,31,119688,1000130,edm,paicipantresponseblue,correct
2168,Subject104,428,rejected,77,rejected,colorblue,test,num1,typenegative,singlestim,33,125323,1000150,edm,paicipantresponseblue,correct
2464,Subject104,437,dead,67,dead,colorred,test,num1,typesuicide,singlestim,35,130965,1000170,edc,paicipantresponsered,correct
2760,Subject104,471,museum,67,museum,colorred,test,num1,typeneutral,singlestim,37,136643,1000190,edc,paicipantresponsered,correct
3056,Subject104,446,funeral,67,funeral,colorred,test,num1,typesuicide,singlestim,39,142294,1000210,edc,paicipantresponsered,correct
3352,Subject104,688,happy,77,happy,colorblue,test,num1,typepositive,singlestim,41,148188,1000230,edm,paicipantresponseblue,correct
3648,Subject104,581,alone,77,alone,colorblue,test,num1,typenegative,singlestim,43,153976,1000250,edm,paicipantresponseblue,correct
3944,Subject104,424,alone,67,alone,colorred,test,num1,typenegative,singlestim,45,159606,1000270,edc,paicipantresponsered,correct
4240,Subject104,508,success,77,success,colorblue,test,num1,typepositive,singlestim,47,165320,1000290,edm,paicipantresponseblue,correct
4536,Subject104,462,museum,77,museum,colorblue,test,num1,typeneutral,singlestim,49,170987,1000310,edm,paicipantresponseblue,correct
4832,Subject104,577,engine,77,engine,colorblue,test,num1,typeneutral,singlestim,51,176771,1000330,edm,paicipantresponseblue,correct
5128,Subject104,447,pleasure,67,pleasure,colorred,test,num1,typepositive,singlestim,53,182425,1000350,edc,paicipantresponsered,correct
5424,Subject104,447,stupid,67,stupid,colorred,test,num1,typenegative,singlestim,55,188076,1000370,edc,paicipantresponsered,correct
5720,Subject104,385,engine,67,engine,colorred,test,num1,typeneutral,singlestim,57,193668,1000390,edc,paicipantresponsered,correct
6016,Subject104,455,dead,77,dead,colorblue,test,num1,typesuicide,singlestim,59,199329,1000410,edm,paicipantresponseblue,correct
6312,Subject104,867,happy,67,happy,colorred,test,num1,typepositive,singlestim,61,205402,1000430,edc,paicipantresponsered,correct
6608,Subject104,431,rejected,67,rejected,colorred,test,num1,typenegative,singlestim,63,211040,1000450,edc,paicipantresponsered,correct
6904,Subject104,584,funeral,77,funeral,colorblue,test,num1,typesuicide,singlestim,65,216831,1000470,edm,paicipantresponseblue,correct
7200,Subject104,654,pleasure,67,pleasure,colorred,test,num2,typepositive,singlestim,67,222691,101010,edc,paicipantresponsered,correct
7496,Subject104,585,happy,77,happy,colorblue,test,num2,typepositive,singlestim,69,228483,101030,edm,paicipantresponseblue,correct
7792,Subject104,568,stupid,67,stupid,colorred,test,num2,typenegative,singlestim,71,234257,101050,edc,paicipantresponsered,correct
8088,Subject104,518,rejected,67,rejected,colorred,test,num2,typenegative,singlestim,73,239981,101070,edc,paicipantresponsered,correct
8384,Subject104,495,dead,67,dead,colorred,test,num2,typesuicide,singlestim,75,245683,101090,edc,paicipantresponsered,correct
8680,Subject104,460,alone,67,alone,colorred,test,num2,typenegative,singlestim,77,251348,1010110,edc,paicipantresponsered,correct
8976,Subject104,413,museum,77,museum,colorblue,test,num2,typeneutral,singlestim,79,256967,1010130,edm,paicipantresponseblue,correct
9272,Subject104,343,success,77,success,colorblue,test,num2,typepositive,singlestim,81,262517,1010150,edm,paicipantresponseblue,correct
9568,Subject104,348,engine,67,engine,colorred,test,num2,typeneutral,singlestim,83,268072,1010170,edc,paicipantresponsered,correct
9864,Subject104,425,museum,67,museum,colorred,test,num2,typeneutral,singlestim,85,273702,1010190,edc,paicipantresponsered,correct
10160,Subject104,536,dead,77,dead,colorblue,test,num2,typesuicide,singlestim,87,279445,1010210,edm,paicipantresponseblue,correct
10456,Subject104,448,paper,67,paper,colorred,test,num2,typeneutral,singlestim,89,285098,1010230,edc,paicipantresponsered,correct
10752,Subject104,430,funeral,77,funeral,colorblue,test,num2,typesuicide,singlestim,91,290735,1010250,edm,paicipantresponseblue,correct
11048,Subject104,383,paper,77,paper,colorblue,test,num2,typeneutral,singlestim,93,296324,1010270,edm,paicipantresponseblue,correct
11344,Subject104,483,engine,77,engine,colorblue,test,num2,typeneutral,singlestim,95,302014,1010290,edm,paicipantresponseblue,correct
11640,Subject104,477,funeral,67,funeral,colorred,test,num2,typesuicide,singlestim,97,307698,1010310,edc,paicipantresponsered,correct
11936,Subject104,473,success,67,success,colorred,test,num2,typepositive,singlestim,99,313376,1010330,edc,paicipantresponsered,correct
12232,Subject104,394,suicide,77,suicide,colorblue,test,num2,typesuicide,singlestim,101,318977,1010350,edm,paicipantresponseblue,correct
12528,Subject104,444,rejected,77,rejected,colorblue,test,num2,typenegative,singlestim,103,324627,1010370,edm,paicipantresponseblue,correct
12824,Subject104,490,stupid,77,stupid,colorblue,test,num2,typenegative,singlestim,105,330323,1010390,edm,paicipantresponseblue,correct
13120,Subject104,456,alone,77,alone,colorblue,test,num2,typenegative,singlestim,107,335985,1010410,edm,paicipantresponseblue,correct
13416,Subject104,358,suicide,67,suicide,colorred,test,num2,typesuicide,singlestim,109,341549,1010430,edc,paicipantresponsered,correct
13712,Subject104,336,happy,67,happy,colorred,test,num2,typepositive,singlestim,111,347092,1010450,edc,paicipantresponsered,correct
14008,Subject104,400,pleasure,77,pleasure,colorblue,test,num2,typepositive,singlestim,113,352699,1010470,edm,paicipantresponseblue,correct