,SubjectID,rt,stimulus,keypress,word,color,block,blocknum,wordtype,trialtype,trialindex,timeelapsed,internalnodeid,keypressed,participantresponse,correctresponse
223,Subject255,440,dead,67,dead,colorred,test,num1,typesuicide,singlestim,19,120112,100010,edc,paicipantresponsered,correct
519,Subject255,517,suicide,67,suicide,colorred,test,num1,typesuicide,singlestim,21,125832,100030,edc,paicipantresponsered,correct
815,Subject255,531,success,67,success,colorred,test,num1,typepositive,singlestim,23,131569,100050,edc,paicipantresponsered,correct
1111,Subject255,619,paper,77,paper,colorblue,test,num1,typeneutral,singlestim,25,137393,100070,edm,paicipantresponseblue,correct
1407,Subject255,636,alone,77,alone,colorblue,test,num1,typenegative,singlestim,27,143233,100090,edm,paicipantresponseblue,correct
1703,Subject255,445,dead,77,dead,colorblue,test,num1,typesuicide,singlestim,29,148881,1000110,edm,paicipantresponseblue,correct
1999,Subject255,459,rejected,77,rejected,colorblue,test,num1,typenegative,singlestim,31,154545,1000130,edm,paicipantresponseblue,correct
2295,Subject255,448,paper,67,paper,colorred,test,num1,typeneutral,singlestim,33,160201,1000150,edc,paicipantresponsered,correct
2591,Subject255,439,engine,67,engine,colorred,test,num1,typeneutral,singlestim,35,165842,1000170,edc,paicipantresponsered,correct
2887,Subject255,452,happy,77,happy,colorblue,test,num1,typepositive,singlestim,37,171497,1000190,edm,paicipantresponseblue,correct
3183,Subject255,372,funeral,77,funeral,colorblue,test,num1,typesuicide,singlestim,39,177073,1000210,edm,paicipantresponseblue,correct
3479,Subject255,418,happy,67,happy,colorred,test,num1,typepositive,singlestim,41,182697,1000230,edc,paicipantresponsered,correct
3775,Subject255,349,stupid,77,stupid,colorblue,test,num1,typenegative,singlestim,43,188250,1000250,edm,paicipantresponseblue,correct
4071,Subject255,388,pleasure,77,pleasure,colorblue,test,num1,typepositive,singlestim,45,193841,1000270,edm,paicipantresponseblue,correct
4367,Subject255,404,success,77,success,colorblue,test,num1,typepositive,singlestim,47,199450,1000290,edm,paicipantresponseblue,correct
4663,Subject255,444,funeral,67,funeral,colorred,test,num1,typesuicide,singlestim,49,205097,1000310,edc,paicipantresponsered,correct
4959,Subject255,662,museum,67,museum,colorred,test,num1,typeneutral,singlestim,51,210962,1000330,edc,paicipantresponsered,correct
5255,Subject255,561,stupid,67,stupid,colorred,test,num1,typenegative,singlestim,53,216729,1000350,edc,paicipantresponsered,correct
5551,Subject255,371,engine,77,engine,colorblue,test,num1,typeneutral,singlestim,55,222306,1000370,edm,paicipantresponseblue,correct
5847,Subject255,419,alone,67,alone,colorred,test,num1,typenegative,singlestim,57,227929,1000390,edc,paicipantresponsered,correct
6143,Subject255,948,pleasure,67,pleasure,colorred,test,num1,typepositive,singlestim,59,234082,1000410,edc,paicipantresponsered,correct
6439,Subject255,690,museum,77,museum,colorblue,test,num1,typeneutral,singlestim,61,239977,1000430,edm,paicipantresponseblue,correct
6735,Subject255,581,suicide,67,suicide,colorblue,test,num1,typesuicide,singlestim,63,245762,1000450,edc,paicipantresponsered,incorrect
7031,Subject255,571,rejected,67,rejected,colorred,test,num1,typenegative,singlestim,65,251538,1000470,edc,paicipantresponsered,correct
7327,Subject255,397,alone,77,alone,colorblue,test,num2,typenegative,singlestim,67,257138,101010,edm,paicipantresponseblue,correct
7623,Subject255,577,happy,67,happy,colorred,test,num2,typepositive,singlestim,69,262921,101030,edc,paicipantresponsered,correct
7919,Subject255,436,rejected,77,rejected,colorblue,test,num2,typenegative,singlestim,71,268563,101050,edm,paicipantresponseblue,correct
8215,Subject255,476,engine,67,engine,colorred,test,num2,typeneutral,singlestim,73,274241,101070,edc,paicipantresponsered,correct
8511,Subject255,445,pleasure,67,pleasure,colorred,test,num2,typepositive,singlestim,75,279891,101090,edc,paicipantresponsered,correct
8807,Subject255,540,museum,77,museum,colorblue,test,num2,typeneutral,singlestim,77,285633,1010110,edm,paicipantresponseblue,correct
9103,Subject255,605,pleasure,77,pleasure,colorblue,test,num2,typepositive,singlestim,79,291442,1010130,edm,paicipantresponseblue,correct
9399,Subject255,660,paper,77,paper,colorblue,test,num2,typeneutral,singlestim,81,297306,1010150,edm,paicipantresponseblue,correct
9695,Subject255,804,success,67,success,colorred,test,num2,typepositive,singlestim,83,303314,1010170,edc,paicipantresponsered,correct
9991,Subject255,723,suicide,77,suicide,colorblue,test,num2,typesuicide,singlestim,85,309243,1010190,edm,paicipantresponseblue,correct
10287,Subject255,638,paper,67,paper,colorred,test,num2,typeneutral,singlestim,87,315084,1010210,edc,paicipantresponsered,correct
10583,Subject255,444,dead,77,dead,colorblue,test,num2,typesuicide,singlestim,89,320731,1010230,edm,paicipantresponseblue,correct
10879,Subject255,557,funeral,67,funeral,colorred,test,num2,typesuicide,singlestim,91,326492,1010250,edc,paicipantresponsered,correct
11175,Subject255,778,happy,77,happy,colorblue,test,num2,typepositive,singlestim,93,332474,1010270,edm,paicipantresponseblue,correct
11471,Subject255,771,engine,77,engine,colorblue,test,num2,typeneutral,singlestim,95,338452,1010290,edm,paicipantresponseblue,correct
11767,Subject255,588,rejected,67,rejected,colorred,test,num2,typenegative,singlestim,97,344243,1010310,edc,paicipantresponsered,correct
12063,Subject255,454,suicide,67,suicide,colorred,test,num2,typesuicide,singlestim,99,349900,1010330,edc,paicipantresponsered,correct
12359,Subject255,1043,stupid,67,stupid,colorred,test,num2,typenegative,singlestim,101,356147,1010350,edc,paicipantresponsered,correct
12655,Subject255,347,funeral,77,funeral,colorblue,test,num2,typesuicide,singlestim,103,361699,1010370,edm,paicipantresponseblue,correct
12951,Subject255,412,museum,67,museum,colorred,test,num2,typeneutral,singlestim,105,367315,1010390,edc,paicipantresponsered,correct
13247,Subject255,483,dead,67,dead,colorred,test,num2,typesuicide,singlestim,107,373004,1010410,edc,paicipantresponsered,correct
13543,Subject255,500,stupid,77,stupid,colorblue,test,num2,typenegative,singlestim,109,378708,1010430,edm,paicipantresponseblue,correct
13839,Subject255,453,success,77,success,colorblue,test,num2,typepositive,singlestim,111,384365,1010450,edm,paicipantresponseblue,correct
14135,Subject255,657,alone,67,alone,colorred,test,num2,typenegative,singlestim,113,390228,1010470,edc,paicipantresponsered,correct