,SubjectID,rt,stimulus,keypress,word,color,block,blocknum,wordtype,trialtype,trialindex,timeelapsed,internalnodeid,keypressed,participantresponse,correctresponse
97,Subject105,439,alone,67,alone,colorred,test,num1,typenegative,singlestim,19,273534,100010,edc,paicipantresponsered,correct
393,Subject105,390,museum,67,museum,colorred,test,num1,typeneutral,singlestim,21,279137,100030,edc,paicipantresponsered,correct
689,Subject105,398,dead,67,dead,colorblue,test,num1,typesuicide,singlestim,23,284761,100050,edc,paicipantresponsered,incorrect
985,Subject105,431,funeral,77,funeral,colorblue,test,num1,typesuicide,singlestim,25,290415,100070,edm,paicipantresponseblue,correct
1281,Subject105,418,rejected,77,rejected,colorblue,test,num1,typenegative,singlestim,27,296060,100090,edm,paicipantresponseblue,correct
1577,Subject105,346,museum,77,museum,colorblue,test,num1,typeneutral,singlestim,29,301628,1000110,edm,paicipantresponseblue,correct
1873,Subject105,339,success,77,success,colorblue,test,num1,typepositive,singlestim,31,307213,1000130,edm,paicipantresponseblue,correct
2169,Subject105,330,engine,77,engine,colorblue,test,num1,typeneutral,singlestim,33,312774,1000150,edm,paicipantresponseblue,correct
2465,Subject105,405,alone,77,alone,colorblue,test,num1,typenegative,singlestim,35,318394,1000170,edm,paicipantresponseblue,correct
2761,Subject105,400,pleasure,67,pleasure,colorred,test,num1,typepositive,singlestim,37,324010,1000190,edc,paicipantresponsered,correct
3057,Subject105,400,pleasure,77,pleasure,colorblue,test,num1,typepositive,singlestim,39,329633,1000210,edm,paicipantresponseblue,correct
3353,Subject105,466,happy,67,happy,colorred,test,num1,typepositive,singlestim,41,335316,1000230,edc,paicipantresponsered,correct
3649,Subject105,594,suicide,67,suicide,colorred,test,num1,typesuicide,singlestim,43,341134,1000250,edc,paicipantresponsered,correct
3945,Subject105,627,stupid,77,stupid,colorblue,test,num1,typenegative,singlestim,45,346981,1000270,edm,paicipantresponseblue,correct
4241,Subject105,386,success,67,success,colorred,test,num1,typepositive,singlestim,47,352592,1000290,edc,paicipantresponsered,correct
4537,Subject105,411,suicide,77,suicide,colorblue,test,num1,typesuicide,singlestim,49,358223,1000310,edm,paicipantresponseblue,correct
4833,Subject105,507,dead,67,dead,colorred,test,num1,typesuicide,singlestim,51,363957,1000330,edc,paicipantresponsered,correct
5129,Subject105,523,paper,77,paper,colorblue,test,num1,typeneutral,singlestim,53,369713,1000350,edm,paicipantresponseblue,correct
5425,Subject105,384,engine,67,engine,colorred,test,num1,typeneutral,singlestim,55,375333,1000370,edc,paicipantresponsered,correct
5721,Subject105,302,funeral,77,funeral,colorred,test,num1,typesuicide,singlestim,57,380877,1000390,edm,paicipantresponseblue,incorrect
6017,Subject105,486,paper,67,paper,colorred,test,num1,typeneutral,singlestim,59,386586,1000410,edc,paicipantresponsered,correct
6313,Subject105,527,rejected,67,rejected,colorred,test,num1,typenegative,singlestim,61,392349,1000430,edc,paicipantresponsered,correct
6609,Subject105,433,stupid,67,stupid,colorred,test,num1,typenegative,singlestim,63,398013,1000450,edc,paicipantresponsered,correct
6905,Subject105,312,happy,77,happy,colorblue,test,num1,typepositive,singlestim,65,403565,1000470,edm,paicipantresponseblue,correct
7201,Subject105,530,museum,67,museum,colorred,test,num2,typeneutral,singlestim,67,409307,101010,edc,paicipantresponsered,correct
7497,Subject105,438,dead,67,dead,colorred,test,num2,typesuicide,singlestim,69,414957,101030,edc,paicipantresponsered,correct
7793,Subject105,294,rejected,77,rejected,colorblue,test,num2,typenegative,singlestim,71,420485,101050,edm,paicipantresponseblue,correct
8089,Subject105,361,suicide,67,suicide,colorred,test,num2,typesuicide,singlestim,73,426076,101070,edc,paicipantresponsered,correct
8385,Subject105,554,pleasure,77,pleasure,colorblue,test,num2,typepositive,singlestim,75,431853,101090,edm,paicipantresponseblue,correct
8681,Subject105,542,museum,77,museum,colorblue,test,num2,typeneutral,singlestim,77,437639,1010110,edm,paicipantresponseblue,correct
8977,Subject105,418,success,77,success,colorblue,test,num2,typepositive,singlestim,79,443272,1010130,edm,paicipantresponseblue,correct
9273,Subject105,518,happy,67,happy,colorred,test,num2,typepositive,singlestim,81,449000,1010150,edc,paicipantresponsered,correct
9569,Subject105,423,engine,77,engine,colorred,test,num2,typeneutral,singlestim,83,454642,1010170,edm,paicipantresponseblue,incorrect
9865,Subject105,367,suicide,77,suicide,colorblue,test,num2,typesuicide,singlestim,85,460243,1010190,edm,paicipantresponseblue,correct
10161,Subject105,347,alone,77,alone,colorblue,test,num2,typenegative,singlestim,87,465816,1010210,edm,paicipantresponseblue,correct
10457,Subject105,698,paper,67,paper,colorred,test,num2,typeneutral,singlestim,89,471738,1010230,edc,paicipantresponsered,correct
10753,Subject105,584,funeral,77,funeral,colorblue,test,num2,typesuicide,singlestim,91,477549,1010250,edm,paicipantresponseblue,correct
11049,Subject105,479,engine,77,engine,colorblue,test,num2,typeneutral,singlestim,93,483266,1010270,edm,paicipantresponseblue,correct
11345,Subject105,345,dead,77,dead,colorblue,test,num2,typesuicide,singlestim,95,488819,1010290,edm,paicipantresponseblue,correct
11641,Subject105,487,success,67,success,colorred,test,num2,typepositive,singlestim,97,494523,1010310,edc,paicipantresponsered,correct
11937,Subject105,374,alone,67,alone,colorred,test,num2,typenegative,singlestim,99,500133,1010330,edc,paicipantresponsered,correct
12233,Subject105,459,rejected,67,rejected,colorred,test,num2,typenegative,singlestim,101,505814,1010350,edc,paicipantresponsered,correct
12529,Subject105,385,stupid,77,stupid,colorred,test,num2,typenegative,singlestim,103,511416,1010370,edm,paicipantresponseblue,incorrect
12825,Subject105,476,funeral,67,funeral,colorred,test,num2,typesuicide,singlestim,105,517113,1010390,edc,paicipantresponsered,correct
13121,Subject105,656,happy,77,happy,colorblue,test,num2,typepositive,singlestim,107,523003,1010410,edm,paicipantresponseblue,correct
13417,Subject105,409,paper,77,paper,colorblue,test,num2,typeneutral,singlestim,109,528652,1010430,edm,paicipantresponseblue,correct
13713,Subject105,531,stupid,77,stupid,colorblue,test,num2,typenegative,singlestim,111,534418,1010450,edm,paicipantresponseblue,correct
14009,Subject105,595,pleasure,67,pleasure,colorred,test,num2,typepositive,singlestim,113,540239,1010470,edc,paicipantresponsered,correct