,SubjectID,rt,stimulus,keypress,word,color,block,blocknum,wordtype,trialtype,trialindex,timeelapsed,internalnodeid,keypressed,participantresponse,correctresponse
83,Subject89,439,rejected,77,rejected,colorblue,test,num1,typenegative,singlestim,19,113254,100010,edm,paicipantresponseblue,correct
379,Subject89,502,museum,67,museum,colorred,test,num1,typeneutral,singlestim,21,118969,100030,edc,paicipantresponsered,correct
675,Subject89,593,suicide,77,suicide,colorred,test,num1,typesuicide,singlestim,23,124772,100050,edm,paicipantresponseblue,incorrect
971,Subject89,579,pleasure,77,pleasure,colorblue,test,num1,typepositive,singlestim,25,130561,100070,edm,paicipantresponseblue,correct
1267,Subject89,541,suicide,67,suicide,colorblue,test,num1,typesuicide,singlestim,27,136316,100090,edc,paicipantresponsered,incorrect
1563,Subject89,792,stupid,77,stupid,colorblue,test,num1,typenegative,singlestim,29,142323,1000110,edm,paicipantresponseblue,correct
1859,Subject89,476,happy,77,happy,colorblue,test,num1,typepositive,singlestim,31,148011,1000130,edm,paicipantresponseblue,correct
2155,Subject89,641,stupid,67,stupid,colorred,test,num1,typenegative,singlestim,33,153862,1000150,edc,paicipantresponsered,correct
2451,Subject89,530,museum,77,museum,colorblue,test,num1,typeneutral,singlestim,35,159601,1000170,edm,paicipantresponseblue,correct
2747,Subject89,437,alone,67,alone,colorred,test,num1,typenegative,singlestim,37,165249,1000190,edc,paicipantresponsered,correct
3043,Subject89,871,paper,67,paper,colorred,test,num1,typeneutral,singlestim,39,171329,1000210,edc,paicipantresponsered,correct
3339,Subject89,702,success,77,success,colorblue,test,num1,typepositive,singlestim,41,177249,1000230,edm,paicipantresponseblue,correct
3635,Subject89,780,engine,67,engine,colorred,test,num1,typeneutral,singlestim,43,183242,1000250,edc,paicipantresponsered,correct
3931,Subject89,791,funeral,67,funeral,colorred,test,num1,typesuicide,singlestim,45,189241,1000270,edc,paicipantresponsered,correct
4227,Subject89,789,funeral,77,funeral,colorblue,test,num1,typesuicide,singlestim,47,195242,1000290,edm,paicipantresponseblue,correct
4523,Subject89,859,pleasure,67,pleasure,colorred,test,num1,typepositive,singlestim,49,201313,1000310,edc,paicipantresponsered,correct
4819,Subject89,637,alone,77,alone,colorblue,test,num1,typenegative,singlestim,51,207162,1000330,edm,paicipantresponseblue,correct
5115,Subject89,449,engine,77,engine,colorblue,test,num1,typeneutral,singlestim,53,212825,1000350,edm,paicipantresponseblue,correct
5411,Subject89,632,dead,77,dead,colorblue,test,num1,typesuicide,singlestim,55,218666,1000370,edm,paicipantresponseblue,correct
5707,Subject89,872,dead,67,dead,colorred,test,num1,typesuicide,singlestim,57,224752,1000390,edc,paicipantresponsered,correct
6003,Subject89,504,paper,77,paper,colorblue,test,num1,typeneutral,singlestim,59,230465,1000410,edm,paicipantresponseblue,correct
6299,Subject89,695,happy,67,happy,colorred,test,num1,typepositive,singlestim,61,236376,1000430,edc,paicipantresponsered,correct
6595,Subject89,807,success,67,success,colorred,test,num1,typepositive,singlestim,63,242394,1000450,edc,paicipantresponsered,correct
6891,Subject89,634,rejected,67,rejected,colorred,test,num1,typenegative,singlestim,65,248240,1000470,edc,paicipantresponsered,correct
7187,Subject89,550,pleasure,77,pleasure,colorblue,test,num2,typepositive,singlestim,67,254002,101010,edm,paicipantresponseblue,correct
7483,Subject89,465,rejected,77,rejected,colorblue,test,num2,typenegative,singlestim,69,259681,101030,edm,paicipantresponseblue,correct
7779,Subject89,480,suicide,77,suicide,colorblue,test,num2,typesuicide,singlestim,71,265370,101050,edm,paicipantresponseblue,correct
8075,Subject89,447,happy,67,happy,colorred,test,num2,typepositive,singlestim,73,271025,101070,edc,paicipantresponsered,correct
8371,Subject89,493,museum,77,museum,colorblue,test,num2,typeneutral,singlestim,75,276729,101090,edm,paicipantresponseblue,correct
8667,Subject89,715,alone,67,alone,colorred,test,num2,typenegative,singlestim,77,282657,1010110,edc,paicipantresponsered,correct
8963,Subject89,1725,dead,77,dead,colorblue,test,num2,typesuicide,singlestim,79,289594,1010130,edm,paicipantresponseblue,correct
9259,Subject89,517,alone,77,alone,colorblue,test,num2,typenegative,singlestim,81,295320,1010150,edm,paicipantresponseblue,correct
9555,Subject89,750,paper,77,paper,colorblue,test,num2,typeneutral,singlestim,83,301282,1010170,edm,paicipantresponseblue,correct
9851,Subject89,423,paper,67,paper,colorred,test,num2,typeneutral,singlestim,85,306921,1010190,edc,paicipantresponsered,correct
10147,Subject89,467,engine,77,engine,colorblue,test,num2,typeneutral,singlestim,87,312601,1010210,edm,paicipantresponseblue,correct
10443,Subject89,685,rejected,67,rejected,colorred,test,num2,typenegative,singlestim,89,318497,1010230,edc,paicipantresponsered,correct
10739,Subject89,886,success,67,success,colorred,test,num2,typepositive,singlestim,91,324593,1010250,edc,paicipantresponsered,correct
11035,Subject89,665,stupid,67,stupid,colorred,test,num2,typenegative,singlestim,93,330472,1010270,edc,paicipantresponsered,correct
11331,Subject89,649,funeral,77,funeral,colorblue,test,num2,typesuicide,singlestim,95,336330,1010290,edm,paicipantresponseblue,correct
11627,Subject89,887,pleasure,67,pleasure,colorred,test,num2,typepositive,singlestim,97,342432,1010310,edc,paicipantresponsered,correct
11923,Subject89,589,happy,77,happy,colorblue,test,num2,typepositive,singlestim,99,348233,1010330,edm,paicipantresponseblue,correct
12219,Subject89,561,suicide,67,suicide,colorred,test,num2,typesuicide,singlestim,101,354009,1010350,edc,paicipantresponsered,correct
12515,Subject89,625,dead,77,dead,colorred,test,num2,typesuicide,singlestim,103,359841,1010370,edm,paicipantresponseblue,incorrect
12811,Subject89,453,engine,67,engine,colorred,test,num2,typeneutral,singlestim,105,365505,1010390,edc,paicipantresponsered,correct
13107,Subject89,439,funeral,67,funeral,colorred,test,num2,typesuicide,singlestim,107,371154,1010410,edc,paicipantresponsered,correct
13403,Subject89,413,stupid,77,stupid,colorblue,test,num2,typenegative,singlestim,109,376777,1010430,edm,paicipantresponseblue,correct
13699,Subject89,816,museum,67,museum,colorred,test,num2,typeneutral,singlestim,111,382802,1010450,edc,paicipantresponsered,correct
13995,Subject89,878,success,77,success,colorblue,test,num2,typepositive,singlestim,113,388889,1010470,edm,paicipantresponseblue,correct