,SubjectID,rt,stimulus,keypress,word,color,block,blocknum,wordtype,trialtype,trialindex,timeelapsed,internalnodeid,keypressed,participantresponse,correctresponse
246,Subject280,635,suicide,77,suicide,colorblue,test,num1,typesuicide,singlestim,19,81888,100010,edm,paicipantresponseblue,correct
542,Subject280,459,alone,67,alone,colorred,test,num1,typenegative,singlestim,21,87551,100030,edc,paicipantresponsered,correct
838,Subject280,504,stupid,67,stupid,colorred,test,num1,typenegative,singlestim,23,93264,100050,edc,paicipantresponsered,correct
1134,Subject280,497,suicide,67,suicide,colorred,test,num1,typesuicide,singlestim,25,98965,100070,edc,paicipantresponsered,correct
1430,Subject280,453,museum,77,museum,colorblue,test,num1,typeneutral,singlestim,27,104625,100090,edm,paicipantresponseblue,correct
1726,Subject280,484,dead,67,dead,colorred,test,num1,typesuicide,singlestim,29,110315,1000110,edc,paicipantresponsered,correct
2022,Subject280,511,success,77,success,colorblue,test,num1,typepositive,singlestim,31,116035,1000130,edm,paicipantresponseblue,correct
2318,Subject280,629,pleasure,77,pleasure,colorblue,test,num1,typepositive,singlestim,33,121870,1000150,edm,paicipantresponseblue,correct
2614,Subject280,669,museum,67,museum,colorred,test,num1,typeneutral,singlestim,35,127745,1000170,edc,paicipantresponsered,correct
2910,Subject280,517,engine,67,engine,colorred,test,num1,typeneutral,singlestim,37,133469,1000190,edc,paicipantresponsered,correct
3206,Subject280,461,success,67,success,colorred,test,num1,typepositive,singlestim,39,139135,1000210,edc,paicipantresponsered,correct
3502,Subject280,354,funeral,77,funeral,colorblue,test,num1,typesuicide,singlestim,41,144708,1000230,edm,paicipantresponseblue,correct
3798,Subject280,420,funeral,67,funeral,colorred,test,num1,typesuicide,singlestim,43,150334,1000250,edc,paicipantresponsered,correct
4094,Subject280,418,paper,77,paper,colorblue,test,num1,typeneutral,singlestim,45,155957,1000270,edm,paicipantresponseblue,correct
4390,Subject280,464,stupid,77,stupid,colorblue,test,num1,typenegative,singlestim,47,161626,1000290,edm,paicipantresponseblue,correct
4686,Subject280,584,pleasure,67,pleasure,colorred,test,num1,typepositive,singlestim,49,167417,1000310,edc,paicipantresponsered,correct
4982,Subject280,541,alone,77,alone,colorblue,test,num1,typenegative,singlestim,51,173165,1000330,edm,paicipantresponseblue,correct
5278,Subject280,495,happy,77,happy,colorblue,test,num1,typepositive,singlestim,53,178868,1000350,edm,paicipantresponseblue,correct
5574,Subject280,456,engine,77,engine,colorblue,test,num1,typeneutral,singlestim,55,184530,1000370,edm,paicipantresponseblue,correct
5870,Subject280,365,paper,67,paper,colorred,test,num1,typeneutral,singlestim,57,190101,1000390,edc,paicipantresponsered,correct
6166,Subject280,486,happy,67,happy,colorred,test,num1,typepositive,singlestim,59,195795,1000410,edc,paicipantresponsered,correct
6462,Subject280,425,rejected,67,rejected,colorred,test,num1,typenegative,singlestim,61,201429,1000430,edc,paicipantresponsered,correct
6758,Subject280,419,dead,77,dead,colorblue,test,num1,typesuicide,singlestim,63,207054,1000450,edm,paicipantresponseblue,correct
7054,Subject280,427,rejected,77,rejected,colorblue,test,num1,typenegative,singlestim,65,212687,1000470,edm,paicipantresponseblue,correct
7350,Subject280,367,dead,67,dead,colorred,test,num2,typesuicide,singlestim,67,218267,101010,edc,paicipantresponsered,correct
7646,Subject280,392,stupid,77,stupid,colorblue,test,num2,typenegative,singlestim,69,223867,101030,edm,paicipantresponseblue,correct
7942,Subject280,412,suicide,77,suicide,colorblue,test,num2,typesuicide,singlestim,71,229483,101050,edm,paicipantresponseblue,correct
8238,Subject280,394,paper,67,paper,colorred,test,num2,typeneutral,singlestim,73,235083,101070,edc,paicipantresponsered,correct
8534,Subject280,437,paper,77,paper,colorblue,test,num2,typeneutral,singlestim,75,240727,101090,edm,paicipantresponseblue,correct
8830,Subject280,495,engine,67,engine,colorred,test,num2,typeneutral,singlestim,77,246428,1010110,edc,paicipantresponsered,correct
9126,Subject280,418,success,77,success,colorblue,test,num2,typepositive,singlestim,79,252053,1010130,edm,paicipantresponseblue,correct
9422,Subject280,496,funeral,67,funeral,colorred,test,num2,typesuicide,singlestim,81,257754,1010150,edc,paicipantresponsered,correct
9718,Subject280,569,pleasure,67,pleasure,colorred,test,num2,typepositive,singlestim,83,263529,1010170,edc,paicipantresponsered,correct
10014,Subject280,475,museum,67,museum,colorred,test,num2,typeneutral,singlestim,85,269212,1010190,edc,paicipantresponsered,correct
10310,Subject280,636,engine,77,engine,colorblue,test,num2,typeneutral,singlestim,87,275056,1010210,edm,paicipantresponseblue,correct
10606,Subject280,501,alone,77,alone,colorblue,test,num2,typenegative,singlestim,89,280765,1010230,edm,paicipantresponseblue,correct
10902,Subject280,585,museum,77,museum,colorblue,test,num2,typeneutral,singlestim,91,286554,1010250,edm,paicipantresponseblue,correct
11198,Subject280,429,funeral,77,funeral,colorblue,test,num2,typesuicide,singlestim,93,292191,1010270,edm,paicipantresponseblue,correct
11494,Subject280,625,rejected,77,rejected,colorblue,test,num2,typenegative,singlestim,95,298025,1010290,edm,paicipantresponseblue,correct
11790,Subject280,445,rejected,67,rejected,colorred,test,num2,typenegative,singlestim,97,303677,1010310,edc,paicipantresponsered,correct
12086,Subject280,474,alone,67,alone,colorred,test,num2,typenegative,singlestim,99,309356,1010330,edc,paicipantresponsered,correct
12382,Subject280,1177,happy,77,happy,colorblue,test,num2,typepositive,singlestim,101,315741,1010350,edm,paicipantresponseblue,correct
12678,Subject280,484,happy,67,happy,colorred,test,num2,typepositive,singlestim,103,321430,1010370,edc,paicipantresponsered,correct
12974,Subject280,511,stupid,67,stupid,colorred,test,num2,typenegative,singlestim,105,327147,1010390,edc,paicipantresponsered,correct
13270,Subject280,411,success,67,success,colorred,test,num2,typepositive,singlestim,107,332765,1010410,edc,paicipantresponsered,correct
13566,Subject280,533,dead,77,dead,colorblue,test,num2,typesuicide,singlestim,109,338506,1010430,edm,paicipantresponseblue,correct
13862,Subject280,636,pleasure,77,pleasure,colorblue,test,num2,typepositive,singlestim,111,344346,1010450,edm,paicipantresponseblue,correct
14158,Subject280,319,suicide,67,suicide,colorred,test,num2,typesuicide,singlestim,113,349876,1010470,edc,paicipantresponsered,correct