,SubjectID,rt,stimulus,keypress,word,color,block,blocknum,wordtype,trialtype,trialindex,timeelapsed,internalnodeid,keypressed,participantresponse,correctresponse
267,Subject303,596,paper,67,paper,colorred,test,num1,typeneutral,singlestim,19,68430,100010,edc,paicipantresponsered,correct
563,Subject303,366,suicide,77,suicide,colorblue,test,num1,typesuicide,singlestim,21,74004,100030,edm,paicipantresponseblue,correct
859,Subject303,512,happy,67,happy,colorblue,test,num1,typepositive,singlestim,23,79722,100050,edc,paicipantresponsered,incorrect
1155,Subject303,436,engine,77,engine,colorblue,test,num1,typeneutral,singlestim,25,85364,100070,edm,paicipantresponseblue,correct
1451,Subject303,754,happy,67,happy,colorred,test,num1,typepositive,singlestim,27,91324,100090,edc,paicipantresponsered,correct
1747,Subject303,524,success,67,success,colorred,test,num1,typepositive,singlestim,29,97052,1000110,edc,paicipantresponsered,correct
2043,Subject303,546,engine,67,engine,colorred,test,num1,typeneutral,singlestim,31,102804,1000130,edc,paicipantresponsered,correct
2339,Subject303,400,museum,67,museum,colorred,test,num1,typeneutral,singlestim,33,108410,1000150,edc,paicipantresponsered,correct
2635,Subject303,444,stupid,77,stupid,colorblue,test,num1,typenegative,singlestim,35,114056,1000170,edm,paicipantresponseblue,correct
2931,Subject303,738,suicide,67,suicide,colorred,test,num1,typesuicide,singlestim,37,120000,1000190,edc,paicipantresponsered,correct
3227,Subject303,424,pleasure,77,pleasure,colorblue,test,num1,typepositive,singlestim,39,125628,1000210,edm,paicipantresponseblue,correct
3523,Subject303,408,paper,77,paper,colorblue,test,num1,typeneutral,singlestim,41,131242,1000230,edm,paicipantresponseblue,correct
3819,Subject303,372,alone,67,alone,colorred,test,num1,typenegative,singlestim,43,136818,1000250,edc,paicipantresponsered,correct
4115,Subject303,446,success,77,success,colorblue,test,num1,typepositive,singlestim,45,142470,1000270,edm,paicipantresponseblue,correct
4411,Subject303,492,funeral,77,funeral,colorblue,test,num1,typesuicide,singlestim,47,148164,1000290,edm,paicipantresponseblue,correct
4707,Subject303,378,dead,77,dead,colorblue,test,num1,typesuicide,singlestim,49,153746,1000310,edm,paicipantresponseblue,correct
5003,Subject303,434,stupid,67,stupid,colorred,test,num1,typenegative,singlestim,51,159384,1000330,edc,paicipantresponsered,correct
5299,Subject303,346,rejected,77,rejected,colorblue,test,num1,typenegative,singlestim,53,164932,1000350,edm,paicipantresponseblue,correct
5595,Subject303,440,pleasure,67,pleasure,colorred,test,num1,typepositive,singlestim,55,170578,1000370,edc,paicipantresponsered,correct
5891,Subject303,486,dead,67,dead,colorred,test,num1,typesuicide,singlestim,57,176268,1000390,edc,paicipantresponsered,correct
6187,Subject303,408,funeral,67,funeral,colorred,test,num1,typesuicide,singlestim,59,181882,1000410,edc,paicipantresponsered,correct
6483,Subject303,590,rejected,67,rejected,colorred,test,num1,typenegative,singlestim,61,187674,1000430,edc,paicipantresponsered,correct
6779,Subject303,450,museum,77,museum,colorblue,test,num1,typeneutral,singlestim,63,193326,1000450,edm,paicipantresponseblue,correct
7075,Subject303,400,alone,77,alone,colorblue,test,num1,typenegative,singlestim,65,198942,1000470,edm,paicipantresponseblue,correct
7371,Subject303,404,dead,77,dead,colorblue,test,num2,typesuicide,singlestim,67,204552,101010,edm,paicipantresponseblue,correct
7667,Subject303,602,paper,77,paper,colorblue,test,num2,typeneutral,singlestim,69,210356,101030,edm,paicipantresponseblue,correct
7963,Subject303,388,suicide,67,suicide,colorred,test,num2,typesuicide,singlestim,71,215948,101050,edc,paicipantresponsered,correct
8259,Subject303,478,suicide,77,suicide,colorblue,test,num2,typesuicide,singlestim,73,221630,101070,edm,paicipantresponseblue,correct
8555,Subject303,472,engine,67,engine,colorred,test,num2,typeneutral,singlestim,75,227306,101090,edc,paicipantresponsered,correct
8851,Subject303,1312,alone,67,alone,colorred,test,num2,typenegative,singlestim,77,233826,1010110,edc,paicipantresponsered,correct
9147,Subject303,412,funeral,67,funeral,colorred,test,num2,typesuicide,singlestim,79,239442,1010130,edc,paicipantresponsered,correct
9443,Subject303,426,pleasure,67,pleasure,colorred,test,num2,typepositive,singlestim,81,245072,1010150,edc,paicipantresponsered,correct
9739,Subject303,384,stupid,67,stupid,colorred,test,num2,typenegative,singlestim,83,250660,1010170,edc,paicipantresponsered,correct
10035,Subject303,546,alone,77,alone,colorblue,test,num2,typenegative,singlestim,85,256408,1010190,edm,paicipantresponseblue,correct
10331,Subject303,366,success,77,success,colorred,test,num2,typepositive,singlestim,87,261978,1010210,edm,paicipantresponseblue,incorrect
10627,Subject303,388,success,77,success,colorblue,test,num2,typepositive,singlestim,89,267570,1010230,edm,paicipantresponseblue,correct
10923,Subject303,502,stupid,77,stupid,colorblue,test,num2,typenegative,singlestim,91,273278,1010250,edm,paicipantresponseblue,correct
11219,Subject303,578,rejected,67,rejected,colorred,test,num2,typenegative,singlestim,93,279060,1010270,edc,paicipantresponsered,correct
11515,Subject303,538,paper,67,paper,colorred,test,num2,typeneutral,singlestim,95,284802,1010290,edc,paicipantresponsered,correct
11811,Subject303,358,funeral,77,funeral,colorblue,test,num2,typesuicide,singlestim,97,290364,1010310,edm,paicipantresponseblue,correct
12107,Subject303,352,happy,77,happy,colorblue,test,num2,typepositive,singlestim,99,295922,1010330,edm,paicipantresponseblue,correct
12403,Subject303,434,rejected,77,rejected,colorblue,test,num2,typenegative,singlestim,101,301558,1010350,edm,paicipantresponseblue,correct
12699,Subject303,448,pleasure,77,pleasure,colorblue,test,num2,typepositive,singlestim,103,307212,1010370,edm,paicipantresponseblue,correct
12995,Subject303,440,happy,67,happy,colorred,test,num2,typepositive,singlestim,105,312854,1010390,edc,paicipantresponsered,correct
13291,Subject303,342,engine,77,engine,colorblue,test,num2,typeneutral,singlestim,107,318402,1010410,edm,paicipantresponseblue,correct
13587,Subject303,356,museum,77,museum,colorblue,test,num2,typeneutral,singlestim,109,323970,1010430,edm,paicipantresponseblue,correct
13883,Subject303,470,dead,67,dead,colorred,test,num2,typesuicide,singlestim,111,329644,1010450,edc,paicipantresponsered,correct
14179,Subject303,284,museum,67,museum,colorred,test,num2,typeneutral,singlestim,113,335132,1010470,edc,paicipantresponsered,correct