,SubjectID,rt,stimulus,keypress,word,color,block,blocknum,wordtype,trialtype,trialindex,timeelapsed,internalnodeid,keypressed,participantresponse,correctresponse
31,Subject32,551,funeral,77,funeral,colorblue,test,num1,typesuicide,singlestim,19,79165,100010,edm,paicipantresponseblue,correct
327,Subject32,754,museum,67,museum,colorred,test,num1,typeneutral,singlestim,21,85130,100030,edc,paicipantresponsered,correct
623,Subject32,1018,dead,77,dead,colorblue,test,num1,typesuicide,singlestim,23,91417,100050,edm,paicipantresponseblue,correct
919,Subject32,853,paper,67,paper,colorred,test,num1,typeneutral,singlestim,25,97481,100070,edc,paicipantresponsered,correct
1215,Subject32,856,paper,77,paper,colorblue,test,num1,typeneutral,singlestim,27,103721,100090,edm,paicipantresponseblue,correct
1511,Subject32,914,happy,67,happy,colorred,test,num1,typepositive,singlestim,29,109845,1000110,edc,paicipantresponsered,correct
1807,Subject32,977,pleasure,77,pleasure,colorblue,test,num1,typepositive,singlestim,31,116032,1000130,edm,paicipantresponseblue,correct
2103,Subject32,660,stupid,67,stupid,colorred,test,num1,typenegative,singlestim,33,121902,1000150,edc,paicipantresponsered,correct
2399,Subject32,759,engine,67,engine,colorred,test,num1,typeneutral,singlestim,35,127877,1000170,edc,paicipantresponsered,correct
2695,Subject32,643,engine,77,engine,colorblue,test,num1,typeneutral,singlestim,37,133732,1000190,edm,paicipantresponseblue,correct
2991,Subject32,531,stupid,77,stupid,colorblue,test,num1,typenegative,singlestim,39,139473,1000210,edm,paicipantresponseblue,correct
3287,Subject32,672,success,67,success,colorred,test,num1,typepositive,singlestim,41,145353,1000230,edc,paicipantresponsered,correct
3583,Subject32,1090,funeral,67,funeral,colorred,test,num1,typesuicide,singlestim,43,151669,1000250,edc,paicipantresponsered,correct
3879,Subject32,495,suicide,67,suicide,colorred,test,num1,typesuicide,singlestim,45,157381,1000270,edc,paicipantresponsered,correct
4175,Subject32,563,success,77,success,colorblue,test,num1,typepositive,singlestim,47,163178,1000290,edm,paicipantresponseblue,correct
4471,Subject32,647,alone,67,alone,colorred,test,num1,typenegative,singlestim,49,169060,1000310,edc,paicipantresponsered,correct
4767,Subject32,735,museum,77,museum,colorblue,test,num1,typeneutral,singlestim,51,175036,1000330,edm,paicipantresponseblue,correct
5063,Subject32,1050,pleasure,67,pleasure,colorred,test,num1,typepositive,singlestim,53,181508,1000350,edc,paicipantresponsered,correct
5359,Subject32,845,dead,67,dead,colorred,test,num1,typesuicide,singlestim,55,187659,1000370,edc,paicipantresponsered,correct
5655,Subject32,944,rejected,77,rejected,colorblue,test,num1,typenegative,singlestim,57,193846,1000390,edm,paicipantresponseblue,correct
5951,Subject32,689,suicide,77,suicide,colorblue,test,num1,typesuicide,singlestim,59,199763,1000410,edm,paicipantresponseblue,correct
6247,Subject32,532,happy,77,happy,colorblue,test,num1,typepositive,singlestim,61,205524,1000430,edm,paicipantresponseblue,correct
6543,Subject32,613,rejected,67,rejected,colorred,test,num1,typenegative,singlestim,63,211384,1000450,edc,paicipantresponsered,correct
6839,Subject32,538,alone,77,alone,colorblue,test,num1,typenegative,singlestim,65,217147,1000470,edm,paicipantresponseblue,correct
7135,Subject32,907,alone,77,alone,colorblue,test,num2,typenegative,singlestim,67,223507,101010,edm,paicipantresponseblue,correct
7431,Subject32,1141,dead,77,dead,colorblue,test,num2,typesuicide,singlestim,69,230024,101030,edm,paicipantresponseblue,correct
7727,Subject32,676,suicide,77,suicide,colorblue,test,num2,typesuicide,singlestim,71,235921,101050,edm,paicipantresponseblue,correct
8023,Subject32,488,rejected,77,rejected,colorblue,test,num2,typenegative,singlestim,73,241638,101070,edm,paicipantresponseblue,correct
8319,Subject32,615,happy,77,happy,colorblue,test,num2,typepositive,singlestim,75,247465,101090,edm,paicipantresponseblue,correct
8615,Subject32,611,pleasure,67,pleasure,colorred,test,num2,typepositive,singlestim,77,253290,1010110,edc,paicipantresponsered,correct
8911,Subject32,518,success,77,success,colorblue,test,num2,typepositive,singlestim,79,259021,1010130,edm,paicipantresponseblue,correct
9207,Subject32,671,funeral,67,funeral,colorred,test,num2,typesuicide,singlestim,81,264908,1010150,edc,paicipantresponsered,correct
9503,Subject32,622,dead,67,dead,colorred,test,num2,typesuicide,singlestim,83,270882,1010170,edc,paicipantresponsered,correct
9799,Subject32,927,alone,67,alone,colorred,test,num2,typenegative,singlestim,85,277022,1010190,edc,paicipantresponsered,correct
10095,Subject32,593,engine,77,engine,colorblue,test,num2,typeneutral,singlestim,87,282825,1010210,edm,paicipantresponseblue,correct
10391,Subject32,943,paper,67,paper,colorred,test,num2,typeneutral,singlestim,89,288976,1010230,edc,paicipantresponsered,correct
10687,Subject32,758,engine,67,engine,colorred,test,num2,typeneutral,singlestim,91,294957,1010250,edc,paicipantresponsered,correct
10983,Subject32,871,museum,67,museum,colorred,test,num2,typeneutral,singlestim,93,301062,1010270,edc,paicipantresponsered,correct
11279,Subject32,1199,stupid,67,stupid,colorred,test,num2,typenegative,singlestim,95,307495,1010290,edc,paicipantresponsered,correct
11575,Subject32,1283,rejected,67,rejected,colorred,test,num2,typenegative,singlestim,97,314014,1010310,edc,paicipantresponsered,correct
11871,Subject32,1300,stupid,77,stupid,colorblue,test,num2,typenegative,singlestim,99,320567,1010330,edm,paicipantresponseblue,correct
12167,Subject32,683,success,67,success,colorred,test,num2,typepositive,singlestim,101,326499,1010350,edc,paicipantresponsered,correct
12463,Subject32,1006,happy,67,happy,colorred,test,num2,typepositive,singlestim,103,332726,1010370,edc,paicipantresponsered,correct
12759,Subject32,1000,museum,77,museum,colorblue,test,num2,typeneutral,singlestim,105,338938,1010390,edm,paicipantresponseblue,correct
13055,Subject32,1197,pleasure,77,pleasure,colorblue,test,num2,typepositive,singlestim,107,345373,1010410,edm,paicipantresponseblue,correct
13351,Subject32,1634,paper,78,paper,colorblue,test,num2,typeneutral,singlestim,109,352237,1010430,edn,,incorrect
13647,Subject32,580,suicide,67,suicide,colorred,test,num2,typesuicide,singlestim,111,358102,1010450,edc,paicipantresponsered,correct
13943,Subject32,473,funeral,77,funeral,colorblue,test,num2,typesuicide,singlestim,113,363806,1010470,edm,paicipantresponseblue,correct