"","SubjectID","rt","stimulus","keypress","word","color","block","blocknum","wordtype","trialtype","trialindex","timeelapsed","internalnodeid","keypressed","participantresponse","correctresponse"
"15","Subject15","396","paper","77","paper","colorblue","test","num1","typeneutral","singlestim","19","66347","100010","edm","paicipantresponseblue","correct"
"311","Subject15","404","museum","77","museum","colorblue","test","num1","typeneutral","singlestim","21","71956","100030","edm","paicipantresponseblue","correct"
"607","Subject15","350","alone","67","alone","colorred","test","num1","typenegative","singlestim","23","77511","100050","edc","paicipantresponsered","correct"
"903","Subject15","488","stupid","67","stupid","colorred","test","num1","typenegative","singlestim","25","83203","100070","edc","paicipantresponsered","correct"
"1199","Subject15","495","funeral","67","funeral","colorred","test","num1","typesuicide","singlestim","27","88901","100090","edc","paicipantresponsered","correct"
"1495","Subject15","390","suicide","67","suicide","colorred","test","num1","typesuicide","singlestim","29","94495","1000110","edc","paicipantresponsered","correct"
"1791","Subject15","337","pleasure","77","pleasure","colorblue","test","num1","typepositive","singlestim","31","100036","1000130","edm","paicipantresponseblue","correct"
"2087","Subject15","355","engine","77","engine","colorblue","test","num1","typeneutral","singlestim","33","105596","1000150","edm","paicipantresponseblue","correct"
"2383","Subject15","409","paper","67","paper","colorred","test","num1","typeneutral","singlestim","35","111210","1000170","edc","paicipantresponsered","correct"
"2679","Subject15","500","alone","77","alone","colorblue","test","num1","typenegative","singlestim","37","116916","1000190","edm","paicipantresponseblue","correct"
"2975","Subject15","365","success","77","success","colorblue","test","num1","typepositive","singlestim","39","122486","1000210","edm","paicipantresponseblue","correct"
"3271","Subject15","377","stupid","77","stupid","colorblue","test","num1","typenegative","singlestim","41","128066","1000230","edm","paicipantresponseblue","correct"
"3567","Subject15","366","happy","67","happy","colorred","test","num1","typepositive","singlestim","43","133636","1000250","edc","paicipantresponsered","correct"
"3863","Subject15","453","museum","67","museum","colorred","test","num1","typeneutral","singlestim","45","139294","1000270","edc","paicipantresponsered","correct"
"4159","Subject15","403","dead","67","dead","colorred","test","num1","typesuicide","singlestim","47","144902","1000290","edc","paicipantresponsered","correct"
"4455","Subject15","383","happy","77","happy","colorblue","test","num1","typepositive","singlestim","49","150488","1000310","edm","paicipantresponseblue","correct"
"4751","Subject15","361","success","67","success","colorred","test","num1","typepositive","singlestim","51","156053","1000330","edc","paicipantresponsered","correct"
"5047","Subject15","461","dead","77","dead","colorblue","test","num1","typesuicide","singlestim","53","161721","1000350","edm","paicipantresponseblue","correct"
"5343","Subject15","437","rejected","77","rejected","colorblue","test","num1","typenegative","singlestim","55","167362","1000370","edm","paicipantresponseblue","correct"
"5639","Subject15","341","pleasure","67","pleasure","colorred","test","num1","typepositive","singlestim","57","172908","1000390","edc","paicipantresponsered","correct"
"5935","Subject15","472","engine","67","engine","colorred","test","num1","typeneutral","singlestim","59","178585","1000410","edc","paicipantresponsered","correct"
"6231","Subject15","395","rejected","67","rejected","colorred","test","num1","typenegative","singlestim","61","184183","1000430","edc","paicipantresponsered","correct"
"6527","Subject15","456","suicide","67","suicide","colorblue","test","num1","typesuicide","singlestim","63","189843","1000450","edc","paicipantresponsered","incorrect"
"6823","Subject15","368","funeral","77","funeral","colorblue","test","num1","typesuicide","singlestim","65","195417","1000470","edm","paicipantresponseblue","correct"
"7119","Subject15","341","paper","77","paper","colorblue","test","num2","typeneutral","singlestim","67","200961","101010","edm","paicipantresponseblue","correct"
"7415","Subject15","447","museum","77","museum","colorblue","test","num2","typeneutral","singlestim","69","206614","101030","edm","paicipantresponseblue","correct"
"7711","Subject15","467","funeral","77","funeral","colorblue","test","num2","typesuicide","singlestim","71","212285","101050","edm","paicipantresponseblue","correct"
"8007","Subject15","435","suicide","77","suicide","colorblue","test","num2","typesuicide","singlestim","73","217923","101070","edm","paicipantresponseblue","correct"
"8303","Subject15","550","dead","77","dead","colorblue","test","num2","typesuicide","singlestim","75","223677","101090","edm","paicipantresponseblue","correct"
"8599","Subject15","360","alone","77","alone","colorblue","test","num2","typenegative","singlestim","77","229243","1010110","edm","paicipantresponseblue","correct"
"8895","Subject15","512","happy","67","happy","colorred","test","num2","typepositive","singlestim","79","234959","1010130","edc","paicipantresponsered","correct"
"9191","Subject15","491","pleasure","77","pleasure","colorblue","test","num2","typepositive","singlestim","81","240656","1010150","edm","paicipantresponseblue","correct"
"9487","Subject15","589","rejected","77","rejected","colorblue","test","num2","typenegative","singlestim","83","246448","1010170","edm","paicipantresponseblue","correct"
"9783","Subject15","532","rejected","67","rejected","colorred","test","num2","typenegative","singlestim","85","252183","1010190","edc","paicipantresponsered","correct"
"10079","Subject15","463","dead","67","dead","colorred","test","num2","typesuicide","singlestim","87","257849","1010210","edc","paicipantresponsered","correct"
"10375","Subject15","554","suicide","67","suicide","colorred","test","num2","typesuicide","singlestim","89","263607","1010230","edc","paicipantresponsered","correct"
"10671","Subject15","444","paper","67","paper","colorred","test","num2","typeneutral","singlestim","91","269258","1010250","edc","paicipantresponsered","correct"
"10967","Subject15","343","engine","77","engine","colorblue","test","num2","typeneutral","singlestim","93","274806","1010270","edm","paicipantresponseblue","correct"
"11263","Subject15","611","success","67","success","colorred","test","num2","typepositive","singlestim","95","280622","1010290","edc","paicipantresponsered","correct"
"11559","Subject15","392","alone","67","alone","colorred","test","num2","typenegative","singlestim","97","286217","1010310","edc","paicipantresponsered","correct"
"11855","Subject15","489","stupid","77","stupid","colorblue","test","num2","typenegative","singlestim","99","291911","1010330","edm","paicipantresponseblue","correct"
"12151","Subject15","435","stupid","67","stupid","colorred","test","num2","typenegative","singlestim","101","297551","1010350","edc","paicipantresponsered","correct"
"12447","Subject15","514","museum","77","museum","colorred","test","num2","typeneutral","singlestim","103","303270","1010370","edm","paicipantresponseblue","incorrect"
"12743","Subject15","381","funeral","67","funeral","colorred","test","num2","typesuicide","singlestim","105","308855","1010390","edc","paicipantresponsered","correct"
"13039","Subject15","354","happy","77","happy","colorblue","test","num2","typepositive","singlestim","107","314414","1010410","edm","paicipantresponseblue","correct"
"13335","Subject15","426","pleasure","67","pleasure","colorred","test","num2","typepositive","singlestim","109","320046","1010430","edc","paicipantresponsered","correct"
"13631","Subject15","435","success","77","success","colorblue","test","num2","typepositive","singlestim","111","325685","1010450","edm","paicipantresponseblue","correct"
"13927","Subject15","649","engine","67","engine","colorred","test","num2","typeneutral","singlestim","113","331538","1010470","edc","paicipantresponsered","correct"
