,SubjectID,rt,stimulus,keypress,word,color,block,blocknum,wordtype,trialtype,trialindex,timeelapsed,internalnodeid,keypressed,participantresponse,correctresponse
290,Subject327,960,museum,67,museum,colorred,test,num1,typeneutral,singlestim,19,97676,100010,edc,paicipantresponsered,correct
586,Subject327,795,engine,77,engine,colorblue,test,num1,typeneutral,singlestim,21,103690,100030,edm,paicipantresponseblue,correct
882,Subject327,997,stupid,77,stupid,colorblue,test,num1,typenegative,singlestim,23,109899,100050,edm,paicipantresponseblue,correct
1178,Subject327,608,pleasure,77,pleasure,colorblue,test,num1,typepositive,singlestim,25,115725,100070,edm,paicipantresponseblue,correct
1474,Subject327,602,happy,77,happy,colorblue,test,num1,typepositive,singlestim,27,121545,100090,edm,paicipantresponseblue,correct
1770,Subject327,498,suicide,67,suicide,colorred,test,num1,typesuicide,singlestim,29,127261,1000110,edc,paicipantresponsered,correct
2066,Subject327,1228,rejected,67,rejected,colorred,test,num1,typenegative,singlestim,31,133703,1000130,edc,paicipantresponsered,correct
2362,Subject327,914,engine,67,engine,colorred,test,num1,typeneutral,singlestim,33,139827,1000150,edc,paicipantresponsered,correct
2658,Subject327,739,pleasure,67,pleasure,colorred,test,num1,typepositive,singlestim,35,145780,1000170,edc,paicipantresponsered,correct
2954,Subject327,705,funeral,77,funeral,colorblue,test,num1,typesuicide,singlestim,37,151703,1000190,edm,paicipantresponseblue,correct
3250,Subject327,963,funeral,67,funeral,colorred,test,num1,typesuicide,singlestim,39,157886,1000210,edc,paicipantresponsered,correct
3546,Subject327,796,happy,67,happy,colorred,test,num1,typepositive,singlestim,41,163900,1000230,edc,paicipantresponsered,correct
3842,Subject327,651,rejected,77,rejected,colorblue,test,num1,typenegative,singlestim,43,169763,1000250,edm,paicipantresponseblue,correct
4138,Subject327,624,dead,77,dead,colorblue,test,num1,typesuicide,singlestim,45,175605,1000270,edm,paicipantresponseblue,correct
4434,Subject327,651,success,67,success,colorred,test,num1,typepositive,singlestim,47,181468,1000290,edc,paicipantresponsered,correct
4730,Subject327,710,stupid,67,stupid,colorred,test,num1,typenegative,singlestim,49,187392,1000310,edc,paicipantresponsered,correct
5026,Subject327,454,museum,77,museum,colorblue,test,num1,typeneutral,singlestim,51,193064,1000330,edm,paicipantresponseblue,correct
5322,Subject327,590,success,77,success,colorblue,test,num1,typepositive,singlestim,53,198861,1000350,edm,paicipantresponseblue,correct
5618,Subject327,899,paper,77,paper,colorblue,test,num1,typeneutral,singlestim,55,204971,1000370,edm,paicipantresponseblue,correct
5914,Subject327,687,dead,67,dead,colorred,test,num1,typesuicide,singlestim,57,210869,1000390,edc,paicipantresponsered,correct
6210,Subject327,866,alone,77,alone,colorblue,test,num1,typenegative,singlestim,59,216948,1000410,edm,paicipantresponseblue,correct
6506,Subject327,530,suicide,77,suicide,colorblue,test,num1,typesuicide,singlestim,61,222692,1000430,edm,paicipantresponseblue,correct
6802,Subject327,564,alone,67,alone,colorred,test,num1,typenegative,singlestim,63,228473,1000450,edc,paicipantresponsered,correct
7098,Subject327,1341,paper,67,paper,colorred,test,num1,typeneutral,singlestim,65,235033,1000470,edc,paicipantresponsered,correct
7394,Subject327,465,stupid,77,stupid,colorblue,test,num2,typenegative,singlestim,67,240715,101010,edm,paicipantresponseblue,correct
7690,Subject327,523,engine,77,engine,colorblue,test,num2,typeneutral,singlestim,69,246454,101030,edm,paicipantresponseblue,correct
7986,Subject327,633,engine,67,engine,colorred,test,num2,typeneutral,singlestim,71,252302,101050,edc,paicipantresponsered,correct
8282,Subject327,693,success,67,success,colorred,test,num2,typepositive,singlestim,73,258207,101070,edc,paicipantresponsered,correct
8578,Subject327,606,success,77,success,colorblue,test,num2,typepositive,singlestim,75,264027,101090,edm,paicipantresponseblue,correct
8874,Subject327,610,paper,77,paper,colorblue,test,num2,typeneutral,singlestim,77,269847,1010110,edm,paicipantresponseblue,correct
9170,Subject327,1112,suicide,67,suicide,colorred,test,num2,typesuicide,singlestim,79,276175,1010130,edc,paicipantresponsered,correct
9466,Subject327,530,paper,67,paper,colorred,test,num2,typeneutral,singlestim,81,281916,1010150,edc,paicipantresponsered,correct
9762,Subject327,512,alone,67,alone,colorred,test,num2,typenegative,singlestim,83,287642,1010170,edc,paicipantresponsered,correct
10058,Subject327,477,funeral,77,funeral,colorblue,test,num2,typesuicide,singlestim,85,293325,1010190,edm,paicipantresponseblue,correct
10354,Subject327,454,dead,67,dead,colorred,test,num2,typesuicide,singlestim,87,298990,1010210,edc,paicipantresponsered,correct
10650,Subject327,528,rejected,77,rejected,colorblue,test,num2,typenegative,singlestim,89,304733,1010230,edm,paicipantresponseblue,correct
10946,Subject327,543,pleasure,77,pleasure,colorblue,test,num2,typepositive,singlestim,91,310485,1010250,edm,paicipantresponseblue,correct
11242,Subject327,948,pleasure,67,pleasure,colorred,test,num2,typepositive,singlestim,93,316651,1010270,edc,paicipantresponsered,correct
11538,Subject327,472,rejected,67,rejected,colorred,test,num2,typenegative,singlestim,95,322340,1010290,edc,paicipantresponsered,correct
11834,Subject327,468,stupid,67,stupid,colorred,test,num2,typenegative,singlestim,97,328021,1010310,edc,paicipantresponsered,correct
12130,Subject327,480,dead,77,dead,colorblue,test,num2,typesuicide,singlestim,99,333716,1010330,edm,paicipantresponseblue,correct
12426,Subject327,662,alone,77,alone,colorblue,test,num2,typenegative,singlestim,101,339591,1010350,edm,paicipantresponseblue,correct
12722,Subject327,654,suicide,77,suicide,colorblue,test,num2,typesuicide,singlestim,103,345458,1010370,edm,paicipantresponseblue,correct
13018,Subject327,532,museum,67,museum,colorred,test,num2,typeneutral,singlestim,105,351198,1010390,edc,paicipantresponsered,correct
13314,Subject327,432,museum,77,museum,colorblue,test,num2,typeneutral,singlestim,107,356845,1010410,edm,paicipantresponseblue,correct
13610,Subject327,493,happy,77,happy,colorblue,test,num2,typepositive,singlestim,109,362551,1010430,edm,paicipantresponseblue,correct
13906,Subject327,591,happy,67,happy,colorred,test,num2,typepositive,singlestim,111,368359,1010450,edc,paicipantresponsered,correct
14202,Subject327,755,funeral,67,funeral,colorred,test,num2,typesuicide,singlestim,113,374327,1010470,edc,paicipantresponsered,correct