,SubjectID,rt,stimulus,keypress,word,color,block,blocknum,wordtype,trialtype,trialindex,timeelapsed,internalnodeid,keypressed,participantresponse,correctresponse
252,Subject286,489,pleasure,67,pleasure,colorred,test,num1,typepositive,singlestim,19,80951,100010,edc,paicipantresponsered,correct
548,Subject286,423,funeral,77,funeral,colorblue,test,num1,typesuicide,singlestim,21,86584,100030,edm,paicipantresponseblue,correct
844,Subject286,656,rejected,67,rejected,colorred,test,num1,typenegative,singlestim,23,92448,100050,edc,paicipantresponsered,correct
1140,Subject286,508,alone,67,alone,colorred,test,num1,typenegative,singlestim,25,98167,100070,edc,paicipantresponsered,correct
1436,Subject286,431,pleasure,77,pleasure,colorblue,test,num1,typepositive,singlestim,27,103808,100090,edm,paicipantresponseblue,correct
1732,Subject286,461,stupid,67,stupid,colorred,test,num1,typenegative,singlestim,29,109479,1000110,edc,paicipantresponsered,correct
2028,Subject286,489,suicide,67,suicide,colorred,test,num1,typesuicide,singlestim,31,115176,1000130,edc,paicipantresponsered,correct
2324,Subject286,491,museum,77,museum,colorblue,test,num1,typeneutral,singlestim,33,120879,1000150,edm,paicipantresponseblue,correct
2620,Subject286,441,engine,77,engine,colorblue,test,num1,typeneutral,singlestim,35,126528,1000170,edm,paicipantresponseblue,correct
2916,Subject286,419,funeral,67,funeral,colorred,test,num1,typesuicide,singlestim,37,132158,1000190,edc,paicipantresponsered,correct
3212,Subject286,455,success,67,success,colorred,test,num1,typepositive,singlestim,39,137823,1000210,edc,paicipantresponsered,correct
3508,Subject286,533,dead,77,dead,colorblue,test,num1,typesuicide,singlestim,41,143566,1000230,edm,paicipantresponseblue,correct
3804,Subject286,467,success,77,success,colorblue,test,num1,typepositive,singlestim,43,149247,1000250,edm,paicipantresponseblue,correct
4100,Subject286,479,rejected,77,rejected,colorblue,test,num1,typenegative,singlestim,45,154933,1000270,edm,paicipantresponseblue,correct
4396,Subject286,406,paper,67,paper,colorred,test,num1,typeneutral,singlestim,47,160549,1000290,edc,paicipantresponsered,correct
4692,Subject286,468,happy,77,happy,colorblue,test,num1,typepositive,singlestim,49,166229,1000310,edm,paicipantresponseblue,correct
4988,Subject286,424,engine,67,engine,colorred,test,num1,typeneutral,singlestim,51,171862,1000330,edc,paicipantresponsered,correct
5284,Subject286,372,suicide,77,suicide,colorblue,test,num1,typesuicide,singlestim,53,177445,1000350,edm,paicipantresponseblue,correct
5580,Subject286,349,dead,67,dead,colorred,test,num1,typesuicide,singlestim,55,183006,1000370,edc,paicipantresponsered,correct
5876,Subject286,437,paper,77,paper,colorblue,test,num1,typeneutral,singlestim,57,188653,1000390,edm,paicipantresponseblue,correct
6172,Subject286,277,museum,67,museum,colorred,test,num1,typeneutral,singlestim,59,194141,1000410,edc,paicipantresponsered,correct
6468,Subject286,563,happy,67,happy,colorred,test,num1,typepositive,singlestim,61,199916,1000430,edc,paicipantresponsered,correct
6764,Subject286,468,alone,77,alone,colorblue,test,num1,typenegative,singlestim,63,205597,1000450,edm,paicipantresponseblue,correct
7060,Subject286,401,stupid,77,stupid,colorblue,test,num1,typenegative,singlestim,65,211211,1000470,edm,paicipantresponseblue,correct
7356,Subject286,342,stupid,67,stupid,colorred,test,num2,typenegative,singlestim,67,216765,101010,edc,paicipantresponsered,correct
7652,Subject286,402,stupid,77,stupid,colorblue,test,num2,typenegative,singlestim,69,222379,101030,edm,paicipantresponseblue,correct
7948,Subject286,440,alone,77,alone,colorblue,test,num2,typenegative,singlestim,71,228028,101050,edm,paicipantresponseblue,correct
8244,Subject286,575,rejected,77,rejected,colorblue,test,num2,typenegative,singlestim,73,233811,101070,edm,paicipantresponseblue,correct
8540,Subject286,494,paper,77,paper,colorblue,test,num2,typeneutral,singlestim,75,239515,101090,edm,paicipantresponseblue,correct
8836,Subject286,491,dead,67,dead,colorred,test,num2,typesuicide,singlestim,77,245218,1010110,edc,paicipantresponsered,correct
9132,Subject286,624,suicide,67,suicide,colorred,test,num2,typesuicide,singlestim,79,251051,1010130,edc,paicipantresponsered,correct
9428,Subject286,487,success,77,success,colorblue,test,num2,typepositive,singlestim,81,256746,1010150,edm,paicipantresponseblue,correct
9724,Subject286,497,engine,67,engine,colorred,test,num2,typeneutral,singlestim,83,262451,1010170,edc,paicipantresponsered,correct
10020,Subject286,506,success,67,success,colorred,test,num2,typepositive,singlestim,85,268170,1010190,edc,paicipantresponsered,correct
10316,Subject286,486,pleasure,67,pleasure,colorred,test,num2,typepositive,singlestim,87,273867,1010210,edc,paicipantresponsered,correct
10612,Subject286,440,dead,77,dead,colorblue,test,num2,typesuicide,singlestim,89,279514,1010230,edm,paicipantresponseblue,correct
10908,Subject286,440,suicide,77,suicide,colorblue,test,num2,typesuicide,singlestim,91,285163,1010250,edm,paicipantresponseblue,correct
11204,Subject286,458,funeral,67,funeral,colorred,test,num2,typesuicide,singlestim,93,290833,1010270,edc,paicipantresponsered,correct
11500,Subject286,502,funeral,77,funeral,colorblue,test,num2,typesuicide,singlestim,95,296547,1010290,edm,paicipantresponseblue,correct
11796,Subject286,492,happy,67,happy,colorred,test,num2,typepositive,singlestim,97,302248,1010310,edc,paicipantresponsered,correct
12092,Subject286,547,happy,77,happy,colorblue,test,num2,typepositive,singlestim,99,308008,1010330,edm,paicipantresponseblue,correct
12388,Subject286,396,engine,77,engine,colorblue,test,num2,typeneutral,singlestim,101,313616,1010350,edm,paicipantresponseblue,correct
12684,Subject286,440,pleasure,77,pleasure,colorblue,test,num2,typepositive,singlestim,103,319265,1010370,edm,paicipantresponseblue,correct
12980,Subject286,482,museum,67,museum,colorred,test,num2,typeneutral,singlestim,105,324960,1010390,edc,paicipantresponsered,correct
13276,Subject286,446,museum,77,museum,colorblue,test,num2,typeneutral,singlestim,107,330617,1010410,edm,paicipantresponseblue,correct
13572,Subject286,482,alone,67,alone,colorred,test,num2,typenegative,singlestim,109,336312,1010430,edc,paicipantresponsered,correct
13868,Subject286,684,paper,67,paper,colorred,test,num2,typeneutral,singlestim,111,342209,1010450,edc,paicipantresponsered,correct
14164,Subject286,547,rejected,67,rejected,colorred,test,num2,typenegative,singlestim,113,347967,1010470,edc,paicipantresponsered,correct