,SubjectID,rt,stimulus,keypress,word,color,block,blocknum,wordtype,trialtype,trialindex,timeelapsed,internalnodeid,keypressed,participantresponse,correctresponse
76,Subject81,865,museum,67,museum,colorred,test,num1,typeneutral,singlestim,19,80608,100010,edc,paicipantresponsered,correct
372,Subject81,612,success,77,success,colorblue,test,num1,typepositive,singlestim,21,86429,100030,edm,paicipantresponseblue,correct
668,Subject81,753,pleasure,67,pleasure,colorred,test,num1,typepositive,singlestim,23,92399,100050,edc,paicipantresponsered,correct
964,Subject81,944,dead,77,dead,colorblue,test,num1,typesuicide,singlestim,25,98556,100070,edm,paicipantresponseblue,correct
1260,Subject81,678,success,67,success,colorred,test,num1,typepositive,singlestim,27,104447,100090,edc,paicipantresponsered,correct
1556,Subject81,721,engine,77,engine,colorblue,test,num1,typeneutral,singlestim,29,110382,1000110,edm,paicipantresponseblue,correct
1852,Subject81,548,alone,67,alone,colorred,test,num1,typenegative,singlestim,31,116141,1000130,edc,paicipantresponsered,correct
2148,Subject81,722,museum,77,museum,colorblue,test,num1,typeneutral,singlestim,33,122077,1000150,edm,paicipantresponseblue,correct
2444,Subject81,565,stupid,67,stupid,colorred,test,num1,typenegative,singlestim,35,127857,1000170,edc,paicipantresponsered,correct
2740,Subject81,911,happy,77,happy,colorblue,test,num1,typepositive,singlestim,37,133977,1000190,edm,paicipantresponseblue,correct
3036,Subject81,1323,stupid,77,stupid,colorblue,test,num1,typenegative,singlestim,39,140513,1000210,edm,paicipantresponseblue,correct
3332,Subject81,697,alone,77,alone,colorblue,test,num1,typenegative,singlestim,41,146420,1000230,edm,paicipantresponseblue,correct
3628,Subject81,686,happy,67,happy,colorred,test,num1,typepositive,singlestim,43,152319,1000250,edc,paicipantresponsered,correct
3924,Subject81,711,rejected,67,rejected,colorred,test,num1,typenegative,singlestim,45,158241,1000270,edc,paicipantresponsered,correct
4220,Subject81,719,suicide,77,suicide,colorblue,test,num1,typesuicide,singlestim,47,164173,1000290,edm,paicipantresponseblue,correct
4516,Subject81,794,suicide,67,suicide,colorred,test,num1,typesuicide,singlestim,49,170179,1000310,edc,paicipantresponsered,correct
4812,Subject81,1024,paper,77,paper,colorblue,test,num1,typeneutral,singlestim,51,176416,1000330,edm,paicipantresponseblue,correct
5108,Subject81,805,paper,67,paper,colorred,test,num1,typeneutral,singlestim,53,182430,1000350,edc,paicipantresponsered,correct
5404,Subject81,651,funeral,77,funeral,colorblue,test,num1,typesuicide,singlestim,55,188295,1000370,edm,paicipantresponseblue,correct
5700,Subject81,739,rejected,77,rejected,colorblue,test,num1,typenegative,singlestim,57,194247,1000390,edm,paicipantresponseblue,correct
5996,Subject81,918,engine,67,engine,colorred,test,num1,typeneutral,singlestim,59,200379,1000410,edc,paicipantresponsered,correct
6292,Subject81,517,pleasure,77,pleasure,colorblue,test,num1,typepositive,singlestim,61,206105,1000430,edm,paicipantresponseblue,correct
6588,Subject81,515,funeral,67,funeral,colorred,test,num1,typesuicide,singlestim,63,211832,1000450,edc,paicipantresponsered,correct
6884,Subject81,782,dead,67,dead,colorred,test,num1,typesuicide,singlestim,65,217826,1000470,edc,paicipantresponsered,correct
7180,Subject81,870,rejected,77,rejected,colorblue,test,num2,typenegative,singlestim,67,223909,101010,edm,paicipantresponseblue,correct
7476,Subject81,870,alone,67,alone,colorred,test,num2,typenegative,singlestim,69,229992,101030,edc,paicipantresponsered,correct
7772,Subject81,998,museum,67,museum,colorred,test,num2,typeneutral,singlestim,71,236203,101050,edc,paicipantresponsered,correct
8068,Subject81,954,funeral,77,funeral,colorblue,test,num2,typesuicide,singlestim,73,242368,101070,edm,paicipantresponseblue,correct
8364,Subject81,1250,engine,77,engine,colorblue,test,num2,typeneutral,singlestim,75,248827,101090,edm,paicipantresponseblue,correct
8660,Subject81,655,suicide,67,suicide,colorred,test,num2,typesuicide,singlestim,77,254691,1010110,edc,paicipantresponsered,correct
8956,Subject81,1167,success,67,success,colorred,test,num2,typepositive,singlestim,79,261074,1010130,edc,paicipantresponsered,correct
9252,Subject81,818,pleasure,67,pleasure,colorred,test,num2,typepositive,singlestim,81,267100,1010150,edc,paicipantresponsered,correct
9548,Subject81,570,engine,67,engine,colorred,test,num2,typeneutral,singlestim,83,272885,1010170,edc,paicipantresponsered,correct
9844,Subject81,843,stupid,67,stupid,colorred,test,num2,typenegative,singlestim,85,278935,1010190,edc,paicipantresponsered,correct
10140,Subject81,848,funeral,67,funeral,colorred,test,num2,typesuicide,singlestim,87,284993,1010210,edc,paicipantresponsered,correct
10436,Subject81,792,stupid,77,stupid,colorblue,test,num2,typenegative,singlestim,89,290996,1010230,edm,paicipantresponseblue,correct
10732,Subject81,633,dead,67,dead,colorred,test,num2,typesuicide,singlestim,91,296839,1010250,edc,paicipantresponsered,correct
11028,Subject81,465,museum,77,museum,colorblue,test,num2,typeneutral,singlestim,93,302522,1010270,edm,paicipantresponseblue,correct
11324,Subject81,1168,alone,77,alone,colorblue,test,num2,typenegative,singlestim,95,308900,1010290,edm,paicipantresponseblue,correct
11620,Subject81,462,suicide,77,suicide,colorblue,test,num2,typesuicide,singlestim,97,314573,1010310,edm,paicipantresponseblue,correct
11916,Subject81,700,paper,77,paper,colorblue,test,num2,typeneutral,singlestim,99,320485,1010330,edm,paicipantresponseblue,correct
12212,Subject81,529,success,77,success,colorblue,test,num2,typepositive,singlestim,101,326224,1010350,edm,paicipantresponseblue,correct
12508,Subject81,1446,rejected,67,rejected,colorred,test,num2,typenegative,singlestim,103,332879,1010370,edc,paicipantresponsered,correct
12804,Subject81,580,happy,77,happy,colorblue,test,num2,typepositive,singlestim,105,338671,1010390,edm,paicipantresponseblue,correct
13100,Subject81,759,paper,67,paper,colorred,test,num2,typeneutral,singlestim,107,344641,1010410,edc,paicipantresponsered,correct
13396,Subject81,532,happy,67,happy,colorred,test,num2,typepositive,singlestim,109,350389,1010430,edc,paicipantresponsered,correct
13692,Subject81,502,dead,77,dead,colorblue,test,num2,typesuicide,singlestim,111,356102,1010450,edm,paicipantresponseblue,correct
13988,Subject81,436,pleasure,77,pleasure,colorblue,test,num2,typepositive,singlestim,113,361753,1010470,edm,paicipantresponseblue,correct