,SubjectID,rt,stimulus,keypress,word,color,block,blocknum,wordtype,trialtype,trialindex,timeelapsed,internalnodeid,keypressed,participantresponse,correctresponse
63,Subject68,505,museum,67,museum,colorred,test,num1,typeneutral,singlestim,19,60436,100010,edc,paicipantresponsered,correct
359,Subject68,421,pleasure,67,pleasure,colorred,test,num1,typepositive,singlestim,21,66059,100030,edc,paicipantresponsered,correct
655,Subject68,424,paper,67,paper,colorred,test,num1,typeneutral,singlestim,23,71688,100050,edc,paicipantresponsered,correct
951,Subject68,429,alone,77,alone,colorblue,test,num1,typenegative,singlestim,25,77319,100070,edm,paicipantresponseblue,correct
1247,Subject68,483,dead,77,dead,colorblue,test,num1,typesuicide,singlestim,27,83006,100090,edm,paicipantresponseblue,correct
1543,Subject68,561,stupid,67,stupid,colorred,test,num1,typenegative,singlestim,29,88771,1000110,edc,paicipantresponsered,correct
1839,Subject68,596,happy,67,happy,colorred,test,num1,typepositive,singlestim,31,94570,1000130,edc,paicipantresponsered,correct
2135,Subject68,366,success,67,success,colorred,test,num1,typepositive,singlestim,33,100139,1000150,edc,paicipantresponsered,correct
2431,Subject68,365,rejected,67,rejected,colorred,test,num1,typenegative,singlestim,35,105708,1000170,edc,paicipantresponsered,correct
2727,Subject68,406,suicide,77,suicide,colorblue,test,num1,typesuicide,singlestim,37,111318,1000190,edm,paicipantresponseblue,correct
3023,Subject68,541,engine,67,engine,colorred,test,num1,typeneutral,singlestim,39,117065,1000210,edc,paicipantresponsered,correct
3319,Subject68,360,museum,77,museum,colorblue,test,num1,typeneutral,singlestim,41,122631,1000230,edm,paicipantresponseblue,correct
3615,Subject68,496,paper,77,paper,colorblue,test,num1,typeneutral,singlestim,43,128331,1000250,edm,paicipantresponseblue,correct
3911,Subject68,415,stupid,77,stupid,colorblue,test,num1,typenegative,singlestim,45,133949,1000270,edm,paicipantresponseblue,correct
4207,Subject68,439,success,77,success,colorblue,test,num1,typepositive,singlestim,47,139593,1000290,edm,paicipantresponseblue,correct
4503,Subject68,428,alone,67,alone,colorred,test,num1,typenegative,singlestim,49,145225,1000310,edc,paicipantresponsered,correct
4799,Subject68,416,suicide,67,suicide,colorred,test,num1,typesuicide,singlestim,51,150844,1000330,edc,paicipantresponsered,correct
5095,Subject68,447,funeral,77,funeral,colorblue,test,num1,typesuicide,singlestim,53,156497,1000350,edm,paicipantresponseblue,correct
5391,Subject68,291,engine,77,engine,colorblue,test,num1,typeneutral,singlestim,55,161991,1000370,edm,paicipantresponseblue,correct
5687,Subject68,444,dead,67,dead,colorred,test,num1,typesuicide,singlestim,57,167640,1000390,edc,paicipantresponsered,correct
5983,Subject68,429,funeral,67,funeral,colorred,test,num1,typesuicide,singlestim,59,173275,1000410,edc,paicipantresponsered,correct
6279,Subject68,360,rejected,77,rejected,colorblue,test,num1,typenegative,singlestim,61,178838,1000430,edm,paicipantresponseblue,correct
6575,Subject68,335,pleasure,77,pleasure,colorblue,test,num1,typepositive,singlestim,63,184378,1000450,edm,paicipantresponseblue,correct
6871,Subject68,378,happy,77,happy,colorblue,test,num1,typepositive,singlestim,65,189960,1000470,edm,paicipantresponseblue,correct
7167,Subject68,359,museum,77,museum,colorblue,test,num2,typeneutral,singlestim,67,195523,101010,edm,paicipantresponseblue,correct
7463,Subject68,524,stupid,77,stupid,colorblue,test,num2,typenegative,singlestim,69,201253,101030,edm,paicipantresponseblue,correct
7759,Subject68,519,funeral,77,funeral,colorblue,test,num2,typesuicide,singlestim,71,206975,101050,edm,paicipantresponseblue,correct
8055,Subject68,394,alone,77,alone,colorblue,test,num2,typenegative,singlestim,73,212574,101070,edm,paicipantresponseblue,correct
8351,Subject68,453,pleasure,67,pleasure,colorred,test,num2,typepositive,singlestim,75,218230,101090,edc,paicipantresponsered,correct
8647,Subject68,408,suicide,67,suicide,colorred,test,num2,typesuicide,singlestim,77,223841,1010110,edc,paicipantresponsered,correct
8943,Subject68,385,happy,67,happy,colorred,test,num2,typepositive,singlestim,79,229431,1010130,edc,paicipantresponsered,correct
9239,Subject68,436,paper,77,paper,colorblue,test,num2,typeneutral,singlestim,81,235070,1010150,edm,paicipantresponseblue,correct
9535,Subject68,344,engine,77,engine,colorblue,test,num2,typeneutral,singlestim,83,240617,1010170,edm,paicipantresponseblue,correct
9831,Subject68,413,stupid,67,stupid,colorred,test,num2,typenegative,singlestim,85,246235,1010190,edc,paicipantresponsered,correct
10127,Subject68,479,success,67,success,colorred,test,num2,typepositive,singlestim,87,251918,1010210,edc,paicipantresponsered,correct
10423,Subject68,404,engine,67,engine,colorred,test,num2,typeneutral,singlestim,89,257525,1010230,edc,paicipantresponsered,correct
10719,Subject68,868,alone,67,alone,colorred,test,num2,typenegative,singlestim,91,263597,1010250,edc,paicipantresponsered,correct
11015,Subject68,506,dead,67,dead,colorblue,test,num2,typesuicide,singlestim,93,269305,1010270,edc,paicipantresponsered,incorrect
11311,Subject68,383,rejected,67,rejected,colorred,test,num2,typenegative,singlestim,95,274891,1010290,edc,paicipantresponsered,correct
11607,Subject68,394,paper,67,paper,colorred,test,num2,typeneutral,singlestim,97,280488,1010310,edc,paicipantresponsered,correct
11903,Subject68,427,museum,67,museum,colorred,test,num2,typeneutral,singlestim,99,286119,1010330,edc,paicipantresponsered,correct
12199,Subject68,359,happy,77,happy,colorblue,test,num2,typepositive,singlestim,101,291681,1010350,edm,paicipantresponseblue,correct
12495,Subject68,397,dead,67,dead,colorred,test,num2,typesuicide,singlestim,103,297280,1010370,edc,paicipantresponsered,correct
12791,Subject68,374,funeral,67,funeral,colorred,test,num2,typesuicide,singlestim,105,302858,1010390,edc,paicipantresponsered,correct
13087,Subject68,531,suicide,77,suicide,colorblue,test,num2,typesuicide,singlestim,107,308592,1010410,edm,paicipantresponseblue,correct
13383,Subject68,783,success,77,success,colorblue,test,num2,typepositive,singlestim,109,314579,1010430,edm,paicipantresponseblue,correct
13679,Subject68,380,rejected,77,rejected,colorblue,test,num2,typenegative,singlestim,111,320163,1010450,edm,paicipantresponseblue,correct
13975,Subject68,351,pleasure,77,pleasure,colorblue,test,num2,typepositive,singlestim,113,325717,1010470,edm,paicipantresponseblue,correct