,SubjectID,rt,stimulus,keypress,word,color,block,blocknum,wordtype,trialtype,trialindex,timeelapsed,internalnodeid,keypressed,participantresponse,correctresponse
286,Subject323,405,alone,77,alone,colorblue,test,num1,typenegative,singlestim,19,94928,100010,edm,paicipantresponseblue,correct
582,Subject323,433,museum,77,museum,colorblue,test,num1,typeneutral,singlestim,21,100579,100030,edm,paicipantresponseblue,correct
878,Subject323,350,rejected,67,rejected,colorred,test,num1,typenegative,singlestim,23,106144,100050,edc,paicipantresponsered,correct
1174,Subject323,428,pleasure,77,pleasure,colorblue,test,num1,typepositive,singlestim,25,111784,100070,edm,paicipantresponseblue,correct
1470,Subject323,413,dead,77,dead,colorblue,test,num1,typesuicide,singlestim,27,117412,100090,edm,paicipantresponseblue,correct
1766,Subject323,458,suicide,67,suicide,colorred,test,num1,typesuicide,singlestim,29,123080,1000110,edc,paicipantresponsered,correct
2062,Subject323,446,stupid,67,stupid,colorred,test,num1,typenegative,singlestim,31,128739,1000130,edc,paicipantresponsered,correct
2358,Subject323,449,alone,67,alone,colorred,test,num1,typenegative,singlestim,33,134403,1000150,edc,paicipantresponsered,correct
2654,Subject323,400,stupid,77,stupid,colorblue,test,num1,typenegative,singlestim,35,140015,1000170,edm,paicipantresponseblue,correct
2950,Subject323,461,happy,77,happy,colorblue,test,num1,typepositive,singlestim,37,145690,1000190,edm,paicipantresponseblue,correct
3246,Subject323,419,rejected,77,rejected,colorblue,test,num1,typenegative,singlestim,39,151319,1000210,edm,paicipantresponseblue,correct
3542,Subject323,595,paper,77,paper,colorblue,test,num1,typeneutral,singlestim,41,157130,1000230,edm,paicipantresponseblue,correct
3838,Subject323,587,funeral,67,funeral,colorred,test,num1,typesuicide,singlestim,43,162929,1000250,edc,paicipantresponsered,correct
4134,Subject323,393,paper,67,paper,colorred,test,num1,typeneutral,singlestim,45,168531,1000270,edc,paicipantresponsered,correct
4430,Subject323,411,funeral,77,funeral,colorblue,test,num1,typesuicide,singlestim,47,174157,1000290,edm,paicipantresponseblue,correct
4726,Subject323,808,success,67,success,colorred,test,num1,typepositive,singlestim,49,180177,1000310,edc,paicipantresponsered,correct
5022,Subject323,360,happy,67,happy,colorred,test,num1,typepositive,singlestim,51,185747,1000330,edc,paicipantresponsered,correct
5318,Subject323,361,suicide,77,suicide,colorblue,test,num1,typesuicide,singlestim,53,191322,1000350,edm,paicipantresponseblue,correct
5614,Subject323,652,success,67,success,colorblue,test,num1,typepositive,singlestim,55,197185,1000370,edc,paicipantresponsered,incorrect
5910,Subject323,637,pleasure,67,pleasure,colorred,test,num1,typepositive,singlestim,57,203035,1000390,edc,paicipantresponsered,correct
6206,Subject323,388,engine,77,engine,colorblue,test,num1,typeneutral,singlestim,59,208635,1000410,edm,paicipantresponseblue,correct
6502,Subject323,407,dead,67,dead,colorred,test,num1,typesuicide,singlestim,61,214254,1000430,edc,paicipantresponsered,correct
6798,Subject323,703,engine,67,engine,colorred,test,num1,typeneutral,singlestim,63,220167,1000450,edc,paicipantresponsered,correct
7094,Subject323,802,museum,67,museum,colorred,test,num1,typeneutral,singlestim,65,226188,1000470,edc,paicipantresponsered,correct
7390,Subject323,449,paper,77,paper,colorblue,test,num2,typeneutral,singlestim,67,231856,101010,edm,paicipantresponseblue,correct
7686,Subject323,640,pleasure,77,pleasure,colorblue,test,num2,typepositive,singlestim,69,237708,101030,edm,paicipantresponseblue,correct
7982,Subject323,368,funeral,67,funeral,colorred,test,num2,typesuicide,singlestim,71,243288,101050,edc,paicipantresponsered,correct
8278,Subject323,365,museum,77,museum,colorblue,test,num2,typeneutral,singlestim,73,248864,101070,edm,paicipantresponseblue,correct
8574,Subject323,363,museum,67,museum,colorred,test,num2,typeneutral,singlestim,75,254438,101090,edc,paicipantresponsered,correct
8870,Subject323,527,success,67,success,colorred,test,num2,typepositive,singlestim,77,260182,1010110,edc,paicipantresponsered,correct
9166,Subject323,519,paper,67,paper,colorred,test,num2,typeneutral,singlestim,79,265912,1010130,edc,paicipantresponsered,correct
9462,Subject323,338,alone,67,alone,colorred,test,num2,typenegative,singlestim,81,271458,1010150,edc,paicipantresponsered,correct
9758,Subject323,347,engine,67,engine,colorred,test,num2,typeneutral,singlestim,83,277020,1010170,edc,paicipantresponsered,correct
10054,Subject323,388,suicide,77,suicide,colorblue,test,num2,typesuicide,singlestim,85,282619,1010190,edm,paicipantresponseblue,correct
10350,Subject323,699,rejected,67,rejected,colorred,test,num2,typenegative,singlestim,87,288530,1010210,edc,paicipantresponsered,correct
10646,Subject323,354,dead,77,dead,colorblue,test,num2,typesuicide,singlestim,89,294093,1010230,edm,paicipantresponseblue,correct
10942,Subject323,352,funeral,77,funeral,colorblue,test,num2,typesuicide,singlestim,91,299665,1010250,edm,paicipantresponseblue,correct
11238,Subject323,397,dead,67,dead,colorred,test,num2,typesuicide,singlestim,93,305273,1010270,edc,paicipantresponsered,correct
11534,Subject323,349,alone,67,alone,colorblue,test,num2,typenegative,singlestim,95,310837,1010290,edc,paicipantresponsered,incorrect
11830,Subject323,485,engine,77,engine,colorblue,test,num2,typeneutral,singlestim,97,316538,1010310,edm,paicipantresponseblue,correct
12126,Subject323,398,stupid,67,stupid,colorred,test,num2,typenegative,singlestim,99,322147,1010330,edc,paicipantresponsered,correct
12422,Subject323,416,stupid,77,stupid,colorblue,test,num2,typenegative,singlestim,101,327776,1010350,edm,paicipantresponseblue,correct
12718,Subject323,389,happy,67,happy,colorred,test,num2,typepositive,singlestim,103,333377,1010370,edc,paicipantresponsered,correct
13014,Subject323,412,success,67,success,colorblue,test,num2,typepositive,singlestim,105,338995,1010390,edc,paicipantresponsered,incorrect
13310,Subject323,400,happy,77,happy,colorblue,test,num2,typepositive,singlestim,107,344607,1010410,edm,paicipantresponseblue,correct
13606,Subject323,354,pleasure,67,pleasure,colorred,test,num2,typepositive,singlestim,109,350180,1010430,edc,paicipantresponsered,correct
13902,Subject323,476,rejected,77,rejected,colorblue,test,num2,typenegative,singlestim,111,355868,1010450,edm,paicipantresponseblue,correct
14198,Subject323,461,suicide,67,suicide,colorred,test,num2,typesuicide,singlestim,113,361543,1010470,edc,paicipantresponsered,correct