,SubjectID,rt,stimulus,keypress,word,color,block,blocknum,wordtype,trialtype,trialindex,timeelapsed,internalnodeid,keypressed,participantresponse,correctresponse
122,Subject132,435,engine,67,engine,colorblue,test,num1,typeneutral,singlestim,19,296665,100010,edc,paicipantresponsered,incorrect
418,Subject132,613,success,67,success,colorred,test,num1,typepositive,singlestim,21,302490,100030,edc,paicipantresponsered,correct
714,Subject132,419,alone,67,alone,colorred,test,num1,typenegative,singlestim,23,308122,100050,edc,paicipantresponsered,correct
1010,Subject132,667,paper,67,paper,colorred,test,num1,typeneutral,singlestim,25,314005,100070,edc,paicipantresponsered,correct
1306,Subject132,442,happy,67,happy,colorred,test,num1,typepositive,singlestim,27,319656,100090,edc,paicipantresponsered,correct
1602,Subject132,499,rejected,188,rejected,colorblue,test,num1,typenegative,singlestim,29,325367,1000110,ed,,incorrect
1898,Subject132,623,dead,67,dead,colorred,test,num1,typesuicide,singlestim,31,331204,1000130,edc,paicipantresponsered,correct
2194,Subject132,600,stupid,67,stupid,colorred,test,num1,typenegative,singlestim,33,337020,1000150,edc,paicipantresponsered,correct
2490,Subject132,1875,paper,77,paper,colorblue,test,num1,typeneutral,singlestim,35,344108,1000170,edm,paicipantresponseblue,correct
2786,Subject132,1286,engine,67,engine,colorred,test,num1,typeneutral,singlestim,37,350609,1000190,edc,paicipantresponsered,correct
3082,Subject132,444,dead,77,dead,colorblue,test,num1,typesuicide,singlestim,39,356264,1000210,edm,paicipantresponseblue,correct
3378,Subject132,588,happy,77,happy,colorblue,test,num1,typepositive,singlestim,41,362063,1000230,edm,paicipantresponseblue,correct
3674,Subject132,540,museum,77,museum,colorblue,test,num1,typeneutral,singlestim,43,367812,1000250,edm,paicipantresponseblue,correct
3970,Subject132,1024,rejected,67,rejected,colorred,test,num1,typenegative,singlestim,45,374049,1000270,edc,paicipantresponsered,correct
4266,Subject132,1165,alone,77,alone,colorblue,test,num1,typenegative,singlestim,47,380424,1000290,edm,paicipantresponseblue,correct
4562,Subject132,1570,suicide,77,suicide,colorblue,test,num1,typesuicide,singlestim,49,387206,1000310,edm,paicipantresponseblue,correct
4858,Subject132,642,suicide,67,suicide,colorred,test,num1,typesuicide,singlestim,51,393060,1000330,edc,paicipantresponsered,correct
5154,Subject132,925,success,77,success,colorblue,test,num1,typepositive,singlestim,53,399196,1000350,edm,paicipantresponseblue,correct
5450,Subject132,635,funeral,77,funeral,colorblue,test,num1,typesuicide,singlestim,55,405042,1000370,edm,paicipantresponseblue,correct
5746,Subject132,564,stupid,77,stupid,colorblue,test,num1,typenegative,singlestim,57,410818,1000390,edm,paicipantresponseblue,correct
6042,Subject132,639,funeral,67,funeral,colorred,test,num1,typesuicide,singlestim,59,416665,1000410,edc,paicipantresponsered,correct
6338,Subject132,486,pleasure,77,pleasure,colorblue,test,num1,typepositive,singlestim,61,422360,1000430,edm,paicipantresponseblue,correct
6634,Subject132,1680,museum,77,museum,colorred,test,num1,typeneutral,singlestim,63,429254,1000450,edm,paicipantresponseblue,incorrect
6930,Subject132,1119,pleasure,67,pleasure,colorred,test,num1,typepositive,singlestim,65,435584,1000470,edc,paicipantresponsered,correct
7226,Subject132,1385,paper,77,paper,colorblue,test,num2,typeneutral,singlestim,67,442181,101010,edm,paicipantresponseblue,correct
7522,Subject132,718,funeral,67,funeral,colorred,test,num2,typesuicide,singlestim,69,448113,101030,edc,paicipantresponsered,correct
7818,Subject132,1480,alone,77,alone,colorblue,test,num2,typenegative,singlestim,71,454805,101050,edm,paicipantresponseblue,correct
8114,Subject132,636,rejected,77,rejected,colorblue,test,num2,typenegative,singlestim,73,460657,101070,edm,paicipantresponseblue,correct
8410,Subject132,1,museum,1,museum,colorred,test,num2,typeneutral,singlestim,75,467862,101090,ed,,incorrect
8706,Subject132,592,stupid,77,stupid,colorblue,test,num2,typenegative,singlestim,77,473665,1010110,edm,paicipantresponseblue,correct
9002,Subject132,706,alone,67,alone,colorred,test,num2,typenegative,singlestim,79,479579,1010130,edc,paicipantresponsered,correct
9298,Subject132,404,rejected,67,rejected,colorred,test,num2,typenegative,singlestim,81,485196,1010150,edc,paicipantresponsered,correct
9594,Subject132,1,museum,1,museum,colorblue,test,num2,typeneutral,singlestim,83,492408,1010170,ed,,incorrect
9890,Subject132,1112,happy,67,happy,colorred,test,num2,typepositive,singlestim,85,498732,1010190,edc,paicipantresponsered,correct
10186,Subject132,1321,success,67,success,colorblue,test,num2,typepositive,singlestim,87,505262,1010210,edc,paicipantresponsered,incorrect
10482,Subject132,1,engine,1,engine,colorblue,test,num2,typeneutral,singlestim,89,512476,1010230,ed,,incorrect
10778,Subject132,1,suicide,1,suicide,colorred,test,num2,typesuicide,singlestim,91,519689,1010250,ed,,incorrect
11074,Subject132,447,stupid,67,stupid,colorred,test,num2,typenegative,singlestim,93,525351,1010270,edc,paicipantresponsered,correct
11370,Subject132,690,pleasure,67,pleasure,colorred,test,num2,typepositive,singlestim,95,531252,1010290,edc,paicipantresponsered,correct
11666,Subject132,1221,paper,67,paper,colorred,test,num2,typeneutral,singlestim,97,537688,1010310,edc,paicipantresponsered,correct
11962,Subject132,1,engine,1,engine,colorred,test,num2,typeneutral,singlestim,99,544901,1010330,ed,,incorrect
12258,Subject132,1,suicide,1,suicide,colorblue,test,num2,typesuicide,singlestim,101,552113,1010350,ed,,incorrect
12554,Subject132,553,dead,77,dead,colorblue,test,num2,typesuicide,singlestim,103,557879,1010370,edm,paicipantresponseblue,correct
12850,Subject132,748,happy,77,happy,colorblue,test,num2,typepositive,singlestim,105,563842,1010390,edm,paicipantresponseblue,correct
13146,Subject132,1574,dead,67,dead,colorred,test,num2,typesuicide,singlestim,107,570630,1010410,edc,paicipantresponsered,correct
13442,Subject132,511,pleasure,77,pleasure,colorblue,test,num2,typepositive,singlestim,109,576359,1010430,edm,paicipantresponseblue,correct
13738,Subject132,1,success,1,success,colorred,test,num2,typepositive,singlestim,111,583576,1010450,ed,,incorrect
14034,Subject132,435,funeral,77,funeral,colorblue,test,num2,typesuicide,singlestim,113,589222,1010470,edm,paicipantresponseblue,correct