,SubjectID,rt,stimulus,keypress,word,color,block,blocknum,wordtype,trialtype,trialindex,timeelapsed,internalnodeid,keypressed,participantresponse,correctresponse
224,Subject256,420,suicide,67,suicide,colorred,test,num1,typesuicide,singlestim,19,125735,100010,edc,paicipantresponsered,correct
520,Subject256,558,funeral,67,funeral,colorred,test,num1,typesuicide,singlestim,21,131505,100030,edc,paicipantresponsered,correct
816,Subject256,470,rejected,67,rejected,colorred,test,num1,typenegative,singlestim,23,137188,100050,edc,paicipantresponsered,correct
1112,Subject256,357,pleasure,77,pleasure,colorblue,test,num1,typepositive,singlestim,25,142755,100070,edm,paicipantresponseblue,correct
1408,Subject256,377,suicide,77,suicide,colorblue,test,num1,typesuicide,singlestim,27,148347,100090,edm,paicipantresponseblue,correct
1704,Subject256,400,success,77,success,colorblue,test,num1,typepositive,singlestim,29,153960,1000110,edm,paicipantresponseblue,correct
2000,Subject256,516,alone,67,alone,colorred,test,num1,typenegative,singlestim,31,159687,1000130,edc,paicipantresponsered,correct
2296,Subject256,714,funeral,77,funeral,colorblue,test,num1,typesuicide,singlestim,33,165615,1000150,edm,paicipantresponseblue,correct
2592,Subject256,494,happy,77,happy,colorblue,test,num1,typepositive,singlestim,35,171319,1000170,edm,paicipantresponseblue,correct
2888,Subject256,480,museum,77,museum,colorblue,test,num1,typeneutral,singlestim,37,177011,1000190,edm,paicipantresponseblue,correct
3184,Subject256,570,paper,67,paper,colorred,test,num1,typeneutral,singlestim,39,182794,1000210,edc,paicipantresponsered,correct
3480,Subject256,548,engine,67,engine,colorred,test,num1,typeneutral,singlestim,41,188553,1000230,edc,paicipantresponsered,correct
3776,Subject256,493,success,67,success,colorred,test,num1,typepositive,singlestim,43,194258,1000250,edc,paicipantresponsered,correct
4072,Subject256,480,engine,77,engine,colorblue,test,num1,typeneutral,singlestim,45,199949,1000270,edm,paicipantresponseblue,correct
4368,Subject256,481,museum,67,museum,colorred,test,num1,typeneutral,singlestim,47,205642,1000290,edc,paicipantresponsered,correct
4664,Subject256,446,paper,77,paper,colorblue,test,num1,typeneutral,singlestim,49,211300,1000310,edm,paicipantresponseblue,correct
4960,Subject256,447,rejected,77,rejected,colorblue,test,num1,typenegative,singlestim,51,216960,1000330,edm,paicipantresponseblue,correct
5256,Subject256,422,stupid,77,stupid,colorblue,test,num1,typenegative,singlestim,53,222595,1000350,edm,paicipantresponseblue,correct
5552,Subject256,481,pleasure,67,pleasure,colorred,test,num1,typepositive,singlestim,55,228288,1000370,edc,paicipantresponsered,correct
5848,Subject256,523,alone,77,alone,colorblue,test,num1,typenegative,singlestim,57,234025,1000390,edm,paicipantresponseblue,correct
6144,Subject256,538,stupid,67,stupid,colorred,test,num1,typenegative,singlestim,59,239774,1000410,edc,paicipantresponsered,correct
6440,Subject256,445,dead,67,dead,colorred,test,num1,typesuicide,singlestim,61,245433,1000430,edc,paicipantresponsered,correct
6736,Subject256,536,happy,67,happy,colorred,test,num1,typepositive,singlestim,63,251181,1000450,edc,paicipantresponsered,correct
7032,Subject256,527,dead,77,dead,colorblue,test,num1,typesuicide,singlestim,65,256918,1000470,edm,paicipantresponseblue,correct
7328,Subject256,582,paper,77,paper,colorblue,test,num2,typeneutral,singlestim,67,262713,101010,edm,paicipantresponseblue,correct
7624,Subject256,479,stupid,77,stupid,colorblue,test,num2,typenegative,singlestim,69,268404,101030,edm,paicipantresponseblue,correct
7920,Subject256,444,funeral,77,funeral,colorblue,test,num2,typesuicide,singlestim,71,274064,101050,edm,paicipantresponseblue,correct
8216,Subject256,390,museum,67,museum,colorred,test,num2,typeneutral,singlestim,73,279666,101070,edc,paicipantresponsered,correct
8512,Subject256,696,dead,77,dead,colorblue,test,num2,typesuicide,singlestim,75,285572,101090,edm,paicipantresponseblue,correct
8808,Subject256,503,rejected,67,rejected,colorred,test,num2,typenegative,singlestim,77,291286,1010110,edc,paicipantresponsered,correct
9104,Subject256,576,paper,67,paper,colorred,test,num2,typeneutral,singlestim,79,297081,1010130,edc,paicipantresponsered,correct
9400,Subject256,480,alone,77,alone,colorblue,test,num2,typenegative,singlestim,81,302773,1010150,edm,paicipantresponseblue,correct
9696,Subject256,474,pleasure,77,pleasure,colorblue,test,num2,typepositive,singlestim,83,308466,1010170,edm,paicipantresponseblue,correct
9992,Subject256,428,rejected,77,rejected,colorblue,test,num2,typenegative,singlestim,85,314101,1010190,edm,paicipantresponseblue,correct
10288,Subject256,383,museum,77,museum,colorblue,test,num2,typeneutral,singlestim,87,319693,1010210,edm,paicipantresponseblue,correct
10584,Subject256,480,suicide,67,suicide,colorred,test,num2,typesuicide,singlestim,89,325384,1010230,edc,paicipantresponsered,correct
10880,Subject256,424,engine,67,engine,colorred,test,num2,typeneutral,singlestim,91,331022,1010250,edc,paicipantresponsered,correct
11176,Subject256,503,success,77,success,colorblue,test,num2,typepositive,singlestim,93,336736,1010270,edm,paicipantresponseblue,correct
11472,Subject256,472,pleasure,67,pleasure,colorred,test,num2,typepositive,singlestim,95,342418,1010290,edc,paicipantresponsered,correct
11768,Subject256,428,engine,77,engine,colorblue,test,num2,typeneutral,singlestim,97,348053,1010310,edm,paicipantresponseblue,correct
12064,Subject256,508,funeral,67,funeral,colorred,test,num2,typesuicide,singlestim,99,353769,1010330,edc,paicipantresponsered,correct
12360,Subject256,477,happy,67,happy,colorred,test,num2,typepositive,singlestim,101,359460,1010350,edc,paicipantresponsered,correct
12656,Subject256,561,stupid,67,stupid,colorred,test,num2,typenegative,singlestim,103,365232,1010370,edc,paicipantresponsered,correct
12952,Subject256,415,suicide,77,suicide,colorblue,test,num2,typesuicide,singlestim,105,370857,1010390,edm,paicipantresponseblue,correct
13248,Subject256,450,alone,67,alone,colorred,test,num2,typenegative,singlestim,107,376515,1010410,edc,paicipantresponsered,correct
13544,Subject256,539,happy,77,happy,colorblue,test,num2,typepositive,singlestim,109,382264,1010430,edm,paicipantresponseblue,correct
13840,Subject256,557,dead,67,dead,colorred,test,num2,typesuicide,singlestim,111,388035,1010450,edc,paicipantresponsered,correct
14136,Subject256,454,success,67,success,colorred,test,num2,typepositive,singlestim,113,393704,1010470,edc,paicipantresponsered,correct