,SubjectID,rt,stimulus,keypress,word,color,block,blocknum,wordtype,trialtype,trialindex,timeelapsed,internalnodeid,keypressed,participantresponse,correctresponse
253,Subject287,483,stupid,77,stupid,colorblue,test,num1,typenegative,singlestim,19,88966,100010,edm,paicipantresponseblue,correct
549,Subject287,384,funeral,67,funeral,colorred,test,num1,typesuicide,singlestim,21,94561,100030,edc,paicipantresponsered,correct
845,Subject287,408,alone,67,alone,colorred,test,num1,typenegative,singlestim,23,100180,100050,edc,paicipantresponsered,correct
1141,Subject287,440,paper,67,paper,colorred,test,num1,typeneutral,singlestim,25,105831,100070,edc,paicipantresponsered,correct
1437,Subject287,346,suicide,67,suicide,colorred,test,num1,typesuicide,singlestim,27,111390,100090,edc,paicipantresponsered,correct
1733,Subject287,295,museum,77,museum,colorblue,test,num1,typeneutral,singlestim,29,116901,1000110,edm,paicipantresponseblue,correct
2029,Subject287,388,stupid,67,stupid,colorred,test,num1,typenegative,singlestim,31,122500,1000130,edc,paicipantresponsered,correct
2325,Subject287,324,paper,77,paper,colorblue,test,num1,typeneutral,singlestim,33,128037,1000150,edm,paicipantresponseblue,correct
2621,Subject287,349,success,77,success,colorblue,test,num1,typepositive,singlestim,35,133600,1000170,edm,paicipantresponseblue,correct
2917,Subject287,313,suicide,77,suicide,colorblue,test,num1,typesuicide,singlestim,37,139122,1000190,edm,paicipantresponseblue,correct
3213,Subject287,325,museum,67,museum,colorred,test,num1,typeneutral,singlestim,39,144660,1000210,edc,paicipantresponsered,correct
3509,Subject287,333,engine,77,engine,colorred,test,num1,typeneutral,singlestim,41,150205,1000230,edm,paicipantresponseblue,incorrect
3805,Subject287,477,happy,67,happy,colorred,test,num1,typepositive,singlestim,43,155895,1000250,edc,paicipantresponsered,correct
4101,Subject287,365,engine,77,engine,colorblue,test,num1,typeneutral,singlestim,45,161476,1000270,edm,paicipantresponseblue,correct
4397,Subject287,375,funeral,77,funeral,colorblue,test,num1,typesuicide,singlestim,47,167062,1000290,edm,paicipantresponseblue,correct
4693,Subject287,393,rejected,77,rejected,colorblue,test,num1,typenegative,singlestim,49,172665,1000310,edm,paicipantresponseblue,correct
4989,Subject287,438,success,67,success,colorred,test,num1,typepositive,singlestim,51,178316,1000330,edc,paicipantresponsered,correct
5285,Subject287,330,pleasure,77,pleasure,colorblue,test,num1,typepositive,singlestim,53,183856,1000350,edm,paicipantresponseblue,correct
5581,Subject287,365,happy,67,happy,colorblue,test,num1,typepositive,singlestim,55,189434,1000370,edc,paicipantresponsered,incorrect
5877,Subject287,415,alone,67,alone,colorblue,test,num1,typenegative,singlestim,57,195061,1000390,edc,paicipantresponsered,incorrect
6173,Subject287,458,dead,77,dead,colorblue,test,num1,typesuicide,singlestim,59,200728,1000410,edm,paicipantresponseblue,correct
6469,Subject287,453,pleasure,67,pleasure,colorred,test,num1,typepositive,singlestim,61,206395,1000430,edc,paicipantresponsered,correct
6765,Subject287,555,dead,67,dead,colorred,test,num1,typesuicide,singlestim,63,212161,1000450,edc,paicipantresponsered,correct
7061,Subject287,448,rejected,67,rejected,colorred,test,num1,typenegative,singlestim,65,217818,1000470,edc,paicipantresponsered,correct
7357,Subject287,409,rejected,77,rejected,colorblue,test,num2,typenegative,singlestim,67,223438,101010,edm,paicipantresponseblue,correct
7653,Subject287,522,stupid,77,stupid,colorblue,test,num2,typenegative,singlestim,69,229169,101030,edm,paicipantresponseblue,correct
7949,Subject287,417,alone,67,alone,colorred,test,num2,typenegative,singlestim,71,234798,101050,edc,paicipantresponsered,correct
8245,Subject287,492,pleasure,67,pleasure,colorred,test,num2,typepositive,singlestim,73,240503,101070,edc,paicipantresponsered,correct
8541,Subject287,415,dead,67,dead,colorred,test,num2,typesuicide,singlestim,75,246132,101090,edc,paicipantresponsered,correct
8837,Subject287,399,success,67,success,colorred,test,num2,typepositive,singlestim,77,251740,1010110,edc,paicipantresponsered,correct
9133,Subject287,338,funeral,67,funeral,colorred,test,num2,typesuicide,singlestim,79,257286,1010130,edc,paicipantresponsered,correct
9429,Subject287,627,suicide,77,suicide,colorblue,test,num2,typesuicide,singlestim,81,263124,1010150,edm,paicipantresponseblue,correct
9725,Subject287,402,paper,67,paper,colorblue,test,num2,typeneutral,singlestim,83,268738,1010170,edc,paicipantresponsered,incorrect
10021,Subject287,358,engine,77,engine,colorblue,test,num2,typeneutral,singlestim,85,274306,1010190,edm,paicipantresponseblue,correct
10317,Subject287,411,museum,77,museum,colorblue,test,num2,typeneutral,singlestim,87,279927,1010210,edm,paicipantresponseblue,correct
10613,Subject287,391,funeral,77,funeral,colorblue,test,num2,typesuicide,singlestim,89,285531,1010230,edm,paicipantresponseblue,correct
10909,Subject287,387,engine,67,engine,colorred,test,num2,typeneutral,singlestim,91,291127,1010250,edc,paicipantresponsered,correct
11205,Subject287,477,dead,77,dead,colorblue,test,num2,typesuicide,singlestim,93,296819,1010270,edm,paicipantresponseblue,correct
11501,Subject287,356,stupid,67,stupid,colorred,test,num2,typenegative,singlestim,95,302385,1010290,edc,paicipantresponsered,correct
11797,Subject287,567,happy,77,happy,colorblue,test,num2,typepositive,singlestim,97,308163,1010310,edm,paicipantresponseblue,correct
12093,Subject287,533,museum,67,museum,colorred,test,num2,typeneutral,singlestim,99,313903,1010330,edc,paicipantresponsered,correct
12389,Subject287,584,paper,67,paper,colorred,test,num2,typeneutral,singlestim,101,319698,1010350,edc,paicipantresponsered,correct
12685,Subject287,427,suicide,67,suicide,colorred,test,num2,typesuicide,singlestim,103,325337,1010370,edc,paicipantresponsered,correct
12981,Subject287,453,success,77,success,colorblue,test,num2,typepositive,singlestim,105,331005,1010390,edm,paicipantresponseblue,correct
13277,Subject287,453,happy,67,happy,colorred,test,num2,typepositive,singlestim,107,336669,1010410,edc,paicipantresponsered,correct
13573,Subject287,478,rejected,67,rejected,colorred,test,num2,typenegative,singlestim,109,342359,1010430,edc,paicipantresponsered,correct
13869,Subject287,378,pleasure,77,pleasure,colorblue,test,num2,typepositive,singlestim,111,347949,1010450,edm,paicipantresponseblue,correct
14165,Subject287,456,alone,67,alone,colorblue,test,num2,typenegative,singlestim,113,353615,1010470,edc,paicipantresponsered,incorrect