,SubjectID,rt,stimulus,keypress,word,color,block,blocknum,wordtype,trialtype,trialindex,timeelapsed,internalnodeid,keypressed,participantresponse,correctresponse
119,Subject128,553,suicide,77,suicide,colorblue,test,num1,typesuicide,singlestim,19,73878,100010,edm,paicipantresponseblue,correct
415,Subject128,477,funeral,67,funeral,colorred,test,num1,typesuicide,singlestim,21,79647,100030,edc,paicipantresponsered,correct
711,Subject128,491,museum,77,museum,colorblue,test,num1,typeneutral,singlestim,23,85335,100050,edm,paicipantresponseblue,correct
1007,Subject128,377,pleasure,77,pleasure,colorblue,test,num1,typepositive,singlestim,25,91039,100070,edm,paicipantresponseblue,correct
1303,Subject128,500,paper,67,paper,colorred,test,num1,typeneutral,singlestim,27,96630,100090,edc,paicipantresponsered,correct
1599,Subject128,562,museum,67,museum,colorred,test,num1,typeneutral,singlestim,29,102342,1000110,edc,paicipantresponsered,correct
1895,Subject128,644,success,67,success,colorred,test,num1,typepositive,singlestim,31,108115,1000130,edc,paicipantresponsered,correct
2191,Subject128,688,dead,77,dead,colorblue,test,num1,typesuicide,singlestim,33,113977,1000150,edm,paicipantresponseblue,correct
2487,Subject128,388,rejected,77,rejected,colorblue,test,num1,typenegative,singlestim,35,119879,1000170,edm,paicipantresponseblue,correct
2783,Subject128,427,stupid,67,stupid,colorred,test,num1,typenegative,singlestim,37,125476,1000190,edc,paicipantresponsered,correct
3079,Subject128,404,engine,77,engine,colorblue,test,num1,typeneutral,singlestim,39,131116,1000210,edm,paicipantresponseblue,correct
3375,Subject128,510,funeral,67,funeral,colorblue,test,num1,typesuicide,singlestim,41,136736,1000230,edc,paicipantresponsered,incorrect
3671,Subject128,426,alone,77,alone,colorblue,test,num1,typenegative,singlestim,43,142459,1000250,edm,paicipantresponseblue,correct
3967,Subject128,366,stupid,77,stupid,colorblue,test,num1,typenegative,singlestim,45,148098,1000270,edm,paicipantresponseblue,correct
4263,Subject128,417,happy,67,happy,colorred,test,num1,typepositive,singlestim,47,153675,1000290,edc,paicipantresponsered,correct
4559,Subject128,596,rejected,67,rejected,colorred,test,num1,typenegative,singlestim,49,159304,1000310,edc,paicipantresponsered,correct
4855,Subject128,435,success,77,success,colorblue,test,num1,typepositive,singlestim,51,165113,1000330,edm,paicipantresponseblue,correct
5151,Subject128,409,dead,67,dead,colorred,test,num1,typesuicide,singlestim,53,170761,1000350,edc,paicipantresponsered,correct
5447,Subject128,823,alone,67,alone,colorred,test,num1,typenegative,singlestim,55,176383,1000370,edc,paicipantresponsered,correct
5743,Subject128,407,pleasure,67,pleasure,colorred,test,num1,typepositive,singlestim,57,182415,1000390,edc,paicipantresponsered,correct
6039,Subject128,454,suicide,67,suicide,colorred,test,num1,typesuicide,singlestim,59,188040,1000410,edc,paicipantresponsered,correct
6335,Subject128,473,paper,77,paper,colorblue,test,num1,typeneutral,singlestim,61,193708,1000430,edm,paicipantresponseblue,correct
6631,Subject128,476,happy,77,happy,colorblue,test,num1,typepositive,singlestim,63,199391,1000450,edm,paicipantresponseblue,correct
6927,Subject128,456,engine,67,engine,colorred,test,num1,typeneutral,singlestim,65,205077,1000470,edc,paicipantresponsered,correct
7223,Subject128,613,dead,77,dead,colorblue,test,num2,typesuicide,singlestim,67,210745,101010,edm,paicipantresponseblue,correct
7519,Subject128,413,happy,77,happy,colorblue,test,num2,typepositive,singlestim,69,216574,101030,edm,paicipantresponseblue,correct
7815,Subject128,402,happy,67,happy,colorred,test,num2,typepositive,singlestim,71,222201,101050,edc,paicipantresponsered,correct
8111,Subject128,453,funeral,77,funeral,colorblue,test,num2,typesuicide,singlestim,73,227814,101070,edm,paicipantresponseblue,correct
8407,Subject128,409,alone,67,alone,colorred,test,num2,typenegative,singlestim,75,233479,101090,edc,paicipantresponsered,correct
8703,Subject128,436,dead,67,dead,colorred,test,num2,typesuicide,singlestim,77,239105,1010110,edc,paicipantresponsered,correct
8999,Subject128,412,pleasure,77,pleasure,colorblue,test,num2,typepositive,singlestim,79,244750,1010130,edm,paicipantresponseblue,correct
9295,Subject128,470,paper,77,paper,colorblue,test,num2,typeneutral,singlestim,81,250373,1010150,edm,paicipantresponseblue,correct
9591,Subject128,396,pleasure,67,pleasure,colorred,test,num2,typepositive,singlestim,83,256056,1010170,edc,paicipantresponsered,correct
9887,Subject128,450,success,67,success,colorred,test,num2,typepositive,singlestim,85,261669,1010190,edc,paicipantresponsered,correct
10183,Subject128,558,suicide,67,suicide,colorred,test,num2,typesuicide,singlestim,87,267334,1010210,edc,paicipantresponsered,correct
10479,Subject128,455,rejected,77,rejected,colorblue,test,num2,typenegative,singlestim,89,273108,1010230,edm,paicipantresponseblue,correct
10775,Subject128,446,alone,77,alone,colorblue,test,num2,typenegative,singlestim,91,278777,1010250,edm,paicipantresponseblue,correct
11071,Subject128,461,museum,77,museum,colorblue,test,num2,typeneutral,singlestim,93,284432,1010270,edm,paicipantresponseblue,correct
11367,Subject128,390,engine,77,engine,colorblue,test,num2,typeneutral,singlestim,95,290107,1010290,edm,paicipantresponseblue,correct
11663,Subject128,562,stupid,67,stupid,colorred,test,num2,typenegative,singlestim,97,295707,1010310,edc,paicipantresponsered,correct
11959,Subject128,687,museum,67,museum,colorred,test,num2,typeneutral,singlestim,99,301484,1010330,edc,paicipantresponsered,correct
12255,Subject128,452,funeral,67,funeral,colorred,test,num2,typesuicide,singlestim,101,307380,1010350,edc,paicipantresponsered,correct
12551,Subject128,552,stupid,77,stupid,colorblue,test,num2,typenegative,singlestim,103,313042,1010370,edm,paicipantresponseblue,correct
12847,Subject128,453,success,77,success,colorblue,test,num2,typepositive,singlestim,105,318807,1010390,edm,paicipantresponseblue,correct
13143,Subject128,465,suicide,77,suicide,colorblue,test,num2,typesuicide,singlestim,107,324473,1010410,edm,paicipantresponseblue,correct
13439,Subject128,727,engine,67,engine,colorred,test,num2,typeneutral,singlestim,109,330148,1010430,edc,paicipantresponsered,correct
13735,Subject128,574,rejected,67,rejected,colorred,test,num2,typenegative,singlestim,111,336087,1010450,edc,paicipantresponsered,correct
14031,Subject128,1001,paper,67,paper,colorred,test,num2,typeneutral,singlestim,113,341872,1010470,edc,paicipantresponsered,correct