,SubjectID,rt,stimulus,keypress,word,color,block,blocknum,wordtype,trialtype,trialindex,timeelapsed,internalnodeid,keypressed,participantresponse,correctresponse
275,Subject311,444,pleasure,77,pleasure,colorblue,test,num1,typepositive,singlestim,19,162252,100010,edm,paicipantresponseblue,correct
571,Subject311,486,pleasure,67,pleasure,colorred,test,num1,typepositive,singlestim,21,167952,100030,edc,paicipantresponsered,correct
867,Subject311,536,engine,77,engine,colorblue,test,num1,typeneutral,singlestim,23,173696,100050,edm,paicipantresponseblue,correct
1163,Subject311,488,paper,67,paper,colorred,test,num1,typeneutral,singlestim,25,179390,100070,edc,paicipantresponsered,correct
1459,Subject311,388,rejected,77,rejected,colorblue,test,num1,typenegative,singlestim,27,184986,100090,edm,paicipantresponseblue,correct
1755,Subject311,410,alone,67,alone,colorred,test,num1,typenegative,singlestim,29,190606,1000110,edc,paicipantresponsered,correct
2051,Subject311,454,success,77,success,colorblue,test,num1,typepositive,singlestim,31,196262,1000130,edm,paicipantresponseblue,correct
2347,Subject311,406,engine,67,engine,colorred,test,num1,typeneutral,singlestim,33,201876,1000150,edc,paicipantresponsered,correct
2643,Subject311,444,dead,67,dead,colorred,test,num1,typesuicide,singlestim,35,207524,1000170,edc,paicipantresponsered,correct
2939,Subject311,516,stupid,77,stupid,colorblue,test,num1,typenegative,singlestim,37,213246,1000190,edm,paicipantresponseblue,correct
3235,Subject311,408,funeral,67,funeral,colorred,test,num1,typesuicide,singlestim,39,218860,1000210,edc,paicipantresponsered,correct
3531,Subject311,544,happy,77,happy,colorblue,test,num1,typepositive,singlestim,41,224610,1000230,edm,paicipantresponseblue,correct
3827,Subject311,348,alone,77,alone,colorblue,test,num1,typenegative,singlestim,43,230162,1000250,edm,paicipantresponseblue,correct
4123,Subject311,482,museum,67,museum,colorred,test,num1,typeneutral,singlestim,45,235852,1000270,edc,paicipantresponsered,correct
4419,Subject311,548,happy,67,happy,colorred,test,num1,typepositive,singlestim,47,241602,1000290,edc,paicipantresponsered,correct
4715,Subject311,450,suicide,77,suicide,colorblue,test,num1,typesuicide,singlestim,49,247258,1000310,edm,paicipantresponseblue,correct
5011,Subject311,542,funeral,77,funeral,colorblue,test,num1,typesuicide,singlestim,51,253002,1000330,edm,paicipantresponseblue,correct
5307,Subject311,394,suicide,67,suicide,colorred,test,num1,typesuicide,singlestim,53,258602,1000350,edc,paicipantresponsered,correct
5603,Subject311,444,stupid,67,stupid,colorred,test,num1,typenegative,singlestim,55,264250,1000370,edc,paicipantresponsered,correct
5899,Subject311,402,dead,77,dead,colorblue,test,num1,typesuicide,singlestim,57,269856,1000390,edm,paicipantresponseblue,correct
6195,Subject311,372,paper,77,paper,colorblue,test,num1,typeneutral,singlestim,59,275434,1000410,edm,paicipantresponseblue,correct
6491,Subject311,404,museum,77,museum,colorblue,test,num1,typeneutral,singlestim,61,281040,1000430,edm,paicipantresponseblue,correct
6787,Subject311,452,rejected,67,rejected,colorred,test,num1,typenegative,singlestim,63,286696,1000450,edc,paicipantresponsered,correct
7083,Subject311,602,success,67,success,colorred,test,num1,typepositive,singlestim,65,292504,1000470,edc,paicipantresponsered,correct
7379,Subject311,410,stupid,67,stupid,colorred,test,num2,typenegative,singlestim,67,298120,101010,edc,paicipantresponsered,correct
7675,Subject311,436,rejected,77,rejected,colorblue,test,num2,typenegative,singlestim,69,303760,101030,edm,paicipantresponseblue,correct
7971,Subject311,420,suicide,67,suicide,colorred,test,num2,typesuicide,singlestim,71,309384,101050,edc,paicipantresponsered,correct
8267,Subject311,410,museum,77,museum,colorblue,test,num2,typeneutral,singlestim,73,314998,101070,edm,paicipantresponseblue,correct
8563,Subject311,454,dead,67,dead,colorred,test,num2,typesuicide,singlestim,75,320654,101090,edc,paicipantresponsered,correct
8859,Subject311,610,happy,67,happy,colorred,test,num2,typepositive,singlestim,77,326470,1010110,edc,paicipantresponsered,correct
9155,Subject311,466,engine,67,engine,colorred,test,num2,typeneutral,singlestim,79,332140,1010130,edc,paicipantresponsered,correct
9451,Subject311,540,dead,77,dead,colorblue,test,num2,typesuicide,singlestim,81,337884,1010150,edm,paicipantresponseblue,correct
9747,Subject311,420,alone,77,alone,colorblue,test,num2,typenegative,singlestim,83,343508,1010170,edm,paicipantresponseblue,correct
10043,Subject311,490,engine,77,engine,colorblue,test,num2,typeneutral,singlestim,85,349204,1010190,edm,paicipantresponseblue,correct
10339,Subject311,588,happy,77,happy,colorblue,test,num2,typepositive,singlestim,87,354996,1010210,edm,paicipantresponseblue,correct
10635,Subject311,402,pleasure,77,pleasure,colorblue,test,num2,typepositive,singlestim,89,360602,1010230,edm,paicipantresponseblue,correct
10931,Subject311,396,funeral,77,funeral,colorblue,test,num2,typesuicide,singlestim,91,366204,1010250,edm,paicipantresponseblue,correct
11227,Subject311,452,success,67,success,colorred,test,num2,typepositive,singlestim,93,371860,1010270,edc,paicipantresponsered,correct
11523,Subject311,468,paper,77,paper,colorblue,test,num2,typeneutral,singlestim,95,377530,1010290,edm,paicipantresponseblue,correct
11819,Subject311,406,stupid,77,stupid,colorblue,test,num2,typenegative,singlestim,97,383138,1010310,edm,paicipantresponseblue,correct
12115,Subject311,476,alone,67,alone,colorred,test,num2,typenegative,singlestim,99,388820,1010330,edc,paicipantresponsered,correct
12411,Subject311,444,paper,67,paper,colorred,test,num2,typeneutral,singlestim,101,394466,1010350,edc,paicipantresponsered,correct
12707,Subject311,466,suicide,77,suicide,colorblue,test,num2,typesuicide,singlestim,103,400138,1010370,edm,paicipantresponseblue,correct
13003,Subject311,458,success,77,success,colorblue,test,num2,typepositive,singlestim,105,405802,1010390,edm,paicipantresponseblue,correct
13299,Subject311,450,museum,67,museum,colorred,test,num2,typeneutral,singlestim,107,411456,1010410,edc,paicipantresponsered,correct
13595,Subject311,466,pleasure,67,pleasure,colorred,test,num2,typepositive,singlestim,109,417130,1010430,edc,paicipantresponsered,correct
13891,Subject311,460,rejected,67,rejected,colorred,test,num2,typenegative,singlestim,111,422792,1010450,edc,paicipantresponsered,correct
14187,Subject311,426,funeral,67,funeral,colorred,test,num2,typesuicide,singlestim,113,428424,1010470,edc,paicipantresponsered,correct