,SubjectID,rt,stimulus,keypress,word,color,block,blocknum,wordtype,trialtype,trialindex,timeelapsed,internalnodeid,keypressed,participantresponse,correctresponse
184,Subject215,603,paper,77,paper,colorblue,test,num1,typeneutral,singlestim,19,74904,100010,edm,paicipantresponseblue,correct
480,Subject215,734,museum,67,museum,colorred,test,num1,typeneutral,singlestim,21,80842,100030,edc,paicipantresponsered,correct
776,Subject215,354,alone,77,alone,colorblue,test,num1,typenegative,singlestim,23,86401,100050,edm,paicipantresponseblue,correct
1072,Subject215,476,funeral,67,funeral,colorred,test,num1,typesuicide,singlestim,25,92082,100070,edc,paicipantresponsered,correct
1368,Subject215,410,engine,67,engine,colorred,test,num1,typeneutral,singlestim,27,97698,100090,edc,paicipantresponsered,correct
1664,Subject215,299,funeral,77,funeral,colorblue,test,num1,typesuicide,singlestim,29,103204,1000110,edm,paicipantresponseblue,correct
1960,Subject215,348,happy,67,happy,colorred,test,num1,typepositive,singlestim,31,108759,1000130,edc,paicipantresponsered,correct
2256,Subject215,476,success,77,success,colorblue,test,num1,typepositive,singlestim,33,114441,1000150,edm,paicipantresponseblue,correct
2552,Subject215,394,stupid,67,stupid,colorred,test,num1,typenegative,singlestim,35,120039,1000170,edc,paicipantresponsered,correct
2848,Subject215,494,success,67,success,colorred,test,num1,typepositive,singlestim,37,125738,1000190,edc,paicipantresponsered,correct
3144,Subject215,384,suicide,67,suicide,colorblue,test,num1,typesuicide,singlestim,39,131328,1000210,edc,paicipantresponsered,incorrect
3440,Subject215,419,rejected,67,rejected,colorred,test,num1,typenegative,singlestim,41,136953,1000230,edc,paicipantresponsered,correct
3736,Subject215,313,stupid,77,stupid,colorblue,test,num1,typenegative,singlestim,43,142470,1000250,edm,paicipantresponseblue,correct
4032,Subject215,389,pleasure,77,pleasure,colorblue,test,num1,typepositive,singlestim,45,148065,1000270,edm,paicipantresponseblue,correct
4328,Subject215,811,pleasure,67,pleasure,colorred,test,num1,typepositive,singlestim,47,154080,1000290,edc,paicipantresponsered,correct
4624,Subject215,331,happy,77,happy,colorblue,test,num1,typepositive,singlestim,49,159618,1000310,edm,paicipantresponseblue,correct
4920,Subject215,330,alone,67,alone,colorred,test,num1,typenegative,singlestim,51,165153,1000330,edc,paicipantresponsered,correct
5216,Subject215,520,dead,67,dead,colorred,test,num1,typesuicide,singlestim,53,170883,1000350,edc,paicipantresponsered,correct
5512,Subject215,333,rejected,77,rejected,colorblue,test,num1,typenegative,singlestim,55,176425,1000370,edm,paicipantresponseblue,correct
5808,Subject215,551,suicide,67,suicide,colorred,test,num1,typesuicide,singlestim,57,182180,1000390,edc,paicipantresponsered,correct
6104,Subject215,302,paper,67,paper,colorred,test,num1,typeneutral,singlestim,59,187690,1000410,edc,paicipantresponsered,correct
6400,Subject215,347,engine,77,engine,colorblue,test,num1,typeneutral,singlestim,61,193243,1000430,edm,paicipantresponseblue,correct
6696,Subject215,538,museum,67,museum,colorblue,test,num1,typeneutral,singlestim,63,198985,1000450,edc,paicipantresponsered,incorrect
6992,Subject215,453,dead,77,dead,colorblue,test,num1,typesuicide,singlestim,65,204643,1000470,edm,paicipantresponseblue,correct
7288,Subject215,625,funeral,77,funeral,colorblue,test,num2,typesuicide,singlestim,67,210477,101010,edm,paicipantresponseblue,correct
7584,Subject215,408,alone,67,alone,colorred,test,num2,typenegative,singlestim,69,216089,101030,edc,paicipantresponsered,correct
7880,Subject215,345,suicide,77,suicide,colorblue,test,num2,typesuicide,singlestim,71,221640,101050,edm,paicipantresponseblue,correct
8176,Subject215,453,paper,77,paper,colorblue,test,num2,typeneutral,singlestim,73,227297,101070,edm,paicipantresponseblue,correct
8472,Subject215,680,engine,67,engine,colorred,test,num2,typeneutral,singlestim,75,233185,101090,edc,paicipantresponsered,correct
8768,Subject215,622,rejected,67,rejected,colorred,test,num2,typenegative,singlestim,77,239012,1010110,edc,paicipantresponsered,correct
9064,Subject215,340,funeral,67,funeral,colorred,test,num2,typesuicide,singlestim,79,244561,1010130,edc,paicipantresponsered,correct
9360,Subject215,325,alone,77,alone,colorblue,test,num2,typenegative,singlestim,81,250091,1010150,edm,paicipantresponseblue,correct
9656,Subject215,816,museum,67,museum,colorred,test,num2,typeneutral,singlestim,83,256112,1010170,edc,paicipantresponsered,correct
9952,Subject215,518,pleasure,77,pleasure,colorblue,test,num2,typepositive,singlestim,85,261834,1010190,edm,paicipantresponseblue,correct
10248,Subject215,481,stupid,67,stupid,colorred,test,num2,typenegative,singlestim,87,267521,1010210,edc,paicipantresponsered,correct
10544,Subject215,379,dead,77,dead,colorblue,test,num2,typesuicide,singlestim,89,273104,1010230,edm,paicipantresponseblue,correct
10840,Subject215,475,pleasure,67,pleasure,colorred,test,num2,typepositive,singlestim,91,278786,1010250,edc,paicipantresponsered,correct
11136,Subject215,427,rejected,77,rejected,colorblue,test,num2,typenegative,singlestim,93,284420,1010270,edm,paicipantresponseblue,correct
11432,Subject215,554,success,67,success,colorred,test,num2,typepositive,singlestim,95,290177,1010290,edc,paicipantresponsered,correct
11728,Subject215,348,engine,77,engine,colorblue,test,num2,typeneutral,singlestim,97,295730,1010310,edm,paicipantresponseblue,correct
12024,Subject215,400,paper,67,paper,colorred,test,num2,typeneutral,singlestim,99,301337,1010330,edc,paicipantresponsered,correct
12320,Subject215,621,suicide,67,suicide,colorred,test,num2,typesuicide,singlestim,101,307162,1010350,edc,paicipantresponsered,correct
12616,Subject215,471,stupid,77,stupid,colorblue,test,num2,typenegative,singlestim,103,312840,1010370,edm,paicipantresponseblue,correct
12912,Subject215,607,happy,67,happy,colorred,test,num2,typepositive,singlestim,105,318651,1010390,edc,paicipantresponsered,correct
13208,Subject215,361,dead,67,dead,colorred,test,num2,typesuicide,singlestim,107,324217,1010410,edc,paicipantresponsered,correct
13504,Subject215,529,success,77,success,colorblue,test,num2,typepositive,singlestim,109,329951,1010430,edm,paicipantresponseblue,correct
13800,Subject215,523,happy,77,happy,colorblue,test,num2,typepositive,singlestim,111,335680,1010450,edm,paicipantresponseblue,correct
14096,Subject215,597,museum,77,museum,colorblue,test,num2,typeneutral,singlestim,113,341482,1010470,edm,paicipantresponseblue,correct