,SubjectID,rt,stimulus,keypress,word,color,block,blocknum,wordtype,trialtype,trialindex,timeelapsed,internalnodeid,keypressed,participantresponse,correctresponse
149,Subject160,1002,alone,77,alone,colorred,test,num1,typenegative,singlestim,17,83165,100010,edc,paicipantresponsered,correct
445,Subject160,1043,funeral,77,funeral,colorblue,test,num1,typesuicide,singlestim,19,83165,100010,edc,paicipantresponsered,correct
741,Subject160,1003,success,67,success,colorred,test,num1,typepositive,singlestim,21,89373,100030,edm,paicipantresponseblue,correct
1037,Subject160,1187,museum,77,museum,colorred,test,num1,typeneutral,singlestim,23,95621,100050,edc,paicipantresponsered,correct
1333,Subject160,1187,stupid,67,stupid,colorred,test,num1,typenegative,singlestim,25,101828,100070,edm,paicipantresponseblue,incorrect
1629,Subject160,1147,alone,77,alone,colorblue,test,num1,typenegative,singlestim,27,108220,100090,edc,paicipantresponsered,correct
1925,Subject160,1002,success,77,success,colorblue,test,num1,typepositive,singlestim,29,114612,1000110,edm,paicipantresponseblue,correct
2221,Subject160,770,museum,77,museum,colorblue,test,num1,typeneutral,singlestim,31,120964,1000130,edm,paicipantresponseblue,correct
2517,Subject160,483,funeral,67,funeral,colorred,test,num1,typesuicide,singlestim,33,127171,1000150,edm,paicipantresponseblue,correct
2813,Subject160,1243,paper,67,paper,colorred,test,num1,typeneutral,singlestim,35,133147,1000170,edc,paicipantresponsered,correct
3109,Subject160,819,paper,77,paper,colorblue,test,num1,typeneutral,singlestim,37,138834,1000190,edc,paicipantresponsered,correct
3405,Subject160,899,engine,67,engine,colorred,test,num1,typeneutral,singlestim,39,145282,1000210,edm,paicipantresponseblue,correct
3701,Subject160,947,suicide,67,suicide,colorred,test,num1,typesuicide,singlestim,41,151306,1000230,edc,paicipantresponsered,correct
3997,Subject160,611,pleasure,77,pleasure,colorblue,test,num1,typepositive,singlestim,43,157409,1000250,edc,paicipantresponsered,correct
4293,Subject160,1011,happy,67,happy,colorred,test,num1,typepositive,singlestim,45,163562,1000270,edm,paicipantresponseblue,correct
4589,Subject160,995,rejected,77,rejected,colorblue,test,num1,typenegative,singlestim,47,169377,1000290,edc,paicipantresponsered,correct
4885,Subject160,827,stupid,77,stupid,colorblue,test,num1,typenegative,singlestim,49,175592,1000310,edm,paicipantresponseblue,correct
5181,Subject160,771,engine,77,engine,colorblue,test,num1,typeneutral,singlestim,51,181792,1000330,edm,paicipantresponseblue,correct
5477,Subject160,995,happy,77,happy,colorblue,test,num1,typepositive,singlestim,53,187824,1000350,edm,paicipantresponseblue,correct
5773,Subject160,899,dead,77,dead,colorblue,test,num1,typesuicide,singlestim,55,193799,1000370,edm,paicipantresponseblue,correct
6069,Subject160,619,pleasure,67,pleasure,colorred,test,num1,typepositive,singlestim,57,199999,1000390,edm,paicipantresponseblue,correct
6365,Subject160,604,dead,67,dead,colorred,test,num1,typesuicide,singlestim,59,206103,1000410,edc,paicipantresponsered,correct
6661,Subject160,948,suicide,67,suicide,colorblue,test,num1,typesuicide,singlestim,61,211926,1000430,edc,paicipantresponsered,correct
6957,Subject160,1082,rejected,67,rejected,colorred,test,num1,typenegative,singlestim,63,217734,1000450,edc,paicipantresponsered,incorrect
7253,Subject160,1387,paper,77,paper,colorblue,test,num2,typeneutral,singlestim,65,223886,1000470,edc,paicipantresponsered,correct
7549,Subject160,1628,suicide,67,suicide,colorred,test,num2,typesuicide,singlestim,67,230173,101010,edm,paicipantresponseblue,correct
7845,Subject160,1203,rejected,67,rejected,colorred,test,num2,typenegative,singlestim,69,236765,101030,edc,paicipantresponsered,correct
8141,Subject160,811,dead,77,dead,colorblue,test,num2,typesuicide,singlestim,71,243597,101050,edc,paicipantresponsered,correct
8437,Subject160,779,success,67,success,colorred,test,num2,typepositive,singlestim,73,250005,101070,edm,paicipantresponseblue,correct
8733,Subject160,1203,happy,77,happy,colorblue,test,num2,typepositive,singlestim,75,256020,101090,edc,paicipantresponsered,correct
9029,Subject160,939,engine,77,engine,colorblue,test,num2,typeneutral,singlestim,77,262004,1010110,edm,paicipantresponseblue,correct
9325,Subject160,803,stupid,67,stupid,colorred,test,num2,typenegative,singlestim,79,268411,1010130,edm,paicipantresponseblue,correct
9621,Subject160,1163,engine,67,engine,colorred,test,num2,typeneutral,singlestim,81,274555,1010150,edc,paicipantresponsered,correct
9917,Subject160,1340,rejected,77,rejected,colorblue,test,num2,typenegative,singlestim,83,280563,1010170,edc,paicipantresponsered,correct
10213,Subject160,1259,pleasure,77,pleasure,colorblue,test,num2,typepositive,singlestim,85,286931,1010190,edm,paicipantresponseblue,correct
10509,Subject160,1267,funeral,77,funeral,colorblue,test,num2,typesuicide,singlestim,87,293474,1010210,edm,paicipantresponseblue,correct
10805,Subject160,1227,success,77,success,colorblue,test,num2,typepositive,singlestim,89,299938,1010230,edm,paicipantresponseblue,correct
11101,Subject160,979,alone,77,alone,colorblue,test,num2,typenegative,singlestim,91,306410,1010250,edm,paicipantresponseblue,correct
11397,Subject160,1388,suicide,77,suicide,colorblue,test,num2,typesuicide,singlestim,93,312842,1010270,edm,paicipantresponseblue,correct
11693,Subject160,1877,dead,67,dead,colorred,test,num2,typesuicide,singlestim,95,319025,1010290,edm,paicipantresponseblue,correct
11989,Subject160,1115,funeral,67,funeral,colorred,test,num2,typesuicide,singlestim,97,325617,1010310,edc,paicipantresponsered,correct
12285,Subject160,1001,pleasure,1,pleasure,colorred,test,num2,typepositive,singlestim,99,332696,1010330,edc,paicipantresponsered,correct
12581,Subject160,1,museum,67,museum,colorred,test,num2,typeneutral,singlestim,101,339902,1010350,ed,,incorrect
12877,Subject160,821,museum,77,museum,colorblue,test,num2,typeneutral,singlestim,103,345927,1010370,edc,paicipantresponsered,correct
13173,Subject160,995,stupid,77,stupid,colorblue,test,num2,typenegative,singlestim,105,352127,1010390,edm,paicipantresponseblue,correct
13469,Subject160,1189,happy,67,happy,colorred,test,num2,typepositive,singlestim,107,358519,1010410,edm,paicipantresponseblue,correct
13765,Subject160,1387,paper,67,paper,colorred,test,num2,typeneutral,singlestim,109,365111,1010430,edc,paicipantresponsered,correct
14061,Subject160,1035,alone,67,alone,colorred,test,num2,typenegative,singlestim,111,371350,1010450,edc,paicipantresponsered,correct