,SubjectID,rt,stimulus,keypress,word,color,block,blocknum,wordtype,trialtype,trialindex,timeelapsed,internalnodeid,keypressed,participantresponse,correctresponse
203,Subject235,855,pleasure,77,pleasure,colorblue,test,num1,typepositive,singlestim,19,99312,100010,edm,paicipantresponseblue,correct
499,Subject235,787,rejected,77,rejected,colorblue,test,num1,typenegative,singlestim,21,105302,100030,edm,paicipantresponseblue,correct
795,Subject235,819,happy,67,happy,colorred,test,num1,typepositive,singlestim,23,111336,100050,edc,paicipantresponsered,correct
1091,Subject235,1321,pleasure,67,pleasure,colorred,test,num1,typepositive,singlestim,25,117863,100070,edc,paicipantresponsered,correct
1387,Subject235,915,paper,67,paper,colorred,test,num1,typeneutral,singlestim,27,123984,100090,edc,paicipantresponsered,correct
1683,Subject235,729,museum,67,museum,colorred,test,num1,typeneutral,singlestim,29,129919,1000110,edc,paicipantresponsered,correct
1979,Subject235,756,stupid,67,stupid,colorred,test,num1,typenegative,singlestim,31,135880,1000130,edc,paicipantresponsered,correct
2275,Subject235,946,alone,77,alone,colorblue,test,num1,typenegative,singlestim,33,142031,1000150,edm,paicipantresponseblue,correct
2571,Subject235,834,funeral,77,funeral,colorblue,test,num1,typesuicide,singlestim,35,148072,1000170,edm,paicipantresponseblue,correct
2867,Subject235,810,dead,77,dead,colorblue,test,num1,typesuicide,singlestim,37,154087,1000190,edm,paicipantresponseblue,correct
3163,Subject235,794,success,67,success,colorred,test,num1,typepositive,singlestim,39,160088,1000210,edc,paicipantresponsered,correct
3459,Subject235,1064,success,77,success,colorblue,test,num1,typepositive,singlestim,41,166359,1000230,edm,paicipantresponseblue,correct
3755,Subject235,786,rejected,67,rejected,colorred,test,num1,typenegative,singlestim,43,172352,1000250,edc,paicipantresponsered,correct
4051,Subject235,793,suicide,67,suicide,colorred,test,num1,typesuicide,singlestim,45,178351,1000270,edc,paicipantresponsered,correct
4347,Subject235,651,alone,67,alone,colorred,test,num1,typenegative,singlestim,47,184207,1000290,edc,paicipantresponsered,correct
4643,Subject235,714,suicide,77,suicide,colorblue,test,num1,typesuicide,singlestim,49,190127,1000310,edm,paicipantresponseblue,correct
4939,Subject235,667,funeral,67,funeral,colorred,test,num1,typesuicide,singlestim,51,195999,1000330,edc,paicipantresponsered,correct
5235,Subject235,640,museum,77,museum,colorblue,test,num1,typeneutral,singlestim,53,201846,1000350,edm,paicipantresponseblue,correct
5531,Subject235,972,engine,67,engine,colorred,test,num1,typeneutral,singlestim,55,208024,1000370,edc,paicipantresponsered,correct
5827,Subject235,1056,stupid,77,stupid,colorblue,test,num1,typenegative,singlestim,57,214286,1000390,edm,paicipantresponseblue,correct
6123,Subject235,660,dead,67,dead,colorred,test,num1,typesuicide,singlestim,59,220150,1000410,edc,paicipantresponsered,correct
6419,Subject235,625,engine,77,engine,colorblue,test,num1,typeneutral,singlestim,61,225982,1000430,edm,paicipantresponseblue,correct
6715,Subject235,715,paper,77,paper,colorblue,test,num1,typeneutral,singlestim,63,231903,1000450,edm,paicipantresponseblue,correct
7011,Subject235,586,happy,77,happy,colorblue,test,num1,typepositive,singlestim,65,237695,1000470,edm,paicipantresponseblue,correct
7307,Subject235,602,success,67,success,colorred,test,num2,typepositive,singlestim,67,243503,101010,edc,paicipantresponsered,correct
7603,Subject235,722,suicide,77,suicide,colorblue,test,num2,typesuicide,singlestim,69,249430,101030,edm,paicipantresponseblue,correct
7899,Subject235,780,suicide,67,suicide,colorred,test,num2,typesuicide,singlestim,71,255416,101050,edc,paicipantresponsered,correct
8195,Subject235,649,museum,67,museum,colorred,test,num2,typeneutral,singlestim,73,261270,101070,edc,paicipantresponsered,correct
8491,Subject235,787,pleasure,77,pleasure,colorblue,test,num2,typepositive,singlestim,75,267263,101090,edm,paicipantresponseblue,correct
8787,Subject235,761,alone,67,alone,colorred,test,num2,typenegative,singlestim,77,273230,1010110,edc,paicipantresponsered,correct
9083,Subject235,698,dead,67,dead,colorred,test,num2,typesuicide,singlestim,79,279135,1010130,edc,paicipantresponsered,correct
9379,Subject235,929,alone,77,alone,colorblue,test,num2,typenegative,singlestim,81,285269,1010150,edm,paicipantresponseblue,correct
9675,Subject235,733,funeral,67,funeral,colorred,test,num2,typesuicide,singlestim,83,291207,1010170,edc,paicipantresponsered,correct
9971,Subject235,752,engine,77,engine,colorblue,test,num2,typeneutral,singlestim,85,297166,1010190,edm,paicipantresponseblue,correct
10267,Subject235,995,engine,67,engine,colorred,test,num2,typeneutral,singlestim,87,303366,1010210,edc,paicipantresponsered,correct
10563,Subject235,543,happy,77,happy,colorblue,test,num2,typepositive,singlestim,89,309118,1010230,edm,paicipantresponseblue,correct
10859,Subject235,756,museum,77,museum,colorblue,test,num2,typeneutral,singlestim,91,315079,1010250,edm,paicipantresponseblue,correct
11155,Subject235,823,stupid,67,stupid,colorred,test,num2,typenegative,singlestim,93,321110,1010270,edc,paicipantresponsered,correct
11451,Subject235,642,rejected,67,rejected,colorred,test,num2,typenegative,singlestim,95,326959,1010290,edc,paicipantresponsered,correct
11747,Subject235,736,paper,77,paper,colorblue,test,num2,typeneutral,singlestim,97,332900,1010310,edm,paicipantresponseblue,correct
12043,Subject235,685,success,77,success,colorblue,test,num2,typepositive,singlestim,99,338792,1010330,edm,paicipantresponseblue,correct
12339,Subject235,807,pleasure,67,pleasure,colorred,test,num2,typepositive,singlestim,101,344805,1010350,edc,paicipantresponsered,correct
12635,Subject235,716,funeral,77,funeral,colorblue,test,num2,typesuicide,singlestim,103,350725,1010370,edm,paicipantresponseblue,correct
12931,Subject235,835,dead,77,dead,colorblue,test,num2,typesuicide,singlestim,105,356767,1010390,edm,paicipantresponseblue,correct
13227,Subject235,812,stupid,77,stupid,colorblue,test,num2,typenegative,singlestim,107,362781,1010410,edm,paicipantresponseblue,correct
13523,Subject235,691,rejected,77,rejected,colorblue,test,num2,typenegative,singlestim,109,368679,1010430,edm,paicipantresponseblue,correct
13819,Subject235,668,paper,67,paper,colorred,test,num2,typeneutral,singlestim,111,374551,1010450,edc,paicipantresponsered,correct
14115,Subject235,601,happy,67,happy,colorred,test,num2,typepositive,singlestim,113,380358,1010470,edc,paicipantresponsered,correct