,SubjectID,rt,stimulus,keypress,word,color,block,blocknum,wordtype,trialtype,trialindex,timeelapsed,internalnodeid,keypressed,participantresponse,correctresponse
109,Subject117,552,paper,77,paper,colorblue,test,num1,typeneutral,singlestim,19,119136,100010,edm,paicipantresponseblue,correct
405,Subject117,488,suicide,77,suicide,colorblue,test,num1,typesuicide,singlestim,21,124869,100030,edm,paicipantresponseblue,correct
701,Subject117,468,dead,67,dead,colorred,test,num1,typesuicide,singlestim,23,130588,100050,edc,paicipantresponsered,correct
997,Subject117,398,rejected,77,rejected,colorblue,test,num1,typenegative,singlestim,25,136244,100070,edm,paicipantresponseblue,correct
1293,Subject117,444,funeral,67,funeral,colorred,test,num1,typesuicide,singlestim,27,141927,100090,edc,paicipantresponsered,correct
1589,Subject117,509,success,67,success,colorred,test,num1,typepositive,singlestim,29,147690,1000110,edc,paicipantresponsered,correct
1885,Subject117,434,funeral,77,funeral,colorblue,test,num1,typesuicide,singlestim,31,153360,1000130,edm,paicipantresponseblue,correct
2181,Subject117,458,suicide,67,suicide,colorred,test,num1,typesuicide,singlestim,33,159070,1000150,edc,paicipantresponsered,correct
2477,Subject117,434,pleasure,77,pleasure,colorblue,test,num1,typepositive,singlestim,35,164781,1000170,edm,paicipantresponseblue,correct
2773,Subject117,508,museum,77,museum,colorblue,test,num1,typeneutral,singlestim,37,170526,1000190,edm,paicipantresponseblue,correct
3069,Subject117,414,alone,67,alone,colorred,test,num1,typenegative,singlestim,39,176156,1000210,edc,paicipantresponsered,correct
3365,Subject117,451,museum,67,museum,colorred,test,num1,typeneutral,singlestim,41,181854,1000230,edc,paicipantresponsered,correct
3661,Subject117,399,stupid,77,stupid,colorblue,test,num1,typenegative,singlestim,43,187503,1000250,edm,paicipantresponseblue,correct
3957,Subject117,492,dead,77,dead,colorblue,test,num1,typesuicide,singlestim,45,193253,1000270,edm,paicipantresponseblue,correct
4253,Subject117,463,pleasure,67,pleasure,colorred,test,num1,typepositive,singlestim,47,198968,1000290,edc,paicipantresponsered,correct
4549,Subject117,456,stupid,67,stupid,colorred,test,num1,typenegative,singlestim,49,204660,1000310,edc,paicipantresponsered,correct
4845,Subject117,363,paper,67,paper,colorred,test,num1,typeneutral,singlestim,51,210268,1000330,edc,paicipantresponsered,correct
5141,Subject117,420,engine,77,engine,colorblue,test,num1,typeneutral,singlestim,53,215933,1000350,edm,paicipantresponseblue,correct
5437,Subject117,407,happy,67,happy,colorred,test,num1,typepositive,singlestim,55,221594,1000370,edc,paicipantresponsered,correct
5733,Subject117,404,happy,77,happy,colorblue,test,num1,typepositive,singlestim,57,227234,1000390,edm,paicipantresponseblue,correct
6029,Subject117,376,rejected,67,rejected,colorred,test,num1,typenegative,singlestim,59,232863,1000410,edc,paicipantresponsered,correct
6325,Subject117,598,success,77,success,colorblue,test,num1,typepositive,singlestim,61,238720,1000430,edm,paicipantresponseblue,correct
6621,Subject117,582,alone,77,alone,colorblue,test,num1,typenegative,singlestim,63,244536,1000450,edm,paicipantresponseblue,correct
6917,Subject117,573,engine,67,engine,colorred,test,num1,typeneutral,singlestim,65,250360,1000470,edc,paicipantresponsered,correct
7213,Subject117,593,museum,77,museum,colorblue,test,num2,typeneutral,singlestim,67,256204,101010,edm,paicipantresponseblue,correct
7509,Subject117,395,stupid,77,stupid,colorblue,test,num2,typenegative,singlestim,69,261838,101030,edm,paicipantresponseblue,correct
7805,Subject117,425,paper,67,paper,colorred,test,num2,typeneutral,singlestim,71,267520,101050,edc,paicipantresponsered,correct
8101,Subject117,560,alone,77,alone,colorblue,test,num2,typenegative,singlestim,73,273300,101070,edm,paicipantresponseblue,correct
8397,Subject117,830,dead,77,dead,colorblue,test,num2,typesuicide,singlestim,75,279361,101090,edm,paicipantresponseblue,correct
8693,Subject117,448,suicide,67,suicide,colorred,test,num2,typesuicide,singlestim,77,285061,1010110,edc,paicipantresponsered,correct
8989,Subject117,388,happy,67,happy,colorred,test,num2,typepositive,singlestim,79,290715,1010130,edc,paicipantresponsered,correct
9285,Subject117,431,pleasure,77,pleasure,colorblue,test,num2,typepositive,singlestim,81,296404,1010150,edm,paicipantresponseblue,correct
9581,Subject117,439,success,77,success,colorblue,test,num2,typepositive,singlestim,83,302095,1010170,edm,paicipantresponseblue,correct
9877,Subject117,441,success,67,success,colorred,test,num2,typepositive,singlestim,85,307779,1010190,edc,paicipantresponsered,correct
10173,Subject117,405,engine,67,engine,colorred,test,num2,typeneutral,singlestim,87,313445,1010210,edc,paicipantresponsered,correct
10469,Subject117,491,suicide,77,suicide,colorblue,test,num2,typesuicide,singlestim,89,319159,1010230,edm,paicipantresponseblue,correct
10765,Subject117,718,dead,67,dead,colorred,test,num2,typesuicide,singlestim,91,325143,1010250,edc,paicipantresponsered,correct
11061,Subject117,471,funeral,67,funeral,colorred,test,num2,typesuicide,singlestim,93,330872,1010270,edc,paicipantresponsered,correct
11357,Subject117,427,rejected,77,rejected,colorblue,test,num2,typenegative,singlestim,95,336538,1010290,edm,paicipantresponseblue,correct
11653,Subject117,397,paper,77,paper,colorblue,test,num2,typeneutral,singlestim,97,342181,1010310,edm,paicipantresponseblue,correct
11949,Subject117,485,pleasure,67,pleasure,colorred,test,num2,typepositive,singlestim,99,347929,1010330,edc,paicipantresponsered,correct
12245,Subject117,413,stupid,67,stupid,colorred,test,num2,typenegative,singlestim,101,353583,1010350,edc,paicipantresponsered,correct
12541,Subject117,388,engine,77,engine,colorblue,test,num2,typeneutral,singlestim,103,359224,1010370,edm,paicipantresponseblue,correct
12837,Subject117,384,alone,67,alone,colorred,test,num2,typenegative,singlestim,105,364840,1010390,edc,paicipantresponsered,correct
13133,Subject117,388,happy,77,happy,colorblue,test,num2,typepositive,singlestim,107,370467,1010410,edm,paicipantresponseblue,correct
13429,Subject117,420,funeral,77,funeral,colorblue,test,num2,typesuicide,singlestim,109,376120,1010430,edm,paicipantresponseblue,correct
13725,Subject117,370,museum,67,museum,colorred,test,num2,typeneutral,singlestim,111,381742,1010450,edc,paicipantresponsered,correct
14021,Subject117,396,rejected,67,rejected,colorred,test,num2,typenegative,singlestim,113,387386,1010470,edc,paicipantresponsered,correct