,SubjectID,rt,stimulus,keypress,word,color,block,blocknum,wordtype,trialtype,trialindex,timeelapsed,internalnodeid,keypressed,participantresponse,correctresponse
141,Subject152,939,paper,77,paper,colorblue,test,num1,typeneutral,singlestim,19,83375,100010,edm,paicipantresponseblue,correct
437,Subject152,516,engine,67,engine,colorred,test,num1,typeneutral,singlestim,21,89104,100030,edc,paicipantresponsered,correct
733,Subject152,456,stupid,67,stupid,colorred,test,num1,typenegative,singlestim,23,94772,100050,edc,paicipantresponsered,correct
1029,Subject152,356,engine,77,engine,colorblue,test,num1,typeneutral,singlestim,25,100338,100070,edm,paicipantresponseblue,correct
1325,Subject152,516,happy,77,happy,colorblue,test,num1,typepositive,singlestim,27,106067,100090,edm,paicipantresponseblue,correct
1621,Subject152,452,dead,77,dead,colorblue,test,num1,typesuicide,singlestim,29,111729,1000110,edm,paicipantresponseblue,correct
1917,Subject152,350,alone,67,alone,colorred,test,num1,typenegative,singlestim,31,117290,1000130,edc,paicipantresponsered,correct
2213,Subject152,475,museum,77,museum,colorblue,test,num1,typeneutral,singlestim,33,122976,1000150,edm,paicipantresponseblue,correct
2509,Subject152,517,funeral,67,funeral,colorred,test,num1,typesuicide,singlestim,35,128706,1000170,edc,paicipantresponsered,correct
2805,Subject152,1002,success,77,success,colorblue,test,num1,typepositive,singlestim,37,134923,1000190,edm,paicipantresponseblue,correct
3101,Subject152,566,alone,77,alone,colorblue,test,num1,typenegative,singlestim,39,140700,1000210,edm,paicipantresponseblue,correct
3397,Subject152,442,paper,67,paper,colorred,test,num1,typeneutral,singlestim,41,146355,1000230,edc,paicipantresponsered,correct
3693,Subject152,579,suicide,77,suicide,colorblue,test,num1,typesuicide,singlestim,43,152151,1000250,edm,paicipantresponseblue,correct
3989,Subject152,459,rejected,77,rejected,colorblue,test,num1,typenegative,singlestim,45,157824,1000270,edm,paicipantresponseblue,correct
4285,Subject152,379,suicide,67,suicide,colorred,test,num1,typesuicide,singlestim,47,163415,1000290,edc,paicipantresponsered,correct
4581,Subject152,601,happy,67,happy,colorred,test,num1,typepositive,singlestim,49,169230,1000310,edc,paicipantresponsered,correct
4877,Subject152,410,rejected,67,rejected,colorred,test,num1,typenegative,singlestim,51,174850,1000330,edc,paicipantresponsered,correct
5173,Subject152,533,dead,67,dead,colorred,test,num1,typesuicide,singlestim,53,180595,1000350,edc,paicipantresponsered,correct
5469,Subject152,409,success,67,success,colorred,test,num1,typepositive,singlestim,55,186212,1000370,edc,paicipantresponsered,correct
5765,Subject152,477,museum,67,museum,colorred,test,num1,typeneutral,singlestim,57,191899,1000390,edc,paicipantresponsered,correct
6061,Subject152,496,pleasure,77,pleasure,colorblue,test,num1,typepositive,singlestim,59,197604,1000410,edm,paicipantresponseblue,correct
6357,Subject152,777,stupid,77,stupid,colorblue,test,num1,typenegative,singlestim,61,203596,1000430,edm,paicipantresponseblue,correct
6653,Subject152,515,pleasure,67,pleasure,colorred,test,num1,typepositive,singlestim,63,209325,1000450,edc,paicipantresponsered,correct
6949,Subject152,424,funeral,77,funeral,colorblue,test,num1,typesuicide,singlestim,65,214964,1000470,edm,paicipantresponseblue,correct
7245,Subject152,414,alone,67,alone,colorred,test,num2,typenegative,singlestim,67,220587,101010,edc,paicipantresponsered,correct
7541,Subject152,420,museum,67,museum,colorred,test,num2,typeneutral,singlestim,69,226221,101030,edc,paicipantresponsered,correct
7837,Subject152,764,funeral,77,funeral,colorblue,test,num2,typesuicide,singlestim,71,232197,101050,edm,paicipantresponseblue,correct
8133,Subject152,568,rejected,77,rejected,colorblue,test,num2,typenegative,singlestim,73,237979,101070,edm,paicipantresponseblue,correct
8429,Subject152,509,museum,77,museum,colorblue,test,num2,typeneutral,singlestim,75,243699,101090,edm,paicipantresponseblue,correct
8725,Subject152,447,dead,77,dead,colorblue,test,num2,typesuicide,singlestim,77,249356,1010110,edm,paicipantresponseblue,correct
9021,Subject152,410,success,67,success,colorred,test,num2,typepositive,singlestim,79,254976,1010130,edc,paicipantresponsered,correct
9317,Subject152,464,happy,77,happy,colorblue,test,num2,typepositive,singlestim,81,260647,1010150,edm,paicipantresponseblue,correct
9613,Subject152,465,paper,77,paper,colorblue,test,num2,typeneutral,singlestim,83,266327,1010170,edm,paicipantresponseblue,correct
9909,Subject152,467,happy,67,happy,colorred,test,num2,typepositive,singlestim,85,272007,1010190,edc,paicipantresponsered,correct
10205,Subject152,460,engine,77,engine,colorblue,test,num2,typeneutral,singlestim,87,277680,1010210,edm,paicipantresponseblue,correct
10501,Subject152,458,pleasure,67,pleasure,colorred,test,num2,typepositive,singlestim,89,283348,1010230,edc,paicipantresponsered,correct
10797,Subject152,424,success,77,success,colorblue,test,num2,typepositive,singlestim,91,288986,1010250,edm,paicipantresponseblue,correct
11093,Subject152,467,stupid,67,stupid,colorred,test,num2,typenegative,singlestim,93,294663,1010270,edc,paicipantresponsered,correct
11389,Subject152,430,engine,67,engine,colorred,test,num2,typeneutral,singlestim,95,300302,1010290,edc,paicipantresponsered,correct
11685,Subject152,413,dead,67,dead,colorred,test,num2,typesuicide,singlestim,97,305924,1010310,edc,paicipantresponsered,correct
11981,Subject152,450,pleasure,77,pleasure,colorblue,test,num2,typepositive,singlestim,99,311586,1010330,edm,paicipantresponseblue,correct
12277,Subject152,519,alone,77,alone,colorblue,test,num2,typenegative,singlestim,101,317314,1010350,edm,paicipantresponseblue,correct
12573,Subject152,470,suicide,67,suicide,colorred,test,num2,typesuicide,singlestim,103,322996,1010370,edc,paicipantresponsered,correct
12869,Subject152,496,paper,67,paper,colorred,test,num2,typeneutral,singlestim,105,328700,1010390,edc,paicipantresponsered,correct
13165,Subject152,408,rejected,67,rejected,colorred,test,num2,typenegative,singlestim,107,334321,1010410,edc,paicipantresponsered,correct
13461,Subject152,803,stupid,77,stupid,colorblue,test,num2,typenegative,singlestim,109,340338,1010430,edm,paicipantresponseblue,correct
13757,Subject152,772,funeral,67,funeral,colorred,test,num2,typesuicide,singlestim,111,346319,1010450,edc,paicipantresponsered,correct
14053,Subject152,827,suicide,77,suicide,colorblue,test,num2,typesuicide,singlestim,113,352358,1010470,edm,paicipantresponseblue,correct