,SubjectID,rt,stimulus,keypress,word,color,block,blocknum,wordtype,trialtype,trialindex,timeelapsed,internalnodeid,keypressed,participantresponse,correctresponse
289,Subject326,810,alone,67,alone,colorred,test,num1,typenegative,singlestim,19,115452,100010,edc,paicipantresponsered,correct
585,Subject326,793,dead,77,dead,colorblue,test,num1,typesuicide,singlestim,21,121459,100030,edm,paicipantresponseblue,correct
881,Subject326,744,success,77,success,colorblue,test,num1,typepositive,singlestim,23,127432,100050,edm,paicipantresponseblue,correct
1177,Subject326,764,dead,67,dead,colorred,test,num1,typesuicide,singlestim,25,133408,100070,edc,paicipantresponsered,correct
1473,Subject326,853,funeral,77,funeral,colorblue,test,num1,typesuicide,singlestim,27,139470,100090,edm,paicipantresponseblue,correct
1769,Subject326,823,pleasure,77,pleasure,colorblue,test,num1,typepositive,singlestim,29,145514,1000110,edm,paicipantresponseblue,correct
2065,Subject326,720,engine,77,engine,colorblue,test,num1,typeneutral,singlestim,31,151452,1000130,edm,paicipantresponseblue,correct
2361,Subject326,957,paper,67,paper,colorred,test,num1,typeneutral,singlestim,33,157644,1000150,edc,paicipantresponsered,correct
2657,Subject326,640,museum,77,museum,colorblue,test,num1,typeneutral,singlestim,35,163501,1000170,edm,paicipantresponseblue,correct
2953,Subject326,832,engine,67,engine,colorred,test,num1,typeneutral,singlestim,37,169549,1000190,edc,paicipantresponsered,correct
3249,Subject326,755,success,67,success,colorred,test,num1,typepositive,singlestim,39,175539,1000210,edc,paicipantresponsered,correct
3545,Subject326,915,paper,77,paper,colorblue,test,num1,typeneutral,singlestim,41,181690,1000230,edm,paicipantresponseblue,correct
3841,Subject326,1044,happy,67,happy,colorred,test,num1,typepositive,singlestim,43,187960,1000250,edc,paicipantresponsered,correct
4137,Subject326,909,suicide,77,suicide,colorblue,test,num1,typesuicide,singlestim,45,194082,1000270,edm,paicipantresponseblue,correct
4433,Subject326,473,funeral,67,funeral,colorred,test,num1,typesuicide,singlestim,47,199768,1000290,edc,paicipantresponsered,correct
4729,Subject326,810,stupid,67,stupid,colorred,test,num1,typenegative,singlestim,49,205795,1000310,edc,paicipantresponsered,correct
5025,Subject326,427,happy,77,happy,colorblue,test,num1,typepositive,singlestim,51,211436,1000330,edm,paicipantresponseblue,correct
5321,Subject326,789,pleasure,67,pleasure,colorred,test,num1,typepositive,singlestim,53,217454,1000350,edc,paicipantresponsered,correct
5617,Subject326,721,museum,67,museum,colorred,test,num1,typeneutral,singlestim,55,223393,1000370,edc,paicipantresponsered,correct
5913,Subject326,572,stupid,77,stupid,colorblue,test,num1,typenegative,singlestim,57,229186,1000390,edm,paicipantresponseblue,correct
6209,Subject326,643,alone,77,alone,colorblue,test,num1,typenegative,singlestim,59,235046,1000410,edm,paicipantresponseblue,correct
6505,Subject326,532,rejected,67,rejected,colorred,test,num1,typenegative,singlestim,61,240791,1000430,edc,paicipantresponsered,correct
6801,Subject326,783,suicide,67,suicide,colorred,test,num1,typesuicide,singlestim,63,246791,1000450,edc,paicipantresponsered,correct
7097,Subject326,688,rejected,77,rejected,colorblue,test,num1,typenegative,singlestim,65,252692,1000470,edm,paicipantresponseblue,correct
7393,Subject326,528,alone,67,alone,colorred,test,num2,typenegative,singlestim,67,258440,101010,edc,paicipantresponsered,correct
7689,Subject326,924,dead,77,dead,colorblue,test,num2,typesuicide,singlestim,69,264574,101030,edm,paicipantresponseblue,correct
7985,Subject326,654,museum,77,museum,colorblue,test,num2,typeneutral,singlestim,71,270444,101050,edm,paicipantresponseblue,correct
8281,Subject326,400,funeral,67,funeral,colorred,test,num2,typesuicide,singlestim,73,276064,101070,edc,paicipantresponsered,correct
8577,Subject326,628,stupid,77,stupid,colorblue,test,num2,typenegative,singlestim,75,281915,101090,edm,paicipantresponseblue,correct
8873,Subject326,816,success,77,success,colorblue,test,num2,typepositive,singlestim,77,287943,1010110,edm,paicipantresponseblue,correct
9169,Subject326,655,paper,77,paper,colorblue,test,num2,typeneutral,singlestim,79,293821,1010130,edm,paicipantresponseblue,correct
9465,Subject326,663,suicide,77,suicide,colorblue,test,num2,typesuicide,singlestim,81,299702,1010150,edm,paicipantresponseblue,correct
9761,Subject326,338,success,67,success,colorred,test,num2,typepositive,singlestim,83,305250,1010170,edc,paicipantresponsered,correct
10057,Subject326,1039,engine,67,engine,colorred,test,num2,typeneutral,singlestim,85,311509,1010190,edc,paicipantresponsered,correct
10353,Subject326,531,funeral,77,funeral,colorblue,test,num2,typesuicide,singlestim,87,317258,1010210,edm,paicipantresponseblue,correct
10649,Subject326,411,dead,67,dead,colorred,test,num2,typesuicide,singlestim,89,322893,1010230,edc,paicipantresponsered,correct
10945,Subject326,591,alone,77,alone,colorblue,test,num2,typenegative,singlestim,91,328695,1010250,edm,paicipantresponseblue,correct
11241,Subject326,484,happy,67,happy,colorblue,test,num2,typepositive,singlestim,93,334395,1010270,edc,paicipantresponsered,incorrect
11537,Subject326,490,engine,77,engine,colorblue,test,num2,typeneutral,singlestim,95,340109,1010290,edm,paicipantresponseblue,correct
11833,Subject326,675,pleasure,77,pleasure,colorblue,test,num2,typepositive,singlestim,97,345998,1010310,edm,paicipantresponseblue,correct
12129,Subject326,499,rejected,77,rejected,colorblue,test,num2,typenegative,singlestim,99,351712,1010330,edm,paicipantresponseblue,correct
12425,Subject326,1467,happy,67,happy,colorred,test,num2,typepositive,singlestim,101,358404,1010350,edc,paicipantresponsered,correct
12721,Subject326,1043,stupid,67,stupid,colorred,test,num2,typenegative,singlestim,103,364668,1010370,edc,paicipantresponsered,correct
13017,Subject326,458,rejected,67,rejected,colorred,test,num2,typenegative,singlestim,105,370357,1010390,edc,paicipantresponsered,correct
13313,Subject326,446,paper,67,paper,colorred,test,num2,typeneutral,singlestim,107,376017,1010410,edc,paicipantresponsered,correct
13609,Subject326,766,pleasure,67,pleasure,colorred,test,num2,typepositive,singlestim,109,381994,1010430,edc,paicipantresponsered,correct
13905,Subject326,676,museum,67,museum,colorred,test,num2,typeneutral,singlestim,111,387895,1010450,edc,paicipantresponsered,correct
14201,Subject326,593,suicide,67,suicide,colorred,test,num2,typesuicide,singlestim,113,393701,1010470,edc,paicipantresponsered,correct