,SubjectID,rt,stimulus,keypress,word,color,block,blocknum,wordtype,trialtype,trialindex,timeelapsed,internalnodeid,keypressed,participantresponse,correctresponse
211,Subject243,841,success,67,success,colorred,test,num1,typepositive,singlestim,19,92659,100010,edc,paicipantresponsered,correct
507,Subject243,905,engine,67,engine,colorred,test,num1,typeneutral,singlestim,21,98705,100030,edc,paicipantresponsered,correct
803,Subject243,806,funeral,77,funeral,colorblue,test,num1,typesuicide,singlestim,23,104819,100050,edm,paicipantresponseblue,correct
1099,Subject243,836,museum,77,museum,colorblue,test,num1,typeneutral,singlestim,25,110831,100070,edm,paicipantresponseblue,correct
1395,Subject243,659,stupid,77,stupid,colorblue,test,num1,typenegative,singlestim,27,116873,100090,edm,paicipantresponseblue,correct
1691,Subject243,1450,suicide,77,suicide,colorblue,test,num1,typesuicide,singlestim,29,122738,1000110,edm,paicipantresponseblue,correct
1987,Subject243,475,pleasure,77,pleasure,colorblue,test,num1,typepositive,singlestim,31,129394,1000130,edm,paicipantresponseblue,correct
2283,Subject243,1109,paper,67,paper,colorred,test,num1,typeneutral,singlestim,33,135072,1000150,edc,paicipantresponsered,correct
2579,Subject243,874,engine,77,engine,colorblue,test,num1,typeneutral,singlestim,35,141386,1000170,edm,paicipantresponseblue,correct
2875,Subject243,762,success,77,success,colorblue,test,num1,typepositive,singlestim,37,147466,1000190,edm,paicipantresponseblue,correct
3171,Subject243,1048,museum,67,museum,colorred,test,num1,typeneutral,singlestim,39,153434,1000210,edc,paicipantresponsered,correct
3467,Subject243,668,alone,77,alone,colorblue,test,num1,typenegative,singlestim,41,159688,1000230,edm,paicipantresponseblue,correct
3763,Subject243,608,dead,67,dead,colorred,test,num1,typesuicide,singlestim,43,165561,1000250,edc,paicipantresponsered,correct
4059,Subject243,379,happy,77,happy,colorblue,test,num1,typepositive,singlestim,45,171378,1000270,edm,paicipantresponseblue,correct
4355,Subject243,709,happy,67,happy,colorred,test,num1,typepositive,singlestim,47,176960,1000290,edc,paicipantresponsered,correct
4651,Subject243,479,suicide,77,suicide,colorred,test,num1,typesuicide,singlestim,49,182874,1000310,edm,paicipantresponseblue,incorrect
4947,Subject243,634,alone,67,alone,colorred,test,num1,typenegative,singlestim,51,188561,1000330,edc,paicipantresponsered,correct
5243,Subject243,650,rejected,77,rejected,colorblue,test,num1,typenegative,singlestim,53,194400,1000350,edm,paicipantresponseblue,correct
5539,Subject243,929,paper,77,paper,colorblue,test,num1,typeneutral,singlestim,55,200257,1000370,edm,paicipantresponseblue,correct
5835,Subject243,787,stupid,67,stupid,colorred,test,num1,typenegative,singlestim,57,206392,1000390,edc,paicipantresponsered,correct
6131,Subject243,659,pleasure,67,pleasure,colorred,test,num1,typepositive,singlestim,59,212384,1000410,edc,paicipantresponsered,correct
6427,Subject243,539,rejected,67,rejected,colorred,test,num1,typenegative,singlestim,61,218249,1000430,edc,paicipantresponsered,correct
6723,Subject243,626,dead,77,dead,colorblue,test,num1,typesuicide,singlestim,63,223994,1000450,edm,paicipantresponseblue,correct
7019,Subject243,503,funeral,67,funeral,colorred,test,num1,typesuicide,singlestim,65,229826,1000470,edc,paicipantresponsered,correct
7315,Subject243,459,dead,67,dead,colorred,test,num2,typesuicide,singlestim,67,235538,101010,edc,paicipantresponsered,correct
7611,Subject243,633,pleasure,67,pleasure,colorred,test,num2,typepositive,singlestim,69,241201,101030,edc,paicipantresponsered,correct
7907,Subject243,692,alone,67,alone,colorred,test,num2,typenegative,singlestim,71,247040,101050,edc,paicipantresponsered,correct
8203,Subject243,626,engine,77,engine,colorblue,test,num2,typeneutral,singlestim,73,252938,101070,edm,paicipantresponseblue,correct
8499,Subject243,914,paper,67,paper,colorred,test,num2,typeneutral,singlestim,75,258769,101090,edc,paicipantresponsered,correct
8795,Subject243,450,paper,77,paper,colorblue,test,num2,typeneutral,singlestim,77,264890,1010110,edm,paicipantresponseblue,correct
9091,Subject243,354,funeral,67,funeral,colorred,test,num2,typesuicide,singlestim,79,270545,1010130,edc,paicipantresponsered,correct
9387,Subject243,667,alone,77,alone,colorblue,test,num2,typenegative,singlestim,81,276104,1010150,edm,paicipantresponseblue,correct
9683,Subject243,394,success,67,success,colorred,test,num2,typepositive,singlestim,83,281979,1010170,edc,paicipantresponsered,correct
9979,Subject243,738,stupid,67,stupid,colorred,test,num2,typenegative,singlestim,85,287578,1010190,edc,paicipantresponsered,correct
10275,Subject243,435,happy,77,happy,colorblue,test,num2,typepositive,singlestim,87,293521,1010210,edm,paicipantresponseblue,correct
10571,Subject243,1163,dead,77,dead,colorblue,test,num2,typesuicide,singlestim,89,299161,1010230,edm,paicipantresponseblue,correct
10867,Subject243,945,stupid,77,stupid,colorblue,test,num2,typenegative,singlestim,91,305530,1010250,edm,paicipantresponseblue,correct
11163,Subject243,1001,suicide,67,suicide,colorred,test,num2,typesuicide,singlestim,93,311682,1010270,edc,paicipantresponsered,correct
11459,Subject243,1,success,1,success,colorblue,test,num2,typepositive,singlestim,95,318887,1010290,ed,,incorrect
11755,Subject243,621,rejected,67,rejected,colorred,test,num2,typenegative,singlestim,97,324715,1010310,edc,paicipantresponsered,correct
12051,Subject243,489,museum,77,museum,colorblue,test,num2,typeneutral,singlestim,99,330409,1010330,edm,paicipantresponseblue,correct
12347,Subject243,779,happy,67,happy,colorred,test,num2,typepositive,singlestim,101,336393,1010350,edc,paicipantresponsered,correct
12643,Subject243,834,funeral,77,funeral,colorblue,test,num2,typesuicide,singlestim,103,342435,1010370,edm,paicipantresponseblue,correct
12939,Subject243,705,suicide,77,suicide,colorblue,test,num2,typesuicide,singlestim,105,348345,1010390,edm,paicipantresponseblue,correct
13235,Subject243,905,rejected,77,rejected,colorblue,test,num2,typenegative,singlestim,107,354458,1010410,edm,paicipantresponseblue,correct
13531,Subject243,483,engine,67,engine,colorred,test,num2,typeneutral,singlestim,109,360145,1010430,edc,paicipantresponsered,correct
13827,Subject243,394,museum,67,museum,colorred,test,num2,typeneutral,singlestim,111,365745,1010450,edc,paicipantresponsered,correct
14123,Subject243,387,pleasure,77,pleasure,colorblue,test,num2,typepositive,singlestim,113,371339,1010470,edm,paicipantresponseblue,correct