,SubjectID,rt,stimulus,keypress,word,color,block,blocknum,wordtype,trialtype,trialindex,timeelapsed,internalnodeid,keypressed,participantresponse,correctresponse
142,Subject153,697,funeral,77,funeral,colorblue,test,num1,typesuicide,singlestim,19,62940,100010,edm,paicipantresponseblue,correct
438,Subject153,432,engine,67,engine,colorred,test,num1,typeneutral,singlestim,21,68580,100030,edc,paicipantresponsered,correct
734,Subject153,329,happy,77,happy,colorblue,test,num1,typepositive,singlestim,23,74115,100050,edm,paicipantresponseblue,correct
1030,Subject153,371,engine,77,engine,colorblue,test,num1,typeneutral,singlestim,25,79689,100070,edm,paicipantresponseblue,correct
1326,Subject153,387,success,77,success,colorblue,test,num1,typepositive,singlestim,27,85281,100090,edm,paicipantresponseblue,correct
1622,Subject153,427,museum,67,museum,colorred,test,num1,typeneutral,singlestim,29,90914,1000110,edc,paicipantresponsered,correct
1918,Subject153,357,pleasure,77,pleasure,colorblue,test,num1,typepositive,singlestim,31,96474,1000130,edm,paicipantresponseblue,correct
2214,Subject153,526,stupid,67,stupid,colorred,test,num1,typenegative,singlestim,33,102206,1000150,edc,paicipantresponsered,correct
2510,Subject153,403,museum,77,museum,colorblue,test,num1,typeneutral,singlestim,35,107813,1000170,edm,paicipantresponseblue,correct
2806,Subject153,373,rejected,77,rejected,colorblue,test,num1,typenegative,singlestim,37,113390,1000190,edm,paicipantresponseblue,correct
3102,Subject153,427,happy,67,happy,colorred,test,num1,typepositive,singlestim,39,119021,1000210,edc,paicipantresponsered,correct
3398,Subject153,404,alone,77,alone,colorblue,test,num1,typenegative,singlestim,41,124628,1000230,edm,paicipantresponseblue,correct
3694,Subject153,391,dead,77,dead,colorblue,test,num1,typesuicide,singlestim,43,130227,1000250,edm,paicipantresponseblue,correct
3990,Subject153,461,dead,67,dead,colorred,test,num1,typesuicide,singlestim,45,135898,1000270,edc,paicipantresponsered,correct
4286,Subject153,606,pleasure,67,pleasure,colorred,test,num1,typepositive,singlestim,47,141709,1000290,edc,paicipantresponsered,correct
4582,Subject153,436,suicide,77,suicide,colorblue,test,num1,typesuicide,singlestim,49,147349,1000310,edm,paicipantresponseblue,correct
4878,Subject153,394,stupid,77,stupid,colorblue,test,num1,typenegative,singlestim,51,152947,1000330,edm,paicipantresponseblue,correct
5174,Subject153,373,funeral,67,funeral,colorred,test,num1,typesuicide,singlestim,53,158525,1000350,edc,paicipantresponsered,correct
5470,Subject153,446,suicide,67,suicide,colorred,test,num1,typesuicide,singlestim,55,164176,1000370,edc,paicipantresponsered,correct
5766,Subject153,340,paper,77,paper,colorblue,test,num1,typeneutral,singlestim,57,169721,1000390,edm,paicipantresponseblue,correct
6062,Subject153,420,paper,67,paper,colorred,test,num1,typeneutral,singlestim,59,175347,1000410,edc,paicipantresponsered,correct
6358,Subject153,434,success,67,success,colorred,test,num1,typepositive,singlestim,61,180986,1000430,edc,paicipantresponsered,correct
6654,Subject153,380,rejected,67,rejected,colorred,test,num1,typenegative,singlestim,63,186569,1000450,edc,paicipantresponsered,correct
6950,Subject153,391,alone,67,alone,colorred,test,num1,typenegative,singlestim,65,192161,1000470,edc,paicipantresponsered,correct
7246,Subject153,446,rejected,77,rejected,colorblue,test,num2,typenegative,singlestim,67,197811,101010,edm,paicipantresponseblue,correct
7542,Subject153,403,dead,77,dead,colorblue,test,num2,typesuicide,singlestim,69,203419,101030,edm,paicipantresponseblue,correct
7838,Subject153,370,engine,77,engine,colorblue,test,num2,typeneutral,singlestim,71,208995,101050,edm,paicipantresponseblue,correct
8134,Subject153,451,funeral,67,funeral,colorred,test,num2,typesuicide,singlestim,73,214651,101070,edc,paicipantresponsered,correct
8430,Subject153,382,success,77,success,colorblue,test,num2,typepositive,singlestim,75,220237,101090,edm,paicipantresponseblue,correct
8726,Subject153,425,dead,67,dead,colorred,test,num2,typesuicide,singlestim,77,225867,1010110,edc,paicipantresponsered,correct
9022,Subject153,464,success,67,success,colorred,test,num2,typepositive,singlestim,79,231537,1010130,edc,paicipantresponsered,correct
9318,Subject153,503,rejected,67,rejected,colorred,test,num2,typenegative,singlestim,81,237243,1010150,edc,paicipantresponsered,correct
9614,Subject153,445,stupid,67,stupid,colorred,test,num2,typenegative,singlestim,83,242893,1010170,edc,paicipantresponsered,correct
9910,Subject153,368,paper,67,paper,colorred,test,num2,typeneutral,singlestim,85,248466,1010190,edc,paicipantresponsered,correct
10206,Subject153,369,happy,77,happy,colorblue,test,num2,typepositive,singlestim,87,254044,1010210,edm,paicipantresponseblue,correct
10502,Subject153,412,alone,67,alone,colorred,test,num2,typenegative,singlestim,89,259662,1010230,edc,paicipantresponsered,correct
10798,Subject153,470,suicide,67,suicide,colorred,test,num2,typesuicide,singlestim,91,265335,1010250,edc,paicipantresponsered,correct
11094,Subject153,490,suicide,77,suicide,colorblue,test,num2,typesuicide,singlestim,93,271031,1010270,edm,paicipantresponseblue,correct
11390,Subject153,331,happy,67,happy,colorred,test,num2,typepositive,singlestim,95,276565,1010290,edc,paicipantresponsered,correct
11686,Subject153,499,stupid,77,stupid,colorblue,test,num2,typenegative,singlestim,97,282269,1010310,edm,paicipantresponseblue,correct
11982,Subject153,382,funeral,77,funeral,colorblue,test,num2,typesuicide,singlestim,99,287856,1010330,edm,paicipantresponseblue,correct
12278,Subject153,381,museum,77,museum,colorblue,test,num2,typeneutral,singlestim,101,293441,1010350,edm,paicipantresponseblue,correct
12574,Subject153,327,pleasure,77,pleasure,colorblue,test,num2,typepositive,singlestim,103,298973,1010370,edm,paicipantresponseblue,correct
12870,Subject153,365,engine,67,engine,colorred,test,num2,typeneutral,singlestim,105,304541,1010390,edc,paicipantresponsered,correct
13166,Subject153,368,paper,77,paper,colorblue,test,num2,typeneutral,singlestim,107,310115,1010410,edm,paicipantresponseblue,correct
13462,Subject153,371,alone,77,alone,colorblue,test,num2,typenegative,singlestim,109,315696,1010430,edm,paicipantresponseblue,correct
13758,Subject153,410,pleasure,67,pleasure,colorred,test,num2,typepositive,singlestim,111,321309,1010450,edc,paicipantresponsered,correct
14054,Subject153,410,museum,67,museum,colorred,test,num2,typeneutral,singlestim,113,326925,1010470,edc,paicipantresponsered,correct