,SubjectID,rt,stimulus,keypress,word,color,block,blocknum,wordtype,trialtype,trialindex,timeelapsed,internalnodeid,keypressed,participantresponse,correctresponse
125,Subject135,540,rejected,77,rejected,colorred,test,num1,typenegative,singlestim,19,116018,100010,edm,paicipantresponseblue,incorrect
421,Subject135,361,dead,77,dead,colorblue,test,num1,typesuicide,singlestim,21,121584,100030,edm,paicipantresponseblue,correct
717,Subject135,404,rejected,77,rejected,colorblue,test,num1,typenegative,singlestim,23,127196,100050,edm,paicipantresponseblue,correct
1013,Subject135,442,stupid,67,stupid,colorred,test,num1,typenegative,singlestim,25,132843,100070,edc,paicipantresponsered,correct
1309,Subject135,327,suicide,77,suicide,colorblue,test,num1,typesuicide,singlestim,27,138377,100090,edm,paicipantresponseblue,correct
1605,Subject135,292,engine,67,engine,colorred,test,num1,typeneutral,singlestim,29,143876,1000110,edc,paicipantresponsered,correct
1901,Subject135,481,funeral,67,funeral,colorred,test,num1,typesuicide,singlestim,31,149562,1000130,edc,paicipantresponsered,correct
2197,Subject135,360,dead,67,dead,colorred,test,num1,typesuicide,singlestim,33,155129,1000150,edc,paicipantresponsered,correct
2493,Subject135,279,funeral,77,funeral,colorblue,test,num1,typesuicide,singlestim,35,160614,1000170,edm,paicipantresponseblue,correct
2789,Subject135,351,alone,67,alone,colorred,test,num1,typenegative,singlestim,37,166171,1000190,edc,paicipantresponsered,correct
3085,Subject135,370,paper,77,paper,colorblue,test,num1,typeneutral,singlestim,39,171748,1000210,edm,paicipantresponseblue,correct
3381,Subject135,379,pleasure,77,pleasure,colorblue,test,num1,typepositive,singlestim,41,177333,1000230,edm,paicipantresponseblue,correct
3677,Subject135,409,happy,77,happy,colorblue,test,num1,typepositive,singlestim,43,182948,1000250,edm,paicipantresponseblue,correct
3973,Subject135,410,engine,77,engine,colorblue,test,num1,typeneutral,singlestim,45,188564,1000270,edm,paicipantresponseblue,correct
4269,Subject135,371,pleasure,67,pleasure,colorred,test,num1,typepositive,singlestim,47,194141,1000290,edc,paicipantresponsered,correct
4565,Subject135,301,stupid,77,stupid,colorblue,test,num1,typenegative,singlestim,49,199648,1000310,edm,paicipantresponseblue,correct
4861,Subject135,363,suicide,67,suicide,colorred,test,num1,typesuicide,singlestim,51,205218,1000330,edc,paicipantresponsered,correct
5157,Subject135,327,happy,77,happy,colorred,test,num1,typepositive,singlestim,53,210752,1000350,edm,paicipantresponseblue,incorrect
5453,Subject135,366,success,67,success,colorred,test,num1,typepositive,singlestim,55,216325,1000370,edc,paicipantresponsered,correct
5749,Subject135,350,museum,77,museum,colorblue,test,num1,typeneutral,singlestim,57,221881,1000390,edm,paicipantresponseblue,correct
6045,Subject135,408,success,77,success,colorblue,test,num1,typepositive,singlestim,59,227496,1000410,edm,paicipantresponseblue,correct
6341,Subject135,325,museum,67,museum,colorred,test,num1,typeneutral,singlestim,61,233028,1000430,edc,paicipantresponsered,correct
6637,Subject135,370,paper,77,paper,colorred,test,num1,typeneutral,singlestim,63,238604,1000450,edm,paicipantresponseblue,incorrect
6933,Subject135,556,alone,77,alone,colorblue,test,num1,typenegative,singlestim,65,244367,1000470,edm,paicipantresponseblue,correct
7229,Subject135,423,dead,77,dead,colorblue,test,num2,typesuicide,singlestim,67,249998,101010,edm,paicipantresponseblue,correct
7525,Subject135,334,suicide,67,suicide,colorred,test,num2,typesuicide,singlestim,69,255538,101030,edc,paicipantresponsered,correct
7821,Subject135,593,funeral,67,funeral,colorred,test,num2,typesuicide,singlestim,71,261337,101050,edc,paicipantresponsered,correct
8117,Subject135,368,museum,67,museum,colorred,test,num2,typeneutral,singlestim,73,266912,101070,edc,paicipantresponsered,correct
8413,Subject135,332,paper,77,paper,colorblue,test,num2,typeneutral,singlestim,75,272449,101090,edm,paicipantresponseblue,correct
8709,Subject135,358,happy,67,happy,colorred,test,num2,typepositive,singlestim,77,278013,1010110,edc,paicipantresponsered,correct
9005,Subject135,381,happy,77,happy,colorblue,test,num2,typepositive,singlestim,79,283601,1010130,edm,paicipantresponseblue,correct
9301,Subject135,345,pleasure,77,pleasure,colorblue,test,num2,typepositive,singlestim,81,289152,1010150,edm,paicipantresponseblue,correct
9597,Subject135,417,museum,77,museum,colorblue,test,num2,typeneutral,singlestim,83,294774,1010170,edm,paicipantresponseblue,correct
9893,Subject135,260,alone,67,alone,colorblue,test,num2,typenegative,singlestim,85,300239,1010190,edc,paicipantresponsered,incorrect
10189,Subject135,576,success,67,success,colorred,test,num2,typepositive,singlestim,87,306023,1010210,edc,paicipantresponsered,correct
10485,Subject135,423,success,77,success,colorblue,test,num2,typepositive,singlestim,89,311652,1010230,edm,paicipantresponseblue,correct
10781,Subject135,529,pleasure,67,pleasure,colorred,test,num2,typepositive,singlestim,91,317388,1010250,edc,paicipantresponsered,correct
11077,Subject135,406,alone,67,alone,colorred,test,num2,typenegative,singlestim,93,323001,1010270,edc,paicipantresponsered,correct
11373,Subject135,356,funeral,77,funeral,colorblue,test,num2,typesuicide,singlestim,95,328562,1010290,edm,paicipantresponseblue,correct
11669,Subject135,372,paper,67,paper,colorred,test,num2,typeneutral,singlestim,97,334138,1010310,edc,paicipantresponsered,correct
11965,Subject135,463,rejected,67,rejected,colorred,test,num2,typenegative,singlestim,99,339807,1010330,edc,paicipantresponsered,correct
12261,Subject135,394,stupid,67,stupid,colorred,test,num2,typenegative,singlestim,101,345408,1010350,edc,paicipantresponsered,correct
12557,Subject135,425,engine,77,engine,colorblue,test,num2,typeneutral,singlestim,103,351038,1010370,edm,paicipantresponseblue,correct
12853,Subject135,443,suicide,77,suicide,colorblue,test,num2,typesuicide,singlestim,105,356687,1010390,edm,paicipantresponseblue,correct
13149,Subject135,360,engine,67,engine,colorred,test,num2,typeneutral,singlestim,107,362253,1010410,edc,paicipantresponsered,correct
13445,Subject135,353,stupid,77,stupid,colorblue,test,num2,typenegative,singlestim,109,367811,1010430,edm,paicipantresponseblue,correct
13741,Subject135,415,dead,67,dead,colorred,test,num2,typesuicide,singlestim,111,373431,1010450,edc,paicipantresponsered,correct
14037,Subject135,665,rejected,77,rejected,colorblue,test,num2,typenegative,singlestim,113,379303,1010470,edm,paicipantresponseblue,correct