,SubjectID,rt,stimulus,keypress,word,color,block,blocknum,wordtype,trialtype,trialindex,timeelapsed,internalnodeid,keypressed,participantresponse,correctresponse
196,Subject228,625,funeral,77,funeral,colorblue,test,num1,typesuicide,singlestim,19,105629,100010,edm,paicipantresponseblue,correct
492,Subject228,556,alone,67,alone,colorred,test,num1,typenegative,singlestim,21,111391,100030,edc,paicipantresponsered,correct
788,Subject228,666,funeral,67,funeral,colorred,test,num1,typesuicide,singlestim,23,117264,100050,edc,paicipantresponsered,correct
1084,Subject228,649,engine,77,engine,colorblue,test,num1,typeneutral,singlestim,25,123119,100070,edm,paicipantresponseblue,correct
1380,Subject228,561,happy,77,happy,colorblue,test,num1,typepositive,singlestim,27,128885,100090,edm,paicipantresponseblue,correct
1676,Subject228,604,dead,77,dead,colorblue,test,num1,typesuicide,singlestim,29,134694,1000110,edm,paicipantresponseblue,correct
1972,Subject228,638,pleasure,67,pleasure,colorred,test,num1,typepositive,singlestim,31,140537,1000130,edc,paicipantresponsered,correct
2268,Subject228,513,dead,67,dead,colorred,test,num1,typesuicide,singlestim,33,146255,1000150,edc,paicipantresponsered,correct
2564,Subject228,665,paper,77,paper,colorblue,test,num1,typeneutral,singlestim,35,152127,1000170,edm,paicipantresponseblue,correct
2860,Subject228,606,suicide,67,suicide,colorred,test,num1,typesuicide,singlestim,37,157937,1000190,edc,paicipantresponsered,correct
3156,Subject228,507,alone,77,alone,colorblue,test,num1,typenegative,singlestim,39,163649,1000210,edm,paicipantresponseblue,correct
3452,Subject228,701,engine,67,engine,colorred,test,num1,typeneutral,singlestim,41,169555,1000230,edc,paicipantresponsered,correct
3748,Subject228,503,rejected,77,rejected,colorblue,test,num1,typenegative,singlestim,43,175264,1000250,edm,paicipantresponseblue,correct
4044,Subject228,451,museum,67,museum,colorred,test,num1,typeneutral,singlestim,45,180920,1000270,edc,paicipantresponsered,correct
4340,Subject228,460,success,77,success,colorblue,test,num1,typepositive,singlestim,47,186587,1000290,edm,paicipantresponseblue,correct
4636,Subject228,667,suicide,77,suicide,colorblue,test,num1,typesuicide,singlestim,49,192460,1000310,edm,paicipantresponseblue,correct
4932,Subject228,665,stupid,67,stupid,colorred,test,num1,typenegative,singlestim,51,198331,1000330,edc,paicipantresponsered,correct
5228,Subject228,604,success,67,success,colorred,test,num1,typepositive,singlestim,53,204140,1000350,edc,paicipantresponsered,correct
5524,Subject228,670,museum,77,museum,colorblue,test,num1,typeneutral,singlestim,55,210016,1000370,edm,paicipantresponseblue,correct
5820,Subject228,709,paper,67,paper,colorred,test,num1,typeneutral,singlestim,57,215932,1000390,edc,paicipantresponsered,correct
6116,Subject228,634,happy,67,happy,colorred,test,num1,typepositive,singlestim,59,221771,1000410,edc,paicipantresponsered,correct
6412,Subject228,655,pleasure,77,pleasure,colorblue,test,num1,typepositive,singlestim,61,227633,1000430,edm,paicipantresponseblue,correct
6708,Subject228,976,stupid,77,stupid,colorblue,test,num1,typenegative,singlestim,63,233815,1000450,edm,paicipantresponseblue,correct
7004,Subject228,618,rejected,67,rejected,colorred,test,num1,typenegative,singlestim,65,239639,1000470,edc,paicipantresponsered,correct
7300,Subject228,683,paper,67,paper,colorred,test,num2,typeneutral,singlestim,67,245527,101010,edc,paicipantresponsered,correct
7596,Subject228,541,museum,67,museum,colorred,test,num2,typeneutral,singlestim,69,251273,101030,edc,paicipantresponsered,correct
7892,Subject228,702,suicide,77,suicide,colorblue,test,num2,typesuicide,singlestim,71,257181,101050,edm,paicipantresponseblue,correct
8188,Subject228,758,paper,77,paper,colorblue,test,num2,typeneutral,singlestim,73,263145,101070,edm,paicipantresponseblue,correct
8484,Subject228,692,funeral,77,funeral,colorblue,test,num2,typesuicide,singlestim,75,269042,101090,edm,paicipantresponseblue,correct
8780,Subject228,605,happy,77,happy,colorblue,test,num2,typepositive,singlestim,77,274852,1010110,edm,paicipantresponseblue,correct
9076,Subject228,835,dead,67,dead,colorred,test,num2,typesuicide,singlestim,79,280892,1010130,edc,paicipantresponsered,correct
9372,Subject228,693,rejected,67,rejected,colorred,test,num2,typenegative,singlestim,81,286792,1010150,edc,paicipantresponsered,correct
9668,Subject228,573,stupid,77,stupid,colorblue,test,num2,typenegative,singlestim,83,292605,1010170,edm,paicipantresponseblue,correct
9964,Subject228,709,success,67,success,colorred,test,num2,typepositive,singlestim,85,298548,1010190,edc,paicipantresponsered,correct
10260,Subject228,550,rejected,67,rejected,colorblue,test,num2,typenegative,singlestim,87,304304,1010210,edc,paicipantresponsered,incorrect
10556,Subject228,969,pleasure,67,pleasure,colorred,test,num2,typepositive,singlestim,89,310478,1010230,edc,paicipantresponsered,correct
10852,Subject228,705,engine,77,engine,colorblue,test,num2,typeneutral,singlestim,91,316390,1010250,edm,paicipantresponseblue,correct
11148,Subject228,631,pleasure,77,pleasure,colorblue,test,num2,typepositive,singlestim,93,322226,1010270,edm,paicipantresponseblue,correct
11444,Subject228,830,engine,67,engine,colorred,test,num2,typeneutral,singlestim,95,328262,1010290,edc,paicipantresponsered,correct
11740,Subject228,673,alone,77,alone,colorblue,test,num2,typenegative,singlestim,97,334141,1010310,edm,paicipantresponseblue,correct
12036,Subject228,628,funeral,67,funeral,colorred,test,num2,typesuicide,singlestim,99,339974,1010330,edc,paicipantresponsered,correct
12332,Subject228,619,museum,77,museum,colorblue,test,num2,typeneutral,singlestim,101,345799,1010350,edm,paicipantresponseblue,correct
12628,Subject228,521,suicide,67,suicide,colorred,test,num2,typesuicide,singlestim,103,351526,1010370,edc,paicipantresponsered,correct
12924,Subject228,925,stupid,67,stupid,colorred,test,num2,typenegative,singlestim,105,357657,1010390,edc,paicipantresponsered,correct
13220,Subject228,556,dead,77,dead,colorblue,test,num2,typesuicide,singlestim,107,363419,1010410,edm,paicipantresponseblue,correct
13516,Subject228,639,success,77,success,colorblue,test,num2,typepositive,singlestim,109,369263,1010430,edm,paicipantresponseblue,correct
13812,Subject228,731,happy,67,happy,colorred,test,num2,typepositive,singlestim,111,375201,1010450,edc,paicipantresponsered,correct
14108,Subject228,702,alone,67,alone,colorred,test,num2,typenegative,singlestim,113,381109,1010470,edc,paicipantresponsered,correct