,SubjectID,rt,stimulus,keypress,word,color,block,blocknum,wordtype,trialtype,trialindex,timeelapsed,internalnodeid,keypressed,participantresponse,correctresponse
266,Subject302,832,engine,77,engine,colorblue,test,num1,typeneutral,singlestim,19,70962,100010,edm,paicipantresponseblue,correct
562,Subject302,479,stupid,67,stupid,colorred,test,num1,typenegative,singlestim,21,76653,100030,edc,paicipantresponsered,correct
858,Subject302,839,engine,67,engine,colorred,test,num1,typeneutral,singlestim,23,82709,100050,edc,paicipantresponsered,correct
1154,Subject302,577,rejected,77,rejected,colorblue,test,num1,typenegative,singlestim,25,88501,100070,edm,paicipantresponseblue,correct
1450,Subject302,441,rejected,67,rejected,colorred,test,num1,typenegative,singlestim,27,94155,100090,edc,paicipantresponsered,correct
1746,Subject302,490,pleasure,77,pleasure,colorblue,test,num1,typepositive,singlestim,29,99858,1000110,edm,paicipantresponseblue,correct
2042,Subject302,539,museum,67,museum,colorred,test,num1,typeneutral,singlestim,31,105612,1000130,edc,paicipantresponsered,correct
2338,Subject302,530,dead,67,dead,colorred,test,num1,typesuicide,singlestim,33,111354,1000150,edc,paicipantresponsered,correct
2634,Subject302,415,stupid,77,stupid,colorblue,test,num1,typenegative,singlestim,35,116980,1000170,edm,paicipantresponseblue,correct
2930,Subject302,654,funeral,67,funeral,colorred,test,num1,typesuicide,singlestim,37,122847,1000190,edc,paicipantresponsered,correct
3226,Subject302,993,happy,67,happy,colorred,test,num1,typepositive,singlestim,39,129058,1000210,edc,paicipantresponsered,correct
3522,Subject302,536,alone,67,alone,colorred,test,num1,typenegative,singlestim,41,134803,1000230,edc,paicipantresponsered,correct
3818,Subject302,618,suicide,67,suicide,colorred,test,num1,typesuicide,singlestim,43,140634,1000250,edc,paicipantresponsered,correct
4114,Subject302,461,funeral,77,funeral,colorblue,test,num1,typesuicide,singlestim,45,146312,1000270,edm,paicipantresponseblue,correct
4410,Subject302,452,happy,77,happy,colorblue,test,num1,typepositive,singlestim,47,151979,1000290,edm,paicipantresponseblue,correct
4706,Subject302,461,museum,77,museum,colorblue,test,num1,typeneutral,singlestim,49,157655,1000310,edm,paicipantresponseblue,correct
5002,Subject302,483,success,67,success,colorred,test,num1,typepositive,singlestim,51,163351,1000330,edc,paicipantresponsered,correct
5298,Subject302,464,success,77,success,colorblue,test,num1,typepositive,singlestim,53,169033,1000350,edm,paicipantresponseblue,correct
5594,Subject302,619,pleasure,67,pleasure,colorred,test,num1,typepositive,singlestim,55,174869,1000370,edc,paicipantresponsered,correct
5890,Subject302,487,dead,77,dead,colorblue,test,num1,typesuicide,singlestim,57,180570,1000390,edm,paicipantresponseblue,correct
6186,Subject302,461,alone,77,alone,colorblue,test,num1,typenegative,singlestim,59,186249,1000410,edm,paicipantresponseblue,correct
6482,Subject302,398,suicide,77,suicide,colorblue,test,num1,typesuicide,singlestim,61,191860,1000430,edm,paicipantresponseblue,correct
6778,Subject302,408,paper,67,paper,colorred,test,num1,typeneutral,singlestim,63,197486,1000450,edc,paicipantresponsered,correct
7074,Subject302,496,paper,77,paper,colorblue,test,num1,typeneutral,singlestim,65,203194,1000470,edm,paicipantresponseblue,correct
7370,Subject302,375,paper,77,paper,colorblue,test,num2,typeneutral,singlestim,67,208788,101010,edm,paicipantresponseblue,correct
7666,Subject302,443,suicide,77,suicide,colorblue,test,num2,typesuicide,singlestim,69,214442,101030,edm,paicipantresponseblue,correct
7962,Subject302,330,rejected,67,rejected,colorred,test,num2,typenegative,singlestim,71,219987,101050,edc,paicipantresponsered,correct
8258,Subject302,486,alone,67,alone,colorred,test,num2,typenegative,singlestim,73,225687,101070,edc,paicipantresponsered,correct
8554,Subject302,513,funeral,67,funeral,colorred,test,num2,typesuicide,singlestim,75,231415,101090,edc,paicipantresponsered,correct
8850,Subject302,390,dead,67,dead,colorred,test,num2,typesuicide,singlestim,77,237018,1010110,edc,paicipantresponsered,correct
9146,Subject302,416,dead,77,dead,colorblue,test,num2,typesuicide,singlestim,79,242653,1010130,edm,paicipantresponseblue,correct
9442,Subject302,608,alone,77,alone,colorblue,test,num2,typenegative,singlestim,81,248479,1010150,edm,paicipantresponseblue,correct
9738,Subject302,447,museum,77,museum,colorblue,test,num2,typeneutral,singlestim,83,254145,1010170,edm,paicipantresponseblue,correct
10034,Subject302,634,success,77,success,colorblue,test,num2,typepositive,singlestim,85,259994,1010190,edm,paicipantresponseblue,correct
10330,Subject302,551,rejected,77,rejected,colorblue,test,num2,typenegative,singlestim,87,265765,1010210,edm,paicipantresponseblue,correct
10626,Subject302,557,museum,67,museum,colorred,test,num2,typeneutral,singlestim,89,271534,1010230,edc,paicipantresponsered,correct
10922,Subject302,573,pleasure,77,pleasure,colorblue,test,num2,typepositive,singlestim,91,277319,1010250,edm,paicipantresponseblue,correct
11218,Subject302,662,suicide,77,suicide,colorred,test,num2,typesuicide,singlestim,93,283189,1010270,edm,paicipantresponseblue,incorrect
11514,Subject302,526,happy,67,happy,colorred,test,num2,typepositive,singlestim,95,288934,1010290,edc,paicipantresponsered,correct
11810,Subject302,454,pleasure,67,pleasure,colorred,test,num2,typepositive,singlestim,97,294599,1010310,edc,paicipantresponsered,correct
12106,Subject302,548,paper,67,paper,colorred,test,num2,typeneutral,singlestim,99,300367,1010330,edc,paicipantresponsered,correct
12402,Subject302,371,success,67,success,colorred,test,num2,typepositive,singlestim,101,305947,1010350,edc,paicipantresponsered,correct
12698,Subject302,325,stupid,67,stupid,colorred,test,num2,typenegative,singlestim,103,311491,1010370,edc,paicipantresponsered,correct
12994,Subject302,389,happy,67,happy,colorblue,test,num2,typepositive,singlestim,105,317096,1010390,edc,paicipantresponsered,incorrect
13290,Subject302,705,stupid,77,stupid,colorblue,test,num2,typenegative,singlestim,107,323020,1010410,edm,paicipantresponseblue,correct
13586,Subject302,441,engine,77,engine,colorblue,test,num2,typeneutral,singlestim,109,328679,1010430,edm,paicipantresponseblue,correct
13882,Subject302,645,funeral,77,funeral,colorblue,test,num2,typesuicide,singlestim,111,334542,1010450,edm,paicipantresponseblue,correct
14178,Subject302,400,engine,67,engine,colorred,test,num2,typeneutral,singlestim,113,340153,1010470,edc,paicipantresponsered,correct