,SubjectID,rt,stimulus,keypress,word,color,block,blocknum,wordtype,trialtype,trialindex,timeelapsed,internalnodeid,keypressed,participantresponse,correctresponse
271,Subject307,1200,pleasure,67,pleasure,colorred,test,num1,typepositive,singlestim,19,167778,100010,edc,paicipantresponsered,correct
567,Subject307,935,engine,77,engine,colorblue,test,num1,typeneutral,singlestim,21,173916,100030,edm,paicipantresponseblue,correct
863,Subject307,1569,museum,77,museum,colorblue,test,num1,typeneutral,singlestim,23,180688,100050,edm,paicipantresponseblue,correct
1159,Subject307,1274,happy,67,happy,colorred,test,num1,typepositive,singlestim,25,187165,100070,edc,paicipantresponsered,correct
1455,Subject307,1084,museum,67,museum,colorred,test,num1,typeneutral,singlestim,27,193452,100090,edc,paicipantresponsered,correct
1751,Subject307,1,suicide,1,suicide,colorred,test,num1,typesuicide,singlestim,29,200655,1000110,ed,,incorrect
2047,Subject307,843,dead,67,dead,colorred,test,num1,typesuicide,singlestim,31,206700,1000130,edc,paicipantresponsered,correct
2343,Subject307,1524,funeral,67,funeral,colorred,test,num1,typesuicide,singlestim,33,213428,1000150,edc,paicipantresponsered,correct
2639,Subject307,1154,pleasure,77,pleasure,colorblue,test,num1,typepositive,singlestim,35,219785,1000170,edm,paicipantresponseblue,correct
2935,Subject307,1148,stupid,67,stupid,colorred,test,num1,typenegative,singlestim,37,226136,1000190,edc,paicipantresponsered,correct
3231,Subject307,1578,alone,77,alone,colorblue,test,num1,typenegative,singlestim,39,232918,1000210,edm,paicipantresponseblue,correct
3527,Subject307,1588,success,77,success,colorblue,test,num1,typepositive,singlestim,41,239708,1000230,edm,paicipantresponseblue,correct
3823,Subject307,1304,engine,67,engine,colorred,test,num1,typeneutral,singlestim,43,246214,1000250,edc,paicipantresponsered,correct
4119,Subject307,1440,paper,77,paper,colorblue,test,num1,typeneutral,singlestim,45,252858,1000270,edm,paicipantresponseblue,correct
4415,Subject307,1006,stupid,77,stupid,colorblue,test,num1,typenegative,singlestim,47,259068,1000290,edm,paicipantresponseblue,correct
4711,Subject307,1516,happy,77,happy,colorblue,test,num1,typepositive,singlestim,49,265788,1000310,edm,paicipantresponseblue,correct
5007,Subject307,1861,suicide,77,suicide,colorblue,test,num1,typesuicide,singlestim,51,272851,1000330,edm,paicipantresponseblue,correct
5303,Subject307,1270,dead,77,dead,colorblue,test,num1,typesuicide,singlestim,53,279324,1000350,edm,paicipantresponseblue,correct
5599,Subject307,843,funeral,77,funeral,colorblue,test,num1,typesuicide,singlestim,55,285370,1000370,edm,paicipantresponseblue,correct
5895,Subject307,1360,rejected,67,rejected,colorred,test,num1,typenegative,singlestim,57,291935,1000390,edc,paicipantresponsered,correct
6191,Subject307,1367,success,67,success,colorred,test,num1,typepositive,singlestim,59,298506,1000410,edc,paicipantresponsered,correct
6487,Subject307,1126,paper,67,paper,colorred,test,num1,typeneutral,singlestim,61,304837,1000430,edc,paicipantresponsered,correct
6783,Subject307,851,rejected,77,rejected,colorblue,test,num1,typenegative,singlestim,63,310889,1000450,edm,paicipantresponseblue,correct
7079,Subject307,1,alone,1,alone,colorred,test,num1,typenegative,singlestim,65,318094,1000470,ed,,incorrect
7375,Subject307,1126,dead,77,dead,colorblue,test,num2,typesuicide,singlestim,67,324423,101010,edm,paicipantresponseblue,correct
7671,Subject307,1018,funeral,77,funeral,colorblue,test,num2,typesuicide,singlestim,69,330645,101030,edm,paicipantresponseblue,correct
7967,Subject307,1667,museum,67,museum,colorred,test,num2,typeneutral,singlestim,71,337514,101050,edc,paicipantresponsered,correct
8263,Subject307,1375,pleasure,67,pleasure,colorblue,test,num2,typepositive,singlestim,73,344092,101070,edc,paicipantresponsered,incorrect
8559,Subject307,1,alone,1,alone,colorred,test,num2,typenegative,singlestim,75,351297,101090,ed,,incorrect
8855,Subject307,1225,happy,67,happy,colorred,test,num2,typepositive,singlestim,77,357725,1010110,edc,paicipantresponsered,correct
9151,Subject307,1558,alone,77,alone,colorblue,test,num2,typenegative,singlestim,79,364488,1010130,edm,paicipantresponseblue,correct
9447,Subject307,882,happy,77,happy,colorblue,test,num2,typepositive,singlestim,81,370574,1010150,edm,paicipantresponseblue,correct
9743,Subject307,1264,stupid,77,stupid,colorblue,test,num2,typenegative,singlestim,83,377042,1010170,edm,paicipantresponseblue,correct
10039,Subject307,1134,paper,77,paper,colorblue,test,num2,typeneutral,singlestim,85,383379,1010190,edm,paicipantresponseblue,correct
10335,Subject307,490,suicide,67,suicide,colorred,test,num2,typesuicide,singlestim,87,389071,1010210,edc,paicipantresponsered,correct
10631,Subject307,770,museum,77,museum,colorblue,test,num2,typeneutral,singlestim,89,395046,1010230,edm,paicipantresponseblue,correct
10927,Subject307,796,success,67,success,colorred,test,num2,typepositive,singlestim,91,401045,1010250,edc,paicipantresponsered,correct
11223,Subject307,1119,engine,67,engine,colorred,test,num2,typeneutral,singlestim,93,407369,1010270,edc,paicipantresponsered,correct
11519,Subject307,1460,success,77,success,colorblue,test,num2,typepositive,singlestim,95,414031,1010290,edm,paicipantresponseblue,correct
11815,Subject307,933,rejected,77,rejected,colorblue,test,num2,typenegative,singlestim,97,420167,1010310,edm,paicipantresponseblue,correct
12111,Subject307,1627,suicide,77,suicide,colorblue,test,num2,typesuicide,singlestim,99,426997,1010330,edm,paicipantresponseblue,correct
12407,Subject307,732,paper,67,paper,colorred,test,num2,typeneutral,singlestim,101,432933,1010350,edc,paicipantresponsered,correct
12703,Subject307,1006,pleasure,67,pleasure,colorred,test,num2,typepositive,singlestim,103,439141,1010370,edc,paicipantresponsered,correct
12999,Subject307,505,dead,67,dead,colorred,test,num2,typesuicide,singlestim,105,444851,1010390,edc,paicipantresponsered,correct
13295,Subject307,419,stupid,67,stupid,colorred,test,num2,typenegative,singlestim,107,450472,1010410,edc,paicipantresponsered,correct
13591,Subject307,795,rejected,67,rejected,colorred,test,num2,typenegative,singlestim,109,456469,1010430,edc,paicipantresponsered,correct
13887,Subject307,1207,engine,77,engine,colorblue,test,num2,typeneutral,singlestim,111,462880,1010450,edm,paicipantresponseblue,correct
14183,Subject307,1568,funeral,67,funeral,colorred,test,num2,typesuicide,singlestim,113,469651,1010470,edc,paicipantresponsered,correct