,SubjectID,rt,stimulus,keypress,word,color,block,blocknum,wordtype,trialtype,trialindex,timeelapsed,internalnodeid,keypressed,participantresponse,correctresponse
262,Subject297,501,museum,77,museum,colorblue,test,num1,typeneutral,singlestim,19,99116,100010,edm,paicipantresponseblue,correct
558,Subject297,349,funeral,67,funeral,colorred,test,num1,typesuicide,singlestim,21,104675,100030,edc,paicipantresponsered,correct
854,Subject297,450,dead,77,dead,colorblue,test,num1,typesuicide,singlestim,23,110336,100050,edm,paicipantresponseblue,correct
1150,Subject297,464,paper,77,paper,colorblue,test,num1,typeneutral,singlestim,25,116008,100070,edm,paicipantresponseblue,correct
1446,Subject297,579,suicide,67,suicide,colorred,test,num1,typesuicide,singlestim,27,121799,100090,edc,paicipantresponsered,correct
1742,Subject297,455,pleasure,77,pleasure,colorblue,test,num1,typepositive,singlestim,29,127462,1000110,edm,paicipantresponseblue,correct
2038,Subject297,439,alone,67,alone,colorred,test,num1,typenegative,singlestim,31,133110,1000130,edc,paicipantresponsered,correct
2334,Subject297,527,paper,67,paper,colorred,test,num1,typeneutral,singlestim,33,138853,1000150,edc,paicipantresponsered,correct
2630,Subject297,487,museum,67,museum,colorred,test,num1,typeneutral,singlestim,35,144552,1000170,edc,paicipantresponsered,correct
2926,Subject297,368,funeral,77,funeral,colorblue,test,num1,typesuicide,singlestim,37,150133,1000190,edm,paicipantresponseblue,correct
3222,Subject297,379,stupid,77,stupid,colorblue,test,num1,typenegative,singlestim,39,155720,1000210,edm,paicipantresponseblue,correct
3518,Subject297,392,suicide,77,suicide,colorblue,test,num1,typesuicide,singlestim,41,161323,1000230,edm,paicipantresponseblue,correct
3814,Subject297,431,rejected,77,rejected,colorblue,test,num1,typenegative,singlestim,43,166963,1000250,edm,paicipantresponseblue,correct
4110,Subject297,460,success,67,success,colorred,test,num1,typepositive,singlestim,45,172633,1000270,edc,paicipantresponsered,correct
4406,Subject297,443,engine,77,engine,colorblue,test,num1,typeneutral,singlestim,47,178285,1000290,edm,paicipantresponseblue,correct
4702,Subject297,601,stupid,67,stupid,colorred,test,num1,typenegative,singlestim,49,184096,1000310,edc,paicipantresponsered,correct
4998,Subject297,650,happy,77,happy,colorblue,test,num1,typepositive,singlestim,51,189956,1000330,edm,paicipantresponseblue,correct
5294,Subject297,512,rejected,67,rejected,colorred,test,num1,typenegative,singlestim,53,195685,1000350,edc,paicipantresponsered,correct
5590,Subject297,530,success,77,success,colorblue,test,num1,typepositive,singlestim,55,201428,1000370,edm,paicipantresponseblue,correct
5886,Subject297,350,dead,67,dead,colorred,test,num1,typesuicide,singlestim,57,206994,1000390,edc,paicipantresponsered,correct
6182,Subject297,509,pleasure,67,pleasure,colorred,test,num1,typepositive,singlestim,59,212715,1000410,edc,paicipantresponsered,correct
6478,Subject297,492,alone,77,alone,colorblue,test,num1,typenegative,singlestim,61,218418,1000430,edm,paicipantresponseblue,correct
6774,Subject297,408,happy,67,happy,colorred,test,num1,typepositive,singlestim,63,224037,1000450,edc,paicipantresponsered,correct
7070,Subject297,427,engine,67,engine,colorred,test,num1,typeneutral,singlestim,65,229674,1000470,edc,paicipantresponsered,correct
7366,Subject297,426,museum,77,museum,colorblue,test,num2,typeneutral,singlestim,67,235309,101010,edm,paicipantresponseblue,correct
7662,Subject297,578,dead,77,dead,colorblue,test,num2,typesuicide,singlestim,69,241096,101030,edm,paicipantresponseblue,correct
7958,Subject297,431,engine,67,engine,colorred,test,num2,typeneutral,singlestim,71,246736,101050,edc,paicipantresponsered,correct
8254,Subject297,780,museum,77,museum,colorred,test,num2,typeneutral,singlestim,73,252726,101070,edm,paicipantresponseblue,incorrect
8550,Subject297,451,rejected,67,rejected,colorred,test,num2,typenegative,singlestim,75,258391,101090,edc,paicipantresponsered,correct
8846,Subject297,471,happy,67,happy,colorred,test,num2,typepositive,singlestim,77,264070,1010110,edc,paicipantresponsered,correct
9142,Subject297,560,pleasure,77,pleasure,colorblue,test,num2,typepositive,singlestim,79,269842,1010130,edm,paicipantresponseblue,correct
9438,Subject297,476,dead,67,dead,colorred,test,num2,typesuicide,singlestim,81,275527,1010150,edc,paicipantresponsered,correct
9734,Subject297,467,paper,67,paper,colorred,test,num2,typeneutral,singlestim,83,281205,1010170,edc,paicipantresponsered,correct
10030,Subject297,655,rejected,77,rejected,colorblue,test,num2,typenegative,singlestim,85,287069,1010190,edm,paicipantresponseblue,correct
10326,Subject297,424,suicide,77,suicide,colorblue,test,num2,typesuicide,singlestim,87,292700,1010210,edm,paicipantresponseblue,correct
10622,Subject297,595,stupid,67,stupid,colorblue,test,num2,typenegative,singlestim,89,298507,1010230,edc,paicipantresponsered,incorrect
10918,Subject297,441,happy,77,happy,colorblue,test,num2,typepositive,singlestim,91,304156,1010250,edm,paicipantresponseblue,correct
11214,Subject297,633,alone,77,alone,colorblue,test,num2,typenegative,singlestim,93,310002,1010270,edm,paicipantresponseblue,correct
11510,Subject297,627,stupid,67,stupid,colorred,test,num2,typenegative,singlestim,95,315839,1010290,edc,paicipantresponsered,correct
11806,Subject297,1539,suicide,67,suicide,colorred,test,num2,typesuicide,singlestim,97,322590,1010310,edc,paicipantresponsered,correct
12102,Subject297,415,alone,67,alone,colorred,test,num2,typenegative,singlestim,99,328216,1010330,edc,paicipantresponsered,correct
12398,Subject297,474,funeral,77,funeral,colorblue,test,num2,typesuicide,singlestim,101,333899,1010350,edm,paicipantresponseblue,correct
12694,Subject297,469,pleasure,67,pleasure,colorred,test,num2,typepositive,singlestim,103,339575,1010370,edc,paicipantresponsered,correct
12990,Subject297,471,engine,77,engine,colorblue,test,num2,typeneutral,singlestim,105,345253,1010390,edm,paicipantresponseblue,correct
13286,Subject297,640,paper,77,paper,colorblue,test,num2,typeneutral,singlestim,107,351106,1010410,edm,paicipantresponseblue,correct
13582,Subject297,483,success,77,success,colorblue,test,num2,typepositive,singlestim,109,356799,1010430,edm,paicipantresponseblue,correct
13878,Subject297,594,success,67,success,colorred,test,num2,typepositive,singlestim,111,362603,1010450,edc,paicipantresponsered,correct
14174,Subject297,476,funeral,67,funeral,colorred,test,num2,typesuicide,singlestim,113,368292,1010470,edc,paicipantresponsered,correct