,SubjectID,rt,stimulus,keypress,word,color,block,blocknum,wordtype,trialtype,trialindex,timeelapsed,internalnodeid,keypressed,participantresponse,correctresponse
282,Subject319,396,success,77,success,colorblue,test,num1,typepositive,singlestim,19,261878,100010,edm,paicipantresponseblue,correct
578,Subject319,667,pleasure,67,pleasure,colorred,test,num1,typepositive,singlestim,21,267760,100030,edc,paicipantresponsered,correct
874,Subject319,379,funeral,67,funeral,colorred,test,num1,typesuicide,singlestim,23,273352,100050,edc,paicipantresponsered,correct
1170,Subject319,389,paper,67,paper,colorblue,test,num1,typeneutral,singlestim,25,278953,100070,edc,paicipantresponsered,incorrect
1466,Subject319,400,dead,77,dead,colorblue,test,num1,typesuicide,singlestim,27,284563,100090,edm,paicipantresponseblue,correct
1762,Subject319,433,success,67,success,colorred,test,num1,typepositive,singlestim,29,290209,1000110,edc,paicipantresponsered,correct
2058,Subject319,466,suicide,67,suicide,colorred,test,num1,typesuicide,singlestim,31,295891,1000130,edc,paicipantresponsered,correct
2354,Subject319,401,stupid,67,stupid,colorred,test,num1,typenegative,singlestim,33,301505,1000150,edc,paicipantresponsered,correct
2650,Subject319,481,happy,77,happy,colorblue,test,num1,typepositive,singlestim,35,307201,1000170,edm,paicipantresponseblue,correct
2946,Subject319,429,rejected,77,rejected,colorblue,test,num1,typenegative,singlestim,37,312845,1000190,edm,paicipantresponseblue,correct
3242,Subject319,380,museum,77,museum,colorblue,test,num1,typeneutral,singlestim,39,318438,1000210,edm,paicipantresponseblue,correct
3538,Subject319,340,engine,67,engine,colorred,test,num1,typeneutral,singlestim,41,323988,1000230,edc,paicipantresponsered,correct
3834,Subject319,406,rejected,67,rejected,colorred,test,num1,typenegative,singlestim,43,329605,1000250,edc,paicipantresponsered,correct
4130,Subject319,407,engine,77,engine,colorblue,test,num1,typeneutral,singlestim,45,335222,1000270,edm,paicipantresponseblue,correct
4426,Subject319,369,dead,67,dead,colorred,test,num1,typesuicide,singlestim,47,340802,1000290,edc,paicipantresponsered,correct
4722,Subject319,479,paper,67,paper,colorred,test,num1,typeneutral,singlestim,49,346496,1000310,edc,paicipantresponsered,correct
5018,Subject319,356,museum,67,museum,colorred,test,num1,typeneutral,singlestim,51,352063,1000330,edc,paicipantresponsered,correct
5314,Subject319,398,alone,67,alone,colorred,test,num1,typenegative,singlestim,53,357672,1000350,edc,paicipantresponsered,correct
5610,Subject319,369,funeral,77,funeral,colorblue,test,num1,typesuicide,singlestim,55,363247,1000370,edm,paicipantresponseblue,correct
5906,Subject319,347,pleasure,77,pleasure,colorblue,test,num1,typepositive,singlestim,57,368809,1000390,edm,paicipantresponseblue,correct
6202,Subject319,428,stupid,77,stupid,colorblue,test,num1,typenegative,singlestim,59,374451,1000410,edm,paicipantresponseblue,correct
6498,Subject319,396,suicide,77,suicide,colorblue,test,num1,typesuicide,singlestim,61,380058,1000430,edm,paicipantresponseblue,correct
6794,Subject319,426,alone,77,alone,colorblue,test,num1,typenegative,singlestim,63,385694,1000450,edm,paicipantresponseblue,correct
7090,Subject319,357,happy,67,happy,colorred,test,num1,typepositive,singlestim,65,391260,1000470,edc,paicipantresponsered,correct
7386,Subject319,377,paper,67,paper,colorred,test,num2,typeneutral,singlestim,67,396844,101010,edc,paicipantresponsered,correct
7682,Subject319,580,happy,77,happy,colorblue,test,num2,typepositive,singlestim,69,402639,101030,edm,paicipantresponseblue,correct
7978,Subject319,429,engine,77,engine,colorblue,test,num2,typeneutral,singlestim,71,408280,101050,edm,paicipantresponseblue,correct
8274,Subject319,518,success,67,success,colorred,test,num2,typepositive,singlestim,73,414011,101070,edc,paicipantresponsered,correct
8570,Subject319,425,paper,77,paper,colorblue,test,num2,typeneutral,singlestim,75,419647,101090,edm,paicipantresponseblue,correct
8866,Subject319,350,dead,67,dead,colorred,test,num2,typesuicide,singlestim,77,425212,1010110,edc,paicipantresponsered,correct
9162,Subject319,381,rejected,67,rejected,colorred,test,num2,typenegative,singlestim,79,430811,1010130,edc,paicipantresponsered,correct
9458,Subject319,372,pleasure,67,pleasure,colorred,test,num2,typepositive,singlestim,81,436396,1010150,edc,paicipantresponsered,correct
9754,Subject319,327,pleasure,77,pleasure,colorblue,test,num2,typepositive,singlestim,83,441936,1010170,edm,paicipantresponseblue,correct
10050,Subject319,428,dead,77,dead,colorblue,test,num2,typesuicide,singlestim,85,447578,1010190,edm,paicipantresponseblue,correct
10346,Subject319,377,rejected,77,rejected,colorblue,test,num2,typenegative,singlestim,87,453166,1010210,edm,paicipantresponseblue,correct
10642,Subject319,365,stupid,77,stupid,colorblue,test,num2,typenegative,singlestim,89,458741,1010230,edm,paicipantresponseblue,correct
10938,Subject319,342,stupid,67,stupid,colorred,test,num2,typenegative,singlestim,91,464296,1010250,edc,paicipantresponsered,correct
11234,Subject319,388,alone,67,alone,colorblue,test,num2,typenegative,singlestim,93,469897,1010270,edc,paicipantresponsered,incorrect
11530,Subject319,421,suicide,67,suicide,colorred,test,num2,typesuicide,singlestim,95,475528,1010290,edc,paicipantresponsered,correct
11826,Subject319,350,museum,67,museum,colorred,test,num2,typeneutral,singlestim,97,481087,1010310,edc,paicipantresponsered,correct
12122,Subject319,420,funeral,67,funeral,colorred,test,num2,typesuicide,singlestim,99,486720,1010330,edc,paicipantresponsered,correct
12418,Subject319,381,engine,67,engine,colorred,test,num2,typeneutral,singlestim,101,492315,1010350,edc,paicipantresponsered,correct
12714,Subject319,404,success,77,success,colorblue,test,num2,typepositive,singlestim,103,497933,1010370,edm,paicipantresponseblue,correct
13010,Subject319,349,alone,67,alone,colorred,test,num2,typenegative,singlestim,105,503495,1010390,edc,paicipantresponsered,correct
13306,Subject319,405,museum,77,museum,colorblue,test,num2,typeneutral,singlestim,107,509109,1010410,edm,paicipantresponseblue,correct
13602,Subject319,568,suicide,77,suicide,colorblue,test,num2,typesuicide,singlestim,109,514889,1010430,edm,paicipantresponseblue,correct
13898,Subject319,406,funeral,77,funeral,colorblue,test,num2,typesuicide,singlestim,111,520508,1010450,edm,paicipantresponseblue,correct
14194,Subject319,376,happy,67,happy,colorred,test,num2,typepositive,singlestim,113,526090,1010470,edc,paicipantresponsered,correct