,SubjectID,rt,stimulus,keypress,word,color,block,blocknum,wordtype,trialtype,trialindex,timeelapsed,internalnodeid,keypressed,participantresponse,correctresponse
242,Subject275,453,pleasure,67,pleasure,colorred,test,num1,typepositive,singlestim,19,57555,100010,edc,paicipantresponsered,correct
538,Subject275,392,engine,77,engine,colorblue,test,num1,typeneutral,singlestim,21,63162,100030,edm,paicipantresponseblue,correct
834,Subject275,451,paper,67,paper,colorred,test,num1,typeneutral,singlestim,23,68823,100050,edc,paicipantresponsered,correct
1130,Subject275,385,rejected,67,rejected,colorred,test,num1,typenegative,singlestim,25,74422,100070,edc,paicipantresponsered,correct
1426,Subject275,379,happy,77,happy,colorblue,test,num1,typepositive,singlestim,27,80015,100090,edm,paicipantresponseblue,correct
1722,Subject275,397,museum,67,museum,colorred,test,num1,typeneutral,singlestim,29,85631,1000110,edc,paicipantresponsered,correct
2018,Subject275,401,museum,77,museum,colorblue,test,num1,typeneutral,singlestim,31,91246,1000130,edm,paicipantresponseblue,correct
2314,Subject275,381,alone,77,alone,colorblue,test,num1,typenegative,singlestim,33,96844,1000150,edm,paicipantresponseblue,correct
2610,Subject275,400,dead,77,dead,colorblue,test,num1,typesuicide,singlestim,35,102461,1000170,edm,paicipantresponseblue,correct
2906,Subject275,396,suicide,77,suicide,colorblue,test,num1,typesuicide,singlestim,37,108071,1000190,edm,paicipantresponseblue,correct
3202,Subject275,371,pleasure,77,pleasure,colorblue,test,num1,typepositive,singlestim,39,113656,1000210,edm,paicipantresponseblue,correct
3498,Subject275,409,stupid,67,stupid,colorred,test,num1,typenegative,singlestim,41,119271,1000230,edc,paicipantresponsered,correct
3794,Subject275,400,paper,77,paper,colorblue,test,num1,typeneutral,singlestim,43,124887,1000250,edm,paicipantresponseblue,correct
4090,Subject275,394,success,77,success,colorblue,test,num1,typepositive,singlestim,45,130496,1000270,edm,paicipantresponseblue,correct
4386,Subject275,348,engine,67,engine,colorred,test,num1,typeneutral,singlestim,47,136055,1000290,edc,paicipantresponsered,correct
4682,Subject275,368,rejected,77,rejected,colorblue,test,num1,typenegative,singlestim,49,141637,1000310,edm,paicipantresponseblue,correct
4978,Subject275,360,dead,67,dead,colorred,test,num1,typesuicide,singlestim,51,147214,1000330,edc,paicipantresponsered,correct
5274,Subject275,501,happy,77,happy,colorred,test,num1,typepositive,singlestim,53,152924,1000350,edm,paicipantresponseblue,incorrect
5570,Subject275,410,suicide,67,suicide,colorred,test,num1,typesuicide,singlestim,55,158552,1000370,edc,paicipantresponsered,correct
5866,Subject275,367,funeral,77,funeral,colorblue,test,num1,typesuicide,singlestim,57,164137,1000390,edm,paicipantresponseblue,correct
6162,Subject275,418,alone,67,alone,colorred,test,num1,typenegative,singlestim,59,169771,1000410,edc,paicipantresponsered,correct
6458,Subject275,439,success,67,success,colorred,test,num1,typepositive,singlestim,61,175428,1000430,edc,paicipantresponsered,correct
6754,Subject275,453,funeral,67,funeral,colorred,test,num1,typesuicide,singlestim,63,181095,1000450,edc,paicipantresponsered,correct
7050,Subject275,582,stupid,77,stupid,colorblue,test,num1,typenegative,singlestim,65,186890,1000470,edm,paicipantresponseblue,correct
7346,Subject275,394,funeral,77,funeral,colorblue,test,num2,typesuicide,singlestim,67,192494,101010,edm,paicipantresponseblue,correct
7642,Subject275,532,rejected,67,rejected,colorred,test,num2,typenegative,singlestim,69,198240,101030,edc,paicipantresponsered,correct
7938,Subject275,395,paper,67,paper,colorred,test,num2,typeneutral,singlestim,71,203848,101050,edc,paicipantresponsered,correct
8234,Subject275,419,success,77,success,colorblue,test,num2,typepositive,singlestim,73,209478,101070,edm,paicipantresponseblue,correct
8530,Subject275,381,engine,67,engine,colorred,test,num2,typeneutral,singlestim,75,215070,101090,edc,paicipantresponsered,correct
8826,Subject275,412,alone,77,alone,colorblue,test,num2,typenegative,singlestim,77,220696,1010110,edm,paicipantresponseblue,correct
9122,Subject275,450,funeral,67,funeral,colorred,test,num2,typesuicide,singlestim,79,226363,1010130,edc,paicipantresponsered,correct
9418,Subject275,509,museum,77,museum,colorblue,test,num2,typeneutral,singlestim,81,232084,1010150,edm,paicipantresponseblue,correct
9714,Subject275,457,happy,67,happy,colorred,test,num2,typepositive,singlestim,83,237754,1010170,edc,paicipantresponsered,correct
10010,Subject275,403,rejected,77,rejected,colorblue,test,num2,typenegative,singlestim,85,243371,1010190,edm,paicipantresponseblue,correct
10306,Subject275,380,stupid,77,stupid,colorblue,test,num2,typenegative,singlestim,87,248970,1010210,edm,paicipantresponseblue,correct
10602,Subject275,395,suicide,67,suicide,colorred,test,num2,typesuicide,singlestim,89,254579,1010230,edc,paicipantresponsered,correct
10898,Subject275,437,alone,67,alone,colorred,test,num2,typenegative,singlestim,91,260225,1010250,edc,paicipantresponsered,correct
11194,Subject275,438,dead,77,dead,colorblue,test,num2,typesuicide,singlestim,93,265875,1010270,edm,paicipantresponseblue,correct
11490,Subject275,418,stupid,67,stupid,colorred,test,num2,typenegative,singlestim,95,271505,1010290,edc,paicipantresponsered,correct
11786,Subject275,520,dead,67,dead,colorred,test,num2,typesuicide,singlestim,97,277240,1010310,edc,paicipantresponsered,correct
12082,Subject275,371,pleasure,67,pleasure,colorred,test,num2,typepositive,singlestim,99,282819,1010330,edc,paicipantresponsered,correct
12378,Subject275,398,pleasure,77,pleasure,colorblue,test,num2,typepositive,singlestim,101,288431,1010350,edm,paicipantresponseblue,correct
12674,Subject275,378,engine,77,engine,colorblue,test,num2,typeneutral,singlestim,103,294025,1010370,edm,paicipantresponseblue,correct
12970,Subject275,421,paper,77,paper,colorblue,test,num2,typeneutral,singlestim,105,299658,1010390,edm,paicipantresponseblue,correct
13266,Subject275,429,happy,77,happy,colorblue,test,num2,typepositive,singlestim,107,305298,1010410,edm,paicipantresponseblue,correct
13562,Subject275,413,museum,67,museum,colorred,test,num2,typeneutral,singlestim,109,310924,1010430,edc,paicipantresponsered,correct
13858,Subject275,439,success,67,success,colorred,test,num2,typepositive,singlestim,111,316575,1010450,edc,paicipantresponsered,correct
14154,Subject275,464,suicide,77,suicide,colorblue,test,num2,typesuicide,singlestim,113,322247,1010470,edm,paicipantresponseblue,correct