,SubjectID,rt,stimulus,keypress,word,color,block,blocknum,wordtype,trialtype,trialindex,timeelapsed,internalnodeid,keypressed,participantresponse,correctresponse
248,Subject282,633,paper,77,paper,colorblue,test,num1,typeneutral,singlestim,19,77507,100010,edm,paicipantresponseblue,correct
544,Subject282,420,paper,67,paper,colorred,test,num1,typeneutral,singlestim,21,83137,100030,edc,paicipantresponsered,correct
840,Subject282,1763,funeral,77,funeral,colorblue,test,num1,typesuicide,singlestim,23,90134,100050,edm,paicipantresponseblue,correct
1136,Subject282,424,success,77,success,colorblue,test,num1,typepositive,singlestim,25,95784,100070,edm,paicipantresponseblue,correct
1432,Subject282,484,engine,67,engine,colorred,test,num1,typeneutral,singlestim,27,101503,100090,edc,paicipantresponsered,correct
1728,Subject282,439,suicide,77,suicide,colorblue,test,num1,typesuicide,singlestim,29,107173,1000110,edm,paicipantresponseblue,correct
2024,Subject282,346,alone,67,alone,colorred,test,num1,typenegative,singlestim,31,112734,1000130,edc,paicipantresponsered,correct
2320,Subject282,497,museum,67,museum,colorred,test,num1,typeneutral,singlestim,33,118465,1000150,edc,paicipantresponsered,correct
2616,Subject282,357,dead,77,dead,colorblue,test,num1,typesuicide,singlestim,35,124044,1000170,edm,paicipantresponseblue,correct
2912,Subject282,417,pleasure,77,pleasure,colorblue,test,num1,typepositive,singlestim,37,129694,1000190,edm,paicipantresponseblue,correct
3208,Subject282,324,rejected,67,rejected,colorred,test,num1,typenegative,singlestim,39,135244,1000210,edc,paicipantresponsered,correct
3504,Subject282,317,rejected,77,rejected,colorblue,test,num1,typenegative,singlestim,41,140784,1000230,edm,paicipantresponseblue,correct
3800,Subject282,459,engine,77,engine,colorblue,test,num1,typeneutral,singlestim,43,146463,1000250,edm,paicipantresponseblue,correct
4096,Subject282,384,funeral,67,funeral,colorred,test,num1,typesuicide,singlestim,45,152084,1000270,edc,paicipantresponsered,correct
4392,Subject282,399,pleasure,67,pleasure,colorred,test,num1,typepositive,singlestim,47,157713,1000290,edc,paicipantresponsered,correct
4688,Subject282,330,happy,77,happy,colorblue,test,num1,typepositive,singlestim,49,163263,1000310,edm,paicipantresponseblue,correct
4984,Subject282,515,suicide,67,suicide,colorred,test,num1,typesuicide,singlestim,51,169014,1000330,edc,paicipantresponsered,correct
5280,Subject282,402,dead,67,dead,colorred,test,num1,typesuicide,singlestim,53,174664,1000350,edc,paicipantresponsered,correct
5576,Subject282,448,stupid,67,stupid,colorred,test,num1,typenegative,singlestim,55,180344,1000370,edc,paicipantresponsered,correct
5872,Subject282,384,alone,77,alone,colorblue,test,num1,typenegative,singlestim,57,185974,1000390,edm,paicipantresponseblue,correct
6168,Subject282,510,success,67,success,colorred,test,num1,typepositive,singlestim,59,191714,1000410,edc,paicipantresponsered,correct
6464,Subject282,511,stupid,77,stupid,colorblue,test,num1,typenegative,singlestim,61,197454,1000430,edm,paicipantresponseblue,correct
6760,Subject282,505,happy,67,happy,colorred,test,num1,typepositive,singlestim,63,203183,1000450,edc,paicipantresponsered,correct
7056,Subject282,418,museum,77,museum,colorblue,test,num1,typeneutral,singlestim,65,208834,1000470,edm,paicipantresponseblue,correct
7352,Subject282,348,rejected,77,rejected,colorblue,test,num2,typenegative,singlestim,67,214404,101010,edm,paicipantresponseblue,correct
7648,Subject282,308,success,67,success,colorred,test,num2,typepositive,singlestim,69,219933,101030,edc,paicipantresponsered,correct
7944,Subject282,415,suicide,67,suicide,colorred,test,num2,typesuicide,singlestim,71,225594,101050,edc,paicipantresponsered,correct
8240,Subject282,429,museum,67,museum,colorred,test,num2,typeneutral,singlestim,73,231264,101070,edc,paicipantresponsered,correct
8536,Subject282,341,paper,77,paper,colorblue,test,num2,typeneutral,singlestim,75,236834,101090,edm,paicipantresponseblue,correct
8832,Subject282,344,alone,67,alone,colorred,test,num2,typenegative,singlestim,77,242404,1010110,edc,paicipantresponsered,correct
9128,Subject282,303,engine,77,engine,colorblue,test,num2,typeneutral,singlestim,79,247934,1010130,edm,paicipantresponseblue,correct
9424,Subject282,333,engine,67,engine,colorred,test,num2,typeneutral,singlestim,81,253483,1010150,edc,paicipantresponsered,correct
9720,Subject282,305,happy,77,happy,colorblue,test,num2,typepositive,singlestim,83,259014,1010170,edm,paicipantresponseblue,correct
10016,Subject282,580,stupid,67,stupid,colorred,test,num2,typenegative,singlestim,85,264823,1010190,edc,paicipantresponsered,correct
10312,Subject282,388,alone,77,alone,colorblue,test,num2,typenegative,singlestim,87,270435,1010210,edm,paicipantresponseblue,correct
10608,Subject282,520,stupid,77,stupid,colorblue,test,num2,typenegative,singlestim,89,276176,1010230,edm,paicipantresponseblue,correct
10904,Subject282,305,funeral,67,funeral,colorred,test,num2,typesuicide,singlestim,91,281705,1010250,edc,paicipantresponsered,correct
11200,Subject282,318,funeral,77,funeral,colorblue,test,num2,typesuicide,singlestim,93,287245,1010270,edm,paicipantresponseblue,correct
11496,Subject282,409,suicide,77,suicide,colorblue,test,num2,typesuicide,singlestim,95,292875,1010290,edm,paicipantresponseblue,correct
11792,Subject282,322,happy,67,happy,colorred,test,num2,typepositive,singlestim,97,298426,1010310,edc,paicipantresponsered,correct
12088,Subject282,317,rejected,67,rejected,colorred,test,num2,typenegative,singlestim,99,303985,1010330,edc,paicipantresponsered,correct
12384,Subject282,494,pleasure,67,pleasure,colorred,test,num2,typepositive,singlestim,101,309705,1010350,edc,paicipantresponsered,correct
12680,Subject282,523,pleasure,77,pleasure,colorblue,test,num2,typepositive,singlestim,103,315456,1010370,edm,paicipantresponseblue,correct
12976,Subject282,460,dead,77,dead,colorblue,test,num2,typesuicide,singlestim,105,321146,1010390,edm,paicipantresponseblue,correct
13272,Subject282,313,paper,67,paper,colorred,test,num2,typeneutral,singlestim,107,326685,1010410,edc,paicipantresponsered,correct
13568,Subject282,324,dead,67,dead,colorred,test,num2,typesuicide,singlestim,109,332235,1010430,edc,paicipantresponsered,correct
13864,Subject282,571,success,77,success,colorblue,test,num2,typepositive,singlestim,111,338024,1010450,edm,paicipantresponseblue,correct
14160,Subject282,441,museum,77,museum,colorblue,test,num2,typeneutral,singlestim,113,343694,1010470,edm,paicipantresponseblue,correct