,SubjectID,rt,stimulus,keypress,word,color,block,blocknum,wordtype,trialtype,trialindex,timeelapsed,internalnodeid,keypressed,participantresponse,correctresponse
21,Subject22,paper,77,paper,colorblue,test,num1,typeneutral,singlestim,19,98819,100010,edm,paicipantresponseblue,correct,300
317,Subject22,funeral,77,funeral,colorblue,test,num1,typesuicide,singlestim,21,104323,100030,edm,paicipantresponseblue,correct,298
613,Subject22,alone,67,alone,colorred,test,num1,typenegative,singlestim,23,109829,100050,edc,paicipantresponsered,correct,322
909,Subject22,dead,67,dead,colorred,test,num1,typesuicide,singlestim,25,115356,100070,edc,paicipantresponsered,correct,269
1205,Subject22,alone,67,alone,colorblue,test,num1,typenegative,singlestim,27,120829,100090,edc,paicipantresponsered,incorrect,404
1501,Subject22,rejected,67,rejected,colorred,test,num1,typenegative,singlestim,29,126439,1000110,edc,paicipantresponsered,correct,435
1797,Subject22,stupid,77,stupid,colorblue,test,num1,typenegative,singlestim,31,132080,1000130,edm,paicipantresponseblue,correct,447
2093,Subject22,suicide,67,suicide,colorred,test,num1,typesuicide,singlestim,33,137739,1000150,edc,paicipantresponsered,correct,397
2389,Subject22,funeral,67,funeral,colorred,test,num1,typesuicide,singlestim,35,143343,1000170,edc,paicipantresponsered,correct,358
2685,Subject22,dead,77,dead,colorblue,test,num1,typesuicide,singlestim,37,148908,1000190,edm,paicipantresponseblue,correct,342
2981,Subject22,engine,77,engine,colorblue,test,num1,typeneutral,singlestim,39,154458,1000210,edm,paicipantresponseblue,correct,339
3277,Subject22,paper,67,paper,colorred,test,num1,typeneutral,singlestim,41,160002,1000230,edc,paicipantresponsered,correct,380
3573,Subject22,engine,67,engine,colorred,test,num1,typeneutral,singlestim,43,165588,1000250,edc,paicipantresponsered,correct,305
3869,Subject22,happy,77,happy,colorblue,test,num1,typepositive,singlestim,45,171098,1000270,edm,paicipantresponseblue,correct,320
4165,Subject22,pleasure,77,pleasure,colorblue,test,num1,typepositive,singlestim,47,176625,1000290,edm,paicipantresponseblue,correct,387
4461,Subject22,success,77,success,colorblue,test,num1,typepositive,singlestim,49,182218,1000310,edm,paicipantresponseblue,correct,293
4757,Subject22,happy,67,happy,colorred,test,num1,typepositive,singlestim,51,187715,1000330,edc,paicipantresponsered,correct,458
5053,Subject22,museum,67,museum,colorred,test,num1,typeneutral,singlestim,53,193379,1000350,edc,paicipantresponsered,correct,372
5349,Subject22,success,67,success,colorred,test,num1,typepositive,singlestim,55,198957,1000370,edc,paicipantresponsered,correct,301
5645,Subject22,suicide,77,suicide,colorblue,test,num1,typesuicide,singlestim,57,204463,1000390,edm,paicipantresponseblue,correct,375
5941,Subject22,museum,77,museum,colorblue,test,num1,typeneutral,singlestim,59,210042,1000410,edm,paicipantresponseblue,correct,348
6237,Subject22,stupid,67,stupid,colorred,test,num1,typenegative,singlestim,61,215595,1000430,edc,paicipantresponsered,correct,356
6533,Subject22,rejected,77,rejected,colorblue,test,num1,typenegative,singlestim,63,221157,1000450,edm,paicipantresponseblue,correct,365
6829,Subject22,pleasure,67,pleasure,colorred,test,num1,typepositive,singlestim,65,226728,1000470,edc,paicipantresponsered,correct,495
7125,Subject22,alone,67,alone,colorred,test,num2,typenegative,singlestim,67,232431,101010,edc,paicipantresponsered,correct,330
7421,Subject22,pleasure,77,pleasure,colorblue,test,num2,typepositive,singlestim,69,237969,101030,edm,paicipantresponseblue,correct,363
7717,Subject22,alone,77,alone,colorblue,test,num2,typenegative,singlestim,71,243538,101050,edm,paicipantresponseblue,correct,274
8013,Subject22,pleasure,67,pleasure,colorred,test,num2,typepositive,singlestim,73,249018,101070,edc,paicipantresponsered,correct,361
8309,Subject22,rejected,77,rejected,colorblue,test,num2,typenegative,singlestim,75,254584,101090,edm,paicipantresponseblue,correct,359
8605,Subject22,dead,77,dead,colorblue,test,num2,typesuicide,singlestim,77,260151,1010110,edm,paicipantresponseblue,correct,380
8901,Subject22,success,77,success,colorblue,test,num2,typepositive,singlestim,79,265734,1010130,edm,paicipantresponseblue,correct,477
9197,Subject22,suicide,67,suicide,colorred,test,num2,typesuicide,singlestim,81,271417,1010150,edc,paicipantresponsered,correct,404
9493,Subject22,happy,67,happy,colorred,test,num2,typepositive,singlestim,83,277026,1010170,edc,paicipantresponsered,correct,389
9789,Subject22,rejected,67,rejected,colorred,test,num2,typenegative,singlestim,85,282620,1010190,edc,paicipantresponsered,correct,329
10085,Subject22,funeral,77,funeral,colorblue,test,num2,typesuicide,singlestim,87,288155,1010210,edm,paicipantresponseblue,correct,357
10381,Subject22,museum,67,museum,colorred,test,num2,typeneutral,singlestim,89,293718,1010230,edc,paicipantresponsered,correct,386
10677,Subject22,paper,67,paper,colorred,test,num2,typeneutral,singlestim,91,299310,1010250,edc,paicipantresponsered,correct,355
10973,Subject22,museum,77,museum,colorblue,test,num2,typeneutral,singlestim,93,304870,1010270,edm,paicipantresponseblue,correct,303
11269,Subject22,funeral,67,funeral,colorred,test,num2,typesuicide,singlestim,95,310378,1010290,edc,paicipantresponsered,correct,398
11565,Subject22,dead,67,dead,colorred,test,num2,typesuicide,singlestim,97,315983,1010310,edc,paicipantresponsered,correct,427
11861,Subject22,suicide,77,suicide,colorblue,test,num2,typesuicide,singlestim,99,321616,1010330,edm,paicipantresponseblue,correct,708
12157,Subject22,success,67,success,colorred,test,num2,typepositive,singlestim,101,327532,1010350,edc,paicipantresponsered,correct,377
12453,Subject22,paper,77,paper,colorblue,test,num2,typeneutral,singlestim,103,333116,1010370,edm,paicipantresponseblue,correct,418
12749,Subject22,happy,77,happy,colorblue,test,num2,typepositive,singlestim,105,338739,1010390,edm,paicipantresponseblue,correct,353
13045,Subject22,stupid,67,stupid,colorred,test,num2,typenegative,singlestim,107,344299,1010410,edc,paicipantresponsered,correct,326
13341,Subject22,engine,77,engine,colorblue,test,num2,typeneutral,singlestim,109,349831,1010430,edm,paicipantresponseblue,correct,454
13637,Subject22,engine,67,engine,colorred,test,num2,typeneutral,singlestim,111,355491,1010450,edc,paicipantresponsered,correct,311
13933,Subject22,stupid,77,stupid,colorblue,test,num2,typenegative,singlestim,113,361010,1010470,edm,paicipantresponseblue,correct,1001