,SubjectID,rt,stimulus,keypress,word,color,block,blocknum,wordtype,trialtype,trialindex,timeelapsed,internalnodeid,keypressed,participantresponse,correctresponse
280,Subject317,1,alone,1,alone,colorred,test,num1,typenegative,singlestim,19,101409,100010,ed,,incorrect
576,Subject317,1,museum,1,museum,colorred,test,num1,typeneutral,singlestim,21,110859,100030,ed,,incorrect
872,Subject317,1,pleasure,1,pleasure,colorblue,test,num1,typepositive,singlestim,23,118066,100050,ed,,incorrect
1168,Subject317,855,stupid,77,stupid,colorblue,test,num1,typenegative,singlestim,25,124127,100070,edm,paicipantresponseblue,correct
1464,Subject317,548,happy,67,happy,colorred,test,num1,typepositive,singlestim,27,129881,100090,edc,paicipantresponsered,correct
1760,Subject317,1162,stupid,67,stupid,colorred,test,num1,typenegative,singlestim,29,136248,1000110,edc,paicipantresponsered,correct
2056,Subject317,1036,funeral,77,funeral,colorblue,test,num1,typesuicide,singlestim,31,142489,1000130,edm,paicipantresponseblue,correct
2352,Subject317,1540,suicide,77,suicide,colorblue,test,num1,typesuicide,singlestim,33,149236,1000150,edm,paicipantresponseblue,correct
2648,Subject317,413,happy,77,happy,colorblue,test,num1,typepositive,singlestim,35,154855,1000170,edm,paicipantresponseblue,correct
2944,Subject317,533,engine,77,engine,colorblue,test,num1,typeneutral,singlestim,37,160593,1000190,edm,paicipantresponseblue,correct
3240,Subject317,473,paper,77,paper,colorblue,test,num1,typeneutral,singlestim,39,166272,1000210,edm,paicipantresponseblue,correct
3536,Subject317,452,pleasure,67,pleasure,colorred,test,num1,typepositive,singlestim,41,171930,1000230,edc,paicipantresponsered,correct
3832,Subject317,597,dead,67,dead,colorred,test,num1,typesuicide,singlestim,43,177734,1000250,edc,paicipantresponsered,correct
4128,Subject317,803,success,77,success,colorblue,test,num1,typepositive,singlestim,45,183743,1000270,edm,paicipantresponseblue,correct
4424,Subject317,1195,funeral,67,funeral,colorred,test,num1,typesuicide,singlestim,47,190144,1000290,edc,paicipantresponsered,correct
4720,Subject317,728,suicide,67,suicide,colorred,test,num1,typesuicide,singlestim,49,196078,1000310,edc,paicipantresponsered,correct
5016,Subject317,744,museum,77,museum,colorblue,test,num1,typeneutral,singlestim,51,202028,1000330,edm,paicipantresponseblue,correct
5312,Subject317,1050,rejected,77,rejected,colorblue,test,num1,typenegative,singlestim,53,208284,1000350,edm,paicipantresponseblue,correct
5608,Subject317,696,paper,67,paper,colorred,test,num1,typeneutral,singlestim,55,214187,1000370,edc,paicipantresponsered,correct
5904,Subject317,915,alone,77,alone,colorblue,test,num1,typenegative,singlestim,57,220308,1000390,edm,paicipantresponseblue,correct
6200,Subject317,1007,rejected,67,rejected,colorred,test,num1,typenegative,singlestim,59,226521,1000410,edc,paicipantresponsered,correct
6496,Subject317,774,success,67,success,colorred,test,num1,typepositive,singlestim,61,232502,1000430,edc,paicipantresponsered,correct
6792,Subject317,1005,engine,67,engine,colorred,test,num1,typeneutral,singlestim,63,238713,1000450,edc,paicipantresponsered,correct
7088,Subject317,640,dead,77,dead,colorblue,test,num1,typesuicide,singlestim,65,244559,1000470,edm,paicipantresponseblue,correct
7384,Subject317,663,funeral,77,funeral,colorblue,test,num2,typesuicide,singlestim,67,250428,101010,edm,paicipantresponseblue,correct
7680,Subject317,995,engine,77,engine,colorblue,test,num2,typeneutral,singlestim,69,256629,101030,edm,paicipantresponseblue,correct
7976,Subject317,761,paper,77,paper,colorblue,test,num2,typeneutral,singlestim,71,262596,101050,edm,paicipantresponseblue,correct
8272,Subject317,687,suicide,67,suicide,colorred,test,num2,typesuicide,singlestim,73,268489,101070,edc,paicipantresponsered,correct
8568,Subject317,875,suicide,67,suicide,colorblue,test,num2,typesuicide,singlestim,75,274570,101090,edc,paicipantresponsered,incorrect
8864,Subject317,1700,museum,67,museum,colorred,test,num2,typeneutral,singlestim,77,281477,1010110,edc,paicipantresponsered,correct
9160,Subject317,1139,success,67,success,colorred,test,num2,typepositive,singlestim,79,287821,1010130,edc,paicipantresponsered,correct
9456,Subject317,1120,alone,67,alone,colorred,test,num2,typenegative,singlestim,81,294146,1010150,edc,paicipantresponsered,correct
9752,Subject317,789,happy,77,happy,colorblue,test,num2,typepositive,singlestim,83,300142,1010170,edm,paicipantresponseblue,correct
10048,Subject317,959,rejected,67,rejected,colorred,test,num2,typenegative,singlestim,85,306307,1010190,edc,paicipantresponsered,correct
10344,Subject317,1513,museum,77,museum,colorblue,test,num2,typeneutral,singlestim,87,313027,1010210,edm,paicipantresponseblue,correct
10640,Subject317,1016,happy,67,happy,colorred,test,num2,typepositive,singlestim,89,319248,1010230,edc,paicipantresponsered,correct
10936,Subject317,888,pleasure,77,pleasure,colorblue,test,num2,typepositive,singlestim,91,325342,1010250,edm,paicipantresponseblue,correct
11232,Subject317,1138,rejected,77,rejected,colorblue,test,num2,typenegative,singlestim,93,331685,1010270,edm,paicipantresponseblue,correct
11528,Subject317,1087,pleasure,67,pleasure,colorred,test,num2,typepositive,singlestim,95,337979,1010290,edc,paicipantresponsered,correct
11824,Subject317,917,dead,67,dead,colorred,test,num2,typesuicide,singlestim,97,344100,1010310,edc,paicipantresponsered,correct
12120,Subject317,869,dead,77,dead,colorblue,test,num2,typesuicide,singlestim,99,350175,1010330,edm,paicipantresponseblue,correct
12416,Subject317,820,stupid,77,stupid,colorblue,test,num2,typenegative,singlestim,101,356201,1010350,edm,paicipantresponseblue,correct
12712,Subject317,1311,engine,67,engine,colorred,test,num2,typeneutral,singlestim,103,362718,1010370,edc,paicipantresponsered,correct
13008,Subject317,893,alone,77,alone,colorblue,test,num2,typenegative,singlestim,105,368818,1010390,edm,paicipantresponseblue,correct
13304,Subject317,1382,paper,67,paper,colorred,test,num2,typeneutral,singlestim,107,375405,1010410,edc,paicipantresponsered,correct
13600,Subject317,1,funeral,1,funeral,colorred,test,num2,typesuicide,singlestim,109,382613,1010430,ed,,incorrect
13896,Subject317,852,success,77,success,colorblue,test,num2,typepositive,singlestim,111,388671,1010450,edm,paicipantresponseblue,correct
14192,Subject317,840,stupid,67,stupid,colorred,test,num2,typenegative,singlestim,113,394716,1010470,edc,paicipantresponsered,correct