,SubjectID,rt,stimulus,keypress,word,color,block,blocknum,wordtype,trialtype,trialindex,timeelapsed,internalnodeid,keypressed,participantresponse,correctresponse
129,Subject139,1042,happy,77,happy,colorblue,test,num1,typepositive,singlestim,19,81509,100010,edm,paicipantresponseblue,correct
425,Subject139,468,dead,67,dead,colorred,test,num1,typesuicide,singlestim,21,87187,100030,edc,paicipantresponsered,correct
721,Subject139,461,pleasure,77,pleasure,colorblue,test,num1,typepositive,singlestim,23,92862,100050,edm,paicipantresponseblue,correct
1017,Subject139,584,rejected,77,rejected,colorblue,test,num1,typenegative,singlestim,25,98655,100070,edm,paicipantresponseblue,correct
1313,Subject139,780,alone,77,alone,colorblue,test,num1,typenegative,singlestim,27,104644,100090,edm,paicipantresponseblue,correct
1609,Subject139,666,alone,67,alone,colorred,test,num1,typenegative,singlestim,29,110522,1000110,edc,paicipantresponsered,correct
1905,Subject139,560,museum,77,museum,colorblue,test,num1,typeneutral,singlestim,31,116293,1000130,edm,paicipantresponseblue,correct
2201,Subject139,854,suicide,77,suicide,colorblue,test,num1,typesuicide,singlestim,33,122357,1000150,edm,paicipantresponseblue,correct
2497,Subject139,666,success,67,success,colorred,test,num1,typepositive,singlestim,35,128236,1000170,edc,paicipantresponsered,correct
2793,Subject139,769,pleasure,67,pleasure,colorred,test,num1,typepositive,singlestim,37,134217,1000190,edc,paicipantresponsered,correct
3089,Subject139,1,success,1,success,colorblue,test,num1,typepositive,singlestim,39,141429,1000210,ed,,incorrect
3385,Subject139,872,stupid,77,stupid,colorblue,test,num1,typenegative,singlestim,41,147515,1000230,edm,paicipantresponseblue,correct
3681,Subject139,521,engine,67,engine,colorred,test,num1,typeneutral,singlestim,43,153245,1000250,edc,paicipantresponsered,correct
3977,Subject139,493,engine,77,engine,colorblue,test,num1,typeneutral,singlestim,45,158951,1000270,edm,paicipantresponseblue,correct
4273,Subject139,908,paper,67,paper,colorred,test,num1,typeneutral,singlestim,47,165073,1000290,edc,paicipantresponsered,correct
4569,Subject139,698,rejected,67,rejected,colorred,test,num1,typenegative,singlestim,49,170981,1000310,edc,paicipantresponsered,correct
4865,Subject139,633,stupid,67,stupid,colorred,test,num1,typenegative,singlestim,51,176824,1000330,edc,paicipantresponsered,correct
5161,Subject139,581,suicide,67,suicide,colorred,test,num1,typesuicide,singlestim,53,182617,1000350,edc,paicipantresponsered,correct
5457,Subject139,489,funeral,77,funeral,colorblue,test,num1,typesuicide,singlestim,55,188319,1000370,edm,paicipantresponseblue,correct
5753,Subject139,781,dead,77,dead,colorblue,test,num1,typesuicide,singlestim,57,194309,1000390,edm,paicipantresponseblue,correct
6049,Subject139,724,funeral,67,funeral,colorred,test,num1,typesuicide,singlestim,59,200242,1000410,edc,paicipantresponsered,correct
6345,Subject139,779,happy,67,happy,colorred,test,num1,typepositive,singlestim,61,206234,1000430,edc,paicipantresponsered,correct
6641,Subject139,605,museum,67,museum,colorred,test,num1,typeneutral,singlestim,63,212052,1000450,edc,paicipantresponsered,correct
6937,Subject139,613,paper,77,paper,colorblue,test,num1,typeneutral,singlestim,65,217874,1000470,edm,paicipantresponseblue,correct
7233,Subject139,984,stupid,77,stupid,colorblue,test,num2,typenegative,singlestim,67,224068,101010,edm,paicipantresponseblue,correct
7529,Subject139,538,engine,67,engine,colorred,test,num2,typeneutral,singlestim,69,229817,101030,edc,paicipantresponsered,correct
7825,Subject139,975,pleasure,67,pleasure,colorred,test,num2,typepositive,singlestim,71,236005,101050,edc,paicipantresponsered,correct
8121,Subject139,861,success,67,success,colorred,test,num2,typepositive,singlestim,73,242076,101070,edc,paicipantresponsered,correct
8417,Subject139,634,funeral,77,funeral,colorblue,test,num2,typesuicide,singlestim,75,247921,101090,edm,paicipantresponseblue,correct
8713,Subject139,1143,dead,77,dead,colorblue,test,num2,typesuicide,singlestim,77,254275,1010110,edm,paicipantresponseblue,correct
9009,Subject139,1674,stupid,67,stupid,colorred,test,num2,typenegative,singlestim,79,261161,1010130,edc,paicipantresponsered,correct
9305,Subject139,671,paper,67,paper,colorred,test,num2,typeneutral,singlestim,81,267042,1010150,edc,paicipantresponsered,correct
9601,Subject139,653,alone,67,alone,colorred,test,num2,typenegative,singlestim,83,272904,1010170,edc,paicipantresponsered,correct
9897,Subject139,550,museum,77,museum,colorblue,test,num2,typeneutral,singlestim,85,278664,1010190,edm,paicipantresponseblue,correct
10193,Subject139,496,alone,77,alone,colorblue,test,num2,typenegative,singlestim,87,284373,1010210,edm,paicipantresponseblue,correct
10489,Subject139,879,funeral,67,funeral,colorred,test,num2,typesuicide,singlestim,89,290462,1010230,edc,paicipantresponsered,correct
10785,Subject139,1201,paper,77,paper,colorblue,test,num2,typeneutral,singlestim,91,296873,1010250,edm,paicipantresponseblue,correct
11081,Subject139,941,suicide,77,suicide,colorblue,test,num2,typesuicide,singlestim,93,303026,1010270,edm,paicipantresponseblue,correct
11377,Subject139,962,engine,77,engine,colorblue,test,num2,typeneutral,singlestim,95,309199,1010290,edm,paicipantresponseblue,correct
11673,Subject139,490,happy,67,happy,colorred,test,num2,typepositive,singlestim,97,314899,1010310,edc,paicipantresponsered,correct
11969,Subject139,575,museum,67,museum,colorred,test,num2,typeneutral,singlestim,99,320682,1010330,edc,paicipantresponsered,correct
12265,Subject139,674,pleasure,77,pleasure,colorblue,test,num2,typepositive,singlestim,101,326569,1010350,edm,paicipantresponseblue,correct
12561,Subject139,462,happy,77,happy,colorblue,test,num2,typepositive,singlestim,103,332242,1010370,edm,paicipantresponseblue,correct
12857,Subject139,1033,success,77,success,colorblue,test,num2,typepositive,singlestim,105,338483,1010390,edm,paicipantresponseblue,correct
13153,Subject139,497,dead,67,dead,colorred,test,num2,typesuicide,singlestim,107,344192,1010410,edc,paicipantresponsered,correct
13449,Subject139,364,rejected,67,rejected,colorred,test,num2,typenegative,singlestim,109,349765,1010430,edc,paicipantresponsered,correct
13745,Subject139,930,rejected,77,rejected,colorblue,test,num2,typenegative,singlestim,111,355910,1010450,edm,paicipantresponseblue,correct
14041,Subject139,697,suicide,67,suicide,colorred,test,num2,typesuicide,singlestim,113,361816,1010470,edc,paicipantresponsered,correct