,SubjectID,rt,stimulus,keypress,word,color,block,blocknum,wordtype,trialtype,trialindex,timeelapsed,internalnodeid,keypressed,participantresponse,correctresponse
131,Subject141,572,happy,77,happy,colorblue,test,num1,typepositive,singlestim,19,117688,100010,edm,paicipantresponseblue,correct
427,Subject141,559,paper,77,paper,colorblue,test,num1,typeneutral,singlestim,21,123452,100030,edm,paicipantresponseblue,correct
723,Subject141,508,pleasure,77,pleasure,colorblue,test,num1,typepositive,singlestim,23,129164,100050,edm,paicipantresponseblue,correct
1019,Subject141,348,funeral,67,funeral,colorred,test,num1,typesuicide,singlestim,25,134716,100070,edc,paicipantresponsered,correct
1315,Subject141,331,dead,77,dead,colorred,test,num1,typesuicide,singlestim,27,140252,100090,edm,paicipantresponseblue,incorrect
1611,Subject141,443,rejected,77,rejected,colorblue,test,num1,typenegative,singlestim,29,145899,1000110,edm,paicipantresponseblue,correct
1907,Subject141,646,museum,77,museum,colorblue,test,num1,typeneutral,singlestim,31,151750,1000130,edm,paicipantresponseblue,correct
2203,Subject141,599,suicide,77,suicide,colorblue,test,num1,typesuicide,singlestim,33,157552,1000150,edm,paicipantresponseblue,correct
2499,Subject141,387,alone,67,alone,colorred,test,num1,typenegative,singlestim,35,163147,1000170,edc,paicipantresponsered,correct
2795,Subject141,448,funeral,77,funeral,colorblue,test,num1,typesuicide,singlestim,37,168800,1000190,edm,paicipantresponseblue,correct
3091,Subject141,552,rejected,67,rejected,colorred,test,num1,typenegative,singlestim,39,174556,1000210,edc,paicipantresponsered,correct
3387,Subject141,581,happy,67,happy,colorred,test,num1,typepositive,singlestim,41,180341,1000230,edc,paicipantresponsered,correct
3683,Subject141,434,engine,77,engine,colorblue,test,num1,typeneutral,singlestim,43,185981,1000250,edm,paicipantresponseblue,correct
3979,Subject141,419,stupid,77,stupid,colorblue,test,num1,typenegative,singlestim,45,191604,1000270,edm,paicipantresponseblue,correct
4275,Subject141,359,success,67,success,colorred,test,num1,typepositive,singlestim,47,197169,1000290,edc,paicipantresponsered,correct
4571,Subject141,585,pleasure,67,pleasure,colorred,test,num1,typepositive,singlestim,49,202958,1000310,edc,paicipantresponsered,correct
4867,Subject141,468,success,77,success,colorblue,test,num1,typepositive,singlestim,51,208630,1000330,edm,paicipantresponseblue,correct
5163,Subject141,527,museum,67,museum,colorred,test,num1,typeneutral,singlestim,53,214362,1000350,edc,paicipantresponsered,correct
5459,Subject141,644,engine,67,engine,colorred,test,num1,typeneutral,singlestim,55,220213,1000370,edc,paicipantresponsered,correct
5755,Subject141,404,dead,77,dead,colorblue,test,num1,typesuicide,singlestim,57,225819,1000390,edm,paicipantresponseblue,correct
6051,Subject141,545,paper,67,paper,colorred,test,num1,typeneutral,singlestim,59,231568,1000410,edc,paicipantresponsered,correct
6347,Subject141,583,suicide,67,suicide,colorred,test,num1,typesuicide,singlestim,61,237355,1000430,edc,paicipantresponsered,correct
6643,Subject141,435,stupid,67,stupid,colorred,test,num1,typenegative,singlestim,63,242994,1000450,edc,paicipantresponsered,correct
6939,Subject141,509,alone,77,alone,colorblue,test,num1,typenegative,singlestim,65,248707,1000470,edm,paicipantresponseblue,correct
7235,Subject141,771,stupid,77,stupid,colorblue,test,num2,typenegative,singlestim,67,254684,101010,edm,paicipantresponseblue,correct
7531,Subject141,616,museum,77,museum,colorblue,test,num2,typeneutral,singlestim,69,260504,101030,edm,paicipantresponseblue,correct
7827,Subject141,759,dead,67,dead,colorred,test,num2,typesuicide,singlestim,71,266466,101050,edc,paicipantresponsered,correct
8123,Subject141,617,alone,77,alone,colorblue,test,num2,typenegative,singlestim,73,272288,101070,edm,paicipantresponseblue,correct
8419,Subject141,680,success,77,success,colorblue,test,num2,typepositive,singlestim,75,278171,101090,edm,paicipantresponseblue,correct
8715,Subject141,824,success,67,success,colorred,test,num2,typepositive,singlestim,77,284201,1010110,edc,paicipantresponsered,correct
9011,Subject141,602,happy,67,happy,colorred,test,num2,typepositive,singlestim,79,290007,1010130,edc,paicipantresponsered,correct
9307,Subject141,535,museum,67,museum,colorred,test,num2,typeneutral,singlestim,81,295747,1010150,edc,paicipantresponsered,correct
9603,Subject141,637,suicide,77,suicide,colorblue,test,num2,typesuicide,singlestim,83,301589,1010170,edm,paicipantresponseblue,correct
9899,Subject141,724,pleasure,77,pleasure,colorblue,test,num2,typepositive,singlestim,85,307517,1010190,edm,paicipantresponseblue,correct
10195,Subject141,536,funeral,67,funeral,colorred,test,num2,typesuicide,singlestim,87,313257,1010210,edc,paicipantresponsered,correct
10491,Subject141,393,rejected,77,rejected,colorblue,test,num2,typenegative,singlestim,89,318856,1010230,edm,paicipantresponseblue,correct
10787,Subject141,483,happy,77,happy,colorblue,test,num2,typepositive,singlestim,91,324544,1010250,edm,paicipantresponseblue,correct
11083,Subject141,724,dead,77,dead,colorblue,test,num2,typesuicide,singlestim,93,330473,1010270,edm,paicipantresponseblue,correct
11379,Subject141,425,alone,67,alone,colorred,test,num2,typenegative,singlestim,95,336108,1010290,edc,paicipantresponsered,correct
11675,Subject141,899,paper,67,paper,colorred,test,num2,typeneutral,singlestim,97,342213,1010310,edc,paicipantresponsered,correct
11971,Subject141,694,pleasure,67,pleasure,colorred,test,num2,typepositive,singlestim,99,348112,1010330,edc,paicipantresponsered,correct
12267,Subject141,648,engine,77,engine,colorblue,test,num2,typeneutral,singlestim,101,353964,1010350,edm,paicipantresponseblue,correct
12563,Subject141,708,rejected,67,rejected,colorred,test,num2,typenegative,singlestim,103,359878,1010370,edc,paicipantresponsered,correct
12859,Subject141,544,paper,77,paper,colorblue,test,num2,typeneutral,singlestim,105,365626,1010390,edm,paicipantresponseblue,correct
13155,Subject141,728,suicide,67,suicide,colorred,test,num2,typesuicide,singlestim,107,371559,1010410,edc,paicipantresponsered,correct
13451,Subject141,587,stupid,67,stupid,colorred,test,num2,typenegative,singlestim,109,377350,1010430,edc,paicipantresponsered,correct
13747,Subject141,575,funeral,77,funeral,colorblue,test,num2,typesuicide,singlestim,111,383130,1010450,edm,paicipantresponseblue,correct
14043,Subject141,634,engine,67,engine,colorred,test,num2,typeneutral,singlestim,113,388970,1010470,edc,paicipantresponsered,correct