,SubjectID,rt,stimulus,keypress,word,color,block,blocknum,wordtype,trialtype,trialindex,timeelapsed,internalnodeid,keypressed,participantresponse,correctresponse
46,Subject47,402,paper,67,paper,colorred,test,num1,typeneutral,singlestim,19,79596,100010,edc,paicipantresponsered,correct
342,Subject47,489,success,67,success,colorred,test,num1,typepositive,singlestim,21,85293,100030,edc,paicipantresponsered,correct
638,Subject47,425,happy,77,happy,colorblue,test,num1,typepositive,singlestim,23,90925,100050,edm,paicipantresponseblue,correct
934,Subject47,562,happy,67,happy,colorred,test,num1,typepositive,singlestim,25,96692,100070,edc,paicipantresponsered,correct
1230,Subject47,455,engine,67,engine,colorred,test,num1,typeneutral,singlestim,27,102354,100090,edc,paicipantresponsered,correct
1526,Subject47,484,rejected,67,rejected,colorred,test,num1,typenegative,singlestim,29,108044,1000110,edc,paicipantresponsered,correct
1822,Subject47,443,suicide,77,suicide,colorblue,test,num1,typesuicide,singlestim,31,113692,1000130,edm,paicipantresponseblue,correct
2118,Subject47,472,museum,77,museum,colorblue,test,num1,typeneutral,singlestim,33,119369,1000150,edm,paicipantresponseblue,correct
2414,Subject47,462,stupid,67,stupid,colorred,test,num1,typenegative,singlestim,35,125037,1000170,edc,paicipantresponsered,correct
2710,Subject47,389,dead,67,dead,colorred,test,num1,typesuicide,singlestim,37,130632,1000190,edc,paicipantresponsered,correct
3006,Subject47,416,alone,67,alone,colorred,test,num1,typenegative,singlestim,39,136254,1000210,edc,paicipantresponsered,correct
3302,Subject47,432,success,77,success,colorblue,test,num1,typepositive,singlestim,41,141892,1000230,edm,paicipantresponseblue,correct
3598,Subject47,461,engine,77,engine,colorblue,test,num1,typeneutral,singlestim,43,147558,1000250,edm,paicipantresponseblue,correct
3894,Subject47,571,funeral,67,funeral,colorred,test,num1,typesuicide,singlestim,45,153334,1000270,edc,paicipantresponsered,correct
4190,Subject47,505,pleasure,77,pleasure,colorblue,test,num1,typepositive,singlestim,47,159044,1000290,edm,paicipantresponseblue,correct
4486,Subject47,509,paper,77,paper,colorblue,test,num1,typeneutral,singlestim,49,164759,1000310,edm,paicipantresponseblue,correct
4782,Subject47,410,stupid,77,stupid,colorblue,test,num1,typenegative,singlestim,51,170375,1000330,edm,paicipantresponseblue,correct
5078,Subject47,461,dead,77,dead,colorblue,test,num1,typesuicide,singlestim,53,176040,1000350,edm,paicipantresponseblue,correct
5374,Subject47,484,rejected,77,rejected,colorblue,test,num1,typenegative,singlestim,55,181730,1000370,edm,paicipantresponseblue,correct
5670,Subject47,508,museum,67,museum,colorred,test,num1,typeneutral,singlestim,57,187444,1000390,edc,paicipantresponsered,correct
5966,Subject47,472,funeral,77,funeral,colorblue,test,num1,typesuicide,singlestim,59,193121,1000410,edm,paicipantresponseblue,correct
6262,Subject47,390,pleasure,67,pleasure,colorred,test,num1,typepositive,singlestim,61,198717,1000430,edc,paicipantresponsered,correct
6558,Subject47,418,suicide,67,suicide,colorred,test,num1,typesuicide,singlestim,63,204341,1000450,edc,paicipantresponsered,correct
6854,Subject47,448,alone,77,alone,colorblue,test,num1,typenegative,singlestim,65,209993,1000470,edm,paicipantresponseblue,correct
7150,Subject47,475,stupid,67,stupid,colorred,test,num2,typenegative,singlestim,67,215676,101010,edc,paicipantresponsered,correct
7446,Subject47,443,funeral,67,funeral,colorred,test,num2,typesuicide,singlestim,69,221324,101030,edc,paicipantresponsered,correct
7742,Subject47,398,engine,67,engine,colorred,test,num2,typeneutral,singlestim,71,226927,101050,edc,paicipantresponsered,correct
8038,Subject47,579,pleasure,67,pleasure,colorred,test,num2,typepositive,singlestim,73,232712,101070,edc,paicipantresponsered,correct
8334,Subject47,383,suicide,67,suicide,colorred,test,num2,typesuicide,singlestim,75,238300,101090,edc,paicipantresponsered,correct
8630,Subject47,397,funeral,77,funeral,colorblue,test,num2,typesuicide,singlestim,77,243902,1010110,edm,paicipantresponseblue,correct
8926,Subject47,546,happy,67,happy,colorred,test,num2,typepositive,singlestim,79,249654,1010130,edc,paicipantresponsered,correct
9222,Subject47,506,alone,67,alone,colorred,test,num2,typenegative,singlestim,81,255364,1010150,edc,paicipantresponsered,correct
9518,Subject47,541,success,77,success,colorblue,test,num2,typepositive,singlestim,83,261110,1010170,edm,paicipantresponseblue,correct
9814,Subject47,320,dead,67,dead,colorred,test,num2,typesuicide,singlestim,85,266636,1010190,edc,paicipantresponsered,correct
10110,Subject47,433,rejected,77,rejected,colorblue,test,num2,typenegative,singlestim,87,272275,1010210,edm,paicipantresponseblue,correct
10406,Subject47,401,happy,77,happy,colorblue,test,num2,typepositive,singlestim,89,277881,1010230,edm,paicipantresponseblue,correct
10702,Subject47,452,museum,77,museum,colorblue,test,num2,typeneutral,singlestim,91,283538,1010250,edm,paicipantresponseblue,correct
10998,Subject47,405,suicide,77,suicide,colorblue,test,num2,typesuicide,singlestim,93,289149,1010270,edm,paicipantresponseblue,correct
11294,Subject47,358,engine,77,engine,colorblue,test,num2,typeneutral,singlestim,95,294714,1010290,edm,paicipantresponseblue,correct
11590,Subject47,399,dead,77,dead,colorblue,test,num2,typesuicide,singlestim,97,300318,1010310,edm,paicipantresponseblue,correct
11886,Subject47,383,pleasure,77,pleasure,colorblue,test,num2,typepositive,singlestim,99,305906,1010330,edm,paicipantresponseblue,correct
12182,Subject47,408,paper,77,paper,colorblue,test,num2,typeneutral,singlestim,101,311522,1010350,edm,paicipantresponseblue,correct
12478,Subject47,378,stupid,77,stupid,colorblue,test,num2,typenegative,singlestim,103,317105,1010370,edm,paicipantresponseblue,correct
12774,Subject47,438,alone,77,alone,colorblue,test,num2,typenegative,singlestim,105,322749,1010390,edm,paicipantresponseblue,correct
13070,Subject47,378,rejected,67,rejected,colorred,test,num2,typenegative,singlestim,107,328333,1010410,edc,paicipantresponsered,correct
13366,Subject47,362,museum,67,museum,colorred,test,num2,typeneutral,singlestim,109,333901,1010430,edc,paicipantresponsered,correct
13662,Subject47,466,paper,67,paper,colorred,test,num2,typeneutral,singlestim,111,339572,1010450,edc,paicipantresponsered,correct
13958,Subject47,400,success,67,success,colorred,test,num2,typepositive,singlestim,113,345177,1010470,edc,paicipantresponsered,correct