,SubjectID,rt,stimulus,keypress,word,color,block,blocknum,wordtype,trialtype,trialindex,timeelapsed,internalnodeid,keypressed,participantresponse,correctresponse
151,Subject182,417,funeral,77,funeral,colorblue,test,num1,typesuicide,singlestim,19,82293,100010,edm,paicipantresponseblue,correct
447,Subject182,382,pleasure,77,pleasure,colorblue,test,num1,typepositive,singlestim,21,87887,100030,edm,paicipantresponseblue,correct
743,Subject182,383,rejected,67,rejected,colorred,test,num1,typenegative,singlestim,23,93482,100050,edc,paicipantresponsered,correct
1039,Subject182,413,alone,77,alone,colorblue,test,num1,typenegative,singlestim,25,99109,100070,edm,paicipantresponseblue,correct
1335,Subject182,416,happy,67,happy,colorred,test,num1,typepositive,singlestim,27,104734,100090,edc,paicipantresponsered,correct
1631,Subject182,420,funeral,67,funeral,colorred,test,num1,typesuicide,singlestim,29,110369,1000110,edc,paicipantresponsered,correct
1927,Subject182,384,paper,67,paper,colorred,test,num1,typeneutral,singlestim,31,115962,1000130,edc,paicipantresponsered,correct
2223,Subject182,379,suicide,67,suicide,colorred,test,num1,typesuicide,singlestim,33,121552,1000150,edc,paicipantresponsered,correct
2519,Subject182,432,suicide,77,suicide,colorblue,test,num1,typesuicide,singlestim,35,127195,1000170,edm,paicipantresponseblue,correct
2815,Subject182,449,happy,77,happy,colorblue,test,num1,typepositive,singlestim,37,132853,1000190,edm,paicipantresponseblue,correct
3111,Subject182,430,paper,77,paper,colorblue,test,num1,typeneutral,singlestim,39,138493,1000210,edm,paicipantresponseblue,correct
3407,Subject182,374,alone,67,alone,colorred,test,num1,typenegative,singlestim,41,144079,1000230,edc,paicipantresponsered,correct
3703,Subject182,360,stupid,77,stupid,colorblue,test,num1,typenegative,singlestim,43,149648,1000250,edm,paicipantresponseblue,correct
3999,Subject182,452,engine,67,engine,colorred,test,num1,typeneutral,singlestim,45,155310,1000270,edc,paicipantresponsered,correct
4295,Subject182,361,engine,77,engine,colorblue,test,num1,typeneutral,singlestim,47,160886,1000290,edm,paicipantresponseblue,correct
4591,Subject182,330,success,67,success,colorred,test,num1,typepositive,singlestim,49,166431,1000310,edc,paicipantresponsered,correct
4887,Subject182,309,stupid,67,stupid,colorred,test,num1,typenegative,singlestim,51,171951,1000330,edc,paicipantresponsered,correct
5183,Subject182,348,museum,67,museum,colorred,test,num1,typeneutral,singlestim,53,177511,1000350,edc,paicipantresponsered,correct
5479,Subject182,348,museum,77,museum,colorblue,test,num1,typeneutral,singlestim,55,183070,1000370,edm,paicipantresponseblue,correct
5775,Subject182,354,rejected,77,rejected,colorblue,test,num1,typenegative,singlestim,57,188637,1000390,edm,paicipantresponseblue,correct
6071,Subject182,371,dead,77,dead,colorblue,test,num1,typesuicide,singlestim,59,194220,1000410,edm,paicipantresponseblue,correct
6367,Subject182,381,pleasure,67,pleasure,colorred,test,num1,typepositive,singlestim,61,199813,1000430,edc,paicipantresponsered,correct
6663,Subject182,336,success,77,success,colorblue,test,num1,typepositive,singlestim,63,205357,1000450,edm,paicipantresponseblue,correct
6959,Subject182,345,dead,67,dead,colorred,test,num1,typesuicide,singlestim,65,210917,1000470,edc,paicipantresponsered,correct
7255,Subject182,339,rejected,77,rejected,colorblue,test,num2,typenegative,singlestim,67,216469,101010,edm,paicipantresponseblue,correct
7551,Subject182,623,museum,67,museum,colorred,test,num2,typeneutral,singlestim,69,222300,101030,edc,paicipantresponsered,correct
7847,Subject182,317,alone,77,alone,colorblue,test,num2,typenegative,singlestim,71,227829,101050,edm,paicipantresponseblue,correct
8143,Subject182,353,pleasure,67,pleasure,colorred,test,num2,typepositive,singlestim,73,233396,101070,edc,paicipantresponsered,correct
8439,Subject182,317,dead,67,dead,colorred,test,num2,typesuicide,singlestim,75,238924,101090,edc,paicipantresponsered,correct
8735,Subject182,365,dead,77,dead,colorblue,test,num2,typesuicide,singlestim,77,244500,1010110,edm,paicipantresponseblue,correct
9031,Subject182,374,happy,67,happy,colorred,test,num2,typepositive,singlestim,79,250085,1010130,edc,paicipantresponsered,correct
9327,Subject182,381,suicide,77,suicide,colorblue,test,num2,typesuicide,singlestim,81,255676,1010150,edm,paicipantresponseblue,correct
9623,Subject182,363,funeral,67,funeral,colorred,test,num2,typesuicide,singlestim,83,261252,1010170,edc,paicipantresponsered,correct
9919,Subject182,346,museum,77,museum,colorblue,test,num2,typeneutral,singlestim,85,266812,1010190,edm,paicipantresponseblue,correct
10215,Subject182,337,happy,77,happy,colorblue,test,num2,typepositive,singlestim,87,272364,1010210,edm,paicipantresponseblue,correct
10511,Subject182,348,success,67,success,colorred,test,num2,typepositive,singlestim,89,277924,1010230,edc,paicipantresponsered,correct
10807,Subject182,373,pleasure,77,pleasure,colorblue,test,num2,typepositive,singlestim,91,283508,1010250,edm,paicipantresponseblue,correct
11103,Subject182,364,alone,67,alone,colorred,test,num2,typenegative,singlestim,93,289083,1010270,edc,paicipantresponsered,correct
11399,Subject182,450,stupid,67,stupid,colorred,test,num2,typenegative,singlestim,95,294748,1010290,edc,paicipantresponsered,correct
11695,Subject182,347,suicide,67,suicide,colorred,test,num2,typesuicide,singlestim,97,300307,1010310,edc,paicipantresponsered,correct
11991,Subject182,404,paper,77,paper,colorblue,test,num2,typeneutral,singlestim,99,305924,1010330,edm,paicipantresponseblue,correct
12287,Subject182,406,paper,67,paper,colorred,test,num2,typeneutral,singlestim,101,311539,1010350,edc,paicipantresponsered,correct
12583,Subject182,365,engine,67,engine,colorred,test,num2,typeneutral,singlestim,103,317116,1010370,edc,paicipantresponsered,correct
12879,Subject182,375,engine,77,engine,colorblue,test,num2,typeneutral,singlestim,105,322707,1010390,edm,paicipantresponseblue,correct
13175,Subject182,365,success,77,success,colorblue,test,num2,typepositive,singlestim,107,328282,1010410,edm,paicipantresponseblue,correct
13471,Subject182,361,funeral,77,funeral,colorblue,test,num2,typesuicide,singlestim,109,333858,1010430,edm,paicipantresponseblue,correct
13767,Subject182,379,rejected,67,rejected,colorred,test,num2,typenegative,singlestim,111,339451,1010450,edc,paicipantresponsered,correct
14063,Subject182,398,stupid,77,stupid,colorblue,test,num2,typenegative,singlestim,113,345066,1010470,edm,paicipantresponseblue,correct