,SubjectID,rt,stimulus,keypress,word,color,block,blocknum,wordtype,trialtype,trialindex,timeelapsed,internalnodeid,keypressed,participantresponse,correctresponse
138,Subject149,453,rejected,77,rejected,colorblue,test,num1,typenegative,singlestim,19,91141,100010,edm,paicipantresponseblue,correct
434,Subject149,310,pleasure,67,pleasure,colorred,test,num1,typepositive,singlestim,21,96657,100030,edc,paicipantresponsered,correct
730,Subject149,306,stupid,67,stupid,colorred,test,num1,typenegative,singlestim,23,102168,100050,edc,paicipantresponsered,correct
1026,Subject149,398,happy,67,happy,colorred,test,num1,typepositive,singlestim,25,107772,100070,edc,paicipantresponsered,correct
1322,Subject149,372,suicide,77,suicide,colorblue,test,num1,typesuicide,singlestim,27,113348,100090,edm,paicipantresponseblue,correct
1618,Subject149,351,museum,77,museum,colorred,test,num1,typeneutral,singlestim,29,118904,1000110,edm,paicipantresponseblue,incorrect
1914,Subject149,490,success,67,success,colorred,test,num1,typepositive,singlestim,31,124599,1000130,edc,paicipantresponsered,correct
2210,Subject149,372,engine,77,engine,colorblue,test,num1,typeneutral,singlestim,33,130179,1000150,edm,paicipantresponseblue,correct
2506,Subject149,396,funeral,67,funeral,colorred,test,num1,typesuicide,singlestim,35,135781,1000170,edc,paicipantresponsered,correct
2802,Subject149,312,alone,77,alone,colorblue,test,num1,typenegative,singlestim,37,141297,1000190,edm,paicipantresponseblue,correct
3098,Subject149,406,funeral,77,funeral,colorblue,test,num1,typesuicide,singlestim,39,146908,1000210,edm,paicipantresponseblue,correct
3394,Subject149,278,engine,67,engine,colorred,test,num1,typeneutral,singlestim,41,152390,1000230,edc,paicipantresponsered,correct
3690,Subject149,319,success,77,success,colorblue,test,num1,typepositive,singlestim,43,157917,1000250,edm,paicipantresponseblue,correct
3986,Subject149,287,alone,67,alone,colorred,test,num1,typenegative,singlestim,45,163409,1000270,edc,paicipantresponsered,correct
4282,Subject149,473,stupid,77,stupid,colorblue,test,num1,typenegative,singlestim,47,169087,1000290,edm,paicipantresponseblue,correct
4578,Subject149,337,suicide,67,suicide,colorred,test,num1,typesuicide,singlestim,49,174630,1000310,edc,paicipantresponsered,correct
4874,Subject149,352,paper,67,paper,colorred,test,num1,typeneutral,singlestim,51,180187,1000330,edc,paicipantresponsered,correct
5170,Subject149,399,rejected,67,rejected,colorred,test,num1,typenegative,singlestim,53,185792,1000350,edc,paicipantresponsered,correct
5466,Subject149,323,pleasure,77,pleasure,colorblue,test,num1,typepositive,singlestim,55,191321,1000370,edm,paicipantresponseblue,correct
5762,Subject149,407,happy,77,happy,colorblue,test,num1,typepositive,singlestim,57,196934,1000390,edm,paicipantresponseblue,correct
6058,Subject149,429,paper,77,paper,colorblue,test,num1,typeneutral,singlestim,59,202570,1000410,edm,paicipantresponseblue,correct
6354,Subject149,384,museum,77,museum,colorblue,test,num1,typeneutral,singlestim,61,208162,1000430,edm,paicipantresponseblue,correct
6650,Subject149,533,dead,67,dead,colorred,test,num1,typesuicide,singlestim,63,213900,1000450,edc,paicipantresponsered,correct
6946,Subject149,539,dead,77,dead,colorblue,test,num1,typesuicide,singlestim,65,219645,1000470,edm,paicipantresponseblue,correct
7242,Subject149,376,pleasure,67,pleasure,colorred,test,num2,typepositive,singlestim,67,225229,101010,edc,paicipantresponsered,correct
7538,Subject149,384,suicide,67,suicide,colorred,test,num2,typesuicide,singlestim,69,230821,101030,edc,paicipantresponsered,correct
7834,Subject149,350,museum,77,museum,colorblue,test,num2,typeneutral,singlestim,71,236377,101050,edm,paicipantresponseblue,correct
8130,Subject149,422,stupid,77,stupid,colorblue,test,num2,typenegative,singlestim,73,242005,101070,edm,paicipantresponseblue,correct
8426,Subject149,270,engine,67,engine,colorred,test,num2,typeneutral,singlestim,75,247482,101090,edc,paicipantresponsered,correct
8722,Subject149,506,paper,77,paper,colorblue,test,num2,typeneutral,singlestim,77,253194,1010110,edm,paicipantresponseblue,correct
9018,Subject149,432,suicide,77,suicide,colorblue,test,num2,typesuicide,singlestim,79,258832,1010130,edm,paicipantresponseblue,correct
9314,Subject149,412,rejected,77,rejected,colorblue,test,num2,typenegative,singlestim,81,264451,1010150,edm,paicipantresponseblue,correct
9610,Subject149,707,funeral,67,funeral,colorred,test,num2,typesuicide,singlestim,83,270363,1010170,edc,paicipantresponsered,correct
9906,Subject149,323,pleasure,77,pleasure,colorblue,test,num2,typepositive,singlestim,85,275893,1010190,edm,paicipantresponseblue,correct
10202,Subject149,514,museum,67,museum,colorred,test,num2,typeneutral,singlestim,87,281613,1010210,edc,paicipantresponsered,correct
10498,Subject149,533,rejected,67,rejected,colorred,test,num2,typenegative,singlestim,89,287352,1010230,edc,paicipantresponsered,correct
10794,Subject149,441,alone,67,alone,colorred,test,num2,typenegative,singlestim,91,292999,1010250,edc,paicipantresponsered,correct
11090,Subject149,403,funeral,77,funeral,colorblue,test,num2,typesuicide,singlestim,93,298607,1010270,edm,paicipantresponseblue,correct
11386,Subject149,401,success,77,success,colorblue,test,num2,typepositive,singlestim,95,304215,1010290,edm,paicipantresponseblue,correct
11682,Subject149,420,alone,77,alone,colorblue,test,num2,typenegative,singlestim,97,309841,1010310,edm,paicipantresponseblue,correct
11978,Subject149,332,stupid,67,stupid,colorred,test,num2,typenegative,singlestim,99,315379,1010330,edc,paicipantresponsered,correct
12274,Subject149,411,dead,77,dead,colorblue,test,num2,typesuicide,singlestim,101,313774,1010350,edm,paicipantresponseblue,correct
12570,Subject149,418,engine,77,engine,colorblue,test,num2,typeneutral,singlestim,103,319397,1010370,edm,paicipantresponseblue,correct
12866,Subject149,423,happy,77,happy,colorblue,test,num2,typepositive,singlestim,105,325026,1010390,edm,paicipantresponseblue,correct
13162,Subject149,294,paper,67,paper,colorred,test,num2,typeneutral,singlestim,107,330524,1010410,edc,paicipantresponsered,correct
13458,Subject149,433,happy,67,happy,colorred,test,num2,typepositive,singlestim,109,336164,1010430,edc,paicipantresponsered,correct
13754,Subject149,462,dead,67,dead,colorred,test,num2,typesuicide,singlestim,111,341830,1010450,edc,paicipantresponsered,correct
14050,Subject149,471,success,67,success,colorred,test,num2,typepositive,singlestim,113,347507,1010470,edc,paicipantresponsered,correct