"","SubjectID","rt","stimulus","keypress","word","color","block","blocknum","wordtype","trialtype","trialindex","timeelapsed","internalnodeid","keypressed","participantresponse","correctresponse"
"1","Subject1","981","rejected","77","rejected","colorblue","test","num1","typenegative","singlestim","19","119716","100010","edm","paicipantresponseblue","correct"
"297","Subject1","671","funeral","77","funeral","colorblue","test","num1","typesuicide","singlestim","21","125598","100030","edm","paicipantresponseblue","correct"
"593","Subject1","433","suicide","67","suicide","colorred","test","num1","typesuicide","singlestim","23","131245","100050","edc","paicipantresponsered","correct"
"889","Subject1","378","suicide","77","suicide","colorblue","test","num1","typesuicide","singlestim","25","136854","100070","edm","paicipantresponseblue","correct"
"1185","Subject1","723","dead","67","dead","colorred","test","num1","typesuicide","singlestim","27","142796","100090","edc","paicipantresponsered","correct"
"1481","Subject1","832","happy","67","happy","colorred","test","num1","typepositive","singlestim","29","148843","1000110","edc","paicipantresponsered","correct"
"1777","Subject1","749","engine","77","engine","colorblue","test","num1","typeneutral","singlestim","31","154809","1000130","edm","paicipantresponseblue","correct"
"2073","Subject1","563","funeral","67","funeral","colorred","test","num1","typesuicide","singlestim","33","160589","1000150","edc","paicipantresponsered","correct"
"2369","Subject1","783","success","67","success","colorred","test","num1","typepositive","singlestim","35","166587","1000170","edc","paicipantresponsered","correct"
"2665","Subject1","773","alone","67","alone","colorred","test","num1","typenegative","singlestim","37","172575","1000190","edc","paicipantresponsered","correct"
"2961","Subject1","815","museum","67","museum","colorred","test","num1","typeneutral","singlestim","39","178601","1000210","edc","paicipantresponsered","correct"
"3257","Subject1","453","stupid","67","stupid","colorred","test","num1","typenegative","singlestim","41","184270","1000230","edc","paicipantresponsered","correct"
"3553","Subject1","649","museum","77","museum","colorblue","test","num1","typeneutral","singlestim","43","190133","1000250","edm","paicipantresponseblue","correct"
"3849","Subject1","880","stupid","77","stupid","colorblue","test","num1","typenegative","singlestim","45","196230","1000270","edm","paicipantresponseblue","correct"
"4145","Subject1","1263","dead","77","dead","colorblue","test","num1","typesuicide","singlestim","47","202707","1000290","edm","paicipantresponseblue","correct"
"4441","Subject1","459","paper","67","paper","colorred","test","num1","typeneutral","singlestim","49","208381","1000310","edc","paicipantresponsered","correct"
"4737","Subject1","852","rejected","67","rejected","colorred","test","num1","typenegative","singlestim","51","214444","1000330","edc","paicipantresponsered","correct"
"5033","Subject1","841","alone","77","alone","colorblue","test","num1","typenegative","singlestim","53","220505","1000350","edm","paicipantresponseblue","correct"
"5329","Subject1","751","pleasure","77","pleasure","colorblue","test","num1","typepositive","singlestim","55","226469","1000370","edm","paicipantresponseblue","correct"
"5625","Subject1","1239","engine","67","engine","colorred","test","num1","typeneutral","singlestim","57","232931","1000390","edc","paicipantresponsered","correct"
"5921","Subject1","882","success","77","success","colorblue","test","num1","typepositive","singlestim","59","239026","1000410","edm","paicipantresponseblue","correct"
"6217","Subject1","656","paper","77","paper","colorblue","test","num1","typeneutral","singlestim","61","244896","1000430","edm","paicipantresponseblue","correct"
"6513","Subject1","484","pleasure","67","pleasure","colorred","test","num1","typepositive","singlestim","63","250591","1000450","edc","paicipantresponsered","correct"
"6809","Subject1","565","happy","77","happy","colorblue","test","num1","typepositive","singlestim","65","256372","1000470","edm","paicipantresponseblue","correct"
"7105","Subject1","884","dead","67","dead","colorred","test","num2","typesuicide","singlestim","67","262474","101010","edc","paicipantresponsered","correct"
"7401","Subject1","849","alone","67","alone","colorred","test","num2","typenegative","singlestim","69","268535","101030","edc","paicipantresponsered","correct"
"7697","Subject1","662","engine","77","engine","colorblue","test","num2","typeneutral","singlestim","71","274411","101050","edm","paicipantresponseblue","correct"
"7993","Subject1","931","dead","77","dead","colorblue","test","num2","typesuicide","singlestim","73","280560","101070","edm","paicipantresponseblue","correct"
"8289","Subject1","741","rejected","77","rejected","colorblue","test","num2","typenegative","singlestim","75","286514","101090","edm","paicipantresponseblue","correct"
"8585","Subject1","813","museum","77","museum","colorblue","test","num2","typeneutral","singlestim","77","292541","1010110","edm","paicipantresponseblue","correct"
"8881","Subject1","676","paper","67","paper","colorred","test","num2","typeneutral","singlestim","79","298434","1010130","edc","paicipantresponsered","correct"
"9177","Subject1","848","happy","67","happy","colorred","test","num2","typepositive","singlestim","81","304492","1010150","edc","paicipantresponsered","correct"
"9473","Subject1","946","happy","77","happy","colorblue","test","num2","typepositive","singlestim","83","310651","1010170","edm","paicipantresponseblue","correct"
"9769","Subject1","1679","suicide","77","suicide","colorblue","test","num2","typesuicide","singlestim","85","317542","1010190","edm","paicipantresponseblue","correct"
"10065","Subject1","1083","stupid","67","stupid","colorred","test","num2","typenegative","singlestim","87","323839","1010210","edc","paicipantresponsered","correct"
"10361","Subject1","634","funeral","77","funeral","colorblue","test","num2","typesuicide","singlestim","89","329690","1010230","edm","paicipantresponseblue","correct"
"10657","Subject1","795","alone","77","alone","colorblue","test","num2","typenegative","singlestim","91","335699","1010250","edm","paicipantresponseblue","correct"
"10953","Subject1","763","success","67","success","colorred","test","num2","typepositive","singlestim","93","341677","1010270","edc","paicipantresponsered","correct"
"11249","Subject1","717","paper","77","paper","colorblue","test","num2","typeneutral","singlestim","95","347608","1010290","edm","paicipantresponseblue","correct"
"11545","Subject1","973","engine","67","engine","colorred","test","num2","typeneutral","singlestim","97","353800","1010310","edc","paicipantresponsered","correct"
"11841","Subject1","1280","funeral","67","funeral","colorred","test","num2","typesuicide","singlestim","99","360292","1010330","edc","paicipantresponsered","correct"
"12137","Subject1","771","suicide","67","suicide","colorred","test","num2","typesuicide","singlestim","101","366276","1010350","edc","paicipantresponsered","correct"
"12433","Subject1","687","success","77","success","colorblue","test","num2","typepositive","singlestim","103","372175","1010370","edm","paicipantresponseblue","correct"
"12729","Subject1","881","rejected","67","rejected","colorred","test","num2","typenegative","singlestim","105","378270","1010390","edc","paicipantresponsered","correct"
"13025","Subject1","770","museum","67","museum","colorred","test","num2","typeneutral","singlestim","107","384255","1010410","edc","paicipantresponsered","correct"
"13321","Subject1","647","stupid","77","stupid","colorblue","test","num2","typenegative","singlestim","109","390127","1010430","edm","paicipantresponseblue","correct"
"13617","Subject1","634","pleasure","77","pleasure","colorblue","test","num2","typepositive","singlestim","111","395973","1010450","edm","paicipantresponseblue","correct"
"13913","Subject1","982","pleasure","67","pleasure","colorred","test","num2","typepositive","singlestim","113","402171","1010470","edc","paicipantresponsered","correct"
