,SubjectID,rt,stimulus,keypress,word,color,block,blocknum,wordtype,trialtype,trialindex,timeelapsed,internalnodeid,keypressed,participantresponse,correctresponse
190,Subject222,366,pleasure,67,pleasure,colorred,test,num1,typepositive,singlestim,19,84737,100010,edc,paicipantresponsered,correct
486,Subject222,425,funeral,77,funeral,colorblue,test,num1,typesuicide,singlestim,21,90376,100030,edm,paicipantresponseblue,correct
782,Subject222,459,alone,77,alone,colorblue,test,num1,typenegative,singlestim,23,96047,100050,edm,paicipantresponseblue,correct
1078,Subject222,404,success,77,success,colorblue,test,num1,typepositive,singlestim,25,101662,100070,edm,paicipantresponseblue,correct
1374,Subject222,369,pleasure,77,pleasure,colorblue,test,num1,typepositive,singlestim,27,107239,100090,edm,paicipantresponseblue,correct
1670,Subject222,408,stupid,77,stupid,colorblue,test,num1,typenegative,singlestim,29,112857,1000110,edm,paicipantresponseblue,correct
1966,Subject222,339,stupid,67,stupid,colorred,test,num1,typenegative,singlestim,31,118406,1000130,edc,paicipantresponsered,correct
2262,Subject222,439,rejected,77,rejected,colorblue,test,num1,typenegative,singlestim,33,124054,1000150,edm,paicipantresponseblue,correct
2558,Subject222,433,paper,77,paper,colorblue,test,num1,typeneutral,singlestim,35,129697,1000170,edm,paicipantresponseblue,correct
2854,Subject222,421,happy,67,happy,colorred,test,num1,typepositive,singlestim,37,135326,1000190,edc,paicipantresponsered,correct
3150,Subject222,361,suicide,67,suicide,colorred,test,num1,typesuicide,singlestim,39,140897,1000210,edc,paicipantresponsered,correct
3446,Subject222,386,museum,77,museum,colorblue,test,num1,typeneutral,singlestim,41,146493,1000230,edm,paicipantresponseblue,correct
3742,Subject222,399,funeral,67,funeral,colorred,test,num1,typesuicide,singlestim,43,152102,1000250,edc,paicipantresponsered,correct
4038,Subject222,362,dead,67,dead,colorred,test,num1,typesuicide,singlestim,45,157676,1000270,edc,paicipantresponsered,correct
4334,Subject222,381,engine,67,engine,colorred,test,num1,typeneutral,singlestim,47,163269,1000290,edc,paicipantresponsered,correct
4630,Subject222,388,dead,77,dead,colorblue,test,num1,typesuicide,singlestim,49,168871,1000310,edm,paicipantresponseblue,correct
4926,Subject222,343,suicide,77,suicide,colorblue,test,num1,typesuicide,singlestim,51,174427,1000330,edm,paicipantresponseblue,correct
5222,Subject222,342,engine,77,engine,colorblue,test,num1,typeneutral,singlestim,53,179981,1000350,edm,paicipantresponseblue,correct
5518,Subject222,463,museum,67,museum,colorred,test,num1,typeneutral,singlestim,55,185655,1000370,edc,paicipantresponsered,correct
5814,Subject222,343,alone,67,alone,colorred,test,num1,typenegative,singlestim,57,191213,1000390,edc,paicipantresponsered,correct
6110,Subject222,612,success,67,success,colorred,test,num1,typepositive,singlestim,59,197037,1000410,edc,paicipantresponsered,correct
6406,Subject222,439,rejected,67,rejected,colorred,test,num1,typenegative,singlestim,61,202685,1000430,edc,paicipantresponsered,correct
6702,Subject222,365,paper,67,paper,colorred,test,num1,typeneutral,singlestim,63,208263,1000450,edc,paicipantresponsered,correct
6998,Subject222,328,happy,77,happy,colorblue,test,num1,typepositive,singlestim,65,213805,1000470,edm,paicipantresponseblue,correct
7294,Subject222,545,alone,77,alone,colorblue,test,num2,typenegative,singlestim,67,219558,101010,edm,paicipantresponseblue,correct
7590,Subject222,346,engine,77,engine,colorblue,test,num2,typeneutral,singlestim,69,225117,101030,edm,paicipantresponseblue,correct
7886,Subject222,410,funeral,77,funeral,colorblue,test,num2,typesuicide,singlestim,71,230737,101050,edm,paicipantresponseblue,correct
8182,Subject222,388,alone,67,alone,colorred,test,num2,typenegative,singlestim,73,236333,101070,edc,paicipantresponsered,correct
8478,Subject222,446,happy,77,happy,colorblue,test,num2,typepositive,singlestim,75,241993,101090,edm,paicipantresponseblue,correct
8774,Subject222,535,museum,67,museum,colorred,test,num2,typeneutral,singlestim,77,247741,1010110,edc,paicipantresponsered,correct
9070,Subject222,533,paper,67,paper,colorred,test,num2,typeneutral,singlestim,79,253485,1010130,edc,paicipantresponsered,correct
9366,Subject222,443,stupid,77,stupid,colorblue,test,num2,typenegative,singlestim,81,259140,1010150,edm,paicipantresponseblue,correct
9662,Subject222,382,pleasure,77,pleasure,colorblue,test,num2,typepositive,singlestim,83,264732,1010170,edm,paicipantresponseblue,correct
9958,Subject222,649,suicide,67,suicide,colorred,test,num2,typesuicide,singlestim,85,270595,1010190,edc,paicipantresponsered,correct
10254,Subject222,474,suicide,77,suicide,colorblue,test,num2,typesuicide,singlestim,87,276282,1010210,edm,paicipantresponseblue,correct
10550,Subject222,479,stupid,67,stupid,colorred,test,num2,typenegative,singlestim,89,281971,1010230,edc,paicipantresponsered,correct
10846,Subject222,293,success,77,success,colorblue,test,num2,typepositive,singlestim,91,287471,1010250,edm,paicipantresponseblue,correct
11142,Subject222,370,museum,77,museum,colorblue,test,num2,typeneutral,singlestim,93,293050,1010270,edm,paicipantresponseblue,correct
11438,Subject222,358,dead,67,dead,colorred,test,num2,typesuicide,singlestim,95,298623,1010290,edc,paicipantresponsered,correct
11734,Subject222,399,pleasure,67,pleasure,colorred,test,num2,typepositive,singlestim,97,304235,1010310,edc,paicipantresponsered,correct
12030,Subject222,359,engine,67,engine,colorred,test,num2,typeneutral,singlestim,99,309803,1010330,edc,paicipantresponsered,correct
12326,Subject222,406,rejected,77,rejected,colorblue,test,num2,typenegative,singlestim,101,315421,1010350,edm,paicipantresponseblue,correct
12622,Subject222,376,success,67,success,colorred,test,num2,typepositive,singlestim,103,321010,1010370,edc,paicipantresponsered,correct
12918,Subject222,496,happy,67,happy,colorred,test,num2,typepositive,singlestim,105,326719,1010390,edc,paicipantresponsered,correct
13214,Subject222,363,funeral,67,funeral,colorred,test,num2,typesuicide,singlestim,107,332293,1010410,edc,paicipantresponsered,correct
13510,Subject222,546,rejected,67,rejected,colorred,test,num2,typenegative,singlestim,109,338048,1010430,edc,paicipantresponsered,correct
13806,Subject222,359,paper,77,paper,colorblue,test,num2,typeneutral,singlestim,111,343619,1010450,edm,paicipantresponseblue,correct
14102,Subject222,469,dead,77,dead,colorblue,test,num2,typesuicide,singlestim,113,349298,1010470,edm,paicipantresponseblue,correct