,SubjectID,rt,stimulus,keypress,word,color,block,blocknum,wordtype,trialtype,trialindex,timeelapsed,internalnodeid,keypressed,participantresponse,correctresponse
269,Subject305,397,dead,77,dead,colorblue,test,num1,typesuicide,singlestim,19,123229,100010,edm,paicipantresponseblue,correct
565,Subject305,293,museum,67,museum,colorred,test,num1,typeneutral,singlestim,21,128733,100030,edc,paicipantresponsered,correct
861,Subject305,315,stupid,67,stupid,colorred,test,num1,typenegative,singlestim,23,134259,100050,edc,paicipantresponsered,correct
1157,Subject305,298,happy,77,happy,colorblue,test,num1,typepositive,singlestim,25,139765,100070,edm,paicipantresponseblue,correct
1453,Subject305,312,engine,67,engine,colorred,test,num1,typeneutral,singlestim,27,145289,100090,edc,paicipantresponsered,correct
1749,Subject305,386,museum,77,museum,colorblue,test,num1,typeneutral,singlestim,29,150884,1000110,edm,paicipantresponseblue,correct
2045,Subject305,385,dead,67,dead,colorred,test,num1,typesuicide,singlestim,31,156479,1000130,edc,paicipantresponsered,correct
2341,Subject305,342,pleasure,67,pleasure,colorred,test,num1,typepositive,singlestim,33,162034,1000150,edc,paicipantresponsered,correct
2637,Subject305,344,paper,77,paper,colorred,test,num1,typeneutral,singlestim,35,167589,1000170,edm,paicipantresponseblue,incorrect
2933,Subject305,303,stupid,77,stupid,colorblue,test,num1,typenegative,singlestim,37,173098,1000190,edm,paicipantresponseblue,correct
3229,Subject305,396,suicide,77,suicide,colorblue,test,num1,typesuicide,singlestim,39,178704,1000210,edm,paicipantresponseblue,correct
3525,Subject305,344,rejected,77,rejected,colorblue,test,num1,typenegative,singlestim,41,184254,1000230,edm,paicipantresponseblue,correct
3821,Subject305,345,rejected,67,rejected,colorred,test,num1,typenegative,singlestim,43,189807,1000250,edc,paicipantresponsered,correct
4117,Subject305,356,success,77,success,colorblue,test,num1,typepositive,singlestim,45,195373,1000270,edm,paicipantresponseblue,correct
4413,Subject305,364,funeral,77,funeral,colorblue,test,num1,typesuicide,singlestim,47,200950,1000290,edm,paicipantresponseblue,correct
4709,Subject305,326,alone,77,alone,colorred,test,num1,typenegative,singlestim,49,206488,1000310,edm,paicipantresponseblue,incorrect
5005,Subject305,353,happy,67,happy,colorred,test,num1,typepositive,singlestim,51,212047,1000330,edc,paicipantresponsered,correct
5301,Subject305,366,paper,77,paper,colorblue,test,num1,typeneutral,singlestim,53,217621,1000350,edm,paicipantresponseblue,correct
5597,Subject305,352,alone,77,alone,colorblue,test,num1,typenegative,singlestim,55,223180,1000370,edm,paicipantresponseblue,correct
5893,Subject305,294,funeral,67,funeral,colorred,test,num1,typesuicide,singlestim,57,228684,1000390,edc,paicipantresponsered,correct
6189,Subject305,328,success,67,success,colorred,test,num1,typepositive,singlestim,59,234224,1000410,edc,paicipantresponsered,correct
6485,Subject305,344,suicide,77,suicide,colorred,test,num1,typesuicide,singlestim,61,239778,1000430,edm,paicipantresponseblue,incorrect
6781,Subject305,266,engine,77,engine,colorblue,test,num1,typeneutral,singlestim,63,245251,1000450,edm,paicipantresponseblue,correct
7077,Subject305,367,pleasure,77,pleasure,colorblue,test,num1,typepositive,singlestim,65,250824,1000470,edm,paicipantresponseblue,correct
7373,Subject305,440,museum,77,museum,colorblue,test,num2,typeneutral,singlestim,67,256473,101010,edm,paicipantresponseblue,correct
7669,Subject305,402,alone,77,alone,colorblue,test,num2,typenegative,singlestim,69,262084,101030,edm,paicipantresponseblue,correct
7965,Subject305,362,happy,67,happy,colorred,test,num2,typepositive,singlestim,71,267653,101050,edc,paicipantresponsered,correct
8261,Subject305,583,funeral,67,funeral,colorred,test,num2,typesuicide,singlestim,73,273449,101070,edc,paicipantresponsered,correct
8557,Subject305,420,rejected,77,rejected,colorblue,test,num2,typenegative,singlestim,75,279076,101090,edm,paicipantresponseblue,correct
8853,Subject305,386,happy,77,happy,colorblue,test,num2,typepositive,singlestim,77,284669,1010110,edm,paicipantresponseblue,correct
9149,Subject305,357,engine,77,engine,colorred,test,num2,typeneutral,singlestim,79,290234,1010130,edm,paicipantresponseblue,incorrect
9445,Subject305,417,alone,67,alone,colorred,test,num2,typenegative,singlestim,81,295863,1010150,edc,paicipantresponsered,correct
9741,Subject305,343,dead,67,dead,colorred,test,num2,typesuicide,singlestim,83,301414,1010170,edc,paicipantresponsered,correct
10037,Subject305,524,museum,67,museum,colorred,test,num2,typeneutral,singlestim,85,307146,1010190,edc,paicipantresponsered,correct
10333,Subject305,343,stupid,67,stupid,colorred,test,num2,typenegative,singlestim,87,312701,1010210,edc,paicipantresponsered,correct
10629,Subject305,348,suicide,77,suicide,colorblue,test,num2,typesuicide,singlestim,89,318257,1010230,edm,paicipantresponseblue,correct
10925,Subject305,367,stupid,77,stupid,colorblue,test,num2,typenegative,singlestim,91,323834,1010250,edm,paicipantresponseblue,correct
11221,Subject305,416,paper,77,paper,colorblue,test,num2,typeneutral,singlestim,93,329461,1010270,edm,paicipantresponseblue,correct
11517,Subject305,526,pleasure,77,pleasure,colorblue,test,num2,typepositive,singlestim,95,335195,1010290,edm,paicipantresponseblue,correct
11813,Subject305,382,dead,77,dead,colorblue,test,num2,typesuicide,singlestim,97,340784,1010310,edm,paicipantresponseblue,correct
12109,Subject305,801,success,67,success,colorred,test,num2,typepositive,singlestim,99,346795,1010330,edc,paicipantresponsered,correct
12405,Subject305,869,engine,77,engine,colorblue,test,num2,typeneutral,singlestim,101,352871,1010350,edm,paicipantresponseblue,correct
12701,Subject305,1018,funeral,77,funeral,colorblue,test,num2,typesuicide,singlestim,103,359093,1010370,edm,paicipantresponseblue,correct
12997,Subject305,325,suicide,67,suicide,colorred,test,num2,typesuicide,singlestim,105,364625,1010390,edc,paicipantresponsered,correct
13293,Subject305,562,rejected,67,rejected,colorred,test,num2,typenegative,singlestim,107,370393,1010410,edc,paicipantresponsered,correct
13589,Subject305,528,success,77,success,colorblue,test,num2,typepositive,singlestim,109,376136,1010430,edm,paicipantresponseblue,correct
13885,Subject305,426,pleasure,67,pleasure,colorred,test,num2,typepositive,singlestim,111,381770,1010450,edc,paicipantresponsered,correct
14181,Subject305,480,paper,67,paper,colorred,test,num2,typeneutral,singlestim,113,387462,1010470,edc,paicipantresponsered,correct