,SubjectID,rt,stimulus,keypress,word,color,block,blocknum,wordtype,trialtype,trialindex,timeelapsed,internalnodeid,keypressed,participantresponse,correctresponse
112,Subject120,315,dead,67,dead,colorred,test,num1,typesuicide,singlestim,19,130701,100010,edc,paicipantresponsered,correct
408,Subject120,347,suicide,67,suicide,colorred,test,num1,typesuicide,singlestim,21,136257,100030,edc,paicipantresponsered,correct
704,Subject120,321,rejected,77,rejected,colorblue,test,num1,typenegative,singlestim,23,141786,100050,edm,paicipantresponseblue,correct
1000,Subject120,280,success,67,success,colorred,test,num1,typepositive,singlestim,25,147273,100070,edc,paicipantresponsered,correct
1296,Subject120,302,funeral,77,funeral,colorblue,test,num1,typesuicide,singlestim,27,152779,100090,edm,paicipantresponseblue,correct
1592,Subject120,278,museum,67,museum,colorred,test,num1,typeneutral,singlestim,29,158265,1000110,edc,paicipantresponsered,correct
1888,Subject120,289,stupid,77,stupid,colorblue,test,num1,typenegative,singlestim,31,163760,1000130,edm,paicipantresponseblue,correct
2184,Subject120,451,suicide,77,suicide,colorblue,test,num1,typesuicide,singlestim,33,169422,1000150,edm,paicipantresponseblue,correct
2480,Subject120,488,engine,77,engine,colorblue,test,num1,typeneutral,singlestim,35,175118,1000170,edm,paicipantresponseblue,correct
2776,Subject120,348,stupid,67,stupid,colorred,test,num1,typenegative,singlestim,37,180672,1000190,edc,paicipantresponsered,correct
3072,Subject120,335,happy,77,happy,colorblue,test,num1,typepositive,singlestim,39,186213,1000210,edm,paicipantresponseblue,correct
3368,Subject120,418,paper,77,paper,colorblue,test,num1,typeneutral,singlestim,41,191837,1000230,edm,paicipantresponseblue,correct
3664,Subject120,297,alone,67,alone,colorred,test,num1,typenegative,singlestim,43,197341,1000250,edc,paicipantresponsered,correct
3960,Subject120,452,alone,77,alone,colorblue,test,num1,typenegative,singlestim,45,203036,1000270,edm,paicipantresponseblue,correct
4256,Subject120,270,funeral,67,funeral,colorred,test,num1,typesuicide,singlestim,47,208512,1000290,edc,paicipantresponsered,correct
4552,Subject120,326,success,77,success,colorblue,test,num1,typepositive,singlestim,49,214045,1000310,edm,paicipantresponseblue,correct
4848,Subject120,369,happy,67,happy,colorred,test,num1,typepositive,singlestim,51,219622,1000330,edc,paicipantresponsered,correct
5144,Subject120,498,paper,67,paper,colorred,test,num1,typeneutral,singlestim,53,225325,1000350,edc,paicipantresponsered,correct
5440,Subject120,413,museum,77,museum,colorblue,test,num1,typeneutral,singlestim,55,230944,1000370,edm,paicipantresponseblue,correct
5736,Subject120,433,dead,77,dead,colorblue,test,num1,typesuicide,singlestim,57,236583,1000390,edm,paicipantresponseblue,correct
6032,Subject120,264,engine,67,engine,colorred,test,num1,typeneutral,singlestim,59,242055,1000410,edc,paicipantresponsered,correct
6328,Subject120,384,rejected,67,rejected,colorred,test,num1,typenegative,singlestim,61,247645,1000430,edc,paicipantresponsered,correct
6624,Subject120,397,pleasure,67,pleasure,colorred,test,num1,typepositive,singlestim,63,253246,1000450,edc,paicipantresponsered,correct
6920,Subject120,341,pleasure,77,pleasure,colorblue,test,num1,typepositive,singlestim,65,258801,1000470,edm,paicipantresponseblue,correct
7216,Subject120,308,alone,67,alone,colorred,test,num2,typenegative,singlestim,67,264318,101010,edc,paicipantresponsered,correct
7512,Subject120,392,dead,67,dead,colorred,test,num2,typesuicide,singlestim,69,269916,101030,edc,paicipantresponsered,correct
7808,Subject120,376,stupid,67,stupid,colorblue,test,num2,typenegative,singlestim,71,275500,101050,edc,paicipantresponsered,incorrect
8104,Subject120,420,pleasure,77,pleasure,colorblue,test,num2,typepositive,singlestim,73,281127,101070,edm,paicipantresponseblue,correct
8400,Subject120,391,engine,77,engine,colorblue,test,num2,typeneutral,singlestim,75,286724,101090,edm,paicipantresponseblue,correct
8696,Subject120,444,happy,77,happy,colorblue,test,num2,typepositive,singlestim,77,292373,1010110,edm,paicipantresponseblue,correct
8992,Subject120,295,suicide,67,suicide,colorred,test,num2,typesuicide,singlestim,79,297875,1010130,edc,paicipantresponsered,correct
9288,Subject120,359,paper,67,paper,colorred,test,num2,typeneutral,singlestim,81,303441,1010150,edc,paicipantresponsered,correct
9584,Subject120,399,success,67,success,colorred,test,num2,typepositive,singlestim,83,309046,1010170,edc,paicipantresponsered,correct
9880,Subject120,353,stupid,67,stupid,colorred,test,num2,typenegative,singlestim,85,314604,1010190,edc,paicipantresponsered,correct
10176,Subject120,300,engine,67,engine,colorred,test,num2,typeneutral,singlestim,87,320111,1010210,edc,paicipantresponsered,correct
10472,Subject120,481,success,77,success,colorblue,test,num2,typepositive,singlestim,89,325800,1010230,edm,paicipantresponseblue,correct
10768,Subject120,488,paper,77,paper,colorblue,test,num2,typeneutral,singlestim,91,331494,1010250,edm,paicipantresponseblue,correct
11064,Subject120,455,suicide,77,suicide,colorblue,test,num2,typesuicide,singlestim,93,337155,1010270,edm,paicipantresponseblue,correct
11360,Subject120,371,alone,77,alone,colorblue,test,num2,typenegative,singlestim,95,342731,1010290,edm,paicipantresponseblue,correct
11656,Subject120,235,pleasure,67,pleasure,colorred,test,num2,typepositive,singlestim,97,348175,1010310,edc,paicipantresponsered,correct
11952,Subject120,827,museum,67,museum,colorred,test,num2,typeneutral,singlestim,99,354209,1010330,edc,paicipantresponsered,correct
12248,Subject120,349,happy,67,happy,colorred,test,num2,typepositive,singlestim,101,359766,1010350,edc,paicipantresponsered,correct
12544,Subject120,459,dead,77,dead,colorblue,test,num2,typesuicide,singlestim,103,365433,1010370,edm,paicipantresponseblue,correct
12840,Subject120,282,rejected,77,rejected,colorblue,test,num2,typenegative,singlestim,105,370930,1010390,edm,paicipantresponseblue,correct
13136,Subject120,319,museum,77,museum,colorblue,test,num2,typeneutral,singlestim,107,376455,1010410,edm,paicipantresponseblue,correct
13432,Subject120,281,rejected,67,rejected,colorred,test,num2,typenegative,singlestim,109,381941,1010430,edc,paicipantresponsered,correct
13728,Subject120,417,funeral,67,funeral,colorred,test,num2,typesuicide,singlestim,111,387565,1010450,edc,paicipantresponsered,correct
14024,Subject120,344,funeral,77,funeral,colorblue,test,num2,typesuicide,singlestim,113,393115,1010470,edm,paicipantresponseblue,correct