,SubjectID,rt,stimulus,keypress,word,color,block,blocknum,wordtype,trialtype,trialindex,timeelapsed,internalnodeid,keypressed,participantresponse,correctresponse
81,Subject87,516,engine,67,engine,colorred,test,num1,typeneutral,singlestim,19,112385,100010,edc,paicipantresponsered,correct
377,Subject87,490,alone,67,alone,colorblue,test,num1,typenegative,singlestim,21,118108,100030,edc,paicipantresponsered,incorrect
673,Subject87,658,museum,77,museum,colorblue,test,num1,typeneutral,singlestim,23,123808,100050,edm,paicipantresponseblue,correct
969,Subject87,467,funeral,67,funeral,colorred,test,num1,typesuicide,singlestim,25,129679,100070,edc,paicipantresponsered,correct
1265,Subject87,503,happy,77,happy,colorblue,test,num1,typepositive,singlestim,27,135350,100090,edm,paicipantresponseblue,correct
1561,Subject87,602,dead,77,dead,colorblue,test,num1,typesuicide,singlestim,29,141061,1000110,edm,paicipantresponseblue,correct
1857,Subject87,814,stupid,67,stupid,colorred,test,num1,typenegative,singlestim,31,146870,1000130,edc,paicipantresponsered,correct
2153,Subject87,740,suicide,67,suicide,colorred,test,num1,typesuicide,singlestim,33,152890,1000150,edc,paicipantresponsered,correct
2449,Subject87,543,happy,67,happy,colorred,test,num1,typepositive,singlestim,35,158836,1000170,edc,paicipantresponsered,correct
2745,Subject87,495,paper,67,paper,colorred,test,num1,typeneutral,singlestim,37,164583,1000190,edc,paicipantresponsered,correct
3041,Subject87,652,success,67,success,colorred,test,num1,typepositive,singlestim,39,170283,1000210,edc,paicipantresponsered,correct
3337,Subject87,447,funeral,77,funeral,colorblue,test,num1,typesuicide,singlestim,41,176145,1000230,edm,paicipantresponseblue,correct
3633,Subject87,844,success,77,success,colorblue,test,num1,typepositive,singlestim,43,181796,1000250,edm,paicipantresponseblue,correct
3929,Subject87,928,museum,67,museum,colorred,test,num1,typeneutral,singlestim,45,187845,1000270,edc,paicipantresponsered,correct
4225,Subject87,461,alone,67,alone,colorred,test,num1,typenegative,singlestim,47,193979,1000290,edc,paicipantresponsered,correct
4521,Subject87,854,stupid,77,stupid,colorblue,test,num1,typenegative,singlestim,49,199648,1000310,edm,paicipantresponseblue,correct
4817,Subject87,673,suicide,77,suicide,colorblue,test,num1,typesuicide,singlestim,51,205709,1000330,edm,paicipantresponseblue,correct
5113,Subject87,659,pleasure,67,pleasure,colorred,test,num1,typepositive,singlestim,53,211590,1000350,edc,paicipantresponsered,correct
5409,Subject87,492,dead,67,dead,colorred,test,num1,typesuicide,singlestim,55,217458,1000370,edc,paicipantresponsered,correct
5705,Subject87,630,rejected,67,rejected,colorred,test,num1,typenegative,singlestim,57,223157,1000390,edc,paicipantresponsered,correct
6001,Subject87,611,rejected,77,rejected,colorblue,test,num1,typenegative,singlestim,59,228998,1000410,edm,paicipantresponseblue,correct
6297,Subject87,655,engine,77,engine,colorblue,test,num1,typeneutral,singlestim,61,234814,1000430,edm,paicipantresponseblue,correct
6593,Subject87,416,paper,77,paper,colorblue,test,num1,typeneutral,singlestim,63,240679,1000450,edm,paicipantresponseblue,correct
6889,Subject87,455,pleasure,77,pleasure,colorblue,test,num1,typepositive,singlestim,65,246304,1000470,edm,paicipantresponseblue,correct
7185,Subject87,886,success,67,success,colorred,test,num2,typepositive,singlestim,67,251968,101010,edc,paicipantresponsered,correct
7481,Subject87,771,rejected,67,rejected,colorred,test,num2,typenegative,singlestim,69,258066,101030,edc,paicipantresponsered,correct
7777,Subject87,1167,paper,67,paper,colorred,test,num2,typeneutral,singlestim,71,264045,101050,edc,paicipantresponsered,correct
8073,Subject87,690,happy,67,happy,colorred,test,num2,typepositive,singlestim,73,270426,101070,edc,paicipantresponsered,correct
8369,Subject87,646,success,77,success,colorblue,test,num2,typepositive,singlestim,75,276324,101090,edm,paicipantresponseblue,correct
8665,Subject87,683,engine,67,engine,colorred,test,num2,typeneutral,singlestim,77,282177,1010110,edc,paicipantresponsered,correct
8961,Subject87,798,alone,67,alone,colorred,test,num2,typenegative,singlestim,79,288066,1010130,edc,paicipantresponsered,correct
9257,Subject87,460,stupid,67,stupid,colorred,test,num2,typenegative,singlestim,81,294070,1010150,edc,paicipantresponsered,correct
9553,Subject87,530,dead,77,dead,colorblue,test,num2,typesuicide,singlestim,83,299740,1010170,edm,paicipantresponseblue,correct
9849,Subject87,568,museum,77,museum,colorblue,test,num2,typeneutral,singlestim,85,305478,1010190,edm,paicipantresponseblue,correct
10145,Subject87,477,dead,67,dead,colorred,test,num2,typesuicide,singlestim,87,311253,1010210,edc,paicipantresponsered,correct
10441,Subject87,695,museum,67,museum,colorred,test,num2,typeneutral,singlestim,89,316937,1010230,edc,paicipantresponsered,correct
10737,Subject87,539,funeral,67,funeral,colorred,test,num2,typesuicide,singlestim,91,322841,1010250,edc,paicipantresponsered,correct
11033,Subject87,727,alone,77,alone,colorblue,test,num2,typenegative,singlestim,93,328587,1010270,edm,paicipantresponseblue,correct
11329,Subject87,634,happy,77,happy,colorblue,test,num2,typepositive,singlestim,95,334523,1010290,edm,paicipantresponseblue,correct
11625,Subject87,690,suicide,77,suicide,colorblue,test,num2,typesuicide,singlestim,97,340366,1010310,edm,paicipantresponseblue,correct
11921,Subject87,694,paper,77,paper,colorblue,test,num2,typeneutral,singlestim,99,346267,1010330,edm,paicipantresponseblue,correct
12217,Subject87,968,pleasure,67,pleasure,colorred,test,num2,typepositive,singlestim,101,352168,1010350,edc,paicipantresponsered,correct
12513,Subject87,948,suicide,67,suicide,colorred,test,num2,typesuicide,singlestim,103,358344,1010370,edc,paicipantresponsered,correct
12809,Subject87,1021,rejected,77,rejected,colorblue,test,num2,typenegative,singlestim,105,364499,1010390,edm,paicipantresponseblue,correct
13105,Subject87,956,pleasure,77,pleasure,colorblue,test,num2,typepositive,singlestim,107,370727,1010410,edm,paicipantresponseblue,correct
13401,Subject87,1544,stupid,77,stupid,colorblue,test,num2,typenegative,singlestim,109,376892,1010430,edm,paicipantresponseblue,correct
13697,Subject87,881,engine,77,engine,colorblue,test,num2,typeneutral,singlestim,111,383645,1010450,edm,paicipantresponseblue,correct
13993,Subject87,1001,funeral,77,funeral,colorblue,test,num2,typesuicide,singlestim,113,389733,1010470,edm,paicipantresponseblue,correct