,SubjectID,rt,stimulus,keypress,word,color,block,blocknum,wordtype,trialtype,trialindex,timeelapsed,internalnodeid,keypressed,participantresponse,correctresponse
68,Subject73,600,rejected,67,rejected,colorred,test,num1,typenegative,singlestim,19,82205,100010,edc,paicipantresponsered,correct
364,Subject73,462,funeral,67,funeral,colorred,test,num1,typesuicide,singlestim,21,87871,100030,edc,paicipantresponsered,correct
660,Subject73,517,dead,67,dead,colorred,test,num1,typesuicide,singlestim,23,93594,100050,edc,paicipantresponsered,correct
956,Subject73,723,paper,67,paper,colorred,test,num1,typeneutral,singlestim,25,99522,100070,edc,paicipantresponsered,correct
1252,Subject73,398,suicide,67,suicide,colorred,test,num1,typesuicide,singlestim,27,105124,100090,edc,paicipantresponsered,correct
1548,Subject73,394,success,67,success,colorred,test,num1,typepositive,singlestim,29,110723,1000110,edc,paicipantresponsered,correct
1844,Subject73,380,engine,67,engine,colorred,test,num1,typeneutral,singlestim,31,116309,1000130,edc,paicipantresponsered,correct
2140,Subject73,421,happy,77,happy,colorblue,test,num1,typepositive,singlestim,33,121934,1000150,edm,paicipantresponseblue,correct
2436,Subject73,722,happy,67,happy,colorred,test,num1,typepositive,singlestim,35,127861,1000170,edc,paicipantresponsered,correct
2732,Subject73,595,alone,77,alone,colorblue,test,num1,typenegative,singlestim,37,133661,1000190,edm,paicipantresponseblue,correct
3028,Subject73,502,rejected,77,rejected,colorblue,test,num1,typenegative,singlestim,39,139367,1000210,edm,paicipantresponseblue,correct
3324,Subject73,566,alone,67,alone,colorred,test,num1,typenegative,singlestim,41,145137,1000230,edc,paicipantresponsered,correct
3620,Subject73,369,paper,77,paper,colorblue,test,num1,typeneutral,singlestim,43,150713,1000250,edm,paicipantresponseblue,correct
3916,Subject73,601,engine,77,engine,colorblue,test,num1,typeneutral,singlestim,45,156520,1000270,edm,paicipantresponseblue,correct
4212,Subject73,1163,museum,67,museum,colorred,test,num1,typeneutral,singlestim,47,162886,1000290,edc,paicipantresponsered,correct
4508,Subject73,927,suicide,77,suicide,colorblue,test,num1,typesuicide,singlestim,49,169018,1000310,edm,paicipantresponseblue,correct
4804,Subject73,535,museum,77,museum,colorblue,test,num1,typeneutral,singlestim,51,174756,1000330,edm,paicipantresponseblue,correct
5100,Subject73,488,stupid,77,stupid,colorblue,test,num1,typenegative,singlestim,53,180449,1000350,edm,paicipantresponseblue,correct
5396,Subject73,487,dead,77,dead,colorblue,test,num1,typesuicide,singlestim,55,186142,1000370,edm,paicipantresponseblue,correct
5692,Subject73,561,funeral,77,funeral,colorblue,test,num1,typesuicide,singlestim,57,191908,1000390,edm,paicipantresponseblue,correct
5988,Subject73,429,pleasure,77,pleasure,colorblue,test,num1,typepositive,singlestim,59,197543,1000410,edm,paicipantresponseblue,correct
6284,Subject73,485,success,77,success,colorblue,test,num1,typepositive,singlestim,61,203233,1000430,edm,paicipantresponseblue,correct
6580,Subject73,524,stupid,67,stupid,colorred,test,num1,typenegative,singlestim,63,208962,1000450,edc,paicipantresponsered,correct
6876,Subject73,672,pleasure,67,pleasure,colorred,test,num1,typepositive,singlestim,65,214838,1000470,edc,paicipantresponsered,correct
7172,Subject73,492,museum,77,museum,colorblue,test,num2,typeneutral,singlestim,67,220536,101010,edm,paicipantresponseblue,correct
7468,Subject73,516,success,77,success,colorblue,test,num2,typepositive,singlestim,69,226257,101030,edm,paicipantresponseblue,correct
7764,Subject73,702,rejected,67,rejected,colorred,test,num2,typenegative,singlestim,71,232164,101050,edc,paicipantresponsered,correct
8060,Subject73,521,paper,77,paper,colorblue,test,num2,typeneutral,singlestim,73,237891,101070,edm,paicipantresponseblue,correct
8356,Subject73,560,funeral,67,funeral,colorred,test,num2,typesuicide,singlestim,75,243657,101090,edc,paicipantresponsered,correct
8652,Subject73,515,pleasure,67,pleasure,colorred,test,num2,typepositive,singlestim,77,249377,1010110,edc,paicipantresponsered,correct
8948,Subject73,516,suicide,67,suicide,colorred,test,num2,typesuicide,singlestim,79,255099,1010130,edc,paicipantresponsered,correct
9244,Subject73,371,alone,67,alone,colorred,test,num2,typenegative,singlestim,81,260676,1010150,edc,paicipantresponsered,correct
9540,Subject73,397,engine,67,engine,colorred,test,num2,typeneutral,singlestim,83,266279,1010170,edc,paicipantresponsered,correct
9836,Subject73,582,funeral,77,funeral,colorblue,test,num2,typesuicide,singlestim,85,272067,1010190,edm,paicipantresponseblue,correct
10132,Subject73,505,suicide,77,suicide,colorblue,test,num2,typesuicide,singlestim,87,277776,1010210,edm,paicipantresponseblue,correct
10428,Subject73,468,happy,77,happy,colorblue,test,num2,typepositive,singlestim,89,283450,1010230,edm,paicipantresponseblue,correct
10724,Subject73,412,alone,77,alone,colorblue,test,num2,typenegative,singlestim,91,289067,1010250,edm,paicipantresponseblue,correct
11020,Subject73,371,stupid,77,stupid,colorblue,test,num2,typenegative,singlestim,93,294643,1010270,edm,paicipantresponseblue,correct
11316,Subject73,705,happy,67,happy,colorred,test,num2,typepositive,singlestim,95,300553,1010290,edc,paicipantresponsered,correct
11612,Subject73,468,rejected,77,rejected,colorblue,test,num2,typenegative,singlestim,97,306225,1010310,edm,paicipantresponseblue,correct
11908,Subject73,456,pleasure,77,pleasure,colorblue,test,num2,typepositive,singlestim,99,311885,1010330,edm,paicipantresponseblue,correct
12204,Subject73,464,engine,77,engine,colorblue,test,num2,typeneutral,singlestim,101,317556,1010350,edm,paicipantresponseblue,correct
12500,Subject73,397,dead,77,dead,colorblue,test,num2,typesuicide,singlestim,103,323157,1010370,edm,paicipantresponseblue,correct
12796,Subject73,507,stupid,67,stupid,colorred,test,num2,typenegative,singlestim,105,328869,1010390,edc,paicipantresponsered,correct
13092,Subject73,539,paper,67,paper,colorred,test,num2,typeneutral,singlestim,107,334613,1010410,edc,paicipantresponsered,correct
13388,Subject73,402,success,67,success,colorred,test,num2,typepositive,singlestim,109,340220,1010430,edc,paicipantresponsered,correct
13684,Subject73,492,museum,67,museum,colorred,test,num2,typeneutral,singlestim,111,345916,1010450,edc,paicipantresponsered,correct
13980,Subject73,463,dead,67,dead,colorred,test,num2,typesuicide,singlestim,113,351585,1010470,edc,paicipantresponsered,correct