,SubjectID,rt,stimulus,keypress,word,color,block,blocknum,wordtype,trialtype,trialindex,timeelapsed,internalnodeid,keypressed,participantresponse,correctresponse
270,Subject306,517,success,67,success,colorred,test,num1,typepositive,singlestim,19,70288,100010,edc,paicipantresponsered,correct
566,Subject306,428,funeral,77,funeral,colorblue,test,num1,typesuicide,singlestim,21,75931,100030,edm,paicipantresponseblue,correct
862,Subject306,473,happy,67,happy,colorred,test,num1,typepositive,singlestim,23,81624,100050,edc,paicipantresponsered,correct
1158,Subject306,444,pleasure,77,pleasure,colorblue,test,num1,typepositive,singlestim,25,87274,100070,edm,paicipantresponseblue,correct
1454,Subject306,469,engine,67,engine,colorred,test,num1,typeneutral,singlestim,27,92958,100090,edc,paicipantresponsered,correct
1750,Subject306,476,suicide,67,suicide,colorred,test,num1,typesuicide,singlestim,29,98646,1000110,edc,paicipantresponsered,correct
2046,Subject306,520,stupid,67,stupid,colorred,test,num1,typenegative,singlestim,31,104385,1000130,edc,paicipantresponsered,correct
2342,Subject306,482,rejected,77,rejected,colorblue,test,num1,typenegative,singlestim,33,110077,1000150,edm,paicipantresponseblue,correct
2638,Subject306,563,dead,67,dead,colorred,test,num1,typesuicide,singlestim,35,115856,1000170,edc,paicipantresponsered,correct
2934,Subject306,777,dead,77,dead,colorblue,test,num1,typesuicide,singlestim,37,121847,1000190,edm,paicipantresponseblue,correct
3230,Subject306,559,success,77,success,colorblue,test,num1,typepositive,singlestim,39,127613,1000210,edm,paicipantresponseblue,correct
3526,Subject306,497,happy,77,happy,colorblue,test,num1,typepositive,singlestim,41,133325,1000230,edm,paicipantresponseblue,correct
3822,Subject306,458,suicide,77,suicide,colorblue,test,num1,typesuicide,singlestim,43,138999,1000250,edm,paicipantresponseblue,correct
4118,Subject306,529,funeral,67,funeral,colorred,test,num1,typesuicide,singlestim,45,144744,1000270,edc,paicipantresponsered,correct
4414,Subject306,513,pleasure,67,pleasure,colorred,test,num1,typepositive,singlestim,47,150466,1000290,edc,paicipantresponsered,correct
4710,Subject306,588,museum,67,museum,colorred,test,num1,typeneutral,singlestim,49,156270,1000310,edc,paicipantresponsered,correct
5006,Subject306,467,alone,67,alone,colorred,test,num1,typenegative,singlestim,51,161951,1000330,edc,paicipantresponsered,correct
5302,Subject306,602,paper,77,paper,colorblue,test,num1,typeneutral,singlestim,53,167771,1000350,edm,paicipantresponseblue,correct
5598,Subject306,508,rejected,67,rejected,colorred,test,num1,typenegative,singlestim,55,173493,1000370,edc,paicipantresponsered,correct
5894,Subject306,729,engine,77,engine,colorblue,test,num1,typeneutral,singlestim,57,179431,1000390,edm,paicipantresponseblue,correct
6190,Subject306,688,paper,67,paper,colorred,test,num1,typeneutral,singlestim,59,185331,1000410,edc,paicipantresponsered,correct
6486,Subject306,636,museum,77,museum,colorblue,test,num1,typeneutral,singlestim,61,191183,1000430,edm,paicipantresponseblue,correct
6782,Subject306,574,stupid,77,stupid,colorblue,test,num1,typenegative,singlestim,63,196967,1000450,edm,paicipantresponseblue,correct
7078,Subject306,501,alone,77,alone,colorblue,test,num1,typenegative,singlestim,65,202682,1000470,edm,paicipantresponseblue,correct
7374,Subject306,588,success,77,success,colorblue,test,num2,typepositive,singlestim,67,208483,101010,edm,paicipantresponseblue,correct
7670,Subject306,558,happy,77,happy,colorblue,test,num2,typepositive,singlestim,69,214252,101030,edm,paicipantresponseblue,correct
7966,Subject306,763,funeral,77,funeral,colorblue,test,num2,typesuicide,singlestim,71,220228,101050,edm,paicipantresponseblue,correct
8262,Subject306,748,pleasure,67,pleasure,colorred,test,num2,typepositive,singlestim,73,226190,101070,edc,paicipantresponsered,correct
8558,Subject306,1029,funeral,67,funeral,colorred,test,num2,typesuicide,singlestim,75,232434,101090,edc,paicipantresponsered,correct
8854,Subject306,642,museum,77,museum,colorblue,test,num2,typeneutral,singlestim,77,238292,1010110,edm,paicipantresponseblue,correct
9150,Subject306,602,pleasure,77,pleasure,colorblue,test,num2,typepositive,singlestim,79,244114,1010130,edm,paicipantresponseblue,correct
9446,Subject306,662,stupid,67,stupid,colorred,test,num2,typenegative,singlestim,81,249986,1010150,edc,paicipantresponsered,correct
9742,Subject306,535,dead,77,dead,colorblue,test,num2,typesuicide,singlestim,83,255735,1010170,edm,paicipantresponseblue,correct
10038,Subject306,517,rejected,67,rejected,colorred,test,num2,typenegative,singlestim,85,261467,1010190,edc,paicipantresponsered,correct
10334,Subject306,579,stupid,77,stupid,colorblue,test,num2,typenegative,singlestim,87,267261,1010210,edm,paicipantresponseblue,correct
10630,Subject306,591,suicide,77,suicide,colorblue,test,num2,typesuicide,singlestim,89,273063,1010230,edm,paicipantresponseblue,correct
10926,Subject306,414,dead,67,dead,colorred,test,num2,typesuicide,singlestim,91,278687,1010250,edc,paicipantresponsered,correct
11222,Subject306,519,alone,77,alone,colorblue,test,num2,typenegative,singlestim,93,284418,1010270,edm,paicipantresponseblue,correct
11518,Subject306,552,engine,77,engine,colorblue,test,num2,typeneutral,singlestim,95,290184,1010290,edm,paicipantresponseblue,correct
11814,Subject306,560,suicide,67,suicide,colorred,test,num2,typesuicide,singlestim,97,295958,1010310,edc,paicipantresponsered,correct
12110,Subject306,824,success,67,success,colorred,test,num2,typepositive,singlestim,99,302000,1010330,edc,paicipantresponsered,correct
12406,Subject306,471,alone,67,alone,colorred,test,num2,typenegative,singlestim,101,307682,1010350,edc,paicipantresponsered,correct
12702,Subject306,575,engine,67,engine,colorred,test,num2,typeneutral,singlestim,103,313467,1010370,edc,paicipantresponsered,correct
12998,Subject306,493,rejected,77,rejected,colorblue,test,num2,typenegative,singlestim,105,319173,1010390,edm,paicipantresponseblue,correct
13294,Subject306,519,happy,77,happy,colorred,test,num2,typepositive,singlestim,107,324900,1010410,edm,paicipantresponseblue,incorrect
13590,Subject306,509,museum,67,museum,colorred,test,num2,typeneutral,singlestim,109,330625,1010430,edc,paicipantresponsered,correct
13886,Subject306,499,paper,67,paper,colorred,test,num2,typeneutral,singlestim,111,336344,1010450,edc,paicipantresponsered,correct
14182,Subject306,619,paper,77,paper,colorblue,test,num2,typeneutral,singlestim,113,342172,1010470,edm,paicipantresponseblue,correct