,SubjectID,rt,stimulus,keypress,word,color,block,blocknum,wordtype,trialtype,trialindex,timeelapsed,internalnodeid,keypressed,participantresponse,correctresponse
240,Subject273,848,funeral,67,funeral,colorred,test,num1,typesuicide,singlestim,19,72646,100010,edc,paicipantresponsered,correct
536,Subject273,426,museum,77,museum,colorblue,test,num1,typeneutral,singlestim,21,78283,100030,edm,paicipantresponseblue,correct
832,Subject273,534,alone,67,alone,colorred,test,num1,typenegative,singlestim,23,84026,100050,edc,paicipantresponsered,correct
1128,Subject273,373,stupid,77,stupid,colorblue,test,num1,typenegative,singlestim,25,89611,100070,edm,paicipantresponseblue,correct
1424,Subject273,343,happy,77,happy,colorblue,test,num1,typepositive,singlestim,27,95165,100090,edm,paicipantresponseblue,correct
1720,Subject273,328,success,77,success,colorblue,test,num1,typepositive,singlestim,29,100705,1000110,edm,paicipantresponseblue,correct
2016,Subject273,329,museum,67,museum,colorred,test,num1,typeneutral,singlestim,31,106242,1000130,edc,paicipantresponsered,correct
2312,Subject273,363,rejected,67,rejected,colorred,test,num1,typenegative,singlestim,33,111820,1000150,edc,paicipantresponsered,correct
2608,Subject273,474,success,67,success,colorred,test,num1,typepositive,singlestim,35,117502,1000170,edc,paicipantresponsered,correct
2904,Subject273,555,dead,77,dead,colorblue,test,num1,typesuicide,singlestim,37,123265,1000190,edm,paicipantresponseblue,correct
3200,Subject273,503,dead,67,dead,colorred,test,num1,typesuicide,singlestim,39,128980,1000210,edc,paicipantresponsered,correct
3496,Subject273,387,happy,67,happy,colorred,test,num1,typepositive,singlestim,41,134574,1000230,edc,paicipantresponsered,correct
3792,Subject273,396,paper,67,paper,colorred,test,num1,typeneutral,singlestim,43,140183,1000250,edc,paicipantresponsered,correct
4088,Subject273,417,suicide,77,suicide,colorred,test,num1,typesuicide,singlestim,45,145811,1000270,edm,paicipantresponseblue,incorrect
4384,Subject273,431,engine,77,engine,colorblue,test,num1,typeneutral,singlestim,47,151455,1000290,edm,paicipantresponseblue,correct
4680,Subject273,423,pleasure,67,pleasure,colorred,test,num1,typepositive,singlestim,49,157088,1000310,edc,paicipantresponsered,correct
4976,Subject273,453,suicide,77,suicide,colorblue,test,num1,typesuicide,singlestim,51,162755,1000330,edm,paicipantresponseblue,correct
5272,Subject273,433,engine,67,engine,colorred,test,num1,typeneutral,singlestim,53,168399,1000350,edc,paicipantresponsered,correct
5568,Subject273,455,stupid,67,stupid,colorred,test,num1,typenegative,singlestim,55,174064,1000370,edc,paicipantresponsered,correct
5864,Subject273,414,paper,77,paper,colorblue,test,num1,typeneutral,singlestim,57,179692,1000390,edm,paicipantresponseblue,correct
6160,Subject273,448,pleasure,77,pleasure,colorblue,test,num1,typepositive,singlestim,59,185351,1000410,edm,paicipantresponseblue,correct
6456,Subject273,407,alone,77,alone,colorblue,test,num1,typenegative,singlestim,61,190969,1000430,edm,paicipantresponseblue,correct
6752,Subject273,475,funeral,77,funeral,colorblue,test,num1,typesuicide,singlestim,63,196655,1000450,edm,paicipantresponseblue,correct
7048,Subject273,419,rejected,77,rejected,colorblue,test,num1,typenegative,singlestim,65,202288,1000470,edm,paicipantresponseblue,correct
7344,Subject273,463,dead,67,dead,colorred,test,num2,typesuicide,singlestim,67,207961,101010,edc,paicipantresponsered,correct
7640,Subject273,99,funeral,39,funeral,colorred,test,num2,typesuicide,singlestim,69,213274,101030,ed,,incorrect
7936,Subject273,459,suicide,77,suicide,colorred,test,num2,typesuicide,singlestim,71,218940,101050,edm,paicipantresponseblue,incorrect
8232,Subject273,415,museum,67,museum,colorred,test,num2,typeneutral,singlestim,73,224569,101070,edc,paicipantresponsered,correct
8528,Subject273,507,engine,77,engine,colorblue,test,num2,typeneutral,singlestim,75,230288,101090,edm,paicipantresponseblue,correct
8824,Subject273,395,happy,67,happy,colorred,test,num2,typepositive,singlestim,77,235893,1010110,edc,paicipantresponsered,correct
9120,Subject273,383,suicide,77,suicide,colorblue,test,num2,typesuicide,singlestim,79,241488,1010130,edm,paicipantresponseblue,correct
9416,Subject273,559,engine,67,engine,colorred,test,num2,typeneutral,singlestim,81,247258,1010150,edc,paicipantresponsered,correct
9712,Subject273,503,stupid,77,stupid,colorblue,test,num2,typenegative,singlestim,83,252972,1010170,edm,paicipantresponseblue,correct
10008,Subject273,407,rejected,67,rejected,colorred,test,num2,typenegative,singlestim,85,258593,1010190,edc,paicipantresponsered,correct
10304,Subject273,425,funeral,77,funeral,colorblue,test,num2,typesuicide,singlestim,87,264229,1010210,edm,paicipantresponseblue,correct
10600,Subject273,440,happy,77,happy,colorblue,test,num2,typepositive,singlestim,89,269881,1010230,edm,paicipantresponseblue,correct
10896,Subject273,426,stupid,67,stupid,colorred,test,num2,typenegative,singlestim,91,275515,1010250,edc,paicipantresponsered,correct
11192,Subject273,458,dead,77,dead,colorblue,test,num2,typesuicide,singlestim,93,281182,1010270,edm,paicipantresponseblue,correct
11488,Subject273,456,paper,77,paper,colorblue,test,num2,typeneutral,singlestim,95,286850,1010290,edm,paicipantresponseblue,correct
11784,Subject273,510,alone,67,alone,colorred,test,num2,typenegative,singlestim,97,292569,1010310,edc,paicipantresponsered,correct
12080,Subject273,442,paper,67,paper,colorred,test,num2,typeneutral,singlestim,99,298224,1010330,edc,paicipantresponsered,correct
12376,Subject273,411,success,67,success,colorred,test,num2,typepositive,singlestim,101,303848,1010350,edc,paicipantresponsered,correct
12672,Subject273,437,pleasure,67,pleasure,colorred,test,num2,typepositive,singlestim,103,309498,1010370,edc,paicipantresponsered,correct
12968,Subject273,501,alone,77,alone,colorblue,test,num2,typenegative,singlestim,105,315209,1010390,edm,paicipantresponseblue,correct
13264,Subject273,433,rejected,77,rejected,colorblue,test,num2,typenegative,singlestim,107,318970,1010410,edm,paicipantresponseblue,correct
13560,Subject273,432,success,77,success,colorblue,test,num2,typepositive,singlestim,109,324611,1010430,edm,paicipantresponseblue,correct
13856,Subject273,381,pleasure,77,pleasure,colorblue,test,num2,typepositive,singlestim,111,330201,1010450,edm,paicipantresponseblue,correct
14152,Subject273,344,museum,77,museum,colorblue,test,num2,typeneutral,singlestim,113,335753,1010470,edm,paicipantresponseblue,correct