,SubjectID,rt,stimulus,keypress,word,color,block,blocknum,wordtype,trialtype,trialindex,timeelapsed,internalnodeid,keypressed,participantresponse,correctresponse
162,Subject194,479,engine,77,engine,colorblue,test,num1,typeneutral,singlestim,19,103458,100010,edm,paicipantresponseblue,correct
458,Subject194,467,stupid,67,stupid,colorred,test,num1,typenegative,singlestim,21,109127,100030,edc,paicipantresponsered,correct
754,Subject194,990,happy,77,happy,colorblue,test,num1,typepositive,singlestim,23,115320,100050,edm,paicipantresponseblue,correct
1050,Subject194,490,pleasure,77,pleasure,colorblue,test,num1,typepositive,singlestim,25,121014,100070,edm,paicipantresponseblue,correct
1346,Subject194,499,funeral,77,funeral,colorblue,test,num1,typesuicide,singlestim,27,126717,100090,edm,paicipantresponseblue,correct
1642,Subject194,385,stupid,77,stupid,colorblue,test,num1,typenegative,singlestim,29,132307,1000110,edm,paicipantresponseblue,correct
1938,Subject194,389,museum,77,museum,colorblue,test,num1,typeneutral,singlestim,31,137901,1000130,edm,paicipantresponseblue,correct
2234,Subject194,480,happy,67,happy,colorred,test,num1,typepositive,singlestim,33,143586,1000150,edc,paicipantresponsered,correct
2530,Subject194,421,pleasure,67,pleasure,colorred,test,num1,typepositive,singlestim,35,149211,1000170,edc,paicipantresponsered,correct
2826,Subject194,521,engine,67,engine,colorred,test,num1,typeneutral,singlestim,37,154936,1000190,edc,paicipantresponsered,correct
3122,Subject194,403,dead,67,dead,colorred,test,num1,typesuicide,singlestim,39,160541,1000210,edc,paicipantresponsered,correct
3418,Subject194,503,success,77,success,colorblue,test,num1,typepositive,singlestim,41,166247,1000230,edm,paicipantresponseblue,correct
3714,Subject194,475,suicide,67,suicide,colorred,test,num1,typesuicide,singlestim,43,171926,1000250,edc,paicipantresponsered,correct
4010,Subject194,694,museum,67,museum,colorred,test,num1,typeneutral,singlestim,45,177822,1000270,edc,paicipantresponsered,correct
4306,Subject194,507,funeral,67,funeral,colorred,test,num1,typesuicide,singlestim,47,183531,1000290,edc,paicipantresponsered,correct
4602,Subject194,547,rejected,77,rejected,colorblue,test,num1,typenegative,singlestim,49,189278,1000310,edm,paicipantresponseblue,correct
4898,Subject194,394,suicide,77,suicide,colorblue,test,num1,typesuicide,singlestim,51,194875,1000330,edm,paicipantresponseblue,correct
5194,Subject194,377,paper,77,paper,colorblue,test,num1,typeneutral,singlestim,53,200454,1000350,edm,paicipantresponseblue,correct
5490,Subject194,528,paper,67,paper,colorred,test,num1,typeneutral,singlestim,55,206188,1000370,edc,paicipantresponsered,correct
5786,Subject194,540,alone,77,alone,colorblue,test,num1,typenegative,singlestim,57,211931,1000390,edm,paicipantresponseblue,correct
6082,Subject194,467,rejected,67,rejected,colorred,test,num1,typenegative,singlestim,59,217601,1000410,edc,paicipantresponsered,correct
6378,Subject194,494,alone,67,alone,colorred,test,num1,typenegative,singlestim,61,223298,1000430,edc,paicipantresponsered,correct
6674,Subject194,377,success,67,success,colorred,test,num1,typepositive,singlestim,63,228880,1000450,edc,paicipantresponsered,correct
6970,Subject194,449,dead,77,dead,colorblue,test,num1,typesuicide,singlestim,65,234532,1000470,edm,paicipantresponseblue,correct
7266,Subject194,331,engine,67,engine,colorred,test,num2,typeneutral,singlestim,67,240069,101010,edc,paicipantresponsered,correct
7562,Subject194,465,alone,67,alone,colorred,test,num2,typenegative,singlestim,69,245738,101030,edc,paicipantresponsered,correct
7858,Subject194,410,happy,67,happy,colorred,test,num2,typepositive,singlestim,71,251354,101050,edc,paicipantresponsered,correct
8154,Subject194,365,alone,77,alone,colorblue,test,num2,typenegative,singlestim,73,256922,101070,edm,paicipantresponseblue,correct
8450,Subject194,349,museum,77,museum,colorblue,test,num2,typeneutral,singlestim,75,262478,101090,edm,paicipantresponseblue,correct
8746,Subject194,437,rejected,77,rejected,colorblue,test,num2,typenegative,singlestim,77,268119,1010110,edm,paicipantresponseblue,correct
9042,Subject194,478,suicide,67,suicide,colorred,test,num2,typesuicide,singlestim,79,273801,1010130,edc,paicipantresponsered,correct
9338,Subject194,489,stupid,67,stupid,colorred,test,num2,typenegative,singlestim,81,279491,1010150,edc,paicipantresponsered,correct
9634,Subject194,439,pleasure,67,pleasure,colorred,test,num2,typepositive,singlestim,83,285133,1010170,edc,paicipantresponsered,correct
9930,Subject194,424,dead,67,dead,colorred,test,num2,typesuicide,singlestim,85,290761,1010190,edc,paicipantresponsered,correct
10226,Subject194,359,paper,67,paper,colorred,test,num2,typeneutral,singlestim,87,296322,1010210,edc,paicipantresponsered,correct
10522,Subject194,482,dead,77,dead,colorblue,test,num2,typesuicide,singlestim,89,302009,1010230,edm,paicipantresponseblue,correct
10818,Subject194,510,stupid,77,stupid,colorblue,test,num2,typenegative,singlestim,91,307722,1010250,edm,paicipantresponseblue,correct
11114,Subject194,656,pleasure,77,pleasure,colorblue,test,num2,typepositive,singlestim,93,313582,1010270,edm,paicipantresponseblue,correct
11410,Subject194,476,success,77,success,colorblue,test,num2,typepositive,singlestim,95,319263,1010290,edm,paicipantresponseblue,correct
11706,Subject194,480,engine,77,engine,colorblue,test,num2,typeneutral,singlestim,97,324947,1010310,edm,paicipantresponseblue,correct
12002,Subject194,415,paper,77,paper,colorblue,test,num2,typeneutral,singlestim,99,330567,1010330,edm,paicipantresponseblue,correct
12298,Subject194,340,funeral,67,funeral,colorred,test,num2,typesuicide,singlestim,101,336110,1010350,edc,paicipantresponsered,correct
12594,Subject194,516,rejected,67,rejected,colorred,test,num2,typenegative,singlestim,103,341830,1010370,edc,paicipantresponsered,correct
12890,Subject194,464,suicide,77,suicide,colorblue,test,num2,typesuicide,singlestim,105,347500,1010390,edm,paicipantresponseblue,correct
13186,Subject194,585,success,67,success,colorred,test,num2,typepositive,singlestim,107,353288,1010410,edc,paicipantresponsered,correct
13482,Subject194,424,happy,77,happy,colorblue,test,num2,typepositive,singlestim,109,358914,1010430,edm,paicipantresponseblue,correct
13778,Subject194,575,museum,67,museum,colorred,test,num2,typeneutral,singlestim,111,364691,1010450,edc,paicipantresponsered,correct
14074,Subject194,356,funeral,77,funeral,colorblue,test,num2,typesuicide,singlestim,113,370250,1010470,edm,paicipantresponseblue,correct