,SubjectID,rt,stimulus,keypress,word,color,block,blocknum,wordtype,trialtype,trialindex,timeelapsed,internalnodeid,keypressed,participantresponse,correctresponse
85,Subject92,,paper,1,paper,colorred,test,num1,typeneutral,singlestim,19,90909,100010,ed,,incorrect
381,Subject92,776,suicide,67,suicide,colorred,test,num1,typesuicide,singlestim,21,96897,100030,edc,paicipantresponsered,correct
677,Subject92,649,funeral,67,funeral,colorred,test,num1,typesuicide,singlestim,23,102755,100050,edc,paicipantresponsered,correct
973,Subject92,514,museum,77,museum,colorblue,test,num1,typeneutral,singlestim,25,108481,100070,edm,paicipantresponseblue,correct
1269,Subject92,1568,alone,77,alone,colorblue,test,num1,typenegative,singlestim,27,115258,100090,edm,paicipantresponseblue,correct
1565,Subject92,640,happy,77,happy,colorblue,test,num1,typepositive,singlestim,29,121109,1000110,edm,paicipantresponseblue,correct
1861,Subject92,760,rejected,77,rejected,colorblue,test,num1,typenegative,singlestim,31,127080,1000130,edm,paicipantresponseblue,correct
2157,Subject92,935,museum,67,museum,colorred,test,num1,typeneutral,singlestim,33,133227,1000150,edc,paicipantresponsered,correct
2453,Subject92,927,engine,77,engine,colorblue,test,num1,typeneutral,singlestim,35,139366,1000170,edm,paicipantresponseblue,correct
2749,Subject92,824,dead,67,dead,colorred,test,num1,typesuicide,singlestim,37,145407,1000190,edc,paicipantresponsered,correct
3045,Subject92,627,success,77,success,colorblue,test,num1,typepositive,singlestim,39,151241,1000210,edm,paicipantresponseblue,correct
3341,Subject92,833,rejected,67,rejected,colorred,test,num1,typenegative,singlestim,41,157286,1000230,edc,paicipantresponsered,correct
3637,Subject92,643,paper,77,paper,colorblue,test,num1,typeneutral,singlestim,43,163140,1000250,edm,paicipantresponseblue,correct
3933,Subject92,1178,suicide,77,suicide,colorblue,test,num1,typesuicide,singlestim,45,169530,1000270,edm,paicipantresponseblue,correct
4229,Subject92,616,alone,67,alone,colorred,test,num1,typenegative,singlestim,47,175359,1000290,edc,paicipantresponsered,correct
4525,Subject92,723,stupid,77,stupid,colorblue,test,num1,typenegative,singlestim,49,181292,1000310,edm,paicipantresponseblue,correct
4821,Subject92,801,dead,77,dead,colorblue,test,num1,typesuicide,singlestim,51,187303,1000330,edm,paicipantresponseblue,correct
5117,Subject92,565,happy,67,happy,colorred,test,num1,typepositive,singlestim,53,193084,1000350,edc,paicipantresponsered,correct
5413,Subject92,729,engine,67,engine,colorred,test,num1,typeneutral,singlestim,55,199023,1000370,edc,paicipantresponsered,correct
5709,Subject92,1194,funeral,77,funeral,colorblue,test,num1,typesuicide,singlestim,57,205432,1000390,edm,paicipantresponseblue,correct
6005,Subject92,814,pleasure,77,pleasure,colorblue,test,num1,typepositive,singlestim,59,211460,1000410,edm,paicipantresponseblue,correct
6301,Subject92,588,stupid,67,stupid,colorred,test,num1,typenegative,singlestim,61,217258,1000430,edc,paicipantresponsered,correct
6597,Subject92,1251,pleasure,67,pleasure,colorred,test,num1,typepositive,singlestim,63,223719,1000450,edc,paicipantresponsered,correct
6893,Subject92,1043,success,67,success,colorred,test,num1,typepositive,singlestim,65,229972,1000470,edc,paicipantresponsered,correct
7189,Subject92,539,stupid,77,stupid,colorblue,test,num2,typenegative,singlestim,67,235723,101010,edm,paicipantresponseblue,correct
7485,Subject92,1975,dead,67,dead,colorred,test,num2,typesuicide,singlestim,69,242911,101030,edc,paicipantresponsered,correct
7781,Subject92,557,success,77,success,colorblue,test,num2,typepositive,singlestim,71,248679,101050,edm,paicipantresponseblue,correct
8077,Subject92,504,museum,67,museum,colorred,test,num2,typeneutral,singlestim,73,254399,101070,edc,paicipantresponsered,correct
8373,Subject92,443,suicide,77,suicide,colorblue,test,num2,typesuicide,singlestim,75,260053,101090,edm,paicipantresponseblue,correct
8669,Subject92,663,rejected,67,rejected,colorred,test,num2,typenegative,singlestim,77,265924,1010110,edc,paicipantresponsered,correct
8965,Subject92,1292,dead,77,dead,colorblue,test,num2,typesuicide,singlestim,79,272427,1010130,edm,paicipantresponseblue,correct
9261,Subject92,479,paper,67,paper,colorred,test,num2,typeneutral,singlestim,81,278114,1010150,edc,paicipantresponsered,correct
9557,Subject92,709,stupid,67,stupid,colorred,test,num2,typenegative,singlestim,83,284035,1010170,edc,paicipantresponsered,correct
9853,Subject92,537,rejected,77,rejected,colorblue,test,num2,typenegative,singlestim,85,289785,1010190,edm,paicipantresponseblue,correct
10149,Subject92,562,museum,77,museum,colorblue,test,num2,typeneutral,singlestim,87,295557,1010210,edm,paicipantresponseblue,correct
10445,Subject92,495,funeral,77,funeral,colorblue,test,num2,typesuicide,singlestim,89,301265,1010230,edm,paicipantresponseblue,correct
10741,Subject92,1,engine,,engine,colorblue,test,num2,typeneutral,singlestim,91,308478,1010250,ed,,incorrect
11037,Subject92,1266,success,67,success,colorred,test,num2,typepositive,singlestim,93,314957,1010270,edc,paicipantresponsered,correct
11333,Subject92,518,alone,77,alone,colorblue,test,num2,typenegative,singlestim,95,320684,1010290,edm,paicipantresponseblue,correct
11629,Subject92,512,paper,77,paper,colorblue,test,num2,typeneutral,singlestim,97,326408,1010310,edm,paicipantresponseblue,correct
11925,Subject92,784,pleasure,77,pleasure,colorblue,test,num2,typepositive,singlestim,99,332402,1010330,edm,paicipantresponseblue,correct
12221,Subject92,673,happy,77,happy,colorblue,test,num2,typepositive,singlestim,101,338288,1010350,edm,paicipantresponseblue,correct
12517,Subject92,534,suicide,77,suicide,colorred,test,num2,typesuicide,singlestim,103,344033,1010370,edm,paicipantresponseblue,incorrect
12813,Subject92,957,pleasure,67,pleasure,colorred,test,num2,typepositive,singlestim,105,350202,1010390,edc,paicipantresponsered,correct
13109,Subject92,587,happy,67,happy,colorred,test,num2,typepositive,singlestim,107,356002,1010410,edc,paicipantresponsered,correct
13405,Subject92,952,engine,67,engine,colorred,test,num2,typeneutral,singlestim,109,362166,1010430,edc,paicipantresponsered,correct
13701,Subject92,1101,funeral,67,funeral,colorred,test,num2,typesuicide,singlestim,111,368477,1010450,edc,paicipantresponsered,correct
13997,Subject92,741,alone,67,alone,colorred,test,num2,typenegative,singlestim,113,374426,1010470,edc,paicipantresponsered,correct