,SubjectID,rt,stimulus,keypress,word,color,block,blocknum,wordtype,trialtype,trialindex,timeelapsed,internalnodeid,keypressed,participantresponse,correctresponse
227,Subject259,565,happy,67,happy,colorred,test,num1,typepositive,singlestim,19,64720,100010,edc,paicipantresponsered,correct
523,Subject259,604,stupid,67,stupid,colorred,test,num1,typenegative,singlestim,21,70534,100030,edc,paicipantresponsered,correct
819,Subject259,596,pleasure,67,pleasure,colorred,test,num1,typepositive,singlestim,23,76344,100050,edc,paicipantresponsered,correct
1115,Subject259,645,dead,67,dead,colorred,test,num1,typesuicide,singlestim,25,82198,100070,edc,paicipantresponsered,correct
1411,Subject259,514,dead,77,dead,colorblue,test,num1,typesuicide,singlestim,27,87926,100090,edm,paicipantresponseblue,correct
1707,Subject259,706,alone,77,alone,colorblue,test,num1,typenegative,singlestim,29,93847,1000110,edm,paicipantresponseblue,correct
2003,Subject259,630,paper,67,paper,colorred,test,num1,typeneutral,singlestim,31,99690,1000130,edc,paicipantresponsered,correct
2299,Subject259,397,funeral,67,funeral,colorred,test,num1,typesuicide,singlestim,33,105295,1000150,edc,paicipantresponsered,correct
2595,Subject259,551,funeral,77,funeral,colorblue,test,num1,typesuicide,singlestim,35,111058,1000170,edm,paicipantresponseblue,correct
2891,Subject259,532,rejected,77,rejected,colorblue,test,num1,typenegative,singlestim,37,116807,1000190,edm,paicipantresponseblue,correct
3187,Subject259,439,stupid,77,stupid,colorblue,test,num1,typenegative,singlestim,39,122457,1000210,edm,paicipantresponseblue,correct
3483,Subject259,450,suicide,77,suicide,colorblue,test,num1,typesuicide,singlestim,41,128116,1000230,edm,paicipantresponseblue,correct
3779,Subject259,432,rejected,67,rejected,colorred,test,num1,typenegative,singlestim,43,133764,1000250,edc,paicipantresponsered,correct
4075,Subject259,704,happy,77,happy,colorblue,test,num1,typepositive,singlestim,45,139679,1000270,edm,paicipantresponseblue,correct
4371,Subject259,410,success,67,success,colorred,test,num1,typepositive,singlestim,47,145300,1000290,edc,paicipantresponsered,correct
4667,Subject259,566,suicide,67,suicide,colorred,test,num1,typesuicide,singlestim,49,151082,1000310,edc,paicipantresponsered,correct
4963,Subject259,701,museum,77,museum,colorblue,test,num1,typeneutral,singlestim,51,156994,1000330,edm,paicipantresponseblue,correct
5259,Subject259,669,museum,67,museum,colorred,test,num1,typeneutral,singlestim,53,162879,1000350,edc,paicipantresponsered,correct
5555,Subject259,507,alone,67,alone,colorred,test,num1,typenegative,singlestim,55,168599,1000370,edc,paicipantresponsered,correct
5851,Subject259,697,pleasure,77,pleasure,colorblue,test,num1,typepositive,singlestim,57,174514,1000390,edm,paicipantresponseblue,correct
6147,Subject259,415,engine,67,engine,colorred,test,num1,typeneutral,singlestim,59,180141,1000410,edc,paicipantresponsered,correct
6443,Subject259,681,success,77,success,colorblue,test,num1,typepositive,singlestim,61,186038,1000430,edm,paicipantresponseblue,correct
6739,Subject259,480,paper,77,paper,colorblue,test,num1,typeneutral,singlestim,63,191732,1000450,edm,paicipantresponseblue,correct
7035,Subject259,645,engine,77,engine,colorblue,test,num1,typeneutral,singlestim,65,197589,1000470,edm,paicipantresponseblue,correct
7331,Subject259,536,happy,67,happy,colorred,test,num2,typepositive,singlestim,67,203341,101010,edc,paicipantresponsered,correct
7627,Subject259,618,pleasure,67,pleasure,colorred,test,num2,typepositive,singlestim,69,209173,101030,edc,paicipantresponsered,correct
7923,Subject259,441,suicide,77,suicide,colorblue,test,num2,typesuicide,singlestim,71,214830,101050,edm,paicipantresponseblue,correct
8219,Subject259,524,funeral,67,funeral,colorred,test,num2,typesuicide,singlestim,73,220569,101070,edc,paicipantresponsered,correct
8515,Subject259,415,stupid,77,stupid,colorblue,test,num2,typenegative,singlestim,75,226195,101090,edm,paicipantresponseblue,correct
8811,Subject259,509,happy,77,happy,colorblue,test,num2,typepositive,singlestim,77,231912,1010110,edm,paicipantresponseblue,correct
9107,Subject259,479,dead,67,dead,colorred,test,num2,typesuicide,singlestim,79,237607,1010130,edc,paicipantresponsered,correct
9403,Subject259,616,funeral,77,funeral,colorblue,test,num2,typesuicide,singlestim,81,243431,1010150,edm,paicipantresponseblue,correct
9699,Subject259,609,stupid,67,stupid,colorred,test,num2,typenegative,singlestim,83,249253,1010170,edc,paicipantresponsered,correct
9995,Subject259,743,rejected,67,rejected,colorred,test,num2,typenegative,singlestim,85,255205,1010190,edc,paicipantresponsered,correct
10291,Subject259,521,pleasure,77,pleasure,colorblue,test,num2,typepositive,singlestim,87,260939,1010210,edm,paicipantresponseblue,correct
10587,Subject259,873,success,77,success,colorblue,test,num2,typepositive,singlestim,89,267028,1010230,edm,paicipantresponseblue,correct
10883,Subject259,390,suicide,67,suicide,colorred,test,num2,typesuicide,singlestim,91,272632,1010250,edc,paicipantresponsered,correct
11179,Subject259,599,alone,67,alone,colorred,test,num2,typenegative,singlestim,93,278440,1010270,edc,paicipantresponsered,correct
11475,Subject259,432,paper,67,paper,colorred,test,num2,typeneutral,singlestim,95,284088,1010290,edc,paicipantresponsered,correct
11771,Subject259,621,museum,67,museum,colorred,test,num2,typeneutral,singlestim,97,289922,1010310,edc,paicipantresponsered,correct
12067,Subject259,562,alone,77,alone,colorblue,test,num2,typenegative,singlestim,99,295695,1010330,edm,paicipantresponseblue,correct
12363,Subject259,651,paper,77,paper,colorblue,test,num2,typeneutral,singlestim,101,301557,1010350,edm,paicipantresponseblue,correct
12659,Subject259,585,museum,77,museum,colorblue,test,num2,typeneutral,singlestim,103,307354,1010370,edm,paicipantresponseblue,correct
12955,Subject259,701,rejected,77,rejected,colorblue,test,num2,typenegative,singlestim,105,313268,1010390,edm,paicipantresponseblue,correct
13251,Subject259,899,dead,77,dead,colorblue,test,num2,typesuicide,singlestim,107,319380,1010410,edm,paicipantresponseblue,correct
13547,Subject259,444,engine,67,engine,colorred,test,num2,typeneutral,singlestim,109,325040,1010430,edc,paicipantresponsered,correct
13843,Subject259,757,success,67,success,colorred,test,num2,typepositive,singlestim,111,331007,1010450,edc,paicipantresponsered,correct
14139,Subject259,633,engine,77,engine,colorblue,test,num2,typeneutral,singlestim,113,337094,1010470,edm,paicipantresponseblue,correct