,SubjectID,rt,stimulus,keypress,word,color,block,blocknum,wordtype,trialtype,trialindex,timeelapsed,internalnodeid,keypressed,participantresponse,correctresponse
263,Subject299,443,museum,67,museum,colorred,test,num1,typeneutral,singlestim,19,64820,100010,edc,paicipantresponsered,correct
559,Subject299,311,stupid,77,stupid,colorblue,test,num1,typenegative,singlestim,21,70341,100030,edm,paicipantresponseblue,correct
855,Subject299,425,funeral,67,funeral,colorred,test,num1,typesuicide,singlestim,23,75974,100050,edc,paicipantresponsered,correct
1151,Subject299,357,rejected,77,rejected,colorblue,test,num1,typenegative,singlestim,25,81540,100070,edm,paicipantresponseblue,correct
1447,Subject299,443,alone,67,alone,colorred,test,num1,typenegative,singlestim,27,87190,100090,edc,paicipantresponsered,correct
1743,Subject299,430,suicide,67,suicide,colorred,test,num1,typesuicide,singlestim,29,92829,1000110,edc,paicipantresponsered,correct
2039,Subject299,431,dead,67,dead,colorred,test,num1,typesuicide,singlestim,31,98470,1000130,edc,paicipantresponsered,correct
2335,Subject299,420,engine,67,engine,colorred,test,num1,typeneutral,singlestim,33,104105,1000150,edc,paicipantresponsered,correct
2631,Subject299,315,engine,77,engine,colorblue,test,num1,typeneutral,singlestim,35,109627,1000170,edm,paicipantresponseblue,correct
2927,Subject299,293,funeral,77,funeral,colorblue,test,num1,typesuicide,singlestim,37,115127,1000190,edm,paicipantresponseblue,correct
3223,Subject299,372,pleasure,67,pleasure,colorred,test,num1,typepositive,singlestim,39,120707,1000210,edc,paicipantresponsered,correct
3519,Subject299,487,stupid,67,stupid,colorred,test,num1,typenegative,singlestim,41,126401,1000230,edc,paicipantresponsered,correct
3815,Subject299,601,alone,77,alone,colorblue,test,num1,typenegative,singlestim,43,132211,1000250,edm,paicipantresponseblue,correct
4111,Subject299,566,happy,67,happy,colorred,test,num1,typepositive,singlestim,45,137984,1000270,edc,paicipantresponsered,correct
4407,Subject299,284,happy,77,happy,colorblue,test,num1,typepositive,singlestim,47,143477,1000290,edm,paicipantresponseblue,correct
4703,Subject299,402,rejected,67,rejected,colorred,test,num1,typenegative,singlestim,49,149086,1000310,edc,paicipantresponsered,correct
4999,Subject299,606,suicide,77,suicide,colorblue,test,num1,typesuicide,singlestim,51,154899,1000330,edm,paicipantresponseblue,correct
5295,Subject299,649,pleasure,77,pleasure,colorblue,test,num1,typepositive,singlestim,53,160758,1000350,edm,paicipantresponseblue,correct
5591,Subject299,437,dead,77,dead,colorblue,test,num1,typesuicide,singlestim,55,166411,1000370,edm,paicipantresponseblue,correct
5887,Subject299,479,success,67,success,colorred,test,num1,typepositive,singlestim,57,172100,1000390,edc,paicipantresponsered,correct
6183,Subject299,633,museum,77,museum,colorblue,test,num1,typeneutral,singlestim,59,177939,1000410,edm,paicipantresponseblue,correct
6479,Subject299,399,paper,77,paper,colorblue,test,num1,typeneutral,singlestim,61,183545,1000430,edm,paicipantresponseblue,correct
6775,Subject299,468,success,77,success,colorblue,test,num1,typepositive,singlestim,63,189220,1000450,edm,paicipantresponseblue,correct
7071,Subject299,483,paper,67,paper,colorred,test,num1,typeneutral,singlestim,65,194913,1000470,edc,paicipantresponsered,correct
7367,Subject299,363,dead,67,dead,colorred,test,num2,typesuicide,singlestim,67,200484,101010,edc,paicipantresponsered,correct
7663,Subject299,495,dead,77,dead,colorblue,test,num2,typesuicide,singlestim,69,206185,101030,edm,paicipantresponseblue,correct
7959,Subject299,591,rejected,67,rejected,colorred,test,num2,typenegative,singlestim,71,211984,101050,edc,paicipantresponsered,correct
8255,Subject299,610,happy,77,happy,colorblue,test,num2,typepositive,singlestim,73,217801,101070,edm,paicipantresponseblue,correct
8551,Subject299,478,success,67,success,colorred,test,num2,typepositive,singlestim,75,223489,101090,edc,paicipantresponsered,correct
8847,Subject299,471,happy,67,happy,colorred,test,num2,typepositive,singlestim,77,229174,1010110,edc,paicipantresponsered,correct
9143,Subject299,752,engine,67,engine,colorred,test,num2,typeneutral,singlestim,79,235135,1010130,edc,paicipantresponsered,correct
9439,Subject299,391,funeral,67,funeral,colorred,test,num2,typesuicide,singlestim,81,240734,1010150,edc,paicipantresponsered,correct
9735,Subject299,289,engine,77,engine,colorblue,test,num2,typeneutral,singlestim,83,246230,1010170,edm,paicipantresponseblue,correct
10031,Subject299,540,pleasure,67,pleasure,colorred,test,num2,typepositive,singlestim,85,251978,1010190,edc,paicipantresponsered,correct
10327,Subject299,538,stupid,67,stupid,colorred,test,num2,typenegative,singlestim,87,257727,1010210,edc,paicipantresponsered,correct
10623,Subject299,954,pleasure,77,pleasure,colorblue,test,num2,typepositive,singlestim,89,263888,1010230,edm,paicipantresponseblue,correct
10919,Subject299,455,museum,77,museum,colorblue,test,num2,typeneutral,singlestim,91,269550,1010250,edm,paicipantresponseblue,correct
11215,Subject299,342,paper,67,paper,colorred,test,num2,typeneutral,singlestim,93,275100,1010270,edc,paicipantresponsered,correct
11511,Subject299,346,suicide,77,suicide,colorblue,test,num2,typesuicide,singlestim,95,280652,1010290,edm,paicipantresponseblue,correct
11807,Subject299,484,alone,67,alone,colorred,test,num2,typenegative,singlestim,97,286344,1010310,edc,paicipantresponsered,correct
12103,Subject299,771,paper,77,paper,colorblue,test,num2,typeneutral,singlestim,99,292331,1010330,edm,paicipantresponseblue,correct
12399,Subject299,451,suicide,67,suicide,colorred,test,num2,typesuicide,singlestim,101,297989,1010350,edc,paicipantresponsered,correct
12695,Subject299,524,success,77,success,colorblue,test,num2,typepositive,singlestim,103,303721,1010370,edm,paicipantresponseblue,correct
12991,Subject299,320,rejected,77,rejected,colorblue,test,num2,typenegative,singlestim,105,309248,1010390,edm,paicipantresponseblue,correct
13287,Subject299,634,stupid,77,stupid,colorblue,test,num2,typenegative,singlestim,107,315090,1010410,edm,paicipantresponseblue,correct
13583,Subject299,454,museum,67,museum,colorred,test,num2,typeneutral,singlestim,109,320750,1010430,edc,paicipantresponsered,correct
13879,Subject299,774,funeral,77,funeral,colorblue,test,num2,typesuicide,singlestim,111,326733,1010450,edm,paicipantresponseblue,correct
14175,Subject299,367,alone,77,alone,colorblue,test,num2,typenegative,singlestim,113,332307,1010470,edm,paicipantresponseblue,correct