,SubjectID,rt,stimulus,keypress,word,color,block,blocknum,wordtype,trialtype,trialindex,timeelapsed,internalnodeid,keypressed,participantresponse,correctresponse
145,Subject156,504,pleasure,67,pleasure,colorred,test,num1,typepositive,singlestim,19,83107,100010,edc,paicipantresponsered,correct
441,Subject156,390,museum,77,museum,colorblue,test,num1,typeneutral,singlestim,21,88711,100030,edm,paicipantresponseblue,correct
737,Subject156,377,dead,67,dead,colorred,test,num1,typesuicide,singlestim,23,94300,100050,edc,paicipantresponsered,correct
1033,Subject156,383,paper,77,paper,colorblue,test,num1,typeneutral,singlestim,25,99897,100070,edm,paicipantresponseblue,correct
1329,Subject156,453,funeral,77,funeral,colorblue,test,num1,typesuicide,singlestim,27,105560,100090,edm,paicipantresponseblue,correct
1625,Subject156,427,happy,77,happy,colorblue,test,num1,typepositive,singlestim,29,111199,1000110,edm,paicipantresponseblue,correct
1921,Subject156,456,success,77,success,colorblue,test,num1,typepositive,singlestim,31,116863,1000130,edm,paicipantresponseblue,correct
2217,Subject156,377,museum,67,museum,colorred,test,num1,typeneutral,singlestim,33,122449,1000150,edc,paicipantresponsered,correct
2513,Subject156,383,stupid,77,stupid,colorblue,test,num1,typenegative,singlestim,35,128046,1000170,edm,paicipantresponseblue,correct
2809,Subject156,433,engine,77,engine,colorblue,test,num1,typeneutral,singlestim,37,133690,1000190,edm,paicipantresponseblue,correct
3105,Subject156,401,success,67,success,colorred,test,num1,typepositive,singlestim,39,139300,1000210,edc,paicipantresponsered,correct
3401,Subject156,458,funeral,67,funeral,colorred,test,num1,typesuicide,singlestim,41,144970,1000230,edc,paicipantresponsered,correct
3697,Subject156,373,rejected,77,rejected,colorblue,test,num1,typenegative,singlestim,43,150555,1000250,edm,paicipantresponseblue,correct
3993,Subject156,469,stupid,77,stupid,colorred,test,num1,typenegative,singlestim,45,156235,1000270,edm,paicipantresponseblue,incorrect
4289,Subject156,450,engine,67,engine,colorred,test,num1,typeneutral,singlestim,47,161898,1000290,edc,paicipantresponsered,correct
4585,Subject156,551,suicide,77,suicide,colorblue,test,num1,typesuicide,singlestim,49,167664,1000310,edm,paicipantresponseblue,correct
4881,Subject156,452,rejected,77,rejected,colorred,test,num1,typenegative,singlestim,51,173329,1000330,edm,paicipantresponseblue,incorrect
5177,Subject156,507,paper,67,paper,colorred,test,num1,typeneutral,singlestim,53,179054,1000350,edc,paicipantresponsered,correct
5473,Subject156,610,dead,77,dead,colorblue,test,num1,typesuicide,singlestim,55,184874,1000370,edm,paicipantresponseblue,correct
5769,Subject156,391,alone,77,alone,colorblue,test,num1,typenegative,singlestim,57,190479,1000390,edm,paicipantresponseblue,correct
6065,Subject156,579,suicide,67,suicide,colorred,test,num1,typesuicide,singlestim,59,196276,1000410,edc,paicipantresponsered,correct
6361,Subject156,638,alone,67,alone,colorred,test,num1,typenegative,singlestim,61,202130,1000430,edc,paicipantresponsered,correct
6657,Subject156,501,pleasure,77,pleasure,colorblue,test,num1,typepositive,singlestim,63,207842,1000450,edm,paicipantresponseblue,correct
6953,Subject156,493,happy,67,happy,colorred,test,num1,typepositive,singlestim,65,213547,1000470,edc,paicipantresponsered,correct
7249,Subject156,559,dead,67,dead,colorred,test,num2,typesuicide,singlestim,67,219316,101010,edc,paicipantresponsered,correct
7545,Subject156,580,happy,77,happy,colorblue,test,num2,typepositive,singlestim,69,225109,101030,edm,paicipantresponseblue,correct
7841,Subject156,652,stupid,67,stupid,colorblue,test,num2,typenegative,singlestim,71,230972,101050,edc,paicipantresponsered,incorrect
8137,Subject156,661,funeral,67,funeral,colorred,test,num2,typesuicide,singlestim,73,236844,101070,edc,paicipantresponsered,correct
8433,Subject156,599,engine,67,engine,colorred,test,num2,typeneutral,singlestim,75,242657,101090,edc,paicipantresponsered,correct
8729,Subject156,571,rejected,67,rejected,colorred,test,num2,typenegative,singlestim,77,248443,1010110,edc,paicipantresponsered,correct
9025,Subject156,400,success,77,success,colorblue,test,num2,typepositive,singlestim,79,254053,1010130,edm,paicipantresponseblue,correct
9321,Subject156,661,alone,77,alone,colorblue,test,num2,typenegative,singlestim,81,259927,1010150,edm,paicipantresponseblue,correct
9617,Subject156,365,dead,67,dead,colorblue,test,num2,typesuicide,singlestim,83,265504,1010170,edc,paicipantresponsered,incorrect
9913,Subject156,623,suicide,67,suicide,colorred,test,num2,typesuicide,singlestim,85,271342,1010190,edc,paicipantresponsered,correct
10209,Subject156,536,stupid,67,stupid,colorred,test,num2,typenegative,singlestim,87,277092,1010210,edc,paicipantresponsered,correct
10505,Subject156,515,success,67,success,colorred,test,num2,typepositive,singlestim,89,282816,1010230,edc,paicipantresponsered,correct
10801,Subject156,496,pleasure,67,pleasure,colorred,test,num2,typepositive,singlestim,91,288527,1010250,edc,paicipantresponsered,correct
11097,Subject156,607,paper,67,paper,colorred,test,num2,typeneutral,singlestim,93,294342,1010270,edc,paicipantresponsered,correct
11393,Subject156,618,rejected,77,rejected,colorblue,test,num2,typenegative,singlestim,95,300170,1010290,edm,paicipantresponseblue,correct
11689,Subject156,616,funeral,67,funeral,colorblue,test,num2,typesuicide,singlestim,97,305996,1010310,edc,paicipantresponsered,incorrect
11985,Subject156,636,museum,67,museum,colorred,test,num2,typeneutral,singlestim,99,311847,1010330,edc,paicipantresponsered,correct
12281,Subject156,530,paper,77,paper,colorblue,test,num2,typeneutral,singlestim,101,317590,1010350,edm,paicipantresponseblue,correct
12577,Subject156,591,happy,67,happy,colorred,test,num2,typepositive,singlestim,103,323395,1010370,edc,paicipantresponsered,correct
12873,Subject156,512,engine,77,engine,colorblue,test,num2,typeneutral,singlestim,105,329119,1010390,edm,paicipantresponseblue,correct
13169,Subject156,399,alone,67,alone,colorred,test,num2,typenegative,singlestim,107,334729,1010410,edc,paicipantresponsered,correct
13465,Subject156,418,suicide,77,suicide,colorblue,test,num2,typesuicide,singlestim,109,340360,1010430,edm,paicipantresponseblue,correct
13761,Subject156,467,pleasure,77,pleasure,colorblue,test,num2,typepositive,singlestim,111,346039,1010450,edm,paicipantresponseblue,correct
14057,Subject156,387,museum,77,museum,colorblue,test,num2,typeneutral,singlestim,113,351643,1010470,edm,paicipantresponseblue,correct