,SubjectID,rt,stimulus,keypress,word,color,block,blocknum,wordtype,trialtype,trialindex,timeelapsed,internalnodeid,keypressed,participantresponse,correctresponse
113,Subject121,425,museum,77,museum,colorblue,test,num1,typeneutral,singlestim,19,102714,100010,edm,paicipantresponseblue,correct
409,Subject121,450,dead,77,dead,colorblue,test,num1,typesuicide,singlestim,21,108370,100030,edm,paicipantresponseblue,correct
705,Subject121,483,happy,77,happy,colorblue,test,num1,typepositive,singlestim,23,114057,100050,edm,paicipantresponseblue,correct
1001,Subject121,699,paper,77,paper,colorblue,test,num1,typeneutral,singlestim,25,119961,100070,edm,paicipantresponseblue,correct
1297,Subject121,480,rejected,77,rejected,colorblue,test,num1,typenegative,singlestim,27,125645,100090,edm,paicipantresponseblue,correct
1593,Subject121,424,success,77,success,colorblue,test,num1,typepositive,singlestim,29,131274,1000110,edm,paicipantresponseblue,correct
1889,Subject121,387,alone,67,alone,colorred,test,num1,typenegative,singlestim,31,136866,1000130,edc,paicipantresponsered,correct
2185,Subject121,446,alone,77,alone,colorblue,test,num1,typenegative,singlestim,33,142517,1000150,edm,paicipantresponseblue,correct
2481,Subject121,533,stupid,67,stupid,colorred,test,num1,typenegative,singlestim,35,148254,1000170,edc,paicipantresponsered,correct
2777,Subject121,596,paper,67,paper,colorred,test,num1,typeneutral,singlestim,37,154055,1000190,edc,paicipantresponsered,correct
3073,Subject121,419,stupid,77,stupid,colorblue,test,num1,typenegative,singlestim,39,159679,1000210,edm,paicipantresponseblue,correct
3369,Subject121,587,suicide,67,suicide,colorred,test,num1,typesuicide,singlestim,41,165471,1000230,edc,paicipantresponsered,correct
3665,Subject121,581,pleasure,67,pleasure,colorred,test,num1,typepositive,singlestim,43,171256,1000250,edc,paicipantresponsered,correct
3961,Subject121,460,happy,67,happy,colorred,test,num1,typepositive,singlestim,45,176920,1000270,edc,paicipantresponsered,correct
4257,Subject121,536,funeral,67,funeral,colorred,test,num1,typesuicide,singlestim,47,182661,1000290,edc,paicipantresponsered,correct
4553,Subject121,490,museum,67,museum,colorred,test,num1,typeneutral,singlestim,49,188357,1000310,edc,paicipantresponsered,correct
4849,Subject121,477,pleasure,77,pleasure,colorblue,test,num1,typepositive,singlestim,51,194037,1000330,edm,paicipantresponseblue,correct
5145,Subject121,619,suicide,77,suicide,colorblue,test,num1,typesuicide,singlestim,53,199861,1000350,edm,paicipantresponseblue,correct
5441,Subject121,555,funeral,77,funeral,colorblue,test,num1,typesuicide,singlestim,55,205622,1000370,edm,paicipantresponseblue,correct
5737,Subject121,903,rejected,67,rejected,colorred,test,num1,typenegative,singlestim,57,211733,1000390,edc,paicipantresponsered,correct
6033,Subject121,485,dead,67,dead,colorred,test,num1,typesuicide,singlestim,59,217424,1000410,edc,paicipantresponsered,correct
6329,Subject121,925,engine,77,engine,colorblue,test,num1,typeneutral,singlestim,61,223552,1000430,edm,paicipantresponseblue,correct
6625,Subject121,421,engine,67,engine,colorred,test,num1,typeneutral,singlestim,63,229178,1000450,edc,paicipantresponsered,correct
6921,Subject121,465,success,67,success,colorred,test,num1,typepositive,singlestim,65,234846,1000470,edc,paicipantresponsered,correct
7217,Subject121,416,paper,67,paper,colorred,test,num2,typeneutral,singlestim,67,240466,101010,edc,paicipantresponsered,correct
7513,Subject121,418,alone,67,alone,colorred,test,num2,typenegative,singlestim,69,246089,101030,edc,paicipantresponsered,correct
7809,Subject121,397,rejected,77,rejected,colorblue,test,num2,typenegative,singlestim,71,251689,101050,edm,paicipantresponseblue,correct
8105,Subject121,469,success,67,success,colorred,test,num2,typepositive,singlestim,73,257363,101070,edc,paicipantresponsered,correct
8401,Subject121,809,museum,77,museum,colorblue,test,num2,typeneutral,singlestim,75,263375,101090,edm,paicipantresponseblue,correct
8697,Subject121,593,suicide,67,suicide,colorred,test,num2,typesuicide,singlestim,77,269174,1010110,edc,paicipantresponsered,correct
8993,Subject121,388,dead,67,dead,colorred,test,num2,typesuicide,singlestim,79,274767,1010130,edc,paicipantresponsered,correct
9289,Subject121,371,suicide,77,suicide,colorblue,test,num2,typesuicide,singlestim,81,280346,1010150,edm,paicipantresponseblue,correct
9585,Subject121,595,engine,67,engine,colorred,test,num2,typeneutral,singlestim,83,286145,1010170,edc,paicipantresponsered,correct
9881,Subject121,488,engine,77,engine,colorblue,test,num2,typeneutral,singlestim,85,291836,1010190,edm,paicipantresponseblue,correct
10177,Subject121,417,pleasure,77,pleasure,colorblue,test,num2,typepositive,singlestim,87,297457,1010210,edm,paicipantresponseblue,correct
10473,Subject121,456,alone,77,alone,colorblue,test,num2,typenegative,singlestim,89,303119,1010230,edm,paicipantresponseblue,correct
10769,Subject121,542,happy,67,happy,colorred,test,num2,typepositive,singlestim,91,308867,1010250,edc,paicipantresponsered,correct
11065,Subject121,624,paper,77,paper,colorblue,test,num2,typeneutral,singlestim,93,314695,1010270,edm,paicipantresponseblue,correct
11361,Subject121,486,pleasure,67,pleasure,colorred,test,num2,typepositive,singlestim,95,320385,1010290,edc,paicipantresponsered,correct
11657,Subject121,458,dead,77,dead,colorblue,test,num2,typesuicide,singlestim,97,326048,1010310,edm,paicipantresponseblue,correct
11953,Subject121,657,museum,67,museum,colorred,test,num2,typeneutral,singlestim,99,331909,1010330,edc,paicipantresponsered,correct
12249,Subject121,422,happy,77,happy,colorblue,test,num2,typepositive,singlestim,101,337534,1010350,edm,paicipantresponseblue,correct
12545,Subject121,503,stupid,67,stupid,colorred,test,num2,typenegative,singlestim,103,343242,1010370,edc,paicipantresponsered,correct
12841,Subject121,441,success,77,success,colorblue,test,num2,typepositive,singlestim,105,348887,1010390,edm,paicipantresponseblue,correct
13137,Subject121,677,stupid,77,stupid,colorblue,test,num2,typenegative,singlestim,107,354771,1010410,edm,paicipantresponseblue,correct
13433,Subject121,590,rejected,67,rejected,colorred,test,num2,typenegative,singlestim,109,360565,1010430,edc,paicipantresponsered,correct
13729,Subject121,417,funeral,77,funeral,colorblue,test,num2,typesuicide,singlestim,111,366189,1010450,edm,paicipantresponseblue,correct
14025,Subject121,467,funeral,77,funeral,colorred,test,num2,typesuicide,singlestim,113,371863,1010470,edm,paicipantresponseblue,incorrect