,SubjectID,rt,stimulus,keypress,word,color,block,blocknum,wordtype,trialtype,trialindex,timeelapsed,internalnodeid,keypressed,participantresponse,correctresponse
70,Subject75,366,engine,67,engine,colorred,test,num1,typeneutral,singlestim,19,81007,100010,edc,paicipantresponsered,correct
366,Subject75,350,happy,77,happy,colorblue,test,num1,typepositive,singlestim,21,86570,100030,edm,paicipantresponseblue,correct
662,Subject75,344,alone,67,alone,colorred,test,num1,typenegative,singlestim,23,92126,100050,edc,paicipantresponsered,correct
958,Subject75,608,dead,77,dead,colorblue,test,num1,typesuicide,singlestim,25,97948,100070,edm,paicipantresponseblue,correct
1254,Subject75,390,rejected,77,rejected,colorblue,test,num1,typenegative,singlestim,27,103551,100090,edm,paicipantresponseblue,correct
1550,Subject75,365,stupid,67,stupid,colorblue,test,num1,typenegative,singlestim,29,109127,1000110,edc,paicipantresponsered,incorrect
1846,Subject75,649,paper,67,paper,colorred,test,num1,typeneutral,singlestim,31,114990,1000130,edc,paicipantresponsered,correct
2142,Subject75,320,pleasure,77,pleasure,colorblue,test,num1,typepositive,singlestim,33,120523,1000150,edm,paicipantresponseblue,correct
2438,Subject75,436,alone,77,alone,colorblue,test,num1,typenegative,singlestim,35,126171,1000170,edm,paicipantresponseblue,correct
2734,Subject75,363,dead,67,dead,colorred,test,num1,typesuicide,singlestim,37,131743,1000190,edc,paicipantresponsered,correct
3030,Subject75,363,success,77,success,colorblue,test,num1,typepositive,singlestim,39,137316,1000210,edm,paicipantresponseblue,correct
3326,Subject75,434,suicide,67,suicide,colorred,test,num1,typesuicide,singlestim,41,142959,1000230,edc,paicipantresponsered,correct
3622,Subject75,366,suicide,77,suicide,colorblue,test,num1,typesuicide,singlestim,43,148539,1000250,edm,paicipantresponseblue,correct
3918,Subject75,436,paper,77,paper,colorblue,test,num1,typeneutral,singlestim,45,154187,1000270,edm,paicipantresponseblue,correct
4214,Subject75,515,funeral,77,funeral,colorblue,test,num1,typesuicide,singlestim,47,159912,1000290,edm,paicipantresponseblue,correct
4510,Subject75,607,funeral,67,funeral,colorred,test,num1,typesuicide,singlestim,49,165734,1000310,edc,paicipantresponsered,correct
4806,Subject75,557,rejected,67,rejected,colorred,test,num1,typenegative,singlestim,51,171509,1000330,edc,paicipantresponsered,correct
5102,Subject75,483,success,67,success,colorred,test,num1,typepositive,singlestim,53,177201,1000350,edc,paicipantresponsered,correct
5398,Subject75,524,stupid,67,stupid,colorred,test,num1,typenegative,singlestim,55,182935,1000370,edc,paicipantresponsered,correct
5694,Subject75,553,pleasure,67,pleasure,colorred,test,num1,typepositive,singlestim,57,188699,1000390,edc,paicipantresponsered,correct
5990,Subject75,711,engine,77,engine,colorblue,test,num1,typeneutral,singlestim,59,194621,1000410,edm,paicipantresponseblue,correct
6286,Subject75,557,museum,67,museum,colorred,test,num1,typeneutral,singlestim,61,200387,1000430,edc,paicipantresponsered,correct
6582,Subject75,560,happy,67,happy,colorred,test,num1,typepositive,singlestim,63,206160,1000450,edc,paicipantresponsered,correct
6878,Subject75,536,museum,77,museum,colorblue,test,num1,typeneutral,singlestim,65,211911,1000470,edm,paicipantresponseblue,correct
7174,Subject75,534,funeral,77,funeral,colorblue,test,num2,typesuicide,singlestim,67,217660,101010,edm,paicipantresponseblue,correct
7470,Subject75,537,pleasure,77,pleasure,colorblue,test,num2,typepositive,singlestim,69,223409,101030,edm,paicipantresponseblue,correct
7766,Subject75,441,happy,77,happy,colorblue,test,num2,typepositive,singlestim,71,229064,101050,edm,paicipantresponseblue,correct
8062,Subject75,345,happy,67,happy,colorred,test,num2,typepositive,singlestim,73,234617,101070,edc,paicipantresponsered,correct
8358,Subject75,588,paper,67,paper,colorred,test,num2,typeneutral,singlestim,75,240414,101090,edc,paicipantresponsered,correct
8654,Subject75,437,museum,77,museum,colorred,test,num2,typeneutral,singlestim,77,246062,1010110,edm,paicipantresponseblue,incorrect
8950,Subject75,430,dead,67,dead,colorred,test,num2,typesuicide,singlestim,79,251702,1010130,edc,paicipantresponsered,correct
9246,Subject75,399,suicide,67,suicide,colorred,test,num2,typesuicide,singlestim,81,257312,1010150,edc,paicipantresponsered,correct
9542,Subject75,360,stupid,67,stupid,colorred,test,num2,typenegative,singlestim,83,262886,1010170,edc,paicipantresponsered,correct
9838,Subject75,573,paper,77,paper,colorblue,test,num2,typeneutral,singlestim,85,268674,1010190,edm,paicipantresponseblue,correct
10134,Subject75,553,pleasure,67,pleasure,colorred,test,num2,typepositive,singlestim,87,274437,1010210,edc,paicipantresponsered,correct
10430,Subject75,483,success,77,success,colorblue,test,num2,typepositive,singlestim,89,280133,1010230,edm,paicipantresponseblue,correct
10726,Subject75,729,stupid,77,stupid,colorblue,test,num2,typenegative,singlestim,91,286071,1010250,edm,paicipantresponseblue,correct
11022,Subject75,352,success,67,success,colorred,test,num2,typepositive,singlestim,93,291639,1010270,edc,paicipantresponsered,correct
11318,Subject75,533,funeral,67,funeral,colorred,test,num2,typesuicide,singlestim,95,297384,1010290,edc,paicipantresponsered,correct
11614,Subject75,301,alone,67,alone,colorred,test,num2,typenegative,singlestim,97,302901,1010310,edc,paicipantresponsered,correct
11910,Subject75,334,alone,77,alone,colorblue,test,num2,typenegative,singlestim,99,308446,1010330,edm,paicipantresponseblue,correct
12206,Subject75,401,rejected,67,rejected,colorred,test,num2,typenegative,singlestim,101,314056,1010350,edc,paicipantresponsered,correct
12502,Subject75,333,suicide,77,suicide,colorblue,test,num2,typesuicide,singlestim,103,319600,1010370,edm,paicipantresponseblue,correct
12798,Subject75,463,dead,77,dead,colorblue,test,num2,typesuicide,singlestim,105,325280,1010390,edm,paicipantresponseblue,correct
13094,Subject75,501,rejected,77,rejected,colorblue,test,num2,typenegative,singlestim,107,330995,1010410,edm,paicipantresponseblue,correct
13390,Subject75,402,engine,77,engine,colorblue,test,num2,typeneutral,singlestim,109,336608,1010430,edm,paicipantresponseblue,correct
13686,Subject75,404,engine,67,engine,colorred,test,num2,typeneutral,singlestim,111,342221,1010450,edc,paicipantresponsered,correct
13982,Subject75,340,museum,77,museum,colorblue,test,num2,typeneutral,singlestim,113,347775,1010470,edm,paicipantresponseblue,correct