,SubjectID,rt,stimulus,keypress,word,color,block,blocknum,wordtype,trialtype,trialindex,timeelapsed,internalnodeid,keypressed,participantresponse,correctresponse
6,Subject6,703,paper,67,paper,colorblue,test,num1,typeneutral,singlestim,19,150534,100010,edc,paicipantresponsered,incorrect
302,Subject6,393,stupid,77,stupid,colorblue,test,num1,typenegative,singlestim,21,156136,100030,edm,paicipantresponseblue,correct
598,Subject6,428,funeral,67,funeral,colorred,test,num1,typesuicide,singlestim,23,161779,100050,edc,paicipantresponsered,correct
894,Subject6,483,engine,77,engine,colorblue,test,num1,typeneutral,singlestim,25,167474,100070,edm,paicipantresponseblue,correct
1190,Subject6,373,rejected,67,rejected,colorred,test,num1,typenegative,singlestim,27,173058,100090,edc,paicipantresponsered,correct
1486,Subject6,582,suicide,67,suicide,colorred,test,num1,typesuicide,singlestim,29,178849,1000110,edc,paicipantresponsered,correct
1782,Subject6,435,pleasure,67,pleasure,colorred,test,num1,typepositive,singlestim,31,184498,1000130,edc,paicipantresponsered,correct
2078,Subject6,429,museum,67,museum,colorred,test,num1,typeneutral,singlestim,33,190137,1000150,edc,paicipantresponsered,correct
2374,Subject6,404,funeral,77,funeral,colorblue,test,num1,typesuicide,singlestim,35,195753,1000170,edm,paicipantresponseblue,correct
2670,Subject6,498,happy,67,happy,colorred,test,num1,typepositive,singlestim,37,201464,1000190,edc,paicipantresponsered,correct
2966,Subject6,523,alone,67,alone,colorred,test,num1,typenegative,singlestim,39,207201,1000210,edc,paicipantresponsered,correct
3262,Subject6,484,paper,67,paper,colorred,test,num1,typeneutral,singlestim,41,212896,1000230,edc,paicipantresponsered,correct
3558,Subject6,443,dead,67,dead,colorred,test,num1,typesuicide,singlestim,43,218548,1000250,edc,paicipantresponsered,correct
3854,Subject6,508,stupid,67,stupid,colorred,test,num1,typenegative,singlestim,45,224266,1000270,edc,paicipantresponsered,correct
4150,Subject6,655,success,67,success,colorred,test,num1,typepositive,singlestim,47,230132,1000290,edc,paicipantresponsered,correct
4446,Subject6,418,dead,77,dead,colorblue,test,num1,typesuicide,singlestim,49,235759,1000310,edm,paicipantresponseblue,correct
4742,Subject6,412,suicide,77,suicide,colorblue,test,num1,typesuicide,singlestim,51,241387,1000330,edm,paicipantresponseblue,correct
5038,Subject6,444,museum,77,museum,colorblue,test,num1,typeneutral,singlestim,53,247040,1000350,edm,paicipantresponseblue,correct
5334,Subject6,654,success,77,success,colorblue,test,num1,typepositive,singlestim,55,252903,1000370,edm,paicipantresponseblue,correct
5630,Subject6,729,happy,77,happy,colorblue,test,num1,typepositive,singlestim,57,258840,1000390,edm,paicipantresponseblue,correct
5926,Subject6,380,engine,67,engine,colorred,test,num1,typeneutral,singlestim,59,264426,1000410,edc,paicipantresponsered,correct
6222,Subject6,601,pleasure,77,pleasure,colorblue,test,num1,typepositive,singlestim,61,270240,1000430,edm,paicipantresponseblue,correct
6518,Subject6,520,alone,77,alone,colorblue,test,num1,typenegative,singlestim,63,275976,1000450,edm,paicipantresponseblue,correct
6814,Subject6,458,rejected,77,rejected,colorblue,test,num1,typenegative,singlestim,65,281645,1000470,edm,paicipantresponseblue,correct
7110,Subject6,427,suicide,77,suicide,colorblue,test,num2,typesuicide,singlestim,67,287284,101010,edm,paicipantresponseblue,correct
7406,Subject6,462,dead,77,dead,colorblue,test,num2,typesuicide,singlestim,69,292955,101030,edm,paicipantresponseblue,correct
7702,Subject6,410,pleasure,67,pleasure,colorred,test,num2,typepositive,singlestim,71,298580,101050,edc,paicipantresponsered,correct
7998,Subject6,431,engine,77,engine,colorblue,test,num2,typeneutral,singlestim,73,304224,101070,edm,paicipantresponseblue,correct
8294,Subject6,405,success,77,success,colorblue,test,num2,typepositive,singlestim,75,309841,101090,edm,paicipantresponseblue,correct
8590,Subject6,631,alone,67,alone,colorred,test,num2,typenegative,singlestim,77,315683,1010110,edc,paicipantresponsered,correct
8886,Subject6,469,museum,77,museum,colorblue,test,num2,typeneutral,singlestim,79,321359,1010130,edm,paicipantresponseblue,correct
9182,Subject6,1,happy,1,happy,colorblue,test,num2,typepositive,singlestim,81,328568,1010150,ed,,incorrect
9478,Subject6,577,stupid,67,stupid,colorblue,test,num2,typenegative,singlestim,83,334357,1010170,edc,paicipantresponsered,incorrect
9774,Subject6,451,alone,77,alone,colorblue,test,num2,typenegative,singlestim,85,340685,1010190,edm,paicipantresponseblue,correct
10070,Subject6,603,rejected,77,rejected,colorred,test,num2,typenegative,singlestim,87,346495,1010210,edm,paicipantresponseblue,incorrect
10366,Subject6,407,stupid,67,stupid,colorred,test,num2,typenegative,singlestim,89,352116,1010230,edc,paicipantresponsered,correct
10662,Subject6,444,success,67,success,colorred,test,num2,typepositive,singlestim,91,357771,1010250,edc,paicipantresponsered,correct
10958,Subject6,423,happy,67,happy,colorred,test,num2,typepositive,singlestim,93,363408,1010270,edc,paicipantresponsered,correct
11254,Subject6,443,rejected,77,rejected,colorblue,test,num2,typenegative,singlestim,95,369064,1010290,edm,paicipantresponseblue,correct
11550,Subject6,557,paper,67,paper,colorred,test,num2,typeneutral,singlestim,97,374830,1010310,edc,paicipantresponsered,correct
11846,Subject6,669,funeral,67,funeral,colorred,test,num2,typesuicide,singlestim,99,380711,1010330,edc,paicipantresponsered,correct
12142,Subject6,574,engine,67,engine,colorred,test,num2,typeneutral,singlestim,101,386496,1010350,edc,paicipantresponsered,correct
12438,Subject6,421,paper,77,paper,colorblue,test,num2,typeneutral,singlestim,103,392130,1010370,edm,paicipantresponseblue,correct
12734,Subject6,474,pleasure,77,pleasure,colorblue,test,num2,typepositive,singlestim,105,397811,1010390,edm,paicipantresponseblue,correct
13030,Subject6,640,funeral,77,funeral,colorblue,test,num2,typesuicide,singlestim,107,403660,1010410,edm,paicipantresponseblue,correct
13326,Subject6,486,museum,67,museum,colorred,test,num2,typeneutral,singlestim,109,409355,1010430,edc,paicipantresponsered,correct
13622,Subject6,439,suicide,67,suicide,colorred,test,num2,typesuicide,singlestim,111,415003,1010450,edc,paicipantresponsered,correct
13918,Subject6,483,dead,67,dead,colorred,test,num2,typesuicide,singlestim,113,420693,1010470,edc,paicipantresponsered,correct