,SubjectID,rt,stimulus,keypress,word,color,block,blocknum,wordtype,trialtype,trialindex,timeelapsed,internalnodeid,keypressed,participantresponse,correctresponse
237,Subject270,983,paper,77,paper,colorblue,test,num1,typeneutral,singlestim,19,162659,100010,edm,paicipantresponseblue,correct
533,Subject270,471,museum,67,museum,colorred,test,num1,typeneutral,singlestim,21,168365,100030,edc,paicipantresponsered,correct
829,Subject270,497,rejected,77,rejected,colorblue,test,num1,typenegative,singlestim,23,174127,100050,edm,paicipantresponseblue,correct
1125,Subject270,448,success,77,success,colorblue,test,num1,typepositive,singlestim,25,179813,100070,edm,paicipantresponseblue,correct
1421,Subject270,467,dead,67,dead,colorred,test,num1,typesuicide,singlestim,27,185520,100090,edc,paicipantresponsered,correct
1717,Subject270,483,stupid,77,stupid,colorblue,test,num1,typenegative,singlestim,29,191239,1000110,edm,paicipantresponseblue,correct
2013,Subject270,350,engine,67,engine,colorred,test,num1,typeneutral,singlestim,31,196857,1000130,edc,paicipantresponsered,correct
2309,Subject270,686,funeral,67,funeral,colorred,test,num1,typesuicide,singlestim,33,202771,1000150,edc,paicipantresponsered,correct
2605,Subject270,522,museum,77,museum,colorblue,test,num1,typeneutral,singlestim,35,208514,1000170,edm,paicipantresponseblue,correct
2901,Subject270,658,pleasure,77,pleasure,colorblue,test,num1,typepositive,singlestim,37,214417,1000190,edm,paicipantresponseblue,correct
3197,Subject270,408,alone,67,alone,colorred,test,num1,typenegative,singlestim,39,220075,1000210,edc,paicipantresponsered,correct
3493,Subject270,488,alone,77,alone,colorblue,test,num1,typenegative,singlestim,41,225812,1000230,edm,paicipantresponseblue,correct
3789,Subject270,462,success,67,success,colorred,test,num1,typepositive,singlestim,43,231520,1000250,edc,paicipantresponsered,correct
4085,Subject270,592,engine,77,engine,colorblue,test,num1,typeneutral,singlestim,45,237354,1000270,edm,paicipantresponseblue,correct
4381,Subject270,462,suicide,77,suicide,colorblue,test,num1,typesuicide,singlestim,47,243075,1000290,edm,paicipantresponseblue,correct
4677,Subject270,484,stupid,67,stupid,colorred,test,num1,typenegative,singlestim,49,248800,1000310,edc,paicipantresponsered,correct
4973,Subject270,682,suicide,67,suicide,colorred,test,num1,typesuicide,singlestim,51,254734,1000330,edc,paicipantresponsered,correct
5269,Subject270,459,rejected,67,rejected,colorred,test,num1,typenegative,singlestim,53,260427,1000350,edc,paicipantresponsered,correct
5565,Subject270,430,pleasure,67,pleasure,colorred,test,num1,typepositive,singlestim,55,266092,1000370,edc,paicipantresponsered,correct
5861,Subject270,464,dead,77,dead,colorblue,test,num1,typesuicide,singlestim,57,271815,1000390,edm,paicipantresponseblue,correct
6157,Subject270,443,paper,67,paper,colorred,test,num1,typeneutral,singlestim,59,277498,1000410,edc,paicipantresponsered,correct
6453,Subject270,378,happy,67,happy,colorred,test,num1,typepositive,singlestim,61,283137,1000430,edc,paicipantresponsered,correct
6749,Subject270,471,happy,77,happy,colorblue,test,num1,typepositive,singlestim,63,288888,1000450,edm,paicipantresponseblue,correct
7045,Subject270,504,funeral,77,funeral,colorblue,test,num1,typesuicide,singlestim,65,294654,1000470,edm,paicipantresponseblue,correct
7341,Subject270,490,museum,77,museum,colorblue,test,num2,typeneutral,singlestim,67,300391,101010,edm,paicipantresponseblue,correct
7637,Subject270,378,engine,67,engine,colorred,test,num2,typeneutral,singlestim,69,306013,101030,edc,paicipantresponsered,correct
7933,Subject270,462,dead,67,dead,colorred,test,num2,typesuicide,singlestim,71,311723,101050,edc,paicipantresponsered,correct
8229,Subject270,501,paper,77,paper,colorblue,test,num2,typeneutral,singlestim,73,317460,101070,edm,paicipantresponseblue,correct
8525,Subject270,530,suicide,77,suicide,colorblue,test,num2,typesuicide,singlestim,75,323229,101090,edm,paicipantresponseblue,correct
8821,Subject270,393,stupid,77,stupid,colorblue,test,num2,typenegative,singlestim,77,328874,1010110,edm,paicipantresponseblue,correct
9117,Subject270,530,alone,67,alone,colorred,test,num2,typenegative,singlestim,79,334669,1010130,edc,paicipantresponsered,correct
9413,Subject270,515,success,67,success,colorred,test,num2,typepositive,singlestim,81,340436,1010150,edc,paicipantresponsered,correct
9709,Subject270,406,paper,67,paper,colorred,test,num2,typeneutral,singlestim,83,346094,1010170,edc,paicipantresponsered,correct
10005,Subject270,607,happy,67,happy,colorred,test,num2,typepositive,singlestim,85,351952,1010190,edc,paicipantresponsered,correct
10301,Subject270,636,suicide,67,suicide,colorred,test,num2,typesuicide,singlestim,87,357824,1010210,edc,paicipantresponsered,correct
10597,Subject270,438,stupid,67,stupid,colorred,test,num2,typenegative,singlestim,89,363486,1010230,edc,paicipantresponsered,correct
10893,Subject270,459,pleasure,77,pleasure,colorblue,test,num2,typepositive,singlestim,91,369198,1010250,edm,paicipantresponseblue,correct
11189,Subject270,434,pleasure,67,pleasure,colorred,test,num2,typepositive,singlestim,93,374877,1010270,edc,paicipantresponsered,correct
11485,Subject270,438,rejected,77,rejected,colorblue,test,num2,typenegative,singlestim,95,380551,1010290,edm,paicipantresponseblue,correct
11781,Subject270,397,engine,77,engine,colorblue,test,num2,typeneutral,singlestim,97,386191,1010310,edm,paicipantresponseblue,correct
12077,Subject270,476,success,77,success,colorblue,test,num2,typepositive,singlestim,99,391911,1010330,edm,paicipantresponseblue,correct
12373,Subject270,472,dead,77,dead,colorblue,test,num2,typesuicide,singlestim,101,397644,1010350,edm,paicipantresponseblue,correct
12669,Subject270,633,rejected,67,rejected,colorred,test,num2,typenegative,singlestim,103,403524,1010370,edc,paicipantresponsered,correct
12965,Subject270,468,museum,67,museum,colorred,test,num2,typeneutral,singlestim,105,409220,1010390,edc,paicipantresponsered,correct
13261,Subject270,681,happy,77,happy,colorblue,test,num2,typepositive,singlestim,107,415152,1010410,edm,paicipantresponseblue,correct
13557,Subject270,508,funeral,67,funeral,colorred,test,num2,typesuicide,singlestim,109,420901,1010430,edc,paicipantresponsered,correct
13853,Subject270,593,alone,77,alone,colorblue,test,num2,typenegative,singlestim,111,426738,1010450,edm,paicipantresponseblue,correct
14149,Subject270,565,funeral,77,funeral,colorblue,test,num2,typesuicide,singlestim,113,432540,1010470,edm,paicipantresponseblue,correct