,SubjectID,rt,stimulus,keypress,word,color,block,blocknum,wordtype,trialtype,trialindex,timeelapsed,internalnodeid,keypressed,participantresponse,correctresponse
189,Subject221,479,rejected,77,rejected,colorblue,test,num1,typenegative,singlestim,19,83592,100010,edm,paicipantresponseblue,correct
485,Subject221,372,alone,77,alone,colorblue,test,num1,typenegative,singlestim,21,89169,100030,edm,paicipantresponseblue,correct
781,Subject221,282,paper,67,paper,colorred,test,num1,typeneutral,singlestim,23,94656,100050,edc,paicipantresponsered,correct
1077,Subject221,410,success,77,success,colorblue,test,num1,typepositive,singlestim,25,100269,100070,edm,paicipantresponseblue,correct
1373,Subject221,393,engine,77,engine,colorblue,test,num1,typeneutral,singlestim,27,105865,100090,edm,paicipantresponseblue,correct
1669,Subject221,352,happy,67,happy,colorred,test,num1,typepositive,singlestim,29,111421,1000110,edc,paicipantresponsered,correct
1965,Subject221,298,suicide,77,suicide,colorblue,test,num1,typesuicide,singlestim,31,116924,1000130,edm,paicipantresponseblue,correct
2261,Subject221,333,alone,67,alone,colorred,test,num1,typenegative,singlestim,33,122461,1000150,edc,paicipantresponsered,correct
2557,Subject221,394,stupid,67,stupid,colorred,test,num1,typenegative,singlestim,35,128059,1000170,edc,paicipantresponsered,correct
2853,Subject221,465,museum,67,museum,colorred,test,num1,typeneutral,singlestim,37,133728,1000190,edc,paicipantresponsered,correct
3149,Subject221,382,suicide,67,suicide,colorred,test,num1,typesuicide,singlestim,39,139315,1000210,edc,paicipantresponsered,correct
3445,Subject221,324,engine,67,engine,colorred,test,num1,typeneutral,singlestim,41,144844,1000230,edc,paicipantresponsered,correct
3741,Subject221,347,happy,77,happy,colorblue,test,num1,typepositive,singlestim,43,150394,1000250,edm,paicipantresponseblue,correct
4037,Subject221,446,stupid,77,stupid,colorblue,test,num1,typenegative,singlestim,45,156045,1000270,edm,paicipantresponseblue,correct
4333,Subject221,510,funeral,67,funeral,colorred,test,num1,typesuicide,singlestim,47,161758,1000290,edc,paicipantresponsered,correct
4629,Subject221,444,rejected,67,rejected,colorred,test,num1,typenegative,singlestim,49,167406,1000310,edc,paicipantresponsered,correct
4925,Subject221,461,dead,67,dead,colorred,test,num1,typesuicide,singlestim,51,173071,1000330,edc,paicipantresponsered,correct
5221,Subject221,400,pleasure,77,pleasure,colorblue,test,num1,typepositive,singlestim,53,178679,1000350,edm,paicipantresponseblue,correct
5517,Subject221,409,dead,77,dead,colorblue,test,num1,typesuicide,singlestim,55,184341,1000370,edm,paicipantresponseblue,correct
5813,Subject221,591,museum,77,museum,colorblue,test,num1,typeneutral,singlestim,57,190136,1000390,edm,paicipantresponseblue,correct
6109,Subject221,355,pleasure,67,pleasure,colorred,test,num1,typepositive,singlestim,59,195696,1000410,edc,paicipantresponsered,correct
6405,Subject221,379,funeral,77,funeral,colorblue,test,num1,typesuicide,singlestim,61,201281,1000430,edm,paicipantresponseblue,correct
6701,Subject221,527,success,67,success,colorred,test,num1,typepositive,singlestim,63,207013,1000450,edc,paicipantresponsered,correct
6997,Subject221,502,paper,77,paper,colorblue,test,num1,typeneutral,singlestim,65,212719,1000470,edm,paicipantresponseblue,correct
7293,Subject221,312,stupid,67,stupid,colorred,test,num2,typenegative,singlestim,67,218235,101010,edc,paicipantresponsered,correct
7589,Subject221,436,suicide,67,suicide,colorred,test,num2,typesuicide,singlestim,69,223874,101030,edc,paicipantresponsered,correct
7885,Subject221,410,dead,77,dead,colorblue,test,num2,typesuicide,singlestim,71,229489,101050,edm,paicipantresponseblue,correct
8181,Subject221,398,paper,77,paper,colorblue,test,num2,typeneutral,singlestim,73,235092,101070,edm,paicipantresponseblue,correct
8477,Subject221,458,dead,67,dead,colorred,test,num2,typesuicide,singlestim,75,240754,101090,edc,paicipantresponsered,correct
8773,Subject221,514,suicide,77,suicide,colorblue,test,num2,typesuicide,singlestim,77,246480,1010110,edm,paicipantresponseblue,correct
9069,Subject221,393,engine,77,engine,colorblue,test,num2,typeneutral,singlestim,79,252077,1010130,edm,paicipantresponseblue,correct
9365,Subject221,358,museum,67,museum,colorred,test,num2,typeneutral,singlestim,81,257639,1010150,edc,paicipantresponsered,correct
9661,Subject221,543,pleasure,77,pleasure,colorblue,test,num2,typepositive,singlestim,83,263387,1010170,edm,paicipantresponseblue,correct
9957,Subject221,383,funeral,77,funeral,colorblue,test,num2,typesuicide,singlestim,85,268973,1010190,edm,paicipantresponseblue,correct
10253,Subject221,393,success,77,success,colorblue,test,num2,typepositive,singlestim,87,274572,1010210,edm,paicipantresponseblue,correct
10549,Subject221,555,museum,77,museum,colorblue,test,num2,typeneutral,singlestim,89,280331,1010230,edm,paicipantresponseblue,correct
10845,Subject221,410,happy,77,happy,colorblue,test,num2,typepositive,singlestim,91,285947,1010250,edm,paicipantresponseblue,correct
11141,Subject221,287,happy,67,happy,colorred,test,num2,typepositive,singlestim,93,291436,1010270,edc,paicipantresponsered,correct
11437,Subject221,449,funeral,67,funeral,colorred,test,num2,typesuicide,singlestim,95,297090,1010290,edc,paicipantresponsered,correct
11733,Subject221,492,rejected,67,rejected,colorred,test,num2,typenegative,singlestim,97,302787,1010310,edc,paicipantresponsered,correct
12029,Subject221,334,pleasure,67,pleasure,colorred,test,num2,typepositive,singlestim,99,308326,1010330,edc,paicipantresponsered,correct
12325,Subject221,430,success,67,success,colorred,test,num2,typepositive,singlestim,101,313961,1010350,edc,paicipantresponsered,correct
12621,Subject221,377,stupid,77,stupid,colorblue,test,num2,typenegative,singlestim,103,319541,1010370,edm,paicipantresponseblue,correct
12917,Subject221,350,paper,67,paper,colorred,test,num2,typeneutral,singlestim,105,325147,1010390,edc,paicipantresponsered,correct
13213,Subject221,359,engine,67,engine,colorred,test,num2,typeneutral,singlestim,107,330711,1010410,edc,paicipantresponsered,correct
13509,Subject221,417,alone,67,alone,colorred,test,num2,typenegative,singlestim,109,336334,1010430,edc,paicipantresponsered,correct
13805,Subject221,310,alone,67,alone,colorblue,test,num2,typenegative,singlestim,111,341850,1010450,edc,paicipantresponsered,incorrect
14101,Subject221,393,rejected,77,rejected,colorblue,test,num2,typenegative,singlestim,113,347446,1010470,edm,paicipantresponseblue,correct