,SubjectID,rt,stimulus,keypress,word,color,block,blocknum,wordtype,trialtype,trialindex,timeelapsed,internalnodeid,keypressed,participantresponse,correctresponse
65,Subject70,611,alone,67,alone,colorred,test,num1,typenegative,singlestim,19,102689,100010,edc,paicipantresponsered,correct
361,Subject70,351,paper,77,paper,colorblue,test,num1,typeneutral,singlestim,21,108250,100030,edm,paicipantresponseblue,correct
657,Subject70,497,suicide,77,suicide,colorblue,test,num1,typesuicide,singlestim,23,113955,100050,edm,paicipantresponseblue,correct
953,Subject70,468,engine,77,engine,colorblue,test,num1,typeneutral,singlestim,25,119635,100070,edm,paicipantresponseblue,correct
1249,Subject70,453,success,77,success,colorblue,test,num1,typepositive,singlestim,27,125301,100090,edm,paicipantresponseblue,correct
1545,Subject70,747,success,67,success,colorred,test,num1,typepositive,singlestim,29,131257,1000110,edc,paicipantresponsered,correct
1841,Subject70,702,dead,67,dead,colorblue,test,num1,typesuicide,singlestim,31,137169,1000130,edc,paicipantresponsered,incorrect
2137,Subject70,772,stupid,77,stupid,colorblue,test,num1,typenegative,singlestim,33,143151,1000150,edm,paicipantresponseblue,correct
2433,Subject70,765,rejected,77,rejected,colorblue,test,num1,typenegative,singlestim,35,149124,1000170,edm,paicipantresponseblue,correct
2729,Subject70,599,suicide,67,suicide,colorred,test,num1,typesuicide,singlestim,37,154935,1000190,edc,paicipantresponsered,correct
3025,Subject70,597,pleasure,77,pleasure,colorblue,test,num1,typepositive,singlestim,39,160745,1000210,edm,paicipantresponseblue,correct
3321,Subject70,832,funeral,67,funeral,colorred,test,num1,typesuicide,singlestim,41,166789,1000230,edc,paicipantresponsered,correct
3617,Subject70,1056,museum,67,museum,colorred,test,num1,typeneutral,singlestim,43,173057,1000250,edc,paicipantresponsered,correct
3913,Subject70,485,dead,67,dead,colorred,test,num1,typesuicide,singlestim,45,178751,1000270,edc,paicipantresponsered,correct
4209,Subject70,493,paper,77,paper,colorred,test,num1,typeneutral,singlestim,47,184452,1000290,edm,paicipantresponseblue,incorrect
4505,Subject70,433,pleasure,67,pleasure,colorred,test,num1,typepositive,singlestim,49,190092,1000310,edc,paicipantresponsered,correct
4801,Subject70,392,engine,67,engine,colorred,test,num1,typeneutral,singlestim,51,195692,1000330,edc,paicipantresponsered,correct
5097,Subject70,434,happy,77,happy,colorblue,test,num1,typepositive,singlestim,53,201333,1000350,edm,paicipantresponseblue,correct
5393,Subject70,608,funeral,77,funeral,colorblue,test,num1,typesuicide,singlestim,55,207151,1000370,edm,paicipantresponseblue,correct
5689,Subject70,611,happy,67,happy,colorred,test,num1,typepositive,singlestim,57,212974,1000390,edc,paicipantresponsered,correct
5985,Subject70,477,alone,77,alone,colorblue,test,num1,typenegative,singlestim,59,218660,1000410,edm,paicipantresponseblue,correct
6281,Subject70,526,stupid,67,stupid,colorred,test,num1,typenegative,singlestim,61,224393,1000430,edc,paicipantresponsered,correct
6577,Subject70,771,museum,77,museum,colorblue,test,num1,typeneutral,singlestim,63,230374,1000450,edm,paicipantresponseblue,correct
6873,Subject70,577,rejected,67,rejected,colorred,test,num1,typenegative,singlestim,65,236158,1000470,edc,paicipantresponsered,correct
7169,Subject70,839,dead,67,dead,colorred,test,num2,typesuicide,singlestim,67,242201,101010,edc,paicipantresponsered,correct
7465,Subject70,427,dead,77,dead,colorblue,test,num2,typesuicide,singlestim,69,247842,101030,edm,paicipantresponseblue,correct
7761,Subject70,535,success,77,success,colorblue,test,num2,typepositive,singlestim,71,253582,101050,edm,paicipantresponseblue,correct
8057,Subject70,555,success,67,success,colorred,test,num2,typepositive,singlestim,73,259347,101070,edc,paicipantresponsered,correct
8353,Subject70,571,stupid,67,stupid,colorred,test,num2,typenegative,singlestim,75,265125,101090,edc,paicipantresponsered,correct
8649,Subject70,637,funeral,67,funeral,colorred,test,num2,typesuicide,singlestim,77,270966,1010110,edc,paicipantresponsered,correct
8945,Subject70,381,rejected,77,rejected,colorblue,test,num2,typenegative,singlestim,79,276559,1010130,edm,paicipantresponseblue,correct
9241,Subject70,476,alone,67,alone,colorred,test,num2,typenegative,singlestim,81,282241,1010150,edc,paicipantresponsered,correct
9537,Subject70,642,stupid,77,stupid,colorblue,test,num2,typenegative,singlestim,83,288092,1010170,edm,paicipantresponseblue,correct
9833,Subject70,1431,rejected,67,rejected,colorred,test,num2,typenegative,singlestim,85,294731,1010190,edc,paicipantresponsered,correct
10129,Subject70,377,happy,77,happy,colorblue,test,num2,typepositive,singlestim,87,300315,1010210,edm,paicipantresponseblue,correct
10425,Subject70,959,alone,77,alone,colorblue,test,num2,typenegative,singlestim,89,306487,1010230,edm,paicipantresponseblue,correct
10721,Subject70,1266,museum,67,museum,colorred,test,num2,typeneutral,singlestim,91,312960,1010250,edc,paicipantresponsered,correct
11017,Subject70,343,pleasure,77,pleasure,colorred,test,num2,typepositive,singlestim,93,318516,1010270,edm,paicipantresponseblue,incorrect
11313,Subject70,538,paper,77,paper,colorred,test,num2,typeneutral,singlestim,95,324259,1010290,edm,paicipantresponseblue,incorrect
11609,Subject70,986,engine,77,engine,colorblue,test,num2,typeneutral,singlestim,97,330460,1010310,edm,paicipantresponseblue,correct
11905,Subject70,604,happy,67,happy,colorred,test,num2,typepositive,singlestim,99,336275,1010330,edc,paicipantresponsered,correct
12201,Subject70,688,funeral,77,funeral,colorblue,test,num2,typesuicide,singlestim,101,342175,1010350,edm,paicipantresponseblue,correct
12497,Subject70,1,suicide,1,suicide,colorred,test,num2,typesuicide,singlestim,103,349390,1010370,ed,,incorrect
12793,Subject70,1079,paper,77,paper,colorblue,test,num2,typeneutral,singlestim,105,355675,1010390,edm,paicipantresponseblue,correct
13089,Subject70,547,suicide,77,suicide,colorblue,test,num2,typesuicide,singlestim,107,361435,1010410,edm,paicipantresponseblue,correct
13385,Subject70,429,pleasure,77,pleasure,colorblue,test,num2,typepositive,singlestim,109,367068,1010430,edm,paicipantresponseblue,correct
13681,Subject70,780,museum,77,museum,colorblue,test,num2,typeneutral,singlestim,111,373057,1010450,edm,paicipantresponseblue,correct
13977,Subject70,613,engine,67,engine,colorred,test,num2,typeneutral,singlestim,113,378880,1010470,edc,paicipantresponsered,correct