,SubjectID,rt,stimulus,keypress,word,color,block,blocknum,wordtype,trialtype,trialindex,timeelapsed,internalnodeid,keypressed,participantresponse,correctresponse
144,Subject155,319,pleasure,67,pleasure,colorred,test,num1,typepositive,singlestim,19,58162,100010,edc,paicipantresponsered,correct
440,Subject155,585,funeral,67,funeral,colorred,test,num1,typesuicide,singlestim,21,63961,100030,edc,paicipantresponsered,correct
736,Subject155,414,engine,77,engine,colorblue,test,num1,typeneutral,singlestim,23,69589,100050,edm,paicipantresponseblue,correct
1032,Subject155,419,rejected,77,rejected,colorblue,test,num1,typenegative,singlestim,25,75216,100070,edm,paicipantresponseblue,correct
1328,Subject155,427,museum,77,museum,colorblue,test,num1,typeneutral,singlestim,27,80855,100090,edm,paicipantresponseblue,correct
1624,Subject155,416,stupid,77,stupid,colorblue,test,num1,typenegative,singlestim,29,86480,1000110,edm,paicipantresponseblue,correct
1920,Subject155,412,funeral,77,funeral,colorblue,test,num1,typesuicide,singlestim,31,92106,1000130,edm,paicipantresponseblue,correct
2216,Subject155,620,alone,67,alone,colorred,test,num1,typenegative,singlestim,33,97937,1000150,edc,paicipantresponsered,correct
2512,Subject155,390,dead,67,dead,colorred,test,num1,typesuicide,singlestim,35,103541,1000170,edc,paicipantresponsered,correct
2808,Subject155,406,happy,77,happy,colorred,test,num1,typepositive,singlestim,37,109158,1000190,edm,paicipantresponseblue,incorrect
3104,Subject155,416,rejected,67,rejected,colorred,test,num1,typenegative,singlestim,39,114786,1000210,edc,paicipantresponsered,correct
3400,Subject155,462,happy,77,happy,colorblue,test,num1,typepositive,singlestim,41,120458,1000230,edm,paicipantresponseblue,correct
3696,Subject155,305,success,67,success,colorred,test,num1,typepositive,singlestim,43,125977,1000250,edc,paicipantresponsered,correct
3992,Subject155,372,museum,67,museum,colorred,test,num1,typeneutral,singlestim,45,131559,1000270,edc,paicipantresponsered,correct
4288,Subject155,459,dead,77,dead,colorblue,test,num1,typesuicide,singlestim,47,137229,1000290,edm,paicipantresponseblue,correct
4584,Subject155,550,alone,77,alone,colorblue,test,num1,typenegative,singlestim,49,142989,1000310,edm,paicipantresponseblue,correct
4880,Subject155,501,success,77,success,colorblue,test,num1,typepositive,singlestim,51,148701,1000330,edm,paicipantresponseblue,correct
5176,Subject155,386,suicide,77,suicide,colorblue,test,num1,typesuicide,singlestim,53,154294,1000350,edm,paicipantresponseblue,correct
5472,Subject155,383,engine,67,engine,colorred,test,num1,typeneutral,singlestim,55,159887,1000370,edc,paicipantresponsered,correct
5768,Subject155,404,paper,77,paper,colorblue,test,num1,typeneutral,singlestim,57,165503,1000390,edm,paicipantresponseblue,correct
6064,Subject155,561,stupid,67,stupid,colorred,test,num1,typenegative,singlestim,59,171278,1000410,edc,paicipantresponsered,correct
6360,Subject155,402,suicide,67,suicide,colorred,test,num1,typesuicide,singlestim,61,176889,1000430,edc,paicipantresponsered,correct
6656,Subject155,408,pleasure,77,pleasure,colorblue,test,num1,typepositive,singlestim,63,182508,1000450,edm,paicipantresponseblue,correct
6952,Subject155,387,paper,67,paper,colorred,test,num1,typeneutral,singlestim,65,188108,1000470,edc,paicipantresponsered,correct
7248,Subject155,674,engine,77,engine,colorblue,test,num2,typeneutral,singlestim,67,193992,101010,edm,paicipantresponseblue,correct
7544,Subject155,442,stupid,67,stupid,colorred,test,num2,typenegative,singlestim,69,199648,101030,edc,paicipantresponsered,correct
7840,Subject155,357,success,67,success,colorred,test,num2,typepositive,singlestim,71,205215,101050,edc,paicipantresponsered,correct
8136,Subject155,467,suicide,77,suicide,colorblue,test,num2,typesuicide,singlestim,73,210890,101070,edm,paicipantresponseblue,correct
8432,Subject155,425,pleasure,67,pleasure,colorred,test,num2,typepositive,singlestim,75,216531,101090,edc,paicipantresponsered,correct
8728,Subject155,374,happy,67,happy,colorred,test,num2,typepositive,singlestim,77,222116,1010110,edc,paicipantresponsered,correct
9024,Subject155,431,pleasure,77,pleasure,colorblue,test,num2,typepositive,singlestim,79,227758,1010130,edm,paicipantresponseblue,correct
9320,Subject155,455,suicide,67,suicide,colorred,test,num2,typesuicide,singlestim,81,233423,1010150,edc,paicipantresponsered,correct
9616,Subject155,437,engine,67,engine,colorred,test,num2,typeneutral,singlestim,83,239069,1010170,edc,paicipantresponsered,correct
9912,Subject155,338,dead,67,dead,colorred,test,num2,typesuicide,singlestim,85,244619,1010190,edc,paicipantresponsered,correct
10208,Subject155,270,funeral,67,funeral,colorred,test,num2,typesuicide,singlestim,87,250099,1010210,edc,paicipantresponsered,correct
10504,Subject155,454,happy,77,happy,colorblue,test,num2,typepositive,singlestim,89,255762,1010230,edm,paicipantresponseblue,correct
10800,Subject155,566,funeral,67,funeral,colorblue,test,num2,typesuicide,singlestim,91,261538,1010250,edc,paicipantresponsered,incorrect
11096,Subject155,432,paper,77,paper,colorblue,test,num2,typeneutral,singlestim,93,267180,1010270,edm,paicipantresponseblue,correct
11392,Subject155,416,success,77,success,colorblue,test,num2,typepositive,singlestim,95,272811,1010290,edm,paicipantresponseblue,correct
11688,Subject155,711,alone,67,alone,colorred,test,num2,typenegative,singlestim,97,278730,1010310,edc,paicipantresponsered,correct
11984,Subject155,431,paper,67,paper,colorred,test,num2,typeneutral,singlestim,99,284371,1010330,edc,paicipantresponsered,correct
12280,Subject155,613,rejected,77,rejected,colorblue,test,num2,typenegative,singlestim,101,290195,1010350,edm,paicipantresponseblue,correct
12576,Subject155,712,alone,77,alone,colorblue,test,num2,typenegative,singlestim,103,296115,1010370,edm,paicipantresponseblue,correct
12872,Subject155,642,stupid,77,stupid,colorblue,test,num2,typenegative,singlestim,105,301966,1010390,edm,paicipantresponseblue,correct
13168,Subject155,469,dead,77,dead,colorblue,test,num2,typesuicide,singlestim,107,307642,1010410,edm,paicipantresponseblue,correct
13464,Subject155,343,rejected,67,rejected,colorred,test,num2,typenegative,singlestim,109,313194,1010430,edc,paicipantresponsered,correct
13760,Subject155,430,museum,77,museum,colorblue,test,num2,typeneutral,singlestim,111,318834,1010450,edm,paicipantresponseblue,correct
14056,Subject155,468,museum,67,museum,colorred,test,num2,typeneutral,singlestim,113,324515,1010470,edc,paicipantresponsered,correct