,SubjectID,rt,stimulus,keypress,word,color,block,blocknum,wordtype,trialtype,trialindex,timeelapsed,internalnodeid,keypressed,participantresponse,correctresponse
197,Subject229,733,success,77,success,colorblue,test,num1,typepositive,singlestim,19,108554,100010,edm,paicipantresponseblue,correct
493,Subject229,312,alone,67,alone,colorred,test,num1,typenegative,singlestim,21,114070,100030,edc,paicipantresponsered,correct
789,Subject229,617,success,67,success,colorred,test,num1,typepositive,singlestim,23,119895,100050,edc,paicipantresponsered,correct
1085,Subject229,429,suicide,67,suicide,colorred,test,num1,typesuicide,singlestim,25,125531,100070,edc,paicipantresponsered,correct
1381,Subject229,311,suicide,77,suicide,colorblue,test,num1,typesuicide,singlestim,27,131046,100090,edm,paicipantresponseblue,correct
1677,Subject229,413,museum,77,museum,colorblue,test,num1,typeneutral,singlestim,29,136663,1000110,edm,paicipantresponseblue,correct
1973,Subject229,527,pleasure,67,pleasure,colorred,test,num1,typepositive,singlestim,31,142397,1000130,edc,paicipantresponsered,correct
2269,Subject229,318,alone,77,alone,colorblue,test,num1,typenegative,singlestim,33,147921,1000150,edm,paicipantresponseblue,correct
2565,Subject229,570,engine,67,engine,colorred,test,num1,typeneutral,singlestim,35,153698,1000170,edc,paicipantresponsered,correct
2861,Subject229,570,stupid,67,stupid,colorred,test,num1,typenegative,singlestim,37,159475,1000190,edc,paicipantresponsered,correct
3157,Subject229,515,funeral,67,funeral,colorred,test,num1,typesuicide,singlestim,39,165193,1000210,edc,paicipantresponsered,correct
3453,Subject229,427,paper,77,paper,colorred,test,num1,typeneutral,singlestim,41,170826,1000230,edm,paicipantresponseblue,incorrect
3749,Subject229,607,happy,67,happy,colorred,test,num1,typepositive,singlestim,43,176638,1000250,edc,paicipantresponsered,correct
4045,Subject229,378,funeral,77,funeral,colorblue,test,num1,typesuicide,singlestim,45,182222,1000270,edm,paicipantresponseblue,correct
4341,Subject229,495,engine,77,engine,colorblue,test,num1,typeneutral,singlestim,47,187920,1000290,edm,paicipantresponseblue,correct
4637,Subject229,492,rejected,67,rejected,colorred,test,num1,typenegative,singlestim,49,193616,1000310,edc,paicipantresponsered,correct
4933,Subject229,410,museum,67,museum,colorred,test,num1,typeneutral,singlestim,51,199231,1000330,edc,paicipantresponsered,correct
5229,Subject229,615,paper,77,paper,colorblue,test,num1,typeneutral,singlestim,53,205052,1000350,edm,paicipantresponseblue,correct
5525,Subject229,449,rejected,77,rejected,colorblue,test,num1,typenegative,singlestim,55,210706,1000370,edm,paicipantresponseblue,correct
5821,Subject229,456,stupid,77,stupid,colorblue,test,num1,typenegative,singlestim,57,216369,1000390,edm,paicipantresponseblue,correct
6117,Subject229,379,pleasure,77,pleasure,colorblue,test,num1,typepositive,singlestim,59,221952,1000410,edm,paicipantresponseblue,correct
6413,Subject229,307,dead,67,dead,colorred,test,num1,typesuicide,singlestim,61,227465,1000430,edc,paicipantresponsered,correct
6709,Subject229,504,dead,77,dead,colorblue,test,num1,typesuicide,singlestim,63,233173,1000450,edm,paicipantresponseblue,correct
7005,Subject229,433,happy,77,happy,colorblue,test,num1,typepositive,singlestim,65,238811,1000470,edm,paicipantresponseblue,correct
7301,Subject229,422,alone,77,alone,colorblue,test,num2,typenegative,singlestim,67,244439,101010,edm,paicipantresponseblue,correct
7597,Subject229,463,engine,67,engine,colorred,test,num2,typeneutral,singlestim,69,250112,101030,edc,paicipantresponsered,correct
7893,Subject229,394,paper,67,paper,colorred,test,num2,typeneutral,singlestim,71,255711,101050,edc,paicipantresponsered,correct
8189,Subject229,383,dead,77,dead,colorblue,test,num2,typesuicide,singlestim,73,261299,101070,edm,paicipantresponseblue,correct
8485,Subject229,473,rejected,67,rejected,colorred,test,num2,typenegative,singlestim,75,266977,101090,edc,paicipantresponsered,correct
8781,Subject229,382,museum,77,museum,colorblue,test,num2,typeneutral,singlestim,77,272565,1010110,edm,paicipantresponseblue,correct
9077,Subject229,309,happy,67,happy,colorred,test,num2,typepositive,singlestim,79,278080,1010130,edc,paicipantresponsered,correct
9373,Subject229,493,museum,67,museum,colorred,test,num2,typeneutral,singlestim,81,283776,1010150,edc,paicipantresponsered,correct
9669,Subject229,370,stupid,67,stupid,colorred,test,num2,typenegative,singlestim,83,289350,1010170,edc,paicipantresponsered,correct
9965,Subject229,298,success,77,success,colorblue,test,num2,typepositive,singlestim,85,294855,1010190,edm,paicipantresponseblue,correct
10261,Subject229,310,dead,67,dead,colorred,test,num2,typesuicide,singlestim,87,300368,1010210,edc,paicipantresponsered,correct
10557,Subject229,433,pleasure,77,pleasure,colorblue,test,num2,typepositive,singlestim,89,306006,1010230,edm,paicipantresponseblue,correct
10853,Subject229,382,stupid,67,stupid,colorblue,test,num2,typenegative,singlestim,91,311595,1010250,edc,paicipantresponsered,incorrect
11149,Subject229,531,alone,67,alone,colorred,test,num2,typenegative,singlestim,93,317333,1010270,edc,paicipantresponsered,correct
11445,Subject229,319,paper,77,paper,colorblue,test,num2,typeneutral,singlestim,95,322857,1010290,edm,paicipantresponseblue,correct
11741,Subject229,432,funeral,67,funeral,colorblue,test,num2,typesuicide,singlestim,97,328494,1010310,edc,paicipantresponsered,incorrect
12037,Subject229,802,suicide,77,suicide,colorblue,test,num2,typesuicide,singlestim,99,334500,1010330,edm,paicipantresponseblue,correct
12333,Subject229,491,happy,77,happy,colorblue,test,num2,typepositive,singlestim,101,340198,1010350,edm,paicipantresponseblue,correct
12629,Subject229,334,pleasure,67,pleasure,colorred,test,num2,typepositive,singlestim,103,345737,1010370,edc,paicipantresponsered,correct
12925,Subject229,587,success,67,success,colorred,test,num2,typepositive,singlestim,105,351528,1010390,edc,paicipantresponsered,correct
13221,Subject229,465,suicide,77,suicide,colorred,test,num2,typesuicide,singlestim,107,357197,1010410,edm,paicipantresponseblue,incorrect
13517,Subject229,644,funeral,67,funeral,colorred,test,num2,typesuicide,singlestim,109,363047,1010430,edc,paicipantresponsered,correct
13813,Subject229,458,rejected,77,rejected,colorblue,test,num2,typenegative,singlestim,111,368712,1010450,edm,paicipantresponseblue,correct
14109,Subject229,497,engine,77,engine,colorblue,test,num2,typeneutral,singlestim,113,374413,1010470,edm,paicipantresponseblue,correct