,SubjectID,rt,stimulus,keypress,word,color,block,blocknum,wordtype,trialtype,trialindex,timeelapsed,internalnodeid,keypressed,participantresponse,correctresponse
180,Subject211,633,happy,67,happy,colorred,test,num1,typepositive,singlestim,19,90018,100010,edc,paicipantresponsered,correct
476,Subject211,476,rejected,67,rejected,colorred,test,num1,typenegative,singlestim,21,95703,100030,edc,paicipantresponsered,correct
772,Subject211,468,suicide,67,suicide,colorred,test,num1,typesuicide,singlestim,23,101378,100050,edc,paicipantresponsered,correct
1068,Subject211,427,engine,77,engine,colorblue,test,num1,typeneutral,singlestim,25,107011,100070,edm,paicipantresponseblue,correct
1364,Subject211,374,pleasure,77,pleasure,colorblue,test,num1,typepositive,singlestim,27,112591,100090,edm,paicipantresponseblue,correct
1660,Subject211,402,paper,77,paper,colorblue,test,num1,typeneutral,singlestim,29,118198,1000110,edm,paicipantresponseblue,correct
1956,Subject211,491,funeral,67,funeral,colorred,test,num1,typesuicide,singlestim,31,123894,1000130,edc,paicipantresponsered,correct
2252,Subject211,464,success,67,success,colorred,test,num1,typepositive,singlestim,33,129565,1000150,edc,paicipantresponsered,correct
2548,Subject211,434,pleasure,67,pleasure,colorred,test,num1,typepositive,singlestim,35,135207,1000170,edc,paicipantresponsered,correct
2844,Subject211,384,happy,77,happy,colorblue,test,num1,typepositive,singlestim,37,140796,1000190,edm,paicipantresponseblue,correct
3140,Subject211,449,dead,77,dead,colorblue,test,num1,typesuicide,singlestim,39,146452,1000210,edm,paicipantresponseblue,correct
3436,Subject211,360,stupid,77,stupid,colorblue,test,num1,typenegative,singlestim,41,152018,1000230,edm,paicipantresponseblue,correct
3732,Subject211,849,museum,67,museum,colorred,test,num1,typeneutral,singlestim,43,158073,1000250,edc,paicipantresponsered,correct
4028,Subject211,621,dead,67,dead,colorred,test,num1,typesuicide,singlestim,45,163900,1000270,edc,paicipantresponsered,correct
4324,Subject211,407,rejected,77,rejected,colorblue,test,num1,typenegative,singlestim,47,169515,1000290,edm,paicipantresponseblue,correct
4620,Subject211,420,stupid,67,stupid,colorred,test,num1,typenegative,singlestim,49,175143,1000310,edc,paicipantresponsered,correct
4916,Subject211,419,museum,77,museum,colorblue,test,num1,typeneutral,singlestim,51,180768,1000330,edm,paicipantresponseblue,correct
5212,Subject211,434,alone,77,alone,colorblue,test,num1,typenegative,singlestim,53,186410,1000350,edm,paicipantresponseblue,correct
5508,Subject211,835,success,77,success,colorblue,test,num1,typepositive,singlestim,55,192451,1000370,edm,paicipantresponseblue,correct
5804,Subject211,443,paper,67,paper,colorred,test,num1,typeneutral,singlestim,57,198102,1000390,edc,paicipantresponsered,correct
6100,Subject211,388,engine,67,engine,colorred,test,num1,typeneutral,singlestim,59,203698,1000410,edc,paicipantresponsered,correct
6396,Subject211,464,alone,67,alone,colorred,test,num1,typenegative,singlestim,61,209367,1000430,edc,paicipantresponsered,correct
6692,Subject211,427,suicide,77,suicide,colorblue,test,num1,typesuicide,singlestim,63,215003,1000450,edm,paicipantresponseblue,correct
6988,Subject211,359,funeral,77,funeral,colorblue,test,num1,typesuicide,singlestim,65,220567,1000470,edm,paicipantresponseblue,correct
7284,Subject211,390,suicide,67,suicide,colorred,test,num2,typesuicide,singlestim,67,226164,101010,edc,paicipantresponsered,correct
7580,Subject211,417,success,77,success,colorblue,test,num2,typepositive,singlestim,69,231787,101030,edm,paicipantresponseblue,correct
7876,Subject211,664,museum,67,museum,colorred,test,num2,typeneutral,singlestim,71,237658,101050,edc,paicipantresponsered,correct
8172,Subject211,566,pleasure,77,pleasure,colorred,test,num2,typepositive,singlestim,73,243430,101070,edm,paicipantresponseblue,incorrect
8468,Subject211,580,dead,77,dead,colorred,test,num2,typesuicide,singlestim,75,249216,101090,edm,paicipantresponseblue,incorrect
8764,Subject211,377,paper,67,paper,colorred,test,num2,typeneutral,singlestim,77,254799,1010110,edc,paicipantresponsered,correct
9060,Subject211,678,museum,77,museum,colorblue,test,num2,typeneutral,singlestim,79,260681,1010130,edm,paicipantresponseblue,correct
9356,Subject211,492,engine,77,engine,colorblue,test,num2,typeneutral,singlestim,81,266382,1010150,edm,paicipantresponseblue,correct
9652,Subject211,398,rejected,77,rejected,colorblue,test,num2,typenegative,singlestim,83,271987,1010170,edm,paicipantresponseblue,correct
9948,Subject211,454,happy,67,happy,colorred,test,num2,typepositive,singlestim,85,277648,1010190,edc,paicipantresponsered,correct
10244,Subject211,404,alone,77,alone,colorblue,test,num2,typenegative,singlestim,87,283258,1010210,edm,paicipantresponseblue,correct
10540,Subject211,486,pleasure,77,pleasure,colorblue,test,num2,typepositive,singlestim,89,288949,1010230,edm,paicipantresponseblue,correct
10836,Subject211,458,dead,77,dead,colorblue,test,num2,typesuicide,singlestim,91,294614,1010250,edm,paicipantresponseblue,correct
11132,Subject211,371,stupid,67,stupid,colorred,test,num2,typenegative,singlestim,93,300191,1010270,edc,paicipantresponsered,correct
11428,Subject211,344,success,67,success,colorred,test,num2,typepositive,singlestim,95,305741,1010290,edc,paicipantresponsered,correct
11724,Subject211,498,rejected,67,rejected,colorred,test,num2,typenegative,singlestim,97,311446,1010310,edc,paicipantresponsered,correct
12020,Subject211,578,alone,67,alone,colorred,test,num2,typenegative,singlestim,99,317231,1010330,edc,paicipantresponsered,correct
12316,Subject211,486,funeral,67,funeral,colorred,test,num2,typesuicide,singlestim,101,322923,1010350,edc,paicipantresponsered,correct
12612,Subject211,363,stupid,77,stupid,colorblue,test,num2,typenegative,singlestim,103,328493,1010370,edm,paicipantresponseblue,correct
12908,Subject211,432,happy,77,happy,colorblue,test,num2,typepositive,singlestim,105,334132,1010390,edm,paicipantresponseblue,correct
13204,Subject211,411,funeral,77,funeral,colorblue,test,num2,typesuicide,singlestim,107,339749,1010410,edm,paicipantresponseblue,correct
13500,Subject211,416,paper,77,paper,colorblue,test,num2,typeneutral,singlestim,109,345372,1010430,edm,paicipantresponseblue,correct
13796,Subject211,561,suicide,77,suicide,colorblue,test,num2,typesuicide,singlestim,111,351139,1010450,edm,paicipantresponseblue,correct
14092,Subject211,379,engine,67,engine,colorred,test,num2,typeneutral,singlestim,113,356724,1010470,edc,paicipantresponsered,correct