"","SubjectID","wordtype","mean","sd","pos_2sd","neg_2sd","outlier_high","outlier_low","SubjectID","wordtype","mean","sd","pos_2sd","neg_2sd","outlier_high","outlier_low","SubjectID","wordtype","mean","sd","pos_2sd","neg_2sd","outlier_high","outlier_low","SubjectID","wordtype","mean","sd","pos_2sd","neg_2sd","outlier_high","outlier_low"
"1","Subject1","negative",521.5,53.2321957716067,654.580489429017,388.419510570983,0,0,"Subject1","neutral",524.75,87.5989916228111,743.747479057028,305.752520942972,0,0,"Subject1","positive",566.75,125.873944881377,881.434862203443,252.065137796557,0,0,"Subject1","suicide",508.5,79.2022726946645,706.505681736661,310.494318263339,0,0
"5","Subject10","negative",397.125,127.926476279671,716.941190699178,77.3088093008215,0,1,"Subject10","neutral",526.3,138.842622001353,873.406555003382,179.193444996618,0,0,"Subject10","positive",439,73.7219307731633,623.304826932908,254.695173067092,0,0,"Subject10","suicide",474.666666666667,206.334518036448,990.502961757787,-41.1696284244536,2,0
"9","Subject100","negative",429.666666666667,32.6241219549789,511.226971554114,348.10636177922,0,0,"Subject100","neutral",465,13.4412301024373,498.603075256093,431.396924743907,0,0,"Subject100","positive",473.5,118.632485713934,770.081214284834,176.918785715166,0,0,"Subject100","suicide",637.5,432.652670549175,1719.13167637294,-444.131676372939,0,0
"16","Subject102","negative",331.25,26.2599187609812,396.899796902453,265.600203097547,0,0,"Subject101","neutral",434.5,53.0330085889911,567.082521472478,301.917478527522,0,0,"Subject101","positive",448,52.3259018078045,578.814754519511,317.185245480489,0,0,"Subject101","suicide",466,74.953318805774,653.383297014435,278.616702985565,0,0
"20","Subject103","negative",364.75,48.4862523471001,485.96563086775,243.53436913225,0,0,"Subject102","neutral",341.25,25.3952095220076,404.738023805019,277.761976194981,0,0,"Subject102","positive",340.5,24.5696289484938,401.924072371235,279.075927628765,0,0,"Subject102","suicide",331.25,11.842719282327,360.856798205818,301.643201794182,0,0
"24","Subject104","negative",500.75,108.133790586785,771.084476466962,230.415523533038,0,0,"Subject103","neutral",389.75,67.0590535771768,557.397633942942,222.102366057058,0,0,"Subject103","positive",416.25,92.1208445467148,646.552111366787,185.947888633213,0,0,"Subject103","suicide",357.25,25.3558014400387,420.639503600097,293.860496399903,0,0
"28","Subject105","negative",366,49.8196748283246,490.549187070812,241.450812929188,0,0,"Subject104","neutral",524.75,245.713077931694,1139.03269482923,-89.5326948292347,0,0,"Subject104","positive",430.5,136.118820643338,770.797051608346,90.202948391654,0,0,"Subject104","suicide",386.25,53.9837938644553,521.209484661138,251.290515338862,0,0
"32","Subject106","negative",337.75,57.7775908116633,482.193977029158,193.306022970842,0,0,"Subject105","neutral",354.5,27.0370116691915,422.092529172979,286.907470827021,0,0,"Subject105","positive",355,40.0166631958905,455.041657989726,254.958342010274,0,0,"Subject105","suicide",411.75,49.3988866271296,535.247216567824,288.252783432176,0,0
"36","Subject107","negative",360.5,37.8197479279454,455.049369819864,265.950630180136,0,0,"Subject106","neutral",391.25,105.389357463962,654.723393659904,127.776606340096,0,0,"Subject106","positive",334.5,73.3325757536626,517.831439384157,151.168560615843,0,0,"Subject106","suicide",348.75,50.8224031964907,475.806007991227,221.693992008773,0,0
"40","Subject108","negative",494.5,73.8037939404202,679.00948485105,309.99051514895,0,0,"Subject107","neutral",356,45.040722315108,468.60180578777,243.39819421223,0,0,"Subject107","positive",330.25,19.8221256848671,379.805314212168,280.694685787832,0,0,"Subject107","suicide",360.25,44.9916658949188,472.729164737297,247.770835262703,0,0
"44","Subject109","negative",413.666666666667,107.997530835972,683.660493756596,143.672839576737,0,0,"Subject108","neutral",442.5,98.2598595561789,688.149648890447,196.850351109553,0,0,"Subject108","positive",444,69.0169061414182,616.542265353546,271.457734646454,0,0,"Subject108","suicide",423.25,51.1101751122025,551.025437780506,295.474562219494,0,0
"48","Subject11","negative",519.157894736842,240.225649282293,1119.72201794258,-81.4062284688913,1,0,"Subject109","neutral",420.6,171.310536745409,848.876341863522,-7.67634186352154,0,0,"Subject109","positive",375.666666666667,21.9620885467055,430.57188803343,320.761445299903,0,0,"Subject109","suicide",394.8,68.0639405265373,564.959851316343,224.640148683657,0,0
"52","Subject110","negative",337.25,199.061757586266,834.904393965665,-160.404393965665,0,0,"Subject11","neutral",501.75,191.743690527597,981.109226318992,22.3907736810078,0,0,"Subject11","positive",467.307692307692,119.015674468663,764.84687847935,169.768506136035,0,0,"Subject11","suicide",553.666666666667,282.511571229902,1259.94559474142,-152.612261408088,0,0
"55","Subject111","negative",308,19.6129209111409,357.032302277852,258.967697722148,0,0,"Subject110","neutral",452,373.352380466497,1385.38095116624,-481.380951166243,0,0,"Subject111","positive",307.25,19.9394918022836,357.098729505709,257.401270494291,0,0,"Subject110","suicide",380,NA,NA,NA,0,0
"59","Subject112","negative",458.75,110.128334228753,734.070835571883,183.429164428117,0,0,"Subject111","neutral",335.25,39.4239774756429,433.809943689107,236.690056310893,0,0,"Subject112","positive",549.25,189.121433652208,1022.05358413052,76.446415869479,0,0,"Subject111","suicide",338,56.2909110484692,478.727277621173,197.272722378827,0,0
"63","Subject113","negative",386.5,41.7652167878168,490.913041969542,282.086958030458,0,0,"Subject112","neutral",375,33.0756708170825,457.689177042706,292.310822957294,0,0,"Subject113","positive",362.75,21.2347984842491,415.836996210623,309.663003789377,0,0,"Subject112","suicide",309,27.6526068692749,378.131517173187,239.868482826813,0,0
"67","Subject114","negative",360.5,33.1612223337239,443.40305583431,277.59694416569,0,0,"Subject113","neutral",356.75,40.4588268078384,457.897067019596,255.602932980404,0,0,"Subject114","positive",437.25,58.5170915203413,583.542728800853,290.957271199147,0,0,"Subject113","suicide",363,38.096369030832,458.24092257708,267.75907742292,0,0
"71","Subject115","negative",429.5,82.8593185264438,636.648296316109,222.351703683891,0,0,"Subject114","neutral",396.25,28.5116935075184,467.529233768796,324.970766231204,0,0,"Subject115","positive",440,22.7303028283098,496.825757070774,383.174242929226,0,0,"Subject114","suicide",463.25,31.2236555621962,541.30913890549,385.19086109451,0,0
"75","Subject116","negative",359.75,28.7445647036096,431.611411759024,287.888588240976,0,0,"Subject115","neutral",443.25,40.8197256237717,545.299314059429,341.200685940571,0,0,"Subject116","positive",395.75,48.7604689613762,517.651172403441,273.848827596559,0,0,"Subject115","suicide",393.75,15.6923548264752,432.980887066188,354.519112933812,0,0
"79","Subject117","negative",494.5,28.8501877521331,566.625469380333,422.374530619667,0,0,"Subject116","neutral",381.5,28.4897642437888,452.724410609472,310.275589390528,0,0,"Subject117","positive",426.75,24.2538656712698,487.384664178174,366.115335821826,0,0,"Subject116","suicide",411.75,60.5220345549178,563.055086387295,260.444913612705,0,0
"83","Subject118","negative",360.5,17.0977581376429,403.244395344107,317.755604655893,0,0,"Subject117","neutral",442.25,76.7045196408486,634.011299102122,250.488700897878,0,0,"Subject118","positive",360.25,16.3375844807813,401.093961201953,319.406038798047,0,0,"Subject117","suicide",463.25,100.695498078779,714.988745196947,211.511254803053,0,0
"87","Subject119","negative",325.75,28.1113855937412,396.028463984353,255.471536015647,0,0,"Subject118","neutral",367.25,12.3659478676997,398.164869669249,336.335130330751,0,0,"Subject119","positive",346.5,55.1996376799703,484.499094199926,208.500905800074,0,0,"Subject118","suicide",368.25,26.9118932815958,435.529733203989,300.970266796011,0,0
"91","Subject120","negative",299,38.5659608117487,395.414902029372,202.585097970628,0,0,"Subject119","neutral",342.75,57.6852089649793,486.963022412448,198.536977587552,0,0,"Subject120","positive",308.25,35.9386050554739,398.096512638685,218.403487361315,0,0,"Subject119","suicide",323.25,8.26135582092915,343.903389552323,302.596610447677,0,0
"95","Subject121","negative",417.75,6.5,434,401.5,0,0,"Subject120","neutral",304,28.3901391331568,374.975347832892,233.024652167108,0,0,"Subject121","positive",437,51.4910995545185,565.727748886296,308.272251113704,0,0,"Subject120","suicide",292.25,30.5655034311559,368.66375857789,215.83624142211,0,0
"99","Subject123","negative",418.5,43.8976081352959,528.24402033824,308.75597966176,0,0,"Subject121","neutral",434.75,125.00766643157,747.269166078925,122.230833921075,0,0,"Subject123","positive",430.75,43.4079485808763,539.269871452191,322.230128547809,0,0,"Subject121","suicide",440,64.4928936653747,601.232234163437,278.767765836563,0,0
"103","Subject124","negative",446.25,33.0794498140462,528.948624535115,363.551375464885,0,0,"Subject123","neutral",401.5,74.375175069822,587.437937674555,215.562062325445,0,0,"Subject124","positive",501.75,93.3180046936281,735.04501173407,268.45498826593,0,0,"Subject123","suicide",405.25,20.0893835976451,455.473458994113,355.026541005887,0,0
"107","Subject125","negative",387,86.0426250955498,602.106562738874,171.893437261126,0,0,"Subject124","neutral",595.5,213.919766890923,1130.29941722731,60.7005827726935,0,0,"Subject125","positive",455.25,74.8392722216529,642.348180554132,268.151819445868,0,0,"Subject124","suicide",555.75,169.665111322275,979.912778305688,131.587221694312,0,0
"111","Subject127","negative",459,68.200684258542,629.501710646355,288.498289353645,0,0,"Subject125","neutral",445.25,141.921046125419,800.052615313548,90.4473846864523,0,0,"Subject127","positive",473,115.795797275491,762.489493188728,183.510506811272,0,0,"Subject125","suicide",372.5,49.3254498205541,495.813624551385,249.186375448615,0,0
"115","Subject128","negative",390.75,37.5266571919216,484.566642979804,296.933357020196,0,0,"Subject127","neutral",456.75,93.6745251744927,690.936312936232,222.563687063768,0,0,"Subject128","positive",384.25,55.5600275977853,523.150068994463,245.349931005537,0,0,"Subject127","suicide",492.75,74.7947190649179,679.736797662295,305.763202337705,0,0
"119","Subject129","negative",320.25,26.849891371599,387.374728428998,253.125271571002,0,0,"Subject128","neutral",415.5,126.196936043102,730.992340107754,100.007659892246,0,0,"Subject129","positive",342.5,35.1140997321589,430.285249330397,254.714750669603,0,0,"Subject128","suicide",482.75,71.6815875940258,661.953968985065,303.546031014935,0,0
"123","Subject13","negative",388,17.3205080756888,431.301270189222,344.698729810778,0,0,"Subject129","neutral",290,21.1974841274462,342.993710318616,237.006289681385,0,0,"Subject13","positive",380.666666666667,107.188307820085,648.63743621688,112.695897116454,0,0,"Subject129","suicide",348.25,42.5940136638941,454.735034159735,241.764965840265,0,0
"127","Subject130","negative",386,22,441,331,0,0,"Subject13","neutral",375,55.1543289325507,512.885822331377,237.114177668623,0,0,"Subject130","positive",426.5,68.7095335452075,598.273833863019,254.726166136981,0,0,"Subject13","suicide",321,41.0121933088198,423.530483272049,218.469516727951,0,0
"131","Subject131","negative",396,102.192628566513,651.481571416283,140.518428583717,0,0,"Subject130","neutral",428.5,55.3684627442976,566.921156860744,290.078843139256,0,0,"Subject131","positive",442.75,57.034346377132,585.33586594283,300.16413405717,0,0,"Subject130","suicide",412.75,20.1225412576709,463.056353144177,362.443646855823,0,0
"135","Subject132","negative",514.428571428571,173.165486498568,947.342287674991,81.5148551821516,0,0,"Subject131","neutral",375,124.201449266907,685.503623167267,64.4963768327332,0,0,"Subject132","positive",475.2,71.0119708218269,652.729927054567,297.670072945433,0,0,"Subject131","suicide",370.5,47.056703383613,488.141758459032,252.858241540968,0,0
"139","Subject133","negative",288.5,25.1594912508182,351.398728127046,225.601271872954,0,0,"Subject132","neutral",907.5,313.248304065641,1690.6207601641,124.379239835899,0,0,"Subject133","positive",308,16.0208197875972,348.052049468993,267.947950531007,0,0,"Subject132","suicide",449.5,186.430505372198,915.576263430496,-16.5762634304962,0,0
"143","Subject134","negative",423.5,54.5680003909495,559.920000977374,287.079999022626,0,0,"Subject133","neutral",267.666666666667,7.09459888459759,285.403163878161,249.930169455173,0,0,"Subject134","positive",393.5,41.3884041731498,496.971010432874,290.028989567126,0,0,"Subject133","suicide",314,31.1448230047949,391.862057511987,236.137942488013,0,0
"147","Subject135","negative",462,254.061672302875,1097.15418075719,-173.154180757187,0,0,"Subject134","neutral",500.75,131.507604342867,829.519010857167,171.980989142833,0,0,"Subject135","positive",301,15.5777619273972,339.944404818493,262.055595181507,0,0,"Subject134","suicide",428,56.9092845383481,570.27321134587,285.72678865413,0,0
"151","Subject137","negative",420.75,80.3051471990847,621.512867997712,219.987132002288,0,0,"Subject135","neutral",295.25,23.4004985701872,353.751246425468,236.748753574532,0,0,"Subject137","positive",466.25,59.918694912356,616.04673728089,316.45326271911,0,0,"Subject135","suicide",325.25,29.2047370586805,398.261842646701,252.238157353299,0,0
"155","Subject138","negative",462,265.052196117419,1124.63049029355,-200.630490293547,0,0,"Subject137","neutral",414,17.606816861659,458.017042154148,369.982957845852,0,0,"Subject138","positive",340.25,24.7975133161909,402.243783290477,278.256216709523,0,0,"Subject137","suicide",371,23.0072452356499,428.518113089125,313.481886910875,0,0
"159","Subject139","negative",439.75,64.6754719091146,601.438679772786,278.061320227214,0,0,"Subject138","neutral",341.5,40.1123422402632,441.780855600658,241.219144399342,0,0,"Subject139","positive",418.75,42.7112397385044,525.528099346261,311.971900653739,0,0,"Subject138","suicide",334.25,24.1022128997872,394.505532249468,273.994467750532,0,0
"163","Subject14","negative",302.75,20.1225412576709,353.056353144177,252.443646855823,0,0,"Subject139","neutral",701.5,461.613474673346,1855.53368668337,-452.533686683365,0,0,"Subject14","positive",333,37.6297754444536,427.074438611134,238.925561388866,0,0,"Subject139","suicide",470.25,98.361154256478,716.152885641195,224.347114358805,0,0
"167","Subject140","negative",327.5,50.2045814642449,453.011453660612,201.988546339388,0,0,"Subject14","neutral",296.75,25.6043616076116,360.760904019029,232.739095980971,0,0,"Subject140","positive",360,48.7237108603193,481.809277150798,238.190722849202,0,0,"Subject14","suicide",317,39.8246155034798,416.561538758699,217.438461241301,0,0
"171","Subject141","negative",470.75,74.7813479418498,657.703369854624,283.796630145376,0,0,"Subject140","neutral",339.25,23.3005722390388,397.501430597597,280.998569402403,0,0,"Subject141","positive",483.5,79.6052762070455,682.513190517614,284.486809482386,0,0,"Subject140","suicide",373.25,46.0099626892553,488.274906723138,258.225093276862,0,0
"175","Subject142","negative",465,14.6515073172239,501.62876829306,428.37123170694,0,0,"Subject141","neutral",421.25,51.1558077510918,549.13951937773,293.36048062227,0,0,"Subject142","positive",630.75,149.140593624495,1003.60148406124,257.898515938763,0,0,"Subject141","suicide",425.75,70.248962032664,601.37240508166,250.12759491834,0,0
"179","Subject143","negative",305.666666666667,10.5039675043925,331.926585427648,279.406747905685,0,0,"Subject142","neutral",534.75,93.4714751497304,768.428687874326,301.071312125674,0,0,"Subject143","positive",300,30.7571129984594,376.892782496148,223.107217503852,0,0,"Subject142","suicide",423.75,33.8464670731427,508.366167682857,339.133832317143,0,0
"183","Subject144","negative",427.75,116.854253951949,719.885634879873,135.614365120127,0,0,"Subject143","neutral",318.5,56.8066897468951,460.516724367238,176.483275632762,0,0,"Subject144","positive",488,132.395871033302,818.989677583254,157.010322416746,0,0,"Subject143","suicide",309.5,20.8566536146142,361.641634036535,257.358365963465,0,0
"187","Subject145","negative",469.333333333333,162.149108333451,874.706104166962,63.960562499705,0,0,"Subject144","neutral",405.5,15.8008438593218,445.002109648304,365.997890351696,0,0,"Subject145","positive",543.75,164.094231058458,953.985577646146,133.514422353854,0,0,"Subject144","suicide",455.25,22.0661883130428,510.415470782607,400.084529217393,0,0
"191","Subject146","negative",327,19.6468827043885,376.117206760971,277.882793239029,0,0,"Subject145","neutral",408.25,43.277207241996,516.44301810499,300.05698189501,0,0,"Subject146","positive",315.75,12.5266382827424,347.066595706856,284.433404293144,0,0,"Subject145","suicide",344.25,34.9129870773995,431.532467693499,256.967532306501,0,0
"195","Subject147","negative",332,NA,NA,NA,0,0,"Subject146","neutral",313.25,20.0062490237426,363.265622559356,263.234377440644,0,0,"Subject147","positive",584.833333333333,454.012518182777,1719.86462879028,-550.19796212361,0,0,"Subject146","suicide",321.75,19.9060292373944,371.515073093486,271.984926906514,0,0
"199","Subject148","negative",301,39.5979797464467,399.994949366117,202.005050633883,0,0,"Subject147","neutral",377.5,27.5771644662754,446.442911165688,308.557088834312,0,0,"Subject148","positive",293.75,35.4718198010759,382.42954950269,205.07045049731,0,0,"Subject147","suicide",934.666666666667,553.855877763641,2319.30636107577,-449.973027742436,0,0
"203","Subject149","negative",329,30.4521482548167,405.130370637042,252.869629362958,0,0,"Subject148","neutral",297,35,384.5,209.5,0,0,"Subject149","positive",335,17.6635217326557,379.158804331639,290.841195668361,0,0,"Subject148","suicide",452.25,178.854456658666,899.386141646665,5.11385835333476,0,0
"207","Subject15","negative",399.75,28.3475454551771,470.618863637943,328.881136362057,0,0,"Subject149","neutral",362.75,77.8090611689924,557.272652922481,168.227347077519,0,0,"Subject15","positive",497.75,114.505822268273,784.014555670683,211.485444329317,0,0,"Subject149","suicide",325.75,29.1132844820596,398.533211205149,252.966788794851,0,0
"211","Subject151","negative",343.75,4.19324854180304,354.233121354508,333.266878645492,0,0,"Subject15","neutral",436.25,50.0757759134428,561.439439783607,311.060560216393,0,0,"Subject151","positive",361.75,39.9781190152813,461.695297538203,261.804702461797,0,0,"Subject15","suicide",379.25,14.1745076340121,414.68626908503,343.81373091497,0,0
"215","Subject152","negative",354.25,41.9076365356005,459.019091339001,249.480908660999,0,0,"Subject151","neutral",374,17.9443584449264,418.860896112316,329.139103887684,0,0,"Subject152","positive",424.5,175.099019605099,862.247549012746,-13.2475490127463,0,0,"Subject151","suicide",388,54.972720507539,525.431801268847,250.568198731152,0,0
"219","Subject153","negative",354,53.777318638995,488.443296597488,219.556703402512,0,0,"Subject152","neutral",431.25,125.770624551204,745.676561378011,116.823438621989,0,0,"Subject153","positive",371.5,76.4831136046818,562.707784011705,180.292215988295,0,0,"Subject152","suicide",436.25,237.742683027961,1030.6067075699,-158.106707569901,0,0
"223","Subject154","negative",292,4.24264068711928,302.606601717798,281.393398282202,0,0,"Subject153","neutral",344,32.7312287171339,425.828071792835,262.171928207165,0,0,"Subject154","positive",320,16.9705627484771,362.426406871193,277.573593128807,0,0,"Subject153","suicide",394,81.3183046224321,597.29576155608,190.70423844392,0,0
"227","Subject155","negative",369.5,54.6046396075156,506.011599018789,232.988400981211,0,0,"Subject154","neutral",353,73.5391052434009,536.847763108502,169.152236891498,0,0,"Subject155","positive",460.75,109.782739991312,735.20684997828,186.29315002172,0,0,"Subject154","suicide",383.5,116.67261889578,675.181547239451,91.8184527605491,0,0
"231","Subject156","negative",371.75,51.2794630757122,499.948657689281,243.551342310719,0,0,"Subject155","neutral",435,72.9109045342327,617.277261335582,252.722738664418,0,0,"Subject156","positive",364.25,79.8180221921507,563.795055480377,164.704944519623,0,0,"Subject155","suicide",381.75,38.7072344659238,478.51808616481,284.98191383519,0,0
"235","Subject157","negative",459.25,101.345531064111,712.613827660277,205.886172339723,0,0,"Subject156","neutral",353.75,51.9446821147266,483.611705286817,223.888294713183,0,0,"Subject157","positive",416,76.3588021557873,606.897005389468,225.102994610532,0,0,"Subject156","suicide",370.75,25.1710812905074,433.677703226269,307.822296773731,0,0
"239","Subject158","negative",752,468.792775826022,1923.98193956505,-419.981939565054,0,0,"Subject157","neutral",456.5,82.2779840945721,662.19496023643,250.80503976357,0,0,"Subject158","positive",560.75,204.385868722212,1071.71467180553,49.7853281944697,0,0,"Subject157","suicide",438.25,16.9189243156886,480.547310789222,395.952689210778,0,0
"243","Subject159","negative",430.333333333333,133.948995268099,765.205821503582,95.4608451630847,0,0,"Subject158","neutral",710,562.316636780382,2115.79159195096,-695.791591950955,0,0,"Subject159","positive",341.333333333333,44.1852162304694,451.796373909507,230.87029275716,0,0,"Subject158","suicide",577.75,180.535084309579,1029.08771077395,126.412289226053,0,0
"247","Subject16","negative",515.25,258.185172566771,1160.71293141693,-130.212931416928,0,0,"Subject159","neutral",396.75,41.3229153537518,500.057288384379,293.442711615621,0,0,"Subject16","positive",421.75,90.5809950633502,648.202487658375,195.297512341625,0,0,"Subject159","suicide",435,28.2842712474619,505.710678118655,364.289321881345,0,0
"251","Subject17","negative",346.5,31.3421973277773,424.855493319443,268.144506680557,0,0,"Subject16","neutral",347.25,34.3159341025905,433.039835256476,261.460164743524,0,0,"Subject17","positive",336.75,61.732622386115,491.081555965288,182.418444034713,0,0,"Subject16","suicide",418.25,54.8353596383453,555.338399095863,281.161600904137,0,0
"255","Subject18","negative",454.909090909091,193.575543158455,938.847948805229,-29.0297669870467,1,0,"Subject17","neutral",353.25,27.9448862346345,423.112215586586,283.387784413414,0,0,"Subject18","positive",405.6,87.5259961382903,624.414990345726,186.785009654274,0,0,"Subject17","suicide",396.5,21.142374511866,449.355936279665,343.644063720335,0,0
"259","Subject181","negative",440.75,14.5229703114296,477.057425778574,404.442574221426,0,0,"Subject18","neutral",442.076923076923,217.826942601408,986.644279580442,-102.490433426596,1,0,"Subject181","positive",578.5,317.022081249871,1371.05520312468,-214.055203124678,0,0,"Subject18","suicide",450,0,450,450,0,0
"263","Subject182","negative",341.25,9.7082439194738,365.520609798685,316.979390201315,0,0,"Subject181","neutral",878,571.670651103704,2307.17662775926,-551.176627759261,0,0,"Subject182","positive",329.25,9.94568583189046,354.114214579726,304.385785420274,0,0,"Subject181","suicide",452,60.1996677731696,602.499169432924,301.500830567076,0,0
"267","Subject183","negative",360,16.2480768092719,400.62019202318,319.37980797682,0,0,"Subject182","neutral",386.5,33.0100994646588,469.025248661647,303.974751338353,0,0,"Subject183","positive",378,54.8270006474912,515.067501618728,240.932498381272,0,0,"Subject182","suicide",375.25,59.4663770546012,523.915942636503,226.584057363497,0,0
"271","Subject184","negative",313.75,40.2191911073971,414.297977768493,213.202022231507,0,0,"Subject183","neutral",581.5,331.048334839491,1409.12083709873,-246.120837098728,0,0,"Subject184","positive",298.25,26.0432332862108,363.358083215527,233.141916784473,0,0,"Subject183","suicide",419,77.5757694128779,612.939423532195,225.060576467805,0,0
"275","Subject185","negative",363.5,82.6383688125558,570.09592203139,156.90407796861,0,0,"Subject184","neutral",308,20.7685659912603,359.921414978151,256.078585021849,0,0,"Subject186","positive",315,13.5154232884755,348.788558221189,281.211441778811,0,0,"Subject184","suicide",306,16.1864140562386,346.466035140597,265.533964859403,0,0
"278","Subject186","negative",343.25,45.3091234374123,456.522808593531,229.977191406469,0,0,"Subject185","neutral",424,NA,NA,NA,0,0,"Subject187","positive",384.75,32.4281256524847,465.820314131212,303.679685868788,0,0,"Subject185","suicide",421.5,47.3761543394987,539.940385848747,303.059614151253,0,0
"282","Subject187","negative",339,47.9305052480498,458.826263120125,219.173736879875,0,0,"Subject186","neutral",365.666666666667,24.3789526709687,426.614048344088,304.719284989245,0,0,"Subject188","positive",377.75,84.6221996090073,589.305499022518,166.194500977482,0,0,"Subject186","suicide",309.5,18.2665450117603,355.166362529401,263.833637470599,0,0
"286","Subject188","negative",330,40.9633982965281,432.40849574132,227.59150425868,0,0,"Subject187","neutral",365,109.395307638552,638.488269096379,91.5117309036211,0,0,"Subject189","positive",421.75,25.3689442691913,485.172360672978,358.327639327022,0,0,"Subject187","suicide",342.5,52.6909226843992,474.227306710998,210.772693289002,0,0
"290","Subject189","negative",424.75,29.1819007834194,497.704751958549,351.795248041451,0,0,"Subject188","neutral",367.5,51.1631377719024,495.407844429756,239.592155570244,0,0,"Subject19","positive",463.25,161.953439811159,868.133599527897,58.3664004721028,0,0,"Subject188","suicide",348,63.3035017462173,506.258754365543,189.741245634457,0,0
"294","Subject19","negative",403,90.4322951162913,629.080737790728,176.919262209272,0,0,"Subject189","neutral",408.75,39.634791114205,507.836977785513,309.663022214487,0,0,"Subject190","positive",563.75,65.2910152062799,726.9775380157,400.5224619843,0,0,"Subject189","suicide",430.25,69.5191820051608,604.047955012902,256.452044987098,0,0
"298","Subject190","negative",598.5,97.6268405716379,842.567101429095,354.432898570905,0,0,"Subject19","neutral",334.75,71.839520228539,514.348800571348,155.151199428652,0,0,"Subject191","positive",408.333333333333,17.925772879665,453.147765532496,363.518901134171,0,0,"Subject19","suicide",369,18.1659021245849,414.414755311462,323.585244688538,0,0
"305","Subject192","negative",437.5,55.8957362715023,577.239340678756,297.760659321244,0,0,"Subject190","neutral",605,52.0256347070045,735.064086767511,474.935913232489,0,0,"Subject192","positive",473.75,84.0530586395681,683.88264659892,263.61735340108,0,0,"Subject190","suicide",645.5,109.816513633728,920.041284084319,370.958715915681,0,0
"309","Subject194","negative",315.25,28.0757902827329,385.439475706832,245.060524293168,0,0,"Subject191","neutral",389,NA,NA,NA,0,0,"Subject194","positive",344,47.9791621435806,463.947905358952,224.052094641048,0,0,"Subject191","suicide",527,101.823376490863,781.558441227157,272.441558772843,0,0
"313","Subject196","negative",428.25,67.6233440955612,597.308360238903,259.191639761097,0,0,"Subject192","neutral",448.25,79.3993073017643,646.748268254411,249.751731745589,0,0,"Subject196","positive",698.5,432.765140308998,1780.41285077249,-383.412850772495,0,0,"Subject192","suicide",463.5,59.545500809605,612.363752024012,314.636247975988,0,0
"317","Subject197","negative",402.5,117.761057513368,696.902643783419,108.097356216581,0,0,"Subject194","neutral",398,62.5193303440357,554.298325860089,241.701674139911,0,0,"Subject197","positive",338.75,37.4466286867056,432.366571716764,245.133428283236,0,0,"Subject194","suicide",314.25,39.7523584206019,413.630896051505,214.869103948495,0,0
"321","Subject198","negative",374.25,54.7927914966923,511.231978741731,237.268021258269,0,0,"Subject196","neutral",407.25,37.7921949613938,501.730487403485,312.769512596515,0,0,"Subject198","positive",300.25,10.688779163216,326.97194790804,273.52805209196,0,0,"Subject196","suicide",388,53.8949595664257,522.737398916064,253.262601083936,0,0
"325","Subject199","negative",321,52.1344415909483,451.336103977371,190.663896022629,0,0,"Subject197","neutral",449,157.041395816517,841.603489541293,56.3965104587072,0,0,"Subject199","positive",362.25,16.8794747153656,404.448686788414,320.051313211586,0,0,"Subject197","suicide",421.333333333333,129.136878285536,744.175529047173,98.4911376194933,0,0
"329","Subject20","negative",448.25,20.6458228220626,499.864557055156,396.635442944844,0,0,"Subject198","neutral",355.75,24.1850504788943,416.212626197236,295.287373802764,0,0,"Subject20","positive",432.75,52.3537645892506,563.634411473126,301.865588526874,0,0,"Subject198","suicide",397,84.8253106881038,609.063276720259,184.936723279741,0,0
"333","Subject200","negative",478.5,57.6974869470066,622.743717367517,334.256282632483,0,0,"Subject199","neutral",351,63.1294965395205,508.823741348801,193.176258651199,0,0,"Subject200","positive",453.75,61.0975995164022,606.493998791005,301.006001208995,0,0,"Subject199","suicide",344.5,1.73205080756888,348.830127018922,340.169872981078,0,0
"337","Subject201","negative",571,125.573351737806,884.933379344514,257.066620655486,0,0,"Subject20","neutral",433.75,75.2656406779791,621.914101694948,245.585898305052,0,0,"Subject201","positive",528.25,40.631473843151,629.828684607878,426.671315392122,0,0,"Subject20","suicide",442,34.1857670188438,527.464417547109,356.535582452891,0,0
"341","Subject202","negative",439,59.39696961967,587.492424049175,290.507575950825,0,0,"Subject200","neutral",456.25,104.503189743982,717.507974359955,194.992025640045,0,0,"Subject202","positive",424.75,44.0482689784741,534.870672446185,314.629327553815,0,0,"Subject200","suicide",461.5,52.1312446299402,591.82811157485,331.17188842515,0,0
"345","Subject203","negative",411.25,22.2617010431219,466.904252607805,355.595747392195,0,0,"Subject201","neutral",545.25,81.2337163169744,748.334290792436,342.165709207564,0,0,"Subject203","positive",349,12.8322510366134,381.080627591534,316.919372408466,0,0,"Subject201","suicide",543.75,79.0880311214451,741.470077803613,346.029922196387,0,0
"349","Subject204","negative",323,8.83176086632785,345.07940216582,300.92059783418,0,0,"Subject202","neutral",386.75,42.3034671549902,492.508667887475,280.991332112525,0,0,"Subject204","positive",341.5,8.58292879305582,362.95732198264,320.04267801736,0,0,"Subject202","suicide",427.333333333333,48.5214729097678,548.637015607753,306.029651058914,0,0
"353","Subject205","negative",404.75,66.879867424111,571.949668560278,237.550331439722,0,0,"Subject203","neutral",380.5,57.2974694031072,523.743673507768,237.256326492232,0,0,"Subject205","positive",444.25,75.834798520644,633.83699630161,254.66300369839,0,0,"Subject203","suicide",363.25,37.6950483043419,457.487620760855,269.012379239145,0,0
"357","Subject206","negative",547.5,354.154862548387,1432.88715637097,-337.887156370967,0,0,"Subject204","neutral",320.25,22.4555115728856,376.388778932214,264.111221067786,0,0,"Subject206","positive",342.5,23.3023603954621,400.755900988655,284.244099011345,0,0,"Subject204","suicide",343,19.6638416050035,392.159604012509,293.840395987491,0,0
"361","Subject207","negative",464.5,58.642987645583,611.107469113957,317.892530886042,0,0,"Subject205","neutral",456.5,70.8731260775197,633.682815193799,279.317184806201,0,0,"Subject207","positive",448.25,58.214402570727,593.786006426817,302.713993573183,0,0,"Subject205","suicide",443.25,20.758532382292,495.14633095573,391.35366904427,0,0
"365","Subject208","negative",371,21.7408984788271,425.352246197068,316.647753802932,0,0,"Subject206","neutral",456.5,67.4512169398497,625.128042349624,287.871957650376,0,0,"Subject208","positive",448.75,90.3082683553025,674.520670888256,222.979329111744,0,0,"Subject206","suicide",432.5,43.0929228528305,540.232307132076,324.767692867924,0,0
"369","Subject209","negative",197,90.5906544112949,423.476636028237,-29.4766360282373,0,0,"Subject207","neutral",453,76.1270867256414,643.317716814104,262.682283185896,0,0,"Subject209","positive",343.857142857143,129.782418649354,668.313189480528,19.4010962337579,0,0,"Subject207","suicide",661,431.470354331171,1739.67588582793,-417.675885827929,0,0
"373","Subject21","negative",472,117.277448812634,765.193622031585,178.806377968415,0,0,"Subject208","neutral",498,118.375109996429,793.937774991073,202.062225008927,0,0,"Subject21","positive",488.5,229.123692940444,1061.30923235111,-84.3092323511089,0,0,"Subject208","suicide",487.5,67.6978581640512,656.744645410128,318.255354589872,0,0
"377","Subject210","negative",334,45.7602447545902,448.400611886476,219.599388113524,0,0,"Subject209","neutral",297,123.769947887199,606.424869717998,-12.4248697179979,0,0,"Subject210","positive",347,36.0370180046389,437.092545011597,256.907454988403,0,0,"Subject209","suicide",248.857142857143,154.926249735617,636.172767196186,-138.4584814819,0,0
"381","Subject212","negative",292.5,19.1398362932741,340.349590733185,244.650409266815,0,0,"Subject21","neutral",391,71.670542530852,570.17635632713,211.82364367287,0,0,"Subject212","positive",308.75,99.1610642675171,556.652660668793,60.8473393312071,0,0,"Subject21","suicide",434.75,207.307139288545,953.017848221361,-83.5178482213613,0,0
"385","Subject213","negative",390.75,30.9556133843282,468.139033460821,313.360966539179,0,0,"Subject210","neutral",360,60.6849789212015,511.712447303004,208.287552696996,0,0,"Subject213","positive",399.25,30.3575910331063,475.143977582766,323.356022417234,0,0,"Subject210","suicide",330,22.5831795812724,386.457948953181,273.542051046819,0,0
"389","Subject214","negative",436.333333333333,84.6719158477788,648.01312295278,224.653543713886,0,0,"Subject212","neutral",281,53.0188645672463,413.547161418116,148.452838581884,0,0,"Subject214","positive",424.2,93.4355392770866,657.788848192717,190.611151807283,0,0,"Subject212","suicide",304.333333333333,49.8631460432786,428.99119844153,179.675468225137,0,0
"393","Subject215","negative",335.75,20.7906228862918,387.726557215729,283.773442784271,0,0,"Subject213","neutral",416.5,28.3842679431171,487.460669857793,345.539330142207,0,0,"Subject215","positive",368.25,9.60468635614927,392.261715890373,344.238284109627,0,0,"Subject213","suicide",400,41.8568990729127,504.642247682282,295.357752317718,0,0
"397","Subject217","negative",805,319.134245524774,1602.83561381193,7.16438618806524,0,0,"Subject214","neutral",565.571428571429,262.051430793561,1220.70000555533,-89.5571484124733,0,0,"Subject217","positive",743.5,358.550321898243,1639.87580474561,-152.875804745606,0,0,"Subject214","suicide",402.833333333333,39.9570602855949,502.725984047321,302.940682619346,0,0
"401","Subject219","negative",328.25,35.9849505580689,418.212376395172,238.287623604828,0,0,"Subject215","neutral",367.75,73.0861363962642,550.46534099066,185.03465900934,0,0,"Subject219","positive",344,55.934485486743,483.836213716858,204.163786283142,0,0,"Subject215","suicide",341.5,26.6145323711189,408.036330927797,274.963669072203,0,0
"405","Subject22","negative",286.25,25.0249875124844,348.812468781211,223.687531218789,0,0,"Subject217","neutral",609,73.4393173533996,792.598293383499,425.401706616501,0,0,"Subject22","positive",297,46.3752807718365,412.938201929591,181.061798070409,0,0,"Subject217","suicide",616.5,120.270528393285,917.176320983213,315.823679016787,0,0
"409","Subject220","negative",521,139.522996909709,869.807492274273,172.192507725727,0,0,"Subject219","neutral",340,24.576411454889,401.441028637223,278.558971362777,0,0,"Subject220","positive",639.75,158.720666581262,1036.55166645315,242.948333546846,0,0,"Subject219","suicide",316.5,42.1465696508427,421.866424127107,211.133575872893,0,0
"413","Subject221","negative",362.5,45.6982858905379,476.745714726345,248.254285273655,0,0,"Subject22","neutral",299,15.0332963783729,336.583240945932,261.416759054068,0,0,"Subject221","positive",350.25,60.5385552079554,501.596388019889,198.903611980111,0,0,"Subject22","suicide",302,7.95822425754221,321.895560643856,282.104439356144,0,0
"417","Subject222","negative",306.25,22.6623770450792,362.905942612698,249.594057387302,0,0,"Subject220","neutral",578.5,127.860601176959,898.151502942397,258.848497057603,0,0,"Subject222","positive",310.75,26.4748308146939,376.937077036735,244.562922963265,0,0,"Subject220","suicide",578,167.026943934205,995.567359835512,160.432640164488,0,0
"421","Subject223","negative",427.5,124.216209355569,738.040523388924,116.959476611076,0,0,"Subject221","neutral",360,42.7940805875454,466.985201468864,253.014798531136,0,0,"Subject223","positive",359.5,54.3231074221643,495.307768555411,223.692231444589,0,0,"Subject221","suicide",424.25,92.0049817491785,654.262454372946,194.237545627054,0,0
"425","Subject224","negative",341.5,63.1110133019586,499.277533254897,183.722466745103,0,0,"Subject222","neutral",356.5,85.9631704084177,571.407926021044,141.592073978956,0,0,"Subject224","positive",323.5,49.3051721424842,446.762930356211,200.237069643789,0,0,"Subject222","suicide",307.5,15.7797338380595,346.949334595149,268.050665404851,0,0
"429","Subject225","negative",384,24.0138848724372,444.034712181093,323.965287818907,0,0,"Subject223","neutral",390.75,46.5501521658809,507.125380414702,274.374619585298,0,0,"Subject225","positive",441.25,82.5928770132954,647.732192533238,234.767807466762,0,0,"Subject223","suicide",371.75,38.2568076730578,467.392019182644,276.107980817356,0,0
"433","Subject226","negative",469.5,30.3918848817685,545.479712204421,393.520287795579,0,0,"Subject224","neutral",332.25,24.0883789408918,392.47094735223,272.02905264777,0,0,"Subject226","positive",421.5,45,534,309,0,0,"Subject224","suicide",352.75,60.3841866716775,503.710466679194,201.789533320806,0,0
"437","Subject227","negative",765.75,228.540842447617,1337.10210611904,194.397893880957,0,0,"Subject225","neutral",377,39.0725820322469,474.681455080617,279.318544919383,0,0,"Subject227","positive",522.25,172.229256128762,952.823140321905,91.6768596780952,0,0,"Subject225","suicide",429.75,89.3098538796252,653.024634699063,206.475365300937,0,0
"441","Subject228","negative",627.25,33.8956732735414,711.989183183853,542.510816816147,0,0,"Subject226","neutral",416.5,42.6262829718942,523.065707429736,309.934292570264,0,0,"Subject228","positive",639.5,39.1109532825098,737.277383206275,541.722616793725,0,0,"Subject226","suicide",427.5,44.3132786720489,538.283196680122,316.716803319878,0,0
"445","Subject229","negative",347.666666666667,44.7697814751573,459.59112035456,235.742212978774,0,0,"Subject227","neutral",583.5,201.246946146602,1086.61736536651,80.3826346334949,0,0,"Subject229","positive",333.25,47.3383213334257,451.595803333564,214.904196666436,0,0,"Subject227","suicide",680,278.524684722916,1376.31171180729,-16.3117118072911,0,0
"449","Subject23","negative",392.25,51.1166965547136,520.041741386784,264.458258613216,0,0,"Subject228","neutral",736.5,211.574258043522,1265.4356451088,207.564354891196,0,0,"Subject23","positive",400,49.173163412577,522.932908531443,277.067091468558,0,0,"Subject228","suicide",545.25,17.9698822107065,590.174705526766,500.325294473234,0,0
"453","Subject230","negative",378.5,22.1735578260835,433.933894565209,323.066105434791,0,0,"Subject229","neutral",373.25,36.0404864932019,463.351216233005,283.148783766995,0,0,"Subject230","positive",365,33.2465537061112,448.116384265278,281.883615734722,0,0,"Subject229","suicide",333,12.1928941054479,363.48223526362,302.51776473638,0,0
"457","Subject231","negative",362.75,49.378639106399,486.196597765998,239.303402234002,0,0,"Subject23","neutral",368,30.539591789457,444.348979473642,291.651020526358,0,0,"Subject231","positive",368.25,73.3274618861629,551.568654715407,184.931345284593,0,0,"Subject23","suicide",389.25,34.052655305179,474.381638262947,304.118361737053,0,0
"461","Subject232","negative",463.5,49.9633198790206,588.408299697551,338.591700302449,0,0,"Subject230","neutral",405.5,41.0325074382089,508.081268595522,302.918731404478,0,0,"Subject232","positive",498.5,52.8236058342606,630.559014585652,366.440985414348,0,0,"Subject230","suicide",353.5,19.824227601599,403.060569003998,303.939430996002,0,0
"465","Subject233","negative",495.25,149.947490809283,870.118727023207,120.381272976793,0,0,"Subject231","neutral",398.25,39.4239774756429,496.809943689107,299.690056310893,0,0,"Subject233","positive",434,91.4148055112883,662.537013778221,205.462986221779,0,0,"Subject231","suicide",390.333333333333,58.6884429281723,537.054440653764,243.612226012903,0,0
"469","Subject234","negative",421.25,24.5407823836161,482.60195595904,359.89804404096,0,0,"Subject232","neutral",478.5,34.9332697200439,565.83317430011,391.16682569989,0,0,"Subject234","positive",408,16.0934769394311,448.233692348578,367.766307651422,0,0,"Subject232","suicide",429,30.3864004668755,504.966001167189,353.033998832811,0,0
"473","Subject236","negative",384.5,39.6190190018212,483.547547504553,285.452452495447,0,0,"Subject233","neutral",503.25,142.481285320798,859.453213301995,147.046786698005,0,0,"Subject236","positive",353.5,16.2992842378635,394.248210594659,312.751789405341,0,0,"Subject233","suicide",417,102.381638978872,672.954097447179,161.045902552821,0,0
"477","Subject237","negative",376.25,27.9806480744579,446.201620186145,306.298379813855,0,0,"Subject234","neutral",400.75,25.1445819213603,463.611454803401,337.888545196599,0,0,"Subject237","positive",370.75,70.886646603339,547.966616508347,193.533383491653,0,0,"Subject234","suicide",428.5,88.372318441165,649.430796102912,207.569203897088,0,0
"481","Subject238","negative",411.5,29.8049212938624,486.012303234656,336.987696765344,0,0,"Subject236","neutral",385.75,64.0383999383703,545.845999845926,225.654000154074,0,0,"Subject238","positive",455.5,125.747100695536,769.867751738841,141.132248261159,0,0,"Subject236","suicide",440.25,104.381910948848,701.204777372121,179.295222627879,0,0
"485","Subject239","negative",290,22.3755819291179,345.938954822795,234.061045177205,0,0,"Subject237","neutral",341.75,44.8060635777495,453.765158944374,229.734841055626,0,0,"Subject239","positive",327.25,32.8772971314046,409.443242828512,245.056757171488,0,0,"Subject237","suicide",390.25,82.8668610885357,597.417152721339,183.082847278661,0,0
"489","Subject24","negative",374.25,69.1586340717243,547.146585179311,201.353414820689,0,0,"Subject238","neutral",449.25,69.3319310755633,622.579827688908,275.920172311092,0,0,"Subject24","positive",326.25,56.328648720404,467.07162180101,185.42837819899,0,0,"Subject238","suicide",431,76.6898515667708,622.724628916927,239.275371083073,0,0
"493","Subject240","negative",400.5,128.225062552789,721.062656381973,79.9373436180273,0,0,"Subject239","neutral",281.75,21.7006144306254,336.001536076563,227.498463923437,0,0,"Subject240","positive",319.5,59.7634224812022,468.908556203006,170.091443796994,0,0,"Subject239","suicide",302.5,26.134268690744,367.83567172686,237.16432827314,0,0
"497","Subject241","negative",457.5,35.9304884464434,547.326221116108,367.673778883892,0,0,"Subject24","neutral",349,30.0776772152815,424.194193038204,273.805806961796,0,0,"Subject241","positive",456.5,109.597749368619,730.494373421548,182.505626578452,0,0,"Subject24","suicide",360,13.228756555323,393.071891388307,326.928108611693,0,0
"501","Subject242","negative",378,32.331615074619,458.829037686548,297.170962313452,0,0,"Subject240","neutral",331.25,51.1362558921424,459.090639730356,203.409360269644,0,0,"Subject242","positive",394.666666666667,77.3972437063061,588.159775932432,201.173557400902,0,0,"Subject240","suicide",360.75,137.383587083756,704.20896770939,17.2910322906097,0,0
"505","Subject243","negative",478,145.769224003789,842.423060009471,113.576939990529,0,0,"Subject241","neutral",503.5,88.5004708085405,724.751177021351,282.248822978649,0,0,"Subject243","positive",353.75,54.865745233251,490.914363083127,216.585636916873,0,0,"Subject241","suicide",740.25,551.7598360398,2119.6495900995,-639.149590099499,0,0
"509","Subject244","negative",397,45.7893728573199,511.4734321433,282.5265678567,0,0,"Subject242","neutral",347.333333333333,43.2473505932252,455.451709816396,239.21495685027,0,0,"Subject244","positive",391.5,16.8226038412607,433.556509603152,349.443490396848,0,0,"Subject242","suicide",322,21.4320632075713,375.580158018928,268.419841981072,0,0
"513","Subject245","negative",465.5,140.714249456123,817.285623640307,113.714376359693,0,0,"Subject243","neutral",337,44.4822061802994,448.205515450749,225.794484549251,0,0,"Subject245","positive",398,0,398,398,0,0,"Subject243","suicide",344.75,34.6350015639286,431.337503909821,258.162496090179,0,0
"517","Subject246","negative",440,77.9230389551126,634.807597387782,245.192402612218,0,0,"Subject244","neutral",459.75,227.705035810219,1029.01258952555,-109.512589525549,0,0,"Subject246","positive",485,48.7305516761986,606.826379190497,363.173620809503,0,0,"Subject244","suicide",381.5,48.7202900921851,503.300725230463,259.699274769537,0,0
"521","Subject247","negative",316.75,9.8784276751583,341.446069187896,292.053930812104,0,0,"Subject245","neutral",445.666666666667,50.4612062215454,571.81968222053,319.513651112803,0,0,"Subject247","positive",314,54.2862781925599,449.7156954814,178.2843045186,0,0,"Subject245","suicide",404,80.6101730552664,605.525432638166,202.474567361834,0,0
"525","Subject248","negative",563.75,397.269325101582,1556.92331275396,-429.423312753956,0,0,"Subject246","neutral",438,45.1072795307661,550.768198826915,325.231801173085,0,0,"Subject248","positive",331.5,45.3541618817943,444.885404704486,218.114595295514,0,0,"Subject246","suicide",416.5,13.8924439894498,451.231109973624,381.768890026376,0,0
"529","Subject249","negative",420,47.7842372894382,539.460593223595,300.539406776405,0,0,"Subject247","neutral",315.5,22.9855026774124,372.963756693531,258.036243306469,0,0,"Subject249","positive",399.5,13.1782649338472,432.445662334618,366.554337665382,0,0,"Subject247","suicide",308.75,26.2599187609812,374.399796902453,243.100203097547,0,0
"533","Subject25","negative",380,36.5786823163438,471.446705790859,288.553294209141,0,0,"Subject248","neutral",386.75,61.6515747298207,540.878936824552,232.621063175448,0,0,"Subject25","positive",500.333333333333,100.72900939319,752.155856816308,248.510809850359,0,0,"Subject248","suicide",338.333333333333,15.8219257150744,377.888147621019,298.778519045647,0,0
"537","Subject250","negative",443.5,7.18795288428261,461.469882210707,425.530117789293,0,0,"Subject249","neutral",457.5,59.2086705362202,605.52167634055,309.47832365945,0,0,"Subject250","positive",437.25,22.2017266595791,492.754316648948,381.745683351052,0,0,"Subject249","suicide",407,44.1889880701818,517.472470175454,296.527529824546,0,0
"541","Subject251","negative",407,26.3185612575358,472.79640314384,341.20359685616,0,0,"Subject25","neutral",354,NA,NA,NA,0,0,"Subject251","positive",374.75,49.0603370011526,497.400842502882,252.099157497118,0,0,"Subject25","suicide",383,NA,NA,NA,0,0
"545","Subject252","negative",526,256.110653169029,1166.27663292257,-114.276632922573,0,0,"Subject250","neutral",458.5,46.4076143177676,574.519035794419,342.480964205581,0,0,"Subject252","positive",457.25,149.392938253453,830.732345633632,83.7676543663677,0,0,"Subject250","suicide",430.25,26.7129806149245,497.032451537311,363.467548462689,0,0
"549","Subject253","negative",418,98.4174781225367,664.043695306342,171.956304693658,0,0,"Subject251","neutral",445,99.2404487427715,693.101121856929,196.898878143071,0,0,"Subject253","positive",482.666666666667,220.812892135702,1034.69889700592,-69.3655636725892,0,0,"Subject251","suicide",400.75,65.3318452211477,564.079613052869,237.420386947131,0,0
"553","Subject254","negative",450.25,28.5,521.5,379,0,0,"Subject252","neutral",372,27.8926513619627,441.731628404907,302.268371595093,0,0,"Subject254","positive",441.75,85.1836251870041,654.70906296751,228.79093703249,0,0,"Subject252","suicide",650.75,436.575594828662,1742.18898707165,-440.688987071655,0,0
"557","Subject255","negative",416,29.1661904723031,488.915476180758,343.084523819242,0,0,"Subject253","neutral",463.25,91.6856041044612,692.464010261153,234.035989738847,0,0,"Subject255","positive",385,36.1386219991853,475.346554997963,294.653445002037,0,0,"Subject253","suicide",392.75,90.0421197736556,617.855299434139,167.644700565861,0,0
"561","Subject256","negative",408.25,98.2899621867191,653.974905466798,162.525094533202,0,0,"Subject254","neutral",444,47.588514020367,562.971285050917,325.028714949082,0,0,"Subject256","positive",401.25,115.848680038517,690.871700096292,111.628299903708,0,0,"Subject254","suicide",434.5,41.7013189239861,538.753297309965,330.246702690035,0,0
"565","Subject257","negative",426.25,73.9656451784656,611.164112946164,241.335887053836,0,0,"Subject255","neutral",411,24.9933324442073,473.483331110518,348.516668889482,0,0,"Subject257","positive",433.25,62.824490978174,590.311227445435,276.188772554565,0,0,"Subject255","suicide",487.5,77.5736209459547,681.434052364887,293.565947635113,0,0
"569","Subject258","negative",532.75,135.946987216831,872.617468042079,192.882531957921,0,0,"Subject256","neutral",359.25,43.7369028014864,468.592257003716,249.907742996284,0,0,"Subject258","positive",514.25,113.197099491698,797.242748729245,231.257251270755,0,0,"Subject256","suicide",472.25,96.3513535625387,713.128383906347,231.371616093653,0,0
"573","Subject259","negative",334,62.2521753301307,489.630438325327,178.369561674673,0,0,"Subject257","neutral",366.75,44.7241545476267,478.560386369067,254.939613630933,0,0,"Subject259","positive",361,10.8012344973464,388.003086243366,333.996913756634,0,0,"Subject257","suicide",397.75,62.5053331057972,554.013332764493,241.486667235507,0,0
"577","Subject26","negative",522,67.468511173732,690.67127793433,353.32872206567,0,0,"Subject258","neutral",528,168.576392178739,949.440980446847,106.559019553153,0,0,"Subject26","positive",542.714285714286,101.616459109264,796.755433487446,288.673137941125,0,0,"Subject258","suicide",542.25,31.8158765398661,621.789691349665,462.710308650335,0,0
"581","Subject260","negative",481,37.7447568102732,575.361892025683,386.638107974317,0,0,"Subject259","neutral",375.5,55.8718772430877,515.179693107719,235.820306892281,0,0,"Subject260","positive",464.75,17.764665303161,509.161663257903,420.338336742097,0,0,"Subject259","suicide",360.5,43.0542293702566,468.135573425641,252.864426574358,0,0
"585","Subject261","negative",461.571428571429,69.6463857469937,635.687392938913,287.455464203944,0,0,"Subject26","neutral",872.5,720.272864961606,2673.18216240401,-928.182162404015,0,0,"Subject261","positive",404,63.6160357142757,563.040089285689,244.959910714311,0,0,"Subject26","suicide",492.833333333333,109.731338580492,767.161679784564,218.504986882102,0,0
"589","Subject262","negative",335,50.1530989404776,460.382747351194,209.617252648806,0,0,"Subject260","neutral",474.75,34.2673313813609,560.418328453402,389.081671546598,0,0,"Subject262","positive",336,6.557438524302,352.393596310755,319.606403689245,0,0,"Subject260","suicide",478.75,13.5492927244684,512.623231811171,444.876768188829,0,0
"593","Subject263","negative",561,5.65685424949238,575.142135623731,546.857864376269,0,0,"Subject261","neutral",423.333333333333,55.1603722491669,561.234263956251,285.432402710416,0,0,"Subject263","positive",730.5,366.988419435818,1647.97104858955,-186.971048589545,0,0,"Subject261","suicide",477.833333333333,101.432572020366,731.414763384248,224.251903282419,0,0
"597","Subject264","negative",359,NA,NA,NA,0,0,"Subject262","neutral",311.75,27.9448862346345,381.612215586586,241.887784413414,0,0,"Subject264","positive",493.333333333333,135.433870702027,831.9180100884,154.748656578266,0,0,"Subject262","suicide",291.75,24.7167284782324,353.541821195581,229.958178804419,0,0
"600","Subject265","negative",442,79.6157438366726,641.039359591681,242.960640408319,0,0,"Subject263","neutral",338.5,161.237919444114,741.594798610286,-64.5947986102856,0,0,"Subject265","positive",399,63.118935352238,556.797338380595,241.202661619405,0,0,"Subject263","suicide",499.666666666667,157.823741348801,894.22602003867,105.107313294663,0,0
"604","Subject266","negative",293.75,22.5591814272297,350.147953568074,237.352046431926,0,0,"Subject265","neutral",493.25,148.189911937352,863.724779843379,122.775220156621,0,0,"Subject266","positive",290.5,31.6701752442262,369.675438110566,211.324561889434,0,0,"Subject264","suicide",408,39.5979797464467,506.994949366117,309.005050633883,0,0
"608","Subject267","negative",351,84.4551162847265,562.137790711816,139.862209288184,0,0,"Subject266","neutral",300,29.2232783924049,373.058195981012,226.941804018988,0,0,"Subject267","positive",328,64.6374504447692,489.593626111923,166.406373888077,0,0,"Subject265","suicide",533.25,150.395866521213,909.239666303034,157.260333696966,0,0
"612","Subject268","negative",449.75,103.293675185528,707.98418796382,191.51581203618,0,0,"Subject267","neutral",347,38.4621025599659,443.155256399915,250.844743600085,0,0,"Subject268","positive",489.25,80.1181419321908,689.545354830477,288.954645169523,0,0,"Subject266","suicide",268,37.0270171631472,360.567542907868,175.432457092132,0,0
"616","Subject269","negative",463,96.9535971483266,705.383992870816,220.616007129184,0,0,"Subject268","neutral",479.25,102.895983076762,736.489957691905,222.010042308095,0,0,"Subject269","positive",509.666666666667,151.572864765872,888.598828581347,130.734504751987,0,0,"Subject267","suicide",288,31.3581462037113,366.395365509278,209.604634490722,0,0
"620","Subject27","negative",419.25,47.3242362150023,537.560590537506,300.939409462494,0,0,"Subject269","neutral",339.5,47.3761543394987,457.940385848747,221.059614151253,0,0,"Subject27","positive",484,75.8814865431615,673.703716357904,294.296283642096,0,0,"Subject268","suicide",465.5,107.046718772693,733.116796931732,197.883203068268,0,0
"624","Subject270","negative",475.25,46.1835107659289,590.708776914822,359.791223085178,0,0,"Subject27","neutral",453.25,72.3803610564818,634.200902641204,272.299097358796,0,0,"Subject270","positive",504.75,52.0344437208022,634.836109302006,374.663890697994,0,0,"Subject269","suicide",373.5,88.3883476483184,594.470869120796,152.529130879204,0,0
"628","Subject271","negative",499.75,13.3010024684858,533.002506171215,466.497493828785,0,0,"Subject270","neutral",446.75,47.4297726468653,565.324431617163,328.175568382837,0,0,"Subject271","positive",492.25,72.1312461189093,672.578115297273,311.921884702727,0,0,"Subject27","suicide",423.75,26.7254560297855,490.563640074464,356.936359925536,0,0
"632","Subject272","negative",440.4,125.430458820814,753.976147052036,126.823852947964,0,0,"Subject271","neutral",465,20.0831604418561,515.20790110464,414.79209889536,0,0,"Subject272","positive",431.285714285714,122.26707690641,736.95340655174,125.618022019688,0,0,"Subject270","suicide",415.25,21.1561653740306,468.140413435077,362.359586564923,0,0
"636","Subject273","negative",306.25,72.3987799160547,487.246949790137,125.253050209863,0,0,"Subject272","neutral",418.25,48.9583156028337,540.645789007084,295.854210992916,0,0,"Subject273","positive",369.5,137.909390543211,714.273476358028,24.7265236419715,0,0,"Subject271","suicide",476,87.1473847379637,693.868461844909,258.131538155091,0,0
"640","Subject274","negative",517.666666666667,31.9739477283199,597.601535987466,437.731797345867,0,0,"Subject273","neutral",222.333333333333,142.7211733883,579.136266804085,-134.469600137418,0,0,"Subject274","positive",531.25,34.2867807373824,616.966951843456,445.533048156544,0,0,"Subject272","suicide",410.5,117.944902390905,705.362255977261,115.637744022739,0,0
"644","Subject276","negative",305,NA,NA,NA,0,0,"Subject274","neutral",475.25,57.8871027662179,619.967756915545,330.532243084455,0,0,"Subject276","positive",407,65.6848536574453,571.212134143613,242.787865856387,0,0,"Subject273","suicide",311.333333333333,17.0098010962308,353.85783607391,268.808830592756,0,0
"648","Subject277","negative",517,79.2380380036423,715.095095009106,318.904904990894,0,0,"Subject276","neutral",628,NA,NA,NA,0,0,"Subject277","positive",705.5,252.530526207559,1336.8263155189,74.1736844811024,0,0,"Subject274","suicide",443.333333333333,42.7122152707318,550.113871510163,336.552795156504,0,0
"652","Subject278","negative",339.25,35.6218565864648,428.304641466162,250.195358533838,0,0,"Subject277","neutral",600,242.811312202157,1207.02828050539,-7.02828050539233,0,0,"Subject278","positive",323,28.011902232206,393.029755580515,252.970244419485,0,0,"Subject276","suicide",622.2,176.968076217153,1064.62019054288,179.779809457118,0,0
"656","Subject279","negative",404.25,51.4417145903983,532.854286475996,275.645713524004,0,0,"Subject278","neutral",361.75,25.8376340506118,426.344085126529,297.155914873471,0,0,"Subject279","positive",369.333333333333,27.0985854489369,437.079796955676,301.586869710991,0,0,"Subject277","suicide",420.666666666667,42.0634441449263,525.825277028982,315.508056304351,0,0
"660","Subject28","negative",418.5,70.6281341487465,595.070335371866,241.929664628134,0,0,"Subject279","neutral",318.333333333333,40.7226390762354,420.139931023922,216.526735642745,0,0,"Subject28","positive",512.25,142.504678285779,868.511695714447,155.988304285553,0,0,"Subject278","suicide",330.5,29.0918086982115,403.229521745529,257.770478254471,0,0
"664","Subject280","negative",392.25,52.321920199218,523.054800498045,261.445199501955,0,0,"Subject28","neutral",524.25,129.74943802062,848.62359505155,199.87640494845,0,0,"Subject280","positive",382,26.2932183905534,447.733045976383,316.266954023617,0,0,"Subject279","suicide",296.5,31.26766167571,374.669154189275,218.330845810725,0,0
"668","Subject281","negative",382.25,34.393555597912,468.23388899478,296.26611100522,0,0,"Subject280","neutral",418.75,57.0518769775953,561.379692443988,276.120307556012,0,0,"Subject281","positive",396,48.6826457785523,517.706614446381,274.293385553619,0,0,"Subject28","suicide",467,100.833195592192,719.082988980481,214.917011019519,0,0
"672","Subject283","negative",371.75,47.7938280534213,491.234570133553,252.265429866447,0,0,"Subject281","neutral",386,44.9740666013945,498.435166503486,273.564833496514,0,0,"Subject283","positive",490,126.688594593199,806.721486482998,173.278513517002,0,0,"Subject280","suicide",352.75,33.0794498140462,435.448624535115,270.051375464885,0,0
"676","Subject284","negative",301,7.25718035235908,319.142950880898,282.857049119102,0,0,"Subject283","neutral",450.75,49.520197899443,574.550494748608,326.949505251392,0,0,"Subject284","positive",294.5,11.4455231422596,323.113807855649,265.886192144351,0,0,"Subject281","suicide",399.75,69.3415459879573,573.103864969893,226.396135030107,0,0
"680","Subject285","negative",398,53.5225809043871,531.806452260968,264.193547739032,0,0,"Subject284","neutral",301.5,15.5884572681199,340.4711431703,262.5288568297,0,0,"Subject285","positive",334,35.9814767160364,423.953691790091,244.046308209909,0,0,"Subject283","suicide",386,53.9567728217073,520.891932054268,251.108067945732,0,0
"684","Subject286","negative",427.5,95.5492892002168,666.373223000542,188.626776999458,0,0,"Subject285","neutral",325.75,51.0579735855886,453.394933963972,198.105066036028,0,0,"Subject286","positive",448.666666666667,107.188307820085,716.63743621688,180.695897116454,0,0,"Subject284","suicide",362,117.3200750085,655.300187521249,68.6998124787507,0,0
"688","Subject287","negative",380.666666666667,139.05514493658,728.304529008117,33.0288043252161,0,0,"Subject286","neutral",494.75,194.182688895449,980.206722238622,9.29327776137796,0,0,"Subject287","positive",314.5,64.1690475748757,474.922618937189,154.077381062811,0,0,"Subject285","suicide",422.25,40.0114566926358,522.278641731589,322.221358268411,0,0
"692","Subject288","negative",338.75,33.4402452144119,422.35061303603,255.14938696397,0,0,"Subject287","neutral",394.333333333333,57.3265499863138,537.649708299118,251.016958367549,0,0,"Subject288","positive",373,53.7339123211155,507.334780802789,238.665219197211,0,0,"Subject286","suicide",417.666666666667,74.701628719415,604.420738465204,230.912594868129,0,0
"696","Subject289","negative",361.5,19.8913716637809,411.228429159452,311.771570840548,0,0,"Subject288","neutral",333,36.6333181680284,424.583295420071,241.416704579929,0,0,"Subject289","positive",382.5,47.7318901085358,501.829725271339,263.170274728661,0,0,"Subject287","suicide",283.75,47.8217175210873,403.304293802718,164.195706197282,0,0
"700","Subject29","negative",471.5,34.6482322781408,558.120580695352,384.879419304648,0,0,"Subject289","neutral",364.25,72.0711454050787,544.427863512697,184.072136487303,0,0,"Subject29","positive",451.5,67.175144212722,619.437860531805,283.562139468195,0,0,"Subject288","suicide",344,34.2247473815854,429.561868453963,258.438131546037,0,0
"704","Subject290","negative",408.5,27,476,341,0,0,"Subject29","neutral",441,79.1959594928933,638.989898732233,243.010101267767,0,0,"Subject290","positive",508.75,104.493620219929,769.984050549821,247.515949450179,0,0,"Subject289","suicide",544.5,290.3440487881,1270.36012197025,-181.36012197025,0,0
"708","Subject291","negative",519,165.462986797652,932.65746699413,105.34253300587,0,0,"Subject290","neutral",426.75,56.6825958003572,568.456489500893,285.043510499107,0,0,"Subject291","positive",494.666666666667,212.984349972793,1027.12754159865,-37.7942082653167,0,0,"Subject29","suicide",470,134.350288425444,805.87572106361,134.12427893639,0,0
"711","Subject292","negative",411.25,38.9133653132185,508.533413283046,313.966586716954,0,0,"Subject291","neutral",497.666666666667,93.8843259903732,732.3774816426,262.955851690734,0,0,"Subject292","positive",408.75,43.6453510315436,517.863377578859,299.636622421141,0,0,"Subject290","suicide",422.5,42.0198365854351,527.549591463588,317.450408536412,0,0
"715","Subject293","negative",327,19.6129209111409,376.032302277852,277.967697722148,0,0,"Subject292","neutral",365.25,30.8693483356333,442.423370839083,288.076629160917,0,0,"Subject293","positive",334.75,31.3515018247399,413.12875456185,256.37124543815,0,0,"Subject292","suicide",387.25,35.1887766198258,475.221941549565,299.278058450435,0,0
"719","Subject294","negative",380.25,52.8606659057564,512.401664764391,248.098335235609,0,0,"Subject293","neutral",350.75,57.3432646437225,494.108161609306,207.391838390694,0,0,"Subject294","positive",377.75,13.8894444333338,412.473611083334,343.026388916666,0,0,"Subject293","suicide",333,45.9927530523379,447.981882630845,218.018117369155,0,0
"723","Subject295","negative",410.75,46.0534110209729,525.883527552432,295.616472447568,0,0,"Subject294","neutral",396.75,48.6989048473714,518.497262118428,275.002737881572,0,0,"Subject295","positive",401.25,42.7892120360573,508.223030090143,294.276969909857,0,0,"Subject294","suicide",382.5,27.3556819204591,450.889204801148,314.110795198852,0,0
"727","Subject296","negative",411.25,57.8179614537443,555.794903634361,266.705096365639,0,0,"Subject295","neutral",426.75,35.4718198010759,515.42954950269,338.07045049731,0,0,"Subject296","positive",348.5,27.8627588966587,418.156897241647,278.843102758353,0,0,"Subject295","suicide",419,29.0631496343164,491.657874085791,346.342125914209,0,0
"731","Subject297","negative",498.5,56.5714886964567,639.928721741142,357.071278258858,0,0,"Subject296","neutral",383.25,22.9401394939089,440.600348734772,325.899651265228,0,0,"Subject297","positive",412.5,66.7607669218981,579.401917304745,245.598082695255,0,0,"Subject296","suicide",401.25,15.3704261489394,439.676065372348,362.823934627652,0,0
"735","Subject298","negative",372.75,75.6235192692503,561.808798173126,183.691201826874,0,0,"Subject297","neutral",447.333333333333,59.8024525695505,596.839464757209,297.827201909457,0,0,"Subject298","positive",252.25,52.0984644687346,382.496161171836,122.003838828164,0,0,"Subject297","suicide",410.333333333333,55.6087523087268,549.35521410515,271.311452561516,0,0
"739","Subject299","negative",372.5,52.4944441504686,503.736110376171,241.263889623829,0,0,"Subject298","neutral",297.75,11.146748404804,325.61687101201,269.88312898799,0,0,"Subject299","positive",353,12.3558353285671,383.889588321418,322.110411678582,0,0,"Subject298","suicide",311.25,69.3607718142371,484.651929535593,137.848070464407,0,0
"743","Subject3","negative",362,17.7763888346312,406.440972086578,317.559027913422,0,0,"Subject299","neutral",362,46.1302503786832,477.325625946708,246.674374053292,0,0,"Subject3","positive",334,43.2743187891695,442.185796972924,225.814203027076,0,0,"Subject299","suicide",440.5,117.435088453154,734.087721132884,146.912278867116,0,0
"747","Subject30","negative",323,0,323,323,0,0,"Subject3","neutral",406.5,126.101810719223,721.754526798057,91.2454732019433,0,0,"Subject30","positive",400,39.5979797464467,498.994949366117,301.005050633883,0,0,"Subject3","suicide",346.25,48.2588506562958,466.89712664074,225.60287335926,0,0
"751","Subject300","negative",336.25,39.3647473424298,434.661868356074,237.838131643926,0,0,"Subject30","neutral",351.5,3.53553390593274,360.338834764832,342.661165235168,0,0,"Subject300","positive",359.75,47.3805515656653,478.201378914163,241.298621085837,0,0,"Subject30","suicide",323,NA,NA,NA,0,0
"755","Subject301","negative",340.25,66.7201868502579,507.050467125645,173.449532874355,0,0,"Subject300","neutral",390,24,450,330,0,0,"Subject301","positive",384.5,122.345140211344,690.362850528359,78.6371494716409,0,0,"Subject300","suicide",345.75,14.4308696896618,381.827174224155,309.672825775845,0,0
"759","Subject302","negative",406.25,28.2179021190449,476.794755297612,335.705244702388,0,0,"Subject301","neutral",308.333333333333,22.5018517756502,364.587962772459,252.078703894208,0,0,"Subject302","positive",391,82.663978450915,597.659946127287,184.340053872713,0,0,"Subject301","suicide",370.333333333333,10.6926766215636,397.065024887242,343.601641779424,0,0
"763","Subject303","negative",395.5,31.4695620136877,474.173905034219,316.826094965781,0,0,"Subject302","neutral",436.75,6.65206734782504,453.380168369563,420.119831630437,0,0,"Subject303","positive",363.5,24.6779253585061,425.194813396265,301.805186603735,0,0,"Subject302","suicide",465.25,84.1877861291846,675.719465322962,254.780534677038,0,0
"767","Subject304","negative",487,51.4392845984467,615.598211496117,358.401788503883,0,0,"Subject303","neutral",338.5,53.3010318849457,471.752579712364,205.247420287636,0,0,"Subject304","positive",411.888888888889,65.3116460603399,575.168004039739,248.609773738039,0,0,"Subject303","suicide",331.333333333333,26.6333124739176,397.916614518127,264.750052148539,0,0
"771","Subject305","negative",446,64.2287578373841,606.57189459346,285.42810540654,0,0,"Subject304","neutral",457.5,102.519684521002,713.799211302504,201.200788697496,0,0,"Subject305","positive",312.333333333333,6.35085296108588,328.210465736048,296.456200930619,0,0,"Subject304","suicide",449,90.207168968621,674.517922421552,223.482077578448,0,0
"775","Subject306","negative",483.75,102.31120824882,739.528020622049,227.971979377951,0,0,"Subject305","neutral",399.75,110.025375860905,674.813439652262,124.686560347738,0,0,"Subject306","positive",419.25,88.28504969699,639.962624242475,198.537375757525,0,0,"Subject305","suicide",391.5,137.294088243692,734.73522060923,48.2647793907702,0,0
"779","Subject307","negative",369.5,37.5455279183376,463.363819795844,275.636180204156,0,0,"Subject306","neutral",378,44.0529983845216,488.132495961304,267.867504038696,0,0,"Subject307","positive",418,55.6776436283002,557.194109070751,278.805890929249,0,0,"Subject306","suicide",471.5,69.6491205974634,645.622801493658,297.377198506342,0,0
"783","Subject308","negative",532.5,129.289081776717,855.722704441793,209.277295558207,0,0,"Subject307","neutral",397.5,60.9945352743451,549.986338185863,245.013661814137,0,0,"Subject308","positive",514.5,125.298310709549,827.745776773872,201.254223226128,0,0,"Subject307","suicide",467.75,179.704155025234,917.010387563085,18.489612436915,0,0
"787","Subject309","negative",362.25,50.9403245638136,489.600811409534,234.899188590466,0,0,"Subject308","neutral",496,94.5727233402951,732.431808350738,259.568191649262,0,0,"Subject309","positive",346.25,73.6359287304778,530.339821826194,162.160178173806,0,0,"Subject308","suicide",485,142.421908427039,841.054771067598,128.945228932401,0,0
"791","Subject31","negative",294.25,27.0477971992792,361.869492998198,226.630507001802,0,0,"Subject309","neutral",376.75,95.8866518343403,616.466629585851,137.033370414149,0,0,"Subject31","positive",281.25,25.8505319094211,345.876329773553,216.623670226447,0,0,"Subject309","suicide",360,30.9515750810843,437.378937702711,282.621062297289,0,0
"795","Subject310","negative",534.5,69.0579466824782,707.144866706195,361.855133293805,0,0,"Subject31","neutral",290.75,33.9546265870598,375.636566467649,205.863433532351,0,0,"Subject310","positive",469.75,41.153169177274,572.632922943185,366.867077056815,0,0,"Subject31","suicide",363.25,104.894788558187,625.486971395466,101.013028604534,0,0
"799","Subject311","negative",410.5,61.2834942432844,563.708735608211,257.291264391789,0,0,"Subject310","neutral",522.75,120.295123204005,823.487808010012,222.012191989988,0,0,"Subject311","positive",432.5,57.6743732808024,576.685933202006,288.314066797994,0,0,"Subject310","suicide",554.75,87.9483750086758,774.620937521689,334.879062478311,0,0
"803","Subject312","negative",320.25,23.2002155162404,378.250538790601,262.249461209399,0,0,"Subject311","neutral",421,48.7031826475437,542.757956618859,299.242043381141,0,0,"Subject312","positive",292,8.04155872120988,312.103896803025,271.896103196975,0,0,"Subject311","suicide",404.5,34.0342964277702,489.585741069426,319.414258930574,0,0
"807","Subject313","negative",410.5,95.6991814663706,649.747953665927,171.252046334073,0,0,"Subject312","neutral",311.25,26.7379256238525,378.094814059631,244.405185940369,0,0,"Subject313","positive",387.25,47.013295991666,504.783239979165,269.716760020835,0,0,"Subject312","suicide",382.75,70.4668953007959,558.91723825199,206.58276174801,0,0
"811","Subject314","negative",407.1,82.7800969100933,614.050242275233,200.149757724767,0,0,"Subject313","neutral",360.75,44.3950072267892,471.737518066973,249.762481933027,0,0,"Subject314","positive",422.625,64.8315123994497,584.703780998624,260.546219001376,0,0,"Subject313","suicide",449.5,85.8234622155659,664.058655538915,234.941344461085,0,0
"815","Subject316","negative",361.6,54.4316084642003,497.679021160501,225.520978839499,0,0,"Subject314","neutral",425.090909090909,75.1803891256949,613.041881905146,237.139936276672,0,0,"Subject316","positive",335.666666666667,74.5408165593411,522.018708065019,149.314625268314,0,0,"Subject314","suicide",441.166666666667,62.9648049839485,598.578679126538,283.754654206795,0,0
"819","Subject317","negative",400.133333333333,88.5170416737177,621.425937517628,178.840729149039,0,0,"Subject316","neutral",447.6,102.989319834631,705.073299586579,190.126700413422,0,0,"Subject317","positive",477.75,191.189914308609,955.724785771523,-0.224785771523045,0,0,"Subject316","suicide",760.333333333333,859.633255134615,2909.41647116987,-1388.7498045032,0,0
"823","Subject318","negative",361.666666666667,78.0405877305735,556.7681359931,166.565197340233,0,0,"Subject317","neutral",658.166666666667,283.741020415918,1367.51921770646,-51.1858843731295,0,0,"Subject318","positive",292.5,11.7331439378654,321.832859844663,263.167140155337,0,0,"Subject317","suicide",635.714285714286,492.592026693393,1867.19435244777,-595.765781019198,0,0
"827","Subject319","negative",291.75,19.6022957839127,340.755739459782,242.744260540218,0,0,"Subject318","neutral",317.25,33.3903678725867,400.725919681467,233.774080318533,0,0,"Subject319","positive",307.5,46.2853468533329,423.213367133332,191.786632866668,0,0,"Subject318","suicide",331.5,11.6189500386223,360.547375096556,302.452624903444,0,0
"831","Subject32","negative",432.5,38.8908729652601,529.72718241315,335.27281758685,0,0,"Subject319","neutral",272,37.4076640988626,365.519160247156,178.480839752844,0,0,"Subject32","positive",422.25,89.964344789107,647.160861972768,197.339138027232,0,0,"Subject319","suicide",300.25,13.2507861402006,333.376965350502,267.123034649498,0,0
"835","Subject322","negative",344.5,21.5638586528478,398.40964663212,290.59035336788,0,0,"Subject32","neutral",727,605.172702622978,2239.93175655745,-785.931756557446,0,0,"Subject322","positive",342.5,34.1125587821651,427.781396955413,257.218603044587,0,0,"Subject32","suicide",542.666666666667,77.4101629848002,736.192074128667,349.141259204666,0,0
"839","Subject323","negative",348.666666666667,49.6621921921831,472.822147147124,224.511186186209,0,0,"Subject322","neutral",350.5,36.5285276644616,441.821319161154,259.178680838846,0,0,"Subject323","positive",322,29.2061637330205,395.015409332551,248.984590667449,0,0,"Subject322","suicide",362.5,29.0918086982115,435.229521745529,289.770478254471,0,0
"843","Subject324","negative",551.25,336.701029599455,1393.00257399864,-290.502573998638,0,0,"Subject323","neutral",343.25,21.7772817403826,397.693204350956,288.806795649044,0,0,"Subject324","positive",426,90.7964757025293,652.991189256323,199.008810743677,0,0,"Subject323","suicide",326.5,25.8521436893217,391.130359223304,261.869640776696,0,0
"847","Subject325","negative",379.25,26.1071509999336,444.517877499834,313.982122500166,0,0,"Subject324","neutral",364.4,41.4161804129739,467.940451032435,260.859548967565,0,0,"Subject325","positive",420.75,87.6027967590076,639.756991897519,201.743008102481,0,0,"Subject324","suicide",381,4.24264068711928,391.606601717798,370.393398282202,0,0
"851","Subject326","negative",538.125,234.658680701506,1124.77170175377,-48.5217017537655,0,0,"Subject325","neutral",398,40.2077936060494,498.519484015124,297.480515984876,0,0,"Subject326","positive",499.166666666667,162.565138459709,905.579512815938,92.7538205173951,1,0,"Subject325","suicide",374.5,18.6993761036743,421.248440259186,327.751559740814,0,0
"855","Subject327","negative",370.5,17.1367052453693,413.341763113423,327.658236886577,0,0,"Subject326","neutral",432.230769230769,81.7813689521783,636.684191611215,227.777346850324,0,0,"Subject327","positive",368.5,35.5949434611154,457.487358652788,279.512641347212,0,0,"Subject326","suicide",405.25,151.689375589283,784.473438973208,26.0265610267916,0,0
"859","Subject328","negative",412.5,59.3099204742905,560.774801185726,264.225198814274,0,0,"Subject327","neutral",347.75,34.9320769494171,435.080192373543,260.419807626457,0,0,"Subject328","positive",394,30.2544762528346,469.636190632087,318.363809367913,0,0,"Subject327","suicide",361.75,31.5211569161624,440.552892290406,282.947107709594,0,0
"863","Subject329","negative",370.75,46.9636384166872,488.159096041718,253.340903958282,0,0,"Subject328","neutral",379,24.3036348447442,439.759087111861,318.240912888139,0,0,"Subject329","positive",542,205.894795142244,1056.73698785561,27.2630121443897,0,0,"Subject328","suicide",395,36.3409777890836,485.852444472709,304.147555527291,0,0
"867","Subject33","negative",691,NA,NA,NA,0,0,"Subject329","neutral",398.75,81.6389408717841,602.84735217946,194.65264782054,0,0,"Subject33","positive",407,NA,NA,NA,0,0,"Subject329","suicide",433.25,132.064062737244,763.410156843109,103.08984315689,0,0
"871","Subject330","negative",347.5,40.120651373908,447.80162843477,247.19837156523,0,0,"Subject33","neutral",555.5,58.6898628384834,702.224657096209,408.775342903791,0,0,"Subject330","positive",378.5,83.5803007093577,587.450751773394,169.549248226606,0,0,"Subject33","suicide",439.75,60.6540737845915,591.385184461479,288.114815538521,0,0
"875","Subject331","negative",427,18.4210025061975,473.052506265494,380.947493734506,0,0,"Subject330","neutral",388.25,92.0158500839212,618.289625209803,158.210374790197,0,0,"Subject331","positive",382.5,10.7548438699345,409.387109674836,355.612890325164,0,0,"Subject330","suicide",347.75,29.6914690329282,421.97867258232,273.52132741768,0,0
"879","Subject332","negative",486.25,61.6028949536194,640.257237384048,332.242762615952,0,0,"Subject331","neutral",418,23.7065391822594,477.266347955648,358.733652044352,0,0,"Subject332","positive",457.25,89.5818992133269,681.204748033317,233.295251966683,0,0,"Subject331","suicide",399.25,56.1864455777963,539.716113944491,258.783886055509,0,0
"883","Subject333","negative",438.4,86.8579299776365,655.544824944091,221.255175055909,0,0,"Subject332","neutral",583.75,106.08919203513,848.972980087825,318.527019912175,0,0,"Subject333","positive",527,0,527,527,0,0,"Subject332","suicide",456,37.1842260463582,548.960565115896,363.039434884104,0,0
"887","Subject34","negative",417,64.7868299373672,578.967074843418,255.032925156582,0,0,"Subject333","neutral",434,52.2174938757756,564.543734689439,303.456265310561,0,0,"Subject34","positive",385,38.0263066836631,480.065766709158,289.934233290842,0,0,"Subject333","suicide",416.75,105.082110751545,679.455276878863,154.044723121137,0,0
"891","Subject35","negative",368.25,34.0820089392238,453.45502234806,283.04497765194,0,0,"Subject34","neutral",411,90.1554213566772,636.388553391693,185.611446608307,0,0,"Subject35","positive",360,36.1570647776245,450.392661944061,269.607338055939,0,0,"Subject34","suicide",483,41.5692193816531,586.923048454133,379.076951545867,0,0
"895","Subject36","negative",416.25,65.393042443367,579.732606108417,252.767393891582,0,0,"Subject35","neutral",451.75,120.458499077483,752.896247693708,150.603752306292,0,0,"Subject36","positive",453,120.324561083762,753.811402709405,152.188597290595,0,0,"Subject35","suicide",308,23.4804883538084,366.701220884521,249.298779115479,0,0
"899","Subject37","negative",421.5,165.731710906513,835.829277266282,7.17072273371753,0,0,"Subject36","neutral",472.75,31.1274262775879,550.56856569397,394.93143430603,0,0,"Subject37","positive",453,316.783837971573,1244.95959492893,-338.959594928933,0,0,"Subject36","suicide",413,55.7853027239254,552.463256809814,273.536743190186,0,0
"903","Subject38","negative",386.25,22.7943706500823,443.235926625206,329.264073374794,0,0,"Subject37","neutral",194.5,105.358910396796,457.897275991989,-68.897275991989,0,0,"Subject38","positive",363.75,33.8070505466932,448.267626366733,279.232373633267,0,0,"Subject37","suicide",658,NA,NA,NA,0,0
"907","Subject39","negative",317,27.9404127862612,386.851031965653,247.148968034347,0,0,"Subject38","neutral",367,10.7393357957247,393.848339489312,340.151660510688,0,0,"Subject39","positive",321,25.4689353265241,384.67233831631,257.32766168369,0,0,"Subject38","suicide",353.75,20.9184926161837,406.046231540459,301.453768459541,0,0
"911","Subject4","negative",366.5,104.072090398915,626.680225997288,106.319774002712,0,0,"Subject39","neutral",418.75,123.129674192157,726.574185480392,110.925814519608,0,0,"Subject4","positive",362.75,21.3131414859471,416.032853714868,309.467146285132,0,0,"Subject39","suicide",411.75,114.964849700535,699.162124251338,124.337875748662,0,0
"915","Subject40","negative",395.25,31.3515018247399,473.62875456185,316.87124543815,0,0,"Subject4","neutral",359.75,22.8673712233537,416.918428058384,302.581571941616,0,0,"Subject40","positive",409.75,62.4893324229557,565.973331057389,253.526668942611,0,0,"Subject4","suicide",365,45.5741154604234,478.935288651058,251.064711348942,0,0
"919","Subject41","negative",572.25,150.895935443382,949.489838608455,195.010161391545,0,0,"Subject40","neutral",386.5,66.4354323133873,552.588580783468,220.411419216532,0,0,"Subject41","positive",456.25,38.2916439970916,551.979109992729,360.520890007271,0,0,"Subject40","suicide",437.75,85.8656896942351,652.414224235588,223.085775764412,0,0
"923","Subject42","negative",304.75,32.9886344064134,387.221586016033,222.278413983967,0,0,"Subject41","neutral",392.25,40.787048597972,494.21762149493,290.28237850507,0,0,"Subject42","positive",344.25,51.3444252085852,472.611063021463,215.888936978537,0,0,"Subject41","suicide",440.25,72.8165503165317,622.291375791329,258.208624208671,0,0
"927","Subject43","negative",419,NA,NA,NA,0,0,"Subject42","neutral",323,45.9202206731051,437.800551682763,208.199448317237,0,0,"Subject43","positive",455,167.233369875752,873.083424689379,36.9165753106205,0,0,"Subject42","suicide",428,149.788740119766,802.471850299414,53.528149700586,0,0
"931","Subject44","negative",405,160.097886723508,805.244716808771,4.75528319122895,0,0,"Subject43","neutral",395.5,28.9913780286484,467.978445071621,323.021554928379,0,0,"Subject44","positive",475.25,230.939205564293,1052.59801391073,-102.098013910732,0,0,"Subject43","suicide",467.25,162.913832029901,874.534580074751,59.9654199252485,0,0
"935","Subject45","negative",389.8,19.8670581616907,439.467645404227,340.132354595773,0,0,"Subject44","neutral",485.5,84.0733806465122,695.683451616281,275.316548383719,0,0,"Subject45","positive",436.625,94.1107819843948,671.901954960987,201.348045039013,0,0,"Subject44","suicide",735.75,240.94864598084,1338.1216149521,133.378385047901,0,0
"939","Subject46","negative",363,NA,NA,NA,0,0,"Subject45","neutral",342,41.0121933088198,444.530483272049,239.469516727951,0,0,"Subject46","positive",706,NA,NA,NA,0,0,"Subject45","suicide",431.857142857143,127.853338597301,751.490489350396,112.223796363889,0,0
"942","Subject47","negative",338.75,22.6329405955126,395.332351488781,282.167648511219,0,0,"Subject47","neutral",349,49.4772675074119,472.69316876853,225.30683123147,0,0,"Subject47","positive",350.25,28.7561587606319,422.14039690158,278.35960309842,0,0,"Subject46","suicide",404,NA,NA,NA,0,0
"946","Subject48","negative",306.75,27.427176303805,375.317940759512,238.182059240488,0,0,"Subject48","neutral",323.75,22.5296101460574,380.074025365144,267.425974634856,0,0,"Subject48","positive",349,32.5064096243597,430.266024060899,267.733975939101,0,0,"Subject47","suicide",332.5,28.6298212824786,404.074553206197,260.925446793803,0,0
"950","Subject49","negative",421.75,84.2313282969387,632.328320742347,211.171679257653,0,0,"Subject49","neutral",453,82.7566714329828,659.891678582457,246.108321417543,0,0,"Subject49","positive",469,211.738832842097,998.347082105242,-60.3470821052416,0,0,"Subject48","suicide",315.666666666667,69.5725041473522,489.597927035047,141.735406298286,0,0
"954","Subject5","negative",425.5,46.3213413737844,541.303353434461,309.696646565539,0,0,"Subject5","neutral",445,42,550,340,0,0,"Subject5","positive",434.5,124.269867626871,745.174669067177,123.825330932823,0,0,"Subject49","suicide",450.25,99.1341683443874,698.085420860968,202.414579139032,0,0
"958","Subject50","negative",519,101.79882121125,773.497053028124,264.502946971876,0,0,"Subject50","neutral",301.5,242.80101592319,908.502539807976,-305.502539807976,0,0,"Subject50","positive",374,NA,NA,NA,0,0,"Subject5","suicide",424.75,47.9052885041586,544.513221260396,304.986778739604,0,0
"962","Subject51","negative",385.75,32.704484911604,467.51121227901,303.98878772099,0,0,"Subject51","neutral",376.5,36.7378097695911,468.344524423978,284.655475576022,0,0,"Subject51","positive",389.5,72.7988095140756,571.497023785189,207.502976214811,0,0,"Subject50","suicide",264.333333333333,124.243041387972,574.940936803263,-46.2742701365968,0,0
"966","Subject52","negative",419.25,61.2719348478567,572.429837119642,266.070162880358,0,0,"Subject52","neutral",435.75,83.0958282145781,643.489570536445,228.010429463555,0,0,"Subject52","positive",460,96.7918729370739,701.979682342685,218.020317657315,0,0,"Subject51","suicide",420.5,105.560409245133,684.401023112833,156.598976887167,0,0
"970","Subject55","negative",353.75,25.0649157189886,416.412289297471,291.087710702529,0,0,"Subject55","neutral",314.75,40.9013039726934,417.003259931734,212.496740068266,0,0,"Subject55","positive",298.5,27.4529901225106,367.132475306277,229.867524693723,0,0,"Subject52","suicide",475.5,37.0989667421255,568.247416855314,382.752583144686,0,0
"974","Subject56","negative",369.25,78.1339661521586,564.584915380397,173.915084619603,0,0,"Subject56","neutral",325.25,18.7149672722129,372.037418180532,278.462581819468,0,0,"Subject56","positive",306,19.0262975904404,353.565743976101,258.434256023899,0,0,"Subject55","suicide",333.5,54.0709410558635,468.677352639659,198.322647360341,0,0
"978","Subject57","negative",440.5,51.4943362581427,569.235840645357,311.764159354643,0,0,"Subject57","neutral",480.25,62.5319918121916,636.579979530479,323.920020469521,0,0,"Subject57","positive",465.5,7.76745346515403,484.918633662885,446.081366337115,0,0,"Subject56","suicide",328,21.4320632075713,381.580158018928,274.419841981072,0,0
"982","Subject58","negative",476.333333333333,82.5679518134407,682.753212866935,269.913453799732,0,0,"Subject58","neutral",454.5,96.1058444285951,694.764611071488,214.235388928512,0,0,"Subject58","positive",351.5,122.432294214667,657.580735536666,45.4192644633337,0,0,"Subject57","suicide",535.25,179.362528602456,983.656321506139,86.8436784938612,0,0
"986","Subject59","negative",485.75,37.8802939094546,580.450734773637,391.049265226363,0,0,"Subject59","neutral",477.25,36.5273869856578,568.568467464144,385.931532535856,0,0,"Subject59","positive",487.25,87.6522484974953,706.380621243738,268.119378756262,0,0,"Subject58","suicide",410.5,46.6869003754444,527.217250938611,293.782749061389,0,0
"990","Subject6","negative",355,26.9814751264641,422.45368781616,287.54631218384,0,0,"Subject6","neutral",356.5,25.0399680510978,419.099920127745,293.900079872255,0,0,"Subject6","positive",362.75,23.9635139326435,422.658784831609,302.841215168391,0,0,"Subject59","suicide",530.25,47.303100673564,648.50775168391,411.99224831609,0,0
"994","Subject60","negative",441.5,62.4312955709448,597.578238927362,285.421761072638,0,0,"Subject60","neutral",389.5,38.8544291769506,486.636072942376,292.363927057624,0,0,"Subject60","positive",399.75,46.2700407031015,515.425101757754,284.074898242246,0,0,"Subject6","suicide",331.5,17.5973482850873,375.493370712718,287.506629287282,0,0
"998","Subject61","negative",574,166.84323979912,991.1080994978,156.8919005022,0,0,"Subject61","neutral",503.5,52.4690384893796,634.672596223449,372.327403776551,0,0,"Subject61","positive",552.75,125.929543793345,867.573859483363,237.926140516637,0,0,"Subject60","suicide",442.5,94.4192776926407,678.548194231602,206.451805768398,0,0
"1002","Subject62","negative",377.5,35.3789014338584,465.947253584646,289.052746415354,0,0,"Subject62","neutral",415,60.4041941148681,566.01048528717,263.98951471283,0,0,"Subject62","positive",422.25,102.060031354101,677.400078385252,167.099921614748,0,0,"Subject61","suicide",622.25,95.0732173993637,859.933043498409,384.566956501591,0,0
"1006","Subject63","negative",465.5,61.3487299515374,618.871824878844,312.128175121156,0,0,"Subject63","neutral",435,48.1248376620639,555.31209415516,314.68790584484,0,0,"Subject63","positive",525,85.984494726278,739.961236815695,310.038763184305,0,0,"Subject62","suicide",458.5,103.203682104855,716.509205262138,200.490794737862,0,0
"1010","Subject64","negative",466.75,189.758399023601,941.145997559001,-7.64599755900133,0,0,"Subject64","neutral",357.75,25.656383221335,421.890958053337,293.609041946663,0,0,"Subject64","positive",389,50.3057319464359,514.76432986609,263.23567013391,0,0,"Subject63","suicide",470,134.332919767767,805.832299419417,134.167700580583,0,0
"1014","Subject65","negative",407,37.4699879903904,500.674969975976,313.325030024024,0,0,"Subject65","neutral",441.25,45.872104813274,555.930262033185,326.569737966815,0,0,"Subject65","positive",416,46.0941066370384,531.235266592596,300.764733407404,0,0,"Subject64","suicide",437.75,213.922688527109,972.556721317774,-97.0567213177735,0,0
"1018","Subject66","negative",376,60.0721788073869,526.180447018467,225.819552981533,0,0,"Subject66","neutral",404,72.6819555781672,585.704888945418,222.295111054582,0,0,"Subject66","positive",393.75,35.6686136540236,482.921534135059,304.578465864941,0,0,"Subject65","suicide",387.75,27.5,456.5,319,0,0
"1022","Subject67","negative",326.75,15.5643824162734,365.660956040683,287.839043959317,0,0,"Subject67","neutral",326.25,14.9972219649729,363.743054912432,288.756945087568,0,0,"Subject67","positive",308.25,44.0482689784741,418.370672446185,198.129327553815,0,0,"Subject66","suicide",443.25,31.3408678884296,521.602169721074,364.897830278926,0,0
"1026","Subject68","negative",350.333333333333,66.763263351437,517.241491711926,183.425174954741,0,0,"Subject68","neutral",382.285714285714,59.9408438537927,532.137823920196,232.433604651232,0,0,"Subject68","positive",380.5,38.6910842443062,477.227710610765,283.772289389235,0,0,"Subject67","suicide",312,19.9749843554382,361.937460888595,262.062539111405,0,0
"1030","Subject69","negative",383,8.12403840463596,403.31009601159,362.68990398841,0,0,"Subject69","neutral",359.5,31.5224787519425,438.306196879856,280.693803120144,0,0,"Subject69","positive",519.25,103.593355642789,778.233389106972,260.266610893028,0,0,"Subject68","suicide",368.25,17.4618632071915,411.904658017979,324.595341982021,0,0
"1034","Subject7","negative",334.75,77.0384103332011,527.346025833003,142.153974166997,0,0,"Subject7","neutral",361.5,58.3409518834469,507.352379708617,215.647620291383,0,0,"Subject7","positive",419,32.9140294302192,501.285073575548,336.714926424452,0,0,"Subject69","suicide",384,21.9544984001001,438.88624600025,329.11375399975,0,0
"1038","Subject70","negative",473.25,112.807727276696,755.269318191739,191.230681808261,0,0,"Subject70","neutral",365.5,95.0105257326787,603.026314331697,127.973685668303,0,0,"Subject70","positive",419.5,113.632448417401,703.581121043503,135.418878956497,0,0,"Subject7","suicide",386.25,42.0901809610428,491.475452402607,281.024547597393,0,0
"1042","Subject71","negative",345,31.6016877186436,424.004219296609,265.995780703391,0,0,"Subject71","neutral",362.75,20.4837333836714,413.959333459178,311.540666540822,0,0,"Subject71","positive",379,64.55230437405,540.380760935125,217.619239064875,0,0,"Subject70","suicide",386,91.9528864872296,615.882216218074,156.117783781926,0,0
"1046","Subject72","negative",396.5,69.8450666356138,571.112666589034,221.887333410965,0,0,"Subject72","neutral",416.25,40.019786772712,516.29946693178,316.20053306822,0,0,"Subject72","positive",414.25,33.3703960619788,497.675990154947,330.824009845053,0,0,"Subject71","suicide",395.25,70.881944104264,572.45486026066,218.04513973934,0,0
"1050","Subject73","negative",489,97.8808799851466,733.702199962866,244.297800037134,0,0,"Subject73","neutral",396.75,38.395963329496,492.73990832374,300.76009167626,0,0,"Subject73","positive",482.75,227.004221693489,1050.26055423372,-84.7605542337222,0,0,"Subject72","suicide",386.75,26.4748308146939,452.937077036735,320.562922963265,0,0
"1054","Subject74","negative",445,79.115948666077,642.789871665193,247.210128334807,0,0,"Subject74","neutral",409.5,31.0751776610636,487.187944152659,331.812055847341,0,0,"Subject74","positive",407.5,96.1994455978481,647.99861399462,167.00138600538,0,0,"Subject73","suicide",411.75,54.7136485105255,548.534121276314,274.965878723686,0,0
"1058","Subject75","negative",366,36.9143151997523,458.285787999381,273.714212000619,0,0,"Subject75","neutral",392,123.236899236119,700.092248090297,83.9077519097027,0,0,"Subject75","positive",324.75,25.8505319094211,389.376329773553,260.123670226447,0,0,"Subject74","suicide",455,136.696744657655,796.741861644136,113.258138355864,0,0
"1062","Subject76","negative",349,26.3312235441753,414.828058860438,283.171941139562,0,0,"Subject76","neutral",392,83.5583628370015,600.895907092504,183.104092907496,0,0,"Subject76","positive",380.5,44.4634681508314,491.658670377079,269.341329622921,0,0,"Subject75","suicide",334.5,29.5803989154981,408.450997288745,260.549002711255,0,0
"1066","Subject78","negative",380.25,21.4534379529249,433.883594882312,326.616405117688,0,0,"Subject78","neutral",425,75.7231800705702,614.307950176425,235.692049823575,0,0,"Subject78","positive",396,45.8548434373804,510.637108593451,281.362891406549,0,0,"Subject76","suicide",361.25,25.2768009579271,424.442002394818,298.057997605182,0,0
"1070","Subject79","negative",539.25,168.632489949792,960.83122487448,117.66877512552,0,0,"Subject79","neutral",595.5,108.889852603445,867.724631508613,323.275368491387,0,0,"Subject79","positive",549.5,53.494548008808,683.23637002202,415.76362997798,0,0,"Subject78","suicide",415.333333333333,65.9570567364352,580.225975174421,250.440691492245,0,0
"1074","Subject8","negative",315.5,20.7444771766688,367.361192941672,263.638807058328,0,0,"Subject8","neutral",311.25,43.4539986652552,419.884996663138,202.615003336862,0,0,"Subject8","positive",320.666666666667,5.5075705472861,334.435593034882,306.897740298451,0,0,"Subject79","suicide",426.5,39.2470805708314,524.617701427079,328.382298572921,0,0
"1078","Subject80","negative",439,52.3259018078045,569.814754519511,308.185245480489,0,0,"Subject80","neutral",494,143.377125093231,852.442812733077,135.557187266923,0,0,"Subject80","positive",769.5,185.969083452062,1234.42270863016,304.577291369845,0,0,"Subject8","suicide",315.25,17.0367250374008,357.841812593502,272.658187406498,0,0
"1082","Subject82","negative",248,15.3948043183407,286.487010795852,209.512989204148,0,0,"Subject82","neutral",264.75,28.429737951659,335.824344879147,193.675655120852,0,0,"Subject82","positive",270.25,31.6478013980961,349.36950349524,191.13049650476,0,0,"Subject80","suicide",378,NA,NA,NA,0,0
"1086","Subject83","negative",348.75,54.8171201967658,485.792800491914,211.707199508086,0,0,"Subject83","neutral",457.75,124.596348261095,769.240870652737,146.259129347263,0,0,"Subject83","positive",393.5,82.3994336550116,599.498584137529,187.501415862471,0,0,"Subject82","suicide",295.5,33.3316666249979,378.829166562495,212.170833437505,0,0
"1090","Subject84","negative",352.5,36.3730669589464,443.432667397366,261.567332602634,0,0,"Subject84","neutral",331.75,6.70198975429437,348.504974385736,314.995025614264,0,0,"Subject84","positive",317.25,32.3148572641131,398.037143160283,236.462856839717,0,0,"Subject83","suicide",446.75,80.5827731797146,648.206932949287,245.293067050713,0,0
"1094","Subject86","negative",329.25,28.0044639298809,399.261159824702,259.238840175298,0,0,"Subject86","neutral",311,45.365184888855,424.412962222138,197.587037777862,0,0,"Subject86","positive",332.5,42.6262829718942,439.065707429736,225.934292570264,0,0,"Subject84","suicide",349.75,33.4402452144119,433.35061303603,266.14938696397,0,0
"1098","Subject87","negative",476,NA,NA,NA,0,0,"Subject88","neutral",430,91.8404413462101,659.601103365525,200.398896634475,0,0,"Subject87","positive",370,379.009234715989,1317.52308678997,-577.523086789974,0,0,"Subject86","suicide",377.5,109.472979923511,651.182449808776,103.817550191224,0,0
"1101","Subject88","negative",407.5,76.181800101249,597.954500253123,217.045499746877,0,0,"Subject89","neutral",472,200.992537174891,974.481342937228,-30.4813429372279,0,0,"Subject88","positive",430.25,83.3361666185016,638.590416546254,221.909583453746,0,0,"Subject87","suicide",378,NA,NA,NA,0,0
"1105","Subject89","negative",388,NA,NA,NA,0,0,"Subject9","neutral",436.866666666667,106.19069812284,702.343411973766,171.389921359567,0,0,"Subject89","positive",376.5,79.9030662740799,576.2576656852,176.7423343148,0,0,"Subject88","suicide",386.25,67.7317010958187,555.579252739547,216.920747260453,0,0
"1109","Subject9","negative",441.379310344828,148.13613762663,811.719654411403,71.0389662782517,2,0,"Subject90","neutral",343,54.8148398398341,480.037099599585,205.962900400415,0,0,"Subject9","positive",453.4,126.591561841269,769.878904603172,136.921095396828,0,0,"Subject89","suicide",517,262.406173707861,1173.01543426965,-139.015434269652,0,0
"1113","Subject90","negative",496.5,304.103600767896,1256.75900191974,-263.759001919741,0,0,"Subject91","neutral",409,112.196256622046,689.490641555115,128.509358444885,0,0,"Subject90","positive",304.75,20.4022057631032,355.755514407758,253.744485592242,0,0,"Subject9","suicide",531.212121212121,172.990201596752,963.687625204001,98.7366172202417,0,0
"1117","Subject91","negative",439.75,42.2245978863821,545.311494715955,334.188505284045,0,0,"Subject92","neutral",690,703.620281117593,2449.05070279398,-1069.05070279398,0,0,"Subject91","positive",402.75,87.0186761563287,620.296690390822,185.203309609178,0,0,"Subject90","suicide",304.75,23.6696007570892,363.924001892723,245.575998107277,0,0
"1121","Subject92","negative",610.25,273.264676336575,1293.41169084144,-72.9116908414385,0,0,"Subject93","neutral",309,15.121728296285,346.804320740713,271.195679259287,0,0,"Subject92","positive",586.5,239.70919882224,1185.7729970556,-12.772997055599,0,0,"Subject91","suicide",446,120.01944286934,746.048607173349,145.951392826651,0,0
"1125","Subject93","negative",359.25,34.4710023062864,445.427505765716,273.072494234284,0,0,"Subject95","neutral",364.75,63.052227029133,522.380567572833,207.119432427167,0,0,"Subject93","positive",328,39.2598183048946,426.149545762236,229.850454237764,0,0,"Subject92","suicide",630,191.162234764087,1107.90558691022,152.094413089782,0,0
"1129","Subject94","negative",412,NA,NA,NA,0,0,"Subject96","neutral",343,11.1654228162962,370.91355704074,315.08644295926,0,0,"Subject95","positive",361.75,53.5435959444887,495.608989861222,227.891010138778,0,0,"Subject93","suicide",328.75,15.9033539439537,368.508384859884,288.991615140116,0,0
"1131","Subject95","negative",388,69.0555332081845,560.638833020461,215.361166979539,0,0,"Subject97","neutral",233.25,65.0608689356872,395.902172339218,70.597827660782,0,0,"Subject96","positive",363.75,58.7842098980103,510.710524745026,216.789475254974,0,0,"Subject94","suicide",238,192.333044482741,718.832611206852,-242.832611206852,0,0
"1135","Subject96","negative",379.5,46.7368519835615,496.342129958904,262.657870041096,0,0,"Subject98","neutral",318.5,41.2835721968598,421.708930492149,215.291069507851,0,0,"Subject97","positive",229.666666666667,103.856952904785,489.309048928628,-29.9757155952951,0,0,"Subject95","suicide",336.75,22.3960562004415,392.740140501104,280.759859498896,0,0
"1139","Subject97","negative",236.6,202.993349644761,744.083374111901,-270.883374111901,0,0,"Subject99","neutral",340,33.734255586866,424.335638967165,255.664361032835,0,0,"Subject98","positive",355.25,21.7619698863254,409.654924715813,300.845075284187,0,0,"Subject96","suicide",398,68.5565460040104,569.391365010026,226.608634989974,0,0
"1143","Subject98","negative",519.25,159.875732992847,918.939332482117,119.560667517883,0,0,NA,NA,NA,NA,NA,NA,NA,NA,"Subject99","positive",422,87.4109070234754,640.527267558689,203.472732441311,0,0,"Subject97","suicide",226.5,136.118820643338,566.797051608346,-113.797051608346,0,0
"1147","Subject99","negative",358.75,61.434924920602,512.337312301505,205.162687698495,0,0,NA,NA,NA,NA,NA,NA,NA,NA,NA,NA,NA,NA,NA,NA,NA,NA,"Subject98","suicide",381,81.5230028887553,584.807507221888,177.192492778112,0,0
"11",NA,NA,NA,NA,NA,NA,NA,NA,NA,NA,NA,NA,NA,NA,NA,NA,NA,NA,NA,NA,NA,NA,NA,NA,"Subject99","suicide",386,56.0594922084268,526.148730521067,245.851269478933,0,0
