"","SubjectID","rt","stimulus","keypress","word","wordposition","validity","block","blocknum","wordtype","trialtype","trialindex","timeelapsed","rt.1","stimulus.1","keypress.1","dotposition","trialtype.1","trialindex.1","timeelapsed.1","keypressed","participantresponse","correctresponse","rt.2","stimulus.2","keypress.2","blocktrial","trialtype.2","trialindex.2","timeelapsed.2"
"115","Subject120","1","horsehorse","1","horse","positionleft","validityinvalid","test","2","neutral","singlestim","51","112065","321","â€šÃ³Ã¨","77","dotpositionright","singlestim","52","112439","m","right","correct","1","","1","trialend","singlestim","53","113452"
"412","Subject120","281","corpsecorpse","67","corpse","positionleft","validityvalid","test","2","suicide","singlestim","55","115458","295","â€šÃ³Ã¨","67","dotpositionleft","singlestim","56","115804","c","left","correct","1","","1","trialend","singlestim","57","116819"
"709","Subject120","1","tabletable","1","table","positionright","validityvalid","test","2","neutral","singlestim","59","118824","357","â€šÃ³Ã¨","77","dotpositionright","singlestim","60","119234","m","right","correct","1","","1","trialend","singlestim","61","120248"
"1006","Subject120","1","foamfoam","1","foam","positionright","validityvalid","test","2","neutral","singlestim","63","122253","279","â€šÃ³Ã¨","77","dotpositionright","singlestim","64","122586","m","right","correct","1","","1","trialend","singlestim","65","123598"
"1303","Subject120","1","paperpaper","1","paper","positionleft","validityvalid","test","2","neutral","singlestim","67","125604","289","â€šÃ³Ã¨","67","dotpositionleft","singlestim","68","125947","c","left","correct","1","","1","trialend","singlestim","69","126960"
"1600","Subject120","1","abuseabuse","1","abuse","positionright","validityvalid","test","2","negative","singlestim","71","128966","316","â€šÃ³Ã¨","77","dotpositionright","singlestim","72","129336","m","right","correct","1","","1","trialend","singlestim","73","130350"
"1897","Subject120","1","lovelove","1","love","positionright","validityinvalid","test","2","positive","singlestim","75","132356","275","â€šÃ³Ã¨","67","dotpositionleft","singlestim","76","132683","c","left","correct","1","","1","trialend","singlestim","77","133696"
"2194","Subject120","1","deathdeath","1","death","positionright","validityvalid","test","2","suicide","singlestim","79","135704","275","â€šÃ³Ã¨","77","dotpositionright","singlestim","80","136032","m","right","correct","1","","1","trialend","singlestim","81","137046"
"2491","Subject120","1","enthusiasmenthusiasm","1","enthusiasm","positionright","validityvalid","test","2","positive","singlestim","83","139051","312","â€šÃ³Ã¨","77","dotpositionright","singlestim","84","139415","m","right","correct","1","","1","trialend","singlestim","85","140430"
"2788","Subject120","1","pleasurepleasure","1","pleasure","positionleft","validityvalid","test","2","positive","singlestim","87","142437","279","â€šÃ³Ã¨","67","dotpositionleft","singlestim","88","142769","c","left","correct","1","","1","trialend","singlestim","89","143782"
"3085","Subject120","1","failurefailure","1","failure","positionleft","validityvalid","test","2","negative","singlestim","91","145809","294","â€šÃ³Ã¨","67","dotpositionleft","singlestim","92","146156","c","left","correct","1","","1","trialend","singlestim","93","147169"
"3382","Subject120","1","filthyfilthy","1","filthy","positionleft","validityinvalid","test","2","negative","singlestim","95","149177","294","â€šÃ³Ã¨","77","dotpositionright","singlestim","96","149523","m","right","correct","1","","1","trialend","singlestim","97","150537"
"3679","Subject120","1","noosenoose","1","noose","positionleft","validityvalid","test","2","suicide","singlestim","99","152544","327","â€šÃ³Ã¨","67","dotpositionleft","singlestim","100","152925","c","left","correct","1","","1","trialend","singlestim","101","153938"
"3976","Subject120","1","overdoseoverdose","1","overdose","positionright","validityinvalid","test","2","suicide","singlestim","103","155944","277","â€šÃ³Ã¨","67","dotpositionleft","singlestim","104","156272","c","left","correct","1","","1","trialend","singlestim","105","157287"
"4273","Subject120","1","cruelcruel","1","cruel","positionright","validityvalid","test","2","negative","singlestim","107","159294","308","â€šÃ³Ã¨","77","dotpositionright","singlestim","108","159653","m","right","correct","1","","1","trialend","singlestim","109","160667"
"4570","Subject120","1","braverybravery","1","bravery","positionleft","validityvalid","test","2","positive","singlestim","111","162672","301","â€šÃ³Ã¨","67","dotpositionleft","singlestim","112","163027","c","left","correct","1","","1","trialend","singlestim","113","164040"
"4867","Subject120","339","foldedfolded","67","folded","positionleft","validityvalid","test","1","neutral","singlestim","115","166046","256","â€šÃ³Ã¨","67","dotpositionleft","singlestim","116","166355","c","left","correct","1","","1","trialend","singlestim","117","167368"
"5164","Subject120","1","suffocationsuffocation","1","suffocation","positionleft","validityinvalid","test","1","suicide","singlestim","119","169375","335","â€šÃ³Ã¨","77","dotpositionright","singlestim","120","169764","m","right","correct","1","","1","trialend","singlestim","121","170779"
"5461","Subject120","1","imageimage","1","image","positionleft","validityvalid","test","1","neutral","singlestim","123","172784","348","â€šÃ³Ã¨","67","dotpositionleft","singlestim","124","173186","c","left","correct","1","","1","trialend","singlestim","125","174200"
"5758","Subject120","1","gunshotgunshot","1","gunshot","positionright","validityvalid","test","1","suicide","singlestim","127","176206","300","â€šÃ³Ã¨","77","dotpositionright","singlestim","128","176561","m","right","correct","1","","1","trialend","singlestim","129","177575"
"6055","Subject120","1","healthyhealthy","1","healthy","positionleft","validityinvalid","test","1","positive","singlestim","131","179580","359","â€šÃ³Ã¨","77","dotpositionright","singlestim","132","179990","m","right","correct","1","","1","trialend","singlestim","133","181004"
"6352","Subject120","1","bloodblood","1","blood","positionleft","validityvalid","test","1","suicide","singlestim","135","183009","303","â€šÃ³Ã¨","67","dotpositionleft","singlestim","136","183366","c","left","correct","1","","1","trialend","singlestim","137","184378"
"6649","Subject120","1","attractionattraction","1","attraction","positionright","validityvalid","test","1","positive","singlestim","139","186386","331","â€šÃ³Ã¨","77","dotpositionright","singlestim","140","186768","m","right","correct","1","","1","trialend","singlestim","141","187783"
"6946","Subject120","1","greatgreat","1","great","positionright","validityvalid","test","1","positive","singlestim","143","189789","287","â€šÃ³Ã¨","77","dotpositionright","singlestim","144","190128","m","right","correct","1","","1","trialend","singlestim","145","191141"
"7243","Subject120","1","vomitvomit","1","vomit","positionleft","validityvalid","test","1","negative","singlestim","147","193149","314","â€šÃ³Ã¨","67","dotpositionleft","singlestim","148","193514","c","left","correct","1","","1","trialend","singlestim","149","194528"
"7540","Subject120","1","statuestatue","1","statue","positionright","validityinvalid","test","1","neutral","singlestim","151","196533","264","â€šÃ³Ã¨","67","dotpositionleft","singlestim","152","196850","c","left","correct","1","","1","trialend","singlestim","153","197864"
"7837","Subject120","1","paradiseparadise","1","paradise","positionleft","validityvalid","test","1","positive","singlestim","155","199870","252","â€šÃ³Ã¨","67","dotpositionleft","singlestim","156","200175","c","left","correct","1","","1","trialend","singlestim","157","201189"
"8134","Subject120","1","patheticpathetic","1","pathetic","positionleft","validityvalid","test","1","negative","singlestim","159","203194","286","â€šÃ³Ã¨","67","dotpositionleft","singlestim","160","203533","c","left","correct","1","","1","trialend","singlestim","161","204547"
"8431","Subject120","1","funeralfuneral","1","funeral","positionright","validityvalid","test","1","suicide","singlestim","163","206550","310","â€šÃ³Ã¨","77","dotpositionright","singlestim","164","206913","m","right","correct","1","","1","trialend","singlestim","165","207926"
"8728","Subject120","1","hatehate","1","hate","positionright","validityinvalid","test","1","negative","singlestim","167","209931","283","â€šÃ³Ã¨","67","dotpositionleft","singlestim","168","210267","c","left","correct","1","","1","trialend","singlestim","169","211280"
"9025","Subject120","1","cheesecheese","1","cheese","positionright","validityvalid","test","1","neutral","singlestim","171","213287","276","â€šÃ³Ã¨","77","dotpositionright","singlestim","172","213615","m","right","correct","1","","1","trialend","singlestim","173","214628"
"9322","Subject120","1","cryingcrying","1","crying","positionright","validityvalid","test","1","negative","singlestim","175","216633","327","â€šÃ³Ã¨","77","dotpositionright","singlestim","176","217013","m","right","correct","1","","1","trialend","singlestim","177","218026"
"9619","Subject120","1","deaddead","1","dead","positionleft","validityinvalid","test","3","suicide","singlestim","179","220032","292","â€šÃ³Ã¨","77","dotpositionright","singlestim","180","220377","m","right","correct","1","","1","trialend","singlestim","181","221390"
"9916","Subject120","1","closetcloset","1","closet","positionright","validityinvalid","test","3","neutral","singlestim","183","223395","304","â€šÃ³Ã¨","67","dotpositionleft","singlestim","184","223751","c","left","correct","1","","1","trialend","singlestim","185","224764"
"10213","Subject120","1","strongstrong","1","strong","positionleft","validityvalid","test","3","positive","singlestim","187","226768","297","â€šÃ³Ã¨","67","dotpositionleft","singlestim","188","227118","c","left","correct","1","","1","trialend","singlestim","189","228130"
"10510","Subject120","1","dyingdying","1","dying","positionleft","validityvalid","test","3","suicide","singlestim","191","230137","277","â€šÃ³Ã¨","67","dotpositionleft","singlestim","192","230465","c","left","correct","1","","1","trialend","singlestim","193","231478"
"10807","Subject120","1","metermeter","1","meter","positionleft","validityvalid","test","3","neutral","singlestim","195","233482","294","â€šÃ³Ã¨","67","dotpositionleft","singlestim","196","233829","c","left","correct","1","","1","trialend","singlestim","197","234842"
"11104","Subject120","1","diedie","1","die","positionright","validityvalid","test","3","suicide","singlestim","199","236849","275","â€šÃ³Ã¨","77","dotpositionright","singlestim","200","237176","m","right","correct","1","","1","trialend","singlestim","201","238190"
"11401","Subject120","1","assaultassault","1","assault","positionleft","validityinvalid","test","3","negative","singlestim","203","240195","354","â€šÃ³Ã¨","77","dotpositionright","singlestim","204","240602","m","right","correct","1","","1","trialend","singlestim","205","241616"
"11698","Subject120","1","rejectedrejected","1","rejected","positionright","validityvalid","test","3","negative","singlestim","207","243622","256","â€šÃ³Ã¨","77","dotpositionright","singlestim","208","243932","m","right","correct","1","","1","trialend","singlestim","209","244946"
"11995","Subject120","1","happyhappy","1","happy","positionright","validityvalid","test","3","positive","singlestim","211","246951","432","â€šÃ³Ã¨","77","dotpositionright","singlestim","212","247435","m","right","correct","1","","1","trialend","singlestim","213","248448"
"12292","Subject120","1","bombbomb","1","bomb","positionright","validityvalid","test","3","negative","singlestim","215","250454","314","â€šÃ³Ã¨","77","dotpositionright","singlestim","216","250819","m","right","correct","1","","1","trialend","singlestim","217","251835"
"12589","Subject120","1","kisskiss","1","kiss","positionright","validityinvalid","test","3","positive","singlestim","219","253838","304","â€šÃ³Ã¨","67","dotpositionleft","singlestim","220","254194","c","left","correct","1","","1","trialend","singlestim","221","255207"
"12886","Subject120","1","touretoure","1","toure","positionleft","validityvalid","test","3","negative","singlestim","223","257212","302","â€šÃ³Ã¨","67","dotpositionleft","singlestim","224","257567","c","left","correct","1","","1","trialend","singlestim","225","258581"
"13183","Subject120","1","museummuseum","1","museum","positionleft","validityvalid","test","3","neutral","singlestim","227","260586","415","â€šÃ³Ã¨","67","dotpositionleft","singlestim","228","261054","c","left","correct","1","","1","trialend","singlestim","229","262070"
"13480","Subject120","1","greengreen","1","green","positionright","validityvalid","test","3","neutral","singlestim","231","264099","212","â€šÃ³Ã¨","77","dotpositionright","singlestim","232","264365","m","right","correct","1","","1","trialend","singlestim","233","265378"
"13777","Subject120","1","cuttingcutting","1","cutting","positionright","validityvalid","test","3","suicide","singlestim","235","267384","288","â€šÃ³Ã¨","77","dotpositionright","singlestim","236","267726","m","right","correct","1","","1","trialend","singlestim","237","268739"
"14074","Subject120","1","smilesmile","1","smile","positionleft","validityvalid","test","3","positive","singlestim","239","270747","257","â€šÃ³Ã¨","67","dotpositionleft","singlestim","240","271058","c","left","correct","1","","1","trialend","singlestim","241","272071"
"14371","Subject120","1","wohlesswohless","1","wohless","positionright","validityvalid","test","4","negative","singlestim","243","274076","248","â€šÃ³Ã¨","77","dotpositionright","singlestim","244","274376","m","right","correct","1","","1","trialend","singlestim","245","275389"
"14668","Subject120","1","structurestructure","1","structure","positionright","validityvalid","test","4","neutral","singlestim","247","277396","261","â€šÃ³Ã¨","77","dotpositionright","singlestim","248","277709","m","right","correct","1","","1","trialend","singlestim","249","278721"
"14965","Subject120","1","deceaseddeceased","1","deceased","positionright","validityvalid","test","4","suicide","singlestim","251","280727","433","â€šÃ³Ã¨","77","dotpositionright","singlestim","252","281212","m","right","correct","1","","1","trialend","singlestim","253","282225"
"15262","Subject120","1","alonealone","1","alone","positionleft","validityvalid","test","4","negative","singlestim","255","284231","254","â€šÃ³Ã¨","67","dotpositionleft","singlestim","256","284541","c","left","correct","1","","1","trialend","singlestim","257","285555"
"15559","Subject120","1","ecstaticecstatic","1","ecstatic","positionright","validityvalid","test","4","positive","singlestim","259","287560","177","â€šÃ³Ã¨","77","dotpositionright","singlestim","260","287790","m","right","correct","1","","1","trialend","singlestim","261","288803"
"15856","Subject120","1","ashamedashamed","1","ashamed","positionright","validityinvalid","test","4","negative","singlestim","263","290834","265","â€šÃ³Ã¨","67","dotpositionleft","singlestim","264","291152","c","left","correct","1","","1","trialend","singlestim","265","292165"
"16153","Subject120","1","hanginghanging","1","hanging","positionleft","validityvalid","test","4","suicide","singlestim","267","294172","335","â€šÃ³Ã¨","67","dotpositionleft","singlestim","268","294558","c","left","correct","1","","1","trialend","singlestim","269","295572"
"16450","Subject120","1","passionatepassionate","1","passionate","positionleft","validityinvalid","test","4","positive","singlestim","271","297578","295","â€šÃ³Ã¨","77","dotpositionright","singlestim","272","297925","m","right","correct","1","","1","trialend","singlestim","273","298939"
"16747","Subject120","1","doubledouble","1","double","positionright","validityvalid","test","4","neutral","singlestim","275","300945","317","â€šÃ³Ã¨","77","dotpositionright","singlestim","276","301315","m","right","correct","1","","1","trialend","singlestim","277","302329"
"17044","Subject120","1","successsuccess","1","success","positionleft","validityvalid","test","4","positive","singlestim","279","304332","288","â€šÃ³Ã¨","67","dotpositionleft","singlestim","280","304678","c","left","correct","1","","1","trialend","singlestim","281","305692"
"17341","Subject120","1","frameframe","1","frame","positionleft","validityinvalid","test","4","neutral","singlestim","283","307697","327","â€šÃ³Ã¨","77","dotpositionright","singlestim","284","308077","m","right","correct","1","","1","trialend","singlestim","285","309092"
"17638","Subject120","1","engineengine","1","engine","positionleft","validityvalid","test","4","neutral","singlestim","287","311096","359","â€šÃ³Ã¨","67","dotpositionleft","singlestim","288","311507","c","left","correct","1","","1","trialend","singlestim","289","312521"
"17935","Subject120","1","stupidstupid","1","stupid","positionleft","validityvalid","test","4","negative","singlestim","291","314526","234","â€šÃ³Ã¨","67","dotpositionleft","singlestim","292","314813","c","left","correct","1","","1","trialend","singlestim","293","315827"
"18232","Subject120","1","killingkilling","1","killing","positionleft","validityvalid","test","4","suicide","singlestim","295","317837","260","â€šÃ³Ã¨","67","dotpositionleft","singlestim","296","318150","c","left","correct","1","","1","trialend","singlestim","297","319164"
"18529","Subject120","1","suicidesuicide","1","suicide","positionright","validityinvalid","test","4","suicide","singlestim","299","321170","265","â€šÃ³Ã¨","67","dotpositionleft","singlestim","300","321488","c","left","correct","1","","1","trialend","singlestim","301","322501"
"18826","Subject120","1","laughlaugh","1","laugh","positionright","validityvalid","test","4","positive","singlestim","303","324507","345","â€šÃ³Ã¨","77","dotpositionright","singlestim","304","324906","m","right","correct","1","","1","trialend","singlestim","305","325920"
