"","SubjectID","rt","stimulus","keypress","word","wordposition","validity","block","blocknum","wordtype","trialtype","trialindex","timeelapsed","rt.1","stimulus.1","keypress.1","dotposition","trialtype.1","trialindex.1","timeelapsed.1","keypressed","participantresponse","correctresponse","rt.2","stimulus.2","keypress.2","blocktrial","trialtype.2","trialindex.2","timeelapsed.2"
"26","Subject27","1","imageimage","1","image","positionleft","validityvalid","test","1","neutral","singlestim","51","101094","404","â€šÃ³Ã¨","67","dotpositionleft","singlestim","52","101553","c","left","correct","1","","1","trialend","singlestim","53","102569"
"323","Subject27","1","vomitvomit","1","vomit","positionleft","validityvalid","test","1","negative","singlestim","55","104575","365","â€šÃ³Ã¨","67","dotpositionleft","singlestim","56","104995","c","left","correct","1","","1","trialend","singlestim","57","106008"
"620","Subject27","1","cryingcrying","1","crying","positionright","validityvalid","test","1","negative","singlestim","59","108015","356","â€šÃ³Ã¨","77","dotpositionright","singlestim","60","108423","m","right","correct","1","","1","trialend","singlestim","61","109437"
"917","Subject27","1","paradiseparadise","1","paradise","positionleft","validityvalid","test","1","positive","singlestim","63","111443","392","â€šÃ³Ã¨","67","dotpositionleft","singlestim","64","111890","c","left","correct","1","","1","trialend","singlestim","65","112904"
"1214","Subject27","1","healthyhealthy","1","healthy","positionleft","validityinvalid","test","1","positive","singlestim","67","114907","528","â€šÃ³Ã¨","77","dotpositionright","singlestim","68","115488","m","right","correct","1","","1","trialend","singlestim","69","116504"
"1511","Subject27","1","funeralfuneral","1","funeral","positionright","validityvalid","test","1","suicide","singlestim","71","118513","428","â€šÃ³Ã¨","77","dotpositionright","singlestim","72","118992","m","right","correct","1","","1","trialend","singlestim","73","120005"
"1808","Subject27","1","foldedfolded","1","folded","positionleft","validityvalid","test","1","neutral","singlestim","75","122010","374","â€šÃ³Ã¨","67","dotpositionleft","singlestim","76","122437","c","left","correct","1","","1","trialend","singlestim","77","123453"
"2105","Subject27","1","attractionattraction","1","attraction","positionright","validityvalid","test","1","positive","singlestim","79","125461","374","â€šÃ³Ã¨","77","dotpositionright","singlestim","80","125887","m","right","correct","1","","1","trialend","singlestim","81","126901"
"2402","Subject27","1","bloodblood","1","blood","positionleft","validityvalid","test","1","suicide","singlestim","83","128905","500","â€šÃ³Ã¨","67","dotpositionleft","singlestim","84","129459","c","left","correct","1","","1","trialend","singlestim","85","130474"
"2699","Subject27","1","patheticpathetic","1","pathetic","positionleft","validityvalid","test","1","negative","singlestim","87","132483","415","â€šÃ³Ã¨","67","dotpositionleft","singlestim","88","132950","c","left","correct","1","","1","trialend","singlestim","89","133963"
"2996","Subject27","1","greatgreat","1","great","positionright","validityvalid","test","1","positive","singlestim","91","135968","395","â€šÃ³Ã¨","77","dotpositionright","singlestim","92","136417","m","right","correct","1","","1","trialend","singlestim","93","137435"
"3293","Subject27","1","statuestatue","1","statue","positionright","validityinvalid","test","1","neutral","singlestim","95","139439","415","â€šÃ³Ã¨","67","dotpositionleft","singlestim","96","139908","c","left","correct","1","","1","trialend","singlestim","97","140923"
"3590","Subject27","1","gunshotgunshot","1","gunshot","positionright","validityvalid","test","1","suicide","singlestim","99","142930","479","â€šÃ³Ã¨","77","dotpositionright","singlestim","100","143463","m","right","correct","1","","1","trialend","singlestim","101","144478"
"3887","Subject27","1","hatehate","1","hate","positionright","validityinvalid","test","1","negative","singlestim","103","146486","358","â€šÃ³Ã¨","67","dotpositionleft","singlestim","104","146896","c","left","correct","1","","1","trialend","singlestim","105","147914"
"4184","Subject27","1","suffocationsuffocation","1","suffocation","positionleft","validityinvalid","test","1","suicide","singlestim","107","149919","387","â€šÃ³Ã¨","77","dotpositionright","singlestim","108","150359","m","right","correct","1","","1","trialend","singlestim","109","151372"
"4481","Subject27","1","cheesecheese","1","cheese","positionright","validityvalid","test","1","neutral","singlestim","111","153378","431","â€šÃ³Ã¨","77","dotpositionright","singlestim","112","153864","m","right","correct","1","","1","trialend","singlestim","113","154876"
"4778","Subject27","1","greengreen","1","green","positionright","validityvalid","test","3","neutral","singlestim","115","156879","637","â€šÃ³Ã¨","77","dotpositionright","singlestim","116","157569","m","right","correct","1","","1","trialend","singlestim","117","158584"
"5075","Subject27","1","metermeter","1","meter","positionleft","validityvalid","test","3","neutral","singlestim","119","160588","474","â€šÃ³Ã¨","67","dotpositionleft","singlestim","120","161114","c","left","correct","1","","1","trialend","singlestim","121","162128"
"5372","Subject27","1","rejectedrejected","1","rejected","positionright","validityvalid","test","3","negative","singlestim","123","164137","368","â€šÃ³Ã¨","77","dotpositionright","singlestim","124","164559","m","right","correct","1","","1","trialend","singlestim","125","165575"
"5669","Subject27","1","kisskiss","1","kiss","positionright","validityinvalid","test","3","positive","singlestim","127","167581","564","â€šÃ³Ã¨","67","dotpositionleft","singlestim","128","168198","c","left","correct","1","","1","trialend","singlestim","129","169217"
"5966","Subject27","1","diedie","1","die","positionright","validityvalid","test","3","suicide","singlestim","131","171223","362","â€šÃ³Ã¨","77","dotpositionright","singlestim","132","171637","m","right","correct","1","","1","trialend","singlestim","133","172652"
"6263","Subject27","1","museummuseum","1","museum","positionleft","validityvalid","test","3","neutral","singlestim","135","174661","443","â€šÃ³Ã¨","67","dotpositionleft","singlestim","136","175156","c","left","correct","1","","1","trialend","singlestim","137","176170"
"6560","Subject27","1","cuttingcutting","1","cutting","positionright","validityvalid","test","3","suicide","singlestim","139","178178","381","â€šÃ³Ã¨","77","dotpositionright","singlestim","140","178610","m","right","correct","1","","1","trialend","singlestim","141","179627"
"6857","Subject27","1","bombbomb","1","bomb","positionright","validityvalid","test","3","negative","singlestim","143","181635","358","â€šÃ³Ã¨","77","dotpositionright","singlestim","144","182047","m","right","correct","1","","1","trialend","singlestim","145","183061"
"7154","Subject27","1","happyhappy","1","happy","positionright","validityvalid","test","3","positive","singlestim","147","185067","362","â€šÃ³Ã¨","77","dotpositionright","singlestim","148","185481","m","right","correct","1","","1","trialend","singlestim","149","186499"
"7451","Subject27","1","deaddead","1","dead","positionleft","validityinvalid","test","3","suicide","singlestim","151","188505","451","â€šÃ³Ã¨","77","dotpositionright","singlestim","152","189010","m","right","correct","1","","1","trialend","singlestim","153","190023"
"7748","Subject27","1","touretoure","1","toure","positionleft","validityvalid","test","3","negative","singlestim","155","192027","359","â€šÃ³Ã¨","67","dotpositionleft","singlestim","156","192437","c","left","correct","1","","1","trialend","singlestim","157","193452"
"8045","Subject27","1","closetcloset","1","closet","positionright","validityinvalid","test","3","neutral","singlestim","159","195460","529","â€šÃ³Ã¨","67","dotpositionleft","singlestim","160","196042","c","left","correct","1","","1","trialend","singlestim","161","197059"
"8342","Subject27","1","dyingdying","1","dying","positionleft","validityvalid","test","3","suicide","singlestim","163","199066","425","â€šÃ³Ã¨","67","dotpositionleft","singlestim","164","199547","c","left","correct","1","","1","trialend","singlestim","165","200561"
"8639","Subject27","1","smilesmile","1","smile","positionleft","validityvalid","test","3","positive","singlestim","167","202567","448","â€šÃ³Ã¨","67","dotpositionleft","singlestim","168","203066","c","left","correct","1","","1","trialend","singlestim","169","204081"
"8936","Subject27","1","strongstrong","1","strong","positionleft","validityvalid","test","3","positive","singlestim","171","206089","363","â€šÃ³Ã¨","67","dotpositionleft","singlestim","172","206505","c","left","correct","1","","1","trialend","singlestim","173","207519"
"9233","Subject27","1","assaultassault","1","assault","positionleft","validityinvalid","test","3","negative","singlestim","175","209525","473","â€šÃ³Ã¨","77","dotpositionright","singlestim","176","210050","m","right","correct","1","","1","trialend","singlestim","177","211063"
"9530","Subject27","1","cruelcruel","1","cruel","positionright","validityvalid","test","2","negative","singlestim","179","213070","382","â€šÃ³Ã¨","77","dotpositionright","singlestim","180","213506","m","right","correct","1","","1","trialend","singlestim","181","214522"
"9827","Subject27","1","paperpaper","1","paper","positionleft","validityvalid","test","2","neutral","singlestim","183","216527","451","â€šÃ³Ã¨","67","dotpositionleft","singlestim","184","217032","c","left","correct","1","","1","trialend","singlestim","185","218047"
"10124","Subject27","1","failurefailure","1","failure","positionleft","validityvalid","test","2","negative","singlestim","187","220056","465","â€šÃ³Ã¨","67","dotpositionleft","singlestim","188","220573","c","left","correct","1","","1","trialend","singlestim","189","221585"
"10421","Subject27","1","noosenoose","1","noose","positionleft","validityvalid","test","2","suicide","singlestim","191","223591","359","â€šÃ³Ã¨","67","dotpositionleft","singlestim","192","224004","c","left","correct","1","","1","trialend","singlestim","193","225017"
"10718","Subject27","1","foamfoam","1","foam","positionright","validityvalid","test","2","neutral","singlestim","195","227025","388","â€šÃ³Ã¨","77","dotpositionright","singlestim","196","227467","m","right","correct","1","","1","trialend","singlestim","197","228483"
"11015","Subject27","1","overdoseoverdose","1","overdose","positionright","validityinvalid","test","2","suicide","singlestim","199","230491","430","â€šÃ³Ã¨","67","dotpositionleft","singlestim","200","230972","c","left","correct","1","","1","trialend","singlestim","201","231983"
"11312","Subject27","1","deathdeath","1","death","positionright","validityvalid","test","2","suicide","singlestim","203","233988","355","â€šÃ³Ã¨","77","dotpositionright","singlestim","204","234396","m","right","correct","1","","1","trialend","singlestim","205","235414"
"11609","Subject27","1","abuseabuse","1","abuse","positionright","validityvalid","test","2","negative","singlestim","207","237420","536","â€šÃ³Ã¨","77","dotpositionright","singlestim","208","238008","m","right","correct","1","","1","trialend","singlestim","209","239025"
"11906","Subject27","1","pleasurepleasure","1","pleasure","positionleft","validityvalid","test","2","positive","singlestim","211","241030","604","â€šÃ³Ã¨","67","dotpositionleft","singlestim","212","241686","c","left","correct","1","","1","trialend","singlestim","213","242702"
"12203","Subject27","1","tabletable","1","table","positionright","validityvalid","test","2","neutral","singlestim","215","244707","346","â€šÃ³Ã¨","77","dotpositionright","singlestim","216","245106","m","right","correct","1","","1","trialend","singlestim","217","246122"
"12500","Subject27","1","horsehorse","1","horse","positionleft","validityinvalid","test","2","neutral","singlestim","219","248126","497","â€šÃ³Ã¨","77","dotpositionright","singlestim","220","248675","m","right","correct","1","","1","trialend","singlestim","221","249693"
"12797","Subject27","1","lovelove","1","love","positionright","validityinvalid","test","2","positive","singlestim","223","251702","397","â€šÃ³Ã¨","67","dotpositionleft","singlestim","224","252152","c","left","correct","1","","1","trialend","singlestim","225","253167"
"13094","Subject27","1","corpsecorpse","1","corpse","positionleft","validityvalid","test","2","suicide","singlestim","227","255174","578","â€šÃ³Ã¨","67","dotpositionleft","singlestim","228","255808","c","left","correct","1","","1","trialend","singlestim","229","256821"
"13391","Subject27","1","braverybravery","1","bravery","positionleft","validityvalid","test","2","positive","singlestim","231","258830","438","â€šÃ³Ã¨","67","dotpositionleft","singlestim","232","259322","c","left","correct","1","","1","trialend","singlestim","233","260337"
"13688","Subject27","1","filthyfilthy","1","filthy","positionleft","validityinvalid","test","2","negative","singlestim","235","262341","418","â€šÃ³Ã¨","77","dotpositionright","singlestim","236","262812","m","right","correct","1","","1","trialend","singlestim","237","263827"
"13985","Subject27","1","enthusiasmenthusiasm","1","enthusiasm","positionright","validityvalid","test","2","positive","singlestim","239","265833","361","â€šÃ³Ã¨","77","dotpositionright","singlestim","240","266247","m","right","correct","1","","1","trialend","singlestim","241","267259"
"14282","Subject27","1","suicidesuicide","1","suicide","positionright","validityinvalid","test","4","suicide","singlestim","243","269266","427","â€šÃ³Ã¨","67","dotpositionleft","singlestim","244","269744","c","left","correct","1","","1","trialend","singlestim","245","270759"
"14579","Subject27","1","ashamedashamed","1","ashamed","positionright","validityinvalid","test","4","negative","singlestim","247","272765","428","â€šÃ³Ã¨","67","dotpositionleft","singlestim","248","273244","c","left","correct","1","","1","trialend","singlestim","249","274260"
"14876","Subject27","1","wohlesswohless","1","wohless","positionright","validityvalid","test","4","negative","singlestim","251","276265","380","â€šÃ³Ã¨","77","dotpositionright","singlestim","252","276698","m","right","correct","1","","1","trialend","singlestim","253","277715"
"15173","Subject27","1","engineengine","1","engine","positionleft","validityvalid","test","4","neutral","singlestim","255","279723","379","â€šÃ³Ã¨","67","dotpositionleft","singlestim","256","280155","c","left","correct","1","","1","trialend","singlestim","257","281170"
"15470","Subject27","1","frameframe","1","frame","positionleft","validityinvalid","test","4","neutral","singlestim","259","283178","372","â€šÃ³Ã¨","77","dotpositionright","singlestim","260","283601","m","right","correct","1","","1","trialend","singlestim","261","284615"
"15767","Subject27","1","deceaseddeceased","1","deceased","positionright","validityvalid","test","4","suicide","singlestim","263","286621","364","â€šÃ³Ã¨","77","dotpositionright","singlestim","264","287039","m","right","correct","1","","1","trialend","singlestim","265","288055"
"16064","Subject27","1","stupidstupid","1","stupid","positionleft","validityvalid","test","4","negative","singlestim","267","290059","330","â€šÃ³Ã¨","67","dotpositionleft","singlestim","268","290442","c","left","correct","1","","1","trialend","singlestim","269","291458"
"16361","Subject27","1","structurestructure","1","structure","positionright","validityvalid","test","4","neutral","singlestim","271","293466","375","â€šÃ³Ã¨","77","dotpositionright","singlestim","272","293893","m","right","correct","1","","1","trialend","singlestim","273","294906"
"16658","Subject27","1","laughlaugh","1","laugh","positionright","validityvalid","test","4","positive","singlestim","275","296913","391","â€šÃ³Ã¨","77","dotpositionright","singlestim","276","297354","m","right","correct","1","","1","trialend","singlestim","277","298370"
"16955","Subject27","1","alonealone","1","alone","positionleft","validityvalid","test","4","negative","singlestim","279","300378","584","â€šÃ³Ã¨","67","dotpositionleft","singlestim","280","301015","c","left","correct","1","","1","trialend","singlestim","281","302028"
"17252","Subject27","1","hanginghanging","1","hanging","positionleft","validityvalid","test","4","suicide","singlestim","283","304033","382","â€šÃ³Ã¨","67","dotpositionleft","singlestim","284","304471","c","left","correct","1","","1","trialend","singlestim","285","305487"
"17549","Subject27","1","doubledouble","1","double","positionright","validityvalid","test","4","neutral","singlestim","287","307493","401","â€šÃ³Ã¨","77","dotpositionright","singlestim","288","307946","m","right","correct","1","","1","trialend","singlestim","289","308960"
"17846","Subject27","1","successsuccess","1","success","positionleft","validityvalid","test","4","positive","singlestim","291","310970","483","â€šÃ³Ã¨","67","dotpositionleft","singlestim","292","311504","c","left","correct","1","","1","trialend","singlestim","293","312520"
"18143","Subject27","1","ecstaticecstatic","1","ecstatic","positionright","validityvalid","test","4","positive","singlestim","295","314530","566","â€šÃ³Ã¨","77","dotpositionright","singlestim","296","315149","m","right","correct","1","","1","trialend","singlestim","297","316164"
"18440","Subject27","1","passionatepassionate","1","passionate","positionleft","validityinvalid","test","4","positive","singlestim","299","318169","447","â€šÃ³Ã¨","77","dotpositionright","singlestim","300","318670","m","right","correct","1","","1","trialend","singlestim","301","319689"
"18737","Subject27","1","killingkilling","1","killing","positionleft","validityvalid","test","4","suicide","singlestim","303","321694","560","â€šÃ³Ã¨","67","dotpositionleft","singlestim","304","322310","c","left","correct","1","","1","trialend","singlestim","305","323324"
