"","SubjectID","rt","stimulus","keypress","word","wordposition","validity","block","blocknum","wordtype","trialtype","trialindex","timeelapsed","rt.1","stimulus.1","keypress.1","dotposition","trialtype.1","trialindex.1","timeelapsed.1","keypressed","participantresponse","correctresponse","rt.2","stimulus.2","keypress.2","blocktrial","trialtype.2","trialindex.2","timeelapsed.2"
"273","Subject307","1","vomitvomit","1","vomit","positionleft","validityvalid","test","1","negative","singlestim","51","64775","880","â€šÃ³Ã¨","67","dotpositionleft","singlestim","52","65708","c","left","correct","1","","1","trialend","singlestim","53","66721"
"570","Subject307","1","attractionattraction","1","attraction","positionright","validityvalid","test","1","positive","singlestim","55","68727","410","â€šÃ³Ã¨","77","dotpositionright","singlestim","56","69190","m","right","correct","1","","1","trialend","singlestim","57","70203"
"867","Subject307","1","greatgreat","1","great","positionright","validityvalid","test","1","positive","singlestim","59","72207","436","â€šÃ³Ã¨","77","dotpositionright","singlestim","60","72696","m","right","correct","1","","1","trialend","singlestim","61","73709"
"1164","Subject307","1","funeralfuneral","1","funeral","positionright","validityvalid","test","1","suicide","singlestim","63","75716","473","â€šÃ³Ã¨","77","dotpositionright","singlestim","64","76242","m","right","correct","1","","1","trialend","singlestim","65","77254"
"1461","Subject307","1","cryingcrying","1","crying","positionright","validityvalid","test","1","negative","singlestim","67","79260","472","â€šÃ³Ã¨","77","dotpositionright","singlestim","68","79785","m","right","correct","1","","1","trialend","singlestim","69","80799"
"1758","Subject307","1","hatehate","1","hate","positionright","validityinvalid","test","1","negative","singlestim","71","82802","413","â€šÃ³Ã¨","67","dotpositionleft","singlestim","72","83268","c","left","correct","1","","1","trialend","singlestim","73","84283"
"2055","Subject307","1","imageimage","1","image","positionleft","validityvalid","test","1","neutral","singlestim","75","86287","533","â€šÃ³Ã¨","67","dotpositionleft","singlestim","76","86871","c","left","correct","1","","1","trialend","singlestim","77","87884"
"2352","Subject307","1","bloodblood","1","blood","positionleft","validityvalid","test","1","suicide","singlestim","79","89888","841","â€šÃ³Ã¨","67","dotpositionleft","singlestim","80","90781","c","left","correct","1","","1","trialend","singlestim","81","91794"
"2649","Subject307","1","suffocationsuffocation","1","suffocation","positionleft","validityinvalid","test","1","suicide","singlestim","83","93799","502","â€šÃ³Ã¨","77","dotpositionright","singlestim","84","94354","m","right","correct","1","","1","trialend","singlestim","85","95368"
"2946","Subject307","1","statuestatue","1","statue","positionright","validityinvalid","test","1","neutral","singlestim","87","97371","352","â€šÃ³Ã¨","67","dotpositionleft","singlestim","88","97777","c","left","correct","1","","1","trialend","singlestim","89","98790"
"3243","Subject307","1","paradiseparadise","1","paradise","positionleft","validityvalid","test","1","positive","singlestim","91","100796","672","â€šÃ³Ã¨","67","dotpositionleft","singlestim","92","101520","c","left","correct","1","","1","trialend","singlestim","93","102536"
"3540","Subject307","1","healthyhealthy","1","healthy","positionleft","validityinvalid","test","1","positive","singlestim","95","104540","443","â€šÃ³Ã¨","77","dotpositionright","singlestim","96","105035","m","right","correct","1","","1","trialend","singlestim","97","106049"
"3837","Subject307","1","cheesecheese","1","cheese","positionright","validityvalid","test","1","neutral","singlestim","99","108054","595","â€šÃ³Ã¨","77","dotpositionright","singlestim","100","108700","m","right","correct","1","","1","trialend","singlestim","101","109714"
"4134","Subject307","1","gunshotgunshot","1","gunshot","positionright","validityvalid","test","1","suicide","singlestim","103","111720","469","â€šÃ³Ã¨","77","dotpositionright","singlestim","104","112242","m","right","correct","1","","1","trialend","singlestim","105","113256"
"4431","Subject307","1","patheticpathetic","1","pathetic","positionleft","validityvalid","test","1","negative","singlestim","107","115261","546","â€šÃ³Ã¨","67","dotpositionleft","singlestim","108","115859","c","left","correct","1","","1","trialend","singlestim","109","116872"
"4728","Subject307","1","foldedfolded","1","folded","positionleft","validityvalid","test","1","neutral","singlestim","111","118876","417","â€šÃ³Ã¨","67","dotpositionleft","singlestim","112","119346","c","left","correct","1","","1","trialend","singlestim","113","120361"
"5025","Subject307","1","failurefailure","1","failure","positionleft","validityvalid","test","2","negative","singlestim","115","122366","319","â€šÃ³Ã¨","67","dotpositionleft","singlestim","116","122739","c","left","correct","1","","1","trialend","singlestim","117","123753"
"5322","Subject307","1","pleasurepleasure","1","pleasure","positionleft","validityvalid","test","2","positive","singlestim","119","125757","317","â€šÃ³Ã¨","67","dotpositionleft","singlestim","120","126126","c","left","correct","1","","1","trialend","singlestim","121","127140"
"5619","Subject307","1","filthyfilthy","1","filthy","positionleft","validityinvalid","test","2","negative","singlestim","123","129143","382","â€šÃ³Ã¨","77","dotpositionright","singlestim","124","129577","m","right","correct","1","","1","trialend","singlestim","125","130590"
"5916","Subject307","1","abuseabuse","1","abuse","positionright","validityvalid","test","2","negative","singlestim","127","132594","466","â€šÃ³Ã¨","77","dotpositionright","singlestim","128","133114","m","right","correct","1","","1","trialend","singlestim","129","134127"
"6213","Subject307","1","overdoseoverdose","1","overdose","positionright","validityinvalid","test","2","suicide","singlestim","131","136131","288","â€šÃ³Ã¨","67","dotpositionleft","singlestim","132","136471","c","left","correct","1","","1","trialend","singlestim","133","137484"
"6510","Subject307","1","tabletable","1","table","positionright","validityvalid","test","2","neutral","singlestim","135","139490","421","â€šÃ³Ã¨","77","dotpositionright","singlestim","136","139966","m","right","correct","1","","1","trialend","singlestim","137","140979"
"6807","Subject307","1","foamfoam","1","foam","positionright","validityvalid","test","2","neutral","singlestim","139","142983","451","â€šÃ³Ã¨","77","dotpositionright","singlestim","140","143486","m","right","correct","1","","1","trialend","singlestim","141","144500"
"7104","Subject307","1","noosenoose","1","noose","positionleft","validityvalid","test","2","suicide","singlestim","143","146506","384","â€šÃ³Ã¨","67","dotpositionleft","singlestim","144","146941","c","left","correct","1","","1","trialend","singlestim","145","147954"
"7401","Subject307","1","paperpaper","1","paper","positionleft","validityvalid","test","2","neutral","singlestim","147","149959","385","â€šÃ³Ã¨","67","dotpositionleft","singlestim","148","150396","c","left","correct","1","","1","trialend","singlestim","149","151411"
"7698","Subject307","1","horsehorse","1","horse","positionleft","validityinvalid","test","2","neutral","singlestim","151","153415","368","â€šÃ³Ã¨","77","dotpositionright","singlestim","152","153836","m","right","correct","1","","1","trialend","singlestim","153","154849"
"7995","Subject307","1","deathdeath","1","death","positionright","validityvalid","test","2","suicide","singlestim","155","156853","335","â€šÃ³Ã¨","77","dotpositionright","singlestim","156","157239","m","right","correct","1","","1","trialend","singlestim","157","158254"
"8292","Subject307","1","braverybravery","1","bravery","positionleft","validityvalid","test","2","positive","singlestim","159","160259","318","â€šÃ³Ã¨","67","dotpositionleft","singlestim","160","160630","c","left","correct","1","","1","trialend","singlestim","161","161644"
"8589","Subject307","1","lovelove","1","love","positionright","validityinvalid","test","2","positive","singlestim","163","163648","343","â€šÃ³Ã¨","67","dotpositionleft","singlestim","164","164044","c","left","correct","1","","1","trialend","singlestim","165","165056"
"8886","Subject307","1","corpsecorpse","1","corpse","positionleft","validityvalid","test","2","suicide","singlestim","167","167060","333","â€šÃ³Ã¨","67","dotpositionleft","singlestim","168","167444","c","left","correct","1","","1","trialend","singlestim","169","168458"
"9183","Subject307","1","enthusiasmenthusiasm","1","enthusiasm","positionright","validityvalid","test","2","positive","singlestim","171","170462","299","â€šÃ³Ã¨","77","dotpositionright","singlestim","172","170814","m","right","correct","1","","1","trialend","singlestim","173","171827"
"9480","Subject307","1","cruelcruel","1","cruel","positionright","validityvalid","test","2","negative","singlestim","175","173833","445","â€šÃ³Ã¨","77","dotpositionright","singlestim","176","174330","m","right","correct","1","","1","trialend","singlestim","177","175343"
"9777","Subject307","1","killingkilling","1","killing","positionleft","validityvalid","test","4","suicide","singlestim","179","177347","381","â€šÃ³Ã¨","67","dotpositionleft","singlestim","180","177781","c","left","correct","1","","1","trialend","singlestim","181","178796"
"10074","Subject307","1","hanginghanging","1","hanging","positionleft","validityvalid","test","4","suicide","singlestim","183","180800","439","â€šÃ³Ã¨","67","dotpositionleft","singlestim","184","181292","c","left","correct","1","","1","trialend","singlestim","185","182304"
"10371","Subject307","1","engineengine","1","engine","positionleft","validityvalid","test","4","neutral","singlestim","187","184308","378","â€šÃ³Ã¨","67","dotpositionleft","singlestim","188","184740","c","left","correct","1","","1","trialend","singlestim","189","185753"
"10668","Subject307","1","frameframe","1","frame","positionleft","validityinvalid","test","4","neutral","singlestim","191","187758","487","â€šÃ³Ã¨","77","dotpositionright","singlestim","192","188297","m","right","correct","1","","1","trialend","singlestim","193","189310"
"10965","Subject307","1","deceaseddeceased","1","deceased","positionright","validityvalid","test","4","suicide","singlestim","195","191315","394","â€šÃ³Ã¨","77","dotpositionright","singlestim","196","191764","m","right","correct","1","","1","trialend","singlestim","197","192778"
"11262","Subject307","1","wohlesswohless","1","wohless","positionright","validityvalid","test","4","negative","singlestim","199","194783","330","â€šÃ³Ã¨","77","dotpositionright","singlestim","200","195166","m","right","correct","1","","1","trialend","singlestim","201","196178"
"11559","Subject307","1","ashamedashamed","1","ashamed","positionright","validityinvalid","test","4","negative","singlestim","203","198182","324","â€šÃ³Ã¨","67","dotpositionleft","singlestim","204","198559","c","left","correct","1","","1","trialend","singlestim","205","199573"
"11856","Subject307","1","suicidesuicide","1","suicide","positionright","validityinvalid","test","4","suicide","singlestim","207","201579","703","â€šÃ³Ã¨","67","dotpositionleft","singlestim","208","202335","c","left","correct","1","","1","trialend","singlestim","209","203348"
"12153","Subject307","1","doubledouble","1","double","positionright","validityvalid","test","4","neutral","singlestim","211","205355","546","â€šÃ³Ã¨","77","dotpositionright","singlestim","212","205954","m","right","correct","1","","1","trialend","singlestim","213","206967"
"12450","Subject307","1","successsuccess","1","success","positionleft","validityvalid","test","4","positive","singlestim","215","208971","499","â€šÃ³Ã¨","67","dotpositionleft","singlestim","216","209521","c","left","correct","1","","1","trialend","singlestim","217","210535"
"12747","Subject307","1","laughlaugh","1","laugh","positionright","validityvalid","test","4","positive","singlestim","219","212539","462","â€šÃ³Ã¨","77","dotpositionright","singlestim","220","213055","m","right","correct","1","","1","trialend","singlestim","221","214068"
"13044","Subject307","1","structurestructure","1","structure","positionright","validityvalid","test","4","neutral","singlestim","223","216072","322","â€šÃ³Ã¨","77","dotpositionright","singlestim","224","216446","m","right","correct","1","","1","trialend","singlestim","225","217459"
"13341","Subject307","1","passionatepassionate","1","passionate","positionleft","validityinvalid","test","4","positive","singlestim","227","219463","413","â€šÃ³Ã¨","77","dotpositionright","singlestim","228","219929","m","right","correct","1","","1","trialend","singlestim","229","220942"
"13638","Subject307","1","ecstaticecstatic","1","ecstatic","positionright","validityvalid","test","4","positive","singlestim","231","222946","337","â€šÃ³Ã¨","77","dotpositionright","singlestim","232","223334","m","right","correct","1","","1","trialend","singlestim","233","224347"
"13935","Subject307","1","alonealone","1","alone","positionleft","validityvalid","test","4","negative","singlestim","235","226353","653","â€šÃ³Ã¨","67","dotpositionleft","singlestim","236","227060","c","left","correct","1","","1","trialend","singlestim","237","228072"
"14232","Subject307","1","stupidstupid","1","stupid","positionleft","validityvalid","test","4","negative","singlestim","239","230075","509","â€šÃ³Ã¨","67","dotpositionleft","singlestim","240","230635","c","left","correct","1","","1","trialend","singlestim","241","231648"
"14529","Subject307","1","smilesmile","1","smile","positionleft","validityvalid","test","3","positive","singlestim","243","233652","362","â€šÃ³Ã¨","67","dotpositionleft","singlestim","244","234066","c","left","correct","1","","1","trialend","singlestim","245","235079"
"14826","Subject307","1","deaddead","1","dead","positionleft","validityinvalid","test","3","suicide","singlestim","247","237084","378","â€šÃ³Ã¨","77","dotpositionright","singlestim","248","237515","m","right","correct","1","","1","trialend","singlestim","249","238530"
"15123","Subject307","1","cuttingcutting","1","cutting","positionright","validityvalid","test","3","suicide","singlestim","251","240535","423","â€šÃ³Ã¨","77","dotpositionright","singlestim","252","241012","m","right","correct","1","","1","trialend","singlestim","253","242024"
"15420","Subject307","1","museummuseum","1","museum","positionleft","validityvalid","test","3","neutral","singlestim","255","244028","304","â€šÃ³Ã¨","67","dotpositionleft","singlestim","256","244385","c","left","correct","1","","1","trialend","singlestim","257","245398"
"15717","Subject307","1","assaultassault","1","assault","positionleft","validityinvalid","test","3","negative","singlestim","259","247402","359","â€šÃ³Ã¨","77","dotpositionright","singlestim","260","247814","m","right","correct","1","","1","trialend","singlestim","261","248827"
"16014","Subject307","1","closetcloset","1","closet","positionright","validityinvalid","test","3","neutral","singlestim","263","250832","383","â€šÃ³Ã¨","67","dotpositionleft","singlestim","264","251269","c","left","correct","1","","1","trialend","singlestim","265","252281"
"16311","Subject307","1","happyhappy","1","happy","positionright","validityvalid","test","3","positive","singlestim","267","254288","354","â€šÃ³Ã¨","77","dotpositionright","singlestim","268","254695","m","right","correct","1","","1","trialend","singlestim","269","255708"
"16608","Subject307","1","diedie","1","die","positionright","validityvalid","test","3","suicide","singlestim","271","257712","334","â€šÃ³Ã¨","77","dotpositionright","singlestim","272","258099","m","right","correct","1","","1","trialend","singlestim","273","259112"
"16905","Subject307","1","strongstrong","1","strong","positionleft","validityvalid","test","3","positive","singlestim","275","261116","373","â€šÃ³Ã¨","67","dotpositionleft","singlestim","276","261541","c","left","correct","1","","1","trialend","singlestim","277","262554"
"17202","Subject307","1","dyingdying","1","dying","positionleft","validityvalid","test","3","suicide","singlestim","279","264559","353","â€šÃ³Ã¨","67","dotpositionleft","singlestim","280","264965","c","left","correct","1","","1","trialend","singlestim","281","265979"
"17499","Subject307","1","touretoure","1","toure","positionleft","validityvalid","test","3","negative","singlestim","283","267981","319","â€šÃ³Ã¨","67","dotpositionleft","singlestim","284","268353","c","left","correct","1","","1","trialend","singlestim","285","269366"
"17796","Subject307","1","metermeter","1","meter","positionleft","validityvalid","test","3","neutral","singlestim","287","271372","348","â€šÃ³Ã¨","67","dotpositionleft","singlestim","288","271773","c","left","correct","1","","1","trialend","singlestim","289","272788"
"18093","Subject307","1","bombbomb","1","bomb","positionright","validityvalid","test","3","negative","singlestim","291","274792","339","â€šÃ³Ã¨","77","dotpositionright","singlestim","292","275183","m","right","correct","1","","1","trialend","singlestim","293","276196"
"18390","Subject307","1","rejectedrejected","1","rejected","positionright","validityvalid","test","3","negative","singlestim","295","278199","307","â€šÃ³Ã¨","77","dotpositionright","singlestim","296","278558","m","right","correct","1","","1","trialend","singlestim","297","279571"
"18687","Subject307","1","greengreen","1","green","positionright","validityvalid","test","3","neutral","singlestim","299","281575","1050","â€šÃ³Ã¨","77","dotpositionright","singlestim","300","282676","m","right","correct","1","","1","trialend","singlestim","301","283690"
"18984","Subject307","1","kisskiss","1","kiss","positionright","validityinvalid","test","3","positive","singlestim","303","285693","473","â€šÃ³Ã¨","67","dotpositionleft","singlestim","304","286218","c","left","correct","1","","1","trialend","singlestim","305","287231"
