"","SubjectID","rt","stimulus","keypress","word","wordposition","validity","block","blocknum","wordtype","trialtype","trialindex","timeelapsed","rt.1","stimulus.1","keypress.1","dotposition","trialtype.1","trialindex.1","timeelapsed.1","keypressed","participantresponse","correctresponse","rt.2","stimulus.2","keypress.2","blocktrial","trialtype.2","trialindex.2","timeelapsed.2"
"85","Subject90","1","smilesmile","1","smile","positionleft","validityvalid","test","3","positive","singlestim","51","94346","334","â€šÃ³Ã¨","67","dotpositionleft","singlestim","52","94731","c","left","correct","1","","1","trialend","singlestim","53","95743"
"382","Subject90","1","bombbomb","1","bomb","positionright","validityvalid","test","3","negative","singlestim","55","97746","296","â€šÃ³Ã¨","77","dotpositionright","singlestim","56","98094","m","right","correct","1","","1","trialend","singlestim","57","99109"
"679","Subject90","1","cuttingcutting","1","cutting","positionright","validityvalid","test","3","suicide","singlestim","59","101116","357","â€šÃ³Ã¨","77","dotpositionright","singlestim","60","101526","m","right","correct","1","","1","trialend","singlestim","61","102538"
"976","Subject90","1","happyhappy","1","happy","positionright","validityvalid","test","3","positive","singlestim","63","104543","260","â€šÃ³Ã¨","77","dotpositionright","singlestim","64","104855","m","right","correct","1","","1","trialend","singlestim","65","105868"
"1273","Subject90","1","rejectedrejected","1","rejected","positionright","validityvalid","test","3","negative","singlestim","67","107871","271","â€šÃ³Ã¨","77","dotpositionright","singlestim","68","108194","m","right","correct","1","","1","trialend","singlestim","69","109207"
"1570","Subject90","1","diedie","1","die","positionright","validityvalid","test","3","suicide","singlestim","71","111211","353","â€šÃ³Ã¨","77","dotpositionright","singlestim","72","111616","m","right","correct","1","","1","trialend","singlestim","73","112632"
"1867","Subject90","409","museummuseum","67","museum","positionleft","validityvalid","test","3","neutral","singlestim","75","114637","417","â€šÃ³Ã¨","67","dotpositionleft","singlestim","76","115106","c","left","correct","1","","1","trialend","singlestim","77","116119"
"2164","Subject90","1","closetcloset","1","closet","positionright","validityinvalid","test","3","neutral","singlestim","79","118126","270","â€šÃ³Ã¨","67","dotpositionleft","singlestim","80","118450","c","left","correct","1","","1","trialend","singlestim","81","119464"
"2461","Subject90","1","metermeter","1","meter","positionleft","validityvalid","test","3","neutral","singlestim","83","121469","290","â€šÃ³Ã¨","67","dotpositionleft","singlestim","84","121812","c","left","correct","1","","1","trialend","singlestim","85","122825"
"2758","Subject90","1","deaddead","1","dead","positionleft","validityinvalid","test","3","suicide","singlestim","87","124829","325","â€šÃ³Ã¨","77","dotpositionright","singlestim","88","125207","m","right","correct","1","","1","trialend","singlestim","89","126219"
"3055","Subject90","1","dyingdying","1","dying","positionleft","validityvalid","test","3","suicide","singlestim","91","128223","328","â€šÃ³Ã¨","67","dotpositionleft","singlestim","92","128603","c","left","correct","1","","1","trialend","singlestim","93","129615"
"3352","Subject90","1","strongstrong","1","strong","positionleft","validityvalid","test","3","positive","singlestim","95","131619","305","â€šÃ³Ã¨","67","dotpositionleft","singlestim","96","131977","c","left","correct","1","","1","trialend","singlestim","97","132989"
"3649","Subject90","1","greengreen","1","green","positionright","validityvalid","test","3","neutral","singlestim","99","134994","457","â€šÃ³Ã¨","77","dotpositionright","singlestim","100","135502","m","right","correct","1","","1","trialend","singlestim","101","136515"
"3946","Subject90","307","assaultassault","67","assault","positionleft","validityinvalid","test","3","negative","singlestim","103","138519","400","â€šÃ³Ã¨","77","dotpositionright","singlestim","104","138972","m","right","correct","1","","1","trialend","singlestim","105","139985"
"4243","Subject90","1","touretoure","1","toure","positionleft","validityvalid","test","3","negative","singlestim","107","141989","363","â€šÃ³Ã¨","67","dotpositionleft","singlestim","108","142404","c","left","correct","1","","1","trialend","singlestim","109","143417"
"4540","Subject90","1","kisskiss","1","kiss","positionright","validityinvalid","test","3","positive","singlestim","111","145422","304","â€šÃ³Ã¨","67","dotpositionleft","singlestim","112","145779","c","left","correct","1","","1","trialend","singlestim","113","146794"
"4837","Subject90","1","killingkilling","1","killing","positionleft","validityvalid","test","4","suicide","singlestim","115","148809","465","â€šÃ³Ã¨","67","dotpositionleft","singlestim","116","149326","c","left","correct","1","","1","trialend","singlestim","117","150338"
"5134","Subject90","1","stupidstupid","1","stupid","positionleft","validityvalid","test","4","negative","singlestim","119","152342","373","â€šÃ³Ã¨","67","dotpositionleft","singlestim","120","152769","c","left","correct","1","","1","trialend","singlestim","121","153781"
"5431","Subject90","1","hanginghanging","1","hanging","positionleft","validityvalid","test","4","suicide","singlestim","123","155786","462","â€šÃ³Ã¨","67","dotpositionleft","singlestim","124","156300","c","left","correct","1","","1","trialend","singlestim","125","157313"
"5728","Subject90","1","suicidesuicide","1","suicide","positionright","validityinvalid","test","4","suicide","singlestim","127","159317","325","â€šÃ³Ã¨","67","dotpositionleft","singlestim","128","159694","c","left","correct","1","","1","trialend","singlestim","129","160707"
"6025","Subject90","1","alonealone","1","alone","positionleft","validityvalid","test","4","negative","singlestim","131","162710","330","â€šÃ³Ã¨","67","dotpositionleft","singlestim","132","163092","c","left","correct","1","","1","trialend","singlestim","133","164104"
"6322","Subject90","1","successsuccess","1","success","positionleft","validityvalid","test","4","positive","singlestim","135","166109","332","â€šÃ³Ã¨","67","dotpositionleft","singlestim","136","166493","c","left","correct","1","","1","trialend","singlestim","137","167505"
"6619","Subject90","1","laughlaugh","1","laugh","positionright","validityvalid","test","4","positive","singlestim","139","169508","322","â€šÃ³Ã¨","77","dotpositionright","singlestim","140","169882","m","right","correct","1","","1","trialend","singlestim","141","170895"
"6916","Subject90","1","ecstaticecstatic","1","ecstatic","positionright","validityvalid","test","4","positive","singlestim","143","172898","305","â€šÃ³Ã¨","77","dotpositionright","singlestim","144","173257","m","right","correct","1","","1","trialend","singlestim","145","174270"
"7213","Subject90","1","ashamedashamed","1","ashamed","positionright","validityinvalid","test","4","negative","singlestim","147","176278","318","â€šÃ³Ã¨","67","dotpositionleft","singlestim","148","176647","c","left","correct","1","","1","trialend","singlestim","149","177660"
"7510","Subject90","1","doubledouble","1","double","positionright","validityvalid","test","4","neutral","singlestim","151","179664","387","â€šÃ³Ã¨","77","dotpositionright","singlestim","152","180103","m","right","correct","1","","1","trialend","singlestim","153","181115"
"7807","Subject90","1","deceaseddeceased","1","deceased","positionright","validityvalid","test","4","suicide","singlestim","155","183118","304","â€šÃ³Ã¨","77","dotpositionright","singlestim","156","183479","m","right","correct","1","","1","trialend","singlestim","157","184494"
"8104","Subject90","1","engineengine","1","engine","positionleft","validityvalid","test","4","neutral","singlestim","159","186497","324","â€šÃ³Ã¨","67","dotpositionleft","singlestim","160","186874","c","left","correct","1","","1","trialend","singlestim","161","187887"
"8401","Subject90","1","frameframe","1","frame","positionleft","validityinvalid","test","4","neutral","singlestim","163","189892","349","â€šÃ³Ã¨","77","dotpositionright","singlestim","164","190292","m","right","correct","1","","1","trialend","singlestim","165","191306"
"8698","Subject90","1","structurestructure","1","structure","positionright","validityvalid","test","4","neutral","singlestim","167","193310","375","â€šÃ³Ã¨","77","dotpositionright","singlestim","168","193737","m","right","correct","1","","1","trialend","singlestim","169","194749"
"8995","Subject90","1","wohlesswohless","1","wohless","positionright","validityvalid","test","4","negative","singlestim","171","196753","267","â€šÃ³Ã¨","77","dotpositionright","singlestim","172","197072","m","right","correct","1","","1","trialend","singlestim","173","198087"
"9292","Subject90","1","passionatepassionate","1","passionate","positionleft","validityinvalid","test","4","positive","singlestim","175","200092","297","â€šÃ³Ã¨","77","dotpositionright","singlestim","176","200441","m","right","correct","1","","1","trialend","singlestim","177","201453"
"9589","Subject90","1","failurefailure","1","failure","positionleft","validityvalid","test","2","negative","singlestim","179","203457","297","â€šÃ³Ã¨","67","dotpositionleft","singlestim","180","203807","c","left","correct","1","","1","trialend","singlestim","181","204818"
"9886","Subject90","338","deathdeath","77","death","positionright","validityvalid","test","2","suicide","singlestim","183","206822","331","â€šÃ³Ã¨","77","dotpositionright","singlestim","184","207204","m","right","correct","1","","1","trialend","singlestim","185","208218"
"10183","Subject90","1","pleasurepleasure","1","pleasure","positionleft","validityvalid","test","2","positive","singlestim","187","210222","366","â€šÃ³Ã¨","67","dotpositionleft","singlestim","188","210639","c","left","correct","1","","1","trialend","singlestim","189","211651"
"10480","Subject90","482","noosenoose","67","noose","positionleft","validityvalid","test","2","suicide","singlestim","191","213655","316","â€šÃ³Ã¨","77","dotpositionleft","singlestim","192","214023","m","right","incorrect","80","","67","trialend","singlestim","193","215036"
"10777","Subject90","1","lovelove","1","love","positionright","validityinvalid","test","2","positive","singlestim","195","217040","285","â€šÃ³Ã¨","67","dotpositionleft","singlestim","196","217377","c","left","correct","1","","1","trialend","singlestim","197","218390"
"11074","Subject90","1","cruelcruel","1","cruel","positionright","validityvalid","test","2","negative","singlestim","199","220393","291","â€šÃ³Ã¨","77","dotpositionright","singlestim","200","220737","m","right","correct","1","","1","trialend","singlestim","201","221749"
"11371","Subject90","1","filthyfilthy","1","filthy","positionleft","validityinvalid","test","2","negative","singlestim","203","223754","319","â€šÃ³Ã¨","77","dotpositionright","singlestim","204","224124","m","right","correct","1","","1","trialend","singlestim","205","225139"
"11668","Subject90","1","horsehorse","1","horse","positionleft","validityinvalid","test","2","neutral","singlestim","207","227143","403","â€šÃ³Ã¨","77","dotpositionright","singlestim","208","227599","m","right","correct","1","","1","trialend","singlestim","209","228611"
"11965","Subject90","1","enthusiasmenthusiasm","1","enthusiasm","positionright","validityvalid","test","2","positive","singlestim","211","230616","326","â€šÃ³Ã¨","77","dotpositionright","singlestim","212","230993","m","right","correct","1","","1","trialend","singlestim","213","232005"
"12262","Subject90","375","abuseabuse","77","abuse","positionright","validityvalid","test","2","negative","singlestim","215","234008","376","â€šÃ³Ã¨","77","dotpositionright","singlestim","216","234437","m","right","correct","1","","1","trialend","singlestim","217","235450"
"12559","Subject90","1","overdoseoverdose","1","overdose","positionright","validityinvalid","test","2","suicide","singlestim","219","237455","280","â€šÃ³Ã¨","67","dotpositionleft","singlestim","220","237786","c","left","correct","1","","1","trialend","singlestim","221","238798"
"12856","Subject90","377","tabletable","77","table","positionright","validityvalid","test","2","neutral","singlestim","223","240803","21","â€šÃ³Ã¨","77","dotpositionright","singlestim","224","240878","m","right","correct","1","","1","trialend","singlestim","225","241891"
"13153","Subject90","1","braverybravery","1","bravery","positionleft","validityvalid","test","2","positive","singlestim","227","243896","368","â€šÃ³Ã¨","67","dotpositionleft","singlestim","228","244318","c","left","correct","1","","1","trialend","singlestim","229","245330"
"13450","Subject90","1","corpsecorpse","1","corpse","positionleft","validityvalid","test","2","suicide","singlestim","231","247333","408","â€šÃ³Ã¨","67","dotpositionleft","singlestim","232","247794","c","left","correct","1","","1","trialend","singlestim","233","248806"
"13747","Subject90","1","foamfoam","1","foam","positionright","validityvalid","test","2","neutral","singlestim","235","250810","340","â€šÃ³Ã¨","77","dotpositionright","singlestim","236","251203","m","right","correct","1","","1","trialend","singlestim","237","252215"
"14044","Subject90","1","paperpaper","1","paper","positionleft","validityvalid","test","2","neutral","singlestim","239","254219","332","â€šÃ³Ã¨","67","dotpositionleft","singlestim","240","254603","c","left","correct","1","","1","trialend","singlestim","241","255616"
"14341","Subject90","1","suffocationsuffocation","1","suffocation","positionleft","validityinvalid","test","1","suicide","singlestim","243","257620","289","â€šÃ³Ã¨","77","dotpositionright","singlestim","244","257962","m","right","correct","1","","1","trialend","singlestim","245","258974"
"14638","Subject90","1","vomitvomit","1","vomit","positionleft","validityvalid","test","1","negative","singlestim","247","260978","335","â€šÃ³Ã¨","67","dotpositionleft","singlestim","248","261369","c","left","correct","1","","1","trialend","singlestim","249","262382"
"14935","Subject90","1","hatehate","1","hate","positionright","validityinvalid","test","1","negative","singlestim","251","264386","949","â€šÃ³Ã¨","67","dotpositionleft","singlestim","252","265388","c","left","correct","1","","1","trialend","singlestim","253","266406"
"15232","Subject90","1","foldedfolded","1","folded","positionleft","validityvalid","test","1","neutral","singlestim","255","268410","1035","â€šÃ³Ã¨","67","dotpositionleft","singlestim","256","269498","c","left","correct","1","","1","trialend","singlestim","257","270511"
"15529","Subject90","1","funeralfuneral","1","funeral","positionright","validityvalid","test","1","suicide","singlestim","259","272515","668","â€šÃ³Ã¨","77","dotpositionright","singlestim","260","273234","m","right","correct","1","","1","trialend","singlestim","261","274247"
"15826","Subject90","1","bloodblood","1","blood","positionleft","validityvalid","test","1","suicide","singlestim","263","276251","396","â€šÃ³Ã¨","67","dotpositionleft","singlestim","264","276700","c","left","correct","1","","1","trialend","singlestim","265","277711"
"16123","Subject90","1","attractionattraction","1","attraction","positionright","validityvalid","test","1","positive","singlestim","267","279715","397","â€šÃ³Ã¨","77","dotpositionright","singlestim","268","280166","m","right","correct","1","","1","trialend","singlestim","269","281178"
"16420","Subject90","1","cryingcrying","1","crying","positionright","validityvalid","test","1","negative","singlestim","271","283184","316","â€šÃ³Ã¨","77","dotpositionright","singlestim","272","283551","m","right","correct","1","","1","trialend","singlestim","273","284564"
"16717","Subject90","1","gunshotgunshot","1","gunshot","positionright","validityvalid","test","1","suicide","singlestim","275","286570","352","â€šÃ³Ã¨","77","dotpositionright","singlestim","276","286975","m","right","correct","1","","1","trialend","singlestim","277","287988"
"17014","Subject90","1","healthyhealthy","1","healthy","positionleft","validityinvalid","test","1","positive","singlestim","279","289995","333","â€šÃ³Ã¨","77","dotpositionright","singlestim","280","290381","m","right","correct","1","","1","trialend","singlestim","281","291394"
"17311","Subject90","1","patheticpathetic","1","pathetic","positionleft","validityvalid","test","1","negative","singlestim","283","293399","283","â€šÃ³Ã¨","67","dotpositionleft","singlestim","284","293735","c","left","correct","1","","1","trialend","singlestim","285","294747"
"17608","Subject90","1","cheesecheese","1","cheese","positionright","validityvalid","test","1","neutral","singlestim","287","296751","287","â€šÃ³Ã¨","77","dotpositionright","singlestim","288","297091","m","right","correct","1","","1","trialend","singlestim","289","298105"
"17905","Subject90","1","paradiseparadise","1","paradise","positionleft","validityvalid","test","1","positive","singlestim","291","300117","282","â€šÃ³Ã¨","67","dotpositionleft","singlestim","292","300451","c","left","correct","1","","1","trialend","singlestim","293","301465"
"18202","Subject90","1","statuestatue","1","statue","positionright","validityinvalid","test","1","neutral","singlestim","295","303469","350","â€šÃ³Ã¨","67","dotpositionleft","singlestim","296","303873","c","left","correct","1","","1","trialend","singlestim","297","304888"
"18499","Subject90","1","greatgreat","1","great","positionright","validityvalid","test","1","positive","singlestim","299","306893","311","â€šÃ³Ã¨","77","dotpositionright","singlestim","300","307257","m","right","correct","1","","1","trialend","singlestim","301","308268"
"18796","Subject90","1","imageimage","1","image","positionleft","validityvalid","test","1","neutral","singlestim","303","310272","268","â€šÃ³Ã¨","67","dotpositionleft","singlestim","304","310592","c","left","correct","1","","1","trialend","singlestim","305","311604"
