"","SubjectID","rt","stimulus","keypress","word","wordposition","validity","block","blocknum","wordtype","trialtype","trialindex","timeelapsed","rt.1","stimulus.1","keypress.1","dotposition","trialtype.1","trialindex.1","timeelapsed.1","keypressed","participantresponse","correctresponse","rt.2","stimulus.2","keypress.2","blocktrial","trialtype.2","trialindex.2","timeelapsed.2"
"56","Subject59","1","closetcloset","1","closet","positionright","validityinvalid","test","3","neutral","singlestim","51","70326","450","â€šÃ³Ã¨","67","dotpositionleft","singlestim","52","70831","c","left","correct","1","","1","trialend","singlestim","53","71850"
"353","Subject59","1","kisskiss","1","kiss","positionright","validityinvalid","test","3","positive","singlestim","55","73859","425","â€šÃ³Ã¨","67","dotpositionleft","singlestim","56","74336","c","left","correct","1","","1","trialend","singlestim","57","75350"
"650","Subject59","1","smilesmile","1","smile","positionleft","validityvalid","test","3","positive","singlestim","59","77358","646","â€šÃ³Ã¨","67","dotpositionleft","singlestim","60","78056","c","left","correct","1","","1","trialend","singlestim","61","79070"
"947","Subject59","1","dyingdying","1","dying","positionleft","validityvalid","test","3","suicide","singlestim","63","81079","596","â€šÃ³Ã¨","67","dotpositionleft","singlestim","64","81727","c","left","correct","1","","1","trialend","singlestim","65","82744"
"1244","Subject59","1","strongstrong","1","strong","positionleft","validityvalid","test","3","positive","singlestim","67","84753","607","â€šÃ³Ã¨","67","dotpositionleft","singlestim","68","85415","c","left","correct","1","","1","trialend","singlestim","69","86429"
"1541","Subject59","1","assaultassault","1","assault","positionleft","validityinvalid","test","3","negative","singlestim","71","88438","529","â€šÃ³Ã¨","77","dotpositionright","singlestim","72","89020","m","right","correct","1","","1","trialend","singlestim","73","90034"
"1838","Subject59","1","rejectedrejected","1","rejected","positionright","validityvalid","test","3","negative","singlestim","75","92042","540","â€šÃ³Ã¨","77","dotpositionright","singlestim","76","92635","m","right","correct","1","","1","trialend","singlestim","77","93650"
"2135","Subject59","1","museummuseum","1","museum","positionleft","validityvalid","test","3","neutral","singlestim","79","95658","430","â€šÃ³Ã¨","67","dotpositionleft","singlestim","80","96143","c","left","correct","1","","1","trialend","singlestim","81","97159"
"2432","Subject59","1","cuttingcutting","1","cutting","positionright","validityvalid","test","3","suicide","singlestim","83","99171","414","â€šÃ³Ã¨","77","dotpositionright","singlestim","84","99639","m","right","correct","1","","1","trialend","singlestim","85","100656"
"2729","Subject59","1","bombbomb","1","bomb","positionright","validityvalid","test","3","negative","singlestim","87","102664","464","â€šÃ³Ã¨","77","dotpositionright","singlestim","88","103181","m","right","correct","1","","1","trialend","singlestim","89","104197"
"3026","Subject59","1","touretoure","1","toure","positionleft","validityvalid","test","3","negative","singlestim","91","106205","694","â€šÃ³Ã¨","67","dotpositionleft","singlestim","92","106951","c","left","correct","1","","1","trialend","singlestim","93","107969"
"3323","Subject59","1","metermeter","1","meter","positionleft","validityvalid","test","3","neutral","singlestim","95","109978","1276","â€šÃ³Ã¨","67","dotpositionleft","singlestim","96","111307","c","left","correct","1","","1","trialend","singlestim","97","112322"
"3620","Subject59","1","greengreen","1","green","positionright","validityvalid","test","3","neutral","singlestim","99","114330","790","â€šÃ³Ã¨","77","dotpositionright","singlestim","100","115174","m","right","correct","1","","1","trialend","singlestim","101","116192"
"3917","Subject59","1","deaddead","1","dead","positionleft","validityinvalid","test","3","suicide","singlestim","103","118203","515","â€šÃ³Ã¨","77","dotpositionright","singlestim","104","118773","m","right","correct","1","","1","trialend","singlestim","105","119787"
"4214","Subject59","1","diedie","1","die","positionright","validityvalid","test","3","suicide","singlestim","107","121795","807","â€šÃ³Ã¨","77","dotpositionright","singlestim","108","122655","m","right","correct","1","","1","trialend","singlestim","109","123669"
"4511","Subject59","1","happyhappy","1","happy","positionright","validityvalid","test","3","positive","singlestim","111","125677","576","â€šÃ³Ã¨","77","dotpositionright","singlestim","112","126306","m","right","correct","1","","1","trialend","singlestim","113","127320"
"4808","Subject59","1","frameframe","1","frame","positionleft","validityinvalid","test","4","neutral","singlestim","115","129328","492","â€šÃ³Ã¨","77","dotpositionright","singlestim","116","129873","m","right","correct","1","","1","trialend","singlestim","117","130890"
"5105","Subject59","1","killingkilling","1","killing","positionleft","validityvalid","test","4","suicide","singlestim","119","132899","444","â€šÃ³Ã¨","67","dotpositionleft","singlestim","120","133394","c","left","correct","1","","1","trialend","singlestim","121","134407"
"5402","Subject59","1","alonealone","1","alone","positionleft","validityvalid","test","4","negative","singlestim","123","136415","507","â€šÃ³Ã¨","67","dotpositionleft","singlestim","124","136975","c","left","correct","1","","1","trialend","singlestim","125","137991"
"5699","Subject59","1","doubledouble","1","double","positionright","validityvalid","test","4","neutral","singlestim","127","140002","399","â€šÃ³Ã¨","77","dotpositionright","singlestim","128","140457","m","right","correct","1","","1","trialend","singlestim","129","141474"
"5996","Subject59","1","suicidesuicide","1","suicide","positionright","validityinvalid","test","4","suicide","singlestim","131","143485","520","â€šÃ³Ã¨","67","dotpositionleft","singlestim","132","144058","c","left","correct","1","","1","trialend","singlestim","133","145075"
"6293","Subject59","1","laughlaugh","1","laugh","positionright","validityvalid","test","4","positive","singlestim","135","147084","396","â€šÃ³Ã¨","77","dotpositionright","singlestim","136","147531","m","right","correct","1","","1","trialend","singlestim","137","148546"
"6590","Subject59","1","deceaseddeceased","1","deceased","positionright","validityvalid","test","4","suicide","singlestim","139","150554","370","â€šÃ³Ã¨","77","dotpositionright","singlestim","140","150977","m","right","correct","1","","1","trialend","singlestim","141","151994"
"6887","Subject59","1","stupidstupid","1","stupid","positionleft","validityvalid","test","4","negative","singlestim","143","154001","386","â€šÃ³Ã¨","67","dotpositionleft","singlestim","144","154444","c","left","correct","1","","1","trialend","singlestim","145","155459"
"7184","Subject59","1","engineengine","1","engine","positionleft","validityvalid","test","4","neutral","singlestim","147","157467","459","â€šÃ³Ã¨","67","dotpositionleft","singlestim","148","157979","c","left","correct","1","","1","trialend","singlestim","149","158992"
"7481","Subject59","1","wohlesswohless","1","wohless","positionright","validityvalid","test","4","negative","singlestim","151","161002","432","â€šÃ³Ã¨","77","dotpositionright","singlestim","152","161489","m","right","correct","1","","1","trialend","singlestim","153","162505"
"7778","Subject59","1","ashamedashamed","1","ashamed","positionright","validityinvalid","test","4","negative","singlestim","155","164513","506","â€šÃ³Ã¨","67","dotpositionleft","singlestim","156","165072","c","left","correct","1","","1","trialend","singlestim","157","166090"
"8075","Subject59","1","ecstaticecstatic","1","ecstatic","positionright","validityvalid","test","4","positive","singlestim","159","168100","393","â€šÃ³Ã¨","77","dotpositionright","singlestim","160","168546","m","right","correct","1","","1","trialend","singlestim","161","169563"
"8372","Subject59","1","structurestructure","1","structure","positionright","validityvalid","test","4","neutral","singlestim","163","171575","355","â€šÃ³Ã¨","77","dotpositionright","singlestim","164","171985","m","right","correct","1","","1","trialend","singlestim","165","172999"
"8669","Subject59","1","hanginghanging","1","hanging","positionleft","validityvalid","test","4","suicide","singlestim","167","175008","410","â€šÃ³Ã¨","67","dotpositionleft","singlestim","168","175470","c","left","correct","1","","1","trialend","singlestim","169","176487"
"8966","Subject59","1","passionatepassionate","1","passionate","positionleft","validityinvalid","test","4","positive","singlestim","171","178496","459","â€šÃ³Ã¨","77","dotpositionright","singlestim","172","179007","m","right","correct","1","","1","trialend","singlestim","173","180022"
"9263","Subject59","1","successsuccess","1","success","positionleft","validityvalid","test","4","positive","singlestim","175","182031","389","â€šÃ³Ã¨","67","dotpositionleft","singlestim","176","182473","c","left","correct","1","","1","trialend","singlestim","177","183487"
"9560","Subject59","1","paradiseparadise","1","paradise","positionleft","validityvalid","test","1","positive","singlestim","179","185496","354","â€šÃ³Ã¨","67","dotpositionleft","singlestim","180","185904","c","left","correct","1","","1","trialend","singlestim","181","186918"
"9857","Subject59","1","statuestatue","1","statue","positionright","validityinvalid","test","1","neutral","singlestim","183","188926","445","â€šÃ³Ã¨","67","dotpositionleft","singlestim","184","189423","c","left","correct","1","","1","trialend","singlestim","185","190441"
"10154","Subject59","1","hatehate","1","hate","positionright","validityinvalid","test","1","negative","singlestim","187","192448","452","â€šÃ³Ã¨","67","dotpositionleft","singlestim","188","192953","c","left","correct","1","","1","trialend","singlestim","189","193969"
"10451","Subject59","1","healthyhealthy","1","healthy","positionleft","validityinvalid","test","1","positive","singlestim","191","195978","448","â€šÃ³Ã¨","77","dotpositionright","singlestim","192","196479","m","right","correct","1","","1","trialend","singlestim","193","197493"
"10748","Subject59","1","funeralfuneral","1","funeral","positionright","validityvalid","test","1","suicide","singlestim","195","199501","473","â€šÃ³Ã¨","77","dotpositionright","singlestim","196","200027","m","right","correct","1","","1","trialend","singlestim","197","201041"
"11045","Subject59","1","cheesecheese","1","cheese","positionright","validityvalid","test","1","neutral","singlestim","199","203048","426","â€šÃ³Ã¨","77","dotpositionright","singlestim","200","203525","m","right","correct","1","","1","trialend","singlestim","201","204541"
"11342","Subject59","1","foldedfolded","1","folded","positionleft","validityvalid","test","1","neutral","singlestim","203","206547","474","â€šÃ³Ã¨","67","dotpositionleft","singlestim","204","207074","c","left","correct","1","","1","trialend","singlestim","205","208090"
"11639","Subject59","1","patheticpathetic","1","pathetic","positionleft","validityvalid","test","1","negative","singlestim","207","210099","593","â€šÃ³Ã¨","67","dotpositionleft","singlestim","208","210746","c","left","correct","1","","1","trialend","singlestim","209","211759"
"11936","Subject59","1","gunshotgunshot","1","gunshot","positionright","validityvalid","test","1","suicide","singlestim","211","213767","427","â€šÃ³Ã¨","77","dotpositionright","singlestim","212","214248","m","right","correct","1","","1","trialend","singlestim","213","215265"
"12233","Subject59","1","imageimage","1","image","positionleft","validityvalid","test","1","neutral","singlestim","215","217274","398","â€šÃ³Ã¨","67","dotpositionleft","singlestim","216","217723","c","left","correct","1","","1","trialend","singlestim","217","218740"
"12530","Subject59","1","vomitvomit","1","vomit","positionleft","validityvalid","test","1","negative","singlestim","219","220750","432","â€šÃ³Ã¨","67","dotpositionleft","singlestim","220","221235","c","left","correct","1","","1","trialend","singlestim","221","222247"
"12827","Subject59","1","bloodblood","1","blood","positionleft","validityvalid","test","1","suicide","singlestim","223","224256","378","â€šÃ³Ã¨","67","dotpositionleft","singlestim","224","224685","c","left","correct","1","","1","trialend","singlestim","225","225700"
"13124","Subject59","1","attractionattraction","1","attraction","positionright","validityvalid","test","1","positive","singlestim","227","227710","447","â€šÃ³Ã¨","77","dotpositionright","singlestim","228","228208","m","right","correct","1","","1","trialend","singlestim","229","229224"
"13421","Subject59","1","cryingcrying","1","crying","positionright","validityvalid","test","1","negative","singlestim","231","231233","563","â€šÃ³Ã¨","77","dotpositionright","singlestim","232","231847","m","right","correct","1","","1","trialend","singlestim","233","232863"
"13718","Subject59","1","greatgreat","1","great","positionright","validityvalid","test","1","positive","singlestim","235","234873","472","â€šÃ³Ã¨","77","dotpositionright","singlestim","236","235401","m","right","correct","1","","1","trialend","singlestim","237","236415"
"14015","Subject59","1","suffocationsuffocation","1","suffocation","positionleft","validityinvalid","test","1","suicide","singlestim","239","238424","488","â€šÃ³Ã¨","77","dotpositionright","singlestim","240","238964","m","right","correct","1","","1","trialend","singlestim","241","239980"
"14312","Subject59","1","tabletable","1","table","positionright","validityvalid","test","2","neutral","singlestim","243","241987","609","â€šÃ³Ã¨","77","dotpositionright","singlestim","244","242650","m","right","correct","1","","1","trialend","singlestim","245","243665"
"14609","Subject59","1","overdoseoverdose","1","overdose","positionright","validityinvalid","test","2","suicide","singlestim","247","245674","598","â€šÃ³Ã¨","67","dotpositionleft","singlestim","248","246324","c","left","correct","1","","1","trialend","singlestim","249","247339"
"14906","Subject59","1","lovelove","1","love","positionright","validityinvalid","test","2","positive","singlestim","251","249348","617","â€šÃ³Ã¨","67","dotpositionleft","singlestim","252","250017","c","left","correct","1","","1","trialend","singlestim","253","251030"
"15203","Subject59","1","horsehorse","1","horse","positionleft","validityinvalid","test","2","neutral","singlestim","255","253041","522","â€šÃ³Ã¨","77","dotpositionright","singlestim","256","253613","m","right","correct","1","","1","trialend","singlestim","257","254628"
"15500","Subject59","1","foamfoam","1","foam","positionright","validityvalid","test","2","neutral","singlestim","259","256639","428","â€šÃ³Ã¨","77","dotpositionright","singlestim","260","257119","m","right","correct","1","","1","trialend","singlestim","261","258134"
"15797","Subject59","1","cruelcruel","1","cruel","positionright","validityvalid","test","2","negative","singlestim","263","260143","384","â€šÃ³Ã¨","77","dotpositionright","singlestim","264","260581","m","right","correct","1","","1","trialend","singlestim","265","261593"
"16094","Subject59","1","failurefailure","1","failure","positionleft","validityvalid","test","2","negative","singlestim","267","263603","410","â€šÃ³Ã¨","67","dotpositionleft","singlestim","268","264066","c","left","correct","1","","1","trialend","singlestim","269","265083"
"16391","Subject59","1","pleasurepleasure","1","pleasure","positionleft","validityvalid","test","2","positive","singlestim","271","267090","454","â€šÃ³Ã¨","67","dotpositionleft","singlestim","272","267596","c","left","correct","1","","1","trialend","singlestim","273","268611"
"16688","Subject59","1","paperpaper","1","paper","positionleft","validityvalid","test","2","neutral","singlestim","275","270620","482","â€šÃ³Ã¨","67","dotpositionleft","singlestim","276","271154","c","left","correct","1","","1","trialend","singlestim","277","272169"
"16985","Subject59","1","abuseabuse","1","abuse","positionright","validityvalid","test","2","negative","singlestim","279","274178","422","â€šÃ³Ã¨","77","dotpositionright","singlestim","280","274652","m","right","correct","1","","1","trialend","singlestim","281","275669"
"17282","Subject59","1","braverybravery","1","bravery","positionleft","validityvalid","test","2","positive","singlestim","283","277678","409","â€šÃ³Ã¨","67","dotpositionleft","singlestim","284","278140","c","left","correct","1","","1","trialend","singlestim","285","279156"
"17579","Subject59","1","deathdeath","1","death","positionright","validityvalid","test","2","suicide","singlestim","287","281166","403","â€šÃ³Ã¨","77","dotpositionright","singlestim","288","281624","m","right","correct","1","","1","trialend","singlestim","289","282639"
"17876","Subject59","1","noosenoose","1","noose","positionleft","validityvalid","test","2","suicide","singlestim","291","284648","456","â€šÃ³Ã¨","67","dotpositionleft","singlestim","292","285156","c","left","correct","1","","1","trialend","singlestim","293","286175"
"18173","Subject59","1","filthyfilthy","1","filthy","positionleft","validityinvalid","test","2","negative","singlestim","295","288183","456","â€šÃ³Ã¨","77","dotpositionright","singlestim","296","288695","m","right","correct","1","","1","trialend","singlestim","297","289709"
"18470","Subject59","1","enthusiasmenthusiasm","1","enthusiasm","positionright","validityvalid","test","2","positive","singlestim","299","291718","506","â€šÃ³Ã¨","77","dotpositionright","singlestim","300","292278","m","right","correct","1","","1","trialend","singlestim","301","293296"
"18767","Subject59","1","corpsecorpse","1","corpse","positionleft","validityvalid","test","2","suicide","singlestim","303","295306","556","â€šÃ³Ã¨","67","dotpositionleft","singlestim","304","295918","c","left","correct","1","","1","trialend","singlestim","305","296936"
