"","SubjectID","rt","stimulus","keypress","word","wordposition","validity","block","blocknum","wordtype","trialtype","trialindex","timeelapsed","rt.1","stimulus.1","keypress.1","dotposition","trialtype.1","trialindex.1","timeelapsed.1","keypressed","participantresponse","correctresponse","rt.2","stimulus.2","keypress.2","blocktrial","trialtype.2","trialindex.2","timeelapsed.2"
"83","Subject88","1","greatgreat","1","great","positionright","validityvalid","test","1","positive","singlestim","51","72306","492","â€šÃ³Ã¨","77","dotpositionright","singlestim","52","72848","m","right","correct","1","","1","trialend","singlestim","53","73860"
"380","Subject88","1","patheticpathetic","1","pathetic","positionleft","validityvalid","test","1","negative","singlestim","55","75863","382","â€šÃ³Ã¨","67","dotpositionleft","singlestim","56","76296","c","left","correct","1","","1","trialend","singlestim","57","77308"
"677","Subject88","1","paradiseparadise","1","paradise","positionleft","validityvalid","test","1","positive","singlestim","59","79310","448","â€šÃ³Ã¨","67","dotpositionleft","singlestim","60","79810","c","left","correct","1","","1","trialend","singlestim","61","80821"
"974","Subject88","1","hatehate","1","hate","positionright","validityinvalid","test","1","negative","singlestim","63","82823","495","â€šÃ³Ã¨","67","dotpositionleft","singlestim","64","83369","c","left","correct","1","","1","trialend","singlestim","65","84381"
"1271","Subject88","1","imageimage","1","image","positionleft","validityvalid","test","1","neutral","singlestim","67","86384","372","â€šÃ³Ã¨","67","dotpositionleft","singlestim","68","86809","c","left","correct","1","","1","trialend","singlestim","69","87819"
"1568","Subject88","1","cryingcrying","1","crying","positionright","validityvalid","test","1","negative","singlestim","71","89823","426","â€šÃ³Ã¨","77","dotpositionright","singlestim","72","90299","m","right","correct","1","","1","trialend","singlestim","73","91312"
"1865","Subject88","1","healthyhealthy","1","healthy","positionleft","validityinvalid","test","1","positive","singlestim","75","93313","374","â€šÃ³Ã¨","77","dotpositionright","singlestim","76","93739","m","right","correct","1","","1","trialend","singlestim","77","94751"
"2162","Subject88","1","suffocationsuffocation","1","suffocation","positionleft","validityinvalid","test","1","suicide","singlestim","79","96760","322","â€šÃ³Ã¨","77","dotpositionright","singlestim","80","97135","m","right","correct","1","","1","trialend","singlestim","81","98147"
"2459","Subject88","1","vomitvomit","1","vomit","positionleft","validityvalid","test","1","negative","singlestim","83","100150","417","â€šÃ³Ã¨","67","dotpositionleft","singlestim","84","100618","c","left","correct","1","","1","trialend","singlestim","85","101629"
"2756","Subject88","1","gunshotgunshot","1","gunshot","positionright","validityvalid","test","1","suicide","singlestim","87","103632","329","â€šÃ³Ã¨","77","dotpositionright","singlestim","88","104012","m","right","correct","1","","1","trialend","singlestim","89","105024"
"3053","Subject88","1","statuestatue","1","statue","positionright","validityinvalid","test","1","neutral","singlestim","91","107026","452","â€šÃ³Ã¨","67","dotpositionleft","singlestim","92","107528","c","left","correct","1","","1","trialend","singlestim","93","108541"
"3350","Subject88","1","bloodblood","1","blood","positionleft","validityvalid","test","1","suicide","singlestim","95","110543","373","â€šÃ³Ã¨","67","dotpositionleft","singlestim","96","110967","c","left","correct","1","","1","trialend","singlestim","97","111981"
"3647","Subject88","1","funeralfuneral","1","funeral","positionright","validityvalid","test","1","suicide","singlestim","99","113985","437","â€šÃ³Ã¨","77","dotpositionright","singlestim","100","114473","m","right","correct","1","","1","trialend","singlestim","101","115487"
"3944","Subject88","1","cheesecheese","1","cheese","positionright","validityvalid","test","1","neutral","singlestim","103","117488","553","â€šÃ³Ã¨","77","dotpositionright","singlestim","104","118093","m","right","correct","1","","1","trialend","singlestim","105","119105"
"4241","Subject88","1","foldedfolded","1","folded","positionleft","validityvalid","test","1","neutral","singlestim","107","121107","436","â€šÃ³Ã¨","67","dotpositionleft","singlestim","108","121594","c","left","correct","1","","1","trialend","singlestim","109","122605"
"4538","Subject88","1","attractionattraction","1","attraction","positionright","validityvalid","test","1","positive","singlestim","111","124612","340","â€šÃ³Ã¨","77","dotpositionright","singlestim","112","125018","m","right","correct","1","","1","trialend","singlestim","113","126030"
"4835","Subject88","1","enthusiasmenthusiasm","1","enthusiasm","positionright","validityvalid","test","2","positive","singlestim","115","128033","650","â€šÃ³Ã¨","77","dotpositionright","singlestim","116","128733","m","right","correct","1","","1","trialend","singlestim","117","129745"
"5132","Subject88","1","failurefailure","1","failure","positionleft","validityvalid","test","2","negative","singlestim","119","131747","366","â€šÃ³Ã¨","67","dotpositionleft","singlestim","120","132164","c","left","correct","1","","1","trialend","singlestim","121","133176"
"5429","Subject88","1","tabletable","1","table","positionright","validityvalid","test","2","neutral","singlestim","123","135178","362","â€šÃ³Ã¨","77","dotpositionright","singlestim","124","135592","m","right","correct","1","","1","trialend","singlestim","125","136604"
"5726","Subject88","1","deathdeath","1","death","positionright","validityvalid","test","2","suicide","singlestim","127","138608","393","â€šÃ³Ã¨","77","dotpositionright","singlestim","128","139051","m","right","correct","1","","1","trialend","singlestim","129","140064"
"6023","Subject88","1","overdoseoverdose","1","overdose","positionright","validityinvalid","test","2","suicide","singlestim","131","142066","347","â€šÃ³Ã¨","67","dotpositionleft","singlestim","132","142465","c","left","correct","1","","1","trialend","singlestim","133","143477"
"6320","Subject88","1","lovelove","1","love","positionright","validityinvalid","test","2","positive","singlestim","135","145481","361","â€šÃ³Ã¨","67","dotpositionleft","singlestim","136","145893","c","left","correct","1","","1","trialend","singlestim","137","146904"
"6617","Subject88","1","abuseabuse","1","abuse","positionright","validityvalid","test","2","negative","singlestim","139","148912","374","â€šÃ³Ã¨","77","dotpositionright","singlestim","140","149337","m","right","correct","1","","1","trialend","singlestim","141","150349"
"6914","Subject88","1","noosenoose","1","noose","positionleft","validityvalid","test","2","suicide","singlestim","143","152352","371","â€šÃ³Ã¨","67","dotpositionleft","singlestim","144","152774","c","left","correct","1","","1","trialend","singlestim","145","153786"
"7211","Subject88","1","filthyfilthy","1","filthy","positionleft","validityinvalid","test","2","negative","singlestim","147","155789","319","â€šÃ³Ã¨","77","dotpositionright","singlestim","148","156160","m","right","correct","1","","1","trialend","singlestim","149","157172"
"7508","Subject88","1","corpsecorpse","1","corpse","positionleft","validityvalid","test","2","suicide","singlestim","151","159174","369","â€šÃ³Ã¨","67","dotpositionleft","singlestim","152","159594","c","left","correct","1","","1","trialend","singlestim","153","160606"
"7805","Subject88","1","foamfoam","1","foam","positionright","validityvalid","test","2","neutral","singlestim","155","162608","347","â€šÃ³Ã¨","77","dotpositionright","singlestim","156","163007","m","right","correct","1","","1","trialend","singlestim","157","164020"
"8102","Subject88","1","pleasurepleasure","1","pleasure","positionleft","validityvalid","test","2","positive","singlestim","159","166022","302","â€šÃ³Ã¨","67","dotpositionleft","singlestim","160","166375","c","left","correct","1","","1","trialend","singlestim","161","167388"
"8399","Subject88","1","cruelcruel","1","cruel","positionright","validityvalid","test","2","negative","singlestim","163","169390","302","â€šÃ³Ã¨","77","dotpositionright","singlestim","164","169744","m","right","correct","1","","1","trialend","singlestim","165","170757"
"8696","Subject88","1","horsehorse","1","horse","positionleft","validityinvalid","test","2","neutral","singlestim","167","172759","346","â€šÃ³Ã¨","77","dotpositionright","singlestim","168","173156","m","right","correct","1","","1","trialend","singlestim","169","174174"
"8993","Subject88","1","paperpaper","1","paper","positionleft","validityvalid","test","2","neutral","singlestim","171","176179","320","â€šÃ³Ã¨","67","dotpositionleft","singlestim","172","176551","c","left","correct","1","","1","trialend","singlestim","173","177564"
"9290","Subject88","1","braverybravery","1","bravery","positionleft","validityvalid","test","2","positive","singlestim","175","179568","364","â€šÃ³Ã¨","67","dotpositionleft","singlestim","176","179983","c","left","correct","1","","1","trialend","singlestim","177","180995"
"9587","Subject88","1","rejectedrejected","1","rejected","positionright","validityvalid","test","3","negative","singlestim","179","182997","398","â€šÃ³Ã¨","77","dotpositionright","singlestim","180","183449","m","right","correct","1","","1","trialend","singlestim","181","184461"
"9884","Subject88","1","museummuseum","1","museum","positionleft","validityvalid","test","3","neutral","singlestim","183","186464","353","â€šÃ³Ã¨","67","dotpositionleft","singlestim","184","186870","c","left","correct","1","","1","trialend","singlestim","185","187881"
"10181","Subject88","1","assaultassault","1","assault","positionleft","validityinvalid","test","3","negative","singlestim","187","189885","377","â€šÃ³Ã¨","77","dotpositionright","singlestim","188","190314","m","right","correct","1","","1","trialend","singlestim","189","191326"
"10478","Subject88","1","bombbomb","1","bomb","positionright","validityvalid","test","3","negative","singlestim","191","193330","406","â€šÃ³Ã¨","77","dotpositionright","singlestim","192","193788","m","right","correct","1","","1","trialend","singlestim","193","194802"
"10775","Subject88","1","smilesmile","1","smile","positionleft","validityvalid","test","3","positive","singlestim","195","196808","473","â€šÃ³Ã¨","67","dotpositionleft","singlestim","196","197333","c","left","correct","1","","1","trialend","singlestim","197","198345"
"11072","Subject88","1","diedie","1","die","positionright","validityvalid","test","3","suicide","singlestim","199","200348","379","â€šÃ³Ã¨","77","dotpositionright","singlestim","200","200778","m","right","correct","1","","1","trialend","singlestim","201","201790"
"11369","Subject88","1","greengreen","1","green","positionright","validityvalid","test","3","neutral","singlestim","203","203795","436","â€šÃ³Ã¨","77","dotpositionright","singlestim","204","204282","m","right","correct","1","","1","trialend","singlestim","205","205297"
"11666","Subject88","1","metermeter","1","meter","positionleft","validityvalid","test","3","neutral","singlestim","207","207301","347","â€šÃ³Ã¨","67","dotpositionleft","singlestim","208","207698","c","left","correct","1","","1","trialend","singlestim","209","208711"
"11963","Subject88","1","kisskiss","1","kiss","positionright","validityinvalid","test","3","positive","singlestim","211","210715","443","â€šÃ³Ã¨","67","dotpositionleft","singlestim","212","211210","c","left","correct","1","","1","trialend","singlestim","213","212223"
"12260","Subject88","1","closetcloset","1","closet","positionright","validityinvalid","test","3","neutral","singlestim","215","214227","550","â€šÃ³Ã¨","67","dotpositionleft","singlestim","216","214830","c","left","correct","1","","1","trialend","singlestim","217","215844"
"12557","Subject88","1","dyingdying","1","dying","positionleft","validityvalid","test","3","suicide","singlestim","219","217867","355","â€šÃ³Ã¨","67","dotpositionleft","singlestim","220","218277","c","left","correct","1","","1","trialend","singlestim","221","219290"
"12854","Subject88","1","deaddead","1","dead","positionleft","validityinvalid","test","3","suicide","singlestim","223","221300","401","â€šÃ³Ã¨","77","dotpositionright","singlestim","224","221752","m","right","correct","1","","1","trialend","singlestim","225","222765"
"13151","Subject88","1","cuttingcutting","1","cutting","positionright","validityvalid","test","3","suicide","singlestim","227","224769","447","â€šÃ³Ã¨","77","dotpositionright","singlestim","228","225267","m","right","correct","1","","1","trialend","singlestim","229","226286"
"13448","Subject88","1","touretoure","1","toure","positionleft","validityvalid","test","3","negative","singlestim","231","228290","447","â€šÃ³Ã¨","67","dotpositionleft","singlestim","232","228788","c","left","correct","1","","1","trialend","singlestim","233","229801"
"13745","Subject88","1","happyhappy","1","happy","positionright","validityvalid","test","3","positive","singlestim","235","231806","454","â€šÃ³Ã¨","77","dotpositionright","singlestim","236","232311","m","right","correct","1","","1","trialend","singlestim","237","233323"
"14042","Subject88","1","strongstrong","1","strong","positionleft","validityvalid","test","3","positive","singlestim","239","235329","320","â€šÃ³Ã¨","67","dotpositionleft","singlestim","240","235701","c","left","correct","1","","1","trialend","singlestim","241","236713"
"14339","Subject88","1","doubledouble","1","double","positionright","validityvalid","test","4","neutral","singlestim","243","238717","344","â€šÃ³Ã¨","77","dotpositionright","singlestim","244","239112","m","right","correct","1","","1","trialend","singlestim","245","240125"
"14636","Subject88","1","hanginghanging","1","hanging","positionleft","validityvalid","test","4","suicide","singlestim","247","242128","423","â€šÃ³Ã¨","67","dotpositionleft","singlestim","248","242604","c","left","correct","1","","1","trialend","singlestim","249","243615"
"14933","Subject88","1","engineengine","1","engine","positionleft","validityvalid","test","4","neutral","singlestim","251","245618","414","â€šÃ³Ã¨","67","dotpositionleft","singlestim","252","246086","c","left","correct","1","","1","trialend","singlestim","253","247099"
"15230","Subject88","1","passionatepassionate","1","passionate","positionleft","validityinvalid","test","4","positive","singlestim","255","249103","543","â€šÃ³Ã¨","77","dotpositionright","singlestim","256","249697","m","right","correct","1","","1","trialend","singlestim","257","250709"
"15527","Subject88","1","laughlaugh","1","laugh","positionright","validityvalid","test","4","positive","singlestim","259","252713","420","â€šÃ³Ã¨","77","dotpositionright","singlestim","260","253185","m","right","correct","1","","1","trialend","singlestim","261","254199"
"15824","Subject88","1","suicidesuicide","1","suicide","positionright","validityinvalid","test","4","suicide","singlestim","263","256202","475","â€šÃ³Ã¨","67","dotpositionleft","singlestim","264","256730","c","left","correct","1","","1","trialend","singlestim","265","257746"
"16121","Subject88","1","successsuccess","1","success","positionleft","validityvalid","test","4","positive","singlestim","267","259751","379","â€šÃ³Ã¨","67","dotpositionleft","singlestim","268","260183","c","left","correct","1","","1","trialend","singlestim","269","261195"
"16418","Subject88","1","killingkilling","1","killing","positionleft","validityvalid","test","4","suicide","singlestim","271","263199","452","â€šÃ³Ã¨","67","dotpositionleft","singlestim","272","263704","c","left","correct","1","","1","trialend","singlestim","273","264719"
"16715","Subject88","1","wohlesswohless","1","wohless","positionright","validityvalid","test","4","negative","singlestim","275","266725","433","â€šÃ³Ã¨","77","dotpositionright","singlestim","276","267209","m","right","correct","1","","1","trialend","singlestim","277","268222"
"17012","Subject88","1","ecstaticecstatic","1","ecstatic","positionright","validityvalid","test","4","positive","singlestim","279","270228","447","â€šÃ³Ã¨","77","dotpositionright","singlestim","280","270726","m","right","correct","1","","1","trialend","singlestim","281","271739"
"17309","Subject88","1","alonealone","1","alone","positionleft","validityvalid","test","4","negative","singlestim","283","273744","278","â€šÃ³Ã¨","67","dotpositionleft","singlestim","284","274074","c","left","correct","1","","1","trialend","singlestim","285","275085"
"17606","Subject88","1","ashamedashamed","1","ashamed","positionright","validityinvalid","test","4","negative","singlestim","287","277087","439","â€šÃ³Ã¨","67","dotpositionleft","singlestim","288","277578","c","left","correct","1","","1","trialend","singlestim","289","278592"
"17903","Subject88","1","stupidstupid","1","stupid","positionleft","validityvalid","test","4","negative","singlestim","291","280594","520","â€šÃ³Ã¨","67","dotpositionleft","singlestim","292","281167","c","left","correct","1","","1","trialend","singlestim","293","282179"
"18200","Subject88","1","frameframe","1","frame","positionleft","validityinvalid","test","4","neutral","singlestim","295","284181","372","â€šÃ³Ã¨","77","dotpositionright","singlestim","296","284607","m","right","correct","1","","1","trialend","singlestim","297","285620"
"18497","Subject88","1","deceaseddeceased","1","deceased","positionright","validityvalid","test","4","suicide","singlestim","299","287622","458","â€šÃ³Ã¨","77","dotpositionright","singlestim","300","288132","m","right","correct","1","","1","trialend","singlestim","301","289146"
"18794","Subject88","1","structurestructure","1","structure","positionright","validityvalid","test","4","neutral","singlestim","303","291150","359","â€šÃ³Ã¨","77","dotpositionright","singlestim","304","291561","m","right","correct","1","","1","trialend","singlestim","305","292573"
