"","SubjectID","rt","stimulus","keypress","word","wordposition","validity","block","blocknum","wordtype","trialtype","trialindex","timeelapsed","rt.1","stimulus.1","keypress.1","dotposition","trialtype.1","trialindex.1","timeelapsed.1","keypressed","participantresponse","correctresponse","rt.2","stimulus.2","keypress.2","blocktrial","trialtype.2","trialindex.2","timeelapsed.2"
"59","Subject62","1","filthyfilthy","1","filthy","positionleft","validityinvalid","test","2","negative","singlestim","51","66855","409","â€šÃ³Ã¨","77","dotpositionright","singlestim","52","67315","m","right","correct","1","","1","trialend","singlestim","53","68327"
"356","Subject62","1","noosenoose","1","noose","positionleft","validityvalid","test","2","suicide","singlestim","55","70329","327","â€šÃ³Ã¨","67","dotpositionleft","singlestim","56","70707","c","left","correct","1","","1","trialend","singlestim","57","71719"
"653","Subject62","1","foamfoam","1","foam","positionright","validityvalid","test","2","neutral","singlestim","59","73721","335","â€šÃ³Ã¨","77","dotpositionright","singlestim","60","74107","m","right","correct","1","","1","trialend","singlestim","61","75119"
"950","Subject62","1","lovelove","1","love","positionright","validityinvalid","test","2","positive","singlestim","63","77121","367","â€šÃ³Ã¨","67","dotpositionleft","singlestim","64","77539","c","left","correct","1","","1","trialend","singlestim","65","78551"
"1247","Subject62","1","corpsecorpse","1","corpse","positionleft","validityvalid","test","2","suicide","singlestim","67","80553","327","â€šÃ³Ã¨","67","dotpositionleft","singlestim","68","80931","c","left","correct","1","","1","trialend","singlestim","69","81942"
"1544","Subject62","1","horsehorse","1","horse","positionleft","validityinvalid","test","2","neutral","singlestim","71","83944","360","â€šÃ³Ã¨","77","dotpositionright","singlestim","72","84355","m","right","correct","1","","1","trialend","singlestim","73","85367"
"1841","Subject62","1","enthusiasmenthusiasm","1","enthusiasm","positionright","validityvalid","test","2","positive","singlestim","75","87369","390","â€šÃ³Ã¨","77","dotpositionright","singlestim","76","87810","m","right","correct","1","","1","trialend","singlestim","77","88822"
"2138","Subject62","1","failurefailure","1","failure","positionleft","validityvalid","test","2","negative","singlestim","79","90824","503","â€šÃ³Ã¨","67","dotpositionleft","singlestim","80","91379","c","left","correct","1","","1","trialend","singlestim","81","92389"
"2435","Subject62","1","cruelcruel","1","cruel","positionright","validityvalid","test","2","negative","singlestim","83","94392","343","â€šÃ³Ã¨","77","dotpositionright","singlestim","84","94786","m","right","correct","1","","1","trialend","singlestim","85","95798"
"2732","Subject62","1","tabletable","1","table","positionright","validityvalid","test","2","neutral","singlestim","87","97800","526","â€šÃ³Ã¨","77","dotpositionright","singlestim","88","98377","m","right","correct","1","","1","trialend","singlestim","89","99389"
"3029","Subject62","1","braverybravery","1","bravery","positionleft","validityvalid","test","2","positive","singlestim","91","101392","478","â€šÃ³Ã¨","67","dotpositionleft","singlestim","92","101922","c","left","correct","1","","1","trialend","singlestim","93","102933"
"3326","Subject62","1","pleasurepleasure","1","pleasure","positionleft","validityvalid","test","2","positive","singlestim","95","104935","296","â€šÃ³Ã¨","67","dotpositionleft","singlestim","96","105282","c","left","correct","1","","1","trialend","singlestim","97","106293"
"3623","Subject62","1","deathdeath","1","death","positionright","validityvalid","test","2","suicide","singlestim","99","108295","399","â€šÃ³Ã¨","77","dotpositionright","singlestim","100","108745","m","right","correct","1","","1","trialend","singlestim","101","109756"
"3920","Subject62","1","overdoseoverdose","1","overdose","positionright","validityinvalid","test","2","suicide","singlestim","103","111759","591","â€šÃ³Ã¨","67","dotpositionleft","singlestim","104","112400","c","left","correct","1","","1","trialend","singlestim","105","113413"
"4217","Subject62","1","paperpaper","1","paper","positionleft","validityvalid","test","2","neutral","singlestim","107","115415","406","â€šÃ³Ã¨","67","dotpositionleft","singlestim","108","115873","c","left","correct","1","","1","trialend","singlestim","109","116885"
"4514","Subject62","1","abuseabuse","1","abuse","positionright","validityvalid","test","2","negative","singlestim","111","118886","350","â€šÃ³Ã¨","77","dotpositionright","singlestim","112","119288","m","right","correct","1","","1","trialend","singlestim","113","120300"
"4811","Subject62","1","gunshotgunshot","1","gunshot","positionright","validityvalid","test","1","suicide","singlestim","115","122302","359","â€šÃ³Ã¨","77","dotpositionright","singlestim","116","122712","m","right","correct","1","","1","trialend","singlestim","117","123724"
"5108","Subject62","1","funeralfuneral","1","funeral","positionright","validityvalid","test","1","suicide","singlestim","119","125726","352","â€šÃ³Ã¨","77","dotpositionright","singlestim","120","126128","m","right","correct","1","","1","trialend","singlestim","121","127140"
"5405","Subject62","1","statuestatue","1","statue","positionright","validityinvalid","test","1","neutral","singlestim","123","129142","367","â€šÃ³Ã¨","67","dotpositionleft","singlestim","124","129560","c","left","correct","1","","1","trialend","singlestim","125","130572"
"5702","Subject62","1","bloodblood","1","blood","positionleft","validityvalid","test","1","suicide","singlestim","127","132574","286","â€šÃ³Ã¨","67","dotpositionleft","singlestim","128","132911","c","left","correct","1","","1","trialend","singlestim","129","133926"
"5999","Subject62","1","foldedfolded","1","folded","positionleft","validityvalid","test","1","neutral","singlestim","131","135927","525","â€šÃ³Ã¨","67","dotpositionleft","singlestim","132","136504","c","left","correct","1","","1","trialend","singlestim","133","137516"
"6296","Subject62","1","healthyhealthy","1","healthy","positionleft","validityinvalid","test","1","positive","singlestim","135","139518","310","â€šÃ³Ã¨","77","dotpositionright","singlestim","136","139879","m","right","correct","1","","1","trialend","singlestim","137","140891"
"6593","Subject62","1","suffocationsuffocation","1","suffocation","positionleft","validityinvalid","test","1","suicide","singlestim","139","142894","486","â€šÃ³Ã¨","77","dotpositionright","singlestim","140","143432","m","right","correct","1","","1","trialend","singlestim","141","144443"
"6890","Subject62","1","greatgreat","1","great","positionright","validityvalid","test","1","positive","singlestim","143","146445","447","â€šÃ³Ã¨","77","dotpositionright","singlestim","144","146943","m","right","correct","1","","1","trialend","singlestim","145","147955"
"7187","Subject62","1","paradiseparadise","1","paradise","positionleft","validityvalid","test","1","positive","singlestim","147","149957","335","â€šÃ³Ã¨","67","dotpositionleft","singlestim","148","150343","c","left","correct","1","","1","trialend","singlestim","149","151355"
"7484","Subject62","362","vomitvomit","67","vomit","positionleft","validityvalid","test","1","negative","singlestim","151","153357","334","â€šÃ³Ã¨","67","dotpositionleft","singlestim","152","153742","c","left","correct","1","","1","trialend","singlestim","153","154754"
"7781","Subject62","1","attractionattraction","1","attraction","positionright","validityvalid","test","1","positive","singlestim","155","156756","527","â€šÃ³Ã¨","77","dotpositionright","singlestim","156","157335","m","right","correct","1","","1","trialend","singlestim","157","158346"
"8078","Subject62","1","cheesecheese","1","cheese","positionright","validityvalid","test","1","neutral","singlestim","159","160348","335","â€šÃ³Ã¨","77","dotpositionright","singlestim","160","160734","m","right","correct","1","","1","trialend","singlestim","161","161746"
"8375","Subject62","1","patheticpathetic","1","pathetic","positionleft","validityvalid","test","1","negative","singlestim","163","163748","351","â€šÃ³Ã¨","67","dotpositionleft","singlestim","164","164150","c","left","correct","1","","1","trialend","singlestim","165","165162"
"8672","Subject62","1","imageimage","1","image","positionleft","validityvalid","test","1","neutral","singlestim","167","167164","327","â€šÃ³Ã¨","67","dotpositionleft","singlestim","168","167542","c","left","correct","1","","1","trialend","singlestim","169","168554"
"8969","Subject62","1","cryingcrying","1","crying","positionright","validityvalid","test","1","negative","singlestim","171","170556","334","â€šÃ³Ã¨","77","dotpositionright","singlestim","172","170941","m","right","correct","1","","1","trialend","singlestim","173","171953"
"9266","Subject62","1","hatehate","1","hate","positionright","validityinvalid","test","1","negative","singlestim","175","173955","391","â€šÃ³Ã¨","67","dotpositionleft","singlestim","176","174397","c","left","correct","1","","1","trialend","singlestim","177","175409"
"9563","Subject62","1","ecstaticecstatic","1","ecstatic","positionright","validityvalid","test","4","positive","singlestim","179","177411","368","â€šÃ³Ã¨","77","dotpositionright","singlestim","180","177830","m","right","correct","1","","1","trialend","singlestim","181","178841"
"9860","Subject62","1","passionatepassionate","1","passionate","positionleft","validityinvalid","test","4","positive","singlestim","183","180843","534","â€šÃ³Ã¨","77","dotpositionright","singlestim","184","181429","m","right","correct","1","","1","trialend","singlestim","185","182441"
"10157","Subject62","1","laughlaugh","1","laugh","positionright","validityvalid","test","4","positive","singlestim","187","184443","423","â€šÃ³Ã¨","77","dotpositionright","singlestim","188","184917","m","right","correct","1","","1","trialend","singlestim","189","185928"
"10454","Subject62","1","frameframe","1","frame","positionleft","validityinvalid","test","4","neutral","singlestim","191","187931","479","â€šÃ³Ã¨","77","dotpositionright","singlestim","192","188461","m","right","correct","1","","1","trialend","singlestim","193","189473"
"10751","Subject62","1","deceaseddeceased","1","deceased","positionright","validityvalid","test","4","suicide","singlestim","195","191475","407","â€šÃ³Ã¨","77","dotpositionright","singlestim","196","191933","m","right","correct","1","","1","trialend","singlestim","197","192944"
"11048","Subject62","1","successsuccess","1","success","positionleft","validityvalid","test","4","positive","singlestim","199","194946","279","â€šÃ³Ã¨","67","dotpositionleft","singlestim","200","195276","c","left","correct","1","","1","trialend","singlestim","201","196287"
"11345","Subject62","1","ashamedashamed","1","ashamed","positionright","validityinvalid","test","4","negative","singlestim","203","198290","383","â€šÃ³Ã¨","67","dotpositionleft","singlestim","204","198724","c","left","correct","1","","1","trialend","singlestim","205","199736"
"11642","Subject62","1","doubledouble","1","double","positionright","validityvalid","test","4","neutral","singlestim","207","201738","496","â€šÃ³Ã¨","77","dotpositionright","singlestim","208","202284","m","right","correct","1","","1","trialend","singlestim","209","203296"
"11939","Subject62","1","suicidesuicide","1","suicide","positionright","validityinvalid","test","4","suicide","singlestim","211","205298","358","â€šÃ³Ã¨","67","dotpositionleft","singlestim","212","205708","c","left","correct","1","","1","trialend","singlestim","213","206720"
"12236","Subject62","1","wohlesswohless","1","wohless","positionright","validityvalid","test","4","negative","singlestim","215","208722","391","â€šÃ³Ã¨","77","dotpositionright","singlestim","216","209163","m","right","correct","1","","1","trialend","singlestim","217","210176"
"12533","Subject62","1","stupidstupid","1","stupid","positionleft","validityvalid","test","4","negative","singlestim","219","212178","334","â€šÃ³Ã¨","67","dotpositionleft","singlestim","220","212563","c","left","correct","1","","1","trialend","singlestim","221","213575"
"12830","Subject62","1","structurestructure","1","structure","positionright","validityvalid","test","4","neutral","singlestim","223","215577","383","â€šÃ³Ã¨","77","dotpositionright","singlestim","224","216011","m","right","correct","1","","1","trialend","singlestim","225","217023"
"13127","Subject62","1","killingkilling","1","killing","positionleft","validityvalid","test","4","suicide","singlestim","227","219026","310","â€šÃ³Ã¨","67","dotpositionleft","singlestim","228","219387","c","left","correct","1","","1","trialend","singlestim","229","220399"
"13424","Subject62","1","alonealone","1","alone","positionleft","validityvalid","test","4","negative","singlestim","231","222401","294","â€šÃ³Ã¨","67","dotpositionleft","singlestim","232","222746","c","left","correct","1","","1","trialend","singlestim","233","223759"
"13721","Subject62","1","engineengine","1","engine","positionleft","validityvalid","test","4","neutral","singlestim","235","225761","423","â€šÃ³Ã¨","67","dotpositionleft","singlestim","236","226234","c","left","correct","1","","1","trialend","singlestim","237","227246"
"14018","Subject62","1","hanginghanging","1","hanging","positionleft","validityvalid","test","4","suicide","singlestim","239","229248","335","â€šÃ³Ã¨","67","dotpositionleft","singlestim","240","229635","c","left","correct","1","","1","trialend","singlestim","241","230646"
"14315","Subject62","1","cuttingcutting","1","cutting","positionright","validityvalid","test","3","suicide","singlestim","243","232649","327","â€šÃ³Ã¨","77","dotpositionright","singlestim","244","233026","m","right","correct","1","","1","trialend","singlestim","245","234037"
"14612","Subject62","1","diedie","1","die","positionright","validityvalid","test","3","suicide","singlestim","247","236040","382","â€šÃ³Ã¨","77","dotpositionright","singlestim","248","236473","m","right","correct","1","","1","trialend","singlestim","249","237486"
"14909","Subject62","1","strongstrong","1","strong","positionleft","validityvalid","test","3","positive","singlestim","251","239488","359","â€šÃ³Ã¨","67","dotpositionleft","singlestim","252","239898","c","left","correct","1","","1","trialend","singlestim","253","240910"
"15206","Subject62","1","metermeter","1","meter","positionleft","validityvalid","test","3","neutral","singlestim","255","242912","326","â€šÃ³Ã¨","67","dotpositionleft","singlestim","256","243289","c","left","correct","1","","1","trialend","singlestim","257","244301"
"15503","Subject62","1","smilesmile","1","smile","positionleft","validityvalid","test","3","positive","singlestim","259","246303","311","â€šÃ³Ã¨","67","dotpositionleft","singlestim","260","246665","c","left","correct","1","","1","trialend","singlestim","261","247677"
"15800","Subject62","331","happyhappy","77","happy","positionright","validityvalid","test","3","positive","singlestim","263","249679","279","â€šÃ³Ã¨","77","dotpositionright","singlestim","264","250009","m","right","correct","1","","1","trialend","singlestim","265","251021"
"16097","Subject62","1","closetcloset","1","closet","positionright","validityinvalid","test","3","neutral","singlestim","267","253023","454","â€šÃ³Ã¨","67","dotpositionleft","singlestim","268","253528","c","left","correct","1","","1","trialend","singlestim","269","254541"
"16394","Subject62","426","assaultassault","67","assault","positionleft","validityinvalid","test","3","negative","singlestim","271","256543","327","â€šÃ³Ã¨","77","dotpositionright","singlestim","272","256921","m","right","correct","1","","1","trialend","singlestim","273","257934"
"16691","Subject62","1","touretoure","1","toure","positionleft","validityvalid","test","3","negative","singlestim","275","259938","355","â€šÃ³Ã¨","67","dotpositionleft","singlestim","276","260344","c","left","correct","1","","1","trialend","singlestim","277","261357"
"16988","Subject62","1","kisskiss","1","kiss","positionright","validityinvalid","test","3","positive","singlestim","279","263360","478","â€šÃ³Ã¨","67","dotpositionleft","singlestim","280","263889","c","left","correct","1","","1","trialend","singlestim","281","264900"
"17285","Subject62","1","dyingdying","1","dying","positionleft","validityvalid","test","3","suicide","singlestim","283","266902","487","â€šÃ³Ã¨","67","dotpositionleft","singlestim","284","267440","c","left","correct","1","","1","trialend","singlestim","285","268452"
"17582","Subject62","1","rejectedrejected","1","rejected","positionright","validityvalid","test","3","negative","singlestim","287","270454","335","â€šÃ³Ã¨","77","dotpositionright","singlestim","288","270840","m","right","correct","1","","1","trialend","singlestim","289","271852"
"17879","Subject62","1","deaddead","1","dead","positionleft","validityinvalid","test","3","suicide","singlestim","291","273854","399","â€šÃ³Ã¨","77","dotpositionright","singlestim","292","274304","m","right","correct","1","","1","trialend","singlestim","293","275316"
"18176","Subject62","1","bombbomb","1","bomb","positionright","validityvalid","test","3","negative","singlestim","295","277318","478","â€šÃ³Ã¨","77","dotpositionright","singlestim","296","277847","m","right","correct","1","","1","trialend","singlestim","297","278859"
"18473","Subject62","1","museummuseum","1","museum","positionleft","validityvalid","test","3","neutral","singlestim","299","280861","399","â€šÃ³Ã¨","67","dotpositionleft","singlestim","300","281312","c","left","correct","1","","1","trialend","singlestim","301","282323"
"18770","Subject62","1","greengreen","1","green","positionright","validityvalid","test","3","neutral","singlestim","303","284325","351","â€šÃ³Ã¨","77","dotpositionright","singlestim","304","284727","m","right","correct","1","","1","trialend","singlestim","305","285739"
