"","SubjectID","rt","stimulus","keypress","word","wordposition","validity","block","blocknum","wordtype","trialtype","trialindex","timeelapsed","rt.1","stimulus.1","keypress.1","dotposition","trialtype.1","trialindex.1","timeelapsed.1","keypressed","participantresponse","correctresponse","rt.2","stimulus.2","keypress.2","blocktrial","trialtype.2","trialindex.2","timeelapsed.2"
"106","Subject111","1","hanginghanging","1","hanging","positionleft","validityvalid","test","4","suicide","singlestim","51","110267","343","â€šÃ³Ã¨","67","dotpositionleft","singlestim","52","110661","c","left","correct","1","","1","trialend","singlestim","53","111681"
"403","Subject111","1","structurestructure","1","structure","positionright","validityvalid","test","4","neutral","singlestim","55","113687","417","â€šÃ³Ã¨","77","dotpositionright","singlestim","56","114155","m","right","correct","1","","1","trialend","singlestim","57","115176"
"700","Subject111","1","stupidstupid","1","stupid","positionleft","validityvalid","test","4","negative","singlestim","59","117186","315","â€šÃ³Ã¨","67","dotpositionleft","singlestim","60","117554","c","left","correct","1","","1","trialend","singlestim","61","118567"
"997","Subject111","1","frameframe","1","frame","positionleft","validityinvalid","test","4","neutral","singlestim","63","120571","314","â€šÃ³Ã¨","77","dotpositionright","singlestim","64","120937","m","right","correct","1","","1","trialend","singlestim","65","121955"
"1294","Subject111","1","alonealone","1","alone","positionleft","validityvalid","test","4","negative","singlestim","67","123961","309","â€šÃ³Ã¨","67","dotpositionleft","singlestim","68","124323","c","left","correct","1","","1","trialend","singlestim","69","125341"
"1591","Subject111","1","doubledouble","1","double","positionright","validityvalid","test","4","neutral","singlestim","71","127347","313","â€šÃ³Ã¨","77","dotpositionright","singlestim","72","127714","m","right","correct","1","","1","trialend","singlestim","73","128731"
"1888","Subject111","1","successsuccess","1","success","positionleft","validityvalid","test","4","positive","singlestim","75","130740","281","â€šÃ³Ã¨","67","dotpositionleft","singlestim","76","131076","c","left","correct","1","","1","trialend","singlestim","77","132093"
"2185","Subject111","1","engineengine","1","engine","positionleft","validityvalid","test","4","neutral","singlestim","79","134100","329","â€šÃ³Ã¨","67","dotpositionleft","singlestim","80","134484","c","left","correct","1","","1","trialend","singlestim","81","135502"
"2482","Subject111","1","laughlaugh","1","laugh","positionright","validityvalid","test","4","positive","singlestim","83","137508","310","â€šÃ³Ã¨","77","dotpositionright","singlestim","84","137869","m","right","correct","1","","1","trialend","singlestim","85","138887"
"2779","Subject111","1","deceaseddeceased","1","deceased","positionright","validityvalid","test","4","suicide","singlestim","87","140893","434","â€šÃ³Ã¨","77","dotpositionright","singlestim","88","141380","m","right","correct","1","","1","trialend","singlestim","89","142397"
"3076","Subject111","1","suicidesuicide","1","suicide","positionright","validityinvalid","test","4","suicide","singlestim","91","144407","323","â€šÃ³Ã¨","67","dotpositionleft","singlestim","92","144783","c","left","correct","1","","1","trialend","singlestim","93","145801"
"3373","Subject111","1","passionatepassionate","1","passionate","positionleft","validityinvalid","test","4","positive","singlestim","95","147807","291","â€šÃ³Ã¨","77","dotpositionright","singlestim","96","148153","m","right","correct","1","","1","trialend","singlestim","97","149169"
"3670","Subject111","1","killingkilling","1","killing","positionleft","validityvalid","test","4","suicide","singlestim","99","151179","317","â€šÃ³Ã¨","67","dotpositionleft","singlestim","100","151551","c","left","correct","1","","1","trialend","singlestim","101","152568"
"3967","Subject111","1","wohlesswohless","1","wohless","positionright","validityvalid","test","4","negative","singlestim","103","154574","290","â€šÃ³Ã¨","77","dotpositionright","singlestim","104","154919","m","right","correct","1","","1","trialend","singlestim","105","155936"
"4264","Subject111","1","ashamedashamed","1","ashamed","positionright","validityinvalid","test","4","negative","singlestim","107","157941","288","â€šÃ³Ã¨","67","dotpositionleft","singlestim","108","158283","c","left","correct","1","","1","trialend","singlestim","109","159301"
"4561","Subject111","1","ecstaticecstatic","1","ecstatic","positionright","validityvalid","test","4","positive","singlestim","111","161308","298","â€šÃ³Ã¨","77","dotpositionright","singlestim","112","161661","m","right","correct","1","","1","trialend","singlestim","113","162677"
"4858","Subject111","1","greatgreat","1","great","positionright","validityvalid","test","1","positive","singlestim","115","164681","317","â€šÃ³Ã¨","77","dotpositionright","singlestim","116","165055","m","right","correct","1","","1","trialend","singlestim","117","166070"
"5155","Subject111","1","suffocationsuffocation","1","suffocation","positionleft","validityinvalid","test","1","suicide","singlestim","119","168078","420","â€šÃ³Ã¨","77","dotpositionright","singlestim","120","168554","m","right","correct","1","","1","trialend","singlestim","121","169566"
"5452","Subject111","1","hatehate","1","hate","positionright","validityinvalid","test","1","negative","singlestim","123","171571","296","â€šÃ³Ã¨","67","dotpositionleft","singlestim","124","171920","c","left","correct","1","","1","trialend","singlestim","125","172938"
"5749","Subject111","1","bloodblood","1","blood","positionleft","validityvalid","test","1","suicide","singlestim","127","174946","337","â€šÃ³Ã¨","67","dotpositionleft","singlestim","128","175338","c","left","correct","1","","1","trialend","singlestim","129","176359"
"6046","Subject111","1","cheesecheese","1","cheese","positionright","validityvalid","test","1","neutral","singlestim","131","178368","306","â€šÃ³Ã¨","77","dotpositionright","singlestim","132","178728","m","right","correct","1","","1","trialend","singlestim","133","179746"
"6343","Subject111","1","imageimage","1","image","positionleft","validityvalid","test","1","neutral","singlestim","135","181756","291","â€šÃ³Ã¨","67","dotpositionleft","singlestim","136","182100","c","left","correct","1","","1","trialend","singlestim","137","183120"
"6640","Subject111","1","vomitvomit","1","vomit","positionleft","validityvalid","test","1","negative","singlestim","139","185130","490","â€šÃ³Ã¨","67","dotpositionleft","singlestim","140","185673","c","left","correct","1","","1","trialend","singlestim","141","186688"
"6937","Subject111","1","patheticpathetic","1","pathetic","positionleft","validityvalid","test","1","negative","singlestim","143","188696","364","â€šÃ³Ã¨","67","dotpositionleft","singlestim","144","189111","c","left","correct","1","","1","trialend","singlestim","145","190125"
"7234","Subject111","1","attractionattraction","1","attraction","positionright","validityvalid","test","1","positive","singlestim","147","192132","293","â€šÃ³Ã¨","77","dotpositionright","singlestim","148","192480","m","right","correct","1","","1","trialend","singlestim","149","193497"
"7531","Subject111","1","cryingcrying","1","crying","positionright","validityvalid","test","1","negative","singlestim","151","195509","319","â€šÃ³Ã¨","77","dotpositionright","singlestim","152","195883","m","right","correct","1","","1","trialend","singlestim","153","196902"
"7828","Subject111","311","healthyhealthy","67","healthy","positionleft","validityinvalid","test","1","positive","singlestim","155","198907","333","â€šÃ³Ã¨","77","dotpositionright","singlestim","156","199292","m","right","correct","1","","1","trialend","singlestim","157","200307"
"8125","Subject111","1","statuestatue","1","statue","positionright","validityinvalid","test","1","neutral","singlestim","159","202317","345","â€šÃ³Ã¨","67","dotpositionleft","singlestim","160","202714","c","left","correct","1","","1","trialend","singlestim","161","203732"
"8422","Subject111","1","gunshotgunshot","1","gunshot","positionright","validityvalid","test","1","suicide","singlestim","163","205739","301","â€šÃ³Ã¨","77","dotpositionright","singlestim","164","206092","m","right","correct","1","","1","trialend","singlestim","165","207113"
"8719","Subject111","1","funeralfuneral","1","funeral","positionright","validityvalid","test","1","suicide","singlestim","167","209120","316","â€šÃ³Ã¨","77","dotpositionright","singlestim","168","209487","m","right","correct","1","","1","trialend","singlestim","169","210501"
"9016","Subject111","1","paradiseparadise","1","paradise","positionleft","validityvalid","test","1","positive","singlestim","171","212513","311","â€šÃ³Ã¨","67","dotpositionleft","singlestim","172","212879","c","left","correct","1","","1","trialend","singlestim","173","213896"
"9313","Subject111","1","foldedfolded","1","folded","positionleft","validityvalid","test","1","neutral","singlestim","175","215904","292","â€šÃ³Ã¨","67","dotpositionleft","singlestim","176","216252","c","left","correct","1","","1","trialend","singlestim","177","217271"
"9610","Subject111","1","bombbomb","1","bomb","positionright","validityvalid","test","3","negative","singlestim","179","219281","313","â€šÃ³Ã¨","77","dotpositionright","singlestim","180","219647","m","right","correct","1","","1","trialend","singlestim","181","220667"
"9907","Subject111","1","greengreen","1","green","positionright","validityvalid","test","3","neutral","singlestim","183","222671","289","â€šÃ³Ã¨","77","dotpositionright","singlestim","184","223015","m","right","correct","1","","1","trialend","singlestim","185","224032"
"10204","Subject111","1","closetcloset","1","closet","positionright","validityinvalid","test","3","neutral","singlestim","187","226037","296","â€šÃ³Ã¨","67","dotpositionleft","singlestim","188","226388","c","left","correct","1","","1","trialend","singlestim","189","227405"
"10501","Subject111","1","metermeter","1","meter","positionleft","validityvalid","test","3","neutral","singlestim","191","229411","311","â€šÃ³Ã¨","67","dotpositionleft","singlestim","192","229776","c","left","correct","1","","1","trialend","singlestim","193","230795"
"10798","Subject111","1","cuttingcutting","1","cutting","positionright","validityvalid","test","3","suicide","singlestim","195","232805","471","â€šÃ³Ã¨","77","dotpositionright","singlestim","196","233333","m","right","correct","1","","1","trialend","singlestim","197","234354"
"11095","Subject111","1","assaultassault","1","assault","positionleft","validityinvalid","test","3","negative","singlestim","199","236360","317","â€šÃ³Ã¨","77","dotpositionright","singlestim","200","236732","m","right","correct","1","","1","trialend","singlestim","201","237746"
"11392","Subject111","1","rejectedrejected","1","rejected","positionright","validityvalid","test","3","negative","singlestim","203","239755","294","â€šÃ³Ã¨","77","dotpositionright","singlestim","204","240101","m","right","correct","1","","1","trialend","singlestim","205","241121"
"11689","Subject111","1","smilesmile","1","smile","positionleft","validityvalid","test","3","positive","singlestim","207","243128","375","â€šÃ³Ã¨","67","dotpositionleft","singlestim","208","243558","c","left","correct","1","","1","trialend","singlestim","209","244576"
"11986","Subject111","1","touretoure","1","toure","positionleft","validityvalid","test","3","negative","singlestim","211","246587","283","â€šÃ³Ã¨","67","dotpositionleft","singlestim","212","246922","c","left","correct","1","","1","trialend","singlestim","213","247936"
"12283","Subject111","1","happyhappy","1","happy","positionright","validityvalid","test","3","positive","singlestim","215","249940","243","â€šÃ³Ã¨","77","dotpositionright","singlestim","216","250236","m","right","correct","1","","1","trialend","singlestim","217","251252"
"12580","Subject111","1","deaddead","1","dead","positionleft","validityinvalid","test","3","suicide","singlestim","219","253260","317","â€šÃ³Ã¨","77","dotpositionright","singlestim","220","253629","m","right","correct","1","","1","trialend","singlestim","221","254646"
"12877","Subject111","1","strongstrong","1","strong","positionleft","validityvalid","test","3","positive","singlestim","223","256656","299","â€šÃ³Ã¨","67","dotpositionleft","singlestim","224","257007","c","left","correct","1","","1","trialend","singlestim","225","258027"
"13174","Subject111","1","museummuseum","1","museum","positionleft","validityvalid","test","3","neutral","singlestim","227","260034","270","â€šÃ³Ã¨","67","dotpositionleft","singlestim","228","260361","c","left","correct","1","","1","trialend","singlestim","229","261380"
"13471","Subject111","1","kisskiss","1","kiss","positionright","validityinvalid","test","3","positive","singlestim","231","263386","313","â€šÃ³Ã¨","67","dotpositionleft","singlestim","232","263754","c","left","correct","1","","1","trialend","singlestim","233","264771"
"13768","Subject111","1","dyingdying","1","dying","positionleft","validityvalid","test","3","suicide","singlestim","235","266779","366","â€šÃ³Ã¨","67","dotpositionleft","singlestim","236","267202","c","left","correct","1","","1","trialend","singlestim","237","268221"
"14065","Subject111","1","diedie","1","die","positionright","validityvalid","test","3","suicide","singlestim","239","270227","260","â€šÃ³Ã¨","77","dotpositionright","singlestim","240","270540","m","right","correct","1","","1","trialend","singlestim","241","271553"
"14362","Subject111","1","deathdeath","1","death","positionright","validityvalid","test","2","suicide","singlestim","243","273563","320","â€šÃ³Ã¨","77","dotpositionright","singlestim","244","273939","m","right","correct","1","","1","trialend","singlestim","245","274957"
"14659","Subject111","1","failurefailure","1","failure","positionleft","validityvalid","test","2","negative","singlestim","247","276965","299","â€šÃ³Ã¨","67","dotpositionleft","singlestim","248","277318","c","left","correct","1","","1","trialend","singlestim","249","278337"
"14956","Subject111","1","horsehorse","1","horse","positionleft","validityinvalid","test","2","neutral","singlestim","251","280342","386","â€šÃ³Ã¨","77","dotpositionright","singlestim","252","280781","m","right","correct","1","","1","trialend","singlestim","253","281802"
"15253","Subject111","1","noosenoose","1","noose","positionleft","validityvalid","test","2","suicide","singlestim","255","283811","283","â€šÃ³Ã¨","67","dotpositionleft","singlestim","256","284149","c","left","correct","1","","1","trialend","singlestim","257","285166"
"15550","Subject111","1","overdoseoverdose","1","overdose","positionright","validityinvalid","test","2","suicide","singlestim","259","287171","292","â€šÃ³Ã¨","67","dotpositionleft","singlestim","260","287517","c","left","correct","1","","1","trialend","singlestim","261","288536"
"15847","Subject111","1","pleasurepleasure","1","pleasure","positionleft","validityvalid","test","2","positive","singlestim","263","290542","294","â€šÃ³Ã¨","67","dotpositionleft","singlestim","264","290891","c","left","correct","1","","1","trialend","singlestim","265","291905"
"16144","Subject111","1","tabletable","1","table","positionright","validityvalid","test","2","neutral","singlestim","267","293912","348","â€šÃ³Ã¨","77","dotpositionright","singlestim","268","294314","m","right","correct","1","","1","trialend","singlestim","269","295331"
"16441","Subject111","1","paperpaper","1","paper","positionleft","validityvalid","test","2","neutral","singlestim","271","297339","282","â€šÃ³Ã¨","67","dotpositionleft","singlestim","272","297673","c","left","correct","1","","1","trialend","singlestim","273","298695"
"16738","Subject111","1","cruelcruel","1","cruel","positionright","validityvalid","test","2","negative","singlestim","275","300701","197","â€šÃ³Ã¨","77","dotpositionright","singlestim","276","300954","m","right","correct","1","","1","trialend","singlestim","277","301971"
"17035","Subject111","1","enthusiasmenthusiasm","1","enthusiasm","positionright","validityvalid","test","2","positive","singlestim","279","303981","280","â€šÃ³Ã¨","77","dotpositionright","singlestim","280","304315","m","right","correct","1","","1","trialend","singlestim","281","305331"
"17332","Subject111","1","filthyfilthy","1","filthy","positionleft","validityinvalid","test","2","negative","singlestim","283","307339","331","â€šÃ³Ã¨","77","dotpositionright","singlestim","284","307724","m","right","correct","1","","1","trialend","singlestim","285","308739"
"17629","Subject111","1","abuseabuse","1","abuse","positionright","validityvalid","test","2","negative","singlestim","287","310745","311","â€šÃ³Ã¨","77","dotpositionright","singlestim","288","311108","m","right","correct","1","","1","trialend","singlestim","289","312124"
"17926","Subject111","1","lovelove","1","love","positionright","validityinvalid","test","2","positive","singlestim","291","314134","292","â€šÃ³Ã¨","67","dotpositionleft","singlestim","292","314480","c","left","correct","1","","1","trialend","singlestim","293","315497"
"18223","Subject111","1","foamfoam","1","foam","positionright","validityvalid","test","2","neutral","singlestim","295","317505","314","â€šÃ³Ã¨","77","dotpositionright","singlestim","296","317875","m","right","correct","1","","1","trialend","singlestim","297","318890"
"18520","Subject111","1","corpsecorpse","1","corpse","positionleft","validityvalid","test","2","suicide","singlestim","299","320899","272","â€šÃ³Ã¨","67","dotpositionleft","singlestim","300","321224","c","left","correct","1","","1","trialend","singlestim","301","322241"
"18817","Subject111","1","braverybravery","1","bravery","positionleft","validityvalid","test","2","positive","singlestim","303","324247","289","â€šÃ³Ã¨","67","dotpositionleft","singlestim","304","324586","c","left","correct","1","","1","trialend","singlestim","305","325601"
