"","SubjectID","rt","stimulus","keypress","word","wordposition","validity","block","blocknum","wordtype","trialtype","trialindex","timeelapsed","rt.1","stimulus.1","keypress.1","dotposition","trialtype.1","trialindex.1","timeelapsed.1","keypressed","participantresponse","correctresponse","rt.2","stimulus.2","keypress.2","blocktrial","trialtype.2","trialindex.2","timeelapsed.2"
"182","Subject212","1","rejectedrejected","1","rejected","positionright","validityvalid","test","3","negative","singlestim","51","111147","456","â€šÃ³Ã¨","77","dotpositionright","singlestim","52","111656","m","right","correct","1","","1","trialend","singlestim","53","112674"
"479","Subject212","1","dyingdying","1","dying","positionleft","validityvalid","test","3","suicide","singlestim","55","114681","247","â€šÃ³Ã¨","67","dotpositionleft","singlestim","56","114982","c","left","correct","1","","1","trialend","singlestim","57","116000"
"776","Subject212","1","museummuseum","1","museum","positionleft","validityvalid","test","3","neutral","singlestim","59","118006","356","â€šÃ³Ã¨","67","dotpositionleft","singlestim","60","118420","c","left","correct","1","","1","trialend","singlestim","61","119442"
"1073","Subject212","1","diedie","1","die","positionright","validityvalid","test","3","suicide","singlestim","63","121452","267","â€šÃ³Ã¨","77","dotpositionright","singlestim","64","121771","m","right","correct","1","","1","trialend","singlestim","65","122789"
"1370","Subject212","1","greengreen","1","green","positionright","validityvalid","test","3","neutral","singlestim","67","124801","312","â€šÃ³Ã¨","77","dotpositionright","singlestim","68","125167","m","right","correct","1","","1","trialend","singlestim","69","126185"
"1667","Subject212","1","assaultassault","1","assault","positionleft","validityinvalid","test","3","negative","singlestim","71","128194","310","â€šÃ³Ã¨","77","dotpositionright","singlestim","72","128561","m","right","correct","1","","1","trialend","singlestim","73","129579"
"1964","Subject212","1","strongstrong","1","strong","positionleft","validityvalid","test","3","positive","singlestim","75","131586","305","â€šÃ³Ã¨","67","dotpositionleft","singlestim","76","131947","c","left","correct","1","","1","trialend","singlestim","77","132966"
"2261","Subject212","1","smilesmile","1","smile","positionleft","validityvalid","test","3","positive","singlestim","79","134977","343","â€šÃ³Ã¨","67","dotpositionleft","singlestim","80","135373","c","left","correct","1","","1","trialend","singlestim","81","136392"
"2558","Subject212","317","happyhappy","77","happy","positionright","validityvalid","test","3","positive","singlestim","83","138398","320","â€šÃ³Ã¨","77","dotpositionright","singlestim","84","138772","m","right","correct","1","","1","trialend","singlestim","85","139786"
"2855","Subject212","1","metermeter","1","meter","positionleft","validityvalid","test","3","neutral","singlestim","87","141794","336","â€šÃ³Ã¨","67","dotpositionleft","singlestim","88","142181","c","left","correct","1","","1","trialend","singlestim","89","143193"
"3152","Subject212","1","bombbomb","1","bomb","positionright","validityvalid","test","3","negative","singlestim","91","145199","259","â€šÃ³Ã¨","77","dotpositionright","singlestim","92","145510","m","right","correct","1","","1","trialend","singlestim","93","146528"
"3449","Subject212","1","kisskiss","1","kiss","positionright","validityinvalid","test","3","positive","singlestim","95","148538","288","â€šÃ³Ã¨","67","dotpositionleft","singlestim","96","148880","c","left","correct","1","","1","trialend","singlestim","97","149895"
"3746","Subject212","1","touretoure","1","toure","positionleft","validityvalid","test","3","negative","singlestim","99","151902","323","â€šÃ³Ã¨","67","dotpositionleft","singlestim","100","152277","c","left","correct","1","","1","trialend","singlestim","101","153291"
"4043","Subject212","1","closetcloset","1","closet","positionright","validityinvalid","test","3","neutral","singlestim","103","155300","342","â€šÃ³Ã¨","67","dotpositionleft","singlestim","104","155695","c","left","correct","1","","1","trialend","singlestim","105","156713"
"4340","Subject212","1","deaddead","1","dead","positionleft","validityinvalid","test","3","suicide","singlestim","107","158723","348","â€šÃ³Ã¨","77","dotpositionright","singlestim","108","159126","m","right","correct","1","","1","trialend","singlestim","109","160146"
"4637","Subject212","1","cuttingcutting","1","cutting","positionright","validityvalid","test","3","suicide","singlestim","111","162155","333","â€šÃ³Ã¨","77","dotpositionright","singlestim","112","162540","m","right","correct","1","","1","trialend","singlestim","113","163558"
"4934","Subject212","1","healthyhealthy","1","healthy","positionleft","validityinvalid","test","1","positive","singlestim","115","165564","454","â€šÃ³Ã¨","77","dotpositionright","singlestim","116","166070","m","right","correct","1","","1","trialend","singlestim","117","167089"
"5231","Subject212","1","foldedfolded","1","folded","positionleft","validityvalid","test","1","neutral","singlestim","119","169098","273","â€šÃ³Ã¨","67","dotpositionleft","singlestim","120","169427","c","left","correct","1","","1","trialend","singlestim","121","170443"
"5528","Subject212","1","statuestatue","1","statue","positionright","validityinvalid","test","1","neutral","singlestim","123","172451","246","â€šÃ³Ã¨","67","dotpositionleft","singlestim","124","172751","c","left","correct","1","","1","trialend","singlestim","125","173771"
"5825","Subject212","1","patheticpathetic","1","pathetic","positionleft","validityvalid","test","1","negative","singlestim","127","175782","404","â€šÃ³Ã¨","67","dotpositionleft","singlestim","128","176239","c","left","correct","1","","1","trialend","singlestim","129","177255"
"6122","Subject212","1","gunshotgunshot","1","gunshot","positionright","validityvalid","test","1","suicide","singlestim","131","179264","314","â€šÃ³Ã¨","77","dotpositionright","singlestim","132","179633","m","right","correct","1","","1","trialend","singlestim","133","180659"
"6419","Subject212","1","imageimage","1","image","positionleft","validityvalid","test","1","neutral","singlestim","135","182667","324","â€šÃ³Ã¨","67","dotpositionleft","singlestim","136","183043","c","left","correct","1","","1","trialend","singlestim","137","184059"
"6716","Subject212","1","suffocationsuffocation","1","suffocation","positionleft","validityinvalid","test","1","suicide","singlestim","139","186070","315","â€šÃ³Ã¨","77","dotpositionright","singlestim","140","186439","m","right","correct","1","","1","trialend","singlestim","141","187461"
"7013","Subject212","1","cheesecheese","1","cheese","positionright","validityvalid","test","1","neutral","singlestim","143","189465","358","â€šÃ³Ã¨","77","dotpositionright","singlestim","144","189875","m","right","correct","1","","1","trialend","singlestim","145","190899"
"7310","Subject212","1","vomitvomit","1","vomit","positionleft","validityvalid","test","1","negative","singlestim","147","192908","277","â€šÃ³Ã¨","67","dotpositionleft","singlestim","148","193237","c","left","correct","1","","1","trialend","singlestim","149","194254"
"7607","Subject212","1","greatgreat","1","great","positionright","validityvalid","test","1","positive","singlestim","151","196262","247","â€šÃ³Ã¨","77","dotpositionright","singlestim","152","196562","m","right","correct","1","","1","trialend","singlestim","153","197576"
"7904","Subject212","1","paradiseparadise","1","paradise","positionleft","validityvalid","test","1","positive","singlestim","155","199585","393","â€šÃ³Ã¨","67","dotpositionleft","singlestim","156","200036","c","left","correct","1","","1","trialend","singlestim","157","201053"
"8201","Subject212","1","hatehate","1","hate","positionright","validityinvalid","test","1","negative","singlestim","159","203059","308","â€šÃ³Ã¨","67","dotpositionleft","singlestim","160","203420","c","left","correct","1","","1","trialend","singlestim","161","204437"
"8498","Subject212","1","cryingcrying","1","crying","positionright","validityvalid","test","1","negative","singlestim","163","206450","321","â€šÃ³Ã¨","77","dotpositionright","singlestim","164","206824","m","right","correct","1","","1","trialend","singlestim","165","207844"
"8795","Subject212","1","attractionattraction","1","attraction","positionright","validityvalid","test","1","positive","singlestim","167","209852","276","â€šÃ³Ã¨","77","dotpositionright","singlestim","168","210184","m","right","correct","1","","1","trialend","singlestim","169","211201"
"9092","Subject212","1","bloodblood","1","blood","positionleft","validityvalid","test","1","suicide","singlestim","171","213208","431","â€šÃ³Ã¨","67","dotpositionleft","singlestim","172","213694","c","left","correct","1","","1","trialend","singlestim","173","214710"
"9389","Subject212","1","funeralfuneral","1","funeral","positionright","validityvalid","test","1","suicide","singlestim","175","216717","316","â€šÃ³Ã¨","77","dotpositionright","singlestim","176","217086","m","right","correct","1","","1","trialend","singlestim","177","218100"
"9686","Subject212","1","wohlesswohless","1","wohless","positionright","validityvalid","test","4","negative","singlestim","179","220109","231","â€šÃ³Ã¨","77","dotpositionright","singlestim","180","220396","m","right","correct","1","","1","trialend","singlestim","181","221410"
"9983","Subject212","1","doubledouble","1","double","positionright","validityvalid","test","4","neutral","singlestim","183","223419","527","â€šÃ³Ã¨","77","dotpositionright","singlestim","184","224002","m","right","correct","1","","1","trialend","singlestim","185","225023"
"10280","Subject212","288","ashamedashamed","77","ashamed","positionright","validityinvalid","test","4","negative","singlestim","187","227032","278","â€šÃ³Ã¨","67","dotpositionleft","singlestim","188","227366","c","left","correct","1","","1","trialend","singlestim","189","228382"
"10577","Subject212","1","laughlaugh","1","laugh","positionright","validityvalid","test","4","positive","singlestim","191","230391","1019","â€šÃ³Ã¨","77","dotpositionright","singlestim","192","231466","m","right","correct","1","","1","trialend","singlestim","193","232485"
"10874","Subject212","1","killingkilling","1","killing","positionleft","validityvalid","test","4","suicide","singlestim","195","234493","444","â€šÃ³Ã¨","67","dotpositionleft","singlestim","196","234990","c","left","correct","1","","1","trialend","singlestim","197","236006"
"11171","Subject212","249","suicidesuicide","77","suicide","positionright","validityinvalid","test","4","suicide","singlestim","199","238014","250","â€šÃ³Ã¨","67","dotpositionleft","singlestim","200","238319","c","left","correct","1","","1","trialend","singlestim","201","239337"
"11468","Subject212","345","frameframe","67","frame","positionleft","validityinvalid","test","4","neutral","singlestim","203","241343","255","â€šÃ³Ã¨","77","dotpositionright","singlestim","204","241656","m","right","correct","1","","1","trialend","singlestim","205","242677"
"11765","Subject212","1","engineengine","1","engine","positionleft","validityvalid","test","4","neutral","singlestim","207","244683","367","â€šÃ³Ã¨","67","dotpositionleft","singlestim","208","245102","c","left","correct","1","","1","trialend","singlestim","209","246120"
"12062","Subject212","1","passionatepassionate","1","passionate","positionleft","validityinvalid","test","4","positive","singlestim","211","248129","257","â€šÃ³Ã¨","77","dotpositionright","singlestim","212","248438","m","right","correct","1","","1","trialend","singlestim","213","249456"
"12359","Subject212","1","deceaseddeceased","1","deceased","positionright","validityvalid","test","4","suicide","singlestim","215","251464","315","â€šÃ³Ã¨","77","dotpositionright","singlestim","216","251832","m","right","correct","1","","1","trialend","singlestim","217","252846"
"12656","Subject212","1","ecstaticecstatic","1","ecstatic","positionright","validityvalid","test","4","positive","singlestim","219","254859","449","â€šÃ³Ã¨","77","dotpositionright","singlestim","220","255360","m","right","correct","1","","1","trialend","singlestim","221","256380"
"12953","Subject212","1","structurestructure","1","structure","positionright","validityvalid","test","4","neutral","singlestim","223","258385","259","â€šÃ³Ã¨","77","dotpositionright","singlestim","224","258699","m","right","correct","1","","1","trialend","singlestim","225","259718"
"13250","Subject212","1","hanginghanging","1","hanging","positionleft","validityvalid","test","4","suicide","singlestim","227","261726","319","â€šÃ³Ã¨","67","dotpositionleft","singlestim","228","262098","c","left","correct","1","","1","trialend","singlestim","229","263117"
"13547","Subject212","1","successsuccess","1","success","positionleft","validityvalid","test","4","positive","singlestim","231","265127","349","â€šÃ³Ã¨","67","dotpositionleft","singlestim","232","265531","c","left","correct","1","","1","trialend","singlestim","233","266551"
"13844","Subject212","1","stupidstupid","1","stupid","positionleft","validityvalid","test","4","negative","singlestim","235","268560","282","â€šÃ³Ã¨","67","dotpositionleft","singlestim","236","268896","c","left","correct","1","","1","trialend","singlestim","237","269916"
"14141","Subject212","1","alonealone","1","alone","positionleft","validityvalid","test","4","negative","singlestim","239","271921","531","â€šÃ³Ã¨","67","dotpositionleft","singlestim","240","272510","c","left","correct","1","","1","trialend","singlestim","241","273522"
"14438","Subject212","1","noosenoose","1","noose","positionleft","validityvalid","test","2","suicide","singlestim","243","275534","227","â€šÃ³Ã¨","67","dotpositionleft","singlestim","244","275813","c","left","correct","1","","1","trialend","singlestim","245","276831"
"14735","Subject212","1","horsehorse","1","horse","positionleft","validityinvalid","test","2","neutral","singlestim","247","278841","232","â€šÃ³Ã¨","67","dotpositionright","singlestim","248","279129","c","left","incorrect","65","","77","trialend","singlestim","249","280144"
"15032","Subject212","1","foamfoam","1","foam","positionright","validityvalid","test","2","neutral","singlestim","251","282151","846","â€šÃ³Ã¨","77","dotpositionright","singlestim","252","283048","m","right","correct","1","","1","trialend","singlestim","253","284064"
"15329","Subject212","1","pleasurepleasure","1","pleasure","positionleft","validityvalid","test","2","positive","singlestim","255","286074","312","â€šÃ³Ã¨","67","dotpositionleft","singlestim","256","286440","c","left","correct","1","","1","trialend","singlestim","257","287458"
"15626","Subject212","1","braverybravery","1","bravery","positionleft","validityvalid","test","2","positive","singlestim","259","289469","259","â€šÃ³Ã¨","67","dotpositionleft","singlestim","260","289783","c","left","correct","1","","1","trialend","singlestim","261","290805"
"15923","Subject212","1","abuseabuse","1","abuse","positionright","validityvalid","test","2","negative","singlestim","263","292810","268","â€šÃ³Ã¨","77","dotpositionright","singlestim","264","293133","m","right","correct","1","","1","trialend","singlestim","265","294154"
"16220","Subject212","1","paperpaper","1","paper","positionleft","validityvalid","test","2","neutral","singlestim","267","296163","344","â€šÃ³Ã¨","67","dotpositionleft","singlestim","268","296560","c","left","correct","1","","1","trialend","singlestim","269","297578"
"16517","Subject212","1","enthusiasmenthusiasm","1","enthusiasm","positionright","validityvalid","test","2","positive","singlestim","271","299586","183","â€šÃ³Ã¨","77","dotpositionright","singlestim","272","299824","m","right","correct","1","","1","trialend","singlestim","273","300846"
"16814","Subject212","1","lovelove","1","love","positionright","validityinvalid","test","2","positive","singlestim","275","302853","236","â€šÃ³Ã¨","67","dotpositionleft","singlestim","276","303144","c","left","correct","1","","1","trialend","singlestim","277","304161"
"17111","Subject212","1","cruelcruel","1","cruel","positionright","validityvalid","test","2","negative","singlestim","279","306171","281","â€šÃ³Ã¨","77","dotpositionright","singlestim","280","306507","m","right","correct","1","","1","trialend","singlestim","281","307534"
"17408","Subject212","1","corpsecorpse","1","corpse","positionleft","validityvalid","test","2","suicide","singlestim","283","309543","274","â€šÃ³Ã¨","67","dotpositionleft","singlestim","284","309871","c","left","correct","1","","1","trialend","singlestim","285","310888"
"17705","Subject212","1","overdoseoverdose","1","overdose","positionright","validityinvalid","test","2","suicide","singlestim","287","312899","313","â€šÃ³Ã¨","77","dotpositionleft","singlestim","288","313264","m","right","incorrect","1","","1","trialend","singlestim","289","314280"
"18002","Subject212","1","failurefailure","1","failure","positionleft","validityvalid","test","2","negative","singlestim","291","316294","344","â€šÃ³Ã¨","67","dotpositionleft","singlestim","292","316694","c","left","correct","1","","1","trialend","singlestim","293","317711"
"18299","Subject212","1","deathdeath","1","death","positionright","validityvalid","test","2","suicide","singlestim","295","319720","339","â€šÃ³Ã¨","77","dotpositionright","singlestim","296","320113","m","right","correct","1","","1","trialend","singlestim","297","321129"
"18596","Subject212","1","filthyfilthy","1","filthy","positionleft","validityinvalid","test","2","negative","singlestim","299","323135","274","â€šÃ³Ã¨","77","dotpositionright","singlestim","300","323467","m","right","correct","1","","1","trialend","singlestim","301","324485"
"18893","Subject212","1","tabletable","1","table","positionright","validityvalid","test","2","neutral","singlestim","303","326493","1252","â€šÃ³Ã¨","77","dotpositionright","singlestim","304","327799","m","right","correct","1","","1","trialend","singlestim","305","328818"
