"","SubjectID","rt","stimulus","keypress","word","wordposition","validity","block","blocknum","wordtype","trialtype","trialindex","timeelapsed","rt.1","stimulus.1","keypress.1","dotposition","trialtype.1","trialindex.1","timeelapsed.1","keypressed","participantresponse","correctresponse","rt.2","stimulus.2","keypress.2","blocktrial","trialtype.2","trialindex.2","timeelapsed.2"
"166","Subject194","1","diedie","1","die","positionright","validityvalid","test","3","suicide","singlestim","51","77979","370","â€šÃ³Ã¨","77","dotpositionright","singlestim","52","78402","m","right","correct","1","","1","trialend","singlestim","53","79415"
"463","Subject194","1","happyhappy","1","happy","positionright","validityvalid","test","3","positive","singlestim","55","81418","322","â€šÃ³Ã¨","77","dotpositionright","singlestim","56","81792","m","right","correct","1","","1","trialend","singlestim","57","82804"
"760","Subject194","1","deaddead","1","dead","positionleft","validityinvalid","test","3","suicide","singlestim","59","84807","342","â€šÃ³Ã¨","77","dotpositionright","singlestim","60","85201","m","right","correct","1","","1","trialend","singlestim","61","86212"
"1057","Subject194","1","greengreen","1","green","positionright","validityvalid","test","3","neutral","singlestim","63","88215","312","â€šÃ³Ã¨","77","dotpositionright","singlestim","64","88579","m","right","correct","1","","1","trialend","singlestim","65","89591"
"1354","Subject194","1","museummuseum","1","museum","positionleft","validityvalid","test","3","neutral","singlestim","67","91594","245","â€šÃ³Ã¨","67","dotpositionleft","singlestim","68","91890","c","left","correct","1","","1","trialend","singlestim","69","92903"
"1651","Subject194","1","closetcloset","1","closet","positionright","validityinvalid","test","3","neutral","singlestim","71","94907","313","â€šÃ³Ã¨","67","dotpositionleft","singlestim","72","95271","c","left","correct","1","","1","trialend","singlestim","73","96282"
"1948","Subject194","1","bombbomb","1","bomb","positionright","validityvalid","test","3","negative","singlestim","75","98285","308","â€šÃ³Ã¨","77","dotpositionright","singlestim","76","98645","m","right","correct","1","","1","trialend","singlestim","77","99657"
"2245","Subject194","1","dyingdying","1","dying","positionleft","validityvalid","test","3","suicide","singlestim","79","101661","311","â€šÃ³Ã¨","67","dotpositionleft","singlestim","80","102023","c","left","correct","1","","1","trialend","singlestim","81","103035"
"2542","Subject194","1","touretoure","1","toure","positionleft","validityvalid","test","3","negative","singlestim","83","105037","286","â€šÃ³Ã¨","67","dotpositionleft","singlestim","84","105374","c","left","correct","1","","1","trialend","singlestim","85","106387"
"2839","Subject194","1","strongstrong","1","strong","positionleft","validityvalid","test","3","positive","singlestim","87","108389","330","â€šÃ³Ã¨","67","dotpositionleft","singlestim","88","108770","c","left","correct","1","","1","trialend","singlestim","89","109781"
"3136","Subject194","1","kisskiss","1","kiss","positionright","validityinvalid","test","3","positive","singlestim","91","111785","297","â€šÃ³Ã¨","67","dotpositionleft","singlestim","92","112134","c","left","correct","1","","1","trialend","singlestim","93","113146"
"3433","Subject194","1","cuttingcutting","1","cutting","positionright","validityvalid","test","3","suicide","singlestim","95","115148","298","â€šÃ³Ã¨","77","dotpositionright","singlestim","96","115496","m","right","correct","1","","1","trialend","singlestim","97","116507"
"3730","Subject194","1","smilesmile","1","smile","positionleft","validityvalid","test","3","positive","singlestim","99","118509","313","â€šÃ³Ã¨","67","dotpositionleft","singlestim","100","118875","c","left","correct","1","","1","trialend","singlestim","101","119886"
"4027","Subject194","1","metermeter","1","meter","positionleft","validityvalid","test","3","neutral","singlestim","103","121890","270","â€šÃ³Ã¨","67","dotpositionleft","singlestim","104","122211","c","left","correct","1","","1","trialend","singlestim","105","123222"
"4324","Subject194","1","rejectedrejected","1","rejected","positionright","validityvalid","test","3","negative","singlestim","107","125226","278","â€šÃ³Ã¨","77","dotpositionright","singlestim","108","125556","m","right","correct","1","","1","trialend","singlestim","109","126567"
"4621","Subject194","1","assaultassault","1","assault","positionleft","validityinvalid","test","3","negative","singlestim","111","128570","345","â€šÃ³Ã¨","77","dotpositionright","singlestim","112","128966","m","right","correct","1","","1","trialend","singlestim","113","129981"
"4918","Subject194","1","failurefailure","1","failure","positionleft","validityvalid","test","2","negative","singlestim","115","131986","317","â€šÃ³Ã¨","67","dotpositionleft","singlestim","116","132356","c","left","correct","1","","1","trialend","singlestim","117","133368"
"5215","Subject194","1","cruelcruel","1","cruel","positionright","validityvalid","test","2","negative","singlestim","119","135370","312","â€šÃ³Ã¨","77","dotpositionright","singlestim","120","135734","m","right","correct","1","","1","trialend","singlestim","121","136748"
"5512","Subject194","1","braverybravery","1","bravery","positionleft","validityvalid","test","2","positive","singlestim","123","138751","295","â€šÃ³Ã¨","67","dotpositionleft","singlestim","124","139096","c","left","correct","1","","1","trialend","singlestim","125","140111"
"5809","Subject194","1","noosenoose","1","noose","positionleft","validityvalid","test","2","suicide","singlestim","127","142115","375","â€šÃ³Ã¨","67","dotpositionleft","singlestim","128","142542","c","left","correct","1","","1","trialend","singlestim","129","143554"
"6106","Subject194","1","foamfoam","1","foam","positionright","validityvalid","test","2","neutral","singlestim","131","145559","348","â€šÃ³Ã¨","77","dotpositionright","singlestim","132","145961","m","right","correct","1","","1","trialend","singlestim","133","146975"
"6403","Subject194","1","enthusiasmenthusiasm","1","enthusiasm","positionright","validityvalid","test","2","positive","singlestim","135","148980","305","â€šÃ³Ã¨","77","dotpositionright","singlestim","136","149336","m","right","correct","1","","1","trialend","singlestim","137","150348"
"6700","Subject194","1","corpsecorpse","1","corpse","positionleft","validityvalid","test","2","suicide","singlestim","139","152353","342","â€šÃ³Ã¨","67","dotpositionleft","singlestim","140","152747","c","left","correct","1","","1","trialend","singlestim","141","153760"
"6997","Subject194","1","overdoseoverdose","1","overdose","positionright","validityinvalid","test","2","suicide","singlestim","143","155764","273","â€šÃ³Ã¨","67","dotpositionleft","singlestim","144","156089","c","left","correct","1","","1","trialend","singlestim","145","157104"
"7294","Subject194","1","tabletable","1","table","positionright","validityvalid","test","2","neutral","singlestim","147","159111","352","â€šÃ³Ã¨","77","dotpositionright","singlestim","148","159516","m","right","correct","1","","1","trialend","singlestim","149","160529"
"7591","Subject194","1","deathdeath","1","death","positionright","validityvalid","test","2","suicide","singlestim","151","162534","311","â€šÃ³Ã¨","77","dotpositionright","singlestim","152","162896","m","right","correct","1","","1","trialend","singlestim","153","163910"
"7888","Subject194","1","horsehorse","1","horse","positionleft","validityinvalid","test","2","neutral","singlestim","155","165914","446","â€šÃ³Ã¨","77","dotpositionright","singlestim","156","166412","m","right","correct","1","","1","trialend","singlestim","157","167424"
"8185","Subject194","1","filthyfilthy","1","filthy","positionleft","validityinvalid","test","2","negative","singlestim","159","169427","327","â€šÃ³Ã¨","77","dotpositionright","singlestim","160","169805","m","right","correct","1","","1","trialend","singlestim","161","170817"
"8482","Subject194","1","paperpaper","1","paper","positionleft","validityvalid","test","2","neutral","singlestim","163","172819","362","â€šÃ³Ã¨","67","dotpositionleft","singlestim","164","173233","c","left","correct","1","","1","trialend","singlestim","165","174246"
"8779","Subject194","1","abuseabuse","1","abuse","positionright","validityvalid","test","2","negative","singlestim","167","176249","325","â€šÃ³Ã¨","77","dotpositionright","singlestim","168","176626","m","right","correct","1","","1","trialend","singlestim","169","177637"
"9076","Subject194","1","pleasurepleasure","1","pleasure","positionleft","validityvalid","test","2","positive","singlestim","171","179642","325","â€šÃ³Ã¨","67","dotpositionleft","singlestim","172","180019","c","left","correct","1","","1","trialend","singlestim","173","181031"
"9373","Subject194","1","lovelove","1","love","positionright","validityinvalid","test","2","positive","singlestim","175","183033","404","â€šÃ³Ã¨","67","dotpositionleft","singlestim","176","183489","c","left","correct","1","","1","trialend","singlestim","177","184501"
"9670","Subject194","1","gunshotgunshot","1","gunshot","positionright","validityvalid","test","1","suicide","singlestim","179","186503","370","â€šÃ³Ã¨","77","dotpositionright","singlestim","180","186924","m","right","correct","1","","1","trialend","singlestim","181","187936"
"9967","Subject194","1","hatehate","1","hate","positionright","validityinvalid","test","1","negative","singlestim","183","189939","279","â€šÃ³Ã¨","67","dotpositionleft","singlestim","184","190269","c","left","correct","1","","1","trialend","singlestim","185","191281"
"10264","Subject194","1","healthyhealthy","1","healthy","positionleft","validityinvalid","test","1","positive","singlestim","187","193284","360","â€šÃ³Ã¨","77","dotpositionright","singlestim","188","193696","m","right","correct","1","","1","trialend","singlestim","189","194708"
"10561","Subject194","1","greatgreat","1","great","positionright","validityvalid","test","1","positive","singlestim","191","196711","333","â€šÃ³Ã¨","77","dotpositionright","singlestim","192","197096","m","right","correct","1","","1","trialend","singlestim","193","198106"
"10858","Subject194","1","foldedfolded","1","folded","positionleft","validityvalid","test","1","neutral","singlestim","195","200108","425","â€šÃ³Ã¨","67","dotpositionleft","singlestim","196","200585","c","left","correct","1","","1","trialend","singlestim","197","201598"
"11155","Subject194","1","vomitvomit","1","vomit","positionleft","validityvalid","test","1","negative","singlestim","199","203601","323","â€šÃ³Ã¨","67","dotpositionleft","singlestim","200","203975","c","left","correct","1","","1","trialend","singlestim","201","204986"
"11452","Subject194","1","suffocationsuffocation","1","suffocation","positionleft","validityinvalid","test","1","suicide","singlestim","203","206988","288","â€šÃ³Ã¨","77","dotpositionright","singlestim","204","207327","m","right","correct","1","","1","trialend","singlestim","205","208339"
"11749","Subject194","1","patheticpathetic","1","pathetic","positionleft","validityvalid","test","1","negative","singlestim","207","210341","405","â€šÃ³Ã¨","67","dotpositionleft","singlestim","208","210798","c","left","correct","1","","1","trialend","singlestim","209","211810"
"12046","Subject194","1","attractionattraction","1","attraction","positionright","validityvalid","test","1","positive","singlestim","211","213813","338","â€šÃ³Ã¨","77","dotpositionright","singlestim","212","214202","m","right","correct","1","","1","trialend","singlestim","213","215214"
"12343","Subject194","1","cheesecheese","1","cheese","positionright","validityvalid","test","1","neutral","singlestim","215","217220","431","â€šÃ³Ã¨","77","dotpositionright","singlestim","216","217702","m","right","correct","1","","1","trialend","singlestim","217","218714"
"12640","Subject194","1","cryingcrying","1","crying","positionright","validityvalid","test","1","negative","singlestim","219","220720","318","â€šÃ³Ã¨","77","dotpositionright","singlestim","220","221090","m","right","correct","1","","1","trialend","singlestim","221","222103"
"12937","Subject194","1","imageimage","1","image","positionleft","validityvalid","test","1","neutral","singlestim","223","224106","384","â€šÃ³Ã¨","67","dotpositionleft","singlestim","224","224543","c","left","correct","1","","1","trialend","singlestim","225","225555"
"13234","Subject194","1","funeralfuneral","1","funeral","positionright","validityvalid","test","1","suicide","singlestim","227","227557","383","â€šÃ³Ã¨","77","dotpositionright","singlestim","228","227992","m","right","correct","1","","1","trialend","singlestim","229","229005"
"13531","Subject194","1","statuestatue","1","statue","positionright","validityinvalid","test","1","neutral","singlestim","231","231009","444","â€šÃ³Ã¨","67","dotpositionleft","singlestim","232","231506","c","left","correct","1","","1","trialend","singlestim","233","232520"
"13828","Subject194","1","paradiseparadise","1","paradise","positionleft","validityvalid","test","1","positive","singlestim","235","234522","482","â€šÃ³Ã¨","67","dotpositionleft","singlestim","236","235057","c","left","correct","1","","1","trialend","singlestim","237","236069"
"14125","Subject194","1","bloodblood","1","blood","positionleft","validityvalid","test","1","suicide","singlestim","239","238071","464","â€šÃ³Ã¨","67","dotpositionleft","singlestim","240","238588","c","left","correct","1","","1","trialend","singlestim","241","239601"
"14422","Subject194","1","successsuccess","1","success","positionleft","validityvalid","test","4","positive","singlestim","243","241603","375","â€šÃ³Ã¨","67","dotpositionleft","singlestim","244","242031","c","left","correct","1","","1","trialend","singlestim","245","243043"
"14719","Subject194","1","ashamedashamed","1","ashamed","positionright","validityinvalid","test","4","negative","singlestim","247","245048","310","â€šÃ³Ã¨","67","dotpositionleft","singlestim","248","245409","c","left","correct","1","","1","trialend","singlestim","249","246422"
"15016","Subject194","1","passionatepassionate","1","passionate","positionleft","validityinvalid","test","4","positive","singlestim","251","248426","315","â€šÃ³Ã¨","77","dotpositionright","singlestim","252","248792","m","right","correct","1","","1","trialend","singlestim","253","249805"
"15313","Subject194","1","deceaseddeceased","1","deceased","positionright","validityvalid","test","4","suicide","singlestim","255","251810","488","â€šÃ³Ã¨","77","dotpositionright","singlestim","256","252349","m","right","correct","1","","1","trialend","singlestim","257","253361"
"15610","Subject194","1","suicidesuicide","1","suicide","positionright","validityinvalid","test","4","suicide","singlestim","259","255366","354","â€šÃ³Ã¨","67","dotpositionleft","singlestim","260","255773","c","left","correct","1","","1","trialend","singlestim","261","256786"
"15907","Subject194","1","stupidstupid","1","stupid","positionleft","validityvalid","test","4","negative","singlestim","263","258791","367","â€šÃ³Ã¨","67","dotpositionleft","singlestim","264","259211","c","left","correct","1","","1","trialend","singlestim","265","260223"
"16204","Subject194","1","structurestructure","1","structure","positionright","validityvalid","test","4","neutral","singlestim","267","262226","414","â€šÃ³Ã¨","77","dotpositionright","singlestim","268","262691","m","right","correct","1","","1","trialend","singlestim","269","263703"
"16501","Subject194","426","doubledouble","77","double","positionright","validityvalid","test","4","neutral","singlestim","271","265707","473","â€šÃ³Ã¨","77","dotpositionright","singlestim","272","266231","m","right","correct","1","","1","trialend","singlestim","273","267243"
"16798","Subject194","1","frameframe","1","frame","positionleft","validityinvalid","test","4","neutral","singlestim","275","269245","389","â€šÃ³Ã¨","77","dotpositionright","singlestim","276","269686","m","right","correct","1","","1","trialend","singlestim","277","270698"
"17095","Subject194","1","hanginghanging","1","hanging","positionleft","validityvalid","test","4","suicide","singlestim","279","272701","293","â€šÃ³Ã¨","67","dotpositionleft","singlestim","280","273045","c","left","correct","1","","1","trialend","singlestim","281","274057"
"17392","Subject194","1","laughlaugh","1","laugh","positionright","validityvalid","test","4","positive","singlestim","283","276063","318","â€šÃ³Ã¨","77","dotpositionright","singlestim","284","276433","m","right","correct","1","","1","trialend","singlestim","285","277445"
"17689","Subject194","1","engineengine","1","engine","positionleft","validityvalid","test","4","neutral","singlestim","287","279448","302","â€šÃ³Ã¨","67","dotpositionleft","singlestim","288","279801","c","left","correct","1","","1","trialend","singlestim","289","280813"
"17986","Subject194","1","ecstaticecstatic","1","ecstatic","positionright","validityvalid","test","4","positive","singlestim","291","282816","437","â€šÃ³Ã¨","77","dotpositionright","singlestim","292","283304","m","right","correct","1","","1","trialend","singlestim","293","284316"
"18283","Subject194","1","killingkilling","1","killing","positionleft","validityvalid","test","4","suicide","singlestim","295","286320","372","â€šÃ³Ã¨","67","dotpositionleft","singlestim","296","286743","c","left","correct","1","","1","trialend","singlestim","297","287754"
"18580","Subject194","1","alonealone","1","alone","positionleft","validityvalid","test","4","negative","singlestim","299","289758","481","â€šÃ³Ã¨","67","dotpositionleft","singlestim","300","290291","c","left","correct","1","","1","trialend","singlestim","301","291303"
"18877","Subject194","1","wohlesswohless","1","wohless","positionright","validityvalid","test","4","negative","singlestim","303","293307","407","â€šÃ³Ã¨","77","dotpositionright","singlestim","304","293767","m","right","correct","1","","1","trialend","singlestim","305","294779"
