"","SubjectID","rt","stimulus","keypress","word","wordposition","validity","block","blocknum","wordtype","trialtype","trialindex","timeelapsed","rt.1","stimulus.1","keypress.1","dotposition","trialtype.1","trialindex.1","timeelapsed.1","keypressed","participantresponse","correctresponse","rt.2","stimulus.2","keypress.2","blocktrial","trialtype.2","trialindex.2","timeelapsed.2"
"137","Subject144","1","healthyhealthy","1","healthy","positionleft","validityinvalid","test","1","positive","singlestim","51","80969","451","â€šÃ³Ã¨","77","dotpositionright","singlestim","52","81477","m","right","correct","1","","1","trialend","singlestim","53","82494"
"434","Subject144","1","imageimage","1","image","positionleft","validityvalid","test","1","neutral","singlestim","55","84502","522","â€šÃ³Ã¨","67","dotpositionleft","singlestim","56","85077","c","left","correct","1","","1","trialend","singlestim","57","86094"
"731","Subject144","1","cryingcrying","1","crying","positionright","validityvalid","test","1","negative","singlestim","59","88105","419","â€šÃ³Ã¨","77","dotpositionright","singlestim","60","88581","m","right","correct","1","","1","trialend","singlestim","61","89596"
"1028","Subject144","1","foldedfolded","1","folded","positionleft","validityvalid","test","1","neutral","singlestim","63","91605","678","â€šÃ³Ã¨","67","dotpositionleft","singlestim","64","92334","c","left","correct","1","","1","trialend","singlestim","65","93351"
"1325","Subject144","1","attractionattraction","1","attraction","positionright","validityvalid","test","1","positive","singlestim","67","95360","482","â€šÃ³Ã¨","77","dotpositionright","singlestim","68","95895","m","right","correct","1","","1","trialend","singlestim","69","96910"
"1622","Subject144","1","suffocationsuffocation","1","suffocation","positionleft","validityinvalid","test","1","suicide","singlestim","71","98916","453","â€šÃ³Ã¨","77","dotpositionright","singlestim","72","99422","m","right","correct","1","","1","trialend","singlestim","73","100437"
"1919","Subject144","1","cheesecheese","1","cheese","positionright","validityvalid","test","1","neutral","singlestim","75","102450","512","â€šÃ³Ã¨","77","dotpositionright","singlestim","76","103016","m","right","correct","1","","1","trialend","singlestim","77","104029"
"2216","Subject144","1","statuestatue","1","statue","positionright","validityinvalid","test","1","neutral","singlestim","79","106037","395","â€šÃ³Ã¨","67","dotpositionleft","singlestim","80","106488","c","left","correct","1","","1","trialend","singlestim","81","107505"
"2513","Subject144","1","patheticpathetic","1","pathetic","positionleft","validityvalid","test","1","negative","singlestim","83","109513","540","â€šÃ³Ã¨","67","dotpositionleft","singlestim","84","110105","c","left","correct","1","","1","trialend","singlestim","85","111120"
"2810","Subject144","1","paradiseparadise","1","paradise","positionleft","validityvalid","test","1","positive","singlestim","87","113131","455","â€šÃ³Ã¨","67","dotpositionleft","singlestim","88","113643","c","left","correct","1","","1","trialend","singlestim","89","114658"
"3107","Subject144","1","greatgreat","1","great","positionright","validityvalid","test","1","positive","singlestim","91","116669","357","â€šÃ³Ã¨","77","dotpositionright","singlestim","92","117081","m","right","correct","1","","1","trialend","singlestim","93","118096"
"3404","Subject144","1","hatehate","1","hate","positionright","validityinvalid","test","1","negative","singlestim","95","120104","385","â€šÃ³Ã¨","67","dotpositionleft","singlestim","96","120545","c","left","correct","1","","1","trialend","singlestim","97","121561"
"3701","Subject144","1","gunshotgunshot","1","gunshot","positionright","validityvalid","test","1","suicide","singlestim","99","123569","513","â€šÃ³Ã¨","77","dotpositionright","singlestim","100","124136","m","right","correct","1","","1","trialend","singlestim","101","125153"
"3998","Subject144","1","vomitvomit","1","vomit","positionleft","validityvalid","test","1","negative","singlestim","103","127161","472","â€šÃ³Ã¨","67","dotpositionleft","singlestim","104","127689","c","left","correct","1","","1","trialend","singlestim","105","128706"
"4295","Subject144","1","funeralfuneral","1","funeral","positionright","validityvalid","test","1","suicide","singlestim","107","130712","548","â€šÃ³Ã¨","77","dotpositionright","singlestim","108","131312","m","right","correct","1","","1","trialend","singlestim","109","132327"
"4592","Subject144","1","bloodblood","1","blood","positionleft","validityvalid","test","1","suicide","singlestim","111","134333","562","â€šÃ³Ã¨","67","dotpositionleft","singlestim","112","134950","c","left","correct","1","","1","trialend","singlestim","113","135964"
"4889","Subject144","1","deceaseddeceased","1","deceased","positionright","validityvalid","test","4","suicide","singlestim","115","137972","428","â€šÃ³Ã¨","77","dotpositionright","singlestim","116","138455","m","right","correct","1","","1","trialend","singlestim","117","139471"
"5186","Subject144","1","passionatepassionate","1","passionate","positionleft","validityinvalid","test","4","positive","singlestim","119","141478","681","â€šÃ³Ã¨","77","dotpositionright","singlestim","120","142210","m","right","correct","1","","1","trialend","singlestim","121","143224"
"5483","Subject144","1","ecstaticecstatic","1","ecstatic","positionright","validityvalid","test","4","positive","singlestim","123","145232","363","â€šÃ³Ã¨","77","dotpositionright","singlestim","124","145651","m","right","correct","1","","1","trialend","singlestim","125","146665"
"5780","Subject144","1","hanginghanging","1","hanging","positionleft","validityvalid","test","4","suicide","singlestim","127","148673","441","â€šÃ³Ã¨","67","dotpositionleft","singlestim","128","149170","c","left","correct","1","","1","trialend","singlestim","129","150187"
"6077","Subject144","1","laughlaugh","1","laugh","positionright","validityvalid","test","4","positive","singlestim","131","152196","515","â€šÃ³Ã¨","77","dotpositionright","singlestim","132","152763","m","right","correct","1","","1","trialend","singlestim","133","153780"
"6374","Subject144","1","engineengine","1","engine","positionleft","validityvalid","test","4","neutral","singlestim","135","155790","420","â€šÃ³Ã¨","67","dotpositionleft","singlestim","136","156266","c","left","correct","1","","1","trialend","singlestim","137","157279"
"6671","Subject144","1","killingkilling","1","killing","positionleft","validityvalid","test","4","suicide","singlestim","139","159288","410","â€šÃ³Ã¨","67","dotpositionleft","singlestim","140","159752","c","left","correct","1","","1","trialend","singlestim","141","160769"
"6968","Subject144","1","frameframe","1","frame","positionleft","validityinvalid","test","4","neutral","singlestim","143","162776","429","â€šÃ³Ã¨","77","dotpositionright","singlestim","144","163256","m","right","correct","1","","1","trialend","singlestim","145","164273"
"7265","Subject144","1","doubledouble","1","double","positionright","validityvalid","test","4","neutral","singlestim","147","166280","609","â€šÃ³Ã¨","77","dotpositionright","singlestim","148","166943","m","right","correct","1","","1","trialend","singlestim","149","167957"
"7562","Subject144","1","stupidstupid","1","stupid","positionleft","validityvalid","test","4","negative","singlestim","151","169967","519","â€šÃ³Ã¨","67","dotpositionleft","singlestim","152","170544","c","left","correct","1","","1","trialend","singlestim","153","171561"
"7859","Subject144","1","wohlesswohless","1","wohless","positionright","validityvalid","test","4","negative","singlestim","155","173569","401","â€šÃ³Ã¨","77","dotpositionright","singlestim","156","174023","m","right","correct","1","","1","trialend","singlestim","157","175038"
"8156","Subject144","1","ashamedashamed","1","ashamed","positionright","validityinvalid","test","4","negative","singlestim","159","177046","354","â€šÃ³Ã¨","67","dotpositionleft","singlestim","160","177455","c","left","correct","1","","1","trialend","singlestim","161","178472"
"8453","Subject144","1","structurestructure","1","structure","positionright","validityvalid","test","4","neutral","singlestim","163","180482","450","â€šÃ³Ã¨","77","dotpositionright","singlestim","164","180988","m","right","correct","1","","1","trialend","singlestim","165","182007"
"8750","Subject144","1","successsuccess","1","success","positionleft","validityvalid","test","4","positive","singlestim","167","184015","410","â€šÃ³Ã¨","67","dotpositionleft","singlestim","168","184478","c","left","correct","1","","1","trialend","singlestim","169","185494"
"9047","Subject144","1","alonealone","1","alone","positionleft","validityvalid","test","4","negative","singlestim","171","187503","448","â€šÃ³Ã¨","67","dotpositionleft","singlestim","172","188003","c","left","correct","1","","1","trialend","singlestim","173","189017"
"9344","Subject144","1","suicidesuicide","1","suicide","positionright","validityinvalid","test","4","suicide","singlestim","175","191025","425","â€šÃ³Ã¨","67","dotpositionleft","singlestim","176","191506","c","left","correct","1","","1","trialend","singlestim","177","192522"
"9641","Subject144","1","diedie","1","die","positionright","validityvalid","test","3","suicide","singlestim","179","194530","502","â€šÃ³Ã¨","77","dotpositionright","singlestim","180","195088","m","right","correct","1","","1","trialend","singlestim","181","196102"
"9938","Subject144","1","bombbomb","1","bomb","positionright","validityvalid","test","3","negative","singlestim","183","198113","456","â€šÃ³Ã¨","77","dotpositionright","singlestim","184","198625","m","right","correct","1","","1","trialend","singlestim","185","199643"
"10235","Subject144","1","rejectedrejected","1","rejected","positionright","validityvalid","test","3","negative","singlestim","187","201651","514","â€šÃ³Ã¨","77","dotpositionright","singlestim","188","202216","m","right","correct","1","","1","trialend","singlestim","189","203230"
"10532","Subject144","1","closetcloset","1","closet","positionright","validityinvalid","test","3","neutral","singlestim","191","205237","398","â€šÃ³Ã¨","67","dotpositionleft","singlestim","192","205687","c","left","correct","1","","1","trialend","singlestim","193","206704"
"10829","Subject144","1","kisskiss","1","kiss","positionright","validityinvalid","test","3","positive","singlestim","195","208714","440","â€šÃ³Ã¨","67","dotpositionleft","singlestim","196","209208","c","left","correct","1","","1","trialend","singlestim","197","210222"
"11126","Subject144","1","assaultassault","1","assault","positionleft","validityinvalid","test","3","negative","singlestim","199","212230","370","â€šÃ³Ã¨","77","dotpositionright","singlestim","200","212654","m","right","correct","1","","1","trialend","singlestim","201","213669"
"11423","Subject144","1","strongstrong","1","strong","positionleft","validityvalid","test","3","positive","singlestim","203","215677","420","â€šÃ³Ã¨","67","dotpositionleft","singlestim","204","216150","c","left","correct","1","","1","trialend","singlestim","205","217162"
"11720","Subject144","1","greengreen","1","green","positionright","validityvalid","test","3","neutral","singlestim","207","219171","491","â€šÃ³Ã¨","77","dotpositionright","singlestim","208","219718","m","right","correct","1","","1","trialend","singlestim","209","220732"
"12017","Subject144","1","metermeter","1","meter","positionleft","validityvalid","test","3","neutral","singlestim","211","222743","399","â€šÃ³Ã¨","67","dotpositionleft","singlestim","212","223197","c","left","correct","1","","1","trialend","singlestim","213","224214"
"12314","Subject144","1","smilesmile","1","smile","positionleft","validityvalid","test","3","positive","singlestim","215","226222","463","â€šÃ³Ã¨","67","dotpositionleft","singlestim","216","226741","c","left","correct","1","","1","trialend","singlestim","217","227758"
"12611","Subject144","1","dyingdying","1","dying","positionleft","validityvalid","test","3","suicide","singlestim","219","229768","465","â€šÃ³Ã¨","67","dotpositionleft","singlestim","220","230285","c","left","correct","1","","1","trialend","singlestim","221","231299"
"12908","Subject144","1","deaddead","1","dead","positionleft","validityinvalid","test","3","suicide","singlestim","223","233308","474","â€šÃ³Ã¨","77","dotpositionright","singlestim","224","233835","m","right","correct","1","","1","trialend","singlestim","225","234851"
"13205","Subject144","1","touretoure","1","toure","positionleft","validityvalid","test","3","negative","singlestim","227","236859","500","â€šÃ³Ã¨","67","dotpositionleft","singlestim","228","237411","c","left","correct","1","","1","trialend","singlestim","229","238427"
"13502","Subject144","1","museummuseum","1","museum","positionleft","validityvalid","test","3","neutral","singlestim","231","240434","518","â€šÃ³Ã¨","67","dotpositionleft","singlestim","232","241004","c","left","correct","1","","1","trialend","singlestim","233","242018"
"13799","Subject144","1","cuttingcutting","1","cutting","positionright","validityvalid","test","3","suicide","singlestim","235","244026","423","â€šÃ³Ã¨","77","dotpositionright","singlestim","236","244501","m","right","correct","1","","1","trialend","singlestim","237","245517"
"14096","Subject144","1","happyhappy","1","happy","positionright","validityvalid","test","3","positive","singlestim","239","247525","489","â€šÃ³Ã¨","77","dotpositionright","singlestim","240","248067","m","right","correct","1","","1","trialend","singlestim","241","249080"
"14393","Subject144","1","filthyfilthy","1","filthy","positionleft","validityinvalid","test","2","negative","singlestim","243","251090","602","â€šÃ³Ã¨","77","dotpositionright","singlestim","244","251748","m","right","correct","1","","1","trialend","singlestim","245","252765"
"14690","Subject144","1","enthusiasmenthusiasm","1","enthusiasm","positionright","validityvalid","test","2","positive","singlestim","247","254779","424","â€šÃ³Ã¨","77","dotpositionright","singlestim","248","255258","m","right","correct","1","","1","trialend","singlestim","249","256272"
"14987","Subject144","1","foamfoam","1","foam","positionright","validityvalid","test","2","neutral","singlestim","251","258278","447","â€šÃ³Ã¨","77","dotpositionright","singlestim","252","258778","m","right","correct","1","","1","trialend","singlestim","253","259793"
"15284","Subject144","1","corpsecorpse","1","corpse","positionleft","validityvalid","test","2","suicide","singlestim","255","261801","419","â€šÃ³Ã¨","67","dotpositionleft","singlestim","256","262274","c","left","correct","1","","1","trialend","singlestim","257","263287"
"15581","Subject144","1","noosenoose","1","noose","positionleft","validityvalid","test","2","suicide","singlestim","259","265294","421","â€šÃ³Ã¨","67","dotpositionleft","singlestim","260","265769","c","left","correct","1","","1","trialend","singlestim","261","266787"
"15878","Subject144","1","failurefailure","1","failure","positionleft","validityvalid","test","2","negative","singlestim","263","268794","497","â€šÃ³Ã¨","67","dotpositionleft","singlestim","264","269343","c","left","correct","1","","1","trialend","singlestim","265","270361"
"16175","Subject144","1","paperpaper","1","paper","positionleft","validityvalid","test","2","neutral","singlestim","267","272370","437","â€šÃ³Ã¨","67","dotpositionleft","singlestim","268","272863","c","left","correct","1","","1","trialend","singlestim","269","273878"
"16472","Subject144","1","overdoseoverdose","1","overdose","positionright","validityinvalid","test","2","suicide","singlestim","271","275886","469","â€šÃ³Ã¨","67","dotpositionleft","singlestim","272","276408","c","left","correct","1","","1","trialend","singlestim","273","277423"
"16769","Subject144","1","deathdeath","1","death","positionright","validityvalid","test","2","suicide","singlestim","275","279432","552","â€šÃ³Ã¨","77","dotpositionright","singlestim","276","280038","m","right","correct","1","","1","trialend","singlestim","277","281052"
"17066","Subject144","1","abuseabuse","1","abuse","positionright","validityvalid","test","2","negative","singlestim","279","283058","386","â€šÃ³Ã¨","77","dotpositionright","singlestim","280","283498","m","right","correct","1","","1","trialend","singlestim","281","284515"
"17363","Subject144","1","tabletable","1","table","positionright","validityvalid","test","2","neutral","singlestim","283","286523","456","â€šÃ³Ã¨","77","dotpositionright","singlestim","284","287036","m","right","correct","1","","1","trialend","singlestim","285","288051"
"17660","Subject144","1","pleasurepleasure","1","pleasure","positionleft","validityvalid","test","2","positive","singlestim","287","290060","330","â€šÃ³Ã¨","67","dotpositionleft","singlestim","288","290444","c","left","correct","1","","1","trialend","singlestim","289","291462"
"17957","Subject144","1","braverybravery","1","bravery","positionleft","validityvalid","test","2","positive","singlestim","291","293470","422","â€šÃ³Ã¨","67","dotpositionleft","singlestim","292","293947","c","left","correct","1","","1","trialend","singlestim","293","294964"
"18254","Subject144","1","horsehorse","1","horse","positionleft","validityinvalid","test","2","neutral","singlestim","295","296974","400","â€šÃ³Ã¨","77","dotpositionright","singlestim","296","297427","m","right","correct","1","","1","trialend","singlestim","297","298442"
"18551","Subject144","1","cruelcruel","1","cruel","positionright","validityvalid","test","2","negative","singlestim","299","300451","583","â€šÃ³Ã¨","77","dotpositionright","singlestim","300","301087","m","right","correct","1","","1","trialend","singlestim","301","302104"
"18848","Subject144","1","lovelove","1","love","positionright","validityinvalid","test","2","positive","singlestim","303","304115","380","â€šÃ³Ã¨","67","dotpositionleft","singlestim","304","304552","c","left","correct","1","","1","trialend","singlestim","305","305569"
