"","SubjectID","rt","stimulus","keypress","word","wordposition","validity","block","blocknum","wordtype","trialtype","trialindex","timeelapsed","rt.1","stimulus.1","keypress.1","dotposition","trialtype.1","trialindex.1","timeelapsed.1","keypressed","participantresponse","correctresponse","rt.2","stimulus.2","keypress.2","blocktrial","trialtype.2","trialindex.2","timeelapsed.2"
"230","Subject262","1","filthyfilthy","1","filthy","positionleft","validityinvalid","test","2","negative","singlestim","51","99962","409","â€šÃ³Ã¨","77","dotpositionright","singlestim","52","100426","m","right","correct","1","","1","trialend","singlestim","53","101440"
"527","Subject262","1","tabletable","1","table","positionright","validityvalid","test","2","neutral","singlestim","55","103451","416","â€šÃ³Ã¨","77","dotpositionright","singlestim","56","103919","m","right","correct","1","","1","trialend","singlestim","57","104938"
"824","Subject262","1","overdoseoverdose","1","overdose","positionright","validityinvalid","test","2","suicide","singlestim","59","106951","312","â€šÃ³Ã¨","67","dotpositionleft","singlestim","60","107317","c","left","correct","1","","1","trialend","singlestim","61","108333"
"1121","Subject262","1","foamfoam","1","foam","positionright","validityvalid","test","2","neutral","singlestim","63","110342","352","â€šÃ³Ã¨","77","dotpositionright","singlestim","64","110748","m","right","correct","1","","1","trialend","singlestim","65","111765"
"1418","Subject262","1","abuseabuse","1","abuse","positionright","validityvalid","test","2","negative","singlestim","67","113775","342","â€šÃ³Ã¨","77","dotpositionright","singlestim","68","114169","m","right","correct","1","","1","trialend","singlestim","69","115185"
"1715","Subject262","1","braverybravery","1","bravery","positionleft","validityvalid","test","2","positive","singlestim","71","117199","315","â€šÃ³Ã¨","67","dotpositionleft","singlestim","72","117567","c","left","correct","1","","1","trialend","singlestim","73","118587"
"2012","Subject262","1","deathdeath","1","death","positionright","validityvalid","test","2","suicide","singlestim","75","120592","302","â€šÃ³Ã¨","77","dotpositionright","singlestim","76","120948","m","right","correct","1","","1","trialend","singlestim","77","121964"
"2309","Subject262","1","failurefailure","1","failure","positionleft","validityvalid","test","2","negative","singlestim","79","123974","303","â€šÃ³Ã¨","67","dotpositionleft","singlestim","80","124330","c","left","correct","1","","1","trialend","singlestim","81","125349"
"2606","Subject262","1","paperpaper","1","paper","positionleft","validityvalid","test","2","neutral","singlestim","83","127355","368","â€šÃ³Ã¨","67","dotpositionleft","singlestim","84","127778","c","left","correct","1","","1","trialend","singlestim","85","128794"
"2903","Subject262","1","lovelove","1","love","positionright","validityinvalid","test","2","positive","singlestim","87","130803","330","â€šÃ³Ã¨","67","dotpositionleft","singlestim","88","131188","c","left","correct","1","","1","trialend","singlestim","89","132203"
"3200","Subject262","1","noosenoose","1","noose","positionleft","validityvalid","test","2","suicide","singlestim","91","134214","420","â€šÃ³Ã¨","67","dotpositionleft","singlestim","92","134690","c","left","correct","1","","1","trialend","singlestim","93","135705"
"3497","Subject262","1","enthusiasmenthusiasm","1","enthusiasm","positionright","validityvalid","test","2","positive","singlestim","95","137711","339","â€šÃ³Ã¨","77","dotpositionright","singlestim","96","138108","m","right","correct","1","","1","trialend","singlestim","97","139123"
"3794","Subject262","1","corpsecorpse","1","corpse","positionleft","validityvalid","test","2","suicide","singlestim","99","141130","354","â€šÃ³Ã¨","67","dotpositionleft","singlestim","100","141538","c","left","correct","1","","1","trialend","singlestim","101","142555"
"4091","Subject262","1","cruelcruel","1","cruel","positionright","validityvalid","test","2","negative","singlestim","103","144564","270","â€šÃ³Ã¨","77","dotpositionright","singlestim","104","144890","m","right","correct","1","","1","trialend","singlestim","105","145907"
"4388","Subject262","1","pleasurepleasure","1","pleasure","positionleft","validityvalid","test","2","positive","singlestim","107","147914","260","â€šÃ³Ã¨","67","dotpositionleft","singlestim","108","148228","c","left","correct","1","","1","trialend","singlestim","109","149245"
"4685","Subject262","1","horsehorse","1","horse","positionleft","validityinvalid","test","2","neutral","singlestim","111","151253","350","â€šÃ³Ã¨","77","dotpositionright","singlestim","112","151658","m","right","correct","1","","1","trialend","singlestim","113","152676"
"4982","Subject262","1","greatgreat","1","great","positionright","validityvalid","test","1","positive","singlestim","115","154683","312","â€šÃ³Ã¨","77","dotpositionright","singlestim","116","155048","m","right","correct","1","","1","trialend","singlestim","117","156067"
"5279","Subject262","1","funeralfuneral","1","funeral","positionright","validityvalid","test","1","suicide","singlestim","119","158074","282","â€šÃ³Ã¨","77","dotpositionright","singlestim","120","158408","m","right","correct","1","","1","trialend","singlestim","121","159424"
"5576","Subject262","1","vomitvomit","1","vomit","positionleft","validityvalid","test","1","negative","singlestim","123","161432","352","â€šÃ³Ã¨","67","dotpositionleft","singlestim","124","161838","c","left","correct","1","","1","trialend","singlestim","125","162854"
"5873","Subject262","1","foldedfolded","1","folded","positionleft","validityvalid","test","1","neutral","singlestim","127","164865","309","â€šÃ³Ã¨","67","dotpositionleft","singlestim","128","165229","c","left","correct","1","","1","trialend","singlestim","129","166247"
"6170","Subject262","1","paradiseparadise","1","paradise","positionleft","validityvalid","test","1","positive","singlestim","131","168257","267","â€šÃ³Ã¨","67","dotpositionleft","singlestim","132","168577","c","left","correct","1","","1","trialend","singlestim","133","169596"
"6467","Subject262","1","cheesecheese","1","cheese","positionright","validityvalid","test","1","neutral","singlestim","135","171606","287","â€šÃ³Ã¨","77","dotpositionright","singlestim","136","171950","m","right","correct","1","","1","trialend","singlestim","137","172967"
"6764","Subject262","1","gunshotgunshot","1","gunshot","positionright","validityvalid","test","1","suicide","singlestim","139","174977","239","â€šÃ³Ã¨","77","dotpositionright","singlestim","140","175271","m","right","correct","1","","1","trialend","singlestim","141","176290"
"7061","Subject262","1","statuestatue","1","statue","positionright","validityinvalid","test","1","neutral","singlestim","143","178300","305","â€šÃ³Ã¨","67","dotpositionleft","singlestim","144","178658","c","left","correct","1","","1","trialend","singlestim","145","179675"
"7358","Subject262","1","suffocationsuffocation","1","suffocation","positionleft","validityinvalid","test","1","suicide","singlestim","147","181682","314","â€šÃ³Ã¨","77","dotpositionright","singlestim","148","182048","m","right","correct","1","","1","trialend","singlestim","149","183068"
"7655","Subject262","1","imageimage","1","image","positionleft","validityvalid","test","1","neutral","singlestim","151","185080","358","â€šÃ³Ã¨","67","dotpositionleft","singlestim","152","185493","c","left","correct","1","","1","trialend","singlestim","153","186509"
"7952","Subject262","1","patheticpathetic","1","pathetic","positionleft","validityvalid","test","1","negative","singlestim","155","188517","356","â€šÃ³Ã¨","67","dotpositionleft","singlestim","156","188930","c","left","correct","1","","1","trialend","singlestim","157","189950"
"8249","Subject262","1","bloodblood","1","blood","positionleft","validityvalid","test","1","suicide","singlestim","159","191959","453","â€šÃ³Ã¨","67","dotpositionleft","singlestim","160","192469","c","left","correct","1","","1","trialend","singlestim","161","193486"
"8546","Subject262","1","attractionattraction","1","attraction","positionright","validityvalid","test","1","positive","singlestim","163","195495","152","â€šÃ³Ã¨","77","dotpositionright","singlestim","164","195701","m","right","correct","1","","1","trialend","singlestim","165","196715"
"8843","Subject262","399","healthyhealthy","67","healthy","positionleft","validityinvalid","test","1","positive","singlestim","167","198721","343","â€šÃ³Ã¨","77","dotpositionright","singlestim","168","199120","m","right","correct","1","","1","trialend","singlestim","169","200137"
"9140","Subject262","1","hatehate","1","hate","positionright","validityinvalid","test","1","negative","singlestim","171","202146","300","â€šÃ³Ã¨","67","dotpositionleft","singlestim","172","202498","c","left","correct","1","","1","trialend","singlestim","173","203516"
"9437","Subject262","1","cryingcrying","1","crying","positionright","validityvalid","test","1","negative","singlestim","175","205528","319","â€šÃ³Ã¨","77","dotpositionright","singlestim","176","205901","m","right","correct","1","","1","trialend","singlestim","177","206915"
"9734","Subject262","1","stupidstupid","1","stupid","positionleft","validityvalid","test","4","negative","singlestim","179","208928","336","â€šÃ³Ã¨","67","dotpositionleft","singlestim","180","209319","c","left","correct","1","","1","trialend","singlestim","181","210333"
"10031","Subject262","1","ashamedashamed","1","ashamed","positionright","validityinvalid","test","4","negative","singlestim","183","212343","322","â€šÃ³Ã¨","67","dotpositionleft","singlestim","184","212718","c","left","correct","1","","1","trialend","singlestim","185","213735"
"10328","Subject262","1","frameframe","1","frame","positionleft","validityinvalid","test","4","neutral","singlestim","187","215743","283","â€šÃ³Ã¨","77","dotpositionright","singlestim","188","216081","m","right","correct","1","","1","trialend","singlestim","189","217097"
"10625","Subject262","1","hanginghanging","1","hanging","positionleft","validityvalid","test","4","suicide","singlestim","191","219106","349","â€šÃ³Ã¨","67","dotpositionleft","singlestim","192","219509","c","left","correct","1","","1","trialend","singlestim","193","220528"
"10922","Subject262","1","laughlaugh","1","laugh","positionright","validityvalid","test","4","positive","singlestim","195","222538","286","â€šÃ³Ã¨","77","dotpositionright","singlestim","196","222878","m","right","correct","1","","1","trialend","singlestim","197","223893"
"11219","Subject262","1","suicidesuicide","1","suicide","positionright","validityinvalid","test","4","suicide","singlestim","199","225902","274","â€šÃ³Ã¨","67","dotpositionleft","singlestim","200","226231","c","left","correct","1","","1","trialend","singlestim","201","227249"
"11516","Subject262","1","ecstaticecstatic","1","ecstatic","positionright","validityvalid","test","4","positive","singlestim","203","229256","267","â€šÃ³Ã¨","77","dotpositionright","singlestim","204","229580","m","right","correct","1","","1","trialend","singlestim","205","230598"
"11813","Subject262","1","doubledouble","1","double","positionright","validityvalid","test","4","neutral","singlestim","207","232604","323","â€šÃ³Ã¨","77","dotpositionright","singlestim","208","232979","m","right","correct","1","","1","trialend","singlestim","209","233992"
"12110","Subject262","1","structurestructure","1","structure","positionright","validityvalid","test","4","neutral","singlestim","211","236006","310","â€šÃ³Ã¨","77","dotpositionright","singlestim","212","236371","m","right","correct","1","","1","trialend","singlestim","213","237392"
"12407","Subject262","1","passionatepassionate","1","passionate","positionleft","validityinvalid","test","4","positive","singlestim","215","239402","335","â€šÃ³Ã¨","77","dotpositionright","singlestim","216","239789","m","right","correct","1","","1","trialend","singlestim","217","240808"
"12704","Subject262","1","successsuccess","1","success","positionleft","validityvalid","test","4","positive","singlestim","219","242817","353","â€šÃ³Ã¨","67","dotpositionleft","singlestim","220","243222","c","left","correct","1","","1","trialend","singlestim","221","244237"
"13001","Subject262","1","deceaseddeceased","1","deceased","positionright","validityvalid","test","4","suicide","singlestim","223","246244","261","â€šÃ³Ã¨","77","dotpositionright","singlestim","224","246561","m","right","correct","1","","1","trialend","singlestim","225","247576"
"13298","Subject262","1","wohlesswohless","1","wohless","positionright","validityvalid","test","4","negative","singlestim","227","249587","306","â€šÃ³Ã¨","77","dotpositionright","singlestim","228","249950","m","right","correct","1","","1","trialend","singlestim","229","250970"
"13595","Subject262","1","killingkilling","1","killing","positionleft","validityvalid","test","4","suicide","singlestim","231","252978","328","â€šÃ³Ã¨","67","dotpositionleft","singlestim","232","253360","c","left","correct","1","","1","trialend","singlestim","233","254377"
"13892","Subject262","1","alonealone","1","alone","positionleft","validityvalid","test","4","negative","singlestim","235","256387","331","â€šÃ³Ã¨","67","dotpositionleft","singlestim","236","256771","c","left","correct","1","","1","trialend","singlestim","237","257789"
"14189","Subject262","1","engineengine","1","engine","positionleft","validityvalid","test","4","neutral","singlestim","239","259797","306","â€šÃ³Ã¨","67","dotpositionleft","singlestim","240","260159","c","left","correct","1","","1","trialend","singlestim","241","261177"
"14486","Subject262","1","bombbomb","1","bomb","positionright","validityvalid","test","3","negative","singlestim","243","263188","176","â€šÃ³Ã¨","77","dotpositionright","singlestim","244","263419","m","right","correct","1","","1","trialend","singlestim","245","264435"
"14783","Subject262","1","smilesmile","1","smile","positionleft","validityvalid","test","3","positive","singlestim","247","266443","316","â€šÃ³Ã¨","67","dotpositionleft","singlestim","248","266812","c","left","correct","1","","1","trialend","singlestim","249","267829"
"15080","Subject262","1","metermeter","1","meter","positionleft","validityvalid","test","3","neutral","singlestim","251","269837","377","â€šÃ³Ã¨","67","dotpositionleft","singlestim","252","270269","c","left","correct","1","","1","trialend","singlestim","253","271287"
"15377","Subject262","1","greengreen","1","green","positionright","validityvalid","test","3","neutral","singlestim","255","273297","137","â€šÃ³Ã¨","77","dotpositionright","singlestim","256","273490","m","right","correct","1","","1","trialend","singlestim","257","274508"
"15674","Subject262","1","happyhappy","1","happy","positionright","validityvalid","test","3","positive","singlestim","259","276520","398","â€šÃ³Ã¨","77","dotpositionright","singlestim","260","276971","m","right","correct","1","","1","trialend","singlestim","261","277987"
"15971","Subject262","1","diedie","1","die","positionright","validityvalid","test","3","suicide","singlestim","263","280002","257","â€šÃ³Ã¨","77","dotpositionright","singlestim","264","280319","m","right","correct","1","","1","trialend","singlestim","265","281339"
"16268","Subject262","1","kisskiss","1","kiss","positionright","validityinvalid","test","3","positive","singlestim","267","283353","204","â€šÃ³Ã¨","77","dotpositionleft","singlestim","268","283610","m","right","incorrect","186","","67","trialend","singlestim","269","284626"
"16565","Subject262","1","closetcloset","1","closet","positionright","validityinvalid","test","3","neutral","singlestim","271","286635","309","â€šÃ³Ã¨","67","dotpositionleft","singlestim","272","287001","c","left","correct","1","","1","trialend","singlestim","273","288021"
"16862","Subject262","1","cuttingcutting","1","cutting","positionright","validityvalid","test","3","suicide","singlestim","275","290035","440","â€šÃ³Ã¨","77","dotpositionright","singlestim","276","290529","m","right","correct","1","","1","trialend","singlestim","277","291544"
"17159","Subject262","1","deaddead","1","dead","positionleft","validityinvalid","test","3","suicide","singlestim","279","293555","267","â€šÃ³Ã¨","77","dotpositionright","singlestim","280","293880","m","right","correct","1","","1","trialend","singlestim","281","294901"
"17456","Subject262","1","assaultassault","1","assault","positionleft","validityinvalid","test","3","negative","singlestim","283","296915","309","â€šÃ³Ã¨","77","dotpositionright","singlestim","284","297282","m","right","correct","1","","1","trialend","singlestim","285","298299"
"17753","Subject262","1","dyingdying","1","dying","positionleft","validityvalid","test","3","suicide","singlestim","287","300310","412","â€šÃ³Ã¨","67","dotpositionleft","singlestim","288","300780","c","left","correct","1","","1","trialend","singlestim","289","301795"
"18050","Subject262","1","rejectedrejected","1","rejected","positionright","validityvalid","test","3","negative","singlestim","291","303808","274","â€šÃ³Ã¨","77","dotpositionright","singlestim","292","304139","m","right","correct","1","","1","trialend","singlestim","293","305160"
"18347","Subject262","1","strongstrong","1","strong","positionleft","validityvalid","test","3","positive","singlestim","295","307170","344","â€šÃ³Ã¨","67","dotpositionleft","singlestim","296","307572","c","left","correct","1","","1","trialend","singlestim","297","308590"
"18644","Subject262","1","museummuseum","1","museum","positionleft","validityvalid","test","3","neutral","singlestim","299","310605","370","â€šÃ³Ã¨","67","dotpositionleft","singlestim","300","311029","c","left","correct","1","","1","trialend","singlestim","301","312050"
"18941","Subject262","1","touretoure","1","toure","positionleft","validityvalid","test","3","negative","singlestim","303","314060","342","â€šÃ³Ã¨","67","dotpositionleft","singlestim","304","314459","c","left","correct","1","","1","trialend","singlestim","305","315476"
