"","SubjectID","rt","stimulus","keypress","word","wordposition","validity","block","blocknum","wordtype","trialtype","trialindex","timeelapsed","rt.1","stimulus.1","keypress.1","dotposition","trialtype.1","trialindex.1","timeelapsed.1","keypressed","participantresponse","correctresponse","rt.2","stimulus.2","keypress.2","blocktrial","trialtype.2","trialindex.2","timeelapsed.2"
"126","Subject132","1","horsehorse","1","horse","positionleft","validityinvalid","test","2","neutral","singlestim","51","5100588","686","â€šÃ³Ã¨","77","dotpositionright","singlestim","52","5101329","m","right","correct","1","","1","trialend","singlestim","53","5102345"
"423","Subject132","1","pleasurepleasure","1","pleasure","positionleft","validityvalid","test","2","positive","singlestim","55","5104354","683","â€šÃ³Ã¨","67","dotpositionleft","singlestim","56","5105090","c","left","correct","1","","1","trialend","singlestim","57","5106101"
"720","Subject132","1","foamfoam","1","foam","positionright","validityvalid","test","2","neutral","singlestim","59","5108109","488","â€šÃ³Ã¨","77","dotpositionright","singlestim","60","5108652","m","right","correct","1","","1","trialend","singlestim","61","5109665"
"1017","Subject132","1","enthusiasmenthusiasm","1","enthusiasm","positionright","validityvalid","test","2","positive","singlestim","63","5111676","374","â€šÃ³Ã¨","77","dotpositionright","singlestim","64","5112101","m","right","correct","1","","1","trialend","singlestim","65","5113118"
"1314","Subject132","1","corpsecorpse","1","corpse","positionleft","validityvalid","test","2","suicide","singlestim","67","5115127","559","â€šÃ³Ã¨","67","dotpositionleft","singlestim","68","5115738","c","left","correct","1","","1","trialend","singlestim","69","5116753"
"1611","Subject132","1","cruelcruel","1","cruel","positionright","validityvalid","test","2","negative","singlestim","71","5118762","1005","â€šÃ³Ã¨","77","dotpositionright","singlestim","72","5119819","m","right","correct","1","","1","trialend","singlestim","73","5120835"
"1908","Subject132","1","lovelove","1","love","positionright","validityinvalid","test","2","positive","singlestim","75","5122841","567","â€šÃ³Ã¨","67","dotpositionleft","singlestim","76","5123462","c","left","correct","1","","1","trialend","singlestim","77","5124478"
"2205","Subject132","1","paperpaper","1","paper","positionleft","validityvalid","test","2","neutral","singlestim","79","5126482","457","â€šÃ³Ã¨","67","dotpositionleft","singlestim","80","5126996","c","left","correct","1","","1","trialend","singlestim","81","5128010"
"2502","Subject132","1","braverybravery","1","bravery","positionleft","validityvalid","test","2","positive","singlestim","83","5130019","906","â€šÃ³Ã¨","67","dotpositionleft","singlestim","84","5130978","c","left","correct","1","","1","trialend","singlestim","85","5131991"
"2799","Subject132","1","filthyfilthy","1","filthy","positionleft","validityinvalid","test","2","negative","singlestim","87","5134001","697","â€šÃ³Ã¨","77","dotpositionright","singlestim","88","5134752","m","right","correct","1","","1","trialend","singlestim","89","5135766"
"3096","Subject132","1","overdoseoverdose","1","overdose","positionright","validityinvalid","test","2","suicide","singlestim","91","5137769","671","â€šÃ³Ã¨","67","dotpositionleft","singlestim","92","5138495","c","left","correct","1","","1","trialend","singlestim","93","5139512"
"3393","Subject132","1","failurefailure","1","failure","positionleft","validityvalid","test","2","negative","singlestim","95","5141522","588","â€šÃ³Ã¨","67","dotpositionleft","singlestim","96","5142164","c","left","correct","1","","1","trialend","singlestim","97","5143178"
"3690","Subject132","1","noosenoose","1","noose","positionleft","validityvalid","test","2","suicide","singlestim","99","5145184","438","â€šÃ³Ã¨","67","dotpositionleft","singlestim","100","5145675","c","left","correct","1","","1","trialend","singlestim","101","5146687"
"3987","Subject132","1","tabletable","1","table","positionright","validityvalid","test","2","neutral","singlestim","103","5148696","434","â€šÃ³Ã¨","77","dotpositionright","singlestim","104","5149181","m","right","correct","1","","1","trialend","singlestim","105","5150197"
"4284","Subject132","1","deathdeath","1","death","positionright","validityvalid","test","2","suicide","singlestim","107","5152205","677","â€šÃ³Ã¨","77","dotpositionright","singlestim","108","5152934","m","right","correct","1","","1","trialend","singlestim","109","5153950"
"4581","Subject132","1","abuseabuse","1","abuse","positionright","validityvalid","test","2","negative","singlestim","111","5155958","634","â€šÃ³Ã¨","77","dotpositionright","singlestim","112","5156648","m","right","correct","1","","1","trialend","singlestim","113","5157665"
"4878","Subject132","1","rejectedrejected","1","rejected","positionright","validityvalid","test","3","negative","singlestim","115","5159672","504","â€šÃ³Ã¨","77","dotpositionright","singlestim","116","5160230","m","right","correct","1","","1","trialend","singlestim","117","5161246"
"5175","Subject132","1","kisskiss","1","kiss","positionright","validityinvalid","test","3","positive","singlestim","119","5163255","456","â€šÃ³Ã¨","67","dotpositionleft","singlestim","120","5163766","c","left","correct","1","","1","trialend","singlestim","121","5164780"
"5472","Subject132","1","museummuseum","1","museum","positionleft","validityvalid","test","3","neutral","singlestim","123","5166789","682","â€šÃ³Ã¨","77","dotpositionleft","singlestim","124","5167527","m","right","incorrect","100","","67","trialend","singlestim","125","5168542"
"5769","Subject132","1","smilesmile","1","smile","positionleft","validityvalid","test","3","positive","singlestim","127","5170550","487","â€šÃ³Ã¨","67","dotpositionleft","singlestim","128","5171090","c","left","correct","1","","1","trialend","singlestim","129","5172106"
"6066","Subject132","1","bombbomb","1","bomb","positionright","validityvalid","test","3","negative","singlestim","131","5174114","282","â€šÃ³Ã¨","77","dotpositionright","singlestim","132","5174448","m","right","correct","1","","1","trialend","singlestim","133","5175464"
"6363","Subject132","1","strongstrong","1","strong","positionleft","validityvalid","test","3","positive","singlestim","135","5177470","316","â€šÃ³Ã¨","67","dotpositionleft","singlestim","136","5177838","c","left","correct","280","","67","trialend","singlestim","137","5178851"
"6660","Subject132","1","diedie","1","die","positionright","validityvalid","test","3","suicide","singlestim","139","5180861","374","â€šÃ³Ã¨","77","dotpositionright","singlestim","140","5181286","m","right","correct","1","","1","trialend","singlestim","141","5182300"
"6957","Subject132","1","happyhappy","1","happy","positionright","validityvalid","test","3","positive","singlestim","143","5184305","446","â€šÃ³Ã¨","77","dotpositionright","singlestim","144","5184804","m","right","correct","1","","1","trialend","singlestim","145","5185821"
"7254","Subject132","631","dyingdying","67","dying","positionleft","validityvalid","test","3","suicide","singlestim","147","5187830","435","â€šÃ³Ã¨","67","dotpositionleft","singlestim","148","5188320","c","left","correct","1","","1","trialend","singlestim","149","5189334"
"7551","Subject132","1","closetcloset","1","closet","positionright","validityinvalid","test","3","neutral","singlestim","151","5191342","1129","â€šÃ³Ã¨","67","dotpositionleft","singlestim","152","5192526","c","left","correct","1","","1","trialend","singlestim","153","5193540"
"7848","Subject132","1","assaultassault","1","assault","positionleft","validityinvalid","test","3","negative","singlestim","155","5195549","490","â€šÃ³Ã¨","77","dotpositionright","singlestim","156","5196095","m","right","correct","1","","1","trialend","singlestim","157","5197109"
"8145","Subject132","1","greengreen","1","green","positionright","validityvalid","test","3","neutral","singlestim","159","5199118","513","â€šÃ³Ã¨","77","dotpositionright","singlestim","160","5199683","m","right","correct","1","","1","trialend","singlestim","161","5200701"
"8442","Subject132","811","deaddead","67","dead","positionleft","validityinvalid","test","3","suicide","singlestim","163","5202710","473","â€šÃ³Ã¨","77","dotpositionright","singlestim","164","5203235","m","right","correct","1","","1","trialend","singlestim","165","5204248"
"8739","Subject132","1","metermeter","1","meter","positionleft","validityvalid","test","3","neutral","singlestim","167","5206262","1","â€šÃ³Ã¨","1","dotpositionleft","singlestim","168","5208318","","incorrect","1","","1","trialend","singlestim","169","5209333","1010550"
"9036","Subject132","touretoure","1","toure","positionleft","validityvalid","test","3","negative","singlestim","171","5211341","1010570","â€šÃ³Ã¨","1","dotpositionleft","singlestim","172","5213400","1010580","incorrect","131","","67","trialend","singlestim","173","5214412","1010590","1"
"9333","Subject132","1","cutting","positionright","validityvalid","test","3","suicide","singlestim","175","5216423","1010610","892","77","dotpositionright","singlestim","176","5217371","1010620","m","correct","1","","1","trialend","singlestim","177","5218385","1010630","1"
"9630","Subject132","1","laugh","positionright","validityvalid","test","4","positive","singlestim","179","5220394","102010","447","77","dotpositionright","singlestim","180","5220896","102020","m","correct","1","","1","trialend","singlestim","181","5221911","102030","1"
"9927","Subject132","1","passionate","positionleft","validityinvalid","test","4","positive","singlestim","183","5223915","102050","443","77","dotpositionright","singlestim","184","5224413","102060","m","correct","1","","1","trialend","singlestim","185","5225430","102070","1"
"10224","Subject132","1","wohless","positionright","validityvalid","test","4","negative","singlestim","187","5227438","102090","324","77","dotpositionright","singlestim","188","5227815","1020100","m","correct","1","","1","trialend","singlestim","189","5228831","1020110","1"
"10521","Subject132","1","stupid","positionleft","validityvalid","test","4","negative","singlestim","191","5230839","1020130","337","67","dotpositionleft","singlestim","192","5231229","1020140","c","correct","1","","1","trialend","singlestim","193","5232242","1020150","1"
"10818","Subject132","1","double","positionright","validityvalid","test","4","neutral","singlestim","195","5234249","1020170","314","77","dotpositionright","singlestim","196","5234616","1020180","m","correct","1","","1","trialend","singlestim","197","5235631","1020190","1"
"11115","Subject132","1","alone","positionleft","validityvalid","test","4","negative","singlestim","199","5237642","1020210","426","67","dotpositionleft","singlestim","200","5238119","1020220","c","correct","1","","1","trialend","singlestim","201","5239132","1020230","1"
"11412","Subject132","1","engine","positionleft","validityvalid","test","4","neutral","singlestim","203","5241141","1020250","486","67","dotpositionleft","singlestim","204","5241681","1020260","c","correct","1","","1","trialend","singlestim","205","5242697","1020270","1"
"11709","Subject132","1","killing","positionleft","validityvalid","test","4","suicide","singlestim","207","5244706","1020290","515","67","dotpositionleft","singlestim","208","5245276","1020300","c","correct","1","","1","trialend","singlestim","209","5246292","1020310","1"
"12006","Subject132","1","ashamed","positionright","validityinvalid","test","4","negative","singlestim","211","5248295","1020330","790","67","dotpositionleft","singlestim","212","5249136","1020340","c","correct","1","","1","trialend","singlestim","213","5250151","1020350","1"
"12303","Subject132","1","suicide","positionright","validityinvalid","test","4","suicide","singlestim","215","5252159","1020370","1","1","dotpositionleft","singlestim","216","5254219","1020380","","1","","1","trialend","singlestim","217","5255235","1020390","1","hanginghanging"
"12600","Subject132","hanging","positionleft","validityvalid","test","4","suicide","singlestim","219","5257243","1020410","401","â€šÃ³Ã¨","dotpositionleft","singlestim","220","5257695","1020420","c","left","1","","1","trialend","singlestim","221","5258712","1020430","1","deceaseddeceased"
"12897","Subject132","deceased","positionright","validityvalid","test","4","suicide","singlestim","223","5260724","1020450","316","â€šÃ³Ã¨","dotpositionright","singlestim","224","5261095","1020460","m","right","1","","1","trialend","singlestim","225","5262109","1020470","1","frameframe"
"13194","Subject132","frame","positionleft","validityinvalid","test","4","neutral","singlestim","227","5264120","1020490","688","â€šÃ³Ã¨","dotpositionright","singlestim","228","5264859","1020500","m","right","1","","1","trialend","singlestim","229","5265875","1020510","1","ecstaticecstatic"
"13491","Subject132","ecstatic","positionright","validityvalid","test","4","positive","singlestim","231","5267883","1020530","372","â€šÃ³Ã¨","dotpositionright","singlestim","232","5268309","1020540","m","right","1","","1","trialend","singlestim","233","5269324","1020550","1","structurestructure"
"13788","Subject132","structure","positionright","validityvalid","test","4","neutral","singlestim","235","5271335","1020570","256","â€šÃ³Ã¨","dotpositionright","singlestim","236","5271643","1020580","m","right","1","","1","trialend","singlestim","237","5272658","1020590","1","successsuccess"
"14085","Subject132","success","positionleft","validityvalid","test","4","positive","singlestim","239","5274666","1020610","266","â€šÃ³Ã¨","dotpositionleft","singlestim","240","5274985","1020620","c","left","1","","1","trialend","singlestim","241","5276000","1020630","1","patheticpathetic"
"14382","Subject132","pathetic","positionleft","validityvalid","test","1","negative","singlestim","243","5278009","103010","713","â€šÃ³Ã¨","dotpositionleft","singlestim","244","5278777","103020","c","left","1","","1","trialend","singlestim","245","5279790","103030","1","gunshotgunshot"
"14679","Subject132","gunshot","positionright","validityvalid","test","1","suicide","singlestim","247","5281799","103050","411","â€šÃ³Ã¨","dotpositionright","singlestim","248","5282263","103060","m","right","1","","1","trialend","singlestim","249","5283280","103070","1","bloodblood"
"14976","Subject132","blood","positionleft","validityvalid","test","1","suicide","singlestim","251","5285288","103090","339","â€šÃ³Ã¨","dotpositionleft","singlestim","252","5285682","1030100","c","left","1","","1","trialend","singlestim","253","5286698","1030110","1","paradiseparadise"
"15273","Subject132","paradise","positionleft","validityvalid","test","1","positive","singlestim","255","5288708","1030130","396","â€šÃ³Ã¨","dotpositionleft","singlestim","256","5289158","1030140","c","left","1","","1","trialend","singlestim","257","5290174","1030150","1","foldedfolded"
"15570","Subject132","folded","positionleft","validityvalid","test","1","neutral","singlestim","259","5292182","1030170","311","â€šÃ³Ã¨","dotpositionleft","singlestim","260","5292550","1030180","c","left","1","","1","trialend","singlestim","261","5293562","1030190","1","cryingcrying"
"15867","Subject132","crying","positionright","validityvalid","test","1","negative","singlestim","263","5295571","1030210","289","â€šÃ³Ã¨","dotpositionright","singlestim","264","5295911","1030220","m","right","1","","1","trialend","singlestim","265","5296929","1030230","1","healthyhealthy"
"16164","Subject132","healthy","positionleft","validityinvalid","test","1","positive","singlestim","267","5298935","1030250","718","â€šÃ³Ã¨","dotpositionright","singlestim","268","5299708","1030260","m","right","1","","1","trialend","singlestim","269","5300720","1030270","1","attractionattraction"
"16461","Subject132","attraction","positionright","validityvalid","test","1","positive","singlestim","271","5302730","1030290","487","â€šÃ³Ã¨","dotpositionright","singlestim","272","5303270","1030300","m","right","1","","1","trialend","singlestim","273","5304283","1030310","1","suffocationsuffocation"
"16758","Subject132","suffocation","positionleft","validityinvalid","test","1","suicide","singlestim","275","5306293","1030330","495","â€šÃ³Ã¨","dotpositionright","singlestim","276","5306841","1030340","m","right","1","","1","trialend","singlestim","277","5307854","1030350","1","imageimage"
"17055","Subject132","image","positionleft","validityvalid","test","1","neutral","singlestim","279","5309863","1030370","346","â€šÃ³Ã¨","dotpositionleft","singlestim","280","5310264","1030380","c","left","1","","1","trialend","singlestim","281","5311279","1030390","1","funeralfuneral"
"17352","Subject132","funeral","positionright","validityvalid","test","1","suicide","singlestim","283","5313288","1030410","230","â€šÃ³Ã¨","dotpositionright","singlestim","284","5313574","1030420","m","right","1","","1","trialend","singlestim","285","5314588","1030430","1","vomitvomit"
"17649","Subject132","vomit","positionleft","validityvalid","test","1","negative","singlestim","287","5316595","1030450","389","â€šÃ³Ã¨","dotpositionleft","singlestim","288","5317036","1030460","c","left","1","","1","trialend","singlestim","289","5318053","1030470","247","statuestatue"
"17946","Subject132","statue","positionright","validityinvalid","test","1","neutral","singlestim","291","5320059","1030490","462","â€šÃ³Ã¨","dotpositionleft","singlestim","292","5320578","1030500","c","left","1","","1","trialend","singlestim","293","5321592","1030510","1","greatgreat"
"18243","Subject132","great","positionright","validityvalid","test","1","positive","singlestim","295","5323598","1030530","489","â€šÃ³Ã¨","dotpositionright","singlestim","296","5324138","1030540","m","right","1","","1","trialend","singlestim","297","5325152","1030550","1","cheesecheese"
"18540","Subject132","cheese","positionright","validityvalid","test","1","neutral","singlestim","299","5327158","1030570","404","â€šÃ³Ã¨","dotpositionright","singlestim","300","5327617","1030580","m","right","1","","1","trialend","singlestim","301","5328633","1030590","1","hatehate"
"18837","Subject132","hate","positionright","validityinvalid","test","1","negative","singlestim","303","5330640","1030610","482","â€šÃ³Ã¨","dotpositionleft","singlestim","304","5331175","1030620","c","left","1","","1","trialend","singlestim","305","5332189","1030630","1002","timeout"
