"","SubjectID","rt","stimulus","keypress","word","wordposition","validity","block","blocknum","wordtype","trialtype","trialindex","timeelapsed","rt.1","stimulus.1","keypress.1","dotposition","trialtype.1","trialindex.1","timeelapsed.1","keypressed","participantresponse","correctresponse","rt.2","stimulus.2","keypress.2","blocktrial","trialtype.2","trialindex.2","timeelapsed.2"
"250","Subject284","1","ecstaticecstatic","1","ecstatic","positionright","validityvalid","test","4","positive","singlestim","51","68599","318","â€šÃ³Ã¨","77","dotpositionright","singlestim","52","68969","m","right","correct","1","","1","trialend","singlestim","53","69984"
"547","Subject284","1","ashamedashamed","1","ashamed","positionright","validityinvalid","test","4","negative","singlestim","55","71993","304","â€šÃ³Ã¨","67","dotpositionleft","singlestim","56","72350","c","left","correct","1","","1","trialend","singlestim","57","73370"
"844","Subject284","1","doubledouble","1","double","positionright","validityvalid","test","4","neutral","singlestim","59","75379","477","â€šÃ³Ã¨","77","dotpositionright","singlestim","60","75909","m","right","correct","1","","1","trialend","singlestim","61","76928"
"1141","Subject284","1","structurestructure","1","structure","positionright","validityvalid","test","4","neutral","singlestim","63","78940","351","â€šÃ³Ã¨","77","dotpositionright","singlestim","64","79346","m","right","correct","1","","1","trialend","singlestim","65","80365"
"1438","Subject284","1","alonealone","1","alone","positionleft","validityvalid","test","4","negative","singlestim","67","82374","245","â€šÃ³Ã¨","67","dotpositionleft","singlestim","68","82672","c","left","correct","1","","1","trialend","singlestim","69","83687"
"1735","Subject284","1","deceaseddeceased","1","deceased","positionright","validityvalid","test","4","suicide","singlestim","71","85694","276","â€šÃ³Ã¨","77","dotpositionright","singlestim","72","86025","m","right","correct","1","","1","trialend","singlestim","73","87046"
"2032","Subject284","1","stupidstupid","1","stupid","positionleft","validityvalid","test","4","negative","singlestim","75","89055","356","â€šÃ³Ã¨","67","dotpositionleft","singlestim","76","89468","c","left","correct","1","","1","trialend","singlestim","77","90484"
"2329","Subject284","1","hanginghanging","1","hanging","positionleft","validityvalid","test","4","suicide","singlestim","79","92489","243","â€šÃ³Ã¨","67","dotpositionleft","singlestim","80","92788","c","left","correct","1","","1","trialend","singlestim","81","93805"
"2626","Subject284","1","killingkilling","1","killing","positionleft","validityvalid","test","4","suicide","singlestim","83","95814","316","â€šÃ³Ã¨","67","dotpositionleft","singlestim","84","96184","c","left","correct","1","","1","trialend","singlestim","85","97205"
"2923","Subject284","1","laughlaugh","1","laugh","positionright","validityvalid","test","4","positive","singlestim","87","99215","283","â€šÃ³Ã¨","77","dotpositionright","singlestim","88","99553","m","right","correct","1","","1","trialend","singlestim","89","100573"
"3220","Subject284","1","wohlesswohless","1","wohless","positionright","validityvalid","test","4","negative","singlestim","91","102580","303","â€šÃ³Ã¨","77","dotpositionright","singlestim","92","102938","m","right","correct","1","","1","trialend","singlestim","93","103953"
"3517","Subject284","1","suicidesuicide","1","suicide","positionright","validityinvalid","test","4","suicide","singlestim","95","105965","264","â€šÃ³Ã¨","67","dotpositionleft","singlestim","96","106283","c","left","correct","1","","1","trialend","singlestim","97","107304"
"3814","Subject284","1","engineengine","1","engine","positionleft","validityvalid","test","4","neutral","singlestim","99","109310","265","â€šÃ³Ã¨","67","dotpositionleft","singlestim","100","109629","c","left","correct","1","","1","trialend","singlestim","101","110649"
"4111","Subject284","1","passionatepassionate","1","passionate","positionleft","validityinvalid","test","4","positive","singlestim","103","112664","299","â€šÃ³Ã¨","77","dotpositionright","singlestim","104","113018","m","right","correct","1","","1","trialend","singlestim","105","114035"
"4408","Subject284","1","frameframe","1","frame","positionleft","validityinvalid","test","4","neutral","singlestim","107","116042","318","â€šÃ³Ã¨","77","dotpositionright","singlestim","108","116413","m","right","correct","1","","1","trialend","singlestim","109","117434"
"4705","Subject284","1","successsuccess","1","success","positionleft","validityvalid","test","4","positive","singlestim","111","119446","261","â€šÃ³Ã¨","67","dotpositionleft","singlestim","112","119759","c","left","correct","1","","1","trialend","singlestim","113","120776"
"5002","Subject284","1","gunshotgunshot","1","gunshot","positionright","validityvalid","test","1","suicide","singlestim","115","122785","290","â€šÃ³Ã¨","77","dotpositionright","singlestim","116","123128","m","right","correct","1","","1","trialend","singlestim","117","124146"
"5299","Subject284","1","statuestatue","1","statue","positionright","validityinvalid","test","1","neutral","singlestim","119","126156","283","â€šÃ³Ã¨","67","dotpositionleft","singlestim","120","126494","c","left","correct","1","","1","trialend","singlestim","121","127509"
"5596","Subject284","1","cheesecheese","1","cheese","positionright","validityvalid","test","1","neutral","singlestim","123","129519","279","â€šÃ³Ã¨","77","dotpositionright","singlestim","124","129854","m","right","correct","1","","1","trialend","singlestim","125","130870"
"5893","Subject284","1","patheticpathetic","1","pathetic","positionleft","validityvalid","test","1","negative","singlestim","127","132878","258","â€šÃ³Ã¨","67","dotpositionleft","singlestim","128","133191","c","left","correct","1","","1","trialend","singlestim","129","134213"
"6190","Subject284","1","hatehate","1","hate","positionright","validityinvalid","test","1","negative","singlestim","131","136220","291","â€šÃ³Ã¨","67","dotpositionleft","singlestim","132","136563","c","left","correct","1","","1","trialend","singlestim","133","137578"
"6487","Subject284","1","vomitvomit","1","vomit","positionleft","validityvalid","test","1","negative","singlestim","135","139585","270","â€šÃ³Ã¨","67","dotpositionleft","singlestim","136","139911","c","left","correct","1","","1","trialend","singlestim","137","140925"
"6784","Subject284","1","funeralfuneral","1","funeral","positionright","validityvalid","test","1","suicide","singlestim","139","142933","298","â€šÃ³Ã¨","77","dotpositionright","singlestim","140","143284","m","right","correct","1","","1","trialend","singlestim","141","144298"
"7081","Subject284","1","imageimage","1","image","positionleft","validityvalid","test","1","neutral","singlestim","143","146305","253","â€šÃ³Ã¨","67","dotpositionleft","singlestim","144","146613","c","left","correct","1","","1","trialend","singlestim","145","147632"
"7378","Subject284","1","cryingcrying","1","crying","positionright","validityvalid","test","1","negative","singlestim","147","149640","266","â€šÃ³Ã¨","77","dotpositionright","singlestim","148","149960","m","right","correct","1","","1","trialend","singlestim","149","150981"
"7675","Subject284","1","attractionattraction","1","attraction","positionright","validityvalid","test","1","positive","singlestim","151","152989","293","â€šÃ³Ã¨","77","dotpositionright","singlestim","152","153338","m","right","correct","1","","1","trialend","singlestim","153","154355"
"7972","Subject284","1","bloodblood","1","blood","positionleft","validityvalid","test","1","suicide","singlestim","155","156360","268","â€šÃ³Ã¨","67","dotpositionleft","singlestim","156","156682","c","left","correct","1","","1","trialend","singlestim","157","157699"
"8269","Subject284","1","healthyhealthy","1","healthy","positionleft","validityinvalid","test","1","positive","singlestim","159","159709","280","â€šÃ³Ã¨","77","dotpositionright","singlestim","160","160044","m","right","correct","1","","1","trialend","singlestim","161","161062"
"8566","Subject284","1","foldedfolded","1","folded","positionleft","validityvalid","test","1","neutral","singlestim","163","163071","318","â€šÃ³Ã¨","67","dotpositionleft","singlestim","164","163443","c","left","correct","1","","1","trialend","singlestim","165","164457"
"8863","Subject284","1","suffocationsuffocation","1","suffocation","positionleft","validityinvalid","test","1","suicide","singlestim","167","166465","280","â€šÃ³Ã¨","67","dotpositionright","singlestim","168","166798","c","left","incorrect","1","","1","trialend","singlestim","169","167816"
"9160","Subject284","1","greatgreat","1","great","positionright","validityvalid","test","1","positive","singlestim","171","169825","314","â€šÃ³Ã¨","77","dotpositionright","singlestim","172","170194","m","right","correct","1","","1","trialend","singlestim","173","171212"
"9457","Subject284","1","paradiseparadise","1","paradise","positionleft","validityvalid","test","1","positive","singlestim","175","173222","265","â€šÃ³Ã¨","67","dotpositionleft","singlestim","176","173541","c","left","correct","1","","1","trialend","singlestim","177","174559"
"9754","Subject284","1","cruelcruel","1","cruel","positionright","validityvalid","test","2","negative","singlestim","179","176569","341","â€šÃ³Ã¨","77","dotpositionright","singlestim","180","176963","m","right","correct","1","","1","trialend","singlestim","181","177984"
"10051","Subject284","1","pleasurepleasure","1","pleasure","positionleft","validityvalid","test","2","positive","singlestim","183","179993","222","â€šÃ³Ã¨","67","dotpositionleft","singlestim","184","180271","c","left","correct","1","","1","trialend","singlestim","185","181287"
"10348","Subject284","1","overdoseoverdose","1","overdose","positionright","validityinvalid","test","2","suicide","singlestim","187","183299","492","â€šÃ³Ã¨","67","dotpositionleft","singlestim","188","183846","c","left","correct","1","","1","trialend","singlestim","189","184865"
"10645","Subject284","1","lovelove","1","love","positionright","validityinvalid","test","2","positive","singlestim","191","186875","307","â€šÃ³Ã¨","67","dotpositionleft","singlestim","192","187236","c","left","correct","1","","1","trialend","singlestim","193","188256"
"10942","Subject284","1","tabletable","1","table","positionright","validityvalid","test","2","neutral","singlestim","195","190265","314","â€šÃ³Ã¨","77","dotpositionright","singlestim","196","190634","m","right","correct","1","","1","trialend","singlestim","197","191655"
"11239","Subject284","1","enthusiasmenthusiasm","1","enthusiasm","positionright","validityvalid","test","2","positive","singlestim","199","193664","481","â€šÃ³Ã¨","77","dotpositionright","singlestim","200","194198","m","right","correct","1","","1","trialend","singlestim","201","195216"
"11536","Subject284","1","horsehorse","1","horse","positionleft","validityinvalid","test","2","neutral","singlestim","203","197224","295","â€šÃ³Ã¨","77","dotpositionright","singlestim","204","197574","m","right","correct","1","","1","trialend","singlestim","205","198595"
"11833","Subject284","1","failurefailure","1","failure","positionleft","validityvalid","test","2","negative","singlestim","207","200605","348","â€šÃ³Ã¨","67","dotpositionleft","singlestim","208","201006","c","left","correct","1","","1","trialend","singlestim","209","202025"
"12130","Subject284","1","corpsecorpse","1","corpse","positionleft","validityvalid","test","2","suicide","singlestim","211","204036","325","â€šÃ³Ã¨","67","dotpositionleft","singlestim","212","204414","c","left","correct","1","","1","trialend","singlestim","213","205434"
"12427","Subject284","1","deathdeath","1","death","positionright","validityvalid","test","2","suicide","singlestim","215","207444","335","â€šÃ³Ã¨","77","dotpositionright","singlestim","216","207835","m","right","correct","541","","67","trialend","singlestim","217","208855"
"12724","Subject284","1","abuseabuse","1","abuse","positionright","validityvalid","test","2","negative","singlestim","219","210865","343","â€šÃ³Ã¨","77","dotpositionright","singlestim","220","211260","m","right","correct","1","","1","trialend","singlestim","221","212277"
"13021","Subject284","1","braverybravery","1","bravery","positionleft","validityvalid","test","2","positive","singlestim","223","214286","220","â€šÃ³Ã¨","67","dotpositionleft","singlestim","224","214559","c","left","correct","1","","1","trialend","singlestim","225","215578"
"13318","Subject284","1","foamfoam","1","foam","positionright","validityvalid","test","2","neutral","singlestim","227","217588","331","â€šÃ³Ã¨","77","dotpositionright","singlestim","228","217974","m","right","correct","1","","1","trialend","singlestim","229","218990"
"13615","Subject284","1","paperpaper","1","paper","positionleft","validityvalid","test","2","neutral","singlestim","231","221000","232","â€šÃ³Ã¨","67","dotpositionleft","singlestim","232","221287","c","left","correct","1","","1","trialend","singlestim","233","222305"
"13912","Subject284","1","filthyfilthy","1","filthy","positionleft","validityinvalid","test","2","negative","singlestim","235","224314","308","â€šÃ³Ã¨","77","dotpositionright","singlestim","236","224678","m","right","correct","1","","1","trialend","singlestim","237","225694"
"14209","Subject284","1","noosenoose","1","noose","positionleft","validityvalid","test","2","suicide","singlestim","239","227704","217","â€šÃ³Ã¨","67","dotpositionleft","singlestim","240","227976","c","left","correct","1","","1","trialend","singlestim","241","228994"
"14506","Subject284","1","smilesmile","1","smile","positionleft","validityvalid","test","3","positive","singlestim","243","231004","289","â€šÃ³Ã¨","77","dotpositionleft","singlestim","244","231347","m","right","incorrect","71","","67","trialend","singlestim","245","232360"
"14803","Subject284","1","bombbomb","1","bomb","positionright","validityvalid","test","3","negative","singlestim","247","234368","285","â€šÃ³Ã¨","77","dotpositionright","singlestim","248","234707","m","right","correct","1","","1","trialend","singlestim","249","235722"
"15100","Subject284","1","cuttingcutting","1","cutting","positionright","validityvalid","test","3","suicide","singlestim","251","237729","484","â€šÃ³Ã¨","77","dotpositionright","singlestim","252","238268","m","right","correct","1","","1","trialend","singlestim","253","239285"
"15397","Subject284","1","touretoure","1","toure","positionleft","validityvalid","test","3","negative","singlestim","255","241294","279","â€šÃ³Ã¨","67","dotpositionleft","singlestim","256","241627","c","left","correct","1","","1","trialend","singlestim","257","242645"
"15694","Subject284","1","rejectedrejected","1","rejected","positionright","validityvalid","test","3","negative","singlestim","259","244651","242","â€šÃ³Ã¨","77","dotpositionright","singlestim","260","244944","m","right","correct","1","","1","trialend","singlestim","261","245963"
"15991","Subject284","1","dyingdying","1","dying","positionleft","validityvalid","test","3","suicide","singlestim","263","247971","319","â€šÃ³Ã¨","67","dotpositionleft","singlestim","264","248343","c","left","correct","1","","1","trialend","singlestim","265","249356"
"16288","Subject284","1","greengreen","1","green","positionright","validityvalid","test","3","neutral","singlestim","267","251362","256","â€šÃ³Ã¨","77","dotpositionright","singlestim","268","251673","m","right","correct","1","","1","trialend","singlestim","269","252689"
"16585","Subject284","1","metermeter","1","meter","positionleft","validityvalid","test","3","neutral","singlestim","271","254697","250","â€šÃ³Ã¨","67","dotpositionleft","singlestim","272","255000","c","left","correct","1","","1","trialend","singlestim","273","256017"
"16882","Subject284","1","strongstrong","1","strong","positionleft","validityvalid","test","3","positive","singlestim","275","258025","255","â€šÃ³Ã¨","67","dotpositionleft","singlestim","276","258334","c","left","correct","1","","1","trialend","singlestim","277","259352"
"17179","Subject284","1","kisskiss","1","kiss","positionright","validityinvalid","test","3","positive","singlestim","279","261357","292","â€šÃ³Ã¨","67","dotpositionleft","singlestim","280","261703","c","left","correct","1","","1","trialend","singlestim","281","262718"
"17476","Subject284","1","assaultassault","1","assault","positionleft","validityinvalid","test","3","negative","singlestim","283","264726","301","â€šÃ³Ã¨","77","dotpositionright","singlestim","284","265080","m","right","correct","1","","1","trialend","singlestim","285","266102"
"17773","Subject284","1","happyhappy","1","happy","positionright","validityvalid","test","3","positive","singlestim","287","268110","328","â€šÃ³Ã¨","77","dotpositionright","singlestim","288","268491","m","right","correct","1","","1","trialend","singlestim","289","269508"
"18070","Subject284","1","museummuseum","1","museum","positionleft","validityvalid","test","3","neutral","singlestim","291","271511","212","â€šÃ³Ã¨","67","dotpositionleft","singlestim","292","271776","c","left","correct","1","","1","trialend","singlestim","293","272792"
"18367","Subject284","1","diedie","1","die","positionright","validityvalid","test","3","suicide","singlestim","295","274799","308","â€šÃ³Ã¨","77","dotpositionright","singlestim","296","275163","m","right","correct","1","","1","trialend","singlestim","297","276180"
"18664","Subject284","1","deaddead","1","dead","positionleft","validityinvalid","test","3","suicide","singlestim","299","278185","330","â€šÃ³Ã¨","77","dotpositionright","singlestim","300","278566","m","right","correct","1","","1","trialend","singlestim","301","279583"
"18961","Subject284","1","closetcloset","1","closet","positionright","validityinvalid","test","3","neutral","singlestim","303","281597","310","â€šÃ³Ã¨","67","dotpositionleft","singlestim","304","281961","c","left","correct","1","","1","trialend","singlestim","305","282979"
