"","SubjectID","rt","stimulus","keypress","word","wordposition","validity","block","blocknum","wordtype","trialtype","trialindex","timeelapsed","rt.1","stimulus.1","keypress.1","dotposition","trialtype.1","trialindex.1","timeelapsed.1","keypressed","participantresponse","correctresponse","rt.2","stimulus.2","keypress.2","blocktrial","trialtype.2","trialindex.2","timeelapsed.2"
"54","Subject57","1","wohlesswohless","1","wohless","positionright","validityvalid","test","4","negative","singlestim","51","84761","479","â€šÃ³Ã¨","77","dotpositionright","singlestim","52","85292","m","right","correct","1","","1","trialend","singlestim","53","86308"
"351","Subject57","1","laughlaugh","1","laugh","positionright","validityvalid","test","4","positive","singlestim","55","88316","457","â€šÃ³Ã¨","77","dotpositionright","singlestim","56","88827","m","right","correct","1","","1","trialend","singlestim","57","89842"
"648","Subject57","1","deceaseddeceased","1","deceased","positionright","validityvalid","test","4","suicide","singlestim","59","91851","659","â€šÃ³Ã¨","77","dotpositionright","singlestim","60","92565","m","right","correct","1","","1","trialend","singlestim","61","93582"
"945","Subject57","1","ecstaticecstatic","1","ecstatic","positionright","validityvalid","test","4","positive","singlestim","63","95591","567","â€šÃ³Ã¨","77","dotpositionright","singlestim","64","96214","m","right","correct","1","","1","trialend","singlestim","65","97228"
"1242","Subject57","1","stupidstupid","1","stupid","positionleft","validityvalid","test","4","negative","singlestim","67","99236","720","â€šÃ³Ã¨","67","dotpositionleft","singlestim","68","100009","c","left","correct","1","","1","trialend","singlestim","69","101027"
"1539","Subject57","1","passionatepassionate","1","passionate","positionleft","validityinvalid","test","4","positive","singlestim","71","103038","463","â€šÃ³Ã¨","77","dotpositionright","singlestim","72","103555","m","right","correct","1","","1","trialend","singlestim","73","104569"
"1836","Subject57","1","hanginghanging","1","hanging","positionleft","validityvalid","test","4","suicide","singlestim","75","106580","462","â€šÃ³Ã¨","67","dotpositionleft","singlestim","76","107096","c","left","correct","1","","1","trialend","singlestim","77","108110"
"2133","Subject57","1","frameframe","1","frame","positionleft","validityinvalid","test","4","neutral","singlestim","79","110118","408","â€šÃ³Ã¨","77","dotpositionright","singlestim","80","110579","m","right","correct","1","","1","trialend","singlestim","81","111597"
"2430","Subject57","1","successsuccess","1","success","positionleft","validityvalid","test","4","positive","singlestim","83","113607","428","â€šÃ³Ã¨","67","dotpositionleft","singlestim","84","114087","c","left","correct","1","","1","trialend","singlestim","85","115103"
"2727","Subject57","1","doubledouble","1","double","positionright","validityvalid","test","4","neutral","singlestim","87","117115","430","â€šÃ³Ã¨","77","dotpositionright","singlestim","88","117600","m","right","correct","1","","1","trialend","singlestim","89","118617"
"3024","Subject57","1","killingkilling","1","killing","positionleft","validityvalid","test","4","suicide","singlestim","91","120625","1422","â€šÃ³Ã¨","67","dotpositionleft","singlestim","92","122099","c","left","correct","1","","1","trialend","singlestim","93","123113"
"3321","Subject57","1","structurestructure","1","structure","positionright","validityvalid","test","4","neutral","singlestim","95","125118","573","â€šÃ³Ã¨","77","dotpositionright","singlestim","96","125742","m","right","correct","1","","1","trialend","singlestim","97","126760"
"3618","Subject57","1","engineengine","1","engine","positionleft","validityvalid","test","4","neutral","singlestim","99","128771","894","â€šÃ³Ã¨","67","dotpositionleft","singlestim","100","129720","c","left","correct","1","","1","trialend","singlestim","101","130732"
"3915","Subject57","1","suicidesuicide","1","suicide","positionright","validityinvalid","test","4","suicide","singlestim","103","132742","380","â€šÃ³Ã¨","67","dotpositionleft","singlestim","104","133177","c","left","correct","1","","1","trialend","singlestim","105","134192"
"4212","Subject57","1","ashamedashamed","1","ashamed","positionright","validityinvalid","test","4","negative","singlestim","107","136203","376","â€šÃ³Ã¨","67","dotpositionleft","singlestim","108","136635","c","left","correct","1","","1","trialend","singlestim","109","137648"
"4509","Subject57","1","alonealone","1","alone","positionleft","validityvalid","test","4","negative","singlestim","111","139655","558","â€šÃ³Ã¨","67","dotpositionleft","singlestim","112","140267","c","left","correct","1","","1","trialend","singlestim","113","141281"
"4806","Subject57","1","gunshotgunshot","1","gunshot","positionright","validityvalid","test","1","suicide","singlestim","115","143291","507","â€šÃ³Ã¨","77","dotpositionright","singlestim","116","143854","m","right","correct","1","","1","trialend","singlestim","117","144875"
"5103","Subject57","1","cheesecheese","1","cheese","positionright","validityvalid","test","1","neutral","singlestim","119","146884","401","â€šÃ³Ã¨","77","dotpositionright","singlestim","120","147341","m","right","correct","1","","1","trialend","singlestim","121","148357"
"5400","Subject57","1","patheticpathetic","1","pathetic","positionleft","validityvalid","test","1","negative","singlestim","123","150366","457","â€šÃ³Ã¨","67","dotpositionleft","singlestim","124","150878","c","left","correct","1","","1","trialend","singlestim","125","151895"
"5697","Subject57","1","bloodblood","1","blood","positionleft","validityvalid","test","1","suicide","singlestim","127","153906","450","â€šÃ³Ã¨","67","dotpositionleft","singlestim","128","154409","c","left","correct","1","","1","trialend","singlestim","129","155424"
"5994","Subject57","1","suffocationsuffocation","1","suffocation","positionleft","validityinvalid","test","1","suicide","singlestim","131","157435","465","â€šÃ³Ã¨","77","dotpositionright","singlestim","132","157953","m","right","correct","1","","1","trialend","singlestim","133","158967"
"6291","Subject57","1","greatgreat","1","great","positionright","validityvalid","test","1","positive","singlestim","135","160976","530","â€šÃ³Ã¨","77","dotpositionright","singlestim","136","161561","m","right","correct","1","","1","trialend","singlestim","137","162578"
"6588","Subject57","1","cryingcrying","1","crying","positionright","validityvalid","test","1","negative","singlestim","139","164585","581","â€šÃ³Ã¨","77","dotpositionright","singlestim","140","165220","m","right","correct","1","","1","trialend","singlestim","141","166234"
"6885","Subject57","1","vomitvomit","1","vomit","positionleft","validityvalid","test","1","negative","singlestim","143","168243","478","â€šÃ³Ã¨","67","dotpositionleft","singlestim","144","168778","c","left","correct","1","","1","trialend","singlestim","145","169795"
"7182","Subject57","1","hatehate","1","hate","positionright","validityinvalid","test","1","negative","singlestim","147","171804","422","â€šÃ³Ã¨","67","dotpositionleft","singlestim","148","172280","c","left","correct","1","","1","trialend","singlestim","149","173294"
"7479","Subject57","105","funeralfuneral","67","funeral","positionright","validityvalid","test","1","suicide","singlestim","151","175298","611","â€šÃ³Ã¨","77","dotpositionright","singlestim","152","175965","m","right","correct","1","","1","trialend","singlestim","153","176982"
"7776","Subject57","1","healthyhealthy","1","healthy","positionleft","validityinvalid","test","1","positive","singlestim","155","178992","474","â€šÃ³Ã¨","77","dotpositionright","singlestim","156","179519","m","right","correct","1","","1","trialend","singlestim","157","180535"
"8073","Subject57","1","attractionattraction","1","attraction","positionright","validityvalid","test","1","positive","singlestim","159","182547","557","â€šÃ³Ã¨","77","dotpositionright","singlestim","160","183160","m","right","correct","823","","67","trialend","singlestim","161","184174"
"8370","Subject57","1","paradiseparadise","1","paradise","positionleft","validityvalid","test","1","positive","singlestim","163","186183","466","â€šÃ³Ã¨","67","dotpositionleft","singlestim","164","186702","c","left","correct","1","","1","trialend","singlestim","165","187715"
"8667","Subject57","1","statuestatue","1","statue","positionright","validityinvalid","test","1","neutral","singlestim","167","189725","559","â€šÃ³Ã¨","67","dotpositionleft","singlestim","168","190339","c","left","correct","1","","1","trialend","singlestim","169","191355"
"8964","Subject57","1","foldedfolded","1","folded","positionleft","validityvalid","test","1","neutral","singlestim","171","193363","613","â€šÃ³Ã¨","67","dotpositionleft","singlestim","172","194028","c","left","correct","1","","1","trialend","singlestim","173","195045"
"9261","Subject57","1","imageimage","1","image","positionleft","validityvalid","test","1","neutral","singlestim","175","197054","452","â€šÃ³Ã¨","67","dotpositionleft","singlestim","176","197563","c","left","correct","1","","1","trialend","singlestim","177","198578"
"9558","Subject57","1","braverybravery","1","bravery","positionleft","validityvalid","test","2","positive","singlestim","179","200590","389","â€šÃ³Ã¨","67","dotpositionleft","singlestim","180","201031","c","left","correct","1","","1","trialend","singlestim","181","202046"
"9855","Subject57","1","horsehorse","1","horse","positionleft","validityinvalid","test","2","neutral","singlestim","183","204054","489","â€šÃ³Ã¨","77","dotpositionright","singlestim","184","204598","m","right","correct","1","","1","trialend","singlestim","185","205613"
"10152","Subject57","1","filthyfilthy","1","filthy","positionleft","validityinvalid","test","2","negative","singlestim","187","207624","484","â€šÃ³Ã¨","77","dotpositionright","singlestim","188","208161","m","right","correct","1","","1","trialend","singlestim","189","209178"
"10449","Subject57","1","overdoseoverdose","1","overdose","positionright","validityinvalid","test","2","suicide","singlestim","191","211188","793","â€šÃ³Ã¨","67","dotpositionleft","singlestim","192","212038","c","left","correct","1","","1","trialend","singlestim","193","213055"
"10746","Subject57","1","paperpaper","1","paper","positionleft","validityvalid","test","2","neutral","singlestim","195","215066","477","â€šÃ³Ã¨","67","dotpositionleft","singlestim","196","215599","c","left","correct","1","","1","trialend","singlestim","197","216615"
"11043","Subject57","1","failurefailure","1","failure","positionleft","validityvalid","test","2","negative","singlestim","199","218623","1007","â€šÃ³Ã¨","67","dotpositionleft","singlestim","200","219683","c","left","correct","1","","1","trialend","singlestim","201","220699"
"11340","Subject57","1","deathdeath","1","death","positionright","validityvalid","test","2","suicide","singlestim","203","222709","689","â€šÃ³Ã¨","77","dotpositionright","singlestim","204","223451","m","right","correct","1","","1","trialend","singlestim","205","224466"
"11637","Subject57","1","cruelcruel","1","cruel","positionright","validityvalid","test","2","negative","singlestim","207","226477","678","â€šÃ³Ã¨","77","dotpositionright","singlestim","208","227207","m","right","correct","1","","1","trialend","singlestim","209","228223"
"11934","Subject57","1","enthusiasmenthusiasm","1","enthusiasm","positionright","validityvalid","test","2","positive","singlestim","211","230231","515","â€šÃ³Ã¨","77","dotpositionright","singlestim","212","230801","m","right","correct","1","","1","trialend","singlestim","213","231816"
"12231","Subject57","1","pleasurepleasure","1","pleasure","positionleft","validityvalid","test","2","positive","singlestim","215","233824","440","â€šÃ³Ã¨","67","dotpositionleft","singlestim","216","234316","c","left","correct","1","","1","trialend","singlestim","217","235332"
"12528","Subject57","1","foamfoam","1","foam","positionright","validityvalid","test","2","neutral","singlestim","219","237342","594","â€šÃ³Ã¨","77","dotpositionright","singlestim","220","237988","m","right","correct","1","","1","trialend","singlestim","221","239006"
"12825","Subject57","1","noosenoose","1","noose","positionleft","validityvalid","test","2","suicide","singlestim","223","241016","1489","â€šÃ³Ã¨","67","dotpositionleft","singlestim","224","242562","c","left","correct","1","","1","trialend","singlestim","225","243573"
"13122","Subject57","1","abuseabuse","1","abuse","positionright","validityvalid","test","2","negative","singlestim","227","245577","336","â€šÃ³Ã¨","77","dotpositionright","singlestim","228","245966","m","right","correct","1","","1","trialend","singlestim","229","246983"
"13419","Subject57","1","corpsecorpse","1","corpse","positionleft","validityvalid","test","2","suicide","singlestim","231","248992","395","â€šÃ³Ã¨","67","dotpositionleft","singlestim","232","249442","c","left","correct","1","","1","trialend","singlestim","233","250456"
"13716","Subject57","1","lovelove","1","love","positionright","validityinvalid","test","2","positive","singlestim","235","252466","469","â€šÃ³Ã¨","67","dotpositionleft","singlestim","236","252990","c","left","correct","1","","1","trialend","singlestim","237","254005"
"14013","Subject57","1","tabletable","1","table","positionright","validityvalid","test","2","neutral","singlestim","239","256014","387","â€šÃ³Ã¨","77","dotpositionright","singlestim","240","256454","m","right","correct","1","","1","trialend","singlestim","241","257468"
"14310","Subject57","1","cuttingcutting","1","cutting","positionright","validityvalid","test","3","suicide","singlestim","243","259479","325","â€šÃ³Ã¨","77","dotpositionright","singlestim","244","259858","m","right","correct","1","","1","trialend","singlestim","245","260875"
"14607","Subject57","1","smilesmile","1","smile","positionleft","validityvalid","test","3","positive","singlestim","247","262886","709","â€šÃ³Ã¨","67","dotpositionleft","singlestim","248","263647","c","left","correct","1","","1","trialend","singlestim","249","264660"
"14904","Subject57","1","kisskiss","1","kiss","positionright","validityinvalid","test","3","positive","singlestim","251","266667","456","â€šÃ³Ã¨","67","dotpositionleft","singlestim","252","267178","c","left","correct","1","","1","trialend","singlestim","253","268195"
"15201","Subject57","1","assaultassault","1","assault","positionleft","validityinvalid","test","3","negative","singlestim","255","270205","480","â€šÃ³Ã¨","77","dotpositionright","singlestim","256","270738","m","right","correct","1","","1","trialend","singlestim","257","271752"
"15498","Subject57","1","bombbomb","1","bomb","positionright","validityvalid","test","3","negative","singlestim","259","273763","427","â€šÃ³Ã¨","77","dotpositionright","singlestim","260","274242","m","right","correct","1","","1","trialend","singlestim","261","275258"
"15795","Subject57","1","dyingdying","1","dying","positionleft","validityvalid","test","3","suicide","singlestim","263","277264","526","â€šÃ³Ã¨","67","dotpositionleft","singlestim","264","277846","c","left","correct","1","","1","trialend","singlestim","265","278863"
"16092","Subject57","1","rejectedrejected","1","rejected","positionright","validityvalid","test","3","negative","singlestim","267","280875","398","â€šÃ³Ã¨","77","dotpositionright","singlestim","268","281328","m","right","correct","1","","1","trialend","singlestim","269","282341"
"16389","Subject57","1","diedie","1","die","positionright","validityvalid","test","3","suicide","singlestim","271","284350","666","â€šÃ³Ã¨","77","dotpositionright","singlestim","272","285072","m","right","correct","1","","1","trialend","singlestim","273","286089"
"16686","Subject57","1","happyhappy","1","happy","positionright","validityvalid","test","3","positive","singlestim","275","288100","474","â€šÃ³Ã¨","77","dotpositionright","singlestim","276","288625","m","right","correct","1","","1","trialend","singlestim","277","289642"
"16983","Subject57","1","closetcloset","1","closet","positionright","validityinvalid","test","3","neutral","singlestim","279","291649","465","â€šÃ³Ã¨","67","dotpositionleft","singlestim","280","292168","c","left","correct","1","","1","trialend","singlestim","281","293184"
"17280","Subject57","1","metermeter","1","meter","positionleft","validityvalid","test","3","neutral","singlestim","283","295193","532","â€šÃ³Ã¨","67","dotpositionleft","singlestim","284","295778","c","left","correct","1","","1","trialend","singlestim","285","296792"
"17577","Subject57","1","museummuseum","1","museum","positionleft","validityvalid","test","3","neutral","singlestim","287","298798","494","â€šÃ³Ã¨","67","dotpositionleft","singlestim","288","299347","c","left","correct","1","","1","trialend","singlestim","289","300362"
"17874","Subject57","1","strongstrong","1","strong","positionleft","validityvalid","test","3","positive","singlestim","291","302372","462","â€šÃ³Ã¨","67","dotpositionleft","singlestim","292","302888","c","left","correct","1","","1","trialend","singlestim","293","303903"
"18171","Subject57","1","deaddead","1","dead","positionleft","validityinvalid","test","3","suicide","singlestim","295","305913","503","â€šÃ³Ã¨","77","dotpositionright","singlestim","296","306467","m","right","correct","1","","1","trialend","singlestim","297","307486"
"18468","Subject57","1","greengreen","1","green","positionright","validityvalid","test","3","neutral","singlestim","299","309494","476","â€šÃ³Ã¨","77","dotpositionright","singlestim","300","310022","m","right","correct","1","","1","trialend","singlestim","301","311038"
"18765","Subject57","1","touretoure","1","toure","positionleft","validityvalid","test","3","negative","singlestim","303","313046","374","â€šÃ³Ã¨","67","dotpositionleft","singlestim","304","313472","c","left","correct","1","","1","trialend","singlestim","305","314489"
