"","SubjectID","rt","stimulus","keypress","word","wordposition","validity","block","blocknum","wordtype","trialtype","trialindex","timeelapsed","rt.1","stimulus.1","keypress.1","dotposition","trialtype.1","trialindex.1","timeelapsed.1","keypressed","participantresponse","correctresponse","rt.2","stimulus.2","keypress.2","blocktrial","trialtype.2","trialindex.2","timeelapsed.2"
"150","Subject157","1","cheesecheese","1","cheese","positionright","validityvalid","test","1","neutral","singlestim","51","146095","357","â€šÃ³Ã¨","77","dotpositionright","singlestim","52","146504","m","right","correct","1","","1","trialend","singlestim","53","147521"
"447","Subject157","1","imageimage","1","image","positionleft","validityvalid","test","1","neutral","singlestim","55","149532","266","â€šÃ³Ã¨","67","dotpositionleft","singlestim","56","149850","c","left","correct","1","","1","trialend","singlestim","57","150866"
"744","Subject157","1","funeralfuneral","1","funeral","positionright","validityvalid","test","1","suicide","singlestim","59","152875","356","â€šÃ³Ã¨","77","dotpositionright","singlestim","60","153283","m","right","correct","1","","1","trialend","singlestim","61","154296"
"1041","Subject157","1","paradiseparadise","1","paradise","positionleft","validityvalid","test","1","positive","singlestim","63","156304","358","â€šÃ³Ã¨","67","dotpositionleft","singlestim","64","156718","c","left","correct","1","","1","trialend","singlestim","65","157731"
"1338","Subject157","1","cryingcrying","1","crying","positionright","validityvalid","test","1","negative","singlestim","67","159740","345","â€šÃ³Ã¨","77","dotpositionright","singlestim","68","160139","m","right","correct","1","","1","trialend","singlestim","69","161154"
"1635","Subject157","1","bloodblood","1","blood","positionleft","validityvalid","test","1","suicide","singlestim","71","163159","384","â€šÃ³Ã¨","67","dotpositionleft","singlestim","72","163596","c","left","correct","1","","1","trialend","singlestim","73","164610"
"1932","Subject157","1","patheticpathetic","1","pathetic","positionleft","validityvalid","test","1","negative","singlestim","75","166620","353","â€šÃ³Ã¨","67","dotpositionleft","singlestim","76","167027","c","left","correct","1","","1","trialend","singlestim","77","168040"
"2229","Subject157","1","greatgreat","1","great","positionright","validityvalid","test","1","positive","singlestim","79","170048","357","â€šÃ³Ã¨","77","dotpositionright","singlestim","80","170459","m","right","correct","1","","1","trialend","singlestim","81","171475"
"2526","Subject157","1","attractionattraction","1","attraction","positionright","validityvalid","test","1","positive","singlestim","83","173486","445","â€šÃ³Ã¨","77","dotpositionright","singlestim","84","173988","m","right","correct","1","","1","trialend","singlestim","85","175004"
"2823","Subject157","1","suffocationsuffocation","1","suffocation","positionleft","validityinvalid","test","1","suicide","singlestim","87","177012","453","â€šÃ³Ã¨","77","dotpositionright","singlestim","88","177517","m","right","correct","1","","1","trialend","singlestim","89","178533"
"3120","Subject157","1","hatehate","1","hate","positionright","validityinvalid","test","1","negative","singlestim","91","180542","355","â€šÃ³Ã¨","67","dotpositionleft","singlestim","92","180949","c","left","correct","1","","1","trialend","singlestim","93","181964"
"3417","Subject157","1","vomitvomit","1","vomit","positionleft","validityvalid","test","1","negative","singlestim","95","183971","469","â€šÃ³Ã¨","67","dotpositionleft","singlestim","96","184493","c","left","correct","1","","1","trialend","singlestim","97","185509"
"3714","Subject157","1","statuestatue","1","statue","positionright","validityinvalid","test","1","neutral","singlestim","99","187518","493","â€šÃ³Ã¨","67","dotpositionleft","singlestim","100","188064","c","left","correct","1","","1","trialend","singlestim","101","189079"
"4011","Subject157","1","gunshotgunshot","1","gunshot","positionright","validityvalid","test","1","suicide","singlestim","103","191087","505","â€šÃ³Ã¨","77","dotpositionright","singlestim","104","191644","m","right","correct","1","","1","trialend","singlestim","105","192659"
"4308","Subject157","1","healthyhealthy","1","healthy","positionleft","validityinvalid","test","1","positive","singlestim","107","194668","527","â€šÃ³Ã¨","77","dotpositionright","singlestim","108","195248","m","right","correct","1","","1","trialend","singlestim","109","196264"
"4605","Subject157","1","foldedfolded","1","folded","positionleft","validityvalid","test","1","neutral","singlestim","111","198272","592","â€šÃ³Ã¨","67","dotpositionleft","singlestim","112","198917","c","left","correct","1","","1","trialend","singlestim","113","199934"
"4902","Subject157","1","successsuccess","1","success","positionleft","validityvalid","test","4","positive","singlestim","115","201940","437","â€šÃ³Ã¨","67","dotpositionleft","singlestim","116","202430","c","left","correct","1","","1","trialend","singlestim","117","203443"
"5199","Subject157","1","engineengine","1","engine","positionleft","validityvalid","test","4","neutral","singlestim","119","205452","340","â€šÃ³Ã¨","67","dotpositionleft","singlestim","120","205844","c","left","correct","1","","1","trialend","singlestim","121","206861"
"5496","Subject157","1","hanginghanging","1","hanging","positionleft","validityvalid","test","4","suicide","singlestim","123","208870","411","â€šÃ³Ã¨","67","dotpositionleft","singlestim","124","209332","c","left","correct","1","","1","trialend","singlestim","125","210347"
"5793","Subject157","1","stupidstupid","1","stupid","positionleft","validityvalid","test","4","negative","singlestim","127","212351","454","â€šÃ³Ã¨","67","dotpositionleft","singlestim","128","212858","c","left","correct","1","","1","trialend","singlestim","129","213872"
"6090","Subject157","1","suicidesuicide","1","suicide","positionright","validityinvalid","test","4","suicide","singlestim","131","215882","441","â€šÃ³Ã¨","67","dotpositionleft","singlestim","132","216379","c","left","correct","1","","1","trialend","singlestim","133","217396"
"6387","Subject157","1","alonealone","1","alone","positionleft","validityvalid","test","4","negative","singlestim","135","219403","350","â€šÃ³Ã¨","67","dotpositionleft","singlestim","136","219805","c","left","correct","1","","1","trialend","singlestim","137","220820"
"6684","Subject157","1","passionatepassionate","1","passionate","positionleft","validityinvalid","test","4","positive","singlestim","139","222828","401","â€šÃ³Ã¨","77","dotpositionright","singlestim","140","223284","m","right","correct","1","","1","trialend","singlestim","141","224302"
"6981","Subject157","1","doubledouble","1","double","positionright","validityvalid","test","4","neutral","singlestim","143","226310","475","â€šÃ³Ã¨","77","dotpositionright","singlestim","144","226839","m","right","correct","1","","1","trialend","singlestim","145","227854"
"7278","Subject157","1","frameframe","1","frame","positionleft","validityinvalid","test","4","neutral","singlestim","147","229862","555","â€šÃ³Ã¨","77","dotpositionright","singlestim","148","230472","m","right","correct","1","","1","trialend","singlestim","149","231487"
"7575","Subject157","1","structurestructure","1","structure","positionright","validityvalid","test","4","neutral","singlestim","151","233498","363","â€šÃ³Ã¨","77","dotpositionright","singlestim","152","233916","m","right","correct","1","","1","trialend","singlestim","153","234934"
"7872","Subject157","1","wohlesswohless","1","wohless","positionright","validityvalid","test","4","negative","singlestim","155","236942","415","â€šÃ³Ã¨","77","dotpositionright","singlestim","156","237412","m","right","correct","1","","1","trialend","singlestim","157","238428"
"8169","Subject157","1","killingkilling","1","killing","positionleft","validityvalid","test","4","suicide","singlestim","159","240436","262","â€šÃ³Ã¨","67","dotpositionleft","singlestim","160","240751","c","left","correct","1","","1","trialend","singlestim","161","241767"
"8466","Subject157","1","ashamedashamed","1","ashamed","positionright","validityinvalid","test","4","negative","singlestim","163","243774","598","â€šÃ³Ã¨","67","dotpositionleft","singlestim","164","244425","c","left","correct","1","","1","trialend","singlestim","165","245439"
"8763","Subject157","1","laughlaugh","1","laugh","positionright","validityvalid","test","4","positive","singlestim","167","247447","432","â€šÃ³Ã¨","77","dotpositionright","singlestim","168","247932","m","right","correct","1","","1","trialend","singlestim","169","248947"
"9060","Subject157","1","ecstaticecstatic","1","ecstatic","positionright","validityvalid","test","4","positive","singlestim","171","250953","398","â€šÃ³Ã¨","77","dotpositionright","singlestim","172","251404","m","right","correct","1","","1","trialend","singlestim","173","252421"
"9357","Subject157","1","deceaseddeceased","1","deceased","positionright","validityvalid","test","4","suicide","singlestim","175","254430","344","â€šÃ³Ã¨","77","dotpositionright","singlestim","176","254826","m","right","correct","1","","1","trialend","singlestim","177","255840"
"9654","Subject157","1","happyhappy","1","happy","positionright","validityvalid","test","3","positive","singlestim","179","257847","525","â€šÃ³Ã¨","77","dotpositionright","singlestim","180","258425","m","right","correct","1","","1","trialend","singlestim","181","259438"
"9951","Subject157","1","kisskiss","1","kiss","positionright","validityinvalid","test","3","positive","singlestim","183","261446","381","â€šÃ³Ã¨","67","dotpositionleft","singlestim","184","261880","c","left","correct","1","","1","trialend","singlestim","185","262897"
"10248","Subject157","1","cuttingcutting","1","cutting","positionright","validityvalid","test","3","suicide","singlestim","187","264904","614","â€šÃ³Ã¨","77","dotpositionright","singlestim","188","265570","m","right","correct","1","","1","trialend","singlestim","189","266582"
"10545","Subject157","1","strongstrong","1","strong","positionleft","validityvalid","test","3","positive","singlestim","191","268590","524","â€šÃ³Ã¨","67","dotpositionleft","singlestim","192","269170","c","left","correct","1","","1","trialend","singlestim","193","270187"
"10842","Subject157","1","bombbomb","1","bomb","positionright","validityvalid","test","3","negative","singlestim","195","272195","404","â€šÃ³Ã¨","77","dotpositionright","singlestim","196","272651","m","right","correct","1","","1","trialend","singlestim","197","273669"
"11139","Subject157","1","assaultassault","1","assault","positionleft","validityinvalid","test","3","negative","singlestim","199","275677","449","â€šÃ³Ã¨","77","dotpositionright","singlestim","200","276178","m","right","correct","1","","1","trialend","singlestim","201","277195"
"11436","Subject157","1","deaddead","1","dead","positionleft","validityinvalid","test","3","suicide","singlestim","203","279200","445","â€šÃ³Ã¨","77","dotpositionright","singlestim","204","279697","m","right","correct","1","","1","trialend","singlestim","205","280711"
"11733","Subject157","1","rejectedrejected","1","rejected","positionright","validityvalid","test","3","negative","singlestim","207","282717","603","â€šÃ³Ã¨","77","dotpositionright","singlestim","208","283373","m","right","correct","1","","1","trialend","singlestim","209","284389"
"12030","Subject157","1","dyingdying","1","dying","positionleft","validityvalid","test","3","suicide","singlestim","211","286397","445","â€šÃ³Ã¨","67","dotpositionleft","singlestim","212","286895","c","left","correct","1","","1","trialend","singlestim","213","287911"
"12327","Subject157","1","greengreen","1","green","positionright","validityvalid","test","3","neutral","singlestim","215","289919","510","â€šÃ³Ã¨","77","dotpositionright","singlestim","216","290482","m","right","correct","1","","1","trialend","singlestim","217","291499"
"12624","Subject157","1","metermeter","1","meter","positionleft","validityvalid","test","3","neutral","singlestim","219","293507","543","â€šÃ³Ã¨","77","dotpositionleft","singlestim","220","294102","m","right","incorrect","123","","67","trialend","singlestim","221","295120"
"12921","Subject157","1","diedie","1","die","positionright","validityvalid","test","3","suicide","singlestim","223","297128","350","â€šÃ³Ã¨","77","dotpositionright","singlestim","224","297530","m","right","correct","1","","1","trialend","singlestim","225","298549"
"13218","Subject157","1","smilesmile","1","smile","positionleft","validityvalid","test","3","positive","singlestim","227","300560","499","â€šÃ³Ã¨","67","dotpositionleft","singlestim","228","301115","c","left","correct","1","","1","trialend","singlestim","229","302131"
"13515","Subject157","1","museummuseum","1","museum","positionleft","validityvalid","test","3","neutral","singlestim","231","304139","362","â€šÃ³Ã¨","67","dotpositionleft","singlestim","232","304556","c","left","correct","1","","1","trialend","singlestim","233","305571"
"13812","Subject157","1","touretoure","1","toure","positionleft","validityvalid","test","3","negative","singlestim","235","307581","330","â€šÃ³Ã¨","67","dotpositionleft","singlestim","236","307962","c","left","correct","1","","1","trialend","singlestim","237","308978"
"14109","Subject157","1","closetcloset","1","closet","positionright","validityinvalid","test","3","neutral","singlestim","239","310987","380","â€šÃ³Ã¨","67","dotpositionleft","singlestim","240","311421","c","left","correct","1","","1","trialend","singlestim","241","312439"
"14406","Subject157","1","pleasurepleasure","1","pleasure","positionleft","validityvalid","test","2","positive","singlestim","243","314447","414","â€šÃ³Ã¨","67","dotpositionleft","singlestim","244","314913","c","left","correct","1","","1","trialend","singlestim","245","315926"
"14703","Subject157","1","cruelcruel","1","cruel","positionright","validityvalid","test","2","negative","singlestim","247","317933","345","â€šÃ³Ã¨","77","dotpositionright","singlestim","248","318332","m","right","correct","1","","1","trialend","singlestim","249","319350"
"15000","Subject157","1","overdoseoverdose","1","overdose","positionright","validityinvalid","test","2","suicide","singlestim","251","321358","414","â€šÃ³Ã¨","67","dotpositionleft","singlestim","252","321827","c","left","correct","1","","1","trialend","singlestim","253","322840"
"15297","Subject157","1","foamfoam","1","foam","positionright","validityvalid","test","2","neutral","singlestim","255","324847","364","â€šÃ³Ã¨","77","dotpositionright","singlestim","256","325263","m","right","correct","1","","1","trialend","singlestim","257","326274"
"15594","Subject157","1","abuseabuse","1","abuse","positionright","validityvalid","test","2","negative","singlestim","259","328283","517","â€šÃ³Ã¨","77","dotpositionright","singlestim","260","328852","m","right","correct","1","","1","trialend","singlestim","261","329867"
"15891","Subject157","1","tabletable","1","table","positionright","validityvalid","test","2","neutral","singlestim","263","331875","517","â€šÃ³Ã¨","77","dotpositionright","singlestim","264","332446","m","right","correct","1","","1","trialend","singlestim","265","333460"
"16188","Subject157","1","paperpaper","1","paper","positionleft","validityvalid","test","2","neutral","singlestim","267","335468","548","â€šÃ³Ã¨","67","dotpositionleft","singlestim","268","336070","c","left","correct","1","","1","trialend","singlestim","269","337087"
"16485","Subject157","1","filthyfilthy","1","filthy","positionleft","validityinvalid","test","2","negative","singlestim","271","339095","435","â€šÃ³Ã¨","77","dotpositionright","singlestim","272","339583","m","right","correct","1","","1","trialend","singlestim","273","340599"
"16782","Subject157","1","corpsecorpse","1","corpse","positionleft","validityvalid","test","2","suicide","singlestim","275","342606","401","â€šÃ³Ã¨","67","dotpositionleft","singlestim","276","343059","c","left","correct","1","","1","trialend","singlestim","277","344074"
"17079","Subject157","1","failurefailure","1","failure","positionleft","validityvalid","test","2","negative","singlestim","279","346083","349","â€šÃ³Ã¨","67","dotpositionleft","singlestim","280","346483","c","left","correct","1","","1","trialend","singlestim","281","347499"
"17376","Subject157","1","noosenoose","1","noose","positionleft","validityvalid","test","2","suicide","singlestim","283","349507","368","â€šÃ³Ã¨","67","dotpositionleft","singlestim","284","349928","c","left","correct","1","","1","trialend","singlestim","285","350941"
"17673","Subject157","1","deathdeath","1","death","positionright","validityvalid","test","2","suicide","singlestim","287","352948","331","â€šÃ³Ã¨","77","dotpositionright","singlestim","288","353333","m","right","correct","1","","1","trialend","singlestim","289","354348"
"17970","Subject157","1","lovelove","1","love","positionright","validityinvalid","test","2","positive","singlestim","291","356356","355","â€šÃ³Ã¨","67","dotpositionleft","singlestim","292","356763","c","left","correct","1","","1","trialend","singlestim","293","357777"
"18267","Subject157","1","braverybravery","1","bravery","positionleft","validityvalid","test","2","positive","singlestim","295","359785","391","â€šÃ³Ã¨","67","dotpositionleft","singlestim","296","360229","c","left","correct","1","","1","trialend","singlestim","297","361248"
"18564","Subject157","1","enthusiasmenthusiasm","1","enthusiasm","positionright","validityvalid","test","2","positive","singlestim","299","363256","331","â€šÃ³Ã¨","77","dotpositionright","singlestim","300","363639","m","right","correct","1","","1","trialend","singlestim","301","364655"
"18861","Subject157","1","horsehorse","1","horse","positionleft","validityinvalid","test","2","neutral","singlestim","303","366663","398","â€šÃ³Ã¨","77","dotpositionright","singlestim","304","367114","m","right","correct","1","","1","trialend","singlestim","305","368131"
