"","SubjectID","rt","stimulus","keypress","word","wordposition","validity","block","blocknum","wordtype","trialtype","trialindex","timeelapsed","rt.1","stimulus.1","keypress.1","dotposition","trialtype.1","trialindex.1","timeelapsed.1","keypressed","participantresponse","correctresponse","rt.2","stimulus.2","keypress.2","blocktrial","trialtype.2","trialindex.2","timeelapsed.2"
"90","Subject95","502","vomitvomit","67","vomit","positionleft","validityvalid","test","1","negative","singlestim","51","53020","324","â€šÃ³Ã¨","67","dotpositionleft","singlestim","52","53400","c","left","correct","1","","1","trialend","singlestim","53","54416"
"387","Subject95","584","foldedfolded","67","folded","positionleft","validityvalid","test","1","neutral","singlestim","55","56425","312","â€šÃ³Ã¨","67","dotpositionleft","singlestim","56","56792","c","left","correct","1","","1","trialend","singlestim","57","57809"
"684","Subject95","563","hatehate","77","hate","positionright","validityinvalid","test","1","negative","singlestim","59","59820","487","â€šÃ³Ã¨","67","dotpositionleft","singlestim","60","60362","c","left","correct","1","","1","trialend","singlestim","61","61379"
"981","Subject95","606","cheesecheese","77","cheese","positionright","validityvalid","test","1","neutral","singlestim","63","63390","333","â€šÃ³Ã¨","77","dotpositionright","singlestim","64","63778","m","right","correct","1","","1","trialend","singlestim","65","64794"
"1278","Subject95","338","statuestatue","77","statue","positionright","validityinvalid","test","1","neutral","singlestim","67","66805","348","â€šÃ³Ã¨","67","dotpositionleft","singlestim","68","67209","c","left","correct","1","","1","trialend","singlestim","69","68224"
"1575","Subject95","445","patheticpathetic","67","pathetic","positionleft","validityvalid","test","1","negative","singlestim","71","70235","273","â€šÃ³Ã¨","67","dotpositionleft","singlestim","72","70563","c","left","correct","1","","1","trialend","singlestim","73","71579"
"1872","Subject95","304","cryingcrying","77","crying","positionright","validityvalid","test","1","negative","singlestim","75","73590","259","â€šÃ³Ã¨","77","dotpositionright","singlestim","76","73901","m","right","correct","1","","1","trialend","singlestim","77","74919"
"2169","Subject95","316","paradiseparadise","67","paradise","positionleft","validityvalid","test","1","positive","singlestim","79","76931","330","â€šÃ³Ã¨","67","dotpositionleft","singlestim","80","77315","c","left","correct","1","","1","trialend","singlestim","81","78332"
"2466","Subject95","422","greatgreat","77","great","positionright","validityvalid","test","1","positive","singlestim","83","80343","279","â€šÃ³Ã¨","77","dotpositionright","singlestim","84","80677","m","right","correct","1","","1","trialend","singlestim","85","81695"
"2763","Subject95","349","funeralfuneral","77","funeral","positionright","validityvalid","test","1","suicide","singlestim","87","83704","309","â€šÃ³Ã¨","77","dotpositionright","singlestim","88","84067","m","right","correct","1","","1","trialend","singlestim","89","85082"
"3060","Subject95","544","gunshotgunshot","77","gunshot","positionright","validityvalid","test","1","suicide","singlestim","91","87094","284","â€šÃ³Ã¨","77","dotpositionright","singlestim","92","87431","m","right","correct","1","","1","trialend","singlestim","93","88446"
"3357","Subject95","350","imageimage","67","image","positionleft","validityvalid","test","1","neutral","singlestim","95","90457","312","â€šÃ³Ã¨","67","dotpositionleft","singlestim","96","90825","c","left","correct","1","","1","trialend","singlestim","97","91841"
"3654","Subject95","434","bloodblood","67","blood","positionleft","validityvalid","test","1","suicide","singlestim","99","93851","262","â€šÃ³Ã¨","67","dotpositionleft","singlestim","100","94170","c","left","correct","1","","1","trialend","singlestim","101","95187"
"3951","Subject95","380","healthyhealthy","67","healthy","positionleft","validityinvalid","test","1","positive","singlestim","103","97198","334","â€šÃ³Ã¨","77","dotpositionright","singlestim","104","97587","m","right","correct","1","","1","trialend","singlestim","105","98602"
"4248","Subject95","393","suffocationsuffocation","67","suffocation","positionleft","validityinvalid","test","1","suicide","singlestim","107","100613","353","â€šÃ³Ã¨","77","dotpositionright","singlestim","108","101018","m","right","correct","1","","1","trialend","singlestim","109","102036"
"4545","Subject95","387","attractionattraction","77","attraction","positionright","validityvalid","test","1","positive","singlestim","111","104046","273","â€šÃ³Ã¨","77","dotpositionright","singlestim","112","104372","m","right","correct","1","","1","trialend","singlestim","113","105388"
"4842","Subject95","348","laughlaugh","77","laugh","positionright","validityvalid","test","4","positive","singlestim","115","107398","308","â€šÃ³Ã¨","77","dotpositionright","singlestim","116","107763","m","right","correct","1","","1","trialend","singlestim","117","108779"
"5139","Subject95","431","ashamedashamed","77","ashamed","positionright","validityinvalid","test","4","negative","singlestim","119","110788","360","â€šÃ³Ã¨","67","dotpositionleft","singlestim","120","111205","c","left","correct","1","","1","trialend","singlestim","121","112220"
"5436","Subject95","463","hanginghanging","67","hanging","positionleft","validityvalid","test","4","suicide","singlestim","123","114230","311","â€šÃ³Ã¨","67","dotpositionleft","singlestim","124","114597","c","left","correct","1","","1","trialend","singlestim","125","115611"
"5733","Subject95","565","successsuccess","67","success","positionleft","validityvalid","test","4","positive","singlestim","127","117619","293","â€šÃ³Ã¨","67","dotpositionleft","singlestim","128","117968","c","left","correct","1","","1","trialend","singlestim","129","118983"
"6030","Subject95","520","frameframe","67","frame","positionleft","validityinvalid","test","4","neutral","singlestim","131","120995","323","â€šÃ³Ã¨","77","dotpositionright","singlestim","132","121372","m","right","correct","1","","1","trialend","singlestim","133","122388"
"6327","Subject95","402","suicidesuicide","77","suicide","positionright","validityinvalid","test","4","suicide","singlestim","135","124398","305","â€šÃ³Ã¨","67","dotpositionleft","singlestim","136","124755","c","left","correct","1","","1","trialend","singlestim","137","125770"
"6624","Subject95","405","wohlesswohless","77","wohless","positionright","validityvalid","test","4","negative","singlestim","139","127782","286","â€šÃ³Ã¨","77","dotpositionright","singlestim","140","128120","m","right","correct","1","","1","trialend","singlestim","141","129134"
"6921","Subject95","395","deceaseddeceased","77","deceased","positionright","validityvalid","test","4","suicide","singlestim","143","131146","301","â€šÃ³Ã¨","77","dotpositionright","singlestim","144","131502","m","right","correct","1","","1","trialend","singlestim","145","132519"
"7218","Subject95","476","structurestructure","77","structure","positionright","validityvalid","test","4","neutral","singlestim","147","134529","293","â€šÃ³Ã¨","77","dotpositionright","singlestim","148","134878","m","right","correct","1","","1","trialend","singlestim","149","135894"
"7515","Subject95","521","passionatepassionate","67","passionate","positionleft","validityinvalid","test","4","positive","singlestim","151","137906","333","â€šÃ³Ã¨","77","dotpositionright","singlestim","152","138295","m","right","correct","1","","1","trialend","singlestim","153","139311"
"7812","Subject95","421","engineengine","67","engine","positionleft","validityvalid","test","4","neutral","singlestim","155","141322","309","â€šÃ³Ã¨","67","dotpositionleft","singlestim","156","141687","c","left","correct","1","","1","trialend","singlestim","157","142704"
"8109","Subject95","551","stupidstupid","67","stupid","positionleft","validityvalid","test","4","negative","singlestim","159","144713","323","â€šÃ³Ã¨","67","dotpositionleft","singlestim","160","145092","c","left","correct","1","","1","trialend","singlestim","161","146108"
"8406","Subject95","376","ecstaticecstatic","77","ecstatic","positionright","validityvalid","test","4","positive","singlestim","163","148119","307","â€šÃ³Ã¨","77","dotpositionright","singlestim","164","148481","m","right","correct","1","","1","trialend","singlestim","165","149497"
"8703","Subject95","454","alonealone","67","alone","positionleft","validityvalid","test","4","negative","singlestim","167","151509","351","â€šÃ³Ã¨","67","dotpositionleft","singlestim","168","151917","c","left","correct","1","","1","trialend","singlestim","169","152931"
"9000","Subject95","434","doubledouble","77","double","positionright","validityvalid","test","4","neutral","singlestim","171","154941","284","â€šÃ³Ã¨","77","dotpositionright","singlestim","172","155280","m","right","correct","1","","1","trialend","singlestim","173","156298"
"9297","Subject95","311","killingkilling","67","killing","positionleft","validityvalid","test","4","suicide","singlestim","175","158310","322","â€šÃ³Ã¨","67","dotpositionleft","singlestim","176","158687","c","left","correct","1","","1","trialend","singlestim","177","159703"
"9594","Subject95","522","bombbomb","77","bomb","positionright","validityvalid","test","3","negative","singlestim","179","161713","442","â€šÃ³Ã¨","77","dotpositionright","singlestim","180","162209","m","right","correct","1","","1","trialend","singlestim","181","163224"
"9891","Subject95","457","strongstrong","67","strong","positionleft","validityvalid","test","3","positive","singlestim","183","165236","366","â€šÃ³Ã¨","67","dotpositionleft","singlestim","184","165657","c","left","correct","1","","1","trialend","singlestim","185","166669"
"10188","Subject95","384","assaultassault","67","assault","positionleft","validityinvalid","test","3","negative","singlestim","187","168672","377","â€šÃ³Ã¨","77","dotpositionright","singlestim","188","169103","m","right","correct","1","","1","trialend","singlestim","189","170120"
"10485","Subject95","323","smilesmile","67","smile","positionleft","validityvalid","test","3","positive","singlestim","191","172131","325","â€šÃ³Ã¨","67","dotpositionleft","singlestim","192","172511","c","left","correct","1","","1","trialend","singlestim","193","173527"
"10782","Subject95","352","closetcloset","77","closet","positionright","validityinvalid","test","3","neutral","singlestim","195","175538","330","â€šÃ³Ã¨","67","dotpositionleft","singlestim","196","175923","c","left","correct","1","","1","trialend","singlestim","197","176940"
"11079","Subject95","391","deaddead","67","dead","positionleft","validityinvalid","test","3","suicide","singlestim","199","178951","337","â€šÃ³Ã¨","77","dotpositionright","singlestim","200","179343","m","right","correct","1","","1","trialend","singlestim","201","180358"
"11376","Subject95","371","museummuseum","67","museum","positionleft","validityvalid","test","3","neutral","singlestim","203","182371","310","â€šÃ³Ã¨","67","dotpositionleft","singlestim","204","182735","c","left","correct","1","","1","trialend","singlestim","205","183750"
"11673","Subject95","336","greengreen","77","green","positionright","validityvalid","test","3","neutral","singlestim","207","185761","377","â€šÃ³Ã¨","77","dotpositionright","singlestim","208","186194","m","right","correct","1","","1","trialend","singlestim","209","187210"
"11970","Subject95","396","touretoure","67","toure","positionleft","validityvalid","test","3","negative","singlestim","211","189221","432","â€šÃ³Ã¨","67","dotpositionleft","singlestim","212","189708","c","left","correct","1","","1","trialend","singlestim","213","190721"
"12267","Subject95","555","diedie","77","die","positionright","validityvalid","test","3","suicide","singlestim","215","192723","415","â€šÃ³Ã¨","77","dotpositionright","singlestim","216","193191","m","right","correct","1","","1","trialend","singlestim","217","194206"
"12564","Subject95","344","cuttingcutting","77","cutting","positionright","validityvalid","test","3","suicide","singlestim","219","196217","572","â€šÃ³Ã¨","77","dotpositionright","singlestim","220","196844","m","right","correct","1","","1","trialend","singlestim","221","197860"
"12861","Subject95","343","happyhappy","77","happy","positionright","validityvalid","test","3","positive","singlestim","223","199869","315","â€šÃ³Ã¨","77","dotpositionright","singlestim","224","200238","m","right","correct","1","","1","trialend","singlestim","225","201252"
"13158","Subject95","355","metermeter","67","meter","positionleft","validityvalid","test","3","neutral","singlestim","227","203264","302","â€šÃ³Ã¨","67","dotpositionleft","singlestim","228","203621","c","left","correct","1","","1","trialend","singlestim","229","204633"
"13455","Subject95","608","kisskiss","77","kiss","positionright","validityinvalid","test","3","positive","singlestim","231","206635","338","â€šÃ³Ã¨","67","dotpositionleft","singlestim","232","207030","c","left","correct","1","","1","trialend","singlestim","233","208046"
"13752","Subject95","355","rejectedrejected","77","rejected","positionright","validityvalid","test","3","negative","singlestim","235","210055","331","â€šÃ³Ã¨","77","dotpositionright","singlestim","236","210444","m","right","correct","1","","1","trialend","singlestim","237","211465"
"14049","Subject95","384","dyingdying","67","dying","positionleft","validityvalid","test","3","suicide","singlestim","239","213475","249","â€šÃ³Ã¨","67","dotpositionleft","singlestim","240","213780","c","left","correct","1","","1","trialend","singlestim","241","214795"
"14346","Subject95","337","deathdeath","77","death","positionright","validityvalid","test","2","suicide","singlestim","243","216804","271","â€šÃ³Ã¨","77","dotpositionright","singlestim","244","217129","m","right","correct","1","","1","trialend","singlestim","245","218144"
"14643","Subject95","344","pleasurepleasure","67","pleasure","positionleft","validityvalid","test","2","positive","singlestim","247","220154","287","â€šÃ³Ã¨","67","dotpositionleft","singlestim","248","220496","c","left","correct","1","","1","trialend","singlestim","249","221512"
"14940","Subject95","426","braverybravery","67","bravery","positionleft","validityvalid","test","2","positive","singlestim","251","223524","364","â€šÃ³Ã¨","67","dotpositionleft","singlestim","252","223942","c","left","correct","1","","1","trialend","singlestim","253","224959"
"15237","Subject95","367","corpsecorpse","67","corpse","positionleft","validityvalid","test","2","suicide","singlestim","255","226971","357","â€šÃ³Ã¨","67","dotpositionleft","singlestim","256","227382","c","left","correct","1","","1","trialend","singlestim","257","228399"
"15534","Subject95","426","filthyfilthy","67","filthy","positionleft","validityinvalid","test","2","negative","singlestim","259","230409","328","â€šÃ³Ã¨","77","dotpositionright","singlestim","260","230793","m","right","correct","1","","1","trialend","singlestim","261","231805"
"15831","Subject95","388","cruelcruel","77","cruel","positionright","validityvalid","test","2","negative","singlestim","263","233810","281","â€šÃ³Ã¨","77","dotpositionright","singlestim","264","234147","m","right","correct","1","","1","trialend","singlestim","265","235162"
"16128","Subject95","385","failurefailure","67","failure","positionleft","validityvalid","test","2","negative","singlestim","267","237174","391","â€šÃ³Ã¨","67","dotpositionleft","singlestim","268","237620","c","left","correct","1","","1","trialend","singlestim","269","238632"
"16425","Subject95","669","abuseabuse","77","abuse","positionright","validityvalid","test","2","negative","singlestim","271","240638","327","â€šÃ³Ã¨","77","dotpositionright","singlestim","272","241020","m","right","correct","1","","1","trialend","singlestim","273","242038"
"16722","Subject95","504","lovelove","77","love","positionright","validityinvalid","test","2","positive","singlestim","275","244049","442","â€šÃ³Ã¨","67","dotpositionleft","singlestim","276","244547","c","left","correct","1","","1","trialend","singlestim","277","245564"
"17019","Subject95","468","paperpaper","67","paper","positionleft","validityvalid","test","2","neutral","singlestim","279","247575","410","â€šÃ³Ã¨","67","dotpositionleft","singlestim","280","248039","c","left","correct","1","","1","trialend","singlestim","281","249055"
"17316","Subject95","455","noosenoose","67","noose","positionleft","validityvalid","test","2","suicide","singlestim","283","251068","309","â€šÃ³Ã¨","67","dotpositionleft","singlestim","284","251433","c","left","correct","1","","1","trialend","singlestim","285","252447"
"17613","Subject95","409","horsehorse","67","horse","positionleft","validityinvalid","test","2","neutral","singlestim","287","254458","458","â€šÃ³Ã¨","77","dotpositionright","singlestim","288","254970","m","right","correct","1","","1","trialend","singlestim","289","255985"
"17910","Subject95","388","foamfoam","77","foam","positionright","validityvalid","test","2","neutral","singlestim","291","257997","354","â€šÃ³Ã¨","77","dotpositionright","singlestim","292","258406","m","right","correct","1","","1","trialend","singlestim","293","259421"
"18207","Subject95","347","enthusiasmenthusiasm","77","enthusiasm","positionright","validityvalid","test","2","positive","singlestim","295","261433","310","â€šÃ³Ã¨","77","dotpositionright","singlestim","296","261797","m","right","correct","1","","1","trialend","singlestim","297","262813"
"18504","Subject95","390","overdoseoverdose","77","overdose","positionright","validityinvalid","test","2","suicide","singlestim","299","264823","352","â€šÃ³Ã¨","67","dotpositionleft","singlestim","300","265227","c","left","correct","1","","1","trialend","singlestim","301","266240"
"18801","Subject95","504","tabletable","77","table","positionright","validityvalid","test","2","neutral","singlestim","303","268251","326","â€šÃ³Ã¨","77","dotpositionright","singlestim","304","268633","m","right","correct","1","","1","trialend","singlestim","305","269650"
