"","SubjectID","rt","stimulus","keypress","word","wordposition","validity","block","blocknum","wordtype","trialtype","trialindex","timeelapsed","rt.1","stimulus.1","keypress.1","dotposition","trialtype.1","trialindex.1","timeelapsed.1","keypressed","participantresponse","correctresponse","rt.2","stimulus.2","keypress.2","blocktrial","trialtype.2","trialindex.2","timeelapsed.2"
"183","Subject213","1","strongstrong","1","strong","positionleft","validityvalid","test","3","positive","singlestim","51","110295","410","â€šÃ³Ã¨","67","dotpositionleft","singlestim","52","110759","c","left","correct","1","","1","trialend","singlestim","53","111772"
"480","Subject213","1","rejectedrejected","1","rejected","positionright","validityvalid","test","3","negative","singlestim","55","113777","424","â€šÃ³Ã¨","77","dotpositionright","singlestim","56","114255","m","right","correct","1","","1","trialend","singlestim","57","115268"
"777","Subject213","1","closetcloset","1","closet","positionright","validityinvalid","test","3","neutral","singlestim","59","117273","380","â€šÃ³Ã¨","67","dotpositionleft","singlestim","60","117706","c","left","correct","1","","1","trialend","singlestim","61","118719"
"1074","Subject213","1","dyingdying","1","dying","positionleft","validityvalid","test","3","suicide","singlestim","63","120723","421","â€šÃ³Ã¨","67","dotpositionleft","singlestim","64","121195","c","left","correct","1","","1","trialend","singlestim","65","122209"
"1371","Subject213","1","bombbomb","1","bomb","positionright","validityvalid","test","3","negative","singlestim","67","124213","372","â€šÃ³Ã¨","77","dotpositionright","singlestim","68","124638","m","right","correct","1","","1","trialend","singlestim","69","125651"
"1668","Subject213","1","touretoure","1","toure","positionleft","validityvalid","test","3","negative","singlestim","71","127657","354","â€šÃ³Ã¨","67","dotpositionleft","singlestim","72","128064","c","left","correct","1","","1","trialend","singlestim","73","129076"
"1965","Subject213","1","happyhappy","1","happy","positionright","validityvalid","test","3","positive","singlestim","75","131081","410","â€šÃ³Ã¨","77","dotpositionright","singlestim","76","131543","m","right","correct","1","","1","trialend","singlestim","77","132556"
"2262","Subject213","1","kisskiss","1","kiss","positionright","validityinvalid","test","3","positive","singlestim","79","134562","371","â€šÃ³Ã¨","67","dotpositionleft","singlestim","80","134986","c","left","correct","1","","1","trialend","singlestim","81","135999"
"2559","Subject213","1","assaultassault","1","assault","positionleft","validityinvalid","test","3","negative","singlestim","83","138005","348","â€šÃ³Ã¨","77","dotpositionright","singlestim","84","138405","m","right","correct","1","","1","trialend","singlestim","85","139419"
"2856","Subject213","1","metermeter","1","meter","positionleft","validityvalid","test","3","neutral","singlestim","87","141424","378","â€šÃ³Ã¨","67","dotpositionleft","singlestim","88","141854","c","left","correct","1","","1","trialend","singlestim","89","142868"
"3153","Subject213","1","greengreen","1","green","positionright","validityvalid","test","3","neutral","singlestim","91","144876","355","â€šÃ³Ã¨","77","dotpositionright","singlestim","92","145285","m","right","correct","1","","1","trialend","singlestim","93","146297"
"3450","Subject213","1","smilesmile","1","smile","positionleft","validityvalid","test","3","positive","singlestim","95","148303","342","â€šÃ³Ã¨","67","dotpositionleft","singlestim","96","148697","c","left","correct","1","","1","trialend","singlestim","97","149710"
"3747","Subject213","1","cuttingcutting","1","cutting","positionright","validityvalid","test","3","suicide","singlestim","99","151715","534","â€šÃ³Ã¨","77","dotpositionright","singlestim","100","152303","m","right","correct","1","","1","trialend","singlestim","101","153315"
"4044","Subject213","1","museummuseum","1","museum","positionleft","validityvalid","test","3","neutral","singlestim","103","155320","377","â€šÃ³Ã¨","67","dotpositionleft","singlestim","104","155749","c","left","correct","1","","1","trialend","singlestim","105","156762"
"4341","Subject213","1","deaddead","1","dead","positionleft","validityinvalid","test","3","suicide","singlestim","107","158767","340","â€šÃ³Ã¨","77","dotpositionright","singlestim","108","159161","m","right","correct","1","","1","trialend","singlestim","109","160175"
"4638","Subject213","1","diedie","1","die","positionright","validityvalid","test","3","suicide","singlestim","111","162179","378","â€šÃ³Ã¨","77","dotpositionright","singlestim","112","162610","m","right","correct","1","","1","trialend","singlestim","113","163623"
"4935","Subject213","1","cruelcruel","1","cruel","positionright","validityvalid","test","2","negative","singlestim","115","165628","349","â€šÃ³Ã¨","77","dotpositionright","singlestim","116","166028","m","right","correct","1","","1","trialend","singlestim","117","167044"
"5232","Subject213","1","pleasurepleasure","1","pleasure","positionleft","validityvalid","test","2","positive","singlestim","119","169048","419","â€šÃ³Ã¨","67","dotpositionleft","singlestim","120","169519","c","left","correct","1","","1","trialend","singlestim","121","170534"
"5529","Subject213","1","lovelove","1","love","positionright","validityinvalid","test","2","positive","singlestim","123","172545","426","â€šÃ³Ã¨","67","dotpositionleft","singlestim","124","173024","c","left","correct","1","","1","trialend","singlestim","125","174038"
"5826","Subject213","1","overdoseoverdose","1","overdose","positionright","validityinvalid","test","2","suicide","singlestim","127","176046","404","â€šÃ³Ã¨","67","dotpositionleft","singlestim","128","176503","c","left","correct","1","","1","trialend","singlestim","129","177517"
"6123","Subject213","1","filthyfilthy","1","filthy","positionleft","validityinvalid","test","2","negative","singlestim","131","179522","422","â€šÃ³Ã¨","77","dotpositionright","singlestim","132","179997","m","right","correct","1","","1","trialend","singlestim","133","181011"
"6420","Subject213","1","abuseabuse","1","abuse","positionright","validityvalid","test","2","negative","singlestim","135","183019","431","â€šÃ³Ã¨","77","dotpositionright","singlestim","136","183503","m","right","correct","1","","1","trialend","singlestim","137","184517"
"6717","Subject213","1","horsehorse","1","horse","positionleft","validityinvalid","test","2","neutral","singlestim","139","186524","409","â€šÃ³Ã¨","77","dotpositionright","singlestim","140","186984","m","right","correct","1","","1","trialend","singlestim","141","187998"
"7014","Subject213","1","noosenoose","1","noose","positionleft","validityvalid","test","2","suicide","singlestim","143","190005","409","â€šÃ³Ã¨","67","dotpositionleft","singlestim","144","190467","c","left","correct","1","","1","trialend","singlestim","145","191481"
"7311","Subject213","1","foamfoam","1","foam","positionright","validityvalid","test","2","neutral","singlestim","147","193486","403","â€šÃ³Ã¨","77","dotpositionright","singlestim","148","193942","m","right","correct","1","","1","trialend","singlestim","149","194957"
"7608","Subject213","1","deathdeath","1","death","positionright","validityvalid","test","2","suicide","singlestim","151","196962","353","â€šÃ³Ã¨","77","dotpositionright","singlestim","152","197368","m","right","correct","1","","1","trialend","singlestim","153","198382"
"7905","Subject213","1","enthusiasmenthusiasm","1","enthusiasm","positionright","validityvalid","test","2","positive","singlestim","155","200386","324","â€šÃ³Ã¨","77","dotpositionright","singlestim","156","200762","m","right","correct","1","","1","trialend","singlestim","157","201775"
"8202","Subject213","1","tabletable","1","table","positionright","validityvalid","test","2","neutral","singlestim","159","203780","385","â€šÃ³Ã¨","77","dotpositionright","singlestim","160","204215","m","right","correct","1","","1","trialend","singlestim","161","205228"
"8499","Subject213","1","failurefailure","1","failure","positionleft","validityvalid","test","2","negative","singlestim","163","207235","360","â€šÃ³Ã¨","67","dotpositionleft","singlestim","164","207648","c","left","correct","1","","1","trialend","singlestim","165","208662"
"8796","Subject213","1","braverybravery","1","bravery","positionleft","validityvalid","test","2","positive","singlestim","167","210667","358","â€šÃ³Ã¨","67","dotpositionleft","singlestim","168","211079","c","left","correct","1","","1","trialend","singlestim","169","212093"
"9093","Subject213","1","paperpaper","1","paper","positionleft","validityvalid","test","2","neutral","singlestim","171","214098","349","â€šÃ³Ã¨","67","dotpositionleft","singlestim","172","214499","c","left","correct","1","","1","trialend","singlestim","173","215513"
"9390","Subject213","1","corpsecorpse","1","corpse","positionleft","validityvalid","test","2","suicide","singlestim","175","217518","369","â€šÃ³Ã¨","67","dotpositionleft","singlestim","176","217940","c","left","correct","1","","1","trialend","singlestim","177","218954"
"9687","Subject213","1","successsuccess","1","success","positionleft","validityvalid","test","4","positive","singlestim","179","220959","402","â€šÃ³Ã¨","67","dotpositionleft","singlestim","180","221415","c","left","correct","1","","1","trialend","singlestim","181","222430"
"9984","Subject213","1","killingkilling","1","killing","positionleft","validityvalid","test","4","suicide","singlestim","183","224436","407","â€šÃ³Ã¨","67","dotpositionleft","singlestim","184","224894","c","left","correct","1","","1","trialend","singlestim","185","225908"
"10281","Subject213","1","ecstaticecstatic","1","ecstatic","positionright","validityvalid","test","4","positive","singlestim","187","227913","330","â€šÃ³Ã¨","77","dotpositionright","singlestim","188","228296","m","right","correct","1","","1","trialend","singlestim","189","229309"
"10578","Subject213","1","structurestructure","1","structure","positionright","validityvalid","test","4","neutral","singlestim","191","231315","326","â€šÃ³Ã¨","77","dotpositionright","singlestim","192","231694","m","right","correct","1","","1","trialend","singlestim","193","232706"
"10875","Subject213","1","passionatepassionate","1","passionate","positionleft","validityinvalid","test","4","positive","singlestim","195","234711","425","â€šÃ³Ã¨","77","dotpositionright","singlestim","196","235190","m","right","correct","1","","1","trialend","singlestim","197","236203"
"11172","Subject213","1","ashamedashamed","1","ashamed","positionright","validityinvalid","test","4","negative","singlestim","199","238209","398","â€šÃ³Ã¨","67","dotpositionleft","singlestim","200","238661","c","left","correct","1","","1","trialend","singlestim","201","239674"
"11469","Subject213","1","frameframe","1","frame","positionleft","validityinvalid","test","4","neutral","singlestim","203","241678","433","â€šÃ³Ã¨","77","dotpositionright","singlestim","204","242165","m","right","correct","1","","1","trialend","singlestim","205","243178"
"11766","Subject213","1","engineengine","1","engine","positionleft","validityvalid","test","4","neutral","singlestim","207","245183","391","â€šÃ³Ã¨","67","dotpositionleft","singlestim","208","245626","c","left","correct","1","","1","trialend","singlestim","209","246639"
"12063","Subject213","1","alonealone","1","alone","positionleft","validityvalid","test","4","negative","singlestim","211","248644","452","â€šÃ³Ã¨","67","dotpositionleft","singlestim","212","249148","c","left","correct","1","","1","trialend","singlestim","213","250161"
"12360","Subject213","1","laughlaugh","1","laugh","positionright","validityvalid","test","4","positive","singlestim","215","252165","372","â€šÃ³Ã¨","77","dotpositionright","singlestim","216","252590","m","right","correct","1","","1","trialend","singlestim","217","253603"
"12657","Subject213","1","suicidesuicide","1","suicide","positionright","validityinvalid","test","4","suicide","singlestim","219","255609","422","â€šÃ³Ã¨","67","dotpositionleft","singlestim","220","256086","c","left","correct","1","","1","trialend","singlestim","221","257099"
"12954","Subject213","1","stupidstupid","1","stupid","positionleft","validityvalid","test","4","negative","singlestim","223","259105","371","â€šÃ³Ã¨","67","dotpositionleft","singlestim","224","259529","c","left","correct","1","","1","trialend","singlestim","225","260542"
"13251","Subject213","1","wohlesswohless","1","wohless","positionright","validityvalid","test","4","negative","singlestim","227","262548","416","â€šÃ³Ã¨","77","dotpositionright","singlestim","228","263016","m","right","correct","1","","1","trialend","singlestim","229","264030"
"13548","Subject213","1","deceaseddeceased","1","deceased","positionright","validityvalid","test","4","suicide","singlestim","231","266036","405","â€šÃ³Ã¨","77","dotpositionright","singlestim","232","266494","m","right","correct","1","","1","trialend","singlestim","233","267507"
"13845","Subject213","1","hanginghanging","1","hanging","positionleft","validityvalid","test","4","suicide","singlestim","235","269512","329","â€šÃ³Ã¨","67","dotpositionleft","singlestim","236","269893","c","left","correct","1","","1","trialend","singlestim","237","270907"
"14142","Subject213","1","doubledouble","1","double","positionright","validityvalid","test","4","neutral","singlestim","239","272910","505","â€šÃ³Ã¨","77","dotpositionright","singlestim","240","273467","m","right","correct","1","","1","trialend","singlestim","241","274482"
"14439","Subject213","1","suffocationsuffocation","1","suffocation","positionleft","validityinvalid","test","1","suicide","singlestim","243","276487","434","â€šÃ³Ã¨","77","dotpositionright","singlestim","244","276973","m","right","correct","1","","1","trialend","singlestim","245","277986"
"14736","Subject213","1","cheesecheese","1","cheese","positionright","validityvalid","test","1","neutral","singlestim","247","279992","348","â€šÃ³Ã¨","77","dotpositionright","singlestim","248","280394","m","right","correct","1","","1","trialend","singlestim","249","281408"
"15033","Subject213","1","paradiseparadise","1","paradise","positionleft","validityvalid","test","1","positive","singlestim","251","283412","381","â€šÃ³Ã¨","67","dotpositionleft","singlestim","252","283848","c","left","correct","1","","1","trialend","singlestim","253","284861"
"15330","Subject213","1","patheticpathetic","1","pathetic","positionleft","validityvalid","test","1","negative","singlestim","255","286868","483","â€šÃ³Ã¨","67","dotpositionleft","singlestim","256","287403","c","left","correct","1","","1","trialend","singlestim","257","288417"
"15627","Subject213","1","healthyhealthy","1","healthy","positionleft","validityinvalid","test","1","positive","singlestim","259","290424","375","â€šÃ³Ã¨","77","dotpositionright","singlestim","260","290851","m","right","correct","1","","1","trialend","singlestim","261","291865"
"15924","Subject213","1","vomitvomit","1","vomit","positionleft","validityvalid","test","1","negative","singlestim","263","293872","385","â€šÃ³Ã¨","67","dotpositionleft","singlestim","264","294308","c","left","correct","1","","1","trialend","singlestim","265","295322"
"16221","Subject213","1","foldedfolded","1","folded","positionleft","validityvalid","test","1","neutral","singlestim","267","297326","418","â€šÃ³Ã¨","67","dotpositionleft","singlestim","268","297797","c","left","correct","1","","1","trialend","singlestim","269","298812"
"16518","Subject213","1","bloodblood","1","blood","positionleft","validityvalid","test","1","suicide","singlestim","271","300817","352","â€šÃ³Ã¨","67","dotpositionleft","singlestim","272","301222","c","left","correct","1","","1","trialend","singlestim","273","302235"
"16815","Subject213","1","imageimage","1","image","positionleft","validityvalid","test","1","neutral","singlestim","275","304240","359","â€šÃ³Ã¨","67","dotpositionleft","singlestim","276","304652","c","left","correct","1","","1","trialend","singlestim","277","305665"
"17112","Subject213","1","attractionattraction","1","attraction","positionright","validityvalid","test","1","positive","singlestim","279","307671","343","â€šÃ³Ã¨","77","dotpositionright","singlestim","280","308066","m","right","correct","1","","1","trialend","singlestim","281","309079"
"17409","Subject213","1","funeralfuneral","1","funeral","positionright","validityvalid","test","1","suicide","singlestim","283","311085","384","â€šÃ³Ã¨","77","dotpositionright","singlestim","284","311521","m","right","correct","1","","1","trialend","singlestim","285","312534"
"17706","Subject213","1","statuestatue","1","statue","positionright","validityinvalid","test","1","neutral","singlestim","287","314539","444","â€šÃ³Ã¨","67","dotpositionleft","singlestim","288","315038","c","left","correct","1","","1","trialend","singlestim","289","316052"
"18003","Subject213","1","cryingcrying","1","crying","positionright","validityvalid","test","1","negative","singlestim","291","318057","418","â€šÃ³Ã¨","77","dotpositionright","singlestim","292","318529","m","right","correct","1","","1","trialend","singlestim","293","319542"
"18300","Subject213","1","greatgreat","1","great","positionright","validityvalid","test","1","positive","singlestim","295","321547","343","â€šÃ³Ã¨","77","dotpositionright","singlestim","296","321943","m","right","correct","1","","1","trialend","singlestim","297","322956"
"18597","Subject213","1","gunshotgunshot","1","gunshot","positionright","validityvalid","test","1","suicide","singlestim","299","324962","397","â€šÃ³Ã¨","77","dotpositionright","singlestim","300","325412","m","right","correct","1","","1","trialend","singlestim","301","326426"
"18894","Subject213","1","hatehate","1","hate","positionright","validityinvalid","test","1","negative","singlestim","303","328431","395","â€šÃ³Ã¨","67","dotpositionleft","singlestim","304","328878","c","left","correct","1","","1","trialend","singlestim","305","329893"
