"","SubjectID","rt","stimulus","keypress","word","wordposition","validity","block","blocknum","wordtype","trialtype","trialindex","timeelapsed","rt.1","stimulus.1","keypress.1","dotposition","trialtype.1","trialindex.1","timeelapsed.1","keypressed","participantresponse","correctresponse","rt.2","stimulus.2","keypress.2","blocktrial","trialtype.2","trialindex.2","timeelapsed.2"
"87","Subject92","1","cheesecheese","1","cheese","positionright","validityvalid","test","1","neutral","singlestim","51","87687","353","â€šÃ³Ã¨","77","dotpositionright","singlestim","52","88093","m","right","correct","1","","1","trialend","singlestim","53","89108"
"384","Subject92","1","imageimage","1","image","positionleft","validityvalid","test","1","neutral","singlestim","55","91117","628","â€šÃ³Ã¨","67","dotpositionleft","singlestim","56","91798","c","left","correct","1","","1","trialend","singlestim","57","92817"
"681","Subject92","1","bloodblood","1","blood","positionleft","validityvalid","test","1","suicide","singlestim","59","94826","442","â€šÃ³Ã¨","67","dotpositionleft","singlestim","60","95320","c","left","correct","1","","1","trialend","singlestim","61","96335"
"978","Subject92","1","vomitvomit","1","vomit","positionleft","validityvalid","test","1","negative","singlestim","63","98341","412","â€šÃ³Ã¨","67","dotpositionleft","singlestim","64","98808","c","left","correct","1","","1","trialend","singlestim","65","99822"
"1275","Subject92","1","suffocationsuffocation","1","suffocation","positionleft","validityinvalid","test","1","suicide","singlestim","67","101831","412","â€šÃ³Ã¨","77","dotpositionright","singlestim","68","102296","m","right","correct","1","","1","trialend","singlestim","69","103311"
"1572","Subject92","1","paradiseparadise","1","paradise","positionleft","validityvalid","test","1","positive","singlestim","71","105319","550","â€šÃ³Ã¨","67","dotpositionleft","singlestim","72","105921","c","left","correct","1","","1","trialend","singlestim","73","106936"
"1869","Subject92","1","cryingcrying","1","crying","positionright","validityvalid","test","1","negative","singlestim","75","108947","331","â€šÃ³Ã¨","77","dotpositionright","singlestim","76","109330","m","right","correct","1","","1","trialend","singlestim","77","110345"
"2166","Subject92","1","patheticpathetic","1","pathetic","positionleft","validityvalid","test","1","negative","singlestim","79","112353","450","â€šÃ³Ã¨","67","dotpositionleft","singlestim","80","112855","c","left","correct","1","","1","trialend","singlestim","81","113868"
"2463","Subject92","1","foldedfolded","1","folded","positionleft","validityvalid","test","1","neutral","singlestim","83","115877","428","â€šÃ³Ã¨","67","dotpositionleft","singlestim","84","116358","c","left","correct","1","","1","trialend","singlestim","85","117373"
"2760","Subject92","1","greatgreat","1","great","positionright","validityvalid","test","1","positive","singlestim","87","119382","338","â€šÃ³Ã¨","77","dotpositionright","singlestim","88","119773","m","right","correct","1","","1","trialend","singlestim","89","120788"
"3057","Subject92","1","healthyhealthy","1","healthy","positionleft","validityinvalid","test","1","positive","singlestim","91","122795","756","â€šÃ³Ã¨","77","dotpositionright","singlestim","92","123604","m","right","correct","1","","1","trialend","singlestim","93","124618"
"3354","Subject92","1","gunshotgunshot","1","gunshot","positionright","validityvalid","test","1","suicide","singlestim","95","126626","845","â€šÃ³Ã¨","77","dotpositionright","singlestim","96","127522","m","right","correct","1","","1","trialend","singlestim","97","128540"
"3651","Subject92","1","hatehate","1","hate","positionright","validityinvalid","test","1","negative","singlestim","99","130549","453","â€šÃ³Ã¨","67","dotpositionleft","singlestim","100","131055","c","left","correct","1","","1","trialend","singlestim","101","132069"
"3948","Subject92","1","statuestatue","1","statue","positionright","validityinvalid","test","1","neutral","singlestim","103","134078","438","â€šÃ³Ã¨","67","dotpositionleft","singlestim","104","134568","c","left","correct","1","","1","trialend","singlestim","105","135586"
"4245","Subject92","1","funeralfuneral","1","funeral","positionright","validityvalid","test","1","suicide","singlestim","107","137595","580","â€šÃ³Ã¨","77","dotpositionright","singlestim","108","138228","m","right","correct","1","","1","trialend","singlestim","109","139243"
"4542","Subject92","1","attractionattraction","1","attraction","positionright","validityvalid","test","1","positive","singlestim","111","141251","885","â€šÃ³Ã¨","77","dotpositionright","singlestim","112","142189","m","right","correct","1","","1","trialend","singlestim","113","143202"
"4839","Subject92","1","kisskiss","1","kiss","positionright","validityinvalid","test","3","positive","singlestim","115","145210","417","â€šÃ³Ã¨","67","dotpositionleft","singlestim","116","145679","c","left","correct","1","","1","trialend","singlestim","117","146696"
"5136","Subject92","1","rejectedrejected","1","rejected","positionright","validityvalid","test","3","negative","singlestim","119","148704","369","â€šÃ³Ã¨","77","dotpositionright","singlestim","120","149125","m","right","correct","1","","1","trialend","singlestim","121","150143"
"5433","Subject92","1","happyhappy","1","happy","positionright","validityvalid","test","3","positive","singlestim","123","152151","435","â€šÃ³Ã¨","77","dotpositionright","singlestim","124","152639","m","right","correct","1","","1","trialend","singlestim","125","153654"
"5730","Subject92","1","museummuseum","1","museum","positionleft","validityvalid","test","3","neutral","singlestim","127","155662","345","â€šÃ³Ã¨","67","dotpositionleft","singlestim","128","156063","c","left","correct","1","","1","trialend","singlestim","129","157079"
"6027","Subject92","1","diedie","1","die","positionright","validityvalid","test","3","suicide","singlestim","131","159087","562","â€šÃ³Ã¨","77","dotpositionright","singlestim","132","159701","m","right","correct","1","","1","trialend","singlestim","133","160718"
"6324","Subject92","1","strongstrong","1","strong","positionleft","validityvalid","test","3","positive","singlestim","135","162726","344","â€šÃ³Ã¨","67","dotpositionleft","singlestim","136","163123","c","left","correct","1","","1","trialend","singlestim","137","164137"
"6621","Subject92","1","dyingdying","1","dying","positionleft","validityvalid","test","3","suicide","singlestim","139","166145","273","â€šÃ³Ã¨","67","dotpositionleft","singlestim","140","166473","c","left","correct","1","","1","trialend","singlestim","141","167485"
"6918","Subject92","394","assaultassault","67","assault","positionleft","validityinvalid","test","3","negative","singlestim","143","169494","568","â€šÃ³Ã¨","77","dotpositionright","singlestim","144","170114","m","right","correct","1","","1","trialend","singlestim","145","171129"
"7215","Subject92","1","greengreen","1","green","positionright","validityvalid","test","3","neutral","singlestim","147","173139","476","â€šÃ³Ã¨","77","dotpositionright","singlestim","148","173668","m","right","correct","1","","1","trialend","singlestim","149","174682"
"7512","Subject92","1","touretoure","1","toure","positionleft","validityvalid","test","3","negative","singlestim","151","176691","577","â€šÃ³Ã¨","67","dotpositionleft","singlestim","152","177319","c","left","correct","1","","1","trialend","singlestim","153","178333"
"7809","Subject92","1","bombbomb","1","bomb","positionright","validityvalid","test","3","negative","singlestim","155","180342","327","â€šÃ³Ã¨","77","dotpositionright","singlestim","156","180721","m","right","correct","1","","1","trialend","singlestim","157","181734"
"8106","Subject92","1","cuttingcutting","1","cutting","positionright","validityvalid","test","3","suicide","singlestim","159","183743","507","â€šÃ³Ã¨","77","dotpositionright","singlestim","160","184302","m","right","correct","1","","1","trialend","singlestim","161","185316"
"8403","Subject92","1","closetcloset","1","closet","positionright","validityinvalid","test","3","neutral","singlestim","163","187323","1947","â€šÃ³Ã¨","67","dotpositionleft","singlestim","164","189323","c","left","correct","1","","1","trialend","singlestim","165","190336"
"8700","Subject92","1","metermeter","1","meter","positionleft","validityvalid","test","3","neutral","singlestim","167","192339","561","â€šÃ³Ã¨","67","dotpositionleft","singlestim","168","192951","c","left","correct","1","","1","trialend","singlestim","169","193966"
"8997","Subject92","1","smilesmile","1","smile","positionleft","validityvalid","test","3","positive","singlestim","171","195972","817","â€šÃ³Ã¨","67","dotpositionleft","singlestim","172","196840","c","left","correct","1","","1","trialend","singlestim","173","197852"
"9294","Subject92","1","deaddead","1","dead","positionleft","validityinvalid","test","3","suicide","singlestim","175","199860","709","â€šÃ³Ã¨","77","dotpositionright","singlestim","176","200626","m","right","correct","1","","1","trialend","singlestim","177","201642"
"9591","Subject92","1","deathdeath","1","death","positionright","validityvalid","test","2","suicide","singlestim","179","203650","1","â€šÃ³Ã¨","1","dotpositionright","singlestim","180","205705","","incorrect","11","","77","trialend","singlestim","181","206719","102030"
"9888","Subject92","abuseabuse","1","abuse","positionright","validityvalid","test","2","negative","singlestim","183","208723","102050","â€šÃ³Ã¨","77","dotpositionright","singlestim","184","209309","102060","right","correct","1","","1","trialend","singlestim","185","210326","102070"
"10185","Subject92","horsehorse","1","horse","positionleft","validityinvalid","test","2","neutral","singlestim","187","212334","102090","â€šÃ³Ã¨","77","dotpositionright","singlestim","188","212840","1020100","right","correct","1","","1","trialend","singlestim","189","213853","1020110"
"10482","Subject92","filthyfilthy","1","filthy","positionleft","validityinvalid","test","2","negative","singlestim","191","215862","1020130","â€šÃ³Ã¨","77","dotpositionright","singlestim","192","216390","1020140","right","correct","1","","1","trialend","singlestim","193","217406","1020150"
"10779","Subject92","foamfoam","1","foam","positionright","validityvalid","test","2","neutral","singlestim","195","219414","1020170","â€šÃ³Ã¨","77","dotpositionright","singlestim","196","219937","1020180","right","correct","1","","1","trialend","singlestim","197","220952","1020190"
"11076","Subject92","tabletable","1","table","positionright","validityvalid","test","2","neutral","singlestim","199","222960","1020210","â€šÃ³Ã¨","77","dotpositionright","singlestim","200","223444","1020220","right","correct","1","","1","trialend","singlestim","201","224463","1020230"
"11373","Subject92","enthusiasmenthusiasm","1","enthusiasm","positionright","validityvalid","test","2","positive","singlestim","203","226471","1020250","â€šÃ³Ã¨","77","dotpositionright","singlestim","204","226920","1020260","right","correct","1","","1","trialend","singlestim","205","227934","1020270"
"11670","Subject92","cruelcruel","1","cruel","positionright","validityvalid","test","2","negative","singlestim","207","229943","1020290","â€šÃ³Ã¨","77","dotpositionright","singlestim","208","230514","1020300","right","correct","1","","1","trialend","singlestim","209","231531","1020310"
"11967","Subject92","paperpaper","1","paper","positionleft","validityvalid","test","2","neutral","singlestim","211","233539","1020330","â€šÃ³Ã¨","67","dotpositionleft","singlestim","212","234173","1020340","left","correct","1","","1","trialend","singlestim","213","235189","1020350"
"12264","Subject92","braverybravery","1","bravery","positionleft","validityvalid","test","2","positive","singlestim","215","237198","1020370","â€šÃ³Ã¨","67","dotpositionleft","singlestim","216","237676","1020380","left","correct","1","","1","trialend","singlestim","217","238689","1020390"
"12561","Subject92","corpsecorpse","1","corpse","positionleft","validityvalid","test","2","suicide","singlestim","219","240698","1020410","â€šÃ³Ã¨","67","dotpositionleft","singlestim","220","241265","1020420","left","correct","1","","1","trialend","singlestim","221","242281","1020430"
"12858","Subject92","overdoseoverdose","1","overdose","positionright","validityinvalid","test","2","suicide","singlestim","223","244289","1020450","â€šÃ³Ã¨","67","dotpositionleft","singlestim","224","244797","1020460","left","correct","1","","1","trialend","singlestim","225","245813","1020470"
"13155","Subject92","failurefailure","1","failure","positionleft","validityvalid","test","2","negative","singlestim","227","247819","1020490","â€šÃ³Ã¨","67","dotpositionleft","singlestim","228","248224","1020500","left","correct","1","","1","trialend","singlestim","229","249240","1020510"
"13452","Subject92","pleasurepleasure","1","pleasure","positionleft","validityvalid","test","2","positive","singlestim","231","251249","1020530","â€šÃ³Ã¨","67","dotpositionleft","singlestim","232","252044","1020540","left","correct","1","","1","trialend","singlestim","233","253060","1020550"
"13749","Subject92","noosenoose","1","noose","positionleft","validityvalid","test","2","suicide","singlestim","235","255067","1020570","â€šÃ³Ã¨","67","dotpositionleft","singlestim","236","255797","1020580","left","correct","1","","1","trialend","singlestim","237","256814","1020590"
"14046","Subject92","lovelove","1","love","positionright","validityinvalid","test","2","positive","singlestim","239","258823","1020610","â€šÃ³Ã¨","67","dotpositionleft","singlestim","240","259343","1020620","left","correct","1","","1","trialend","singlestim","241","260355","1020630"
"14343","Subject92","passionatepassionate","1","passionate","positionleft","validityinvalid","test","4","positive","singlestim","243","262363","103010","â€šÃ³Ã¨","77","dotpositionright","singlestim","244","263094","103020","right","correct","1","","1","trialend","singlestim","245","264110","103030"
"14640","Subject92","wohlesswohless","67","wohless","positionright","validityvalid","test","4","negative","singlestim","247","266119","103050","â€šÃ³Ã¨","77","dotpositionright","singlestim","248","266535","103060","right","correct","1","","1","trialend","singlestim","249","267546","103070"
"14937","Subject92","hanginghanging","1","hanging","positionleft","validityvalid","test","4","suicide","singlestim","251","269555","103090","â€šÃ³Ã¨","67","dotpositionleft","singlestim","252","270050","1030100","left","correct","1","","1","trialend","singlestim","253","271063","1030110"
"15234","Subject92","stupidstupid","1","stupid","positionleft","validityvalid","test","4","negative","singlestim","255","273072","1030130","â€šÃ³Ã¨","67","dotpositionleft","singlestim","256","273682","1030140","left","correct","1","","1","trialend","singlestim","257","274697","1030150"
"15531","Subject92","killingkilling","1","killing","positionleft","validityvalid","test","4","suicide","singlestim","259","276705","1030170","â€šÃ³Ã¨","67","dotpositionleft","singlestim","260","277145","1030180","left","correct","1","","1","trialend","singlestim","261","278162","1030190"
"15828","Subject92","ashamedashamed","1","ashamed","positionright","validityinvalid","test","4","negative","singlestim","263","280170","1030210","â€šÃ³Ã¨","67","dotpositionleft","singlestim","264","280622","1030220","left","correct","1","","1","trialend","singlestim","265","281638","1030230"
"16125","Subject92","laughlaugh","1","laugh","positionright","validityvalid","test","4","positive","singlestim","267","283646","1030250","â€šÃ³Ã¨","77","dotpositionright","singlestim","268","284294","1030260","right","correct","1","","1","trialend","singlestim","269","285307","1030270"
"16422","Subject92","successsuccess","1","success","positionleft","validityvalid","test","4","positive","singlestim","271","287317","1030290","â€šÃ³Ã¨","1","dotpositionleft","singlestim","272","289379","1030300","incorrect","1","","1","trialend","singlestim","273","290390","1030310","1"
"16719","Subject92","1","alone","positionleft","validityvalid","test","4","negative","singlestim","275","292394","1030330","461","67","dotpositionleft","singlestim","276","292908","1030340","c","correct","1","","1","trialend","singlestim","277","293919","1030350","1"
"17016","Subject92","1","deceased","positionright","validityvalid","test","4","suicide","singlestim","279","295928","1030370","611","77","dotpositionright","singlestim","280","296592","1030380","m","correct","1","","1","trialend","singlestim","281","297605","1030390","1"
"17313","Subject92","1","structure","positionright","validityvalid","test","4","neutral","singlestim","283","299614","1030410","408","77","dotpositionright","singlestim","284","300074","1030420","m","correct","1","","1","trialend","singlestim","285","301093","1030430","1"
"17610","Subject92","1","suicide","positionright","validityinvalid","test","4","suicide","singlestim","287","303101","1030450","769","67","dotpositionleft","singlestim","288","303924","1030460","c","correct","1","","1","trialend","singlestim","289","304936","1030470","1"
"17907","Subject92","1","engine","positionleft","validityvalid","test","4","neutral","singlestim","291","306944","1030490","430","67","dotpositionleft","singlestim","292","307427","1030500","c","correct","1","","1","trialend","singlestim","293","308440","1030510","1"
"18204","Subject92","1","frame","positionleft","validityinvalid","test","4","neutral","singlestim","295","310450","1030530","362","77","dotpositionright","singlestim","296","310864","1030540","m","correct","1","","1","trialend","singlestim","297","311877","1030550","1"
"18501","Subject92","1","ecstatic","positionright","validityvalid","test","4","positive","singlestim","299","313886","1030570","353","77","dotpositionright","singlestim","300","314291","1030580","m","correct","1","","1","trialend","singlestim","301","315307","1030590","1"
"18798","Subject92","1","double","positionright","validityvalid","test","4","neutral","singlestim","303","317316","1030610","401","77","dotpositionright","singlestim","304","317769","1030620","m","correct","1","","1","trialend","singlestim","305","318784","1030630","1002"
