"","SubjectID","rt","stimulus","keypress","word","wordposition","validity","block","blocknum","wordtype","trialtype","trialindex","timeelapsed","rt.1","stimulus.1","keypress.1","dotposition","trialtype.1","trialindex.1","timeelapsed.1","keypressed","participantresponse","correctresponse","rt.2","stimulus.2","keypress.2","blocktrial","trialtype.2","trialindex.2","timeelapsed.2"
"185","Subject215","1","deaddead","1","dead","positionleft","validityinvalid","test","3","suicide","singlestim","51","65918","302","â€šÃ³Ã¨","77","dotpositionright","singlestim","52","66274","m","right","correct","1","","1","trialend","singlestim","53","67287"
"482","Subject215","1","bombbomb","1","bomb","positionright","validityvalid","test","3","negative","singlestim","55","69291","341","â€šÃ³Ã¨","77","dotpositionright","singlestim","56","69685","m","right","correct","1","","1","trialend","singlestim","57","70699"
"779","Subject215","1","smilesmile","1","smile","positionleft","validityvalid","test","3","positive","singlestim","59","72704","290","â€šÃ³Ã¨","67","dotpositionleft","singlestim","60","73045","c","left","correct","1","","1","trialend","singlestim","61","74059"
"1076","Subject215","1","strongstrong","1","strong","positionleft","validityvalid","test","3","positive","singlestim","63","76062","363","â€šÃ³Ã¨","67","dotpositionleft","singlestim","64","76477","c","left","correct","1","","1","trialend","singlestim","65","77490"
"1373","Subject215","1","happyhappy","1","happy","positionright","validityvalid","test","3","positive","singlestim","67","79497","377","â€šÃ³Ã¨","77","dotpositionright","singlestim","68","79924","m","right","correct","1","","1","trialend","singlestim","69","80940"
"1670","Subject215","1","rejectedrejected","1","rejected","positionright","validityvalid","test","3","negative","singlestim","71","82944","354","â€šÃ³Ã¨","77","dotpositionright","singlestim","72","83349","m","right","correct","1","","1","trialend","singlestim","73","84363"
"1967","Subject215","1","diedie","1","die","positionright","validityvalid","test","3","suicide","singlestim","75","86369","297","â€šÃ³Ã¨","77","dotpositionright","singlestim","76","86723","m","right","correct","1","","1","trialend","singlestim","77","87737"
"2264","Subject215","1","dyingdying","1","dying","positionleft","validityvalid","test","3","suicide","singlestim","79","89743","282","â€šÃ³Ã¨","67","dotpositionleft","singlestim","80","90076","c","left","correct","1","","1","trialend","singlestim","81","91091"
"2561","Subject215","1","museummuseum","1","museum","positionleft","validityvalid","test","3","neutral","singlestim","83","93095","387","â€šÃ³Ã¨","67","dotpositionleft","singlestim","84","93533","c","left","correct","1","","1","trialend","singlestim","85","94546"
"2858","Subject215","1","closetcloset","1","closet","positionright","validityinvalid","test","3","neutral","singlestim","87","96553","428","â€šÃ³Ã¨","67","dotpositionleft","singlestim","88","97032","c","left","correct","1","","1","trialend","singlestim","89","98045"
"3155","Subject215","1","metermeter","1","meter","positionleft","validityvalid","test","3","neutral","singlestim","91","100049","357","â€šÃ³Ã¨","67","dotpositionleft","singlestim","92","100461","c","left","correct","1","","1","trialend","singlestim","93","101474"
"3452","Subject215","1","cuttingcutting","1","cutting","positionright","validityvalid","test","3","suicide","singlestim","95","103480","282","â€šÃ³Ã¨","77","dotpositionright","singlestim","96","103812","m","right","correct","1","","1","trialend","singlestim","97","104826"
"3749","Subject215","1","kisskiss","1","kiss","positionright","validityinvalid","test","3","positive","singlestim","99","106829","354","â€šÃ³Ã¨","67","dotpositionleft","singlestim","100","107235","c","left","correct","1","","1","trialend","singlestim","101","108249"
"4046","Subject215","1","greengreen","1","green","positionright","validityvalid","test","3","neutral","singlestim","103","110255","361","â€šÃ³Ã¨","77","dotpositionright","singlestim","104","110667","m","right","correct","1","","1","trialend","singlestim","105","111680"
"4343","Subject215","1","assaultassault","1","assault","positionleft","validityinvalid","test","3","negative","singlestim","107","113686","355","â€šÃ³Ã¨","77","dotpositionright","singlestim","108","114092","m","right","correct","1","","1","trialend","singlestim","109","115107"
"4640","Subject215","1","touretoure","1","toure","positionleft","validityvalid","test","3","negative","singlestim","111","117111","346","â€šÃ³Ã¨","67","dotpositionleft","singlestim","112","117509","c","left","correct","1","","1","trialend","singlestim","113","118521"
"4937","Subject215","1","ecstaticecstatic","1","ecstatic","positionright","validityvalid","test","4","positive","singlestim","115","120528","288","â€šÃ³Ã¨","77","dotpositionright","singlestim","116","120868","m","right","correct","1","","1","trialend","singlestim","117","121881"
"5234","Subject215","1","laughlaugh","1","laugh","positionright","validityvalid","test","4","positive","singlestim","119","123886","328","â€šÃ³Ã¨","77","dotpositionright","singlestim","120","124266","m","right","correct","1","","1","trialend","singlestim","121","125280"
"5531","Subject215","1","passionatepassionate","1","passionate","positionleft","validityinvalid","test","4","positive","singlestim","123","127285","372","â€šÃ³Ã¨","77","dotpositionright","singlestim","124","127711","m","right","correct","1","","1","trialend","singlestim","125","128723"
"5828","Subject215","1","suicidesuicide","1","suicide","positionright","validityinvalid","test","4","suicide","singlestim","127","130728","353","â€šÃ³Ã¨","67","dotpositionleft","singlestim","128","131133","c","left","correct","1","","1","trialend","singlestim","129","132147"
"6125","Subject215","1","engineengine","1","engine","positionleft","validityvalid","test","4","neutral","singlestim","131","134151","378","â€šÃ³Ã¨","67","dotpositionleft","singlestim","132","134582","c","left","correct","1","","1","trialend","singlestim","133","135596"
"6422","Subject215","1","hanginghanging","1","hanging","positionleft","validityvalid","test","4","suicide","singlestim","135","137602","328","â€šÃ³Ã¨","67","dotpositionleft","singlestim","136","137981","c","left","correct","1","","1","trialend","singlestim","137","138993"
"6719","Subject215","1","deceaseddeceased","1","deceased","positionright","validityvalid","test","4","suicide","singlestim","139","140999","480","â€šÃ³Ã¨","77","dotpositionright","singlestim","140","141533","m","right","correct","1","","1","trialend","singlestim","141","142545"
"7016","Subject215","1","stupidstupid","1","stupid","positionleft","validityvalid","test","4","negative","singlestim","143","144550","266","â€šÃ³Ã¨","67","dotpositionleft","singlestim","144","144868","c","left","correct","1","","1","trialend","singlestim","145","145883"
"7313","Subject215","1","wohlesswohless","1","wohless","positionright","validityvalid","test","4","negative","singlestim","147","147888","292","â€šÃ³Ã¨","77","dotpositionright","singlestim","148","148234","m","right","correct","1","","1","trialend","singlestim","149","149249"
"7610","Subject215","1","successsuccess","1","success","positionleft","validityvalid","test","4","positive","singlestim","151","151256","309","â€šÃ³Ã¨","67","dotpositionleft","singlestim","152","151621","c","left","correct","1","","1","trialend","singlestim","153","152635"
"7907","Subject215","1","frameframe","1","frame","positionleft","validityinvalid","test","4","neutral","singlestim","155","154638","306","â€šÃ³Ã¨","77","dotpositionright","singlestim","156","154997","m","right","correct","1","","1","trialend","singlestim","157","156011"
"8204","Subject215","1","ashamedashamed","1","ashamed","positionright","validityinvalid","test","4","negative","singlestim","159","158015","314","â€šÃ³Ã¨","67","dotpositionleft","singlestim","160","158382","c","left","correct","1","","1","trialend","singlestim","161","159397"
"8501","Subject215","1","killingkilling","1","killing","positionleft","validityvalid","test","4","suicide","singlestim","163","161401","287","â€šÃ³Ã¨","67","dotpositionleft","singlestim","164","161741","c","left","correct","1","","1","trialend","singlestim","165","162754"
"8798","Subject215","1","structurestructure","1","structure","positionright","validityvalid","test","4","neutral","singlestim","167","164762","327","â€šÃ³Ã¨","77","dotpositionright","singlestim","168","165140","m","right","correct","1","","1","trialend","singlestim","169","166155"
"9095","Subject215","1","doubledouble","1","double","positionright","validityvalid","test","4","neutral","singlestim","171","168161","414","â€šÃ³Ã¨","77","dotpositionright","singlestim","172","168628","m","right","correct","1","","1","trialend","singlestim","173","169641"
"9392","Subject215","1","alonealone","1","alone","positionleft","validityvalid","test","4","negative","singlestim","175","171648","370","â€šÃ³Ã¨","67","dotpositionleft","singlestim","176","172069","c","left","correct","1","","1","trialend","singlestim","177","173083"
"9689","Subject215","1","paradiseparadise","1","paradise","positionleft","validityvalid","test","1","positive","singlestim","179","175088","314","â€šÃ³Ã¨","67","dotpositionleft","singlestim","180","175455","c","left","correct","1","","1","trialend","singlestim","181","176468"
"9986","Subject215","1","hatehate","1","hate","positionright","validityinvalid","test","1","negative","singlestim","183","178475","352","â€šÃ³Ã¨","67","dotpositionleft","singlestim","184","178879","c","left","correct","1","","1","trialend","singlestim","185","179894"
"10283","Subject215","1","cryingcrying","1","crying","positionright","validityvalid","test","1","negative","singlestim","187","181898","352","â€šÃ³Ã¨","77","dotpositionright","singlestim","188","182303","m","right","correct","1","","1","trialend","singlestim","189","183316"
"10580","Subject215","1","vomitvomit","1","vomit","positionleft","validityvalid","test","1","negative","singlestim","191","185320","282","â€šÃ³Ã¨","67","dotpositionleft","singlestim","192","185654","c","left","correct","1","","1","trialend","singlestim","193","186668"
"10877","Subject215","1","foldedfolded","1","folded","positionleft","validityvalid","test","1","neutral","singlestim","195","188671","291","â€šÃ³Ã¨","67","dotpositionleft","singlestim","196","189015","c","left","correct","1","","1","trialend","singlestim","197","190028"
"11174","Subject215","1","imageimage","1","image","positionleft","validityvalid","test","1","neutral","singlestim","199","192034","360","â€šÃ³Ã¨","67","dotpositionleft","singlestim","200","192446","c","left","correct","1","","1","trialend","singlestim","201","193459"
"11471","Subject215","1","statuestatue","1","statue","positionright","validityinvalid","test","1","neutral","singlestim","203","195463","434","â€šÃ³Ã¨","67","dotpositionleft","singlestim","204","195949","c","left","correct","1","","1","trialend","singlestim","205","196964"
"11768","Subject215","1","attractionattraction","1","attraction","positionright","validityvalid","test","1","positive","singlestim","207","198967","274","â€šÃ³Ã¨","77","dotpositionright","singlestim","208","199293","m","right","correct","1","","1","trialend","singlestim","209","200307"
"12065","Subject215","1","cheesecheese","1","cheese","positionright","validityvalid","test","1","neutral","singlestim","211","202313","318","â€šÃ³Ã¨","77","dotpositionright","singlestim","212","202684","m","right","correct","1","","1","trialend","singlestim","213","203699"
"12362","Subject215","1","greatgreat","1","great","positionright","validityvalid","test","1","positive","singlestim","215","205704","360","â€šÃ³Ã¨","77","dotpositionright","singlestim","216","206116","m","right","correct","1","","1","trialend","singlestim","217","207131"
"12659","Subject215","1","funeralfuneral","1","funeral","positionright","validityvalid","test","1","suicide","singlestim","219","209136","348","â€šÃ³Ã¨","77","dotpositionright","singlestim","220","209535","m","right","correct","1","","1","trialend","singlestim","221","210548"
"12956","Subject215","1","healthyhealthy","1","healthy","positionleft","validityinvalid","test","1","positive","singlestim","223","212553","375","â€šÃ³Ã¨","77","dotpositionright","singlestim","224","212981","m","right","correct","1","","1","trialend","singlestim","225","213996"
"13253","Subject215","1","patheticpathetic","1","pathetic","positionleft","validityvalid","test","1","negative","singlestim","227","216001","438","â€šÃ³Ã¨","67","dotpositionleft","singlestim","228","216492","c","left","correct","1","","1","trialend","singlestim","229","217514"
"13550","Subject215","1","bloodblood","1","blood","positionleft","validityvalid","test","1","suicide","singlestim","231","219519","410","â€šÃ³Ã¨","67","dotpositionleft","singlestim","232","219981","c","left","correct","1","","1","trialend","singlestim","233","220994"
"13847","Subject215","1","suffocationsuffocation","1","suffocation","positionleft","validityinvalid","test","1","suicide","singlestim","235","223001","351","â€šÃ³Ã¨","77","dotpositionright","singlestim","236","223404","m","right","correct","1","","1","trialend","singlestim","237","224418"
"14144","Subject215","1","gunshotgunshot","1","gunshot","positionright","validityvalid","test","1","suicide","singlestim","239","226424","382","â€šÃ³Ã¨","77","dotpositionright","singlestim","240","226859","m","right","correct","1","","1","trialend","singlestim","241","227872"
"14441","Subject215","1","lovelove","1","love","positionright","validityinvalid","test","2","positive","singlestim","243","229876","372","â€šÃ³Ã¨","67","dotpositionleft","singlestim","244","230300","c","left","correct","1","","1","trialend","singlestim","245","231312"
"14738","Subject215","1","filthyfilthy","1","filthy","positionleft","validityinvalid","test","2","negative","singlestim","247","233317","322","â€šÃ³Ã¨","77","dotpositionright","singlestim","248","233691","m","right","correct","1","","1","trialend","singlestim","249","234705"
"15035","Subject215","1","failurefailure","1","failure","positionleft","validityvalid","test","2","negative","singlestim","251","236709","290","â€šÃ³Ã¨","67","dotpositionleft","singlestim","252","237050","c","left","correct","1","","1","trialend","singlestim","253","238063"
"15332","Subject215","1","deathdeath","1","death","positionright","validityvalid","test","2","suicide","singlestim","255","240067","312","â€šÃ³Ã¨","77","dotpositionright","singlestim","256","240431","m","right","correct","1","","1","trialend","singlestim","257","241446"
"15629","Subject215","1","corpsecorpse","1","corpse","positionleft","validityvalid","test","2","suicide","singlestim","259","243451","332","â€šÃ³Ã¨","67","dotpositionleft","singlestim","260","243836","c","left","correct","1","","1","trialend","singlestim","261","244850"
"15926","Subject215","1","overdoseoverdose","1","overdose","positionright","validityinvalid","test","2","suicide","singlestim","263","246856","360","â€šÃ³Ã¨","67","dotpositionleft","singlestim","264","247271","c","left","correct","1","","1","trialend","singlestim","265","248283"
"16223","Subject215","1","paperpaper","1","paper","positionleft","validityvalid","test","2","neutral","singlestim","267","250288","327","â€šÃ³Ã¨","67","dotpositionleft","singlestim","268","250669","c","left","correct","1","","1","trialend","singlestim","269","251682"
"16520","Subject215","1","abuseabuse","1","abuse","positionright","validityvalid","test","2","negative","singlestim","271","253689","311","â€šÃ³Ã¨","77","dotpositionright","singlestim","272","254053","m","right","correct","1","","1","trialend","singlestim","273","255066"
"16817","Subject215","1","pleasurepleasure","1","pleasure","positionleft","validityvalid","test","2","positive","singlestim","275","257069","268","â€šÃ³Ã¨","67","dotpositionleft","singlestim","276","257390","c","left","correct","1","","1","trialend","singlestim","277","258404"
"17114","Subject215","1","noosenoose","1","noose","positionleft","validityvalid","test","2","suicide","singlestim","279","260410","337","â€šÃ³Ã¨","67","dotpositionleft","singlestim","280","260799","c","left","correct","1","","1","trialend","singlestim","281","261812"
"17411","Subject215","1","horsehorse","1","horse","positionleft","validityinvalid","test","2","neutral","singlestim","283","263816","303","â€šÃ³Ã¨","77","dotpositionright","singlestim","284","264171","m","right","correct","1","","1","trialend","singlestim","285","265184"
"17708","Subject215","1","enthusiasmenthusiasm","1","enthusiasm","positionright","validityvalid","test","2","positive","singlestim","287","267189","346","â€šÃ³Ã¨","77","dotpositionright","singlestim","288","267588","m","right","correct","1","","1","trialend","singlestim","289","268601"
"18005","Subject215","1","foamfoam","1","foam","positionright","validityvalid","test","2","neutral","singlestim","291","270607","317","â€šÃ³Ã¨","77","dotpositionright","singlestim","292","270975","m","right","correct","1","","1","trialend","singlestim","293","271989"
"18302","Subject215","1","cruelcruel","1","cruel","positionright","validityvalid","test","2","negative","singlestim","295","273994","294","â€šÃ³Ã¨","77","dotpositionright","singlestim","296","274340","m","right","correct","1","","1","trialend","singlestim","297","275355"
"18599","Subject215","1","tabletable","1","table","positionright","validityvalid","test","2","neutral","singlestim","299","277358","355","â€šÃ³Ã¨","77","dotpositionright","singlestim","300","277764","m","right","correct","1","","1","trialend","singlestim","301","278777"
"18896","Subject215","1","braverybravery","1","bravery","positionleft","validityvalid","test","2","positive","singlestim","303","280782","317","â€šÃ³Ã¨","67","dotpositionleft","singlestim","304","281150","c","left","correct","1","","1","trialend","singlestim","305","282163"
