"","SubjectID","rt","stimulus","keypress","word","wordposition","validity","block","blocknum","wordtype","trialtype","trialindex","timeelapsed","rt.1","stimulus.1","keypress.1","dotposition","trialtype.1","trialindex.1","timeelapsed.1","keypressed","participantresponse","correctresponse","rt.2","stimulus.2","keypress.2","blocktrial","trialtype.2","trialindex.2","timeelapsed.2"
"16","Subject17","1","greatgreat","1","great","positionright","validityvalid","test","1","positive","singlestim","51","74138","333","â€šÃ³Ã¨","77","dotpositionright","singlestim","52","74532","m","right","correct","1","","1","trialend","singlestim","53","75571"
"313","Subject17","1","statuestatue","1","statue","positionright","validityinvalid","test","1","neutral","singlestim","55","77559","387","â€šÃ³Ã¨","67","dotpositionleft","singlestim","56","78000","c","left","correct","1","","1","trialend","singlestim","57","79025"
"610","Subject17","1","patheticpathetic","1","pathetic","positionleft","validityvalid","test","1","negative","singlestim","59","81026","292","â€šÃ³Ã¨","67","dotpositionleft","singlestim","60","81370","c","left","correct","1","","1","trialend","singlestim","61","82398"
"907","Subject17","1","attractionattraction","1","attraction","positionright","validityvalid","test","1","positive","singlestim","63","84421","314","â€šÃ³Ã¨","77","dotpositionright","singlestim","64","84792","m","right","correct","1","","1","trialend","singlestim","65","85840"
"1204","Subject17","1","cryingcrying","1","crying","positionright","validityvalid","test","1","negative","singlestim","67","87827","377","â€šÃ³Ã¨","77","dotpositionright","singlestim","68","88269","m","right","correct","1","","1","trialend","singlestim","69","89324"
"1501","Subject17","1","hatehate","1","hate","positionright","validityinvalid","test","1","negative","singlestim","71","91309","314","â€šÃ³Ã¨","67","dotpositionleft","singlestim","72","91692","c","left","correct","1","","1","trialend","singlestim","73","92727"
"1798","Subject17","1","bloodblood","1","blood","positionleft","validityvalid","test","1","suicide","singlestim","75","94723","381","â€šÃ³Ã¨","67","dotpositionleft","singlestim","76","95156","c","left","correct","1","","1","trialend","singlestim","77","96204"
"2095","Subject17","1","cheesecheese","1","cheese","positionright","validityvalid","test","1","neutral","singlestim","79","98206","303","â€šÃ³Ã¨","77","dotpositionright","singlestim","80","98560","m","right","correct","1","","1","trialend","singlestim","81","99596"
"2392","Subject17","1","paradiseparadise","1","paradise","positionleft","validityvalid","test","1","positive","singlestim","83","101600","311","â€šÃ³Ã¨","67","dotpositionleft","singlestim","84","101965","c","left","correct","1","","1","trialend","singlestim","85","103025"
"2689","Subject17","1","funeralfuneral","1","funeral","positionright","validityvalid","test","1","suicide","singlestim","87","105008","340","â€šÃ³Ã¨","77","dotpositionright","singlestim","88","105410","m","right","correct","1","","1","trialend","singlestim","89","106443"
"2986","Subject17","1","suffocationsuffocation","1","suffocation","positionleft","validityinvalid","test","1","suicide","singlestim","91","108430","422","â€šÃ³Ã¨","77","dotpositionright","singlestim","92","108907","m","right","correct","1","","1","trialend","singlestim","93","109944"
"3283","Subject17","1","gunshotgunshot","1","gunshot","positionright","validityvalid","test","1","suicide","singlestim","95","111937","344","â€šÃ³Ã¨","77","dotpositionright","singlestim","96","112347","m","right","correct","1","","1","trialend","singlestim","97","113381"
"3580","Subject17","1","foldedfolded","1","folded","positionleft","validityvalid","test","1","neutral","singlestim","99","115381","330","â€šÃ³Ã¨","67","dotpositionleft","singlestim","100","115764","c","left","correct","1","","1","trialend","singlestim","101","116814"
"3877","Subject17","1","imageimage","1","image","positionleft","validityvalid","test","1","neutral","singlestim","103","118804","360","â€šÃ³Ã¨","67","dotpositionleft","singlestim","104","119225","c","left","correct","1","","1","trialend","singlestim","105","120271"
"4174","Subject17","1","vomitvomit","1","vomit","positionleft","validityvalid","test","1","negative","singlestim","107","122271","417","â€šÃ³Ã¨","67","dotpositionleft","singlestim","108","122749","c","left","correct","1","","1","trialend","singlestim","109","123782"
"4471","Subject17","1","healthyhealthy","1","healthy","positionleft","validityinvalid","test","1","positive","singlestim","111","125787","263","â€šÃ³Ã¨","77","dotpositionright","singlestim","112","126108","m","right","correct","1","","1","trialend","singlestim","113","127143"
"4768","Subject17","1","overdoseoverdose","1","overdose","positionright","validityinvalid","test","2","suicide","singlestim","115","129145","371","â€šÃ³Ã¨","67","dotpositionleft","singlestim","116","129582","c","left","correct","1","","1","trialend","singlestim","117","130627"
"5065","Subject17","1","paperpaper","1","paper","positionleft","validityvalid","test","2","neutral","singlestim","119","132620","539","â€šÃ³Ã¨","67","dotpositionleft","singlestim","120","133214","c","left","correct","1","","1","trialend","singlestim","121","134252"
"5362","Subject17","1","deathdeath","1","death","positionright","validityvalid","test","2","suicide","singlestim","123","136244","474","â€šÃ³Ã¨","77","dotpositionright","singlestim","124","136784","m","right","correct","1","","1","trialend","singlestim","125","137821"
"5659","Subject17","1","noosenoose","1","noose","positionleft","validityvalid","test","2","suicide","singlestim","127","139807","373","â€šÃ³Ã¨","67","dotpositionleft","singlestim","128","140233","c","left","correct","1","","1","trialend","singlestim","129","141272"
"5956","Subject17","1","filthyfilthy","1","filthy","positionleft","validityinvalid","test","2","negative","singlestim","131","143262","334","â€šÃ³Ã¨","77","dotpositionright","singlestim","132","143657","m","right","correct","1","","1","trialend","singlestim","133","144695"
"6253","Subject17","1","abuseabuse","1","abuse","positionright","validityvalid","test","2","negative","singlestim","135","146697","369","â€šÃ³Ã¨","77","dotpositionright","singlestim","136","147126","m","right","correct","1","","1","trialend","singlestim","137","148147"
"6550","Subject17","1","braverybravery","1","bravery","positionleft","validityvalid","test","2","positive","singlestim","139","150148","380","â€šÃ³Ã¨","67","dotpositionleft","singlestim","140","150584","c","left","correct","1","","1","trialend","singlestim","141","151622"
"6847","Subject17","1","lovelove","1","love","positionright","validityinvalid","test","2","positive","singlestim","143","153627","321","â€šÃ³Ã¨","67","dotpositionleft","singlestim","144","154008","c","left","correct","1","","1","trialend","singlestim","145","155042"
"7144","Subject17","1","tabletable","1","table","positionright","validityvalid","test","2","neutral","singlestim","147","157036","424","â€šÃ³Ã¨","77","dotpositionright","singlestim","148","157507","m","right","correct","1","","1","trialend","singlestim","149","158539"
"7441","Subject17","1","horsehorse","1","horse","positionleft","validityinvalid","test","2","neutral","singlestim","151","160528","324","â€šÃ³Ã¨","77","dotpositionright","singlestim","152","160909","m","right","correct","1","","1","trialend","singlestim","153","161950"
"7738","Subject17","1","pleasurepleasure","1","pleasure","positionleft","validityvalid","test","2","positive","singlestim","155","163953","383","â€šÃ³Ã¨","67","dotpositionleft","singlestim","156","164399","c","left","correct","1","","1","trialend","singlestim","157","165449"
"8035","Subject17","1","failurefailure","1","failure","positionleft","validityvalid","test","2","negative","singlestim","159","167438","321","â€šÃ³Ã¨","67","dotpositionleft","singlestim","160","167823","c","left","correct","1","","1","trialend","singlestim","161","168855"
"8332","Subject17","1","cruelcruel","1","cruel","positionright","validityvalid","test","2","negative","singlestim","163","170851","412","â€šÃ³Ã¨","77","dotpositionright","singlestim","164","171328","m","right","correct","1","","1","trialend","singlestim","165","172361"
"8629","Subject17","1","enthusiasmenthusiasm","1","enthusiasm","positionright","validityvalid","test","2","positive","singlestim","167","174367","328","â€šÃ³Ã¨","77","dotpositionright","singlestim","168","174758","m","right","correct","1","","1","trialend","singlestim","169","175798"
"8926","Subject17","1","foamfoam","1","foam","positionright","validityvalid","test","2","neutral","singlestim","171","177795","390","â€šÃ³Ã¨","77","dotpositionright","singlestim","172","178236","m","right","correct","1","","1","trialend","singlestim","173","179267"
"9223","Subject17","1","corpsecorpse","1","corpse","positionleft","validityvalid","test","2","suicide","singlestim","175","181271","330","â€šÃ³Ã¨","67","dotpositionleft","singlestim","176","181657","c","left","correct","1","","1","trialend","singlestim","177","182703"
"9520","Subject17","1","museummuseum","1","museum","positionleft","validityvalid","test","3","neutral","singlestim","179","184688","345","â€šÃ³Ã¨","67","dotpositionleft","singlestim","180","185088","c","left","correct","1","","1","trialend","singlestim","181","186124"
"9817","Subject17","1","smilesmile","1","smile","positionleft","validityvalid","test","3","positive","singlestim","183","188129","393","â€šÃ³Ã¨","67","dotpositionleft","singlestim","184","188584","c","left","correct","1","","1","trialend","singlestim","185","189609"
"10114","Subject17","1","diedie","1","die","positionright","validityvalid","test","3","suicide","singlestim","187","191606","316","â€šÃ³Ã¨","77","dotpositionright","singlestim","188","191972","m","right","correct","1","","1","trialend","singlestim","189","192997"
"10411","Subject17","1","dyingdying","1","dying","positionleft","validityvalid","test","3","suicide","singlestim","191","195000","312","â€šÃ³Ã¨","67","dotpositionleft","singlestim","192","195370","c","left","correct","1","","1","trialend","singlestim","193","196410"
"10708","Subject17","1","touretoure","1","toure","positionleft","validityvalid","test","3","negative","singlestim","195","198401","390","â€šÃ³Ã¨","67","dotpositionleft","singlestim","196","198846","c","left","correct","1","","1","trialend","singlestim","197","199878"
"11005","Subject17","1","rejectedrejected","1","rejected","positionright","validityvalid","test","3","negative","singlestim","199","201884","305","â€šÃ³Ã¨","77","dotpositionright","singlestim","200","202244","m","right","correct","1","","1","trialend","singlestim","201","203285"
"11302","Subject17","410","happyhappy","77","happy","positionright","validityvalid","test","3","positive","singlestim","203","205274","345","â€šÃ³Ã¨","77","dotpositionright","singlestim","204","205681","m","right","correct","1","","1","trialend","singlestim","205","206705"
"11599","Subject17","1","metermeter","1","meter","positionleft","validityvalid","test","3","neutral","singlestim","207","208712","315","â€šÃ³Ã¨","67","dotpositionleft","singlestim","208","209083","c","left","correct","1","","1","trialend","singlestim","209","210113"
"11896","Subject17","1","bombbomb","1","bomb","positionright","validityvalid","test","3","negative","singlestim","211","212120","483","â€šÃ³Ã¨","77","dotpositionright","singlestim","212","212666","m","right","correct","1","","1","trialend","singlestim","213","213711"
"12193","Subject17","1","deaddead","1","dead","positionleft","validityinvalid","test","3","suicide","singlestim","215","215701","392","â€šÃ³Ã¨","77","dotpositionright","singlestim","216","216158","m","right","correct","1","","1","trialend","singlestim","217","217202"
"12490","Subject17","1","greengreen","1","green","positionright","validityvalid","test","3","neutral","singlestim","219","219203","310","â€šÃ³Ã¨","77","dotpositionright","singlestim","220","219577","m","right","correct","1","","1","trialend","singlestim","221","220605"
"12787","Subject17","1","strongstrong","1","strong","positionleft","validityvalid","test","3","positive","singlestim","223","222602","249","â€šÃ³Ã¨","67","dotpositionleft","singlestim","224","222914","c","left","correct","1","","1","trialend","singlestim","225","223962"
"13084","Subject17","1","assaultassault","1","assault","positionleft","validityinvalid","test","3","negative","singlestim","227","225948","388","â€šÃ³Ã¨","77","dotpositionright","singlestim","228","226401","m","right","correct","1","","1","trialend","singlestim","229","227438"
"13381","Subject17","1","cuttingcutting","1","cutting","positionright","validityvalid","test","3","suicide","singlestim","231","229429","388","â€šÃ³Ã¨","77","dotpositionright","singlestim","232","229883","m","right","correct","1","","1","trialend","singlestim","233","230923"
"13678","Subject17","1","closetcloset","1","closet","positionright","validityinvalid","test","3","neutral","singlestim","235","232903","364","â€šÃ³Ã¨","67","dotpositionleft","singlestim","236","233325","c","left","correct","1","","1","trialend","singlestim","237","234367"
"13975","Subject17","1","kisskiss","1","kiss","positionright","validityinvalid","test","3","positive","singlestim","239","236359","352","â€šÃ³Ã¨","67","dotpositionleft","singlestim","240","236778","c","left","correct","1","","1","trialend","singlestim","241","237811"
"14272","Subject17","1","wohlesswohless","1","wohless","positionright","validityvalid","test","4","negative","singlestim","243","239810","342","â€šÃ³Ã¨","77","dotpositionright","singlestim","244","240218","m","right","correct","1","","1","trialend","singlestim","245","241266"
"14569","Subject17","1","passionatepassionate","1","passionate","positionleft","validityinvalid","test","4","positive","singlestim","247","243255","411","â€šÃ³Ã¨","77","dotpositionright","singlestim","248","243718","m","right","correct","1","","1","trialend","singlestim","249","244755"
"14866","Subject17","1","killingkilling","1","killing","positionleft","validityvalid","test","4","suicide","singlestim","251","246746","351","â€šÃ³Ã¨","67","dotpositionleft","singlestim","252","247156","c","left","correct","1","","1","trialend","singlestim","253","248175"
"15163","Subject17","1","deceaseddeceased","1","deceased","positionright","validityvalid","test","4","suicide","singlestim","255","250195","261","â€šÃ³Ã¨","77","dotpositionright","singlestim","256","250516","m","right","correct","1","","1","trialend","singlestim","257","251543"
"15460","Subject17","1","ashamedashamed","1","ashamed","positionright","validityinvalid","test","4","negative","singlestim","259","253558","350","â€šÃ³Ã¨","67","dotpositionleft","singlestim","260","253972","c","left","correct","1","","1","trialend","singlestim","261","255007"
"15757","Subject17","1","alonealone","1","alone","positionleft","validityvalid","test","4","negative","singlestim","263","257001","423","â€šÃ³Ã¨","67","dotpositionleft","singlestim","264","257491","c","left","correct","1","","1","trialend","singlestim","265","258527"
"16054","Subject17","1","structurestructure","1","structure","positionright","validityvalid","test","4","neutral","singlestim","267","260517","355","â€šÃ³Ã¨","77","dotpositionright","singlestim","268","260938","m","right","correct","1","","1","trialend","singlestim","269","261980"
"16351","Subject17","1","laughlaugh","1","laugh","positionright","validityvalid","test","4","positive","singlestim","271","263959","361","â€šÃ³Ã¨","77","dotpositionright","singlestim","272","264378","m","right","correct","1","","1","trialend","singlestim","273","265425"
"16648","Subject17","1","ecstaticecstatic","1","ecstatic","positionright","validityvalid","test","4","positive","singlestim","275","267418","438","â€šÃ³Ã¨","77","dotpositionright","singlestim","276","267919","m","right","correct","1","","1","trialend","singlestim","277","268959"
"16945","Subject17","1","suicidesuicide","1","suicide","positionright","validityinvalid","test","4","suicide","singlestim","279","270947","401","â€šÃ³Ã¨","67","dotpositionleft","singlestim","280","271398","c","left","correct","1","","1","trialend","singlestim","281","272436"
"17242","Subject17","1","engineengine","1","engine","positionleft","validityvalid","test","4","neutral","singlestim","283","274436","589","â€šÃ³Ã¨","67","dotpositionleft","singlestim","284","275085","c","left","correct","1","","1","trialend","singlestim","285","276105"
"17539","Subject17","1","stupidstupid","1","stupid","positionleft","validityvalid","test","4","negative","singlestim","287","278112","459","â€šÃ³Ã¨","67","dotpositionleft","singlestim","288","278638","c","left","correct","1","","1","trialend","singlestim","289","279689"
"17836","Subject17","1","doubledouble","1","double","positionright","validityvalid","test","4","neutral","singlestim","291","281678","290","â€šÃ³Ã¨","77","dotpositionright","singlestim","292","282033","m","right","correct","1","","1","trialend","singlestim","293","283065"
"18133","Subject17","1","hanginghanging","1","hanging","positionleft","validityvalid","test","4","suicide","singlestim","295","285073","392","â€šÃ³Ã¨","67","dotpositionleft","singlestim","296","285517","c","left","correct","1","","1","trialend","singlestim","297","286556"
"18430","Subject17","1","successsuccess","1","success","positionleft","validityvalid","test","4","positive","singlestim","299","288563","343","â€šÃ³Ã¨","67","dotpositionleft","singlestim","300","288967","c","left","correct","1","","1","trialend","singlestim","301","289992"
"18727","Subject17","1","frameframe","1","frame","positionleft","validityinvalid","test","4","neutral","singlestim","303","292004","338","â€šÃ³Ã¨","77","dotpositionright","singlestim","304","292393","m","right","correct","1","","1","trialend","singlestim","305","293439"
