"","SubjectID","rt","stimulus","keypress","word","wordposition","validity","block","blocknum","wordtype","trialtype","trialindex","timeelapsed","rt.1","stimulus.1","keypress.1","dotposition","trialtype.1","trialindex.1","timeelapsed.1","keypressed","participantresponse","correctresponse","rt.2","stimulus.2","keypress.2","blocktrial","trialtype.2","trialindex.2","timeelapsed.2"
"30","Subject31","1","paperpaper","1","paper","positionleft","validityvalid","test","2","neutral","singlestim","51","74820","284","â€šÃ³Ã¨","67","dotpositionleft","singlestim","52","75157","c","left","correct","1","","1","trialend","singlestim","53","76172"
"327","Subject31","1","failurefailure","1","failure","positionleft","validityvalid","test","2","negative","singlestim","55","78179","320","â€šÃ³Ã¨","67","dotpositionleft","singlestim","56","78553","c","left","correct","1","","1","trialend","singlestim","57","79569"
"624","Subject31","1","deathdeath","1","death","positionright","validityvalid","test","2","suicide","singlestim","59","81576","279","â€šÃ³Ã¨","77","dotpositionright","singlestim","60","81908","m","right","correct","1","","1","trialend","singlestim","61","82920"
"921","Subject31","1","horsehorse","1","horse","positionleft","validityinvalid","test","2","neutral","singlestim","63","84926","339","â€šÃ³Ã¨","77","dotpositionright","singlestim","64","85319","m","right","correct","1","","1","trialend","singlestim","65","86334"
"1218","Subject31","1","enthusiasmenthusiasm","1","enthusiasm","positionright","validityvalid","test","2","positive","singlestim","67","88341","391","â€šÃ³Ã¨","77","dotpositionright","singlestim","68","88784","m","right","correct","1","","1","trialend","singlestim","69","89797"
"1515","Subject31","1","braverybravery","1","bravery","positionleft","validityvalid","test","2","positive","singlestim","71","91805","299","â€šÃ³Ã¨","67","dotpositionleft","singlestim","72","92156","c","left","correct","1","","1","trialend","singlestim","73","93173"
"1812","Subject31","1","foamfoam","1","foam","positionright","validityvalid","test","2","neutral","singlestim","75","95182","322","â€šÃ³Ã¨","77","dotpositionright","singlestim","76","95555","m","right","correct","1","","1","trialend","singlestim","77","96571"
"2109","Subject31","1","corpsecorpse","1","corpse","positionleft","validityvalid","test","2","suicide","singlestim","79","98579","343","â€šÃ³Ã¨","67","dotpositionleft","singlestim","80","98977","c","left","correct","1","","1","trialend","singlestim","81","99992"
"2406","Subject31","1","tabletable","1","table","positionright","validityvalid","test","2","neutral","singlestim","83","101998","336","â€šÃ³Ã¨","77","dotpositionright","singlestim","84","102387","m","right","correct","1","","1","trialend","singlestim","85","103401"
"2703","Subject31","1","pleasurepleasure","1","pleasure","positionleft","validityvalid","test","2","positive","singlestim","87","105405","292","â€šÃ³Ã¨","67","dotpositionleft","singlestim","88","105749","c","left","correct","1","","1","trialend","singlestim","89","106762"
"3000","Subject31","312","lovelove","77","love","positionright","validityinvalid","test","2","positive","singlestim","91","108766","289","â€šÃ³Ã¨","67","dotpositionleft","singlestim","92","109108","c","left","correct","1","","1","trialend","singlestim","93","110121"
"3297","Subject31","1","overdoseoverdose","1","overdose","positionright","validityinvalid","test","2","suicide","singlestim","95","112126","280","â€šÃ³Ã¨","67","dotpositionleft","singlestim","96","112458","c","left","correct","1","","1","trialend","singlestim","97","113472"
"3594","Subject31","1","abuseabuse","1","abuse","positionright","validityvalid","test","2","negative","singlestim","99","115478","265","â€šÃ³Ã¨","77","dotpositionright","singlestim","100","115795","m","right","correct","1","","1","trialend","singlestim","101","116809"
"3891","Subject31","1","noosenoose","1","noose","positionleft","validityvalid","test","2","suicide","singlestim","103","118814","301","â€šÃ³Ã¨","67","dotpositionleft","singlestim","104","119167","c","left","correct","1","","1","trialend","singlestim","105","120181"
"4188","Subject31","1","filthyfilthy","1","filthy","positionleft","validityinvalid","test","2","negative","singlestim","107","122187","263","â€šÃ³Ã¨","77","dotpositionright","singlestim","108","122503","m","right","correct","1","","1","trialend","singlestim","109","123517"
"4485","Subject31","1","cruelcruel","1","cruel","positionright","validityvalid","test","2","negative","singlestim","111","125523","296","â€šÃ³Ã¨","77","dotpositionright","singlestim","112","125871","m","right","correct","1","","1","trialend","singlestim","113","126884"
"4782","Subject31","1","statuestatue","1","statue","positionright","validityinvalid","test","1","neutral","singlestim","115","128888","278","â€šÃ³Ã¨","67","dotpositionleft","singlestim","116","129220","c","left","correct","1","","1","trialend","singlestim","117","130233"
"5079","Subject31","1","greatgreat","1","great","positionright","validityvalid","test","1","positive","singlestim","119","132237","275","â€šÃ³Ã¨","77","dotpositionright","singlestim","120","132565","m","right","correct","1","","1","trialend","singlestim","121","133579"
"5376","Subject31","1","suffocationsuffocation","1","suffocation","positionleft","validityinvalid","test","1","suicide","singlestim","123","135584","281","â€šÃ³Ã¨","77","dotpositionright","singlestim","124","135916","m","right","correct","1","","1","trialend","singlestim","125","136929"
"5673","Subject31","1","foldedfolded","1","folded","positionleft","validityvalid","test","1","neutral","singlestim","127","138934","288","â€šÃ³Ã¨","67","dotpositionleft","singlestim","128","139276","c","left","correct","1","","1","trialend","singlestim","129","140289"
"5970","Subject31","1","gunshotgunshot","1","gunshot","positionright","validityvalid","test","1","suicide","singlestim","131","142296","286","â€šÃ³Ã¨","77","dotpositionright","singlestim","132","142634","m","right","correct","1","","1","trialend","singlestim","133","143647"
"6267","Subject31","1","paradiseparadise","1","paradise","positionleft","validityvalid","test","1","positive","singlestim","135","145652","297","â€šÃ³Ã¨","67","dotpositionleft","singlestim","136","146003","c","left","correct","1","","1","trialend","singlestim","137","147015"
"6564","Subject31","1","cryingcrying","1","crying","positionright","validityvalid","test","1","negative","singlestim","139","149022","296","â€šÃ³Ã¨","77","dotpositionright","singlestim","140","149370","m","right","correct","1","","1","trialend","singlestim","141","150384"
"6861","Subject31","1","attractionattraction","1","attraction","positionright","validityvalid","test","1","positive","singlestim","143","152391","441","â€šÃ³Ã¨","77","dotpositionright","singlestim","144","152884","m","right","correct","1","","1","trialend","singlestim","145","153897"
"7158","Subject31","1","funeralfuneral","1","funeral","positionright","validityvalid","test","1","suicide","singlestim","147","155902","288","â€šÃ³Ã¨","77","dotpositionright","singlestim","148","156242","m","right","correct","1","","1","trialend","singlestim","149","157255"
"7455","Subject31","1","patheticpathetic","1","pathetic","positionleft","validityvalid","test","1","negative","singlestim","151","159258","292","â€šÃ³Ã¨","67","dotpositionleft","singlestim","152","159605","c","left","correct","1","","1","trialend","singlestim","153","160618"
"7752","Subject31","1","hatehate","1","hate","positionright","validityinvalid","test","1","negative","singlestim","155","162623","294","â€šÃ³Ã¨","67","dotpositionleft","singlestim","156","162969","c","left","correct","1","","1","trialend","singlestim","157","163984"
"8049","Subject31","1","imageimage","1","image","positionleft","validityvalid","test","1","neutral","singlestim","159","165990","296","â€šÃ³Ã¨","67","dotpositionleft","singlestim","160","166341","c","left","correct","1","","1","trialend","singlestim","161","167356"
"8346","Subject31","1","bloodblood","1","blood","positionleft","validityvalid","test","1","suicide","singlestim","163","169361","296","â€šÃ³Ã¨","67","dotpositionleft","singlestim","164","169710","c","left","correct","1","","1","trialend","singlestim","165","170723"
"8643","Subject31","1","healthyhealthy","1","healthy","positionleft","validityinvalid","test","1","positive","singlestim","167","172729","309","â€šÃ³Ã¨","77","dotpositionright","singlestim","168","173090","m","right","correct","1","","1","trialend","singlestim","169","174103"
"8940","Subject31","1","vomitvomit","1","vomit","positionleft","validityvalid","test","1","negative","singlestim","171","176109","294","â€šÃ³Ã¨","67","dotpositionleft","singlestim","172","176455","c","left","correct","1","","1","trialend","singlestim","173","177470"
"9237","Subject31","1","cheesecheese","1","cheese","positionright","validityvalid","test","1","neutral","singlestim","175","179474","326","â€šÃ³Ã¨","77","dotpositionright","singlestim","176","179852","m","right","correct","1","","1","trialend","singlestim","177","180865"
"9534","Subject31","1","frameframe","1","frame","positionleft","validityinvalid","test","4","neutral","singlestim","179","182870","286","â€šÃ³Ã¨","77","dotpositionright","singlestim","180","183207","m","right","correct","1","","1","trialend","singlestim","181","184220"
"9831","Subject31","1","alonealone","1","alone","positionleft","validityvalid","test","4","negative","singlestim","183","186225","199","â€šÃ³Ã¨","67","dotpositionleft","singlestim","184","186477","c","left","correct","1","","1","trialend","singlestim","185","187491"
"10128","Subject31","1","deceaseddeceased","1","deceased","positionright","validityvalid","test","4","suicide","singlestim","187","189497","229","â€šÃ³Ã¨","77","dotpositionright","singlestim","188","189779","m","right","correct","1","","1","trialend","singlestim","189","190793"
"10425","Subject31","1","engineengine","1","engine","positionleft","validityvalid","test","4","neutral","singlestim","191","192799","284","â€šÃ³Ã¨","67","dotpositionleft","singlestim","192","193135","c","left","correct","1","","1","trialend","singlestim","193","194150"
"10722","Subject31","1","passionatepassionate","1","passionate","positionleft","validityinvalid","test","4","positive","singlestim","195","196155","280","â€šÃ³Ã¨","77","dotpositionright","singlestim","196","196488","m","right","correct","1","","1","trialend","singlestim","197","197500"
"11019","Subject31","1","ashamedashamed","1","ashamed","positionright","validityinvalid","test","4","negative","singlestim","199","199506","329","â€šÃ³Ã¨","67","dotpositionleft","singlestim","200","199890","c","left","correct","1","","1","trialend","singlestim","201","200902"
"11316","Subject31","1","ecstaticecstatic","1","ecstatic","positionright","validityvalid","test","4","positive","singlestim","203","202906","281","â€šÃ³Ã¨","77","dotpositionright","singlestim","204","203240","m","right","correct","1","","1","trialend","singlestim","205","204253"
"11613","Subject31","1","hanginghanging","1","hanging","positionleft","validityvalid","test","4","suicide","singlestim","207","206259","269","â€šÃ³Ã¨","67","dotpositionleft","singlestim","208","206581","c","left","correct","1","","1","trialend","singlestim","209","207594"
"11910","Subject31","1","suicidesuicide","1","suicide","positionright","validityinvalid","test","4","suicide","singlestim","211","209600","393","â€šÃ³Ã¨","67","dotpositionleft","singlestim","212","210046","c","left","correct","1","","1","trialend","singlestim","213","211061"
"12207","Subject31","1","laughlaugh","1","laugh","positionright","validityvalid","test","4","positive","singlestim","215","213067","310","â€šÃ³Ã¨","77","dotpositionright","singlestim","216","213430","m","right","correct","1","","1","trialend","singlestim","217","214443"
"12504","Subject31","316","wohlesswohless","77","wohless","positionright","validityvalid","test","4","negative","singlestim","219","216451","271","â€šÃ³Ã¨","77","dotpositionright","singlestim","220","216774","m","right","correct","1","","1","trialend","singlestim","221","217787"
"12801","Subject31","1","stupidstupid","1","stupid","positionleft","validityvalid","test","4","negative","singlestim","223","219791","288","â€šÃ³Ã¨","67","dotpositionleft","singlestim","224","220131","c","left","correct","1","","1","trialend","singlestim","225","221145"
"13098","Subject31","1","killingkilling","1","killing","positionleft","validityvalid","test","4","suicide","singlestim","227","223151","287","â€šÃ³Ã¨","67","dotpositionleft","singlestim","228","223491","c","left","correct","1","","1","trialend","singlestim","229","224505"
"13395","Subject31","1","doubledouble","1","double","positionright","validityvalid","test","4","neutral","singlestim","231","226511","297","â€šÃ³Ã¨","77","dotpositionright","singlestim","232","226862","m","right","correct","1","","1","trialend","singlestim","233","227876"
"13692","Subject31","1","structurestructure","1","structure","positionright","validityvalid","test","4","neutral","singlestim","235","229882","231","â€šÃ³Ã¨","77","dotpositionright","singlestim","236","230165","m","right","correct","1","","1","trialend","singlestim","237","231179"
"13989","Subject31","1","successsuccess","1","success","positionleft","validityvalid","test","4","positive","singlestim","239","233184","260","â€šÃ³Ã¨","67","dotpositionleft","singlestim","240","233497","c","left","correct","1","","1","trialend","singlestim","241","234510"
"14286","Subject31","1","assaultassault","1","assault","positionleft","validityinvalid","test","3","negative","singlestim","243","236515","291","â€šÃ³Ã¨","77","dotpositionright","singlestim","244","236858","m","right","correct","1","","1","trialend","singlestim","245","237872"
"14583","Subject31","1","museummuseum","1","museum","positionleft","validityvalid","test","3","neutral","singlestim","247","239877","263","â€šÃ³Ã¨","67","dotpositionleft","singlestim","248","240192","c","left","correct","1","","1","trialend","singlestim","249","241204"
"14880","Subject31","1","dyingdying","1","dying","positionleft","validityvalid","test","3","suicide","singlestim","251","243211","248","â€šÃ³Ã¨","67","dotpositionleft","singlestim","252","243512","c","left","correct","1","","1","trialend","singlestim","253","244526"
"15177","Subject31","1","touretoure","1","toure","positionleft","validityvalid","test","3","negative","singlestim","255","246531","308","â€šÃ³Ã¨","67","dotpositionleft","singlestim","256","246892","c","left","correct","1","","1","trialend","singlestim","257","247906"
"15474","Subject31","1","metermeter","1","meter","positionleft","validityvalid","test","3","neutral","singlestim","259","249910","430","â€šÃ³Ã¨","67","dotpositionleft","singlestim","260","250392","c","left","correct","1","","1","trialend","singlestim","261","251404"
"15771","Subject31","1","bombbomb","1","bomb","positionright","validityvalid","test","3","negative","singlestim","263","253410","330","â€šÃ³Ã¨","77","dotpositionright","singlestim","264","253794","m","right","correct","1","","1","trialend","singlestim","265","254807"
"16068","Subject31","1","cuttingcutting","1","cutting","positionright","validityvalid","test","3","suicide","singlestim","267","256812","307","â€šÃ³Ã¨","77","dotpositionright","singlestim","268","257173","m","right","correct","1","","1","trialend","singlestim","269","258188"
"16365","Subject31","1","rejectedrejected","1","rejected","positionright","validityvalid","test","3","negative","singlestim","271","260193","286","â€šÃ³Ã¨","77","dotpositionright","singlestim","272","260531","m","right","correct","1","","1","trialend","singlestim","273","261545"
"16662","Subject31","1","happyhappy","1","happy","positionright","validityvalid","test","3","positive","singlestim","275","263549","281","â€šÃ³Ã¨","77","dotpositionright","singlestim","276","263881","m","right","correct","1","","1","trialend","singlestim","277","264894"
"16959","Subject31","298","strongstrong","67","strong","positionleft","validityvalid","test","3","positive","singlestim","279","266899","270","â€šÃ³Ã¨","67","dotpositionleft","singlestim","280","267224","c","left","correct","1","","1","trialend","singlestim","281","268241"
"17256","Subject31","1","diedie","1","die","positionright","validityvalid","test","3","suicide","singlestim","283","270244","335","â€šÃ³Ã¨","77","dotpositionright","singlestim","284","270632","m","right","correct","1","","1","trialend","singlestim","285","271645"
"17553","Subject31","1","closetcloset","1","closet","positionright","validityinvalid","test","3","neutral","singlestim","287","273652","260","â€šÃ³Ã¨","67","dotpositionleft","singlestim","288","273965","c","left","correct","1","","1","trialend","singlestim","289","274980"
"17850","Subject31","1","kisskiss","1","kiss","positionright","validityinvalid","test","3","positive","singlestim","291","276986","247","â€šÃ³Ã¨","67","dotpositionleft","singlestim","292","277285","c","left","correct","1","","1","trialend","singlestim","293","278298"
"18147","Subject31","1","deaddead","1","dead","positionleft","validityinvalid","test","3","suicide","singlestim","295","280302","499","â€šÃ³Ã¨","77","dotpositionright","singlestim","296","280853","m","right","correct","1","","1","trialend","singlestim","297","281866"
"18444","Subject31","1","smilesmile","1","smile","positionleft","validityvalid","test","3","positive","singlestim","299","283871","312","â€šÃ³Ã¨","67","dotpositionleft","singlestim","300","284236","c","left","correct","1","","1","trialend","singlestim","301","285249"
"18741","Subject31","1","greengreen","1","green","positionright","validityvalid","test","3","neutral","singlestim","303","287254","280","â€šÃ³Ã¨","77","dotpositionright","singlestim","304","287587","m","right","correct","1","","1","trialend","singlestim","305","288601"
