"","SubjectID","rt","stimulus","keypress","word","wordposition","validity","block","blocknum","wordtype","trialtype","trialindex","timeelapsed","rt.1","stimulus.1","keypress.1","dotposition","trialtype.1","trialindex.1","timeelapsed.1","keypressed","participantresponse","correctresponse","rt.2","stimulus.2","keypress.2","blocktrial","trialtype.2","trialindex.2","timeelapsed.2"
"171","Subject200","1","ecstaticecstatic","1","ecstatic","positionright","validityvalid","test","4","positive","singlestim","51","235457","609","â€šÃ³Ã¨","77","dotpositionright","singlestim","52","236118","m","right","correct","1","","1","trialend","singlestim","53","237130"
"468","Subject200","1","deceaseddeceased","1","deceased","positionright","validityvalid","test","4","suicide","singlestim","55","239135","637","â€šÃ³Ã¨","77","dotpositionright","singlestim","56","239822","m","right","correct","1","","1","trialend","singlestim","57","240833"
"765","Subject200","1","hanginghanging","1","hanging","positionleft","validityvalid","test","4","suicide","singlestim","59","242838","468","â€šÃ³Ã¨","67","dotpositionleft","singlestim","60","243357","c","left","correct","1","","1","trialend","singlestim","61","244370"
"1062","Subject200","1","ashamedashamed","1","ashamed","positionright","validityinvalid","test","4","negative","singlestim","63","246374","535","â€šÃ³Ã¨","67","dotpositionleft","singlestim","64","246961","c","left","correct","1","","1","trialend","singlestim","65","247973"
"1359","Subject200","1","passionatepassionate","1","passionate","positionleft","validityinvalid","test","4","positive","singlestim","67","249977","408","â€šÃ³Ã¨","77","dotpositionright","singlestim","68","250437","m","right","correct","1","","1","trialend","singlestim","69","251450"
"1656","Subject200","1","laughlaugh","1","laugh","positionright","validityvalid","test","4","positive","singlestim","71","253455","653","â€šÃ³Ã¨","77","dotpositionright","singlestim","72","254161","m","right","correct","1","","1","trialend","singlestim","73","255173"
"1953","Subject200","1","frameframe","1","frame","positionleft","validityinvalid","test","4","neutral","singlestim","75","257176","331","â€šÃ³Ã¨","77","dotpositionright","singlestim","76","257559","m","right","correct","1","","1","trialend","singlestim","77","258571"
"2250","Subject200","1","wohlesswohless","1","wohless","positionright","validityvalid","test","4","negative","singlestim","79","260573","402","â€šÃ³Ã¨","77","dotpositionright","singlestim","80","261027","m","right","correct","1","","1","trialend","singlestim","81","262039"
"2547","Subject200","1","doubledouble","1","double","positionright","validityvalid","test","4","neutral","singlestim","83","264044","481","â€šÃ³Ã¨","77","dotpositionright","singlestim","84","264578","m","right","correct","1","","1","trialend","singlestim","85","265592"
"2844","Subject200","1","killingkilling","1","killing","positionleft","validityvalid","test","4","suicide","singlestim","87","267596","473","â€šÃ³Ã¨","67","dotpositionleft","singlestim","88","268120","c","left","correct","1","","1","trialend","singlestim","89","269133"
"3141","Subject200","1","suicidesuicide","1","suicide","positionright","validityinvalid","test","4","suicide","singlestim","91","271136","522","â€šÃ³Ã¨","67","dotpositionleft","singlestim","92","271709","c","left","correct","1","","1","trialend","singlestim","93","272723"
"3438","Subject200","1","stupidstupid","1","stupid","positionleft","validityvalid","test","4","negative","singlestim","95","274728","510","â€šÃ³Ã¨","67","dotpositionleft","singlestim","96","275291","c","left","correct","1","","1","trialend","singlestim","97","276303"
"3735","Subject200","1","engineengine","1","engine","positionleft","validityvalid","test","4","neutral","singlestim","99","278307","531","â€šÃ³Ã¨","67","dotpositionleft","singlestim","100","278889","c","left","correct","1","","1","trialend","singlestim","101","279903"
"4032","Subject200","1","successsuccess","1","success","positionleft","validityvalid","test","4","positive","singlestim","103","281907","473","â€šÃ³Ã¨","67","dotpositionleft","singlestim","104","282432","c","left","correct","1","","1","trialend","singlestim","105","283446"
"4329","Subject200","1","alonealone","1","alone","positionleft","validityvalid","test","4","negative","singlestim","107","285448","432","â€šÃ³Ã¨","67","dotpositionleft","singlestim","108","285931","c","left","correct","1","","1","trialend","singlestim","109","286944"
"4626","Subject200","1","structurestructure","1","structure","positionright","validityvalid","test","4","neutral","singlestim","111","288950","422","â€šÃ³Ã¨","77","dotpositionright","singlestim","112","289423","m","right","correct","1","","1","trialend","singlestim","113","290437"
"4923","Subject200","1","paperpaper","1","paper","positionleft","validityvalid","test","2","neutral","singlestim","115","292441","416","â€šÃ³Ã¨","67","dotpositionleft","singlestim","116","292909","c","left","correct","1","","1","trialend","singlestim","117","293922"
"5220","Subject200","1","braverybravery","1","bravery","positionleft","validityvalid","test","2","positive","singlestim","119","295925","458","â€šÃ³Ã¨","67","dotpositionleft","singlestim","120","296435","c","left","correct","1","","1","trialend","singlestim","121","297446"
"5517","Subject200","1","filthyfilthy","1","filthy","positionleft","validityinvalid","test","2","negative","singlestim","123","299450","519","â€šÃ³Ã¨","77","dotpositionright","singlestim","124","300021","m","right","correct","1","","1","trialend","singlestim","125","301034"
"5814","Subject200","1","horsehorse","1","horse","positionleft","validityinvalid","test","2","neutral","singlestim","127","303037","415","â€šÃ³Ã¨","77","dotpositionright","singlestim","128","303503","m","right","correct","1","","1","trialend","singlestim","129","304518"
"6111","Subject200","1","cruelcruel","1","cruel","positionright","validityvalid","test","2","negative","singlestim","131","306521","491","â€šÃ³Ã¨","77","dotpositionright","singlestim","132","307064","m","right","correct","1","","1","trialend","singlestim","133","308076"
"6408","Subject200","1","corpsecorpse","1","corpse","positionleft","validityvalid","test","2","suicide","singlestim","135","310080","500","â€šÃ³Ã¨","67","dotpositionleft","singlestim","136","310631","c","left","correct","1","","1","trialend","singlestim","137","311643"
"6705","Subject200","1","lovelove","1","love","positionright","validityinvalid","test","2","positive","singlestim","139","313648","539","â€šÃ³Ã¨","67","dotpositionleft","singlestim","140","314239","c","left","correct","1","","1","trialend","singlestim","141","315251"
"7002","Subject200","1","foamfoam","1","foam","positionright","validityvalid","test","2","neutral","singlestim","143","317255","463","â€šÃ³Ã¨","77","dotpositionright","singlestim","144","317769","m","right","correct","1","","1","trialend","singlestim","145","318781"
"7299","Subject200","1","pleasurepleasure","1","pleasure","positionleft","validityvalid","test","2","positive","singlestim","147","320784","529","â€šÃ³Ã¨","67","dotpositionleft","singlestim","148","321365","c","left","correct","1","","1","trialend","singlestim","149","322376"
"7596","Subject200","1","deathdeath","1","death","positionright","validityvalid","test","2","suicide","singlestim","151","324380","403","â€šÃ³Ã¨","77","dotpositionright","singlestim","152","324835","m","right","correct","1","","1","trialend","singlestim","153","325848"
"7893","Subject200","1","tabletable","1","table","positionright","validityvalid","test","2","neutral","singlestim","155","327851","506","â€šÃ³Ã¨","77","dotpositionright","singlestim","156","328410","m","right","correct","1","","1","trialend","singlestim","157","329423"
"8190","Subject200","1","overdoseoverdose","1","overdose","positionright","validityinvalid","test","2","suicide","singlestim","159","331426","410","â€šÃ³Ã¨","67","dotpositionleft","singlestim","160","331889","c","left","correct","1","","1","trialend","singlestim","161","332903"
"8487","Subject200","1","abuseabuse","1","abuse","positionright","validityvalid","test","2","negative","singlestim","163","334908","446","â€šÃ³Ã¨","77","dotpositionright","singlestim","164","335406","m","right","correct","1","","1","trialend","singlestim","165","336419"
"8784","Subject200","1","enthusiasmenthusiasm","1","enthusiasm","positionright","validityvalid","test","2","positive","singlestim","167","338423","411","â€šÃ³Ã¨","77","dotpositionright","singlestim","168","338886","m","right","correct","1","","1","trialend","singlestim","169","339899"
"9081","Subject200","1","noosenoose","1","noose","positionleft","validityvalid","test","2","suicide","singlestim","171","341901","456","â€šÃ³Ã¨","67","dotpositionleft","singlestim","172","342409","c","left","correct","1","","1","trialend","singlestim","173","343422"
"9378","Subject200","1","failurefailure","1","failure","positionleft","validityvalid","test","2","negative","singlestim","175","345426","495","â€šÃ³Ã¨","67","dotpositionleft","singlestim","176","345974","c","left","correct","1","","1","trialend","singlestim","177","346986"
"9675","Subject200","1","foldedfolded","1","folded","positionleft","validityvalid","test","1","neutral","singlestim","179","348989","523","â€šÃ³Ã¨","67","dotpositionleft","singlestim","180","349563","c","left","correct","1","","1","trialend","singlestim","181","350576"
"9972","Subject200","1","greatgreat","1","great","positionright","validityvalid","test","1","positive","singlestim","183","352578","432","â€šÃ³Ã¨","77","dotpositionright","singlestim","184","353062","m","right","correct","1","","1","trialend","singlestim","185","354075"
"10269","Subject200","1","patheticpathetic","1","pathetic","positionleft","validityvalid","test","1","negative","singlestim","187","356080","414","â€šÃ³Ã¨","67","dotpositionleft","singlestim","188","356545","c","left","correct","1","","1","trialend","singlestim","189","357557"
"10566","Subject200","1","suffocationsuffocation","1","suffocation","positionleft","validityinvalid","test","1","suicide","singlestim","191","359561","427","â€šÃ³Ã¨","77","dotpositionright","singlestim","192","360040","m","right","correct","1","","1","trialend","singlestim","193","361052"
"10863","Subject200","1","bloodblood","1","blood","positionleft","validityvalid","test","1","suicide","singlestim","195","363056","423","â€šÃ³Ã¨","67","dotpositionleft","singlestim","196","363531","c","left","correct","1","","1","trialend","singlestim","197","364544"
"11160","Subject200","1","funeralfuneral","1","funeral","positionright","validityvalid","test","1","suicide","singlestim","199","366546","442","â€šÃ³Ã¨","77","dotpositionright","singlestim","200","367041","m","right","correct","1","","1","trialend","singlestim","201","368052"
"11457","Subject200","1","vomitvomit","1","vomit","positionleft","validityvalid","test","1","negative","singlestim","203","370055","507","â€šÃ³Ã¨","67","dotpositionleft","singlestim","204","370614","c","left","correct","1","","1","trialend","singlestim","205","371627"
"11754","Subject200","1","healthyhealthy","1","healthy","positionleft","validityinvalid","test","1","positive","singlestim","207","373630","457","â€šÃ³Ã¨","77","dotpositionright","singlestim","208","374138","m","right","correct","1","","1","trialend","singlestim","209","375150"
"12051","Subject200","1","cheesecheese","1","cheese","positionright","validityvalid","test","1","neutral","singlestim","211","377153","428","â€šÃ³Ã¨","77","dotpositionright","singlestim","212","377632","m","right","correct","1","","1","trialend","singlestim","213","378645"
"12348","Subject200","1","paradiseparadise","1","paradise","positionleft","validityvalid","test","1","positive","singlestim","215","380648","460","â€šÃ³Ã¨","67","dotpositionleft","singlestim","216","381158","c","left","correct","1","","1","trialend","singlestim","217","382171"
"12645","Subject200","1","hatehate","1","hate","positionright","validityinvalid","test","1","negative","singlestim","219","384176","445","â€šÃ³Ã¨","67","dotpositionleft","singlestim","220","384671","c","left","correct","1","","1","trialend","singlestim","221","385684"
"12942","Subject200","1","cryingcrying","1","crying","positionright","validityvalid","test","1","negative","singlestim","223","387687","367","â€šÃ³Ã¨","77","dotpositionright","singlestim","224","388106","m","right","correct","1","","1","trialend","singlestim","225","389118"
"13239","Subject200","1","gunshotgunshot","1","gunshot","positionright","validityvalid","test","1","suicide","singlestim","227","391121","439","â€šÃ³Ã¨","77","dotpositionright","singlestim","228","391613","m","right","correct","1","","1","trialend","singlestim","229","392624"
"13536","Subject200","1","imageimage","1","image","positionleft","validityvalid","test","1","neutral","singlestim","231","394627","527","â€šÃ³Ã¨","67","dotpositionleft","singlestim","232","395206","c","left","correct","1","","1","trialend","singlestim","233","396219"
"13833","Subject200","1","attractionattraction","1","attraction","positionright","validityvalid","test","1","positive","singlestim","235","398221","471","â€šÃ³Ã¨","77","dotpositionright","singlestim","236","398744","m","right","correct","1","","1","trialend","singlestim","237","399757"
"14130","Subject200","1","statuestatue","1","statue","positionright","validityinvalid","test","1","neutral","singlestim","239","401760","567","â€šÃ³Ã¨","67","dotpositionleft","singlestim","240","402378","c","left","correct","1","","1","trialend","singlestim","241","403390"
"14427","Subject200","1","deaddead","1","dead","positionleft","validityinvalid","test","3","suicide","singlestim","243","405394","487","â€šÃ³Ã¨","77","dotpositionright","singlestim","244","405934","m","right","correct","1","","1","trialend","singlestim","245","406947"
"14724","Subject200","1","museummuseum","1","museum","positionleft","validityvalid","test","3","neutral","singlestim","247","408950","348","â€šÃ³Ã¨","67","dotpositionleft","singlestim","248","409349","c","left","correct","1","","1","trialend","singlestim","249","410362"
"15021","Subject200","1","closetcloset","1","closet","positionright","validityinvalid","test","3","neutral","singlestim","251","412367","512","â€šÃ³Ã¨","67","dotpositionleft","singlestim","252","412929","c","left","correct","1","","1","trialend","singlestim","253","413941"
"15318","Subject200","1","dyingdying","1","dying","positionleft","validityvalid","test","3","suicide","singlestim","255","415946","438","â€šÃ³Ã¨","67","dotpositionleft","singlestim","256","416437","c","left","correct","1","","1","trialend","singlestim","257","417449"
"15615","Subject200","1","bombbomb","1","bomb","positionright","validityvalid","test","3","negative","singlestim","259","419452","355","â€šÃ³Ã¨","77","dotpositionright","singlestim","260","419859","m","right","correct","1","","1","trialend","singlestim","261","420872"
"15912","Subject200","1","cuttingcutting","1","cutting","positionright","validityvalid","test","3","suicide","singlestim","263","422876","436","â€šÃ³Ã¨","77","dotpositionright","singlestim","264","423363","m","right","correct","1","","1","trialend","singlestim","265","424375"
"16209","Subject200","1","strongstrong","1","strong","positionleft","validityvalid","test","3","positive","singlestim","267","426381","432","â€šÃ³Ã¨","67","dotpositionleft","singlestim","268","426863","c","left","correct","1","","1","trialend","singlestim","269","427876"
"16506","Subject200","1","happyhappy","1","happy","positionright","validityvalid","test","3","positive","singlestim","271","429880","421","â€šÃ³Ã¨","77","dotpositionright","singlestim","272","430354","m","right","correct","1","","1","trialend","singlestim","273","431367"
"16803","Subject200","1","metermeter","1","meter","positionleft","validityvalid","test","3","neutral","singlestim","275","433371","444","â€šÃ³Ã¨","67","dotpositionleft","singlestim","276","433865","c","left","correct","1","","1","trialend","singlestim","277","434877"
"17100","Subject200","1","greengreen","1","green","positionright","validityvalid","test","3","neutral","singlestim","279","436881","490","â€šÃ³Ã¨","77","dotpositionright","singlestim","280","437421","m","right","correct","1","","1","trialend","singlestim","281","438432"
"17397","Subject200","1","smilesmile","1","smile","positionleft","validityvalid","test","3","positive","singlestim","283","440436","390","â€šÃ³Ã¨","67","dotpositionleft","singlestim","284","440875","c","left","correct","1","","1","trialend","singlestim","285","441888"
"17694","Subject200","1","assaultassault","1","assault","positionleft","validityinvalid","test","3","negative","singlestim","287","443891","415","â€šÃ³Ã¨","77","dotpositionright","singlestim","288","444357","m","right","correct","1","","1","trialend","singlestim","289","445370"
"17991","Subject200","1","rejectedrejected","1","rejected","positionright","validityvalid","test","3","negative","singlestim","291","447372","370","â€šÃ³Ã¨","77","dotpositionright","singlestim","292","447793","m","right","correct","1","","1","trialend","singlestim","293","448806"
"18288","Subject200","1","kisskiss","1","kiss","positionright","validityinvalid","test","3","positive","singlestim","295","450809","411","â€šÃ³Ã¨","67","dotpositionleft","singlestim","296","451272","c","left","correct","1","","1","trialend","singlestim","297","452284"
"18585","Subject200","1","diedie","1","die","positionright","validityvalid","test","3","suicide","singlestim","299","454287","430","â€šÃ³Ã¨","77","dotpositionright","singlestim","300","454768","m","right","correct","1","","1","trialend","singlestim","301","455781"
"18882","Subject200","1","touretoure","1","toure","positionleft","validityvalid","test","3","negative","singlestim","303","457786","454","â€šÃ³Ã¨","67","dotpositionleft","singlestim","304","458292","c","left","correct","1","","1","trialend","singlestim","305","459304"
