"","SubjectID","rt","stimulus","keypress","word","wordposition","validity","block","blocknum","wordtype","trialtype","trialindex","timeelapsed","rt.1","stimulus.1","keypress.1","dotposition","trialtype.1","trialindex.1","timeelapsed.1","keypressed","participantresponse","correctresponse","rt.2","stimulus.2","keypress.2","blocktrial","trialtype.2","trialindex.2","timeelapsed.2"
"66","Subject69","1","foldedfolded","1","folded","positionleft","validityvalid","test","1","neutral","singlestim","51","87146","427","â€šÃ³Ã¨","67","dotpositionleft","singlestim","52","87626","c","left","correct","1","","1","trialend","singlestim","53","88643"
"363","Subject69","1","statuestatue","1","statue","positionright","validityinvalid","test","1","neutral","singlestim","55","90652","348","â€šÃ³Ã¨","67","dotpositionleft","singlestim","56","91052","c","left","correct","1","","1","trialend","singlestim","57","92067"
"660","Subject69","1","vomitvomit","1","vomit","positionleft","validityvalid","test","1","negative","singlestim","59","94076","357","â€šÃ³Ã¨","67","dotpositionleft","singlestim","60","94488","c","left","correct","1","","1","trialend","singlestim","61","95503"
"957","Subject69","1","cryingcrying","1","crying","positionright","validityvalid","test","1","negative","singlestim","63","97512","350","â€šÃ³Ã¨","77","dotpositionright","singlestim","64","97915","m","right","correct","1","","1","trialend","singlestim","65","98928"
"1254","Subject69","1","greatgreat","1","great","positionright","validityvalid","test","1","positive","singlestim","67","100936","386","â€šÃ³Ã¨","77","dotpositionright","singlestim","68","101374","m","right","correct","1","","1","trialend","singlestim","69","102387"
"1551","Subject69","1","paradiseparadise","1","paradise","positionleft","validityvalid","test","1","positive","singlestim","71","104395","503","â€šÃ³Ã¨","67","dotpositionleft","singlestim","72","104950","c","left","correct","1","","1","trialend","singlestim","73","105967"
"1848","Subject69","1","cheesecheese","1","cheese","positionright","validityvalid","test","1","neutral","singlestim","75","107976","310","â€šÃ³Ã¨","77","dotpositionright","singlestim","76","108338","m","right","correct","1","","1","trialend","singlestim","77","109352"
"2145","Subject69","1","attractionattraction","1","attraction","positionright","validityvalid","test","1","positive","singlestim","79","111360","326","â€šÃ³Ã¨","77","dotpositionright","singlestim","80","111739","m","right","correct","1","","1","trialend","singlestim","81","112752"
"2442","Subject69","1","healthyhealthy","1","healthy","positionleft","validityinvalid","test","1","positive","singlestim","83","114761","594","â€šÃ³Ã¨","77","dotpositionright","singlestim","84","115407","m","right","correct","1","","1","trialend","singlestim","85","116420"
"2739","Subject69","1","gunshotgunshot","1","gunshot","positionright","validityvalid","test","1","suicide","singlestim","87","118428","1746","â€šÃ³Ã¨","77","dotpositionright","singlestim","88","120227","m","right","correct","1","","1","trialend","singlestim","89","121244"
"3036","Subject69","1","patheticpathetic","1","pathetic","positionleft","validityvalid","test","1","negative","singlestim","91","123252","615","â€šÃ³Ã¨","67","dotpositionleft","singlestim","92","123919","c","left","correct","1","","1","trialend","singlestim","93","124935"
"3333","Subject69","1","funeralfuneral","1","funeral","positionright","validityvalid","test","1","suicide","singlestim","95","126943","397","â€šÃ³Ã¨","77","dotpositionright","singlestim","96","127392","m","right","correct","1","","1","trialend","singlestim","97","128411"
"3630","Subject69","1","suffocationsuffocation","1","suffocation","positionleft","validityinvalid","test","1","suicide","singlestim","99","130419","366","â€šÃ³Ã¨","77","dotpositionright","singlestim","100","130838","m","right","correct","1","","1","trialend","singlestim","101","131853"
"3927","Subject69","1","imageimage","1","image","positionleft","validityvalid","test","1","neutral","singlestim","103","133861","597","â€šÃ³Ã¨","67","dotpositionleft","singlestim","104","134511","c","left","correct","1","","1","trialend","singlestim","105","135527"
"4224","Subject69","1","bloodblood","1","blood","positionleft","validityvalid","test","1","suicide","singlestim","107","137535","403","â€šÃ³Ã¨","67","dotpositionleft","singlestim","108","137991","c","left","correct","1","","1","trialend","singlestim","109","139009"
"4521","Subject69","1","hatehate","1","hate","positionright","validityinvalid","test","1","negative","singlestim","111","141017","388","â€šÃ³Ã¨","67","dotpositionleft","singlestim","112","141461","c","left","correct","1","","1","trialend","singlestim","113","142474"
"4818","Subject69","1","diedie","1","die","positionright","validityvalid","test","3","suicide","singlestim","115","144482","320","â€šÃ³Ã¨","77","dotpositionright","singlestim","116","144855","m","right","correct","1","","1","trialend","singlestim","117","145869"
"5115","Subject69","1","greengreen","1","green","positionright","validityvalid","test","3","neutral","singlestim","119","147877","320","â€šÃ³Ã¨","77","dotpositionright","singlestim","120","148250","m","right","correct","1","","1","trialend","singlestim","121","149265"
"5412","Subject69","1","museummuseum","1","museum","positionleft","validityvalid","test","3","neutral","singlestim","123","151273","355","â€šÃ³Ã¨","67","dotpositionleft","singlestim","124","151681","c","left","correct","1","","1","trialend","singlestim","125","152760"
"5709","Subject69","1","smilesmile","1","smile","positionleft","validityvalid","test","3","positive","singlestim","127","154769","496","â€šÃ³Ã¨","67","dotpositionleft","singlestim","128","155318","c","left","correct","1","","1","trialend","singlestim","129","156332"
"6006","Subject69","1","dyingdying","1","dying","positionleft","validityvalid","test","3","suicide","singlestim","131","158338","336","â€šÃ³Ã¨","67","dotpositionleft","singlestim","132","158731","c","left","correct","1","","1","trialend","singlestim","133","159749"
"6303","Subject69","1","closetcloset","1","closet","positionright","validityinvalid","test","3","neutral","singlestim","135","161757","397","â€šÃ³Ã¨","67","dotpositionleft","singlestim","136","162206","c","left","correct","1","","1","trialend","singlestim","137","163221"
"6600","Subject69","1","happyhappy","1","happy","positionright","validityvalid","test","3","positive","singlestim","139","165228","342","â€šÃ³Ã¨","77","dotpositionright","singlestim","140","165622","m","right","correct","1","","1","trialend","singlestim","141","166638"
"6897","Subject69","1","kisskiss","1","kiss","positionright","validityinvalid","test","3","positive","singlestim","143","168648","366","â€šÃ³Ã¨","67","dotpositionleft","singlestim","144","169064","c","left","correct","1","","1","trialend","singlestim","145","170080"
"7194","Subject69","1","metermeter","1","meter","positionleft","validityvalid","test","3","neutral","singlestim","147","172090","394","â€šÃ³Ã¨","67","dotpositionleft","singlestim","148","172541","c","left","correct","1","","1","trialend","singlestim","149","173556"
"7491","Subject69","1","rejectedrejected","1","rejected","positionright","validityvalid","test","3","negative","singlestim","151","175565","334","â€šÃ³Ã¨","77","dotpositionright","singlestim","152","175952","m","right","correct","1","","1","trialend","singlestim","153","176969"
"7788","Subject69","1","deaddead","1","dead","positionleft","validityinvalid","test","3","suicide","singlestim","155","178977","389","â€šÃ³Ã¨","77","dotpositionright","singlestim","156","179422","m","right","correct","1","","1","trialend","singlestim","157","180434"
"8085","Subject69","1","touretoure","1","toure","positionleft","validityvalid","test","3","negative","singlestim","159","182443","342","â€šÃ³Ã¨","67","dotpositionleft","singlestim","160","182838","c","left","correct","1","","1","trialend","singlestim","161","183853"
"8382","Subject69","1","bombbomb","1","bomb","positionright","validityvalid","test","3","negative","singlestim","163","185861","315","â€šÃ³Ã¨","77","dotpositionright","singlestim","164","186230","m","right","correct","1","","1","trialend","singlestim","165","187248"
"8679","Subject69","1","assaultassault","1","assault","positionleft","validityinvalid","test","3","negative","singlestim","167","189257","371","â€šÃ³Ã¨","77","dotpositionright","singlestim","168","189681","m","right","correct","1","","1","trialend","singlestim","169","190696"
"8976","Subject69","1","cuttingcutting","1","cutting","positionright","validityvalid","test","3","suicide","singlestim","171","192704","341","â€šÃ³Ã¨","77","dotpositionright","singlestim","172","193098","m","right","correct","1","","1","trialend","singlestim","173","194115"
"9273","Subject69","1","strongstrong","1","strong","positionleft","validityvalid","test","3","positive","singlestim","175","196122","368","â€šÃ³Ã¨","67","dotpositionleft","singlestim","176","196544","c","left","correct","1","","1","trialend","singlestim","177","197556"
"9570","Subject69","1","wohlesswohless","1","wohless","positionright","validityvalid","test","4","negative","singlestim","179","199565","307","â€šÃ³Ã¨","77","dotpositionright","singlestim","180","199925","m","right","correct","1","","1","trialend","singlestim","181","200940"
"9867","Subject69","1","ashamedashamed","1","ashamed","positionright","validityinvalid","test","4","negative","singlestim","183","202948","388","â€šÃ³Ã¨","67","dotpositionleft","singlestim","184","203389","c","left","correct","1","","1","trialend","singlestim","185","204405"
"10164","Subject69","1","ecstaticecstatic","1","ecstatic","positionright","validityvalid","test","4","positive","singlestim","187","206413","428","â€šÃ³Ã¨","77","dotpositionright","singlestim","188","206894","m","right","correct","1","","1","trialend","singlestim","189","207910"
"10461","Subject69","1","structurestructure","1","structure","positionright","validityvalid","test","4","neutral","singlestim","191","209919","368","â€šÃ³Ã¨","77","dotpositionright","singlestim","192","210340","m","right","correct","1","","1","trialend","singlestim","193","211358"
"10758","Subject69","1","passionatepassionate","1","passionate","positionleft","validityinvalid","test","4","positive","singlestim","195","213367","563","â€šÃ³Ã¨","77","dotpositionright","singlestim","196","213982","m","right","correct","1","","1","trialend","singlestim","197","214997"
"11055","Subject69","1","frameframe","1","frame","positionleft","validityinvalid","test","4","neutral","singlestim","199","217006","323","â€šÃ³Ã¨","77","dotpositionright","singlestim","200","217381","m","right","correct","1","","1","trialend","singlestim","201","218399"
"11352","Subject69","1","successsuccess","1","success","positionleft","validityvalid","test","4","positive","singlestim","203","220407","450","â€šÃ³Ã¨","67","dotpositionleft","singlestim","204","220909","c","left","correct","1","","1","trialend","singlestim","205","221923"
"11649","Subject69","1","alonealone","1","alone","positionleft","validityvalid","test","4","negative","singlestim","207","223930","328","â€šÃ³Ã¨","67","dotpositionleft","singlestim","208","224314","c","left","correct","1","","1","trialend","singlestim","209","225331"
"11946","Subject69","1","hanginghanging","1","hanging","positionleft","validityvalid","test","4","suicide","singlestim","211","227337","402","â€šÃ³Ã¨","67","dotpositionleft","singlestim","212","227791","c","left","correct","1","","1","trialend","singlestim","213","228805"
"12243","Subject69","1","doubledouble","1","double","positionright","validityvalid","test","4","neutral","singlestim","215","230814","287","â€šÃ³Ã¨","77","dotpositionright","singlestim","216","231154","m","right","correct","1","","1","trialend","singlestim","217","232172"
"12540","Subject69","1","deceaseddeceased","1","deceased","positionright","validityvalid","test","4","suicide","singlestim","219","234180","513","â€šÃ³Ã¨","77","dotpositionright","singlestim","220","234746","m","right","correct","1","","1","trialend","singlestim","221","235764"
"12837","Subject69","1","suicidesuicide","1","suicide","positionright","validityinvalid","test","4","suicide","singlestim","223","237773","368","â€šÃ³Ã¨","67","dotpositionleft","singlestim","224","238193","c","left","correct","1","","1","trialend","singlestim","225","239206"
"13134","Subject69","1","laughlaugh","1","laugh","positionright","validityvalid","test","4","positive","singlestim","227","241215","330","â€šÃ³Ã¨","77","dotpositionright","singlestim","228","241601","m","right","correct","1","","1","trialend","singlestim","229","242619"
"13431","Subject69","1","stupidstupid","1","stupid","positionleft","validityvalid","test","4","negative","singlestim","231","244627","359","â€šÃ³Ã¨","67","dotpositionleft","singlestim","232","245039","c","left","correct","1","","1","trialend","singlestim","233","246055"
"13728","Subject69","1","engineengine","1","engine","positionleft","validityvalid","test","4","neutral","singlestim","235","248063","385","â€šÃ³Ã¨","67","dotpositionleft","singlestim","236","248501","c","left","correct","1","","1","trialend","singlestim","237","249514"
"14025","Subject69","1","killingkilling","1","killing","positionleft","validityvalid","test","4","suicide","singlestim","239","251523","671","â€šÃ³Ã¨","67","dotpositionleft","singlestim","240","252246","c","left","correct","1","","1","trialend","singlestim","241","253264"
"14322","Subject69","1","cruelcruel","1","cruel","positionright","validityvalid","test","2","negative","singlestim","243","255272","526","â€šÃ³Ã¨","77","dotpositionright","singlestim","244","255851","m","right","correct","1","","1","trialend","singlestim","245","256864"
"14619","Subject69","1","failurefailure","1","failure","positionleft","validityvalid","test","2","negative","singlestim","247","258868","368","â€šÃ³Ã¨","67","dotpositionleft","singlestim","248","259292","c","left","correct","1","","1","trialend","singlestim","249","260310"
"14916","Subject69","1","noosenoose","1","noose","positionleft","validityvalid","test","2","suicide","singlestim","251","262318","405","â€šÃ³Ã¨","67","dotpositionleft","singlestim","252","262777","c","left","correct","1","","1","trialend","singlestim","253","263792"
"15213","Subject69","1","tabletable","1","table","positionright","validityvalid","test","2","neutral","singlestim","255","265801","438","â€šÃ³Ã¨","77","dotpositionright","singlestim","256","266293","m","right","correct","1","","1","trialend","singlestim","257","267310"
"15510","Subject69","1","braverybravery","1","bravery","positionleft","validityvalid","test","2","positive","singlestim","259","269319","362","â€šÃ³Ã¨","67","dotpositionleft","singlestim","260","269735","c","left","correct","1","","1","trialend","singlestim","261","270751"
"15807","Subject69","1","enthusiasmenthusiasm","1","enthusiasm","positionright","validityvalid","test","2","positive","singlestim","263","272760","329","â€šÃ³Ã¨","77","dotpositionright","singlestim","264","273143","m","right","correct","1","","1","trialend","singlestim","265","274158"
"16104","Subject69","1","deathdeath","1","death","positionright","validityvalid","test","2","suicide","singlestim","267","276167","443","â€šÃ³Ã¨","77","dotpositionright","singlestim","268","276663","m","right","correct","1","","1","trialend","singlestim","269","277681"
"16401","Subject69","1","corpsecorpse","1","corpse","positionleft","validityvalid","test","2","suicide","singlestim","271","279690","350","â€šÃ³Ã¨","67","dotpositionleft","singlestim","272","280093","c","left","correct","1","","1","trialend","singlestim","273","281111"
"16698","Subject69","1","filthyfilthy","1","filthy","positionleft","validityinvalid","test","2","negative","singlestim","275","283120","385","â€šÃ³Ã¨","77","dotpositionright","singlestim","276","283559","m","right","correct","1","","1","trialend","singlestim","277","284577"
"16995","Subject69","1","paperpaper","1","paper","positionleft","validityvalid","test","2","neutral","singlestim","279","286585","452","â€šÃ³Ã¨","67","dotpositionleft","singlestim","280","287091","c","left","correct","1","","1","trialend","singlestim","281","288106"
"17292","Subject69","1","pleasurepleasure","1","pleasure","positionleft","validityvalid","test","2","positive","singlestim","283","290114","488","â€šÃ³Ã¨","67","dotpositionleft","singlestim","284","290654","c","left","correct","1","","1","trialend","singlestim","285","291669"
"17589","Subject69","1","abuseabuse","1","abuse","positionright","validityvalid","test","2","negative","singlestim","287","293678","311","â€šÃ³Ã¨","77","dotpositionright","singlestim","288","294042","m","right","correct","1","","1","trialend","singlestim","289","295059"
"17886","Subject69","1","overdoseoverdose","1","overdose","positionright","validityinvalid","test","2","suicide","singlestim","291","297067","413","â€šÃ³Ã¨","67","dotpositionleft","singlestim","292","297533","c","left","correct","1","","1","trialend","singlestim","293","298547"
"18183","Subject69","1","horsehorse","1","horse","positionleft","validityinvalid","test","2","neutral","singlestim","295","300555","370","â€šÃ³Ã¨","77","dotpositionright","singlestim","296","300978","m","right","correct","1","","1","trialend","singlestim","297","301995"
"18480","Subject69","1","foamfoam","1","foam","positionright","validityvalid","test","2","neutral","singlestim","299","304003","322","â€šÃ³Ã¨","77","dotpositionright","singlestim","300","304382","m","right","correct","1","","1","trialend","singlestim","301","305396"
"18777","Subject69","1","lovelove","1","love","positionright","validityinvalid","test","2","positive","singlestim","303","307404","554","â€šÃ³Ã¨","67","dotpositionleft","singlestim","304","308013","c","left","correct","1","","1","trialend","singlestim","305","309029"
