"","SubjectID","rt","stimulus","keypress","word","wordposition","validity","block","blocknum","wordtype","trialtype","trialindex","timeelapsed","rt.1","stimulus.1","keypress.1","dotposition","trialtype.1","trialindex.1","timeelapsed.1","keypressed","participantresponse","correctresponse","rt.2","stimulus.2","keypress.2","blocktrial","trialtype.2","trialindex.2","timeelapsed.2"
"79","Subject84","1","noosenoose","1","noose","positionleft","validityvalid","test","2","suicide","singlestim","51","101761","404","â€šÃ³Ã¨","67","dotpositionleft","singlestim","52","102216","c","left","correct","1","","1","trialend","singlestim","53","103229"
"376","Subject84","1","tabletable","1","table","positionright","validityvalid","test","2","neutral","singlestim","55","105232","368","â€šÃ³Ã¨","77","dotpositionright","singlestim","56","105652","m","right","correct","1","","1","trialend","singlestim","57","106666"
"673","Subject84","1","corpsecorpse","1","corpse","positionleft","validityvalid","test","2","suicide","singlestim","59","108669","335","â€šÃ³Ã¨","67","dotpositionleft","singlestim","60","109056","c","left","correct","1","","1","trialend","singlestim","61","110068"
"970","Subject84","1","failurefailure","1","failure","positionleft","validityvalid","test","2","negative","singlestim","63","112072","342","â€šÃ³Ã¨","67","dotpositionleft","singlestim","64","112466","c","left","correct","1","","1","trialend","singlestim","65","113478"
"1267","Subject84","1","abuseabuse","1","abuse","positionright","validityvalid","test","2","negative","singlestim","67","115483","386","â€šÃ³Ã¨","77","dotpositionright","singlestim","68","115920","m","right","correct","1","","1","trialend","singlestim","69","116934"
"1564","Subject84","1","paperpaper","1","paper","positionleft","validityvalid","test","2","neutral","singlestim","71","118938","321","â€šÃ³Ã¨","67","dotpositionleft","singlestim","72","119310","c","left","correct","1","","1","trialend","singlestim","73","120323"
"1861","Subject84","1","pleasurepleasure","1","pleasure","positionleft","validityvalid","test","2","positive","singlestim","75","122326","338","â€šÃ³Ã¨","67","dotpositionleft","singlestim","76","122715","c","left","correct","1","","1","trialend","singlestim","77","123728"
"2158","Subject84","1","foamfoam","1","foam","positionright","validityvalid","test","2","neutral","singlestim","79","125732","394","â€šÃ³Ã¨","77","dotpositionright","singlestim","80","126177","m","right","correct","1","","1","trialend","singlestim","81","127190"
"2455","Subject84","1","horsehorse","1","horse","positionleft","validityinvalid","test","2","neutral","singlestim","83","129195","323","â€šÃ³Ã¨","77","dotpositionright","singlestim","84","129570","m","right","correct","1","","1","trialend","singlestim","85","130582"
"2752","Subject84","1","enthusiasmenthusiasm","1","enthusiasm","positionright","validityvalid","test","2","positive","singlestim","87","132586","423","â€šÃ³Ã¨","77","dotpositionright","singlestim","88","133062","m","right","correct","1","","1","trialend","singlestim","89","134076"
"3049","Subject84","1","filthyfilthy","1","filthy","positionleft","validityinvalid","test","2","negative","singlestim","91","136078","363","â€šÃ³Ã¨","77","dotpositionright","singlestim","92","136494","m","right","correct","1","","1","trialend","singlestim","93","137506"
"3346","Subject84","1","deathdeath","1","death","positionright","validityvalid","test","2","suicide","singlestim","95","139510","385","â€šÃ³Ã¨","77","dotpositionright","singlestim","96","139947","m","right","correct","1","","1","trialend","singlestim","97","140960"
"3643","Subject84","1","overdoseoverdose","1","overdose","positionright","validityinvalid","test","2","suicide","singlestim","99","142963","331","â€šÃ³Ã¨","67","dotpositionleft","singlestim","100","143347","c","left","correct","1","","1","trialend","singlestim","101","144359"
"3940","Subject84","1","cruelcruel","1","cruel","positionright","validityvalid","test","2","negative","singlestim","103","146363","392","â€šÃ³Ã¨","77","dotpositionright","singlestim","104","146806","m","right","correct","1","","1","trialend","singlestim","105","147819"
"4237","Subject84","1","lovelove","1","love","positionright","validityinvalid","test","2","positive","singlestim","107","149823","285","â€šÃ³Ã¨","67","dotpositionleft","singlestim","108","150167","c","left","correct","1","","1","trialend","singlestim","109","151181"
"4534","Subject84","1","braverybravery","1","bravery","positionleft","validityvalid","test","2","positive","singlestim","111","153185","424","â€šÃ³Ã¨","67","dotpositionleft","singlestim","112","153660","c","left","correct","1","","1","trialend","singlestim","113","154673"
"4831","Subject84","1","engineengine","1","engine","positionleft","validityvalid","test","4","neutral","singlestim","115","156677","338","â€šÃ³Ã¨","67","dotpositionleft","singlestim","116","157067","c","left","correct","1","","1","trialend","singlestim","117","158081"
"5128","Subject84","1","killingkilling","1","killing","positionleft","validityvalid","test","4","suicide","singlestim","119","160085","356","â€šÃ³Ã¨","67","dotpositionleft","singlestim","120","160493","c","left","correct","1","","1","trialend","singlestim","121","161506"
"5425","Subject84","1","ashamedashamed","1","ashamed","positionright","validityinvalid","test","4","negative","singlestim","123","163510","368","â€šÃ³Ã¨","67","dotpositionleft","singlestim","124","163930","c","left","correct","1","","1","trialend","singlestim","125","164943"
"5722","Subject84","1","suicidesuicide","1","suicide","positionright","validityinvalid","test","4","suicide","singlestim","127","166947","313","â€šÃ³Ã¨","67","dotpositionleft","singlestim","128","167312","c","left","correct","1","","1","trialend","singlestim","129","168325"
"6019","Subject84","1","successsuccess","1","success","positionleft","validityvalid","test","4","positive","singlestim","131","170329","355","â€šÃ³Ã¨","67","dotpositionleft","singlestim","132","170736","c","left","correct","1","","1","trialend","singlestim","133","171748"
"6316","Subject84","1","stupidstupid","1","stupid","positionleft","validityvalid","test","4","negative","singlestim","135","173753","392","â€šÃ³Ã¨","67","dotpositionleft","singlestim","136","174196","c","left","correct","1","","1","trialend","singlestim","137","175209"
"6613","Subject84","1","alonealone","1","alone","positionleft","validityvalid","test","4","negative","singlestim","139","177213","297","â€šÃ³Ã¨","67","dotpositionleft","singlestim","140","177562","c","left","correct","1","","1","trialend","singlestim","141","178575"
"6910","Subject84","1","ecstaticecstatic","1","ecstatic","positionright","validityvalid","test","4","positive","singlestim","143","180579","365","â€šÃ³Ã¨","77","dotpositionright","singlestim","144","180996","m","right","correct","1","","1","trialend","singlestim","145","182010"
"7207","Subject84","1","doubledouble","1","double","positionright","validityvalid","test","4","neutral","singlestim","147","184013","406","â€šÃ³Ã¨","77","dotpositionright","singlestim","148","184471","m","right","correct","1","","1","trialend","singlestim","149","185484"
"7504","Subject84","1","structurestructure","1","structure","positionright","validityvalid","test","4","neutral","singlestim","151","187488","341","â€šÃ³Ã¨","77","dotpositionright","singlestim","152","187881","m","right","correct","1","","1","trialend","singlestim","153","188894"
"7801","Subject84","1","hanginghanging","1","hanging","positionleft","validityvalid","test","4","suicide","singlestim","155","190898","320","â€šÃ³Ã¨","67","dotpositionleft","singlestim","156","191268","c","left","correct","1","","1","trialend","singlestim","157","192280"
"8098","Subject84","1","wohlesswohless","1","wohless","positionright","validityvalid","test","4","negative","singlestim","159","194283","377","â€šÃ³Ã¨","77","dotpositionright","singlestim","160","194713","m","right","correct","1","","1","trialend","singlestim","161","195726"
"8395","Subject84","1","deceaseddeceased","1","deceased","positionright","validityvalid","test","4","suicide","singlestim","163","197730","393","â€šÃ³Ã¨","77","dotpositionright","singlestim","164","198175","m","right","correct","1","","1","trialend","singlestim","165","199188"
"8692","Subject84","1","frameframe","1","frame","positionleft","validityinvalid","test","4","neutral","singlestim","167","201193","330","â€šÃ³Ã¨","77","dotpositionright","singlestim","168","201574","m","right","correct","1","","1","trialend","singlestim","169","202587"
"8989","Subject84","1","laughlaugh","1","laugh","positionright","validityvalid","test","4","positive","singlestim","171","204591","372","â€šÃ³Ã¨","77","dotpositionright","singlestim","172","205016","m","right","correct","1","","1","trialend","singlestim","173","206028"
"9286","Subject84","1","passionatepassionate","1","passionate","positionleft","validityinvalid","test","4","positive","singlestim","175","208033","295","â€šÃ³Ã¨","77","dotpositionright","singlestim","176","208380","m","right","correct","1","","1","trialend","singlestim","177","209393"
"9583","Subject84","1","vomitvomit","1","vomit","positionleft","validityvalid","test","1","negative","singlestim","179","211396","429","â€šÃ³Ã¨","67","dotpositionleft","singlestim","180","211878","c","left","correct","1","","1","trialend","singlestim","181","212891"
"9880","Subject84","1","foldedfolded","1","folded","positionleft","validityvalid","test","1","neutral","singlestim","183","214894","379","â€šÃ³Ã¨","67","dotpositionleft","singlestim","184","215325","c","left","correct","1","","1","trialend","singlestim","185","216338"
"10177","Subject84","1","cheesecheese","1","cheese","positionright","validityvalid","test","1","neutral","singlestim","187","218342","373","â€šÃ³Ã¨","77","dotpositionright","singlestim","188","218768","m","right","correct","1","","1","trialend","singlestim","189","219780"
"10474","Subject84","1","suffocationsuffocation","1","suffocation","positionleft","validityinvalid","test","1","suicide","singlestim","191","221784","370","â€šÃ³Ã¨","77","dotpositionright","singlestim","192","222207","m","right","correct","1","","1","trialend","singlestim","193","223220"
"10771","Subject84","1","paradiseparadise","1","paradise","positionleft","validityvalid","test","1","positive","singlestim","195","225224","370","â€šÃ³Ã¨","67","dotpositionleft","singlestim","196","225647","c","left","correct","1","","1","trialend","singlestim","197","226660"
"11068","Subject84","1","cryingcrying","1","crying","positionright","validityvalid","test","1","negative","singlestim","199","228664","371","â€šÃ³Ã¨","77","dotpositionright","singlestim","200","229087","m","right","correct","1","","1","trialend","singlestim","201","230099"
"11365","Subject84","1","bloodblood","1","blood","positionleft","validityvalid","test","1","suicide","singlestim","203","232103","398","â€šÃ³Ã¨","67","dotpositionleft","singlestim","204","232552","c","left","correct","1","","1","trialend","singlestim","205","233566"
"11662","Subject84","1","imageimage","1","image","positionleft","validityvalid","test","1","neutral","singlestim","207","235570","622","â€šÃ³Ã¨","67","dotpositionleft","singlestim","208","236243","c","left","correct","1","","1","trialend","singlestim","209","237255"
"11959","Subject84","1","hatehate","1","hate","positionright","validityinvalid","test","1","negative","singlestim","211","239258","380","â€šÃ³Ã¨","67","dotpositionleft","singlestim","212","239690","c","left","correct","1","","1","trialend","singlestim","213","240703"
"12256","Subject84","1","funeralfuneral","1","funeral","positionright","validityvalid","test","1","suicide","singlestim","215","242708","430","â€šÃ³Ã¨","77","dotpositionright","singlestim","216","243189","m","right","correct","1","","1","trialend","singlestim","217","244203"
"12553","Subject84","1","greatgreat","1","great","positionright","validityvalid","test","1","positive","singlestim","219","246206","476","â€šÃ³Ã¨","77","dotpositionright","singlestim","220","246735","m","right","correct","1","","1","trialend","singlestim","221","247747"
"12850","Subject84","1","gunshotgunshot","1","gunshot","positionright","validityvalid","test","1","suicide","singlestim","223","249751","312","â€šÃ³Ã¨","77","dotpositionright","singlestim","224","250114","m","right","correct","1","","1","trialend","singlestim","225","251127"
"13147","Subject84","1","attractionattraction","1","attraction","positionright","validityvalid","test","1","positive","singlestim","227","253131","415","â€šÃ³Ã¨","77","dotpositionright","singlestim","228","253598","m","right","correct","1","","1","trialend","singlestim","229","254611"
"13444","Subject84","1","patheticpathetic","1","pathetic","positionleft","validityvalid","test","1","negative","singlestim","231","256615","330","â€šÃ³Ã¨","67","dotpositionleft","singlestim","232","256996","c","left","correct","1","","1","trialend","singlestim","233","258008"
"13741","Subject84","1","statuestatue","1","statue","positionright","validityinvalid","test","1","neutral","singlestim","235","260011","337","â€šÃ³Ã¨","67","dotpositionleft","singlestim","236","260399","c","left","correct","1","","1","trialend","singlestim","237","261412"
"14038","Subject84","1","healthyhealthy","1","healthy","positionleft","validityinvalid","test","1","positive","singlestim","239","263417","352","â€šÃ³Ã¨","77","dotpositionright","singlestim","240","263820","m","right","correct","1","","1","trialend","singlestim","241","264832"
"14335","Subject84","1","assaultassault","1","assault","positionleft","validityinvalid","test","3","negative","singlestim","243","266836","299","â€šÃ³Ã¨","77","dotpositionright","singlestim","244","267188","m","right","correct","1","","1","trialend","singlestim","245","268201"
"14632","Subject84","1","happyhappy","1","happy","positionright","validityvalid","test","3","positive","singlestim","247","270205","369","â€šÃ³Ã¨","77","dotpositionright","singlestim","248","270626","m","right","correct","1","","1","trialend","singlestim","249","271640"
"14929","Subject84","1","closetcloset","1","closet","positionright","validityinvalid","test","3","neutral","singlestim","251","273644","337","â€šÃ³Ã¨","67","dotpositionleft","singlestim","252","274031","c","left","correct","1","","1","trialend","singlestim","253","275044"
"15226","Subject84","1","smilesmile","1","smile","positionleft","validityvalid","test","3","positive","singlestim","255","277048","376","â€šÃ³Ã¨","67","dotpositionleft","singlestim","256","277476","c","left","correct","1","","1","trialend","singlestim","257","278489"
"15523","Subject84","1","bombbomb","1","bomb","positionright","validityvalid","test","3","negative","singlestim","259","280492","372","â€šÃ³Ã¨","77","dotpositionright","singlestim","260","280917","m","right","correct","1","","1","trialend","singlestim","261","281929"
"15820","Subject84","1","touretoure","1","toure","positionleft","validityvalid","test","3","negative","singlestim","263","283933","331","â€šÃ³Ã¨","67","dotpositionleft","singlestim","264","284317","c","left","correct","1","","1","trialend","singlestim","265","285329"
"16117","Subject84","1","dyingdying","1","dying","positionleft","validityvalid","test","3","suicide","singlestim","267","287332","418","â€šÃ³Ã¨","67","dotpositionleft","singlestim","268","287803","c","left","correct","1","","1","trialend","singlestim","269","288816"
"16414","Subject84","1","strongstrong","1","strong","positionleft","validityvalid","test","3","positive","singlestim","271","290819","405","â€šÃ³Ã¨","67","dotpositionleft","singlestim","272","291275","c","left","correct","1","","1","trialend","singlestim","273","292288"
"16711","Subject84","1","museummuseum","1","museum","positionleft","validityvalid","test","3","neutral","singlestim","275","294291","357","â€šÃ³Ã¨","67","dotpositionleft","singlestim","276","294700","c","left","correct","1","","1","trialend","singlestim","277","295713"
"17008","Subject84","1","greengreen","1","green","positionright","validityvalid","test","3","neutral","singlestim","279","297716","343","â€šÃ³Ã¨","77","dotpositionright","singlestim","280","298111","m","right","correct","1","","1","trialend","singlestim","281","299125"
"17305","Subject84","1","deaddead","1","dead","positionleft","validityinvalid","test","3","suicide","singlestim","283","301129","385","â€šÃ³Ã¨","77","dotpositionright","singlestim","284","301566","m","right","correct","1","","1","trialend","singlestim","285","302578"
"17602","Subject84","1","rejectedrejected","1","rejected","positionright","validityvalid","test","3","negative","singlestim","287","304582","515","â€šÃ³Ã¨","77","dotpositionright","singlestim","288","305148","m","right","correct","1","","1","trialend","singlestim","289","306160"
"17899","Subject84","1","cuttingcutting","1","cutting","positionright","validityvalid","test","3","suicide","singlestim","291","308169","346","â€šÃ³Ã¨","77","dotpositionright","singlestim","292","308566","m","right","correct","1","","1","trialend","singlestim","293","309579"
"18196","Subject84","1","kisskiss","1","kiss","positionright","validityinvalid","test","3","positive","singlestim","295","311583","337","â€šÃ³Ã¨","67","dotpositionleft","singlestim","296","311971","c","left","correct","1","","1","trialend","singlestim","297","312985"
"18493","Subject84","1","metermeter","1","meter","positionleft","validityvalid","test","3","neutral","singlestim","299","314989","331","â€šÃ³Ã¨","67","dotpositionleft","singlestim","300","315372","c","left","correct","1","","1","trialend","singlestim","301","316384"
"18790","Subject84","1","diedie","1","die","positionright","validityvalid","test","3","suicide","singlestim","303","318388","455","â€šÃ³Ã¨","77","dotpositionright","singlestim","304","318895","m","right","correct","1","","1","trialend","singlestim","305","319909"
