"","SubjectID","rt","stimulus","keypress","word","wordposition","validity","block","blocknum","wordtype","trialtype","trialindex","timeelapsed","rt.1","stimulus.1","keypress.1","dotposition","trialtype.1","trialindex.1","timeelapsed.1","keypressed","participantresponse","correctresponse","rt.2","stimulus.2","keypress.2","blocktrial","trialtype.2","trialindex.2","timeelapsed.2"
"57","Subject60","1","assaultassault","1","assault","positionleft","validityinvalid","test","3","negative","singlestim","51","121613","407","â€šÃ³Ã¨","77","dotpositionright","singlestim","52","122073","m","right","correct","1","","1","trialend","singlestim","53","123088"
"354","Subject60","1","rejectedrejected","1","rejected","positionright","validityvalid","test","3","negative","singlestim","55","125096","445","â€šÃ³Ã¨","77","dotpositionright","singlestim","56","125596","m","right","correct","1","","1","trialend","singlestim","57","126611"
"651","Subject60","1","deaddead","1","dead","positionleft","validityinvalid","test","3","suicide","singlestim","59","128619","358","â€šÃ³Ã¨","77","dotpositionright","singlestim","60","129028","m","right","correct","1","","1","trialend","singlestim","61","130041"
"948","Subject60","1","closetcloset","1","closet","positionright","validityinvalid","test","3","neutral","singlestim","63","132049","396","â€šÃ³Ã¨","67","dotpositionleft","singlestim","64","132501","c","left","correct","1","","1","trialend","singlestim","65","133517"
"1245","Subject60","1","strongstrong","1","strong","positionleft","validityvalid","test","3","positive","singlestim","67","135527","411","â€šÃ³Ã¨","67","dotpositionleft","singlestim","68","135993","c","left","correct","1","","1","trialend","singlestim","69","137006"
"1542","Subject60","1","greengreen","1","green","positionright","validityvalid","test","3","neutral","singlestim","71","139014","403","â€šÃ³Ã¨","77","dotpositionright","singlestim","72","139472","m","right","correct","1","","1","trialend","singlestim","73","140487"
"1839","Subject60","1","bombbomb","1","bomb","positionright","validityvalid","test","3","negative","singlestim","75","142497","433","â€šÃ³Ã¨","77","dotpositionright","singlestim","76","142986","m","right","correct","1","","1","trialend","singlestim","77","144000"
"2136","Subject60","1","metermeter","1","meter","positionleft","validityvalid","test","3","neutral","singlestim","79","146007","455","â€šÃ³Ã¨","67","dotpositionleft","singlestim","80","146516","c","left","correct","1","","1","trialend","singlestim","81","147533"
"2433","Subject60","1","touretoure","1","toure","positionleft","validityvalid","test","3","negative","singlestim","83","149542","426","â€šÃ³Ã¨","67","dotpositionleft","singlestim","84","150020","c","left","correct","1","","1","trialend","singlestim","85","151033"
"2730","Subject60","446","happyhappy","77","happy","positionright","validityvalid","test","3","positive","singlestim","87","153042","412","â€šÃ³Ã¨","77","dotpositionright","singlestim","88","153507","m","right","correct","1","","1","trialend","singlestim","89","154522"
"3027","Subject60","1","cuttingcutting","1","cutting","positionright","validityvalid","test","3","suicide","singlestim","91","156530","573","â€šÃ³Ã¨","77","dotpositionright","singlestim","92","157155","m","right","correct","1","","1","trialend","singlestim","93","158172"
"3324","Subject60","1","dyingdying","1","dying","positionleft","validityvalid","test","3","suicide","singlestim","95","160181","460","â€šÃ³Ã¨","67","dotpositionleft","singlestim","96","160693","c","left","correct","1","","1","trialend","singlestim","97","161706"
"3621","Subject60","1","museummuseum","1","museum","positionleft","validityvalid","test","3","neutral","singlestim","99","163715","490","â€šÃ³Ã¨","67","dotpositionleft","singlestim","100","164258","c","left","correct","1","","1","trialend","singlestim","101","165272"
"3918","Subject60","1","kisskiss","1","kiss","positionright","validityinvalid","test","3","positive","singlestim","103","167278","453","â€šÃ³Ã¨","67","dotpositionleft","singlestim","104","167784","c","left","correct","1","","1","trialend","singlestim","105","168799"
"4215","Subject60","1","smilesmile","1","smile","positionleft","validityvalid","test","3","positive","singlestim","107","170807","493","â€šÃ³Ã¨","67","dotpositionleft","singlestim","108","171352","c","left","correct","1","","1","trialend","singlestim","109","172368"
"4512","Subject60","1","diedie","1","die","positionright","validityvalid","test","3","suicide","singlestim","111","174376","521","â€šÃ³Ã¨","77","dotpositionright","singlestim","112","174951","m","right","correct","1","","1","trialend","singlestim","113","175966"
"4809","Subject60","1","suffocationsuffocation","1","suffocation","positionleft","validityinvalid","test","1","suicide","singlestim","115","177975","429","â€šÃ³Ã¨","77","dotpositionright","singlestim","116","178458","m","right","correct","1","","1","trialend","singlestim","117","179472"
"5106","Subject60","1","attractionattraction","1","attraction","positionright","validityvalid","test","1","positive","singlestim","119","181481","475","â€šÃ³Ã¨","77","dotpositionright","singlestim","120","182008","m","right","correct","1","","1","trialend","singlestim","121","183023"
"5403","Subject60","1","foldedfolded","1","folded","positionleft","validityvalid","test","1","neutral","singlestim","123","185032","549","â€šÃ³Ã¨","67","dotpositionleft","singlestim","124","185638","c","left","correct","1","","1","trialend","singlestim","125","186652"
"5700","Subject60","1","imageimage","1","image","positionleft","validityvalid","test","1","neutral","singlestim","127","188660","386","â€šÃ³Ã¨","67","dotpositionleft","singlestim","128","189098","c","left","correct","1","","1","trialend","singlestim","129","190111"
"5997","Subject60","1","healthyhealthy","1","healthy","positionleft","validityinvalid","test","1","positive","singlestim","131","192119","391","â€šÃ³Ã¨","77","dotpositionright","singlestim","132","192562","m","right","correct","1","","1","trialend","singlestim","133","193576"
"6294","Subject60","1","vomitvomit","1","vomit","positionleft","validityvalid","test","1","negative","singlestim","135","195584","570","â€šÃ³Ã¨","67","dotpositionleft","singlestim","136","196207","c","left","correct","1","","1","trialend","singlestim","137","197221"
"6591","Subject60","1","cryingcrying","1","crying","positionright","validityvalid","test","1","negative","singlestim","139","199229","379","â€šÃ³Ã¨","77","dotpositionright","singlestim","140","199662","m","right","correct","1","","1","trialend","singlestim","141","200680"
"6888","Subject60","1","greatgreat","1","great","positionright","validityvalid","test","1","positive","singlestim","143","202687","384","â€šÃ³Ã¨","77","dotpositionright","singlestim","144","203124","m","right","correct","1","","1","trialend","singlestim","145","204139"
"7185","Subject60","1","statuestatue","1","statue","positionright","validityinvalid","test","1","neutral","singlestim","147","206148","400","â€šÃ³Ã¨","67","dotpositionleft","singlestim","148","206603","c","left","correct","1","","1","trialend","singlestim","149","207621"
"7482","Subject60","1","hatehate","1","hate","positionright","validityinvalid","test","1","negative","singlestim","151","209630","424","â€šÃ³Ã¨","67","dotpositionleft","singlestim","152","210108","c","left","correct","1","","1","trialend","singlestim","153","211120"
"7779","Subject60","1","patheticpathetic","1","pathetic","positionleft","validityvalid","test","1","negative","singlestim","155","213129","467","â€šÃ³Ã¨","67","dotpositionleft","singlestim","156","213651","c","left","correct","1","","1","trialend","singlestim","157","214667"
"8076","Subject60","1","funeralfuneral","1","funeral","positionright","validityvalid","test","1","suicide","singlestim","159","216676","489","â€šÃ³Ã¨","77","dotpositionright","singlestim","160","217216","m","right","correct","1","","1","trialend","singlestim","161","218230"
"8373","Subject60","1","gunshotgunshot","1","gunshot","positionright","validityvalid","test","1","suicide","singlestim","163","220239","422","â€šÃ³Ã¨","77","dotpositionright","singlestim","164","220713","m","right","correct","1","","1","trialend","singlestim","165","221730"
"8670","Subject60","1","cheesecheese","1","cheese","positionright","validityvalid","test","1","neutral","singlestim","167","223738","377","â€šÃ³Ã¨","77","dotpositionright","singlestim","168","224172","m","right","correct","1","","1","trialend","singlestim","169","225184"
"8967","Subject60","1","paradiseparadise","1","paradise","positionleft","validityvalid","test","1","positive","singlestim","171","227192","405","â€šÃ³Ã¨","67","dotpositionleft","singlestim","172","227651","c","left","correct","1","","1","trialend","singlestim","173","228666"
"9264","Subject60","1","bloodblood","1","blood","positionleft","validityvalid","test","1","suicide","singlestim","175","230674","555","â€šÃ³Ã¨","67","dotpositionleft","singlestim","176","231281","c","left","correct","1","","1","trialend","singlestim","177","232297"
"9561","Subject60","1","cruelcruel","1","cruel","positionright","validityvalid","test","2","negative","singlestim","179","234302","466","â€šÃ³Ã¨","77","dotpositionright","singlestim","180","234820","m","right","correct","1","","1","trialend","singlestim","181","235833"
"9858","Subject60","1","horsehorse","1","horse","positionleft","validityinvalid","test","2","neutral","singlestim","183","237842","427","â€šÃ³Ã¨","77","dotpositionright","singlestim","184","238322","m","right","correct","1","","1","trialend","singlestim","185","239339"
"10155","Subject60","1","braverybravery","1","bravery","positionleft","validityvalid","test","2","positive","singlestim","187","241348","392","â€šÃ³Ã¨","67","dotpositionleft","singlestim","188","241794","c","left","correct","1","","1","trialend","singlestim","189","242810"
"10452","Subject60","1","paperpaper","1","paper","positionleft","validityvalid","test","2","neutral","singlestim","191","244818","395","â€šÃ³Ã¨","67","dotpositionleft","singlestim","192","245266","c","left","correct","1","","1","trialend","singlestim","193","246281"
"10749","Subject60","1","pleasurepleasure","1","pleasure","positionleft","validityvalid","test","2","positive","singlestim","195","248289","412","â€šÃ³Ã¨","67","dotpositionleft","singlestim","196","248753","c","left","correct","1","","1","trialend","singlestim","197","249769"
"11046","Subject60","1","foamfoam","1","foam","positionright","validityvalid","test","2","neutral","singlestim","199","251777","438","â€šÃ³Ã¨","77","dotpositionright","singlestim","200","252267","m","right","correct","1","","1","trialend","singlestim","201","253280"
"11343","Subject60","1","overdoseoverdose","1","overdose","positionright","validityinvalid","test","2","suicide","singlestim","203","255288","406","â€šÃ³Ã¨","67","dotpositionleft","singlestim","204","255747","c","left","correct","1","","1","trialend","singlestim","205","256762"
"11640","Subject60","1","abuseabuse","1","abuse","positionright","validityvalid","test","2","negative","singlestim","207","258770","494","â€šÃ³Ã¨","77","dotpositionright","singlestim","208","259319","m","right","correct","1","","1","trialend","singlestim","209","260332"
"11937","Subject60","1","failurefailure","1","failure","positionleft","validityvalid","test","2","negative","singlestim","211","262340","481","â€šÃ³Ã¨","67","dotpositionleft","singlestim","212","262876","c","left","correct","1","","1","trialend","singlestim","213","263892"
"12234","Subject60","1","deathdeath","1","death","positionright","validityvalid","test","2","suicide","singlestim","215","265899","489","â€šÃ³Ã¨","77","dotpositionright","singlestim","216","266439","m","right","correct","1","","1","trialend","singlestim","217","267453"
"12531","Subject60","1","corpsecorpse","1","corpse","positionleft","validityvalid","test","2","suicide","singlestim","219","269461","398","â€šÃ³Ã¨","67","dotpositionleft","singlestim","220","269912","c","left","correct","1","","1","trialend","singlestim","221","270928"
"12828","Subject60","1","tabletable","1","table","positionright","validityvalid","test","2","neutral","singlestim","223","272938","397","â€šÃ³Ã¨","77","dotpositionright","singlestim","224","273391","m","right","correct","1","","1","trialend","singlestim","225","274406"
"13125","Subject60","1","enthusiasmenthusiasm","1","enthusiasm","positionright","validityvalid","test","2","positive","singlestim","227","276415","449","â€šÃ³Ã¨","77","dotpositionright","singlestim","228","276920","m","right","correct","1","","1","trialend","singlestim","229","277935"
"13422","Subject60","1","lovelove","1","love","positionright","validityinvalid","test","2","positive","singlestim","231","279943","413","â€šÃ³Ã¨","67","dotpositionleft","singlestim","232","280408","c","left","correct","1","","1","trialend","singlestim","233","281423"
"13719","Subject60","1","filthyfilthy","1","filthy","positionleft","validityinvalid","test","2","negative","singlestim","235","283431","401","â€šÃ³Ã¨","77","dotpositionright","singlestim","236","283888","m","right","correct","1","","1","trialend","singlestim","237","284906"
"14016","Subject60","1","noosenoose","1","noose","positionleft","validityvalid","test","2","suicide","singlestim","239","286913","451","â€šÃ³Ã¨","67","dotpositionleft","singlestim","240","287418","c","left","correct","1","","1","trialend","singlestim","241","288434"
"14313","Subject60","1","deceaseddeceased","1","deceased","positionright","validityvalid","test","4","suicide","singlestim","243","290442","440","â€šÃ³Ã¨","77","dotpositionright","singlestim","244","290938","m","right","correct","1","","1","trialend","singlestim","245","291951"
"14610","Subject60","1","passionatepassionate","1","passionate","positionleft","validityinvalid","test","4","positive","singlestim","247","293960","342","â€šÃ³Ã¨","77","dotpositionright","singlestim","248","294357","m","right","correct","1","","1","trialend","singlestim","249","295370"
"14907","Subject60","1","frameframe","1","frame","positionleft","validityinvalid","test","4","neutral","singlestim","251","297378","335","â€šÃ³Ã¨","77","dotpositionright","singlestim","252","297765","m","right","correct","1","","1","trialend","singlestim","253","298782"
"15204","Subject60","1","successsuccess","1","success","positionleft","validityvalid","test","4","positive","singlestim","255","300791","415","â€šÃ³Ã¨","67","dotpositionleft","singlestim","256","301258","c","left","correct","1","","1","trialend","singlestim","257","302271"
"15501","Subject60","1","wohlesswohless","1","wohless","positionright","validityvalid","test","4","negative","singlestim","259","304279","347","â€šÃ³Ã¨","77","dotpositionright","singlestim","260","304680","m","right","correct","1","","1","trialend","singlestim","261","305694"
"15798","Subject60","1","laughlaugh","1","laugh","positionright","validityvalid","test","4","positive","singlestim","263","307699","394","â€šÃ³Ã¨","77","dotpositionright","singlestim","264","308148","m","right","correct","1","","1","trialend","singlestim","265","309163"
"16095","Subject60","1","structurestructure","1","structure","positionright","validityvalid","test","4","neutral","singlestim","267","311173","336","â€šÃ³Ã¨","77","dotpositionright","singlestim","268","311563","m","right","correct","1","","1","trialend","singlestim","269","312578"
"16392","Subject60","1","doubledouble","1","double","positionright","validityvalid","test","4","neutral","singlestim","271","314583","338","â€šÃ³Ã¨","77","dotpositionright","singlestim","272","314978","m","right","correct","1","","1","trialend","singlestim","273","315991"
"16689","Subject60","1","stupidstupid","1","stupid","positionleft","validityvalid","test","4","negative","singlestim","275","317999","495","â€šÃ³Ã¨","67","dotpositionleft","singlestim","276","318546","c","left","correct","1","","1","trialend","singlestim","277","319560"
"16986","Subject60","1","ashamedashamed","1","ashamed","positionright","validityinvalid","test","4","negative","singlestim","279","321568","534","â€šÃ³Ã¨","67","dotpositionleft","singlestim","280","322155","c","left","correct","1","","1","trialend","singlestim","281","323171"
"17283","Subject60","1","ecstaticecstatic","1","ecstatic","positionright","validityvalid","test","4","positive","singlestim","283","325178","474","â€šÃ³Ã¨","77","dotpositionright","singlestim","284","325707","m","right","correct","1","","1","trialend","singlestim","285","326722"
"17580","Subject60","1","engineengine","1","engine","positionleft","validityvalid","test","4","neutral","singlestim","287","328730","450","â€šÃ³Ã¨","67","dotpositionleft","singlestim","288","329235","c","left","correct","1","","1","trialend","singlestim","289","330251"
"17877","Subject60","1","hanginghanging","1","hanging","positionleft","validityvalid","test","4","suicide","singlestim","291","332259","395","â€šÃ³Ã¨","67","dotpositionleft","singlestim","292","332706","c","left","correct","1","","1","trialend","singlestim","293","333721"
"18174","Subject60","1","suicidesuicide","1","suicide","positionright","validityinvalid","test","4","suicide","singlestim","295","335729","577","â€šÃ³Ã¨","67","dotpositionleft","singlestim","296","336359","c","left","correct","1","","1","trialend","singlestim","297","337373"
"18471","Subject60","1","killingkilling","1","killing","positionleft","validityvalid","test","4","suicide","singlestim","299","339381","336","â€šÃ³Ã¨","67","dotpositionleft","singlestim","300","339768","c","left","correct","1","","1","trialend","singlestim","301","340785"
"18768","Subject60","1","alonealone","1","alone","positionleft","validityvalid","test","4","negative","singlestim","303","342793","344","â€šÃ³Ã¨","67","dotpositionleft","singlestim","304","343190","c","left","correct","1","","1","trialend","singlestim","305","344203"
