"","SubjectID","rt","stimulus","keypress","word","wordposition","validity","block","blocknum","wordtype","trialtype","trialindex","timeelapsed","rt.1","stimulus.1","keypress.1","dotposition","trialtype.1","trialindex.1","timeelapsed.1","keypressed","participantresponse","correctresponse","rt.2","stimulus.2","keypress.2","blocktrial","trialtype.2","trialindex.2","timeelapsed.2"
"114","Subject119","1","lovelove","1","love","positionright","validityinvalid","test","2","positive","singlestim","51","90941","360","â€šÃ³Ã¨","67","dotpositionleft","singlestim","52","91353","c","left","correct","1","","1","trialend","singlestim","53","92367"
"411","Subject119","1","enthusiasmenthusiasm","1","enthusiasm","positionright","validityvalid","test","2","positive","singlestim","55","94370","334","â€šÃ³Ã¨","77","dotpositionright","singlestim","56","94756","m","right","correct","1","","1","trialend","singlestim","57","95768"
"708","Subject119","1","filthyfilthy","1","filthy","positionleft","validityinvalid","test","2","negative","singlestim","59","97773","311","â€šÃ³Ã¨","77","dotpositionright","singlestim","60","98136","m","right","correct","1","","1","trialend","singlestim","61","99150"
"1005","Subject119","1","tabletable","1","table","positionright","validityvalid","test","2","neutral","singlestim","63","101152","347","â€šÃ³Ã¨","77","dotpositionright","singlestim","64","101550","m","right","correct","1","","1","trialend","singlestim","65","102566"
"1302","Subject119","1","pleasurepleasure","1","pleasure","positionleft","validityvalid","test","2","positive","singlestim","67","104570","382","â€šÃ³Ã¨","67","dotpositionleft","singlestim","68","105004","c","left","correct","1","","1","trialend","singlestim","69","106016"
"1599","Subject119","1","failurefailure","1","failure","positionleft","validityvalid","test","2","negative","singlestim","71","108020","344","â€šÃ³Ã¨","67","dotpositionleft","singlestim","72","108417","c","left","correct","1","","1","trialend","singlestim","73","109428"
"1896","Subject119","1","paperpaper","1","paper","positionleft","validityvalid","test","2","neutral","singlestim","75","111431","464","â€šÃ³Ã¨","67","dotpositionleft","singlestim","76","111945","c","left","correct","1","","1","trialend","singlestim","77","112957"
"2193","Subject119","1","braverybravery","1","bravery","positionleft","validityvalid","test","2","positive","singlestim","79","114961","325","â€šÃ³Ã¨","67","dotpositionleft","singlestim","80","115337","c","left","correct","1","","1","trialend","singlestim","81","116350"
"2490","Subject119","1","foamfoam","1","foam","positionright","validityvalid","test","2","neutral","singlestim","83","118353","265","â€šÃ³Ã¨","77","dotpositionright","singlestim","84","118669","m","right","correct","1","","1","trialend","singlestim","85","119681"
"2787","Subject119","1","corpsecorpse","1","corpse","positionleft","validityvalid","test","2","suicide","singlestim","87","121684","295","â€šÃ³Ã¨","67","dotpositionleft","singlestim","88","122030","c","left","correct","1","","1","trialend","singlestim","89","123043"
"3084","Subject119","1","overdoseoverdose","1","overdose","positionright","validityinvalid","test","2","suicide","singlestim","91","125045","315","â€šÃ³Ã¨","67","dotpositionleft","singlestim","92","125413","c","left","correct","1","","1","trialend","singlestim","93","126427"
"3381","Subject119","1","abuseabuse","1","abuse","positionright","validityvalid","test","2","negative","singlestim","95","128432","288","â€šÃ³Ã¨","77","dotpositionright","singlestim","96","128773","m","right","correct","1","","1","trialend","singlestim","97","129787"
"3678","Subject119","1","noosenoose","1","noose","positionleft","validityvalid","test","2","suicide","singlestim","99","131790","447","â€šÃ³Ã¨","67","dotpositionleft","singlestim","100","132289","c","left","correct","1","","1","trialend","singlestim","101","133303"
"3975","Subject119","1","deathdeath","1","death","positionright","validityvalid","test","2","suicide","singlestim","103","135308","290","â€šÃ³Ã¨","77","dotpositionright","singlestim","104","135649","m","right","correct","1","","1","trialend","singlestim","105","136664"
"4272","Subject119","1","cruelcruel","1","cruel","positionright","validityvalid","test","2","negative","singlestim","107","138668","352","â€šÃ³Ã¨","77","dotpositionright","singlestim","108","139074","m","right","correct","1","","1","trialend","singlestim","109","140086"
"4569","Subject119","1","horsehorse","1","horse","positionleft","validityinvalid","test","2","neutral","singlestim","111","142091","272","â€šÃ³Ã¨","77","dotpositionright","singlestim","112","142416","m","right","correct","1","","1","trialend","singlestim","113","143430"
"4866","Subject119","1","happyhappy","1","happy","positionright","validityvalid","test","3","positive","singlestim","115","145436","433","â€šÃ³Ã¨","77","dotpositionright","singlestim","116","145922","m","right","correct","1","","1","trialend","singlestim","117","146935"
"5163","Subject119","1","strongstrong","1","strong","positionleft","validityvalid","test","3","positive","singlestim","119","148941","324","â€šÃ³Ã¨","67","dotpositionleft","singlestim","120","149316","c","left","correct","1","","1","trialend","singlestim","121","150328"
"5460","Subject119","1","deaddead","1","dead","positionleft","validityinvalid","test","3","suicide","singlestim","123","152333","334","â€šÃ³Ã¨","77","dotpositionright","singlestim","124","152720","m","right","correct","1","","1","trialend","singlestim","125","153735"
"5757","Subject119","1","greengreen","1","green","positionright","validityvalid","test","3","neutral","singlestim","127","155738","295","â€šÃ³Ã¨","77","dotpositionright","singlestim","128","156087","m","right","correct","1","","1","trialend","singlestim","129","157099"
"6054","Subject119","1","dyingdying","1","dying","positionleft","validityvalid","test","3","suicide","singlestim","131","159104","306","â€šÃ³Ã¨","67","dotpositionleft","singlestim","132","159461","c","left","correct","1","","1","trialend","singlestim","133","160475"
"6351","Subject119","1","assaultassault","1","assault","positionleft","validityinvalid","test","3","negative","singlestim","135","162481","301","â€šÃ³Ã¨","77","dotpositionright","singlestim","136","162834","m","right","correct","1","","1","trialend","singlestim","137","163847"
"6648","Subject119","1","kisskiss","1","kiss","positionright","validityinvalid","test","3","positive","singlestim","139","165856","419","â€šÃ³Ã¨","67","dotpositionleft","singlestim","140","166328","c","left","correct","1","","1","trialend","singlestim","141","167341"
"6945","Subject119","1","museummuseum","1","museum","positionleft","validityvalid","test","3","neutral","singlestim","143","169346","313","â€šÃ³Ã¨","67","dotpositionleft","singlestim","144","169710","c","left","correct","1","","1","trialend","singlestim","145","170723"
"7242","Subject119","1","metermeter","1","meter","positionleft","validityvalid","test","3","neutral","singlestim","147","172728","367","â€šÃ³Ã¨","67","dotpositionleft","singlestim","148","173148","c","left","correct","1","","1","trialend","singlestim","149","174161"
"7539","Subject119","1","bombbomb","1","bomb","positionright","validityvalid","test","3","negative","singlestim","151","176167","318","â€šÃ³Ã¨","77","dotpositionright","singlestim","152","176537","m","right","correct","1","","1","trialend","singlestim","153","177552"
"7836","Subject119","1","cuttingcutting","1","cutting","positionright","validityvalid","test","3","suicide","singlestim","155","179558","324","â€šÃ³Ã¨","77","dotpositionright","singlestim","156","179933","m","right","correct","1","","1","trialend","singlestim","157","180945"
"8133","Subject119","1","rejectedrejected","1","rejected","positionright","validityvalid","test","3","negative","singlestim","159","182950","325","â€šÃ³Ã¨","77","dotpositionright","singlestim","160","183327","m","right","correct","1","","1","trialend","singlestim","161","184342"
"8430","Subject119","1","smilesmile","1","smile","positionleft","validityvalid","test","3","positive","singlestim","163","186348","307","â€šÃ³Ã¨","67","dotpositionleft","singlestim","164","186709","c","left","correct","1","","1","trialend","singlestim","165","187722"
"8727","Subject119","1","diedie","1","die","positionright","validityvalid","test","3","suicide","singlestim","167","189728","294","â€šÃ³Ã¨","77","dotpositionright","singlestim","168","190073","m","right","correct","1","","1","trialend","singlestim","169","191087"
"9024","Subject119","1","closetcloset","1","closet","positionright","validityinvalid","test","3","neutral","singlestim","171","193093","353","â€šÃ³Ã¨","67","dotpositionleft","singlestim","172","193499","c","left","correct","1","","1","trialend","singlestim","173","194511"
"9321","Subject119","1","touretoure","1","toure","positionleft","validityvalid","test","3","negative","singlestim","175","196516","335","â€šÃ³Ã¨","67","dotpositionleft","singlestim","176","196903","c","left","correct","1","","1","trialend","singlestim","177","197916"
"9618","Subject119","1","ashamedashamed","1","ashamed","positionright","validityinvalid","test","4","negative","singlestim","179","199922","365","â€šÃ³Ã¨","67","dotpositionleft","singlestim","180","200340","c","left","correct","1","","1","trialend","singlestim","181","201352"
"9915","Subject119","1","deceaseddeceased","1","deceased","positionright","validityvalid","test","4","suicide","singlestim","183","203357","410","â€šÃ³Ã¨","77","dotpositionright","singlestim","184","203821","m","right","correct","1","","1","trialend","singlestim","185","204834"
"10212","Subject119","1","alonealone","1","alone","positionleft","validityvalid","test","4","negative","singlestim","187","206840","295","â€šÃ³Ã¨","67","dotpositionleft","singlestim","188","207187","c","left","correct","1","","1","trialend","singlestim","189","208202"
"10509","Subject119","1","suicidesuicide","1","suicide","positionright","validityinvalid","test","4","suicide","singlestim","191","210206","319","â€šÃ³Ã¨","67","dotpositionleft","singlestim","192","210577","c","left","correct","1","","1","trialend","singlestim","193","211591"
"10806","Subject119","1","passionatepassionate","1","passionate","positionleft","validityinvalid","test","4","positive","singlestim","195","213595","302","â€šÃ³Ã¨","77","dotpositionright","singlestim","196","213949","m","right","correct","1","","1","trialend","singlestim","197","214964"
"11103","Subject119","1","structurestructure","1","structure","positionright","validityvalid","test","4","neutral","singlestim","199","216968","372","â€šÃ³Ã¨","77","dotpositionright","singlestim","200","217392","m","right","correct","1","","1","trialend","singlestim","201","218407"
"11400","Subject119","1","successsuccess","1","success","positionleft","validityvalid","test","4","positive","singlestim","203","220411","327","â€šÃ³Ã¨","67","dotpositionleft","singlestim","204","220790","c","left","correct","1","","1","trialend","singlestim","205","221802"
"11697","Subject119","1","wohlesswohless","1","wohless","positionright","validityvalid","test","4","negative","singlestim","207","223808","323","â€šÃ³Ã¨","77","dotpositionright","singlestim","208","224184","m","right","correct","1","","1","trialend","singlestim","209","225197"
"11994","Subject119","1","ecstaticecstatic","1","ecstatic","positionright","validityvalid","test","4","positive","singlestim","211","227203","224","â€šÃ³Ã¨","77","dotpositionright","singlestim","212","227478","m","right","correct","1","","1","trialend","singlestim","213","228491"
"12291","Subject119","1","frameframe","1","frame","positionleft","validityinvalid","test","4","neutral","singlestim","215","230497","334","â€šÃ³Ã¨","77","dotpositionright","singlestim","216","230883","m","right","correct","1","","1","trialend","singlestim","217","231900"
"12588","Subject119","1","hanginghanging","1","hanging","positionleft","validityvalid","test","4","suicide","singlestim","219","233905","327","â€šÃ³Ã¨","67","dotpositionleft","singlestim","220","234285","c","left","correct","1","","1","trialend","singlestim","221","235300"
"12885","Subject119","1","killingkilling","1","killing","positionleft","validityvalid","test","4","suicide","singlestim","223","237305","330","â€šÃ³Ã¨","67","dotpositionleft","singlestim","224","237687","c","left","correct","1","","1","trialend","singlestim","225","238701"
"13182","Subject119","1","engineengine","1","engine","positionleft","validityvalid","test","4","neutral","singlestim","227","240706","331","â€šÃ³Ã¨","67","dotpositionleft","singlestim","228","241091","c","left","correct","1","","1","trialend","singlestim","229","242104"
"13479","Subject119","1","doubledouble","1","double","positionright","validityvalid","test","4","neutral","singlestim","231","244110","266","â€šÃ³Ã¨","77","dotpositionright","singlestim","232","244428","m","right","correct","1","","1","trialend","singlestim","233","245442"
"13776","Subject119","1","stupidstupid","1","stupid","positionleft","validityvalid","test","4","negative","singlestim","235","247446","334","â€šÃ³Ã¨","67","dotpositionleft","singlestim","236","247832","c","left","correct","1","","1","trialend","singlestim","237","248846"
"14073","Subject119","1","laughlaugh","1","laugh","positionright","validityvalid","test","4","positive","singlestim","239","250850","300","â€šÃ³Ã¨","77","dotpositionright","singlestim","240","251202","m","right","correct","1","","1","trialend","singlestim","241","252215"
"14370","Subject119","1","suffocationsuffocation","1","suffocation","positionleft","validityinvalid","test","1","suicide","singlestim","243","254220","325","â€šÃ³Ã¨","77","dotpositionright","singlestim","244","254597","m","right","correct","1","","1","trialend","singlestim","245","255610"
"14667","Subject119","1","greatgreat","1","great","positionright","validityvalid","test","1","positive","singlestim","247","257614","367","â€šÃ³Ã¨","77","dotpositionright","singlestim","248","258034","m","right","correct","1","","1","trialend","singlestim","249","259047"
"14964","Subject119","1","healthyhealthy","1","healthy","positionleft","validityinvalid","test","1","positive","singlestim","251","261053","305","â€šÃ³Ã¨","77","dotpositionright","singlestim","252","261410","m","right","correct","1","","1","trialend","singlestim","253","262423"
"15261","Subject119","1","cheesecheese","1","cheese","positionright","validityvalid","test","1","neutral","singlestim","255","264429","278","â€šÃ³Ã¨","77","dotpositionright","singlestim","256","264761","m","right","correct","1","","1","trialend","singlestim","257","265774"
"15558","Subject119","1","funeralfuneral","1","funeral","positionright","validityvalid","test","1","suicide","singlestim","259","267778","333","â€šÃ³Ã¨","77","dotpositionright","singlestim","260","268164","m","right","correct","1","","1","trialend","singlestim","261","269177"
"15855","Subject119","1","cryingcrying","1","crying","positionright","validityvalid","test","1","negative","singlestim","263","271184","263","â€šÃ³Ã¨","77","dotpositionright","singlestim","264","271498","m","right","correct","1","","1","trialend","singlestim","265","272512"
"16152","Subject119","1","foldedfolded","1","folded","positionleft","validityvalid","test","1","neutral","singlestim","267","274517","272","â€šÃ³Ã¨","67","dotpositionleft","singlestim","268","274840","c","left","correct","1","","1","trialend","singlestim","269","275853"
"16449","Subject119","1","patheticpathetic","1","pathetic","positionleft","validityvalid","test","1","negative","singlestim","271","277857","274","â€šÃ³Ã¨","67","dotpositionleft","singlestim","272","278184","c","left","correct","1","","1","trialend","singlestim","273","279196"
"16746","Subject119","1","bloodblood","1","blood","positionleft","validityvalid","test","1","suicide","singlestim","275","281200","335","â€šÃ³Ã¨","67","dotpositionleft","singlestim","276","281587","c","left","correct","1","","1","trialend","singlestim","277","282601"
"17043","Subject119","1","attractionattraction","1","attraction","positionright","validityvalid","test","1","positive","singlestim","279","284604","173","â€šÃ³Ã¨","77","dotpositionright","singlestim","280","284832","m","right","correct","1","","1","trialend","singlestim","281","285846"
"17340","Subject119","1","gunshotgunshot","1","gunshot","positionright","validityvalid","test","1","suicide","singlestim","283","287851","257","â€šÃ³Ã¨","77","dotpositionright","singlestim","284","288162","m","right","correct","1","","1","trialend","singlestim","285","289175"
"17637","Subject119","1","paradiseparadise","1","paradise","positionleft","validityvalid","test","1","positive","singlestim","287","291181","296","â€šÃ³Ã¨","67","dotpositionleft","singlestim","288","291529","c","left","correct","1","","1","trialend","singlestim","289","292542"
"17934","Subject119","1","vomitvomit","1","vomit","positionleft","validityvalid","test","1","negative","singlestim","291","294547","345","â€šÃ³Ã¨","67","dotpositionleft","singlestim","292","294945","c","left","correct","1","","1","trialend","singlestim","293","295958"
"18231","Subject119","1","statuestatue","1","statue","positionright","validityinvalid","test","1","neutral","singlestim","295","297963","412","â€šÃ³Ã¨","67","dotpositionleft","singlestim","296","298429","c","left","correct","1","","1","trialend","singlestim","297","299443"
"18528","Subject119","1","imageimage","1","image","positionleft","validityvalid","test","1","neutral","singlestim","299","301446","348","â€šÃ³Ã¨","67","dotpositionleft","singlestim","300","301846","c","left","correct","1","","1","trialend","singlestim","301","302861"
"18825","Subject119","1","hatehate","1","hate","positionright","validityinvalid","test","1","negative","singlestim","303","304867","326","â€šÃ³Ã¨","67","dotpositionleft","singlestim","304","305246","c","left","correct","1","","1","trialend","singlestim","305","306257"
