"","SubjectID","rt","stimulus","keypress","word","wordposition","validity","block","blocknum","wordtype","trialtype","trialindex","timeelapsed","rt.1","stimulus.1","keypress.1","dotposition","trialtype.1","trialindex.1","timeelapsed.1","keypressed","participantresponse","correctresponse","rt.2","stimulus.2","keypress.2","blocktrial","trialtype.2","trialindex.2","timeelapsed.2"
"52","Subject55","1","greengreen","1","green","positionright","validityvalid","test","3","neutral","singlestim","51","121118","406","â€šÃ³Ã¨","77","dotpositionright","singlestim","52","121577","m","right","correct","1","","1","trialend","singlestim","53","122591"
"349","Subject55","1","smilesmile","1","smile","positionleft","validityvalid","test","3","positive","singlestim","55","124595","361","â€šÃ³Ã¨","67","dotpositionleft","singlestim","56","125009","c","left","correct","1","","1","trialend","singlestim","57","126022"
"646","Subject55","1","diedie","1","die","positionright","validityvalid","test","3","suicide","singlestim","59","128027","364","â€šÃ³Ã¨","77","dotpositionright","singlestim","60","128444","m","right","correct","1","","1","trialend","singlestim","61","129457"
"943","Subject55","1","kisskiss","1","kiss","positionright","validityinvalid","test","3","positive","singlestim","63","131462","263","â€šÃ³Ã¨","67","dotpositionleft","singlestim","64","131778","c","left","correct","1","","1","trialend","singlestim","65","132791"
"1240","Subject55","1","touretoure","1","toure","positionleft","validityvalid","test","3","negative","singlestim","67","134796","288","â€šÃ³Ã¨","67","dotpositionleft","singlestim","68","135137","c","left","correct","1","","1","trialend","singlestim","69","136150"
"1537","Subject55","1","museummuseum","1","museum","positionleft","validityvalid","test","3","neutral","singlestim","71","138154","278","â€šÃ³Ã¨","67","dotpositionleft","singlestim","72","138485","c","left","correct","1","","1","trialend","singlestim","73","139498"
"1834","Subject55","1","strongstrong","1","strong","positionleft","validityvalid","test","3","positive","singlestim","75","141501","320","â€šÃ³Ã¨","67","dotpositionleft","singlestim","76","141874","c","left","correct","1","","1","trialend","singlestim","77","142886"
"2131","Subject55","1","metermeter","1","meter","positionleft","validityvalid","test","3","neutral","singlestim","79","144891","334","â€šÃ³Ã¨","67","dotpositionleft","singlestim","80","145276","c","left","correct","1","","1","trialend","singlestim","81","146290"
"2428","Subject55","1","rejectedrejected","1","rejected","positionright","validityvalid","test","3","negative","singlestim","83","148294","275","â€šÃ³Ã¨","77","dotpositionright","singlestim","84","148621","m","right","correct","1","","1","trialend","singlestim","85","149634"
"2725","Subject55","1","cuttingcutting","1","cutting","positionright","validityvalid","test","3","suicide","singlestim","87","151639","323","â€šÃ³Ã¨","77","dotpositionright","singlestim","88","152015","m","right","correct","1","","1","trialend","singlestim","89","153028"
"3022","Subject55","1","assaultassault","1","assault","positionleft","validityinvalid","test","3","negative","singlestim","91","155032","388","â€šÃ³Ã¨","77","dotpositionright","singlestim","92","155472","m","right","correct","1","","1","trialend","singlestim","93","156485"
"3319","Subject55","1","dyingdying","1","dying","positionleft","validityvalid","test","3","suicide","singlestim","95","158490","348","â€šÃ³Ã¨","67","dotpositionleft","singlestim","96","158889","c","left","correct","1","","1","trialend","singlestim","97","159902"
"3616","Subject55","1","deaddead","1","dead","positionleft","validityinvalid","test","3","suicide","singlestim","99","161907","281","â€šÃ³Ã¨","77","dotpositionright","singlestim","100","162240","m","right","correct","1","","1","trialend","singlestim","101","163253"
"3913","Subject55","1","bombbomb","1","bomb","positionright","validityvalid","test","3","negative","singlestim","103","165258","334","â€šÃ³Ã¨","77","dotpositionright","singlestim","104","165644","m","right","correct","1","","1","trialend","singlestim","105","166657"
"4210","Subject55","1","happyhappy","1","happy","positionright","validityvalid","test","3","positive","singlestim","107","168662","371","â€šÃ³Ã¨","77","dotpositionright","singlestim","108","169086","m","right","correct","1","","1","trialend","singlestim","109","170099"
"4507","Subject55","1","closetcloset","1","closet","positionright","validityinvalid","test","3","neutral","singlestim","111","172104","314","â€šÃ³Ã¨","67","dotpositionleft","singlestim","112","172470","c","left","correct","1","","1","trialend","singlestim","113","173483"
"4804","Subject55","1","ashamedashamed","1","ashamed","positionright","validityinvalid","test","4","negative","singlestim","115","175488","328","â€šÃ³Ã¨","67","dotpositionleft","singlestim","116","175869","c","left","correct","1","","1","trialend","singlestim","117","176882"
"5101","Subject55","1","ecstaticecstatic","1","ecstatic","positionright","validityvalid","test","4","positive","singlestim","119","178887","294","â€šÃ³Ã¨","77","dotpositionright","singlestim","120","179232","m","right","correct","1","","1","trialend","singlestim","121","180245"
"5398","Subject55","1","wohlesswohless","1","wohless","positionright","validityvalid","test","4","negative","singlestim","123","182249","343","â€šÃ³Ã¨","77","dotpositionright","singlestim","124","182645","m","right","correct","1","","1","trialend","singlestim","125","183658"
"5695","Subject55","1","doubledouble","1","double","positionright","validityvalid","test","4","neutral","singlestim","127","185662","288","â€šÃ³Ã¨","77","dotpositionright","singlestim","128","186003","m","right","correct","1","","1","trialend","singlestim","129","187016"
"5992","Subject55","1","deceaseddeceased","1","deceased","positionright","validityvalid","test","4","suicide","singlestim","131","189021","274","â€šÃ³Ã¨","77","dotpositionright","singlestim","132","189347","m","right","correct","1","","1","trialend","singlestim","133","190360"
"6289","Subject55","1","laughlaugh","1","laugh","positionright","validityvalid","test","4","positive","singlestim","135","192365","327","â€šÃ³Ã¨","77","dotpositionright","singlestim","136","192744","m","right","correct","1","","1","trialend","singlestim","137","193757"
"6586","Subject55","1","structurestructure","1","structure","positionright","validityvalid","test","4","neutral","singlestim","139","195761","290","â€šÃ³Ã¨","77","dotpositionright","singlestim","140","196104","m","right","correct","1","","1","trialend","singlestim","141","197117"
"6883","Subject55","1","frameframe","1","frame","positionleft","validityinvalid","test","4","neutral","singlestim","143","199121","370","â€šÃ³Ã¨","77","dotpositionright","singlestim","144","199543","m","right","correct","1","","1","trialend","singlestim","145","200556"
"7180","Subject55","1","alonealone","1","alone","positionleft","validityvalid","test","4","negative","singlestim","147","202561","244","â€šÃ³Ã¨","67","dotpositionleft","singlestim","148","202856","c","left","correct","1","","1","trialend","singlestim","149","203870"
"7477","Subject55","1","engineengine","1","engine","positionleft","validityvalid","test","4","neutral","singlestim","151","205874","279","â€šÃ³Ã¨","67","dotpositionleft","singlestim","152","206205","c","left","correct","1","","1","trialend","singlestim","153","207226"
"7774","Subject55","1","hanginghanging","1","hanging","positionleft","validityvalid","test","4","suicide","singlestim","155","209230","311","â€šÃ³Ã¨","67","dotpositionleft","singlestim","156","209593","c","left","correct","1","","1","trialend","singlestim","157","210606"
"8071","Subject55","1","passionatepassionate","1","passionate","positionleft","validityinvalid","test","4","positive","singlestim","159","212611","301","â€šÃ³Ã¨","77","dotpositionright","singlestim","160","212963","m","right","correct","1","","1","trialend","singlestim","161","213977"
"8368","Subject55","1","stupidstupid","1","stupid","positionleft","validityvalid","test","4","negative","singlestim","163","215981","321","â€šÃ³Ã¨","67","dotpositionleft","singlestim","164","216354","c","left","correct","1","","1","trialend","singlestim","165","217367"
"8665","Subject55","1","successsuccess","1","success","positionleft","validityvalid","test","4","positive","singlestim","167","219372","275","â€šÃ³Ã¨","67","dotpositionleft","singlestim","168","219699","c","left","correct","1","","1","trialend","singlestim","169","220711"
"8962","Subject55","1","killingkilling","1","killing","positionleft","validityvalid","test","4","suicide","singlestim","171","222716","457","â€šÃ³Ã¨","67","dotpositionleft","singlestim","172","223226","c","left","correct","1","","1","trialend","singlestim","173","224240"
"9259","Subject55","1","suicidesuicide","1","suicide","positionright","validityinvalid","test","4","suicide","singlestim","175","226245","327","â€šÃ³Ã¨","67","dotpositionleft","singlestim","176","226624","c","left","correct","1","","1","trialend","singlestim","177","227638"
"9556","Subject55","1","cruelcruel","1","cruel","positionright","validityvalid","test","2","negative","singlestim","179","229642","302","â€šÃ³Ã¨","77","dotpositionright","singlestim","180","229997","m","right","correct","1","","1","trialend","singlestim","181","231010"
"9853","Subject55","1","pleasurepleasure","1","pleasure","positionleft","validityvalid","test","2","positive","singlestim","183","233015","280","â€šÃ³Ã¨","67","dotpositionleft","singlestim","184","233348","c","left","correct","1","","1","trialend","singlestim","185","234361"
"10150","Subject55","1","tabletable","1","table","positionright","validityvalid","test","2","neutral","singlestim","187","236366","314","â€šÃ³Ã¨","77","dotpositionright","singlestim","188","236732","m","right","correct","1","","1","trialend","singlestim","189","237745"
"10447","Subject55","1","abuseabuse","1","abuse","positionright","validityvalid","test","2","negative","singlestim","191","239750","314","â€šÃ³Ã¨","77","dotpositionright","singlestim","192","240116","m","right","correct","1","","1","trialend","singlestim","193","241129"
"10744","Subject55","1","foamfoam","1","foam","positionright","validityvalid","test","2","neutral","singlestim","195","243134","274","â€šÃ³Ã¨","77","dotpositionright","singlestim","196","243460","m","right","correct","1","","1","trialend","singlestim","197","244473"
"11041","Subject55","1","noosenoose","1","noose","positionleft","validityvalid","test","2","suicide","singlestim","199","246477","323","â€šÃ³Ã¨","67","dotpositionleft","singlestim","200","246853","c","left","correct","1","","1","trialend","singlestim","201","247866"
"11338","Subject55","1","corpsecorpse","1","corpse","positionleft","validityvalid","test","2","suicide","singlestim","203","249871","296","â€šÃ³Ã¨","67","dotpositionleft","singlestim","204","250219","c","left","correct","1","","1","trialend","singlestim","205","251231"
"11635","Subject55","1","paperpaper","1","paper","positionleft","validityvalid","test","2","neutral","singlestim","207","253236","282","â€šÃ³Ã¨","67","dotpositionleft","singlestim","208","253570","c","left","correct","1","","1","trialend","singlestim","209","254582"
"11932","Subject55","1","overdoseoverdose","1","overdose","positionright","validityinvalid","test","2","suicide","singlestim","211","256587","317","â€šÃ³Ã¨","67","dotpositionleft","singlestim","212","256955","c","left","correct","1","","1","trialend","singlestim","213","257969"
"12229","Subject55","1","lovelove","1","love","positionright","validityinvalid","test","2","positive","singlestim","215","259973","330","â€šÃ³Ã¨","67","dotpositionleft","singlestim","216","260355","c","left","correct","1","","1","trialend","singlestim","217","261369"
"12526","Subject55","1","failurefailure","1","failure","positionleft","validityvalid","test","2","negative","singlestim","219","263373","319","â€šÃ³Ã¨","67","dotpositionleft","singlestim","220","263745","c","left","correct","1","","1","trialend","singlestim","221","264758"
"12823","Subject55","1","filthyfilthy","1","filthy","positionleft","validityinvalid","test","2","negative","singlestim","223","266762","352","â€šÃ³Ã¨","77","dotpositionright","singlestim","224","267166","m","right","correct","1","","1","trialend","singlestim","225","268179"
"13120","Subject55","1","braverybravery","1","bravery","positionleft","validityvalid","test","2","positive","singlestim","227","270184","302","â€šÃ³Ã¨","67","dotpositionleft","singlestim","228","270537","c","left","correct","1","","1","trialend","singlestim","229","271551"
"13417","Subject55","1","horsehorse","1","horse","positionleft","validityinvalid","test","2","neutral","singlestim","231","273555","303","â€šÃ³Ã¨","77","dotpositionright","singlestim","232","273910","m","right","correct","1","","1","trialend","singlestim","233","274924"
"13714","Subject55","1","deathdeath","1","death","positionright","validityvalid","test","2","suicide","singlestim","235","276928","325","â€šÃ³Ã¨","77","dotpositionright","singlestim","236","277305","m","right","correct","1","","1","trialend","singlestim","237","278318"
"14011","Subject55","1","enthusiasmenthusiasm","1","enthusiasm","positionright","validityvalid","test","2","positive","singlestim","239","280322","392","â€šÃ³Ã¨","77","dotpositionright","singlestim","240","280766","m","right","correct","1","","1","trialend","singlestim","241","281780"
"14308","Subject55","1","statuestatue","1","statue","positionright","validityinvalid","test","1","neutral","singlestim","243","283784","272","â€šÃ³Ã¨","67","dotpositionleft","singlestim","244","284108","c","left","correct","1","","1","trialend","singlestim","245","285122"
"14605","Subject55","1","paradiseparadise","1","paradise","positionleft","validityvalid","test","1","positive","singlestim","247","287126","299","â€šÃ³Ã¨","67","dotpositionleft","singlestim","248","287478","c","left","correct","1","","1","trialend","singlestim","249","288491"
"14902","Subject55","1","vomitvomit","1","vomit","positionleft","validityvalid","test","1","negative","singlestim","251","290496","287","â€šÃ³Ã¨","67","dotpositionleft","singlestim","252","290836","c","left","correct","1","","1","trialend","singlestim","253","291849"
"15199","Subject55","1","patheticpathetic","1","pathetic","positionleft","validityvalid","test","1","negative","singlestim","255","293853","231","â€šÃ³Ã¨","67","dotpositionleft","singlestim","256","294137","c","left","correct","1","","1","trialend","singlestim","257","295150"
"15496","Subject55","1","bloodblood","1","blood","positionleft","validityvalid","test","1","suicide","singlestim","259","297154","257","â€šÃ³Ã¨","67","dotpositionleft","singlestim","260","297464","c","left","correct","1","","1","trialend","singlestim","261","298477"
"15793","Subject55","1","gunshotgunshot","1","gunshot","positionright","validityvalid","test","1","suicide","singlestim","263","301046","299","â€šÃ³Ã¨","77","dotpositionright","singlestim","264","301398","m","right","correct","1","","1","trialend","singlestim","265","302411"
"16090","Subject55","1","cheesecheese","1","cheese","positionright","validityvalid","test","1","neutral","singlestim","267","304416","376","â€šÃ³Ã¨","77","dotpositionright","singlestim","268","304844","m","right","correct","1","","1","trialend","singlestim","269","305857"
"16387","Subject55","1","healthyhealthy","1","healthy","positionleft","validityinvalid","test","1","positive","singlestim","271","307861","300","â€šÃ³Ã¨","77","dotpositionright","singlestim","272","308213","m","right","correct","1","","1","trialend","singlestim","273","309226"
"16684","Subject55","1","imageimage","1","image","positionleft","validityvalid","test","1","neutral","singlestim","275","311231","290","â€šÃ³Ã¨","67","dotpositionleft","singlestim","276","311574","c","left","correct","1","","1","trialend","singlestim","277","312587"
"16981","Subject55","1","cryingcrying","1","crying","positionright","validityvalid","test","1","negative","singlestim","279","314591","322","â€šÃ³Ã¨","77","dotpositionright","singlestim","280","314966","m","right","correct","1","","1","trialend","singlestim","281","315979"
"17278","Subject55","1","hatehate","1","hate","positionright","validityinvalid","test","1","negative","singlestim","283","317984","347","â€šÃ³Ã¨","67","dotpositionleft","singlestim","284","318382","c","left","correct","1","","1","trialend","singlestim","285","319396"
"17575","Subject55","1","suffocationsuffocation","1","suffocation","positionleft","validityinvalid","test","1","suicide","singlestim","287","321399","409","â€šÃ³Ã¨","77","dotpositionright","singlestim","288","321860","m","right","correct","1","","1","trialend","singlestim","289","322873"
"17872","Subject55","1","greatgreat","1","great","positionright","validityvalid","test","1","positive","singlestim","291","324877","332","â€šÃ³Ã¨","77","dotpositionright","singlestim","292","325261","m","right","correct","1","","1","trialend","singlestim","293","326274"
"18169","Subject55","1","foldedfolded","1","folded","positionleft","validityvalid","test","1","neutral","singlestim","295","328278","415","â€šÃ³Ã¨","67","dotpositionleft","singlestim","296","328745","c","left","correct","1","","1","trialend","singlestim","297","329758"
"18466","Subject55","1","funeralfuneral","1","funeral","positionright","validityvalid","test","1","suicide","singlestim","299","331762","311","â€šÃ³Ã¨","77","dotpositionright","singlestim","300","332125","m","right","correct","1","","1","trialend","singlestim","301","333138"
"18763","Subject55","1","attractionattraction","1","attraction","positionright","validityvalid","test","1","positive","singlestim","303","335142","336","â€šÃ³Ã¨","77","dotpositionright","singlestim","304","335530","m","right","correct","1","","1","trialend","singlestim","305","336544"
