"","SubjectID","rt","stimulus","keypress","word","wordposition","validity","block","blocknum","wordtype","trialtype","trialindex","timeelapsed","rt.1","stimulus.1","keypress.1","dotposition","trialtype.1","trialindex.1","timeelapsed.1","keypressed","participantresponse","correctresponse","rt.2","stimulus.2","keypress.2","blocktrial","trialtype.2","trialindex.2","timeelapsed.2"
"202","Subject233","1","bloodblood","1","blood","positionleft","validityvalid","test","1","suicide","singlestim","51","65084","501","â€šÃ³Ã¨","67","dotpositionleft","singlestim","52","65637","c","left","correct","1","","1","trialend","singlestim","53","66649"
"499","Subject233","1","suffocationsuffocation","1","suffocation","positionleft","validityinvalid","test","1","suicide","singlestim","55","68652","492","â€šÃ³Ã¨","77","dotpositionright","singlestim","56","69197","m","right","correct","1","","1","trialend","singlestim","57","70211"
"796","Subject233","1","funeralfuneral","1","funeral","positionright","validityvalid","test","1","suicide","singlestim","59","72215","353","â€šÃ³Ã¨","77","dotpositionright","singlestim","60","72620","m","right","correct","1","","1","trialend","singlestim","61","73634"
"1093","Subject233","1","vomitvomit","1","vomit","positionleft","validityvalid","test","1","negative","singlestim","63","75638","370","â€šÃ³Ã¨","67","dotpositionleft","singlestim","64","76061","c","left","correct","1","","1","trialend","singlestim","65","77074"
"1390","Subject233","1","patheticpathetic","1","pathetic","positionleft","validityvalid","test","1","negative","singlestim","67","79078","362","â€šÃ³Ã¨","67","dotpositionleft","singlestim","68","79493","c","left","correct","1","","1","trialend","singlestim","69","80506"
"1687","Subject233","1","imageimage","1","image","positionleft","validityvalid","test","1","neutral","singlestim","71","82511","371","â€šÃ³Ã¨","67","dotpositionleft","singlestim","72","82933","c","left","correct","1","","1","trialend","singlestim","73","83946"
"1984","Subject233","1","cryingcrying","1","crying","positionright","validityvalid","test","1","negative","singlestim","75","85953","360","â€šÃ³Ã¨","77","dotpositionright","singlestim","76","86365","m","right","correct","1","","1","trialend","singlestim","77","87378"
"2281","Subject233","1","gunshotgunshot","1","gunshot","positionright","validityvalid","test","1","suicide","singlestim","79","89383","346","â€šÃ³Ã¨","77","dotpositionright","singlestim","80","89780","m","right","correct","1","","1","trialend","singlestim","81","90793"
"2578","Subject233","1","healthyhealthy","1","healthy","positionleft","validityinvalid","test","1","positive","singlestim","83","92798","466","â€šÃ³Ã¨","77","dotpositionright","singlestim","84","93316","m","right","correct","1","","1","trialend","singlestim","85","94328"
"2875","Subject233","1","greatgreat","1","great","positionright","validityvalid","test","1","positive","singlestim","87","96332","404","â€šÃ³Ã¨","77","dotpositionright","singlestim","88","96788","m","right","correct","1","","1","trialend","singlestim","89","97801"
"3172","Subject233","1","foldedfolded","1","folded","positionleft","validityvalid","test","1","neutral","singlestim","91","99806","426","â€šÃ³Ã¨","67","dotpositionleft","singlestim","92","100284","c","left","correct","1","","1","trialend","singlestim","93","101384"
"3469","Subject233","1","cheesecheese","1","cheese","positionright","validityvalid","test","1","neutral","singlestim","95","103789","419","â€šÃ³Ã¨","77","dotpositionright","singlestim","96","104261","m","right","correct","1","","1","trialend","singlestim","97","105274"
"3766","Subject233","1","statuestatue","1","statue","positionright","validityinvalid","test","1","neutral","singlestim","99","107329","526","â€šÃ³Ã¨","67","dotpositionleft","singlestim","100","107907","c","left","correct","1","","1","trialend","singlestim","101","108921"
"4063","Subject233","1","paradiseparadise","1","paradise","positionleft","validityvalid","test","1","positive","singlestim","103","110925","481","â€šÃ³Ã¨","67","dotpositionleft","singlestim","104","111459","c","left","correct","1","","1","trialend","singlestim","105","112471"
"4360","Subject233","1","hatehate","1","hate","positionright","validityinvalid","test","1","negative","singlestim","107","114476","435","â€šÃ³Ã¨","67","dotpositionleft","singlestim","108","114964","c","left","correct","1","","1","trialend","singlestim","109","115991"
"4657","Subject233","1","attractionattraction","1","attraction","positionright","validityvalid","test","1","positive","singlestim","111","117994","398","â€šÃ³Ã¨","77","dotpositionright","singlestim","112","118444","m","right","correct","1","","1","trialend","singlestim","113","119457"
"4954","Subject233","1","corpsecorpse","1","corpse","positionleft","validityvalid","test","2","suicide","singlestim","115","121461","362","â€šÃ³Ã¨","67","dotpositionleft","singlestim","116","121876","c","left","correct","1","","1","trialend","singlestim","117","122888"
"5251","Subject233","1","pleasurepleasure","1","pleasure","positionleft","validityvalid","test","2","positive","singlestim","119","124892","435","â€šÃ³Ã¨","67","dotpositionleft","singlestim","120","125380","c","left","correct","1","","1","trialend","singlestim","121","126394"
"5548","Subject233","1","horsehorse","1","horse","positionleft","validityinvalid","test","2","neutral","singlestim","123","128398","321","â€šÃ³Ã¨","77","dotpositionright","singlestim","124","128771","m","right","correct","1","","1","trialend","singlestim","125","129784"
"5845","Subject233","1","abuseabuse","1","abuse","positionright","validityvalid","test","2","negative","singlestim","127","131790","432","â€šÃ³Ã¨","77","dotpositionright","singlestim","128","132275","m","right","correct","1","","1","trialend","singlestim","129","133288"
"6142","Subject233","1","failurefailure","1","failure","positionleft","validityvalid","test","2","negative","singlestim","131","135292","435","â€šÃ³Ã¨","67","dotpositionleft","singlestim","132","135780","c","left","correct","1","","1","trialend","singlestim","133","136793"
"6439","Subject233","1","foamfoam","1","foam","positionright","validityvalid","test","2","neutral","singlestim","135","138797","387","â€šÃ³Ã¨","77","dotpositionright","singlestim","136","139235","m","right","correct","1","","1","trialend","singlestim","137","140248"
"6736","Subject233","1","lovelove","1","love","positionright","validityinvalid","test","2","positive","singlestim","139","142252","347","â€šÃ³Ã¨","67","dotpositionleft","singlestim","140","142651","c","left","correct","1","","1","trialend","singlestim","141","143664"
"7033","Subject233","1","enthusiasmenthusiasm","1","enthusiasm","positionright","validityvalid","test","2","positive","singlestim","143","145668","434","â€šÃ³Ã¨","77","dotpositionright","singlestim","144","146154","m","right","correct","1","","1","trialend","singlestim","145","147167"
"7330","Subject233","1","deathdeath","1","death","positionright","validityvalid","test","2","suicide","singlestim","147","149171","300","â€šÃ³Ã¨","77","dotpositionright","singlestim","148","149523","m","right","correct","1","","1","trialend","singlestim","149","150537"
"7627","Subject233","1","filthyfilthy","1","filthy","positionleft","validityinvalid","test","2","negative","singlestim","151","152541","378","â€šÃ³Ã¨","77","dotpositionright","singlestim","152","152970","m","right","correct","1","","1","trialend","singlestim","153","153984"
"7924","Subject233","1","overdoseoverdose","1","overdose","positionright","validityinvalid","test","2","suicide","singlestim","155","155989","363","â€šÃ³Ã¨","67","dotpositionleft","singlestim","156","156403","c","left","correct","1","","1","trialend","singlestim","157","157417"
"8221","Subject233","1","paperpaper","1","paper","positionleft","validityvalid","test","2","neutral","singlestim","159","159420","482","â€šÃ³Ã¨","67","dotpositionleft","singlestim","160","159955","c","left","correct","1","","1","trialend","singlestim","161","160969"
"8518","Subject233","1","cruelcruel","1","cruel","positionright","validityvalid","test","2","negative","singlestim","163","162974","385","â€šÃ³Ã¨","77","dotpositionright","singlestim","164","163411","m","right","correct","1","","1","trialend","singlestim","165","164424"
"8815","Subject233","1","tabletable","1","table","positionright","validityvalid","test","2","neutral","singlestim","167","166429","385","â€šÃ³Ã¨","77","dotpositionright","singlestim","168","166867","m","right","correct","1","","1","trialend","singlestim","169","167879"
"9112","Subject233","1","braverybravery","1","bravery","positionleft","validityvalid","test","2","positive","singlestim","171","169883","404","â€šÃ³Ã¨","67","dotpositionleft","singlestim","172","170338","c","left","correct","1","","1","trialend","singlestim","173","171352"
"9409","Subject233","1","noosenoose","1","noose","positionleft","validityvalid","test","2","suicide","singlestim","175","173357","402","â€šÃ³Ã¨","67","dotpositionleft","singlestim","176","173810","c","left","correct","1","","1","trialend","singlestim","177","174823"
"9706","Subject233","1","successsuccess","1","success","positionleft","validityvalid","test","4","positive","singlestim","179","176828","315","â€šÃ³Ã¨","67","dotpositionleft","singlestim","180","177194","c","left","correct","1","","1","trialend","singlestim","181","178208"
"10003","Subject233","1","frameframe","1","frame","positionleft","validityinvalid","test","4","neutral","singlestim","183","180212","498","â€šÃ³Ã¨","77","dotpositionright","singlestim","184","180762","m","right","correct","1","","1","trialend","singlestim","185","182114"
"10300","Subject233","1","ecstaticecstatic","1","ecstatic","positionright","validityvalid","test","4","positive","singlestim","187","184118","520","â€šÃ³Ã¨","77","dotpositionright","singlestim","188","184690","m","right","correct","1","","1","trialend","singlestim","189","185703"
"10597","Subject233","1","structurestructure","1","structure","positionright","validityvalid","test","4","neutral","singlestim","191","187708","394","â€šÃ³Ã¨","77","dotpositionright","singlestim","192","188154","m","right","correct","1","","1","trialend","singlestim","193","189167"
"10894","Subject233","1","passionatepassionate","1","passionate","positionleft","validityinvalid","test","4","positive","singlestim","195","191198","375","â€šÃ³Ã¨","77","dotpositionright","singlestim","196","191626","m","right","correct","1","","1","trialend","singlestim","197","192640"
"11191","Subject233","1","suicidesuicide","1","suicide","positionright","validityinvalid","test","4","suicide","singlestim","199","194644","513","â€šÃ³Ã¨","67","dotpositionleft","singlestim","200","195210","c","left","correct","1","","1","trialend","singlestim","201","196223"
"11488","Subject233","1","hanginghanging","1","hanging","positionleft","validityvalid","test","4","suicide","singlestim","203","198227","524","â€šÃ³Ã¨","67","dotpositionleft","singlestim","204","198803","c","left","correct","1","","1","trialend","singlestim","205","199817"
"11785","Subject233","1","deceaseddeceased","1","deceased","positionright","validityvalid","test","4","suicide","singlestim","207","201821","400","â€šÃ³Ã¨","77","dotpositionright","singlestim","208","202274","m","right","correct","1","","1","trialend","singlestim","209","203288"
"12082","Subject233","1","alonealone","1","alone","positionleft","validityvalid","test","4","negative","singlestim","211","205292","426","â€šÃ³Ã¨","77","dotpositionleft","singlestim","212","205770","m","right","incorrect","1","","1","trialend","singlestim","213","206784"
"12379","Subject233","1","stupidstupid","1","stupid","positionleft","validityvalid","test","4","negative","singlestim","215","208788","401","â€šÃ³Ã¨","67","dotpositionleft","singlestim","216","209242","c","left","correct","1","","1","trialend","singlestim","217","210254"
"12676","Subject233","1","killingkilling","1","killing","positionleft","validityvalid","test","4","suicide","singlestim","219","212258","396","â€šÃ³Ã¨","67","dotpositionleft","singlestim","220","212706","c","left","correct","1","","1","trialend","singlestim","221","213718"
"12973","Subject233","1","wohlesswohless","1","wohless","positionright","validityvalid","test","4","negative","singlestim","223","215722","355","â€šÃ³Ã¨","77","dotpositionright","singlestim","224","216129","m","right","correct","1","","1","trialend","singlestim","225","217143"
"13270","Subject233","672","engineengine","67","engine","positionleft","validityvalid","test","4","neutral","singlestim","227","219147","448","â€šÃ³Ã¨","67","dotpositionleft","singlestim","228","219650","c","left","correct","155","","67","trialend","singlestim","229","220663"
"13567","Subject233","1","doubledouble","1","double","positionright","validityvalid","test","4","neutral","singlestim","231","222667","338","â€šÃ³Ã¨","77","dotpositionright","singlestim","232","223058","m","right","correct","1","","1","trialend","singlestim","233","224071"
"13864","Subject233","1","laughlaugh","1","laugh","positionright","validityvalid","test","4","positive","singlestim","235","226076","514","â€šÃ³Ã¨","77","dotpositionright","singlestim","236","226641","m","right","correct","1","","1","trialend","singlestim","237","227655"
"14161","Subject233","1","ashamedashamed","1","ashamed","positionright","validityinvalid","test","4","negative","singlestim","239","229659","715","â€šÃ³Ã¨","67","dotpositionleft","singlestim","240","230425","c","left","correct","1","","1","trialend","singlestim","241","231439"
"14458","Subject233","1","strongstrong","1","strong","positionleft","validityvalid","test","3","positive","singlestim","243","233444","449","â€šÃ³Ã¨","67","dotpositionleft","singlestim","244","233945","c","left","correct","1","","1","trialend","singlestim","245","234959"
"14755","Subject233","1","deaddead","1","dead","positionleft","validityinvalid","test","3","suicide","singlestim","247","236962","300","â€šÃ³Ã¨","77","dotpositionright","singlestim","248","237313","m","right","correct","1","","1","trialend","singlestim","249","238327"
"15052","Subject233","1","metermeter","1","meter","positionleft","validityvalid","test","3","neutral","singlestim","251","240331","409","â€šÃ³Ã¨","67","dotpositionleft","singlestim","252","240793","c","left","correct","1","","1","trialend","singlestim","253","241805"
"15349","Subject233","1","cuttingcutting","1","cutting","positionright","validityvalid","test","3","suicide","singlestim","255","243808","300","â€šÃ³Ã¨","77","dotpositionright","singlestim","256","244161","m","right","correct","1","","1","trialend","singlestim","257","245174"
"15646","Subject233","1","touretoure","1","toure","positionleft","validityvalid","test","3","negative","singlestim","259","247178","562","â€šÃ³Ã¨","67","dotpositionleft","singlestim","260","247793","c","left","correct","1","","1","trialend","singlestim","261","248805"
"15943","Subject233","1","kisskiss","1","kiss","positionright","validityinvalid","test","3","positive","singlestim","263","250808","548","â€šÃ³Ã¨","67","dotpositionleft","singlestim","264","251409","c","left","correct","1","","1","trialend","singlestim","265","252422"
"16240","Subject233","1","happyhappy","1","happy","positionright","validityvalid","test","3","positive","singlestim","267","254426","394","â€šÃ³Ã¨","77","dotpositionright","singlestim","268","254875","m","right","correct","1","","1","trialend","singlestim","269","255889"
"16537","Subject233","524","bombbomb","77","bomb","positionright","validityvalid","test","3","negative","singlestim","271","257894","295","â€šÃ³Ã¨","77","dotpositionright","singlestim","272","258239","m","right","correct","1","","1","trialend","singlestim","273","259293"
"16834","Subject233","1","assaultassault","1","assault","positionleft","validityinvalid","test","3","negative","singlestim","275","261592","453","â€šÃ³Ã¨","77","dotpositionright","singlestim","276","262097","m","right","correct","1","","1","trialend","singlestim","277","263110"
"17131","Subject233","1","greengreen","1","green","positionright","validityvalid","test","3","neutral","singlestim","279","265113","419","â€šÃ³Ã¨","77","dotpositionright","singlestim","280","265588","m","right","correct","1","","1","trialend","singlestim","281","266601"
"17428","Subject233","1","rejectedrejected","1","rejected","positionright","validityvalid","test","3","negative","singlestim","283","268605","463","â€šÃ³Ã¨","77","dotpositionright","singlestim","284","269121","m","right","correct","1","","1","trialend","singlestim","285","270134"
"17725","Subject233","1","dyingdying","1","dying","positionleft","validityvalid","test","3","suicide","singlestim","287","272138","490","â€šÃ³Ã¨","67","dotpositionleft","singlestim","288","272680","c","left","correct","1","","1","trialend","singlestim","289","273692"
"18022","Subject233","1","closetcloset","1","closet","positionright","validityinvalid","test","3","neutral","singlestim","291","275696","668","â€šÃ³Ã¨","67","dotpositionleft","singlestim","292","276416","c","left","correct","1","","1","trialend","singlestim","293","277431"
"18319","Subject233","1","diedie","1","die","positionright","validityvalid","test","3","suicide","singlestim","295","279435","329","â€šÃ³Ã¨","77","dotpositionright","singlestim","296","279816","m","right","correct","1","","1","trialend","singlestim","297","280829"
"18616","Subject233","1","smilesmile","1","smile","positionleft","validityvalid","test","3","positive","singlestim","299","282833","492","â€šÃ³Ã¨","67","dotpositionleft","singlestim","300","283376","c","left","correct","1","","1","trialend","singlestim","301","284388"
"18913","Subject233","1","museummuseum","1","museum","positionleft","validityvalid","test","3","neutral","singlestim","303","286391","692","â€šÃ³Ã¨","67","dotpositionleft","singlestim","304","287136","c","left","correct","1","","1","trialend","singlestim","305","288149"
