"","SubjectID","rt","stimulus","keypress","word","wordposition","validity","block","blocknum","wordtype","trialtype","trialindex","timeelapsed","rt.1","stimulus.1","keypress.1","dotposition","trialtype.1","trialindex.1","timeelapsed.1","keypressed","participantresponse","correctresponse","rt.2","stimulus.2","keypress.2","blocktrial","trialtype.2","trialindex.2","timeelapsed.2"
"162","Subject190","1","imageimage","1","image","positionleft","validityvalid","test","1","neutral","singlestim","51","117056","658","â€šÃ³Ã¨","67","dotpositionleft","singlestim","52","117767","c","left","correct","1","","1","trialend","singlestim","53","118781"
"459","Subject190","1","attractionattraction","1","attraction","positionright","validityvalid","test","1","positive","singlestim","55","120788","572","â€šÃ³Ã¨","77","dotpositionright","singlestim","56","121413","m","right","correct","1","","1","trialend","singlestim","57","122428"
"756","Subject190","1","funeralfuneral","1","funeral","positionright","validityvalid","test","1","suicide","singlestim","59","124436","693","â€šÃ³Ã¨","77","dotpositionright","singlestim","60","125182","m","right","correct","1","","1","trialend","singlestim","61","126197"
"1053","Subject190","1","statuestatue","1","statue","positionright","validityinvalid","test","1","neutral","singlestim","63","128205","671","â€šÃ³Ã¨","67","dotpositionleft","singlestim","64","128930","c","left","correct","1","","1","trialend","singlestim","65","129944"
"1350","Subject190","1","suffocationsuffocation","1","suffocation","positionleft","validityinvalid","test","1","suicide","singlestim","67","131952","590","â€šÃ³Ã¨","77","dotpositionright","singlestim","68","132596","m","right","correct","1","","1","trialend","singlestim","69","133611"
"1647","Subject190","1","healthyhealthy","1","healthy","positionleft","validityinvalid","test","1","positive","singlestim","71","135618","502","â€šÃ³Ã¨","77","dotpositionright","singlestim","72","136174","m","right","correct","1","","1","trialend","singlestim","73","137188"
"1944","Subject190","1","gunshotgunshot","1","gunshot","positionright","validityvalid","test","1","suicide","singlestim","75","139196","546","â€šÃ³Ã¨","77","dotpositionright","singlestim","76","139796","m","right","correct","1","","1","trialend","singlestim","77","140809"
"2241","Subject190","1","foldedfolded","1","folded","positionleft","validityvalid","test","1","neutral","singlestim","79","142816","651","â€šÃ³Ã¨","67","dotpositionleft","singlestim","80","143520","c","left","correct","1","","1","trialend","singlestim","81","144534"
"2538","Subject190","1","paradiseparadise","1","paradise","positionleft","validityvalid","test","1","positive","singlestim","83","146543","580","â€šÃ³Ã¨","67","dotpositionleft","singlestim","84","147176","c","left","correct","1","","1","trialend","singlestim","85","148191"
"2835","Subject190","1","cheesecheese","1","cheese","positionright","validityvalid","test","1","neutral","singlestim","87","150198","490","â€šÃ³Ã¨","77","dotpositionright","singlestim","88","150743","m","right","correct","1","","1","trialend","singlestim","89","151757"
"3132","Subject190","1","patheticpathetic","1","pathetic","positionleft","validityvalid","test","1","negative","singlestim","91","153766","523","â€šÃ³Ã¨","67","dotpositionleft","singlestim","92","154342","c","left","correct","1","","1","trialend","singlestim","93","155357"
"3429","Subject190","1","vomitvomit","1","vomit","positionleft","validityvalid","test","1","negative","singlestim","95","157364","514","â€šÃ³Ã¨","67","dotpositionleft","singlestim","96","157931","c","left","correct","1","","1","trialend","singlestim","97","158945"
"3726","Subject190","1","hatehate","1","hate","positionright","validityinvalid","test","1","negative","singlestim","99","160953","513","â€šÃ³Ã¨","67","dotpositionleft","singlestim","100","161520","c","left","correct","1","","1","trialend","singlestim","101","162534"
"4023","Subject190","1","cryingcrying","1","crying","positionright","validityvalid","test","1","negative","singlestim","103","164542","424","â€šÃ³Ã¨","77","dotpositionright","singlestim","104","165019","m","right","correct","1","","1","trialend","singlestim","105","166034"
"4320","Subject190","1","bloodblood","1","blood","positionleft","validityvalid","test","1","suicide","singlestim","107","168042","500","â€šÃ³Ã¨","67","dotpositionleft","singlestim","108","168596","c","left","correct","1","","1","trialend","singlestim","109","169611"
"4617","Subject190","1","greatgreat","1","great","positionright","validityvalid","test","1","positive","singlestim","111","171619","501","â€šÃ³Ã¨","77","dotpositionright","singlestim","112","172174","m","right","correct","1","","1","trialend","singlestim","113","173188"
"4914","Subject190","1","deaddead","1","dead","positionleft","validityinvalid","test","3","suicide","singlestim","115","175197","614","â€šÃ³Ã¨","77","dotpositionright","singlestim","116","175864","m","right","correct","1","","1","trialend","singlestim","117","176878"
"5211","Subject190","1","closetcloset","1","closet","positionright","validityinvalid","test","3","neutral","singlestim","119","178883","549","â€šÃ³Ã¨","67","dotpositionleft","singlestim","120","179487","c","left","correct","1","","1","trialend","singlestim","121","180501"
"5508","Subject190","1","bombbomb","1","bomb","positionright","validityvalid","test","3","negative","singlestim","123","182509","479","â€šÃ³Ã¨","77","dotpositionright","singlestim","124","183041","m","right","correct","1","","1","trialend","singlestim","125","184054"
"5805","Subject190","1","strongstrong","1","strong","positionleft","validityvalid","test","3","positive","singlestim","127","186062","458","â€šÃ³Ã¨","67","dotpositionleft","singlestim","128","186573","c","left","correct","1","","1","trialend","singlestim","129","187588"
"6102","Subject190","1","dyingdying","1","dying","positionleft","validityvalid","test","3","suicide","singlestim","131","189595","469","â€šÃ³Ã¨","67","dotpositionleft","singlestim","132","190117","c","left","correct","1","","1","trialend","singlestim","133","191132"
"6399","Subject190","1","touretoure","1","toure","positionleft","validityvalid","test","3","negative","singlestim","135","193140","537","â€šÃ³Ã¨","67","dotpositionleft","singlestim","136","193729","c","left","correct","1","","1","trialend","singlestim","137","194743"
"6696","Subject190","1","museummuseum","1","museum","positionleft","validityvalid","test","3","neutral","singlestim","139","196751","636","â€šÃ³Ã¨","67","dotpositionleft","singlestim","140","197441","c","left","correct","1","","1","trialend","singlestim","141","198455"
"6993","Subject190","1","kisskiss","1","kiss","positionright","validityinvalid","test","3","positive","singlestim","143","200463","614","â€šÃ³Ã¨","67","dotpositionleft","singlestim","144","201131","c","left","correct","1","","1","trialend","singlestim","145","202145"
"7290","Subject190","1","happyhappy","1","happy","positionright","validityvalid","test","3","positive","singlestim","147","204153","435","â€šÃ³Ã¨","77","dotpositionright","singlestim","148","204641","m","right","correct","1","","1","trialend","singlestim","149","205655"
"7587","Subject190","1","greengreen","1","green","positionright","validityvalid","test","3","neutral","singlestim","151","207661","504","â€šÃ³Ã¨","77","dotpositionright","singlestim","152","208219","m","right","correct","1","","1","trialend","singlestim","153","209234"
"7884","Subject190","1","assaultassault","1","assault","positionleft","validityinvalid","test","3","negative","singlestim","155","211241","669","â€šÃ³Ã¨","77","dotpositionright","singlestim","156","211965","m","right","correct","1","","1","trialend","singlestim","157","212979"
"8181","Subject190","1","rejectedrejected","1","rejected","positionright","validityvalid","test","3","negative","singlestim","159","214988","479","â€šÃ³Ã¨","77","dotpositionright","singlestim","160","215520","m","right","correct","1","","1","trialend","singlestim","161","216534"
"8478","Subject190","1","cuttingcutting","1","cutting","positionright","validityvalid","test","3","suicide","singlestim","163","218542","478","â€šÃ³Ã¨","77","dotpositionright","singlestim","164","219073","m","right","correct","1","","1","trialend","singlestim","165","220087"
"8775","Subject190","1","diedie","1","die","positionright","validityvalid","test","3","suicide","singlestim","167","222094","505","â€šÃ³Ã¨","77","dotpositionright","singlestim","168","222652","m","right","correct","1","","1","trialend","singlestim","169","223667"
"9072","Subject190","1","metermeter","1","meter","positionleft","validityvalid","test","3","neutral","singlestim","171","225673","493","â€šÃ³Ã¨","67","dotpositionleft","singlestim","172","226219","c","left","correct","1","","1","trialend","singlestim","173","227233"
"9369","Subject190","1","smilesmile","1","smile","positionleft","validityvalid","test","3","positive","singlestim","175","229241","491","â€šÃ³Ã¨","67","dotpositionleft","singlestim","176","229785","c","left","correct","1","","1","trialend","singlestim","177","230800"
"9666","Subject190","1","overdoseoverdose","1","overdose","positionright","validityinvalid","test","2","suicide","singlestim","179","232807","570","â€šÃ³Ã¨","67","dotpositionleft","singlestim","180","233430","c","left","correct","1","","1","trialend","singlestim","181","234444"
"9963","Subject190","1","enthusiasmenthusiasm","1","enthusiasm","positionright","validityvalid","test","2","positive","singlestim","183","236452","536","â€šÃ³Ã¨","77","dotpositionright","singlestim","184","237041","m","right","correct","1","","1","trialend","singlestim","185","238055"
"10260","Subject190","1","abuseabuse","1","abuse","positionright","validityvalid","test","2","negative","singlestim","187","240061","470","â€šÃ³Ã¨","77","dotpositionright","singlestim","188","240585","m","right","correct","1","","1","trialend","singlestim","189","241599"
"10557","Subject190","1","braverybravery","1","bravery","positionleft","validityvalid","test","2","positive","singlestim","191","243607","491","â€šÃ³Ã¨","67","dotpositionleft","singlestim","192","244152","c","left","correct","1","","1","trialend","singlestim","193","245166"
"10854","Subject190","1","foamfoam","1","foam","positionright","validityvalid","test","2","neutral","singlestim","195","247171","504","â€šÃ³Ã¨","77","dotpositionright","singlestim","196","247728","m","right","correct","1","","1","trialend","singlestim","197","248742"
"11151","Subject190","1","failurefailure","1","failure","positionleft","validityvalid","test","2","negative","singlestim","199","250748","471","â€šÃ³Ã¨","67","dotpositionleft","singlestim","200","251272","c","left","correct","1","","1","trialend","singlestim","201","252286"
"11448","Subject190","1","lovelove","1","love","positionright","validityinvalid","test","2","positive","singlestim","203","254292","513","â€šÃ³Ã¨","67","dotpositionleft","singlestim","204","254859","c","left","correct","1","","1","trialend","singlestim","205","255873"
"11745","Subject190","1","corpsecorpse","1","corpse","positionleft","validityvalid","test","2","suicide","singlestim","207","257882","504","â€šÃ³Ã¨","67","dotpositionleft","singlestim","208","258439","c","left","correct","1","","1","trialend","singlestim","209","259454"
"12042","Subject190","1","cruelcruel","1","cruel","positionright","validityvalid","test","2","negative","singlestim","211","261461","479","â€šÃ³Ã¨","77","dotpositionright","singlestim","212","261994","m","right","correct","1","","1","trialend","singlestim","213","263008"
"12339","Subject190","1","tabletable","1","table","positionright","validityvalid","test","2","neutral","singlestim","215","265014","459","â€šÃ³Ã¨","77","dotpositionright","singlestim","216","265526","m","right","correct","1","","1","trialend","singlestim","217","266540"
"12636","Subject190","1","horsehorse","1","horse","positionleft","validityinvalid","test","2","neutral","singlestim","219","268547","583","â€šÃ³Ã¨","77","dotpositionright","singlestim","220","269183","m","right","correct","1","","1","trialend","singlestim","221","270197"
"12933","Subject190","1","deathdeath","1","death","positionright","validityvalid","test","2","suicide","singlestim","223","272205","424","â€šÃ³Ã¨","77","dotpositionright","singlestim","224","272682","m","right","correct","1","","1","trialend","singlestim","225","273696"
"13230","Subject190","1","noosenoose","1","noose","positionleft","validityvalid","test","2","suicide","singlestim","227","275704","445","â€šÃ³Ã¨","67","dotpositionleft","singlestim","228","276202","c","left","correct","1","","1","trialend","singlestim","229","277217"
"13527","Subject190","1","paperpaper","1","paper","positionleft","validityvalid","test","2","neutral","singlestim","231","279224","469","â€šÃ³Ã¨","67","dotpositionleft","singlestim","232","279746","c","left","correct","1","","1","trialend","singlestim","233","280759"
"13824","Subject190","1","filthyfilthy","1","filthy","positionleft","validityinvalid","test","2","negative","singlestim","235","282767","516","â€šÃ³Ã¨","77","dotpositionright","singlestim","236","283335","m","right","correct","1","","1","trialend","singlestim","237","284350"
"14121","Subject190","1","pleasurepleasure","1","pleasure","positionleft","validityvalid","test","2","positive","singlestim","239","286359","479","â€šÃ³Ã¨","67","dotpositionleft","singlestim","240","286890","c","left","correct","1","","1","trialend","singlestim","241","287904"
"14418","Subject190","1","deceaseddeceased","1","deceased","positionright","validityvalid","test","4","suicide","singlestim","243","289911","547","â€šÃ³Ã¨","77","dotpositionright","singlestim","244","290512","m","right","correct","1","","1","trialend","singlestim","245","291526"
"14715","Subject190","1","successsuccess","1","success","positionleft","validityvalid","test","4","positive","singlestim","247","293534","467","â€šÃ³Ã¨","67","dotpositionleft","singlestim","248","294054","c","left","correct","1","","1","trialend","singlestim","249","295068"
"15012","Subject190","1","doubledouble","1","double","positionright","validityvalid","test","4","neutral","singlestim","251","297075","471","â€šÃ³Ã¨","77","dotpositionright","singlestim","252","297600","m","right","correct","1","","1","trialend","singlestim","253","298613"
"15309","Subject190","1","ashamedashamed","1","ashamed","positionright","validityinvalid","test","4","negative","singlestim","255","300620","696","â€šÃ³Ã¨","67","dotpositionleft","singlestim","256","301369","c","left","correct","1","","1","trialend","singlestim","257","302383"
"15606","Subject190","1","ecstaticecstatic","1","ecstatic","positionright","validityvalid","test","4","positive","singlestim","259","304391","434","â€šÃ³Ã¨","77","dotpositionright","singlestim","260","304879","m","right","correct","1","","1","trialend","singlestim","261","305893"
"15903","Subject190","1","passionatepassionate","1","passionate","positionleft","validityinvalid","test","4","positive","singlestim","263","307900","626","â€šÃ³Ã¨","77","dotpositionright","singlestim","264","308579","m","right","correct","1","","1","trialend","singlestim","265","309592"
"16200","Subject190","1","suicidesuicide","1","suicide","positionright","validityinvalid","test","4","suicide","singlestim","267","311600","808","â€šÃ³Ã¨","67","dotpositionleft","singlestim","268","312461","c","left","correct","1","","1","trialend","singlestim","269","313475"
"16497","Subject190","1","stupidstupid","1","stupid","positionleft","validityvalid","test","4","negative","singlestim","271","315482","537","â€šÃ³Ã¨","67","dotpositionleft","singlestim","272","316072","c","left","correct","1","","1","trialend","singlestim","273","317086"
"16794","Subject190","1","engineengine","1","engine","positionleft","validityvalid","test","4","neutral","singlestim","275","319092","539","â€šÃ³Ã¨","67","dotpositionleft","singlestim","276","319683","c","left","correct","1","","1","trialend","singlestim","277","320697"
"17091","Subject190","1","frameframe","1","frame","positionleft","validityinvalid","test","4","neutral","singlestim","279","322705","617","â€šÃ³Ã¨","77","dotpositionright","singlestim","280","323374","m","right","correct","1","","1","trialend","singlestim","281","324402"
"17388","Subject190","1","killingkilling","1","killing","positionleft","validityvalid","test","4","suicide","singlestim","283","326410","409","â€šÃ³Ã¨","67","dotpositionleft","singlestim","284","326872","c","left","correct","1","","1","trialend","singlestim","285","327886"
"17685","Subject190","1","hanginghanging","1","hanging","positionleft","validityvalid","test","4","suicide","singlestim","287","329894","436","â€šÃ³Ã¨","67","dotpositionleft","singlestim","288","330383","c","left","correct","1","","1","trialend","singlestim","289","331397"
"17982","Subject190","1","structurestructure","1","structure","positionright","validityvalid","test","4","neutral","singlestim","291","333403","448","â€šÃ³Ã¨","77","dotpositionright","singlestim","292","333904","m","right","correct","1","","1","trialend","singlestim","293","334917"
"18279","Subject190","1","wohlesswohless","1","wohless","positionright","validityvalid","test","4","negative","singlestim","295","336925","424","â€šÃ³Ã¨","77","dotpositionright","singlestim","296","337403","m","right","correct","1","","1","trialend","singlestim","297","338417"
"18576","Subject190","1","laughlaugh","1","laugh","positionright","validityvalid","test","4","positive","singlestim","299","340425","434","â€šÃ³Ã¨","77","dotpositionright","singlestim","300","340913","m","right","correct","1","","1","trialend","singlestim","301","341927"
"18873","Subject190","1","alonealone","1","alone","positionleft","validityvalid","test","4","negative","singlestim","303","343934","435","â€šÃ³Ã¨","67","dotpositionleft","singlestim","304","344423","c","left","correct","1","","1","trialend","singlestim","305","345436"
