"","SubjectID","rt","stimulus","keypress","word","wordposition","validity","block","blocknum","wordtype","trialtype","trialindex","timeelapsed","rt.1","stimulus.1","keypress.1","dotposition","trialtype.1","trialindex.1","timeelapsed.1","keypressed","participantresponse","correctresponse","rt.2","stimulus.2","keypress.2","blocktrial","trialtype.2","trialindex.2","timeelapsed.2"
"247","Subject280","1","touretoure","1","toure","positionleft","validityvalid","test","3","negative","singlestim","51","92215","369","â€šÃ³Ã¨","67","dotpositionleft","singlestim","52","92637","c","left","correct","1","","1","trialend","singlestim","53","93652"
"544","Subject280","1","rejectedrejected","1","rejected","positionright","validityvalid","test","3","negative","singlestim","55","95658","402","â€šÃ³Ã¨","77","dotpositionright","singlestim","56","96112","m","right","correct","1","","1","trialend","singlestim","57","97127"
"841","Subject280","1","metermeter","1","meter","positionleft","validityvalid","test","3","neutral","singlestim","59","99132","365","â€šÃ³Ã¨","67","dotpositionleft","singlestim","60","99551","c","left","correct","1","","1","trialend","singlestim","61","100565"
"1138","Subject280","1","kisskiss","1","kiss","positionright","validityinvalid","test","3","positive","singlestim","63","102574","374","â€šÃ³Ã¨","67","dotpositionleft","singlestim","64","103000","c","left","correct","1","","1","trialend","singlestim","65","104015"
"1435","Subject280","1","closetcloset","1","closet","positionright","validityinvalid","test","3","neutral","singlestim","67","106020","389","â€šÃ³Ã¨","67","dotpositionleft","singlestim","68","106461","c","left","correct","1","","1","trialend","singlestim","69","107476"
"1732","Subject280","1","deaddead","1","dead","positionleft","validityinvalid","test","3","suicide","singlestim","71","109482","361","â€šÃ³Ã¨","77","dotpositionright","singlestim","72","109896","m","right","correct","1","","1","trialend","singlestim","73","110908"
"2029","Subject280","1","cuttingcutting","1","cutting","positionright","validityvalid","test","3","suicide","singlestim","75","112918","353","â€šÃ³Ã¨","77","dotpositionright","singlestim","76","113327","m","right","correct","1","","1","trialend","singlestim","77","114341"
"2326","Subject280","1","strongstrong","1","strong","positionleft","validityvalid","test","3","positive","singlestim","79","116346","474","â€šÃ³Ã¨","67","dotpositionleft","singlestim","80","116873","c","left","correct","1","","1","trialend","singlestim","81","117886"
"2623","Subject280","1","happyhappy","1","happy","positionright","validityvalid","test","3","positive","singlestim","83","119890","284","â€šÃ³Ã¨","77","dotpositionright","singlestim","84","120227","m","right","correct","1","","1","trialend","singlestim","85","121240"
"2920","Subject280","1","smilesmile","1","smile","positionleft","validityvalid","test","3","positive","singlestim","87","123246","275","â€šÃ³Ã¨","67","dotpositionleft","singlestim","88","123574","c","left","correct","1","","1","trialend","singlestim","89","124587"
"3217","Subject280","1","dyingdying","1","dying","positionleft","validityvalid","test","3","suicide","singlestim","91","126594","306","â€šÃ³Ã¨","67","dotpositionleft","singlestim","92","126951","c","left","correct","1","","1","trialend","singlestim","93","127965"
"3514","Subject280","1","assaultassault","1","assault","positionleft","validityinvalid","test","3","negative","singlestim","95","129969","316","â€šÃ³Ã¨","77","dotpositionright","singlestim","96","130338","m","right","correct","1","","1","trialend","singlestim","97","131353"
"3811","Subject280","1","bombbomb","1","bomb","positionright","validityvalid","test","3","negative","singlestim","99","133359","388","â€šÃ³Ã¨","77","dotpositionright","singlestim","100","133799","m","right","correct","1","","1","trialend","singlestim","101","134813"
"4108","Subject280","1","greengreen","1","green","positionright","validityvalid","test","3","neutral","singlestim","103","136819","354","â€šÃ³Ã¨","77","dotpositionright","singlestim","104","137225","m","right","correct","1","","1","trialend","singlestim","105","138239"
"4405","Subject280","1","museummuseum","1","museum","positionleft","validityvalid","test","3","neutral","singlestim","107","140245","432","â€šÃ³Ã¨","67","dotpositionleft","singlestim","108","140729","c","left","correct","1","","1","trialend","singlestim","109","141742"
"4702","Subject280","1","diedie","1","die","positionright","validityvalid","test","3","suicide","singlestim","111","143749","398","â€šÃ³Ã¨","77","dotpositionright","singlestim","112","144200","m","right","correct","1","","1","trialend","singlestim","113","145212"
"4999","Subject280","1","cruelcruel","1","cruel","positionright","validityvalid","test","2","negative","singlestim","115","147218","368","â€šÃ³Ã¨","77","dotpositionright","singlestim","116","147638","m","right","correct","1","","1","trialend","singlestim","117","148657"
"5296","Subject280","1","paperpaper","1","paper","positionleft","validityvalid","test","2","neutral","singlestim","119","150661","378","â€šÃ³Ã¨","67","dotpositionleft","singlestim","120","151090","c","left","correct","1","","1","trialend","singlestim","121","152104"
"5593","Subject280","1","horsehorse","1","horse","positionleft","validityinvalid","test","2","neutral","singlestim","123","154108","427","â€šÃ³Ã¨","77","dotpositionright","singlestim","124","154590","m","right","correct","1","","1","trialend","singlestim","125","155603"
"5890","Subject280","1","tabletable","1","table","positionright","validityvalid","test","2","neutral","singlestim","127","157607","394","â€šÃ³Ã¨","77","dotpositionright","singlestim","128","158055","m","right","correct","1","","1","trialend","singlestim","129","159068"
"6187","Subject280","1","foamfoam","1","foam","positionright","validityvalid","test","2","neutral","singlestim","131","161074","432","â€šÃ³Ã¨","77","dotpositionright","singlestim","132","161556","m","right","correct","1","","1","trialend","singlestim","133","162573"
"6484","Subject280","1","deathdeath","1","death","positionright","validityvalid","test","2","suicide","singlestim","135","164578","451","â€šÃ³Ã¨","77","dotpositionright","singlestim","136","165083","m","right","correct","1","","1","trialend","singlestim","137","166097"
"6781","Subject280","1","overdoseoverdose","1","overdose","positionright","validityinvalid","test","2","suicide","singlestim","139","168103","384","â€šÃ³Ã¨","67","dotpositionleft","singlestim","140","168541","c","left","correct","1","","1","trialend","singlestim","141","169553"
"7078","Subject280","1","enthusiasmenthusiasm","1","enthusiasm","positionright","validityvalid","test","2","positive","singlestim","143","171558","365","â€šÃ³Ã¨","77","dotpositionright","singlestim","144","171976","m","right","correct","1","","1","trialend","singlestim","145","172990"
"7375","Subject280","1","noosenoose","1","noose","positionleft","validityvalid","test","2","suicide","singlestim","147","174995","363","â€šÃ³Ã¨","67","dotpositionleft","singlestim","148","175413","c","left","correct","1","","1","trialend","singlestim","149","176425"
"7672","Subject280","1","filthyfilthy","1","filthy","positionleft","validityinvalid","test","2","negative","singlestim","151","178435","434","â€šÃ³Ã¨","77","dotpositionright","singlestim","152","178921","m","right","correct","1","","1","trialend","singlestim","153","179935"
"7969","Subject280","1","abuseabuse","1","abuse","positionright","validityvalid","test","2","negative","singlestim","155","181940","425","â€šÃ³Ã¨","77","dotpositionright","singlestim","156","182419","m","right","correct","1","","1","trialend","singlestim","157","183435"
"8266","Subject280","1","corpsecorpse","1","corpse","positionleft","validityvalid","test","2","suicide","singlestim","159","185440","355","â€šÃ³Ã¨","67","dotpositionleft","singlestim","160","185846","c","left","correct","1","","1","trialend","singlestim","161","186861"
"8563","Subject280","1","braverybravery","1","bravery","positionleft","validityvalid","test","2","positive","singlestim","163","188867","377","â€šÃ³Ã¨","67","dotpositionleft","singlestim","164","189296","c","left","correct","1","","1","trialend","singlestim","165","190310"
"8860","Subject280","1","failurefailure","1","failure","positionleft","validityvalid","test","2","negative","singlestim","167","192316","468","â€šÃ³Ã¨","67","dotpositionleft","singlestim","168","192840","c","left","correct","1","","1","trialend","singlestim","169","193854"
"9157","Subject280","1","pleasurepleasure","1","pleasure","positionleft","validityvalid","test","2","positive","singlestim","171","195860","298","â€šÃ³Ã¨","67","dotpositionleft","singlestim","172","196212","c","left","correct","1","","1","trialend","singlestim","173","197226"
"9454","Subject280","1","lovelove","1","love","positionright","validityinvalid","test","2","positive","singlestim","175","199233","378","â€šÃ³Ã¨","67","dotpositionleft","singlestim","176","199663","c","left","correct","1","","1","trialend","singlestim","177","200677"
"9751","Subject280","1","frameframe","1","frame","positionleft","validityinvalid","test","4","neutral","singlestim","179","202686","364","â€šÃ³Ã¨","77","dotpositionright","singlestim","180","203103","m","right","correct","1","","1","trialend","singlestim","181","204117"
"10048","Subject280","1","hanginghanging","1","hanging","positionleft","validityvalid","test","4","suicide","singlestim","183","206121","518","â€šÃ³Ã¨","67","dotpositionleft","singlestim","184","206692","c","left","correct","1","","1","trialend","singlestim","185","207707"
"10345","Subject280","1","engineengine","1","engine","positionleft","validityvalid","test","4","neutral","singlestim","187","209713","350","â€šÃ³Ã¨","67","dotpositionleft","singlestim","188","210116","c","left","correct","1","","1","trialend","singlestim","189","211128"
"10642","Subject280","1","ashamedashamed","1","ashamed","positionright","validityinvalid","test","4","negative","singlestim","191","213134","415","â€šÃ³Ã¨","67","dotpositionleft","singlestim","192","213601","c","left","correct","1","","1","trialend","singlestim","193","214613"
"10939","Subject280","1","stupidstupid","1","stupid","positionleft","validityvalid","test","4","negative","singlestim","195","216619","375","â€šÃ³Ã¨","67","dotpositionleft","singlestim","196","217047","c","left","correct","1","","1","trialend","singlestim","197","218061"
"11236","Subject280","1","laughlaugh","1","laugh","positionright","validityvalid","test","4","positive","singlestim","199","220065","368","â€šÃ³Ã¨","77","dotpositionright","singlestim","200","220484","m","right","correct","1","","1","trialend","singlestim","201","221500"
"11533","Subject280","1","doubledouble","1","double","positionright","validityvalid","test","4","neutral","singlestim","203","223504","272","â€šÃ³Ã¨","77","dotpositionright","singlestim","204","223827","m","right","correct","1","","1","trialend","singlestim","205","224841"
"11830","Subject280","1","killingkilling","1","killing","positionleft","validityvalid","test","4","suicide","singlestim","207","226846","294","â€šÃ³Ã¨","67","dotpositionleft","singlestim","208","227193","c","left","correct","1","","1","trialend","singlestim","209","228207"
"12127","Subject280","1","passionatepassionate","1","passionate","positionleft","validityinvalid","test","4","positive","singlestim","211","230213","357","â€šÃ³Ã¨","77","dotpositionright","singlestim","212","230623","m","right","correct","1","","1","trialend","singlestim","213","231637"
"12424","Subject280","1","suicidesuicide","1","suicide","positionright","validityinvalid","test","4","suicide","singlestim","215","233644","306","â€šÃ³Ã¨","67","dotpositionleft","singlestim","216","234003","c","left","correct","1","","1","trialend","singlestim","217","235018"
"12721","Subject280","1","structurestructure","1","structure","positionright","validityvalid","test","4","neutral","singlestim","219","237022","337","â€šÃ³Ã¨","77","dotpositionright","singlestim","220","237412","m","right","correct","1","","1","trialend","singlestim","221","238428"
"13018","Subject280","1","ecstaticecstatic","1","ecstatic","positionright","validityvalid","test","4","positive","singlestim","223","240433","309","â€šÃ³Ã¨","77","dotpositionright","singlestim","224","240794","m","right","correct","1","","1","trialend","singlestim","225","241809"
"13315","Subject280","1","wohlesswohless","1","wohless","positionright","validityvalid","test","4","negative","singlestim","227","243813","325","â€šÃ³Ã¨","77","dotpositionright","singlestim","228","244192","m","right","correct","1","","1","trialend","singlestim","229","245205"
"13612","Subject280","1","deceaseddeceased","1","deceased","positionright","validityvalid","test","4","suicide","singlestim","231","247210","251","â€šÃ³Ã¨","77","dotpositionright","singlestim","232","247513","m","right","correct","1","","1","trialend","singlestim","233","248526"
"13909","Subject280","1","successsuccess","1","success","positionleft","validityvalid","test","4","positive","singlestim","235","250530","332","â€šÃ³Ã¨","67","dotpositionleft","singlestim","236","250914","c","left","correct","1","","1","trialend","singlestim","237","251929"
"14206","Subject280","1","alonealone","1","alone","positionleft","validityvalid","test","4","negative","singlestim","239","253935","429","â€šÃ³Ã¨","67","dotpositionleft","singlestim","240","254417","c","left","correct","1","","1","trialend","singlestim","241","255431"
"14503","Subject280","584","attractionattraction","77","attraction","positionright","validityvalid","test","1","positive","singlestim","243","257440","273","â€šÃ³Ã¨","77","dotpositionright","singlestim","244","257765","m","right","correct","1","","1","trialend","singlestim","245","258779"
"14800","Subject280","1","bloodblood","1","blood","positionleft","validityvalid","test","1","suicide","singlestim","247","260784","388","â€šÃ³Ã¨","67","dotpositionleft","singlestim","248","261225","c","left","correct","1","","1","trialend","singlestim","249","262239"
"15097","Subject280","1","statuestatue","1","statue","positionright","validityinvalid","test","1","neutral","singlestim","251","264245","495","â€šÃ³Ã¨","67","dotpositionleft","singlestim","252","264792","c","left","correct","1","","1","trialend","singlestim","253","265805"
"15394","Subject280","1","cheesecheese","1","cheese","positionright","validityvalid","test","1","neutral","singlestim","255","267809","694","â€šÃ³Ã¨","77","dotpositionright","singlestim","256","268555","m","right","correct","1","","1","trialend","singlestim","257","269569"
"15691","Subject280","1","paradiseparadise","1","paradise","positionleft","validityvalid","test","1","positive","singlestim","259","271574","310","â€šÃ³Ã¨","67","dotpositionleft","singlestim","260","271938","c","left","correct","1","","1","trialend","singlestim","261","272952"
"15988","Subject280","1","vomitvomit","1","vomit","positionleft","validityvalid","test","1","negative","singlestim","263","274957","282","â€šÃ³Ã¨","67","dotpositionleft","singlestim","264","275293","c","left","correct","1","","1","trialend","singlestim","265","276306"
"16285","Subject280","1","greatgreat","1","great","positionright","validityvalid","test","1","positive","singlestim","267","278313","333","â€šÃ³Ã¨","77","dotpositionright","singlestim","268","278698","m","right","correct","1","","1","trialend","singlestim","269","279710"
"16582","Subject280","1","hatehate","1","hate","positionright","validityinvalid","test","1","negative","singlestim","271","281717","404","â€šÃ³Ã¨","67","dotpositionleft","singlestim","272","282173","c","left","correct","1","","1","trialend","singlestim","273","283186"
"16879","Subject280","1","funeralfuneral","1","funeral","positionright","validityvalid","test","1","suicide","singlestim","275","285191","293","â€šÃ³Ã¨","77","dotpositionright","singlestim","276","285537","m","right","correct","1","","1","trialend","singlestim","277","286551"
"17176","Subject280","1","cryingcrying","1","crying","positionright","validityvalid","test","1","negative","singlestim","279","288559","474","â€šÃ³Ã¨","77","dotpositionright","singlestim","280","289085","m","right","correct","1","","1","trialend","singlestim","281","290098"
"17473","Subject280","1","healthyhealthy","1","healthy","positionleft","validityinvalid","test","1","positive","singlestim","283","292103","419","â€šÃ³Ã¨","77","dotpositionright","singlestim","284","292574","m","right","correct","1","","1","trialend","singlestim","285","293588"
"17770","Subject280","1","gunshotgunshot","1","gunshot","positionright","validityvalid","test","1","suicide","singlestim","287","295593","385","â€šÃ³Ã¨","77","dotpositionright","singlestim","288","296030","m","right","correct","1","","1","trialend","singlestim","289","297044"
"18067","Subject280","1","patheticpathetic","1","pathetic","positionleft","validityvalid","test","1","negative","singlestim","291","299049","280","â€šÃ³Ã¨","67","dotpositionleft","singlestim","292","299382","c","left","correct","1","","1","trialend","singlestim","293","300394"
"18364","Subject280","1","foldedfolded","1","folded","positionleft","validityvalid","test","1","neutral","singlestim","295","302405","332","â€šÃ³Ã¨","67","dotpositionleft","singlestim","296","302790","c","left","correct","1","","1","trialend","singlestim","297","303804"
"18661","Subject280","1","suffocationsuffocation","1","suffocation","positionleft","validityinvalid","test","1","suicide","singlestim","299","305808","360","â€šÃ³Ã¨","77","dotpositionright","singlestim","300","306219","m","right","correct","1","","1","trialend","singlestim","301","307233"
"18958","Subject280","1","imageimage","1","image","positionleft","validityvalid","test","1","neutral","singlestim","303","309239","308","â€šÃ³Ã¨","67","dotpositionleft","singlestim","304","309599","c","left","correct","1","","1","trialend","singlestim","305","310613"
