"","SubjectID","rt","stimulus","keypress","word","wordposition","validity","block","blocknum","wordtype","trialtype","trialindex","timeelapsed","rt.1","stimulus.1","keypress.1","dotposition","trialtype.1","trialindex.1","timeelapsed.1","keypressed","participantresponse","correctresponse","rt.2","stimulus.2","keypress.2","blocktrial","trialtype.2","trialindex.2","timeelapsed.2"
"224","Subject256","1","deceaseddeceased","1","deceased","positionright","validityvalid","test","4","suicide","singlestim","51","155071","465","â€šÃ³Ã¨","77","dotpositionright","singlestim","52","155589","m","right","correct","1","","1","trialend","singlestim","53","156604"
"521","Subject256","1","alonealone","1","alone","positionleft","validityvalid","test","4","negative","singlestim","55","158610","533","â€šÃ³Ã¨","67","dotpositionleft","singlestim","56","159200","c","left","correct","1","","1","trialend","singlestim","57","160218"
"818","Subject256","1","successsuccess","1","success","positionleft","validityvalid","test","4","positive","singlestim","59","162225","513","â€šÃ³Ã¨","67","dotpositionleft","singlestim","60","162790","c","left","correct","1","","1","trialend","singlestim","61","163807"
"1115","Subject256","1","engineengine","1","engine","positionleft","validityvalid","test","4","neutral","singlestim","63","165819","637","â€šÃ³Ã¨","67","dotpositionleft","singlestim","64","166513","c","left","correct","1","","1","trialend","singlestim","65","167527"
"1412","Subject256","1","laughlaugh","1","laugh","positionright","validityvalid","test","4","positive","singlestim","67","169535","447","â€šÃ³Ã¨","77","dotpositionright","singlestim","68","170035","m","right","correct","1","","1","trialend","singlestim","69","171051"
"1709","Subject256","1","killingkilling","1","killing","positionleft","validityvalid","test","4","suicide","singlestim","71","173064","470","â€šÃ³Ã¨","67","dotpositionleft","singlestim","72","173590","c","left","correct","1","","1","trialend","singlestim","73","174607"
"2006","Subject256","1","stupidstupid","1","stupid","positionleft","validityvalid","test","4","negative","singlestim","75","176616","487","â€šÃ³Ã¨","67","dotpositionleft","singlestim","76","177156","c","left","correct","1","","1","trialend","singlestim","77","178171"
"2303","Subject256","1","doubledouble","1","double","positionright","validityvalid","test","4","neutral","singlestim","79","180183","417","â€šÃ³Ã¨","77","dotpositionright","singlestim","80","180654","m","right","correct","1","","1","trialend","singlestim","81","181671"
"2600","Subject256","1","ecstaticecstatic","1","ecstatic","positionright","validityvalid","test","4","positive","singlestim","83","183681","438","â€šÃ³Ã¨","77","dotpositionright","singlestim","84","184176","m","right","correct","1","","1","trialend","singlestim","85","185191"
"2897","Subject256","1","suicidesuicide","1","suicide","positionright","validityinvalid","test","4","suicide","singlestim","87","187203","532","â€šÃ³Ã¨","67","dotpositionleft","singlestim","88","187787","c","left","correct","1","","1","trialend","singlestim","89","188804"
"3194","Subject256","1","frameframe","1","frame","positionleft","validityinvalid","test","4","neutral","singlestim","91","190813","342","â€šÃ³Ã¨","77","dotpositionright","singlestim","92","191207","m","right","correct","1","","1","trialend","singlestim","93","192223"
"3491","Subject256","1","passionatepassionate","1","passionate","positionleft","validityinvalid","test","4","positive","singlestim","95","194230","356","â€šÃ³Ã¨","77","dotpositionright","singlestim","96","194639","m","right","correct","1","","1","trialend","singlestim","97","195652"
"3788","Subject256","1","ashamedashamed","1","ashamed","positionright","validityinvalid","test","4","negative","singlestim","99","197663","339","â€šÃ³Ã¨","67","dotpositionleft","singlestim","100","198058","c","left","correct","1","","1","trialend","singlestim","101","199073"
"4085","Subject256","1","hanginghanging","1","hanging","positionleft","validityvalid","test","4","suicide","singlestim","103","201080","492","â€šÃ³Ã¨","67","dotpositionleft","singlestim","104","201624","c","left","correct","1","","1","trialend","singlestim","105","202640"
"4382","Subject256","1","structurestructure","1","structure","positionright","validityvalid","test","4","neutral","singlestim","107","204649","456","â€šÃ³Ã¨","77","dotpositionright","singlestim","108","205157","m","right","correct","1","","1","trialend","singlestim","109","206175"
"4679","Subject256","1","wohlesswohless","1","wohless","positionright","validityvalid","test","4","negative","singlestim","111","208186","448","â€šÃ³Ã¨","77","dotpositionright","singlestim","112","208689","m","right","correct","1","","1","trialend","singlestim","113","209705"
"4976","Subject256","1","hatehate","1","hate","positionright","validityinvalid","test","1","negative","singlestim","115","211718","373","â€šÃ³Ã¨","67","dotpositionleft","singlestim","116","212143","c","left","correct","1","","1","trialend","singlestim","117","213162"
"5273","Subject256","1","patheticpathetic","1","pathetic","positionleft","validityvalid","test","1","negative","singlestim","119","215172","464","â€šÃ³Ã¨","67","dotpositionleft","singlestim","120","215687","c","left","correct","1","","1","trialend","singlestim","121","216704"
"5570","Subject256","1","greatgreat","1","great","positionright","validityvalid","test","1","positive","singlestim","123","218711","422","â€šÃ³Ã¨","77","dotpositionright","singlestim","124","219185","m","right","correct","1","","1","trialend","singlestim","125","220203"
"5867","Subject256","1","imageimage","1","image","positionleft","validityvalid","test","1","neutral","singlestim","127","222214","404","â€šÃ³Ã¨","67","dotpositionleft","singlestim","128","222672","c","left","correct","1","","1","trialend","singlestim","129","223689"
"6164","Subject256","1","funeralfuneral","1","funeral","positionright","validityvalid","test","1","suicide","singlestim","131","225702","392","â€šÃ³Ã¨","77","dotpositionright","singlestim","132","226148","m","right","correct","1","","1","trialend","singlestim","133","227162"
"6461","Subject256","1","paradiseparadise","1","paradise","positionleft","validityvalid","test","1","positive","singlestim","135","229170","425","â€šÃ³Ã¨","67","dotpositionleft","singlestim","136","229647","c","left","correct","1","","1","trialend","singlestim","137","230660"
"6758","Subject256","1","suffocationsuffocation","1","suffocation","positionleft","validityinvalid","test","1","suicide","singlestim","139","232669","367","â€šÃ³Ã¨","77","dotpositionright","singlestim","140","233090","m","right","correct","1","","1","trialend","singlestim","141","234108"
"7055","Subject256","1","healthyhealthy","1","healthy","positionleft","validityinvalid","test","1","positive","singlestim","143","236116","307","â€šÃ³Ã¨","77","dotpositionright","singlestim","144","236476","m","right","correct","1","","1","trialend","singlestim","145","237494"
"7352","Subject256","1","attractionattraction","1","attraction","positionright","validityvalid","test","1","positive","singlestim","147","239500","490","â€šÃ³Ã¨","77","dotpositionright","singlestim","148","240042","m","right","correct","1","","1","trialend","singlestim","149","241056"
"7649","Subject256","1","cryingcrying","1","crying","positionright","validityvalid","test","1","negative","singlestim","151","243064","390","â€šÃ³Ã¨","77","dotpositionright","singlestim","152","243506","m","right","correct","1","","1","trialend","singlestim","153","244520"
"7946","Subject256","1","foldedfolded","1","folded","positionleft","validityvalid","test","1","neutral","singlestim","155","246530","556","â€šÃ³Ã¨","67","dotpositionleft","singlestim","156","247142","c","left","correct","1","","1","trialend","singlestim","157","248160"
"8243","Subject256","1","bloodblood","1","blood","positionleft","validityvalid","test","1","suicide","singlestim","159","250168","576","â€šÃ³Ã¨","67","dotpositionleft","singlestim","160","250797","c","left","correct","1","","1","trialend","singlestim","161","251810"
"8540","Subject256","1","statuestatue","1","statue","positionright","validityinvalid","test","1","neutral","singlestim","163","253821","419","â€šÃ³Ã¨","67","dotpositionleft","singlestim","164","254295","c","left","correct","1","","1","trialend","singlestim","165","255310"
"8837","Subject256","1","vomitvomit","1","vomit","positionleft","validityvalid","test","1","negative","singlestim","167","257316","413","â€šÃ³Ã¨","67","dotpositionleft","singlestim","168","257783","c","left","correct","1","","1","trialend","singlestim","169","258801"
"9134","Subject256","1","gunshotgunshot","1","gunshot","positionright","validityvalid","test","1","suicide","singlestim","171","260812","429","â€šÃ³Ã¨","77","dotpositionright","singlestim","172","261292","m","right","correct","1","","1","trialend","singlestim","173","262309"
"9431","Subject256","1","cheesecheese","1","cheese","positionright","validityvalid","test","1","neutral","singlestim","175","264317","396","â€šÃ³Ã¨","77","dotpositionright","singlestim","176","264769","m","right","correct","1","","1","trialend","singlestim","177","265785"
"9728","Subject256","1","noosenoose","1","noose","positionleft","validityvalid","test","2","suicide","singlestim","179","267792","422","â€šÃ³Ã¨","67","dotpositionleft","singlestim","180","268268","c","left","correct","1","","1","trialend","singlestim","181","269285"
"10025","Subject256","1","horsehorse","1","horse","positionleft","validityinvalid","test","2","neutral","singlestim","183","271294","360","â€šÃ³Ã¨","77","dotpositionright","singlestim","184","271710","m","right","correct","1","","1","trialend","singlestim","185","272729"
"10322","Subject256","1","overdoseoverdose","1","overdose","positionright","validityinvalid","test","2","suicide","singlestim","187","274735","417","â€šÃ³Ã¨","67","dotpositionleft","singlestim","188","275209","c","left","correct","1","","1","trialend","singlestim","189","276226"
"10619","Subject256","1","abuseabuse","1","abuse","positionright","validityvalid","test","2","negative","singlestim","191","278234","400","â€šÃ³Ã¨","77","dotpositionright","singlestim","192","278686","m","right","correct","1","","1","trialend","singlestim","193","279703"
"10916","Subject256","1","braverybravery","1","bravery","positionleft","validityvalid","test","2","positive","singlestim","195","281712","381","â€šÃ³Ã¨","67","dotpositionleft","singlestim","196","282150","c","left","correct","1","","1","trialend","singlestim","197","283168"
"11213","Subject256","1","lovelove","1","love","positionright","validityinvalid","test","2","positive","singlestim","199","285173","570","â€šÃ³Ã¨","67","dotpositionleft","singlestim","200","285795","c","left","correct","1","","1","trialend","singlestim","201","286807"
"11510","Subject256","1","deathdeath","1","death","positionright","validityvalid","test","2","suicide","singlestim","203","288815","493","â€šÃ³Ã¨","77","dotpositionright","singlestim","204","289361","m","right","correct","1","","1","trialend","singlestim","205","290376"
"11807","Subject256","1","filthyfilthy","1","filthy","positionleft","validityinvalid","test","2","negative","singlestim","207","292385","367","â€šÃ³Ã¨","77","dotpositionright","singlestim","208","292803","m","right","correct","1","","1","trialend","singlestim","209","293822"
"12104","Subject256","1","pleasurepleasure","1","pleasure","positionleft","validityvalid","test","2","positive","singlestim","211","295831","407","â€šÃ³Ã¨","67","dotpositionleft","singlestim","212","296290","c","left","correct","1","","1","trialend","singlestim","213","297305"
"12401","Subject256","1","tabletable","1","table","positionright","validityvalid","test","2","neutral","singlestim","215","299314","434","â€šÃ³Ã¨","77","dotpositionright","singlestim","216","299801","m","right","correct","1","","1","trialend","singlestim","217","300817"
"12698","Subject256","1","enthusiasmenthusiasm","1","enthusiasm","positionright","validityvalid","test","2","positive","singlestim","219","302825","399","â€šÃ³Ã¨","77","dotpositionright","singlestim","220","303277","m","right","correct","1","","1","trialend","singlestim","221","304293"
"12995","Subject256","1","foamfoam","1","foam","positionright","validityvalid","test","2","neutral","singlestim","223","306302","453","â€šÃ³Ã¨","77","dotpositionright","singlestim","224","306809","m","right","correct","1","","1","trialend","singlestim","225","307824"
"13292","Subject256","1","cruelcruel","1","cruel","positionright","validityvalid","test","2","negative","singlestim","227","309832","432","â€šÃ³Ã¨","77","dotpositionright","singlestim","228","310320","m","right","correct","1","","1","trialend","singlestim","229","311334"
"13589","Subject256","1","paperpaper","1","paper","positionleft","validityvalid","test","2","neutral","singlestim","231","313342","400","â€šÃ³Ã¨","67","dotpositionleft","singlestim","232","313795","c","left","correct","1","","1","trialend","singlestim","233","314810"
"13886","Subject256","1","corpsecorpse","1","corpse","positionleft","validityvalid","test","2","suicide","singlestim","235","316818","469","â€šÃ³Ã¨","67","dotpositionleft","singlestim","236","317340","c","left","correct","1","","1","trialend","singlestim","237","318356"
"14183","Subject256","1","failurefailure","1","failure","positionleft","validityvalid","test","2","negative","singlestim","239","320365","465","â€šÃ³Ã¨","67","dotpositionleft","singlestim","240","320884","c","left","correct","1","","1","trialend","singlestim","241","321902"
"14480","Subject256","1","strongstrong","1","strong","positionleft","validityvalid","test","3","positive","singlestim","243","323911","418","â€šÃ³Ã¨","67","dotpositionleft","singlestim","244","324381","c","left","correct","1","","1","trialend","singlestim","245","325395"
"14777","Subject256","1","kisskiss","1","kiss","positionright","validityinvalid","test","3","positive","singlestim","247","327407","372","â€šÃ³Ã¨","67","dotpositionleft","singlestim","248","327835","c","left","correct","1","","1","trialend","singlestim","249","328849"
"15074","Subject256","1","touretoure","1","toure","positionleft","validityvalid","test","3","negative","singlestim","251","330858","413","â€šÃ³Ã¨","67","dotpositionleft","singlestim","252","331324","c","left","correct","1","","1","trialend","singlestim","253","332337"
"15371","Subject256","1","metermeter","1","meter","positionleft","validityvalid","test","3","neutral","singlestim","255","334346","400","â€šÃ³Ã¨","67","dotpositionleft","singlestim","256","334799","c","left","correct","1","","1","trialend","singlestim","257","335815"
"15668","Subject256","1","cuttingcutting","1","cutting","positionright","validityvalid","test","3","suicide","singlestim","259","337822","446","â€šÃ³Ã¨","77","dotpositionright","singlestim","260","338320","m","right","correct","1","","1","trialend","singlestim","261","339337"
"15965","Subject256","1","closetcloset","1","closet","positionright","validityinvalid","test","3","neutral","singlestim","263","341345","316","â€šÃ³Ã¨","67","dotpositionleft","singlestim","264","341718","c","left","correct","1","","1","trialend","singlestim","265","342736"
"16262","Subject256","1","dyingdying","1","dying","positionleft","validityvalid","test","3","suicide","singlestim","267","344746","439","â€šÃ³Ã¨","67","dotpositionleft","singlestim","268","345239","c","left","correct","1","","1","trialend","singlestim","269","346256"
"16559","Subject256","1","museummuseum","1","museum","positionleft","validityvalid","test","3","neutral","singlestim","271","348263","410","â€šÃ³Ã¨","67","dotpositionleft","singlestim","272","348726","c","left","correct","1","","1","trialend","singlestim","273","349743"
"16856","Subject256","1","rejectedrejected","1","rejected","positionright","validityvalid","test","3","negative","singlestim","275","351752","455","â€šÃ³Ã¨","77","dotpositionright","singlestim","276","352259","m","right","correct","1","","1","trialend","singlestim","277","353277"
"17153","Subject256","1","assaultassault","1","assault","positionleft","validityinvalid","test","3","negative","singlestim","279","355286","554","â€šÃ³Ã¨","77","dotpositionright","singlestim","280","355893","m","right","correct","1","","1","trialend","singlestim","281","356910"
"17450","Subject256","1","bombbomb","1","bomb","positionright","validityvalid","test","3","negative","singlestim","283","358918","374","â€šÃ³Ã¨","77","dotpositionright","singlestim","284","359346","m","right","correct","1","","1","trialend","singlestim","285","360364"
"17747","Subject256","1","deaddead","1","dead","positionleft","validityinvalid","test","3","suicide","singlestim","287","362374","573","â€šÃ³Ã¨","77","dotpositionright","singlestim","288","363003","m","right","correct","1","","1","trialend","singlestim","289","364020"
"18044","Subject256","1","smilesmile","1","smile","positionleft","validityvalid","test","3","positive","singlestim","291","366028","398","â€šÃ³Ã¨","67","dotpositionleft","singlestim","292","366478","c","left","correct","1","","1","trialend","singlestim","293","367491"
"18341","Subject256","1","happyhappy","1","happy","positionright","validityvalid","test","3","positive","singlestim","295","369499","448","â€šÃ³Ã¨","77","dotpositionright","singlestim","296","369999","m","right","correct","1","","1","trialend","singlestim","297","371013"
"18638","Subject256","1","greengreen","1","green","positionright","validityvalid","test","3","neutral","singlestim","299","373022","432","â€šÃ³Ã¨","77","dotpositionright","singlestim","300","373510","m","right","correct","1","","1","trialend","singlestim","301","374524"
"18935","Subject256","1","diedie","1","die","positionright","validityvalid","test","3","suicide","singlestim","303","376536","404","â€šÃ³Ã¨","77","dotpositionright","singlestim","304","376997","m","right","correct","1","","1","trialend","singlestim","305","378013"
