,SubjectID,rt,stimulus,keypress,word,wordposition,validity,block,blocknum,wordtype,trialtype,trialindex,timeelapsed,rt.1,stimulus.1,keypress.1,dotposition,trialtype.1,trialindex.1,timeelapsed.1,keypressed,participantresponse,correctresponse,rt.2,stimulus.2,keypress.2,blocktrial,trialtype.2,trialindex.2,timeelapsed.2
172,Subject201,1,double,positionright,,test,validityvalid,,singlestim,neutral,103871,100010,,954,dotpositionright,singlestim,52,104877,100020,m,,1,correct,1,trialend,singlestim,53,105892,100030,1
469,Subject201,1,laugh,positionright,,test,validityvalid,,singlestim,positive,107894,100050,,680,dotpositionright,singlestim,56,108625,100060,m,,1,correct,1,trialend,singlestim,57,109638,100070,1
766,Subject201,1,engine,positionleft,,test,validityvalid,,singlestim,neutral,111641,100090,,877,dotpositionleft,singlestim,60,112569,1000100,c,,1,correct,1,trialend,singlestim,61,113581,1000110,1
1063,Subject201,1,hanging,positionleft,,test,validityvalid,,singlestim,suicide,115586,1000130,,890,dotpositionleft,singlestim,64,116528,1000140,c,,1,correct,1,trialend,singlestim,65,117540,1000150,1
1360,Subject201,1,frame,positionleft,,test,validityinvalid,,singlestim,neutral,119546,1000170,,567,dotpositionright,singlestim,68,120164,1000180,m,,1,correct,1,trialend,singlestim,69,121178,1000190,1
1657,Subject201,1,deceased,positionright,,test,validityvalid,,singlestim,suicide,123182,1000210,,724,dotpositionright,singlestim,72,123958,1000220,m,,1,correct,1,trialend,singlestim,73,124972,1000230,1
1954,Subject201,1,wohless,positionright,,test,validityvalid,,singlestim,negative,126978,1000250,,606,dotpositionright,singlestim,76,127638,1000260,m,,1,correct,1,trialend,singlestim,77,128649,1000270,1
2251,Subject201,1,alone,positionleft,,test,validityvalid,,singlestim,negative,130654,1000290,,556,dotpositionleft,singlestim,80,131264,1000300,c,,1,correct,1,trialend,singlestim,81,132275,1000310,1
2548,Subject201,1,ecstatic,positionright,,test,validityvalid,,singlestim,positive,134278,1000330,,510,dotpositionright,singlestim,84,134840,1000340,m,,1,correct,1,trialend,singlestim,85,135852,1000350,1
2845,Subject201,1,passionate,positionleft,,test,validityinvalid,,singlestim,positive,137857,1000370,,561,dotpositionright,singlestim,88,138470,1000380,m,,1,correct,1,trialend,singlestim,89,139483,1000390,1
3142,Subject201,1,suicide,positionright,,test,validityinvalid,,singlestim,suicide,141488,1000410,,648,dotpositionleft,singlestim,92,142187,1000420,c,,1,correct,1,trialend,singlestim,93,143201,1000430,1
3439,Subject201,1,success,positionleft,,test,validityvalid,,singlestim,positive,145205,1000450,,664,dotpositionleft,singlestim,96,145920,1000460,c,,1,correct,1,trialend,singlestim,97,146934,1000470,1
3736,Subject201,1,killing,positionleft,,test,validityvalid,,singlestim,suicide,148880,1000490,,589,dotpositionleft,singlestim,100,149520,1000500,c,,1,correct,1,trialend,singlestim,101,150534,1000510,1
4033,Subject201,1,ashamed,positionright,,test,validityinvalid,,singlestim,negative,152538,1000530,,665,dotpositionleft,singlestim,104,153255,1000540,c,,1,correct,1,trialend,singlestim,105,154268,1000550,1
4330,Subject201,1,stupid,positionleft,,test,validityvalid,,singlestim,negative,156272,1000570,,498,dotpositionleft,singlestim,108,156822,1000580,c,,1,correct,1,trialend,singlestim,109,157834,1000590,1
4627,Subject201,1,structure,positionright,,test,validityvalid,,singlestim,neutral,159838,1000610,,497,dotpositionright,singlestim,112,160389,1000620,m,,1,correct,1,trialend,singlestim,113,161401,1000630,1
4924,Subject201,1,blood,positionleft,,test,validityvalid,,singlestim,suicide,163407,101010,,499,dotpositionleft,singlestim,116,163959,101020,c,,1,correct,1,trialend,singlestim,117,164973,101030,1
5221,Subject201,1,crying,positionright,,test,validityvalid,,singlestim,negative,166977,101050,,464,dotpositionright,singlestim,120,167493,101060,m,,1,correct,1,trialend,singlestim,121,168506,101070,1
5518,Subject201,1,great,positionright,,test,validityvalid,,singlestim,positive,170511,101090,,533,dotpositionright,singlestim,124,171097,1010100,m,,1,correct,1,trialend,singlestim,125,172109,1010110,1
5815,Subject201,1,attraction,positionright,,test,validityvalid,,singlestim,positive,174113,1010130,,469,dotpositionright,singlestim,128,174634,1010140,m,,1,correct,1,trialend,singlestim,129,175647,1010150,1
6112,Subject201,1,cheese,positionright,,test,validityvalid,,singlestim,neutral,177650,1010170,,494,dotpositionright,singlestim,132,178197,1010180,m,,1,correct,1,trialend,singlestim,133,179210,1010190,1
6409,Subject201,1,vomit,positionleft,,test,validityvalid,,singlestim,negative,181215,1010210,,511,dotpositionleft,singlestim,136,181778,1010220,c,,1,correct,1,trialend,singlestim,137,182792,1010230,1
6706,Subject201,1,pathetic,positionleft,,test,validityvalid,,singlestim,negative,184794,1010250,,452,dotpositionleft,singlestim,140,185298,1010260,c,,1,correct,1,trialend,singlestim,141,186309,1010270,1
7003,Subject201,1,gunshot,positionright,,test,validityvalid,,singlestim,suicide,188312,1010290,,414,dotpositionright,singlestim,144,188778,1010300,m,,1,correct,1,trialend,singlestim,145,189790,1010310,1
7300,Subject201,1,healthy,positionleft,,test,validityinvalid,,singlestim,positive,191794,1010330,,550,dotpositionright,singlestim,148,192396,1010340,m,,1,correct,1,trialend,singlestim,149,193409,1010350,1
7597,Subject201,1,image,positionleft,,test,validityvalid,,singlestim,neutral,195412,1010370,,565,dotpositionleft,singlestim,152,196031,1010380,c,,1,correct,1,trialend,singlestim,153,197045,1010390,1
7894,Subject201,1,statue,positionright,,test,validityinvalid,,singlestim,neutral,199049,1010410,,649,dotpositionleft,singlestim,156,199749,1010420,c,,1,correct,1,trialend,singlestim,157,200762,1010430,1
8191,Subject201,1,suffocation,positionleft,,test,validityinvalid,,singlestim,suicide,202765,1010450,,477,dotpositionright,singlestim,160,203295,1010460,m,,1,correct,1,trialend,singlestim,161,204308,1010470,1
8488,Subject201,1,funeral,positionright,,test,validityvalid,,singlestim,suicide,206310,1010490,,513,dotpositionright,singlestim,164,206874,1010500,m,,1,correct,1,trialend,singlestim,165,207887,1010510,1
8785,Subject201,1,folded,positionleft,,test,validityvalid,,singlestim,neutral,209890,1010530,,623,dotpositionleft,singlestim,168,210566,1010540,c,,1,correct,1,trialend,singlestim,169,211581,1010550,1
9082,Subject201,1,hate,positionright,,test,validityinvalid,,singlestim,negative,213585,1010570,,688,dotpositionleft,singlestim,172,214325,1010580,c,,1,correct,1,trialend,singlestim,173,215337,1010590,1
9379,Subject201,1,paradise,positionleft,,test,validityvalid,,singlestim,positive,217342,1010610,,481,dotpositionleft,singlestim,176,217873,1010620,c,,1,correct,1,trialend,singlestim,177,218885,1010630,1
9676,Subject201,1,bravery,positionleft,,test,validityvalid,,singlestim,positive,220890,102010,,494,dotpositionleft,singlestim,180,221435,102020,c,,1,correct,1,trialend,singlestim,181,222447,102030,1
9973,Subject201,1,abuse,positionright,,test,validityvalid,,singlestim,negative,224452,102050,,435,dotpositionright,singlestim,184,224939,102060,m,,1,correct,1,trialend,singlestim,185,225952,102070,1
10270,Subject201,1,death,positionright,,test,validityvalid,,singlestim,suicide,227958,102090,,540,dotpositionright,singlestim,188,228549,1020100,m,,1,correct,1,trialend,singlestim,189,229562,1020110,1
10567,Subject201,1,enthusiasm,positionright,,test,validityvalid,,singlestim,positive,231567,1020130,,508,dotpositionright,singlestim,192,232127,1020140,m,,1,correct,1,trialend,singlestim,193,233140,1020150,1
10864,Subject201,1,table,positionright,,test,validityvalid,,singlestim,neutral,235145,1020170,,1146,dotpositionright,singlestim,196,236343,1020180,m,,1,correct,1,trialend,singlestim,197,237357,1020190,1
11161,Subject201,1,paper,positionleft,,test,validityvalid,,singlestim,neutral,239360,1020210,,676,dotpositionleft,singlestim,200,240090,1020220,c,,1,correct,1,trialend,singlestim,201,241103,1020230,1
11458,Subject201,1,corpse,positionleft,,test,validityvalid,,singlestim,suicide,243106,1020250,,627,dotpositionleft,singlestim,204,243785,1020260,c,,1,correct,1,trialend,singlestim,205,244797,1020270,1
11755,Subject201,1,pleasure,positionleft,,test,validityvalid,,singlestim,positive,246800,1020290,,513,dotpositionleft,singlestim,208,247366,1020300,c,,1,correct,1,trialend,singlestim,209,248379,1020310,1
12052,Subject201,1,cruel,positionright,,test,validityvalid,,singlestim,negative,250384,1020330,,644,dotpositionright,singlestim,212,251080,1020340,m,,1,correct,1,trialend,singlestim,213,252092,1020350,1
12349,Subject201,1,foam,positionright,,test,validityvalid,,singlestim,neutral,254097,1020370,,504,dotpositionright,singlestim,216,254654,1020380,m,,1,correct,1,trialend,singlestim,217,255668,1020390,1
12646,Subject201,1,overdose,positionright,,test,validityinvalid,,singlestim,suicide,257671,1020410,,562,dotpositionleft,singlestim,220,258287,1020420,c,,1,correct,1,trialend,singlestim,221,259299,1020430,1
12943,Subject201,1,noose,positionleft,,test,validityvalid,,singlestim,suicide,261303,1020450,,462,dotpositionleft,singlestim,224,261817,1020460,c,,1,correct,1,trialend,singlestim,225,262830,1020470,1
13240,Subject201,1,horse,positionleft,,test,validityinvalid,,singlestim,neutral,264833,1020490,,464,dotpositionright,singlestim,228,265348,1020500,m,,1,correct,1,trialend,singlestim,229,266360,1020510,1
13537,Subject201,1,failure,positionleft,,test,validityvalid,,singlestim,negative,268361,1020530,,474,dotpositionleft,singlestim,232,268888,1020540,c,,1,correct,1,trialend,singlestim,233,269900,1020550,1
13834,Subject201,1,love,positionright,,test,validityinvalid,,singlestim,positive,271902,1020570,,532,dotpositionleft,singlestim,236,272486,1020580,c,,1,correct,1,trialend,singlestim,237,273497,1020590,1
14131,Subject201,1,filthy,positionleft,,test,validityinvalid,,singlestim,negative,275499,1020610,,430,dotpositionright,singlestim,240,275981,1020620,m,,1,correct,1,trialend,singlestim,241,276993,1020630,1
14428,Subject201,1,strong,positionleft,,test,validityvalid,,singlestim,positive,278995,103010,,537,dotpositionleft,singlestim,244,279585,103020,c,,1,correct,1,trialend,singlestim,245,280596,103030,1
14725,Subject201,1,closet,positionright,,test,validityinvalid,,singlestim,neutral,282598,103050,,501,dotpositionleft,singlestim,248,283149,103060,c,,1,correct,1,trialend,singlestim,249,284160,103070,1
15022,Subject201,1,bomb,positionright,,test,validityvalid,,singlestim,negative,286163,103090,,536,dotpositionright,singlestim,252,286750,1030100,m,,1,correct,1,trialend,singlestim,253,287763,1030110,1
15319,Subject201,1,green,positionright,,test,validityvalid,,singlestim,neutral,289764,1030130,,525,dotpositionright,singlestim,256,290341,1030140,m,,1,correct,1,trialend,singlestim,257,291355,1030150,1
15616,Subject201,1,assault,positionleft,,test,validityinvalid,,singlestim,negative,293357,1030170,,501,dotpositionright,singlestim,260,293909,1030180,m,,1,correct,1,trialend,singlestim,261,294924,1030190,1
15913,Subject201,1,kiss,positionright,,test,validityinvalid,,singlestim,positive,296928,1030210,,470,dotpositionleft,singlestim,264,297449,1030220,c,,1,correct,1,trialend,singlestim,265,298462,1030230,1
16210,Subject201,1,smile,positionleft,,test,validityvalid,,singlestim,positive,300467,1030250,,528,dotpositionleft,singlestim,268,301047,1030260,c,,1,correct,1,trialend,singlestim,269,302059,1030270,1
16507,Subject201,1,dying,positionleft,,test,validityvalid,,singlestim,suicide,304063,1030290,,502,dotpositionleft,singlestim,272,304616,1030300,c,,1,correct,1,trialend,singlestim,273,305628,1030310,1
16804,Subject201,1,happy,positionright,,test,validityvalid,,singlestim,positive,307632,1030330,,511,dotpositionright,singlestim,276,308196,1030340,m,,1,correct,1,trialend,singlestim,277,309207,1030350,1
17101,Subject201,1,die,positionright,,test,validityvalid,,singlestim,suicide,311211,1030370,,477,dotpositionright,singlestim,280,311739,1030380,m,,1,correct,1,trialend,singlestim,281,312751,1030390,1
17398,Subject201,1,dead,positionleft,,test,validityinvalid,,singlestim,suicide,314755,1030410,,488,dotpositionright,singlestim,284,315295,1030420,m,,1,correct,1,trialend,singlestim,285,316306,1030430,1
17695,Subject201,1,museum,positionleft,,test,validityvalid,,singlestim,neutral,318309,1030450,,474,dotpositionleft,singlestim,288,318834,1030460,c,,1,correct,1,trialend,singlestim,289,319844,1030470,1
17992,Subject201,1,meter,positionleft,,test,validityvalid,,singlestim,neutral,321851,1030490,,664,dotpositionleft,singlestim,292,322568,1030500,c,,1,correct,1,trialend,singlestim,293,323580,1030510,1
18289,Subject201,1,rejected,positionright,,test,validityvalid,,singlestim,negative,325584,1030530,,433,dotpositionright,singlestim,296,326069,1030540,m,,1,correct,1,trialend,singlestim,297,327082,1030550,1
18586,Subject201,1,cutting,positionright,,test,validityvalid,,singlestim,suicide,329085,1030570,,458,dotpositionright,singlestim,300,329596,1030580,m,,1,correct,1,trialend,singlestim,301,330608,1030590,1
18883,Subject201,1,toure,positionleft,,test,validityvalid,,singlestim,negative,332613,1030610,,443,dotpositionleft,singlestim,304,333108,1030620,c,,1,correct,1,trialend,singlestim,305,334122,1030630,1000