"","SubjectID","rt","stimulus","keypress","word","wordposition","validity","block","blocknum","wordtype","trialtype","trialindex","timeelapsed","rt.1","stimulus.1","keypress.1","dotposition","trialtype.1","trialindex.1","timeelapsed.1","keypressed","participantresponse","correctresponse","rt.2","stimulus.2","keypress.2","blocktrial","trialtype.2","trialindex.2","timeelapsed.2"
"190","Subject221","1","deceaseddeceased","1","deceased","positionright","validityvalid","test","4","suicide","singlestim","51","117659","364","â€šÃ³Ã¨","77","dotpositionright","singlestim","52","118074","m","right","correct","1","","1","trialend","singlestim","53","119088"
"487","Subject221","1","laughlaugh","1","laugh","positionright","validityvalid","test","4","positive","singlestim","55","121104","389","â€šÃ³Ã¨","77","dotpositionright","singlestim","56","121545","m","right","correct","1","","1","trialend","singlestim","57","122568"
"784","Subject221","1","stupidstupid","1","stupid","positionleft","validityvalid","test","4","negative","singlestim","59","124573","382","â€šÃ³Ã¨","67","dotpositionleft","singlestim","60","125007","c","left","correct","1","","1","trialend","singlestim","61","126020"
"1081","Subject221","1","engineengine","1","engine","positionleft","validityvalid","test","4","neutral","singlestim","63","128023","356","â€šÃ³Ã¨","67","dotpositionleft","singlestim","64","128432","c","left","correct","1","","1","trialend","singlestim","65","129445"
"1378","Subject221","1","ashamedashamed","1","ashamed","positionright","validityinvalid","test","4","negative","singlestim","67","131450","317","â€šÃ³Ã¨","67","dotpositionleft","singlestim","68","131818","c","left","correct","1","","1","trialend","singlestim","69","132832"
"1675","Subject221","1","doubledouble","1","double","positionright","validityvalid","test","4","neutral","singlestim","71","134837","423","â€šÃ³Ã¨","77","dotpositionright","singlestim","72","135313","m","right","correct","1","","1","trialend","singlestim","73","136326"
"1972","Subject221","409","ecstaticecstatic","77","ecstatic","positionright","validityvalid","test","4","positive","singlestim","75","138331","680","â€šÃ³Ã¨","77","dotpositionright","singlestim","76","139063","m","right","correct","1","","1","trialend","singlestim","77","140077"
"2269","Subject221","1","killingkilling","1","killing","positionleft","validityvalid","test","4","suicide","singlestim","79","142083","406","â€šÃ³Ã¨","67","dotpositionleft","singlestim","80","142541","c","left","correct","1","","1","trialend","singlestim","81","143554"
"2566","Subject221","1","passionatepassionate","1","passionate","positionleft","validityinvalid","test","4","positive","singlestim","83","145559","425","â€šÃ³Ã¨","77","dotpositionright","singlestim","84","146037","m","right","correct","1","","1","trialend","singlestim","85","147051"
"2863","Subject221","1","suicidesuicide","1","suicide","positionright","validityinvalid","test","4","suicide","singlestim","87","149056","489","â€šÃ³Ã¨","67","dotpositionleft","singlestim","88","149598","c","left","correct","1","","1","trialend","singlestim","89","150612"
"3160","Subject221","1","wohlesswohless","1","wohless","positionright","validityvalid","test","4","negative","singlestim","91","152616","407","â€šÃ³Ã¨","77","dotpositionright","singlestim","92","153074","m","right","correct","1","","1","trialend","singlestim","93","154088"
"3457","Subject221","1","hanginghanging","1","hanging","positionleft","validityvalid","test","4","suicide","singlestim","95","156093","365","â€šÃ³Ã¨","67","dotpositionleft","singlestim","96","156511","c","left","correct","1","","1","trialend","singlestim","97","157524"
"3754","Subject221","1","alonealone","1","alone","positionleft","validityvalid","test","4","negative","singlestim","99","159529","409","â€šÃ³Ã¨","67","dotpositionleft","singlestim","100","159991","c","left","correct","1","","1","trialend","singlestim","101","161005"
"4051","Subject221","1","successsuccess","1","success","positionleft","validityvalid","test","4","positive","singlestim","103","163008","499","â€šÃ³Ã¨","67","dotpositionleft","singlestim","104","163559","c","left","correct","1","","1","trialend","singlestim","105","164573"
"4348","Subject221","1","structurestructure","1","structure","positionright","validityvalid","test","4","neutral","singlestim","107","166578","367","â€šÃ³Ã¨","77","dotpositionright","singlestim","108","166997","m","right","correct","1","","1","trialend","singlestim","109","168010"
"4645","Subject221","1","frameframe","1","frame","positionleft","validityinvalid","test","4","neutral","singlestim","111","170015","373","â€šÃ³Ã¨","77","dotpositionright","singlestim","112","170440","m","right","correct","1","","1","trialend","singlestim","113","171454"
"4942","Subject221","1","paperpaper","1","paper","positionleft","validityvalid","test","2","neutral","singlestim","115","173459","364","â€šÃ³Ã¨","67","dotpositionleft","singlestim","116","173874","c","left","correct","1","","1","trialend","singlestim","117","174888"
"5239","Subject221","1","enthusiasmenthusiasm","1","enthusiasm","positionright","validityvalid","test","2","positive","singlestim","119","176892","350","â€šÃ³Ã¨","77","dotpositionright","singlestim","120","177294","m","right","correct","1","","1","trialend","singlestim","121","178308"
"5536","Subject221","1","overdoseoverdose","1","overdose","positionright","validityinvalid","test","2","suicide","singlestim","123","180313","401","â€šÃ³Ã¨","67","dotpositionleft","singlestim","124","180766","c","left","correct","1","","1","trialend","singlestim","125","181780"
"5833","Subject221","1","noosenoose","1","noose","positionleft","validityvalid","test","2","suicide","singlestim","127","183784","454","â€šÃ³Ã¨","67","dotpositionleft","singlestim","128","184291","c","left","correct","1","","1","trialend","singlestim","129","185304"
"6130","Subject221","1","failurefailure","1","failure","positionleft","validityvalid","test","2","negative","singlestim","131","187309","384","â€šÃ³Ã¨","67","dotpositionleft","singlestim","132","187746","c","left","correct","1","","1","trialend","singlestim","133","188759"
"6427","Subject221","1","braverybravery","1","bravery","positionleft","validityvalid","test","2","positive","singlestim","135","190764","363","â€šÃ³Ã¨","67","dotpositionleft","singlestim","136","191180","c","left","correct","1","","1","trialend","singlestim","137","192193"
"6724","Subject221","1","corpsecorpse","1","corpse","positionleft","validityvalid","test","2","suicide","singlestim","139","194196","399","â€šÃ³Ã¨","67","dotpositionleft","singlestim","140","194646","c","left","correct","1","","1","trialend","singlestim","141","195658"
"7021","Subject221","1","filthyfilthy","1","filthy","positionleft","validityinvalid","test","2","negative","singlestim","143","197662","426","â€šÃ³Ã¨","77","dotpositionright","singlestim","144","198140","m","right","correct","1","","1","trialend","singlestim","145","199161"
"7318","Subject221","1","abuseabuse","1","abuse","positionright","validityvalid","test","2","negative","singlestim","147","201169","375","â€šÃ³Ã¨","77","dotpositionright","singlestim","148","201596","m","right","correct","1","","1","trialend","singlestim","149","202609"
"7615","Subject221","1","foamfoam","1","foam","positionright","validityvalid","test","2","neutral","singlestim","151","204612","408","â€šÃ³Ã¨","77","dotpositionright","singlestim","152","205072","m","right","correct","1","","1","trialend","singlestim","153","206085"
"7912","Subject221","1","lovelove","1","love","positionright","validityinvalid","test","2","positive","singlestim","155","208090","322","â€šÃ³Ã¨","67","dotpositionleft","singlestim","156","208465","c","left","correct","1","","1","trialend","singlestim","157","209478"
"8209","Subject221","1","cruelcruel","1","cruel","positionright","validityvalid","test","2","negative","singlestim","159","211481","422","â€šÃ³Ã¨","77","dotpositionright","singlestim","160","211955","m","right","correct","1","","1","trialend","singlestim","161","212970"
"8506","Subject221","1","pleasurepleasure","1","pleasure","positionleft","validityvalid","test","2","positive","singlestim","163","214974","357","â€šÃ³Ã¨","67","dotpositionleft","singlestim","164","215383","c","left","correct","1","","1","trialend","singlestim","165","216396"
"8803","Subject221","1","tabletable","1","table","positionright","validityvalid","test","2","neutral","singlestim","167","218400","338","â€šÃ³Ã¨","77","dotpositionright","singlestim","168","218791","m","right","correct","1","","1","trialend","singlestim","169","219805"
"9100","Subject221","1","horsehorse","1","horse","positionleft","validityinvalid","test","2","neutral","singlestim","171","221809","314","â€šÃ³Ã¨","77","dotpositionright","singlestim","172","222176","m","right","correct","1","","1","trialend","singlestim","173","223187"
"9397","Subject221","1","deathdeath","1","death","positionright","validityvalid","test","2","suicide","singlestim","175","225191","423","â€šÃ³Ã¨","77","dotpositionright","singlestim","176","225666","m","right","correct","1","","1","trialend","singlestim","177","226680"
"9694","Subject221","1","patheticpathetic","1","pathetic","positionleft","validityvalid","test","1","negative","singlestim","179","228685","429","â€šÃ³Ã¨","67","dotpositionleft","singlestim","180","229167","c","left","correct","1","","1","trialend","singlestim","181","230181"
"9991","Subject221","1","suffocationsuffocation","1","suffocation","positionleft","validityinvalid","test","1","suicide","singlestim","183","232188","503","â€šÃ³Ã¨","77","dotpositionright","singlestim","184","232744","m","right","correct","1","","1","trialend","singlestim","185","233930"
"10288","Subject221","1","gunshotgunshot","1","gunshot","positionright","validityvalid","test","1","suicide","singlestim","187","235934","354","â€šÃ³Ã¨","77","dotpositionright","singlestim","188","236340","m","right","correct","1","","1","trialend","singlestim","189","237354"
"10585","Subject221","1","imageimage","1","image","positionleft","validityvalid","test","1","neutral","singlestim","191","239357","368","â€šÃ³Ã¨","67","dotpositionleft","singlestim","192","239778","c","left","correct","1","","1","trialend","singlestim","193","240790"
"10882","Subject221","1","foldedfolded","1","folded","positionleft","validityvalid","test","1","neutral","singlestim","195","242795","381","â€šÃ³Ã¨","67","dotpositionleft","singlestim","196","243230","c","left","correct","1","","1","trialend","singlestim","197","244269"
"11179","Subject221","1","statuestatue","1","statue","positionright","validityinvalid","test","1","neutral","singlestim","199","246278","413","â€šÃ³Ã¨","67","dotpositionleft","singlestim","200","246744","c","left","correct","1","","1","trialend","singlestim","201","247758"
"11476","Subject221","1","attractionattraction","1","attraction","positionright","validityvalid","test","1","positive","singlestim","203","249762","345","â€šÃ³Ã¨","77","dotpositionright","singlestim","204","250160","m","right","correct","1","","1","trialend","singlestim","205","251173"
"11773","Subject221","1","cheesecheese","1","cheese","positionright","validityvalid","test","1","neutral","singlestim","207","253179","466","â€šÃ³Ã¨","77","dotpositionright","singlestim","208","253729","m","right","correct","1","","1","trialend","singlestim","209","254743"
"12070","Subject221","1","cryingcrying","1","crying","positionright","validityvalid","test","1","negative","singlestim","211","256748","650","â€šÃ³Ã¨","77","dotpositionright","singlestim","212","257451","m","right","correct","1","","1","trialend","singlestim","213","258465"
"12367","Subject221","1","healthyhealthy","1","healthy","positionleft","validityinvalid","test","1","positive","singlestim","215","260468","369","â€šÃ³Ã¨","77","dotpositionright","singlestim","216","260889","m","right","correct","1","","1","trialend","singlestim","217","261902"
"12664","Subject221","1","bloodblood","1","blood","positionleft","validityvalid","test","1","suicide","singlestim","219","263906","481","â€šÃ³Ã¨","67","dotpositionleft","singlestim","220","264440","c","left","correct","1","","1","trialend","singlestim","221","265452"
"12961","Subject221","1","paradiseparadise","1","paradise","positionleft","validityvalid","test","1","positive","singlestim","223","267457","311","â€šÃ³Ã¨","67","dotpositionleft","singlestim","224","267820","c","left","correct","1","","1","trialend","singlestim","225","268833"
"13258","Subject221","1","vomitvomit","1","vomit","positionleft","validityvalid","test","1","negative","singlestim","227","270836","335","â€šÃ³Ã¨","67","dotpositionleft","singlestim","228","271222","c","left","correct","1","","1","trialend","singlestim","229","272236"
"13555","Subject221","1","greatgreat","1","great","positionright","validityvalid","test","1","positive","singlestim","231","274240","368","â€šÃ³Ã¨","77","dotpositionright","singlestim","232","274660","m","right","correct","1","","1","trialend","singlestim","233","275674"
"13852","Subject221","1","funeralfuneral","1","funeral","positionright","validityvalid","test","1","suicide","singlestim","235","277679","418","â€šÃ³Ã¨","77","dotpositionright","singlestim","236","278149","m","right","correct","1","","1","trialend","singlestim","237","279162"
"14149","Subject221","1","hatehate","1","hate","positionright","validityinvalid","test","1","negative","singlestim","239","281167","353","â€šÃ³Ã¨","67","dotpositionleft","singlestim","240","281572","c","left","correct","1","","1","trialend","singlestim","241","282586"
"14446","Subject221","1","touretoure","1","toure","positionleft","validityvalid","test","3","negative","singlestim","243","284597","1113","â€šÃ³Ã¨","67","dotpositionleft","singlestim","244","285762","c","left","correct","1","","1","trialend","singlestim","245","286776"
"14743","Subject221","1","deaddead","1","dead","positionleft","validityinvalid","test","3","suicide","singlestim","247","288781","304","â€šÃ³Ã¨","77","dotpositionright","singlestim","248","289136","m","right","correct","1","","1","trialend","singlestim","249","290151"
"15040","Subject221","1","diedie","1","die","positionright","validityvalid","test","3","suicide","singlestim","251","292155","373","â€šÃ³Ã¨","77","dotpositionright","singlestim","252","292580","m","right","correct","1","","1","trialend","singlestim","253","293594"
"15337","Subject221","1","rejectedrejected","1","rejected","positionright","validityvalid","test","3","negative","singlestim","255","295598","387","â€šÃ³Ã¨","77","dotpositionright","singlestim","256","296037","m","right","correct","1","","1","trialend","singlestim","257","297049"
"15634","Subject221","1","bombbomb","1","bomb","positionright","validityvalid","test","3","negative","singlestim","259","299053","340","â€šÃ³Ã¨","77","dotpositionright","singlestim","260","299443","m","right","correct","1","","1","trialend","singlestim","261","300457"
"15931","Subject221","1","closetcloset","1","closet","positionright","validityinvalid","test","3","neutral","singlestim","263","302461","340","â€šÃ³Ã¨","67","dotpositionleft","singlestim","264","302853","c","left","correct","1","","1","trialend","singlestim","265","303864"
"16228","Subject221","496","dyingdying","67","dying","positionleft","validityvalid","test","3","suicide","singlestim","267","305866","345","â€šÃ³Ã¨","67","dotpositionleft","singlestim","268","306263","c","left","correct","1","","1","trialend","singlestim","269","307275"
"16525","Subject221","1","happyhappy","1","happy","positionright","validityvalid","test","3","positive","singlestim","271","309280","538","â€šÃ³Ã¨","77","dotpositionright","singlestim","272","309871","m","right","correct","1","","1","trialend","singlestim","273","310982"
"16822","Subject221","1","metermeter","1","meter","positionleft","validityvalid","test","3","neutral","singlestim","275","312987","337","â€šÃ³Ã¨","67","dotpositionleft","singlestim","276","313376","c","left","correct","1","","1","trialend","singlestim","277","314388"
"17119","Subject221","1","museummuseum","1","museum","positionleft","validityvalid","test","3","neutral","singlestim","279","316393","412","â€šÃ³Ã¨","67","dotpositionleft","singlestim","280","316857","c","left","correct","1","","1","trialend","singlestim","281","317870"
"17416","Subject221","1","greengreen","1","green","positionright","validityvalid","test","3","neutral","singlestim","283","319875","494","â€šÃ³Ã¨","77","dotpositionright","singlestim","284","320420","m","right","correct","1","","1","trialend","singlestim","285","321433"
"17713","Subject221","1","strongstrong","1","strong","positionleft","validityvalid","test","3","positive","singlestim","287","323438","289","â€šÃ³Ã¨","67","dotpositionleft","singlestim","288","323779","c","left","correct","1","","1","trialend","singlestim","289","324792"
"18010","Subject221","1","cuttingcutting","1","cutting","positionright","validityvalid","test","3","suicide","singlestim","291","326797","314","â€šÃ³Ã¨","77","dotpositionright","singlestim","292","327162","m","right","correct","1","","1","trialend","singlestim","293","328175"
"18307","Subject221","1","kisskiss","1","kiss","positionright","validityinvalid","test","3","positive","singlestim","295","330180","285","â€šÃ³Ã¨","67","dotpositionleft","singlestim","296","330517","c","left","correct","1","","1","trialend","singlestim","297","331530"
"18604","Subject221","1","assaultassault","1","assault","positionleft","validityinvalid","test","3","negative","singlestim","299","333535","354","â€šÃ³Ã¨","77","dotpositionright","singlestim","300","333941","m","right","correct","1","","1","trialend","singlestim","301","334954"
"18901","Subject221","1","smilesmile","1","smile","positionleft","validityvalid","test","3","positive","singlestim","303","336960","282","â€šÃ³Ã¨","67","dotpositionleft","singlestim","304","337292","c","left","correct","1","","1","trialend","singlestim","305","338306"
