"","SubjectID","rt","stimulus","keypress","word","wordposition","validity","block","blocknum","wordtype","trialtype","trialindex","timeelapsed","rt.1","stimulus.1","keypress.1","dotposition","trialtype.1","trialindex.1","timeelapsed.1","keypressed","participantresponse","correctresponse","rt.2","stimulus.2","keypress.2","blocktrial","trialtype.2","trialindex.2","timeelapsed.2"
"283","Subject318","1","greengreen","1","green","positionright","validityvalid","test","3","neutral","singlestim","51","96701","577","â€šÃ³Ã¨","77","dotpositionright","singlestim","52","97328","m","right","correct","1","","1","trialend","singlestim","53","98340"
"580","Subject318","1","strongstrong","1","strong","positionleft","validityvalid","test","3","positive","singlestim","55","100354","330","â€šÃ³Ã¨","67","dotpositionleft","singlestim","56","100736","c","left","correct","1","","1","trialend","singlestim","57","101750"
"877","Subject318","1","cuttingcutting","1","cutting","positionright","validityvalid","test","3","suicide","singlestim","59","103753","380","â€šÃ³Ã¨","77","dotpositionright","singlestim","60","104184","m","right","correct","1","","1","trialend","singlestim","61","105209"
"1174","Subject318","1","dyingdying","1","dying","positionleft","validityvalid","test","3","suicide","singlestim","63","107219","339","â€šÃ³Ã¨","67","dotpositionleft","singlestim","64","107608","c","left","correct","1","","1","trialend","singlestim","65","108627"
"1471","Subject318","1","museummuseum","1","museum","positionleft","validityvalid","test","3","neutral","singlestim","67","110638","327","â€šÃ³Ã¨","67","dotpositionleft","singlestim","68","111016","c","left","correct","1","","1","trialend","singlestim","69","112038"
"1768","Subject318","1","smilesmile","1","smile","positionleft","validityvalid","test","3","positive","singlestim","71","114055","279","â€šÃ³Ã¨","67","dotpositionleft","singlestim","72","114385","c","left","correct","1","","1","trialend","singlestim","73","115405"
"2065","Subject318","1","touretoure","1","toure","positionleft","validityvalid","test","3","negative","singlestim","75","117408","358","â€šÃ³Ã¨","67","dotpositionleft","singlestim","76","117817","c","left","correct","1","","1","trialend","singlestim","77","118837"
"2362","Subject318","1","metermeter","1","meter","positionleft","validityvalid","test","3","neutral","singlestim","79","120843","330","â€šÃ³Ã¨","67","dotpositionleft","singlestim","80","121224","c","left","correct","1","","1","trialend","singlestim","81","122247"
"2659","Subject318","1","rejectedrejected","1","rejected","positionright","validityvalid","test","3","negative","singlestim","83","124262","351","â€šÃ³Ã¨","77","dotpositionright","singlestim","84","124664","m","right","correct","1","","1","trialend","singlestim","85","125683"
"2956","Subject318","1","deaddead","1","dead","positionleft","validityinvalid","test","3","suicide","singlestim","87","127691","337","â€šÃ³Ã¨","77","dotpositionright","singlestim","88","128080","m","right","correct","1","","1","trialend","singlestim","89","129100"
"3253","Subject318","1","kisskiss","1","kiss","positionright","validityinvalid","test","3","positive","singlestim","91","131117","287","â€šÃ³Ã¨","67","dotpositionleft","singlestim","92","131455","c","left","correct","1","","1","trialend","singlestim","93","132480"
"3550","Subject318","1","assaultassault","1","assault","positionleft","validityinvalid","test","3","negative","singlestim","95","134489","292","â€šÃ³Ã¨","77","dotpositionright","singlestim","96","134832","m","right","correct","1","","1","trialend","singlestim","97","135852"
"3847","Subject318","1","diedie","1","die","positionright","validityvalid","test","3","suicide","singlestim","99","137871","326","â€šÃ³Ã¨","77","dotpositionright","singlestim","100","138248","m","right","correct","1","","1","trialend","singlestim","101","139264"
"4144","Subject318","1","happyhappy","1","happy","positionright","validityvalid","test","3","positive","singlestim","103","141275","355","â€šÃ³Ã¨","77","dotpositionright","singlestim","104","141680","m","right","correct","1","","1","trialend","singlestim","105","142703"
"4441","Subject318","1","closetcloset","1","closet","positionright","validityinvalid","test","3","neutral","singlestim","107","144723","306","â€šÃ³Ã¨","67","dotpositionleft","singlestim","108","145080","c","left","correct","1","","1","trialend","singlestim","109","146106"
"4738","Subject318","1","bombbomb","1","bomb","positionright","validityvalid","test","3","negative","singlestim","111","148121","347","â€šÃ³Ã¨","77","dotpositionright","singlestim","112","148519","m","right","correct","1","","1","trialend","singlestim","113","149539"
"5035","Subject318","1","wohlesswohless","1","wohless","positionright","validityvalid","test","4","negative","singlestim","115","151543","303","â€šÃ³Ã¨","77","dotpositionright","singlestim","116","151896","m","right","correct","1","","1","trialend","singlestim","117","152914"
"5332","Subject318","1","alonealone","1","alone","positionleft","validityvalid","test","4","negative","singlestim","119","154917","216","â€šÃ³Ã¨","67","dotpositionleft","singlestim","120","155183","c","left","correct","1","","1","trialend","singlestim","121","156202"
"5629","Subject318","1","structurestructure","1","structure","positionright","validityvalid","test","4","neutral","singlestim","123","158211","353","â€šÃ³Ã¨","77","dotpositionright","singlestim","124","158616","m","right","correct","1","","1","trialend","singlestim","125","159635"
"5926","Subject318","1","passionatepassionate","1","passionate","positionleft","validityinvalid","test","4","positive","singlestim","127","161647","285","â€šÃ³Ã¨","77","dotpositionright","singlestim","128","161983","m","right","correct","1","","1","trialend","singlestim","129","163018"
"6223","Subject318","1","hanginghanging","1","hanging","positionleft","validityvalid","test","4","suicide","singlestim","131","165036","396","â€šÃ³Ã¨","67","dotpositionleft","singlestim","132","165482","c","left","correct","1","","1","trialend","singlestim","133","166503"
"6520","Subject318","1","successsuccess","1","success","positionleft","validityvalid","test","4","positive","singlestim","135","168512","293","â€šÃ³Ã¨","67","dotpositionleft","singlestim","136","168858","c","left","correct","1","","1","trialend","singlestim","137","169876"
"6817","Subject318","1","killingkilling","1","killing","positionleft","validityvalid","test","4","suicide","singlestim","139","171884","258","â€šÃ³Ã¨","67","dotpositionleft","singlestim","140","172194","c","left","correct","1","","1","trialend","singlestim","141","173214"
"7114","Subject318","1","stupidstupid","1","stupid","positionleft","validityvalid","test","4","negative","singlestim","143","175228","268","â€šÃ³Ã¨","67","dotpositionleft","singlestim","144","175546","c","left","correct","1","","1","trialend","singlestim","145","176566"
"7411","Subject318","1","doubledouble","1","double","positionright","validityvalid","test","4","neutral","singlestim","147","178576","245","â€šÃ³Ã¨","77","dotpositionright","singlestim","148","178874","m","right","correct","1","","1","trialend","singlestim","149","179889"
"7708","Subject318","1","ashamedashamed","1","ashamed","positionright","validityinvalid","test","4","negative","singlestim","151","181899","235","â€šÃ³Ã¨","77","dotpositionleft","singlestim","152","182185","m","right","incorrect","31","","67","trialend","singlestim","153","183208"
"8005","Subject318","1","laughlaugh","1","laugh","positionright","validityvalid","test","4","positive","singlestim","155","185219","283","â€šÃ³Ã¨","77","dotpositionright","singlestim","156","185554","m","right","correct","1","","1","trialend","singlestim","157","186580"
"8302","Subject318","1","suicidesuicide","1","suicide","positionright","validityinvalid","test","4","suicide","singlestim","159","188597","330","â€šÃ³Ã¨","67","dotpositionleft","singlestim","160","188978","c","left","correct","1","","1","trialend","singlestim","161","190003"
"8599","Subject318","1","deceaseddeceased","1","deceased","positionright","validityvalid","test","4","suicide","singlestim","163","192010","294","â€šÃ³Ã¨","77","dotpositionright","singlestim","164","192354","m","right","correct","1","","1","trialend","singlestim","165","193365"
"8896","Subject318","1","engineengine","1","engine","positionleft","validityvalid","test","4","neutral","singlestim","167","195370","252","â€šÃ³Ã¨","67","dotpositionleft","singlestim","168","195673","c","left","correct","1","","1","trialend","singlestim","169","196694"
"9193","Subject318","1","frameframe","1","frame","positionleft","validityinvalid","test","4","neutral","singlestim","171","198699","275","â€šÃ³Ã¨","77","dotpositionright","singlestim","172","199025","m","right","correct","1","","1","trialend","singlestim","173","200043"
"9490","Subject318","1","ecstaticecstatic","1","ecstatic","positionright","validityvalid","test","4","positive","singlestim","175","202047","207","â€šÃ³Ã¨","77","dotpositionright","singlestim","176","202306","m","right","correct","1","","1","trialend","singlestim","177","203324"
"9787","Subject318","1","attractionattraction","1","attraction","positionright","validityvalid","test","1","positive","singlestim","179","205330","316","â€šÃ³Ã¨","77","dotpositionright","singlestim","180","205697","m","right","correct","1","","1","trialend","singlestim","181","206713"
"10084","Subject318","1","cryingcrying","1","crying","positionright","validityvalid","test","1","negative","singlestim","183","208724","298","â€šÃ³Ã¨","77","dotpositionright","singlestim","184","209074","m","right","correct","1","","1","trialend","singlestim","185","210089"
"10381","Subject318","1","imageimage","1","image","positionleft","validityvalid","test","1","neutral","singlestim","187","212096","269","â€šÃ³Ã¨","67","dotpositionleft","singlestim","188","212417","c","left","correct","1","","1","trialend","singlestim","189","213429"
"10678","Subject318","1","paradiseparadise","1","paradise","positionleft","validityvalid","test","1","positive","singlestim","191","215434","307","â€šÃ³Ã¨","67","dotpositionleft","singlestim","192","215792","c","left","correct","1","","1","trialend","singlestim","193","216812"
"10975","Subject318","313","greatgreat","77","great","positionright","validityvalid","test","1","positive","singlestim","195","218818","292","â€šÃ³Ã¨","77","dotpositionright","singlestim","196","219161","m","right","correct","1","","1","trialend","singlestim","197","220186"
"11272","Subject318","1","funeralfuneral","1","funeral","positionright","validityvalid","test","1","suicide","singlestim","199","222188","354","â€šÃ³Ã¨","77","dotpositionright","singlestim","200","222592","m","right","correct","1","","1","trialend","singlestim","201","223620"
"11569","Subject318","1","bloodblood","1","blood","positionleft","validityvalid","test","1","suicide","singlestim","203","225631","255","â€šÃ³Ã¨","67","dotpositionleft","singlestim","204","225937","c","left","correct","1","","1","trialend","singlestim","205","226954"
"11866","Subject318","1","suffocationsuffocation","1","suffocation","positionleft","validityinvalid","test","1","suicide","singlestim","207","228970","316","â€šÃ³Ã¨","77","dotpositionright","singlestim","208","229338","m","right","correct","1","","1","trialend","singlestim","209","230354"
"12163","Subject318","1","gunshotgunshot","1","gunshot","positionright","validityvalid","test","1","suicide","singlestim","211","232363","347","â€šÃ³Ã¨","77","dotpositionright","singlestim","212","232761","m","right","correct","1","","1","trialend","singlestim","213","233784"
"12460","Subject318","1","foldedfolded","1","folded","positionleft","validityvalid","test","1","neutral","singlestim","215","235794","460","â€šÃ³Ã¨","67","dotpositionleft","singlestim","216","236305","c","left","correct","1","","1","trialend","singlestim","217","237324"
"12757","Subject318","1","cheesecheese","1","cheese","positionright","validityvalid","test","1","neutral","singlestim","219","239329","357","â€šÃ³Ã¨","77","dotpositionright","singlestim","220","239737","m","right","correct","1","","1","trialend","singlestim","221","240762"
"13054","Subject318","1","hatehate","1","hate","positionright","validityinvalid","test","1","negative","singlestim","223","242771","347","â€šÃ³Ã¨","67","dotpositionleft","singlestim","224","243169","c","left","correct","1","","1","trialend","singlestim","225","244189"
"13351","Subject318","1","vomitvomit","1","vomit","positionleft","validityvalid","test","1","negative","singlestim","227","246195","402","â€šÃ³Ã¨","67","dotpositionleft","singlestim","228","246649","c","left","correct","1","","1","trialend","singlestim","229","247670"
"13648","Subject318","1","patheticpathetic","1","pathetic","positionleft","validityvalid","test","1","negative","singlestim","231","249675","363","â€šÃ³Ã¨","67","dotpositionleft","singlestim","232","250089","c","left","correct","1","","1","trialend","singlestim","233","251112"
"13945","Subject318","1","statuestatue","1","statue","positionright","validityinvalid","test","1","neutral","singlestim","235","253125","345","â€šÃ³Ã¨","67","dotpositionleft","singlestim","236","253521","c","left","correct","1","","1","trialend","singlestim","237","254541"
"14242","Subject318","1","healthyhealthy","1","healthy","positionleft","validityinvalid","test","1","positive","singlestim","239","256550","288","â€šÃ³Ã¨","77","dotpositionright","singlestim","240","256889","m","right","correct","1","","1","trialend","singlestim","241","257908"
"14539","Subject318","1","abuseabuse","1","abuse","positionright","validityvalid","test","2","negative","singlestim","243","259913","333","â€šÃ³Ã¨","77","dotpositionright","singlestim","244","260297","m","right","correct","1","","1","trialend","singlestim","245","261312"
"14836","Subject318","1","noosenoose","1","noose","positionleft","validityvalid","test","2","suicide","singlestim","247","263318","303","â€šÃ³Ã¨","67","dotpositionleft","singlestim","248","263673","c","left","correct","1","","1","trialend","singlestim","249","264689"
"15133","Subject318","1","failurefailure","1","failure","positionleft","validityvalid","test","2","negative","singlestim","251","266700","273","â€šÃ³Ã¨","67","dotpositionleft","singlestim","252","267025","c","left","correct","1","","1","trialend","singlestim","253","268054"
"15430","Subject318","1","braverybravery","1","bravery","positionleft","validityvalid","test","2","positive","singlestim","255","270059","418","â€šÃ³Ã¨","67","dotpositionleft","singlestim","256","270529","c","left","correct","1","","1","trialend","singlestim","257","271547"
"15727","Subject318","1","cruelcruel","1","cruel","positionright","validityvalid","test","2","negative","singlestim","259","273551","278","â€šÃ³Ã¨","77","dotpositionright","singlestim","260","273880","m","right","correct","1","","1","trialend","singlestim","261","274898"
"16024","Subject318","1","horsehorse","1","horse","positionleft","validityinvalid","test","2","neutral","singlestim","263","276910","343","â€šÃ³Ã¨","77","dotpositionright","singlestim","264","277305","m","right","correct","1","","1","trialend","singlestim","265","278322"
"16321","Subject318","1","pleasurepleasure","1","pleasure","positionleft","validityvalid","test","2","positive","singlestim","267","280327","335","â€šÃ³Ã¨","67","dotpositionleft","singlestim","268","280713","c","left","correct","1","","1","trialend","singlestim","269","281724"
"16618","Subject318","1","enthusiasmenthusiasm","1","enthusiasm","positionright","validityvalid","test","2","positive","singlestim","271","283712","268","â€šÃ³Ã¨","77","dotpositionright","singlestim","272","284031","m","right","correct","1","","1","trialend","singlestim","273","285056"
"16915","Subject318","1","foamfoam","1","foam","positionright","validityvalid","test","2","neutral","singlestim","275","287071","348","â€šÃ³Ã¨","77","dotpositionright","singlestim","276","287472","m","right","correct","1","","1","trialend","singlestim","277","288491"
"17212","Subject318","1","paperpaper","1","paper","positionleft","validityvalid","test","2","neutral","singlestim","279","290508","336","â€šÃ³Ã¨","67","dotpositionleft","singlestim","280","290895","c","left","correct","1","","1","trialend","singlestim","281","291917"
"17509","Subject318","1","overdoseoverdose","1","overdose","positionright","validityinvalid","test","2","suicide","singlestim","283","293925","343","â€šÃ³Ã¨","67","dotpositionleft","singlestim","284","294319","c","left","correct","1","","1","trialend","singlestim","285","295344"
"17806","Subject318","1","deathdeath","1","death","positionright","validityvalid","test","2","suicide","singlestim","287","297351","325","â€šÃ³Ã¨","77","dotpositionright","singlestim","288","297727","m","right","correct","1","","1","trialend","singlestim","289","298748"
"18103","Subject318","1","lovelove","1","love","positionright","validityinvalid","test","2","positive","singlestim","291","300758","310","â€šÃ³Ã¨","67","dotpositionleft","singlestim","292","301119","c","left","correct","1","","1","trialend","singlestim","293","302141"
"18400","Subject318","1","tabletable","1","table","positionright","validityvalid","test","2","neutral","singlestim","295","304150","334","â€šÃ³Ã¨","77","dotpositionright","singlestim","296","304535","m","right","correct","1","","1","trialend","singlestim","297","305553"
"18697","Subject318","1","filthyfilthy","1","filthy","positionleft","validityinvalid","test","2","negative","singlestim","299","307558","446","â€šÃ³Ã¨","77","dotpositionright","singlestim","300","308055","m","right","correct","1","","1","trialend","singlestim","301","309068"
"18994","Subject318","1","corpsecorpse","1","corpse","positionleft","validityvalid","test","2","suicide","singlestim","303","311074","402","â€šÃ³Ã¨","67","dotpositionleft","singlestim","304","311527","c","left","correct","1","","1","trialend","singlestim","305","312543"
