"","SubjectID","rt","stimulus","keypress","word","wordposition","validity","block","blocknum","wordtype","trialtype","trialindex","timeelapsed","rt.1","stimulus.1","keypress.1","dotposition","trialtype.1","trialindex.1","timeelapsed.1","keypressed","participantresponse","correctresponse","rt.2","stimulus.2","keypress.2","blocktrial","trialtype.2","trialindex.2","timeelapsed.2"
"160","Subject188","1","assaultassault","1","assault","positionleft","validityinvalid","test","3","negative","singlestim","51","98888","326","â€šÃ³Ã¨","77","dotpositionright","singlestim","52","99275","m","right","correct","1","","1","trialend","singlestim","53","100311"
"457","Subject188","1","bombbomb","1","bomb","positionright","validityvalid","test","3","negative","singlestim","55","102307","323","â€šÃ³Ã¨","77","dotpositionright","singlestim","56","102685","m","right","correct","1","","1","trialend","singlestim","57","103705"
"754","Subject188","1","diedie","1","die","positionright","validityvalid","test","3","suicide","singlestim","59","105708","373","â€šÃ³Ã¨","77","dotpositionright","singlestim","60","106135","m","right","correct","1","","1","trialend","singlestim","61","107178"
"1051","Subject188","1","metermeter","1","meter","positionleft","validityvalid","test","3","neutral","singlestim","63","109176","389","â€šÃ³Ã¨","67","dotpositionleft","singlestim","64","109619","c","left","correct","1","","1","trialend","singlestim","65","110631"
"1348","Subject188","1","strongstrong","1","strong","positionleft","validityvalid","test","3","positive","singlestim","67","112647","326","â€šÃ³Ã¨","67","dotpositionleft","singlestim","68","113036","c","left","correct","1","","1","trialend","singlestim","69","114061"
"1645","Subject188","1","rejectedrejected","1","rejected","positionright","validityvalid","test","3","negative","singlestim","71","116061","394","â€šÃ³Ã¨","77","dotpositionright","singlestim","72","116520","m","right","correct","1","","1","trialend","singlestim","73","117543"
"1942","Subject188","1","greengreen","1","green","positionright","validityvalid","test","3","neutral","singlestim","75","119543","384","â€šÃ³Ã¨","77","dotpositionright","singlestim","76","119992","m","right","correct","1","","1","trialend","singlestim","77","121031"
"2239","Subject188","1","deaddead","1","dead","positionleft","validityinvalid","test","3","suicide","singlestim","79","123029","317","â€šÃ³Ã¨","77","dotpositionright","singlestim","80","123409","m","right","correct","1","","1","trialend","singlestim","81","124427"
"2536","Subject188","1","smilesmile","1","smile","positionleft","validityvalid","test","3","positive","singlestim","83","126441","416","â€šÃ³Ã¨","67","dotpositionleft","singlestim","84","126920","c","left","correct","1","","1","trialend","singlestim","85","127943"
"2833","Subject188","1","cuttingcutting","1","cutting","positionright","validityvalid","test","3","suicide","singlestim","87","129959","502","â€šÃ³Ã¨","77","dotpositionright","singlestim","88","130522","m","right","correct","1","","1","trialend","singlestim","89","131542"
"3130","Subject188","1","museummuseum","1","museum","positionleft","validityvalid","test","3","neutral","singlestim","91","133558","358","â€šÃ³Ã¨","67","dotpositionleft","singlestim","92","133977","c","left","correct","1","","1","trialend","singlestim","93","134988"
"3427","Subject188","1","closetcloset","1","closet","positionright","validityinvalid","test","3","neutral","singlestim","95","136988","345","â€šÃ³Ã¨","67","dotpositionleft","singlestim","96","137398","c","left","correct","1","","1","trialend","singlestim","97","138425"
"3724","Subject188","1","happyhappy","1","happy","positionright","validityvalid","test","3","positive","singlestim","99","140425","375","â€šÃ³Ã¨","77","dotpositionright","singlestim","100","140859","m","right","correct","1","","1","trialend","singlestim","101","141911"
"4021","Subject188","1","touretoure","1","toure","positionleft","validityvalid","test","3","negative","singlestim","103","143889","388","â€šÃ³Ã¨","67","dotpositionleft","singlestim","104","144337","c","left","correct","1","","1","trialend","singlestim","105","145373"
"4318","Subject188","1","dyingdying","1","dying","positionleft","validityvalid","test","3","suicide","singlestim","107","147359","450","â€šÃ³Ã¨","67","dotpositionleft","singlestim","108","147866","c","left","correct","1","","1","trialend","singlestim","109","148891"
"4615","Subject188","1","kisskiss","1","kiss","positionright","validityinvalid","test","3","positive","singlestim","111","150911","391","â€šÃ³Ã¨","67","dotpositionleft","singlestim","112","151354","c","left","correct","1","","1","trialend","singlestim","113","152389"
"4912","Subject188","1","paradiseparadise","1","paradise","positionleft","validityvalid","test","1","positive","singlestim","115","154375","353","â€šÃ³Ã¨","67","dotpositionleft","singlestim","116","154784","c","left","correct","1","","1","trialend","singlestim","117","155812"
"5209","Subject188","1","hatehate","1","hate","positionright","validityinvalid","test","1","negative","singlestim","119","157812","387","â€šÃ³Ã¨","67","dotpositionleft","singlestim","120","158264","c","left","correct","1","","1","trialend","singlestim","121","159314"
"5506","Subject188","1","funeralfuneral","1","funeral","positionright","validityvalid","test","1","suicide","singlestim","123","161316","385","â€šÃ³Ã¨","77","dotpositionright","singlestim","124","161764","m","right","correct","1","","1","trialend","singlestim","125","162814"
"5803","Subject188","1","cheesecheese","1","cheese","positionright","validityvalid","test","1","neutral","singlestim","127","164803","473","â€šÃ³Ã¨","77","dotpositionright","singlestim","128","165330","m","right","correct","1","","1","trialend","singlestim","129","166366"
"6100","Subject188","1","statuestatue","1","statue","positionright","validityinvalid","test","1","neutral","singlestim","131","168350","352","â€šÃ³Ã¨","67","dotpositionleft","singlestim","132","168760","c","left","correct","1","","1","trialend","singlestim","133","169798"
"6397","Subject188","1","healthyhealthy","1","healthy","positionleft","validityinvalid","test","1","positive","singlestim","135","171782","491","â€šÃ³Ã¨","77","dotpositionright","singlestim","136","172332","m","right","correct","1","","1","trialend","singlestim","137","173368"
"6694","Subject188","1","foldedfolded","1","folded","positionleft","validityvalid","test","1","neutral","singlestim","139","175368","414","â€šÃ³Ã¨","67","dotpositionleft","singlestim","140","175834","c","left","correct","1","","1","trialend","singlestim","141","176868"
"6991","Subject188","1","patheticpathetic","1","pathetic","positionleft","validityvalid","test","1","negative","singlestim","143","178868","451","â€šÃ³Ã¨","67","dotpositionleft","singlestim","144","179371","c","left","correct","1","","1","trialend","singlestim","145","180402"
"7288","Subject188","1","vomitvomit","1","vomit","positionleft","validityvalid","test","1","negative","singlestim","147","182402","441","â€šÃ³Ã¨","67","dotpositionleft","singlestim","148","182895","c","left","correct","1","","1","trialend","singlestim","149","183920"
"7585","Subject188","1","attractionattraction","1","attraction","positionright","validityvalid","test","1","positive","singlestim","151","185922","427","â€šÃ³Ã¨","77","dotpositionright","singlestim","152","186411","m","right","correct","1","","1","trialend","singlestim","153","187443"
"7882","Subject188","1","imageimage","1","image","positionleft","validityvalid","test","1","neutral","singlestim","155","189443","436","â€šÃ³Ã¨","67","dotpositionleft","singlestim","156","189938","c","left","correct","1","","1","trialend","singlestim","157","190975"
"8179","Subject188","1","suffocationsuffocation","1","suffocation","positionleft","validityinvalid","test","1","suicide","singlestim","159","192959","437","â€šÃ³Ã¨","77","dotpositionright","singlestim","160","193452","m","right","correct","1","","1","trialend","singlestim","161","194477"
"8476","Subject188","1","gunshotgunshot","1","gunshot","positionright","validityvalid","test","1","suicide","singlestim","163","196477","353","â€šÃ³Ã¨","77","dotpositionright","singlestim","164","196884","m","right","correct","1","","1","trialend","singlestim","165","197909"
"8773","Subject188","1","bloodblood","1","blood","positionleft","validityvalid","test","1","suicide","singlestim","167","199925","299","â€šÃ³Ã¨","67","dotpositionleft","singlestim","168","200280","c","left","correct","1","","1","trialend","singlestim","169","201311"
"9070","Subject188","1","cryingcrying","1","crying","positionright","validityvalid","test","1","negative","singlestim","171","203311","542","â€šÃ³Ã¨","77","dotpositionright","singlestim","172","203907","m","right","correct","1","","1","trialend","singlestim","173","204945"
"9367","Subject188","1","greatgreat","1","great","positionright","validityvalid","test","1","positive","singlestim","175","206947","547","â€šÃ³Ã¨","77","dotpositionright","singlestim","176","207558","m","right","correct","1","","1","trialend","singlestim","177","208592"
"9664","Subject188","1","corpsecorpse","1","corpse","positionleft","validityvalid","test","2","suicide","singlestim","179","210592","348","â€šÃ³Ã¨","67","dotpositionleft","singlestim","180","210990","c","left","correct","1","","1","trialend","singlestim","181","212024"
"9961","Subject188","1","pleasurepleasure","1","pleasure","positionleft","validityvalid","test","2","positive","singlestim","183","214009","468","â€šÃ³Ã¨","67","dotpositionleft","singlestim","184","214542","c","left","correct","1","","1","trialend","singlestim","185","215563"
"10258","Subject188","1","deathdeath","1","death","positionright","validityvalid","test","2","suicide","singlestim","187","217578","402","â€šÃ³Ã¨","77","dotpositionright","singlestim","188","218042","m","right","correct","1","","1","trialend","singlestim","189","219076"
"10555","Subject188","1","noosenoose","1","noose","positionleft","validityvalid","test","2","suicide","singlestim","191","221083","326","â€šÃ³Ã¨","67","dotpositionleft","singlestim","192","221468","c","left","correct","1","","1","trialend","singlestim","193","222499"
"10852","Subject188","1","horsehorse","1","horse","positionleft","validityinvalid","test","2","neutral","singlestim","195","224484","443","â€šÃ³Ã¨","77","dotpositionright","singlestim","196","224981","m","right","correct","1","","1","trialend","singlestim","197","226015"
"11149","Subject188","1","filthyfilthy","1","filthy","positionleft","validityinvalid","test","2","negative","singlestim","199","227999","317","â€šÃ³Ã¨","77","dotpositionright","singlestim","200","228371","m","right","correct","1","","1","trialend","singlestim","201","229400"
"11446","Subject188","1","foamfoam","1","foam","positionright","validityvalid","test","2","neutral","singlestim","203","231413","366","â€šÃ³Ã¨","77","dotpositionright","singlestim","204","231834","m","right","correct","1","","1","trialend","singlestim","205","232866"
"11743","Subject188","1","lovelove","1","love","positionright","validityinvalid","test","2","positive","singlestim","207","234866","299","â€šÃ³Ã¨","67","dotpositionleft","singlestim","208","235217","c","left","correct","1","","1","trialend","singlestim","209","236250"
"12040","Subject188","1","abuseabuse","1","abuse","positionright","validityvalid","test","2","negative","singlestim","211","238250","310","â€šÃ³Ã¨","77","dotpositionright","singlestim","212","238610","m","right","correct","1","","1","trialend","singlestim","213","239635"
"12337","Subject188","1","overdoseoverdose","1","overdose","positionright","validityinvalid","test","2","suicide","singlestim","215","241635","346","â€šÃ³Ã¨","67","dotpositionleft","singlestim","216","242045","c","left","correct","1","","1","trialend","singlestim","217","243074"
"12634","Subject188","1","failurefailure","1","failure","positionleft","validityvalid","test","2","negative","singlestim","219","245074","328","â€šÃ³Ã¨","67","dotpositionleft","singlestim","220","245459","c","left","correct","1","","1","trialend","singlestim","221","246488"
"12931","Subject188","1","enthusiasmenthusiasm","1","enthusiasm","positionright","validityvalid","test","2","positive","singlestim","223","248497","305","â€šÃ³Ã¨","77","dotpositionright","singlestim","224","248852","m","right","correct","1","","1","trialend","singlestim","225","249897"
"13228","Subject188","1","tabletable","1","table","positionright","validityvalid","test","2","neutral","singlestim","227","251895","355","â€šÃ³Ã¨","77","dotpositionright","singlestim","228","252300","m","right","correct","1","","1","trialend","singlestim","229","253345"
"13525","Subject188","1","paperpaper","1","paper","positionleft","validityvalid","test","2","neutral","singlestim","231","255345","299","â€šÃ³Ã¨","67","dotpositionleft","singlestim","232","255696","c","left","correct","1","","1","trialend","singlestim","233","256712"
"13822","Subject188","1","braverybravery","1","bravery","positionleft","validityvalid","test","2","positive","singlestim","235","258726","373","â€šÃ³Ã¨","67","dotpositionleft","singlestim","236","259151","c","left","correct","1","","1","trialend","singlestim","237","260174"
"14119","Subject188","1","cruelcruel","1","cruel","positionright","validityvalid","test","2","negative","singlestim","239","262196","333","â€šÃ³Ã¨","77","dotpositionright","singlestim","240","262594","m","right","correct","1","","1","trialend","singlestim","241","263624"
"14416","Subject188","1","engineengine","1","engine","positionleft","validityvalid","test","4","neutral","singlestim","243","265624","373","â€šÃ³Ã¨","67","dotpositionleft","singlestim","244","266047","c","left","correct","1","","1","trialend","singlestim","245","267092"
"14713","Subject188","1","passionatepassionate","1","passionate","positionleft","validityinvalid","test","4","positive","singlestim","247","269092","330","â€šÃ³Ã¨","77","dotpositionright","singlestim","248","269488","m","right","correct","1","","1","trialend","singlestim","249","270509"
"15010","Subject188","1","frameframe","1","frame","positionleft","validityinvalid","test","4","neutral","singlestim","251","272509","330","â€šÃ³Ã¨","77","dotpositionright","singlestim","252","272902","m","right","correct","1","","1","trialend","singlestim","253","273925"
"15307","Subject188","1","laughlaugh","1","laugh","positionright","validityvalid","test","4","positive","singlestim","255","275940","391","â€šÃ³Ã¨","77","dotpositionright","singlestim","256","276395","m","right","correct","1","","1","trialend","singlestim","257","277425"
"15604","Subject188","1","hanginghanging","1","hanging","positionleft","validityvalid","test","4","suicide","singlestim","259","279425","312","â€šÃ³Ã¨","67","dotpositionleft","singlestim","260","279800","c","left","correct","1","","1","trialend","singlestim","261","280825"
"15901","Subject188","1","alonealone","1","alone","positionleft","validityvalid","test","4","negative","singlestim","263","282825","367","â€šÃ³Ã¨","67","dotpositionleft","singlestim","264","283255","c","left","correct","1","","1","trialend","singlestim","265","284273"
"16198","Subject188","1","successsuccess","1","success","positionleft","validityvalid","test","4","positive","singlestim","267","286273","437","â€šÃ³Ã¨","67","dotpositionleft","singlestim","268","286773","c","left","correct","1","","1","trialend","singlestim","269","287812"
"16495","Subject188","1","ecstaticecstatic","1","ecstatic","positionright","validityvalid","test","4","positive","singlestim","271","289796","281","â€šÃ³Ã¨","77","dotpositionright","singlestim","272","290131","m","right","correct","1","","1","trialend","singlestim","273","291160"
"16792","Subject188","1","ashamedashamed","1","ashamed","positionright","validityinvalid","test","4","negative","singlestim","275","293160","290","â€šÃ³Ã¨","67","dotpositionleft","singlestim","276","293504","c","left","correct","1","","1","trialend","singlestim","277","294529"
"17089","Subject188","1","doubledouble","1","double","positionright","validityvalid","test","4","neutral","singlestim","279","296531","385","â€šÃ³Ã¨","77","dotpositionright","singlestim","280","296966","m","right","correct","1","","1","trialend","singlestim","281","297999"
"17386","Subject188","1","killingkilling","1","killing","positionleft","validityvalid","test","4","suicide","singlestim","283","300000","274","â€šÃ³Ã¨","67","dotpositionleft","singlestim","284","300337","c","left","correct","1","","1","trialend","singlestim","285","301364"
"17683","Subject188","1","stupidstupid","1","stupid","positionleft","validityvalid","test","4","negative","singlestim","287","303366","462","â€šÃ³Ã¨","67","dotpositionleft","singlestim","288","303889","c","left","correct","1","","1","trialend","singlestim","289","304922"
"17980","Subject188","1","structurestructure","1","structure","positionright","validityvalid","test","4","neutral","singlestim","291","306922","468","â€šÃ³Ã¨","77","dotpositionright","singlestim","292","307447","m","right","correct","1","","1","trialend","singlestim","293","308484"
"18277","Subject188","1","deceaseddeceased","1","deceased","positionright","validityvalid","test","4","suicide","singlestim","295","310470","419","â€šÃ³Ã¨","77","dotpositionright","singlestim","296","310947","m","right","correct","1","","1","trialend","singlestim","297","311986"
"18574","Subject188","1","suicidesuicide","1","suicide","positionright","validityinvalid","test","4","suicide","singlestim","299","313968","292","â€šÃ³Ã¨","67","dotpositionleft","singlestim","300","314316","c","left","correct","1","","1","trialend","singlestim","301","315355"
"18871","Subject188","1","wohlesswohless","1","wohless","positionright","validityvalid","test","4","negative","singlestim","303","317339","405","â€šÃ³Ã¨","77","dotpositionright","singlestim","304","317796","m","right","correct","1","","1","trialend","singlestim","305","318807"
