"","SubjectID","rt","stimulus","keypress","word","wordposition","validity","block","blocknum","wordtype","trialtype","trialindex","timeelapsed","rt.1","stimulus.1","keypress.1","dotposition","trialtype.1","trialindex.1","timeelapsed.1","keypressed","participantresponse","correctresponse","rt.2","stimulus.2","keypress.2","blocktrial","trialtype.2","trialindex.2","timeelapsed.2"
"81","Subject86","1","healthyhealthy","1","healthy","positionleft","validityinvalid","test","1","positive","singlestim","51","59640","335","â€šÃ³Ã¨","77","dotpositionright","singlestim","52","60026","m","right","correct","1","","1","trialend","singlestim","53","61038"
"378","Subject86","1","gunshotgunshot","1","gunshot","positionright","validityvalid","test","1","suicide","singlestim","55","63042","314","â€šÃ³Ã¨","77","dotpositionright","singlestim","56","63408","m","right","correct","1","","1","trialend","singlestim","57","64418"
"675","Subject86","1","cryingcrying","1","crying","positionright","validityvalid","test","1","negative","singlestim","59","66422","326","â€šÃ³Ã¨","77","dotpositionright","singlestim","60","66798","m","right","correct","1","","1","trialend","singlestim","61","67808"
"972","Subject86","1","paradiseparadise","1","paradise","positionleft","validityvalid","test","1","positive","singlestim","63","69811","306","â€šÃ³Ã¨","67","dotpositionleft","singlestim","64","70168","c","left","correct","1","","1","trialend","singlestim","65","71181"
"1269","Subject86","1","patheticpathetic","1","pathetic","positionleft","validityvalid","test","1","negative","singlestim","67","73183","308","â€šÃ³Ã¨","67","dotpositionleft","singlestim","68","73542","c","left","correct","1","","1","trialend","singlestim","69","74556"
"1566","Subject86","1","cheesecheese","1","cheese","positionright","validityvalid","test","1","neutral","singlestim","71","76564","519","â€šÃ³Ã¨","77","dotpositionright","singlestim","72","77135","m","right","correct","1","","1","trialend","singlestim","73","78146"
"1863","Subject86","1","funeralfuneral","1","funeral","positionright","validityvalid","test","1","suicide","singlestim","75","80149","340","â€šÃ³Ã¨","77","dotpositionright","singlestim","76","80539","m","right","correct","1","","1","trialend","singlestim","77","81552"
"2160","Subject86","1","hatehate","1","hate","positionright","validityinvalid","test","1","negative","singlestim","79","83557","301","â€šÃ³Ã¨","67","dotpositionleft","singlestim","80","83909","c","left","correct","1","","1","trialend","singlestim","81","84920"
"2457","Subject86","1","vomitvomit","1","vomit","positionleft","validityvalid","test","1","negative","singlestim","83","86923","278","â€šÃ³Ã¨","67","dotpositionleft","singlestim","84","87252","c","left","correct","1","","1","trialend","singlestim","85","88264"
"2754","Subject86","1","foldedfolded","1","folded","positionleft","validityvalid","test","1","neutral","singlestim","87","90267","267","â€šÃ³Ã¨","67","dotpositionleft","singlestim","88","90585","c","left","correct","1","","1","trialend","singlestim","89","91596"
"3051","Subject86","1","imageimage","1","image","positionleft","validityvalid","test","1","neutral","singlestim","91","93599","350","â€šÃ³Ã¨","67","dotpositionleft","singlestim","92","94000","c","left","correct","1","","1","trialend","singlestim","93","95010"
"3348","Subject86","1","greatgreat","1","great","positionright","validityvalid","test","1","positive","singlestim","95","97014","349","â€šÃ³Ã¨","77","dotpositionright","singlestim","96","97414","m","right","correct","1","","1","trialend","singlestim","97","98424"
"3645","Subject86","1","bloodblood","1","blood","positionleft","validityvalid","test","1","suicide","singlestim","99","100427","285","â€šÃ³Ã¨","67","dotpositionleft","singlestim","100","100762","c","left","correct","1","","1","trialend","singlestim","101","101773"
"3942","Subject86","1","attractionattraction","1","attraction","positionright","validityvalid","test","1","positive","singlestim","103","103775","353","â€šÃ³Ã¨","77","dotpositionright","singlestim","104","104181","m","right","correct","1","","1","trialend","singlestim","105","105193"
"4239","Subject86","1","suffocationsuffocation","1","suffocation","positionleft","validityinvalid","test","1","suicide","singlestim","107","107197","522","â€šÃ³Ã¨","77","dotpositionright","singlestim","108","107769","m","right","correct","1","","1","trialend","singlestim","109","108781"
"4536","Subject86","1","statuestatue","1","statue","positionright","validityinvalid","test","1","neutral","singlestim","111","110786","248","â€šÃ³Ã¨","67","dotpositionleft","singlestim","112","111086","c","left","correct","1","","1","trialend","singlestim","113","112097"
"4833","Subject86","1","enthusiasmenthusiasm","1","enthusiasm","positionright","validityvalid","test","2","positive","singlestim","115","114100","509","â€šÃ³Ã¨","77","dotpositionright","singlestim","116","114663","m","right","correct","1","","1","trialend","singlestim","117","115674"
"5130","Subject86","1","paperpaper","1","paper","positionleft","validityvalid","test","2","neutral","singlestim","119","117677","331","â€šÃ³Ã¨","67","dotpositionleft","singlestim","120","118059","c","left","correct","1","","1","trialend","singlestim","121","119071"
"5427","Subject86","1","noosenoose","1","noose","positionleft","validityvalid","test","2","suicide","singlestim","123","121076","279","â€šÃ³Ã¨","67","dotpositionleft","singlestim","124","121405","c","left","correct","1","","1","trialend","singlestim","125","122417"
"5724","Subject86","1","corpsecorpse","1","corpse","positionleft","validityvalid","test","2","suicide","singlestim","127","124420","293","â€šÃ³Ã¨","67","dotpositionleft","singlestim","128","124763","c","left","correct","1","","1","trialend","singlestim","129","125775"
"6021","Subject86","1","failurefailure","1","failure","positionleft","validityvalid","test","2","negative","singlestim","131","127776","274","â€šÃ³Ã¨","67","dotpositionleft","singlestim","132","128103","c","left","correct","1","","1","trialend","singlestim","133","129116"
"6318","Subject86","1","cruelcruel","1","cruel","positionright","validityvalid","test","2","negative","singlestim","135","131116","342","â€šÃ³Ã¨","77","dotpositionright","singlestim","136","131511","m","right","correct","1","","1","trialend","singlestim","137","132524"
"6615","Subject86","1","overdoseoverdose","1","overdose","positionright","validityinvalid","test","2","suicide","singlestim","139","134528","263","â€šÃ³Ã¨","67","dotpositionleft","singlestim","140","134841","c","left","correct","1","","1","trialend","singlestim","141","135854"
"6912","Subject86","1","pleasurepleasure","1","pleasure","positionleft","validityvalid","test","2","positive","singlestim","143","137858","299","â€šÃ³Ã¨","67","dotpositionleft","singlestim","144","138207","c","left","correct","1","","1","trialend","singlestim","145","139219"
"7209","Subject86","1","lovelove","1","love","positionright","validityinvalid","test","2","positive","singlestim","147","141223","287","â€šÃ³Ã¨","67","dotpositionleft","singlestim","148","141562","c","left","correct","1","","1","trialend","singlestim","149","142572"
"7506","Subject86","1","deathdeath","1","death","positionright","validityvalid","test","2","suicide","singlestim","151","144575","290","â€šÃ³Ã¨","77","dotpositionright","singlestim","152","144916","m","right","correct","1","","1","trialend","singlestim","153","145927"
"7803","Subject86","1","horsehorse","1","horse","positionleft","validityinvalid","test","2","neutral","singlestim","155","147930","353","â€šÃ³Ã¨","77","dotpositionright","singlestim","156","148334","m","right","correct","1","","1","trialend","singlestim","157","149346"
"8100","Subject86","1","abuseabuse","1","abuse","positionright","validityvalid","test","2","negative","singlestim","159","151349","557","â€šÃ³Ã¨","77","dotpositionright","singlestim","160","151958","m","right","correct","1","","1","trialend","singlestim","161","152970"
"8397","Subject86","1","filthyfilthy","1","filthy","positionleft","validityinvalid","test","2","negative","singlestim","163","154973","331","â€šÃ³Ã¨","77","dotpositionright","singlestim","164","155356","m","right","correct","1","","1","trialend","singlestim","165","156369"
"8694","Subject86","1","foamfoam","1","foam","positionright","validityvalid","test","2","neutral","singlestim","167","158374","382","â€šÃ³Ã¨","77","dotpositionright","singlestim","168","158806","m","right","correct","1","","1","trialend","singlestim","169","159819"
"8991","Subject86","1","tabletable","1","table","positionright","validityvalid","test","2","neutral","singlestim","171","161826","535","â€šÃ³Ã¨","77","dotpositionright","singlestim","172","162412","m","right","correct","1","","1","trialend","singlestim","173","163424"
"9288","Subject86","1","braverybravery","1","bravery","positionleft","validityvalid","test","2","positive","singlestim","175","165431","281","â€šÃ³Ã¨","67","dotpositionleft","singlestim","176","165762","c","left","correct","1","","1","trialend","singlestim","177","166772"
"9585","Subject86","1","suicidesuicide","1","suicide","positionright","validityinvalid","test","4","suicide","singlestim","179","168782","335","â€šÃ³Ã¨","67","dotpositionleft","singlestim","180","169168","c","left","correct","1","","1","trialend","singlestim","181","170178"
"9882","Subject86","1","hanginghanging","1","hanging","positionleft","validityvalid","test","4","suicide","singlestim","183","172183","404","â€šÃ³Ã¨","67","dotpositionleft","singlestim","184","172639","c","left","correct","1","","1","trialend","singlestim","185","173651"
"10179","Subject86","1","wohlesswohless","1","wohless","positionright","validityvalid","test","4","negative","singlestim","187","175654","324","â€šÃ³Ã¨","77","dotpositionright","singlestim","188","176029","m","right","correct","1","","1","trialend","singlestim","189","177040"
"10476","Subject86","1","passionatepassionate","1","passionate","positionleft","validityinvalid","test","4","positive","singlestim","191","179043","389","â€šÃ³Ã¨","77","dotpositionright","singlestim","192","179484","m","right","correct","1","","1","trialend","singlestim","193","180497"
"10773","Subject86","1","deceaseddeceased","1","deceased","positionright","validityvalid","test","4","suicide","singlestim","195","182501","32","â€šÃ³Ã¨","67","dotpositionright","singlestim","196","182584","c","left","incorrect","1","","1","trialend","singlestim","197","183595"
"11070","Subject86","1","successsuccess","1","success","positionleft","validityvalid","test","4","positive","singlestim","199","185605","433","â€šÃ³Ã¨","67","dotpositionleft","singlestim","200","186088","c","left","correct","1","","1","trialend","singlestim","201","187100"
"11367","Subject86","1","structurestructure","1","structure","positionright","validityvalid","test","4","neutral","singlestim","203","189104","404","â€šÃ³Ã¨","77","dotpositionright","singlestim","204","189559","m","right","correct","1","","1","trialend","singlestim","205","190570"
"11664","Subject86","1","alonealone","1","alone","positionleft","validityvalid","test","4","negative","singlestim","207","192573","459","â€šÃ³Ã¨","67","dotpositionleft","singlestim","208","193084","c","left","correct","1","","1","trialend","singlestim","209","194094"
"11961","Subject86","1","ashamedashamed","1","ashamed","positionright","validityinvalid","test","4","negative","singlestim","211","196099","318","â€šÃ³Ã¨","67","dotpositionleft","singlestim","212","196468","c","left","correct","1","","1","trialend","singlestim","213","197479"
"12258","Subject86","1","frameframe","1","frame","positionleft","validityinvalid","test","4","neutral","singlestim","215","199484","332","â€šÃ³Ã¨","77","dotpositionright","singlestim","216","199867","m","right","correct","1","","1","trialend","singlestim","217","200881"
"12555","Subject86","1","doubledouble","1","double","positionright","validityvalid","test","4","neutral","singlestim","219","202884","333","â€šÃ³Ã¨","77","dotpositionright","singlestim","220","203269","m","right","correct","1","","1","trialend","singlestim","221","204280"
"12852","Subject86","1","stupidstupid","1","stupid","positionleft","validityvalid","test","4","negative","singlestim","223","206283","463","â€šÃ³Ã¨","67","dotpositionleft","singlestim","224","206796","c","left","correct","1","","1","trialend","singlestim","225","207808"
"13149","Subject86","1","ecstaticecstatic","1","ecstatic","positionright","validityvalid","test","4","positive","singlestim","227","209813","286","â€šÃ³Ã¨","77","dotpositionright","singlestim","228","210151","m","right","correct","1","","1","trialend","singlestim","229","211163"
"13446","Subject86","1","laughlaugh","1","laugh","positionright","validityvalid","test","4","positive","singlestim","231","213167","349","â€šÃ³Ã¨","77","dotpositionright","singlestim","232","213567","m","right","correct","1","","1","trialend","singlestim","233","214579"
"13743","Subject86","1","killingkilling","1","killing","positionleft","validityvalid","test","4","suicide","singlestim","235","216584","276","â€šÃ³Ã¨","67","dotpositionleft","singlestim","236","216913","c","left","correct","1","","1","trialend","singlestim","237","217926"
"14040","Subject86","1","engineengine","1","engine","positionleft","validityvalid","test","4","neutral","singlestim","239","219929","432","â€šÃ³Ã¨","67","dotpositionleft","singlestim","240","220413","c","left","correct","1","","1","trialend","singlestim","241","221424"
"14337","Subject86","1","dyingdying","1","dying","positionleft","validityvalid","test","3","suicide","singlestim","243","223434","298","â€šÃ³Ã¨","67","dotpositionleft","singlestim","244","223783","c","left","correct","1","","1","trialend","singlestim","245","224794"
"14634","Subject86","1","kisskiss","1","kiss","positionright","validityinvalid","test","3","positive","singlestim","247","226799","319","â€šÃ³Ã¨","67","dotpositionleft","singlestim","248","227171","c","left","correct","1","","1","trialend","singlestim","249","228182"
"14931","Subject86","1","rejectedrejected","1","rejected","positionright","validityvalid","test","3","negative","singlestim","251","230189","312","â€šÃ³Ã¨","77","dotpositionright","singlestim","252","230551","m","right","correct","1","","1","trialend","singlestim","253","231564"
"15228","Subject86","1","museummuseum","1","museum","positionleft","validityvalid","test","3","neutral","singlestim","255","233567","319","â€šÃ³Ã¨","67","dotpositionleft","singlestim","256","233938","c","left","correct","1","","1","trialend","singlestim","257","234949"
"15525","Subject86","1","cuttingcutting","1","cutting","positionright","validityvalid","test","3","suicide","singlestim","259","236952","341","â€šÃ³Ã¨","77","dotpositionright","singlestim","260","237345","m","right","correct","1","","1","trialend","singlestim","261","238356"
"15822","Subject86","1","closetcloset","1","closet","positionright","validityinvalid","test","3","neutral","singlestim","263","240360","311","â€šÃ³Ã¨","67","dotpositionleft","singlestim","264","240722","c","left","correct","1","","1","trialend","singlestim","265","241734"
"16119","Subject86","1","metermeter","1","meter","positionleft","validityvalid","test","3","neutral","singlestim","267","243737","435","â€šÃ³Ã¨","67","dotpositionleft","singlestim","268","244223","c","left","correct","1","","1","trialend","singlestim","269","245234"
"16416","Subject86","1","strongstrong","1","strong","positionleft","validityvalid","test","3","positive","singlestim","271","247240","380","â€šÃ³Ã¨","67","dotpositionleft","singlestim","272","247670","c","left","correct","1","","1","trialend","singlestim","273","248682"
"16713","Subject86","1","happyhappy","1","happy","positionright","validityvalid","test","3","positive","singlestim","275","250684","353","â€šÃ³Ã¨","77","dotpositionright","singlestim","276","251087","m","right","correct","1","","1","trialend","singlestim","277","252097"
"17010","Subject86","1","bombbomb","1","bomb","positionright","validityvalid","test","3","negative","singlestim","279","254102","318","â€šÃ³Ã¨","77","dotpositionright","singlestim","280","254472","m","right","correct","1","","1","trialend","singlestim","281","255483"
"17307","Subject86","1","diedie","1","die","positionright","validityvalid","test","3","suicide","singlestim","283","257487","331","â€šÃ³Ã¨","77","dotpositionright","singlestim","284","257868","m","right","correct","1","","1","trialend","singlestim","285","258881"
"17604","Subject86","1","greengreen","1","green","positionright","validityvalid","test","3","neutral","singlestim","287","260886","334","â€šÃ³Ã¨","77","dotpositionright","singlestim","288","261270","m","right","correct","1","","1","trialend","singlestim","289","262282"
"17901","Subject86","1","touretoure","1","toure","positionleft","validityvalid","test","3","negative","singlestim","291","264286","342","â€šÃ³Ã¨","67","dotpositionleft","singlestim","292","264678","c","left","correct","1","","1","trialend","singlestim","293","265688"
"18198","Subject86","1","smilesmile","1","smile","positionleft","validityvalid","test","3","positive","singlestim","295","267692","329","â€šÃ³Ã¨","67","dotpositionleft","singlestim","296","268072","c","left","correct","1","","1","trialend","singlestim","297","269082"
"18495","Subject86","1","assaultassault","1","assault","positionleft","validityinvalid","test","3","negative","singlestim","299","271086","367","â€šÃ³Ã¨","77","dotpositionright","singlestim","300","271503","m","right","correct","1","","1","trialend","singlestim","301","272513"
"18792","Subject86","1","deaddead","1","dead","positionleft","validityinvalid","test","3","suicide","singlestim","303","274516","390","â€šÃ³Ã¨","77","dotpositionright","singlestim","304","274959","m","right","correct","1","","1","trialend","singlestim","305","275969"
