"","SubjectID","rt","stimulus","keypress","word","wordposition","validity","block","blocknum","wordtype","trialtype","trialindex","timeelapsed","rt.1","stimulus.1","keypress.1","dotposition","trialtype.1","trialindex.1","timeelapsed.1","keypressed","participantresponse","correctresponse","rt.2","stimulus.2","keypress.2","blocktrial","trialtype.2","trialindex.2","timeelapsed.2"
"20","Subject21","1","assaultassault","1","assault","positionleft","validityinvalid","test","3","negative","singlestim","51","70706","383","â€šÃ³Ã¨","77","dotpositionright","singlestim","52","71143","m","right","correct","1","","1","trialend","singlestim","53","72161"
"317","Subject21","1","museummuseum","1","museum","positionleft","validityvalid","test","3","neutral","singlestim","55","74167","426","â€šÃ³Ã¨","67","dotpositionleft","singlestim","56","74647","c","left","correct","1","","1","trialend","singlestim","57","75661"
"614","Subject21","1","cuttingcutting","1","cutting","positionright","validityvalid","test","3","suicide","singlestim","59","77666","472","â€šÃ³Ã¨","77","dotpositionright","singlestim","60","78189","m","right","correct","1","","1","trialend","singlestim","61","79203"
"911","Subject21","1","happyhappy","1","happy","positionright","validityvalid","test","3","positive","singlestim","63","81210","348","â€šÃ³Ã¨","77","dotpositionright","singlestim","64","81611","m","right","correct","1","","1","trialend","singlestim","65","82623"
"1208","Subject21","1","strongstrong","1","strong","positionleft","validityvalid","test","3","positive","singlestim","67","84626","442","â€šÃ³Ã¨","67","dotpositionleft","singlestim","68","85121","c","left","correct","1","","1","trialend","singlestim","69","86134"
"1505","Subject21","1","metermeter","1","meter","positionleft","validityvalid","test","3","neutral","singlestim","71","88141","330","â€šÃ³Ã¨","67","dotpositionleft","singlestim","72","88526","c","left","correct","1","","1","trialend","singlestim","73","89542"
"1802","Subject21","1","kisskiss","1","kiss","positionright","validityinvalid","test","3","positive","singlestim","75","91547","328","â€šÃ³Ã¨","67","dotpositionleft","singlestim","76","91929","c","left","correct","1","","1","trialend","singlestim","77","92942"
"2099","Subject21","1","rejectedrejected","1","rejected","positionright","validityvalid","test","3","negative","singlestim","79","94948","331","â€šÃ³Ã¨","77","dotpositionright","singlestim","80","95330","m","right","correct","1","","1","trialend","singlestim","81","96346"
"2396","Subject21","1","smilesmile","1","smile","positionleft","validityvalid","test","3","positive","singlestim","83","98351","383","â€šÃ³Ã¨","67","dotpositionleft","singlestim","84","98786","c","left","correct","1","","1","trialend","singlestim","85","99798"
"2693","Subject21","1","greengreen","1","green","positionright","validityvalid","test","3","neutral","singlestim","87","101805","329","â€šÃ³Ã¨","77","dotpositionright","singlestim","88","102188","m","right","correct","1","","1","trialend","singlestim","89","103201"
"2990","Subject21","1","diedie","1","die","positionright","validityvalid","test","3","suicide","singlestim","91","105209","328","â€šÃ³Ã¨","77","dotpositionright","singlestim","92","105590","m","right","correct","1","","1","trialend","singlestim","93","106605"
"3287","Subject21","1","dyingdying","1","dying","positionleft","validityvalid","test","3","suicide","singlestim","95","108613","371","â€šÃ³Ã¨","67","dotpositionleft","singlestim","96","109036","c","left","correct","1","","1","trialend","singlestim","97","110053"
"3584","Subject21","1","deaddead","1","dead","positionleft","validityinvalid","test","3","suicide","singlestim","99","112059","267","â€šÃ³Ã¨","77","dotpositionright","singlestim","100","112380","m","right","correct","1","","1","trialend","singlestim","101","113396"
"3881","Subject21","1","bombbomb","1","bomb","positionright","validityvalid","test","3","negative","singlestim","103","115403","798","â€šÃ³Ã¨","77","dotpositionright","singlestim","104","116253","m","right","correct","1","","1","trialend","singlestim","105","117270"
"4178","Subject21","1","closetcloset","1","closet","positionright","validityinvalid","test","3","neutral","singlestim","107","119275","294","â€šÃ³Ã¨","67","dotpositionleft","singlestim","108","119621","c","left","correct","1","","1","trialend","singlestim","109","120637"
"4475","Subject21","1","touretoure","1","toure","positionleft","validityvalid","test","3","negative","singlestim","111","122642","341","â€šÃ³Ã¨","67","dotpositionleft","singlestim","112","123035","c","left","correct","1","","1","trialend","singlestim","113","124051"
"4772","Subject21","1","deathdeath","1","death","positionright","validityvalid","test","2","suicide","singlestim","115","126059","327","â€šÃ³Ã¨","77","dotpositionright","singlestim","116","126441","m","right","correct","1","","1","trialend","singlestim","117","127459"
"5069","Subject21","1","braverybravery","1","bravery","positionleft","validityvalid","test","2","positive","singlestim","119","129467","319","â€šÃ³Ã¨","67","dotpositionleft","singlestim","120","129840","c","left","correct","1","","1","trialend","singlestim","121","130855"
"5366","Subject21","1","noosenoose","1","noose","positionleft","validityvalid","test","2","suicide","singlestim","123","132859","382","â€šÃ³Ã¨","67","dotpositionleft","singlestim","124","133293","c","left","correct","1","","1","trialend","singlestim","125","134311"
"5663","Subject21","1","corpsecorpse","1","corpse","positionleft","validityvalid","test","2","suicide","singlestim","127","136318","536","â€šÃ³Ã¨","67","dotpositionleft","singlestim","128","136906","c","left","correct","1","","1","trialend","singlestim","129","137923"
"5960","Subject21","1","overdoseoverdose","1","overdose","positionright","validityinvalid","test","2","suicide","singlestim","131","139929","333","â€šÃ³Ã¨","67","dotpositionleft","singlestim","132","140315","c","left","correct","1","","1","trialend","singlestim","133","141331"
"6257","Subject21","1","filthyfilthy","1","filthy","positionleft","validityinvalid","test","2","negative","singlestim","135","143336","418","â€šÃ³Ã¨","77","dotpositionright","singlestim","136","143807","m","right","correct","1","","1","trialend","singlestim","137","144821"
"6554","Subject21","1","horsehorse","1","horse","positionleft","validityinvalid","test","2","neutral","singlestim","139","146826","403","â€šÃ³Ã¨","77","dotpositionright","singlestim","140","147281","m","right","correct","1","","1","trialend","singlestim","141","148296"
"6851","Subject21","1","paperpaper","1","paper","positionleft","validityvalid","test","2","neutral","singlestim","143","150302","322","â€šÃ³Ã¨","67","dotpositionleft","singlestim","144","150675","c","left","correct","1","","1","trialend","singlestim","145","151691"
"7148","Subject21","1","abuseabuse","1","abuse","positionright","validityvalid","test","2","negative","singlestim","147","153696","485","â€šÃ³Ã¨","77","dotpositionright","singlestim","148","154233","m","right","correct","1","","1","trialend","singlestim","149","155248"
"7445","Subject21","1","lovelove","1","love","positionright","validityinvalid","test","2","positive","singlestim","151","157256","459","â€šÃ³Ã¨","67","dotpositionleft","singlestim","152","157767","c","left","correct","1","","1","trialend","singlestim","153","158781"
"7742","Subject21","1","cruelcruel","1","cruel","positionright","validityvalid","test","2","negative","singlestim","155","160786","512","â€šÃ³Ã¨","77","dotpositionright","singlestim","156","161349","m","right","correct","1","","1","trialend","singlestim","157","162363"
"8039","Subject21","1","failurefailure","1","failure","positionleft","validityvalid","test","2","negative","singlestim","159","164367","364","â€šÃ³Ã¨","67","dotpositionleft","singlestim","160","164786","c","left","correct","1","","1","trialend","singlestim","161","165801"
"8336","Subject21","1","pleasurepleasure","1","pleasure","positionleft","validityvalid","test","2","positive","singlestim","163","167809","399","â€šÃ³Ã¨","67","dotpositionleft","singlestim","164","168259","c","left","correct","1","","1","trialend","singlestim","165","169273"
"8633","Subject21","1","tabletable","1","table","positionright","validityvalid","test","2","neutral","singlestim","167","171281","336","â€šÃ³Ã¨","77","dotpositionright","singlestim","168","171671","m","right","correct","1","","1","trialend","singlestim","169","172686"
"8930","Subject21","1","enthusiasmenthusiasm","1","enthusiasm","positionright","validityvalid","test","2","positive","singlestim","171","174696","440","â€šÃ³Ã¨","77","dotpositionright","singlestim","172","175190","m","right","correct","1","","1","trialend","singlestim","173","176203"
"9227","Subject21","1","foamfoam","1","foam","positionright","validityvalid","test","2","neutral","singlestim","175","178208","347","â€šÃ³Ã¨","77","dotpositionright","singlestim","176","178607","m","right","correct","1","","1","trialend","singlestim","177","179623"
"9524","Subject21","1","cryingcrying","1","crying","positionright","validityvalid","test","1","negative","singlestim","179","181630","505","â€šÃ³Ã¨","77","dotpositionright","singlestim","180","182187","m","right","correct","1","","1","trialend","singlestim","181","183200"
"9821","Subject21","1","greatgreat","1","great","positionright","validityvalid","test","1","positive","singlestim","183","185207","328","â€šÃ³Ã¨","77","dotpositionright","singlestim","184","185586","m","right","correct","1","","1","trialend","singlestim","185","186596"
"10118","Subject21","1","paradiseparadise","1","paradise","positionleft","validityvalid","test","1","positive","singlestim","187","188602","407","â€šÃ³Ã¨","67","dotpositionleft","singlestim","188","189062","c","left","correct","1","","1","trialend","singlestim","189","190075"
"10415","Subject21","1","gunshotgunshot","1","gunshot","positionright","validityvalid","test","1","suicide","singlestim","191","192083","296","â€šÃ³Ã¨","77","dotpositionright","singlestim","192","192433","m","right","correct","1","","1","trialend","singlestim","193","193445"
"10712","Subject21","1","attractionattraction","1","attraction","positionright","validityvalid","test","1","positive","singlestim","195","195455","632","â€šÃ³Ã¨","77","dotpositionright","singlestim","196","196139","m","right","correct","1","","1","trialend","singlestim","197","197152"
"11009","Subject21","1","suffocationsuffocation","1","suffocation","positionleft","validityinvalid","test","1","suicide","singlestim","199","199159","405","â€šÃ³Ã¨","77","dotpositionright","singlestim","200","199616","m","right","correct","1","","1","trialend","singlestim","201","200632"
"11306","Subject21","1","cheesecheese","1","cheese","positionright","validityvalid","test","1","neutral","singlestim","203","202635","410","â€šÃ³Ã¨","77","dotpositionright","singlestim","204","203096","m","right","correct","1","","1","trialend","singlestim","205","204111"
"11603","Subject21","338","funeralfuneral","77","funeral","positionright","validityvalid","test","1","suicide","singlestim","207","206116","284","â€šÃ³Ã¨","77","dotpositionright","singlestim","208","206455","m","right","correct","1","","1","trialend","singlestim","209","207467"
"11900","Subject21","1","vomitvomit","1","vomit","positionleft","validityvalid","test","1","negative","singlestim","211","209472","442","â€šÃ³Ã¨","67","dotpositionleft","singlestim","212","209967","c","left","correct","1","","1","trialend","singlestim","213","210983"
"12197","Subject21","1","healthyhealthy","1","healthy","positionleft","validityinvalid","test","1","positive","singlestim","215","212989","821","â€šÃ³Ã¨","77","dotpositionright","singlestim","216","213862","m","right","correct","1","","1","trialend","singlestim","217","214880"
"12494","Subject21","1","imageimage","1","image","positionleft","validityvalid","test","1","neutral","singlestim","219","216886","410","â€šÃ³Ã¨","67","dotpositionleft","singlestim","220","217346","c","left","correct","1","","1","trialend","singlestim","221","218360"
"12791","Subject21","1","bloodblood","1","blood","positionleft","validityvalid","test","1","suicide","singlestim","223","220367","402","â€šÃ³Ã¨","67","dotpositionleft","singlestim","224","220823","c","left","correct","1","","1","trialend","singlestim","225","221836"
"13088","Subject21","1","statuestatue","1","statue","positionright","validityinvalid","test","1","neutral","singlestim","227","223843","400","â€šÃ³Ã¨","67","dotpositionleft","singlestim","228","224295","c","left","correct","1","","1","trialend","singlestim","229","225311"
"13385","Subject21","1","hatehate","1","hate","positionright","validityinvalid","test","1","negative","singlestim","231","227320","443","â€šÃ³Ã¨","67","dotpositionleft","singlestim","232","227818","c","left","correct","1","","1","trialend","singlestim","233","228832"
"13682","Subject21","1","foldedfolded","1","folded","positionleft","validityvalid","test","1","neutral","singlestim","235","230836","418","â€šÃ³Ã¨","67","dotpositionleft","singlestim","236","231309","c","left","correct","1","","1","trialend","singlestim","237","232322"
"13979","Subject21","1","patheticpathetic","1","pathetic","positionleft","validityvalid","test","1","negative","singlestim","239","234327","430","â€šÃ³Ã¨","67","dotpositionleft","singlestim","240","234812","c","left","correct","1","","1","trialend","singlestim","241","235827"
"14276","Subject21","1","stupidstupid","1","stupid","positionleft","validityvalid","test","4","negative","singlestim","243","237832","349","â€šÃ³Ã¨","67","dotpositionleft","singlestim","244","238234","c","left","correct","1","","1","trialend","singlestim","245","239250"
"14573","Subject21","1","alonealone","1","alone","positionleft","validityvalid","test","4","negative","singlestim","247","241258","403","â€šÃ³Ã¨","67","dotpositionleft","singlestim","248","241715","c","left","correct","1","","1","trialend","singlestim","249","242731"
"14870","Subject21","1","deceaseddeceased","1","deceased","positionright","validityvalid","test","4","suicide","singlestim","251","244735","352","â€šÃ³Ã¨","77","dotpositionright","singlestim","252","245143","m","right","correct","1","","1","trialend","singlestim","253","246160"
"15167","Subject21","1","engineengine","1","engine","positionleft","validityvalid","test","4","neutral","singlestim","255","248166","362","â€šÃ³Ã¨","67","dotpositionleft","singlestim","256","248582","c","left","correct","1","","1","trialend","singlestim","257","249599"
"15464","Subject21","1","wohlesswohless","1","wohless","positionright","validityvalid","test","4","negative","singlestim","259","251606","351","â€šÃ³Ã¨","77","dotpositionright","singlestim","260","252008","m","right","correct","1","","1","trialend","singlestim","261","253023"
"15761","Subject21","1","frameframe","1","frame","positionleft","validityinvalid","test","4","neutral","singlestim","263","255030","467","â€šÃ³Ã¨","77","dotpositionright","singlestim","264","255550","m","right","correct","1","","1","trialend","singlestim","265","256566"
"16058","Subject21","1","structurestructure","1","structure","positionright","validityvalid","test","4","neutral","singlestim","267","258576","306","â€šÃ³Ã¨","77","dotpositionright","singlestim","268","258935","m","right","correct","1","","1","trialend","singlestim","269","259950"
"16355","Subject21","1","killingkilling","1","killing","positionleft","validityvalid","test","4","suicide","singlestim","271","261958","318","â€šÃ³Ã¨","67","dotpositionleft","singlestim","272","262329","c","left","correct","1","","1","trialend","singlestim","273","263344"
"16652","Subject21","1","passionatepassionate","1","passionate","positionleft","validityinvalid","test","4","positive","singlestim","275","265352","346","â€šÃ³Ã¨","77","dotpositionright","singlestim","276","265749","m","right","correct","1","","1","trialend","singlestim","277","266766"
"16949","Subject21","1","doubledouble","1","double","positionright","validityvalid","test","4","neutral","singlestim","279","268772","504","â€šÃ³Ã¨","77","dotpositionright","singlestim","280","269326","m","right","correct","1","","1","trialend","singlestim","281","270341"
"17246","Subject21","1","ashamedashamed","1","ashamed","positionright","validityinvalid","test","4","negative","singlestim","283","272349","644","â€šÃ³Ã¨","67","dotpositionleft","singlestim","284","273048","c","left","correct","1","","1","trialend","singlestim","285","274062"
"17543","Subject21","1","ecstaticecstatic","1","ecstatic","positionright","validityvalid","test","4","positive","singlestim","287","276071","295","â€šÃ³Ã¨","77","dotpositionright","singlestim","288","276421","m","right","correct","1","","1","trialend","singlestim","289","277439"
"17840","Subject21","1","hanginghanging","1","hanging","positionleft","validityvalid","test","4","suicide","singlestim","291","279444","363","â€šÃ³Ã¨","67","dotpositionleft","singlestim","292","279862","c","left","correct","1","","1","trialend","singlestim","293","280880"
"18137","Subject21","1","laughlaugh","1","laugh","positionright","validityvalid","test","4","positive","singlestim","295","282884","341","â€šÃ³Ã¨","77","dotpositionright","singlestim","296","283278","m","right","correct","1","","1","trialend","singlestim","297","284295"
"18434","Subject21","1","successsuccess","1","success","positionleft","validityvalid","test","4","positive","singlestim","299","286302","653","â€šÃ³Ã¨","67","dotpositionleft","singlestim","300","287009","c","left","correct","1","","1","trialend","singlestim","301","288028"
"18731","Subject21","1","suicidesuicide","1","suicide","positionright","validityinvalid","test","4","suicide","singlestim","303","290034","734","â€šÃ³Ã¨","67","dotpositionleft","singlestim","304","290820","c","left","correct","1","","1","trialend","singlestim","305","291837"
