"","SubjectID","rt","stimulus","keypress","word","wordposition","validity","block","blocknum","wordtype","trialtype","trialindex","timeelapsed","rt.1","stimulus.1","keypress.1","dotposition","trialtype.1","trialindex.1","timeelapsed.1","keypressed","participantresponse","correctresponse","rt.2","stimulus.2","keypress.2","blocktrial","trialtype.2","trialindex.2","timeelapsed.2"
"133","Subject140","1","overdoseoverdose","1","overdose","positionright","validityinvalid","test","2","suicide","singlestim","51","91917","371","â€šÃ³Ã¨","67","dotpositionleft","singlestim","52","92340","c","left","correct","1","","1","trialend","singlestim","53","93353"
"430","Subject140","1","lovelove","1","love","positionright","validityinvalid","test","2","positive","singlestim","55","95356","316","â€šÃ³Ã¨","67","dotpositionleft","singlestim","56","95724","c","left","correct","1","","1","trialend","singlestim","57","96738"
"727","Subject140","1","tabletable","1","table","positionright","validityvalid","test","2","neutral","singlestim","59","98741","359","â€šÃ³Ã¨","77","dotpositionright","singlestim","60","99152","m","right","correct","1","","1","trialend","singlestim","61","100165"
"1024","Subject140","1","cruelcruel","1","cruel","positionright","validityvalid","test","2","negative","singlestim","63","102168","371","â€šÃ³Ã¨","77","dotpositionright","singlestim","64","102590","m","right","correct","1","","1","trialend","singlestim","65","103603"
"1321","Subject140","1","horsehorse","1","horse","positionleft","validityinvalid","test","2","neutral","singlestim","67","105605","331","â€šÃ³Ã¨","77","dotpositionright","singlestim","68","105987","m","right","correct","1","","1","trialend","singlestim","69","106999"
"1618","Subject140","1","noosenoose","1","noose","positionleft","validityvalid","test","2","suicide","singlestim","71","109003","331","â€šÃ³Ã¨","67","dotpositionleft","singlestim","72","109385","c","left","correct","1","","1","trialend","singlestim","73","110398"
"1915","Subject140","1","paperpaper","1","paper","positionleft","validityvalid","test","2","neutral","singlestim","75","112400","349","â€šÃ³Ã¨","67","dotpositionleft","singlestim","76","112801","c","left","correct","1","","1","trialend","singlestim","77","113814"
"2212","Subject140","1","corpsecorpse","1","corpse","positionleft","validityvalid","test","2","suicide","singlestim","79","115816","325","â€šÃ³Ã¨","67","dotpositionleft","singlestim","80","116194","c","left","correct","1","","1","trialend","singlestim","81","117207"
"2509","Subject140","1","deathdeath","1","death","positionright","validityvalid","test","2","suicide","singlestim","83","119210","342","â€šÃ³Ã¨","77","dotpositionright","singlestim","84","119604","m","right","correct","1","","1","trialend","singlestim","85","120616"
"2806","Subject140","1","foamfoam","1","foam","positionright","validityvalid","test","2","neutral","singlestim","87","122621","372","â€šÃ³Ã¨","77","dotpositionright","singlestim","88","123045","m","right","correct","1","","1","trialend","singlestim","89","124059"
"3103","Subject140","1","failurefailure","1","failure","positionleft","validityvalid","test","2","negative","singlestim","91","126061","270","â€šÃ³Ã¨","67","dotpositionleft","singlestim","92","126382","c","left","correct","1","","1","trialend","singlestim","93","127394"
"3400","Subject140","1","enthusiasmenthusiasm","1","enthusiasm","positionright","validityvalid","test","2","positive","singlestim","95","129399","375","â€šÃ³Ã¨","77","dotpositionright","singlestim","96","129825","m","right","correct","1","","1","trialend","singlestim","97","130839"
"3697","Subject140","1","filthyfilthy","1","filthy","positionleft","validityinvalid","test","2","negative","singlestim","99","132843","363","â€šÃ³Ã¨","77","dotpositionright","singlestim","100","133257","m","right","correct","1","","1","trialend","singlestim","101","134269"
"3994","Subject140","1","abuseabuse","1","abuse","positionright","validityvalid","test","2","negative","singlestim","103","136272","302","â€šÃ³Ã¨","77","dotpositionright","singlestim","104","136626","m","right","correct","1","","1","trialend","singlestim","105","137641"
"4291","Subject140","1","braverybravery","1","bravery","positionleft","validityvalid","test","2","positive","singlestim","107","139643","343","â€šÃ³Ã¨","67","dotpositionleft","singlestim","108","140038","c","left","correct","1","","1","trialend","singlestim","109","141051"
"4588","Subject140","363","pleasurepleasure","67","pleasure","positionleft","validityvalid","test","2","positive","singlestim","111","143054","311","â€šÃ³Ã¨","67","dotpositionleft","singlestim","112","143416","c","left","correct","1","","1","trialend","singlestim","113","144428"
"4885","Subject140","1","hanginghanging","1","hanging","positionleft","validityvalid","test","4","suicide","singlestim","115","146432","318","â€šÃ³Ã¨","67","dotpositionleft","singlestim","116","146803","c","left","correct","1","","1","trialend","singlestim","117","147816"
"5182","Subject140","1","doubledouble","1","double","positionright","validityvalid","test","4","neutral","singlestim","119","149818","399","â€šÃ³Ã¨","77","dotpositionright","singlestim","120","150268","m","right","correct","1","","1","trialend","singlestim","121","151280"
"5479","Subject140","1","laughlaugh","1","laugh","positionright","validityvalid","test","4","positive","singlestim","123","153282","330","â€šÃ³Ã¨","77","dotpositionright","singlestim","124","153664","m","right","correct","1","","1","trialend","singlestim","125","154677"
"5776","Subject140","1","structurestructure","1","structure","positionright","validityvalid","test","4","neutral","singlestim","127","156680","305","â€šÃ³Ã¨","77","dotpositionright","singlestim","128","157038","m","right","correct","1","","1","trialend","singlestim","129","158052"
"6073","Subject140","1","successsuccess","1","success","positionleft","validityvalid","test","4","positive","singlestim","131","160055","338","â€šÃ³Ã¨","67","dotpositionleft","singlestim","132","160444","c","left","correct","1","","1","trialend","singlestim","133","161457"
"6370","Subject140","1","alonealone","1","alone","positionleft","validityvalid","test","4","negative","singlestim","135","163461","457","â€šÃ³Ã¨","67","dotpositionleft","singlestim","136","163970","c","left","correct","1","","1","trialend","singlestim","137","164982"
"6667","Subject140","1","stupidstupid","1","stupid","positionleft","validityvalid","test","4","negative","singlestim","139","166985","310","â€šÃ³Ã¨","67","dotpositionleft","singlestim","140","167347","c","left","correct","1","","1","trialend","singlestim","141","168360"
"6964","Subject140","1","engineengine","1","engine","positionleft","validityvalid","test","4","neutral","singlestim","143","170364","239","â€šÃ³Ã¨","67","dotpositionleft","singlestim","144","170654","c","left","correct","1","","1","trialend","singlestim","145","171668"
"7261","Subject140","1","deceaseddeceased","1","deceased","positionright","validityvalid","test","4","suicide","singlestim","147","173672","286","â€šÃ³Ã¨","77","dotpositionright","singlestim","148","174011","m","right","correct","1","","1","trialend","singlestim","149","175024"
"7558","Subject140","1","frameframe","1","frame","positionleft","validityinvalid","test","4","neutral","singlestim","151","177028","359","â€šÃ³Ã¨","77","dotpositionright","singlestim","152","177440","m","right","correct","1","","1","trialend","singlestim","153","178454"
"7855","Subject140","1","ashamedashamed","1","ashamed","positionright","validityinvalid","test","4","negative","singlestim","155","180458","218","â€šÃ³Ã¨","77","dotpositionleft","singlestim","156","180727","m","right","incorrect","1","","1","trialend","singlestim","157","181740"
"8152","Subject140","1","suicidesuicide","1","suicide","positionright","validityinvalid","test","4","suicide","singlestim","159","183747","332","â€šÃ³Ã¨","67","dotpositionleft","singlestim","160","184129","c","left","correct","1","","1","trialend","singlestim","161","185143"
"8449","Subject140","1","killingkilling","1","killing","positionleft","validityvalid","test","4","suicide","singlestim","163","187146","313","â€šÃ³Ã¨","67","dotpositionleft","singlestim","164","187511","c","left","correct","1","","1","trialend","singlestim","165","188525"
"8746","Subject140","1","ecstaticecstatic","1","ecstatic","positionright","validityvalid","test","4","positive","singlestim","167","190528","294","â€šÃ³Ã¨","77","dotpositionright","singlestim","168","190874","m","right","correct","1","","1","trialend","singlestim","169","191887"
"9043","Subject140","1","wohlesswohless","1","wohless","positionright","validityvalid","test","4","negative","singlestim","171","193892","227","â€šÃ³Ã¨","77","dotpositionright","singlestim","172","194171","m","right","correct","1","","1","trialend","singlestim","173","195183"
"9340","Subject140","1","passionatepassionate","1","passionate","positionleft","validityinvalid","test","4","positive","singlestim","175","197187","429","â€šÃ³Ã¨","77","dotpositionright","singlestim","176","197667","m","right","correct","1","","1","trialend","singlestim","177","198680"
"9637","Subject140","1","paradiseparadise","1","paradise","positionleft","validityvalid","test","1","positive","singlestim","179","200683","325","â€šÃ³Ã¨","67","dotpositionleft","singlestim","180","201058","c","left","correct","1","","1","trialend","singlestim","181","202069"
"9934","Subject140","1","greatgreat","1","great","positionright","validityvalid","test","1","positive","singlestim","183","204075","306","â€šÃ³Ã¨","77","dotpositionright","singlestim","184","204431","m","right","correct","1","","1","trialend","singlestim","185","205444"
"10231","Subject140","1","bloodblood","1","blood","positionleft","validityvalid","test","1","suicide","singlestim","187","207446","279","â€šÃ³Ã¨","67","dotpositionleft","singlestim","188","207776","c","left","correct","1","","1","trialend","singlestim","189","208788"
"10528","Subject140","1","attractionattraction","1","attraction","positionright","validityvalid","test","1","positive","singlestim","191","210793","285","â€šÃ³Ã¨","77","dotpositionright","singlestim","192","211129","m","right","correct","1","","1","trialend","singlestim","193","212142"
"10825","Subject140","1","foldedfolded","1","folded","positionleft","validityvalid","test","1","neutral","singlestim","195","214145","390","â€šÃ³Ã¨","67","dotpositionleft","singlestim","196","214587","c","left","correct","1","","1","trialend","singlestim","197","215600"
"11122","Subject140","1","suffocationsuffocation","1","suffocation","positionleft","validityinvalid","test","1","suicide","singlestim","199","217605","352","â€šÃ³Ã¨","77","dotpositionright","singlestim","200","218009","m","right","correct","1","","1","trialend","singlestim","201","219022"
"11419","Subject140","1","vomitvomit","1","vomit","positionleft","validityvalid","test","1","negative","singlestim","203","221026","336","â€šÃ³Ã¨","67","dotpositionleft","singlestim","204","221413","c","left","correct","1","","1","trialend","singlestim","205","222425"
"11716","Subject140","1","gunshotgunshot","1","gunshot","positionright","validityvalid","test","1","suicide","singlestim","207","224430","378","â€šÃ³Ã¨","77","dotpositionright","singlestim","208","224859","m","right","correct","1","","1","trialend","singlestim","209","225872"
"12013","Subject140","1","patheticpathetic","1","pathetic","positionleft","validityvalid","test","1","negative","singlestim","211","227875","279","â€šÃ³Ã¨","67","dotpositionleft","singlestim","212","228205","c","left","correct","1","","1","trialend","singlestim","213","229218"
"12310","Subject140","1","healthyhealthy","1","healthy","positionleft","validityinvalid","test","1","positive","singlestim","215","231221","355","â€šÃ³Ã¨","77","dotpositionright","singlestim","216","231627","m","right","correct","1","","1","trialend","singlestim","217","232640"
"12607","Subject140","1","imageimage","1","image","positionleft","validityvalid","test","1","neutral","singlestim","219","234644","373","â€šÃ³Ã¨","67","dotpositionleft","singlestim","220","235070","c","left","correct","1","","1","trialend","singlestim","221","236082"
"12904","Subject140","1","funeralfuneral","1","funeral","positionright","validityvalid","test","1","suicide","singlestim","223","238085","261","â€šÃ³Ã¨","77","dotpositionright","singlestim","224","238398","m","right","correct","1","","1","trialend","singlestim","225","239410"
"13201","Subject140","1","statuestatue","1","statue","positionright","validityinvalid","test","1","neutral","singlestim","227","241414","357","â€šÃ³Ã¨","67","dotpositionleft","singlestim","228","241822","c","left","correct","1","","1","trialend","singlestim","229","242835"
"13498","Subject140","1","cheesecheese","1","cheese","positionright","validityvalid","test","1","neutral","singlestim","231","244839","327","â€šÃ³Ã¨","77","dotpositionright","singlestim","232","245218","m","right","correct","1","","1","trialend","singlestim","233","246230"
"13795","Subject140","1","hatehate","1","hate","positionright","validityinvalid","test","1","negative","singlestim","235","248232","292","â€šÃ³Ã¨","67","dotpositionleft","singlestim","236","248576","c","left","correct","1","","1","trialend","singlestim","237","249589"
"14092","Subject140","1","cryingcrying","1","crying","positionright","validityvalid","test","1","negative","singlestim","239","251592","358","â€šÃ³Ã¨","77","dotpositionright","singlestim","240","252002","m","right","correct","1","","1","trialend","singlestim","241","253014"
"14389","Subject140","1","museummuseum","1","museum","positionleft","validityvalid","test","3","neutral","singlestim","243","255016","291","â€šÃ³Ã¨","67","dotpositionleft","singlestim","244","255359","c","left","correct","1","","1","trialend","singlestim","245","256372"
"14686","Subject140","1","bombbomb","1","bomb","positionright","validityvalid","test","3","negative","singlestim","247","258376","315","â€šÃ³Ã¨","77","dotpositionright","singlestim","248","258741","m","right","correct","1","","1","trialend","singlestim","249","259754"
"14983","Subject140","1","closetcloset","1","closet","positionright","validityinvalid","test","3","neutral","singlestim","251","261757","310","â€šÃ³Ã¨","67","dotpositionleft","singlestim","252","262119","c","left","correct","1","","1","trialend","singlestim","253","263133"
"15280","Subject140","1","kisskiss","1","kiss","positionright","validityinvalid","test","3","positive","singlestim","255","265137","340","â€šÃ³Ã¨","67","dotpositionleft","singlestim","256","265528","c","left","correct","1","","1","trialend","singlestim","257","266539"
"15577","Subject140","1","metermeter","1","meter","positionleft","validityvalid","test","3","neutral","singlestim","259","268543","285","â€šÃ³Ã¨","67","dotpositionleft","singlestim","260","268881","c","left","correct","1","","1","trialend","singlestim","261","269895"
"15874","Subject140","1","cuttingcutting","1","cutting","positionright","validityvalid","test","3","suicide","singlestim","263","271896","354","â€šÃ³Ã¨","77","dotpositionright","singlestim","264","272301","m","right","correct","1","","1","trialend","singlestim","265","273315"
"16171","Subject140","1","assaultassault","1","assault","positionleft","validityinvalid","test","3","negative","singlestim","267","275318","220","â€šÃ³Ã¨","67","dotpositionright","singlestim","268","275590","c","left","incorrect","1","","1","trialend","singlestim","269","276603"
"16468","Subject140","1","greengreen","1","green","positionright","validityvalid","test","3","neutral","singlestim","271","278606","386","â€šÃ³Ã¨","77","dotpositionright","singlestim","272","279043","m","right","correct","1","","1","trialend","singlestim","273","280055"
"16765","Subject140","1","dyingdying","1","dying","positionleft","validityvalid","test","3","suicide","singlestim","275","282059","352","â€šÃ³Ã¨","67","dotpositionleft","singlestim","276","282462","c","left","correct","1","","1","trialend","singlestim","277","283476"
"17062","Subject140","1","smilesmile","1","smile","positionleft","validityvalid","test","3","positive","singlestim","279","285480","311","â€šÃ³Ã¨","67","dotpositionleft","singlestim","280","285844","c","left","correct","1","","1","trialend","singlestim","281","286855"
"17359","Subject140","1","happyhappy","1","happy","positionright","validityvalid","test","3","positive","singlestim","283","288860","322","â€šÃ³Ã¨","77","dotpositionright","singlestim","284","289232","m","right","correct","1","","1","trialend","singlestim","285","290245"
"17656","Subject140","1","strongstrong","1","strong","positionleft","validityvalid","test","3","positive","singlestim","287","292249","346","â€šÃ³Ã¨","67","dotpositionleft","singlestim","288","292646","c","left","correct","1","","1","trialend","singlestim","289","293658"
"17953","Subject140","520","touretoure","67","toure","positionleft","validityvalid","test","3","negative","singlestim","291","295660","571","â€šÃ³Ã¨","67","dotpositionleft","singlestim","292","296284","c","left","correct","1","","1","trialend","singlestim","293","297295"
"18250","Subject140","1","diedie","1","die","positionright","validityvalid","test","3","suicide","singlestim","295","299298","253","â€šÃ³Ã¨","77","dotpositionright","singlestim","296","299602","m","right","correct","1","","1","trialend","singlestim","297","300616"
"18547","Subject140","1","rejectedrejected","1","rejected","positionright","validityvalid","test","3","negative","singlestim","299","302621","345","â€šÃ³Ã¨","77","dotpositionright","singlestim","300","303018","m","right","correct","1","","1","trialend","singlestim","301","304032"
"18844","Subject140","1","deaddead","1","dead","positionleft","validityinvalid","test","3","suicide","singlestim","303","306036","438","â€šÃ³Ã¨","77","dotpositionright","singlestim","304","306527","m","right","correct","1","","1","trialend","singlestim","305","307541"
