"","SubjectID","rt","stimulus","keypress","word","wordposition","validity","block","blocknum","wordtype","trialtype","trialindex","timeelapsed","rt.1","stimulus.1","keypress.1","dotposition","trialtype.1","trialindex.1","timeelapsed.1","keypressed","participantresponse","correctresponse","rt.2","stimulus.2","keypress.2","blocktrial","trialtype.2","trialindex.2","timeelapsed.2"
"284","Subject319","1","vomitvomit","1","vomit","positionleft","validityvalid","test","1","negative","singlestim","51","81409","380","â€šÃ³Ã¨","67","dotpositionleft","singlestim","52","81840","c","left","correct","1","","1","trialend","singlestim","53","82856"
"581","Subject319","1","suffocationsuffocation","1","suffocation","positionleft","validityinvalid","test","1","suicide","singlestim","55","84864","309","â€šÃ³Ã¨","77","dotpositionright","singlestim","56","85228","m","right","correct","1","","1","trialend","singlestim","57","86243"
"878","Subject319","1","cryingcrying","1","crying","positionright","validityvalid","test","1","negative","singlestim","59","88254","354","â€šÃ³Ã¨","77","dotpositionright","singlestim","60","88663","m","right","correct","1","","1","trialend","singlestim","61","89680"
"1175","Subject319","354","cheesecheese","77","cheese","positionright","validityvalid","test","1","neutral","singlestim","63","91692","353","â€šÃ³Ã¨","77","dotpositionright","singlestim","64","92098","m","right","correct","1","","1","trialend","singlestim","65","93115"
"1472","Subject319","407","healthyhealthy","67","healthy","positionleft","validityinvalid","test","1","positive","singlestim","67","95124","376","â€šÃ³Ã¨","77","dotpositionright","singlestim","68","95554","m","right","correct","1","","1","trialend","singlestim","69","96568"
"1769","Subject319","1","gunshotgunshot","1","gunshot","positionright","validityvalid","test","1","suicide","singlestim","71","98577","354","â€šÃ³Ã¨","77","dotpositionright","singlestim","72","98986","m","right","correct","1","","1","trialend","singlestim","73","99999"
"2066","Subject319","1","bloodblood","1","blood","positionleft","validityvalid","test","1","suicide","singlestim","75","102008","344","â€šÃ³Ã¨","67","dotpositionleft","singlestim","76","102406","c","left","correct","1","","1","trialend","singlestim","77","103423"
"2363","Subject319","1","paradiseparadise","1","paradise","positionleft","validityvalid","test","1","positive","singlestim","79","105431","290","â€šÃ³Ã¨","67","dotpositionleft","singlestim","80","105776","c","left","correct","1","","1","trialend","singlestim","81","106792"
"2660","Subject319","1","statuestatue","1","statue","positionright","validityinvalid","test","1","neutral","singlestim","83","108803","220","â€šÃ³Ã¨","67","dotpositionleft","singlestim","84","109079","c","left","correct","1","","1","trialend","singlestim","85","110095"
"2957","Subject319","1","hatehate","1","hate","positionright","validityinvalid","test","1","negative","singlestim","87","112106","266","â€šÃ³Ã¨","67","dotpositionleft","singlestim","88","112428","c","left","correct","1","","1","trialend","singlestim","89","113445"
"3254","Subject319","1","funeralfuneral","1","funeral","positionright","validityvalid","test","1","suicide","singlestim","91","115455","313","â€šÃ³Ã¨","77","dotpositionright","singlestim","92","115825","m","right","correct","1","","1","trialend","singlestim","93","116840"
"3551","Subject319","1","foldedfolded","1","folded","positionleft","validityvalid","test","1","neutral","singlestim","95","118850","341","â€šÃ³Ã¨","67","dotpositionleft","singlestim","96","119243","c","left","correct","1","","1","trialend","singlestim","97","120259"
"3848","Subject319","1","greatgreat","1","great","positionright","validityvalid","test","1","positive","singlestim","99","122269","305","â€šÃ³Ã¨","77","dotpositionright","singlestim","100","122627","m","right","correct","1","","1","trialend","singlestim","101","123642"
"4145","Subject319","1","attractionattraction","1","attraction","positionright","validityvalid","test","1","positive","singlestim","103","125650","307","â€šÃ³Ã¨","77","dotpositionright","singlestim","104","126013","m","right","correct","1","","1","trialend","singlestim","105","127028"
"4442","Subject319","1","imageimage","1","image","positionleft","validityvalid","test","1","neutral","singlestim","107","129038","327","â€šÃ³Ã¨","67","dotpositionleft","singlestim","108","129417","c","left","correct","1","","1","trialend","singlestim","109","130429"
"4739","Subject319","1","patheticpathetic","1","pathetic","positionleft","validityvalid","test","1","negative","singlestim","111","132440","351","â€šÃ³Ã¨","67","dotpositionleft","singlestim","112","132843","c","left","correct","1","","1","trialend","singlestim","113","133857"
"5036","Subject319","1","stupidstupid","1","stupid","positionleft","validityvalid","test","4","negative","singlestim","115","135866","213","â€šÃ³Ã¨","67","dotpositionleft","singlestim","116","136133","c","left","correct","1","","1","trialend","singlestim","117","137148"
"5333","Subject319","1","wohlesswohless","1","wohless","positionright","validityvalid","test","4","negative","singlestim","119","139159","292","â€šÃ³Ã¨","77","dotpositionright","singlestim","120","139503","m","right","correct","1","","1","trialend","singlestim","121","140518"
"5630","Subject319","1","ashamedashamed","1","ashamed","positionright","validityinvalid","test","4","negative","singlestim","123","142525","288","â€šÃ³Ã¨","67","dotpositionleft","singlestim","124","142869","c","left","correct","1","","1","trialend","singlestim","125","143883"
"5927","Subject319","1","suicidesuicide","1","suicide","positionright","validityinvalid","test","4","suicide","singlestim","127","145894","299","â€šÃ³Ã¨","67","dotpositionleft","singlestim","128","146245","c","left","correct","1","","1","trialend","singlestim","129","147261"
"6224","Subject319","1","ecstaticecstatic","1","ecstatic","positionright","validityvalid","test","4","positive","singlestim","131","149273","292","â€šÃ³Ã¨","77","dotpositionright","singlestim","132","149620","m","right","correct","1","","1","trialend","singlestim","133","150634"
"6521","Subject319","1","alonealone","1","alone","positionleft","validityvalid","test","4","negative","singlestim","135","152645","322","â€šÃ³Ã¨","67","dotpositionleft","singlestim","136","153022","c","left","correct","1","","1","trialend","singlestim","137","154038"
"6818","Subject319","1","frameframe","1","frame","positionleft","validityinvalid","test","4","neutral","singlestim","139","156049","303","â€šÃ³Ã¨","77","dotpositionright","singlestim","140","156406","m","right","correct","1","","1","trialend","singlestim","141","157419"
"7115","Subject319","1","successsuccess","1","success","positionleft","validityvalid","test","4","positive","singlestim","143","159429","332","â€šÃ³Ã¨","67","dotpositionleft","singlestim","144","159816","c","left","correct","1","","1","trialend","singlestim","145","160832"
"7412","Subject319","1","laughlaugh","1","laugh","positionright","validityvalid","test","4","positive","singlestim","147","162840","299","â€šÃ³Ã¨","77","dotpositionright","singlestim","148","163195","m","right","correct","1","","1","trialend","singlestim","149","164210"
"7709","Subject319","1","engineengine","1","engine","positionleft","validityvalid","test","4","neutral","singlestim","151","166221","313","â€šÃ³Ã¨","67","dotpositionleft","singlestim","152","166586","c","left","correct","1","","1","trialend","singlestim","153","167603"
"8006","Subject319","1","passionatepassionate","1","passionate","positionleft","validityinvalid","test","4","positive","singlestim","155","169614","290","â€šÃ³Ã¨","77","dotpositionright","singlestim","156","169959","m","right","correct","1","","1","trialend","singlestim","157","170974"
"8303","Subject319","1","hanginghanging","1","hanging","positionleft","validityvalid","test","4","suicide","singlestim","159","172985","300","â€šÃ³Ã¨","67","dotpositionleft","singlestim","160","173339","c","left","correct","1","","1","trialend","singlestim","161","174353"
"8600","Subject319","1","deceaseddeceased","1","deceased","positionright","validityvalid","test","4","suicide","singlestim","163","176363","311","â€šÃ³Ã¨","77","dotpositionright","singlestim","164","176728","m","right","correct","1","","1","trialend","singlestim","165","177745"
"8897","Subject319","1","killingkilling","1","killing","positionleft","validityvalid","test","4","suicide","singlestim","167","179757","268","â€šÃ³Ã¨","67","dotpositionleft","singlestim","168","180076","c","left","correct","1","","1","trialend","singlestim","169","181091"
"9194","Subject319","1","structurestructure","1","structure","positionright","validityvalid","test","4","neutral","singlestim","171","183102","300","â€šÃ³Ã¨","77","dotpositionright","singlestim","172","183454","m","right","correct","1","","1","trialend","singlestim","173","184470"
"9491","Subject319","1","doubledouble","1","double","positionright","validityvalid","test","4","neutral","singlestim","175","186480","306","â€šÃ³Ã¨","77","dotpositionright","singlestim","176","186842","m","right","correct","1","","1","trialend","singlestim","177","187860"
"9788","Subject319","1","happyhappy","1","happy","positionright","validityvalid","test","3","positive","singlestim","179","189872","290","â€šÃ³Ã¨","77","dotpositionright","singlestim","180","190213","m","right","correct","1","","1","trialend","singlestim","181","191228"
"10085","Subject319","1","metermeter","1","meter","positionleft","validityvalid","test","3","neutral","singlestim","183","193236","344","â€šÃ³Ã¨","67","dotpositionleft","singlestim","184","193633","c","left","correct","1","","1","trialend","singlestim","185","194651"
"10382","Subject319","1","deaddead","1","dead","positionleft","validityinvalid","test","3","suicide","singlestim","187","196662","282","â€šÃ³Ã¨","77","dotpositionright","singlestim","188","196995","m","right","correct","1","","1","trialend","singlestim","189","198011"
"10679","Subject319","1","greengreen","1","green","positionright","validityvalid","test","3","neutral","singlestim","191","200019","283","â€šÃ³Ã¨","77","dotpositionright","singlestim","192","200359","m","right","correct","1","","1","trialend","singlestim","193","201373"
"10976","Subject319","1","museummuseum","1","museum","positionleft","validityvalid","test","3","neutral","singlestim","195","203382","276","â€šÃ³Ã¨","67","dotpositionleft","singlestim","196","203714","c","left","correct","1","","1","trialend","singlestim","197","204729"
"11273","Subject319","1","closetcloset","1","closet","positionright","validityinvalid","test","3","neutral","singlestim","199","206738","295","â€šÃ³Ã¨","67","dotpositionleft","singlestim","200","207089","c","left","correct","1","","1","trialend","singlestim","201","208104"
"11570","Subject319","1","dyingdying","1","dying","positionleft","validityvalid","test","3","suicide","singlestim","203","210117","323","â€šÃ³Ã¨","67","dotpositionleft","singlestim","204","210493","c","left","correct","1","","1","trialend","singlestim","205","211508"
"11867","Subject319","1","cuttingcutting","1","cutting","positionright","validityvalid","test","3","suicide","singlestim","207","213519","291","â€šÃ³Ã¨","77","dotpositionright","singlestim","208","213865","m","right","correct","1","","1","trialend","singlestim","209","214880"
"12164","Subject319","1","bombbomb","1","bomb","positionright","validityvalid","test","3","negative","singlestim","211","216886","277","â€šÃ³Ã¨","77","dotpositionright","singlestim","212","217218","m","right","correct","1","","1","trialend","singlestim","213","218233"
"12461","Subject319","1","assaultassault","1","assault","positionleft","validityinvalid","test","3","negative","singlestim","215","220245","311","â€šÃ³Ã¨","77","dotpositionright","singlestim","216","220610","m","right","correct","1","","1","trialend","singlestim","217","221630"
"12758","Subject319","1","smilesmile","1","smile","positionleft","validityvalid","test","3","positive","singlestim","219","223641","290","â€šÃ³Ã¨","67","dotpositionleft","singlestim","220","223984","c","left","correct","1","","1","trialend","singlestim","221","225000"
"13055","Subject319","1","diedie","1","die","positionright","validityvalid","test","3","suicide","singlestim","223","227012","274","â€šÃ³Ã¨","77","dotpositionright","singlestim","224","227341","m","right","correct","1","","1","trialend","singlestim","225","228357"
"13352","Subject319","1","strongstrong","1","strong","positionleft","validityvalid","test","3","positive","singlestim","227","230366","260","â€šÃ³Ã¨","67","dotpositionleft","singlestim","228","230682","c","left","correct","1","","1","trialend","singlestim","229","231698"
"13649","Subject319","1","touretoure","1","toure","positionleft","validityvalid","test","3","negative","singlestim","231","233708","307","â€šÃ³Ã¨","67","dotpositionleft","singlestim","232","234070","c","left","correct","1","","1","trialend","singlestim","233","235087"
"13946","Subject319","1","rejectedrejected","1","rejected","positionright","validityvalid","test","3","negative","singlestim","235","237098","260","â€šÃ³Ã¨","77","dotpositionright","singlestim","236","237410","m","right","correct","1","","1","trialend","singlestim","237","238425"
"14243","Subject319","1","kisskiss","1","kiss","positionright","validityinvalid","test","3","positive","singlestim","239","240438","274","â€šÃ³Ã¨","67","dotpositionleft","singlestim","240","240764","c","left","correct","1","","1","trialend","singlestim","241","241777"
"14540","Subject319","1","braverybravery","1","bravery","positionleft","validityvalid","test","2","positive","singlestim","243","243786","308","â€šÃ³Ã¨","67","dotpositionleft","singlestim","244","244148","c","left","correct","1","","1","trialend","singlestim","245","245164"
"14837","Subject319","1","tabletable","1","table","positionright","validityvalid","test","2","neutral","singlestim","247","247176","306","â€šÃ³Ã¨","77","dotpositionright","singlestim","248","247535","m","right","correct","1","","1","trialend","singlestim","249","248550"
"15134","Subject319","1","lovelove","1","love","positionright","validityinvalid","test","2","positive","singlestim","251","250558","290","â€šÃ³Ã¨","67","dotpositionleft","singlestim","252","250904","c","left","correct","1","","1","trialend","singlestim","253","251918"
"15431","Subject319","1","paperpaper","1","paper","positionleft","validityvalid","test","2","neutral","singlestim","255","253928","392","â€šÃ³Ã¨","67","dotpositionleft","singlestim","256","254376","c","left","correct","1","","1","trialend","singlestim","257","255391"
"15728","Subject319","1","failurefailure","1","failure","positionleft","validityvalid","test","2","negative","singlestim","259","257402","240","â€šÃ³Ã¨","67","dotpositionleft","singlestim","260","257694","c","left","correct","1","","1","trialend","singlestim","261","258713"
"16025","Subject319","1","deathdeath","1","death","positionright","validityvalid","test","2","suicide","singlestim","263","260725","345","â€šÃ³Ã¨","77","dotpositionright","singlestim","264","261122","m","right","correct","1","","1","trialend","singlestim","265","262135"
"16322","Subject319","1","corpsecorpse","1","corpse","positionleft","validityvalid","test","2","suicide","singlestim","267","264146","334","â€šÃ³Ã¨","67","dotpositionleft","singlestim","268","264537","c","left","correct","1","","1","trialend","singlestim","269","265551"
"16619","Subject319","1","enthusiasmenthusiasm","1","enthusiasm","positionright","validityvalid","test","2","positive","singlestim","271","267556","302","â€šÃ³Ã¨","77","dotpositionright","singlestim","272","267912","m","right","correct","1","","1","trialend","singlestim","273","268930"
"16916","Subject319","1","abuseabuse","1","abuse","positionright","validityvalid","test","2","negative","singlestim","275","270942","328","â€šÃ³Ã¨","77","dotpositionright","singlestim","276","271323","m","right","correct","1","","1","trialend","singlestim","277","272335"
"17213","Subject319","1","pleasurepleasure","1","pleasure","positionleft","validityvalid","test","2","positive","singlestim","279","274345","318","â€šÃ³Ã¨","67","dotpositionleft","singlestim","280","274719","c","left","correct","1","","1","trialend","singlestim","281","275734"
"17510","Subject319","1","foamfoam","1","foam","positionright","validityvalid","test","2","neutral","singlestim","283","277746","268","â€šÃ³Ã¨","77","dotpositionright","singlestim","284","278069","m","right","correct","1","","1","trialend","singlestim","285","279086"
"17807","Subject319","1","noosenoose","1","noose","positionleft","validityvalid","test","2","suicide","singlestim","287","281094","328","â€šÃ³Ã¨","67","dotpositionleft","singlestim","288","281475","c","left","correct","1","","1","trialend","singlestim","289","282490"
"18104","Subject319","1","filthyfilthy","1","filthy","positionleft","validityinvalid","test","2","negative","singlestim","291","284502","302","â€šÃ³Ã¨","77","dotpositionright","singlestim","292","284858","m","right","correct","1","","1","trialend","singlestim","293","285874"
"18401","Subject319","1","cruelcruel","1","cruel","positionright","validityvalid","test","2","negative","singlestim","295","287883","322","â€šÃ³Ã¨","77","dotpositionright","singlestim","296","288263","m","right","correct","1","","1","trialend","singlestim","297","289279"
"18698","Subject319","1","overdoseoverdose","1","overdose","positionright","validityinvalid","test","2","suicide","singlestim","299","291291","311","â€šÃ³Ã¨","67","dotpositionleft","singlestim","300","291657","c","left","correct","1","","1","trialend","singlestim","301","292673"
"18995","Subject319","1","horsehorse","1","horse","positionleft","validityinvalid","test","2","neutral","singlestim","303","294681","270","â€šÃ³Ã¨","77","dotpositionright","singlestim","304","295004","m","right","correct","1","","1","trialend","singlestim","305","296019"
