"","SubjectID","rt","stimulus","keypress","word","wordposition","validity","block","blocknum","wordtype","trialtype","trialindex","timeelapsed","rt.1","stimulus.1","keypress.1","dotposition","trialtype.1","trialindex.1","timeelapsed.1","keypressed","participantresponse","correctresponse","rt.2","stimulus.2","keypress.2","blocktrial","trialtype.2","trialindex.2","timeelapsed.2"
"154","Subject182","1","cryingcrying","1","crying","positionright","validityvalid","test","1","negative","singlestim","51","108103","348","â€šÃ³Ã¨","77","dotpositionright","singlestim","52","108506","m","right","correct","1","","1","trialend","singlestim","53","109521"
"451","Subject182","1","suffocationsuffocation","1","suffocation","positionleft","validityinvalid","test","1","suicide","singlestim","55","111532","373","â€šÃ³Ã¨","77","dotpositionright","singlestim","56","111962","m","right","correct","1","","1","trialend","singlestim","57","112975"
"748","Subject182","1","hatehate","1","hate","positionright","validityinvalid","test","1","negative","singlestim","59","114986","329","â€šÃ³Ã¨","67","dotpositionleft","singlestim","60","115371","c","left","correct","1","","1","trialend","singlestim","61","116388"
"1045","Subject182","1","cheesecheese","1","cheese","positionright","validityvalid","test","1","neutral","singlestim","63","118396","357","â€šÃ³Ã¨","77","dotpositionright","singlestim","64","118810","m","right","correct","1","","1","trialend","singlestim","65","119824"
"1342","Subject182","1","funeralfuneral","1","funeral","positionright","validityvalid","test","1","suicide","singlestim","67","121831","333","â€šÃ³Ã¨","77","dotpositionright","singlestim","68","122218","m","right","correct","1","","1","trialend","singlestim","69","123235"
"1639","Subject182","1","patheticpathetic","1","pathetic","positionleft","validityvalid","test","1","negative","singlestim","71","125245","354","â€šÃ³Ã¨","67","dotpositionleft","singlestim","72","125650","c","left","correct","1","","1","trialend","singlestim","73","126668"
"1936","Subject182","1","attractionattraction","1","attraction","positionright","validityvalid","test","1","positive","singlestim","75","128675","322","â€šÃ³Ã¨","77","dotpositionright","singlestim","76","129049","m","right","correct","1","","1","trialend","singlestim","77","130067"
"2233","Subject182","1","gunshotgunshot","1","gunshot","positionright","validityvalid","test","1","suicide","singlestim","79","132076","332","â€šÃ³Ã¨","77","dotpositionright","singlestim","80","132466","m","right","correct","1","","1","trialend","singlestim","81","133484"
"2530","Subject182","1","paradiseparadise","1","paradise","positionleft","validityvalid","test","1","positive","singlestim","83","135494","340","â€šÃ³Ã¨","67","dotpositionleft","singlestim","84","135888","c","left","correct","1","","1","trialend","singlestim","85","136905"
"2827","Subject182","1","bloodblood","1","blood","positionleft","validityvalid","test","1","suicide","singlestim","87","138913","323","â€šÃ³Ã¨","67","dotpositionleft","singlestim","88","139288","c","left","correct","1","","1","trialend","singlestim","89","140302"
"3124","Subject182","1","imageimage","1","image","positionleft","validityvalid","test","1","neutral","singlestim","91","142309","342","â€šÃ³Ã¨","67","dotpositionleft","singlestim","92","142705","c","left","correct","1","","1","trialend","singlestim","93","143718"
"3421","Subject182","1","vomitvomit","1","vomit","positionleft","validityvalid","test","1","negative","singlestim","95","145727","301","â€šÃ³Ã¨","67","dotpositionleft","singlestim","96","146081","c","left","correct","1","","1","trialend","singlestim","97","147096"
"3718","Subject182","1","greatgreat","1","great","positionright","validityvalid","test","1","positive","singlestim","99","149105","299","â€šÃ³Ã¨","77","dotpositionright","singlestim","100","149456","m","right","correct","1","","1","trialend","singlestim","101","150474"
"4015","Subject182","1","foldedfolded","1","folded","positionleft","validityvalid","test","1","neutral","singlestim","103","152483","383","â€šÃ³Ã¨","67","dotpositionleft","singlestim","104","152918","c","left","correct","1","","1","trialend","singlestim","105","153933"
"4312","Subject182","1","healthyhealthy","1","healthy","positionleft","validityinvalid","test","1","positive","singlestim","107","155942","331","â€šÃ³Ã¨","77","dotpositionright","singlestim","108","156327","m","right","correct","1","","1","trialend","singlestim","109","157343"
"4609","Subject182","1","statuestatue","1","statue","positionright","validityinvalid","test","1","neutral","singlestim","111","159354","389","â€šÃ³Ã¨","67","dotpositionleft","singlestim","112","159799","c","left","correct","1","","1","trialend","singlestim","113","160810"
"4906","Subject182","1","suicidesuicide","1","suicide","positionright","validityinvalid","test","4","suicide","singlestim","115","162819","295","â€šÃ³Ã¨","67","dotpositionleft","singlestim","116","163166","c","left","correct","1","","1","trialend","singlestim","117","164183"
"5203","Subject182","1","successsuccess","1","success","positionleft","validityvalid","test","4","positive","singlestim","119","166191","345","â€šÃ³Ã¨","67","dotpositionleft","singlestim","120","166591","c","left","correct","1","","1","trialend","singlestim","121","167607"
"5500","Subject182","1","alonealone","1","alone","positionleft","validityvalid","test","4","negative","singlestim","123","169615","367","â€šÃ³Ã¨","67","dotpositionleft","singlestim","124","170035","c","left","correct","1","","1","trialend","singlestim","125","171049"
"5797","Subject182","1","deceaseddeceased","1","deceased","positionright","validityvalid","test","4","suicide","singlestim","127","173057","335","â€šÃ³Ã¨","77","dotpositionright","singlestim","128","173443","m","right","correct","1","","1","trialend","singlestim","129","174456"
"6094","Subject182","1","ecstaticecstatic","1","ecstatic","positionright","validityvalid","test","4","positive","singlestim","131","176464","387","â€šÃ³Ã¨","77","dotpositionright","singlestim","132","176909","m","right","correct","1","","1","trialend","singlestim","133","177926"
"6391","Subject182","1","engineengine","1","engine","positionleft","validityvalid","test","4","neutral","singlestim","135","179937","315","â€šÃ³Ã¨","67","dotpositionleft","singlestim","136","180308","c","left","correct","1","","1","trialend","singlestim","137","181321"
"6688","Subject182","1","laughlaugh","1","laugh","positionright","validityvalid","test","4","positive","singlestim","139","183331","329","â€šÃ³Ã¨","77","dotpositionright","singlestim","140","183717","m","right","correct","1","","1","trialend","singlestim","141","184734"
"6985","Subject182","1","ashamedashamed","1","ashamed","positionright","validityinvalid","test","4","negative","singlestim","143","186742","350","â€šÃ³Ã¨","67","dotpositionleft","singlestim","144","187149","c","left","correct","1","","1","trialend","singlestim","145","188164"
"7282","Subject182","1","passionatepassionate","1","passionate","positionleft","validityinvalid","test","4","positive","singlestim","147","190172","315","â€šÃ³Ã¨","77","dotpositionright","singlestim","148","190540","m","right","correct","1","","1","trialend","singlestim","149","191554"
"7579","Subject182","1","doubledouble","1","double","positionright","validityvalid","test","4","neutral","singlestim","151","193564","402","â€šÃ³Ã¨","77","dotpositionright","singlestim","152","194021","m","right","correct","1","","1","trialend","singlestim","153","195036"
"7876","Subject182","1","stupidstupid","1","stupid","positionleft","validityvalid","test","4","negative","singlestim","155","197049","359","â€šÃ³Ã¨","67","dotpositionleft","singlestim","156","197462","c","left","correct","1","","1","trialend","singlestim","157","198477"
"8173","Subject182","1","killingkilling","1","killing","positionleft","validityvalid","test","4","suicide","singlestim","159","200488","438","â€šÃ³Ã¨","67","dotpositionleft","singlestim","160","200981","c","left","correct","1","","1","trialend","singlestim","161","201996"
"8470","Subject182","1","frameframe","1","frame","positionleft","validityinvalid","test","4","neutral","singlestim","163","204003","358","â€šÃ³Ã¨","77","dotpositionright","singlestim","164","204414","m","right","correct","1","","1","trialend","singlestim","165","205431"
"8767","Subject182","1","wohlesswohless","1","wohless","positionright","validityvalid","test","4","negative","singlestim","167","207439","425","â€šÃ³Ã¨","77","dotpositionright","singlestim","168","207918","m","right","correct","1","","1","trialend","singlestim","169","208932"
"9064","Subject182","1","structurestructure","1","structure","positionright","validityvalid","test","4","neutral","singlestim","171","210941","370","â€šÃ³Ã¨","77","dotpositionright","singlestim","172","211366","m","right","correct","1","","1","trialend","singlestim","173","212384"
"9361","Subject182","1","hanginghanging","1","hanging","positionleft","validityvalid","test","4","suicide","singlestim","175","214392","384","â€šÃ³Ã¨","67","dotpositionleft","singlestim","176","214830","c","left","correct","1","","1","trialend","singlestim","177","215846"
"9658","Subject182","1","pleasurepleasure","1","pleasure","positionleft","validityvalid","test","2","positive","singlestim","179","217851","317","â€šÃ³Ã¨","67","dotpositionleft","singlestim","180","218222","c","left","correct","1","","1","trialend","singlestim","181","219240"
"9955","Subject182","1","foamfoam","1","foam","positionright","validityvalid","test","2","neutral","singlestim","183","221252","331","â€šÃ³Ã¨","77","dotpositionright","singlestim","184","221639","m","right","correct","1","","1","trialend","singlestim","185","222654"
"10252","Subject182","1","failurefailure","1","failure","positionleft","validityvalid","test","2","negative","singlestim","187","224667","402","â€šÃ³Ã¨","67","dotpositionleft","singlestim","188","225127","c","left","correct","1","","1","trialend","singlestim","189","226145"
"10549","Subject182","1","tabletable","1","table","positionright","validityvalid","test","2","neutral","singlestim","191","228153","338","â€šÃ³Ã¨","77","dotpositionright","singlestim","192","228543","m","right","correct","1","","1","trialend","singlestim","193","229558"
"10846","Subject182","1","horsehorse","1","horse","positionleft","validityinvalid","test","2","neutral","singlestim","195","231566","432","â€šÃ³Ã¨","77","dotpositionright","singlestim","196","232050","m","right","correct","1","","1","trialend","singlestim","197","233064"
"11143","Subject182","1","corpsecorpse","1","corpse","positionleft","validityvalid","test","2","suicide","singlestim","199","235071","384","â€šÃ³Ã¨","67","dotpositionleft","singlestim","200","235507","c","left","correct","1","","1","trialend","singlestim","201","236522"
"11440","Subject182","1","enthusiasmenthusiasm","1","enthusiasm","positionright","validityvalid","test","2","positive","singlestim","203","238530","361","â€šÃ³Ã¨","77","dotpositionright","singlestim","204","238944","m","right","correct","1","","1","trialend","singlestim","205","239961"
"11737","Subject182","1","noosenoose","1","noose","positionleft","validityvalid","test","2","suicide","singlestim","207","241972","318","â€šÃ³Ã¨","67","dotpositionleft","singlestim","208","242344","c","left","correct","1","","1","trialend","singlestim","209","243360"
"12034","Subject182","1","overdoseoverdose","1","overdose","positionright","validityinvalid","test","2","suicide","singlestim","211","245367","436","â€šÃ³Ã¨","67","dotpositionleft","singlestim","212","245856","c","left","correct","1","","1","trialend","singlestim","213","246870"
"12331","Subject182","1","filthyfilthy","1","filthy","positionleft","validityinvalid","test","2","negative","singlestim","215","248884","348","â€šÃ³Ã¨","77","dotpositionright","singlestim","216","249288","m","right","correct","1","","1","trialend","singlestim","217","250306"
"12628","Subject182","1","paperpaper","1","paper","positionleft","validityvalid","test","2","neutral","singlestim","219","252314","296","â€šÃ³Ã¨","67","dotpositionleft","singlestim","220","252664","c","left","correct","1","","1","trialend","singlestim","221","253678"
"12925","Subject182","1","abuseabuse","1","abuse","positionright","validityvalid","test","2","negative","singlestim","223","255687","340","â€šÃ³Ã¨","77","dotpositionright","singlestim","224","256080","m","right","correct","1","","1","trialend","singlestim","225","257097"
"13222","Subject182","1","cruelcruel","1","cruel","positionright","validityvalid","test","2","negative","singlestim","227","259106","344","â€šÃ³Ã¨","77","dotpositionright","singlestim","228","259503","m","right","correct","1","","1","trialend","singlestim","229","260521"
"13519","Subject182","1","braverybravery","1","bravery","positionleft","validityvalid","test","2","positive","singlestim","231","262529","343","â€šÃ³Ã¨","67","dotpositionleft","singlestim","232","262924","c","left","correct","1","","1","trialend","singlestim","233","263940"
"13816","Subject182","1","lovelove","1","love","positionright","validityinvalid","test","2","positive","singlestim","235","265948","338","â€šÃ³Ã¨","67","dotpositionleft","singlestim","236","266341","c","left","correct","1","","1","trialend","singlestim","237","267359"
"14113","Subject182","1","deathdeath","1","death","positionright","validityvalid","test","2","suicide","singlestim","239","269367","386","â€šÃ³Ã¨","77","dotpositionright","singlestim","240","269805","m","right","correct","1","","1","trialend","singlestim","241","270823"
"14410","Subject182","1","happyhappy","1","happy","positionright","validityvalid","test","3","positive","singlestim","243","272831","368","â€šÃ³Ã¨","77","dotpositionright","singlestim","244","273253","m","right","correct","1","","1","trialend","singlestim","245","274270"
"14707","Subject182","1","deaddead","1","dead","positionleft","validityinvalid","test","3","suicide","singlestim","247","276279","397","â€šÃ³Ã¨","77","dotpositionright","singlestim","248","276731","m","right","correct","1","","1","trialend","singlestim","249","277746"
"15004","Subject182","1","smilesmile","1","smile","positionleft","validityvalid","test","3","positive","singlestim","251","279755","292","â€šÃ³Ã¨","67","dotpositionleft","singlestim","252","280101","c","left","correct","1","","1","trialend","singlestim","253","281119"
"15301","Subject182","1","cuttingcutting","1","cutting","positionright","validityvalid","test","3","suicide","singlestim","255","283131","363","â€šÃ³Ã¨","77","dotpositionright","singlestim","256","283549","m","right","correct","1","","1","trialend","singlestim","257","284567"
"15598","Subject182","1","diedie","1","die","positionright","validityvalid","test","3","suicide","singlestim","259","286575","396","â€šÃ³Ã¨","77","dotpositionright","singlestim","260","287026","m","right","correct","1","","1","trialend","singlestim","261","288043"
"15895","Subject182","1","dyingdying","1","dying","positionleft","validityvalid","test","3","suicide","singlestim","263","290051","327","â€šÃ³Ã¨","67","dotpositionleft","singlestim","264","290434","c","left","correct","1","","1","trialend","singlestim","265","291451"
"16192","Subject182","1","bombbomb","1","bomb","positionright","validityvalid","test","3","negative","singlestim","267","293457","361","â€šÃ³Ã¨","77","dotpositionright","singlestim","268","293873","m","right","correct","1","","1","trialend","singlestim","269","294888"
"16489","Subject182","1","metermeter","1","meter","positionleft","validityvalid","test","3","neutral","singlestim","271","296894","294","â€šÃ³Ã¨","67","dotpositionleft","singlestim","272","297241","c","left","correct","1","","1","trialend","singlestim","273","298258"
"16786","Subject182","1","assaultassault","1","assault","positionleft","validityinvalid","test","3","negative","singlestim","275","300267","338","â€šÃ³Ã¨","77","dotpositionright","singlestim","276","300658","m","right","correct","1","","1","trialend","singlestim","277","301673"
"17083","Subject182","1","kisskiss","1","kiss","positionright","validityinvalid","test","3","positive","singlestim","279","303684","333","â€šÃ³Ã¨","67","dotpositionleft","singlestim","280","304073","c","left","correct","1","","1","trialend","singlestim","281","305090"
"17380","Subject182","1","rejectedrejected","1","rejected","positionright","validityvalid","test","3","negative","singlestim","283","307097","315","â€šÃ³Ã¨","77","dotpositionright","singlestim","284","307464","m","right","correct","1","","1","trialend","singlestim","285","308479"
"17677","Subject182","1","closetcloset","1","closet","positionright","validityinvalid","test","3","neutral","singlestim","287","310487","367","â€šÃ³Ã¨","67","dotpositionleft","singlestim","288","310907","c","left","correct","1","","1","trialend","singlestim","289","311923"
"17974","Subject182","1","strongstrong","1","strong","positionleft","validityvalid","test","3","positive","singlestim","291","313935","293","â€šÃ³Ã¨","67","dotpositionleft","singlestim","292","314281","c","left","correct","1","","1","trialend","singlestim","293","315298"
"18271","Subject182","1","touretoure","1","toure","positionleft","validityvalid","test","3","negative","singlestim","295","317307","335","â€šÃ³Ã¨","67","dotpositionleft","singlestim","296","317699","c","left","correct","1","","1","trialend","singlestim","297","318716"
"18568","Subject182","1","greengreen","1","green","positionright","validityvalid","test","3","neutral","singlestim","299","320727","307","â€šÃ³Ã¨","77","dotpositionright","singlestim","300","321091","m","right","correct","1","","1","trialend","singlestim","301","322105"
"18865","Subject182","1","museummuseum","1","museum","positionleft","validityvalid","test","3","neutral","singlestim","303","324114","292","â€šÃ³Ã¨","67","dotpositionleft","singlestim","304","324458","c","left","correct","1","","1","trialend","singlestim","305","325472"
