"","SubjectID","rt","stimulus","keypress","word","wordposition","validity","block","blocknum","wordtype","trialtype","trialindex","timeelapsed","rt.1","stimulus.1","keypress.1","dotposition","trialtype.1","trialindex.1","timeelapsed.1","keypressed","participantresponse","correctresponse","rt.2","stimulus.2","keypress.2","blocktrial","trialtype.2","trialindex.2","timeelapsed.2"
"1","Subject1","1","doubledouble","1","double","positionright","validityvalid","test","4","neutral","singlestim","51","149947","835","â€šÃ³Ã¨","77","dotpositionright","singlestim","52","150835","m","right","correct","1","","1","trialend","singlestim","53","151852"
"298","Subject1","1","engineengine","1","engine","positionleft","validityvalid","test","4","neutral","singlestim","55","153864","375","â€šÃ³Ã¨","67","dotpositionleft","singlestim","56","154293","c","left","correct","1","","1","trialend","singlestim","57","155309"
"595","Subject1","1","killingkilling","1","killing","positionleft","validityvalid","test","4","suicide","singlestim","59","157322","493","â€šÃ³Ã¨","67","dotpositionleft","singlestim","60","157871","c","left","correct","1","","1","trialend","singlestim","61","158885"
"892","Subject1","1","ashamedashamed","1","ashamed","positionright","validityinvalid","test","4","negative","singlestim","63","160889","464","â€šÃ³Ã¨","67","dotpositionleft","singlestim","64","161410","c","left","correct","1","","1","trialend","singlestim","65","162426"
"1189","Subject1","1","stupidstupid","1","stupid","positionleft","validityvalid","test","4","negative","singlestim","67","164437","381","â€šÃ³Ã¨","67","dotpositionleft","singlestim","68","164874","c","left","correct","1","","1","trialend","singlestim","69","165891"
"1486","Subject1","1","frameframe","1","frame","positionleft","validityinvalid","test","4","neutral","singlestim","71","167902","397","â€šÃ³Ã¨","77","dotpositionright","singlestim","72","168355","m","right","correct","1","","1","trialend","singlestim","73","169370"
"1783","Subject1","1","ecstaticecstatic","1","ecstatic","positionright","validityvalid","test","4","positive","singlestim","75","171383","554","â€šÃ³Ã¨","77","dotpositionright","singlestim","76","171991","m","right","correct","1","","1","trialend","singlestim","77","173009"
"2080","Subject1","1","alonealone","1","alone","positionleft","validityvalid","test","4","negative","singlestim","79","175020","397","â€šÃ³Ã¨","67","dotpositionleft","singlestim","80","175472","c","left","correct","1","","1","trialend","singlestim","81","176489"
"2377","Subject1","1","suicidesuicide","1","suicide","positionright","validityinvalid","test","4","suicide","singlestim","83","178500","473","â€šÃ³Ã¨","67","dotpositionleft","singlestim","84","179029","c","left","correct","1","","1","trialend","singlestim","85","180045"
"2674","Subject1","1","laughlaugh","1","laugh","positionright","validityvalid","test","4","positive","singlestim","87","182056","436","â€šÃ³Ã¨","77","dotpositionright","singlestim","88","182547","m","right","correct","1","","1","trialend","singlestim","89","183564"
"2971","Subject1","1","passionatepassionate","1","passionate","positionleft","validityinvalid","test","4","positive","singlestim","91","185574","519","â€šÃ³Ã¨","77","dotpositionright","singlestim","92","186149","m","right","correct","1","","1","trialend","singlestim","93","187166"
"3268","Subject1","1","successsuccess","1","success","positionleft","validityvalid","test","4","positive","singlestim","95","189193","382","â€šÃ³Ã¨","67","dotpositionleft","singlestim","96","189630","c","left","correct","1","","1","trialend","singlestim","97","190647"
"3565","Subject1","1","wohlesswohless","1","wohless","positionright","validityvalid","test","4","negative","singlestim","99","192659","663","â€šÃ³Ã¨","77","dotpositionright","singlestim","100","193375","m","right","correct","1","","1","trialend","singlestim","101","194392"
"3862","Subject1","1","structurestructure","1","structure","positionright","validityvalid","test","4","neutral","singlestim","103","196405","567","â€šÃ³Ã¨","77","dotpositionright","singlestim","104","197037","m","right","correct","1","","1","trialend","singlestim","105","198059"
"4159","Subject1","1","deceaseddeceased","1","deceased","positionright","validityvalid","test","4","suicide","singlestim","107","200072","523","â€šÃ³Ã¨","77","dotpositionright","singlestim","108","200650","m","right","correct","1","","1","trialend","singlestim","109","201665"
"4456","Subject1","1","hanginghanging","1","hanging","positionleft","validityvalid","test","4","suicide","singlestim","111","203677","585","â€šÃ³Ã¨","67","dotpositionleft","singlestim","112","204318","c","left","correct","1","","1","trialend","singlestim","113","205337"
"4753","Subject1","1","paperpaper","1","paper","positionleft","validityvalid","test","2","neutral","singlestim","115","207350","570","â€šÃ³Ã¨","67","dotpositionleft","singlestim","116","207975","c","left","correct","1","","1","trialend","singlestim","117","208992"
"5050","Subject1","1","tabletable","1","table","positionright","validityvalid","test","2","neutral","singlestim","119","211005","428","â€šÃ³Ã¨","77","dotpositionright","singlestim","120","211490","m","right","correct","1","","1","trialend","singlestim","121","212507"
"5347","Subject1","1","lovelove","1","love","positionright","validityinvalid","test","2","positive","singlestim","123","214519","615","â€šÃ³Ã¨","67","dotpositionleft","singlestim","124","215190","c","left","correct","1","","1","trialend","singlestim","125","216203"
"5644","Subject1","1","horsehorse","1","horse","positionleft","validityinvalid","test","2","neutral","singlestim","127","218215","570","â€šÃ³Ã¨","77","dotpositionright","singlestim","128","218841","m","right","correct","1","","1","trialend","singlestim","129","219857"
"5941","Subject1","1","filthyfilthy","1","filthy","positionleft","validityinvalid","test","2","negative","singlestim","131","221878","546","â€šÃ³Ã¨","77","dotpositionright","singlestim","132","222478","m","right","correct","1","","1","trialend","singlestim","133","223496"
"6238","Subject1","1","failurefailure","1","failure","positionleft","validityvalid","test","2","negative","singlestim","135","225508","543","â€šÃ³Ã¨","67","dotpositionleft","singlestim","136","226107","c","left","correct","1","","1","trialend","singlestim","137","227124"
"6535","Subject1","1","noosenoose","1","noose","positionleft","validityvalid","test","2","suicide","singlestim","139","229136","423","â€šÃ³Ã¨","67","dotpositionleft","singlestim","140","229611","c","left","correct","1","","1","trialend","singlestim","141","230627"
"6832","Subject1","1","corpsecorpse","1","corpse","positionleft","validityvalid","test","2","suicide","singlestim","143","232638","400","â€šÃ³Ã¨","67","dotpositionleft","singlestim","144","233093","c","left","correct","1","","1","trialend","singlestim","145","234111"
"7129","Subject1","1","pleasurepleasure","1","pleasure","positionleft","validityvalid","test","2","positive","singlestim","147","236122","398","â€šÃ³Ã¨","67","dotpositionleft","singlestim","148","236584","c","left","correct","1","","1","trialend","singlestim","149","237601"
"7426","Subject1","1","foamfoam","1","foam","positionright","validityvalid","test","2","neutral","singlestim","151","239613","462","â€šÃ³Ã¨","77","dotpositionright","singlestim","152","240129","m","right","correct","1","","1","trialend","singlestim","153","241146"
"7723","Subject1","1","overdoseoverdose","1","overdose","positionright","validityinvalid","test","2","suicide","singlestim","155","243159","461","â€šÃ³Ã¨","67","dotpositionleft","singlestim","156","243674","c","left","correct","1","","1","trialend","singlestim","157","244690"
"8020","Subject1","1","enthusiasmenthusiasm","1","enthusiasm","positionright","validityvalid","test","2","positive","singlestim","159","246702","630","â€šÃ³Ã¨","77","dotpositionright","singlestim","160","247387","m","right","correct","1","","1","trialend","singlestim","161","248405"
"8317","Subject1","1","cruelcruel","1","cruel","positionright","validityvalid","test","2","negative","singlestim","163","250416","486","â€šÃ³Ã¨","77","dotpositionright","singlestim","164","250954","m","right","correct","1","","1","trialend","singlestim","165","251973"
"8614","Subject1","1","braverybravery","1","bravery","positionleft","validityvalid","test","2","positive","singlestim","167","253985","438","â€šÃ³Ã¨","67","dotpositionleft","singlestim","168","254479","c","left","correct","1","","1","trialend","singlestim","169","255496"
"8911","Subject1","1","deathdeath","1","death","positionright","validityvalid","test","2","suicide","singlestim","171","257507","379","â€šÃ³Ã¨","77","dotpositionright","singlestim","172","257942","m","right","correct","1","","1","trialend","singlestim","173","258959"
"9208","Subject1","1","abuseabuse","1","abuse","positionright","validityvalid","test","2","negative","singlestim","175","260971","488","â€šÃ³Ã¨","77","dotpositionright","singlestim","176","261514","m","right","correct","1","","1","trialend","singlestim","177","262531"
"9505","Subject1","1","closetcloset","1","closet","positionright","validityinvalid","test","3","neutral","singlestim","179","264542","591","â€šÃ³Ã¨","67","dotpositionleft","singlestim","180","265189","c","left","correct","1","","1","trialend","singlestim","181","266204"
"9802","Subject1","1","museummuseum","1","museum","positionleft","validityvalid","test","3","neutral","singlestim","183","268216","408","â€šÃ³Ã¨","67","dotpositionleft","singlestim","184","268680","c","left","correct","1","","1","trialend","singlestim","185","269697"
"10099","Subject1","1","cuttingcutting","1","cutting","positionright","validityvalid","test","3","suicide","singlestim","187","271711","399","â€šÃ³Ã¨","77","dotpositionright","singlestim","188","272164","m","right","correct","1","","1","trialend","singlestim","189","273184"
"10396","Subject1","1","deaddead","1","dead","positionleft","validityinvalid","test","3","suicide","singlestim","191","275189","473","â€šÃ³Ã¨","77","dotpositionright","singlestim","192","275716","m","right","correct","1","","1","trialend","singlestim","193","276734"
"10693","Subject1","1","happyhappy","1","happy","positionright","validityvalid","test","3","positive","singlestim","195","278745","365","â€šÃ³Ã¨","77","dotpositionright","singlestim","196","279173","m","right","correct","1","","1","trialend","singlestim","197","280191"
"10990","Subject1","1","bombbomb","1","bomb","positionright","validityvalid","test","3","negative","singlestim","199","282197","415","â€šÃ³Ã¨","77","dotpositionright","singlestim","200","282667","m","right","correct","1","","1","trialend","singlestim","201","283684"
"11287","Subject1","1","smilesmile","1","smile","positionleft","validityvalid","test","3","positive","singlestim","203","285697","477","â€šÃ³Ã¨","67","dotpositionleft","singlestim","204","286229","c","left","correct","1","","1","trialend","singlestim","205","287241"
"11584","Subject1","1","touretoure","1","toure","positionleft","validityvalid","test","3","negative","singlestim","207","289249","530","â€šÃ³Ã¨","67","dotpositionleft","singlestim","208","289836","c","left","correct","1","","1","trialend","singlestim","209","290853"
"11881","Subject1","1","dyingdying","1","dying","positionleft","validityvalid","test","3","suicide","singlestim","211","292865","389","â€šÃ³Ã¨","67","dotpositionleft","singlestim","212","293310","c","left","correct","1","","1","trialend","singlestim","213","294327"
"12178","Subject1","1","strongstrong","1","strong","positionleft","validityvalid","test","3","positive","singlestim","215","296338","396","â€šÃ³Ã¨","67","dotpositionleft","singlestim","216","296789","c","left","correct","1","","1","trialend","singlestim","217","297807"
"12475","Subject1","1","kisskiss","1","kiss","positionright","validityinvalid","test","3","positive","singlestim","219","299818","420","â€šÃ³Ã¨","67","dotpositionleft","singlestim","220","300294","c","left","correct","1","","1","trialend","singlestim","221","301310"
"12772","Subject1","1","metermeter","1","meter","positionleft","validityvalid","test","3","neutral","singlestim","223","303322","462","â€šÃ³Ã¨","67","dotpositionleft","singlestim","224","303839","c","left","correct","1","","1","trialend","singlestim","225","304857"
"13069","Subject1","1","rejectedrejected","1","rejected","positionright","validityvalid","test","3","negative","singlestim","227","306870","577","â€šÃ³Ã¨","77","dotpositionright","singlestim","228","307503","m","right","correct","1","","1","trialend","singlestim","229","308521"
"13366","Subject1","1","diedie","1","die","positionright","validityvalid","test","3","suicide","singlestim","231","310533","448","â€šÃ³Ã¨","77","dotpositionright","singlestim","232","311038","m","right","correct","1","","1","trialend","singlestim","233","312054"
"13663","Subject1","1","assaultassault","1","assault","positionleft","validityinvalid","test","3","negative","singlestim","235","314067","583","â€šÃ³Ã¨","77","dotpositionright","singlestim","236","314706","m","right","correct","1","","1","trialend","singlestim","237","315723"
"13960","Subject1","1","greengreen","1","green","positionright","validityvalid","test","3","neutral","singlestim","239","317734","436","â€šÃ³Ã¨","77","dotpositionright","singlestim","240","318224","m","right","correct","1","","1","trialend","singlestim","241","319241"
"14257","Subject1","1","statuestatue","1","statue","positionright","validityinvalid","test","1","neutral","singlestim","243","321253","541","â€šÃ³Ã¨","67","dotpositionleft","singlestim","244","321849","c","left","correct","1","","1","trialend","singlestim","245","322866"
"14554","Subject1","1","attractionattraction","1","attraction","positionright","validityvalid","test","1","positive","singlestim","247","324877","512","â€šÃ³Ã¨","77","dotpositionright","singlestim","248","325444","m","right","correct","1","","1","trialend","singlestim","249","326461"
"14851","Subject1","1","foldedfolded","1","folded","positionleft","validityvalid","test","1","neutral","singlestim","251","328465","489","â€šÃ³Ã¨","67","dotpositionleft","singlestim","252","329010","c","left","correct","1","","1","trialend","singlestim","253","330026"
"15148","Subject1","1","healthyhealthy","1","healthy","positionleft","validityinvalid","test","1","positive","singlestim","255","332037","713","â€šÃ³Ã¨","77","dotpositionright","singlestim","256","332808","m","right","correct","1","","1","trialend","singlestim","257","333825"
"15445","Subject1","1","suffocationsuffocation","1","suffocation","positionleft","validityinvalid","test","1","suicide","singlestim","259","335837","627","â€šÃ³Ã¨","77","dotpositionright","singlestim","260","336517","m","right","correct","1","","1","trialend","singlestim","261","337535"
"15742","Subject1","1","greatgreat","1","great","positionright","validityvalid","test","1","positive","singlestim","263","339545","365","â€šÃ³Ã¨","77","dotpositionright","singlestim","264","339966","m","right","correct","1","","1","trialend","singlestim","265","340984"
"16039","Subject1","1","bloodblood","1","blood","positionleft","validityvalid","test","1","suicide","singlestim","267","342996","402","â€šÃ³Ã¨","67","dotpositionleft","singlestim","268","343454","c","left","correct","1","","1","trialend","singlestim","269","344466"
"16336","Subject1","1","vomitvomit","1","vomit","positionleft","validityvalid","test","1","negative","singlestim","271","346471","393","â€šÃ³Ã¨","67","dotpositionleft","singlestim","272","346921","c","left","correct","1","","1","trialend","singlestim","273","347938"
"16633","Subject1","1","paradiseparadise","1","paradise","positionleft","validityvalid","test","1","positive","singlestim","275","349950","401","â€šÃ³Ã¨","67","dotpositionleft","singlestim","276","350407","c","left","correct","1","","1","trialend","singlestim","277","351424"
"16930","Subject1","1","cheesecheese","1","cheese","positionright","validityvalid","test","1","neutral","singlestim","279","353437","438","â€šÃ³Ã¨","77","dotpositionright","singlestim","280","353931","m","right","correct","1","","1","trialend","singlestim","281","354947"
"17227","Subject1","1","patheticpathetic","1","pathetic","positionleft","validityvalid","test","1","negative","singlestim","283","356960","371","â€šÃ³Ã¨","67","dotpositionleft","singlestim","284","357386","c","left","correct","1","","1","trialend","singlestim","285","358403"
"17524","Subject1","1","funeralfuneral","1","funeral","positionright","validityvalid","test","1","suicide","singlestim","287","360415","588","â€šÃ³Ã¨","77","dotpositionright","singlestim","288","361053","m","right","correct","1","","1","trialend","singlestim","289","362071"
"17821","Subject1","1","imageimage","1","image","positionleft","validityvalid","test","1","neutral","singlestim","291","364082","415","â€šÃ³Ã¨","67","dotpositionleft","singlestim","292","364552","c","left","correct","1","","1","trialend","singlestim","293","365567"
"18118","Subject1","1","hatehate","1","hate","positionright","validityinvalid","test","1","negative","singlestim","295","367579","493","â€šÃ³Ã¨","67","dotpositionleft","singlestim","296","368127","c","left","correct","1","","1","trialend","singlestim","297","369144"
"18415","Subject1","1","cryingcrying","1","crying","positionright","validityvalid","test","1","negative","singlestim","299","371161","329","â€šÃ³Ã¨","77","dotpositionright","singlestim","300","371547","m","right","correct","1","","1","trialend","singlestim","301","372562"
"18712","Subject1","1","gunshotgunshot","1","gunshot","positionright","validityvalid","test","1","suicide","singlestim","303","374574","366","â€šÃ³Ã¨","77","dotpositionright","singlestim","304","374996","m","right","correct","1","","1","trialend","singlestim","305","376014"
