"","SubjectID","rt","stimulus","keypress","word","wordposition","validity","block","blocknum","wordtype","trialtype","trialindex","timeelapsed","rt.1","stimulus.1","keypress.1","dotposition","trialtype.1","trialindex.1","timeelapsed.1","keypressed","participantresponse","correctresponse","rt.2","stimulus.2","keypress.2","blocktrial","trialtype.2","trialindex.2","timeelapsed.2"
"36","Subject37","successsuccess","1","success","positionleft","validityvalid","test","4","positive","singlestim","51","73664","100010","â€šÃ³Ã¨","67","dotpositionleft","singlestim","52","74263","100020","left","correct","1","","1","trialend","singlestim","53","75278","100030"
"333","Subject37","structurestructure","1","structure","positionright","validityvalid","test","4","neutral","singlestim","55","77286","100050","â€šÃ³Ã¨","77","dotpositionright","singlestim","56","77678","100060","right","correct","1","","1","trialend","singlestim","57","78694","100070"
"630","Subject37","killingkilling","1","killing","positionleft","validityvalid","test","4","suicide","singlestim","59","80704","100090","â€šÃ³Ã¨","67","dotpositionleft","singlestim","60","81421","1000100","left","correct","1","","1","trialend","singlestim","61","82436","1000110"
"927","Subject37","deceaseddeceased","1","deceased","positionright","validityvalid","test","4","suicide","singlestim","63","84442","1000130","â€šÃ³Ã¨","77","dotpositionright","singlestim","64","85142","1000140","right","correct","1","","1","trialend","singlestim","65","86158","1000150"
"1224","Subject37","engineengine","76","engine","positionleft","validityvalid","test","4","neutral","singlestim","67","88165","1000170","â€šÃ³Ã¨","67","dotpositionleft","singlestim","68","88630","1000180","left","correct","1","","1","trialend","singlestim","69","89641","1000190"
"1521","Subject37","alonealone","1","alone","positionleft","validityvalid","test","4","negative","singlestim","71","91650","1000210","â€šÃ³Ã¨","1","dotpositionleft","singlestim","72","93705","1000220","incorrect","1","","1","trialend","singlestim","73","94721","1000230","1"
"1818","Subject37","1","wohless","positionright","validityvalid","test","4","negative","singlestim","75","96728","1000250","895","77","dotpositionright","singlestim","76","97676","1000260","m","correct","1","","1","trialend","singlestim","77","98690","1000270","1"
"2115","Subject37","1","stupid","positionleft","validityvalid","test","4","negative","singlestim","79","100699","1000290","1","1","dotpositionleft","singlestim","80","102757","1000300","","1","","1","trialend","singlestim","81","103773","1000310","1","passionatepassionate"
"2412","Subject37","passionate","positionleft","validityinvalid","test","4","positive","singlestim","83","105784","1000330","661","â€šÃ³Ã¨","dotpositionright","singlestim","84","106501","1000340","m","right","1","","1","trialend","singlestim","85","107516","1000350","1","laughlaugh"
"2709","Subject37","laugh","positionright","validityvalid","test","4","positive","singlestim","87","109526","1000370","1498","â€šÃ³Ã¨","dotpositionright","singlestim","88","111078","1000380","m","right","1","","1","trialend","singlestim","89","112091","1000390","1","doubledouble"
"3006","Subject37","double","positionright","validityvalid","test","4","neutral","singlestim","91","114100","1000410","762","â€šÃ³Ã¨","dotpositionright","singlestim","92","114917","1000420","m","right","1","","1","trialend","singlestim","93","115931","1000430","1","hanginghanging"
"3303","Subject37","hanging","positionleft","validityvalid","test","4","suicide","singlestim","95","117942","1000450","786","â€šÃ³Ã¨","dotpositionleft","singlestim","96","118781","1000460","c","left","1","","1","trialend","singlestim","97","119796","1000470","1","suicidesuicide"
"3600","Subject37","suicide","positionright","validityinvalid","test","4","suicide","singlestim","99","121808","1000490","553","â€šÃ³Ã¨","dotpositionleft","singlestim","100","122413","1000500","c","left","1","","1","trialend","singlestim","101","123430","1000510","1","ashamedashamed"
"3897","Subject37","ashamed","positionright","validityinvalid","test","4","negative","singlestim","103","125440","1000530","1","â€šÃ³Ã¨","dotpositionleft","singlestim","104","127498","1000540","","incorrect","","1","trialend","singlestim","105","128514","1000550","1","frameframe","1"
"4194","Subject37","positionleft","validityinvalid","test","4","neutral","singlestim","107","130525","1000570","529","â€šÃ³Ã¨","77","singlestim","108","131109","1000580","m","right","correct","","1","trialend","singlestim","109","132120","1000590","1","ecstaticecstatic","1"
"4491","Subject37","positionright","validityvalid","test","4","positive","singlestim","111","134128","1000610","1","â€šÃ³Ã¨","1","singlestim","112","136183","1000620","","incorrect","226","77","trialend","singlestim","113","137198","1000630","1","closetcloset","1","closet"
"4788","Subject37","validityinvalid","test","3","neutral","singlestim","115","139207","101010","809","â€šÃ³Ã¨","67","dotpositionleft","116","140068","101020","c","left","correct","1","1","trialend","singlestim","117","141085","101030","1","museummuseum","1","museum"
"5085","Subject37","validityvalid","test","3","neutral","singlestim","119","143095","101050","672","â€šÃ³Ã¨","67","dotpositionleft","120","143820","101060","c","left","correct","1","1","trialend","singlestim","121","144835","101070","1","happyhappy","1","happy"
"5382","Subject37","validityvalid","test","3","positive","singlestim","123","146845","101090","1","â€šÃ³Ã¨","1","dotpositionright","124","148902","1010100","","incorrect","1","","trialend","singlestim","125","149915","1010110","1","rejectedrejected","1","rejected","positionright"
"5679","Subject37","test","3","negative","singlestim","127","151923","1010130","1","â€šÃ³Ã¨","1","dotpositionright","singlestim","153978","1010140","","incorrect","1","","1","singlestim","129","154994","1010150","1","diedie","1","die","positionright","validityvalid"
"5976","Subject37","3","suicide","singlestim","131","157002","1010170","1","â€šÃ³Ã¨","1","dotpositionright","singlestim","132","1010180","","incorrect","1","","1","trialend","133","160072","1010190","1","smilesmile","1","smile","positionleft","validityvalid","test"
"6273","Subject37","positive","singlestim","135","162080","1010210","1","â€šÃ³Ã¨","1","dotpositionleft","singlestim","136","164134","","incorrect","1","","1","trialend","singlestim","165150","1010230","1","strongstrong","1","strong","positionleft","validityvalid","test","3"
"6570","Subject37","singlestim","139","167158","1010250","498","â€šÃ³Ã¨","67","dotpositionleft","singlestim","140","167708","1010260","left","correct","1","","1","trialend","singlestim","168722","1010270","1","assaultassault","1","assault","positionleft","validityinvalid","test","3"
"6867","Subject37","singlestim","143","170725","1010290","1287","â€šÃ³Ã¨","77","dotpositionright","singlestim","144","172067","1010300","right","correct","1","","1","trialend","singlestim","173084","1010310","1","touretoure","1","toure","positionleft","validityvalid","test","3"
"7164","Subject37","singlestim","147","175092","1010330","522","â€šÃ³Ã¨","67","dotpositionleft","singlestim","148","175667","1010340","left","correct","1","","1","trialend","singlestim","176682","1010350","1","kisskiss","1","kiss","positionright","validityinvalid","test","3"
"7461","Subject37","singlestim","151","178690","1010370","1196","â€šÃ³Ã¨","32","dotpositionleft","singlestim","152","179939","1010380","incorrect","28","","93","trialend","singlestim","153","1010390","181","bombbomb","75","bomb","positionright","validityvalid","test","3","negative"
"7758","Subject37","155","182962","1010410","1852","â€šÃ³Ã¨","77","dotpositionright","singlestim","156","184867","1010420","m","correct","1","","1","trialend","singlestim","157","1010430","1","metermeter","1","meter","positionleft","validityvalid","test","3","neutral"
"8055","Subject37","159","187890","1010450","621","â€šÃ³Ã¨","67","dotpositionleft","singlestim","160","188563","1010460","c","correct","1","","1","trialend","singlestim","161","1010470","1","cuttingcutting","1","cutting","positionright","validityvalid","test","3","suicide"
"8352","Subject37","163","191586","1010490","770","â€šÃ³Ã¨","77","dotpositionright","singlestim","164","192411","1010500","m","correct","1","","1","trialend","singlestim","165","1010510","1","dyingdying","1","dying","positionleft","validityvalid","test","3","suicide"
"8649","Subject37","167","195434","1010530","395","â€šÃ³Ã¨","67","dotpositionleft","singlestim","168","195882","1010540","c","correct","1","","1","trialend","singlestim","169","1010550","1","greengreen","1","green","positionright","validityvalid","test","3","neutral"
"8946","Subject37","171","198905","1010570","477","â€šÃ³Ã¨","77","dotpositionright","singlestim","172","199434","1010580","m","correct","1","","1","trialend","singlestim","173","1010590","1","deaddead","1","dead","positionleft","validityinvalid","test","3","suicide"
"9243","Subject37","175","202457","1010610","677","â€šÃ³Ã¨","77","dotpositionright","singlestim","176","203186","1010620","m","correct","1","","1","trialend","singlestim","177","1010630","1","patheticpathetic","1","pathetic","positionleft","validityvalid","test","1","negative"
"9540","Subject37","179","206206","102010","976","â€šÃ³Ã¨","67","dotpositionleft","singlestim","180","207234","102020","c","correct","1","","1","trialend","singlestim","181","102030","1","statuestatue","1","statue","positionright","validityinvalid","test","1","neutral"
"9837","Subject37","183","210257","102050","706","â€šÃ³Ã¨","67","dotpositionleft","singlestim","184","211018","102060","c","correct","1","","1","trialend","singlestim","185","102070","1","vomitvomit","1","vomit","positionleft","validityvalid","test","1","negative"
"10134","Subject37","187","214042","102090","884","â€šÃ³Ã¨","67","dotpositionleft","singlestim","188","214978","1020100","c","correct","1","","1","trialend","singlestim","189","1020110","1","suffocationsuffocation","1","suffocation","positionleft","validityinvalid","test","1","suicide"
"10431","Subject37","191","218006","1020130","901","â€šÃ³Ã¨","77","dotpositionright","singlestim","192","218962","1020140","m","correct","1","","1","trialend","singlestim","193","1020150","1","cheesecheese","1","cheese","positionright","validityvalid","test","1","neutral"
"10728","Subject37","195","221987","1020170","970","â€šÃ³Ã¨","78","dotpositionright","singlestim","196","223010","1020180","n","1","","1","trialend","singlestim","197","224027","1","hatehate","1","hate","positionright","validityinvalid","test","1","negative","singlestim"
"11025","Subject37","226038","1020210","1008","â€šÃ³Ã¨","67","dotpositionleft","singlestim","200","227098","1020220","c","left","1","","1","trialend","singlestim","201","228114","1","cryingcrying","1","crying","positionright","validityvalid","test","1","negative","singlestim"
"11322","Subject37","230124","1020250","918","â€šÃ³Ã¨","77","dotpositionright","singlestim","204","231097","1020260","m","right","1","","1","trialend","singlestim","205","232113","1","foldedfolded","1","folded","positionleft","validityvalid","test","1","neutral","singlestim"
"11619","Subject37","234122","1020290","938","â€šÃ³Ã¨","67","dotpositionleft","singlestim","208","235113","1020300","c","left","1","","1","trialend","singlestim","209","236129","1","gunshotgunshot","1","gunshot","positionright","validityvalid","test","1","suicide","singlestim"
"11916","Subject37","238139","1020330","1223","â€šÃ³Ã¨","77","dotpositionright","singlestim","212","239416","1020340","m","right","1","","1","trialend","singlestim","213","240431","1","imageimage","1","image","positionleft","validityvalid","test","1","neutral","singlestim"
"12213","Subject37","242440","1020370","890","â€šÃ³Ã¨","67","dotpositionleft","singlestim","216","243383","1020380","c","left","1","","1","trialend","singlestim","217","244399","1","attractionattraction","1","attraction","positionright","validityvalid","test","1","positive","singlestim"
"12510","Subject37","246409","1020410","1977","â€šÃ³Ã¨","78","dotpositionright","singlestim","220","248439","1020420","n","incorrect","","1","trialend","singlestim","221","249455","1020430","greatgreat","1","great","positionright","validityvalid","test","1","positive","singlestim","223"
"12807","Subject37","1020450","554","â€šÃ³Ã¨","78","dotpositionright","singlestim","224","252072","1020460","n","incorrect","1","1","trialend","singlestim","225","253088","1020470","1","1","blood","positionleft","validityvalid","test","1","suicide","singlestim","227","255097"
"13104","Subject37","929","â€šÃ³Ã¨","67","dotpositionleft","singlestim","228","256079","1020500","c","left","correct","1","1","trialend","singlestim","229","257094","1020510","1","1","healthy","positionleft","validityinvalid","test","1","positive","singlestim","231","259102"
"13401","Subject37","489","â€šÃ³Ã¨","66","dotpositionright","singlestim","232","259646","1020540","b","incorrect","492","","trialend","singlestim","233","260662","1020550","1","paradiseparadise","paradise","positionleft","validityvalid","test","1","positive","singlestim","235","262672","1020570"
"13698","Subject37","â€šÃ³Ã¨","67","dotpositionleft","singlestim","236","264207","1020580","c","left","correct","1","","trialend","singlestim","237","265224","1020590","1","funeralfuneral","funeral","positionright","validityvalid","test","1","suicide","singlestim","239","267234","1020610"
"13995","Subject37","â€šÃ³Ã¨","77","dotpositionright","singlestim","240","267966","1020620","m","right","correct","1","","trialend","singlestim","241","268980","1020630","1","deathdeath","death","positionright","validityvalid","test","2","suicide","singlestim","243","270989","103010"
"14292","Subject37","â€šÃ³Ã¨","77","dotpositionright","singlestim","244","272750","103020","m","right","correct","1","","trialend","singlestim","245","273766","103030","1","failurefailure","failure","positionleft","validityvalid","test","2","negative","singlestim","247","275777","103050"
"14589","Subject37","â€šÃ³Ã¨","67","dotpositionleft","singlestim","248","276439","103060","c","left","correct","1","","trialend","singlestim","249","277454","103070","1","noosenoose","noose","positionleft","validityvalid","test","2","suicide","singlestim","251","279462","103090"
"14886","Subject37","â€šÃ³Ã¨","67","dotpositionleft","singlestim","252","280118","1030100","c","left","correct","1","","trialend","singlestim","253","281132","1030110","734","abuseabuse","abuse","positionright","validityvalid","test","2","negative","singlestim","255","283140","1030130"
"15183","Subject37","â€šÃ³Ã¨","77","dotpositionright","singlestim","256","283654","1030140","m","right","correct","1","","trialend","singlestim","257","284667","1030150","1","braverybravery","bravery","positionleft","validityvalid","test","2","positive","singlestim","259","286676","1030170"
"15480","Subject37","â€šÃ³Ã¨","32","dotpositionleft","singlestim","260","287855","1030180","","incorrect","1","","1","singlestim","261","288870","1030190","202","lovelove","32","positionright","validityinvalid","test","2","positive","singlestim","263","290878","1030210","394"
"15777","Subject37","91","dotpositionleft","singlestim","264","291325","1030220","","incorrect","1","","1","trialend","265","292341","1030230","1","paperpaper","1","paper","validityvalid","test","2","neutral","singlestim","267","294347","1030250","475","â€šÃ³Ã¨"
"16074","Subject37","dotpositionleft","singlestim","268","294877","1030260","c","left","correct","236","","67","trialend","269","295893","1030270","1","horsehorse","1","horse","validityinvalid","test","2","neutral","singlestim","271","297901","1030290","1058","â€šÃ³Ã¨"
"16371","Subject37","dotpositionright","singlestim","272","299013","1030300","m","right","correct","1","","1","trialend","273","300029","1030310","1","cruelcruel","1","cruel","validityvalid","test","2","negative","singlestim","275","302039","1030330","1","â€šÃ³Ã¨"
"16668","Subject37","dotpositionright","singlestim","276","304094","1030340","","incorrect","1","","1","trialend","singlestim","305110","1030350","1","tabletable","1","table","positionright","test","2","neutral","singlestim","279","307118","1030370","1090","â€šÃ³Ã¨","66"
"16965","Subject37","singlestim","280","308260","1030380","b","incorrect","1","","1","trialend","singlestim","281","1030390","1","corpsecorpse","1","corpse","positionleft","validityvalid","2","suicide","singlestim","283","311285","1030410","971","â€šÃ³Ã¨","67","dotpositionleft"
"17262","Subject37","284","312308","1030420","c","left","correct","1","","1","trialend","singlestim","285","1030430","1","pleasurepleasure","1","pleasure","positionleft","validityvalid","2","positive","singlestim","287","315336","1030450","546","â€šÃ³Ã¨","67","dotpositionleft"
"17559","Subject37","288","315934","1030460","c","left","correct","1","","1","trialend","singlestim","289","1030470","1","foamfoam","1","foam","positionright","validityvalid","2","neutral","singlestim","291","318957","1030490","1","â€šÃ³Ã¨","1","dotpositionright"
"17856","Subject37","292","321012","1030500","","incorrect","1","","1","trialend","singlestim","293","322027","1","filthyfilthy","1","filthy","positionleft","validityinvalid","test","negative","singlestim","295","324035","1030530","1","â€šÃ³Ã¨","1","dotpositionright","singlestim"
"18153","Subject37","326090","1030540","","incorrect","1","","1","trialend","singlestim","297","327106","1030550","overdoseoverdose","78","overdose","positionright","validityinvalid","test","2","singlestim","299","329114","1030570","588","â€šÃ³Ã¨","67","dotpositionleft","singlestim","300"
"18450","Subject37","1030580","c","left","correct","1","","1","trialend","singlestim","301","330770","1030590","enthusiasmenthusiasm","1","enthusiasm","positionright","validityvalid","test","2","singlestim","303","332776","1030610","1","â€šÃ³Ã¨","1","dotpositionright","singlestim","304"
"18747","Subject37","1030620","","incorrect","1","","1","trialend","singlestim","305","335847","1030630","1003","textTimed","306","336851","1040","","","","","","","","","","","","",""
