"","SubjectID","rt","stimulus","keypress","word","wordposition","validity","block","blocknum","wordtype","trialtype","trialindex","timeelapsed","rt.1","stimulus.1","keypress.1","dotposition","trialtype.1","trialindex.1","timeelapsed.1","keypressed","participantresponse","correctresponse","rt.2","stimulus.2","keypress.2","blocktrial","trialtype.2","trialindex.2","timeelapsed.2"
"139","Subject146","1","horsehorse","1","horse","positionleft","validityinvalid","test","2","neutral","singlestim","51","122799","343","â€šÃ³Ã¨","77","dotpositionright","singlestim","52","123194","m","right","correct","1","","1","trialend","singlestim","53","124206"
"436","Subject146","1","corpsecorpse","1","corpse","positionleft","validityvalid","test","2","suicide","singlestim","55","126208","323","â€šÃ³Ã¨","67","dotpositionleft","singlestim","56","126584","c","left","correct","1","","1","trialend","singlestim","57","127597"
"733","Subject146","1","filthyfilthy","1","filthy","positionleft","validityinvalid","test","2","negative","singlestim","59","129602","309","â€šÃ³Ã¨","77","dotpositionright","singlestim","60","129962","m","right","correct","1","","1","trialend","singlestim","61","130975"
"1030","Subject146","1","tabletable","1","table","positionright","validityvalid","test","2","neutral","singlestim","63","132980","344","â€šÃ³Ã¨","77","dotpositionright","singlestim","64","133376","m","right","correct","1","","1","trialend","singlestim","65","134389"
"1327","Subject146","1","braverybravery","1","bravery","positionleft","validityvalid","test","2","positive","singlestim","67","136394","290","â€šÃ³Ã¨","67","dotpositionleft","singlestim","68","136736","c","left","correct","1","","1","trialend","singlestim","69","137748"
"1624","Subject146","1","abuseabuse","1","abuse","positionright","validityvalid","test","2","negative","singlestim","71","139753","337","â€šÃ³Ã¨","77","dotpositionright","singlestim","72","140142","m","right","correct","1","","1","trialend","singlestim","73","141155"
"1921","Subject146","1","enthusiasmenthusiasm","1","enthusiasm","positionright","validityvalid","test","2","positive","singlestim","75","143159","397","â€šÃ³Ã¨","77","dotpositionright","singlestim","76","143608","m","right","correct","1","","1","trialend","singlestim","77","144620"
"2218","Subject146","1","pleasurepleasure","1","pleasure","positionleft","validityvalid","test","2","positive","singlestim","79","146625","317","â€šÃ³Ã¨","67","dotpositionleft","singlestim","80","146994","c","left","correct","1","","1","trialend","singlestim","81","148007"
"2515","Subject146","1","failurefailure","1","failure","positionleft","validityvalid","test","2","negative","singlestim","83","150011","475","â€šÃ³Ã¨","67","dotpositionleft","singlestim","84","150537","c","left","correct","1","","1","trialend","singlestim","85","151551"
"2812","Subject146","1","foamfoam","1","foam","positionright","validityvalid","test","2","neutral","singlestim","87","153554","317","â€šÃ³Ã¨","77","dotpositionright","singlestim","88","153923","m","right","correct","1","","1","trialend","singlestim","89","154936"
"3109","Subject146","1","overdoseoverdose","1","overdose","positionright","validityinvalid","test","2","suicide","singlestim","91","156941","330","â€šÃ³Ã¨","67","dotpositionleft","singlestim","92","157322","c","left","correct","1","","1","trialend","singlestim","93","158336"
"3406","Subject146","1","deathdeath","1","death","positionright","validityvalid","test","2","suicide","singlestim","95","160339","368","â€šÃ³Ã¨","77","dotpositionright","singlestim","96","160758","m","right","correct","1","","1","trialend","singlestim","97","161772"
"3703","Subject146","1","lovelove","1","love","positionright","validityinvalid","test","2","positive","singlestim","99","163775","321","â€šÃ³Ã¨","67","dotpositionleft","singlestim","100","164148","c","left","correct","1","","1","trialend","singlestim","101","165161"
"4000","Subject146","1","paperpaper","1","paper","positionleft","validityvalid","test","2","neutral","singlestim","103","167165","320","â€šÃ³Ã¨","67","dotpositionleft","singlestim","104","167538","c","left","correct","1","","1","trialend","singlestim","105","168551"
"4297","Subject146","1","cruelcruel","1","cruel","positionright","validityvalid","test","2","negative","singlestim","107","170556","356","â€šÃ³Ã¨","77","dotpositionright","singlestim","108","170963","m","right","correct","1","","1","trialend","singlestim","109","171976"
"4594","Subject146","1","noosenoose","1","noose","positionleft","validityvalid","test","2","suicide","singlestim","111","173979","323","â€šÃ³Ã¨","67","dotpositionleft","singlestim","112","174354","c","left","correct","1","","1","trialend","singlestim","113","175368"
"4891","Subject146","1","cuttingcutting","1","cutting","positionright","validityvalid","test","3","suicide","singlestim","115","177372","385","â€šÃ³Ã¨","77","dotpositionright","singlestim","116","177810","m","right","correct","1","","1","trialend","singlestim","117","178823"
"5188","Subject146","1","dyingdying","1","dying","positionleft","validityvalid","test","3","suicide","singlestim","119","180828","386","â€šÃ³Ã¨","67","dotpositionleft","singlestim","120","181266","c","left","correct","1","","1","trialend","singlestim","121","182279"
"5485","Subject146","1","deaddead","1","dead","positionleft","validityinvalid","test","3","suicide","singlestim","123","184283","292","â€šÃ³Ã¨","77","dotpositionright","singlestim","124","184628","m","right","correct","1","","1","trialend","singlestim","125","185641"
"5782","Subject146","1","closetcloset","1","closet","positionright","validityinvalid","test","3","neutral","singlestim","127","187645","302","â€šÃ³Ã¨","67","dotpositionleft","singlestim","128","187999","c","left","correct","1","","1","trialend","singlestim","129","189012"
"6079","Subject146","1","assaultassault","1","assault","positionleft","validityinvalid","test","3","negative","singlestim","131","191019","355","â€šÃ³Ã¨","77","dotpositionright","singlestim","132","191426","m","right","correct","1","","1","trialend","singlestim","133","192438"
"6376","Subject146","1","happyhappy","1","happy","positionright","validityvalid","test","3","positive","singlestim","135","194443","294","â€šÃ³Ã¨","77","dotpositionright","singlestim","136","194790","m","right","correct","1","","1","trialend","singlestim","137","195803"
"6673","Subject146","1","diedie","1","die","positionright","validityvalid","test","3","suicide","singlestim","139","197807","304","â€šÃ³Ã¨","77","dotpositionright","singlestim","140","198163","m","right","correct","1","","1","trialend","singlestim","141","199177"
"6970","Subject146","1","kisskiss","1","kiss","positionright","validityinvalid","test","3","positive","singlestim","143","201181","306","â€šÃ³Ã¨","67","dotpositionleft","singlestim","144","201538","c","left","correct","1","","1","trialend","singlestim","145","202551"
"7267","Subject146","1","bombbomb","1","bomb","positionright","validityvalid","test","3","negative","singlestim","147","204556","341","â€šÃ³Ã¨","77","dotpositionright","singlestim","148","204949","m","right","correct","1","","1","trialend","singlestim","149","205961"
"7564","Subject146","1","metermeter","1","meter","positionleft","validityvalid","test","3","neutral","singlestim","151","207964","274","â€šÃ³Ã¨","67","dotpositionleft","singlestim","152","208290","c","left","correct","1","","1","trialend","singlestim","153","209303"
"7861","Subject146","1","touretoure","1","toure","positionleft","validityvalid","test","3","negative","singlestim","155","211307","306","â€šÃ³Ã¨","67","dotpositionleft","singlestim","156","211665","c","left","correct","1","","1","trialend","singlestim","157","212678"
"8158","Subject146","1","greengreen","1","green","positionright","validityvalid","test","3","neutral","singlestim","159","214681","292","â€šÃ³Ã¨","77","dotpositionright","singlestim","160","215026","m","right","correct","1","","1","trialend","singlestim","161","216039"
"8455","Subject146","1","rejectedrejected","1","rejected","positionright","validityvalid","test","3","negative","singlestim","163","218044","319","â€šÃ³Ã¨","77","dotpositionright","singlestim","164","218414","m","right","correct","1","","1","trialend","singlestim","165","219427"
"8752","Subject146","1","smilesmile","1","smile","positionleft","validityvalid","test","3","positive","singlestim","167","221432","295","â€šÃ³Ã¨","67","dotpositionleft","singlestim","168","221778","c","left","correct","1","","1","trialend","singlestim","169","222791"
"9049","Subject146","1","strongstrong","1","strong","positionleft","validityvalid","test","3","positive","singlestim","171","224795","287","â€šÃ³Ã¨","67","dotpositionleft","singlestim","172","225135","c","left","correct","1","","1","trialend","singlestim","173","226148"
"9346","Subject146","1","museummuseum","1","museum","positionleft","validityvalid","test","3","neutral","singlestim","175","228153","280","â€šÃ³Ã¨","67","dotpositionleft","singlestim","176","228485","c","left","correct","1","","1","trialend","singlestim","177","229498"
"9643","Subject146","1","wohlesswohless","1","wohless","positionright","validityvalid","test","4","negative","singlestim","179","231502","290","â€šÃ³Ã¨","77","dotpositionright","singlestim","180","231845","m","right","correct","1","","1","trialend","singlestim","181","232858"
"9940","Subject146","1","ashamedashamed","1","ashamed","positionright","validityinvalid","test","4","negative","singlestim","183","234863","322","â€šÃ³Ã¨","67","dotpositionleft","singlestim","184","235237","c","left","correct","1","","1","trialend","singlestim","185","236250"
"10237","Subject146","1","successsuccess","1","success","positionleft","validityvalid","test","4","positive","singlestim","187","238254","272","â€šÃ³Ã¨","67","dotpositionleft","singlestim","188","238578","c","left","correct","1","","1","trialend","singlestim","189","239591"
"10534","Subject146","1","engineengine","1","engine","positionleft","validityvalid","test","4","neutral","singlestim","191","241595","288","â€šÃ³Ã¨","67","dotpositionleft","singlestim","192","241936","c","left","correct","1","","1","trialend","singlestim","193","242948"
"10831","Subject146","1","stupidstupid","1","stupid","positionleft","validityvalid","test","4","negative","singlestim","195","244952","330","â€šÃ³Ã¨","67","dotpositionleft","singlestim","196","245335","c","left","correct","1","","1","trialend","singlestim","197","246347"
"11128","Subject146","1","structurestructure","1","structure","positionright","validityvalid","test","4","neutral","singlestim","199","248352","335","â€šÃ³Ã¨","77","dotpositionright","singlestim","200","248738","m","right","correct","1","","1","trialend","singlestim","201","249752"
"11425","Subject146","1","ecstaticecstatic","1","ecstatic","positionright","validityvalid","test","4","positive","singlestim","203","251756","296","â€šÃ³Ã¨","77","dotpositionright","singlestim","204","252104","m","right","correct","1","","1","trialend","singlestim","205","253117"
"11722","Subject146","1","deceaseddeceased","1","deceased","positionright","validityvalid","test","4","suicide","singlestim","207","255122","318","â€šÃ³Ã¨","77","dotpositionright","singlestim","208","255491","m","right","correct","1","","1","trialend","singlestim","209","256505"
"12019","Subject146","1","hanginghanging","1","hanging","positionleft","validityvalid","test","4","suicide","singlestim","211","258508","296","â€šÃ³Ã¨","67","dotpositionleft","singlestim","212","258856","c","left","correct","1","","1","trialend","singlestim","213","259870"
"12316","Subject146","1","frameframe","1","frame","positionleft","validityinvalid","test","4","neutral","singlestim","215","261874","301","â€šÃ³Ã¨","77","dotpositionright","singlestim","216","262226","m","right","correct","1","","1","trialend","singlestim","217","263240"
"12613","Subject146","1","laughlaugh","1","laugh","positionright","validityvalid","test","4","positive","singlestim","219","265244","310","â€šÃ³Ã¨","77","dotpositionright","singlestim","220","265605","m","right","correct","1","","1","trialend","singlestim","221","266618"
"12910","Subject146","1","passionatepassionate","1","passionate","positionleft","validityinvalid","test","4","positive","singlestim","223","268622","305","â€šÃ³Ã¨","77","dotpositionright","singlestim","224","268978","m","right","correct","1","","1","trialend","singlestim","225","269991"
"13207","Subject146","1","suicidesuicide","1","suicide","positionright","validityinvalid","test","4","suicide","singlestim","227","271995","334","â€šÃ³Ã¨","67","dotpositionleft","singlestim","228","272382","c","left","correct","1","","1","trialend","singlestim","229","273395"
"13504","Subject146","1","killingkilling","1","killing","positionleft","validityvalid","test","4","suicide","singlestim","231","275400","371","â€šÃ³Ã¨","67","dotpositionleft","singlestim","232","275822","c","left","correct","1","","1","trialend","singlestim","233","276835"
"13801","Subject146","1","alonealone","1","alone","positionleft","validityvalid","test","4","negative","singlestim","235","278839","352","â€šÃ³Ã¨","67","dotpositionleft","singlestim","236","279244","c","left","correct","1","","1","trialend","singlestim","237","280257"
"14098","Subject146","1","doubledouble","1","double","positionright","validityvalid","test","4","neutral","singlestim","239","282261","303","â€šÃ³Ã¨","77","dotpositionright","singlestim","240","282617","m","right","correct","1","","1","trialend","singlestim","241","283630"
"14395","Subject146","1","cryingcrying","1","crying","positionright","validityvalid","test","1","negative","singlestim","243","285633","305","â€šÃ³Ã¨","77","dotpositionright","singlestim","244","285991","m","right","correct","189","","77","trialend","singlestim","245","287004"
"14692","Subject146","1","foldedfolded","1","folded","positionleft","validityvalid","test","1","neutral","singlestim","247","289008","281","â€šÃ³Ã¨","67","dotpositionleft","singlestim","248","289342","c","left","correct","1","","1","trialend","singlestim","249","290355"
"14989","Subject146","1","paradiseparadise","1","paradise","positionleft","validityvalid","test","1","positive","singlestim","251","292359","280","â€šÃ³Ã¨","67","dotpositionleft","singlestim","252","292690","c","left","correct","1","","1","trialend","singlestim","253","293704"
"15286","Subject146","1","cheesecheese","1","cheese","positionright","validityvalid","test","1","neutral","singlestim","255","295709","272","â€šÃ³Ã¨","77","dotpositionright","singlestim","256","296032","m","right","correct","1","","1","trialend","singlestim","257","297045"
"15583","Subject146","1","healthyhealthy","1","healthy","positionleft","validityinvalid","test","1","positive","singlestim","259","299048","331","â€šÃ³Ã¨","77","dotpositionright","singlestim","260","299430","m","right","correct","1","","1","trialend","singlestim","261","300444"
"15880","Subject146","1","bloodblood","1","blood","positionleft","validityvalid","test","1","suicide","singlestim","263","302448","304","â€šÃ³Ã¨","67","dotpositionleft","singlestim","264","302803","c","left","correct","1","","1","trialend","singlestim","265","303817"
"16177","Subject146","1","hatehate","1","hate","positionright","validityinvalid","test","1","negative","singlestim","267","305820","322","â€šÃ³Ã¨","67","dotpositionleft","singlestim","268","306193","c","left","correct","1","","1","trialend","singlestim","269","307206"
"16474","Subject146","1","statuestatue","1","statue","positionright","validityinvalid","test","1","neutral","singlestim","271","309210","307","â€šÃ³Ã¨","67","dotpositionleft","singlestim","272","309569","c","left","correct","1","","1","trialend","singlestim","273","310583"
"16771","Subject146","1","greatgreat","1","great","positionright","validityvalid","test","1","positive","singlestim","275","312586","266","â€šÃ³Ã¨","77","dotpositionright","singlestim","276","312904","m","right","correct","1","","1","trialend","singlestim","277","313918"
"17068","Subject146","1","attractionattraction","1","attraction","positionright","validityvalid","test","1","positive","singlestim","279","315920","314","â€šÃ³Ã¨","77","dotpositionright","singlestim","280","316286","m","right","correct","1","","1","trialend","singlestim","281","317299"
"17365","Subject146","1","imageimage","1","image","positionleft","validityvalid","test","1","neutral","singlestim","283","319302","336","â€šÃ³Ã¨","67","dotpositionleft","singlestim","284","319690","c","left","correct","1","","1","trialend","singlestim","285","320703"
"17662","Subject146","1","vomitvomit","1","vomit","positionleft","validityvalid","test","1","negative","singlestim","287","322708","324","â€šÃ³Ã¨","67","dotpositionleft","singlestim","288","323083","c","left","correct","1","","1","trialend","singlestim","289","324095"
"17959","Subject146","1","gunshotgunshot","1","gunshot","positionright","validityvalid","test","1","suicide","singlestim","291","326099","350","â€šÃ³Ã¨","77","dotpositionright","singlestim","292","326501","m","right","correct","1","","1","trialend","singlestim","293","327514"
"18256","Subject146","1","patheticpathetic","1","pathetic","positionleft","validityvalid","test","1","negative","singlestim","295","329518","327","â€šÃ³Ã¨","67","dotpositionleft","singlestim","296","329897","c","left","correct","1","","1","trialend","singlestim","297","330910"
"18553","Subject146","1","funeralfuneral","1","funeral","positionright","validityvalid","test","1","suicide","singlestim","299","332914","305","â€šÃ³Ã¨","77","dotpositionright","singlestim","300","333271","m","right","correct","1","","1","trialend","singlestim","301","334283"
"18850","Subject146","1","suffocationsuffocation","1","suffocation","positionleft","validityinvalid","test","1","suicide","singlestim","303","336287","331","â€šÃ³Ã¨","77","dotpositionright","singlestim","304","336671","m","right","correct","1","","1","trialend","singlestim","305","337684"
