"","SubjectID","rt","stimulus","keypress","word","wordposition","validity","block","blocknum","wordtype","trialtype","trialindex","timeelapsed","rt.1","stimulus.1","keypress.1","dotposition","trialtype.1","trialindex.1","timeelapsed.1","keypressed","participantresponse","correctresponse","rt.2","stimulus.2","keypress.2","blocktrial","trialtype.2","trialindex.2","timeelapsed.2"
"178","Subject207","1","foamfoam","1","foam","positionright","validityvalid","test","2","neutral","singlestim","51","62935","844","â€šÃ³Ã¨","77","dotpositionright","singlestim","52","63832","m","right","correct","1","","1","trialend","singlestim","53","64845"
"475","Subject207","1","noosenoose","1","noose","positionleft","validityvalid","test","2","suicide","singlestim","55","66853","472","â€šÃ³Ã¨","67","dotpositionleft","singlestim","56","67378","c","left","correct","1","","1","trialend","singlestim","57","68392"
"772","Subject207","1","abuseabuse","1","abuse","positionright","validityvalid","test","2","negative","singlestim","59","70402","468","â€šÃ³Ã¨","77","dotpositionright","singlestim","60","70927","m","right","correct","1","","1","trialend","singlestim","61","71944"
"1069","Subject207","1","corpsecorpse","1","corpse","positionleft","validityvalid","test","2","suicide","singlestim","63","73952","477","â€šÃ³Ã¨","67","dotpositionleft","singlestim","64","74481","c","left","correct","1","","1","trialend","singlestim","65","75496"
"1366","Subject207","1","deathdeath","1","death","positionright","validityvalid","test","2","suicide","singlestim","67","77504","295","â€šÃ³Ã¨","77","dotpositionright","singlestim","68","77852","m","right","correct","1","","1","trialend","singlestim","69","78868"
"1663","Subject207","1","enthusiasmenthusiasm","1","enthusiasm","positionright","validityvalid","test","2","positive","singlestim","71","80876","452","â€šÃ³Ã¨","77","dotpositionright","singlestim","72","81381","m","right","correct","1","","1","trialend","singlestim","73","82397"
"1960","Subject207","1","lovelove","1","love","positionright","validityinvalid","test","2","positive","singlestim","75","84405","373","â€šÃ³Ã¨","67","dotpositionleft","singlestim","76","84832","c","left","correct","1","","1","trialend","singlestim","77","85844"
"2257","Subject207","1","overdoseoverdose","1","overdose","positionright","validityinvalid","test","2","suicide","singlestim","79","87853","490","â€šÃ³Ã¨","67","dotpositionleft","singlestim","80","88400","c","left","correct","1","","1","trialend","singlestim","81","89415"
"2554","Subject207","1","failurefailure","1","failure","positionleft","validityvalid","test","2","negative","singlestim","83","91422","489","â€šÃ³Ã¨","67","dotpositionleft","singlestim","84","91963","c","left","correct","1","","1","trialend","singlestim","85","92978"
"2851","Subject207","1","pleasurepleasure","1","pleasure","positionleft","validityvalid","test","2","positive","singlestim","87","94987","392","â€šÃ³Ã¨","67","dotpositionleft","singlestim","88","95431","c","left","correct","1","","1","trialend","singlestim","89","96443"
"3148","Subject207","1","braverybravery","1","bravery","positionleft","validityvalid","test","2","positive","singlestim","91","98452","447","â€šÃ³Ã¨","67","dotpositionleft","singlestim","92","98954","c","left","correct","1","","1","trialend","singlestim","93","99968"
"3445","Subject207","1","tabletable","1","table","positionright","validityvalid","test","2","neutral","singlestim","95","101980","488","â€šÃ³Ã¨","77","dotpositionright","singlestim","96","102523","m","right","correct","1","","1","trialend","singlestim","97","103536"
"3742","Subject207","1","horsehorse","1","horse","positionleft","validityinvalid","test","2","neutral","singlestim","99","105545","443","â€šÃ³Ã¨","77","dotpositionright","singlestim","100","106042","m","right","correct","1","","1","trialend","singlestim","101","107054"
"4039","Subject207","1","filthyfilthy","1","filthy","positionleft","validityinvalid","test","2","negative","singlestim","103","109061","416","â€šÃ³Ã¨","77","dotpositionright","singlestim","104","109531","m","right","correct","1","","1","trialend","singlestim","105","110546"
"4336","Subject207","1","cruelcruel","1","cruel","positionright","validityvalid","test","2","negative","singlestim","107","112556","437","â€šÃ³Ã¨","77","dotpositionright","singlestim","108","113046","m","right","correct","1","","1","trialend","singlestim","109","114059"
"4633","Subject207","1","paperpaper","1","paper","positionleft","validityvalid","test","2","neutral","singlestim","111","116068","372","â€šÃ³Ã¨","67","dotpositionleft","singlestim","112","116491","c","left","correct","1","","1","trialend","singlestim","113","117507"
"4930","Subject207","1","museummuseum","1","museum","positionleft","validityvalid","test","3","neutral","singlestim","115","119515","459","â€šÃ³Ã¨","67","dotpositionleft","singlestim","116","120028","c","left","correct","1","","1","trialend","singlestim","117","121041"
"5227","Subject207","1","metermeter","1","meter","positionleft","validityvalid","test","3","neutral","singlestim","119","123050","344","â€šÃ³Ã¨","67","dotpositionleft","singlestim","120","123447","c","left","correct","1","","1","trialend","singlestim","121","124460"
"5524","Subject207","1","rejectedrejected","1","rejected","positionright","validityvalid","test","3","negative","singlestim","123","126469","436","â€šÃ³Ã¨","77","dotpositionright","singlestim","124","126956","m","right","correct","1","","1","trialend","singlestim","125","127972"
"5821","Subject207","1","happyhappy","1","happy","positionright","validityvalid","test","3","positive","singlestim","127","129981","386","â€šÃ³Ã¨","77","dotpositionright","singlestim","128","130420","m","right","correct","1","","1","trialend","singlestim","129","131437"
"6118","Subject207","1","assaultassault","1","assault","positionleft","validityinvalid","test","3","negative","singlestim","131","133445","527","â€šÃ³Ã¨","77","dotpositionright","singlestim","132","134029","m","right","correct","1","","1","trialend","singlestim","133","135041"
"6415","Subject207","1","greengreen","1","green","positionright","validityvalid","test","3","neutral","singlestim","135","137052","501","â€šÃ³Ã¨","77","dotpositionright","singlestim","136","137607","m","right","correct","1","","1","trialend","singlestim","137","138623"
"6712","Subject207","1","closetcloset","1","closet","positionright","validityinvalid","test","3","neutral","singlestim","139","140631","530","â€šÃ³Ã¨","67","dotpositionleft","singlestim","140","141216","c","left","correct","1","","1","trialend","singlestim","141","142230"
"7009","Subject207","1","dyingdying","1","dying","positionleft","validityvalid","test","3","suicide","singlestim","143","144241","562","â€šÃ³Ã¨","67","dotpositionleft","singlestim","144","144857","c","left","correct","1","","1","trialend","singlestim","145","145873"
"7306","Subject207","1","smilesmile","1","smile","positionleft","validityvalid","test","3","positive","singlestim","147","147881","381","â€šÃ³Ã¨","67","dotpositionleft","singlestim","148","148316","c","left","correct","1","","1","trialend","singlestim","149","149332"
"7603","Subject207","1","bombbomb","1","bomb","positionright","validityvalid","test","3","negative","singlestim","151","151340","436","â€šÃ³Ã¨","77","dotpositionright","singlestim","152","151828","m","right","correct","1","","1","trialend","singlestim","153","152844"
"7900","Subject207","1","kisskiss","1","kiss","positionright","validityinvalid","test","3","positive","singlestim","155","154851","515","â€šÃ³Ã¨","67","dotpositionleft","singlestim","156","155418","c","left","correct","1","","1","trialend","singlestim","157","156435"
"8197","Subject207","1","deaddead","1","dead","positionleft","validityinvalid","test","3","suicide","singlestim","159","158444","1304","â€šÃ³Ã¨","77","dotpositionright","singlestim","160","159800","m","right","correct","1","","1","trialend","singlestim","161","160812"
"8494","Subject207","1","cuttingcutting","1","cutting","positionright","validityvalid","test","3","suicide","singlestim","163","162820","596","â€šÃ³Ã¨","77","dotpositionright","singlestim","164","163470","m","right","correct","1","","1","trialend","singlestim","165","164484"
"8791","Subject207","1","touretoure","1","toure","positionleft","validityvalid","test","3","negative","singlestim","167","166494","500","â€šÃ³Ã¨","67","dotpositionleft","singlestim","168","167046","c","left","correct","1","","1","trialend","singlestim","169","168061"
"9088","Subject207","1","strongstrong","1","strong","positionleft","validityvalid","test","3","positive","singlestim","171","170070","560","â€šÃ³Ã¨","67","dotpositionleft","singlestim","172","170682","c","left","correct","1","","1","trialend","singlestim","173","171695"
"9385","Subject207","1","diedie","1","die","positionright","validityvalid","test","3","suicide","singlestim","175","173704","469","â€šÃ³Ã¨","77","dotpositionright","singlestim","176","174225","m","right","correct","1","","1","trialend","singlestim","177","175241"
"9682","Subject207","1","attractionattraction","1","attraction","positionright","validityvalid","test","1","positive","singlestim","179","177251","339","â€šÃ³Ã¨","77","dotpositionright","singlestim","180","177646","m","right","correct","1","","1","trialend","singlestim","181","178660"
"9979","Subject207","1","foldedfolded","1","folded","positionleft","validityvalid","test","1","neutral","singlestim","183","180669","356","â€šÃ³Ã¨","67","dotpositionleft","singlestim","184","181077","c","left","correct","1","","1","trialend","singlestim","185","182090"
"10276","Subject207","1","cryingcrying","1","crying","positionright","validityvalid","test","1","negative","singlestim","187","184099","369","â€šÃ³Ã¨","77","dotpositionright","singlestim","188","184520","m","right","correct","1","","1","trialend","singlestim","189","185538"
"10573","Subject207","1","vomitvomit","1","vomit","positionleft","validityvalid","test","1","negative","singlestim","191","187547","518","â€šÃ³Ã¨","67","dotpositionleft","singlestim","192","188119","c","left","correct","1","","1","trialend","singlestim","193","189137"
"10870","Subject207","1","funeralfuneral","1","funeral","positionright","validityvalid","test","1","suicide","singlestim","195","191145","484","â€šÃ³Ã¨","77","dotpositionright","singlestim","196","191686","m","right","correct","1","","1","trialend","singlestim","197","192701"
"11167","Subject207","1","hatehate","1","hate","positionright","validityinvalid","test","1","negative","singlestim","199","194710","413","â€šÃ³Ã¨","67","dotpositionleft","singlestim","200","195176","c","left","correct","1","","1","trialend","singlestim","201","196189"
"11464","Subject207","1","statuestatue","1","statue","positionright","validityinvalid","test","1","neutral","singlestim","203","198196","352","â€šÃ³Ã¨","67","dotpositionleft","singlestim","204","198604","c","left","correct","1","","1","trialend","singlestim","205","199619"
"11761","Subject207","1","greatgreat","1","great","positionright","validityvalid","test","1","positive","singlestim","207","201627","422","â€šÃ³Ã¨","77","dotpositionright","singlestim","208","202103","m","right","correct","1","","1","trialend","singlestim","209","203119"
"12058","Subject207","1","gunshotgunshot","1","gunshot","positionright","validityvalid","test","1","suicide","singlestim","211","205127","422","â€šÃ³Ã¨","77","dotpositionright","singlestim","212","205601","m","right","correct","1","","1","trialend","singlestim","213","206613"
"12355","Subject207","1","bloodblood","1","blood","positionleft","validityvalid","test","1","suicide","singlestim","215","208622","499","â€šÃ³Ã¨","67","dotpositionleft","singlestim","216","209174","c","left","correct","1","","1","trialend","singlestim","217","210188"
"12652","Subject207","1","patheticpathetic","1","pathetic","positionleft","validityvalid","test","1","negative","singlestim","219","212197","460","â€šÃ³Ã¨","67","dotpositionleft","singlestim","220","212714","c","left","correct","1","","1","trialend","singlestim","221","213729"
"12949","Subject207","1","paradiseparadise","1","paradise","positionleft","validityvalid","test","1","positive","singlestim","223","215737","491","â€šÃ³Ã¨","67","dotpositionleft","singlestim","224","216280","c","left","correct","1","","1","trialend","singlestim","225","217293"
"13246","Subject207","1","healthyhealthy","1","healthy","positionleft","validityinvalid","test","1","positive","singlestim","227","219301","450","â€šÃ³Ã¨","77","dotpositionright","singlestim","228","219805","m","right","correct","1","","1","trialend","singlestim","229","220818"
"13543","Subject207","1","cheesecheese","1","cheese","positionright","validityvalid","test","1","neutral","singlestim","231","222825","715","â€šÃ³Ã¨","77","dotpositionright","singlestim","232","223593","m","right","correct","1","","1","trialend","singlestim","233","224606"
"13840","Subject207","1","imageimage","1","image","positionleft","validityvalid","test","1","neutral","singlestim","235","226615","524","â€šÃ³Ã¨","67","dotpositionleft","singlestim","236","227190","c","left","correct","1","","1","trialend","singlestim","237","228205"
"14137","Subject207","1","suffocationsuffocation","1","suffocation","positionleft","validityinvalid","test","1","suicide","singlestim","239","230213","378","â€šÃ³Ã¨","77","dotpositionright","singlestim","240","230645","m","right","correct","1","","1","trialend","singlestim","241","231659"
"14434","Subject207","1","laughlaugh","1","laugh","positionright","validityvalid","test","4","positive","singlestim","243","233667","428","â€šÃ³Ã¨","77","dotpositionright","singlestim","244","234148","m","right","correct","1","","1","trialend","singlestim","245","235163"
"14731","Subject207","1","ashamedashamed","1","ashamed","positionright","validityinvalid","test","4","negative","singlestim","247","237173","502","â€šÃ³Ã¨","67","dotpositionleft","singlestim","248","237727","c","left","correct","1","","1","trialend","singlestim","249","238740"
"15028","Subject207","1","ecstaticecstatic","1","ecstatic","positionright","validityvalid","test","4","positive","singlestim","251","240748","445","â€šÃ³Ã¨","77","dotpositionright","singlestim","252","241247","m","right","correct","1","","1","trialend","singlestim","253","242263"
"15325","Subject207","1","passionatepassionate","1","passionate","positionleft","validityinvalid","test","4","positive","singlestim","255","244272","455","â€šÃ³Ã¨","77","dotpositionright","singlestim","256","244780","m","right","correct","1","","1","trialend","singlestim","257","245798"
"15622","Subject207","1","doubledouble","1","double","positionright","validityvalid","test","4","neutral","singlestim","259","247806","470","â€šÃ³Ã¨","77","dotpositionright","singlestim","260","248331","m","right","correct","1","","1","trialend","singlestim","261","249344"
"15919","Subject207","1","deceaseddeceased","1","deceased","positionright","validityvalid","test","4","suicide","singlestim","263","251352","552","â€šÃ³Ã¨","77","dotpositionright","singlestim","264","251958","m","right","correct","1","","1","trialend","singlestim","265","252971"
"16216","Subject207","1","suicidesuicide","1","suicide","positionright","validityinvalid","test","4","suicide","singlestim","267","254980","472","â€šÃ³Ã¨","67","dotpositionleft","singlestim","268","255506","c","left","correct","1","","1","trialend","singlestim","269","256519"
"16513","Subject207","1","structurestructure","1","structure","positionright","validityvalid","test","4","neutral","singlestim","271","258527","398","â€šÃ³Ã¨","77","dotpositionright","singlestim","272","258976","m","right","correct","1","","1","trialend","singlestim","273","259988"
"16810","Subject207","1","frameframe","1","frame","positionleft","validityinvalid","test","4","neutral","singlestim","275","261997","487","â€šÃ³Ã¨","77","dotpositionright","singlestim","276","262538","m","right","correct","1","","1","trialend","singlestim","277","263553"
"17107","Subject207","1","hanginghanging","1","hanging","positionleft","validityvalid","test","4","suicide","singlestim","279","265561","471","â€šÃ³Ã¨","67","dotpositionleft","singlestim","280","266086","c","left","correct","1","","1","trialend","singlestim","281","267101"
"17404","Subject207","1","alonealone","1","alone","positionleft","validityvalid","test","4","negative","singlestim","283","269108","419","â€šÃ³Ã¨","67","dotpositionleft","singlestim","284","269580","c","left","correct","1","","1","trialend","singlestim","285","270593"
"17701","Subject207","1","engineengine","1","engine","positionleft","validityvalid","test","4","neutral","singlestim","287","272602","590","â€šÃ³Ã¨","67","dotpositionleft","singlestim","288","273246","c","left","correct","1","","1","trialend","singlestim","289","274262"
"17998","Subject207","1","wohlesswohless","1","wohless","positionright","validityvalid","test","4","negative","singlestim","291","276269","542","â€šÃ³Ã¨","77","dotpositionright","singlestim","292","276865","m","right","correct","1","","1","trialend","singlestim","293","277877"
"18295","Subject207","1","stupidstupid","1","stupid","positionleft","validityvalid","test","4","negative","singlestim","295","279886","1204","â€šÃ³Ã¨","67","dotpositionleft","singlestim","296","281143","c","left","correct","1","","1","trialend","singlestim","297","282161"
"18592","Subject207","1","successsuccess","1","success","positionleft","validityvalid","test","4","positive","singlestim","299","284169","485","â€šÃ³Ã¨","67","dotpositionleft","singlestim","300","284706","c","left","correct","1","","1","trialend","singlestim","301","285718"
"18889","Subject207","1","killingkilling","1","killing","positionleft","validityvalid","test","4","suicide","singlestim","303","287728","439","â€šÃ³Ã¨","67","dotpositionleft","singlestim","304","288219","c","left","correct","1","","1","trialend","singlestim","305","289234"
