,SubjectID,rt,stimulus,keypress,word,wordposition,validity,block,blocknum,wordtype,trialtype,trialindex,timeelapsed,rt.1,stimulus.1,keypress.1,dotposition,trialtype.1,trialindex.1,timeelapsed.1,keypressed,participantresponse,correctresponse,rt.2,stimulus.2,keypress.2,blocktrial,trialtype.2,trialindex.2,timeelapsed.2
122,Subject128,1,image,positionleft,,test,validityvalid,,singlestim,neutral,72792,100010,,565,dotpositionleft,singlestim,52,73412,100020,c,,1,correct,1,trialend,singlestim,53,74428,100030,1
419,Subject128,1,gunshot,positionright,,test,validityvalid,,singlestim,suicide,76437,100050,,380,dotpositionright,singlestim,56,76868,100060,m,,1,correct,1,trialend,singlestim,57,77881,100070,1
716,Subject128,1,blood,positionleft,,test,validityvalid,,singlestim,suicide,79890,100090,,511,dotpositionleft,singlestim,60,80457,1000100,c,,1,correct,1,trialend,singlestim,61,81475,1000110,1
1013,Subject128,1,suffocation,positionleft,,test,validityinvalid,,singlestim,suicide,83483,1000130,,404,dotpositionright,singlestim,64,83941,1000140,m,,1,correct,1,trialend,singlestim,65,84957,1000150,1
1310,Subject128,1,statue,positionright,,test,validityinvalid,,singlestim,neutral,86966,1000170,,324,dotpositionleft,singlestim,68,87341,1000180,c,,1,correct,1,trialend,singlestim,69,88359,1000190,1
1607,Subject128,1,pathetic,positionleft,,test,validityvalid,,singlestim,negative,90367,1000210,,392,dotpositionleft,singlestim,72,90811,1000220,c,,1,correct,1,trialend,singlestim,73,91829,1000230,1
1904,Subject128,1,great,positionright,,test,validityvalid,,singlestim,positive,93838,1000250,,329,dotpositionright,singlestim,76,94221,1000260,m,,1,correct,1,trialend,singlestim,77,95237,1000270,1
2201,Subject128,1,vomit,positionleft,,test,validityvalid,,singlestim,negative,97245,1000290,,377,dotpositionleft,singlestim,80,97677,1000300,c,,1,correct,1,trialend,singlestim,81,98690,1000310,1
2498,Subject128,1,folded,positionleft,,test,validityvalid,,singlestim,neutral,100701,1000330,,336,dotpositionleft,singlestim,84,101094,1000340,c,,1,correct,1,trialend,singlestim,85,102109,1000350,1
2795,Subject128,1,attraction,positionright,,test,validityvalid,,singlestim,positive,104117,1000370,,541,dotpositionright,singlestim,88,104711,1000380,m,,1,correct,1,trialend,singlestim,89,105729,1000390,1
3092,Subject128,1,cheese,positionright,,test,validityvalid,,singlestim,neutral,107740,1000410,,275,dotpositionright,singlestim,92,108066,1000420,m,,1,correct,1,trialend,singlestim,93,109080,1000430,1
3389,Subject128,1,hate,positionright,,test,validityinvalid,,singlestim,negative,111089,1000450,,438,dotpositionleft,singlestim,96,111579,1000460,c,,1,correct,1,trialend,singlestim,97,112596,1000470,1
3686,Subject128,1,funeral,positionright,,test,validityvalid,,singlestim,suicide,114605,1000490,,451,dotpositionright,singlestim,100,115110,1000500,m,,1,correct,1,trialend,singlestim,101,116127,1000510,1
3983,Subject128,1,healthy,positionleft,,test,validityinvalid,,singlestim,positive,118135,1000530,,424,dotpositionright,singlestim,104,118610,1000540,m,,1,correct,1,trialend,singlestim,105,119626,1000550,1
4280,Subject128,1,crying,positionright,,test,validityvalid,,singlestim,negative,121635,1000570,,414,dotpositionright,singlestim,108,122102,1000580,m,,1,correct,1,trialend,singlestim,109,123115,1000590,1
4577,Subject128,1,paradise,positionleft,,test,validityvalid,,singlestim,positive,125124,1000610,,359,dotpositionleft,singlestim,112,125535,1000620,c,,1,correct,1,trialend,singlestim,113,126551,1000630,1
4874,Subject128,1,dying,positionleft,,test,validityvalid,,singlestim,suicide,128559,101010,,379,dotpositionleft,singlestim,116,128991,101020,c,,1,correct,1,trialend,singlestim,117,130004,101030,1
5171,Subject128,1,rejected,positionright,,test,validityvalid,,singlestim,negative,132013,101050,,429,dotpositionright,singlestim,120,132493,101060,m,,1,correct,1,trialend,singlestim,121,133510,101070,1
5468,Subject128,1,museum,positionleft,,test,validityvalid,,singlestim,neutral,135519,101090,,327,dotpositionleft,singlestim,124,135898,1010100,c,,1,correct,1,trialend,singlestim,125,136912,1010110,1
5765,Subject128,1,closet,positionright,,test,validityinvalid,,singlestim,neutral,138920,1010130,,572,dotpositionleft,singlestim,128,139544,1010140,c,,1,correct,1,trialend,singlestim,129,140561,1010150,453
6062,Subject128,67,toure,positionleft,,test,validityvalid,,singlestim,negative,142570,1010170,,369,dotpositionleft,singlestim,132,142993,1010180,c,,1,correct,1,trialend,singlestim,133,144010,1010190,1
6359,Subject128,1,die,positionright,,test,validityvalid,,singlestim,suicide,146019,1010210,,381,dotpositionright,singlestim,136,146453,1010220,m,,1,correct,1,trialend,singlestim,137,147470,1010230,1
6656,Subject128,1,dead,positionleft,,test,validityinvalid,,singlestim,suicide,149479,1010250,,542,dotpositionright,singlestim,140,150077,1010260,m,,1,correct,1,trialend,singlestim,141,151094,1010270,1
6953,Subject128,1,cutting,positionright,,test,validityvalid,,singlestim,suicide,153100,1010290,,370,dotpositionright,singlestim,144,153523,1010300,m,,1,correct,1,trialend,singlestim,145,154539,1010310,1
7250,Subject128,1,assault,positionleft,,test,validityinvalid,,singlestim,negative,156547,1010330,,355,dotpositionright,singlestim,148,156955,1010340,m,,1,correct,1,trialend,singlestim,149,157970,1010350,1
7547,Subject128,1,green,positionright,,test,validityvalid,,singlestim,neutral,159980,1010370,,385,dotpositionright,singlestim,152,160421,1010380,m,,1,correct,1,trialend,singlestim,153,161435,1010390,1
7844,Subject128,1,kiss,positionright,,test,validityinvalid,,singlestim,positive,163443,1010410,,352,dotpositionleft,singlestim,156,163849,1010420,c,,1,correct,1,trialend,singlestim,157,164865,1010430,1
8141,Subject128,1,meter,positionleft,,test,validityvalid,,singlestim,neutral,166873,1010450,,744,dotpositionleft,singlestim,160,167674,1010460,c,,1,correct,1,trialend,singlestim,161,168690,1010470,1
8438,Subject128,1,bomb,positionright,,test,validityvalid,,singlestim,negative,170698,1010490,,374,dotpositionright,singlestim,164,171124,1010500,m,,1,correct,1,trialend,singlestim,165,172137,1010510,1
8735,Subject128,1,smile,positionleft,,test,validityvalid,,singlestim,positive,174147,1010530,,288,dotpositionleft,singlestim,168,174487,1010540,c,,1,correct,1,trialend,singlestim,169,175504,1010550,1
9032,Subject128,1,strong,positionleft,,test,validityvalid,,singlestim,positive,177513,1010570,,284,dotpositionleft,singlestim,172,177849,1010580,c,,1,correct,1,trialend,singlestim,173,178865,1010590,1
9329,Subject128,1,happy,positionright,,test,validityvalid,,singlestim,positive,180874,1010610,,404,dotpositionright,singlestim,176,181333,1010620,m,,1,correct,1,trialend,singlestim,177,182347,1010630,1
9626,Subject128,1,frame,positionleft,,test,validityinvalid,,singlestim,neutral,184356,102010,,463,dotpositionright,singlestim,180,184872,102020,m,,1,correct,1,trialend,singlestim,181,185888,102030,1
9923,Subject128,1,structure,positionright,,test,validityvalid,,singlestim,neutral,187897,102050,,427,dotpositionright,singlestim,184,188376,102060,m,,1,correct,1,trialend,singlestim,185,189394,102070,1
10220,Subject128,1,ashamed,positionright,,test,validityinvalid,,singlestim,negative,191403,102090,,367,dotpositionleft,singlestim,188,191825,1020100,c,,1,correct,1,trialend,singlestim,189,192842,1020110,1
10517,Subject128,1,deceased,positionright,,test,validityvalid,,singlestim,suicide,194850,1020130,,331,dotpositionright,singlestim,192,195233,1020140,m,,1,correct,1,trialend,singlestim,193,196249,1020150,1
10814,Subject128,1,killing,positionleft,,test,validityvalid,,singlestim,suicide,198258,1020170,,320,dotpositionleft,singlestim,196,198632,1020180,c,,1,correct,1,trialend,singlestim,197,199651,1020190,1
11111,Subject128,1,ecstatic,positionright,,test,validityvalid,,singlestim,positive,201659,1020210,,311,dotpositionright,singlestim,200,202025,1020220,m,,1,correct,1,trialend,singlestim,201,203040,1020230,1
11408,Subject128,1,hanging,positionleft,,test,validityvalid,,singlestim,suicide,205048,1020250,,400,dotpositionleft,singlestim,204,205500,1020260,c,,1,correct,1,trialend,singlestim,205,206516,1020270,1
11705,Subject128,1,passionate,positionleft,,test,validityinvalid,,singlestim,positive,208525,1020290,,438,dotpositionright,singlestim,208,209019,1020300,m,,1,correct,1,trialend,singlestim,209,210034,1020310,1
12002,Subject128,1,stupid,positionleft,,test,validityvalid,,singlestim,negative,212042,1020330,,306,dotpositionleft,singlestim,212,212404,1020340,c,,1,correct,1,trialend,singlestim,213,213417,1020350,1
12299,Subject128,1,laugh,positionright,,test,validityvalid,,singlestim,positive,215426,1020370,,425,dotpositionright,singlestim,216,215906,1020380,m,,1,correct,1,trialend,singlestim,217,216924,1020390,1
12596,Subject128,1,success,positionleft,,test,validityvalid,,singlestim,positive,218932,1020410,,362,dotpositionleft,singlestim,220,219346,1020420,c,,1,correct,1,trialend,singlestim,221,220364,1020430,1
12893,Subject128,1,engine,positionleft,,test,validityvalid,,singlestim,neutral,222374,1020450,,362,dotpositionleft,singlestim,224,222793,1020460,c,,1,correct,1,trialend,singlestim,225,223807,1020470,1
13190,Subject128,1,wohless,positionright,,test,validityvalid,,singlestim,negative,225817,1020490,,252,dotpositionright,singlestim,228,226120,1020500,m,,1,correct,1,trialend,singlestim,229,227133,1020510,1
13487,Subject128,1,double,positionright,,test,validityvalid,,singlestim,neutral,229142,1020530,,362,dotpositionright,singlestim,232,229558,1020540,m,,1,correct,1,trialend,singlestim,233,230576,1020550,1
13784,Subject128,1,alone,positionleft,,test,validityvalid,,singlestim,negative,232584,1020570,,381,dotpositionleft,singlestim,236,233017,1020580,c,,1,correct,1,trialend,singlestim,237,234031,1020590,1
14081,Subject128,1,suicide,positionright,,test,validityinvalid,,singlestim,suicide,236038,1020610,,545,dotpositionleft,singlestim,240,236636,1020620,c,,1,correct,1,trialend,singlestim,241,237650,1020630,1
14378,Subject128,1,foam,positionright,,test,validityvalid,,singlestim,neutral,239659,103010,,466,dotpositionright,singlestim,244,240181,103020,m,,1,correct,1,trialend,singlestim,245,241198,103030,1
14675,Subject128,1,corpse,positionleft,,test,validityvalid,,singlestim,suicide,243206,103050,,317,dotpositionleft,singlestim,248,243575,103060,c,,1,correct,1,trialend,singlestim,249,244593,103070,1
14972,Subject128,1,failure,positionleft,,test,validityvalid,,singlestim,negative,246601,103090,,819,dotpositionleft,singlestim,252,247477,1030100,c,,1,correct,1,trialend,singlestim,253,248493,1030110,1
15269,Subject128,1,overdose,positionright,,test,validityinvalid,,singlestim,suicide,250501,1030130,,440,dotpositionleft,singlestim,256,250994,1030140,c,,1,correct,1,trialend,singlestim,257,252011,1030150,1
15566,Subject128,1,love,positionright,,test,validityinvalid,,singlestim,positive,254019,1030170,,323,dotpositionleft,singlestim,260,254394,1030180,c,,1,correct,1,trialend,singlestim,261,255412,1030190,1
15863,Subject128,1,horse,positionleft,,test,validityinvalid,,singlestim,neutral,257420,1030210,,303,dotpositionright,singlestim,264,257776,1030220,m,,1,correct,1,trialend,singlestim,265,258790,1030230,1
16160,Subject128,1,cruel,positionright,,test,validityvalid,,singlestim,negative,260798,1030250,,409,dotpositionright,singlestim,268,261259,1030260,m,,1,correct,1,trialend,singlestim,269,262273,1030270,1
16457,Subject128,1,enthusiasm,positionright,,test,validityvalid,,singlestim,positive,264281,1030290,,360,dotpositionright,singlestim,272,264695,1030300,m,,1,correct,1,trialend,singlestim,273,265709,1030310,1
16754,Subject128,1,death,positionright,,test,validityvalid,,singlestim,suicide,267717,1030330,,511,dotpositionright,singlestim,276,268280,1030340,m,,1,correct,1,trialend,singlestim,277,269298,1030350,1
17051,Subject128,1,table,positionright,,test,validityvalid,,singlestim,neutral,271305,1030370,,337,dotpositionright,singlestim,280,271695,1030380,m,,1,correct,1,trialend,singlestim,281,272709,1030390,1
17348,Subject128,1,noose,positionleft,,test,validityvalid,,singlestim,suicide,274718,1030410,,304,dotpositionleft,singlestim,284,275073,1030420,c,,1,correct,1,trialend,singlestim,285,276087,1030430,1
17645,Subject128,1,paper,positionleft,,test,validityvalid,,singlestim,neutral,278098,1030450,,298,dotpositionleft,singlestim,288,278452,1030460,c,,1,correct,1,trialend,singlestim,289,279464,1030470,1
17942,Subject128,1,filthy,positionleft,,test,validityinvalid,,singlestim,negative,281473,1030490,,403,dotpositionright,singlestim,292,281928,1030500,m,,1,correct,1,trialend,singlestim,293,282941,1030510,1
18239,Subject128,1,bravery,positionleft,,test,validityvalid,,singlestim,positive,284950,1030530,,376,dotpositionleft,singlestim,296,285379,1030540,c,,1,correct,1,trialend,singlestim,297,286395,1030550,1
18536,Subject128,1,abuse,positionright,,test,validityvalid,,singlestim,negative,288404,1030570,,319,dotpositionright,singlestim,300,288777,1030580,m,,1,correct,1,trialend,singlestim,301,289791,1030590,1
18833,Subject128,1,pleasure,positionleft,,test,validityvalid,,singlestim,positive,291798,1030610,,341,dotpositionleft,singlestim,304,292193,1030620,c,,1,correct,1,trialend,singlestim,305,293210,1030630,1002