"","SubjectID","rt","stimulus","keypress","word","wordposition","validity","block","blocknum","wordtype","trialtype","trialindex","timeelapsed","rt.1","stimulus.1","keypress.1","dotposition","trialtype.1","trialindex.1","timeelapsed.1","keypressed","participantresponse","correctresponse","rt.2","stimulus.2","keypress.2","blocktrial","trialtype.2","trialindex.2","timeelapsed.2"
"121","Subject127","1","enthusiasmenthusiasm","1","enthusiasm","positionright","validityvalid","test","2","positive","singlestim","51","83216","449","â€šÃ³Ã¨","77","dotpositionright","singlestim","52","83716","m","right","correct","1","","1","trialend","singlestim","53","84727"
"418","Subject127","1","paperpaper","1","paper","positionleft","validityvalid","test","2","neutral","singlestim","55","86730","462","â€šÃ³Ã¨","67","dotpositionleft","singlestim","56","87244","c","left","correct","1","","1","trialend","singlestim","57","88256"
"715","Subject127","1","corpsecorpse","1","corpse","positionleft","validityvalid","test","2","suicide","singlestim","59","90258","631","â€šÃ³Ã¨","67","dotpositionleft","singlestim","60","90939","c","left","correct","1","","1","trialend","singlestim","61","91951"
"1012","Subject127","1","overdoseoverdose","1","overdose","positionright","validityinvalid","test","2","suicide","singlestim","63","93954","407","â€šÃ³Ã¨","67","dotpositionleft","singlestim","64","94411","c","left","correct","1","","1","trialend","singlestim","65","95422"
"1309","Subject127","1","failurefailure","1","failure","positionleft","validityvalid","test","2","negative","singlestim","67","97424","424","â€šÃ³Ã¨","67","dotpositionleft","singlestim","68","97900","c","left","correct","1","","1","trialend","singlestim","69","98911"
"1606","Subject127","1","filthyfilthy","1","filthy","positionleft","validityinvalid","test","2","negative","singlestim","71","100913","440","â€šÃ³Ã¨","77","dotpositionright","singlestim","72","101404","m","right","correct","1","","1","trialend","singlestim","73","102416"
"1903","Subject127","1","horsehorse","1","horse","positionleft","validityinvalid","test","2","neutral","singlestim","75","104418","374","â€šÃ³Ã¨","77","dotpositionright","singlestim","76","104843","m","right","correct","1","","1","trialend","singlestim","77","105856"
"2200","Subject127","1","foamfoam","1","foam","positionright","validityvalid","test","2","neutral","singlestim","79","107858","398","â€šÃ³Ã¨","77","dotpositionright","singlestim","80","108307","m","right","correct","1","","1","trialend","singlestim","81","109320"
"2497","Subject127","1","tabletable","1","table","positionright","validityvalid","test","2","neutral","singlestim","83","111322","375","â€šÃ³Ã¨","77","dotpositionright","singlestim","84","111747","m","right","correct","1","","1","trialend","singlestim","85","112760"
"2794","Subject127","1","braverybravery","1","bravery","positionleft","validityvalid","test","2","positive","singlestim","87","114762","453","â€šÃ³Ã¨","67","dotpositionleft","singlestim","88","115267","c","left","correct","1","","1","trialend","singlestim","89","116279"
"3091","Subject127","1","lovelove","1","love","positionright","validityinvalid","test","2","positive","singlestim","91","118281","391","â€šÃ³Ã¨","67","dotpositionleft","singlestim","92","118722","c","left","correct","1","","1","trialend","singlestim","93","119734"
"3388","Subject127","1","pleasurepleasure","1","pleasure","positionleft","validityvalid","test","2","positive","singlestim","95","121736","543","â€šÃ³Ã¨","67","dotpositionleft","singlestim","96","122330","c","left","correct","1","","1","trialend","singlestim","97","123342"
"3685","Subject127","1","noosenoose","1","noose","positionleft","validityvalid","test","2","suicide","singlestim","99","125344","422","â€šÃ³Ã¨","67","dotpositionleft","singlestim","100","125818","c","left","correct","1","","1","trialend","singlestim","101","126830"
"3982","Subject127","1","deathdeath","1","death","positionright","validityvalid","test","2","suicide","singlestim","103","128832","429","â€šÃ³Ã¨","77","dotpositionright","singlestim","104","129313","m","right","correct","1","","1","trialend","singlestim","105","130325"
"4279","Subject127","1","cruelcruel","1","cruel","positionright","validityvalid","test","2","negative","singlestim","107","132327","496","â€šÃ³Ã¨","77","dotpositionright","singlestim","108","132874","m","right","correct","1","","1","trialend","singlestim","109","133885"
"4576","Subject127","1","abuseabuse","1","abuse","positionright","validityvalid","test","2","negative","singlestim","111","135887","383","â€šÃ³Ã¨","77","dotpositionright","singlestim","112","136321","m","right","correct","1","","1","trialend","singlestim","113","137333"
"4873","Subject127","1","hanginghanging","1","hanging","positionleft","validityvalid","test","4","suicide","singlestim","115","139335","542","â€šÃ³Ã¨","67","dotpositionleft","singlestim","116","139929","c","left","correct","1","","1","trialend","singlestim","117","140941"
"5170","Subject127","1","wohlesswohless","1","wohless","positionright","validityvalid","test","4","negative","singlestim","119","142944","471","â€šÃ³Ã¨","77","dotpositionright","singlestim","120","143465","m","right","correct","1","","1","trialend","singlestim","121","144477"
"5467","Subject127","1","engineengine","1","engine","positionleft","validityvalid","test","4","neutral","singlestim","123","146479","534","â€šÃ³Ã¨","67","dotpositionleft","singlestim","124","147065","c","left","correct","1","","1","trialend","singlestim","125","148077"
"5764","Subject127","1","stupidstupid","1","stupid","positionleft","validityvalid","test","4","negative","singlestim","127","150079","414","â€šÃ³Ã¨","67","dotpositionleft","singlestim","128","150544","c","left","correct","1","","1","trialend","singlestim","129","151556"
"6061","Subject127","1","alonealone","1","alone","positionleft","validityvalid","test","4","negative","singlestim","131","153558","399","â€šÃ³Ã¨","67","dotpositionleft","singlestim","132","154008","c","left","correct","1","","1","trialend","singlestim","133","155020"
"6358","Subject127","1","suicidesuicide","1","suicide","positionright","validityinvalid","test","4","suicide","singlestim","135","157022","464","â€šÃ³Ã¨","67","dotpositionleft","singlestim","136","157536","c","left","correct","1","","1","trialend","singlestim","137","158547"
"6655","Subject127","1","killingkilling","1","killing","positionleft","validityvalid","test","4","suicide","singlestim","139","160552","485","â€šÃ³Ã¨","67","dotpositionleft","singlestim","140","161088","c","left","correct","1","","1","trialend","singlestim","141","162101"
"6952","Subject127","1","deceaseddeceased","1","deceased","positionright","validityvalid","test","4","suicide","singlestim","143","164102","565","â€šÃ³Ã¨","77","dotpositionright","singlestim","144","164720","m","right","correct","1","","1","trialend","singlestim","145","165732"
"7249","Subject127","1","laughlaugh","1","laugh","positionright","validityvalid","test","4","positive","singlestim","147","167734","527","â€šÃ³Ã¨","77","dotpositionright","singlestim","148","168312","m","right","correct","1","","1","trialend","singlestim","149","169323"
"7546","Subject127","1","doubledouble","1","double","positionright","validityvalid","test","4","neutral","singlestim","151","171326","566","â€šÃ³Ã¨","77","dotpositionright","singlestim","152","171943","m","right","correct","1","","1","trialend","singlestim","153","172956"
"7843","Subject127","1","frameframe","1","frame","positionleft","validityinvalid","test","4","neutral","singlestim","155","174958","471","â€šÃ³Ã¨","77","dotpositionright","singlestim","156","175479","m","right","correct","1","","1","trialend","singlestim","157","176491"
"8140","Subject127","1","passionatepassionate","1","passionate","positionleft","validityinvalid","test","4","positive","singlestim","159","178493","374","â€šÃ³Ã¨","77","dotpositionright","singlestim","160","178919","m","right","correct","1","","1","trialend","singlestim","161","179931"
"8437","Subject127","610","structurestructure","77","structure","positionright","validityvalid","test","4","neutral","singlestim","163","181933","430","â€šÃ³Ã¨","77","dotpositionright","singlestim","164","182414","m","right","correct","1","","1","trialend","singlestim","165","183426"
"8734","Subject127","1","successsuccess","1","success","positionleft","validityvalid","test","4","positive","singlestim","167","185429","520","â€šÃ³Ã¨","67","dotpositionleft","singlestim","168","185999","c","left","correct","1","","1","trialend","singlestim","169","187010"
"9031","Subject127","1","ashamedashamed","1","ashamed","positionright","validityinvalid","test","4","negative","singlestim","171","189013","431","â€šÃ³Ã¨","67","dotpositionleft","singlestim","172","189494","c","left","correct","1","","1","trialend","singlestim","173","190506"
"9328","Subject127","1","ecstaticecstatic","1","ecstatic","positionright","validityvalid","test","4","positive","singlestim","175","192509","486","â€šÃ³Ã¨","77","dotpositionright","singlestim","176","193046","m","right","correct","1","","1","trialend","singlestim","177","194058"
"9625","Subject127","1","imageimage","1","image","positionleft","validityvalid","test","1","neutral","singlestim","179","196060","535","â€šÃ³Ã¨","67","dotpositionleft","singlestim","180","196646","c","left","correct","1","","1","trialend","singlestim","181","197658"
"9922","Subject127","1","bloodblood","1","blood","positionleft","validityvalid","test","1","suicide","singlestim","183","199661","399","â€šÃ³Ã¨","67","dotpositionleft","singlestim","184","200110","c","left","correct","1","","1","trialend","singlestim","185","201121"
"10219","Subject127","1","healthyhealthy","1","healthy","positionleft","validityinvalid","test","1","positive","singlestim","187","203124","503","â€šÃ³Ã¨","77","dotpositionright","singlestim","188","203677","m","right","correct","1","","1","trialend","singlestim","189","204689"
"10516","Subject127","1","patheticpathetic","1","pathetic","positionleft","validityvalid","test","1","negative","singlestim","191","206692","335","â€šÃ³Ã¨","67","dotpositionleft","singlestim","192","207077","c","left","correct","1","","1","trialend","singlestim","193","208089"
"10813","Subject127","1","vomitvomit","1","vomit","positionleft","validityvalid","test","1","negative","singlestim","195","210091","367","â€šÃ³Ã¨","67","dotpositionleft","singlestim","196","210509","c","left","correct","1","","1","trialend","singlestim","197","211521"
"11110","Subject127","1","statuestatue","1","statue","positionright","validityinvalid","test","1","neutral","singlestim","199","213523","583","â€šÃ³Ã¨","67","dotpositionleft","singlestim","200","214157","c","left","correct","1","","1","trialend","singlestim","201","215169"
"11407","Subject127","1","funeralfuneral","1","funeral","positionright","validityvalid","test","1","suicide","singlestim","203","217171","582","â€šÃ³Ã¨","77","dotpositionright","singlestim","204","217805","m","right","correct","1","","1","trialend","singlestim","205","218817"
"11704","Subject127","1","paradiseparadise","1","paradise","positionleft","validityvalid","test","1","positive","singlestim","207","220819","582","â€šÃ³Ã¨","67","dotpositionleft","singlestim","208","221453","c","left","correct","1","","1","trialend","singlestim","209","222465"
"12001","Subject127","1","cheesecheese","1","cheese","positionright","validityvalid","test","1","neutral","singlestim","211","224467","622","â€šÃ³Ã¨","77","dotpositionright","singlestim","212","225140","m","right","correct","1","","1","trialend","singlestim","213","226152"
"12298","Subject127","1","suffocationsuffocation","1","suffocation","positionleft","validityinvalid","test","1","suicide","singlestim","215","228155","582","â€šÃ³Ã¨","77","dotpositionright","singlestim","216","228788","m","right","correct","1","","1","trialend","singlestim","217","229800"
"12595","Subject127","1","cryingcrying","1","crying","positionright","validityvalid","test","1","negative","singlestim","219","231802","726","â€šÃ³Ã¨","77","dotpositionright","singlestim","220","232580","m","right","correct","1","","1","trialend","singlestim","221","233592"
"12892","Subject127","1","attractionattraction","1","attraction","positionright","validityvalid","test","1","positive","singlestim","223","235593","527","â€šÃ³Ã¨","77","dotpositionright","singlestim","224","236171","m","right","correct","1","","1","trialend","singlestim","225","237183"
"13189","Subject127","1","greatgreat","1","great","positionright","validityvalid","test","1","positive","singlestim","227","239185","488","â€šÃ³Ã¨","77","dotpositionright","singlestim","228","239724","m","right","correct","1","","1","trialend","singlestim","229","240736"
"13486","Subject127","1","gunshotgunshot","1","gunshot","positionright","validityvalid","test","1","suicide","singlestim","231","242737","583","â€šÃ³Ã¨","77","dotpositionright","singlestim","232","243371","m","right","correct","1","","1","trialend","singlestim","233","244383"
"13783","Subject127","1","hatehate","1","hate","positionright","validityinvalid","test","1","negative","singlestim","235","246385","406","â€šÃ³Ã¨","67","dotpositionleft","singlestim","236","246843","c","left","correct","1","","1","trialend","singlestim","237","247855"
"14080","Subject127","1","foldedfolded","1","folded","positionleft","validityvalid","test","1","neutral","singlestim","239","249857","487","â€šÃ³Ã¨","67","dotpositionleft","singlestim","240","250395","c","left","correct","1","","1","trialend","singlestim","241","251407"
"14377","Subject127","1","museummuseum","1","museum","positionleft","validityvalid","test","3","neutral","singlestim","243","253409","678","â€šÃ³Ã¨","67","dotpositionleft","singlestim","244","254138","c","left","correct","1","","1","trialend","singlestim","245","255150"
"14674","Subject127","1","touretoure","1","toure","positionleft","validityvalid","test","3","negative","singlestim","247","257152","567","â€šÃ³Ã¨","67","dotpositionleft","singlestim","248","257770","c","left","correct","1","","1","trialend","singlestim","249","258782"
"14971","Subject127","1","greengreen","1","green","positionright","validityvalid","test","3","neutral","singlestim","251","260784","511","â€šÃ³Ã¨","77","dotpositionright","singlestim","252","261346","m","right","correct","1","","1","trialend","singlestim","253","262358"
"15268","Subject127","1","diedie","1","die","positionright","validityvalid","test","3","suicide","singlestim","255","264360","622","â€šÃ³Ã¨","77","dotpositionright","singlestim","256","265033","m","right","correct","1","","1","trialend","singlestim","257","266046"
"15565","Subject127","1","bombbomb","1","bomb","positionright","validityvalid","test","3","negative","singlestim","259","268048","687","â€šÃ³Ã¨","77","dotpositionright","singlestim","260","268786","m","right","correct","1","","1","trialend","singlestim","261","269797"
"15862","Subject127","1","kisskiss","1","kiss","positionright","validityinvalid","test","3","positive","singlestim","263","271799","624","â€šÃ³Ã¨","67","dotpositionleft","singlestim","264","272474","c","left","correct","1","","1","trialend","singlestim","265","273485"
"16159","Subject127","1","happyhappy","1","happy","positionright","validityvalid","test","3","positive","singlestim","267","275487","543","â€šÃ³Ã¨","77","dotpositionright","singlestim","268","276082","m","right","correct","1","","1","trialend","singlestim","269","277093"
"16456","Subject127","1","closetcloset","1","closet","positionright","validityinvalid","test","3","neutral","singlestim","271","279095","399","â€šÃ³Ã¨","67","dotpositionleft","singlestim","272","279545","c","left","correct","1","","1","trialend","singlestim","273","280558"
"16753","Subject127","1","smilesmile","1","smile","positionleft","validityvalid","test","3","positive","singlestim","275","282559","496","â€šÃ³Ã¨","67","dotpositionleft","singlestim","276","283106","c","left","correct","1","","1","trialend","singlestim","277","284117"
"17050","Subject127","1","rejectedrejected","1","rejected","positionright","validityvalid","test","3","negative","singlestim","279","286119","382","â€šÃ³Ã¨","77","dotpositionright","singlestim","280","286553","m","right","correct","1","","1","trialend","singlestim","281","287564"
"17347","Subject127","1","cuttingcutting","1","cutting","positionright","validityvalid","test","3","suicide","singlestim","283","289567","536","â€šÃ³Ã¨","77","dotpositionright","singlestim","284","290153","m","right","correct","1","","1","trialend","singlestim","285","291164"
"17644","Subject127","1","assaultassault","1","assault","positionleft","validityinvalid","test","3","negative","singlestim","287","293167","559","â€šÃ³Ã¨","77","dotpositionright","singlestim","288","293777","m","right","correct","1","","1","trialend","singlestim","289","294788"
"17941","Subject127","1","deaddead","1","dead","positionleft","validityinvalid","test","3","suicide","singlestim","291","296791","518","â€šÃ³Ã¨","77","dotpositionright","singlestim","292","297360","m","right","correct","1","","1","trialend","singlestim","293","298372"
"18238","Subject127","1","dyingdying","1","dying","positionleft","validityvalid","test","3","suicide","singlestim","295","300375","558","â€šÃ³Ã¨","67","dotpositionleft","singlestim","296","300984","c","left","correct","1","","1","trialend","singlestim","297","301997"
"18535","Subject127","1","strongstrong","1","strong","positionleft","validityvalid","test","3","positive","singlestim","299","303999","575","â€šÃ³Ã¨","67","dotpositionleft","singlestim","300","304624","c","left","correct","1","","1","trialend","singlestim","301","305637"
"18832","Subject127","1","metermeter","1","meter","positionleft","validityvalid","test","3","neutral","singlestim","303","307638","414","â€šÃ³Ã¨","67","dotpositionleft","singlestim","304","308104","c","left","correct","1","","1","trialend","singlestim","305","309115"
