"","SubjectID","rt","stimulus","keypress","word","wordposition","validity","block","blocknum","wordtype","trialtype","trialindex","timeelapsed","rt.1","stimulus.1","keypress.1","dotposition","trialtype.1","trialindex.1","timeelapsed.1","keypressed","participantresponse","correctresponse","rt.2","stimulus.2","keypress.2","blocktrial","trialtype.2","trialindex.2","timeelapsed.2"
"6","Subject6","1","stupidstupid","1","stupid","positionleft","validityvalid","test","4","negative","singlestim","51","148721","369","â€šÃ³Ã¨","67","dotpositionleft","singlestim","52","149146","c","left","correct","1","","1","trialend","singlestim","53","150160"
"303","Subject6","1","ashamedashamed","1","ashamed","positionright","validityinvalid","test","4","negative","singlestim","55","152167","317","â€šÃ³Ã¨","67","dotpositionleft","singlestim","56","152537","c","left","correct","1","","1","trialend","singlestim","57","153555"
"600","Subject6","1","ecstaticecstatic","1","ecstatic","positionright","validityvalid","test","4","positive","singlestim","59","155563","384","â€šÃ³Ã¨","77","dotpositionright","singlestim","60","156001","m","right","correct","1","","1","trialend","singlestim","61","157019"
"897","Subject6","1","wohlesswohless","1","wohless","positionright","validityvalid","test","4","negative","singlestim","63","159028","376","â€šÃ³Ã¨","77","dotpositionright","singlestim","64","159457","m","right","correct","1","","1","trialend","singlestim","65","160473"
"1194","Subject6","1","killingkilling","1","killing","positionleft","validityvalid","test","4","suicide","singlestim","67","162481","283","â€šÃ³Ã¨","67","dotpositionleft","singlestim","68","162816","c","left","correct","1","","1","trialend","singlestim","69","163834"
"1491","Subject6","1","suicidesuicide","1","suicide","positionright","validityinvalid","test","4","suicide","singlestim","71","165842","329","â€šÃ³Ã¨","67","dotpositionleft","singlestim","72","166225","c","left","correct","1","","1","trialend","singlestim","73","167242"
"1788","Subject6","1","laughlaugh","1","laugh","positionright","validityvalid","test","4","positive","singlestim","75","169248","467","â€šÃ³Ã¨","77","dotpositionright","singlestim","76","169769","m","right","correct","1","","1","trialend","singlestim","77","170786"
"2085","Subject6","1","frameframe","1","frame","positionleft","validityinvalid","test","4","neutral","singlestim","79","172795","369","â€šÃ³Ã¨","77","dotpositionright","singlestim","80","173216","m","right","correct","1","","1","trialend","singlestim","81","174234"
"2382","Subject6","1","successsuccess","1","success","positionleft","validityvalid","test","4","positive","singlestim","83","176242","314","â€šÃ³Ã¨","67","dotpositionleft","singlestim","84","176609","c","left","correct","1","","1","trialend","singlestim","85","177624"
"2679","Subject6","1","hanginghanging","1","hanging","positionleft","validityvalid","test","4","suicide","singlestim","87","179631","380","â€šÃ³Ã¨","67","dotpositionleft","singlestim","88","180065","c","left","correct","1","","1","trialend","singlestim","89","181082"
"2976","Subject6","1","structurestructure","1","structure","positionright","validityvalid","test","4","neutral","singlestim","91","183090","329","â€šÃ³Ã¨","77","dotpositionright","singlestim","92","183471","m","right","correct","1","","1","trialend","singlestim","93","184489"
"3273","Subject6","1","doubledouble","1","double","positionright","validityvalid","test","4","neutral","singlestim","95","186496","370","â€šÃ³Ã¨","77","dotpositionright","singlestim","96","186919","m","right","correct","1","","1","trialend","singlestim","97","187936"
"3570","Subject6","1","deceaseddeceased","1","deceased","positionright","validityvalid","test","4","suicide","singlestim","99","189945","338","â€šÃ³Ã¨","77","dotpositionright","singlestim","100","190335","m","right","correct","1","","1","trialend","singlestim","101","191349"
"3867","Subject6","1","alonealone","1","alone","positionleft","validityvalid","test","4","negative","singlestim","103","193357","302","â€šÃ³Ã¨","67","dotpositionleft","singlestim","104","193711","c","left","correct","1","","1","trialend","singlestim","105","194727"
"4164","Subject6","1","engineengine","1","engine","positionleft","validityvalid","test","4","neutral","singlestim","107","196735","330","â€šÃ³Ã¨","67","dotpositionleft","singlestim","108","197119","c","left","correct","1","","1","trialend","singlestim","109","198134"
"4461","Subject6","1","passionatepassionate","1","passionate","positionleft","validityinvalid","test","4","positive","singlestim","111","200142","382","â€šÃ³Ã¨","77","dotpositionright","singlestim","112","200575","m","right","correct","1","","1","trialend","singlestim","113","201593"
"4758","Subject6","1","pleasurepleasure","1","pleasure","positionleft","validityvalid","test","2","positive","singlestim","115","203601","306","â€šÃ³Ã¨","67","dotpositionleft","singlestim","116","203959","c","left","correct","1","","1","trialend","singlestim","117","204977"
"5055","Subject6","1","lovelove","1","love","positionright","validityinvalid","test","2","positive","singlestim","119","206984","328","â€šÃ³Ã¨","67","dotpositionleft","singlestim","120","207367","c","left","correct","1","","1","trialend","singlestim","121","208383"
"5352","Subject6","1","noosenoose","1","noose","positionleft","validityvalid","test","2","suicide","singlestim","123","210392","379","â€šÃ³Ã¨","67","dotpositionleft","singlestim","124","210823","c","left","correct","1","","1","trialend","singlestim","125","211838"
"5649","Subject6","1","abuseabuse","1","abuse","positionright","validityvalid","test","2","negative","singlestim","127","213845","350","â€šÃ³Ã¨","77","dotpositionright","singlestim","128","214247","m","right","correct","1","","1","trialend","singlestim","129","215260"
"5946","Subject6","1","foamfoam","1","foam","positionright","validityvalid","test","2","neutral","singlestim","131","217269","382","â€šÃ³Ã¨","77","dotpositionright","singlestim","132","217703","m","right","correct","1","","1","trialend","singlestim","133","218720"
"6243","Subject6","1","cruelcruel","1","cruel","positionright","validityvalid","test","2","negative","singlestim","135","220728","322","â€šÃ³Ã¨","77","dotpositionright","singlestim","136","221104","m","right","correct","1","","1","trialend","singlestim","137","222115"
"6540","Subject6","1","overdoseoverdose","1","overdose","positionright","validityinvalid","test","2","suicide","singlestim","139","224123","318","â€šÃ³Ã¨","67","dotpositionleft","singlestim","140","224495","c","left","correct","1","","1","trialend","singlestim","141","225511"
"6837","Subject6","1","paperpaper","1","paper","positionleft","validityvalid","test","2","neutral","singlestim","143","227519","300","â€šÃ³Ã¨","67","dotpositionleft","singlestim","144","227871","c","left","correct","1","","1","trialend","singlestim","145","228888"
"7134","Subject6","1","horsehorse","1","horse","positionleft","validityinvalid","test","2","neutral","singlestim","147","230896","330","â€šÃ³Ã¨","77","dotpositionright","singlestim","148","231278","m","right","correct","1","","1","trialend","singlestim","149","232295"
"7431","Subject6","1","filthyfilthy","1","filthy","positionleft","validityinvalid","test","2","negative","singlestim","151","234304","371","â€šÃ³Ã¨","77","dotpositionright","singlestim","152","234726","m","right","correct","1","","1","trialend","singlestim","153","235743"
"7728","Subject6","1","braverybravery","1","bravery","positionleft","validityvalid","test","2","positive","singlestim","155","237750","323","â€šÃ³Ã¨","67","dotpositionleft","singlestim","156","238126","c","left","correct","1","","1","trialend","singlestim","157","239144"
"8025","Subject6","1","deathdeath","1","death","positionright","validityvalid","test","2","suicide","singlestim","159","241153","309","â€šÃ³Ã¨","77","dotpositionright","singlestim","160","241519","m","right","correct","1","","1","trialend","singlestim","161","242536"
"8322","Subject6","1","enthusiasmenthusiasm","1","enthusiasm","positionright","validityvalid","test","2","positive","singlestim","163","244546","318","â€šÃ³Ã¨","77","dotpositionright","singlestim","164","244918","m","right","correct","1","","1","trialend","singlestim","165","245933"
"8619","Subject6","363","corpsecorpse","67","corpse","positionleft","validityvalid","test","2","suicide","singlestim","167","247943","267","â€šÃ³Ã¨","67","dotpositionleft","singlestim","168","248261","c","left","correct","1","","1","trialend","singlestim","169","249277"
"8916","Subject6","1","failurefailure","1","failure","positionleft","validityvalid","test","2","negative","singlestim","171","251285","349","â€šÃ³Ã¨","67","dotpositionleft","singlestim","172","251686","c","left","correct","1","","1","trialend","singlestim","173","252702"
"9213","Subject6","1","tabletable","1","table","positionright","validityvalid","test","2","neutral","singlestim","175","254709","380","â€šÃ³Ã¨","77","dotpositionright","singlestim","176","255141","m","right","correct","1","","1","trialend","singlestim","177","256154"
"9510","Subject6","1","patheticpathetic","1","pathetic","positionleft","validityvalid","test","1","negative","singlestim","179","258162","451","â€šÃ³Ã¨","67","dotpositionleft","singlestim","180","258669","c","left","correct","1","","1","trialend","singlestim","181","259684"
"9807","Subject6","1","paradiseparadise","1","paradise","positionleft","validityvalid","test","1","positive","singlestim","183","261691","365","â€šÃ³Ã¨","67","dotpositionleft","singlestim","184","262110","c","left","correct","1","","1","trialend","singlestim","185","263125"
"10104","Subject6","1","cryingcrying","1","crying","positionright","validityvalid","test","1","negative","singlestim","187","265135","342","â€šÃ³Ã¨","77","dotpositionright","singlestim","188","265533","m","right","correct","1","","1","trialend","singlestim","189","266549"
"10401","Subject6","1","attractionattraction","1","attraction","positionright","validityvalid","test","1","positive","singlestim","191","268557","451","â€šÃ³Ã¨","77","dotpositionright","singlestim","192","269061","m","right","correct","1","","1","trialend","singlestim","193","270077"
"10698","Subject6","1","bloodblood","1","blood","positionleft","validityvalid","test","1","suicide","singlestim","195","272085","334","â€šÃ³Ã¨","67","dotpositionleft","singlestim","196","272473","c","left","correct","1","","1","trialend","singlestim","197","273488"
"10995","Subject6","1","suffocationsuffocation","1","suffocation","positionleft","validityinvalid","test","1","suicide","singlestim","199","275492","322","â€šÃ³Ã¨","77","dotpositionright","singlestim","200","275868","m","right","correct","1","","1","trialend","singlestim","201","276885"
"11292","Subject6","1","funeralfuneral","1","funeral","positionright","validityvalid","test","1","suicide","singlestim","203","278894","326","â€šÃ³Ã¨","77","dotpositionright","singlestim","204","279273","m","right","correct","1","","1","trialend","singlestim","205","280286"
"11589","Subject6","1","healthyhealthy","1","healthy","positionleft","validityinvalid","test","1","positive","singlestim","207","282294","374","â€šÃ³Ã¨","77","dotpositionright","singlestim","208","282725","m","right","correct","1","","1","trialend","singlestim","209","283739"
"11886","Subject6","1","statuestatue","1","statue","positionright","validityinvalid","test","1","neutral","singlestim","211","285750","342","â€šÃ³Ã¨","67","dotpositionleft","singlestim","212","286148","c","left","correct","1","","1","trialend","singlestim","213","287164"
"12183","Subject6","1","imageimage","1","image","positionleft","validityvalid","test","1","neutral","singlestim","215","289172","363","â€šÃ³Ã¨","67","dotpositionleft","singlestim","216","289588","c","left","correct","1","","1","trialend","singlestim","217","290602"
"12480","Subject6","1","hatehate","1","hate","positionright","validityinvalid","test","1","negative","singlestim","219","292608","377","â€šÃ³Ã¨","67","dotpositionleft","singlestim","220","293036","c","left","correct","1","","1","trialend","singlestim","221","294053"
"12777","Subject6","1","greatgreat","1","great","positionright","validityvalid","test","1","positive","singlestim","223","296061","328","â€šÃ³Ã¨","77","dotpositionright","singlestim","224","296444","m","right","correct","1","","1","trialend","singlestim","225","297460"
"13074","Subject6","1","vomitvomit","1","vomit","positionleft","validityvalid","test","1","negative","singlestim","227","299468","298","â€šÃ³Ã¨","67","dotpositionleft","singlestim","228","299820","c","left","correct","1","","1","trialend","singlestim","229","300835"
"13371","Subject6","1","cheesecheese","1","cheese","positionright","validityvalid","test","1","neutral","singlestim","231","302840","335","â€šÃ³Ã¨","77","dotpositionright","singlestim","232","303228","m","right","correct","1","","1","trialend","singlestim","233","304245"
"13668","Subject6","1","gunshotgunshot","1","gunshot","positionright","validityvalid","test","1","suicide","singlestim","235","306252","322","â€šÃ³Ã¨","77","dotpositionright","singlestim","236","306627","m","right","correct","1","","1","trialend","singlestim","237","307646"
"13965","Subject6","1","foldedfolded","1","folded","positionleft","validityvalid","test","1","neutral","singlestim","239","309653","305","â€šÃ³Ã¨","67","dotpositionleft","singlestim","240","310011","c","left","correct","1","","1","trialend","singlestim","241","311023"
"14262","Subject6","1","touretoure","1","toure","positionleft","validityvalid","test","3","negative","singlestim","243","313032","400","â€šÃ³Ã¨","67","dotpositionleft","singlestim","244","313484","c","left","correct","1","","1","trialend","singlestim","245","314500"
"14559","Subject6","1","smilesmile","1","smile","positionleft","validityvalid","test","3","positive","singlestim","247","316508","319","â€šÃ³Ã¨","67","dotpositionleft","singlestim","248","316883","c","left","correct","1","","1","trialend","singlestim","249","317901"
"14856","Subject6","1","strongstrong","1","strong","positionleft","validityvalid","test","3","positive","singlestim","251","319909","322","â€šÃ³Ã¨","67","dotpositionleft","singlestim","252","320283","c","left","correct","1","","1","trialend","singlestim","253","321296"
"15153","Subject6","1","kisskiss","1","kiss","positionright","validityinvalid","test","3","positive","singlestim","255","323304","367","â€šÃ³Ã¨","67","dotpositionleft","singlestim","256","323723","c","left","correct","1","","1","trialend","singlestim","257","324737"
"15450","Subject6","1","diedie","1","die","positionright","validityvalid","test","3","suicide","singlestim","259","326746","404","â€šÃ³Ã¨","77","dotpositionright","singlestim","260","327203","m","right","correct","1","","1","trialend","singlestim","261","328217"
"15747","Subject6","1","deaddead","1","dead","positionleft","validityinvalid","test","3","suicide","singlestim","263","330229","357","â€šÃ³Ã¨","77","dotpositionright","singlestim","264","330642","m","right","correct","1","","1","trialend","singlestim","265","331656"
"16044","Subject6","1","bombbomb","1","bomb","positionright","validityvalid","test","3","negative","singlestim","267","333663","367","â€šÃ³Ã¨","77","dotpositionright","singlestim","268","334083","m","right","correct","1","","1","trialend","singlestim","269","335098"
"16341","Subject6","1","greengreen","1","green","positionright","validityvalid","test","3","neutral","singlestim","271","337105","372","â€šÃ³Ã¨","77","dotpositionright","singlestim","272","337530","m","right","correct","1","","1","trialend","singlestim","273","338545"
"16638","Subject6","1","museummuseum","1","museum","positionleft","validityvalid","test","3","neutral","singlestim","275","340553","349","â€šÃ³Ã¨","67","dotpositionleft","singlestim","276","340954","c","left","correct","1","","1","trialend","singlestim","277","341969"
"16935","Subject6","1","happyhappy","1","happy","positionright","validityvalid","test","3","positive","singlestim","279","343977","301","â€šÃ³Ã¨","77","dotpositionright","singlestim","280","344330","m","right","correct","1","","1","trialend","singlestim","281","345347"
"17232","Subject6","1","cuttingcutting","1","cutting","positionright","validityvalid","test","3","suicide","singlestim","283","347355","363","â€šÃ³Ã¨","77","dotpositionright","singlestim","284","347770","m","right","correct","1","","1","trialend","singlestim","285","348783"
"17529","Subject6","1","assaultassault","1","assault","positionleft","validityinvalid","test","3","negative","singlestim","287","350786","355","â€šÃ³Ã¨","77","dotpositionright","singlestim","288","351198","m","right","correct","1","","1","trialend","singlestim","289","352213"
"17826","Subject6","1","closetcloset","1","closet","positionright","validityinvalid","test","3","neutral","singlestim","291","354221","385","â€šÃ³Ã¨","67","dotpositionleft","singlestim","292","354658","c","left","correct","1","","1","trialend","singlestim","293","355675"
"18123","Subject6","1","rejectedrejected","1","rejected","positionright","validityvalid","test","3","negative","singlestim","295","357680","308","â€šÃ³Ã¨","77","dotpositionright","singlestim","296","358041","m","right","correct","1","","1","trialend","singlestim","297","359056"
"18420","Subject6","1","metermeter","1","meter","positionleft","validityvalid","test","3","neutral","singlestim","299","361063","381","â€šÃ³Ã¨","67","dotpositionleft","singlestim","300","361498","c","left","correct","1","","1","trialend","singlestim","301","362515"
"18717","Subject6","1","dyingdying","1","dying","positionleft","validityvalid","test","3","suicide","singlestim","303","364523","377","â€šÃ³Ã¨","67","dotpositionleft","singlestim","304","364954","c","left","correct","1","","1","trialend","singlestim","305","365968"
