"","SubjectID","rt","stimulus","keypress","word","wordposition","validity","block","blocknum","wordtype","trialtype","trialindex","timeelapsed","rt.1","stimulus.1","keypress.1","dotposition","trialtype.1","trialindex.1","timeelapsed.1","keypressed","participantresponse","correctresponse","rt.2","stimulus.2","keypress.2","blocktrial","trialtype.2","trialindex.2","timeelapsed.2"
"5","Subject5","1","braverybravery","1","bravery","positionleft","validityvalid","test","2","positive","singlestim","51","94303","540","â€šÃ³Ã¨","67","dotpositionleft","singlestim","52","94895","c","left","correct","1","","1","trialend","singlestim","53","95913"
"302","Subject5","1","cruelcruel","1","cruel","positionright","validityvalid","test","2","negative","singlestim","55","97920","471","â€šÃ³Ã¨","77","dotpositionright","singlestim","56","98444","m","right","correct","1","","1","trialend","singlestim","57","99457"
"599","Subject5","1","noosenoose","1","noose","positionleft","validityvalid","test","2","suicide","singlestim","59","101464","517","â€šÃ³Ã¨","67","dotpositionleft","singlestim","60","102035","c","left","correct","1","","1","trialend","singlestim","61","103053"
"896","Subject5","1","overdoseoverdose","1","overdose","positionright","validityinvalid","test","2","suicide","singlestim","63","105059","489","â€šÃ³Ã¨","67","dotpositionleft","singlestim","64","105603","c","left","correct","1","","1","trialend","singlestim","65","106614"
"1193","Subject5","1","failurefailure","1","failure","positionleft","validityvalid","test","2","negative","singlestim","67","108621","467","â€šÃ³Ã¨","67","dotpositionleft","singlestim","68","109144","c","left","correct","1","","1","trialend","singlestim","69","110161"
"1490","Subject5","1","abuseabuse","1","abuse","positionright","validityvalid","test","2","negative","singlestim","71","112169","578","â€šÃ³Ã¨","77","dotpositionright","singlestim","72","112802","m","right","correct","1","","1","trialend","singlestim","73","113817"
"1787","Subject5","1","enthusiasmenthusiasm","1","enthusiasm","positionright","validityvalid","test","2","positive","singlestim","75","115825","486","â€šÃ³Ã¨","77","dotpositionright","singlestim","76","116363","m","right","correct","1","","1","trialend","singlestim","77","117381"
"2084","Subject5","1","filthyfilthy","1","filthy","positionleft","validityinvalid","test","2","negative","singlestim","79","119388","468","â€šÃ³Ã¨","77","dotpositionright","singlestim","80","119908","m","right","correct","1","","1","trialend","singlestim","81","120926"
"2381","Subject5","1","deathdeath","1","death","positionright","validityvalid","test","2","suicide","singlestim","83","122932","404","â€šÃ³Ã¨","77","dotpositionright","singlestim","84","123387","m","right","correct","1","","1","trialend","singlestim","85","124403"
"2678","Subject5","1","paperpaper","1","paper","positionleft","validityvalid","test","2","neutral","singlestim","87","126410","389","â€šÃ³Ã¨","67","dotpositionleft","singlestim","88","126853","c","left","correct","1","","1","trialend","singlestim","89","127865"
"2975","Subject5","1","lovelove","1","love","positionright","validityinvalid","test","2","positive","singlestim","91","129871","362","â€šÃ³Ã¨","67","dotpositionleft","singlestim","92","130285","c","left","correct","1","","1","trialend","singlestim","93","131299"
"3272","Subject5","1","tabletable","1","table","positionright","validityvalid","test","2","neutral","singlestim","95","133306","402","â€šÃ³Ã¨","77","dotpositionright","singlestim","96","133764","m","right","correct","1","","1","trialend","singlestim","97","134778"
"3569","Subject5","1","pleasurepleasure","1","pleasure","positionleft","validityvalid","test","2","positive","singlestim","99","136788","377","â€šÃ³Ã¨","67","dotpositionleft","singlestim","100","137217","c","left","correct","1","","1","trialend","singlestim","101","138235"
"3866","Subject5","1","corpsecorpse","1","corpse","positionleft","validityvalid","test","2","suicide","singlestim","103","140241","334","â€šÃ³Ã¨","67","dotpositionleft","singlestim","104","140630","c","left","correct","1","","1","trialend","singlestim","105","141641"
"4163","Subject5","1","horsehorse","1","horse","positionleft","validityinvalid","test","2","neutral","singlestim","107","143647","384","â€šÃ³Ã¨","77","dotpositionright","singlestim","108","144086","m","right","correct","1","","1","trialend","singlestim","109","145102"
"4460","Subject5","1","foamfoam","1","foam","positionright","validityvalid","test","2","neutral","singlestim","111","147109","501","â€šÃ³Ã¨","77","dotpositionright","singlestim","112","147665","m","right","correct","1","","1","trialend","singlestim","113","148681"
"4757","Subject5","1","hanginghanging","1","hanging","positionleft","validityvalid","test","4","suicide","singlestim","115","150687","484","â€šÃ³Ã¨","67","dotpositionleft","singlestim","116","151226","c","left","correct","1","","1","trialend","singlestim","117","152244"
"5054","Subject5","1","alonealone","1","alone","positionleft","validityvalid","test","4","negative","singlestim","119","154253","321","â€šÃ³Ã¨","67","dotpositionleft","singlestim","120","154630","c","left","correct","1","","1","trialend","singlestim","121","155645"
"5351","Subject5","1","deceaseddeceased","1","deceased","positionright","validityvalid","test","4","suicide","singlestim","123","157651","350","â€šÃ³Ã¨","77","dotpositionright","singlestim","124","158057","m","right","correct","1","","1","trialend","singlestim","125","159075"
"5648","Subject5","1","wohlesswohless","1","wohless","positionright","validityvalid","test","4","negative","singlestim","127","161081","551","â€šÃ³Ã¨","77","dotpositionright","singlestim","128","161686","m","right","correct","1","","1","trialend","singlestim","129","162700"
"5945","Subject5","1","successsuccess","1","success","positionleft","validityvalid","test","4","positive","singlestim","131","164707","455","â€šÃ³Ã¨","67","dotpositionleft","singlestim","132","165219","c","left","correct","1","","1","trialend","singlestim","133","166236"
"6242","Subject5","1","doubledouble","1","double","positionright","validityvalid","test","4","neutral","singlestim","135","168244","413","â€šÃ³Ã¨","77","dotpositionright","singlestim","136","168707","m","right","correct","1","","1","trialend","singlestim","137","169723"
"6539","Subject5","1","ashamedashamed","1","ashamed","positionright","validityinvalid","test","4","negative","singlestim","139","171730","382","â€šÃ³Ã¨","67","dotpositionleft","singlestim","140","172165","c","left","correct","1","","1","trialend","singlestim","141","173181"
"6836","Subject5","1","structurestructure","1","structure","positionright","validityvalid","test","4","neutral","singlestim","143","175187","333","â€šÃ³Ã¨","77","dotpositionright","singlestim","144","175573","m","right","correct","1","","1","trialend","singlestim","145","176586"
"7133","Subject5","1","stupidstupid","1","stupid","positionleft","validityvalid","test","4","negative","singlestim","147","178593","369","â€šÃ³Ã¨","67","dotpositionleft","singlestim","148","179017","c","left","correct","1","","1","trialend","singlestim","149","180028"
"7430","Subject5","1","ecstaticecstatic","1","ecstatic","positionright","validityvalid","test","4","positive","singlestim","151","182035","326","â€šÃ³Ã¨","77","dotpositionright","singlestim","152","182417","m","right","correct","1","","1","trialend","singlestim","153","183431"
"7727","Subject5","1","frameframe","1","frame","positionleft","validityinvalid","test","4","neutral","singlestim","155","185439","460","â€šÃ³Ã¨","77","dotpositionright","singlestim","156","185954","m","right","correct","1","","1","trialend","singlestim","157","186971"
"8024","Subject5","1","engineengine","1","engine","positionleft","validityvalid","test","4","neutral","singlestim","159","188978","378","â€šÃ³Ã¨","67","dotpositionleft","singlestim","160","189411","c","left","correct","1","","1","trialend","singlestim","161","190428"
"8321","Subject5","1","killingkilling","1","killing","positionleft","validityvalid","test","4","suicide","singlestim","163","192435","372","â€šÃ³Ã¨","67","dotpositionleft","singlestim","164","192862","c","left","correct","1","","1","trialend","singlestim","165","193878"
"8618","Subject5","1","passionatepassionate","1","passionate","positionleft","validityinvalid","test","4","positive","singlestim","167","195885","359","â€šÃ³Ã¨","77","dotpositionright","singlestim","168","196296","m","right","correct","1","","1","trialend","singlestim","169","197307"
"8915","Subject5","1","laughlaugh","1","laugh","positionright","validityvalid","test","4","positive","singlestim","171","199315","391","â€šÃ³Ã¨","77","dotpositionright","singlestim","172","199763","m","right","correct","1","","1","trialend","singlestim","173","200776"
"9212","Subject5","1","suicidesuicide","1","suicide","positionright","validityinvalid","test","4","suicide","singlestim","175","202782","433","â€šÃ³Ã¨","67","dotpositionleft","singlestim","176","203271","c","left","correct","1","","1","trialend","singlestim","177","204286"
"9509","Subject5","1","deaddead","1","dead","positionleft","validityinvalid","test","3","suicide","singlestim","179","206293","383","â€šÃ³Ã¨","77","dotpositionright","singlestim","180","206732","m","right","correct","1","","1","trialend","singlestim","181","207749"
"9806","Subject5","1","metermeter","1","meter","positionleft","validityvalid","test","3","neutral","singlestim","183","209758","369","â€šÃ³Ã¨","67","dotpositionleft","singlestim","184","210184","c","left","correct","1","","1","trialend","singlestim","185","211198"
"10103","Subject5","1","greengreen","1","green","positionright","validityvalid","test","3","neutral","singlestim","187","213204","490","â€šÃ³Ã¨","77","dotpositionright","singlestim","188","213746","m","right","correct","1","","1","trialend","singlestim","189","214761"
"10400","Subject5","1","cuttingcutting","1","cutting","positionright","validityvalid","test","3","suicide","singlestim","191","216768","374","â€šÃ³Ã¨","77","dotpositionright","singlestim","192","217199","m","right","correct","1","","1","trialend","singlestim","193","218217"
"10697","Subject5","1","museummuseum","1","museum","positionleft","validityvalid","test","3","neutral","singlestim","195","220224","362","â€šÃ³Ã¨","67","dotpositionleft","singlestim","196","220638","c","left","correct","1","","1","trialend","singlestim","197","221653"
"10994","Subject5","1","assaultassault","1","assault","positionleft","validityinvalid","test","3","negative","singlestim","199","223660","389","â€šÃ³Ã¨","77","dotpositionright","singlestim","200","224102","m","right","correct","1","","1","trialend","singlestim","201","225115"
"11291","Subject5","1","happyhappy","1","happy","positionright","validityvalid","test","3","positive","singlestim","203","227122","406","â€šÃ³Ã¨","77","dotpositionright","singlestim","204","227584","m","right","correct","1","","1","trialend","singlestim","205","228598"
"11588","Subject5","1","strongstrong","1","strong","positionleft","validityvalid","test","3","positive","singlestim","207","230604","518","â€šÃ³Ã¨","67","dotpositionleft","singlestim","208","231172","c","left","correct","1","","1","trialend","singlestim","209","232188"
"11885","Subject5","1","kisskiss","1","kiss","positionright","validityinvalid","test","3","positive","singlestim","211","234194","619","â€šÃ³Ã¨","67","dotpositionleft","singlestim","212","234867","c","left","correct","1","","1","trialend","singlestim","213","235882"
"12182","Subject5","1","smilesmile","1","smile","positionleft","validityvalid","test","3","positive","singlestim","215","237889","344","â€šÃ³Ã¨","67","dotpositionleft","singlestim","216","238289","c","left","correct","1","","1","trialend","singlestim","217","239301"
"12479","Subject5","1","bombbomb","1","bomb","positionright","validityvalid","test","3","negative","singlestim","219","241307","325","â€šÃ³Ã¨","77","dotpositionright","singlestim","220","241685","m","right","correct","1","","1","trialend","singlestim","221","242696"
"12776","Subject5","1","rejectedrejected","1","rejected","positionright","validityvalid","test","3","negative","singlestim","223","244703","316","â€šÃ³Ã¨","77","dotpositionright","singlestim","224","245072","m","right","correct","1","","1","trialend","singlestim","225","246084"
"13073","Subject5","1","dyingdying","1","dying","positionleft","validityvalid","test","3","suicide","singlestim","227","248090","427","â€šÃ³Ã¨","67","dotpositionleft","singlestim","228","248573","c","left","correct","1","","1","trialend","singlestim","229","249587"
"13370","Subject5","1","touretoure","1","toure","positionleft","validityvalid","test","3","negative","singlestim","231","251594","413","â€šÃ³Ã¨","67","dotpositionleft","singlestim","232","252059","c","left","correct","1","","1","trialend","singlestim","233","253077"
"13667","Subject5","1","diedie","1","die","positionright","validityvalid","test","3","suicide","singlestim","235","255084","383","â€šÃ³Ã¨","77","dotpositionright","singlestim","236","255522","m","right","correct","1","","1","trialend","singlestim","237","256538"
"13964","Subject5","1","closetcloset","1","closet","positionright","validityinvalid","test","3","neutral","singlestim","239","258545","480","â€šÃ³Ã¨","67","dotpositionleft","singlestim","240","259080","c","left","correct","1","","1","trialend","singlestim","241","260094"
"14261","Subject5","1","cheesecheese","1","cheese","positionright","validityvalid","test","1","neutral","singlestim","243","262099","453","â€šÃ³Ã¨","77","dotpositionright","singlestim","244","262608","m","right","correct","1","","1","trialend","singlestim","245","263625"
"14558","Subject5","1","foldedfolded","1","folded","positionleft","validityvalid","test","1","neutral","singlestim","247","265632","941","â€šÃ³Ã¨","67","dotpositionleft","singlestim","248","266625","c","left","correct","1","","1","trialend","singlestim","249","267639"
"14855","Subject5","1","suffocationsuffocation","1","suffocation","positionleft","validityinvalid","test","1","suicide","singlestim","251","269646","394","â€šÃ³Ã¨","77","dotpositionright","singlestim","252","270096","m","right","correct","1","","1","trialend","singlestim","253","271109"
"15152","Subject5","1","statuestatue","1","statue","positionright","validityinvalid","test","1","neutral","singlestim","255","273116","456","â€šÃ³Ã¨","67","dotpositionleft","singlestim","256","273623","c","left","correct","1","","1","trialend","singlestim","257","274641"
"15449","Subject5","1","paradiseparadise","1","paradise","positionleft","validityvalid","test","1","positive","singlestim","259","276648","462","â€šÃ³Ã¨","67","dotpositionleft","singlestim","260","277164","c","left","correct","1","","1","trialend","singlestim","261","278178"
"15746","Subject5","1","bloodblood","1","blood","positionleft","validityvalid","test","1","suicide","singlestim","263","280184","416","â€šÃ³Ã¨","67","dotpositionleft","singlestim","264","280652","c","left","correct","1","","1","trialend","singlestim","265","281670"
"16043","Subject5","1","gunshotgunshot","1","gunshot","positionright","validityvalid","test","1","suicide","singlestim","267","283677","276","â€šÃ³Ã¨","77","dotpositionright","singlestim","268","284005","m","right","correct","1","","1","trialend","singlestim","269","285022"
"16340","Subject5","1","greatgreat","1","great","positionright","validityvalid","test","1","positive","singlestim","271","287029","375","â€šÃ³Ã¨","77","dotpositionright","singlestim","272","287460","m","right","correct","1","","1","trialend","singlestim","273","288472"
"16637","Subject5","310","imageimage","76","image","positionleft","validityvalid","test","1","neutral","singlestim","275","290479","446","â€šÃ³Ã¨","67","dotpositionleft","singlestim","276","290976","c","left","correct","1","","1","trialend","singlestim","277","291989"
"16934","Subject5","1","hatehate","1","hate","positionright","validityinvalid","test","1","negative","singlestim","279","293997","463","â€šÃ³Ã¨","67","dotpositionleft","singlestim","280","294515","c","left","correct","1","","1","trialend","singlestim","281","295530"
"17231","Subject5","1","patheticpathetic","1","pathetic","positionleft","validityvalid","test","1","negative","singlestim","283","297537","377","â€šÃ³Ã¨","67","dotpositionleft","singlestim","284","297965","c","left","correct","1","","1","trialend","singlestim","285","298979"
"17528","Subject5","1","healthyhealthy","1","healthy","positionleft","validityinvalid","test","1","positive","singlestim","287","300986","398","â€šÃ³Ã¨","77","dotpositionright","singlestim","288","301439","m","right","correct","1","","1","trialend","singlestim","289","302456"
"17825","Subject5","1","vomitvomit","1","vomit","positionleft","validityvalid","test","1","negative","singlestim","291","304462","451","â€šÃ³Ã¨","67","dotpositionleft","singlestim","292","304966","c","left","correct","1","","1","trialend","singlestim","293","305982"
"18122","Subject5","1","attractionattraction","1","attraction","positionright","validityvalid","test","1","positive","singlestim","295","307989","334","â€šÃ³Ã¨","77","dotpositionright","singlestim","296","308377","m","right","correct","1","","1","trialend","singlestim","297","309388"
"18419","Subject5","1","cryingcrying","1","crying","positionright","validityvalid","test","1","negative","singlestim","299","311396","438","â€šÃ³Ã¨","77","dotpositionright","singlestim","300","311890","m","right","correct","1","","1","trialend","singlestim","301","312904"
"18716","Subject5","1","funeralfuneral","1","funeral","positionright","validityvalid","test","1","suicide","singlestim","303","314910","364","â€šÃ³Ã¨","77","dotpositionright","singlestim","304","315325","m","right","correct","1","","1","trialend","singlestim","305","316338"
