"","SubjectID","rt","stimulus","keypress","word","wordposition","validity","block","blocknum","wordtype","trialtype","trialindex","timeelapsed","rt.1","stimulus.1","keypress.1","dotposition","trialtype.1","trialindex.1","timeelapsed.1","keypressed","participantresponse","correctresponse","rt.2","stimulus.2","keypress.2","blocktrial","trialtype.2","trialindex.2","timeelapsed.2"
"206","Subject238","1","failurefailure","1","failure","positionleft","validityvalid","test","2","negative","singlestim","51","70655","440","â€šÃ³Ã¨","67","dotpositionleft","singlestim","52","71149","c","left","correct","1","","1","trialend","singlestim","53","72162"
"503","Subject238","1","tabletable","1","table","positionright","validityvalid","test","2","neutral","singlestim","55","74172","335","â€šÃ³Ã¨","77","dotpositionright","singlestim","56","74559","m","right","correct","1","","1","trialend","singlestim","57","75574"
"800","Subject238","1","cruelcruel","1","cruel","positionright","validityvalid","test","2","negative","singlestim","59","77580","385","â€šÃ³Ã¨","77","dotpositionright","singlestim","60","78017","m","right","correct","1","","1","trialend","singlestim","61","79029"
"1097","Subject238","1","noosenoose","1","noose","positionleft","validityvalid","test","2","suicide","singlestim","63","81036","442","â€šÃ³Ã¨","67","dotpositionleft","singlestim","64","81531","c","left","correct","1","","1","trialend","singlestim","65","82542"
"1394","Subject238","1","filthyfilthy","1","filthy","positionleft","validityinvalid","test","2","negative","singlestim","67","84550","393","â€šÃ³Ã¨","77","dotpositionright","singlestim","68","84993","m","right","correct","1","","1","trialend","singlestim","69","86006"
"1691","Subject238","1","foamfoam","1","foam","positionright","validityvalid","test","2","neutral","singlestim","71","88015","426","â€šÃ³Ã¨","77","dotpositionright","singlestim","72","88493","m","right","correct","1","","1","trialend","singlestim","73","89508"
"1988","Subject238","1","braverybravery","1","bravery","positionleft","validityvalid","test","2","positive","singlestim","75","91517","419","â€šÃ³Ã¨","67","dotpositionleft","singlestim","76","91993","c","left","correct","1","","1","trialend","singlestim","77","93006"
"2285","Subject238","1","deathdeath","1","death","positionright","validityvalid","test","2","suicide","singlestim","79","95014","365","â€šÃ³Ã¨","77","dotpositionright","singlestim","80","95430","m","right","correct","1","","1","trialend","singlestim","81","96444"
"2582","Subject238","1","enthusiasmenthusiasm","1","enthusiasm","positionright","validityvalid","test","2","positive","singlestim","83","98451","388","â€šÃ³Ã¨","77","dotpositionright","singlestim","84","98893","m","right","correct","1","","1","trialend","singlestim","85","99906"
"2879","Subject238","1","paperpaper","1","paper","positionleft","validityvalid","test","2","neutral","singlestim","87","101914","417","â€šÃ³Ã¨","67","dotpositionleft","singlestim","88","102383","c","left","correct","1","","1","trialend","singlestim","89","103396"
"3176","Subject238","1","lovelove","1","love","positionright","validityinvalid","test","2","positive","singlestim","91","105404","642","â€šÃ³Ã¨","67","dotpositionleft","singlestim","92","106100","c","left","correct","1","","1","trialend","singlestim","93","107113"
"3473","Subject238","1","abuseabuse","1","abuse","positionright","validityvalid","test","2","negative","singlestim","95","109122","394","â€šÃ³Ã¨","77","dotpositionright","singlestim","96","109570","m","right","correct","1","","1","trialend","singlestim","97","110583"
"3770","Subject238","1","pleasurepleasure","1","pleasure","positionleft","validityvalid","test","2","positive","singlestim","99","112592","454","â€šÃ³Ã¨","67","dotpositionleft","singlestim","100","113099","c","left","correct","1","","1","trialend","singlestim","101","114112"
"4067","Subject238","1","horsehorse","1","horse","positionleft","validityinvalid","test","2","neutral","singlestim","103","116120","513","â€šÃ³Ã¨","77","dotpositionright","singlestim","104","116686","m","right","correct","1","","1","trialend","singlestim","105","117699"
"4364","Subject238","1","corpsecorpse","1","corpse","positionleft","validityvalid","test","2","suicide","singlestim","107","119707","447","â€šÃ³Ã¨","67","dotpositionleft","singlestim","108","120207","c","left","correct","1","","1","trialend","singlestim","109","121221"
"4661","Subject238","1","overdoseoverdose","1","overdose","positionright","validityinvalid","test","2","suicide","singlestim","111","123228","540","â€šÃ³Ã¨","67","dotpositionleft","singlestim","112","123822","c","left","correct","1","","1","trialend","singlestim","113","124837"
"4958","Subject238","1","funeralfuneral","1","funeral","positionright","validityvalid","test","1","suicide","singlestim","115","126848","487","â€šÃ³Ã¨","77","dotpositionright","singlestim","116","127386","m","right","correct","1","","1","trialend","singlestim","117","128400"
"5255","Subject238","1","cheesecheese","1","cheese","positionright","validityvalid","test","1","neutral","singlestim","119","130408","345","â€šÃ³Ã¨","77","dotpositionright","singlestim","120","130807","m","right","correct","1","","1","trialend","singlestim","121","131820"
"5552","Subject238","1","vomitvomit","1","vomit","positionleft","validityvalid","test","1","negative","singlestim","123","133828","353","â€šÃ³Ã¨","67","dotpositionleft","singlestim","124","134235","c","left","correct","1","","1","trialend","singlestim","125","135249"
"5849","Subject238","1","patheticpathetic","1","pathetic","positionleft","validityvalid","test","1","negative","singlestim","127","137256","348","â€šÃ³Ã¨","67","dotpositionleft","singlestim","128","137655","c","left","correct","1","","1","trialend","singlestim","129","138668"
"6146","Subject238","1","bloodblood","1","blood","positionleft","validityvalid","test","1","suicide","singlestim","131","140676","522","â€šÃ³Ã¨","67","dotpositionleft","singlestim","132","141250","c","left","correct","1","","1","trialend","singlestim","133","142263"
"6443","Subject238","1","hatehate","1","hate","positionright","validityinvalid","test","1","negative","singlestim","135","144272","456","â€šÃ³Ã¨","67","dotpositionleft","singlestim","136","144780","c","left","correct","1","","1","trialend","singlestim","137","145794"
"6740","Subject238","1","suffocationsuffocation","1","suffocation","positionleft","validityinvalid","test","1","suicide","singlestim","139","147802","424","â€šÃ³Ã¨","77","dotpositionright","singlestim","140","148280","m","right","correct","1","","1","trialend","singlestim","141","149293"
"7037","Subject238","1","foldedfolded","1","folded","positionleft","validityvalid","test","1","neutral","singlestim","143","151300","356","â€šÃ³Ã¨","67","dotpositionleft","singlestim","144","151709","c","left","correct","1","","1","trialend","singlestim","145","152722"
"7334","Subject238","1","statuestatue","1","statue","positionright","validityinvalid","test","1","neutral","singlestim","147","154730","432","â€šÃ³Ã¨","67","dotpositionleft","singlestim","148","155214","c","left","correct","1","","1","trialend","singlestim","149","156228"
"7631","Subject238","1","cryingcrying","1","crying","positionright","validityvalid","test","1","negative","singlestim","151","158235","424","â€šÃ³Ã¨","77","dotpositionright","singlestim","152","158711","m","right","correct","1","","1","trialend","singlestim","153","159725"
"7928","Subject238","1","imageimage","1","image","positionleft","validityvalid","test","1","neutral","singlestim","155","161733","373","â€šÃ³Ã¨","67","dotpositionleft","singlestim","156","162159","c","left","correct","1","","1","trialend","singlestim","157","163171"
"8225","Subject238","1","greatgreat","1","great","positionright","validityvalid","test","1","positive","singlestim","159","165179","365","â€šÃ³Ã¨","77","dotpositionright","singlestim","160","165597","m","right","correct","1","","1","trialend","singlestim","161","166611"
"8522","Subject238","1","attractionattraction","1","attraction","positionright","validityvalid","test","1","positive","singlestim","163","168617","371","â€šÃ³Ã¨","77","dotpositionright","singlestim","164","169044","m","right","correct","1","","1","trialend","singlestim","165","170056"
"8819","Subject238","1","healthyhealthy","1","healthy","positionleft","validityinvalid","test","1","positive","singlestim","167","172066","392","â€šÃ³Ã¨","77","dotpositionright","singlestim","168","172509","m","right","correct","1","","1","trialend","singlestim","169","173522"
"9116","Subject238","1","gunshotgunshot","1","gunshot","positionright","validityvalid","test","1","suicide","singlestim","171","175529","394","â€šÃ³Ã¨","77","dotpositionright","singlestim","172","175974","m","right","correct","1","","1","trialend","singlestim","173","176986"
"9413","Subject238","1","paradiseparadise","1","paradise","positionleft","validityvalid","test","1","positive","singlestim","175","178995","320","â€šÃ³Ã¨","67","dotpositionleft","singlestim","176","179369","c","left","correct","1","","1","trialend","singlestim","177","180382"
"9710","Subject238","1","diedie","1","die","positionright","validityvalid","test","3","suicide","singlestim","179","182391","324","â€šÃ³Ã¨","77","dotpositionright","singlestim","180","182770","m","right","correct","1","","1","trialend","singlestim","181","183790"
"10007","Subject238","1","strongstrong","1","strong","positionleft","validityvalid","test","3","positive","singlestim","183","185799","347","â€šÃ³Ã¨","67","dotpositionleft","singlestim","184","186199","c","left","correct","1","","1","trialend","singlestim","185","187211"
"10304","Subject238","1","happyhappy","1","happy","positionright","validityvalid","test","3","positive","singlestim","187","189220","263","â€šÃ³Ã¨","77","dotpositionright","singlestim","188","189535","m","right","correct","1","","1","trialend","singlestim","189","190549"
"10601","Subject238","1","deaddead","1","dead","positionleft","validityinvalid","test","3","suicide","singlestim","191","192556","396","â€šÃ³Ã¨","77","dotpositionright","singlestim","192","193004","m","right","correct","1","","1","trialend","singlestim","193","194018"
"10898","Subject238","1","greengreen","1","green","positionright","validityvalid","test","3","neutral","singlestim","195","196026","342","â€šÃ³Ã¨","77","dotpositionright","singlestim","196","196419","m","right","correct","1","","1","trialend","singlestim","197","197434"
"11195","Subject238","1","smilesmile","1","smile","positionleft","validityvalid","test","3","positive","singlestim","199","199442","370","â€šÃ³Ã¨","67","dotpositionleft","singlestim","200","199864","c","left","correct","1","","1","trialend","singlestim","201","200877"
"11492","Subject238","1","touretoure","1","toure","positionleft","validityvalid","test","3","negative","singlestim","203","202884","352","â€šÃ³Ã¨","67","dotpositionleft","singlestim","204","203287","c","left","correct","1","","1","trialend","singlestim","205","204302"
"11789","Subject238","1","kisskiss","1","kiss","positionright","validityinvalid","test","3","positive","singlestim","207","206310","417","â€šÃ³Ã¨","67","dotpositionleft","singlestim","208","206780","c","left","correct","1","","1","trialend","singlestim","209","207794"
"12086","Subject238","1","cuttingcutting","1","cutting","positionright","validityvalid","test","3","suicide","singlestim","211","209801","317","â€šÃ³Ã¨","77","dotpositionright","singlestim","212","210169","m","right","correct","1","","1","trialend","singlestim","213","211184"
"12383","Subject238","1","assaultassault","1","assault","positionleft","validityinvalid","test","3","negative","singlestim","215","213189","397","â€šÃ³Ã¨","77","dotpositionright","singlestim","216","213640","m","right","correct","1","","1","trialend","singlestim","217","214654"
"12680","Subject238","1","bombbomb","1","bomb","positionright","validityvalid","test","3","negative","singlestim","219","216661","351","â€šÃ³Ã¨","77","dotpositionright","singlestim","220","217066","m","right","correct","1","","1","trialend","singlestim","221","218079"
"12977","Subject238","1","metermeter","1","meter","positionleft","validityvalid","test","3","neutral","singlestim","223","220086","352","â€šÃ³Ã¨","67","dotpositionleft","singlestim","224","220491","c","left","correct","1","","1","trialend","singlestim","225","221505"
"13274","Subject238","1","dyingdying","1","dying","positionleft","validityvalid","test","3","suicide","singlestim","227","223513","340","â€šÃ³Ã¨","67","dotpositionleft","singlestim","228","223904","c","left","correct","1","","1","trialend","singlestim","229","224922"
"13571","Subject238","1","closetcloset","1","closet","positionright","validityinvalid","test","3","neutral","singlestim","231","226928","493","â€šÃ³Ã¨","67","dotpositionleft","singlestim","232","227472","c","left","correct","1","","1","trialend","singlestim","233","228485"
"13868","Subject238","1","rejectedrejected","1","rejected","positionright","validityvalid","test","3","negative","singlestim","235","230493","364","â€šÃ³Ã¨","77","dotpositionright","singlestim","236","230909","m","right","correct","1","","1","trialend","singlestim","237","231923"
"14165","Subject238","1","museummuseum","1","museum","positionleft","validityvalid","test","3","neutral","singlestim","239","233928","353","â€šÃ³Ã¨","67","dotpositionleft","singlestim","240","234333","c","left","correct","1","","1","trialend","singlestim","241","235347"
"14462","Subject238","1","passionatepassionate","1","passionate","positionleft","validityinvalid","test","4","positive","singlestim","243","237354","371","â€šÃ³Ã¨","77","dotpositionright","singlestim","244","237779","m","right","correct","1","","1","trialend","singlestim","245","238793"
"14759","Subject238","1","successsuccess","1","success","positionleft","validityvalid","test","4","positive","singlestim","247","240800","362","â€šÃ³Ã¨","67","dotpositionleft","singlestim","248","241216","c","left","correct","1","","1","trialend","singlestim","249","242229"
"15056","Subject238","1","wohlesswohless","1","wohless","positionright","validityvalid","test","4","negative","singlestim","251","244236","368","â€šÃ³Ã¨","77","dotpositionright","singlestim","252","244656","m","right","correct","1","","1","trialend","singlestim","253","245670"
"15353","Subject238","1","killingkilling","1","killing","positionleft","validityvalid","test","4","suicide","singlestim","255","247677","337","â€šÃ³Ã¨","67","dotpositionleft","singlestim","256","248069","c","left","correct","1","","1","trialend","singlestim","257","249084"
"15650","Subject238","1","stupidstupid","1","stupid","positionleft","validityvalid","test","4","negative","singlestim","259","251091","321","â€šÃ³Ã¨","67","dotpositionleft","singlestim","260","251465","c","left","correct","1","","1","trialend","singlestim","261","252478"
"15947","Subject238","1","alonealone","1","alone","positionleft","validityvalid","test","4","negative","singlestim","263","254485","409","â€šÃ³Ã¨","67","dotpositionleft","singlestim","264","254949","c","left","correct","1","","1","trialend","singlestim","265","255962"
"16244","Subject238","1","laughlaugh","1","laugh","positionright","validityvalid","test","4","positive","singlestim","267","257969","321","â€šÃ³Ã¨","77","dotpositionright","singlestim","268","258343","m","right","correct","1","","1","trialend","singlestim","269","259356"
"16541","Subject238","1","suicidesuicide","1","suicide","positionright","validityinvalid","test","4","suicide","singlestim","271","261364","364","â€šÃ³Ã¨","67","dotpositionleft","singlestim","272","261782","c","left","correct","1","","1","trialend","singlestim","273","262795"
"16838","Subject238","1","doubledouble","1","double","positionright","validityvalid","test","4","neutral","singlestim","275","264801","303","â€šÃ³Ã¨","77","dotpositionright","singlestim","276","265158","m","right","correct","1","","1","trialend","singlestim","277","266172"
"17135","Subject238","1","ecstaticecstatic","1","ecstatic","positionright","validityvalid","test","4","positive","singlestim","279","268180","387","â€šÃ³Ã¨","77","dotpositionright","singlestim","280","268619","m","right","correct","1","","1","trialend","singlestim","281","269632"
"17432","Subject238","1","ashamedashamed","1","ashamed","positionright","validityinvalid","test","4","negative","singlestim","283","271639","400","â€šÃ³Ã¨","67","dotpositionleft","singlestim","284","272091","c","left","correct","1","","1","trialend","singlestim","285","273105"
"17729","Subject238","1","engineengine","1","engine","positionleft","validityvalid","test","4","neutral","singlestim","287","275111","373","â€šÃ³Ã¨","67","dotpositionleft","singlestim","288","275537","c","left","correct","1","","1","trialend","singlestim","289","276551"
"18026","Subject238","1","frameframe","1","frame","positionleft","validityinvalid","test","4","neutral","singlestim","291","278559","359","â€šÃ³Ã¨","77","dotpositionright","singlestim","292","278970","m","right","correct","1","","1","trialend","singlestim","293","279983"
"18323","Subject238","1","hanginghanging","1","hanging","positionleft","validityvalid","test","4","suicide","singlestim","295","281991","375","â€šÃ³Ã¨","67","dotpositionleft","singlestim","296","282417","c","left","correct","1","","1","trialend","singlestim","297","283430"
"18620","Subject238","1","structurestructure","1","structure","positionright","validityvalid","test","4","neutral","singlestim","299","285439","390","â€šÃ³Ã¨","77","dotpositionright","singlestim","300","285884","m","right","correct","1","","1","trialend","singlestim","301","286896"
"18917","Subject238","1","deceaseddeceased","1","deceased","positionright","validityvalid","test","4","suicide","singlestim","303","288905","376","â€šÃ³Ã¨","77","dotpositionright","singlestim","304","289331","m","right","correct","1","","1","trialend","singlestim","305","290345"
