"","SubjectID","rt","stimulus","keypress","word","wordposition","validity","block","blocknum","wordtype","trialtype","trialindex","timeelapsed","rt.1","stimulus.1","keypress.1","dotposition","trialtype.1","trialindex.1","timeelapsed.1","keypressed","participantresponse","correctresponse","rt.2","stimulus.2","keypress.2","blocktrial","trialtype.2","trialindex.2","timeelapsed.2"
"44","Subject45","1","laughlaugh","1","laugh","positionright","validityvalid","test","4","positive","singlestim","51","121913","601","â€šÃ³Ã¨","77","dotpositionright","singlestim","52","122567","m","right","correct","1","","1","trialend","singlestim","53","123582"
"341","Subject45","1","ashamedashamed","1","ashamed","positionright","validityinvalid","test","4","negative","singlestim","55","125588","374","â€šÃ³Ã¨","67","dotpositionleft","singlestim","56","126015","c","left","correct","1","","1","trialend","singlestim","57","127029"
"638","Subject45","1","hanginghanging","1","hanging","positionleft","validityvalid","test","4","suicide","singlestim","59","129033","613","â€šÃ³Ã¨","67","dotpositionleft","singlestim","60","129699","c","left","correct","1","","1","trialend","singlestim","61","130713"
"935","Subject45","1","doubledouble","1","double","positionright","validityvalid","test","4","neutral","singlestim","63","132722","478","â€šÃ³Ã¨","77","dotpositionright","singlestim","64","133252","m","right","correct","1","","1","trialend","singlestim","65","134264"
"1232","Subject45","1","killingkilling","1","killing","positionleft","validityvalid","test","4","suicide","singlestim","67","136269","389","â€šÃ³Ã¨","67","dotpositionleft","singlestim","68","136709","c","left","correct","1","","1","trialend","singlestim","69","137722"
"1529","Subject45","1","frameframe","1","frame","positionleft","validityinvalid","test","4","neutral","singlestim","71","139730","371","â€šÃ³Ã¨","77","dotpositionright","singlestim","72","140153","m","right","correct","1","","1","trialend","singlestim","73","141167"
"1826","Subject45","1","structurestructure","1","structure","positionright","validityvalid","test","4","neutral","singlestim","75","143173","365","â€šÃ³Ã¨","77","dotpositionright","singlestim","76","143591","m","right","correct","1","","1","trialend","singlestim","77","144609"
"2123","Subject45","1","ecstaticecstatic","1","ecstatic","positionright","validityvalid","test","4","positive","singlestim","79","146619","424","â€šÃ³Ã¨","77","dotpositionright","singlestim","80","147095","m","right","correct","1","","1","trialend","singlestim","81","148109"
"2420","Subject45","1","wohlesswohless","1","wohless","positionright","validityvalid","test","4","negative","singlestim","83","150114","432","â€šÃ³Ã¨","77","dotpositionright","singlestim","84","150599","m","right","correct","1","","1","trialend","singlestim","85","151612"
"2717","Subject45","1","stupidstupid","1","stupid","positionleft","validityvalid","test","4","negative","singlestim","87","153620","511","â€šÃ³Ã¨","67","dotpositionleft","singlestim","88","154182","c","left","correct","1","","1","trialend","singlestim","89","155197"
"3014","Subject45","1","alonealone","1","alone","positionleft","validityvalid","test","4","negative","singlestim","91","157204","341","â€šÃ³Ã¨","67","dotpositionleft","singlestim","92","157597","c","left","correct","1","","1","trialend","singlestim","93","158612"
"3311","Subject45","1","deceaseddeceased","1","deceased","positionright","validityvalid","test","4","suicide","singlestim","95","160621","369","â€šÃ³Ã¨","77","dotpositionright","singlestim","96","161042","m","right","correct","1","","1","trialend","singlestim","97","162053"
"3608","Subject45","1","suicidesuicide","1","suicide","positionright","validityinvalid","test","4","suicide","singlestim","99","164063","348","â€šÃ³Ã¨","67","dotpositionleft","singlestim","100","164463","c","left","correct","1","","1","trialend","singlestim","101","165476"
"3905","Subject45","1","passionatepassionate","1","passionate","positionleft","validityinvalid","test","4","positive","singlestim","103","167485","407","â€šÃ³Ã¨","77","dotpositionright","singlestim","104","167944","m","right","correct","1","","1","trialend","singlestim","105","168958"
"4202","Subject45","1","successsuccess","1","success","positionleft","validityvalid","test","4","positive","singlestim","107","170964","334","â€šÃ³Ã¨","67","dotpositionleft","singlestim","108","171350","c","left","correct","1","","1","trialend","singlestim","109","172363"
"4499","Subject45","1","engineengine","1","engine","positionleft","validityvalid","test","4","neutral","singlestim","111","174370","499","â€šÃ³Ã¨","67","dotpositionleft","singlestim","112","174921","c","left","correct","1","","1","trialend","singlestim","113","175936"
"4796","Subject45","1","cheesecheese","1","cheese","positionright","validityvalid","test","1","neutral","singlestim","115","177947","437","â€šÃ³Ã¨","77","dotpositionright","singlestim","116","178436","m","right","correct","1","","1","trialend","singlestim","117","179450"
"5093","Subject45","1","bloodblood","1","blood","positionleft","validityvalid","test","1","suicide","singlestim","119","181459","447","â€šÃ³Ã¨","67","dotpositionleft","singlestim","120","181958","c","left","correct","1","","1","trialend","singlestim","121","182973"
"5390","Subject45","1","hatehate","1","hate","positionright","validityinvalid","test","1","negative","singlestim","123","184980","405","â€šÃ³Ã¨","67","dotpositionleft","singlestim","124","185438","c","left","correct","1","","1","trialend","singlestim","125","186451"
"5687","Subject45","1","attractionattraction","1","attraction","positionright","validityvalid","test","1","positive","singlestim","127","188460","474","â€šÃ³Ã¨","77","dotpositionright","singlestim","128","188986","m","right","correct","1","","1","trialend","singlestim","129","189999"
"5984","Subject45","1","vomitvomit","1","vomit","positionleft","validityvalid","test","1","negative","singlestim","131","192005","381","â€šÃ³Ã¨","67","dotpositionleft","singlestim","132","192438","c","left","correct","1","","1","trialend","singlestim","133","193451"
"6281","Subject45","1","imageimage","1","image","positionleft","validityvalid","test","1","neutral","singlestim","135","195465","418","â€šÃ³Ã¨","67","dotpositionleft","singlestim","136","195936","c","left","correct","1","","1","trialend","singlestim","137","196949"
"6578","Subject45","1","healthyhealthy","1","healthy","positionleft","validityinvalid","test","1","positive","singlestim","139","198957","410","â€šÃ³Ã¨","77","dotpositionright","singlestim","140","199419","m","right","correct","1","","1","trialend","singlestim","141","200432"
"6875","Subject45","1","funeralfuneral","1","funeral","positionright","validityvalid","test","1","suicide","singlestim","143","202435","403","â€šÃ³Ã¨","77","dotpositionright","singlestim","144","202889","m","right","correct","1","","1","trialend","singlestim","145","203901"
"7172","Subject45","1","statuestatue","1","statue","positionright","validityinvalid","test","1","neutral","singlestim","147","205906","313","â€šÃ³Ã¨","67","dotpositionleft","singlestim","148","206271","c","left","correct","1","","1","trialend","singlestim","149","207284"
"7469","Subject45","1","patheticpathetic","1","pathetic","positionleft","validityvalid","test","1","negative","singlestim","151","209292","389","â€šÃ³Ã¨","67","dotpositionleft","singlestim","152","209736","c","left","correct","1","","1","trialend","singlestim","153","210750"
"7766","Subject45","1","gunshotgunshot","1","gunshot","positionright","validityvalid","test","1","suicide","singlestim","155","212755","342","â€šÃ³Ã¨","77","dotpositionright","singlestim","156","213148","m","right","correct","1","","1","trialend","singlestim","157","214161"
"8063","Subject45","1","paradiseparadise","1","paradise","positionleft","validityvalid","test","1","positive","singlestim","159","216165","271","â€šÃ³Ã¨","67","dotpositionleft","singlestim","160","216489","c","left","correct","1","","1","trialend","singlestim","161","217501"
"8360","Subject45","1","cryingcrying","1","crying","positionright","validityvalid","test","1","negative","singlestim","163","219505","427","â€šÃ³Ã¨","77","dotpositionright","singlestim","164","219985","m","right","correct","1","","1","trialend","singlestim","165","220999"
"8657","Subject45","1","suffocationsuffocation","1","suffocation","positionleft","validityinvalid","test","1","suicide","singlestim","167","223003","414","â€šÃ³Ã¨","77","dotpositionright","singlestim","168","223469","m","right","correct","1","","1","trialend","singlestim","169","224482"
"8954","Subject45","1","foldedfolded","1","folded","positionleft","validityvalid","test","1","neutral","singlestim","171","226487","360","â€šÃ³Ã¨","67","dotpositionleft","singlestim","172","226897","c","left","correct","1","","1","trialend","singlestim","173","227911"
"9251","Subject45","1","greatgreat","1","great","positionright","validityvalid","test","1","positive","singlestim","175","229915","364","â€šÃ³Ã¨","77","dotpositionright","singlestim","176","230332","m","right","correct","1","","1","trialend","singlestim","177","231346"
"9548","Subject45","1","cuttingcutting","1","cutting","positionright","validityvalid","test","3","suicide","singlestim","179","233352","331","â€šÃ³Ã¨","77","dotpositionright","singlestim","180","233736","m","right","correct","1","","1","trialend","singlestim","181","234749"
"9845","Subject45","1","diedie","1","die","positionright","validityvalid","test","3","suicide","singlestim","183","236754","428","â€šÃ³Ã¨","77","dotpositionright","singlestim","184","237235","m","right","correct","1","","1","trialend","singlestim","185","238248"
"10142","Subject45","1","happyhappy","1","happy","positionright","validityvalid","test","3","positive","singlestim","187","240252","364","â€šÃ³Ã¨","77","dotpositionright","singlestim","188","240666","m","right","correct","1","","1","trialend","singlestim","189","241681"
"10439","Subject45","1","metermeter","1","meter","positionleft","validityvalid","test","3","neutral","singlestim","191","243685","431","â€šÃ³Ã¨","67","dotpositionleft","singlestim","192","244168","c","left","correct","1","","1","trialend","singlestim","193","245183"
"10736","Subject45","1","strongstrong","1","strong","positionleft","validityvalid","test","3","positive","singlestim","195","247188","353","â€šÃ³Ã¨","67","dotpositionleft","singlestim","196","247594","c","left","correct","1","","1","trialend","singlestim","197","248607"
"11033","Subject45","1","greengreen","1","green","positionright","validityvalid","test","3","neutral","singlestim","199","250615","393","â€šÃ³Ã¨","77","dotpositionright","singlestim","200","251059","m","right","correct","1","","1","trialend","singlestim","201","252073"
"11330","Subject45","1","kisskiss","1","kiss","positionright","validityinvalid","test","3","positive","singlestim","203","254080","485","â€šÃ³Ã¨","67","dotpositionleft","singlestim","204","254617","c","left","correct","1","","1","trialend","singlestim","205","255631"
"11627","Subject45","1","smilesmile","1","smile","positionleft","validityvalid","test","3","positive","singlestim","207","257638","448","â€šÃ³Ã¨","67","dotpositionleft","singlestim","208","258137","c","left","correct","1","","1","trialend","singlestim","209","259149"
"11924","Subject45","1","assaultassault","1","assault","positionleft","validityinvalid","test","3","negative","singlestim","211","261157","405","â€šÃ³Ã¨","77","dotpositionright","singlestim","212","261614","m","right","correct","1","","1","trialend","singlestim","213","262628"
"12221","Subject45","1","bombbomb","1","bomb","positionright","validityvalid","test","3","negative","singlestim","215","264635","361","â€šÃ³Ã¨","77","dotpositionright","singlestim","216","265047","m","right","correct","1","","1","trialend","singlestim","217","266060"
"12518","Subject45","1","dyingdying","1","dying","positionleft","validityvalid","test","3","suicide","singlestim","219","268067","343","â€šÃ³Ã¨","67","dotpositionleft","singlestim","220","268463","c","left","correct","1","","1","trialend","singlestim","221","269480"
"12815","Subject45","1","touretoure","1","toure","positionleft","validityvalid","test","3","negative","singlestim","223","271486","281","â€šÃ³Ã¨","67","dotpositionleft","singlestim","224","271818","c","left","correct","1","","1","trialend","singlestim","225","272831"
"13112","Subject45","398","deaddead","67","dead","positionleft","validityinvalid","test","3","suicide","singlestim","227","274834","429","â€šÃ³Ã¨","77","dotpositionright","singlestim","228","275317","m","right","correct","1","","1","trialend","singlestim","229","276331"
"13409","Subject45","1","closetcloset","1","closet","positionright","validityinvalid","test","3","neutral","singlestim","231","278338","109","â€šÃ³Ã¨","77","dotpositionleft","singlestim","232","278498","m","right","incorrect","1","","1","trialend","singlestim","233","279510"
"13706","Subject45","1","museummuseum","1","museum","positionleft","validityvalid","test","3","neutral","singlestim","235","281516","1","â€šÃ³Ã¨","1","dotpositionleft","singlestim","236","283570","","incorrect","1","","1","trialend","singlestim","237","284585","1020590"
"14003","Subject45","rejectedrejected","1","rejected","positionright","validityvalid","test","3","negative","singlestim","239","286589","1020610","â€šÃ³Ã¨","77","dotpositionright","singlestim","240","287171","1020620","right","correct","1","","1","trialend","singlestim","241","288183","1020630"
"14300","Subject45","filthyfilthy","1","filthy","positionleft","validityinvalid","test","2","negative","singlestim","243","290191","103010","â€šÃ³Ã¨","77","dotpositionright","singlestim","244","290750","103020","right","correct","1","","1","trialend","singlestim","245","291764","103030"
"14597","Subject45","overdoseoverdose","1","overdose","positionright","validityinvalid","test","2","suicide","singlestim","247","293770","103050","â€šÃ³Ã¨","67","dotpositionleft","singlestim","248","294635","103060","left","correct","1","","1","trialend","singlestim","249","295647","103070"
"14894","Subject45","pleasurepleasure","1","pleasure","positionleft","validityvalid","test","2","positive","singlestim","251","297650","103090","â€šÃ³Ã¨","67","dotpositionleft","singlestim","252","298139","1030100","left","correct","1","","1","trialend","singlestim","253","299152","1030110"
"15191","Subject45","braverybravery","1","bravery","positionleft","validityvalid","test","2","positive","singlestim","255","301158","1030130","â€šÃ³Ã¨","67","dotpositionleft","singlestim","256","301528","1030140","left","correct","1","","1","trialend","singlestim","257","302542","1030150"
"15488","Subject45","cruelcruel","1","cruel","positionright","validityvalid","test","2","negative","singlestim","259","304548","1030170","â€šÃ³Ã¨","77","dotpositionright","singlestim","260","305008","1030180","right","correct","1","","1","trialend","singlestim","261","306020","1030190"
"15785","Subject45","horsehorse","1","horse","positionleft","validityinvalid","test","2","neutral","singlestim","263","308026","1030210","â€šÃ³Ã¨","77","dotpositionright","singlestim","264","308438","1030220","right","correct","1","","1","trialend","singlestim","265","309451","1030230"
"16082","Subject45","noosenoose","1","noose","positionleft","validityvalid","test","2","suicide","singlestim","267","311458","1030250","â€šÃ³Ã¨","67","dotpositionleft","singlestim","268","311838","1030260","left","correct","1","","1","trialend","singlestim","269","312850","1030270"
"16379","Subject45","corpsecorpse","1","corpse","positionleft","validityvalid","test","2","suicide","singlestim","271","314857","1030290","â€šÃ³Ã¨","67","dotpositionleft","singlestim","272","315235","1030300","left","correct","1","","1","trialend","singlestim","273","316247","1030310"
"16676","Subject45","paperpaper","1","paper","positionleft","validityvalid","test","2","neutral","singlestim","275","318251","1030330","â€šÃ³Ã¨","67","dotpositionleft","singlestim","276","318607","1030340","left","correct","1","","1","trialend","singlestim","277","319620","1030350"
"16973","Subject45","abuseabuse","1","abuse","positionright","validityvalid","test","2","negative","singlestim","279","321626","1030370","â€šÃ³Ã¨","77","dotpositionright","singlestim","280","322097","1030380","right","correct","1","","1","trialend","singlestim","281","323110","1030390"
"17270","Subject45","enthusiasmenthusiasm","1","enthusiasm","positionright","validityvalid","test","2","positive","singlestim","283","325120","1030410","â€šÃ³Ã¨","77","dotpositionright","singlestim","284","325637","1030420","right","correct","1","","1","trialend","singlestim","285","326650","1030430"
"17567","Subject45","deathdeath","1","death","positionright","validityvalid","test","2","suicide","singlestim","287","328655","1030450","â€šÃ³Ã¨","77","dotpositionright","singlestim","288","329068","1030460","right","correct","1","","1","trialend","singlestim","289","330081","1030470"
"17864","Subject45","tabletable","1","table","positionright","validityvalid","test","2","neutral","singlestim","291","332087","1030490","â€šÃ³Ã¨","77","dotpositionright","singlestim","292","332587","1030500","right","correct","1","","1","trialend","singlestim","293","333601","1030510"
"18161","Subject45","lovelove","1","love","positionright","validityinvalid","test","2","positive","singlestim","295","335609","1030530","â€šÃ³Ã¨","67","dotpositionleft","singlestim","296","335997","1030540","left","correct","1","","1","trialend","singlestim","297","337009","1030550"
"18458","Subject45","failurefailure","1","failure","positionleft","validityvalid","test","2","negative","singlestim","299","339014","1030570","â€šÃ³Ã¨","67","dotpositionleft","singlestim","300","339457","1030580","left","correct","1","","1","trialend","singlestim","301","340470","1030590"
"18755","Subject45","foamfoam","1","foam","positionright","validityvalid","test","2","neutral","singlestim","303","342476","1030610","â€šÃ³Ã¨","77","dotpositionright","singlestim","304","343027","1030620","right","correct","1","","1","trialend","singlestim","305","344039","1030630"
