"","SubjectID","rt","stimulus","keypress","word","wordposition","validity","block","blocknum","wordtype","trialtype","trialindex","timeelapsed","rt.1","stimulus.1","keypress.1","dotposition","trialtype.1","trialindex.1","timeelapsed.1","keypressed","participantresponse","correctresponse","rt.2","stimulus.2","keypress.2","blocktrial","trialtype.2","trialindex.2","timeelapsed.2"
"58","Subject61","1","cheesecheese","1","cheese","positionright","validityvalid","test","1","neutral","singlestim","51","93301","391","â€šÃ³Ã¨","77","dotpositionright","singlestim","52","93747","m","right","correct","1","","1","trialend","singlestim","53","94763"
"355","Subject61","1","greatgreat","1","great","positionright","validityvalid","test","1","positive","singlestim","55","96771","314","â€šÃ³Ã¨","77","dotpositionright","singlestim","56","97137","m","right","correct","1","","1","trialend","singlestim","57","98153"
"652","Subject61","1","foldedfolded","1","folded","positionleft","validityvalid","test","1","neutral","singlestim","59","100161","453","â€šÃ³Ã¨","67","dotpositionleft","singlestim","60","100666","c","left","correct","1","","1","trialend","singlestim","61","101681"
"949","Subject61","1","paradiseparadise","1","paradise","positionleft","validityvalid","test","1","positive","singlestim","63","103690","860","â€šÃ³Ã¨","67","dotpositionleft","singlestim","64","104602","c","left","correct","1","","1","trialend","singlestim","65","105617"
"1246","Subject61","1","gunshotgunshot","1","gunshot","positionright","validityvalid","test","1","suicide","singlestim","67","107625","474","â€šÃ³Ã¨","77","dotpositionright","singlestim","68","108156","m","right","correct","1","","1","trialend","singlestim","69","109171"
"1543","Subject61","1","funeralfuneral","1","funeral","positionright","validityvalid","test","1","suicide","singlestim","71","111177","361","â€šÃ³Ã¨","77","dotpositionright","singlestim","72","111592","m","right","correct","1","","1","trialend","singlestim","73","112607"
"1840","Subject61","1","vomitvomit","1","vomit","positionleft","validityvalid","test","1","negative","singlestim","75","114614","575","â€šÃ³Ã¨","67","dotpositionleft","singlestim","76","115241","c","left","correct","1","","1","trialend","singlestim","77","116256"
"2137","Subject61","1","cryingcrying","1","crying","positionright","validityvalid","test","1","negative","singlestim","79","118266","379","â€šÃ³Ã¨","77","dotpositionright","singlestim","80","118701","m","right","correct","1","","1","trialend","singlestim","81","119715"
"2434","Subject61","1","healthyhealthy","1","healthy","positionleft","validityinvalid","test","1","positive","singlestim","83","121723","470","â€šÃ³Ã¨","77","dotpositionright","singlestim","84","122246","m","right","correct","1","","1","trialend","singlestim","85","123261"
"2731","Subject61","1","imageimage","1","image","positionleft","validityvalid","test","1","neutral","singlestim","87","125271","409","â€šÃ³Ã¨","67","dotpositionleft","singlestim","88","125737","c","left","correct","1","","1","trialend","singlestim","89","126749"
"3028","Subject61","1","statuestatue","1","statue","positionright","validityinvalid","test","1","neutral","singlestim","91","128758","459","â€šÃ³Ã¨","67","dotpositionleft","singlestim","92","129269","c","left","correct","1","","1","trialend","singlestim","93","130284"
"3325","Subject61","1","bloodblood","1","blood","positionleft","validityvalid","test","1","suicide","singlestim","95","132293","405","â€šÃ³Ã¨","67","dotpositionleft","singlestim","96","132753","c","left","correct","1","","1","trialend","singlestim","97","133766"
"3622","Subject61","1","attractionattraction","1","attraction","positionright","validityvalid","test","1","positive","singlestim","99","135775","411","â€šÃ³Ã¨","77","dotpositionright","singlestim","100","136239","m","right","correct","1","","1","trialend","singlestim","101","137254"
"3919","Subject61","1","patheticpathetic","1","pathetic","positionleft","validityvalid","test","1","negative","singlestim","103","139263","442","â€šÃ³Ã¨","67","dotpositionleft","singlestim","104","139757","c","left","correct","1","","1","trialend","singlestim","105","140772"
"4216","Subject61","1","hatehate","1","hate","positionright","validityinvalid","test","1","negative","singlestim","107","142781","553","â€šÃ³Ã¨","67","dotpositionleft","singlestim","108","143386","c","left","correct","1","","1","trialend","singlestim","109","144400"
"4513","Subject61","1","suffocationsuffocation","1","suffocation","positionleft","validityinvalid","test","1","suicide","singlestim","111","146408","554","â€šÃ³Ã¨","77","dotpositionright","singlestim","112","147015","m","right","correct","1","","1","trialend","singlestim","113","148031"
"4810","Subject61","1","filthyfilthy","1","filthy","positionleft","validityinvalid","test","2","negative","singlestim","115","150042","457","â€šÃ³Ã¨","77","dotpositionright","singlestim","116","150552","m","right","correct","1","","1","trialend","singlestim","117","151568"
"5107","Subject61","1","cruelcruel","1","cruel","positionright","validityvalid","test","2","negative","singlestim","119","153576","452","â€šÃ³Ã¨","77","dotpositionright","singlestim","120","154084","m","right","correct","1","","1","trialend","singlestim","121","155096"
"5404","Subject61","1","braverybravery","1","bravery","positionleft","validityvalid","test","2","positive","singlestim","123","157105","400","â€šÃ³Ã¨","67","dotpositionleft","singlestim","124","157557","c","left","correct","1","","1","trialend","singlestim","125","158574"
"5701","Subject61","1","horsehorse","1","horse","positionleft","validityinvalid","test","2","neutral","singlestim","127","160582","571","â€šÃ³Ã¨","77","dotpositionright","singlestim","128","161208","m","right","correct","1","","1","trialend","singlestim","129","162224"
"5998","Subject61","1","foamfoam","1","foam","positionright","validityvalid","test","2","neutral","singlestim","131","164236","558","â€šÃ³Ã¨","77","dotpositionright","singlestim","132","164850","m","right","correct","1","","1","trialend","singlestim","133","165864"
"6295","Subject61","1","pleasurepleasure","1","pleasure","positionleft","validityvalid","test","2","positive","singlestim","135","167872","617","â€šÃ³Ã¨","67","dotpositionleft","singlestim","136","168542","c","left","correct","1","","1","trialend","singlestim","137","169557"
"6592","Subject61","1","tabletable","1","table","positionright","validityvalid","test","2","neutral","singlestim","139","171569","685","â€šÃ³Ã¨","77","dotpositionright","singlestim","140","172306","m","right","correct","1","","1","trialend","singlestim","141","173321"
"6889","Subject61","1","abuseabuse","1","abuse","positionright","validityvalid","test","2","negative","singlestim","143","175330","379","â€šÃ³Ã¨","77","dotpositionright","singlestim","144","175761","m","right","correct","1","","1","trialend","singlestim","145","176775"
"7186","Subject61","1","noosenoose","1","noose","positionleft","validityvalid","test","2","suicide","singlestim","147","178784","489","â€šÃ³Ã¨","67","dotpositionleft","singlestim","148","179325","c","left","correct","1","","1","trialend","singlestim","149","180339"
"7483","Subject61","1","overdoseoverdose","1","overdose","positionright","validityinvalid","test","2","suicide","singlestim","151","182348","722","â€šÃ³Ã¨","67","dotpositionleft","singlestim","152","183122","c","left","correct","1","","1","trialend","singlestim","153","184141"
"7780","Subject61","1","lovelove","1","love","positionright","validityinvalid","test","2","positive","singlestim","155","186149","639","â€šÃ³Ã¨","67","dotpositionleft","singlestim","156","186841","c","left","correct","1","","1","trialend","singlestim","157","187855"
"8077","Subject61","1","deathdeath","1","death","positionright","validityvalid","test","2","suicide","singlestim","159","189863","489","â€šÃ³Ã¨","77","dotpositionright","singlestim","160","190405","m","right","correct","1","","1","trialend","singlestim","161","191419"
"8374","Subject61","1","enthusiasmenthusiasm","1","enthusiasm","positionright","validityvalid","test","2","positive","singlestim","163","193427","553","â€šÃ³Ã¨","77","dotpositionright","singlestim","164","194036","m","right","correct","1","","1","trialend","singlestim","165","195053"
"8671","Subject61","1","corpsecorpse","1","corpse","positionleft","validityvalid","test","2","suicide","singlestim","167","197061","550","â€šÃ³Ã¨","67","dotpositionleft","singlestim","168","197667","c","left","correct","1","","1","trialend","singlestim","169","198680"
"8968","Subject61","1","paperpaper","1","paper","positionleft","validityvalid","test","2","neutral","singlestim","171","200692","412","â€šÃ³Ã¨","67","dotpositionleft","singlestim","172","201160","c","left","correct","1","","1","trialend","singlestim","173","202174"
"9265","Subject61","1","failurefailure","1","failure","positionleft","validityvalid","test","2","negative","singlestim","175","204183","444","â€šÃ³Ã¨","67","dotpositionleft","singlestim","176","204679","c","left","correct","1","","1","trialend","singlestim","177","205691"
"9562","Subject61","1","metermeter","1","meter","positionleft","validityvalid","test","3","neutral","singlestim","179","207700","435","â€šÃ³Ã¨","67","dotpositionleft","singlestim","180","208188","c","left","correct","1","","1","trialend","singlestim","181","209203"
"9859","Subject61","1","greengreen","1","green","positionright","validityvalid","test","3","neutral","singlestim","183","211212","520","â€šÃ³Ã¨","77","dotpositionright","singlestim","184","211788","m","right","correct","1","","1","trialend","singlestim","185","212801"
"10156","Subject61","1","bombbomb","1","bomb","positionright","validityvalid","test","3","negative","singlestim","187","214810","444","â€šÃ³Ã¨","77","dotpositionright","singlestim","188","215305","m","right","correct","1","","1","trialend","singlestim","189","216319"
"10453","Subject61","1","smilesmile","1","smile","positionleft","validityvalid","test","3","positive","singlestim","191","218327","473","â€šÃ³Ã¨","67","dotpositionleft","singlestim","192","218852","c","left","correct","1","","1","trialend","singlestim","193","219870"
"10750","Subject61","1","diedie","1","die","positionright","validityvalid","test","3","suicide","singlestim","195","221879","474","â€šÃ³Ã¨","77","dotpositionright","singlestim","196","222410","m","right","correct","1","","1","trialend","singlestim","197","223423"
"11047","Subject61","1","cuttingcutting","1","cutting","positionright","validityvalid","test","3","suicide","singlestim","199","225431","331","â€šÃ³Ã¨","77","dotpositionright","singlestim","200","225814","m","right","correct","1","","1","trialend","singlestim","201","226830"
"11344","Subject61","1","strongstrong","1","strong","positionleft","validityvalid","test","3","positive","singlestim","203","228838","539","â€šÃ³Ã¨","67","dotpositionleft","singlestim","204","229429","c","left","correct","1","","1","trialend","singlestim","205","230446"
"11641","Subject61","1","happyhappy","1","happy","positionright","validityvalid","test","3","positive","singlestim","207","232454","367","â€šÃ³Ã¨","77","dotpositionright","singlestim","208","232874","m","right","correct","1","","1","trialend","singlestim","209","233888"
"11938","Subject61","1","rejectedrejected","1","rejected","positionright","validityvalid","test","3","negative","singlestim","211","235896","703","â€šÃ³Ã¨","77","dotpositionright","singlestim","212","236653","m","right","correct","1","","1","trialend","singlestim","213","237669"
"12235","Subject61","1","assaultassault","1","assault","positionleft","validityinvalid","test","3","negative","singlestim","215","239675","470","â€šÃ³Ã¨","77","dotpositionright","singlestim","216","240197","m","right","correct","1","","1","trialend","singlestim","217","241213"
"12532","Subject61","1","deaddead","1","dead","positionleft","validityinvalid","test","3","suicide","singlestim","219","243221","684","â€šÃ³Ã¨","77","dotpositionright","singlestim","220","243957","m","right","correct","1","","1","trialend","singlestim","221","244974"
"12829","Subject61","1","dyingdying","1","dying","positionleft","validityvalid","test","3","suicide","singlestim","223","246982","612","â€šÃ³Ã¨","67","dotpositionleft","singlestim","224","247646","c","left","correct","1","","1","trialend","singlestim","225","248659"
"13126","Subject61","1","kisskiss","1","kiss","positionright","validityinvalid","test","3","positive","singlestim","227","250668","680","â€šÃ³Ã¨","67","dotpositionleft","singlestim","228","251399","c","left","correct","1","","1","trialend","singlestim","229","252415"
"13423","Subject61","1","touretoure","1","toure","positionleft","validityvalid","test","3","negative","singlestim","231","254422","532","â€šÃ³Ã¨","67","dotpositionleft","singlestim","232","255007","c","left","correct","1","","1","trialend","singlestim","233","256025"
"13720","Subject61","1","museummuseum","1","museum","positionleft","validityvalid","test","3","neutral","singlestim","235","258035","616","â€šÃ³Ã¨","67","dotpositionleft","singlestim","236","258702","c","left","correct","1","","1","trialend","singlestim","237","259719"
"14017","Subject61","1","closetcloset","1","closet","positionright","validityinvalid","test","3","neutral","singlestim","239","261724","519","â€šÃ³Ã¨","67","dotpositionleft","singlestim","240","262296","c","left","correct","1","","1","trialend","singlestim","241","263315"
"14314","Subject61","1","structurestructure","1","structure","positionright","validityvalid","test","4","neutral","singlestim","243","265323","435","â€šÃ³Ã¨","77","dotpositionright","singlestim","244","265811","m","right","correct","1","","1","trialend","singlestim","245","266826"
"14611","Subject61","1","laughlaugh","1","laugh","positionright","validityvalid","test","4","positive","singlestim","247","268835","342","â€šÃ³Ã¨","77","dotpositionright","singlestim","248","269228","m","right","correct","1","","1","trialend","singlestim","249","270245"
"14908","Subject61","1","successsuccess","1","success","positionleft","validityvalid","test","4","positive","singlestim","251","272253","358","â€šÃ³Ã¨","67","dotpositionleft","singlestim","252","272664","c","left","correct","1","","1","trialend","singlestim","253","273681"
"15205","Subject61","1","ecstaticecstatic","1","ecstatic","positionright","validityvalid","test","4","positive","singlestim","255","275689","384","â€šÃ³Ã¨","77","dotpositionright","singlestim","256","276126","m","right","correct","1","","1","trialend","singlestim","257","277140"
"15502","Subject61","1","suicidesuicide","1","suicide","positionright","validityinvalid","test","4","suicide","singlestim","259","279149","529","â€šÃ³Ã¨","67","dotpositionleft","singlestim","260","279729","c","left","correct","1","","1","trialend","singlestim","261","280745"
"15799","Subject61","1","frameframe","1","frame","positionleft","validityinvalid","test","4","neutral","singlestim","263","282753","465","â€šÃ³Ã¨","77","dotpositionright","singlestim","264","283271","m","right","correct","1","","1","trialend","singlestim","265","284284"
"16096","Subject61","1","hanginghanging","1","hanging","positionleft","validityvalid","test","4","suicide","singlestim","267","286293","451","â€šÃ³Ã¨","67","dotpositionleft","singlestim","268","286796","c","left","correct","1","","1","trialend","singlestim","269","287814"
"16393","Subject61","1","doubledouble","1","double","positionright","validityvalid","test","4","neutral","singlestim","271","289823","465","â€šÃ³Ã¨","77","dotpositionright","singlestim","272","290340","m","right","correct","1","","1","trialend","singlestim","273","291354"
"16690","Subject61","1","alonealone","1","alone","positionleft","validityvalid","test","4","negative","singlestim","275","293363","380","â€šÃ³Ã¨","67","dotpositionleft","singlestim","276","293800","c","left","correct","1","","1","trialend","singlestim","277","294814"
"16987","Subject61","1","engineengine","1","engine","positionleft","validityvalid","test","4","neutral","singlestim","279","296822","481","â€šÃ³Ã¨","67","dotpositionleft","singlestim","280","297356","c","left","correct","1","","1","trialend","singlestim","281","298371"
"17284","Subject61","1","passionatepassionate","1","passionate","positionleft","validityinvalid","test","4","positive","singlestim","283","300379","422","â€šÃ³Ã¨","77","dotpositionright","singlestim","284","300857","m","right","correct","1","","1","trialend","singlestim","285","301872"
"17581","Subject61","1","ashamedashamed","1","ashamed","positionright","validityinvalid","test","4","negative","singlestim","287","303882","816","â€šÃ³Ã¨","67","dotpositionleft","singlestim","288","304751","c","left","correct","1","","1","trialend","singlestim","289","305767"
"17878","Subject61","1","deceaseddeceased","1","deceased","positionright","validityvalid","test","4","suicide","singlestim","291","307775","601","â€šÃ³Ã¨","77","dotpositionright","singlestim","292","308428","m","right","correct","1","","1","trialend","singlestim","293","309446"
"18175","Subject61","1","killingkilling","1","killing","positionleft","validityvalid","test","4","suicide","singlestim","295","311455","402","â€šÃ³Ã¨","67","dotpositionleft","singlestim","296","311908","c","left","correct","1","","1","trialend","singlestim","297","312922"
"18472","Subject61","1","stupidstupid","1","stupid","positionleft","validityvalid","test","4","negative","singlestim","299","314932","381","â€šÃ³Ã¨","67","dotpositionleft","singlestim","300","315364","c","left","correct","1","","1","trialend","singlestim","301","316382"
"18769","Subject61","1","wohlesswohless","1","wohless","positionright","validityvalid","test","4","negative","singlestim","303","318391","300","â€šÃ³Ã¨","77","dotpositionright","singlestim","304","318743","m","right","correct","1","","1","trialend","singlestim","305","319760"
