"","SubjectID","rt","stimulus","keypress","word","wordposition","validity","block","blocknum","wordtype","trialtype","trialindex","timeelapsed","rt.1","stimulus.1","keypress.1","dotposition","trialtype.1","trialindex.1","timeelapsed.1","keypressed","participantresponse","correctresponse","rt.2","stimulus.2","keypress.2","blocktrial","trialtype.2","trialindex.2","timeelapsed.2"
"159","Subject187","1","cuttingcutting","1","cutting","positionright","validityvalid","test","3","suicide","singlestim","51","80063","665","â€šÃ³Ã¨","77","dotpositionright","singlestim","52","80783","m","right","correct","1","","1","trialend","singlestim","53","81799"
"456","Subject187","1","rejectedrejected","1","rejected","positionright","validityvalid","test","3","negative","singlestim","55","83807","409","â€šÃ³Ã¨","77","dotpositionright","singlestim","56","84268","m","right","correct","1","","1","trialend","singlestim","57","85286"
"753","Subject187","1","assaultassault","1","assault","positionleft","validityinvalid","test","3","negative","singlestim","59","87295","320","â€šÃ³Ã¨","77","dotpositionright","singlestim","60","87668","m","right","correct","1","","1","trialend","singlestim","61","88682"
"1050","Subject187","1","museummuseum","1","museum","positionleft","validityvalid","test","3","neutral","singlestim","63","90690","494","â€šÃ³Ã¨","67","dotpositionleft","singlestim","64","91239","c","left","correct","1","","1","trialend","singlestim","65","92255"
"1347","Subject187","1","metermeter","1","meter","positionleft","validityvalid","test","3","neutral","singlestim","67","94259","418","â€šÃ³Ã¨","67","dotpositionleft","singlestim","68","94731","c","left","correct","1","","1","trialend","singlestim","69","95745"
"1644","Subject187","1","diedie","1","die","positionright","validityvalid","test","3","suicide","singlestim","71","97755","386","â€šÃ³Ã¨","77","dotpositionright","singlestim","72","98195","m","right","correct","1","","1","trialend","singlestim","73","99209"
"1941","Subject187","1","dyingdying","1","dying","positionleft","validityvalid","test","3","suicide","singlestim","75","101218","375","â€šÃ³Ã¨","67","dotpositionleft","singlestim","76","101646","c","left","correct","1","","1","trialend","singlestim","77","102662"
"2238","Subject187","1","touretoure","1","toure","positionleft","validityvalid","test","3","negative","singlestim","79","104671","502","â€šÃ³Ã¨","67","dotpositionleft","singlestim","80","105227","c","left","correct","1","","1","trialend","singlestim","81","106245"
"2535","Subject187","1","happyhappy","1","happy","positionright","validityvalid","test","3","positive","singlestim","83","108252","330","â€šÃ³Ã¨","77","dotpositionright","singlestim","84","108635","m","right","correct","1","","1","trialend","singlestim","85","109650"
"2832","Subject187","1","kisskiss","1","kiss","positionright","validityinvalid","test","3","positive","singlestim","87","111659","350","â€šÃ³Ã¨","67","dotpositionleft","singlestim","88","112063","c","left","correct","1","","1","trialend","singlestim","89","113077"
"3129","Subject187","1","strongstrong","1","strong","positionleft","validityvalid","test","3","positive","singlestim","91","115086","311","â€šÃ³Ã¨","67","dotpositionleft","singlestim","92","115450","c","left","correct","1","","1","trialend","singlestim","93","116466"
"3426","Subject187","1","smilesmile","1","smile","positionleft","validityvalid","test","3","positive","singlestim","95","118473","331","â€šÃ³Ã¨","67","dotpositionleft","singlestim","96","118859","c","left","correct","1","","1","trialend","singlestim","97","119872"
"3723","Subject187","1","closetcloset","1","closet","positionright","validityinvalid","test","3","neutral","singlestim","99","121882","289","â€šÃ³Ã¨","67","dotpositionleft","singlestim","100","122223","c","left","correct","1","","1","trialend","singlestim","101","123237"
"4020","Subject187","1","deaddead","1","dead","positionleft","validityinvalid","test","3","suicide","singlestim","103","125245","280","â€šÃ³Ã¨","77","dotpositionright","singlestim","104","125578","m","right","correct","1","","1","trialend","singlestim","105","126591"
"4317","Subject187","1","bombbomb","1","bomb","positionright","validityvalid","test","3","negative","singlestim","107","128600","389","â€šÃ³Ã¨","77","dotpositionright","singlestim","108","129042","m","right","correct","1","","1","trialend","singlestim","109","130057"
"4614","Subject187","1","greengreen","1","green","positionright","validityvalid","test","3","neutral","singlestim","111","132066","337","â€šÃ³Ã¨","77","dotpositionright","singlestim","112","132454","m","right","correct","1","","1","trialend","singlestim","113","133470"
"4911","Subject187","1","gunshotgunshot","1","gunshot","positionright","validityvalid","test","1","suicide","singlestim","115","135477","351","â€šÃ³Ã¨","77","dotpositionright","singlestim","116","135882","m","right","correct","1","","1","trialend","singlestim","117","136896"
"5208","Subject187","1","statuestatue","1","statue","positionright","validityinvalid","test","1","neutral","singlestim","119","138902","294","â€šÃ³Ã¨","67","dotpositionleft","singlestim","120","139249","c","left","correct","1","","1","trialend","singlestim","121","140263"
"5505","Subject187","1","funeralfuneral","1","funeral","positionright","validityvalid","test","1","suicide","singlestim","123","142270","313","â€šÃ³Ã¨","77","dotpositionright","singlestim","124","142638","m","right","correct","1","","1","trialend","singlestim","125","143654"
"5802","Subject187","1","hatehate","1","hate","positionright","validityinvalid","test","1","negative","singlestim","127","145658","280","â€šÃ³Ã¨","67","dotpositionleft","singlestim","128","145993","c","left","correct","1","","1","trialend","singlestim","129","147011"
"6099","Subject187","1","bloodblood","1","blood","positionleft","validityvalid","test","1","suicide","singlestim","131","149021","262","â€šÃ³Ã¨","67","dotpositionleft","singlestim","132","149337","c","left","correct","1","","1","trialend","singlestim","133","150352"
"6396","Subject187","1","suffocationsuffocation","1","suffocation","positionleft","validityinvalid","test","1","suicide","singlestim","135","152361","324","â€šÃ³Ã¨","77","dotpositionright","singlestim","136","152741","m","right","correct","1","","1","trialend","singlestim","137","153754"
"6693","Subject187","1","patheticpathetic","1","pathetic","positionleft","validityvalid","test","1","negative","singlestim","139","155763","314","â€šÃ³Ã¨","67","dotpositionleft","singlestim","140","156129","c","left","correct","1","","1","trialend","singlestim","141","157143"
"6990","Subject187","1","foldedfolded","1","folded","positionleft","validityvalid","test","1","neutral","singlestim","143","159152","339","â€šÃ³Ã¨","67","dotpositionleft","singlestim","144","159545","c","left","correct","1","","1","trialend","singlestim","145","160558"
"7287","Subject187","1","vomitvomit","1","vomit","positionleft","validityvalid","test","1","negative","singlestim","147","162565","363","â€šÃ³Ã¨","67","dotpositionleft","singlestim","148","162981","c","left","correct","1","","1","trialend","singlestim","149","163995"
"7584","Subject187","1","cryingcrying","1","crying","positionright","validityvalid","test","1","negative","singlestim","151","166007","299","â€šÃ³Ã¨","77","dotpositionright","singlestim","152","166360","m","right","correct","1","","1","trialend","singlestim","153","167377"
"7881","Subject187","1","greatgreat","1","great","positionright","validityvalid","test","1","positive","singlestim","155","169384","349","â€šÃ³Ã¨","77","dotpositionright","singlestim","156","169785","m","right","correct","1","","1","trialend","singlestim","157","170800"
"8178","Subject187","1","healthyhealthy","1","healthy","positionleft","validityinvalid","test","1","positive","singlestim","159","172808","406","â€šÃ³Ã¨","77","dotpositionright","singlestim","160","173268","m","right","correct","1","","1","trialend","singlestim","161","174282"
"8475","Subject187","1","cheesecheese","1","cheese","positionright","validityvalid","test","1","neutral","singlestim","163","176292","334","â€šÃ³Ã¨","77","dotpositionright","singlestim","164","176681","m","right","correct","1","","1","trialend","singlestim","165","177694"
"8772","Subject187","1","attractionattraction","1","attraction","positionright","validityvalid","test","1","positive","singlestim","167","179706","312","â€šÃ³Ã¨","77","dotpositionright","singlestim","168","180072","m","right","correct","1","","1","trialend","singlestim","169","181084"
"9069","Subject187","1","paradiseparadise","1","paradise","positionleft","validityvalid","test","1","positive","singlestim","171","183094","323","â€šÃ³Ã¨","67","dotpositionleft","singlestim","172","183468","c","left","correct","1","","1","trialend","singlestim","173","184480"
"9366","Subject187","1","imageimage","1","image","positionleft","validityvalid","test","1","neutral","singlestim","175","186488","323","â€šÃ³Ã¨","67","dotpositionleft","singlestim","176","186864","c","left","correct","1","","1","trialend","singlestim","177","187876"
"9663","Subject187","1","failurefailure","1","failure","positionleft","validityvalid","test","2","negative","singlestim","179","189883","278","â€šÃ³Ã¨","67","dotpositionleft","singlestim","180","190216","c","left","correct","1","","1","trialend","singlestim","181","191229"
"9960","Subject187","1","braverybravery","1","bravery","positionleft","validityvalid","test","2","positive","singlestim","183","193238","343","â€šÃ³Ã¨","67","dotpositionleft","singlestim","184","193635","c","left","correct","1","","1","trialend","singlestim","185","194652"
"10257","Subject187","1","deathdeath","1","death","positionright","validityvalid","test","2","suicide","singlestim","187","196659","365","â€šÃ³Ã¨","77","dotpositionright","singlestim","188","197079","m","right","correct","1","","1","trialend","singlestim","189","198096"
"10554","Subject187","1","noosenoose","1","noose","positionleft","validityvalid","test","2","suicide","singlestim","191","200103","377","â€šÃ³Ã¨","67","dotpositionleft","singlestim","192","200536","c","left","correct","1","","1","trialend","singlestim","193","201551"
"10851","Subject187","1","corpsecorpse","1","corpse","positionleft","validityvalid","test","2","suicide","singlestim","195","203559","500","â€šÃ³Ã¨","67","dotpositionleft","singlestim","196","204115","c","left","correct","1","","1","trialend","singlestim","197","205129"
"11148","Subject187","1","filthyfilthy","1","filthy","positionleft","validityinvalid","test","2","negative","singlestim","199","207138","376","â€šÃ³Ã¨","77","dotpositionright","singlestim","200","207567","m","right","correct","1","","1","trialend","singlestim","201","208583"
"11445","Subject187","1","horsehorse","1","horse","positionleft","validityinvalid","test","2","neutral","singlestim","203","210592","354","â€šÃ³Ã¨","77","dotpositionright","singlestim","204","210999","m","right","correct","1","","1","trialend","singlestim","205","212013"
"11742","Subject187","1","foamfoam","1","foam","positionright","validityvalid","test","2","neutral","singlestim","207","214021","344","â€šÃ³Ã¨","77","dotpositionright","singlestim","208","214418","m","right","correct","1","","1","trialend","singlestim","209","215434"
"12039","Subject187","1","abuseabuse","1","abuse","positionright","validityvalid","test","2","negative","singlestim","211","217445","355","â€šÃ³Ã¨","77","dotpositionright","singlestim","212","217854","m","right","correct","1","","1","trialend","singlestim","213","218867"
"12336","Subject187","1","paperpaper","1","paper","positionleft","validityvalid","test","2","neutral","singlestim","215","220879","324","â€šÃ³Ã¨","67","dotpositionleft","singlestim","216","221255","c","left","correct","1","","1","trialend","singlestim","217","222271"
"12633","Subject187","1","pleasurepleasure","1","pleasure","positionleft","validityvalid","test","2","positive","singlestim","219","224277","306","â€šÃ³Ã¨","67","dotpositionleft","singlestim","220","224634","c","left","correct","1","","1","trialend","singlestim","221","225646"
"12930","Subject187","1","cruelcruel","1","cruel","positionright","validityvalid","test","2","negative","singlestim","223","227653","329","â€šÃ³Ã¨","77","dotpositionright","singlestim","224","228038","m","right","correct","1","","1","trialend","singlestim","225","229052"
"13227","Subject187","1","lovelove","1","love","positionright","validityinvalid","test","2","positive","singlestim","227","231061","365","â€šÃ³Ã¨","67","dotpositionleft","singlestim","228","231479","c","left","correct","1","","1","trialend","singlestim","229","232495"
"13524","Subject187","1","overdoseoverdose","1","overdose","positionright","validityinvalid","test","2","suicide","singlestim","231","234503","363","â€šÃ³Ã¨","67","dotpositionleft","singlestim","232","234922","c","left","correct","1","","1","trialend","singlestim","233","235937"
"13821","Subject187","1","tabletable","1","table","positionright","validityvalid","test","2","neutral","singlestim","235","237944","498","â€šÃ³Ã¨","77","dotpositionright","singlestim","236","238494","m","right","correct","1","","1","trialend","singlestim","237","239511"
"14118","Subject187","1","enthusiasmenthusiasm","1","enthusiasm","positionright","validityvalid","test","2","positive","singlestim","239","241519","416","â€šÃ³Ã¨","77","dotpositionright","singlestim","240","241989","m","right","correct","1","","1","trialend","singlestim","241","243006"
"14415","Subject187","1","hanginghanging","1","hanging","positionleft","validityvalid","test","4","suicide","singlestim","243","245014","414","â€šÃ³Ã¨","67","dotpositionleft","singlestim","244","245481","c","left","correct","1","","1","trialend","singlestim","245","246497"
"14712","Subject187","1","structurestructure","1","structure","positionright","validityvalid","test","4","neutral","singlestim","247","248507","326","â€šÃ³Ã¨","77","dotpositionright","singlestim","248","248886","m","right","correct","1","","1","trialend","singlestim","249","249902"
"15009","Subject187","1","ashamedashamed","1","ashamed","positionright","validityinvalid","test","4","negative","singlestim","251","251908","380","â€šÃ³Ã¨","67","dotpositionleft","singlestim","252","252342","c","left","correct","1","","1","trialend","singlestim","253","253355"
"15306","Subject187","1","deceaseddeceased","1","deceased","positionright","validityvalid","test","4","suicide","singlestim","255","255363","553","â€šÃ³Ã¨","77","dotpositionright","singlestim","256","255969","m","right","correct","1","","1","trialend","singlestim","257","256982"
"15603","Subject187","1","successsuccess","1","success","positionleft","validityvalid","test","4","positive","singlestim","259","258989","348","â€šÃ³Ã¨","67","dotpositionleft","singlestim","260","259389","c","left","correct","1","","1","trialend","singlestim","261","260405"
"15900","Subject187","1","stupidstupid","1","stupid","positionleft","validityvalid","test","4","negative","singlestim","263","262414","314","â€šÃ³Ã¨","67","dotpositionleft","singlestim","264","262781","c","left","correct","1","","1","trialend","singlestim","265","263794"
"16197","Subject187","1","engineengine","1","engine","positionleft","validityvalid","test","4","neutral","singlestim","267","265802","312","â€šÃ³Ã¨","67","dotpositionleft","singlestim","268","266169","c","left","correct","1","","1","trialend","singlestim","269","267183"
"16494","Subject187","1","alonealone","1","alone","positionleft","validityvalid","test","4","negative","singlestim","271","269191","313","â€šÃ³Ã¨","67","dotpositionleft","singlestim","272","269557","c","left","correct","1","","1","trialend","singlestim","273","270572"
"16791","Subject187","1","suicidesuicide","1","suicide","positionright","validityinvalid","test","4","suicide","singlestim","275","272581","403","â€šÃ³Ã¨","67","dotpositionleft","singlestim","276","273037","c","left","correct","1","","1","trialend","singlestim","277","274050"
"17088","Subject187","1","killingkilling","1","killing","positionleft","validityvalid","test","4","suicide","singlestim","279","276058","497","â€šÃ³Ã¨","67","dotpositionleft","singlestim","280","276609","c","left","correct","1","","1","trialend","singlestim","281","277625"
"17385","Subject187","1","doubledouble","1","double","positionright","validityvalid","test","4","neutral","singlestim","283","279632","390","â€šÃ³Ã¨","77","dotpositionright","singlestim","284","280077","m","right","correct","1","","1","trialend","singlestim","285","281090"
"17682","Subject187","1","frameframe","1","frame","positionleft","validityinvalid","test","4","neutral","singlestim","287","283097","523","â€šÃ³Ã¨","77","dotpositionright","singlestim","288","283676","m","right","correct","1","","1","trialend","singlestim","289","284694"
"17979","Subject187","1","laughlaugh","1","laugh","positionright","validityvalid","test","4","positive","singlestim","291","286703","396","â€šÃ³Ã¨","77","dotpositionright","singlestim","292","287152","m","right","correct","1","","1","trialend","singlestim","293","288165"
"18276","Subject187","1","ecstaticecstatic","1","ecstatic","positionright","validityvalid","test","4","positive","singlestim","295","290173","387","â€šÃ³Ã¨","77","dotpositionright","singlestim","296","290612","m","right","correct","1","","1","trialend","singlestim","297","291628"
"18573","Subject187","1","passionatepassionate","1","passionate","positionleft","validityinvalid","test","4","positive","singlestim","299","293637","418","â€šÃ³Ã¨","77","dotpositionright","singlestim","300","294108","m","right","correct","1","","1","trialend","singlestim","301","295123"
"18870","Subject187","1","wohlesswohless","1","wohless","positionright","validityvalid","test","4","negative","singlestim","303","297131","423","â€šÃ³Ã¨","77","dotpositionright","singlestim","304","297608","m","right","correct","1","","1","trialend","singlestim","305","298622"
