"","SubjectID","rt","stimulus","keypress","word","wordposition","validity","block","blocknum","wordtype","trialtype","trialindex","timeelapsed","rt.1","stimulus.1","keypress.1","dotposition","trialtype.1","trialindex.1","timeelapsed.1","keypressed","participantresponse","correctresponse","rt.2","stimulus.2","keypress.2","blocktrial","trialtype.2","trialindex.2","timeelapsed.2"
"163","Subject191","suffocationsuffocation","1","suffocation","positionleft","validityinvalid","test","1","suicide","singlestim","51","140921","100010","â€šÃ³Ã¨","77","dotpositionright","singlestim","52","141362","100020","right","correct","1","","1","trialend","singlestim","53","142374","100030"
"460","Subject191","attractionattraction","1","attraction","positionright","validityvalid","test","1","positive","singlestim","55","144377","100050","â€šÃ³Ã¨","77","dotpositionright","singlestim","56","144801","100060","right","correct","1","","1","trialend","singlestim","57","145812","100070"
"757","Subject191","hatehate","1","hate","positionright","validityinvalid","test","1","negative","singlestim","59","147816","100090","â€šÃ³Ã¨","67","dotpositionleft","singlestim","60","148229","1000100","left","correct","1","","1","trialend","singlestim","61","149242","1000110"
"1054","Subject191","gunshotgunshot","1","gunshot","positionright","validityvalid","test","1","suicide","singlestim","63","151244","1000130","â€šÃ³Ã¨","77","dotpositionright","singlestim","64","151629","1000140","right","correct","1","","1","trialend","singlestim","65","152641","1000150"
"1351","Subject191","cheesecheese","1","cheese","positionright","validityvalid","test","1","neutral","singlestim","67","154643","1000170","â€šÃ³Ã¨","77","dotpositionright","singlestim","68","155099","1000180","right","correct","1","","1","trialend","singlestim","69","156110","1000190"
"1648","Subject191","greatgreat","1","great","positionright","validityvalid","test","1","positive","singlestim","71","158113","1000210","â€šÃ³Ã¨","77","dotpositionright","singlestim","72","158533","1000220","right","correct","1","","1","trialend","singlestim","73","159545","1000230"
"1945","Subject191","bloodblood","1","blood","positionleft","validityvalid","test","1","suicide","singlestim","75","161548","1000250","â€šÃ³Ã¨","67","dotpositionleft","singlestim","76","162035","1000260","left","correct","1","","1","trialend","singlestim","77","163048","1000270"
"2242","Subject191","healthyhealthy","1","healthy","positionleft","validityinvalid","test","1","positive","singlestim","79","165051","1000290","â€šÃ³Ã¨","77","dotpositionright","singlestim","80","165593","1000300","right","correct","1","","1","trialend","singlestim","81","166605","1000310"
"2539","Subject191","vomitvomit","1","vomit","positionleft","validityvalid","test","1","negative","singlestim","83","168609","1000330","â€šÃ³Ã¨","67","dotpositionleft","singlestim","84","169183","1000340","left","correct","1","","1","trialend","singlestim","85","170195","1000350"
"2836","Subject191","cryingcrying","1","crying","positionright","validityvalid","test","1","negative","singlestim","87","172199","1000370","â€šÃ³Ã¨","77","dotpositionright","singlestim","88","172648","1000380","right","correct","1","","1","trialend","singlestim","89","173659","1000390"
"3133","Subject191","imageimage","1","image","positionleft","validityvalid","test","1","neutral","singlestim","91","175664","1000410","â€šÃ³Ã¨","67","dotpositionleft","singlestim","92","176077","1000420","left","correct","1","","1","trialend","singlestim","93","177089","1000430"
"3430","Subject191","statuestatue","1","statue","positionright","validityinvalid","test","1","neutral","singlestim","95","179092","1000450","â€šÃ³Ã¨","67","dotpositionleft","singlestim","96","179555","1000460","left","correct","1","","1","trialend","singlestim","97","180567","1000470"
"3727","Subject191","paradiseparadise","1","paradise","positionleft","validityvalid","test","1","positive","singlestim","99","182569","1000490","â€šÃ³Ã¨","67","dotpositionleft","singlestim","100","183052","1000500","left","correct","1","","1","trialend","singlestim","101","184064","1000510"
"4024","Subject191","foldedfolded","1","folded","positionleft","validityvalid","test","1","neutral","singlestim","103","186067","1000530","â€šÃ³Ã¨","67","dotpositionleft","singlestim","104","186544","1000540","left","correct","1","","1","trialend","singlestim","105","187556","1000550"
"4321","Subject191","funeralfuneral","1","funeral","positionright","validityvalid","test","1","suicide","singlestim","107","189559","1000570","â€šÃ³Ã¨","77","dotpositionright","singlestim","108","189987","1000580","right","correct","1","","1","trialend","singlestim","109","190999","1000590"
"4618","Subject191","patheticpathetic","1","pathetic","positionleft","validityvalid","test","1","negative","singlestim","111","193001","1000610","â€šÃ³Ã¨","67","dotpositionleft","singlestim","112","193383","1000620","left","correct","1","","1","trialend","singlestim","113","194394","1000630"
"4915","Subject191","killingkilling","1","killing","positionleft","validityvalid","test","4","suicide","singlestim","115","196398","101010","â€šÃ³Ã¨","67","dotpositionleft","singlestim","116","196801","101020","left","correct","1","","1","trialend","singlestim","117","197812","101030"
"5212","Subject191","engineengine","1","engine","positionleft","validityvalid","test","4","neutral","singlestim","119","199816","101050","â€šÃ³Ã¨","67","dotpositionleft","singlestim","120","200185","101060","left","correct","1","","1","trialend","singlestim","121","201197","101070"
"5509","Subject191","deceaseddeceased","1","deceased","positionright","validityvalid","test","4","suicide","singlestim","123","203199","101090","â€šÃ³Ã¨","77","dotpositionright","singlestim","124","203849","1010100","right","correct","1","","1","trialend","singlestim","125","204861","1010110"
"5806","Subject191","passionatepassionate","1","passionate","positionleft","validityinvalid","test","4","positive","singlestim","127","206864","1010130","â€šÃ³Ã¨","77","dotpositionright","singlestim","128","207330","1010140","right","correct","1","","1","trialend","singlestim","129","208341","1010150"
"6103","Subject191","structurestructure","1","structure","positionright","validityvalid","test","4","neutral","singlestim","131","210344","1010170","â€šÃ³Ã¨","77","dotpositionright","singlestim","132","211069","1010180","right","correct","1","","1","trialend","singlestim","133","212081","1010190"
"6400","Subject191","successsuccess","1","success","positionleft","validityvalid","test","4","positive","singlestim","135","214084","1010210","â€šÃ³Ã¨","67","dotpositionleft","singlestim","136","214575","1010220","left","correct","1","","1","trialend","singlestim","137","215588","1010230"
"6697","Subject191","suicidesuicide","1","suicide","positionright","validityinvalid","test","4","suicide","singlestim","139","217591","1010250","â€šÃ³Ã¨","67","dotpositionleft","singlestim","140","218099","1010260","left","correct","1","","1","trialend","singlestim","141","219113","1010270"
"6994","Subject191","alonealone","1","alone","positionleft","validityvalid","test","4","negative","singlestim","143","221115","1010290","â€šÃ³Ã¨","67","dotpositionleft","singlestim","144","221515","1010300","left","correct","1","","1","trialend","singlestim","145","222526","1010310"
"7291","Subject191","wohlesswohless","1","wohless","positionright","validityvalid","test","4","negative","singlestim","147","224530","1010330","â€šÃ³Ã¨","77","dotpositionright","singlestim","148","225052","1010340","right","correct","1","","1","trialend","singlestim","149","226062","1010350"
"7588","Subject191","ashamedashamed","1","ashamed","positionright","validityinvalid","test","4","negative","singlestim","151","228067","1010370","â€šÃ³Ã¨","67","dotpositionleft","singlestim","152","228486","1010380","left","correct","1","","1","trialend","singlestim","153","229499","1010390"
"7885","Subject191","ecstaticecstatic","1","ecstatic","positionright","validityvalid","test","4","positive","singlestim","155","231501","1010410","â€šÃ³Ã¨","77","dotpositionright","singlestim","156","231993","1010420","right","correct","1","","1","trialend","singlestim","157","233006","1010430"
"8182","Subject191","stupidstupid","1","stupid","positionleft","validityvalid","test","4","negative","singlestim","159","235009","1010450","â€šÃ³Ã¨","67","dotpositionleft","singlestim","160","235438","1010460","left","correct","1","","1","trialend","singlestim","161","236448","1010470"
"8479","Subject191","frameframe","1","frame","positionleft","validityinvalid","test","4","neutral","singlestim","163","238451","1010490","â€šÃ³Ã¨","77","dotpositionright","singlestim","164","238838","1010500","right","correct","1","","1","trialend","singlestim","165","239849","1010510"
"8776","Subject191","laughlaugh","1","laugh","positionright","validityvalid","test","4","positive","singlestim","167","241852","1010530","â€šÃ³Ã¨","77","dotpositionright","singlestim","168","242962","1010540","right","correct","1","","1","trialend","singlestim","169","243974","1010550"
"9073","Subject191","doubledouble","1","double","positionright","validityvalid","test","4","neutral","singlestim","171","245977","1010570","â€šÃ³Ã¨","77","dotpositionright","singlestim","172","246500","1010580","right","correct","1","","1","trialend","singlestim","173","247512","1010590"
"9370","Subject191","hanginghanging","1","hanging","positionleft","validityvalid","test","4","suicide","singlestim","175","249515","1010610","â€šÃ³Ã¨","67","dotpositionleft","singlestim","176","249966","1010620","left","correct","1","","1","trialend","singlestim","177","250978","1010630"
"9667","Subject191","corpsecorpse","1","corpse","positionleft","validityvalid","test","2","suicide","singlestim","179","252982","102010","â€šÃ³Ã¨","67","dotpositionleft","singlestim","180","253462","102020","left","correct","1","","1","trialend","singlestim","181","254475","102030"
"9964","Subject191","paperpaper","1","paper","positionleft","validityvalid","test","2","neutral","singlestim","183","256477","102050","â€šÃ³Ã¨","67","dotpositionleft","singlestim","184","256871","102060","left","correct","1","","1","trialend","singlestim","185","257883","102070"
"10261","Subject191","foamfoam","1","foam","positionright","validityvalid","test","2","neutral","singlestim","187","259886","102090","â€šÃ³Ã¨","77","dotpositionright","singlestim","188","260272","1020100","right","correct","1","","1","trialend","singlestim","189","261285","1020110"
"10558","Subject191","cruelcruel","1","cruel","positionright","validityvalid","test","2","negative","singlestim","191","263288","1020130","â€šÃ³Ã¨","77","dotpositionright","singlestim","192","263732","1020140","right","correct","1","","1","trialend","singlestim","193","264745","1020150"
"10855","Subject191","braverybravery","1","bravery","positionleft","validityvalid","test","2","positive","singlestim","195","266748","1020170","â€šÃ³Ã¨","67","dotpositionleft","singlestim","196","267309","1020180","left","correct","1","","1","trialend","singlestim","197","268321","1020190"
"11152","Subject191","failurefailure","1","failure","positionleft","validityvalid","test","2","negative","singlestim","199","270323","1020210","â€šÃ³Ã¨","67","dotpositionleft","singlestim","200","270737","1020220","left","correct","1","","1","trialend","singlestim","201","271749","1020230"
"11449","Subject191","abuseabuse","1","abuse","positionright","validityvalid","test","2","negative","singlestim","203","273751","1020250","â€šÃ³Ã¨","77","dotpositionright","singlestim","204","274229","1020260","right","correct","1","","1","trialend","singlestim","205","275240","1020270"
"11746","Subject191","pleasurepleasure","1","pleasure","positionleft","validityvalid","test","2","positive","singlestim","207","277243","1020290","â€šÃ³Ã¨","67","dotpositionleft","singlestim","208","277806","1020300","left","correct","1","","1","trialend","singlestim","209","278818","1020310"
"12043","Subject191","noosenoose","1","noose","positionleft","validityvalid","test","2","suicide","singlestim","211","280820","1020330","â€šÃ³Ã¨","67","dotpositionleft","singlestim","212","281266","1020340","left","correct","1","","1","trialend","singlestim","213","282280","1020350"
"12340","Subject191","horsehorse","1","horse","positionleft","validityinvalid","test","2","neutral","singlestim","215","284282","1020370","â€šÃ³Ã¨","77","dotpositionright","singlestim","216","284700","1020380","right","correct","1","","1","trialend","singlestim","217","285713","1020390"
"12637","Subject191","enthusiasmenthusiasm","1","enthusiasm","positionright","validityvalid","test","2","positive","singlestim","219","287716","1020410","â€šÃ³Ã¨","77","dotpositionright","singlestim","220","288140","1020420","right","correct","1","","1","trialend","singlestim","221","289152","1020430"
"12934","Subject191","lovelove","1","love","positionright","validityinvalid","test","2","positive","singlestim","223","291154","1020450","â€šÃ³Ã¨","67","dotpositionleft","singlestim","224","291550","1020460","left","correct","1","","1","trialend","singlestim","225","292562","1020470"
"13231","Subject191","tabletable","1","table","positionright","validityvalid","test","2","neutral","singlestim","227","294564","1020490","â€šÃ³Ã¨","77","dotpositionright","singlestim","228","295005","1020500","right","correct","1","","1","trialend","singlestim","229","296017","1020510"
"13528","Subject191","deathdeath","1","death","positionright","validityvalid","test","2","suicide","singlestim","231","298020","1020530","â€šÃ³Ã¨","77","dotpositionright","singlestim","232","298446","1020540","right","correct","1","","1","trialend","singlestim","233","299458","1020550"
"13825","Subject191","overdoseoverdose","1","overdose","positionright","validityinvalid","test","2","suicide","singlestim","235","301461","1020570","â€šÃ³Ã¨","67","dotpositionleft","singlestim","236","301891","1020580","left","correct","1","","1","trialend","singlestim","237","302903","1020590"
"14122","Subject191","filthyfilthy","1","filthy","positionleft","validityinvalid","test","2","negative","singlestim","239","304907","1020610","â€šÃ³Ã¨","77","dotpositionright","singlestim","240","305317","1020620","right","correct","1","","1","trialend","singlestim","241","306329","1020630"
"14419","Subject191","diedie","1","die","positionright","validityvalid","test","3","suicide","singlestim","243","308332","103010","â€šÃ³Ã¨","77","dotpositionright","singlestim","244","308756","103020","right","correct","1","","1","trialend","singlestim","245","309768","103030"
"14716","Subject191","kisskiss","1","kiss","positionright","validityinvalid","test","3","positive","singlestim","247","311770","103050","â€šÃ³Ã¨","67","dotpositionleft","singlestim","248","312217","103060","left","correct","1","","1","trialend","singlestim","249","313229","103070"
"15013","Subject191","bombbomb","1","bomb","positionright","validityvalid","test","3","negative","singlestim","251","315231","103090","â€šÃ³Ã¨","77","dotpositionright","singlestim","252","315611","1030100","right","correct","1","","1","trialend","singlestim","253","316623","1030110"
"15310","Subject191","museummuseum","1","museum","positionleft","validityvalid","test","3","neutral","singlestim","255","318626","1030130","â€šÃ³Ã¨","67","dotpositionleft","singlestim","256","319051","1030140","left","correct","1","","1","trialend","singlestim","257","320062","1030150"
"15607","Subject191","dyingdying","1","dying","positionleft","validityvalid","test","3","suicide","singlestim","259","322065","1030170","â€šÃ³Ã¨","67","dotpositionleft","singlestim","260","322499","1030180","left","correct","1","","1","trialend","singlestim","261","323510","1030190"
"15904","Subject191","rejectedrejected","1","rejected","positionright","validityvalid","test","3","negative","singlestim","263","325512","1030210","â€šÃ³Ã¨","77","dotpositionright","singlestim","264","325863","1030220","right","correct","1","","1","trialend","singlestim","265","326876","1030230"
"16201","Subject191","touretoure","1","toure","positionleft","validityvalid","test","3","negative","singlestim","267","328878","1030250","â€šÃ³Ã¨","67","dotpositionleft","singlestim","268","329278","1030260","left","correct","1","","1","trialend","singlestim","269","330290","1030270"
"16498","Subject191","cuttingcutting","1","cutting","positionright","validityvalid","test","3","suicide","singlestim","271","332292","1030290","â€šÃ³Ã¨","77","dotpositionright","singlestim","272","332778","1030300","right","correct","1","","1","trialend","singlestim","273","333790","1030310"
"16795","Subject191","greengreen","1","green","positionright","validityvalid","test","3","neutral","singlestim","275","335793","1030330","â€šÃ³Ã¨","77","dotpositionright","singlestim","276","336273","1030340","right","correct","1","","1","trialend","singlestim","277","337286","1030350"
"17092","Subject191","metermeter","1","meter","positionleft","validityvalid","test","3","neutral","singlestim","279","339287","1030370","â€šÃ³Ã¨","67","dotpositionleft","singlestim","280","339721","1030380","left","correct","1","","1","trialend","singlestim","281","340732","1030390"
"17389","Subject191","deaddead","1","dead","positionleft","validityinvalid","test","3","suicide","singlestim","283","342735","1030410","â€šÃ³Ã¨","77","dotpositionright","singlestim","284","343445","1030420","right","correct","1","","1","trialend","singlestim","285","344458","1030430"
"17686","Subject191","assaultassault","1","assault","positionleft","validityinvalid","test","3","negative","singlestim","287","346461","1030450","â€šÃ³Ã¨","77","dotpositionright","singlestim","288","346908","1030460","right","correct","1","","1","trialend","singlestim","289","347920","1030470"
"17983","Subject191","strongstrong","1","strong","positionleft","validityvalid","test","3","positive","singlestim","291","349923","1030490","â€šÃ³Ã¨","67","dotpositionleft","singlestim","292","350343","1030500","left","correct","1","","1","trialend","singlestim","293","351354","1030510"
"18280","Subject191","smilesmile","1","smile","positionleft","validityvalid","test","3","positive","singlestim","295","353357","1030530","â€šÃ³Ã¨","67","dotpositionleft","singlestim","296","353757","1030540","left","correct","1","","1","trialend","singlestim","297","354769","1030550"
"18577","Subject191","happyhappy","1","happy","positionright","validityvalid","test","3","positive","singlestim","299","356772","1030570","â€šÃ³Ã¨","77","dotpositionright","singlestim","300","357208","1030580","right","correct","1","","1","trialend","singlestim","301","358221","1030590"
"18874","Subject191","closetcloset","1","closet","positionright","validityinvalid","test","3","neutral","singlestim","303","360224","1030610","â€šÃ³Ã¨","67","dotpositionleft","singlestim","304","360657","1030620","left","correct","1","","1","trialend","singlestim","305","361668","1030630"
