"","SubjectID","rt","stimulus","keypress","word","wordposition","validity","block","blocknum","wordtype","trialtype","trialindex","timeelapsed","rt.1","stimulus.1","keypress.1","dotposition","trialtype.1","trialindex.1","timeelapsed.1","keypressed","participantresponse","correctresponse","rt.2","stimulus.2","keypress.2","blocktrial","trialtype.2","trialindex.2","timeelapsed.2"
"263","Subject297","1","overdoseoverdose","1","overdose","positionright","validityinvalid","test","2","suicide","singlestim","51","109159","472","â€šÃ³Ã¨","67","dotpositionleft","singlestim","52","109683","c","left","correct","1","","1","trialend","singlestim","53","110697"
"560","Subject297","1","braverybravery","1","bravery","positionleft","validityvalid","test","2","positive","singlestim","55","112704","418","â€šÃ³Ã¨","67","dotpositionleft","singlestim","56","113177","c","left","correct","1","","1","trialend","singlestim","57","114191"
"857","Subject297","1","horsehorse","1","horse","positionleft","validityinvalid","test","2","neutral","singlestim","59","116197","396","â€šÃ³Ã¨","77","dotpositionright","singlestim","60","116649","m","right","correct","1","","1","trialend","singlestim","61","117662"
"1154","Subject297","1","enthusiasmenthusiasm","1","enthusiasm","positionright","validityvalid","test","2","positive","singlestim","63","119670","472","â€šÃ³Ã¨","77","dotpositionright","singlestim","64","120194","m","right","correct","1","","1","trialend","singlestim","65","121208"
"1451","Subject297","1","deathdeath","1","death","positionright","validityvalid","test","2","suicide","singlestim","67","123210","489","â€šÃ³Ã¨","77","dotpositionright","singlestim","68","123751","m","right","correct","1","","1","trialend","singlestim","69","124766"
"1748","Subject297","1","corpsecorpse","1","corpse","positionleft","validityvalid","test","2","suicide","singlestim","71","126774","434","â€šÃ³Ã¨","67","dotpositionleft","singlestim","72","127262","c","left","correct","1","","1","trialend","singlestim","73","128277"
"2045","Subject297","1","paperpaper","1","paper","positionleft","validityvalid","test","2","neutral","singlestim","75","130285","392","â€šÃ³Ã¨","67","dotpositionleft","singlestim","76","130731","c","left","correct","1","","1","trialend","singlestim","77","131747"
"2342","Subject297","1","lovelove","1","love","positionright","validityinvalid","test","2","positive","singlestim","79","133756","406","â€šÃ³Ã¨","67","dotpositionleft","singlestim","80","134217","c","left","correct","1","","1","trialend","singlestim","81","135232"
"2639","Subject297","1","cruelcruel","1","cruel","positionright","validityvalid","test","2","negative","singlestim","83","137238","470","â€šÃ³Ã¨","77","dotpositionright","singlestim","84","137764","m","right","correct","1","","1","trialend","singlestim","85","138781"
"2936","Subject297","1","failurefailure","1","failure","positionleft","validityvalid","test","2","negative","singlestim","87","140790","454","â€šÃ³Ã¨","67","dotpositionleft","singlestim","88","141298","c","left","correct","1","","1","trialend","singlestim","89","142315"
"3233","Subject297","1","noosenoose","1","noose","positionleft","validityvalid","test","2","suicide","singlestim","91","144324","485","â€šÃ³Ã¨","67","dotpositionleft","singlestim","92","144863","c","left","correct","1","","1","trialend","singlestim","93","145880"
"3530","Subject297","1","foamfoam","1","foam","positionright","validityvalid","test","2","neutral","singlestim","95","147888","510","â€šÃ³Ã¨","77","dotpositionright","singlestim","96","148451","m","right","correct","1","","1","trialend","singlestim","97","149467"
"3827","Subject297","1","tabletable","1","table","positionright","validityvalid","test","2","neutral","singlestim","99","151475","395","â€šÃ³Ã¨","77","dotpositionright","singlestim","100","151923","m","right","correct","1","","1","trialend","singlestim","101","152938"
"4124","Subject297","1","abuseabuse","1","abuse","positionright","validityvalid","test","2","negative","singlestim","103","154948","513","â€šÃ³Ã¨","77","dotpositionright","singlestim","104","155517","m","right","correct","1","","1","trialend","singlestim","105","156530"
"4421","Subject297","1","filthyfilthy","1","filthy","positionleft","validityinvalid","test","2","negative","singlestim","107","158538","535","â€šÃ³Ã¨","77","dotpositionright","singlestim","108","159125","m","right","correct","1","","1","trialend","singlestim","109","160140"
"4718","Subject297","1","pleasurepleasure","1","pleasure","positionleft","validityvalid","test","2","positive","singlestim","111","162148","542","â€šÃ³Ã¨","67","dotpositionleft","singlestim","112","162742","c","left","correct","1","","1","trialend","singlestim","113","163761"
"5015","Subject297","1","suffocationsuffocation","1","suffocation","positionleft","validityinvalid","test","1","suicide","singlestim","115","165769","395","â€šÃ³Ã¨","77","dotpositionright","singlestim","116","166217","m","right","correct","1","","1","trialend","singlestim","117","167232"
"5312","Subject297","1","funeralfuneral","1","funeral","positionright","validityvalid","test","1","suicide","singlestim","119","169240","371","â€šÃ³Ã¨","77","dotpositionright","singlestim","120","169666","m","right","correct","1","","1","trialend","singlestim","121","170679"
"5609","Subject297","1","greatgreat","1","great","positionright","validityvalid","test","1","positive","singlestim","123","172687","492","â€šÃ³Ã¨","77","dotpositionright","singlestim","124","173232","m","right","correct","1","","1","trialend","singlestim","125","174249"
"5906","Subject297","1","healthyhealthy","1","healthy","positionleft","validityinvalid","test","1","positive","singlestim","127","176256","328","â€šÃ³Ã¨","77","dotpositionright","singlestim","128","176639","m","right","correct","1","","1","trialend","singlestim","129","177655"
"6203","Subject297","1","bloodblood","1","blood","positionleft","validityvalid","test","1","suicide","singlestim","131","179666","486","â€šÃ³Ã¨","67","dotpositionleft","singlestim","132","180208","c","left","correct","1","","1","trialend","singlestim","133","181225"
"6500","Subject297","1","statuestatue","1","statue","positionright","validityinvalid","test","1","neutral","singlestim","135","183233","433","â€šÃ³Ã¨","67","dotpositionleft","singlestim","136","183718","c","left","correct","1","","1","trialend","singlestim","137","184732"
"6797","Subject297","1","paradiseparadise","1","paradise","positionleft","validityvalid","test","1","positive","singlestim","139","186738","501","â€šÃ³Ã¨","67","dotpositionleft","singlestim","140","187292","c","left","correct","1","","1","trialend","singlestim","141","188305"
"7094","Subject297","1","hatehate","1","hate","positionright","validityinvalid","test","1","negative","singlestim","143","190315","435","â€šÃ³Ã¨","67","dotpositionleft","singlestim","144","190802","c","left","correct","1","","1","trialend","singlestim","145","191816"
"7391","Subject297","1","imageimage","1","image","positionleft","validityvalid","test","1","neutral","singlestim","147","193825","490","â€šÃ³Ã¨","67","dotpositionleft","singlestim","148","194368","c","left","correct","1","","1","trialend","singlestim","149","195386"
"7688","Subject297","1","foldedfolded","1","folded","positionleft","validityvalid","test","1","neutral","singlestim","151","197394","360","â€šÃ³Ã¨","67","dotpositionleft","singlestim","152","197806","c","left","correct","1","","1","trialend","singlestim","153","198822"
"7985","Subject297","1","cryingcrying","1","crying","positionright","validityvalid","test","1","negative","singlestim","155","200829","407","â€šÃ³Ã¨","77","dotpositionright","singlestim","156","201291","m","right","correct","1","","1","trialend","singlestim","157","202307"
"8282","Subject297","1","vomitvomit","1","vomit","positionleft","validityvalid","test","1","negative","singlestim","159","204312","792","â€šÃ³Ã¨","67","dotpositionleft","singlestim","160","205156","c","left","correct","1","","1","trialend","singlestim","161","206170"
"8579","Subject297","1","cheesecheese","1","cheese","positionright","validityvalid","test","1","neutral","singlestim","163","208177","460","â€šÃ³Ã¨","77","dotpositionright","singlestim","164","208690","m","right","correct","1","","1","trialend","singlestim","165","209704"
"8876","Subject297","1","patheticpathetic","1","pathetic","positionleft","validityvalid","test","1","negative","singlestim","167","211712","480","â€šÃ³Ã¨","67","dotpositionleft","singlestim","168","212245","c","left","correct","1","","1","trialend","singlestim","169","213262"
"9173","Subject297","1","attractionattraction","1","attraction","positionright","validityvalid","test","1","positive","singlestim","171","215270","437","â€šÃ³Ã¨","77","dotpositionright","singlestim","172","215759","m","right","correct","1","","1","trialend","singlestim","173","216776"
"9470","Subject297","1","gunshotgunshot","1","gunshot","positionright","validityvalid","test","1","suicide","singlestim","175","218787","582","â€šÃ³Ã¨","77","dotpositionright","singlestim","176","219426","m","right","correct","1","","1","trialend","singlestim","177","220442"
"9767","Subject297","1","killingkilling","1","killing","positionleft","validityvalid","test","4","suicide","singlestim","179","222449","399","â€šÃ³Ã¨","67","dotpositionleft","singlestim","180","222901","c","left","correct","1","","1","trialend","singlestim","181","223917"
"10064","Subject297","1","successsuccess","1","success","positionleft","validityvalid","test","4","positive","singlestim","183","225925","408","â€šÃ³Ã¨","67","dotpositionleft","singlestim","184","226387","c","left","correct","1","","1","trialend","singlestim","185","227405"
"10361","Subject297","1","passionatepassionate","1","passionate","positionleft","validityinvalid","test","4","positive","singlestim","187","229414","426","â€šÃ³Ã¨","77","dotpositionright","singlestim","188","229891","m","right","correct","1","","1","trialend","singlestim","189","230908"
"10658","Subject297","1","frameframe","1","frame","positionleft","validityinvalid","test","4","neutral","singlestim","191","232919","513","â€šÃ³Ã¨","77","dotpositionright","singlestim","192","233487","m","right","correct","1","","1","trialend","singlestim","193","234503"
"10955","Subject297","1","stupidstupid","1","stupid","positionleft","validityvalid","test","4","negative","singlestim","195","236512","365","â€šÃ³Ã¨","67","dotpositionleft","singlestim","196","236928","c","left","correct","1","","1","trialend","singlestim","197","237945"
"11252","Subject297","1","engineengine","1","engine","positionleft","validityvalid","test","4","neutral","singlestim","199","239953","470","â€šÃ³Ã¨","67","dotpositionleft","singlestim","200","240478","c","left","correct","1","","1","trialend","singlestim","201","241491"
"11549","Subject297","1","hanginghanging","1","hanging","positionleft","validityvalid","test","4","suicide","singlestim","203","243499","579","â€šÃ³Ã¨","67","dotpositionleft","singlestim","204","244130","c","left","correct","1","","1","trialend","singlestim","205","245147"
"11846","Subject297","1","doubledouble","1","double","positionright","validityvalid","test","4","neutral","singlestim","207","247158","550","â€šÃ³Ã¨","77","dotpositionright","singlestim","208","247760","m","right","correct","1","","1","trialend","singlestim","209","248775"
"12143","Subject297","1","laughlaugh","1","laugh","positionright","validityvalid","test","4","positive","singlestim","211","250784","576","â€šÃ³Ã¨","77","dotpositionright","singlestim","212","251411","m","right","correct","1","","1","trialend","singlestim","213","252426"
"12440","Subject297","1","ashamedashamed","1","ashamed","positionright","validityinvalid","test","4","negative","singlestim","215","254434","468","â€šÃ³Ã¨","67","dotpositionleft","singlestim","216","254957","c","left","correct","1","","1","trialend","singlestim","217","255973"
"12737","Subject297","1","ecstaticecstatic","1","ecstatic","positionright","validityvalid","test","4","positive","singlestim","219","257980","848","â€šÃ³Ã¨","77","dotpositionright","singlestim","220","258881","m","right","correct","1","","1","trialend","singlestim","221","259895"
"13034","Subject297","1","wohlesswohless","1","wohless","positionright","validityvalid","test","4","negative","singlestim","223","261903","479","â€šÃ³Ã¨","77","dotpositionright","singlestim","224","262434","m","right","correct","1","","1","trialend","singlestim","225","263447"
"13331","Subject297","1","structurestructure","1","structure","positionright","validityvalid","test","4","neutral","singlestim","227","265455","582","â€šÃ³Ã¨","77","dotpositionright","singlestim","228","266089","m","right","correct","1","","1","trialend","singlestim","229","267105"
"13628","Subject297","1","alonealone","1","alone","positionleft","validityvalid","test","4","negative","singlestim","231","269112","519","â€šÃ³Ã¨","67","dotpositionleft","singlestim","232","269682","c","left","correct","1","","1","trialend","singlestim","233","270696"
"13925","Subject297","1","deceaseddeceased","1","deceased","positionright","validityvalid","test","4","suicide","singlestim","235","272705","436","â€šÃ³Ã¨","77","dotpositionright","singlestim","236","273193","m","right","correct","1","","1","trialend","singlestim","237","274207"
"14222","Subject297","1","suicidesuicide","1","suicide","positionright","validityinvalid","test","4","suicide","singlestim","239","276215","364","â€šÃ³Ã¨","67","dotpositionleft","singlestim","240","276631","c","left","correct","1","","1","trialend","singlestim","241","277643"
"14519","Subject297","1","dyingdying","1","dying","positionleft","validityvalid","test","3","suicide","singlestim","243","279651","1055","â€šÃ³Ã¨","67","dotpositionleft","singlestim","244","280760","c","left","correct","1","","1","trialend","singlestim","245","281775"
"14816","Subject297","1","bombbomb","1","bomb","positionright","validityvalid","test","3","negative","singlestim","247","283784","459","â€šÃ³Ã¨","77","dotpositionright","singlestim","248","284298","m","right","correct","1","","1","trialend","singlestim","249","285316"
"15113","Subject297","1","cuttingcutting","1","cutting","positionright","validityvalid","test","3","suicide","singlestim","251","287324","332","â€šÃ³Ã¨","77","dotpositionright","singlestim","252","287708","m","right","correct","1","","1","trialend","singlestim","253","288723"
"15410","Subject297","1","assaultassault","1","assault","positionleft","validityinvalid","test","3","negative","singlestim","255","290731","556","â€šÃ³Ã¨","77","dotpositionright","singlestim","256","291346","m","right","correct","1","","1","trialend","singlestim","257","292362"
"15707","Subject297","1","museummuseum","1","museum","positionleft","validityvalid","test","3","neutral","singlestim","259","294369","507","â€šÃ³Ã¨","67","dotpositionleft","singlestim","260","294930","c","left","correct","1","","1","trialend","singlestim","261","295948"
"16004","Subject297","1","happyhappy","1","happy","positionright","validityvalid","test","3","positive","singlestim","263","297956","777","â€šÃ³Ã¨","77","dotpositionright","singlestim","264","298787","m","right","correct","1","","1","trialend","singlestim","265","299802"
"16301","Subject297","1","strongstrong","1","strong","positionleft","validityvalid","test","3","positive","singlestim","267","301810","508","â€šÃ³Ã¨","67","dotpositionleft","singlestim","268","302373","c","left","correct","1","","1","trialend","singlestim","269","303388"
"16598","Subject297","1","touretoure","1","toure","positionleft","validityvalid","test","3","negative","singlestim","271","305396","364","â€šÃ³Ã¨","67","dotpositionleft","singlestim","272","305814","c","left","correct","1","","1","trialend","singlestim","273","306830"
"16895","Subject297","1","kisskiss","1","kiss","positionright","validityinvalid","test","3","positive","singlestim","275","308839","490","â€šÃ³Ã¨","67","dotpositionleft","singlestim","276","309382","c","left","correct","1","","1","trialend","singlestim","277","310399"
"17192","Subject297","1","rejectedrejected","1","rejected","positionright","validityvalid","test","3","negative","singlestim","279","312408","472","â€šÃ³Ã¨","188","dotpositionright","singlestim","280","312933","","incorrect","262","","77","trialend","singlestim","281","313948","1030390"
"17489","Subject297","smilesmile","1","smile","positionleft","validityvalid","test","3","positive","singlestim","283","315954","1030410","â€šÃ³Ã¨","67","dotpositionleft","singlestim","284","316376","1030420","left","correct","1","","1","trialend","singlestim","285","317393","1030430"
"17786","Subject297","closetcloset","1","closet","positionright","validityinvalid","test","3","neutral","singlestim","287","319401","1030450","â€šÃ³Ã¨","67","dotpositionleft","singlestim","288","319896","1030460","left","correct","1","","1","trialend","singlestim","289","320911","1030470"
"18083","Subject297","metermeter","1","meter","positionleft","validityvalid","test","3","neutral","singlestim","291","322918","1030490","â€šÃ³Ã¨","67","dotpositionleft","singlestim","292","323852","1030500","left","correct","1","","1","trialend","singlestim","293","324868","1030510"
"18380","Subject297","deaddead","1","dead","positionleft","validityinvalid","test","3","suicide","singlestim","295","326876","1030530","â€šÃ³Ã¨","77","dotpositionright","singlestim","296","327347","1030540","right","correct","1","","1","trialend","singlestim","297","328362","1030550"
"18677","Subject297","diedie","1","die","positionright","validityvalid","test","3","suicide","singlestim","299","330370","1030570","â€šÃ³Ã¨","77","dotpositionright","singlestim","300","331093","1030580","right","correct","1","","1","trialend","singlestim","301","332105","1030590"
"18974","Subject297","greengreen","1","green","positionright","validityvalid","test","3","neutral","singlestim","303","334114","1030610","â€šÃ³Ã¨","77","dotpositionright","singlestim","304","334689","1030620","right","correct","1","","1","trialend","singlestim","305","335705","1030630"
