"","SubjectID","rt","stimulus","keypress","word","wordposition","validity","block","blocknum","wordtype","trialtype","trialindex","timeelapsed","rt.1","stimulus.1","keypress.1","dotposition","trialtype.1","trialindex.1","timeelapsed.1","keypressed","participantresponse","correctresponse","rt.2","stimulus.2","keypress.2","blocktrial","trialtype.2","trialindex.2","timeelapsed.2"
"140","Subject147","1","pleasurepleasure","1","pleasure","positionleft","validityvalid","test","2","positive","singlestim","51","865741","468","â€šÃ³Ã¨","67","dotpositionleft","singlestim","52","866265","c","left","correct","1","","1","trialend","singlestim","53","867279"
"437","Subject147","1","paperpaper","1","paper","positionleft","validityvalid","test","2","neutral","singlestim","55","869288","396","â€šÃ³Ã¨","67","dotpositionleft","singlestim","56","869736","c","left","correct","1","","1","trialend","singlestim","57","870750"
"734","Subject147","1","overdoseoverdose","1","overdose","positionright","validityinvalid","test","2","suicide","singlestim","59","872759","601","â€šÃ³Ã¨","67","dotpositionleft","singlestim","60","873415","c","left","correct","1","","1","trialend","singlestim","61","874430"
"1031","Subject147","1","enthusiasmenthusiasm","1","enthusiasm","positionright","validityvalid","test","2","positive","singlestim","63","876438","334","â€šÃ³Ã¨","77","dotpositionright","singlestim","64","876824","m","right","correct","1","","1","trialend","singlestim","65","877837"
"1328","Subject147","1","noosenoose","1","noose","positionleft","validityvalid","test","2","suicide","singlestim","67","879846","397","â€šÃ³Ã¨","67","dotpositionleft","singlestim","68","880296","c","left","correct","1","","1","trialend","singlestim","69","881314"
"1625","Subject147","1","horsehorse","1","horse","positionleft","validityinvalid","test","2","neutral","singlestim","71","883321","1","â€šÃ³Ã¨","1","dotpositionright","singlestim","72","885382","","incorrect","1","","1","trialend","singlestim","73","887332","1000230"
"1922","Subject147","corpsecorpse","1","corpse","positionleft","validityvalid","test","2","suicide","singlestim","75","890975","1000250","â€šÃ³Ã¨","67","dotpositionleft","singlestim","76","891897","1000260","left","correct","1","","1","trialend","singlestim","77","892913","1000270"
"2219","Subject147","braverybravery","1","bravery","positionleft","validityvalid","test","2","positive","singlestim","79","894918","1000290","â€šÃ³Ã¨","67","dotpositionleft","singlestim","80","895400","1000300","left","correct","1","","1","trialend","singlestim","81","896416","1000310"
"2516","Subject147","failurefailure","1","failure","positionleft","validityvalid","test","2","negative","singlestim","83","898424","1000330","â€šÃ³Ã¨","67","dotpositionleft","singlestim","84","899264","1000340","left","correct","1","","1","trialend","singlestim","85","900280","1000350"
"2813","Subject147","foamfoam","1","foam","positionright","validityvalid","test","2","neutral","singlestim","87","902290","1000370","â€šÃ³Ã¨","77","dotpositionright","singlestim","88","902625","1000380","right","correct","1","","1","trialend","singlestim","89","903636","1000390"
"3110","Subject147","deathdeath","1","death","positionright","validityvalid","test","2","suicide","singlestim","91","905646","1000410","â€šÃ³Ã¨","77","dotpositionright","singlestim","92","906985","1000420","right","correct","1","","1","trialend","singlestim","93","908001","1000430"
"3407","Subject147","abuseabuse","1","abuse","positionright","validityvalid","test","2","negative","singlestim","95","910009","1000450","â€šÃ³Ã¨","77","dotpositionright","singlestim","96","910410","1000460","right","correct","1","","1","trialend","singlestim","97","911426","1000470"
"3704","Subject147","lovelove","1","love","positionright","validityinvalid","test","2","positive","singlestim","99","913433","1000490","â€šÃ³Ã¨","67","dotpositionleft","singlestim","100","913986","1000500","left","correct","1","","1","trialend","singlestim","101","915001","1000510"
"4001","Subject147","filthyfilthy","1","filthy","positionleft","validityinvalid","test","2","negative","singlestim","103","917010","1000530","â€šÃ³Ã¨","77","dotpositionright","singlestim","104","917505","1000540","right","correct","1","","1","trialend","singlestim","105","918518","1000550"
"4298","Subject147","tabletable","1","table","positionright","validityvalid","test","2","neutral","singlestim","107","920526","1000570","â€šÃ³Ã¨","77","dotpositionright","singlestim","108","922155","1000580","right","correct","1","","1","trialend","singlestim","109","923167","1000590"
"4595","Subject147","cruelcruel","1","cruel","positionright","validityvalid","test","2","negative","singlestim","111","925176","1000610","â€šÃ³Ã¨","77","dotpositionright","singlestim","112","925810","1000620","right","correct","1","","1","trialend","singlestim","113","926825","1000630"
"4892","Subject147","greatgreat","1","great","positionright","validityvalid","test","1","positive","singlestim","115","928832","101010","â€šÃ³Ã¨","1","dotpositionright","singlestim","116","930886","101020","incorrect","1","","1","trialend","singlestim","117","932181","101030","1"
"5189","Subject147","1","suffocation","positionleft","validityinvalid","test","1","suicide","singlestim","119","936160","101050","1574","77","dotpositionright","singlestim","120","937794","101060","m","correct","1","","1","trialend","singlestim","121","938809","101070","1"
"5486","Subject147","1","gunshot","positionright","validityvalid","test","1","suicide","singlestim","123","940818","101090","941","77","dotpositionright","singlestim","124","941811","1010100","m","correct","1","","1","trialend","singlestim","125","942826","1010110","1"
"5783","Subject147","1","pathetic","positionleft","validityvalid","test","1","negative","singlestim","127","944834","1010130","484","67","dotpositionleft","singlestim","128","945371","1010140","c","correct","1","","1","trialend","singlestim","129","946384","1010150","1"
"6080","Subject147","1","image","positionleft","validityvalid","test","1","neutral","singlestim","131","948392","1010170","510","67","dotpositionleft","singlestim","132","948956","1010180","c","correct","1","","1","trialend","singlestim","133","949971","1010190","1"
"6377","Subject147","1","cheese","positionright","validityvalid","test","1","neutral","singlestim","135","951979","1010210","404","77","dotpositionright","singlestim","136","952435","1010220","m","correct","1","","1","trialend","singlestim","137","953448","1010230","1"
"6674","Subject147","1","attraction","positionright","validityvalid","test","1","positive","singlestim","139","955456","1010250","1371","77","dotpositionright","singlestim","140","956884","1010260","m","correct","1","","1","trialend","singlestim","141","957896","1010270","1"
"6971","Subject147","1","paradise","positionleft","validityvalid","test","1","positive","singlestim","143","959902","1010290","1225","67","dotpositionleft","singlestim","144","961179","1010300","c","correct","1","","1","trialend","singlestim","145","962195","1010310","1"
"7268","Subject147","1","hate","positionright","validityinvalid","test","1","negative","singlestim","147","964203","1010330","332","67","dotpositionleft","singlestim","148","964587","1010340","c","correct","1","","1","trialend","singlestim","149","965602","1010350","1"
"7565","Subject147","1","statue","positionright","validityinvalid","test","1","neutral","singlestim","151","967609","1010370","397","67","dotpositionleft","singlestim","152","968060","1010380","c","correct","1","","1","trialend","singlestim","153","969073","1010390","1"
"7862","Subject147","1","folded","positionleft","validityvalid","test","1","neutral","singlestim","155","971081","1010410","404","67","dotpositionleft","singlestim","156","971539","1010420","c","correct","1","","1","trialend","singlestim","157","972555","1010430","1"
"8159","Subject147","1","funeral","positionright","validityvalid","test","1","suicide","singlestim","159","974563","1010450","413","77","dotpositionright","singlestim","160","975028","1010460","m","correct","1","","1","trialend","singlestim","161","976043","1010470","1"
"8456","Subject147","1","healthy","positionleft","validityinvalid","test","1","positive","singlestim","163","978052","1010490","1498","77","dotpositionright","singlestim","164","979603","1010500","m","correct","1","","1","trialend","singlestim","165","980617","1010510","1"
"8753","Subject147","1","vomit","positionleft","validityvalid","test","1","negative","singlestim","167","982626","1010530","525","67","dotpositionleft","singlestim","168","983204","1010540","c","correct","1","","1","trialend","singlestim","169","984220","1010550","1"
"9050","Subject147","1","blood","positionleft","validityvalid","test","1","suicide","singlestim","171","986229","1010570","1535","67","dotpositionleft","singlestim","172","987821","1010580","c","correct","1","","1","trialend","singlestim","173","988835","1010590","1"
"9347","Subject147","1","crying","positionright","validityvalid","test","1","negative","singlestim","175","990845","1010610","1752","77","dotpositionright","singlestim","176","992652","1010620","m","correct","1","","1","trialend","singlestim","177","993665","1010630","1"
"9644","Subject147","1","double","positionright","validityvalid","test","4","neutral","singlestim","179","995673","102010","1","1","dotpositionright","singlestim","180","997734","102020","","1","","1","trialend","singlestim","181","998749","102030","1","engineengine"
"9941","Subject147","engine","positionleft","validityvalid","test","4","neutral","singlestim","183","1000757","102050","904","â€šÃ³Ã¨","dotpositionleft","singlestim","184","1001716","102060","c","left","1","","1","trialend","singlestim","185","1002730","102070","1","wohlesswohless"
"10238","Subject147","wohless","positionright","validityvalid","test","4","negative","singlestim","187","1004745","102090","319","â€šÃ³Ã¨","dotpositionright","singlestim","188","1005117","1020100","m","right","1","","1","trialend","singlestim","189","1006132","1020110","1","killingkilling"
"10535","Subject147","killing","positionleft","validityvalid","test","4","suicide","singlestim","191","1008141","1020130","457","â€šÃ³Ã¨","dotpositionleft","singlestim","192","1008652","1020140","c","left","1","","1","trialend","singlestim","193","1009667","1020150","1","deceaseddeceased"
"10832","Subject147","deceased","positionright","validityvalid","test","4","suicide","singlestim","195","1011675","1020170","350","â€šÃ³Ã¨","dotpositionright","singlestim","196","1012077","1020180","m","right","1","","1","trialend","singlestim","197","1013091","1020190","1","alonealone"
"11129","Subject147","alone","positionleft","validityvalid","test","4","negative","singlestim","199","1015099","1020210","421","â€šÃ³Ã¨","dotpositionleft","singlestim","200","1015573","1020220","c","left","1","","1","trialend","singlestim","201","1016585","1020230","1","laughlaugh"
"11426","Subject147","laugh","positionright","validityvalid","test","4","positive","singlestim","203","1018595","1020250","287","â€šÃ³Ã¨","dotpositionright","singlestim","204","1018933","1020260","m","right","1","","1","trialend","singlestim","205","1019946","1020270","1","frameframe"
"11723","Subject147","frame","positionleft","validityinvalid","test","4","neutral","singlestim","207","1021955","1020290","716","â€šÃ³Ã¨","dotpositionright","singlestim","208","1022725","1020300","m","right","1","","1","trialend","singlestim","209","1023742","1020310","1","stupidstupid"
"12020","Subject147","stupid","positionleft","validityvalid","test","4","negative","singlestim","211","1025750","1020330","451","â€šÃ³Ã¨","dotpositionleft","singlestim","212","1026253","1020340","c","left","1","","1","trialend","singlestim","213","1027266","1020350","1","structurestructure"
"12317","Subject147","structure","positionright","validityvalid","test","4","neutral","singlestim","215","1029273","1020370","286","â€šÃ³Ã¨","dotpositionright","singlestim","216","1029613","1020380","m","right","1","","1","trialend","singlestim","217","1030628","1020390","1","ecstaticecstatic"
"12614","Subject147","ecstatic","positionright","validityvalid","test","4","positive","singlestim","219","1032634","1020410","328","â€šÃ³Ã¨","dotpositionright","singlestim","220","1033014","1020420","m","right","1","","1","trialend","singlestim","221","1034029","1020430","1","successsuccess"
"12911","Subject147","success","positionleft","validityvalid","test","4","positive","singlestim","223","1036035","1020450","685","â€šÃ³Ã¨","dotpositionleft","singlestim","224","1036773","1020460","c","left","1","","1","trialend","singlestim","225","1037788","1020470","1","suicidesuicide"
"13208","Subject147","suicide","positionright","validityinvalid","test","4","suicide","singlestim","227","1039796","1020490","420","â€šÃ³Ã¨","dotpositionleft","singlestim","228","1040269","1020500","c","left","1","","1","trialend","singlestim","229","1041282","1020510","1","passionatepassionate"
"13505","Subject147","passionate","positionleft","validityinvalid","test","4","positive","singlestim","231","1043290","1020530","398","â€šÃ³Ã¨","dotpositionright","singlestim","232","1043742","1020540","m","right","1","","1","trialend","singlestim","233","1044759","1020550","1","hanginghanging"
"13802","Subject147","hanging","positionleft","validityvalid","test","4","suicide","singlestim","235","1046767","1020570","654","â€šÃ³Ã¨","dotpositionleft","singlestim","236","1047477","1020580","c","left","1","","1","trialend","singlestim","237","1048491","1020590","1","ashamedashamed"
"14099","Subject147","ashamed","positionright","validityinvalid","test","4","negative","singlestim","239","1050499","1020610","565","â€šÃ³Ã¨","dotpositionleft","singlestim","240","1051117","1020620","c","left","1","","1","trialend","singlestim","241","1052130","1020630","1","touretoure"
"14396","Subject147","toure","positionleft","validityvalid","test","3","negative","singlestim","243","1054138","103010","1516","â€šÃ³Ã¨","dotpositionleft","singlestim","244","1055710","103020","c","left","1","","1","trialend","singlestim","245","1056728","103030","1","rejectedrejected"
"14693","Subject147","rejected","positionright","validityvalid","test","3","negative","singlestim","247","1058736","103050","546","â€šÃ³Ã¨","dotpositionright","singlestim","248","1059335","103060","m","right","1","","1","trialend","singlestim","249","1060349","103070","1","closetcloset"
"14990","Subject147","closet","positionright","validityinvalid","test","3","neutral","singlestim","251","1062357","103090","628","â€šÃ³Ã¨","dotpositionleft","singlestim","252","1063038","1030100","c","left","1","","1","trialend","singlestim","253","1064052","1030110","1","bombbomb"
"15287","Subject147","bomb","positionright","validityvalid","test","3","negative","singlestim","255","1066061","1030130","628","â€šÃ³Ã¨","dotpositionright","singlestim","256","1066743","1030140","m","right","1","","1","trialend","singlestim","257","1067755","1030150","1","happyhappy"
"15584","Subject147","happy","positionright","validityvalid","test","3","positive","singlestim","259","1069763","1030170","1071","â€šÃ³Ã¨","dotpositionright","singlestim","260","1070886","1030180","m","right","1","","1","trialend","singlestim","261","1071899","1030190","1","greengreen"
"15881","Subject147","green","positionright","validityvalid","test","3","neutral","singlestim","263","1073908","1030210","420","â€šÃ³Ã¨","dotpositionright","singlestim","264","1074383","1030220","m","right","1","","1","trialend","singlestim","265","1075399","1030230","1","deaddead"
"16178","Subject147","dead","positionleft","validityinvalid","test","3","suicide","singlestim","267","1077407","1030250","1747","â€šÃ³Ã¨","dotpositionright","singlestim","268","1079207","1030260","m","right","1","","1","trialend","singlestim","269","1080222","1030270","1","assaultassault"
"16475","Subject147","assault","positionleft","validityinvalid","test","3","negative","singlestim","271","1082230","1030290","340","â€šÃ³Ã¨","dotpositionright","singlestim","272","1082623","1030300","m","right","1","","1","trialend","singlestim","273","1083636","1030310","1","cuttingcutting"
"16772","Subject147","cutting","positionright","validityvalid","test","3","suicide","singlestim","275","1085643","1030330","1","â€šÃ³Ã¨","dotpositionright","singlestim","276","1087698","1030340","","incorrect","","77","trialend","singlestim","277","1088714","1030350","1","diedie","1"
"17069","Subject147","positionright","validityvalid","test","3","suicide","singlestim","279","1090722","1030370","1","â€šÃ³Ã¨","1","singlestim","280","1092777","1030380","","incorrect","1","1","trialend","singlestim","281","1093792","1030390","1","museummuseum","1","museum"
"17366","Subject147","validityvalid","test","3","neutral","singlestim","283","1095801","1030410","443","â€šÃ³Ã¨","67","dotpositionleft","284","1096296","1030420","c","left","correct","1","1","trialend","singlestim","285","1097311","1030430","1","strongstrong","1","strong"
"17663","Subject147","validityvalid","test","3","positive","singlestim","287","1099318","1030450","435","â€šÃ³Ã¨","67","dotpositionleft","288","1099807","1030460","c","left","correct","1","1","trialend","singlestim","289","1100821","1030470","1","metermeter","1","meter"
"17960","Subject147","validityvalid","test","3","neutral","singlestim","291","1102829","1030490","421","â€šÃ³Ã¨","67","dotpositionleft","292","1103304","1030500","c","left","correct","1","1","trialend","singlestim","293","1104318","1030510","1","dyingdying","1","dying"
"18257","Subject147","validityvalid","test","3","suicide","singlestim","295","1106323","1030530","1000","â€šÃ³Ã¨","67","dotpositionleft","296","1107376","1030540","c","left","correct","1","1","trialend","singlestim","297","1108390","1030550","1","smilesmile","1","smile"
"18554","Subject147","validityvalid","test","3","positive","singlestim","299","1110399","1030570","973","â€šÃ³Ã¨","67","dotpositionleft","300","1111424","1030580","c","left","correct","1","1","trialend","singlestim","301","1112436","1030590","1","kisskiss","1","kiss"
"18851","Subject147","validityinvalid","test","3","positive","singlestim","303","1114444","1030610","527","â€šÃ³Ã¨","67","dotpositionleft","304","1115024","1030620","c","left","correct","1","1","trialend","singlestim","305","1116040","1030630","1001","timeout","textTimed","306"
