"","SubjectID","rt","stimulus","keypress","word","wordposition","validity","block","blocknum","wordtype","trialtype","trialindex","timeelapsed","rt.1","stimulus.1","keypress.1","dotposition","trialtype.1","trialindex.1","timeelapsed.1","keypressed","participantresponse","correctresponse","rt.2","stimulus.2","keypress.2","blocktrial","trialtype.2","trialindex.2","timeelapsed.2"
"3","Subject3","1","metermeter","1","meter","positionleft","validityvalid","test","3","neutral","singlestim","51","597597","434","â€šÃ³Ã¨","67","dotpositionleft","singlestim","52","598083","c","left","correct","1","","1","trialend","singlestim","53","599097"
"300","Subject3","1","greengreen","1","green","positionright","validityvalid","test","3","neutral","singlestim","55","601102","428","â€šÃ³Ã¨","77","dotpositionright","singlestim","56","601582","m","right","correct","1","","1","trialend","singlestim","57","602595"
"597","Subject3","1","deaddead","1","dead","positionleft","validityinvalid","test","3","suicide","singlestim","59","604600","310","â€šÃ³Ã¨","77","dotpositionright","singlestim","60","604962","m","right","correct","1","","1","trialend","singlestim","61","605975"
"894","Subject3","1","kisskiss","1","kiss","positionright","validityinvalid","test","3","positive","singlestim","63","607980","396","â€šÃ³Ã¨","67","dotpositionleft","singlestim","64","608429","c","left","correct","1","","1","trialend","singlestim","65","609441"
"1191","Subject3","1","closetcloset","1","closet","positionright","validityinvalid","test","3","neutral","singlestim","67","611445","307","â€šÃ³Ã¨","67","dotpositionleft","singlestim","68","611804","c","left","correct","1","","1","trialend","singlestim","69","612817"
"1488","Subject3","1","rejectedrejected","1","rejected","positionright","validityvalid","test","3","negative","singlestim","71","614822","297","â€šÃ³Ã¨","77","dotpositionright","singlestim","72","615172","m","right","correct","1","","1","trialend","singlestim","73","616183"
"1785","Subject3","1","assaultassault","1","assault","positionleft","validityinvalid","test","3","negative","singlestim","75","618188","379","â€šÃ³Ã¨","77","dotpositionright","singlestim","76","618620","m","right","correct","1","","1","trialend","singlestim","77","619633"
"2082","Subject3","1","touretoure","1","toure","positionleft","validityvalid","test","3","negative","singlestim","79","621637","557","â€šÃ³Ã¨","67","dotpositionleft","singlestim","80","622246","c","left","correct","1","","1","trialend","singlestim","81","623260"
"2379","Subject3","1","happyhappy","1","happy","positionright","validityvalid","test","3","positive","singlestim","83","625266","365","â€šÃ³Ã¨","77","dotpositionright","singlestim","84","625683","m","right","correct","1","","1","trialend","singlestim","85","626697"
"2676","Subject3","1","cuttingcutting","1","cutting","positionright","validityvalid","test","3","suicide","singlestim","87","628702","396","â€šÃ³Ã¨","77","dotpositionright","singlestim","88","629150","m","right","correct","1","","1","trialend","singlestim","89","630164"
"2973","Subject3","1","museummuseum","1","museum","positionleft","validityvalid","test","3","neutral","singlestim","91","632168","391","â€šÃ³Ã¨","67","dotpositionleft","singlestim","92","632611","c","left","correct","1","","1","trialend","singlestim","93","633624"
"3270","Subject3","1","smilesmile","1","smile","positionleft","validityvalid","test","3","positive","singlestim","95","635630","551","â€šÃ³Ã¨","67","dotpositionleft","singlestim","96","636232","c","left","correct","1","","1","trialend","singlestim","97","637246"
"3567","Subject3","1","strongstrong","1","strong","positionleft","validityvalid","test","3","positive","singlestim","99","639251","380","â€šÃ³Ã¨","67","dotpositionleft","singlestim","100","639684","c","left","correct","1","","1","trialend","singlestim","101","640697"
"3864","Subject3","1","dyingdying","1","dying","positionleft","validityvalid","test","3","suicide","singlestim","103","642701","355","â€šÃ³Ã¨","67","dotpositionleft","singlestim","104","643109","c","left","correct","1","","1","trialend","singlestim","105","644122"
"4161","Subject3","1","diedie","1","die","positionright","validityvalid","test","3","suicide","singlestim","107","646128","310","â€šÃ³Ã¨","77","dotpositionright","singlestim","108","646490","m","right","correct","1","","1","trialend","singlestim","109","647504"
"4458","Subject3","1","bombbomb","1","bomb","positionright","validityvalid","test","3","negative","singlestim","111","649506","332","â€šÃ³Ã¨","77","dotpositionright","singlestim","112","649891","m","right","correct","1","","1","trialend","singlestim","113","650904"
"4755","Subject3","1","deceaseddeceased","1","deceased","positionright","validityvalid","test","4","suicide","singlestim","115","652908","320","â€šÃ³Ã¨","77","dotpositionright","singlestim","116","653280","m","right","correct","1","","1","trialend","singlestim","117","654294"
"5052","Subject3","1","laughlaugh","1","laugh","positionright","validityvalid","test","4","positive","singlestim","119","656299","344","â€šÃ³Ã¨","77","dotpositionright","singlestim","120","656696","m","right","correct","1","","1","trialend","singlestim","121","657708"
"5349","Subject3","1","structurestructure","1","structure","positionright","validityvalid","test","4","neutral","singlestim","123","659711","315","â€šÃ³Ã¨","77","dotpositionright","singlestim","124","660078","m","right","correct","1","","1","trialend","singlestim","125","661091"
"5646","Subject3","1","wohlesswohless","1","wohless","positionright","validityvalid","test","4","negative","singlestim","127","663095","329","â€šÃ³Ã¨","77","dotpositionright","singlestim","128","663476","m","right","correct","1","","1","trialend","singlestim","129","664490"
"5943","Subject3","1","alonealone","1","alone","positionleft","validityvalid","test","4","negative","singlestim","131","666494","339","â€šÃ³Ã¨","67","dotpositionleft","singlestim","132","666884","c","left","correct","1","","1","trialend","singlestim","133","667898"
"6240","Subject3","1","stupidstupid","1","stupid","positionleft","validityvalid","test","4","negative","singlestim","135","669904","337","â€šÃ³Ã¨","67","dotpositionleft","singlestim","136","670294","c","left","correct","1","","1","trialend","singlestim","137","671308"
"6537","Subject3","1","ecstaticecstatic","1","ecstatic","positionright","validityvalid","test","4","positive","singlestim","139","673313","297","â€šÃ³Ã¨","77","dotpositionright","singlestim","140","673662","m","right","correct","1","","1","trialend","singlestim","141","674676"
"6834","Subject3","1","engineengine","1","engine","positionleft","validityvalid","test","4","neutral","singlestim","143","676682","339","â€šÃ³Ã¨","67","dotpositionleft","singlestim","144","677072","c","left","correct","1","","1","trialend","singlestim","145","678086"
"7131","Subject3","1","doubledouble","1","double","positionright","validityvalid","test","4","neutral","singlestim","147","680091","314","â€šÃ³Ã¨","77","dotpositionright","singlestim","148","680457","m","right","correct","1","","1","trialend","singlestim","149","681470"
"7428","Subject3","1","successsuccess","1","success","positionleft","validityvalid","test","4","positive","singlestim","151","683475","356","â€šÃ³Ã¨","67","dotpositionleft","singlestim","152","683883","c","left","correct","1","","1","trialend","singlestim","153","684896"
"7725","Subject3","1","ashamedashamed","1","ashamed","positionright","validityinvalid","test","4","negative","singlestim","155","686902","365","â€šÃ³Ã¨","67","dotpositionleft","singlestim","156","687319","c","left","correct","1","","1","trialend","singlestim","157","688333"
"8022","Subject3","1","hanginghanging","1","hanging","positionleft","validityvalid","test","4","suicide","singlestim","159","690339","395","â€šÃ³Ã¨","67","dotpositionleft","singlestim","160","690786","c","left","correct","1","","1","trialend","singlestim","161","691801"
"8319","Subject3","1","killingkilling","1","killing","positionleft","validityvalid","test","4","suicide","singlestim","163","693806","381","â€šÃ³Ã¨","67","dotpositionleft","singlestim","164","694239","c","left","correct","1","","1","trialend","singlestim","165","695253"
"8616","Subject3","1","suicidesuicide","1","suicide","positionright","validityinvalid","test","4","suicide","singlestim","167","697257","335","â€šÃ³Ã¨","67","dotpositionleft","singlestim","168","697644","c","left","correct","1","","1","trialend","singlestim","169","698658"
"8913","Subject3","1","frameframe","1","frame","positionleft","validityinvalid","test","4","neutral","singlestim","171","700660","515","â€šÃ³Ã¨","77","dotpositionright","singlestim","172","701227","m","right","correct","1","","1","trialend","singlestim","173","702241"
"9210","Subject3","1","passionatepassionate","1","passionate","positionleft","validityinvalid","test","4","positive","singlestim","175","704246","301","â€šÃ³Ã¨","77","dotpositionright","singlestim","176","704600","m","right","correct","1","","1","trialend","singlestim","177","705613"
"9507","Subject3","1","abuseabuse","1","abuse","positionright","validityvalid","test","2","negative","singlestim","179","707618","395","â€šÃ³Ã¨","77","dotpositionright","singlestim","180","708066","m","right","correct","1","","1","trialend","singlestim","181","709080"
"9804","Subject3","1","braverybravery","1","bravery","positionleft","validityvalid","test","2","positive","singlestim","183","711085","360","â€šÃ³Ã¨","67","dotpositionleft","singlestim","184","711497","c","left","correct","1","","1","trialend","singlestim","185","712511"
"10101","Subject3","1","pleasurepleasure","1","pleasure","positionleft","validityvalid","test","2","positive","singlestim","187","714516","320","â€šÃ³Ã¨","67","dotpositionleft","singlestim","188","714888","c","left","correct","1","","1","trialend","singlestim","189","715901"
"10398","Subject3","1","noosenoose","1","noose","positionleft","validityvalid","test","2","suicide","singlestim","191","717906","348","â€šÃ³Ã¨","67","dotpositionleft","singlestim","192","718307","c","left","correct","1","","1","trialend","singlestim","193","719321"
"10695","Subject3","1","corpsecorpse","1","corpse","positionleft","validityvalid","test","2","suicide","singlestim","195","721326","320","â€šÃ³Ã¨","67","dotpositionleft","singlestim","196","721699","c","left","correct","1","","1","trialend","singlestim","197","722712"
"10992","Subject3","1","tabletable","1","table","positionright","validityvalid","test","2","neutral","singlestim","199","724717","328","â€šÃ³Ã¨","77","dotpositionright","singlestim","200","725097","m","right","correct","1","","1","trialend","singlestim","201","726110"
"11289","Subject3","1","failurefailure","1","failure","positionleft","validityvalid","test","2","negative","singlestim","203","728115","365","â€šÃ³Ã¨","67","dotpositionleft","singlestim","204","728532","c","left","correct","1","","1","trialend","singlestim","205","729546"
"11586","Subject3","1","enthusiasmenthusiasm","1","enthusiasm","positionright","validityvalid","test","2","positive","singlestim","207","731551","268","â€šÃ³Ã¨","77","dotpositionright","singlestim","208","731871","m","right","correct","1","","1","trialend","singlestim","209","732884"
"11883","Subject3","1","lovelove","1","love","positionright","validityinvalid","test","2","positive","singlestim","211","734888","331","â€šÃ³Ã¨","67","dotpositionleft","singlestim","212","735269","c","left","correct","1","","1","trialend","singlestim","213","736283"
"12180","Subject3","1","horsehorse","1","horse","positionleft","validityinvalid","test","2","neutral","singlestim","215","738287","288","â€šÃ³Ã¨","77","dotpositionright","singlestim","216","738627","m","right","correct","1","","1","trialend","singlestim","217","739641"
"12477","Subject3","1","overdoseoverdose","1","overdose","positionright","validityinvalid","test","2","suicide","singlestim","219","741646","323","â€šÃ³Ã¨","67","dotpositionleft","singlestim","220","742020","c","left","correct","1","","1","trialend","singlestim","221","743033"
"12774","Subject3","366","filthyfilthy","67","filthy","positionleft","validityinvalid","test","2","negative","singlestim","223","745038","367","â€šÃ³Ã¨","77","dotpositionright","singlestim","224","745457","m","right","correct","1","","1","trialend","singlestim","225","746470"
"13071","Subject3","1","deathdeath","1","death","positionright","validityvalid","test","2","suicide","singlestim","227","748475","358","â€šÃ³Ã¨","77","dotpositionright","singlestim","228","748885","m","right","correct","1","","1","trialend","singlestim","229","749899"
"13368","Subject3","1","paperpaper","1","paper","positionleft","validityvalid","test","2","neutral","singlestim","231","751904","361","â€šÃ³Ã¨","67","dotpositionleft","singlestim","232","752317","c","left","correct","1","","1","trialend","singlestim","233","753331"
"13665","Subject3","1","cruelcruel","1","cruel","positionright","validityvalid","test","2","negative","singlestim","235","755335","326","â€šÃ³Ã¨","77","dotpositionright","singlestim","236","755712","m","right","correct","1","","1","trialend","singlestim","237","756724"
"13962","Subject3","1","foamfoam","1","foam","positionright","validityvalid","test","2","neutral","singlestim","239","758729","326","â€šÃ³Ã¨","77","dotpositionright","singlestim","240","759107","m","right","correct","1","","1","trialend","singlestim","241","760121"
"14259","Subject3","1","vomitvomit","1","vomit","positionleft","validityvalid","test","1","negative","singlestim","243","762126","321","â€šÃ³Ã¨","67","dotpositionleft","singlestim","244","762500","c","left","correct","1","","1","trialend","singlestim","245","763513"
"14556","Subject3","1","suffocationsuffocation","1","suffocation","positionleft","validityinvalid","test","1","suicide","singlestim","247","765518","417","â€šÃ³Ã¨","77","dotpositionright","singlestim","248","765987","m","right","correct","1","","1","trialend","singlestim","249","767001"
"14853","Subject3","1","hatehate","1","hate","positionright","validityinvalid","test","1","negative","singlestim","251","769005","337","â€šÃ³Ã¨","67","dotpositionleft","singlestim","252","769394","c","left","correct","1","","1","trialend","singlestim","253","770408"
"15150","Subject3","1","greatgreat","1","great","positionright","validityvalid","test","1","positive","singlestim","255","772413","697","â€šÃ³Ã¨","77","dotpositionright","singlestim","256","773163","m","right","correct","1","","1","trialend","singlestim","257","774176"
"15447","Subject3","1","healthyhealthy","1","healthy","positionleft","validityinvalid","test","1","positive","singlestim","259","776181","308","â€šÃ³Ã¨","77","dotpositionright","singlestim","260","776541","m","right","correct","1","","1","trialend","singlestim","261","777555"
"15744","Subject3","1","cheesecheese","1","cheese","positionright","validityvalid","test","1","neutral","singlestim","263","779560","375","â€šÃ³Ã¨","77","dotpositionright","singlestim","264","779988","m","right","correct","1","","1","trialend","singlestim","265","781001"
"16041","Subject3","1","paradiseparadise","1","paradise","positionleft","validityvalid","test","1","positive","singlestim","267","783006","357","â€šÃ³Ã¨","67","dotpositionleft","singlestim","268","783415","c","left","correct","1","","1","trialend","singlestim","269","784429"
"16338","Subject3","1","attractionattraction","1","attraction","positionright","validityvalid","test","1","positive","singlestim","271","786434","329","â€šÃ³Ã¨","77","dotpositionright","singlestim","272","786815","m","right","correct","1","","1","trialend","singlestim","273","787828"
"16635","Subject3","1","patheticpathetic","1","pathetic","positionleft","validityvalid","test","1","negative","singlestim","275","789833","320","â€šÃ³Ã¨","67","dotpositionleft","singlestim","276","790204","c","left","correct","1","","1","trialend","singlestim","277","791218"
"16932","Subject3","1","gunshotgunshot","1","gunshot","positionright","validityvalid","test","1","suicide","singlestim","279","793223","351","â€šÃ³Ã¨","77","dotpositionright","singlestim","280","793626","m","right","correct","1","","1","trialend","singlestim","281","794640"
"17229","Subject3","1","imageimage","1","image","positionleft","validityvalid","test","1","neutral","singlestim","283","796645","335","â€šÃ³Ã¨","67","dotpositionleft","singlestim","284","797031","c","left","correct","1","","1","trialend","singlestim","285","798045"
"17526","Subject3","1","statuestatue","1","statue","positionright","validityinvalid","test","1","neutral","singlestim","287","800049","516","â€šÃ³Ã¨","67","dotpositionleft","singlestim","288","800617","c","left","correct","1","","1","trialend","singlestim","289","801630"
"17823","Subject3","1","foldedfolded","1","folded","positionleft","validityvalid","test","1","neutral","singlestim","291","803633","482","â€šÃ³Ã¨","67","dotpositionleft","singlestim","292","804167","c","left","correct","1","","1","trialend","singlestim","293","805180"
"18120","Subject3","1","bloodblood","1","blood","positionleft","validityvalid","test","1","suicide","singlestim","295","807184","339","â€šÃ³Ã¨","67","dotpositionleft","singlestim","296","807575","c","left","correct","1","","1","trialend","singlestim","297","808588"
"18417","Subject3","483","cryingcrying","77","crying","positionright","validityvalid","test","1","negative","singlestim","299","810593","368","â€šÃ³Ã¨","77","dotpositionright","singlestim","300","811013","m","right","correct","1","","1","trialend","singlestim","301","812027"
"18714","Subject3","1","funeralfuneral","1","funeral","positionright","validityvalid","test","1","suicide","singlestim","303","814030","375","â€šÃ³Ã¨","77","dotpositionright","singlestim","304","814458","m","right","correct","1","","1","trialend","singlestim","305","815471"
