"","SubjectID","rt","stimulus","keypress","word","wordposition","validity","block","blocknum","wordtype","trialtype","trialindex","timeelapsed","rt.1","stimulus.1","keypress.1","dotposition","trialtype.1","trialindex.1","timeelapsed.1","keypressed","participantresponse","correctresponse","rt.2","stimulus.2","keypress.2","blocktrial","trialtype.2","trialindex.2","timeelapsed.2"
"203","Subject234","530","suffocationsuffocation","67","suffocation","positionleft","validityinvalid","test","1","suicide","singlestim","51","110829","559","â€šÃ³Ã¨","77","dotpositionright","singlestim","52","111441","m","right","correct","1","","1","trialend","singlestim","53","112454"
"500","Subject234","420","cryingcrying","77","crying","positionright","validityvalid","test","1","negative","singlestim","55","114458","454","â€šÃ³Ã¨","77","dotpositionright","singlestim","56","114964","m","right","correct","1","","1","trialend","singlestim","57","115976"
"797","Subject234","452","patheticpathetic","67","pathetic","positionleft","validityvalid","test","1","negative","singlestim","59","117981","446","â€šÃ³Ã¨","67","dotpositionleft","singlestim","60","118478","c","left","correct","1","","1","trialend","singlestim","61","119491"
"1094","Subject234","374","hatehate","77","hate","positionright","validityinvalid","test","1","negative","singlestim","63","121495","419","â€šÃ³Ã¨","67","dotpositionleft","singlestim","64","121966","c","left","correct","1","","1","trialend","singlestim","65","122979"
"1391","Subject234","426","foldedfolded","67","folded","positionleft","validityvalid","test","1","neutral","singlestim","67","124984","463","â€šÃ³Ã¨","67","dotpositionleft","singlestim","68","125499","c","left","correct","1","","1","trialend","singlestim","69","126512"
"1688","Subject234","412","cheesecheese","77","cheese","positionright","validityvalid","test","1","neutral","singlestim","71","128516","434","â€šÃ³Ã¨","77","dotpositionright","singlestim","72","129002","m","right","correct","1","","1","trialend","singlestim","73","130015"
"1985","Subject234","417","paradiseparadise","67","paradise","positionleft","validityvalid","test","1","positive","singlestim","75","132020","451","â€šÃ³Ã¨","67","dotpositionleft","singlestim","76","132524","c","left","correct","1","","1","trialend","singlestim","77","133535"
"2282","Subject234","371","funeralfuneral","77","funeral","positionright","validityvalid","test","1","suicide","singlestim","79","135539","384","â€šÃ³Ã¨","77","dotpositionright","singlestim","80","135974","m","right","correct","1","","1","trialend","singlestim","81","136988"
"2579","Subject234","394","vomitvomit","67","vomit","positionleft","validityvalid","test","1","negative","singlestim","83","138992","336","â€šÃ³Ã¨","67","dotpositionleft","singlestim","84","139381","c","left","correct","1","","1","trialend","singlestim","85","140393"
"2876","Subject234","338","statuestatue","77","statue","positionright","validityinvalid","test","1","neutral","singlestim","87","142397","395","â€šÃ³Ã¨","67","dotpositionleft","singlestim","88","142844","c","left","correct","1","","1","trialend","singlestim","89","143858"
"3173","Subject234","409","attractionattraction","77","attraction","positionright","validityvalid","test","1","positive","singlestim","91","145861","392","â€šÃ³Ã¨","77","dotpositionright","singlestim","92","146305","m","right","correct","1","","1","trialend","singlestim","93","147318"
"3470","Subject234","419","greatgreat","77","great","positionright","validityvalid","test","1","positive","singlestim","95","149323","471","â€šÃ³Ã¨","77","dotpositionright","singlestim","96","149846","m","right","correct","1","","1","trialend","singlestim","97","150859"
"3767","Subject234","405","gunshotgunshot","77","gunshot","positionright","validityvalid","test","1","suicide","singlestim","99","152863","416","â€šÃ³Ã¨","77","dotpositionright","singlestim","100","153331","m","right","correct","1","","1","trialend","singlestim","101","154345"
"4064","Subject234","491","healthyhealthy","67","healthy","positionleft","validityinvalid","test","1","positive","singlestim","103","156349","413","â€šÃ³Ã¨","77","dotpositionright","singlestim","104","156814","m","right","correct","1","","1","trialend","singlestim","105","157828"
"4361","Subject234","437","bloodblood","67","blood","positionleft","validityvalid","test","1","suicide","singlestim","107","159832","452","â€šÃ³Ã¨","67","dotpositionleft","singlestim","108","160336","c","left","correct","1","","1","trialend","singlestim","109","161349"
"4658","Subject234","424","imageimage","67","image","positionleft","validityvalid","test","1","neutral","singlestim","111","163354","432","â€šÃ³Ã¨","67","dotpositionleft","singlestim","112","163838","c","left","correct","1","","1","trialend","singlestim","113","164851"
"4955","Subject234","424","ashamedashamed","77","ashamed","positionright","validityinvalid","test","4","negative","singlestim","115","166856","392","â€šÃ³Ã¨","67","dotpositionleft","singlestim","116","167299","c","left","correct","1","","1","trialend","singlestim","117","168313"
"5252","Subject234","422","frameframe","67","frame","positionleft","validityinvalid","test","4","neutral","singlestim","119","170316","392","â€šÃ³Ã¨","77","dotpositionright","singlestim","120","170760","m","right","correct","1","","1","trialend","singlestim","121","171773"
"5549","Subject234","441","stupidstupid","67","stupid","positionleft","validityvalid","test","4","negative","singlestim","123","173778","422","â€šÃ³Ã¨","67","dotpositionleft","singlestim","124","174251","c","left","correct","1","","1","trialend","singlestim","125","175263"
"5846","Subject234","436","doubledouble","77","double","positionright","validityvalid","test","4","neutral","singlestim","127","177268","419","â€šÃ³Ã¨","77","dotpositionright","singlestim","128","177738","m","right","correct","1","","1","trialend","singlestim","129","178751"
"6143","Subject234","435","wohlesswohless","77","wohless","positionright","validityvalid","test","4","negative","singlestim","131","180756","473","â€šÃ³Ã¨","77","dotpositionright","singlestim","132","181281","m","right","correct","1","","1","trialend","singlestim","133","182293"
"6440","Subject234","423","alonealone","67","alone","positionleft","validityvalid","test","4","negative","singlestim","135","184297","395","â€šÃ³Ã¨","67","dotpositionleft","singlestim","136","184745","c","left","correct","1","","1","trialend","singlestim","137","185758"
"6737","Subject234","391","successsuccess","67","success","positionleft","validityvalid","test","4","positive","singlestim","139","187763","427","â€šÃ³Ã¨","67","dotpositionleft","singlestim","140","188242","c","left","correct","1","","1","trialend","singlestim","141","189255"
"7034","Subject234","399","laughlaugh","77","laugh","positionright","validityvalid","test","4","positive","singlestim","143","191259","353","â€šÃ³Ã¨","77","dotpositionright","singlestim","144","191664","m","right","correct","1","","1","trialend","singlestim","145","192677"
"7331","Subject234","448","ecstaticecstatic","77","ecstatic","positionright","validityvalid","test","4","positive","singlestim","147","194682","352","â€šÃ³Ã¨","77","dotpositionright","singlestim","148","195086","m","right","correct","1","","1","trialend","singlestim","149","196098"
"7628","Subject234","396","deceaseddeceased","77","deceased","positionright","validityvalid","test","4","suicide","singlestim","151","198103","341","â€šÃ³Ã¨","77","dotpositionright","singlestim","152","198496","m","right","correct","1","","1","trialend","singlestim","153","199509"
"7925","Subject234","421","killingkilling","67","killing","positionleft","validityvalid","test","4","suicide","singlestim","155","201512","345","â€šÃ³Ã¨","67","dotpositionleft","singlestim","156","201910","c","left","correct","1","","1","trialend","singlestim","157","202923"
"8222","Subject234","391","passionatepassionate","67","passionate","positionleft","validityinvalid","test","4","positive","singlestim","159","204928","320","â€šÃ³Ã¨","67","dotpositionright","singlestim","160","205300","c","left","incorrect","1","","1","trialend","singlestim","161","206313"
"8519","Subject234","499","engineengine","67","engine","positionleft","validityvalid","test","4","neutral","singlestim","163","208318","500","â€šÃ³Ã¨","67","dotpositionleft","singlestim","164","208870","c","left","correct","1","","1","trialend","singlestim","165","209882"
"8816","Subject234","522","hanginghanging","67","hanging","positionleft","validityvalid","test","4","suicide","singlestim","167","211886","495","â€šÃ³Ã¨","67","dotpositionleft","singlestim","168","212433","c","left","correct","1","","1","trialend","singlestim","169","213447"
"9113","Subject234","391","suicidesuicide","77","suicide","positionright","validityinvalid","test","4","suicide","singlestim","171","215451","401","â€šÃ³Ã¨","67","dotpositionleft","singlestim","172","215904","c","left","correct","1","","1","trialend","singlestim","173","216917"
"9410","Subject234","384","structurestructure","77","structure","positionright","validityvalid","test","4","neutral","singlestim","175","218921","477","â€šÃ³Ã¨","77","dotpositionright","singlestim","176","219450","m","right","correct","1","","1","trialend","singlestim","177","220464"
"9707","Subject234","519","deathdeath","77","death","positionright","validityvalid","test","2","suicide","singlestim","179","222469","431","â€šÃ³Ã¨","77","dotpositionright","singlestim","180","222952","m","right","correct","1","","1","trialend","singlestim","181","223966"
"10004","Subject234","436","overdoseoverdose","77","overdose","positionright","validityinvalid","test","2","suicide","singlestim","183","225969","390","â€šÃ³Ã¨","67","dotpositionleft","singlestim","184","226410","c","left","correct","1","","1","trialend","singlestim","185","227423"
"10301","Subject234","370","enthusiasmenthusiasm","77","enthusiasm","positionright","validityvalid","test","2","positive","singlestim","187","229427","440","â€šÃ³Ã¨","77","dotpositionright","singlestim","188","229919","m","right","correct","1","","1","trialend","singlestim","189","230933"
"10598","Subject234","384","paperpaper","67","paper","positionleft","validityvalid","test","2","neutral","singlestim","191","232937","391","â€šÃ³Ã¨","67","dotpositionleft","singlestim","192","233379","c","left","correct","1","","1","trialend","singlestim","193","234393"
"10895","Subject234","409","foamfoam","77","foam","positionright","validityvalid","test","2","neutral","singlestim","195","236396","469","â€šÃ³Ã¨","77","dotpositionright","singlestim","196","236917","m","right","correct","1","","1","trialend","singlestim","197","237931"
"11192","Subject234","392","filthyfilthy","67","filthy","positionleft","validityinvalid","test","2","negative","singlestim","199","239935","422","â€šÃ³Ã¨","77","dotpositionright","singlestim","200","240409","m","right","correct","1","","1","trialend","singlestim","201","241422"
"11489","Subject234","465","braverybravery","67","bravery","positionleft","validityvalid","test","2","positive","singlestim","203","243427","439","â€šÃ³Ã¨","67","dotpositionleft","singlestim","204","243917","c","left","correct","1","","1","trialend","singlestim","205","244930"
"11786","Subject234","366","tabletable","77","table","positionright","validityvalid","test","2","neutral","singlestim","207","246935","442","â€šÃ³Ã¨","77","dotpositionright","singlestim","208","247428","m","right","correct","1","","1","trialend","singlestim","209","248441"
"12083","Subject234","512","abuseabuse","77","abuse","positionright","validityvalid","test","2","negative","singlestim","211","250445","370","â€šÃ³Ã¨","77","dotpositionright","singlestim","212","250866","m","right","correct","1","","1","trialend","singlestim","213","251880"
"12380","Subject234","425","cruelcruel","77","cruel","positionright","validityvalid","test","2","negative","singlestim","215","253884","325","â€šÃ³Ã¨","77","dotpositionright","singlestim","216","254261","m","right","correct","1","","1","trialend","singlestim","217","255274"
"12677","Subject234","449","noosenoose","67","noose","positionleft","validityvalid","test","2","suicide","singlestim","219","257279","443","â€šÃ³Ã¨","67","dotpositionleft","singlestim","220","257775","c","left","correct","1","","1","trialend","singlestim","221","258787"
"12974","Subject234","429","pleasurepleasure","67","pleasure","positionleft","validityvalid","test","2","positive","singlestim","223","260792","418","â€šÃ³Ã¨","67","dotpositionleft","singlestim","224","261262","c","left","correct","1","","1","trialend","singlestim","225","262275"
"13271","Subject234","460","failurefailure","67","failure","positionleft","validityvalid","test","2","negative","singlestim","227","264279","387","â€šÃ³Ã¨","67","dotpositionleft","singlestim","228","264719","c","left","correct","1","","1","trialend","singlestim","229","265732"
"13568","Subject234","408","horsehorse","67","horse","positionleft","validityinvalid","test","2","neutral","singlestim","231","267736","437","â€šÃ³Ã¨","77","dotpositionright","singlestim","232","268226","m","right","correct","1","","1","trialend","singlestim","233","269238"
"13865","Subject234","445","corpsecorpse","67","corpse","positionleft","validityvalid","test","2","suicide","singlestim","235","271242","432","â€šÃ³Ã¨","67","dotpositionleft","singlestim","236","271726","c","left","correct","1","","1","trialend","singlestim","237","272739"
"14162","Subject234","509","lovelove","77","love","positionright","validityinvalid","test","2","positive","singlestim","239","274744","421","â€šÃ³Ã¨","67","dotpositionleft","singlestim","240","275217","c","left","correct","1","","1","trialend","singlestim","241","276230"
"14459","Subject234","398","museummuseum","67","museum","positionleft","validityvalid","test","3","neutral","singlestim","243","278235","420","â€šÃ³Ã¨","67","dotpositionleft","singlestim","244","278706","c","left","correct","1","","1","trialend","singlestim","245","279719"
"14756","Subject234","431","happyhappy","77","happy","positionright","validityvalid","test","3","positive","singlestim","247","281723","427","â€šÃ³Ã¨","77","dotpositionright","singlestim","248","282203","m","right","correct","1","","1","trialend","singlestim","249","283216"
"15053","Subject234","474","assaultassault","67","assault","positionleft","validityinvalid","test","3","negative","singlestim","251","285220","452","â€šÃ³Ã¨","77","dotpositionright","singlestim","252","285725","m","right","correct","1","","1","trialend","singlestim","253","286738"
"15350","Subject234","490","rejectedrejected","77","rejected","positionright","validityvalid","test","3","negative","singlestim","255","288743","509","â€šÃ³Ã¨","77","dotpositionright","singlestim","256","289304","m","right","correct","1","","1","trialend","singlestim","257","290317"
"15647","Subject234","470","closetcloset","77","closet","positionright","validityinvalid","test","3","neutral","singlestim","259","292321","379","â€šÃ³Ã¨","67","dotpositionleft","singlestim","260","292752","c","left","correct","1","","1","trialend","singlestim","261","293766"
"15944","Subject234","486","kisskiss","77","kiss","positionright","validityinvalid","test","3","positive","singlestim","263","295770","390","â€šÃ³Ã¨","67","dotpositionleft","singlestim","264","296212","c","left","correct","1","","1","trialend","singlestim","265","297225"
"16241","Subject234","491","cuttingcutting","77","cutting","positionright","validityvalid","test","3","suicide","singlestim","267","299229","464","â€šÃ³Ã¨","77","dotpositionright","singlestim","268","299745","m","right","correct","1","","1","trialend","singlestim","269","300758"
"16538","Subject234","541","diedie","77","die","positionright","validityvalid","test","3","suicide","singlestim","271","302762","474","â€šÃ³Ã¨","77","dotpositionright","singlestim","272","303288","m","right","correct","1","","1","trialend","singlestim","273","304302"
"16835","Subject234","445","strongstrong","67","strong","positionleft","validityvalid","test","3","positive","singlestim","275","306306","440","â€šÃ³Ã¨","67","dotpositionleft","singlestim","276","306797","c","left","correct","1","","1","trialend","singlestim","277","307811"
"17132","Subject234","400","bombbomb","77","bomb","positionright","validityvalid","test","3","negative","singlestim","279","309815","388","â€šÃ³Ã¨","77","dotpositionright","singlestim","280","310255","m","right","correct","1","","1","trialend","singlestim","281","311269"
"17429","Subject234","482","metermeter","67","meter","positionleft","validityvalid","test","3","neutral","singlestim","283","313273","443","â€šÃ³Ã¨","67","dotpositionleft","singlestim","284","313767","c","left","correct","1","","1","trialend","singlestim","285","314779"
"17726","Subject234","503","deaddead","67","dead","positionleft","validityinvalid","test","3","suicide","singlestim","287","316784","364","â€šÃ³Ã¨","77","dotpositionright","singlestim","288","317199","m","right","correct","1","","1","trialend","singlestim","289","318213"
"18023","Subject234","452","smilesmile","67","smile","positionleft","validityvalid","test","3","positive","singlestim","291","320217","418","â€šÃ³Ã¨","67","dotpositionleft","singlestim","292","320687","c","left","correct","1","","1","trialend","singlestim","293","321701"
"18320","Subject234","489","dyingdying","67","dying","positionleft","validityvalid","test","3","suicide","singlestim","295","323704","420","â€šÃ³Ã¨","67","dotpositionleft","singlestim","296","324176","c","left","correct","1","","1","trialend","singlestim","297","325189"
"18617","Subject234","420","greengreen","77","green","positionright","validityvalid","test","3","neutral","singlestim","299","327194","411","â€šÃ³Ã¨","77","dotpositionright","singlestim","300","327656","m","right","correct","1","","1","trialend","singlestim","301","328669"
"18914","Subject234","448","touretoure","67","toure","positionleft","validityvalid","test","3","negative","singlestim","303","330673","460","â€šÃ³Ã¨","67","dotpositionleft","singlestim","304","331186","c","left","correct","1","","1","trialend","singlestim","305","332199"
