"","SubjectID","rt","stimulus","keypress","word","wordposition","validity","block","blocknum","wordtype","trialtype","trialindex","timeelapsed","rt.1","stimulus.1","keypress.1","dotposition","trialtype.1","trialindex.1","timeelapsed.1","keypressed","participantresponse","correctresponse","rt.2","stimulus.2","keypress.2","blocktrial","trialtype.2","trialindex.2","timeelapsed.2"
"101","Subject106","1","alonealone","1","alone","positionleft","validityvalid","test","4","negative","singlestim","51","171282","307","â€šÃ³Ã¨","67","dotpositionleft","singlestim","52","171642","c","left","correct","1","","1","trialend","singlestim","53","172658"
"398","Subject106","1","killingkilling","1","killing","positionleft","validityvalid","test","4","suicide","singlestim","55","174666","334","â€šÃ³Ã¨","67","dotpositionleft","singlestim","56","175053","c","left","correct","1","","1","trialend","singlestim","57","176070"
"695","Subject106","489","deceaseddeceased","77","deceased","positionright","validityvalid","test","4","suicide","singlestim","59","178078","283","â€šÃ³Ã¨","77","dotpositionright","singlestim","60","178413","m","right","correct","1","","1","trialend","singlestim","61","179431"
"992","Subject106","1","doubledouble","1","double","positionright","validityvalid","test","4","neutral","singlestim","63","181439","280","â€šÃ³Ã¨","77","dotpositionright","singlestim","64","181772","m","right","correct","1","","1","trialend","singlestim","65","182788"
"1289","Subject106","1","stupidstupid","1","stupid","positionleft","validityvalid","test","4","negative","singlestim","67","184795","311","â€šÃ³Ã¨","67","dotpositionleft","singlestim","68","185158","c","left","correct","1","","1","trialend","singlestim","69","186174"
"1586","Subject106","1","suicidesuicide","1","suicide","positionright","validityinvalid","test","4","suicide","singlestim","71","188182","369","â€šÃ³Ã¨","67","dotpositionleft","singlestim","72","188604","c","left","correct","1","","1","trialend","singlestim","73","189623"
"1883","Subject106","1","ecstaticecstatic","1","ecstatic","positionright","validityvalid","test","4","positive","singlestim","75","191632","272","â€šÃ³Ã¨","77","dotpositionright","singlestim","76","191957","m","right","correct","1","","1","trialend","singlestim","77","192975"
"2180","Subject106","1","passionatepassionate","1","passionate","positionleft","validityinvalid","test","4","positive","singlestim","79","194984","285","â€šÃ³Ã¨","77","dotpositionright","singlestim","80","195321","m","right","correct","1","","1","trialend","singlestim","81","196340"
"2477","Subject106","1","engineengine","1","engine","positionleft","validityvalid","test","4","neutral","singlestim","83","198349","330","â€šÃ³Ã¨","67","dotpositionleft","singlestim","84","198731","c","left","correct","1","","1","trialend","singlestim","85","199749"
"2774","Subject106","1","hanginghanging","1","hanging","positionleft","validityvalid","test","4","suicide","singlestim","87","201756","478","â€šÃ³Ã¨","67","dotpositionleft","singlestim","88","202286","c","left","correct","1","","1","trialend","singlestim","89","203297"
"3071","Subject106","1","structurestructure","1","structure","positionright","validityvalid","test","4","neutral","singlestim","91","205304","257","â€šÃ³Ã¨","77","dotpositionright","singlestim","92","205614","m","right","correct","1","","1","trialend","singlestim","93","206630"
"3368","Subject106","1","ashamedashamed","1","ashamed","positionright","validityinvalid","test","4","negative","singlestim","95","208636","355","â€šÃ³Ã¨","67","dotpositionleft","singlestim","96","209042","c","left","correct","1","","1","trialend","singlestim","97","210062"
"3665","Subject106","1","successsuccess","1","success","positionleft","validityvalid","test","4","positive","singlestim","99","212479","313","â€šÃ³Ã¨","67","dotpositionleft","singlestim","100","212844","c","left","correct","1","","1","trialend","singlestim","101","213860"
"3962","Subject106","1","wohlesswohless","1","wohless","positionright","validityvalid","test","4","negative","singlestim","103","215868","275","â€šÃ³Ã¨","77","dotpositionright","singlestim","104","216195","m","right","correct","1","","1","trialend","singlestim","105","217214"
"4259","Subject106","1","laughlaugh","1","laugh","positionright","validityvalid","test","4","positive","singlestim","107","219221","446","â€šÃ³Ã¨","77","dotpositionright","singlestim","108","219720","m","right","correct","1","","1","trialend","singlestim","109","220735"
"4556","Subject106","1","frameframe","1","frame","positionleft","validityinvalid","test","4","neutral","singlestim","111","222742","539","â€šÃ³Ã¨","77","dotpositionright","singlestim","112","223334","m","right","correct","1","","1","trialend","singlestim","113","224351"
"4853","Subject106","1","horsehorse","1","horse","positionleft","validityinvalid","test","2","neutral","singlestim","115","226356","335","â€šÃ³Ã¨","77","dotpositionright","singlestim","116","226743","m","right","correct","1","","1","trialend","singlestim","117","227757"
"5150","Subject106","1","paperpaper","1","paper","positionleft","validityvalid","test","2","neutral","singlestim","119","229763","317","â€šÃ³Ã¨","67","dotpositionleft","singlestim","120","230134","c","left","correct","1","","1","trialend","singlestim","121","231152"
"5447","Subject106","1","abuseabuse","1","abuse","positionright","validityvalid","test","2","negative","singlestim","123","233159","331","â€šÃ³Ã¨","77","dotpositionright","singlestim","124","233543","m","right","correct","1","","1","trialend","singlestim","125","234559"
"5744","Subject106","1","overdoseoverdose","1","overdose","positionright","validityinvalid","test","2","suicide","singlestim","127","236566","278","â€šÃ³Ã¨","67","dotpositionleft","singlestim","128","236897","c","left","correct","1","","1","trialend","singlestim","129","237912"
"6041","Subject106","1","braverybravery","1","bravery","positionleft","validityvalid","test","2","positive","singlestim","131","239919","287","â€šÃ³Ã¨","67","dotpositionleft","singlestim","132","240260","c","left","correct","1","","1","trialend","singlestim","133","241272"
"6338","Subject106","1","filthyfilthy","1","filthy","positionleft","validityinvalid","test","2","negative","singlestim","135","243279","295","â€šÃ³Ã¨","77","dotpositionright","singlestim","136","243627","m","right","correct","1","","1","trialend","singlestim","137","244642"
"6635","Subject106","1","enthusiasmenthusiasm","1","enthusiasm","positionright","validityvalid","test","2","positive","singlestim","139","246648","289","â€šÃ³Ã¨","77","dotpositionright","singlestim","140","246991","m","right","correct","1","","1","trialend","singlestim","141","248003"
"6932","Subject106","1","corpsecorpse","1","corpse","positionleft","validityvalid","test","2","suicide","singlestim","143","250008","286","â€šÃ³Ã¨","67","dotpositionleft","singlestim","144","250345","c","left","correct","1","","1","trialend","singlestim","145","251362"
"7229","Subject106","1","lovelove","1","love","positionright","validityinvalid","test","2","positive","singlestim","147","253370","282","â€šÃ³Ã¨","67","dotpositionleft","singlestim","148","253703","c","left","correct","1","","1","trialend","singlestim","149","254722"
"7526","Subject106","1","failurefailure","1","failure","positionleft","validityvalid","test","2","negative","singlestim","151","256730","261","â€šÃ³Ã¨","67","dotpositionleft","singlestim","152","257044","c","left","correct","1","","1","trialend","singlestim","153","258060"
"7823","Subject106","1","cruelcruel","1","cruel","positionright","validityvalid","test","2","negative","singlestim","155","260068","320","â€šÃ³Ã¨","77","dotpositionright","singlestim","156","260443","m","right","correct","1","","1","trialend","singlestim","157","261463"
"8120","Subject106","1","foamfoam","1","foam","positionright","validityvalid","test","2","neutral","singlestim","159","263472","291","â€šÃ³Ã¨","77","dotpositionright","singlestim","160","263815","m","right","correct","1","","1","trialend","singlestim","161","264831"
"8417","Subject106","1","deathdeath","1","death","positionright","validityvalid","test","2","suicide","singlestim","163","266841","338","â€šÃ³Ã¨","77","dotpositionright","singlestim","164","267232","m","right","correct","1","","1","trialend","singlestim","165","268249"
"8714","Subject106","1","noosenoose","1","noose","positionleft","validityvalid","test","2","suicide","singlestim","167","270256","472","â€šÃ³Ã¨","67","dotpositionleft","singlestim","168","270781","c","left","correct","1","","1","trialend","singlestim","169","271796"
"9011","Subject106","1","tabletable","1","table","positionright","validityvalid","test","2","neutral","singlestim","171","273805","311","â€šÃ³Ã¨","77","dotpositionright","singlestim","172","274168","m","right","correct","1","","1","trialend","singlestim","173","275185"
"9308","Subject106","1","pleasurepleasure","1","pleasure","positionleft","validityvalid","test","2","positive","singlestim","175","277194","260","â€šÃ³Ã¨","67","dotpositionleft","singlestim","176","277506","c","left","correct","1","","1","trialend","singlestim","177","278523"
"9605","Subject106","1","vomitvomit","1","vomit","positionleft","validityvalid","test","1","negative","singlestim","179","280530","305","â€šÃ³Ã¨","67","dotpositionleft","singlestim","180","280887","c","left","correct","1","","1","trialend","singlestim","181","281904"
"9902","Subject106","1","cheesecheese","1","cheese","positionright","validityvalid","test","1","neutral","singlestim","183","283908","382","â€šÃ³Ã¨","77","dotpositionright","singlestim","184","284344","m","right","correct","1","","1","trialend","singlestim","185","285360"
"10199","Subject106","1","cryingcrying","1","crying","positionright","validityvalid","test","1","negative","singlestim","187","287366","448","â€šÃ³Ã¨","77","dotpositionright","singlestim","188","287867","m","right","correct","1","","1","trialend","singlestim","189","288885"
"10496","Subject106","1","foldedfolded","1","folded","positionleft","validityvalid","test","1","neutral","singlestim","191","290891","328","â€šÃ³Ã¨","67","dotpositionleft","singlestim","192","291271","c","left","correct","1","","1","trialend","singlestim","193","292289"
"10793","Subject106","1","greatgreat","1","great","positionright","validityvalid","test","1","positive","singlestim","195","294299","335","â€šÃ³Ã¨","77","dotpositionright","singlestim","196","294689","m","right","correct","1","","1","trialend","singlestim","197","295702"
"11090","Subject106","1","healthyhealthy","1","healthy","positionleft","validityinvalid","test","1","positive","singlestim","199","297709","332","â€šÃ³Ã¨","77","dotpositionright","singlestim","200","298093","m","right","correct","1","","1","trialend","singlestim","201","299107"
"11387","Subject106","1","paradiseparadise","1","paradise","positionleft","validityvalid","test","1","positive","singlestim","203","301114","271","â€šÃ³Ã¨","67","dotpositionleft","singlestim","204","301438","c","left","correct","1","","1","trialend","singlestim","205","302452"
"11684","Subject106","1","gunshotgunshot","1","gunshot","positionright","validityvalid","test","1","suicide","singlestim","207","304460","298","â€šÃ³Ã¨","77","dotpositionright","singlestim","208","304814","m","right","correct","1","","1","trialend","singlestim","209","305827"
"11981","Subject106","1","suffocationsuffocation","1","suffocation","positionleft","validityinvalid","test","1","suicide","singlestim","211","307836","397","â€šÃ³Ã¨","77","dotpositionright","singlestim","212","308284","m","right","correct","1","","1","trialend","singlestim","213","309297"
"12278","Subject106","1","patheticpathetic","1","pathetic","positionleft","validityvalid","test","1","negative","singlestim","215","311301","305","â€šÃ³Ã¨","67","dotpositionleft","singlestim","216","311658","c","left","correct","1","","1","trialend","singlestim","217","312676"
"12575","Subject106","1","hatehate","1","hate","positionright","validityinvalid","test","1","negative","singlestim","219","314685","289","â€šÃ³Ã¨","67","dotpositionleft","singlestim","220","315025","c","left","correct","1","","1","trialend","singlestim","221","316041"
"12872","Subject106","1","bloodblood","1","blood","positionleft","validityvalid","test","1","suicide","singlestim","223","318046","555","â€šÃ³Ã¨","67","dotpositionleft","singlestim","224","318654","c","left","correct","1","","1","trialend","singlestim","225","319667"
"13169","Subject106","1","funeralfuneral","1","funeral","positionright","validityvalid","test","1","suicide","singlestim","227","321673","292","â€šÃ³Ã¨","77","dotpositionright","singlestim","228","322017","m","right","correct","1","","1","trialend","singlestim","229","323036"
"13466","Subject106","1","imageimage","1","image","positionleft","validityvalid","test","1","neutral","singlestim","231","325043","453","â€šÃ³Ã¨","67","dotpositionleft","singlestim","232","325548","c","left","correct","1","","1","trialend","singlestim","233","326565"
"13763","Subject106","1","statuestatue","1","statue","positionright","validityinvalid","test","1","neutral","singlestim","235","328572","300","â€šÃ³Ã¨","67","dotpositionleft","singlestim","236","328925","c","left","correct","1","","1","trialend","singlestim","237","329941"
"14060","Subject106","1","attractionattraction","1","attraction","positionright","validityvalid","test","1","positive","singlestim","239","331947","385","â€šÃ³Ã¨","77","dotpositionright","singlestim","240","332385","m","right","correct","1","","1","trialend","singlestim","241","333404"
"14357","Subject106","1","touretoure","1","toure","positionleft","validityvalid","test","3","negative","singlestim","243","335409","315","â€šÃ³Ã¨","67","dotpositionleft","singlestim","244","335776","c","left","correct","1","","1","trialend","singlestim","245","336794"
"14654","Subject106","1","kisskiss","1","kiss","positionright","validityinvalid","test","3","positive","singlestim","247","338800","439","â€šÃ³Ã¨","67","dotpositionleft","singlestim","248","339294","c","left","correct","1","","1","trialend","singlestim","249","340311"
"14951","Subject106","1","diedie","1","die","positionright","validityvalid","test","3","suicide","singlestim","251","342320","233","â€šÃ³Ã¨","77","dotpositionright","singlestim","252","342604","m","right","correct","1","","1","trialend","singlestim","253","343620"
"15248","Subject106","1","greengreen","1","green","positionright","validityvalid","test","3","neutral","singlestim","255","345628","405","â€šÃ³Ã¨","77","dotpositionright","singlestim","256","346084","m","right","correct","1","","1","trialend","singlestim","257","347100"
"15545","Subject106","1","bombbomb","1","bomb","positionright","validityvalid","test","3","negative","singlestim","259","349109","280","â€šÃ³Ã¨","77","dotpositionright","singlestim","260","349443","m","right","correct","1","","1","trialend","singlestim","261","350462"
"15842","Subject106","1","rejectedrejected","1","rejected","positionright","validityvalid","test","3","negative","singlestim","263","352471","312","â€šÃ³Ã¨","77","dotpositionright","singlestim","264","352836","m","right","correct","1","","1","trialend","singlestim","265","353854"
"16139","Subject106","1","dyingdying","1","dying","positionleft","validityvalid","test","3","suicide","singlestim","267","355866","372","â€šÃ³Ã¨","67","dotpositionleft","singlestim","268","356293","c","left","correct","1","","1","trialend","singlestim","269","357310"
"16436","Subject106","1","closetcloset","1","closet","positionright","validityinvalid","test","3","neutral","singlestim","271","359321","391","â€šÃ³Ã¨","67","dotpositionleft","singlestim","272","359769","c","left","correct","1","","1","trialend","singlestim","273","360787"
"16733","Subject106","1","happyhappy","1","happy","positionright","validityvalid","test","3","positive","singlestim","275","362793","304","â€šÃ³Ã¨","77","dotpositionright","singlestim","276","363152","m","right","correct","1","","1","trialend","singlestim","277","364166"
"17030","Subject106","1","strongstrong","1","strong","positionleft","validityvalid","test","3","positive","singlestim","279","366172","390","â€šÃ³Ã¨","67","dotpositionleft","singlestim","280","366614","c","left","correct","1","","1","trialend","singlestim","281","367632"
"17327","Subject106","1","museummuseum","1","museum","positionleft","validityvalid","test","3","neutral","singlestim","283","369640","469","â€šÃ³Ã¨","67","dotpositionleft","singlestim","284","370160","c","left","correct","1","","1","trialend","singlestim","285","371177"
"17624","Subject106","1","assaultassault","1","assault","positionleft","validityinvalid","test","3","negative","singlestim","287","373187","412","â€šÃ³Ã¨","77","dotpositionright","singlestim","288","373653","m","right","correct","1","","1","trialend","singlestim","289","374672"
"17921","Subject106","1","smilesmile","1","smile","positionleft","validityvalid","test","3","positive","singlestim","291","376683","299","â€šÃ³Ã¨","67","dotpositionleft","singlestim","292","377035","c","left","correct","1","","1","trialend","singlestim","293","378048"
"18218","Subject106","1","metermeter","1","meter","positionleft","validityvalid","test","3","neutral","singlestim","295","380053","321","â€šÃ³Ã¨","67","dotpositionleft","singlestim","296","380426","c","left","correct","1","","1","trialend","singlestim","297","381444"
"18515","Subject106","1","cuttingcutting","1","cutting","positionright","validityvalid","test","3","suicide","singlestim","299","383451","327","â€šÃ³Ã¨","77","dotpositionright","singlestim","300","383830","m","right","correct","1","","1","trialend","singlestim","301","384845"
"18812","Subject106","1","deaddead","1","dead","positionleft","validityinvalid","test","3","suicide","singlestim","303","386851","351","â€šÃ³Ã¨","77","dotpositionright","singlestim","304","387255","m","right","correct","1","","1","trialend","singlestim","305","388272"
