"","SubjectID","rt","stimulus","keypress","word","wordposition","validity","block","blocknum","wordtype","trialtype","trialindex","timeelapsed","rt.1","stimulus.1","keypress.1","dotposition","trialtype.1","trialindex.1","timeelapsed.1","keypressed","participantresponse","correctresponse","rt.2","stimulus.2","keypress.2","blocktrial","trialtype.2","trialindex.2","timeelapsed.2"
"38","Subject39","1","engineengine","1","engine","positionleft","validityvalid","test","4","neutral","singlestim","51","87906","374","â€šÃ³Ã¨","67","dotpositionleft","singlestim","52","88331","c","left","correct","1","","1","trialend","singlestim","53","89343"
"335","Subject39","1","laughlaugh","1","laugh","positionright","validityvalid","test","4","positive","singlestim","55","91345","363","â€šÃ³Ã¨","77","dotpositionright","singlestim","56","91760","m","right","correct","1","","1","trialend","singlestim","57","92772"
"632","Subject39","1","ecstaticecstatic","1","ecstatic","positionright","validityvalid","test","4","positive","singlestim","59","94775","401","â€šÃ³Ã¨","67","dotpositionright","singlestim","60","95229","c","left","incorrect","77","","77","trialend","singlestim","61","96242"
"929","Subject39","1","doubledouble","1","double","positionright","validityvalid","test","4","neutral","singlestim","63","98243","432","â€šÃ³Ã¨","77","dotpositionright","singlestim","64","98726","m","right","correct","1","","1","trialend","singlestim","65","99738"
"1226","Subject39","1","alonealone","1","alone","positionleft","validityvalid","test","4","negative","singlestim","67","101741","417","â€šÃ³Ã¨","67","dotpositionleft","singlestim","68","102210","c","left","correct","1","","1","trialend","singlestim","69","103222"
"1523","Subject39","1","wohlesswohless","1","wohless","positionright","validityvalid","test","4","negative","singlestim","71","105226","602","â€šÃ³Ã¨","77","dotpositionright","singlestim","72","105878","m","right","correct","1","","1","trialend","singlestim","73","106891"
"1820","Subject39","1","ashamedashamed","1","ashamed","positionright","validityinvalid","test","4","negative","singlestim","75","108894","306","â€šÃ³Ã¨","67","dotpositionleft","singlestim","76","109251","c","left","correct","1","","1","trialend","singlestim","77","110264"
"2117","Subject39","1","deceaseddeceased","1","deceased","positionright","validityvalid","test","4","suicide","singlestim","79","112267","302","â€šÃ³Ã¨","77","dotpositionright","singlestim","80","112621","m","right","correct","1","","1","trialend","singlestim","81","113635"
"2414","Subject39","1","hanginghanging","1","hanging","positionleft","validityvalid","test","4","suicide","singlestim","83","115636","348","â€šÃ³Ã¨","67","dotpositionleft","singlestim","84","116036","c","left","correct","1","","1","trialend","singlestim","85","117048"
"2711","Subject39","1","stupidstupid","1","stupid","positionleft","validityvalid","test","4","negative","singlestim","87","119052","411","â€šÃ³Ã¨","67","dotpositionleft","singlestim","88","119515","c","left","correct","1","","1","trialend","singlestim","89","120527"
"3008","Subject39","1","successsuccess","1","success","positionleft","validityvalid","test","4","positive","singlestim","91","122530","479","â€šÃ³Ã¨","67","dotpositionleft","singlestim","92","123061","c","left","correct","1","","1","trialend","singlestim","93","124074"
"3305","Subject39","1","suicidesuicide","1","suicide","positionright","validityinvalid","test","4","suicide","singlestim","95","126077","428","â€šÃ³Ã¨","67","dotpositionleft","singlestim","96","126556","c","left","correct","1","","1","trialend","singlestim","97","127567"
"3602","Subject39","1","structurestructure","1","structure","positionright","validityvalid","test","4","neutral","singlestim","99","129570","283","â€šÃ³Ã¨","77","dotpositionright","singlestim","100","129906","m","right","correct","1","","1","trialend","singlestim","101","130917"
"3899","Subject39","1","frameframe","1","frame","positionleft","validityinvalid","test","4","neutral","singlestim","103","132920","595","â€šÃ³Ã¨","77","dotpositionright","singlestim","104","133566","m","right","correct","1","","1","trialend","singlestim","105","134578"
"4196","Subject39","1","passionatepassionate","1","passionate","positionleft","validityinvalid","test","4","positive","singlestim","107","136583","341","â€šÃ³Ã¨","77","dotpositionright","singlestim","108","136975","m","right","correct","1","","1","trialend","singlestim","109","137988"
"4493","Subject39","1","killingkilling","1","killing","positionleft","validityvalid","test","4","suicide","singlestim","111","139992","377","â€šÃ³Ã¨","67","dotpositionleft","singlestim","112","140420","c","left","correct","1","","1","trialend","singlestim","113","141431"
"4790","Subject39","1","rejectedrejected","1","rejected","positionright","validityvalid","test","3","negative","singlestim","115","143434","303","â€šÃ³Ã¨","77","dotpositionright","singlestim","116","143789","m","right","correct","1","","1","trialend","singlestim","117","144800"
"5087","Subject39","1","strongstrong","1","strong","positionleft","validityvalid","test","3","positive","singlestim","119","146804","328","â€šÃ³Ã¨","67","dotpositionleft","singlestim","120","147183","c","left","correct","1","","1","trialend","singlestim","121","148195"
"5384","Subject39","1","diedie","1","die","positionright","validityvalid","test","3","suicide","singlestim","123","150197","321","â€šÃ³Ã¨","77","dotpositionright","singlestim","124","150570","m","right","correct","1","","1","trialend","singlestim","125","151582"
"5681","Subject39","1","happyhappy","1","happy","positionright","validityvalid","test","3","positive","singlestim","127","153586","367","â€šÃ³Ã¨","77","dotpositionright","singlestim","128","154005","m","right","correct","1","","1","trialend","singlestim","129","155017"
"5978","Subject39","1","smilesmile","1","smile","positionleft","validityvalid","test","3","positive","singlestim","131","157020","397","â€šÃ³Ã¨","67","dotpositionleft","singlestim","132","157467","c","left","correct","1","","1","trialend","singlestim","133","158480"
"6275","Subject39","1","greengreen","1","green","positionright","validityvalid","test","3","neutral","singlestim","135","160484","327","â€šÃ³Ã¨","77","dotpositionright","singlestim","136","160862","m","right","correct","1","","1","trialend","singlestim","137","161874"
"6572","Subject39","1","metermeter","1","meter","positionleft","validityvalid","test","3","neutral","singlestim","139","163878","372","â€šÃ³Ã¨","67","dotpositionleft","singlestim","140","164300","c","left","correct","1","","1","trialend","singlestim","141","165313"
"6869","Subject39","1","assaultassault","1","assault","positionleft","validityinvalid","test","3","negative","singlestim","143","167316","353","â€šÃ³Ã¨","77","dotpositionright","singlestim","144","167719","m","right","correct","1","","1","trialend","singlestim","145","168730"
"7166","Subject39","1","closetcloset","1","closet","positionright","validityinvalid","test","3","neutral","singlestim","147","170734","412","â€šÃ³Ã¨","67","dotpositionleft","singlestim","148","171197","c","left","correct","1","","1","trialend","singlestim","149","172211"
"7463","Subject39","1","museummuseum","1","museum","positionleft","validityvalid","test","3","neutral","singlestim","151","174214","586","â€šÃ³Ã¨","67","dotpositionleft","singlestim","152","174852","c","left","correct","1","","1","trialend","singlestim","153","175864"
"7760","Subject39","1","cuttingcutting","1","cutting","positionright","validityvalid","test","3","suicide","singlestim","155","177867","452","â€šÃ³Ã¨","77","dotpositionright","singlestim","156","178369","m","right","correct","1","","1","trialend","singlestim","157","179382"
"8057","Subject39","1","bombbomb","1","bomb","positionright","validityvalid","test","3","negative","singlestim","159","181385","397","â€šÃ³Ã¨","77","dotpositionright","singlestim","160","181833","m","right","correct","1","","1","trialend","singlestim","161","182845"
"8354","Subject39","1","dyingdying","1","dying","positionleft","validityvalid","test","3","suicide","singlestim","163","184848","356","â€šÃ³Ã¨","67","dotpositionleft","singlestim","164","185256","c","left","correct","1","","1","trialend","singlestim","165","186267"
"8651","Subject39","1","kisskiss","1","kiss","positionright","validityinvalid","test","3","positive","singlestim","167","188271","342","â€šÃ³Ã¨","67","dotpositionleft","singlestim","168","188664","c","left","correct","1","","1","trialend","singlestim","169","189676"
"8948","Subject39","1","deaddead","1","dead","positionleft","validityinvalid","test","3","suicide","singlestim","171","191680","343","â€šÃ³Ã¨","77","dotpositionright","singlestim","172","192074","m","right","correct","1","","1","trialend","singlestim","173","193086"
"9245","Subject39","1","touretoure","1","toure","positionleft","validityvalid","test","3","negative","singlestim","175","195089","368","â€šÃ³Ã¨","67","dotpositionleft","singlestim","176","195510","c","left","correct","1","","1","trialend","singlestim","177","196521"
"9542","Subject39","1","cryingcrying","1","crying","positionright","validityvalid","test","1","negative","singlestim","179","198525","274","â€šÃ³Ã¨","77","dotpositionright","singlestim","180","198851","m","right","correct","1","","1","trialend","singlestim","181","199863"
"9839","Subject39","1","healthyhealthy","1","healthy","positionleft","validityinvalid","test","1","positive","singlestim","183","201867","312","â€šÃ³Ã¨","77","dotpositionright","singlestim","184","202230","m","right","correct","1","","1","trialend","singlestim","185","203244"
"10136","Subject39","1","patheticpathetic","1","pathetic","positionleft","validityvalid","test","1","negative","singlestim","187","205246","420","â€šÃ³Ã¨","67","dotpositionleft","singlestim","188","205719","c","left","correct","1","","1","trialend","singlestim","189","206731"
"10433","Subject39","1","attractionattraction","1","attraction","positionright","validityvalid","test","1","positive","singlestim","191","208734","343","â€šÃ³Ã¨","77","dotpositionright","singlestim","192","209129","m","right","correct","1","","1","trialend","singlestim","193","210141"
"10730","Subject39","1","imageimage","1","image","positionleft","validityvalid","test","1","neutral","singlestim","195","212144","421","â€šÃ³Ã¨","67","dotpositionleft","singlestim","196","212616","c","left","correct","1","","1","trialend","singlestim","197","213629"
"11027","Subject39","1","bloodblood","1","blood","positionleft","validityvalid","test","1","suicide","singlestim","199","215631","275","â€šÃ³Ã¨","67","dotpositionleft","singlestim","200","215957","c","left","correct","1","","1","trialend","singlestim","201","216968"
"11324","Subject39","1","greatgreat","1","great","positionright","validityvalid","test","1","positive","singlestim","203","218972","244","â€šÃ³Ã¨","77","dotpositionright","singlestim","204","219267","m","right","correct","1","","1","trialend","singlestim","205","220279"
"11621","Subject39","1","foldedfolded","1","folded","positionleft","validityvalid","test","1","neutral","singlestim","207","222281","378","â€šÃ³Ã¨","67","dotpositionleft","singlestim","208","222710","c","left","correct","1","","1","trialend","singlestim","209","223722"
"11918","Subject39","1","cheesecheese","1","cheese","positionright","validityvalid","test","1","neutral","singlestim","211","225726","555","â€šÃ³Ã¨","77","dotpositionright","singlestim","212","226333","m","right","correct","1","","1","trialend","singlestim","213","227344"
"12215","Subject39","1","vomitvomit","1","vomit","positionleft","validityvalid","test","1","negative","singlestim","215","229347","358","â€šÃ³Ã¨","67","dotpositionleft","singlestim","216","229756","c","left","correct","1","","1","trialend","singlestim","217","230767"
"12512","Subject39","1","gunshotgunshot","1","gunshot","positionright","validityvalid","test","1","suicide","singlestim","219","232771","345","â€šÃ³Ã¨","77","dotpositionright","singlestim","220","233169","m","right","correct","1","","1","trialend","singlestim","221","234181"
"12809","Subject39","1","hatehate","1","hate","positionright","validityinvalid","test","1","negative","singlestim","223","236184","287","â€šÃ³Ã¨","67","dotpositionleft","singlestim","224","236523","c","left","correct","1","","1","trialend","singlestim","225","237535"
"13106","Subject39","1","suffocationsuffocation","1","suffocation","positionleft","validityinvalid","test","1","suicide","singlestim","227","239539","309","â€šÃ³Ã¨","77","dotpositionright","singlestim","228","239899","m","right","correct","1","","1","trialend","singlestim","229","240912"
"13403","Subject39","1","statuestatue","1","statue","positionright","validityinvalid","test","1","neutral","singlestim","231","242915","336","â€šÃ³Ã¨","67","dotpositionleft","singlestim","232","243303","c","left","correct","1","","1","trialend","singlestim","233","244314"
"13700","Subject39","1","funeralfuneral","1","funeral","positionright","validityvalid","test","1","suicide","singlestim","235","246317","283","â€šÃ³Ã¨","77","dotpositionright","singlestim","236","246651","m","right","correct","1","","1","trialend","singlestim","237","247663"
"13997","Subject39","1","paradiseparadise","1","paradise","positionleft","validityvalid","test","1","positive","singlestim","239","249666","591","â€šÃ³Ã¨","67","dotpositionleft","singlestim","240","250310","c","left","correct","1","","1","trialend","singlestim","241","251323"
"14294","Subject39","1","corpsecorpse","1","corpse","positionleft","validityvalid","test","2","suicide","singlestim","243","253326","400","â€šÃ³Ã¨","67","dotpositionleft","singlestim","244","253777","c","left","correct","1","","1","trialend","singlestim","245","254788"
"14591","Subject39","1","lovelove","1","love","positionright","validityinvalid","test","2","positive","singlestim","247","256791","289","â€šÃ³Ã¨","67","dotpositionleft","singlestim","248","257131","c","left","correct","1","","1","trialend","singlestim","249","258143"
"14888","Subject39","1","enthusiasmenthusiasm","1","enthusiasm","positionright","validityvalid","test","2","positive","singlestim","251","260146","422","â€šÃ³Ã¨","77","dotpositionright","singlestim","252","260619","m","right","correct","1","","1","trialend","singlestim","253","261631"
"15185","Subject39","1","braverybravery","1","bravery","positionleft","validityvalid","test","2","positive","singlestim","255","263633","373","â€šÃ³Ã¨","67","dotpositionleft","singlestim","256","264058","c","left","correct","1","","1","trialend","singlestim","257","265071"
"15482","Subject39","1","horsehorse","1","horse","positionleft","validityinvalid","test","2","neutral","singlestim","259","267073","332","â€šÃ³Ã¨","77","dotpositionright","singlestim","260","267456","m","right","correct","1","","1","trialend","singlestim","261","268468"
"15779","Subject39","1","abuseabuse","1","abuse","positionright","validityvalid","test","2","negative","singlestim","263","270471","448","â€šÃ³Ã¨","77","dotpositionright","singlestim","264","270970","m","right","correct","1","","1","trialend","singlestim","265","271983"
"16076","Subject39","1","failurefailure","1","failure","positionleft","validityvalid","test","2","negative","singlestim","267","273987","440","â€šÃ³Ã¨","67","dotpositionleft","singlestim","268","274478","c","left","correct","1","","1","trialend","singlestim","269","275490"
"16373","Subject39","1","foamfoam","1","foam","positionright","validityvalid","test","2","neutral","singlestim","271","277493","397","â€šÃ³Ã¨","77","dotpositionright","singlestim","272","277943","m","right","correct","1","","1","trialend","singlestim","273","278954"
"16670","Subject39","1","deathdeath","1","death","positionright","validityvalid","test","2","suicide","singlestim","275","280958","425","â€šÃ³Ã¨","77","dotpositionright","singlestim","276","281434","m","right","correct","1","","1","trialend","singlestim","277","282446"
"16967","Subject39","1","overdoseoverdose","1","overdose","positionright","validityinvalid","test","2","suicide","singlestim","279","284451","567","â€šÃ³Ã¨","67","dotpositionleft","singlestim","280","285068","c","left","correct","1","","1","trialend","singlestim","281","286081"
"17264","Subject39","1","cruelcruel","1","cruel","positionright","validityvalid","test","2","negative","singlestim","283","288084","461","â€šÃ³Ã¨","77","dotpositionright","singlestim","284","288596","m","right","correct","1","","1","trialend","singlestim","285","289607"
"17561","Subject39","1","pleasurepleasure","1","pleasure","positionleft","validityvalid","test","2","positive","singlestim","287","291610","436","â€šÃ³Ã¨","67","dotpositionleft","singlestim","288","292096","c","left","correct","1","","1","trialend","singlestim","289","293107"
"17858","Subject39","1","paperpaper","1","paper","positionleft","validityvalid","test","2","neutral","singlestim","291","295109","332","â€šÃ³Ã¨","67","dotpositionleft","singlestim","292","295494","c","left","correct","1","","1","trialend","singlestim","293","296505"
"18155","Subject39","1","noosenoose","1","noose","positionleft","validityvalid","test","2","suicide","singlestim","295","298508","380","â€šÃ³Ã¨","67","dotpositionleft","singlestim","296","298941","c","left","correct","1","","1","trialend","singlestim","297","299954"
"18452","Subject39","1","filthyfilthy","1","filthy","positionleft","validityinvalid","test","2","negative","singlestim","299","301958","322","â€šÃ³Ã¨","77","dotpositionright","singlestim","300","302331","m","right","correct","1","","1","trialend","singlestim","301","303343"
"18749","Subject39","1","tabletable","1","table","positionright","validityvalid","test","2","neutral","singlestim","303","305344","383","â€šÃ³Ã¨","77","dotpositionright","singlestim","304","305780","m","right","correct","1","","1","trialend","singlestim","305","306793"
