"","SubjectID","rt","stimulus","keypress","word","wordposition","validity","block","blocknum","wordtype","trialtype","trialindex","timeelapsed","rt.1","stimulus.1","keypress.1","dotposition","trialtype.1","trialindex.1","timeelapsed.1","keypressed","participantresponse","correctresponse","rt.2","stimulus.2","keypress.2","blocktrial","trialtype.2","trialindex.2","timeelapsed.2"
"179","Subject208","1","cryingcrying","1","crying","positionright","validityvalid","test","1","negative","singlestim","51","98221","411","â€šÃ³Ã¨","77","dotpositionright","singlestim","52","98685","m","right","correct","1","","1","trialend","singlestim","53","99703"
"476","Subject208","1","healthyhealthy","1","healthy","positionleft","validityinvalid","test","1","positive","singlestim","55","101712","362","â€šÃ³Ã¨","77","dotpositionright","singlestim","56","102128","m","right","correct","1","","1","trialend","singlestim","57","103145"
"773","Subject208","1","hatehate","1","hate","positionright","validityinvalid","test","1","negative","singlestim","59","105154","341","â€šÃ³Ã¨","67","dotpositionleft","singlestim","60","105548","c","left","correct","1","","1","trialend","singlestim","61","106564"
"1070","Subject208","1","funeralfuneral","1","funeral","positionright","validityvalid","test","1","suicide","singlestim","63","108572","392","â€šÃ³Ã¨","77","dotpositionright","singlestim","64","109019","m","right","correct","1","","1","trialend","singlestim","65","110034"
"1367","Subject208","1","suffocationsuffocation","1","suffocation","positionleft","validityinvalid","test","1","suicide","singlestim","67","112045","421","â€šÃ³Ã¨","77","dotpositionright","singlestim","68","112519","m","right","correct","1","","1","trialend","singlestim","69","113534"
"1664","Subject208","1","bloodblood","1","blood","positionleft","validityvalid","test","1","suicide","singlestim","71","115545","440","â€šÃ³Ã¨","67","dotpositionleft","singlestim","72","116037","c","left","correct","1","","1","trialend","singlestim","73","117052"
"1961","Subject208","1","attractionattraction","1","attraction","positionright","validityvalid","test","1","positive","singlestim","75","119061","410","â€šÃ³Ã¨","77","dotpositionright","singlestim","76","119525","m","right","correct","1","","1","trialend","singlestim","77","120540"
"2258","Subject208","1","paradiseparadise","1","paradise","positionleft","validityvalid","test","1","positive","singlestim","79","122549","358","â€šÃ³Ã¨","67","dotpositionleft","singlestim","80","122961","c","left","correct","1","","1","trialend","singlestim","81","123978"
"2555","Subject208","1","vomitvomit","1","vomit","positionleft","validityvalid","test","1","negative","singlestim","83","125986","354","â€šÃ³Ã¨","67","dotpositionleft","singlestim","84","126391","c","left","correct","1","","1","trialend","singlestim","85","127409"
"2852","Subject208","1","statuestatue","1","statue","positionright","validityinvalid","test","1","neutral","singlestim","87","129417","440","â€šÃ³Ã¨","67","dotpositionleft","singlestim","88","129909","c","left","correct","1","","1","trialend","singlestim","89","130924"
"3149","Subject208","1","patheticpathetic","1","pathetic","positionleft","validityvalid","test","1","negative","singlestim","91","132932","408","â€šÃ³Ã¨","67","dotpositionleft","singlestim","92","133394","c","left","correct","1","","1","trialend","singlestim","93","134412"
"3446","Subject208","1","cheesecheese","1","cheese","positionright","validityvalid","test","1","neutral","singlestim","95","136421","411","â€šÃ³Ã¨","77","dotpositionright","singlestim","96","136884","m","right","correct","1","","1","trialend","singlestim","97","137901"
"3743","Subject208","1","foldedfolded","1","folded","positionleft","validityvalid","test","1","neutral","singlestim","99","139909","402","â€šÃ³Ã¨","67","dotpositionleft","singlestim","100","140364","c","left","correct","1","","1","trialend","singlestim","101","141378"
"4040","Subject208","1","gunshotgunshot","1","gunshot","positionright","validityvalid","test","1","suicide","singlestim","103","143386","346","â€šÃ³Ã¨","77","dotpositionright","singlestim","104","143785","m","right","correct","1","","1","trialend","singlestim","105","144801"
"4337","Subject208","1","imageimage","1","image","positionleft","validityvalid","test","1","neutral","singlestim","107","146811","356","â€šÃ³Ã¨","67","dotpositionleft","singlestim","108","147220","c","left","correct","1","","1","trialend","singlestim","109","148236"
"4634","Subject208","1","greatgreat","1","great","positionright","validityvalid","test","1","positive","singlestim","111","150246","407","â€šÃ³Ã¨","77","dotpositionright","singlestim","112","150706","m","right","correct","1","","1","trialend","singlestim","113","151720"
"4931","Subject208","1","abuseabuse","1","abuse","positionright","validityvalid","test","2","negative","singlestim","115","153731","486","â€šÃ³Ã¨","77","dotpositionright","singlestim","116","154273","m","right","correct","1","","1","trialend","singlestim","117","155290"
"5228","Subject208","1","corpsecorpse","1","corpse","positionleft","validityvalid","test","2","suicide","singlestim","119","157301","333","â€šÃ³Ã¨","67","dotpositionleft","singlestim","120","157689","c","left","correct","1","","1","trialend","singlestim","121","158703"
"5525","Subject208","1","cruelcruel","1","cruel","positionright","validityvalid","test","2","negative","singlestim","123","160712","426","â€šÃ³Ã¨","77","dotpositionright","singlestim","124","161191","m","right","correct","1","","1","trialend","singlestim","125","162209"
"5822","Subject208","1","filthyfilthy","1","filthy","positionleft","validityinvalid","test","2","negative","singlestim","127","164219","386","â€šÃ³Ã¨","77","dotpositionright","singlestim","128","164658","m","right","correct","1","","1","trialend","singlestim","129","165674"
"6119","Subject208","1","enthusiasmenthusiasm","1","enthusiasm","positionright","validityvalid","test","2","positive","singlestim","131","167683","394","â€šÃ³Ã¨","77","dotpositionright","singlestim","132","168132","m","right","correct","1","","1","trialend","singlestim","133","169145"
"6416","Subject208","1","tabletable","1","table","positionright","validityvalid","test","2","neutral","singlestim","135","171154","370","â€šÃ³Ã¨","77","dotpositionright","singlestim","136","171576","m","right","correct","1","","1","trialend","singlestim","137","172593"
"6713","Subject208","1","horsehorse","1","horse","positionleft","validityinvalid","test","2","neutral","singlestim","139","174600","391","â€šÃ³Ã¨","77","dotpositionright","singlestim","140","175047","m","right","correct","1","","1","trialend","singlestim","141","176063"
"7010","Subject208","1","pleasurepleasure","1","pleasure","positionleft","validityvalid","test","2","positive","singlestim","143","178073","365","â€šÃ³Ã¨","67","dotpositionleft","singlestim","144","178493","c","left","correct","1","","1","trialend","singlestim","145","179506"
"7307","Subject208","1","overdoseoverdose","1","overdose","positionright","validityinvalid","test","2","suicide","singlestim","147","181515","472","â€šÃ³Ã¨","67","dotpositionleft","singlestim","148","182044","c","left","correct","1","","1","trialend","singlestim","149","183061"
"7604","Subject208","1","foamfoam","1","foam","positionright","validityvalid","test","2","neutral","singlestim","151","185066","433","â€šÃ³Ã¨","77","dotpositionright","singlestim","152","185551","m","right","correct","1","","1","trialend","singlestim","153","186566"
"7901","Subject208","1","deathdeath","1","death","positionright","validityvalid","test","2","suicide","singlestim","155","188569","364","â€šÃ³Ã¨","77","dotpositionright","singlestim","156","188989","m","right","correct","1","","1","trialend","singlestim","157","190005"
"8198","Subject208","1","braverybravery","1","bravery","positionleft","validityvalid","test","2","positive","singlestim","159","192016","390","â€šÃ³Ã¨","67","dotpositionleft","singlestim","160","192462","c","left","correct","1","","1","trialend","singlestim","161","193478"
"8495","Subject208","1","paperpaper","1","paper","positionleft","validityvalid","test","2","neutral","singlestim","163","195485","399","â€šÃ³Ã¨","67","dotpositionleft","singlestim","164","195937","c","left","correct","1","","1","trialend","singlestim","165","196955"
"8792","Subject208","1","failurefailure","1","failure","positionleft","validityvalid","test","2","negative","singlestim","167","198967","388","â€šÃ³Ã¨","67","dotpositionleft","singlestim","168","199409","c","left","correct","1","","1","trialend","singlestim","169","200424"
"9089","Subject208","1","noosenoose","1","noose","positionleft","validityvalid","test","2","suicide","singlestim","171","202432","363","â€šÃ³Ã¨","67","dotpositionleft","singlestim","172","202849","c","left","correct","1","","1","trialend","singlestim","173","203866"
"9386","Subject208","1","lovelove","1","love","positionright","validityinvalid","test","2","positive","singlestim","175","205874","410","â€šÃ³Ã¨","67","dotpositionleft","singlestim","176","206337","c","left","correct","1","","1","trialend","singlestim","177","207354"
"9683","Subject208","1","strongstrong","1","strong","positionleft","validityvalid","test","3","positive","singlestim","179","209364","395","â€šÃ³Ã¨","67","dotpositionleft","singlestim","180","209816","c","left","correct","1","","1","trialend","singlestim","181","210831"
"9980","Subject208","1","greengreen","1","green","positionright","validityvalid","test","3","neutral","singlestim","183","212839","439","â€šÃ³Ã¨","77","dotpositionright","singlestim","184","213330","m","right","correct","1","","1","trialend","singlestim","185","214348"
"10277","Subject208","1","kisskiss","1","kiss","positionright","validityinvalid","test","3","positive","singlestim","187","216356","450","â€šÃ³Ã¨","67","dotpositionleft","singlestim","188","216858","c","left","correct","1","","1","trialend","singlestim","189","217872"
"10574","Subject208","1","touretoure","1","toure","positionleft","validityvalid","test","3","negative","singlestim","191","219880","401","â€šÃ³Ã¨","67","dotpositionleft","singlestim","192","220335","c","left","correct","1","","1","trialend","singlestim","193","221353"
"10871","Subject208","1","assaultassault","1","assault","positionleft","validityinvalid","test","3","negative","singlestim","195","223364","388","â€šÃ³Ã¨","77","dotpositionright","singlestim","196","223809","m","right","correct","1","","1","trialend","singlestim","197","224824"
"11168","Subject208","1","dyingdying","1","dying","positionleft","validityvalid","test","3","suicide","singlestim","199","226833","340","â€šÃ³Ã¨","67","dotpositionleft","singlestim","200","227226","c","left","correct","1","","1","trialend","singlestim","201","228243"
"11465","Subject208","1","cuttingcutting","1","cutting","positionright","validityvalid","test","3","suicide","singlestim","203","230251","350","â€šÃ³Ã¨","77","dotpositionright","singlestim","204","230656","m","right","correct","1","","1","trialend","singlestim","205","231673"
"11762","Subject208","1","deaddead","1","dead","positionleft","validityinvalid","test","3","suicide","singlestim","207","233681","582","â€šÃ³Ã¨","77","dotpositionright","singlestim","208","234316","m","right","correct","1","","1","trialend","singlestim","209","235334"
"12059","Subject208","1","bombbomb","1","bomb","positionright","validityvalid","test","3","negative","singlestim","211","237343","360","â€šÃ³Ã¨","77","dotpositionright","singlestim","212","237758","m","right","correct","1","","1","trialend","singlestim","213","238772"
"12356","Subject208","1","smilesmile","1","smile","positionleft","validityvalid","test","3","positive","singlestim","215","240774","412","â€šÃ³Ã¨","67","dotpositionleft","singlestim","216","241241","c","left","correct","1","","1","trialend","singlestim","217","242256"
"12653","Subject208","1","happyhappy","1","happy","positionright","validityvalid","test","3","positive","singlestim","219","244266","363","â€šÃ³Ã¨","77","dotpositionright","singlestim","220","244683","m","right","correct","1","","1","trialend","singlestim","221","245698"
"12950","Subject208","1","metermeter","1","meter","positionleft","validityvalid","test","3","neutral","singlestim","223","247707","336","â€šÃ³Ã¨","67","dotpositionleft","singlestim","224","248098","c","left","correct","1","","1","trialend","singlestim","225","249114"
"13247","Subject208","1","diedie","1","die","positionright","validityvalid","test","3","suicide","singlestim","227","251123","505","â€šÃ³Ã¨","77","dotpositionright","singlestim","228","251683","m","right","correct","1","","1","trialend","singlestim","229","252696"
"13544","Subject208","1","museummuseum","1","museum","positionleft","validityvalid","test","3","neutral","singlestim","231","254704","356","â€šÃ³Ã¨","67","dotpositionleft","singlestim","232","255113","c","left","correct","1","","1","trialend","singlestim","233","256126"
"13841","Subject208","1","closetcloset","1","closet","positionright","validityinvalid","test","3","neutral","singlestim","235","258135","498","â€šÃ³Ã¨","67","dotpositionleft","singlestim","236","258688","c","left","correct","1","","1","trialend","singlestim","237","259707"
"14138","Subject208","1","rejectedrejected","1","rejected","positionright","validityvalid","test","3","negative","singlestim","239","261715","380","â€šÃ³Ã¨","77","dotpositionright","singlestim","240","262148","m","right","correct","1","","1","trialend","singlestim","241","263166"
"14435","Subject208","1","alonealone","1","alone","positionleft","validityvalid","test","4","negative","singlestim","243","265177","725","â€šÃ³Ã¨","67","dotpositionleft","singlestim","244","265959","c","left","correct","1","","1","trialend","singlestim","245","266974"
"14732","Subject208","1","doubledouble","1","double","positionright","validityvalid","test","4","neutral","singlestim","247","268982","327","â€šÃ³Ã¨","77","dotpositionright","singlestim","248","269362","m","right","correct","1","","1","trialend","singlestim","249","270378"
"15029","Subject208","1","laughlaugh","1","laugh","positionright","validityvalid","test","4","positive","singlestim","251","272389","368","â€šÃ³Ã¨","77","dotpositionright","singlestim","252","272814","m","right","correct","1","","1","trialend","singlestim","253","273829"
"15326","Subject208","1","wohlesswohless","1","wohless","positionright","validityvalid","test","4","negative","singlestim","255","275838","387","â€šÃ³Ã¨","77","dotpositionright","singlestim","256","276277","m","right","correct","1","","1","trialend","singlestim","257","277292"
"15623","Subject208","1","structurestructure","1","structure","positionright","validityvalid","test","4","neutral","singlestim","259","279304","420","â€šÃ³Ã¨","77","dotpositionright","singlestim","260","279781","m","right","correct","1","","1","trialend","singlestim","261","280800"
"15920","Subject208","1","ashamedashamed","1","ashamed","positionright","validityinvalid","test","4","negative","singlestim","263","282810","369","â€šÃ³Ã¨","67","dotpositionleft","singlestim","264","283235","c","left","correct","1","","1","trialend","singlestim","265","284248"
"16217","Subject208","1","ecstaticecstatic","1","ecstatic","positionright","validityvalid","test","4","positive","singlestim","267","286258","399","â€šÃ³Ã¨","77","dotpositionright","singlestim","268","286710","m","right","correct","1","","1","trialend","singlestim","269","287726"
"16514","Subject208","1","hanginghanging","1","hanging","positionleft","validityvalid","test","4","suicide","singlestim","271","289733","327","â€šÃ³Ã¨","67","dotpositionleft","singlestim","272","290113","c","left","correct","1","","1","trialend","singlestim","273","291126"
"16811","Subject208","1","engineengine","1","engine","positionleft","validityvalid","test","4","neutral","singlestim","275","293135","446","â€šÃ³Ã¨","67","dotpositionleft","singlestim","276","293635","c","left","correct","1","","1","trialend","singlestim","277","294650"
"17108","Subject208","1","suicidesuicide","1","suicide","positionright","validityinvalid","test","4","suicide","singlestim","279","296658","475","â€šÃ³Ã¨","67","dotpositionleft","singlestim","280","297185","c","left","correct","1","","1","trialend","singlestim","281","298202"
"17405","Subject208","1","frameframe","1","frame","positionleft","validityinvalid","test","4","neutral","singlestim","283","300210","663","â€šÃ³Ã¨","77","dotpositionright","singlestim","284","300925","m","right","correct","1","","1","trialend","singlestim","285","301942"
"17702","Subject208","1","killingkilling","1","killing","positionleft","validityvalid","test","4","suicide","singlestim","287","303954","371","â€šÃ³Ã¨","67","dotpositionleft","singlestim","288","304379","c","left","correct","1","","1","trialend","singlestim","289","305393"
"17999","Subject208","1","deceaseddeceased","1","deceased","positionright","validityvalid","test","4","suicide","singlestim","291","307400","727","â€šÃ³Ã¨","77","dotpositionright","singlestim","292","308180","m","right","correct","1","","1","trialend","singlestim","293","309194"
"18296","Subject208","1","successsuccess","1","success","positionleft","validityvalid","test","4","positive","singlestim","295","311202","337","â€šÃ³Ã¨","67","dotpositionleft","singlestim","296","311592","c","left","correct","1","","1","trialend","singlestim","297","312609"
"18593","Subject208","1","stupidstupid","1","stupid","positionleft","validityvalid","test","4","negative","singlestim","299","314617","324","â€šÃ³Ã¨","67","dotpositionleft","singlestim","300","314997","c","left","correct","1","","1","trialend","singlestim","301","316014"
"18890","Subject208","1","passionatepassionate","1","passionate","positionleft","validityinvalid","test","4","positive","singlestim","303","318022","573","â€šÃ³Ã¨","77","dotpositionright","singlestim","304","318647","m","right","correct","1","","1","trialend","singlestim","305","319664"
