"","SubjectID","rt","stimulus","keypress","word","wordposition","validity","block","blocknum","wordtype","trialtype","trialindex","timeelapsed","rt.1","stimulus.1","keypress.1","dotposition","trialtype.1","trialindex.1","timeelapsed.1","keypressed","participantresponse","correctresponse","rt.2","stimulus.2","keypress.2","blocktrial","trialtype.2","trialindex.2","timeelapsed.2"
"244","Subject277","1","greatgreat","1","great","positionright","validityvalid","test","1","positive","singlestim","51","78360","1294","â€šÃ³Ã¨","77","dotpositionright","singlestim","52","79708","m","right","correct","1","","1","trialend","singlestim","53","80722"
"541","Subject277","1","cheesecheese","1","cheese","positionright","validityvalid","test","1","neutral","singlestim","55","82730","674","â€šÃ³Ã¨","77","dotpositionright","singlestim","56","83458","m","right","correct","1","","1","trialend","singlestim","57","84470"
"838","Subject277","1","hatehate","1","hate","positionright","validityinvalid","test","1","negative","singlestim","59","86482","520","â€šÃ³Ã¨","67","dotpositionleft","singlestim","60","87060","c","left","correct","1","","1","trialend","singlestim","61","88082"
"1135","Subject277","1","vomitvomit","1","vomit","positionleft","validityvalid","test","1","negative","singlestim","63","90098","462","â€šÃ³Ã¨","67","dotpositionleft","singlestim","64","90616","c","left","correct","1","","1","trialend","singlestim","65","91634"
"1432","Subject277","1","statuestatue","1","statue","positionright","validityinvalid","test","1","neutral","singlestim","67","93644","476","â€šÃ³Ã¨","67","dotpositionleft","singlestim","68","94176","c","left","correct","1","","1","trialend","singlestim","69","95190"
"1729","Subject277","522","imageimage","67","image","positionleft","validityvalid","test","1","neutral","singlestim","71","97198","668","â€šÃ³Ã¨","67","dotpositionleft","singlestim","72","97920","c","left","correct","1","","1","trialend","singlestim","73","98938"
"2026","Subject277","1","cryingcrying","1","crying","positionright","validityvalid","test","1","negative","singlestim","75","100948","528","â€šÃ³Ã¨","77","dotpositionright","singlestim","76","101528","m","right","correct","1","","1","trialend","singlestim","77","102542"
"2323","Subject277","1","foldedfolded","1","folded","positionleft","validityvalid","test","1","neutral","singlestim","79","104550","504","â€šÃ³Ã¨","67","dotpositionleft","singlestim","80","105108","c","left","correct","1","","1","trialend","singlestim","81","106122"
"2620","Subject277","1","attractionattraction","1","attraction","positionright","validityvalid","test","1","positive","singlestim","83","108128","542","â€šÃ³Ã¨","77","dotpositionright","singlestim","84","108722","m","right","correct","1","","1","trialend","singlestim","85","109736"
"2917","Subject277","1","healthyhealthy","1","healthy","positionleft","validityinvalid","test","1","positive","singlestim","87","111744","494","â€šÃ³Ã¨","77","dotpositionright","singlestim","88","112292","m","right","correct","1","","1","trialend","singlestim","89","113306"
"3214","Subject277","1","suffocationsuffocation","1","suffocation","positionleft","validityinvalid","test","1","suicide","singlestim","91","115310","380","â€šÃ³Ã¨","77","dotpositionright","singlestim","92","115744","m","right","correct","762","","67","trialend","singlestim","93","116760"
"3511","Subject277","1","gunshotgunshot","1","gunshot","positionright","validityvalid","test","1","suicide","singlestim","95","118768","568","â€šÃ³Ã¨","77","dotpositionright","singlestim","96","119392","m","right","correct","1","","1","trialend","singlestim","97","120404"
"3808","Subject277","1","patheticpathetic","1","pathetic","positionleft","validityvalid","test","1","negative","singlestim","99","122408","694","â€šÃ³Ã¨","67","dotpositionleft","singlestim","100","123156","c","left","correct","1","","1","trialend","singlestim","101","124172"
"4105","Subject277","1","funeralfuneral","1","funeral","positionright","validityvalid","test","1","suicide","singlestim","103","126182","408","â€šÃ³Ã¨","77","dotpositionright","singlestim","104","126642","m","right","correct","1","","1","trialend","singlestim","105","127656"
"4402","Subject277","1","paradiseparadise","1","paradise","positionleft","validityvalid","test","1","positive","singlestim","107","129662","546","â€šÃ³Ã¨","67","dotpositionleft","singlestim","108","130262","c","left","correct","1","","1","trialend","singlestim","109","131278"
"4699","Subject277","1","bloodblood","1","blood","positionleft","validityvalid","test","1","suicide","singlestim","111","133290","586","â€šÃ³Ã¨","67","dotpositionleft","singlestim","112","133928","c","left","correct","1","","1","trialend","singlestim","113","134942"
"4996","Subject277","1","rejectedrejected","1","rejected","positionright","validityvalid","test","3","negative","singlestim","115","136952","570","â€šÃ³Ã¨","77","dotpositionright","singlestim","116","137576","m","right","correct","908","","67","trialend","singlestim","117","138592"
"5293","Subject277","1","cuttingcutting","1","cutting","positionright","validityvalid","test","3","suicide","singlestim","119","140596","1088","â€šÃ³Ã¨","77","dotpositionright","singlestim","120","141736","m","right","correct","1","","1","trialend","singlestim","121","142750"
"5590","Subject277","1","museummuseum","1","museum","positionleft","validityvalid","test","3","neutral","singlestim","123","144756","670","â€šÃ³Ã¨","67","dotpositionleft","singlestim","124","145480","c","left","correct","1","","1","trialend","singlestim","125","146494"
"5887","Subject277","1","metermeter","1","meter","positionleft","validityvalid","test","3","neutral","singlestim","127","148498","654","â€šÃ³Ã¨","67","dotpositionleft","singlestim","128","149208","c","left","correct","1","","1","trialend","singlestim","129","150222"
"6184","Subject277","1","happyhappy","1","happy","positionright","validityvalid","test","3","positive","singlestim","131","152230","546","â€šÃ³Ã¨","77","dotpositionright","singlestim","132","152830","m","right","correct","1","","1","trialend","singlestim","133","153846"
"6481","Subject277","1","smilesmile","1","smile","positionleft","validityvalid","test","3","positive","singlestim","135","155854","598","â€šÃ³Ã¨","67","dotpositionleft","singlestim","136","156510","c","left","correct","1","","1","trialend","singlestim","137","157522"
"6778","Subject277","1","assaultassault","1","assault","positionleft","validityinvalid","test","3","negative","singlestim","139","159524","614","â€šÃ³Ã¨","77","dotpositionright","singlestim","140","160194","m","right","correct","1","","1","trialend","singlestim","141","161212"
"7075","Subject277","1","diedie","1","die","positionright","validityvalid","test","3","suicide","singlestim","143","163222","608","â€šÃ³Ã¨","77","dotpositionright","singlestim","144","163886","m","right","correct","1","","1","trialend","singlestim","145","164900"
"7372","Subject277","1","bombbomb","1","bomb","positionright","validityvalid","test","3","negative","singlestim","147","166912","534","â€šÃ³Ã¨","77","dotpositionright","singlestim","148","167498","m","right","correct","1","","1","trialend","singlestim","149","168512"
"7669","Subject277","1","dyingdying","1","dying","positionleft","validityvalid","test","3","suicide","singlestim","151","170516","596","â€šÃ³Ã¨","67","dotpositionleft","singlestim","152","171168","c","left","correct","1","","1","trialend","singlestim","153","172184"
"7966","Subject277","1","strongstrong","1","strong","positionleft","validityvalid","test","3","positive","singlestim","155","174194","536","â€šÃ³Ã¨","67","dotpositionleft","singlestim","156","174786","c","left","correct","1","","1","trialend","singlestim","157","175800"
"8263","Subject277","1","closetcloset","1","closet","positionright","validityinvalid","test","3","neutral","singlestim","159","177806","490","â€šÃ³Ã¨","67","dotpositionleft","singlestim","160","178352","c","left","correct","1","","1","trialend","singlestim","161","179368"
"8560","Subject277","1","touretoure","1","toure","positionleft","validityvalid","test","3","negative","singlestim","163","181378","584","â€šÃ³Ã¨","67","dotpositionleft","singlestim","164","182016","c","left","correct","1","","1","trialend","singlestim","165","183032"
"8857","Subject277","1","greengreen","1","green","positionright","validityvalid","test","3","neutral","singlestim","167","185040","604","â€šÃ³Ã¨","77","dotpositionright","singlestim","168","185698","m","right","correct","1","","1","trialend","singlestim","169","186710"
"9154","Subject277","1","kisskiss","1","kiss","positionright","validityinvalid","test","3","positive","singlestim","171","188714","510","â€šÃ³Ã¨","67","dotpositionleft","singlestim","172","189280","c","left","correct","1","","1","trialend","singlestim","173","190292"
"9451","Subject277","1","deaddead","1","dead","positionleft","validityinvalid","test","3","suicide","singlestim","175","192304","418","â€šÃ³Ã¨","77","dotpositionright","singlestim","176","192776","m","right","correct","1","","1","trialend","singlestim","177","193792"
"9748","Subject277","1","lovelove","1","love","positionright","validityinvalid","test","2","positive","singlestim","179","195796","1022","â€šÃ³Ã¨","67","dotpositionleft","singlestim","180","196872","c","left","correct","1","","1","trialend","singlestim","181","197886"
"10045","Subject277","814","filthyfilthy","67","filthy","positionleft","validityinvalid","test","2","negative","singlestim","183","199894","514","â€šÃ³Ã¨","77","dotpositionright","singlestim","184","200462","m","right","correct","1","","1","trialend","singlestim","185","201482"
"10342","Subject277","1","braverybravery","1","bravery","positionleft","validityvalid","test","2","positive","singlestim","187","203494","636","â€šÃ³Ã¨","67","dotpositionleft","singlestim","188","204184","c","left","correct","1","","1","trialend","singlestim","189","205200"
"10639","Subject277","1","abuseabuse","1","abuse","positionright","validityvalid","test","2","negative","singlestim","191","207208","616","â€šÃ³Ã¨","77","dotpositionright","singlestim","192","207878","m","right","correct","1","","1","trialend","singlestim","193","208894"
"10936","Subject277","1","failurefailure","1","failure","positionleft","validityvalid","test","2","negative","singlestim","195","210900","594","â€šÃ³Ã¨","67","dotpositionleft","singlestim","196","211548","c","left","correct","1","","1","trialend","singlestim","197","212560"
"11233","Subject277","1","enthusiasmenthusiasm","1","enthusiasm","positionright","validityvalid","test","2","positive","singlestim","199","214564","822","â€šÃ³Ã¨","77","dotpositionright","singlestim","200","215440","m","right","correct","1","","1","trialend","singlestim","201","216454"
"11530","Subject277","1","overdoseoverdose","1","overdose","positionright","validityinvalid","test","2","suicide","singlestim","203","218462","464","â€šÃ³Ã¨","67","dotpositionleft","singlestim","204","218980","c","left","correct","1","","1","trialend","singlestim","205","220000"
"11827","Subject277","1","corpsecorpse","1","corpse","positionleft","validityvalid","test","2","suicide","singlestim","207","222008","552","â€šÃ³Ã¨","67","dotpositionleft","singlestim","208","222614","c","left","correct","1","","1","trialend","singlestim","209","223628"
"12124","Subject277","1","noosenoose","1","noose","positionleft","validityvalid","test","2","suicide","singlestim","211","225636","488","â€šÃ³Ã¨","67","dotpositionleft","singlestim","212","226182","c","left","correct","1","","1","trialend","singlestim","213","227198"
"12421","Subject277","1","horsehorse","1","horse","positionleft","validityinvalid","test","2","neutral","singlestim","215","229206","470","â€šÃ³Ã¨","77","dotpositionright","singlestim","216","229728","m","right","correct","1","","1","trialend","singlestim","217","230744"
"12718","Subject277","1","pleasurepleasure","1","pleasure","positionleft","validityvalid","test","2","positive","singlestim","219","232750","332","â€šÃ³Ã¨","67","dotpositionleft","singlestim","220","233136","c","left","correct","1","","1","trialend","singlestim","221","234156"
"13015","Subject277","1","deathdeath","1","death","positionright","validityvalid","test","2","suicide","singlestim","223","236168","378","â€šÃ³Ã¨","77","dotpositionright","singlestim","224","236600","m","right","correct","1","","1","trialend","singlestim","225","237618"
"13312","Subject277","1","cruelcruel","1","cruel","positionright","validityvalid","test","2","negative","singlestim","227","239624","554","â€šÃ³Ã¨","77","dotpositionright","singlestim","228","240232","m","right","correct","1","","1","trialend","singlestim","229","241246"
"13609","Subject277","1","tabletable","1","table","positionright","validityvalid","test","2","neutral","singlestim","231","243260","350","â€šÃ³Ã¨","77","dotpositionright","singlestim","232","243662","m","right","correct","1","","1","trialend","singlestim","233","244674"
"13906","Subject277","1","foamfoam","1","foam","positionright","validityvalid","test","2","neutral","singlestim","235","246680","488","â€šÃ³Ã¨","77","dotpositionright","singlestim","236","247222","m","right","correct","1","","1","trialend","singlestim","237","248238"
"14203","Subject277","460","paperpaper","67","paper","positionleft","validityvalid","test","2","neutral","singlestim","239","250242","530","â€šÃ³Ã¨","67","dotpositionleft","singlestim","240","250826","c","left","correct","1","","1","trialend","singlestim","241","251838"
"14500","Subject277","1","doubledouble","1","double","positionright","validityvalid","test","4","neutral","singlestim","243","253844","448","â€šÃ³Ã¨","77","dotpositionright","singlestim","244","254348","m","right","correct","1","","1","trialend","singlestim","245","255364"
"14797","Subject277","1","engineengine","1","engine","positionleft","validityvalid","test","4","neutral","singlestim","247","257372","394","â€šÃ³Ã¨","67","dotpositionleft","singlestim","248","257820","c","left","correct","1","","1","trialend","singlestim","249","258832"
"15094","Subject277","1","ecstaticecstatic","1","ecstatic","positionright","validityvalid","test","4","positive","singlestim","251","260836","398","â€šÃ³Ã¨","77","dotpositionright","singlestim","252","261290","m","right","correct","1","","1","trialend","singlestim","253","262304"
"15391","Subject277","1","laughlaugh","1","laugh","positionright","validityvalid","test","4","positive","singlestim","255","264316","562","â€šÃ³Ã¨","77","dotpositionright","singlestim","256","264932","m","right","correct","1","","1","trialend","singlestim","257","265944"
"15688","Subject277","1","stupidstupid","1","stupid","positionleft","validityvalid","test","4","negative","singlestim","259","267952","970","â€šÃ³Ã¨","67","dotpositionleft","singlestim","260","268980","c","left","correct","1","","1","trialend","singlestim","261","269994"
"15985","Subject277","1","alonealone","1","alone","positionleft","validityvalid","test","4","negative","singlestim","263","272000","1036","â€šÃ³Ã¨","67","dotpositionleft","singlestim","264","273090","c","left","correct","1","","1","trialend","singlestim","265","274102"
"16282","Subject277","1","suicidesuicide","1","suicide","positionright","validityinvalid","test","4","suicide","singlestim","267","276106","704","â€šÃ³Ã¨","77","dotpositionleft","singlestim","268","276862","m","right","incorrect","304","","67","trialend","singlestim","269","277876"
"16579","Subject277","1","frameframe","1","frame","positionleft","validityinvalid","test","4","neutral","singlestim","271","279882","964","â€šÃ³Ã¨","77","dotpositionright","singlestim","272","280902","m","right","correct","1","","1","trialend","singlestim","273","281916"
"16876","Subject277","1","successsuccess","1","success","positionleft","validityvalid","test","4","positive","singlestim","275","283920","1772","â€šÃ³Ã¨","67","dotpositionleft","singlestim","276","285744","c","left","correct","1","","1","trialend","singlestim","277","286758"
"17173","Subject277","1","deceaseddeceased","1","deceased","positionright","validityvalid","test","4","suicide","singlestim","279","288768","562","â€šÃ³Ã¨","77","dotpositionright","singlestim","280","289382","m","right","correct","1","","1","trialend","singlestim","281","290400"
"17470","Subject277","1","hanginghanging","1","hanging","positionleft","validityvalid","test","4","suicide","singlestim","283","292410","114","â€šÃ³Ã¨","67","dotpositionleft","singlestim","284","292580","c","left","correct","1","","1","trialend","singlestim","285","293598"
"17767","Subject277","1","structurestructure","1","structure","positionright","validityvalid","test","4","neutral","singlestim","287","295606","422","â€šÃ³Ã¨","77","dotpositionright","singlestim","288","296084","m","right","correct","1","","1","trialend","singlestim","289","297098"
"18064","Subject277","1","ashamedashamed","1","ashamed","positionright","validityinvalid","test","4","negative","singlestim","291","299100","420","â€šÃ³Ã¨","67","dotpositionleft","singlestim","292","299574","c","left","correct","1","","1","trialend","singlestim","293","300592"
"18361","Subject277","1","wohlesswohless","1","wohless","positionright","validityvalid","test","4","negative","singlestim","295","302602","738","â€šÃ³Ã¨","77","dotpositionright","singlestim","296","303392","m","right","correct","1","","1","trialend","singlestim","297","304406"
"18658","Subject277","1","killingkilling","1","killing","positionleft","validityvalid","test","4","suicide","singlestim","299","306414","550","â€šÃ³Ã¨","67","dotpositionleft","singlestim","300","307018","c","left","correct","1","","1","trialend","singlestim","301","308034"
"18955","Subject277","1","passionatepassionate","1","passionate","positionleft","validityinvalid","test","4","positive","singlestim","303","310038","796","â€šÃ³Ã¨","77","dotpositionright","singlestim","304","310886","m","right","correct","1","","1","trialend","singlestim","305","311898"
