"","SubjectID","rt","stimulus","keypress","word","wordposition","validity","block","blocknum","wordtype","trialtype","trialindex","timeelapsed","rt.1","stimulus.1","keypress.1","dotposition","trialtype.1","trialindex.1","timeelapsed.1","keypressed","participantresponse","correctresponse","rt.2","stimulus.2","keypress.2","blocktrial","trialtype.2","trialindex.2","timeelapsed.2"
"141","Subject148","1","doubledouble","1","double","positionright","validityvalid","test","4","neutral","singlestim","51","98709","232","â€šÃ³Ã¨","77","dotpositionright","singlestim","52","98995","m","right","correct","1","","1","trialend","singlestim","53","100011"
"438","Subject148","1","successsuccess","1","success","positionleft","validityvalid","test","4","positive","singlestim","55","102016","234","â€šÃ³Ã¨","67","dotpositionleft","singlestim","56","102304","c","left","correct","1","","1","trialend","singlestim","57","103319"
"735","Subject148","1","killingkilling","1","killing","positionleft","validityvalid","test","4","suicide","singlestim","59","105324","307","â€šÃ³Ã¨","67","dotpositionleft","singlestim","60","105686","c","left","correct","1","","1","trialend","singlestim","61","106700"
"1032","Subject148","1","structurestructure","1","structure","positionright","validityvalid","test","4","neutral","singlestim","63","108706","247","â€šÃ³Ã¨","77","dotpositionright","singlestim","64","109004","m","right","correct","1","","1","trialend","singlestim","65","110017"
"1329","Subject148","1","laughlaugh","1","laugh","positionright","validityvalid","test","4","positive","singlestim","67","112023","226","â€šÃ³Ã¨","77","dotpositionright","singlestim","68","112303","m","right","correct","1","","1","trialend","singlestim","69","113318"
"1626","Subject148","1","deceaseddeceased","1","deceased","positionright","validityvalid","test","4","suicide","singlestim","71","115324","241","â€šÃ³Ã¨","77","dotpositionright","singlestim","72","115617","m","right","correct","1","","1","trialend","singlestim","73","116631"
"1923","Subject148","1","suicidesuicide","1","suicide","positionright","validityinvalid","test","4","suicide","singlestim","75","118638","333","â€šÃ³Ã¨","67","dotpositionleft","singlestim","76","119024","c","left","correct","1","","1","trialend","singlestim","77","120040"
"2220","Subject148","1","wohlesswohless","1","wohless","positionright","validityvalid","test","4","negative","singlestim","79","122047","287","â€šÃ³Ã¨","77","dotpositionright","singlestim","80","122387","m","right","correct","1","","1","trialend","singlestim","81","123402"
"2517","Subject148","1","stupidstupid","1","stupid","positionleft","validityvalid","test","4","negative","singlestim","83","125408","281","â€šÃ³Ã¨","67","dotpositionleft","singlestim","84","125744","c","left","correct","1","","1","trialend","singlestim","85","126761"
"2814","Subject148","1","passionatepassionate","1","passionate","positionleft","validityinvalid","test","4","positive","singlestim","87","128768","316","â€šÃ³Ã¨","77","dotpositionright","singlestim","88","129138","m","right","correct","1","","1","trialend","singlestim","89","130152"
"3111","Subject148","1","alonealone","1","alone","positionleft","validityvalid","test","4","negative","singlestim","91","132158","321","â€šÃ³Ã¨","67","dotpositionleft","singlestim","92","132533","c","left","correct","1","","1","trialend","singlestim","93","133548"
"3408","Subject148","1","ecstaticecstatic","1","ecstatic","positionright","validityvalid","test","4","positive","singlestim","95","135556","222","â€šÃ³Ã¨","77","dotpositionright","singlestim","96","135832","m","right","correct","1","","1","trialend","singlestim","97","136847"
"3705","Subject148","1","engineengine","1","engine","positionleft","validityvalid","test","4","neutral","singlestim","99","138854","242","â€šÃ³Ã¨","67","dotpositionleft","singlestim","100","139149","c","left","correct","1","","1","trialend","singlestim","101","140164"
"4002","Subject148","1","hanginghanging","1","hanging","positionleft","validityvalid","test","4","suicide","singlestim","103","142173","241","â€šÃ³Ã¨","67","dotpositionleft","singlestim","104","142468","c","left","correct","1","","1","trialend","singlestim","105","143482"
"4299","Subject148","1","ashamedashamed","1","ashamed","positionright","validityinvalid","test","4","negative","singlestim","107","145489","204","â€šÃ³Ã¨","77","dotpositionleft","singlestim","108","145745","m","right","incorrect","146","","67","trialend","singlestim","109","146761"
"4596","Subject148","1","frameframe","1","frame","positionleft","validityinvalid","test","4","neutral","singlestim","111","148769","322","â€šÃ³Ã¨","77","dotpositionright","singlestim","112","149144","m","right","correct","1","","1","trialend","singlestim","113","150160"
"4893","Subject148","1","touretoure","1","toure","positionleft","validityvalid","test","3","negative","singlestim","115","152169","270","â€šÃ³Ã¨","67","dotpositionleft","singlestim","116","152491","c","left","correct","1","","1","trialend","singlestim","117","153506"
"5190","Subject148","1","metermeter","1","meter","positionleft","validityvalid","test","3","neutral","singlestim","119","155511","280","â€šÃ³Ã¨","67","dotpositionleft","singlestim","120","155845","c","left","correct","1","","1","trialend","singlestim","121","156859"
"5487","Subject148","1","dyingdying","1","dying","positionleft","validityvalid","test","3","suicide","singlestim","123","158866","242","â€šÃ³Ã¨","67","dotpositionleft","singlestim","124","159161","c","left","correct","1","","1","trialend","singlestim","125","160175"
"5784","Subject148","1","smilesmile","1","smile","positionleft","validityvalid","test","3","positive","singlestim","127","162180","477","â€šÃ³Ã¨","67","dotpositionleft","singlestim","128","162710","c","left","correct","1","","1","trialend","singlestim","129","163725"
"6081","Subject148","1","kisskiss","1","kiss","positionright","validityinvalid","test","3","positive","singlestim","131","165732","305","â€šÃ³Ã¨","67","dotpositionleft","singlestim","132","166091","c","left","correct","1","","1","trialend","singlestim","133","167106"
"6378","Subject148","1","museummuseum","1","museum","positionleft","validityvalid","test","3","neutral","singlestim","135","169113","339","â€šÃ³Ã¨","67","dotpositionleft","singlestim","136","169505","c","left","correct","1","","1","trialend","singlestim","137","170518"
"6675","Subject148","1","assaultassault","1","assault","positionleft","validityinvalid","test","3","negative","singlestim","139","172526","329","â€šÃ³Ã¨","77","dotpositionright","singlestim","140","172908","m","right","correct","1","","1","trialend","singlestim","141","173922"
"6972","Subject148","1","deaddead","1","dead","positionleft","validityinvalid","test","3","suicide","singlestim","143","175927","703","â€šÃ³Ã¨","77","dotpositionright","singlestim","144","176682","m","right","correct","1","","1","trialend","singlestim","145","177697"
"7269","Subject148","1","closetcloset","1","closet","positionright","validityinvalid","test","3","neutral","singlestim","147","179703","312","â€šÃ³Ã¨","67","dotpositionleft","singlestim","148","180067","c","left","correct","1","","1","trialend","singlestim","149","181082"
"7566","Subject148","1","strongstrong","1","strong","positionleft","validityvalid","test","3","positive","singlestim","151","183089","312","â€šÃ³Ã¨","67","dotpositionleft","singlestim","152","183455","c","left","correct","1","","1","trialend","singlestim","153","184469"
"7863","Subject148","1","bombbomb","1","bomb","positionright","validityvalid","test","3","negative","singlestim","155","186477","278","â€šÃ³Ã¨","77","dotpositionright","singlestim","156","186808","m","right","correct","1","","1","trialend","singlestim","157","187823"
"8160","Subject148","1","diedie","1","die","positionright","validityvalid","test","3","suicide","singlestim","159","189829","268","â€šÃ³Ã¨","77","dotpositionright","singlestim","160","190152","m","right","correct","1","","1","trialend","singlestim","161","191175"
"8457","Subject148","1","greengreen","1","green","positionright","validityvalid","test","3","neutral","singlestim","163","193183","239","â€šÃ³Ã¨","77","dotpositionright","singlestim","164","193477","m","right","correct","1","","1","trialend","singlestim","165","194491"
"8754","Subject148","1","rejectedrejected","1","rejected","positionright","validityvalid","test","3","negative","singlestim","167","196499","308","â€šÃ³Ã¨","77","dotpositionright","singlestim","168","196860","m","right","correct","1","","1","trialend","singlestim","169","197875"
"9051","Subject148","1","happyhappy","1","happy","positionright","validityvalid","test","3","positive","singlestim","171","199882","217","â€šÃ³Ã¨","77","dotpositionright","singlestim","172","200151","m","right","correct","1","","1","trialend","singlestim","173","201166"
"9348","Subject148","1","cuttingcutting","1","cutting","positionright","validityvalid","test","3","suicide","singlestim","175","203171","272","â€šÃ³Ã¨","77","dotpositionright","singlestim","176","203497","m","right","correct","1","","1","trialend","singlestim","177","204512"
"9645","Subject148","1","healthyhealthy","1","healthy","positionleft","validityinvalid","test","1","positive","singlestim","179","206517","241","â€šÃ³Ã¨","77","dotpositionright","singlestim","180","206811","m","right","correct","1","","1","trialend","singlestim","181","207824"
"9942","Subject148","1","vomitvomit","1","vomit","positionleft","validityvalid","test","1","negative","singlestim","183","209831","408","â€šÃ³Ã¨","67","dotpositionleft","singlestim","184","210292","c","left","correct","1","","1","trialend","singlestim","185","211307"
"10239","Subject148","1","greatgreat","1","great","positionright","validityvalid","test","1","positive","singlestim","187","213312","315","â€šÃ³Ã¨","77","dotpositionright","singlestim","188","213682","m","right","correct","1","","1","trialend","singlestim","189","214697"
"10536","Subject148","1","suffocationsuffocation","1","suffocation","positionleft","validityinvalid","test","1","suicide","singlestim","191","216704","315","â€šÃ³Ã¨","77","dotpositionright","singlestim","192","217071","m","right","correct","1","","1","trialend","singlestim","193","218086"
"10833","Subject148","1","gunshotgunshot","1","gunshot","positionright","validityvalid","test","1","suicide","singlestim","195","220093","339","â€šÃ³Ã¨","77","dotpositionright","singlestim","196","220486","m","right","correct","1","","1","trialend","singlestim","197","221501"
"11130","Subject148","1","paradiseparadise","1","paradise","positionleft","validityvalid","test","1","positive","singlestim","199","223507","271","â€šÃ³Ã¨","67","dotpositionleft","singlestim","200","223832","c","left","correct","1","","1","trialend","singlestim","201","224846"
"11427","Subject148","1","cryingcrying","1","crying","positionright","validityvalid","test","1","negative","singlestim","203","226854","203","â€šÃ³Ã¨","77","dotpositionright","singlestim","204","227109","m","right","correct","1","","1","trialend","singlestim","205","228122"
"11724","Subject148","1","attractionattraction","1","attraction","positionright","validityvalid","test","1","positive","singlestim","207","230130","267","â€šÃ³Ã¨","77","dotpositionright","singlestim","208","230449","m","right","correct","1","","1","trialend","singlestim","209","231464"
"12021","Subject148","1","bloodblood","1","blood","positionleft","validityvalid","test","1","suicide","singlestim","211","233471","237","â€šÃ³Ã¨","67","dotpositionleft","singlestim","212","233762","c","left","correct","1","","1","trialend","singlestim","213","234777"
"12318","Subject148","1","patheticpathetic","1","pathetic","positionleft","validityvalid","test","1","negative","singlestim","215","236782","340","â€šÃ³Ã¨","67","dotpositionleft","singlestim","216","237174","c","left","correct","1","","1","trialend","singlestim","217","238190"
"12615","Subject148","1","funeralfuneral","1","funeral","positionright","validityvalid","test","1","suicide","singlestim","219","240193","186","â€šÃ³Ã¨","77","dotpositionright","singlestim","220","240433","m","right","correct","1","","1","trialend","singlestim","221","241448"
"12912","Subject148","1","imageimage","1","image","positionleft","validityvalid","test","1","neutral","singlestim","223","243455","271","â€šÃ³Ã¨","67","dotpositionleft","singlestim","224","243779","c","left","correct","1","","1","trialend","singlestim","225","244794"
"13209","Subject148","1","foldedfolded","1","folded","positionleft","validityvalid","test","1","neutral","singlestim","227","246800","399","â€šÃ³Ã¨","67","dotpositionleft","singlestim","228","247252","c","left","correct","1","","1","trialend","singlestim","229","248267"
"13506","Subject148","1","cheesecheese","1","cheese","positionright","validityvalid","test","1","neutral","singlestim","231","250273","273","â€šÃ³Ã¨","77","dotpositionright","singlestim","232","250600","m","right","correct","1","","1","trialend","singlestim","233","251613"
"13803","Subject148","1","statuestatue","1","statue","positionright","validityinvalid","test","1","neutral","singlestim","235","253621","226","â€šÃ³Ã¨","77","dotpositionleft","singlestim","236","253899","m","right","incorrect","107","","67","trialend","singlestim","237","254913"
"14100","Subject148","1","hatehate","1","hate","positionright","validityinvalid","test","1","negative","singlestim","239","256918","273","â€šÃ³Ã¨","67","dotpositionleft","singlestim","240","257245","c","left","correct","1","","1","trialend","singlestim","241","258259"
"14397","Subject148","1","pleasurepleasure","1","pleasure","positionleft","validityvalid","test","2","positive","singlestim","243","260266","268","â€šÃ³Ã¨","67","dotpositionleft","singlestim","244","260585","c","left","correct","1","","1","trialend","singlestim","245","261601"
"14694","Subject148","1","failurefailure","1","failure","positionleft","validityvalid","test","2","negative","singlestim","247","263609","294","â€šÃ³Ã¨","67","dotpositionleft","singlestim","248","263955","c","left","correct","1","","1","trialend","singlestim","249","264969"
"14991","Subject148","1","noosenoose","1","noose","positionleft","validityvalid","test","2","suicide","singlestim","251","266976","355","â€šÃ³Ã¨","67","dotpositionleft","singlestim","252","267385","c","left","correct","1","","1","trialend","singlestim","253","268401"
"15288","Subject148","1","corpsecorpse","1","corpse","positionleft","validityvalid","test","2","suicide","singlestim","255","270407","314","â€šÃ³Ã¨","67","dotpositionleft","singlestim","256","270777","c","left","correct","1","","1","trialend","singlestim","257","271791"
"15585","Subject148","1","foamfoam","1","foam","positionright","validityvalid","test","2","neutral","singlestim","259","273799","210","â€šÃ³Ã¨","77","dotpositionright","singlestim","260","274060","m","right","correct","1","","1","trialend","singlestim","261","275075"
"15882","Subject148","1","cruelcruel","1","cruel","positionright","validityvalid","test","2","negative","singlestim","263","277083","239","â€šÃ³Ã¨","77","dotpositionright","singlestim","264","277377","m","right","correct","1","","1","trialend","singlestim","265","278391"
"16179","Subject148","1","paperpaper","1","paper","positionleft","validityvalid","test","2","neutral","singlestim","267","280397","238","â€šÃ³Ã¨","67","dotpositionleft","singlestim","268","280687","c","left","correct","1","","1","trialend","singlestim","269","281702"
"16476","Subject148","1","lovelove","1","love","positionright","validityinvalid","test","2","positive","singlestim","271","283709","313","â€šÃ³Ã¨","67","dotpositionleft","singlestim","272","284076","c","left","correct","1","","1","trialend","singlestim","273","285090"
"16773","Subject148","1","tabletable","1","table","positionright","validityvalid","test","2","neutral","singlestim","275","287096","314","â€šÃ³Ã¨","77","dotpositionright","singlestim","276","287463","m","right","correct","1","","1","trialend","singlestim","277","288478"
"17070","Subject148","1","enthusiasmenthusiasm","1","enthusiasm","positionright","validityvalid","test","2","positive","singlestim","279","290485","310","â€šÃ³Ã¨","77","dotpositionright","singlestim","280","290847","m","right","correct","1","","1","trialend","singlestim","281","291863"
"17367","Subject148","1","braverybravery","1","bravery","positionleft","validityvalid","test","2","positive","singlestim","283","293869","231","â€šÃ³Ã¨","67","dotpositionleft","singlestim","284","294154","c","left","correct","1","","1","trialend","singlestim","285","295170"
"17664","Subject148","1","overdoseoverdose","1","overdose","positionright","validityinvalid","test","2","suicide","singlestim","287","297178","458","â€šÃ³Ã¨","67","dotpositionleft","singlestim","288","297686","c","left","correct","1","","1","trialend","singlestim","289","298700"
"17961","Subject148","1","horsehorse","1","horse","positionleft","validityinvalid","test","2","neutral","singlestim","291","300706","257","â€šÃ³Ã¨","77","dotpositionright","singlestim","292","301017","m","right","correct","1","","1","trialend","singlestim","293","302034"
"18258","Subject148","1","deathdeath","1","death","positionright","validityvalid","test","2","suicide","singlestim","295","304038","249","â€šÃ³Ã¨","77","dotpositionright","singlestim","296","304340","m","right","correct","1","","1","trialend","singlestim","297","305353"
"18555","Subject148","1","abuseabuse","1","abuse","positionright","validityvalid","test","2","negative","singlestim","299","307358","243","â€šÃ³Ã¨","77","dotpositionright","singlestim","300","307655","m","right","correct","1","","1","trialend","singlestim","301","308670"
"18852","Subject148","1","filthyfilthy","1","filthy","positionleft","validityinvalid","test","2","negative","singlestim","303","310676","260","â€šÃ³Ã¨","67","dotpositionright","singlestim","304","310990","c","left","incorrect","21","","77","trialend","singlestim","305","312015"
