"","SubjectID","rt","stimulus","keypress","word","wordposition","validity","block","blocknum","wordtype","trialtype","trialindex","timeelapsed","rt.1","stimulus.1","keypress.1","dotposition","trialtype.1","trialindex.1","timeelapsed.1","keypressed","participantresponse","correctresponse","rt.2","stimulus.2","keypress.2","blocktrial","trialtype.2","trialindex.2","timeelapsed.2"
"138","Subject145","1","rejectedrejected","1","rejected","positionright","validityvalid","test","3","negative","singlestim","51","95193","368","â€šÃ³Ã¨","77","dotpositionright","singlestim","52","95613","m","right","correct","1","","1","trialend","singlestim","53","96625"
"435","Subject145","1","cuttingcutting","1","cutting","positionright","validityvalid","test","3","suicide","singlestim","55","98629","468","â€šÃ³Ã¨","77","dotpositionright","singlestim","56","99150","m","right","correct","1","","1","trialend","singlestim","57","100164"
"732","Subject145","1","metermeter","1","meter","positionleft","validityvalid","test","3","neutral","singlestim","59","102170","539","â€šÃ³Ã¨","67","dotpositionleft","singlestim","60","102761","c","left","correct","1","","1","trialend","singlestim","61","103773"
"1029","Subject145","1","strongstrong","1","strong","positionleft","validityvalid","test","3","positive","singlestim","63","105775","373","â€šÃ³Ã¨","67","dotpositionleft","singlestim","64","106200","c","left","correct","1","","1","trialend","singlestim","65","107213"
"1326","Subject145","1","deaddead","1","dead","positionleft","validityinvalid","test","3","suicide","singlestim","67","109216","321","â€šÃ³Ã¨","77","dotpositionright","singlestim","68","109589","m","right","correct","1","","1","trialend","singlestim","69","110602"
"1623","Subject145","1","assaultassault","1","assault","positionleft","validityinvalid","test","3","negative","singlestim","71","112608","346","â€šÃ³Ã¨","77","dotpositionright","singlestim","72","113005","m","right","correct","1","","1","trialend","singlestim","73","114019"
"1920","Subject145","1","greengreen","1","green","positionright","validityvalid","test","3","neutral","singlestim","75","116025","351","â€šÃ³Ã¨","77","dotpositionright","singlestim","76","116428","m","right","correct","1","","1","trialend","singlestim","77","117442"
"2217","Subject145","1","touretoure","1","toure","positionleft","validityvalid","test","3","negative","singlestim","79","119446","358","â€šÃ³Ã¨","67","dotpositionleft","singlestim","80","119856","c","left","correct","1","","1","trialend","singlestim","81","120868"
"2514","Subject145","373","smilesmile","67","smile","positionleft","validityvalid","test","3","positive","singlestim","83","122871","480","â€šÃ³Ã¨","67","dotpositionleft","singlestim","84","123403","c","left","correct","1","","1","trialend","singlestim","85","124416"
"2811","Subject145","1","happyhappy","1","happy","positionright","validityvalid","test","3","positive","singlestim","87","126421","311","â€šÃ³Ã¨","77","dotpositionright","singlestim","88","126784","m","right","correct","1","","1","trialend","singlestim","89","127796"
"3108","Subject145","1","diedie","1","die","positionright","validityvalid","test","3","suicide","singlestim","91","129802","441","â€šÃ³Ã¨","77","dotpositionright","singlestim","92","130296","m","right","correct","1","","1","trialend","singlestim","93","131309"
"3405","Subject145","1","closetcloset","1","closet","positionright","validityinvalid","test","3","neutral","singlestim","95","133314","441","â€šÃ³Ã¨","67","dotpositionleft","singlestim","96","133808","c","left","correct","1","","1","trialend","singlestim","97","134821"
"3702","Subject145","1","museummuseum","1","museum","positionleft","validityvalid","test","3","neutral","singlestim","99","136825","422","â€šÃ³Ã¨","67","dotpositionleft","singlestim","100","137298","c","left","correct","1","","1","trialend","singlestim","101","138311"
"3999","Subject145","1","kisskiss","1","kiss","positionright","validityinvalid","test","3","positive","singlestim","103","140316","378","â€šÃ³Ã¨","67","dotpositionleft","singlestim","104","140746","c","left","correct","1","","1","trialend","singlestim","105","141758"
"4296","Subject145","1","dyingdying","1","dying","positionleft","validityvalid","test","3","suicide","singlestim","107","143761","384","â€šÃ³Ã¨","67","dotpositionleft","singlestim","108","144198","c","left","correct","1","","1","trialend","singlestim","109","145209"
"4593","Subject145","1","bombbomb","1","bomb","positionright","validityvalid","test","3","negative","singlestim","111","147213","369","â€šÃ³Ã¨","77","dotpositionright","singlestim","112","147634","m","right","correct","1","","1","trialend","singlestim","113","148648"
"4890","Subject145","1","enthusiasmenthusiasm","1","enthusiasm","positionright","validityvalid","test","2","positive","singlestim","115","150652","365","â€šÃ³Ã¨","77","dotpositionright","singlestim","116","151069","m","right","correct","1","","1","trialend","singlestim","117","152083"
"5187","Subject145","1","deathdeath","1","death","positionright","validityvalid","test","2","suicide","singlestim","119","154088","312","â€šÃ³Ã¨","77","dotpositionright","singlestim","120","154453","m","right","correct","1","","1","trialend","singlestim","121","155465"
"5484","Subject145","1","horsehorse","1","horse","positionleft","validityinvalid","test","2","neutral","singlestim","123","157467","359","â€šÃ³Ã¨","77","dotpositionright","singlestim","124","157879","m","right","correct","1","","1","trialend","singlestim","125","158893"
"5781","Subject145","1","foamfoam","1","foam","positionright","validityvalid","test","2","neutral","singlestim","127","160897","372","â€šÃ³Ã¨","77","dotpositionright","singlestim","128","161322","m","right","correct","1","","1","trialend","singlestim","129","162334"
"6078","Subject145","1","failurefailure","1","failure","positionleft","validityvalid","test","2","negative","singlestim","131","164339","593","â€šÃ³Ã¨","67","dotpositionleft","singlestim","132","164984","c","left","correct","1","","1","trialend","singlestim","133","165999"
"6375","Subject145","1","corpsecorpse","1","corpse","positionleft","validityvalid","test","2","suicide","singlestim","135","168002","394","â€šÃ³Ã¨","67","dotpositionleft","singlestim","136","168447","c","left","correct","1","","1","trialend","singlestim","137","169461"
"6672","Subject145","1","tabletable","1","table","positionright","validityvalid","test","2","neutral","singlestim","139","171464","499","â€šÃ³Ã¨","77","dotpositionright","singlestim","140","172014","m","right","correct","1","","1","trialend","singlestim","141","173027"
"6969","Subject145","1","pleasurepleasure","1","pleasure","positionleft","validityvalid","test","2","positive","singlestim","143","175031","466","â€šÃ³Ã¨","67","dotpositionleft","singlestim","144","175551","c","left","correct","1","","1","trialend","singlestim","145","176564"
"7266","Subject145","1","filthyfilthy","1","filthy","positionleft","validityinvalid","test","2","negative","singlestim","147","178572","421","â€šÃ³Ã¨","67","dotpositionright","singlestim","148","179044","c","left","incorrect","31","","77","trialend","singlestim","149","180057"
"7563","Subject145","1","braverybravery","1","bravery","positionleft","validityvalid","test","2","positive","singlestim","151","182063","476","â€šÃ³Ã¨","67","dotpositionleft","singlestim","152","182590","c","left","correct","1","","1","trialend","singlestim","153","183604"
"7860","Subject145","1","cruelcruel","1","cruel","positionright","validityvalid","test","2","negative","singlestim","155","185609","467","â€šÃ³Ã¨","77","dotpositionright","singlestim","156","186127","m","right","correct","1","","1","trialend","singlestim","157","187141"
"8157","Subject145","1","overdoseoverdose","1","overdose","positionright","validityinvalid","test","2","suicide","singlestim","159","189147","370","â€šÃ³Ã¨","67","dotpositionleft","singlestim","160","189568","c","left","correct","1","","1","trialend","singlestim","161","190580"
"8454","Subject145","1","abuseabuse","1","abuse","positionright","validityvalid","test","2","negative","singlestim","163","192588","361","â€šÃ³Ã¨","77","dotpositionright","singlestim","164","193000","m","right","correct","1","","1","trialend","singlestim","165","194012"
"8751","Subject145","1","lovelove","1","love","positionright","validityinvalid","test","2","positive","singlestim","167","196016","704","â€šÃ³Ã¨","67","dotpositionleft","singlestim","168","196771","c","left","correct","1","","1","trialend","singlestim","169","197783"
"9048","Subject145","1","paperpaper","1","paper","positionleft","validityvalid","test","2","neutral","singlestim","171","199786","399","â€šÃ³Ã¨","67","dotpositionleft","singlestim","172","200236","c","left","correct","1","","1","trialend","singlestim","173","201248"
"9345","Subject145","1","noosenoose","1","noose","positionleft","validityvalid","test","2","suicide","singlestim","175","203252","318","â€šÃ³Ã¨","67","dotpositionleft","singlestim","176","203621","c","left","correct","1","","1","trialend","singlestim","177","204633"
"9642","Subject145","1","funeralfuneral","1","funeral","positionright","validityvalid","test","1","suicide","singlestim","179","206639","408","â€šÃ³Ã¨","77","dotpositionright","singlestim","180","207099","m","right","correct","1","","1","trialend","singlestim","181","208112"
"9939","Subject145","1","attractionattraction","1","attraction","positionright","validityvalid","test","1","positive","singlestim","183","210116","400","â€šÃ³Ã¨","77","dotpositionright","singlestim","184","210572","m","right","correct","1","","1","trialend","singlestim","185","211587"
"10236","Subject145","1","greatgreat","1","great","positionright","validityvalid","test","1","positive","singlestim","187","213590","469","â€šÃ³Ã¨","77","dotpositionright","singlestim","188","214111","m","right","correct","1","","1","trialend","singlestim","189","215123"
"10533","Subject145","1","bloodblood","1","blood","positionleft","validityvalid","test","1","suicide","singlestim","191","217129","324","â€šÃ³Ã¨","67","dotpositionleft","singlestim","192","217506","c","left","correct","1","","1","trialend","singlestim","193","218518"
"10830","Subject145","1","statuestatue","1","statue","positionright","validityinvalid","test","1","neutral","singlestim","195","220521","448","â€šÃ³Ã¨","67","dotpositionleft","singlestim","196","221021","c","left","correct","1","","1","trialend","singlestim","197","222037"
"11127","Subject145","1","healthyhealthy","1","healthy","positionleft","validityinvalid","test","1","positive","singlestim","199","224041","664","â€šÃ³Ã¨","77","dotpositionright","singlestim","200","224758","m","right","correct","1","","1","trialend","singlestim","201","225769"
"11424","Subject145","1","cheesecheese","1","cheese","positionright","validityvalid","test","1","neutral","singlestim","203","227772","570","â€šÃ³Ã¨","77","dotpositionright","singlestim","204","228393","m","right","correct","1","","1","trialend","singlestim","205","229407"
"11721","Subject145","1","cryingcrying","1","crying","positionright","validityvalid","test","1","negative","singlestim","207","231412","381","â€šÃ³Ã¨","77","dotpositionright","singlestim","208","231845","m","right","correct","1","","1","trialend","singlestim","209","232859"
"12018","Subject145","458","vomitvomit","67","vomit","positionleft","validityvalid","test","1","negative","singlestim","211","234863","425","â€šÃ³Ã¨","67","dotpositionleft","singlestim","212","235343","c","left","correct","1","","1","trialend","singlestim","213","236356"
"12315","Subject145","1","paradiseparadise","1","paradise","positionleft","validityvalid","test","1","positive","singlestim","215","238360","356","â€šÃ³Ã¨","67","dotpositionleft","singlestim","216","238768","c","left","correct","1","","1","trialend","singlestim","217","239780"
"12612","Subject145","1","patheticpathetic","1","pathetic","positionleft","validityvalid","test","1","negative","singlestim","219","241785","369","â€šÃ³Ã¨","67","dotpositionleft","singlestim","220","242206","c","left","correct","1","","1","trialend","singlestim","221","243219"
"12909","Subject145","1","gunshotgunshot","1","gunshot","positionright","validityvalid","test","1","suicide","singlestim","223","245222","431","â€šÃ³Ã¨","77","dotpositionright","singlestim","224","245705","m","right","correct","1","","1","trialend","singlestim","225","246718"
"13206","Subject145","1","imageimage","1","image","positionleft","validityvalid","test","1","neutral","singlestim","227","248721","336","â€šÃ³Ã¨","67","dotpositionleft","singlestim","228","249111","c","left","correct","1","","1","trialend","singlestim","229","250125"
"13503","Subject145","1","hatehate","1","hate","positionright","validityinvalid","test","1","negative","singlestim","231","252130","409","â€šÃ³Ã¨","67","dotpositionleft","singlestim","232","252593","c","left","correct","1","","1","trialend","singlestim","233","253606"
"13800","Subject145","1","suffocationsuffocation","1","suffocation","positionleft","validityinvalid","test","1","suicide","singlestim","235","255611","308","â€šÃ³Ã¨","77","dotpositionright","singlestim","236","255971","m","right","correct","1","","1","trialend","singlestim","237","256983"
"14097","Subject145","1","foldedfolded","1","folded","positionleft","validityvalid","test","1","neutral","singlestim","239","258986","408","â€šÃ³Ã¨","67","dotpositionleft","singlestim","240","259448","c","left","correct","1","","1","trialend","singlestim","241","260460"
"14394","Subject145","1","deceaseddeceased","1","deceased","positionright","validityvalid","test","4","suicide","singlestim","243","262463","486","â€šÃ³Ã¨","77","dotpositionright","singlestim","244","263001","m","right","correct","1","","1","trialend","singlestim","245","264012"
"14691","Subject145","1","ecstaticecstatic","1","ecstatic","positionright","validityvalid","test","4","positive","singlestim","247","266017","431","â€šÃ³Ã¨","77","dotpositionright","singlestim","248","266499","m","right","correct","1","","1","trialend","singlestim","249","267511"
"14988","Subject145","1","hanginghanging","1","hanging","positionleft","validityvalid","test","4","suicide","singlestim","251","269515","263","â€šÃ³Ã¨","67","dotpositionleft","singlestim","252","269830","c","left","correct","1","","1","trialend","singlestim","253","270843"
"15285","Subject145","1","alonealone","1","alone","positionleft","validityvalid","test","4","negative","singlestim","255","272846","465","â€šÃ³Ã¨","67","dotpositionleft","singlestim","256","273365","c","left","correct","1","","1","trialend","singlestim","257","274377"
"15582","Subject145","1","ashamedashamed","1","ashamed","positionright","validityinvalid","test","4","negative","singlestim","259","276381","653","â€šÃ³Ã¨","67","dotpositionleft","singlestim","260","277087","c","left","correct","1","","1","trialend","singlestim","261","278100"
"15879","Subject145","1","passionatepassionate","1","passionate","positionleft","validityinvalid","test","4","positive","singlestim","263","280106","429","â€šÃ³Ã¨","77","dotpositionright","singlestim","264","280587","m","right","correct","1","","1","trialend","singlestim","265","281599"
"16176","Subject145","1","wohlesswohless","1","wohless","positionright","validityvalid","test","4","negative","singlestim","267","283604","454","â€šÃ³Ã¨","77","dotpositionright","singlestim","268","284112","m","right","correct","1","","1","trialend","singlestim","269","285126"
"16473","Subject145","1","frameframe","1","frame","positionleft","validityinvalid","test","4","neutral","singlestim","271","287182","385","â€šÃ³Ã¨","77","dotpositionright","singlestim","272","287620","m","right","correct","1","","1","trialend","singlestim","273","288634"
"16770","Subject145","503","doubledouble","77","double","positionright","validityvalid","test","4","neutral","singlestim","275","290638","288","â€šÃ³Ã¨","77","dotpositionright","singlestim","276","290978","m","right","correct","1","","1","trialend","singlestim","277","291990"
"17067","Subject145","1","structurestructure","1","structure","positionright","validityvalid","test","4","neutral","singlestim","279","293992","356","â€šÃ³Ã¨","77","dotpositionright","singlestim","280","294402","m","right","correct","1","","1","trialend","singlestim","281","295416"
"17364","Subject145","1","killingkilling","1","killing","positionleft","validityvalid","test","4","suicide","singlestim","283","297423","444","â€šÃ³Ã¨","67","dotpositionleft","singlestim","284","297920","c","left","correct","1","","1","trialend","singlestim","285","298934"
"17661","Subject145","1","suicidesuicide","1","suicide","positionright","validityinvalid","test","4","suicide","singlestim","287","300940","378","â€šÃ³Ã¨","67","dotpositionleft","singlestim","288","301369","c","left","correct","1","","1","trialend","singlestim","289","302382"
"17958","Subject145","1","successsuccess","1","success","positionleft","validityvalid","test","4","positive","singlestim","291","304386","367","â€šÃ³Ã¨","67","dotpositionleft","singlestim","292","304809","c","left","correct","1","","1","trialend","singlestim","293","305822"
"18255","Subject145","1","laughlaugh","1","laugh","positionright","validityvalid","test","4","positive","singlestim","295","307827","332","â€šÃ³Ã¨","77","dotpositionright","singlestim","296","308210","m","right","correct","1","","1","trialend","singlestim","297","309222"
"18552","Subject145","1","engineengine","1","engine","positionleft","validityvalid","test","4","neutral","singlestim","299","311223","310","â€šÃ³Ã¨","67","dotpositionleft","singlestim","300","311588","c","left","correct","1","","1","trialend","singlestim","301","312600"
"18849","Subject145","1","stupidstupid","1","stupid","positionleft","validityvalid","test","4","negative","singlestim","303","314605","278","â€šÃ³Ã¨","67","dotpositionleft","singlestim","304","314938","c","left","correct","1","","1","trialend","singlestim","305","315951"
