"","SubjectID","rt","stimulus","keypress","word","wordposition","validity","block","blocknum","wordtype","trialtype","trialindex","timeelapsed","rt.1","stimulus.1","keypress.1","dotposition","trialtype.1","trialindex.1","timeelapsed.1","keypressed","participantresponse","correctresponse","rt.2","stimulus.2","keypress.2","blocktrial","trialtype.2","trialindex.2","timeelapsed.2"
"51","Subject52","1","ecstaticecstatic","1","ecstatic","positionright","validityvalid","test","4","positive","singlestim","51","95675","557","â€šÃ³Ã¨","77","dotpositionright","singlestim","52","96287","m","right","correct","1","","1","trialend","singlestim","53","97306"
"348","Subject52","1","structurestructure","1","structure","positionright","validityvalid","test","4","neutral","singlestim","55","99313","385","â€šÃ³Ã¨","77","dotpositionright","singlestim","56","99751","m","right","correct","1","","1","trialend","singlestim","57","100764"
"645","Subject52","1","passionatepassionate","1","passionate","positionleft","validityinvalid","test","4","positive","singlestim","59","102777","337","â€šÃ³Ã¨","77","dotpositionright","singlestim","60","103167","m","right","correct","1","","1","trialend","singlestim","61","104183"
"942","Subject52","1","hanginghanging","1","hanging","positionleft","validityvalid","test","4","suicide","singlestim","63","106192","506","â€šÃ³Ã¨","67","dotpositionleft","singlestim","64","106750","c","left","correct","1","","1","trialend","singlestim","65","107764"
"1239","Subject52","1","suicidesuicide","1","suicide","positionright","validityinvalid","test","4","suicide","singlestim","67","109772","485","â€šÃ³Ã¨","67","dotpositionleft","singlestim","68","110309","c","left","correct","1","","1","trialend","singlestim","69","111322"
"1536","Subject52","1","successsuccess","1","success","positionleft","validityvalid","test","4","positive","singlestim","71","113330","390","â€šÃ³Ã¨","67","dotpositionleft","singlestim","72","113773","c","left","correct","1","","1","trialend","singlestim","73","114788"
"1833","Subject52","1","ashamedashamed","1","ashamed","positionright","validityinvalid","test","4","negative","singlestim","75","116795","381","â€šÃ³Ã¨","67","dotpositionleft","singlestim","76","117229","c","left","correct","1","","1","trialend","singlestim","77","118246"
"2130","Subject52","1","doubledouble","1","double","positionright","validityvalid","test","4","neutral","singlestim","79","120255","481","â€šÃ³Ã¨","77","dotpositionright","singlestim","80","120788","m","right","correct","1","","1","trialend","singlestim","81","121803"
"2427","Subject52","1","killingkilling","1","killing","positionleft","validityvalid","test","4","suicide","singlestim","83","123811","397","â€šÃ³Ã¨","67","dotpositionleft","singlestim","84","124262","c","left","correct","1","","1","trialend","singlestim","85","125279"
"2724","Subject52","1","alonealone","1","alone","positionleft","validityvalid","test","4","negative","singlestim","87","127290","436","â€šÃ³Ã¨","67","dotpositionleft","singlestim","88","127778","c","left","correct","1","","1","trialend","singlestim","89","128793"
"3021","Subject52","1","engineengine","1","engine","positionleft","validityvalid","test","4","neutral","singlestim","91","130802","478","â€šÃ³Ã¨","67","dotpositionleft","singlestim","92","131333","c","left","correct","1","","1","trialend","singlestim","93","132351"
"3318","Subject52","1","laughlaugh","1","laugh","positionright","validityvalid","test","4","positive","singlestim","95","134359","424","â€šÃ³Ã¨","77","dotpositionright","singlestim","96","134836","m","right","correct","1","","1","trialend","singlestim","97","135850"
"3615","Subject52","1","wohlesswohless","1","wohless","positionright","validityvalid","test","4","negative","singlestim","99","137858","535","â€šÃ³Ã¨","77","dotpositionright","singlestim","100","138448","m","right","correct","1","","1","trialend","singlestim","101","139462"
"3912","Subject52","1","frameframe","1","frame","positionleft","validityinvalid","test","4","neutral","singlestim","103","141469","432","â€šÃ³Ã¨","77","dotpositionright","singlestim","104","141956","m","right","correct","1","","1","trialend","singlestim","105","142972"
"4209","Subject52","1","stupidstupid","1","stupid","positionleft","validityvalid","test","4","negative","singlestim","107","144981","371","â€šÃ³Ã¨","67","dotpositionleft","singlestim","108","145405","c","left","correct","1","","1","trialend","singlestim","109","146420"
"4506","Subject52","1","deceaseddeceased","1","deceased","positionright","validityvalid","test","4","suicide","singlestim","111","148428","423","â€šÃ³Ã¨","77","dotpositionright","singlestim","112","148904","m","right","correct","1","","1","trialend","singlestim","113","149920"
"4803","Subject52","1","rejectedrejected","1","rejected","positionright","validityvalid","test","3","negative","singlestim","115","151929","484","â€šÃ³Ã¨","77","dotpositionright","singlestim","116","152464","m","right","correct","1","","1","trialend","singlestim","117","153478"
"5100","Subject52","1","deaddead","1","dead","positionleft","validityinvalid","test","3","suicide","singlestim","119","155487","448","â€šÃ³Ã¨","77","dotpositionright","singlestim","120","155987","m","right","correct","1","","1","trialend","singlestim","121","157001"
"5397","Subject52","1","smilesmile","1","smile","positionleft","validityvalid","test","3","positive","singlestim","123","159009","615","â€šÃ³Ã¨","67","dotpositionleft","singlestim","124","159678","c","left","correct","1","","1","trialend","singlestim","125","160693"
"5694","Subject52","1","museummuseum","1","museum","positionleft","validityvalid","test","3","neutral","singlestim","127","162701","536","â€šÃ³Ã¨","67","dotpositionleft","singlestim","128","163289","c","left","correct","1","","1","trialend","singlestim","129","164303"
"5991","Subject52","1","strongstrong","1","strong","positionleft","validityvalid","test","3","positive","singlestim","131","166313","441","â€šÃ³Ã¨","67","dotpositionleft","singlestim","132","166805","c","left","correct","1","","1","trialend","singlestim","133","167820"
"6288","Subject52","1","happyhappy","1","happy","positionright","validityvalid","test","3","positive","singlestim","135","169829","461","â€šÃ³Ã¨","77","dotpositionright","singlestim","136","170341","m","right","correct","1","","1","trialend","singlestim","137","171355"
"6585","Subject52","1","metermeter","1","meter","positionleft","validityvalid","test","3","neutral","singlestim","139","173362","512","â€šÃ³Ã¨","67","dotpositionleft","singlestim","140","173928","c","left","correct","1","","1","trialend","singlestim","141","174942"
"6882","Subject52","1","assaultassault","1","assault","positionleft","validityinvalid","test","3","negative","singlestim","143","176950","452","â€šÃ³Ã¨","77","dotpositionright","singlestim","144","177454","m","right","correct","1","","1","trialend","singlestim","145","178471"
"7179","Subject52","1","dyingdying","1","dying","positionleft","validityvalid","test","3","suicide","singlestim","147","180479","472","â€šÃ³Ã¨","67","dotpositionleft","singlestim","148","181004","c","left","correct","1","","1","trialend","singlestim","149","182018"
"7476","Subject52","1","bombbomb","1","bomb","positionright","validityvalid","test","3","negative","singlestim","151","184025","418","â€šÃ³Ã¨","77","dotpositionright","singlestim","152","184498","m","right","correct","1","","1","trialend","singlestim","153","185511"
"7773","Subject52","1","kisskiss","1","kiss","positionright","validityinvalid","test","3","positive","singlestim","155","187519","443","â€šÃ³Ã¨","67","dotpositionleft","singlestim","156","188016","c","left","correct","1","","1","trialend","singlestim","157","189029"
"8070","Subject52","1","cuttingcutting","1","cutting","positionright","validityvalid","test","3","suicide","singlestim","159","191038","488","â€šÃ³Ã¨","77","dotpositionright","singlestim","160","191578","m","right","correct","1","","1","trialend","singlestim","161","192595"
"8367","Subject52","1","diedie","1","die","positionright","validityvalid","test","3","suicide","singlestim","163","194600","401","â€šÃ³Ã¨","77","dotpositionright","singlestim","164","195055","m","right","correct","1","","1","trialend","singlestim","165","196069"
"8664","Subject52","1","closetcloset","1","closet","positionright","validityinvalid","test","3","neutral","singlestim","167","198075","451","â€šÃ³Ã¨","67","dotpositionleft","singlestim","168","198580","c","left","correct","1","","1","trialend","singlestim","169","199595"
"8961","Subject52","1","greengreen","1","green","positionright","validityvalid","test","3","neutral","singlestim","171","201600","594","â€šÃ³Ã¨","77","dotpositionright","singlestim","172","202247","m","right","correct","1","","1","trialend","singlestim","173","203262"
"9258","Subject52","1","touretoure","1","toure","positionleft","validityvalid","test","3","negative","singlestim","175","205269","439","â€šÃ³Ã¨","67","dotpositionleft","singlestim","176","205760","c","left","correct","1","","1","trialend","singlestim","177","206772"
"9555","Subject52","1","attractionattraction","1","attraction","positionright","validityvalid","test","1","positive","singlestim","179","208780","499","â€šÃ³Ã¨","77","dotpositionright","singlestim","180","209332","m","right","correct","1","","1","trialend","singlestim","181","210347"
"9852","Subject52","1","imageimage","1","image","positionleft","validityvalid","test","1","neutral","singlestim","183","212355","411","â€šÃ³Ã¨","67","dotpositionleft","singlestim","184","212819","c","left","correct","1","","1","trialend","singlestim","185","213836"
"10149","Subject52","1","vomitvomit","1","vomit","positionleft","validityvalid","test","1","negative","singlestim","187","215846","460","â€šÃ³Ã¨","67","dotpositionleft","singlestim","188","216360","c","left","correct","1","","1","trialend","singlestim","189","217376"
"10446","Subject52","1","paradiseparadise","1","paradise","positionleft","validityvalid","test","1","positive","singlestim","191","219385","435","â€šÃ³Ã¨","67","dotpositionleft","singlestim","192","219873","c","left","correct","1","","1","trialend","singlestim","193","220887"
"10743","Subject52","1","healthyhealthy","1","healthy","positionleft","validityinvalid","test","1","positive","singlestim","195","222895","568","â€šÃ³Ã¨","77","dotpositionright","singlestim","196","223516","m","right","correct","1","","1","trialend","singlestim","197","224532"
"11040","Subject52","1","statuestatue","1","statue","positionright","validityinvalid","test","1","neutral","singlestim","199","226541","329","â€šÃ³Ã¨","67","dotpositionleft","singlestim","200","226924","c","left","correct","1","","1","trialend","singlestim","201","227940"
"11337","Subject52","1","gunshotgunshot","1","gunshot","positionright","validityvalid","test","1","suicide","singlestim","203","229948","696","â€šÃ³Ã¨","77","dotpositionright","singlestim","204","230696","m","right","correct","1","","1","trialend","singlestim","205","231712"
"11634","Subject52","1","hatehate","1","hate","positionright","validityinvalid","test","1","negative","singlestim","207","233721","488","â€šÃ³Ã¨","67","dotpositionleft","singlestim","208","234261","c","left","correct","1","","1","trialend","singlestim","209","235276"
"11931","Subject52","1","cryingcrying","1","crying","positionright","validityvalid","test","1","negative","singlestim","211","237284","371","â€šÃ³Ã¨","77","dotpositionright","singlestim","212","237709","m","right","correct","1","","1","trialend","singlestim","213","238724"
"12228","Subject52","1","patheticpathetic","1","pathetic","positionleft","validityvalid","test","1","negative","singlestim","215","240732","284","â€šÃ³Ã¨","67","dotpositionleft","singlestim","216","241069","c","left","correct","1","","1","trialend","singlestim","217","242084"
"12525","Subject52","1","bloodblood","1","blood","positionleft","validityvalid","test","1","suicide","singlestim","219","244095","334","â€šÃ³Ã¨","67","dotpositionleft","singlestim","220","244485","c","left","correct","1","","1","trialend","singlestim","221","245503"
"12822","Subject52","1","funeralfuneral","1","funeral","positionright","validityvalid","test","1","suicide","singlestim","223","247512","533","â€šÃ³Ã¨","77","dotpositionright","singlestim","224","248097","m","right","correct","1","","1","trialend","singlestim","225","249113"
"13119","Subject52","1","greatgreat","1","great","positionright","validityvalid","test","1","positive","singlestim","227","251122","366","â€šÃ³Ã¨","77","dotpositionright","singlestim","228","251541","m","right","correct","1","","1","trialend","singlestim","229","252555"
"13416","Subject52","1","suffocationsuffocation","1","suffocation","positionleft","validityinvalid","test","1","suicide","singlestim","231","254563","445","â€šÃ³Ã¨","77","dotpositionright","singlestim","232","255061","m","right","correct","1","","1","trialend","singlestim","233","256078"
"13713","Subject52","1","foldedfolded","1","folded","positionleft","validityvalid","test","1","neutral","singlestim","235","258087","405","â€šÃ³Ã¨","67","dotpositionleft","singlestim","236","258545","c","left","correct","1","","1","trialend","singlestim","237","259561"
"14010","Subject52","1","cheesecheese","1","cheese","positionright","validityvalid","test","1","neutral","singlestim","239","261569","458","â€šÃ³Ã¨","77","dotpositionright","singlestim","240","262079","m","right","correct","1","","1","trialend","singlestim","241","263095"
"14307","Subject52","1","cruelcruel","1","cruel","positionright","validityvalid","test","2","negative","singlestim","243","265104","431","â€šÃ³Ã¨","77","dotpositionright","singlestim","244","265587","m","right","correct","1","","1","trialend","singlestim","245","266602"
"14604","Subject52","1","failurefailure","1","failure","positionleft","validityvalid","test","2","negative","singlestim","247","268612","445","â€šÃ³Ã¨","67","dotpositionleft","singlestim","248","269112","c","left","correct","1","","1","trialend","singlestim","249","270127"
"14901","Subject52","1","abuseabuse","1","abuse","positionright","validityvalid","test","2","negative","singlestim","251","272138","509","â€šÃ³Ã¨","77","dotpositionright","singlestim","252","272701","m","right","correct","1","","1","trialend","singlestim","253","273715"
"15198","Subject52","1","braverybravery","1","bravery","positionleft","validityvalid","test","2","positive","singlestim","255","275726","414","â€šÃ³Ã¨","67","dotpositionleft","singlestim","256","276193","c","left","correct","1","","1","trialend","singlestim","257","277206"
"15495","Subject52","1","pleasurepleasure","1","pleasure","positionleft","validityvalid","test","2","positive","singlestim","259","279214","491","â€šÃ³Ã¨","67","dotpositionleft","singlestim","260","279757","c","left","correct","1","","1","trialend","singlestim","261","280769"
"15792","Subject52","1","lovelove","1","love","positionright","validityinvalid","test","2","positive","singlestim","263","282778","492","â€šÃ³Ã¨","67","dotpositionleft","singlestim","264","283323","c","left","correct","1","","1","trialend","singlestim","265","284339"
"16089","Subject52","1","enthusiasmenthusiasm","1","enthusiasm","positionright","validityvalid","test","2","positive","singlestim","267","286347","363","â€šÃ³Ã¨","77","dotpositionright","singlestim","268","286762","m","right","correct","1","","1","trialend","singlestim","269","287778"
"16386","Subject52","1","tabletable","1","table","positionright","validityvalid","test","2","neutral","singlestim","271","289783","339","â€šÃ³Ã¨","77","dotpositionright","singlestim","272","290178","m","right","correct","1","","1","trialend","singlestim","273","291194"
"16683","Subject52","1","noosenoose","1","noose","positionleft","validityvalid","test","2","suicide","singlestim","275","293202","493","â€šÃ³Ã¨","67","dotpositionleft","singlestim","276","293748","c","left","correct","1","","1","trialend","singlestim","277","294763"
"16980","Subject52","469","filthyfilthy","67","filthy","positionleft","validityinvalid","test","2","negative","singlestim","279","296771","356","â€šÃ³Ã¨","77","dotpositionright","singlestim","280","297181","m","right","correct","1","","1","trialend","singlestim","281","298194"
"17277","Subject52","1","paperpaper","1","paper","positionleft","validityvalid","test","2","neutral","singlestim","283","300202","437","â€šÃ³Ã¨","67","dotpositionleft","singlestim","284","300691","c","left","correct","1","","1","trialend","singlestim","285","301705"
"17574","Subject52","1","deathdeath","1","death","positionright","validityvalid","test","2","suicide","singlestim","287","303713","423","â€šÃ³Ã¨","77","dotpositionright","singlestim","288","304188","m","right","correct","1","","1","trialend","singlestim","289","305206"
"17871","Subject52","1","corpsecorpse","1","corpse","positionleft","validityvalid","test","2","suicide","singlestim","291","307213","590","â€šÃ³Ã¨","67","dotpositionleft","singlestim","292","307856","c","left","correct","1","","1","trialend","singlestim","293","308873"
"18168","Subject52","1","overdoseoverdose","1","overdose","positionright","validityinvalid","test","2","suicide","singlestim","295","310881","524","â€šÃ³Ã¨","67","dotpositionleft","singlestim","296","311457","c","left","correct","1","","1","trialend","singlestim","297","312472"
"18465","Subject52","1","foamfoam","1","foam","positionright","validityvalid","test","2","neutral","singlestim","299","314480","512","â€šÃ³Ã¨","77","dotpositionright","singlestim","300","315046","m","right","correct","1","","1","trialend","singlestim","301","316061"
"18762","Subject52","1","horsehorse","1","horse","positionleft","validityinvalid","test","2","neutral","singlestim","303","318067","531","â€šÃ³Ã¨","77","dotpositionright","singlestim","304","318650","m","right","correct","1","","1","trialend","singlestim","305","319663"
