"","SubjectID","rt","stimulus","keypress","word","wordposition","validity","block","blocknum","wordtype","trialtype","trialindex","timeelapsed","rt.1","stimulus.1","keypress.1","dotposition","trialtype.1","trialindex.1","timeelapsed.1","keypressed","participantresponse","correctresponse","rt.2","stimulus.2","keypress.2","blocktrial","trialtype.2","trialindex.2","timeelapsed.2"
"43","Subject44","1","healthyhealthy","1","healthy","positionleft","validityinvalid","test","1","positive","singlestim","51","51821","340","â€šÃ³Ã¨","77","dotpositionright","singlestim","52","52214","m","right","correct","1","","1","trialend","singlestim","53","53227"
"340","Subject44","1","greatgreat","1","great","positionright","validityvalid","test","1","positive","singlestim","55","55232","368","â€šÃ³Ã¨","77","dotpositionright","singlestim","56","55654","m","right","correct","1","","1","trialend","singlestim","57","56667"
"637","Subject44","1","imageimage","1","image","positionleft","validityvalid","test","1","neutral","singlestim","59","58670","376","â€šÃ³Ã¨","67","dotpositionleft","singlestim","60","59099","c","left","correct","1","","1","trialend","singlestim","61","60113"
"934","Subject44","1","gunshotgunshot","1","gunshot","positionright","validityvalid","test","1","suicide","singlestim","63","62118","325","â€šÃ³Ã¨","77","dotpositionright","singlestim","64","62495","m","right","correct","1","","1","trialend","singlestim","65","63509"
"1231","Subject44","1","statuestatue","1","statue","positionright","validityinvalid","test","1","neutral","singlestim","67","65515","585","â€šÃ³Ã¨","67","dotpositionleft","singlestim","68","66151","c","left","correct","1","","1","trialend","singlestim","69","67165"
"1528","Subject44","1","cryingcrying","1","crying","positionright","validityvalid","test","1","negative","singlestim","71","69169","341","â€šÃ³Ã¨","77","dotpositionright","singlestim","72","69562","m","right","correct","1","","1","trialend","singlestim","73","70573"
"1825","Subject44","1","funeralfuneral","1","funeral","positionright","validityvalid","test","1","suicide","singlestim","75","72578","473","â€šÃ³Ã¨","77","dotpositionright","singlestim","76","73101","m","right","correct","1","","1","trialend","singlestim","77","74114"
"2122","Subject44","1","bloodblood","1","blood","positionleft","validityvalid","test","1","suicide","singlestim","79","76120","780","â€šÃ³Ã¨","67","dotpositionleft","singlestim","80","76952","c","left","correct","1","","1","trialend","singlestim","81","77965"
"2419","Subject44","1","vomitvomit","1","vomit","positionleft","validityvalid","test","1","negative","singlestim","83","79971","484","â€šÃ³Ã¨","67","dotpositionleft","singlestim","84","80509","c","left","correct","1","","1","trialend","singlestim","85","81521"
"2716","Subject44","1","patheticpathetic","1","pathetic","positionleft","validityvalid","test","1","negative","singlestim","87","83526","461","â€šÃ³Ã¨","67","dotpositionleft","singlestim","88","84039","c","left","correct","1","","1","trialend","singlestim","89","85053"
"3013","Subject44","1","hatehate","1","hate","positionright","validityinvalid","test","1","negative","singlestim","91","87057","628","â€šÃ³Ã¨","67","dotpositionleft","singlestim","92","87737","c","left","correct","1","","1","trialend","singlestim","93","88749"
"3310","Subject44","1","paradiseparadise","1","paradise","positionleft","validityvalid","test","1","positive","singlestim","95","90752","374","â€šÃ³Ã¨","67","dotpositionleft","singlestim","96","91180","c","left","correct","1","","1","trialend","singlestim","97","92192"
"3607","Subject44","1","foldedfolded","1","folded","positionleft","validityvalid","test","1","neutral","singlestim","99","94197","326","â€šÃ³Ã¨","67","dotpositionleft","singlestim","100","94574","c","left","correct","1","","1","trialend","singlestim","101","95588"
"3904","Subject44","1","suffocationsuffocation","1","suffocation","positionleft","validityinvalid","test","1","suicide","singlestim","103","97594","838","â€šÃ³Ã¨","77","dotpositionright","singlestim","104","98482","m","right","correct","1","","1","trialend","singlestim","105","99495"
"4201","Subject44","1","cheesecheese","1","cheese","positionright","validityvalid","test","1","neutral","singlestim","107","101501","392","â€šÃ³Ã¨","77","dotpositionright","singlestim","108","101944","m","right","correct","1","","1","trialend","singlestim","109","102958"
"4498","Subject44","1","attractionattraction","1","attraction","positionright","validityvalid","test","1","positive","singlestim","111","104963","329","â€šÃ³Ã¨","77","dotpositionright","singlestim","112","105344","m","right","correct","1","","1","trialend","singlestim","113","106358"
"4795","Subject44","1","greengreen","1","green","positionright","validityvalid","test","3","neutral","singlestim","115","108361","766","â€šÃ³Ã¨","77","dotpositionright","singlestim","116","109179","m","right","correct","1","","1","trialend","singlestim","117","110192"
"5092","Subject44","1","metermeter","1","meter","positionleft","validityvalid","test","3","neutral","singlestim","119","112197","337","â€šÃ³Ã¨","67","dotpositionleft","singlestim","120","112585","c","left","correct","1","","1","trialend","singlestim","121","113596"
"5389","Subject44","1","bombbomb","1","bomb","positionright","validityvalid","test","3","negative","singlestim","123","115602","314","â€šÃ³Ã¨","77","dotpositionright","singlestim","124","115968","m","right","correct","1","","1","trialend","singlestim","125","116982"
"5686","Subject44","1","closetcloset","1","closet","positionright","validityinvalid","test","3","neutral","singlestim","127","118986","459","â€šÃ³Ã¨","67","dotpositionleft","singlestim","128","119496","c","left","correct","1","","1","trialend","singlestim","129","120509"
"5983","Subject44","1","assaultassault","1","assault","positionleft","validityinvalid","test","3","negative","singlestim","131","122513","304","â€šÃ³Ã¨","77","dotpositionright","singlestim","132","122870","m","right","correct","1","","1","trialend","singlestim","133","123881"
"6280","Subject44","1","strongstrong","1","strong","positionleft","validityvalid","test","3","positive","singlestim","135","125886","389","â€šÃ³Ã¨","67","dotpositionleft","singlestim","136","126326","c","left","correct","1","","1","trialend","singlestim","137","127341"
"6577","Subject44","1","deaddead","1","dead","positionleft","validityinvalid","test","3","suicide","singlestim","139","129345","874","â€šÃ³Ã¨","77","dotpositionright","singlestim","140","130270","m","right","correct","1","","1","trialend","singlestim","141","131284"
"6874","Subject44","1","museummuseum","1","museum","positionleft","validityvalid","test","3","neutral","singlestim","143","133288","395","â€šÃ³Ã¨","67","dotpositionleft","singlestim","144","133736","c","left","correct","1","","1","trialend","singlestim","145","134749"
"7171","Subject44","1","kisskiss","1","kiss","positionright","validityinvalid","test","3","positive","singlestim","147","136754","372","â€šÃ³Ã¨","67","dotpositionleft","singlestim","148","137178","c","left","correct","1","","1","trialend","singlestim","149","138191"
"7468","Subject44","1","touretoure","1","toure","positionleft","validityvalid","test","3","negative","singlestim","151","140195","759","â€šÃ³Ã¨","67","dotpositionleft","singlestim","152","141006","c","left","correct","1","","1","trialend","singlestim","153","142020"
"7765","Subject44","1","cuttingcutting","1","cutting","positionright","validityvalid","test","3","suicide","singlestim","155","144023","393","â€šÃ³Ã¨","77","dotpositionright","singlestim","156","144469","m","right","correct","1","","1","trialend","singlestim","157","145483"
"8062","Subject44","1","happyhappy","1","happy","positionright","validityvalid","test","3","positive","singlestim","159","147487","368","â€šÃ³Ã¨","77","dotpositionright","singlestim","160","147908","m","right","correct","1","","1","trialend","singlestim","161","148922"
"8359","Subject44","1","smilesmile","1","smile","positionleft","validityvalid","test","3","positive","singlestim","163","150927","738","â€šÃ³Ã¨","67","dotpositionleft","singlestim","164","151715","c","left","correct","1","","1","trialend","singlestim","165","152727"
"8656","Subject44","1","diedie","1","die","positionright","validityvalid","test","3","suicide","singlestim","167","154733","345","â€šÃ³Ã¨","77","dotpositionright","singlestim","168","155129","m","right","correct","1","","1","trialend","singlestim","169","156142"
"8953","Subject44","1","rejectedrejected","1","rejected","positionright","validityvalid","test","3","negative","singlestim","171","158147","426","â€šÃ³Ã¨","77","dotpositionright","singlestim","172","158624","m","right","correct","1","","1","trialend","singlestim","173","159638"
"9250","Subject44","1","dyingdying","1","dying","positionleft","validityvalid","test","3","suicide","singlestim","175","161642","802","â€šÃ³Ã¨","67","dotpositionleft","singlestim","176","162496","c","left","correct","1","","1","trialend","singlestim","177","163509"
"9547","Subject44","1","stupidstupid","1","stupid","positionleft","validityvalid","test","4","negative","singlestim","179","165514","371","â€šÃ³Ã¨","67","dotpositionleft","singlestim","180","165938","c","left","correct","1","","1","trialend","singlestim","181","166952"
"9844","Subject44","1","frameframe","1","frame","positionleft","validityinvalid","test","4","neutral","singlestim","183","168959","386","â€šÃ³Ã¨","77","dotpositionright","singlestim","184","169396","m","right","correct","1","","1","trialend","singlestim","185","170410"
"10141","Subject44","1","successsuccess","1","success","positionleft","validityvalid","test","4","positive","singlestim","187","172414","756","â€šÃ³Ã¨","67","dotpositionleft","singlestim","188","173222","c","left","correct","1","","1","trialend","singlestim","189","174234"
"10438","Subject44","1","engineengine","1","engine","positionleft","validityvalid","test","4","neutral","singlestim","191","176238","403","â€šÃ³Ã¨","67","dotpositionleft","singlestim","192","176694","c","left","correct","1","","1","trialend","singlestim","193","177707"
"10735","Subject44","1","killingkilling","1","killing","positionleft","validityvalid","test","4","suicide","singlestim","195","179711","337","â€šÃ³Ã¨","67","dotpositionleft","singlestim","196","180101","c","left","correct","1","","1","trialend","singlestim","197","181114"
"11032","Subject44","1","hanginghanging","1","hanging","positionleft","validityvalid","test","4","suicide","singlestim","199","183119","466","â€šÃ³Ã¨","67","dotpositionleft","singlestim","200","183636","c","left","correct","1","","1","trialend","singlestim","201","184650"
"11329","Subject44","1","ecstaticecstatic","1","ecstatic","positionright","validityvalid","test","4","positive","singlestim","203","186654","395","â€šÃ³Ã¨","77","dotpositionright","singlestim","204","187101","m","right","correct","1","","1","trialend","singlestim","205","188113"
"11626","Subject44","1","ashamedashamed","1","ashamed","positionright","validityinvalid","test","4","negative","singlestim","207","190118","275","â€šÃ³Ã¨","67","dotpositionleft","singlestim","208","190444","c","left","correct","1","","1","trialend","singlestim","209","191460"
"11923","Subject44","1","wohlesswohless","1","wohless","positionright","validityvalid","test","4","negative","singlestim","211","193463","401","â€šÃ³Ã¨","77","dotpositionright","singlestim","212","193916","m","right","correct","1","","1","trialend","singlestim","213","194932"
"12220","Subject44","1","laughlaugh","1","laugh","positionright","validityvalid","test","4","positive","singlestim","215","196938","411","â€šÃ³Ã¨","77","dotpositionright","singlestim","216","197401","m","right","correct","1","","1","trialend","singlestim","217","198416"
"12517","Subject44","1","doubledouble","1","double","positionright","validityvalid","test","4","neutral","singlestim","219","200420","351","â€šÃ³Ã¨","77","dotpositionright","singlestim","220","200824","m","right","correct","1","","1","trialend","singlestim","221","201837"
"12814","Subject44","1","passionatepassionate","1","passionate","positionleft","validityinvalid","test","4","positive","singlestim","223","203843","821","â€šÃ³Ã¨","77","dotpositionright","singlestim","224","204715","m","right","correct","1","","1","trialend","singlestim","225","205728"
"13111","Subject44","1","deceaseddeceased","1","deceased","positionright","validityvalid","test","4","suicide","singlestim","227","207733","407","â€šÃ³Ã¨","77","dotpositionright","singlestim","228","208194","m","right","correct","1","","1","trialend","singlestim","229","209205"
"13408","Subject44","1","alonealone","1","alone","positionleft","validityvalid","test","4","negative","singlestim","231","211211","337","â€šÃ³Ã¨","67","dotpositionleft","singlestim","232","211600","c","left","correct","1","","1","trialend","singlestim","233","212612"
"13705","Subject44","1","suicidesuicide","1","suicide","positionright","validityinvalid","test","4","suicide","singlestim","235","214617","856","â€šÃ³Ã¨","67","dotpositionleft","singlestim","236","215526","c","left","correct","1","","1","trialend","singlestim","237","216539"
"14002","Subject44","1","structurestructure","1","structure","positionright","validityvalid","test","4","neutral","singlestim","239","218544","347","â€šÃ³Ã¨","77","dotpositionright","singlestim","240","218943","m","right","correct","1","","1","trialend","singlestim","241","219958"
"14299","Subject44","1","braverybravery","1","bravery","positionleft","validityvalid","test","2","positive","singlestim","243","221962","307","â€šÃ³Ã¨","67","dotpositionleft","singlestim","244","222320","c","left","correct","1","","1","trialend","singlestim","245","223333"
"14596","Subject44","1","pleasurepleasure","1","pleasure","positionleft","validityvalid","test","2","positive","singlestim","247","225336","551","â€šÃ³Ã¨","67","dotpositionleft","singlestim","248","225940","c","left","correct","1","","1","trialend","singlestim","249","226954"
"14893","Subject44","1","corpsecorpse","1","corpse","positionleft","validityvalid","test","2","suicide","singlestim","251","228958","606","â€šÃ³Ã¨","67","dotpositionleft","singlestim","252","229616","c","left","correct","1","","1","trialend","singlestim","253","230631"
"15190","Subject44","1","abuseabuse","1","abuse","positionright","validityvalid","test","2","negative","singlestim","255","232635","386","â€šÃ³Ã¨","77","dotpositionright","singlestim","256","233073","m","right","correct","1","","1","trialend","singlestim","257","234088"
"15487","Subject44","1","tabletable","1","table","positionright","validityvalid","test","2","neutral","singlestim","259","236093","654","â€šÃ³Ã¨","77","dotpositionright","singlestim","260","236798","m","right","correct","1","","1","trialend","singlestim","261","237812"
"15784","Subject44","1","paperpaper","1","paper","positionleft","validityvalid","test","2","neutral","singlestim","263","239817","382","â€šÃ³Ã¨","67","dotpositionleft","singlestim","264","240252","c","left","correct","1","","1","trialend","singlestim","265","241266"
"16081","Subject44","1","enthusiasmenthusiasm","1","enthusiasm","positionright","validityvalid","test","2","positive","singlestim","267","243271","409","â€šÃ³Ã¨","77","dotpositionright","singlestim","268","243733","m","right","correct","1","","1","trialend","singlestim","269","244747"
"16378","Subject44","1","cruelcruel","1","cruel","positionright","validityvalid","test","2","negative","singlestim","271","246750","743","â€šÃ³Ã¨","77","dotpositionright","singlestim","272","247545","m","right","correct","1","","1","trialend","singlestim","273","248559"
"16675","Subject44","1","horsehorse","1","horse","positionleft","validityinvalid","test","2","neutral","singlestim","275","250566","512","â€šÃ³Ã¨","77","dotpositionright","singlestim","276","251130","m","right","correct","1","","1","trialend","singlestim","277","252146"
"16972","Subject44","1","foamfoam","1","foam","positionright","validityvalid","test","2","neutral","singlestim","279","254150","472","â€šÃ³Ã¨","77","dotpositionright","singlestim","280","254675","m","right","correct","1","","1","trialend","singlestim","281","255690"
"17269","Subject44","1","failurefailure","1","failure","positionleft","validityvalid","test","2","negative","singlestim","283","257694","565","â€šÃ³Ã¨","67","dotpositionleft","singlestim","284","258311","c","left","correct","1","","1","trialend","singlestim","285","259324"
"17566","Subject44","1","lovelove","1","love","positionright","validityinvalid","test","2","positive","singlestim","287","261329","368","â€šÃ³Ã¨","67","dotpositionleft","singlestim","288","261751","c","left","correct","1","","1","trialend","singlestim","289","262763"
"17863","Subject44","1","filthyfilthy","1","filthy","positionleft","validityinvalid","test","2","negative","singlestim","291","264769","413","â€šÃ³Ã¨","77","dotpositionright","singlestim","292","265234","m","right","correct","1","","1","trialend","singlestim","293","266246"
"18160","Subject44","1","noosenoose","1","noose","positionleft","validityvalid","test","2","suicide","singlestim","295","268249","944","â€šÃ³Ã¨","67","dotpositionleft","singlestim","296","269245","c","left","correct","1","","1","trialend","singlestim","297","270258"
"18457","Subject44","1","overdoseoverdose","1","overdose","positionright","validityinvalid","test","2","suicide","singlestim","299","272264","375","â€šÃ³Ã¨","67","dotpositionleft","singlestim","300","272691","c","left","correct","1","","1","trialend","singlestim","301","273704"
"18754","Subject44","1","deathdeath","1","death","positionright","validityvalid","test","2","suicide","singlestim","303","275710","410","â€šÃ³Ã¨","77","dotpositionright","singlestim","304","276172","m","right","correct","1","","1","trialend","singlestim","305","277185"
