"","SubjectID","rt","stimulus","keypress","word","wordposition","validity","block","blocknum","wordtype","trialtype","trialindex","timeelapsed","rt.1","stimulus.1","keypress.1","dotposition","trialtype.1","trialindex.1","timeelapsed.1","keypressed","participantresponse","correctresponse","rt.2","stimulus.2","keypress.2","blocktrial","trialtype.2","trialindex.2","timeelapsed.2"
"23","Subject24","1","killingkilling","1","killing","positionleft","validityvalid","test","4","suicide","singlestim","51","96730","324","â€šÃ³Ã¨","67","dotpositionleft","singlestim","52","97106","c","left","correct","1","","1","trialend","singlestim","53","98123"
"320","Subject24","1","frameframe","1","frame","positionleft","validityinvalid","test","4","neutral","singlestim","55","100132","377","â€šÃ³Ã¨","77","dotpositionright","singlestim","56","100564","m","right","correct","1","","1","trialend","singlestim","57","101577"
"617","Subject24","1","ecstaticecstatic","1","ecstatic","positionright","validityvalid","test","4","positive","singlestim","59","103588","364","â€šÃ³Ã¨","77","dotpositionright","singlestim","60","104008","m","right","correct","1","","1","trialend","singlestim","61","105025"
"914","Subject24","1","ashamedashamed","1","ashamed","positionright","validityinvalid","test","4","negative","singlestim","63","107033","352","â€šÃ³Ã¨","67","dotpositionleft","singlestim","64","107441","c","left","correct","1","","1","trialend","singlestim","65","108455"
"1211","Subject24","1","laughlaugh","1","laugh","positionright","validityvalid","test","4","positive","singlestim","67","110463","294","â€šÃ³Ã¨","77","dotpositionright","singlestim","68","110811","m","right","correct","1","","1","trialend","singlestim","69","111827"
"1508","Subject24","1","deceaseddeceased","1","deceased","positionright","validityvalid","test","4","suicide","singlestim","71","113836","298","â€šÃ³Ã¨","77","dotpositionright","singlestim","72","114189","m","right","correct","1","","1","trialend","singlestim","73","115205"
"1805","Subject24","388","doubledouble","77","double","positionright","validityvalid","test","4","neutral","singlestim","75","117217","340","â€šÃ³Ã¨","77","dotpositionright","singlestim","76","117612","m","right","correct","1","","1","trialend","singlestim","77","118627"
"2102","Subject24","1","successsuccess","1","success","positionleft","validityvalid","test","4","positive","singlestim","79","120639","311","â€šÃ³Ã¨","67","dotpositionleft","singlestim","80","121002","c","left","correct","1","","1","trialend","singlestim","81","122017"
"2399","Subject24","1","engineengine","1","engine","positionleft","validityvalid","test","4","neutral","singlestim","83","124028","362","â€šÃ³Ã¨","67","dotpositionleft","singlestim","84","124446","c","left","correct","1","","1","trialend","singlestim","85","125463"
"2696","Subject24","1","stupidstupid","1","stupid","positionleft","validityvalid","test","4","negative","singlestim","87","127470","367","â€šÃ³Ã¨","67","dotpositionleft","singlestim","88","127893","c","left","correct","1","","1","trialend","singlestim","89","128910"
"2993","Subject24","1","passionatepassionate","1","passionate","positionleft","validityinvalid","test","4","positive","singlestim","91","130918","377","â€šÃ³Ã¨","77","dotpositionright","singlestim","92","131347","m","right","correct","1","","1","trialend","singlestim","93","132363"
"3290","Subject24","1","alonealone","1","alone","positionleft","validityvalid","test","4","negative","singlestim","95","134372","286","â€šÃ³Ã¨","67","dotpositionleft","singlestim","96","134713","c","left","correct","1","","1","trialend","singlestim","97","135730"
"3587","Subject24","1","suicidesuicide","1","suicide","positionright","validityinvalid","test","4","suicide","singlestim","99","137742","355","â€šÃ³Ã¨","67","dotpositionleft","singlestim","100","138152","c","left","correct","1","","1","trialend","singlestim","101","139166"
"3884","Subject24","1","structurestructure","1","structure","positionright","validityvalid","test","4","neutral","singlestim","103","141175","340","â€šÃ³Ã¨","77","dotpositionright","singlestim","104","141569","m","right","correct","1","","1","trialend","singlestim","105","142585"
"4181","Subject24","1","hanginghanging","1","hanging","positionleft","validityvalid","test","4","suicide","singlestim","107","144596","231","â€šÃ³Ã¨","67","dotpositionleft","singlestim","108","144880","c","left","correct","1","","1","trialend","singlestim","109","145896"
"4478","Subject24","1","wohlesswohless","1","wohless","positionright","validityvalid","test","4","negative","singlestim","111","147908","359","â€šÃ³Ã¨","77","dotpositionright","singlestim","112","148320","m","right","correct","1","","1","trialend","singlestim","113","149336"
"4775","Subject24","1","greengreen","1","green","positionright","validityvalid","test","3","neutral","singlestim","115","151344","258","â€šÃ³Ã¨","77","dotpositionright","singlestim","116","151655","m","right","correct","1","","1","trialend","singlestim","117","152667"
"5072","Subject24","1","smilesmile","1","smile","positionleft","validityvalid","test","3","positive","singlestim","119","154676","230","â€šÃ³Ã¨","67","dotpositionleft","singlestim","120","154962","c","left","correct","1","","1","trialend","singlestim","121","155976"
"5369","Subject24","1","closetcloset","1","closet","positionright","validityinvalid","test","3","neutral","singlestim","123","157980","373","â€šÃ³Ã¨","67","dotpositionleft","singlestim","124","158408","c","left","correct","1","","1","trialend","singlestim","125","159424"
"5666","Subject24","1","cuttingcutting","1","cutting","positionright","validityvalid","test","3","suicide","singlestim","127","161432","357","â€šÃ³Ã¨","77","dotpositionright","singlestim","128","161845","m","right","correct","1","","1","trialend","singlestim","129","162861"
"5963","Subject24","1","diedie","1","die","positionright","validityvalid","test","3","suicide","singlestim","131","164868","372","â€šÃ³Ã¨","77","dotpositionright","singlestim","132","165295","m","right","correct","1","","1","trialend","singlestim","133","166308"
"6260","Subject24","1","deaddead","1","dead","positionleft","validityinvalid","test","3","suicide","singlestim","135","168319","350","â€šÃ³Ã¨","77","dotpositionright","singlestim","136","168722","m","right","correct","1","","1","trialend","singlestim","137","169738"
"6557","Subject24","1","kisskiss","1","kiss","positionright","validityinvalid","test","3","positive","singlestim","139","171747","276","â€šÃ³Ã¨","67","dotpositionleft","singlestim","140","172078","c","left","correct","1","","1","trialend","singlestim","141","173093"
"6854","Subject24","1","dyingdying","1","dying","positionleft","validityvalid","test","3","suicide","singlestim","143","175101","365","â€šÃ³Ã¨","67","dotpositionleft","singlestim","144","175522","c","left","correct","1","","1","trialend","singlestim","145","176535"
"7151","Subject24","1","museummuseum","1","museum","positionleft","validityvalid","test","3","neutral","singlestim","147","178543","300","â€šÃ³Ã¨","67","dotpositionleft","singlestim","148","178899","c","left","correct","1","","1","trialend","singlestim","149","179913"
"7448","Subject24","1","rejectedrejected","1","rejected","positionright","validityvalid","test","3","negative","singlestim","151","181925","284","â€šÃ³Ã¨","77","dotpositionright","singlestim","152","182265","m","right","correct","1","","1","trialend","singlestim","153","183282"
"7745","Subject24","1","happyhappy","1","happy","positionright","validityvalid","test","3","positive","singlestim","155","185294","365","â€šÃ³Ã¨","77","dotpositionright","singlestim","156","185715","m","right","correct","1","","1","trialend","singlestim","157","186730"
"8042","Subject24","1","assaultassault","1","assault","positionleft","validityinvalid","test","3","negative","singlestim","159","188742","369","â€šÃ³Ã¨","77","dotpositionright","singlestim","160","189163","m","right","correct","1","","1","trialend","singlestim","161","190179"
"8339","Subject24","1","bombbomb","1","bomb","positionright","validityvalid","test","3","negative","singlestim","163","192190","335","â€šÃ³Ã¨","77","dotpositionright","singlestim","164","192581","m","right","correct","1","","1","trialend","singlestim","165","193594"
"8636","Subject24","1","metermeter","1","meter","positionleft","validityvalid","test","3","neutral","singlestim","167","195603","317","â€šÃ³Ã¨","67","dotpositionleft","singlestim","168","195972","c","left","correct","1","","1","trialend","singlestim","169","196990"
"8933","Subject24","1","strongstrong","1","strong","positionleft","validityvalid","test","3","positive","singlestim","171","198998","307","â€šÃ³Ã¨","67","dotpositionleft","singlestim","172","199361","c","left","correct","1","","1","trialend","singlestim","173","200376"
"9230","Subject24","1","touretoure","1","toure","positionleft","validityvalid","test","3","negative","singlestim","175","202382","316","â€šÃ³Ã¨","67","dotpositionleft","singlestim","176","202750","c","left","correct","1","","1","trialend","singlestim","177","203766"
"9527","Subject24","1","abuseabuse","1","abuse","positionright","validityvalid","test","2","negative","singlestim","179","205772","253","â€šÃ³Ã¨","77","dotpositionright","singlestim","180","206080","m","right","correct","1","","1","trialend","singlestim","181","207095"
"9824","Subject24","1","cruelcruel","1","cruel","positionright","validityvalid","test","2","negative","singlestim","183","209107","348","â€šÃ³Ã¨","77","dotpositionright","singlestim","184","209508","m","right","correct","1","","1","trialend","singlestim","185","210520"
"10121","Subject24","1","corpsecorpse","1","corpse","positionleft","validityvalid","test","2","suicide","singlestim","187","212528","270","â€šÃ³Ã¨","67","dotpositionleft","singlestim","188","212851","c","left","correct","1","","1","trialend","singlestim","189","213866"
"10418","Subject24","1","overdoseoverdose","1","overdose","positionright","validityinvalid","test","2","suicide","singlestim","191","215872","256","â€šÃ³Ã¨","77","dotpositionleft","singlestim","192","216184","m","right","incorrect","190","","67","trialend","singlestim","193","217198"
"10715","Subject24","1","foamfoam","1","foam","positionright","validityvalid","test","2","neutral","singlestim","195","219208","378","â€šÃ³Ã¨","77","dotpositionright","singlestim","196","219640","m","right","correct","1","","1","trialend","singlestim","197","220655"
"11012","Subject24","1","failurefailure","1","failure","positionleft","validityvalid","test","2","negative","singlestim","199","222663","270","â€šÃ³Ã¨","67","dotpositionleft","singlestim","200","222986","c","left","correct","1","","1","trialend","singlestim","201","223998"
"11309","Subject24","1","noosenoose","1","noose","positionleft","validityvalid","test","2","suicide","singlestim","203","226006","371","â€šÃ³Ã¨","67","dotpositionleft","singlestim","204","226433","c","left","correct","1","","1","trialend","singlestim","205","227446"
"11606","Subject24","1","lovelove","1","love","positionright","validityinvalid","test","2","positive","singlestim","207","229454","279","â€šÃ³Ã¨","67","dotpositionleft","singlestim","208","229788","c","left","correct","1","","1","trialend","singlestim","209","230801"
"11903","Subject24","1","pleasurepleasure","1","pleasure","positionleft","validityvalid","test","2","positive","singlestim","211","232809","289","â€šÃ³Ã¨","67","dotpositionleft","singlestim","212","233154","c","left","correct","1","","1","trialend","singlestim","213","234167"
"12200","Subject24","1","braverybravery","1","bravery","positionleft","validityvalid","test","2","positive","singlestim","215","236176","240","â€šÃ³Ã¨","67","dotpositionleft","singlestim","216","236469","c","left","correct","1","","1","trialend","singlestim","217","237481"
"12497","Subject24","1","enthusiasmenthusiasm","1","enthusiasm","positionright","validityvalid","test","2","positive","singlestim","219","239490","250","â€šÃ³Ã¨","77","dotpositionright","singlestim","220","239792","m","right","correct","1","","1","trialend","singlestim","221","240808"
"12794","Subject24","1","deathdeath","1","death","positionright","validityvalid","test","2","suicide","singlestim","223","242816","339","â€šÃ³Ã¨","77","dotpositionright","singlestim","224","243211","m","right","correct","1","","1","trialend","singlestim","225","244226"
"13091","Subject24","1","filthyfilthy","1","filthy","positionleft","validityinvalid","test","2","negative","singlestim","227","246241","470","â€šÃ³Ã¨","77","dotpositionright","singlestim","228","246766","m","right","correct","1","","1","trialend","singlestim","229","247779"
"13388","Subject24","1","horsehorse","1","horse","positionleft","validityinvalid","test","2","neutral","singlestim","231","249790","324","â€šÃ³Ã¨","77","dotpositionright","singlestim","232","250170","m","right","correct","1","","1","trialend","singlestim","233","251186"
"13685","Subject24","1","tabletable","1","table","positionright","validityvalid","test","2","neutral","singlestim","235","253194","404","â€šÃ³Ã¨","77","dotpositionright","singlestim","236","253654","m","right","correct","1","","1","trialend","singlestim","237","254668"
"13982","Subject24","1","paperpaper","1","paper","positionleft","validityvalid","test","2","neutral","singlestim","239","256677","317","â€šÃ³Ã¨","67","dotpositionleft","singlestim","240","257047","c","left","correct","1","","1","trialend","singlestim","241","258064"
"14279","Subject24","1","cryingcrying","1","crying","positionright","validityvalid","test","1","negative","singlestim","243","260072","370","â€šÃ³Ã¨","77","dotpositionright","singlestim","244","260498","m","right","correct","1","","1","trialend","singlestim","245","261512"
"14576","Subject24","1","vomitvomit","1","vomit","positionleft","validityvalid","test","1","negative","singlestim","247","263520","271","â€šÃ³Ã¨","67","dotpositionleft","singlestim","248","263843","c","left","correct","1","","1","trialend","singlestim","249","264858"
"14873","Subject24","1","attractionattraction","1","attraction","positionright","validityvalid","test","1","positive","singlestim","251","266864","328","â€šÃ³Ã¨","77","dotpositionright","singlestim","252","267244","m","right","correct","1","","1","trialend","singlestim","253","268257"
"15170","Subject24","1","statuestatue","1","statue","positionright","validityinvalid","test","1","neutral","singlestim","255","270265","322","â€šÃ³Ã¨","67","dotpositionleft","singlestim","256","270643","c","left","correct","1","","1","trialend","singlestim","257","271658"
"15467","Subject24","1","healthyhealthy","1","healthy","positionleft","validityinvalid","test","1","positive","singlestim","259","273666","373","â€šÃ³Ã¨","77","dotpositionright","singlestim","260","274092","m","right","correct","1","","1","trialend","singlestim","261","275106"
"15764","Subject24","1","imageimage","1","image","positionleft","validityvalid","test","1","neutral","singlestim","263","277114","307","â€šÃ³Ã¨","67","dotpositionleft","singlestim","264","277477","c","left","correct","1","","1","trialend","singlestim","265","278494"
"16061","Subject24","1","suffocationsuffocation","1","suffocation","positionleft","validityinvalid","test","1","suicide","singlestim","267","280504","375","â€šÃ³Ã¨","77","dotpositionright","singlestim","268","280932","m","right","correct","1","","1","trialend","singlestim","269","281949"
"16358","Subject24","1","foldedfolded","1","folded","positionleft","validityvalid","test","1","neutral","singlestim","271","283958","326","â€šÃ³Ã¨","67","dotpositionleft","singlestim","272","284339","c","left","correct","1","","1","trialend","singlestim","273","285356"
"16655","Subject24","1","funeralfuneral","1","funeral","positionright","validityvalid","test","1","suicide","singlestim","275","287368","273","â€šÃ³Ã¨","77","dotpositionright","singlestim","276","287696","m","right","correct","1","","1","trialend","singlestim","277","288711"
"16952","Subject24","1","hatehate","1","hate","positionright","validityinvalid","test","1","negative","singlestim","279","290721","306","â€šÃ³Ã¨","67","dotpositionleft","singlestim","280","291079","c","left","correct","1","","1","trialend","singlestim","281","292095"
"17249","Subject24","1","patheticpathetic","1","pathetic","positionleft","validityvalid","test","1","negative","singlestim","283","294106","317","â€šÃ³Ã¨","67","dotpositionleft","singlestim","284","294477","c","left","correct","1","","1","trialend","singlestim","285","295495"
"17546","Subject24","1","paradiseparadise","1","paradise","positionleft","validityvalid","test","1","positive","singlestim","287","297508","382","â€šÃ³Ã¨","67","dotpositionleft","singlestim","288","297943","c","left","correct","1","","1","trialend","singlestim","289","298956"
"17843","Subject24","1","gunshotgunshot","1","gunshot","positionright","validityvalid","test","1","suicide","singlestim","291","300965","298","â€šÃ³Ã¨","77","dotpositionright","singlestim","292","301318","m","right","correct","1","","1","trialend","singlestim","293","302334"
"18140","Subject24","1","bloodblood","1","blood","positionleft","validityvalid","test","1","suicide","singlestim","295","304345","297","â€šÃ³Ã¨","67","dotpositionleft","singlestim","296","304695","c","left","correct","1","","1","trialend","singlestim","297","305713"
"18437","Subject24","1","cheesecheese","1","cheese","positionright","validityvalid","test","1","neutral","singlestim","299","307723","250","â€šÃ³Ã¨","77","dotpositionright","singlestim","300","308026","m","right","correct","1","","1","trialend","singlestim","301","309044"
"18734","Subject24","1","greatgreat","1","great","positionright","validityvalid","test","1","positive","singlestim","303","311053","351","â€šÃ³Ã¨","77","dotpositionright","singlestim","304","311457","m","right","correct","1","","1","trialend","singlestim","305","312472"
