"","SubjectID","rt","stimulus","keypress","word","wordposition","validity","block","blocknum","wordtype","trialtype","trialindex","timeelapsed","rt.1","stimulus.1","keypress.1","dotposition","trialtype.1","trialindex.1","timeelapsed.1","keypressed","participantresponse","correctresponse","rt.2","stimulus.2","keypress.2","blocktrial","trialtype.2","trialindex.2","timeelapsed.2"
"296","Subject332","1","bloodblood","1","blood","positionleft","validityvalid","test","1","suicide","singlestim","51","60703","439","â€šÃ³Ã¨","67","dotpositionleft","singlestim","52","61196","c","left","correct","1","","1","trialend","singlestim","53","62211"
"593","Subject332","1","cheesecheese","1","cheese","positionright","validityvalid","test","1","neutral","singlestim","55","64217","481","â€šÃ³Ã¨","77","dotpositionright","singlestim","56","64755","m","right","correct","1","","1","trialend","singlestim","57","65773"
"890","Subject332","1","patheticpathetic","1","pathetic","positionleft","validityvalid","test","1","negative","singlestim","59","67783","412","â€šÃ³Ã¨","67","dotpositionleft","singlestim","60","68252","c","left","correct","1","","1","trialend","singlestim","61","69267"
"1187","Subject332","1","attractionattraction","1","attraction","positionright","validityvalid","test","1","positive","singlestim","63","71273","588","â€šÃ³Ã¨","77","dotpositionright","singlestim","64","71918","m","right","correct","1","","1","trialend","singlestim","65","72935"
"1484","Subject332","1","suffocationsuffocation","1","suffocation","positionleft","validityinvalid","test","1","suicide","singlestim","67","74944","429","â€šÃ³Ã¨","77","dotpositionright","singlestim","68","75430","m","right","correct","1","","1","trialend","singlestim","69","76443"
"1781","Subject332","1","gunshotgunshot","1","gunshot","positionright","validityvalid","test","1","suicide","singlestim","71","78456","494","â€šÃ³Ã¨","67","dotpositionright","singlestim","72","79006","c","left","incorrect","1","","1","trialend","singlestim","73","80024"
"2078","Subject332","1","greatgreat","1","great","positionright","validityvalid","test","1","positive","singlestim","75","82036","425","â€šÃ³Ã¨","77","dotpositionright","singlestim","76","82517","m","right","correct","1","","1","trialend","singlestim","77","83533"
"2375","Subject332","1","hatehate","1","hate","positionright","validityinvalid","test","1","negative","singlestim","79","85537","414","â€šÃ³Ã¨","67","dotpositionleft","singlestim","80","86005","c","left","correct","1","","1","trialend","singlestim","81","87023"
"2672","Subject332","1","healthyhealthy","1","healthy","positionleft","validityinvalid","test","1","positive","singlestim","83","89029","518","â€šÃ³Ã¨","77","dotpositionright","singlestim","84","89598","m","right","correct","1","","1","trialend","singlestim","85","90610"
"2969","Subject332","1","vomitvomit","1","vomit","positionleft","validityvalid","test","1","negative","singlestim","87","92617","491","â€šÃ³Ã¨","67","dotpositionleft","singlestim","88","93165","c","left","correct","1","","1","trialend","singlestim","89","94182"
"3266","Subject332","1","cryingcrying","1","crying","positionright","validityvalid","test","1","negative","singlestim","91","96193","580","â€šÃ³Ã¨","77","dotpositionright","singlestim","92","96829","m","right","correct","1","","1","trialend","singlestim","93","97842"
"3563","Subject332","1","paradiseparadise","1","paradise","positionleft","validityvalid","test","1","positive","singlestim","95","99850","757","â€šÃ³Ã¨","67","dotpositionleft","singlestim","96","100661","c","left","correct","1","","1","trialend","singlestim","97","101675"
"3860","Subject332","1","statuestatue","1","statue","positionright","validityinvalid","test","1","neutral","singlestim","99","103687","669","â€šÃ³Ã¨","67","dotpositionleft","singlestim","100","104413","c","left","correct","1","","1","trialend","singlestim","101","105431"
"4157","Subject332","1","funeralfuneral","1","funeral","positionright","validityvalid","test","1","suicide","singlestim","103","107439","401","â€šÃ³Ã¨","77","dotpositionright","singlestim","104","107893","m","right","correct","1","","1","trialend","singlestim","105","108911"
"4454","Subject332","1","imageimage","1","image","positionleft","validityvalid","test","1","neutral","singlestim","107","110917","461","â€šÃ³Ã¨","67","dotpositionleft","singlestim","108","111429","c","left","correct","1","","1","trialend","singlestim","109","112447"
"4751","Subject332","1","foldedfolded","1","folded","positionleft","validityvalid","test","1","neutral","singlestim","111","114455","463","â€šÃ³Ã¨","67","dotpositionleft","singlestim","112","114973","c","left","correct","1","","1","trialend","singlestim","113","115991"
"5048","Subject332","1","bombbomb","1","bomb","positionright","validityvalid","test","3","negative","singlestim","115","118002","427","â€šÃ³Ã¨","77","dotpositionright","singlestim","116","118485","m","right","correct","1","","1","trialend","singlestim","117","119500"
"5345","Subject332","1","metermeter","1","meter","positionleft","validityvalid","test","3","neutral","singlestim","119","121512","628","â€šÃ³Ã¨","67","dotpositionleft","singlestim","120","122197","c","left","correct","1","","1","trialend","singlestim","121","123211"
"5642","Subject332","1","touretoure","1","toure","positionleft","validityvalid","test","3","negative","singlestim","123","125218","706","â€šÃ³Ã¨","67","dotpositionleft","singlestim","124","125981","c","left","correct","1","","1","trialend","singlestim","125","126998"
"5939","Subject332","1","smilesmile","1","smile","positionleft","validityvalid","test","3","positive","singlestim","127","129008","507","â€šÃ³Ã¨","67","dotpositionleft","singlestim","128","129573","c","left","correct","1","","1","trialend","singlestim","129","130590"
"6236","Subject332","1","dyingdying","1","dying","positionleft","validityvalid","test","3","suicide","singlestim","131","132601","510","â€šÃ³Ã¨","67","dotpositionleft","singlestim","132","133165","c","left","correct","1","","1","trialend","singlestim","133","134183"
"6533","Subject332","1","closetcloset","1","closet","positionright","validityinvalid","test","3","neutral","singlestim","135","136195","602","â€šÃ³Ã¨","67","dotpositionleft","singlestim","136","136852","c","left","correct","1","","1","trialend","singlestim","137","137870"
"6830","Subject332","1","diedie","1","die","positionright","validityvalid","test","3","suicide","singlestim","139","139880","468","â€šÃ³Ã¨","77","dotpositionright","singlestim","140","140405","m","right","correct","1","","1","trialend","singlestim","141","141422"
"7127","Subject332","1","strongstrong","1","strong","positionleft","validityvalid","test","3","positive","singlestim","143","143430","462","â€šÃ³Ã¨","67","dotpositionleft","singlestim","144","143949","c","left","correct","1","","1","trialend","singlestim","145","144960"
"7424","Subject332","1","deaddead","1","dead","positionleft","validityinvalid","test","3","suicide","singlestim","147","146966","441","â€šÃ³Ã¨","77","dotpositionright","singlestim","148","147460","m","right","correct","1","","1","trialend","singlestim","149","148477"
"7721","Subject332","1","kisskiss","1","kiss","positionright","validityinvalid","test","3","positive","singlestim","151","150485","494","â€šÃ³Ã¨","67","dotpositionleft","singlestim","152","151035","c","left","correct","1","","1","trialend","singlestim","153","152053"
"8018","Subject332","1","cuttingcutting","1","cutting","positionright","validityvalid","test","3","suicide","singlestim","155","154061","479","â€šÃ³Ã¨","77","dotpositionright","singlestim","156","154596","m","right","correct","1","","1","trialend","singlestim","157","155613"
"8315","Subject332","1","rejectedrejected","1","rejected","positionright","validityvalid","test","3","negative","singlestim","159","157617","563","â€šÃ³Ã¨","77","dotpositionright","singlestim","160","158236","m","right","correct","1","","1","trialend","singlestim","161","159253"
"8612","Subject332","1","assaultassault","1","assault","positionleft","validityinvalid","test","3","negative","singlestim","163","161263","562","â€šÃ³Ã¨","77","dotpositionright","singlestim","164","161876","m","right","correct","1","","1","trialend","singlestim","165","162889"
"8909","Subject332","1","greengreen","1","green","positionright","validityvalid","test","3","neutral","singlestim","167","164899","558","â€šÃ³Ã¨","77","dotpositionright","singlestim","168","165507","m","right","correct","1","","1","trialend","singlestim","169","166525"
"9206","Subject332","1","happyhappy","1","happy","positionright","validityvalid","test","3","positive","singlestim","171","168536","604","â€šÃ³Ã¨","77","dotpositionright","singlestim","172","169196","m","right","correct","1","","1","trialend","singlestim","173","170209"
"9503","Subject332","1","museummuseum","1","museum","positionleft","validityvalid","test","3","neutral","singlestim","175","172212","713","â€šÃ³Ã¨","67","dotpositionleft","singlestim","176","172979","c","left","correct","1","","1","trialend","singlestim","177","173997"
"9800","Subject332","1","corpsecorpse","1","corpse","positionleft","validityvalid","test","2","suicide","singlestim","179","176010","490","â€šÃ³Ã¨","67","dotpositionleft","singlestim","180","176556","c","left","correct","1","","1","trialend","singlestim","181","177573"
"10097","Subject332","1","noosenoose","1","noose","positionleft","validityvalid","test","2","suicide","singlestim","183","179581","654","â€šÃ³Ã¨","67","dotpositionleft","singlestim","184","180291","c","left","correct","1","","1","trialend","singlestim","185","181309"
"10394","Subject332","1","tabletable","1","table","positionright","validityvalid","test","2","neutral","singlestim","187","183317","523","â€šÃ³Ã¨","77","dotpositionright","singlestim","188","183891","m","right","correct","1","","1","trialend","singlestim","189","184905"
"10691","Subject332","1","enthusiasmenthusiasm","1","enthusiasm","positionright","validityvalid","test","2","positive","singlestim","191","186912","426","â€šÃ³Ã¨","77","dotpositionright","singlestim","192","187395","m","right","correct","1","","1","trialend","singlestim","193","188413"
"10988","Subject332","1","deathdeath","1","death","positionright","validityvalid","test","2","suicide","singlestim","195","190423","412","â€šÃ³Ã¨","77","dotpositionright","singlestim","196","190891","m","right","correct","1","","1","trialend","singlestim","197","191909"
"11285","Subject332","1","braverybravery","1","bravery","positionleft","validityvalid","test","2","positive","singlestim","199","193917","345","â€šÃ³Ã¨","67","dotpositionleft","singlestim","200","194315","c","left","correct","1","","1","trialend","singlestim","201","195328"
"11582","Subject332","1","overdoseoverdose","1","overdose","positionright","validityinvalid","test","2","suicide","singlestim","203","197341","511","â€šÃ³Ã¨","67","dotpositionleft","singlestim","204","197907","c","left","correct","1","","1","trialend","singlestim","205","198925"
"11879","Subject332","1","pleasurepleasure","1","pleasure","positionleft","validityvalid","test","2","positive","singlestim","207","200930","580","â€šÃ³Ã¨","67","dotpositionleft","singlestim","208","201562","c","left","correct","1","","1","trialend","singlestim","209","202578"
"12176","Subject332","1","foamfoam","1","foam","positionright","validityvalid","test","2","neutral","singlestim","211","204585","486","â€šÃ³Ã¨","77","dotpositionright","singlestim","212","205122","m","right","correct","1","","1","trialend","singlestim","213","206140"
"12473","Subject332","1","paperpaper","1","paper","positionleft","validityvalid","test","2","neutral","singlestim","215","208147","449","â€šÃ³Ã¨","67","dotpositionleft","singlestim","216","208651","c","left","correct","1","","1","trialend","singlestim","217","209663"
"12770","Subject332","1","lovelove","1","love","positionright","validityinvalid","test","2","positive","singlestim","219","211673","493","â€šÃ³Ã¨","67","dotpositionleft","singlestim","220","212219","c","left","correct","1","","1","trialend","singlestim","221","213235"
"13067","Subject332","1","filthyfilthy","1","filthy","positionleft","validityinvalid","test","2","negative","singlestim","223","215247","470","â€šÃ³Ã¨","77","dotpositionright","singlestim","224","215770","m","right","correct","1","","1","trialend","singlestim","225","216784"
"13364","Subject332","1","horsehorse","1","horse","positionleft","validityinvalid","test","2","neutral","singlestim","227","218797","634","â€šÃ³Ã¨","77","dotpositionright","singlestim","228","219482","m","right","correct","1","","1","trialend","singlestim","229","220500"
"13661","Subject332","1","abuseabuse","1","abuse","positionright","validityvalid","test","2","negative","singlestim","231","222507","498","â€šÃ³Ã¨","77","dotpositionright","singlestim","232","223058","m","right","correct","1","","1","trialend","singlestim","233","224076"
"13958","Subject332","1","cruelcruel","1","cruel","positionright","validityvalid","test","2","negative","singlestim","235","226088","575","â€šÃ³Ã¨","77","dotpositionright","singlestim","236","226714","m","right","correct","1","","1","trialend","singlestim","237","227732"
"14255","Subject332","1","failurefailure","1","failure","positionleft","validityvalid","test","2","negative","singlestim","239","229745","546","â€šÃ³Ã¨","67","dotpositionleft","singlestim","240","230346","c","left","correct","1","","1","trialend","singlestim","241","231364"
"14552","Subject332","1","engineengine","1","engine","positionleft","validityvalid","test","4","neutral","singlestim","243","233375","453","â€šÃ³Ã¨","67","dotpositionleft","singlestim","244","233881","c","left","correct","1","","1","trialend","singlestim","245","234900"
"14849","Subject332","1","structurestructure","1","structure","positionright","validityvalid","test","4","neutral","singlestim","247","236906","488","â€šÃ³Ã¨","77","dotpositionright","singlestim","248","237450","m","right","correct","1","","1","trialend","singlestim","249","238468"
"15146","Subject332","1","wohlesswohless","1","wohless","positionright","validityvalid","test","4","negative","singlestim","251","240479","508","â€šÃ³Ã¨","77","dotpositionright","singlestim","252","241043","m","right","correct","1","","1","trialend","singlestim","253","242056"
"15443","Subject332","1","alonealone","1","alone","positionleft","validityvalid","test","4","negative","singlestim","255","244062","436","â€šÃ³Ã¨","67","dotpositionleft","singlestim","256","244554","c","left","correct","1","","1","trialend","singlestim","257","245567"
"15740","Subject332","1","ashamedashamed","1","ashamed","positionright","validityinvalid","test","4","negative","singlestim","259","247574","499","â€šÃ³Ã¨","67","dotpositionleft","singlestim","260","248130","c","left","correct","1","","1","trialend","singlestim","261","249148"
"16037","Subject332","1","frameframe","1","frame","positionleft","validityinvalid","test","4","neutral","singlestim","263","251161","430","â€šÃ³Ã¨","77","dotpositionright","singlestim","264","251642","m","right","correct","1","","1","trialend","singlestim","265","252654"
"16334","Subject332","1","stupidstupid","1","stupid","positionleft","validityvalid","test","4","negative","singlestim","267","254663","402","â€šÃ³Ã¨","67","dotpositionleft","singlestim","268","255121","c","left","correct","1","","1","trialend","singlestim","269","256134"
"16631","Subject332","1","suicidesuicide","1","suicide","positionright","validityinvalid","test","4","suicide","singlestim","271","258141","443","â€šÃ³Ã¨","67","dotpositionleft","singlestim","272","258641","c","left","correct","1","","1","trialend","singlestim","273","259659"
"16928","Subject332","1","killingkilling","1","killing","positionleft","validityvalid","test","4","suicide","singlestim","275","261670","508","â€šÃ³Ã¨","67","dotpositionleft","singlestim","276","262234","c","left","correct","1","","1","trialend","singlestim","277","263251"
"17225","Subject332","1","laughlaugh","1","laugh","positionright","validityvalid","test","4","positive","singlestim","279","265261","376","â€šÃ³Ã¨","77","dotpositionright","singlestim","280","265689","m","right","correct","1","","1","trialend","singlestim","281","266706"
"17522","Subject332","1","doubledouble","1","double","positionright","validityvalid","test","4","neutral","singlestim","283","268714","432","â€šÃ³Ã¨","77","dotpositionright","singlestim","284","269202","m","right","correct","1","","1","trialend","singlestim","285","270219"
"17819","Subject332","1","successsuccess","1","success","positionleft","validityvalid","test","4","positive","singlestim","287","272230","459","â€šÃ³Ã¨","67","dotpositionleft","singlestim","288","272746","c","left","correct","1","","1","trialend","singlestim","289","273763"
"18116","Subject332","1","deceaseddeceased","1","deceased","positionright","validityvalid","test","4","suicide","singlestim","291","275774","374","â€šÃ³Ã¨","77","dotpositionright","singlestim","292","276201","m","right","correct","1","","1","trialend","singlestim","293","277214"
"18413","Subject332","1","hanginghanging","1","hanging","positionleft","validityvalid","test","4","suicide","singlestim","295","279225","396","â€šÃ³Ã¨","67","dotpositionleft","singlestim","296","279673","c","left","correct","1","","1","trialend","singlestim","297","280691"
"18710","Subject332","1","passionatepassionate","1","passionate","positionleft","validityinvalid","test","4","positive","singlestim","299","282703","324","â€šÃ³Ã¨","77","dotpositionright","singlestim","300","283081","m","right","correct","1","","1","trialend","singlestim","301","284099"
"19007","Subject332","1","ecstaticecstatic","1","ecstatic","positionright","validityvalid","test","4","positive","singlestim","303","286112","476","â€šÃ³Ã¨","77","dotpositionright","singlestim","304","286641","m","right","correct","1","","1","trialend","singlestim","305","287658"
