"","SubjectID","rt","stimulus","keypress","word","wordposition","validity","block","blocknum","wordtype","trialtype","trialindex","timeelapsed","rt.1","stimulus.1","keypress.1","dotposition","trialtype.1","trialindex.1","timeelapsed.1","keypressed","participantresponse","correctresponse","rt.2","stimulus.2","keypress.2","blocktrial","trialtype.2","trialindex.2","timeelapsed.2"
"49","Subject50","singlestim","51","258035","100010","574","â€šÃ³Ã¨","67","dotpositionleft","singlestim","52","258659","100020","left","correct","1","","1","trialend","singlestim","259670","100030","1","tabletable","1","table","positionright","validityvalid","test","2"
"346","Subject50","singlestim","55","261675","100050","1","â€šÃ³Ã¨","1","dotpositionright","singlestim","56","263726","100060","incorrect","1","","1","trialend","singlestim","57","100070","1","lovelove","1","love","positionright","validityinvalid","test","2","positive"
"643","Subject50","59","266736","100090","890","â€šÃ³Ã¨","67","dotpositionleft","singlestim","60","267675","1000100","c","correct","1","","1","trialend","singlestim","61","1000110","1","foamfoam","1","foam","positionright","validityvalid","test","2","neutral"
"940","Subject50","63","270688","1000130","1","â€šÃ³Ã¨","1","dotpositionright","singlestim","64","272768","1000140","","1","","1","trialend","singlestim","65","273779","1","horsehorse","1","horse","positionleft","validityinvalid","test","2","neutral","singlestim"
"1237","Subject50","275789","1000170","1","â€šÃ³Ã¨","1","dotpositionright","singlestim","68","277838","1000180","","incorrect","","1","trialend","singlestim","69","278849","1000190","braverybravery","1","bravery","positionleft","validityvalid","test","2","positive","singlestim","71"
"1534","Subject50","1000210","799","â€šÃ³Ã¨","67","dotpositionleft","singlestim","72","281703","1000220","c","left","correct","","1","trialend","singlestim","73","282713","1000230","deathdeath","1","death","positionright","validityvalid","test","2","suicide","singlestim","75"
"1831","Subject50","1000250","1","â€šÃ³Ã¨","1","dotpositionright","singlestim","76","286768","1000260","","incorrect","1","1","trialend","singlestim","77","287778","1000270","1","1","abuse","positionright","validityvalid","test","2","negative","singlestim","79","289789"
"2128","Subject50","1","â€šÃ³Ã¨","1","dotpositionright","singlestim","80","291839","1000300","","incorrect","1","","trialend","singlestim","81","292848","1000310","1","paperpaper","paper","positionleft","validityvalid","test","2","neutral","singlestim","83","294853","1000330"
"2425","Subject50","â€šÃ³Ã¨","67","dotpositionleft","singlestim","84","295553","1000340","c","left","correct","1","","trialend","singlestim","85","296563","1000350","1","filthyfilthy","filthy","positionleft","validityinvalid","test","2","negative","singlestim","87","298569","1000370"
"2722","Subject50","â€šÃ³Ã¨","1","dotpositionright","singlestim","88","300619","1000380","","incorrect","1","","1","singlestim","89","301634","1000390","1","overdoseoverdose","1","positionright","validityinvalid","test","2","suicide","singlestim","91","303637","1000410","719"
"3019","Subject50","67","dotpositionleft","singlestim","92","304406","1000420","c","left","correct","1","","1","singlestim","93","305417","1000430","1","cruelcruel","1","positionright","validityvalid","test","2","negative","singlestim","95","307417","1000450","1"
"3316","Subject50","1","dotpositionright","singlestim","96","309467","1000460","","incorrect","1","","1","trialend","97","310482","1000470","1","pleasurepleasure","1","pleasure","validityvalid","test","2","positive","singlestim","99","312482","1000490","580","â€šÃ³Ã¨"
"3613","Subject50","dotpositionleft","singlestim","100","313112","1000500","c","left","correct","1","","1","trialend","101","314122","1000510","1","failurefailure","1","failure","validityvalid","test","2","negative","singlestim","103","316122","1000530","578","â€šÃ³Ã¨"
"3910","Subject50","dotpositionleft","singlestim","104","316752","1000540","c","left","correct","1","","1","trialend","105","317762","1000550","1","noosenoose","1","noose","validityvalid","test","2","suicide","singlestim","107","319765","1000570","613","â€šÃ³Ã¨"
"4207","Subject50","dotpositionleft","singlestim","108","320430","1000580","c","left","correct","1","","1","trialend","109","321442","1000590","1","enthusiasmenthusiasm","1","enthusiasm","validityvalid","test","2","positive","singlestim","111","323442","1000610","1","â€šÃ³Ã¨"
"4504","Subject50","dotpositionright","singlestim","112","325492","1000620","","incorrect","1","","1","trialend","singlestim","326502","1000630","1","diedie","1","die","positionright","test","3","suicide","singlestim","115","328512","101010","1","â€šÃ³Ã¨","1"
"4801","Subject50","singlestim","116","330562","101020","","incorrect","1","","1","trialend","singlestim","117","101030","1","greengreen","1","green","positionright","validityvalid","3","neutral","singlestim","119","333572","101050","1","â€šÃ³Ã¨","1","dotpositionright"
"5098","Subject50","120","335623","101060","","incorrect","1","","1","trialend","singlestim","121","336635","1","smilesmile","1","smile","positionleft","validityvalid","test","positive","singlestim","123","338635","101090","705","â€šÃ³Ã¨","67","dotpositionleft","singlestim"
"5395","Subject50","339393","1010100","c","left","correct","1","","1","trialend","singlestim","125","340413","1","dyingdying","1","dying","positionleft","validityvalid","test","suicide","singlestim","127","342415","1010130","593","â€šÃ³Ã¨","67","dotpositionleft","singlestim"
"5692","Subject50","343058","1010140","c","left","correct","1","","1","trialend","singlestim","129","344070","1","museummuseum","1","museum","positionleft","validityvalid","test","neutral","singlestim","131","346075","1010170","563","â€šÃ³Ã¨","67","dotpositionleft","singlestim"
"5989","Subject50","346688","1010180","c","left","correct","1","","1","trialend","singlestim","133","347705","1","deaddead","1","dead","positionleft","validityinvalid","test","suicide","singlestim","135","349708","1010210","1","â€šÃ³Ã¨","1","dotpositionright","singlestim"
"6286","Subject50","351760","1010220","","incorrect","1","","1","trialend","singlestim","137","352770","1010230","metermeter","1","meter","positionleft","validityvalid","test","3","singlestim","139","354775","1010250","520","â€šÃ³Ã¨","67","dotpositionleft","singlestim","140"
"6583","Subject50","1010260","c","left","correct","1","","1","trialend","singlestim","141","356355","1010270","happyhappy","1","happy","positionright","validityvalid","test","3","singlestim","143","358355","1010290","1","â€šÃ³Ã¨","1","dotpositionright","singlestim","144"
"6880","Subject50","1010300","","incorrect","1","","1","trialend","singlestim","145","361430","1010310","1","1","closet","positionright","validityinvalid","test","3","neutral","147","363439","1010330","686","â€šÃ³Ã¨","67","dotpositionleft","singlestim","148","364175"
"7177","Subject50","c","left","correct","1","","1","trialend","singlestim","149","365184","1010350","1","1","bomb","positionright","validityvalid","test","3","negative","151","367195","1010370","1","â€šÃ³Ã¨","1","dotpositionright","singlestim","152","369245"
"7474","Subject50","","incorrect","1","","1","trialend","singlestim","153","370258","1010390","1","assaultassault","assault","positionleft","validityinvalid","test","3","negative","singlestim","372257","1010410","1","â€šÃ³Ã¨","1","dotpositionright","singlestim","156","374308","1010420"
"7771","Subject50","incorrect","1","","1","trialend","singlestim","157","375317","1010430","1","rejectedrejected","1","positionright","validityvalid","test","3","negative","singlestim","159","1010450","1","â€šÃ³Ã¨","1","dotpositionright","singlestim","160","379368","1010460",""
"8068","Subject50","1","","1","trialend","singlestim","161","380377","1010470","1","touretoure","1","toure","validityvalid","test","3","negative","singlestim","163","382377","640","â€šÃ³Ã¨","67","dotpositionleft","singlestim","164","383068","1010500","c","left"
"8365","Subject50","1","","1","trialend","singlestim","165","384083","1010510","1","strongstrong","1","strong","validityvalid","test","3","positive","singlestim","167","386082","499","â€šÃ³Ã¨","67","dotpositionleft","singlestim","168","386631","1010540","c","left"
"8662","Subject50","1","","1","trialend","singlestim","169","387642","1010550","1","cuttingcutting","1","cutting","validityvalid","test","3","suicide","singlestim","171","389648","1","â€šÃ³Ã¨","1","dotpositionright","singlestim","172","391701","1010580","","incorrect"
"8959","Subject50","","1","trialend","singlestim","173","392713","1010590","1","kisskiss","1","kiss","positionright","test","3","positive","singlestim","175","394713","1010610","â€šÃ³Ã¨","67","dotpositionleft","singlestim","176","395363","1010620","c","left","correct"
"9256","Subject50","","1","trialend","singlestim","177","396373","1010630","1","foldedfolded","1","folded","positionleft","test","1","neutral","singlestim","179","398372","102010","â€šÃ³Ã¨","67","dotpositionleft","singlestim","180","398920","102020","c","left","correct"
"9553","Subject50","","1","trialend","singlestim","181","399933","102030","1","healthyhealthy","1","healthy","positionleft","test","1","positive","singlestim","183","401944","102050","â€šÃ³Ã¨","1","dotpositionright","singlestim","184","403995","102060","","incorrect","1"
"9850","Subject50","1","trialend","singlestim","185","405005","102070","1","greatgreat","1","great","positionright","validityvalid","1","positive","singlestim","187","407005","102090","1","1","dotpositionright","singlestim","188","409056","1020100","","incorrect","1",""
"10147","Subject50","trialend","singlestim","189","410071","1020110","1","imageimage","1","image","positionleft","validityvalid","test","neutral","singlestim","191","412076","1020130","865","â€šÃ³Ã¨","dotpositionleft","singlestim","192","412993","1020140","c","left","correct","1",""
"10444","Subject50","trialend","singlestim","193","414005","1020150","1","patheticpathetic","1","pathetic","positionleft","validityvalid","test","negative","singlestim","195","416005","1020170","525","â€šÃ³Ã¨","dotpositionleft","singlestim","196","416580","1020180","c","left","correct","1",""
"10741","Subject50","trialend","singlestim","197","417590","1020190","1","cryingcrying","1","crying","positionright","validityvalid","test","negative","singlestim","199","419885","1020210","1","â€šÃ³Ã¨","dotpositionright","singlestim","200","422301","1020220","","incorrect","1","","1"
"11038","Subject50","singlestim","201","423311","1020230","1","attractionattraction","1","attraction","positionright","validityvalid","test","1","singlestim","203","425316","1020250","1","â€šÃ³Ã¨","1","singlestim","204","427366","1020260","","incorrect","1","","1","trialend"
"11335","Subject50","205","428376","1020270","1","paradiseparadise","1","paradise","positionleft","validityvalid","test","1","positive","207","430381","1020290","1589","â€šÃ³Ã¨","67","dotpositionleft","208","432020","1020300","c","left","correct","1","","1","trialend"
"11632","Subject50","209","433032","1020310","1","funeralfuneral","1","funeral","positionright","validityvalid","test","1","suicide","211","435033","1020330","1","â€šÃ³Ã¨","1","dotpositionright","212","437084","1020340","","incorrect","1","","1","trialend","singlestim"
"11929","Subject50","438097","1020350","1","cheesecheese","1","cheese","positionright","validityvalid","test","1","neutral","singlestim","440099","1020370","1","â€šÃ³Ã¨","1","dotpositionright","singlestim","442149","1020380","","incorrect","1","","1","trialend","singlestim","217"
"12226","Subject50","1020390","1","gunshotgunshot","1","gunshot","positionright","validityvalid","test","1","suicide","singlestim","219","1020410","1","â€šÃ³Ã¨","1","dotpositionright","singlestim","220","1020420","","incorrect","1","","1","trialend","singlestim","221","448224"
"12523","Subject50","1","hatehate","1","hate","positionright","validityinvalid","test","1","negative","singlestim","223","450223","625","â€šÃ³Ã¨","67","dotpositionleft","singlestim","224","450902","c","left","correct","1","","1","trialend","singlestim","225","451914"
"12820","Subject50","1","vomitvomit","1","vomit","positionleft","validityvalid","test","1","negative","singlestim","227","453922","442","â€šÃ³Ã¨","67","dotpositionleft","singlestim","228","454419","c","left","correct","1","","1","trialend","singlestim","229","455429"
"13117","Subject50","1","suffocationsuffocation","1","suffocation","positionleft","validityinvalid","test","1","suicide","singlestim","231","457434","1","â€šÃ³Ã¨","1","dotpositionright","singlestim","232","459484","","incorrect","1","","1","trialend","singlestim","233","460493","1020550"
"13414","Subject50","statuestatue","1","statue","positionright","validityinvalid","test","1","neutral","singlestim","235","462493","1020570","â€šÃ³Ã¨","67","dotpositionleft","singlestim","236","463097","1020580","left","correct","1","","1","trialend","singlestim","237","464107","1020590"
"13711","Subject50","bloodblood","1","blood","positionleft","validityvalid","test","1","suicide","singlestim","239","466115","1020610","â€šÃ³Ã¨","67","dotpositionleft","singlestim","240","466605","1020620","left","correct","1","","1","trialend","singlestim","241","467617","1020630"
"14008","Subject50","ashamedashamed","1","ashamed","positionright","validityinvalid","test","4","negative","singlestim","243","469617","103010","â€šÃ³Ã¨","67","dotpositionleft","singlestim","244","470204","103020","left","correct","1","","1","trialend","singlestim","245","471217","103030"
"14305","Subject50","frameframe","1","frame","positionleft","validityinvalid","test","4","neutral","singlestim","247","473222","103050","â€šÃ³Ã¨","1","dotpositionright","singlestim","248","475272","103060","incorrect","1","","1","trialend","singlestim","249","476291","103070","1"
"14602","Subject50","1","hanging","positionleft","validityvalid","test","4","suicide","singlestim","251","478292","103090","433","67","dotpositionleft","singlestim","252","478777","1030100","c","correct","1","","1","trialend","singlestim","253","479787","1030110","1"
"14899","Subject50","1","double","positionright","validityvalid","test","4","neutral","singlestim","255","481787","1030130","1","1","dotpositionright","singlestim","256","483836","1030140","","1","","1","trialend","singlestim","257","484846","1030150","1","deceaseddeceased"
"15196","Subject50","deceased","positionright","validityvalid","test","4","suicide","singlestim","259","486852","1030170","1","â€šÃ³Ã¨","dotpositionright","singlestim","260","488901","1030180","","incorrect","","1","trialend","singlestim","261","489912","1030190","1","suicidesuicide","1"
"15493","Subject50","positionright","validityinvalid","test","4","suicide","singlestim","263","491917","1030210","606","â€šÃ³Ã¨","67","singlestim","264","492572","1030220","c","left","correct","","1","trialend","singlestim","265","493587","1030230","1","alonealone","1"
"15790","Subject50","positionleft","validityvalid","test","4","negative","singlestim","267","495592","1030250","591","â€šÃ³Ã¨","67","singlestim","268","496232","1030260","c","left","correct","","1","trialend","singlestim","269","497241","1030270","1","stupidstupid","1"
"16087","Subject50","positionleft","validityvalid","test","4","negative","singlestim","271","499245","1030290","417","â€šÃ³Ã¨","67","singlestim","272","499714","1030300","c","left","correct","","1","trialend","singlestim","273","500725","1030310","1","wohlesswohless","1"
"16384","Subject50","positionright","validityvalid","test","4","negative","singlestim","275","502725","1030330","1","â€šÃ³Ã¨","1","singlestim","276","504775","1030340","","incorrect","1","1","trialend","singlestim","277","505784","1030350","1","killingkilling","1","killing"
"16681","Subject50","validityvalid","test","4","suicide","singlestim","279","507787","1030370","578","â€šÃ³Ã¨","67","dotpositionleft","280","508419","1030380","c","left","correct","1","1","trialend","singlestim","281","509430","1030390","1","engineengine","1","engine"
"16978","Subject50","validityvalid","test","4","neutral","singlestim","283","511435","1030410","463","â€šÃ³Ã¨","67","dotpositionleft","284","511948","1030420","c","left","correct","1","1","trialend","singlestim","285","512960","1030430","1","passionatepassionate","1","passionate"
"17275","Subject50","validityinvalid","test","4","positive","singlestim","287","514963","1030450","1","â€šÃ³Ã¨","1","dotpositionright","288","517014","1030460","","incorrect","1","","trialend","singlestim","289","518025","1030470","1","ecstaticecstatic","1","ecstatic","positionright"
"17572","Subject50","test","4","positive","singlestim","291","520025","1030490","1","â€šÃ³Ã¨","1","dotpositionright","singlestim","522075","1030500","","incorrect","1","","1","singlestim","293","523085","1030510","1","structurestructure","1","structure","positionright","validityvalid"
"17869","Subject50","4","neutral","singlestim","295","525088","1030530","1","â€šÃ³Ã¨","1","dotpositionright","singlestim","296","1030540","","incorrect","1","","1","trialend","297","528170","1030550","1","successsuccess","1","success","positionleft","validityvalid","test"
"18166","Subject50","positive","singlestim","299","530180","1030570","700","â€šÃ³Ã¨","67","dotpositionleft","singlestim","300","530930","c","left","correct","1","","1","trialend","301","531943","1030590","1","laughlaugh","1","laugh","positionright","validityvalid","test"
"18463","Subject50","positive","singlestim","303","533953","1030610","1","â€šÃ³Ã¨","1","dotpositionright","singlestim","304","536002","","incorrect","1","","1","trialend","singlestim","537013","1030630","1002","timeout","textTimed","306","538018","1040","",""
"18760","Subject50","","","","","","","","","","","","","","","","","","","","","","","","","","","","",""
