"","SubjectID","rt","stimulus","keypress","word","wordposition","validity","block","blocknum","wordtype","trialtype","trialindex","timeelapsed","rt.1","stimulus.1","keypress.1","dotposition","trialtype.1","trialindex.1","timeelapsed.1","keypressed","participantresponse","correctresponse","rt.2","stimulus.2","keypress.2","blocktrial","trialtype.2","trialindex.2","timeelapsed.2"
"108","Subject113","1","funeralfuneral","1","funeral","positionright","validityvalid","test","1","suicide","singlestim","51","55276","578","â€šÃ³Ã¨","77","dotpositionright","singlestim","52","55906","m","right","correct","1","","1","trialend","singlestim","53","56918"
"405","Subject113","1","gunshotgunshot","1","gunshot","positionright","validityvalid","test","1","suicide","singlestim","55","58920","382","â€šÃ³Ã¨","77","dotpositionright","singlestim","56","59353","m","right","correct","1","","1","trialend","singlestim","57","60365"
"702","Subject113","1","hatehate","1","hate","positionright","validityinvalid","test","1","negative","singlestim","59","62367","366","â€šÃ³Ã¨","67","dotpositionleft","singlestim","60","62785","c","left","correct","1","","1","trialend","singlestim","61","63796"
"999","Subject113","1","cheesecheese","1","cheese","positionright","validityvalid","test","1","neutral","singlestim","63","65798","367","â€šÃ³Ã¨","77","dotpositionright","singlestim","64","66217","m","right","correct","1","","1","trialend","singlestim","65","67229"
"1296","Subject113","1","bloodblood","1","blood","positionleft","validityvalid","test","1","suicide","singlestim","67","69231","294","â€šÃ³Ã¨","67","dotpositionleft","singlestim","68","69577","c","left","correct","1","","1","trialend","singlestim","69","70589"
"1593","Subject113","1","paradiseparadise","1","paradise","positionleft","validityvalid","test","1","positive","singlestim","71","72591","271","â€šÃ³Ã¨","67","dotpositionleft","singlestim","72","72913","c","left","correct","1","","1","trialend","singlestim","73","73924"
"1890","Subject113","1","statuestatue","1","statue","positionright","validityinvalid","test","1","neutral","singlestim","75","75926","304","â€šÃ³Ã¨","67","dotpositionleft","singlestim","76","76281","c","left","correct","1","","1","trialend","singlestim","77","77294"
"2187","Subject113","1","foldedfolded","1","folded","positionleft","validityvalid","test","1","neutral","singlestim","79","79280","271","â€šÃ³Ã¨","67","dotpositionleft","singlestim","80","79602","c","left","correct","1","","1","trialend","singlestim","81","80613"
"2484","Subject113","425","vomitvomit","67","vomit","positionleft","validityvalid","test","1","negative","singlestim","83","82616","46","â€šÃ³Ã¨","67","dotpositionleft","singlestim","84","82714","c","left","correct","1","","1","trialend","singlestim","85","83725"
"2781","Subject113","1","imageimage","1","image","positionleft","validityvalid","test","1","neutral","singlestim","87","85728","359","â€šÃ³Ã¨","67","dotpositionleft","singlestim","88","86138","c","left","correct","1","","1","trialend","singlestim","89","87150"
"3078","Subject113","1","healthyhealthy","1","healthy","positionleft","validityinvalid","test","1","positive","singlestim","91","89152","375","â€šÃ³Ã¨","77","dotpositionright","singlestim","92","89578","m","right","correct","1","","1","trialend","singlestim","93","90590"
"3375","Subject113","1","greatgreat","1","great","positionright","validityvalid","test","1","positive","singlestim","95","92592","327","â€šÃ³Ã¨","77","dotpositionright","singlestim","96","92970","m","right","correct","1","","1","trialend","singlestim","97","93981"
"3672","Subject113","1","attractionattraction","1","attraction","positionright","validityvalid","test","1","positive","singlestim","99","95983","256","â€šÃ³Ã¨","77","dotpositionright","singlestim","100","96290","m","right","correct","1","","1","trialend","singlestim","101","97301"
"3969","Subject113","1","cryingcrying","1","crying","positionright","validityvalid","test","1","negative","singlestim","103","99303","311","â€šÃ³Ã¨","77","dotpositionright","singlestim","104","99665","m","right","correct","1","","1","trialend","singlestim","105","100677"
"4266","Subject113","1","suffocationsuffocation","1","suffocation","positionleft","validityinvalid","test","1","suicide","singlestim","107","102680","311","â€šÃ³Ã¨","77","dotpositionright","singlestim","108","103041","m","right","correct","1","","1","trialend","singlestim","109","104054"
"4563","Subject113","1","patheticpathetic","1","pathetic","positionleft","validityvalid","test","1","negative","singlestim","111","106056","327","â€šÃ³Ã¨","67","dotpositionleft","singlestim","112","106434","c","left","correct","1","","1","trialend","singlestim","113","107446"
"4860","Subject113","1","deceaseddeceased","1","deceased","positionright","validityvalid","test","4","suicide","singlestim","115","109447","311","â€šÃ³Ã¨","77","dotpositionright","singlestim","116","109810","m","right","correct","1","","1","trialend","singlestim","117","110822"
"5157","Subject113","1","laughlaugh","1","laugh","positionright","validityvalid","test","4","positive","singlestim","119","112824","351","â€šÃ³Ã¨","77","dotpositionright","singlestim","120","113226","m","right","correct","1","","1","trialend","singlestim","121","114238"
"5454","Subject113","1","structurestructure","1","structure","positionright","validityvalid","test","4","neutral","singlestim","123","116239","351","â€šÃ³Ã¨","77","dotpositionright","singlestim","124","116642","m","right","correct","1","","1","trialend","singlestim","125","117653"
"5751","Subject113","1","suicidesuicide","1","suicide","positionright","validityinvalid","test","4","suicide","singlestim","127","119656","391","â€šÃ³Ã¨","67","dotpositionleft","singlestim","128","120098","c","left","correct","1","","1","trialend","singlestim","129","121110"
"6048","Subject113","1","alonealone","1","alone","positionleft","validityvalid","test","4","negative","singlestim","131","123112","311","â€šÃ³Ã¨","67","dotpositionleft","singlestim","132","123474","c","left","correct","1","","1","trialend","singlestim","133","124485"
"6345","Subject113","1","doubledouble","1","double","positionright","validityvalid","test","4","neutral","singlestim","135","126488","341","â€šÃ³Ã¨","77","dotpositionright","singlestim","136","126881","m","right","correct","1","","1","trialend","singlestim","137","127892"
"6642","Subject113","1","ashamedashamed","1","ashamed","positionright","validityinvalid","test","4","negative","singlestim","139","129896","351","â€šÃ³Ã¨","67","dotpositionleft","singlestim","140","130298","c","left","correct","1","","1","trialend","singlestim","141","131310"
"6939","Subject113","1","frameframe","1","frame","positionleft","validityinvalid","test","4","neutral","singlestim","143","133312","350","â€šÃ³Ã¨","77","dotpositionright","singlestim","144","133713","m","right","correct","1","","1","trialend","singlestim","145","134725"
"7236","Subject113","1","passionatepassionate","1","passionate","positionleft","validityinvalid","test","4","positive","singlestim","147","136728","335","â€šÃ³Ã¨","77","dotpositionright","singlestim","148","137113","m","right","correct","1","","1","trialend","singlestim","149","138126"
"7533","Subject113","1","successsuccess","1","success","positionleft","validityvalid","test","4","positive","singlestim","151","140131","392","â€šÃ³Ã¨","67","dotpositionleft","singlestim","152","140573","c","left","correct","1","","1","trialend","singlestim","153","141585"
"7830","Subject113","1","wohlesswohless","1","wohless","positionright","validityvalid","test","4","negative","singlestim","155","143587","367","â€šÃ³Ã¨","77","dotpositionright","singlestim","156","144005","m","right","correct","1","","1","trialend","singlestim","157","145017"
"8127","Subject113","1","hanginghanging","1","hanging","positionleft","validityvalid","test","4","suicide","singlestim","159","147020","341","â€šÃ³Ã¨","67","dotpositionleft","singlestim","160","147412","c","left","correct","1","","1","trialend","singlestim","161","148423"
"8424","Subject113","1","engineengine","1","engine","positionleft","validityvalid","test","4","neutral","singlestim","163","150426","303","â€šÃ³Ã¨","67","dotpositionleft","singlestim","164","150780","c","left","correct","1","","1","trialend","singlestim","165","151793"
"8721","Subject113","1","stupidstupid","1","stupid","positionleft","validityvalid","test","4","negative","singlestim","167","153795","319","â€šÃ³Ã¨","67","dotpositionleft","singlestim","168","154164","c","left","correct","1","","1","trialend","singlestim","169","155176"
"9018","Subject113","1","killingkilling","1","killing","positionleft","validityvalid","test","4","suicide","singlestim","171","157178","375","â€šÃ³Ã¨","67","dotpositionleft","singlestim","172","157604","c","left","correct","1","","1","trialend","singlestim","173","158616"
"9315","Subject113","1","ecstaticecstatic","1","ecstatic","positionright","validityvalid","test","4","positive","singlestim","175","160618","374","â€šÃ³Ã¨","77","dotpositionright","singlestim","176","161045","m","right","correct","1","","1","trialend","singlestim","177","162057"
"9612","Subject113","1","overdoseoverdose","1","overdose","positionright","validityinvalid","test","2","suicide","singlestim","179","164058","358","â€šÃ³Ã¨","67","dotpositionleft","singlestim","180","164468","c","left","correct","1","","1","trialend","singlestim","181","165480"
"9909","Subject113","1","paperpaper","1","paper","positionleft","validityvalid","test","2","neutral","singlestim","183","167482","359","â€šÃ³Ã¨","67","dotpositionleft","singlestim","184","167893","c","left","correct","1","","1","trialend","singlestim","185","168904"
"10206","Subject113","1","lovelove","1","love","positionright","validityinvalid","test","2","positive","singlestim","187","170906","383","â€šÃ³Ã¨","67","dotpositionleft","singlestim","188","171341","c","left","correct","1","","1","trialend","singlestim","189","172352"
"10503","Subject113","1","foamfoam","1","foam","positionright","validityvalid","test","2","neutral","singlestim","191","174354","383","â€šÃ³Ã¨","77","dotpositionright","singlestim","192","174788","m","right","correct","1","","1","trialend","singlestim","193","175800"
"10800","Subject113","1","pleasurepleasure","1","pleasure","positionleft","validityvalid","test","2","positive","singlestim","195","177802","343","â€šÃ³Ã¨","67","dotpositionleft","singlestim","196","178196","c","left","correct","1","","1","trialend","singlestim","197","179208"
"11097","Subject113","1","corpsecorpse","1","corpse","positionleft","validityvalid","test","2","suicide","singlestim","199","181211","342","â€šÃ³Ã¨","67","dotpositionleft","singlestim","200","181605","c","left","correct","1","","1","trialend","singlestim","201","182616"
"11394","Subject113","1","filthyfilthy","1","filthy","positionleft","validityinvalid","test","2","negative","singlestim","203","184618","446","â€šÃ³Ã¨","77","dotpositionright","singlestim","204","185116","m","right","correct","1","","1","trialend","singlestim","205","186128"
"11691","Subject113","1","braverybravery","1","bravery","positionleft","validityvalid","test","2","positive","singlestim","207","188130","280","â€šÃ³Ã¨","67","dotpositionleft","singlestim","208","188460","c","left","correct","1","","1","trialend","singlestim","209","189472"
"11988","Subject113","1","noosenoose","1","noose","positionleft","validityvalid","test","2","suicide","singlestim","211","191474","303","â€šÃ³Ã¨","67","dotpositionleft","singlestim","212","191828","c","left","correct","1","","1","trialend","singlestim","213","192840"
"12285","Subject113","1","failurefailure","1","failure","positionleft","validityvalid","test","2","negative","singlestim","215","194842","271","â€šÃ³Ã¨","67","dotpositionleft","singlestim","216","195164","c","left","correct","1","","1","trialend","singlestim","217","196176"
"12582","Subject113","1","tabletable","1","table","positionright","validityvalid","test","2","neutral","singlestim","219","198178","358","â€šÃ³Ã¨","77","dotpositionright","singlestim","220","198588","m","right","correct","1","","1","trialend","singlestim","221","199603"
"12879","Subject113","1","cruelcruel","1","cruel","positionright","validityvalid","test","2","negative","singlestim","223","201605","327","â€šÃ³Ã¨","77","dotpositionright","singlestim","224","201983","m","right","correct","1","","1","trialend","singlestim","225","202996"
"13176","Subject113","1","enthusiasmenthusiasm","1","enthusiasm","positionright","validityvalid","test","2","positive","singlestim","227","204998","326","â€šÃ³Ã¨","77","dotpositionright","singlestim","228","205375","m","right","correct","1","","1","trialend","singlestim","229","206387"
"13473","Subject113","1","horsehorse","1","horse","positionleft","validityinvalid","test","2","neutral","singlestim","231","208389","399","â€šÃ³Ã¨","77","dotpositionright","singlestim","232","208839","m","right","correct","1","","1","trialend","singlestim","233","209851"
"13770","Subject113","1","abuseabuse","1","abuse","positionright","validityvalid","test","2","negative","singlestim","235","211855","357","â€šÃ³Ã¨","77","dotpositionright","singlestim","236","212264","m","right","correct","1","","1","trialend","singlestim","237","213275"
"14067","Subject113","1","deathdeath","1","death","positionright","validityvalid","test","2","suicide","singlestim","239","215277","326","â€šÃ³Ã¨","77","dotpositionright","singlestim","240","215655","m","right","correct","1","","1","trialend","singlestim","241","216666"
"14364","Subject113","1","touretoure","1","toure","positionleft","validityvalid","test","3","negative","singlestim","243","218669","327","â€šÃ³Ã¨","67","dotpositionleft","singlestim","244","219047","c","left","correct","1","","1","trialend","singlestim","245","220059"
"14661","Subject113","1","deaddead","1","dead","positionleft","validityinvalid","test","3","suicide","singlestim","247","222061","392","â€šÃ³Ã¨","77","dotpositionright","singlestim","248","222504","m","right","correct","1","","1","trialend","singlestim","249","223515"
"14958","Subject113","1","kisskiss","1","kiss","positionright","validityinvalid","test","3","positive","singlestim","251","225517","358","â€šÃ³Ã¨","67","dotpositionleft","singlestim","252","225927","c","left","correct","1","","1","trialend","singlestim","253","226939"
"15255","Subject113","1","rejectedrejected","1","rejected","positionright","validityvalid","test","3","negative","singlestim","255","228942","327","â€šÃ³Ã¨","77","dotpositionright","singlestim","256","229319","m","right","correct","1","","1","trialend","singlestim","257","230331"
"15552","Subject113","1","bombbomb","1","bomb","positionright","validityvalid","test","3","negative","singlestim","259","232334","358","â€šÃ³Ã¨","77","dotpositionright","singlestim","260","232743","m","right","correct","1","","1","trialend","singlestim","261","233755"
"15849","Subject113","1","closetcloset","1","closet","positionright","validityinvalid","test","3","neutral","singlestim","263","235758","374","â€šÃ³Ã¨","67","dotpositionleft","singlestim","264","236182","c","left","correct","1","","1","trialend","singlestim","265","237194"
"16146","Subject113","1","strongstrong","1","strong","positionleft","validityvalid","test","3","positive","singlestim","267","239196","391","â€šÃ³Ã¨","67","dotpositionleft","singlestim","268","239639","c","left","correct","1","","1","trialend","singlestim","269","240650"
"16443","Subject113","1","happyhappy","1","happy","positionright","validityvalid","test","3","positive","singlestim","271","242652","344","â€šÃ³Ã¨","77","dotpositionright","singlestim","272","243047","m","right","correct","1","","1","trialend","singlestim","273","244059"
"16740","Subject113","1","assaultassault","1","assault","positionleft","validityinvalid","test","3","negative","singlestim","275","246061","383","â€šÃ³Ã¨","77","dotpositionright","singlestim","276","246494","m","right","correct","1","","1","trialend","singlestim","277","247507"
"17037","Subject113","1","greengreen","1","green","positionright","validityvalid","test","3","neutral","singlestim","279","249509","390","â€šÃ³Ã¨","77","dotpositionright","singlestim","280","249950","m","right","correct","1","","1","trialend","singlestim","281","250962"
"17334","Subject113","1","smilesmile","1","smile","positionleft","validityvalid","test","3","positive","singlestim","283","252965","304","â€šÃ³Ã¨","67","dotpositionleft","singlestim","284","253319","c","left","correct","1","","1","trialend","singlestim","285","254331"
"17631","Subject113","1","diedie","1","die","positionright","validityvalid","test","3","suicide","singlestim","287","256334","334","â€šÃ³Ã¨","77","dotpositionright","singlestim","288","256719","m","right","correct","1","","1","trialend","singlestim","289","257730"
"17928","Subject113","1","museummuseum","1","museum","positionleft","validityvalid","test","3","neutral","singlestim","291","259736","287","â€šÃ³Ã¨","67","dotpositionleft","singlestim","292","260074","c","left","correct","1","","1","trialend","singlestim","293","261086"
"18225","Subject113","1","cuttingcutting","1","cutting","positionright","validityvalid","test","3","suicide","singlestim","295","263088","351","â€šÃ³Ã¨","77","dotpositionright","singlestim","296","263490","m","right","correct","1","","1","trialend","singlestim","297","264502"
"18522","Subject113","1","dyingdying","1","dying","positionleft","validityvalid","test","3","suicide","singlestim","299","266504","343","â€šÃ³Ã¨","67","dotpositionleft","singlestim","300","266898","c","left","correct","1","","1","trialend","singlestim","301","267909"
"18819","Subject113","1","metermeter","1","meter","positionleft","validityvalid","test","3","neutral","singlestim","303","269911","327","â€šÃ³Ã¨","67","dotpositionleft","singlestim","304","270290","c","left","correct","1","","1","trialend","singlestim","305","271303"
