"","SubjectID","rt","stimulus","keypress","word","wordposition","validity","block","blocknum","wordtype","trialtype","trialindex","timeelapsed","rt.1","stimulus.1","keypress.1","dotposition","trialtype.1","trialindex.1","timeelapsed.1","keypressed","participantresponse","correctresponse","rt.2","stimulus.2","keypress.2","blocktrial","trialtype.2","trialindex.2","timeelapsed.2"
"209","Subject241","1","ecstaticecstatic","1","ecstatic","positionright","validityvalid","test","4","positive","singlestim","51","177323","502","â€šÃ³Ã¨","77","dotpositionright","singlestim","52","177875","m","right","correct","1","","1","trialend","singlestim","53","178889"
"506","Subject241","1","killingkilling","1","killing","positionleft","validityvalid","test","4","suicide","singlestim","55","180891","524","â€šÃ³Ã¨","67","dotpositionleft","singlestim","56","181467","c","left","correct","1","","1","trialend","singlestim","57","182481"
"803","Subject241","1","structurestructure","1","structure","positionright","validityvalid","test","4","neutral","singlestim","59","184483","496","â€šÃ³Ã¨","77","dotpositionright","singlestim","60","185031","m","right","correct","1","","1","trialend","singlestim","61","186044"
"1100","Subject241","1","ashamedashamed","1","ashamed","positionright","validityinvalid","test","4","negative","singlestim","63","188047","464","â€šÃ³Ã¨","67","dotpositionleft","singlestim","64","188561","c","left","correct","1","","1","trialend","singlestim","65","189574"
"1397","Subject241","1","wohlesswohless","1","wohless","positionright","validityvalid","test","4","negative","singlestim","67","191577","531","â€šÃ³Ã¨","77","dotpositionright","singlestim","68","192158","m","right","correct","1","","1","trialend","singlestim","69","193170"
"1694","Subject241","1","stupidstupid","1","stupid","positionleft","validityvalid","test","4","negative","singlestim","71","195173","507","â€šÃ³Ã¨","67","dotpositionleft","singlestim","72","195732","c","left","correct","1","","1","trialend","singlestim","73","196744"
"1991","Subject241","1","deceaseddeceased","1","deceased","positionright","validityvalid","test","4","suicide","singlestim","75","198746","532","â€šÃ³Ã¨","77","dotpositionright","singlestim","76","199329","m","right","correct","1","","1","trialend","singlestim","77","200343"
"2288","Subject241","1","frameframe","1","frame","positionleft","validityinvalid","test","4","neutral","singlestim","79","202346","618","â€šÃ³Ã¨","77","dotpositionright","singlestim","80","203015","m","right","correct","1","","1","trialend","singlestim","81","204027"
"2585","Subject241","1","alonealone","1","alone","positionleft","validityvalid","test","4","negative","singlestim","83","206030","561","â€šÃ³Ã¨","67","dotpositionleft","singlestim","84","206642","c","left","correct","1","","1","trialend","singlestim","85","207654"
"2882","Subject241","1","engineengine","1","engine","positionleft","validityvalid","test","4","neutral","singlestim","87","209656","487","â€šÃ³Ã¨","67","dotpositionleft","singlestim","88","210195","c","left","correct","1","","1","trialend","singlestim","89","211207"
"3179","Subject241","1","hanginghanging","1","hanging","positionleft","validityvalid","test","4","suicide","singlestim","91","213210","456","â€šÃ³Ã¨","67","dotpositionleft","singlestim","92","213717","c","left","correct","1","","1","trialend","singlestim","93","214728"
"3476","Subject241","1","doubledouble","1","double","positionright","validityvalid","test","4","neutral","singlestim","95","216730","496","â€šÃ³Ã¨","77","dotpositionright","singlestim","96","217278","m","right","correct","1","","1","trialend","singlestim","97","218290"
"3773","Subject241","1","suicidesuicide","1","suicide","positionright","validityinvalid","test","4","suicide","singlestim","99","220293","406","â€šÃ³Ã¨","67","dotpositionleft","singlestim","100","220751","c","left","correct","1","","1","trialend","singlestim","101","221765"
"4070","Subject241","1","passionatepassionate","1","passionate","positionleft","validityinvalid","test","4","positive","singlestim","103","223770","488","â€šÃ³Ã¨","77","dotpositionright","singlestim","104","224309","m","right","correct","1","","1","trialend","singlestim","105","225322"
"4367","Subject241","1","successsuccess","1","success","positionleft","validityvalid","test","4","positive","singlestim","107","227325","484","â€šÃ³Ã¨","67","dotpositionleft","singlestim","108","227860","c","left","correct","1","","1","trialend","singlestim","109","228872"
"4664","Subject241","1","laughlaugh","1","laugh","positionright","validityvalid","test","4","positive","singlestim","111","230875","526","â€šÃ³Ã¨","77","dotpositionright","singlestim","112","231453","m","right","correct","1","","1","trialend","singlestim","113","232466"
"4961","Subject241","1","noosenoose","1","noose","positionleft","validityvalid","test","2","suicide","singlestim","115","234469","493","â€šÃ³Ã¨","67","dotpositionleft","singlestim","116","235013","c","left","correct","1","","1","trialend","singlestim","117","236026"
"5258","Subject241","1","lovelove","1","love","positionright","validityinvalid","test","2","positive","singlestim","119","238030","592","â€šÃ³Ã¨","67","dotpositionleft","singlestim","120","238673","c","left","correct","1","","1","trialend","singlestim","121","239686"
"5555","Subject241","1","failurefailure","1","failure","positionleft","validityvalid","test","2","negative","singlestim","123","241688","485","â€šÃ³Ã¨","67","dotpositionleft","singlestim","124","242226","c","left","correct","1","","1","trialend","singlestim","125","243238"
"5852","Subject241","1","paperpaper","1","paper","positionleft","validityvalid","test","2","neutral","singlestim","127","245241","467","â€šÃ³Ã¨","67","dotpositionleft","singlestim","128","245758","c","left","correct","1","","1","trialend","singlestim","129","246770"
"6149","Subject241","1","horsehorse","1","horse","positionleft","validityinvalid","test","2","neutral","singlestim","131","248773","497","â€šÃ³Ã¨","77","dotpositionright","singlestim","132","249322","m","right","correct","1","","1","trialend","singlestim","133","250336"
"6446","Subject241","1","braverybravery","1","bravery","positionleft","validityvalid","test","2","positive","singlestim","135","252338","451","â€šÃ³Ã¨","67","dotpositionleft","singlestim","136","252840","c","left","correct","1","","1","trialend","singlestim","137","253852"
"6743","Subject241","1","enthusiasmenthusiasm","1","enthusiasm","positionright","validityvalid","test","2","positive","singlestim","139","255855","427","â€šÃ³Ã¨","77","dotpositionright","singlestim","140","256333","m","right","correct","1","","1","trialend","singlestim","141","257345"
"7040","Subject241","1","cruelcruel","1","cruel","positionright","validityvalid","test","2","negative","singlestim","143","259347","403","â€šÃ³Ã¨","77","dotpositionright","singlestim","144","259803","m","right","correct","1","","1","trialend","singlestim","145","260816"
"7337","Subject241","1","corpsecorpse","1","corpse","positionleft","validityvalid","test","2","suicide","singlestim","147","262819","448","â€šÃ³Ã¨","67","dotpositionleft","singlestim","148","263318","c","left","correct","1","","1","trialend","singlestim","149","264330"
"7634","Subject241","1","deathdeath","1","death","positionright","validityvalid","test","2","suicide","singlestim","151","266332","505","â€šÃ³Ã¨","77","dotpositionright","singlestim","152","266887","m","right","correct","1","","1","trialend","singlestim","153","267898"
"7931","Subject241","1","pleasurepleasure","1","pleasure","positionleft","validityvalid","test","2","positive","singlestim","155","269902","558","â€šÃ³Ã¨","67","dotpositionleft","singlestim","156","270513","c","left","correct","1","","1","trialend","singlestim","157","271525"
"8228","Subject241","1","abuseabuse","1","abuse","positionright","validityvalid","test","2","negative","singlestim","159","273528","513","â€šÃ³Ã¨","77","dotpositionright","singlestim","160","274092","m","right","correct","1","","1","trialend","singlestim","161","275106"
"8525","Subject241","1","overdoseoverdose","1","overdose","positionright","validityinvalid","test","2","suicide","singlestim","163","277109","378","â€šÃ³Ã¨","67","dotpositionleft","singlestim","164","277539","c","left","correct","1","","1","trialend","singlestim","165","278551"
"8822","Subject241","1","tabletable","1","table","positionright","validityvalid","test","2","neutral","singlestim","167","280553","493","â€šÃ³Ã¨","77","dotpositionright","singlestim","168","281098","m","right","correct","1","","1","trialend","singlestim","169","282110"
"9119","Subject241","1","filthyfilthy","1","filthy","positionleft","validityinvalid","test","2","negative","singlestim","171","284112","492","â€šÃ³Ã¨","77","dotpositionright","singlestim","172","284655","m","right","correct","1","","1","trialend","singlestim","173","285667"
"9416","Subject241","1","foamfoam","1","foam","positionright","validityvalid","test","2","neutral","singlestim","175","287669","526","â€šÃ³Ã¨","77","dotpositionright","singlestim","176","288246","m","right","correct","1","","1","trialend","singlestim","177","289260"
"9713","Subject241","1","bombbomb","1","bomb","positionright","validityvalid","test","3","negative","singlestim","179","291262","484","â€šÃ³Ã¨","77","dotpositionright","singlestim","180","291797","m","right","correct","1","","1","trialend","singlestim","181","292810"
"10010","Subject241","770","diedie","77","die","positionright","validityvalid","test","3","suicide","singlestim","183","294812","503","â€šÃ³Ã¨","77","dotpositionright","singlestim","184","295367","m","right","correct","1","","1","trialend","singlestim","185","296379"
"10307","Subject241","1","cuttingcutting","1","cutting","positionright","validityvalid","test","3","suicide","singlestim","187","298382","487","â€šÃ³Ã¨","77","dotpositionright","singlestim","188","298921","m","right","correct","1","","1","trialend","singlestim","189","299934"
"10604","Subject241","1","assaultassault","1","assault","positionleft","validityinvalid","test","3","negative","singlestim","191","301936","467","â€šÃ³Ã¨","77","dotpositionright","singlestim","192","302456","m","right","correct","1","","1","trialend","singlestim","193","303468"
"10901","Subject241","1","kisskiss","1","kiss","positionright","validityinvalid","test","3","positive","singlestim","195","305471","336","â€šÃ³Ã¨","67","dotpositionleft","singlestim","196","305858","c","left","correct","1","","1","trialend","singlestim","197","306870"
"11198","Subject241","1","metermeter","1","meter","positionleft","validityvalid","test","3","neutral","singlestim","199","308873","617","â€šÃ³Ã¨","67","dotpositionleft","singlestim","200","309540","c","left","correct","1","","1","trialend","singlestim","201","310551"
"11495","Subject241","1","deaddead","1","dead","positionleft","validityinvalid","test","3","suicide","singlestim","203","312554","626","â€šÃ³Ã¨","77","dotpositionright","singlestim","204","313232","m","right","correct","1","","1","trialend","singlestim","205","314246"
"11792","Subject241","1","closetcloset","1","closet","positionright","validityinvalid","test","3","neutral","singlestim","207","316249","402","â€šÃ³Ã¨","67","dotpositionleft","singlestim","208","316703","c","left","correct","1","","1","trialend","singlestim","209","317714"
"12089","Subject241","1","strongstrong","1","strong","positionleft","validityvalid","test","3","positive","singlestim","211","319718","428","â€šÃ³Ã¨","67","dotpositionleft","singlestim","212","320198","c","left","correct","1","","1","trialend","singlestim","213","321210"
"12386","Subject241","1","happyhappy","1","happy","positionright","validityvalid","test","3","positive","singlestim","215","323213","432","â€šÃ³Ã¨","77","dotpositionright","singlestim","216","323696","m","right","correct","1","","1","trialend","singlestim","217","324707"
"12683","Subject241","1","greengreen","1","green","positionright","validityvalid","test","3","neutral","singlestim","219","326709","1308","â€šÃ³Ã¨","77","dotpositionright","singlestim","220","328070","m","right","correct","1","","1","trialend","singlestim","221","329081"
"12980","Subject241","1","touretoure","1","toure","positionleft","validityvalid","test","3","negative","singlestim","223","331085","744","â€šÃ³Ã¨","67","dotpositionleft","singlestim","224","331880","c","left","correct","1","","1","trialend","singlestim","225","332892"
"13277","Subject241","1","rejectedrejected","1","rejected","positionright","validityvalid","test","3","negative","singlestim","227","334895","1741","â€šÃ³Ã¨","77","dotpositionright","singlestim","228","336686","m","right","correct","1","","1","trialend","singlestim","229","337698"
"13574","Subject241","1","smilesmile","1","smile","positionleft","validityvalid","test","3","positive","singlestim","231","339701","575","â€šÃ³Ã¨","67","dotpositionleft","singlestim","232","340327","c","left","correct","1","","1","trialend","singlestim","233","341340"
"13871","Subject241","1","dyingdying","1","dying","positionleft","validityvalid","test","3","suicide","singlestim","235","343343","661","â€šÃ³Ã¨","67","dotpositionleft","singlestim","236","344057","c","left","correct","1","","1","trialend","singlestim","237","345068"
"14168","Subject241","1","museummuseum","1","museum","positionleft","validityvalid","test","3","neutral","singlestim","239","347070","523","â€šÃ³Ã¨","67","dotpositionleft","singlestim","240","347645","c","left","correct","1","","1","trialend","singlestim","241","348658"
"14465","Subject241","1","suffocationsuffocation","1","suffocation","positionleft","validityinvalid","test","1","suicide","singlestim","243","350661","1551","â€šÃ³Ã¨","77","dotpositionright","singlestim","244","352264","m","right","correct","1","","1","trialend","singlestim","245","353277"
"14762","Subject241","1","paradiseparadise","1","paradise","positionleft","validityvalid","test","1","positive","singlestim","247","355279","453","â€šÃ³Ã¨","67","dotpositionleft","singlestim","248","355785","c","left","correct","1","","1","trialend","singlestim","249","356798"
"15059","Subject241","1","foldedfolded","1","folded","positionleft","validityvalid","test","1","neutral","singlestim","251","358801","436","â€šÃ³Ã¨","67","dotpositionleft","singlestim","252","359288","c","left","correct","1","","1","trialend","singlestim","253","360299"
"15356","Subject241","1","imageimage","1","image","positionleft","validityvalid","test","1","neutral","singlestim","255","362301","455","â€šÃ³Ã¨","67","dotpositionleft","singlestim","256","362808","c","left","correct","1","","1","trialend","singlestim","257","363819"
"15653","Subject241","1","greatgreat","1","great","positionright","validityvalid","test","1","positive","singlestim","259","365821","469","â€šÃ³Ã¨","77","dotpositionright","singlestim","260","366342","m","right","correct","1","","1","trialend","singlestim","261","367355"
"15950","Subject241","1","hatehate","1","hate","positionright","validityinvalid","test","1","negative","singlestim","263","369358","407","â€šÃ³Ã¨","67","dotpositionleft","singlestim","264","369816","c","left","correct","1","","1","trialend","singlestim","265","370827"
"16247","Subject241","1","statuestatue","1","statue","positionright","validityinvalid","test","1","neutral","singlestim","267","372831","497","â€šÃ³Ã¨","67","dotpositionleft","singlestim","268","373378","c","left","correct","1","","1","trialend","singlestim","269","374390"
"16544","Subject241","1","attractionattraction","1","attraction","positionright","validityvalid","test","1","positive","singlestim","271","376392","680","â€šÃ³Ã¨","77","dotpositionright","singlestim","272","377124","m","right","correct","1","","1","trialend","singlestim","273","378136"
"16841","Subject241","1","healthyhealthy","1","healthy","positionleft","validityinvalid","test","1","positive","singlestim","275","380138","410","â€šÃ³Ã¨","77","dotpositionright","singlestim","276","380599","m","right","correct","1","","1","trialend","singlestim","277","381610"
"17138","Subject241","1","gunshotgunshot","1","gunshot","positionright","validityvalid","test","1","suicide","singlestim","279","383615","472","â€šÃ³Ã¨","77","dotpositionright","singlestim","280","384139","m","right","correct","1","","1","trialend","singlestim","281","385151"
"17435","Subject241","1","patheticpathetic","1","pathetic","positionleft","validityvalid","test","1","negative","singlestim","283","387153","1346","â€šÃ³Ã¨","67","dotpositionleft","singlestim","284","388551","c","left","correct","1","","1","trialend","singlestim","285","389563"
"17732","Subject241","1","cryingcrying","1","crying","positionright","validityvalid","test","1","negative","singlestim","287","391567","539","â€šÃ³Ã¨","77","dotpositionright","singlestim","288","392158","m","right","correct","1","","1","trialend","singlestim","289","393170"
"18029","Subject241","1","vomitvomit","1","vomit","positionleft","validityvalid","test","1","negative","singlestim","291","395172","516","â€šÃ³Ã¨","67","dotpositionleft","singlestim","292","395741","c","left","correct","1","","1","trialend","singlestim","293","396755"
"18326","Subject241","1","cheesecheese","1","cheese","positionright","validityvalid","test","1","neutral","singlestim","295","398759","384","â€šÃ³Ã¨","77","dotpositionright","singlestim","296","399195","m","right","correct","1","","1","trialend","singlestim","297","400207"
"18623","Subject241","1","funeralfuneral","1","funeral","positionright","validityvalid","test","1","suicide","singlestim","299","402211","429","â€šÃ³Ã¨","77","dotpositionright","singlestim","300","402691","m","right","correct","1","","1","trialend","singlestim","301","403705"
"18920","Subject241","1","bloodblood","1","blood","positionleft","validityvalid","test","1","suicide","singlestim","303","405708","416","â€šÃ³Ã¨","67","dotpositionleft","singlestim","304","406177","c","left","correct","1","","1","trialend","singlestim","305","407189"
