"","SubjectID","rt","stimulus","keypress","word","wordposition","validity","block","blocknum","wordtype","trialtype","trialindex","timeelapsed","rt.1","stimulus.1","keypress.1","dotposition","trialtype.1","trialindex.1","timeelapsed.1","keypressed","participantresponse","correctresponse","rt.2","stimulus.2","keypress.2","blocktrial","trialtype.2","trialindex.2","timeelapsed.2"
"195","Subject226","1","vomitvomit","1","vomit","positionleft","validityvalid","test","1","negative","singlestim","51","88270","558","â€šÃ³Ã¨","67","dotpositionleft","singlestim","52","88884","c","left","correct","1","","1","trialend","singlestim","53","89898"
"492","Subject226","1","paradiseparadise","1","paradise","positionleft","validityvalid","test","1","positive","singlestim","55","91904","592","â€šÃ³Ã¨","67","dotpositionleft","singlestim","56","92548","c","left","correct","1","","1","trialend","singlestim","57","93562"
"789","Subject226","1","cryingcrying","1","crying","positionright","validityvalid","test","1","negative","singlestim","59","95566","470","â€šÃ³Ã¨","77","dotpositionright","singlestim","60","96088","m","right","correct","1","","1","trialend","singlestim","61","97100"
"1086","Subject226","1","statuestatue","1","statue","positionright","validityinvalid","test","1","neutral","singlestim","63","99104","430","â€šÃ³Ã¨","67","dotpositionleft","singlestim","64","99588","c","left","correct","1","","1","trialend","singlestim","65","100600"
"1383","Subject226","1","imageimage","1","image","positionleft","validityvalid","test","1","neutral","singlestim","67","102602","458","â€šÃ³Ã¨","67","dotpositionleft","singlestim","68","103112","c","left","correct","1","","1","trialend","singlestim","69","104124"
"1680","Subject226","1","gunshotgunshot","1","gunshot","positionright","validityvalid","test","1","suicide","singlestim","71","106130","458","â€šÃ³Ã¨","77","dotpositionright","singlestim","72","106644","m","right","correct","1","","1","trialend","singlestim","73","107656"
"1977","Subject226","1","attractionattraction","1","attraction","positionright","validityvalid","test","1","positive","singlestim","75","109668","438","â€šÃ³Ã¨","77","dotpositionright","singlestim","76","110156","m","right","correct","1","","1","trialend","singlestim","77","111170"
"2274","Subject226","1","bloodblood","1","blood","positionleft","validityvalid","test","1","suicide","singlestim","79","113176","416","â€šÃ³Ã¨","67","dotpositionleft","singlestim","80","113644","c","left","correct","1","","1","trialend","singlestim","81","114658"
"2571","Subject226","1","healthyhealthy","1","healthy","positionleft","validityinvalid","test","1","positive","singlestim","83","116664","396","â€šÃ³Ã¨","77","dotpositionright","singlestim","84","117112","m","right","correct","1","","1","trialend","singlestim","85","118124"
"2868","Subject226","1","hatehate","1","hate","positionright","validityinvalid","test","1","negative","singlestim","87","120130","450","â€šÃ³Ã¨","67","dotpositionleft","singlestim","88","120634","c","left","correct","1","","1","trialend","singlestim","89","121648"
"3165","Subject226","1","foldedfolded","1","folded","positionleft","validityvalid","test","1","neutral","singlestim","91","123652","540","â€šÃ³Ã¨","67","dotpositionleft","singlestim","92","124246","c","left","correct","1","","1","trialend","singlestim","93","125260"
"3462","Subject226","1","suffocationsuffocation","1","suffocation","positionleft","validityinvalid","test","1","suicide","singlestim","95","127264","484","â€šÃ³Ã¨","77","dotpositionright","singlestim","96","127798","m","right","correct","1","","1","trialend","singlestim","97","128810"
"3759","Subject226","1","greatgreat","1","great","positionright","validityvalid","test","1","positive","singlestim","99","130814","442","â€šÃ³Ã¨","77","dotpositionright","singlestim","100","131310","m","right","correct","1","","1","trialend","singlestim","101","132324"
"4056","Subject226","1","cheesecheese","1","cheese","positionright","validityvalid","test","1","neutral","singlestim","103","134326","462","â€šÃ³Ã¨","77","dotpositionright","singlestim","104","134842","m","right","correct","1","","1","trialend","singlestim","105","135852"
"4353","Subject226","1","funeralfuneral","1","funeral","positionright","validityvalid","test","1","suicide","singlestim","107","137856","444","â€šÃ³Ã¨","77","dotpositionright","singlestim","108","138354","m","right","correct","1","","1","trialend","singlestim","109","139368"
"4650","Subject226","1","patheticpathetic","1","pathetic","positionleft","validityvalid","test","1","negative","singlestim","111","141372","490","â€šÃ³Ã¨","67","dotpositionleft","singlestim","112","141914","c","left","correct","1","","1","trialend","singlestim","113","142926"
"4947","Subject226","1","foamfoam","1","foam","positionright","validityvalid","test","2","neutral","singlestim","115","144930","392","â€šÃ³Ã¨","77","dotpositionright","singlestim","116","145374","m","right","correct","1","","1","trialend","singlestim","117","146388"
"5244","Subject226","1","failurefailure","1","failure","positionleft","validityvalid","test","2","negative","singlestim","119","148392","472","â€šÃ³Ã¨","67","dotpositionleft","singlestim","120","148914","c","left","correct","1","","1","trialend","singlestim","121","149926"
"5541","Subject226","1","braverybravery","1","bravery","positionleft","validityvalid","test","2","positive","singlestim","123","151932","498","â€šÃ³Ã¨","67","dotpositionleft","singlestim","124","152480","c","left","correct","1","","1","trialend","singlestim","125","153492"
"5838","Subject226","1","filthyfilthy","1","filthy","positionleft","validityinvalid","test","2","negative","singlestim","127","155496","514","â€šÃ³Ã¨","77","dotpositionright","singlestim","128","156062","m","right","correct","1","","1","trialend","singlestim","129","157076"
"6135","Subject226","1","abuseabuse","1","abuse","positionright","validityvalid","test","2","negative","singlestim","131","159080","488","â€šÃ³Ã¨","77","dotpositionright","singlestim","132","159620","m","right","correct","1","","1","trialend","singlestim","133","160632"
"6432","Subject226","1","lovelove","1","love","positionright","validityinvalid","test","2","positive","singlestim","135","162638","428","â€šÃ³Ã¨","67","dotpositionleft","singlestim","136","163118","c","left","correct","1","","1","trialend","singlestim","137","164130"
"6729","Subject226","1","pleasurepleasure","1","pleasure","positionleft","validityvalid","test","2","positive","singlestim","139","166136","434","â€šÃ³Ã¨","67","dotpositionleft","singlestim","140","166624","c","left","correct","1","","1","trialend","singlestim","141","167636"
"7026","Subject226","1","horsehorse","1","horse","positionleft","validityinvalid","test","2","neutral","singlestim","143","169640","432","â€šÃ³Ã¨","77","dotpositionright","singlestim","144","170126","m","right","correct","1","","1","trialend","singlestim","145","171138"
"7323","Subject226","1","paperpaper","1","paper","positionleft","validityvalid","test","2","neutral","singlestim","147","173142","444","â€šÃ³Ã¨","67","dotpositionleft","singlestim","148","173638","c","left","correct","1","","1","trialend","singlestim","149","174652"
"7620","Subject226","1","overdoseoverdose","1","overdose","positionright","validityinvalid","test","2","suicide","singlestim","151","176654","384","â€šÃ³Ã¨","67","dotpositionleft","singlestim","152","177092","c","left","correct","1","","1","trialend","singlestim","153","178106"
"7917","Subject226","1","corpsecorpse","1","corpse","positionleft","validityvalid","test","2","suicide","singlestim","155","180110","334","â€šÃ³Ã¨","67","dotpositionleft","singlestim","156","180494","c","left","correct","1","","1","trialend","singlestim","157","181506"
"8214","Subject226","1","cruelcruel","1","cruel","positionright","validityvalid","test","2","negative","singlestim","159","183512","398","â€šÃ³Ã¨","77","dotpositionright","singlestim","160","183962","m","right","correct","1","","1","trialend","singlestim","161","184974"
"8511","Subject226","1","noosenoose","1","noose","positionleft","validityvalid","test","2","suicide","singlestim","163","186978","402","â€šÃ³Ã¨","67","dotpositionleft","singlestim","164","187430","c","left","correct","1","","1","trialend","singlestim","165","188442"
"8808","Subject226","1","deathdeath","1","death","positionright","validityvalid","test","2","suicide","singlestim","167","190446","392","â€šÃ³Ã¨","77","dotpositionright","singlestim","168","190888","m","right","correct","1","","1","trialend","singlestim","169","191902"
"9105","Subject226","1","tabletable","1","table","positionright","validityvalid","test","2","neutral","singlestim","171","193904","422","â€šÃ³Ã¨","77","dotpositionright","singlestim","172","194380","m","right","correct","1","","1","trialend","singlestim","173","195394"
"9402","Subject226","1","enthusiasmenthusiasm","1","enthusiasm","positionright","validityvalid","test","2","positive","singlestim","175","197398","394","â€šÃ³Ã¨","77","dotpositionright","singlestim","176","197844","m","right","correct","1","","1","trialend","singlestim","177","198856"
"9699","Subject226","1","dyingdying","1","dying","positionleft","validityvalid","test","3","suicide","singlestim","179","200860","408","â€šÃ³Ã¨","67","dotpositionleft","singlestim","180","201320","c","left","correct","1","","1","trialend","singlestim","181","202334"
"9996","Subject226","1","smilesmile","1","smile","positionleft","validityvalid","test","3","positive","singlestim","183","204336","550","â€šÃ³Ã¨","67","dotpositionleft","singlestim","184","204938","c","left","correct","1","","1","trialend","singlestim","185","205950"
"10293","Subject226","1","kisskiss","1","kiss","positionright","validityinvalid","test","3","positive","singlestim","187","207954","482","â€šÃ³Ã¨","67","dotpositionleft","singlestim","188","208488","c","left","correct","1","","1","trialend","singlestim","189","209500"
"10590","Subject226","1","strongstrong","1","strong","positionleft","validityvalid","test","3","positive","singlestim","191","211504","532","â€šÃ³Ã¨","67","dotpositionleft","singlestim","192","212088","c","left","correct","1","","1","trialend","singlestim","193","213102"
"10887","Subject226","1","bombbomb","1","bomb","positionright","validityvalid","test","3","negative","singlestim","195","215106","420","â€šÃ³Ã¨","77","dotpositionright","singlestim","196","215578","m","right","correct","1","","1","trialend","singlestim","197","216590"
"11184","Subject226","1","diedie","1","die","positionright","validityvalid","test","3","suicide","singlestim","199","218594","422","â€šÃ³Ã¨","77","dotpositionright","singlestim","200","219078","m","right","correct","1","","1","trialend","singlestim","201","220090"
"11481","Subject226","1","touretoure","1","toure","positionleft","validityvalid","test","3","negative","singlestim","203","222094","428","â€šÃ³Ã¨","67","dotpositionleft","singlestim","204","222574","c","left","correct","1","","1","trialend","singlestim","205","223588"
"11778","Subject226","1","cuttingcutting","1","cutting","positionright","validityvalid","test","3","suicide","singlestim","207","225592","374","â€šÃ³Ã¨","77","dotpositionright","singlestim","208","226016","m","right","correct","1","","1","trialend","singlestim","209","227030"
"12075","Subject226","1","deaddead","1","dead","positionleft","validityinvalid","test","3","suicide","singlestim","211","229034","440","â€šÃ³Ã¨","77","dotpositionright","singlestim","212","229524","m","right","correct","1","","1","trialend","singlestim","213","230536"
"12372","Subject226","1","metermeter","1","meter","positionleft","validityvalid","test","3","neutral","singlestim","215","232540","468","â€šÃ³Ã¨","67","dotpositionleft","singlestim","216","233060","c","left","correct","1","","1","trialend","singlestim","217","234072"
"12669","Subject226","1","greengreen","1","green","positionright","validityvalid","test","3","neutral","singlestim","219","236076","384","â€šÃ³Ã¨","77","dotpositionright","singlestim","220","236512","m","right","correct","1","","1","trialend","singlestim","221","237526"
"12966","Subject226","1","closetcloset","1","closet","positionright","validityinvalid","test","3","neutral","singlestim","223","239528","450","â€šÃ³Ã¨","67","dotpositionleft","singlestim","224","240030","c","left","correct","1","","1","trialend","singlestim","225","241046"
"13263","Subject226","1","rejectedrejected","1","rejected","positionright","validityvalid","test","3","negative","singlestim","227","243050","378","â€šÃ³Ã¨","77","dotpositionright","singlestim","228","243480","m","right","correct","1","","1","trialend","singlestim","229","244492"
"13560","Subject226","1","assaultassault","1","assault","positionleft","validityinvalid","test","3","negative","singlestim","231","246500","464","â€šÃ³Ã¨","77","dotpositionright","singlestim","232","247022","m","right","correct","1","","1","trialend","singlestim","233","248034"
"13857","Subject226","1","museummuseum","1","museum","positionleft","validityvalid","test","3","neutral","singlestim","235","250038","456","â€šÃ³Ã¨","67","dotpositionleft","singlestim","236","250548","c","left","correct","1","","1","trialend","singlestim","237","251560"
"14154","Subject226","1","happyhappy","1","happy","positionright","validityvalid","test","3","positive","singlestim","239","253574","378","â€šÃ³Ã¨","77","dotpositionright","singlestim","240","254002","m","right","correct","1","","1","trialend","singlestim","241","255014"
"14451","Subject226","1","killingkilling","1","killing","positionleft","validityvalid","test","4","suicide","singlestim","243","257016","430","â€šÃ³Ã¨","67","dotpositionleft","singlestim","244","257498","c","left","correct","1","","1","trialend","singlestim","245","258510"
"14748","Subject226","1","engineengine","1","engine","positionleft","validityvalid","test","4","neutral","singlestim","247","260514","408","â€šÃ³Ã¨","67","dotpositionleft","singlestim","248","260976","c","left","correct","1","","1","trialend","singlestim","249","261990"
"15045","Subject226","504","frameframe","67","frame","positionleft","validityinvalid","test","4","neutral","singlestim","251","263994","354","â€šÃ³Ã¨","77","dotpositionright","singlestim","252","264398","m","right","correct","1","","1","trialend","singlestim","253","265412"
"15342","Subject226","1","wohlesswohless","1","wohless","positionright","validityvalid","test","4","negative","singlestim","255","267416","376","â€šÃ³Ã¨","77","dotpositionright","singlestim","256","267846","m","right","correct","1","","1","trialend","singlestim","257","268858"
"15639","Subject226","1","deceaseddeceased","1","deceased","positionright","validityvalid","test","4","suicide","singlestim","259","270860","372","â€šÃ³Ã¨","77","dotpositionright","singlestim","260","271284","m","right","correct","1","","1","trialend","singlestim","261","272296"
"15936","Subject226","1","alonealone","1","alone","positionleft","validityvalid","test","4","negative","singlestim","263","274298","414","â€šÃ³Ã¨","67","dotpositionleft","singlestim","264","274764","c","left","correct","1","","1","trialend","singlestim","265","275776"
"16233","Subject226","1","ecstaticecstatic","1","ecstatic","positionright","validityvalid","test","4","positive","singlestim","267","277780","382","â€šÃ³Ã¨","77","dotpositionright","singlestim","268","278212","m","right","correct","1","","1","trialend","singlestim","269","279226"
"16530","Subject226","1","ashamedashamed","1","ashamed","positionright","validityinvalid","test","4","negative","singlestim","271","281230","450","â€šÃ³Ã¨","67","dotpositionleft","singlestim","272","281738","c","left","correct","1","","1","trialend","singlestim","273","282752"
"16827","Subject226","1","passionatepassionate","1","passionate","positionleft","validityinvalid","test","4","positive","singlestim","275","284756","380","â€šÃ³Ã¨","77","dotpositionright","singlestim","276","285188","m","right","correct","1","","1","trialend","singlestim","277","286200"
"17124","Subject226","1","suicidesuicide","1","suicide","positionright","validityinvalid","test","4","suicide","singlestim","279","288202","402","â€šÃ³Ã¨","67","dotpositionleft","singlestim","280","288656","c","left","correct","1","","1","trialend","singlestim","281","289668"
"17421","Subject226","1","structurestructure","1","structure","positionright","validityvalid","test","4","neutral","singlestim","283","291672","414","â€šÃ³Ã¨","77","dotpositionright","singlestim","284","292136","m","right","correct","1","","1","trialend","singlestim","285","293148"
"17718","Subject226","1","hanginghanging","1","hanging","positionleft","validityvalid","test","4","suicide","singlestim","287","295152","356","â€šÃ³Ã¨","67","dotpositionleft","singlestim","288","295560","c","left","correct","1","","1","trialend","singlestim","289","296572"
"18015","Subject226","1","doubledouble","1","double","positionright","validityvalid","test","4","neutral","singlestim","291","298574","536","â€šÃ³Ã¨","77","dotpositionright","singlestim","292","299164","m","right","correct","1","","1","trialend","singlestim","293","300176"
"18312","Subject226","1","laughlaugh","1","laugh","positionright","validityvalid","test","4","positive","singlestim","295","302178","386","â€šÃ³Ã¨","77","dotpositionright","singlestim","296","302616","m","right","correct","1","","1","trialend","singlestim","297","303628"
"18609","Subject226","1","successsuccess","1","success","positionleft","validityvalid","test","4","positive","singlestim","299","305630","428","â€šÃ³Ã¨","67","dotpositionleft","singlestim","300","306112","c","left","correct","1","","1","trialend","singlestim","301","307122"
"18906","Subject226","1","stupidstupid","1","stupid","positionleft","validityvalid","test","4","negative","singlestim","303","309128","488","â€šÃ³Ã¨","67","dotpositionleft","singlestim","304","309668","c","left","correct","1","","1","trialend","singlestim","305","310680"
