"","SubjectID","rt","stimulus","keypress","word","wordposition","validity","block","blocknum","wordtype","trialtype","trialindex","timeelapsed","rt.1","stimulus.1","keypress.1","dotposition","trialtype.1","trialindex.1","timeelapsed.1","keypressed","participantresponse","correctresponse","rt.2","stimulus.2","keypress.2","blocktrial","trialtype.2","trialindex.2","timeelapsed.2"
"223","Subject255","1","stupidstupid","1","stupid","positionleft","validityvalid","test","4","negative","singlestim","51","102041","698","â€šÃ³Ã¨","67","dotpositionleft","singlestim","52","102789","c","left","correct","1","","1","trialend","singlestim","53","103801"
"520","Subject255","1","ashamedashamed","1","ashamed","positionright","validityinvalid","test","4","negative","singlestim","55","105802","392","â€šÃ³Ã¨","67","dotpositionleft","singlestim","56","106246","c","left","correct","1","","1","trialend","singlestim","57","107257"
"817","Subject255","1","killingkilling","1","killing","positionleft","validityvalid","test","4","suicide","singlestim","59","109259","389","â€šÃ³Ã¨","67","dotpositionleft","singlestim","60","109701","c","left","correct","1","","1","trialend","singlestim","61","110713"
"1114","Subject255","1","laughlaugh","1","laugh","positionright","validityvalid","test","4","positive","singlestim","63","112716","454","â€šÃ³Ã¨","77","dotpositionright","singlestim","64","113221","m","right","correct","1","","1","trialend","singlestim","65","114232"
"1411","Subject255","1","doubledouble","1","double","positionright","validityvalid","test","4","neutral","singlestim","67","116236","430","â€šÃ³Ã¨","77","dotpositionright","singlestim","68","116718","m","right","correct","1","","1","trialend","singlestim","69","117730"
"1708","Subject255","1","hanginghanging","1","hanging","positionleft","validityvalid","test","4","suicide","singlestim","71","119732","413","â€šÃ³Ã¨","67","dotpositionleft","singlestim","72","120196","c","left","correct","1","","1","trialend","singlestim","73","121210"
"2005","Subject255","1","passionatepassionate","1","passionate","positionleft","validityinvalid","test","4","positive","singlestim","75","123212","437","â€šÃ³Ã¨","77","dotpositionright","singlestim","76","123701","m","right","correct","1","","1","trialend","singlestim","77","124713"
"2302","Subject255","1","alonealone","1","alone","positionleft","validityvalid","test","4","negative","singlestim","79","126716","398","â€šÃ³Ã¨","67","dotpositionleft","singlestim","80","127166","c","left","correct","1","","1","trialend","singlestim","81","128178"
"2599","Subject255","1","deceaseddeceased","1","deceased","positionright","validityvalid","test","4","suicide","singlestim","83","130181","373","â€šÃ³Ã¨","77","dotpositionright","singlestim","84","130605","m","right","correct","1","","1","trialend","singlestim","85","131617"
"2896","Subject255","1","frameframe","1","frame","positionleft","validityinvalid","test","4","neutral","singlestim","87","133619","414","â€šÃ³Ã¨","77","dotpositionright","singlestim","88","134084","m","right","correct","1","","1","trialend","singlestim","89","135097"
"3193","Subject255","1","suicidesuicide","1","suicide","positionright","validityinvalid","test","4","suicide","singlestim","91","137100","453","â€šÃ³Ã¨","67","dotpositionleft","singlestim","92","137606","c","left","correct","1","","1","trialend","singlestim","93","138619"
"3490","Subject255","1","engineengine","1","engine","positionleft","validityvalid","test","4","neutral","singlestim","95","140623","363","â€šÃ³Ã¨","67","dotpositionleft","singlestim","96","141037","c","left","correct","1","","1","trialend","singlestim","97","142048"
"3787","Subject255","1","successsuccess","1","success","positionleft","validityvalid","test","4","positive","singlestim","99","144051","366","â€šÃ³Ã¨","67","dotpositionleft","singlestim","100","144469","c","left","correct","1","","1","trialend","singlestim","101","145481"
"4084","Subject255","1","wohlesswohless","1","wohless","positionright","validityvalid","test","4","negative","singlestim","103","147485","389","â€šÃ³Ã¨","77","dotpositionright","singlestim","104","147925","m","right","correct","1","","1","trialend","singlestim","105","148938"
"4381","Subject255","1","structurestructure","1","structure","positionright","validityvalid","test","4","neutral","singlestim","107","150942","332","â€šÃ³Ã¨","77","dotpositionright","singlestim","108","151325","m","right","correct","1","","1","trialend","singlestim","109","152339"
"4678","Subject255","1","ecstaticecstatic","1","ecstatic","positionright","validityvalid","test","4","positive","singlestim","111","154341","411","â€šÃ³Ã¨","77","dotpositionright","singlestim","112","154804","m","right","correct","1","","1","trialend","singlestim","113","155818"
"4975","Subject255","1","statuestatue","1","statue","positionright","validityinvalid","test","1","neutral","singlestim","115","157821","445","â€šÃ³Ã¨","67","dotpositionleft","singlestim","116","158317","c","left","correct","1","","1","trialend","singlestim","117","159331"
"5272","Subject255","1","vomitvomit","1","vomit","positionleft","validityvalid","test","1","negative","singlestim","119","161335","435","â€šÃ³Ã¨","67","dotpositionleft","singlestim","120","161822","c","left","correct","1","","1","trialend","singlestim","121","162834"
"5569","Subject255","1","healthyhealthy","1","healthy","positionleft","validityinvalid","test","1","positive","singlestim","123","164838","380","â€šÃ³Ã¨","77","dotpositionright","singlestim","124","165270","m","right","correct","1","","1","trialend","singlestim","125","166281"
"5866","Subject255","1","gunshotgunshot","1","gunshot","positionright","validityvalid","test","1","suicide","singlestim","127","168285","366","â€šÃ³Ã¨","77","dotpositionright","singlestim","128","168703","m","right","correct","1","","1","trialend","singlestim","129","169715"
"6163","Subject255","1","paradiseparadise","1","paradise","positionleft","validityvalid","test","1","positive","singlestim","131","171720","346","â€šÃ³Ã¨","67","dotpositionleft","singlestim","132","172117","c","left","correct","1","","1","trialend","singlestim","133","173129"
"6460","Subject255","1","bloodblood","1","blood","positionleft","validityvalid","test","1","suicide","singlestim","135","175133","621","â€šÃ³Ã¨","67","dotpositionleft","singlestim","136","175805","c","left","correct","1","","1","trialend","singlestim","137","176818"
"6757","Subject255","1","patheticpathetic","1","pathetic","positionleft","validityvalid","test","1","negative","singlestim","139","178821","367","â€šÃ³Ã¨","67","dotpositionleft","singlestim","140","179238","c","left","correct","1","","1","trialend","singlestim","141","180252"
"7054","Subject255","1","funeralfuneral","1","funeral","positionright","validityvalid","test","1","suicide","singlestim","143","182254","419","â€šÃ³Ã¨","77","dotpositionright","singlestim","144","182725","m","right","correct","1","","1","trialend","singlestim","145","183737"
"7351","Subject255","1","imageimage","1","image","positionleft","validityvalid","test","1","neutral","singlestim","147","185740","469","â€šÃ³Ã¨","67","dotpositionleft","singlestim","148","186262","c","left","correct","1","","1","trialend","singlestim","149","187274"
"7648","Subject255","1","hatehate","1","hate","positionright","validityinvalid","test","1","negative","singlestim","151","189279","402","â€šÃ³Ã¨","67","dotpositionleft","singlestim","152","189734","c","left","correct","1","","1","trialend","singlestim","153","190747"
"7945","Subject255","1","greatgreat","1","great","positionright","validityvalid","test","1","positive","singlestim","155","192752","378","â€šÃ³Ã¨","77","dotpositionright","singlestim","156","193182","m","right","correct","1","","1","trialend","singlestim","157","194196"
"8242","Subject255","1","attractionattraction","1","attraction","positionright","validityvalid","test","1","positive","singlestim","159","196198","420","â€šÃ³Ã¨","77","dotpositionright","singlestim","160","196669","m","right","correct","1","","1","trialend","singlestim","161","197681"
"8539","Subject255","1","cryingcrying","1","crying","positionright","validityvalid","test","1","negative","singlestim","163","199686","404","â€šÃ³Ã¨","77","dotpositionright","singlestim","164","200142","m","right","correct","1","","1","trialend","singlestim","165","201155"
"8836","Subject255","1","cheesecheese","1","cheese","positionright","validityvalid","test","1","neutral","singlestim","167","203160","345","â€šÃ³Ã¨","77","dotpositionright","singlestim","168","203557","m","right","correct","1","","1","trialend","singlestim","169","204571"
"9133","Subject255","1","suffocationsuffocation","1","suffocation","positionleft","validityinvalid","test","1","suicide","singlestim","171","206575","395","â€šÃ³Ã¨","77","dotpositionright","singlestim","172","207021","m","right","correct","1","","1","trialend","singlestim","173","208034"
"9430","Subject255","1","foldedfolded","1","folded","positionleft","validityvalid","test","1","neutral","singlestim","175","210037","405","â€šÃ³Ã¨","67","dotpositionleft","singlestim","176","210494","c","left","correct","1","","1","trialend","singlestim","177","211506"
"9727","Subject255","1","braverybravery","1","bravery","positionleft","validityvalid","test","2","positive","singlestim","179","213509","420","â€šÃ³Ã¨","67","dotpositionleft","singlestim","180","213981","c","left","correct","1","","1","trialend","singlestim","181","214993"
"10024","Subject255","1","cruelcruel","1","cruel","positionright","validityvalid","test","2","negative","singlestim","183","216997","315","â€šÃ³Ã¨","77","dotpositionright","singlestim","184","217366","m","right","correct","1","","1","trialend","singlestim","185","218378"
"10321","Subject255","1","horsehorse","1","horse","positionleft","validityinvalid","test","2","neutral","singlestim","187","220382","396","â€šÃ³Ã¨","77","dotpositionright","singlestim","188","220831","m","right","correct","1","","1","trialend","singlestim","189","221845"
"10618","Subject255","1","overdoseoverdose","1","overdose","positionright","validityinvalid","test","2","suicide","singlestim","191","223848","562","â€šÃ³Ã¨","67","dotpositionleft","singlestim","192","224463","c","left","correct","1","","1","trialend","singlestim","193","225475"
"10915","Subject255","1","pleasurepleasure","1","pleasure","positionleft","validityvalid","test","2","positive","singlestim","195","227478","389","â€šÃ³Ã¨","67","dotpositionleft","singlestim","196","227919","c","left","correct","1","","1","trialend","singlestim","197","228931"
"11212","Subject255","1","noosenoose","1","noose","positionleft","validityvalid","test","2","suicide","singlestim","199","230934","439","â€šÃ³Ã¨","67","dotpositionleft","singlestim","200","231424","c","left","correct","1","","1","trialend","singlestim","201","232437"
"11509","Subject255","1","tabletable","1","table","positionright","validityvalid","test","2","neutral","singlestim","203","234441","354","â€šÃ³Ã¨","77","dotpositionright","singlestim","204","234847","m","right","correct","1","","1","trialend","singlestim","205","235859"
"11806","Subject255","1","corpsecorpse","1","corpse","positionleft","validityvalid","test","2","suicide","singlestim","207","237863","430","â€šÃ³Ã¨","67","dotpositionleft","singlestim","208","238343","c","left","correct","1","","1","trialend","singlestim","209","239354"
"12103","Subject255","1","failurefailure","1","failure","positionleft","validityvalid","test","2","negative","singlestim","211","241358","415","â€šÃ³Ã¨","67","dotpositionleft","singlestim","212","241823","c","left","correct","1","","1","trialend","singlestim","213","242837"
"12400","Subject255","1","paperpaper","1","paper","positionleft","validityvalid","test","2","neutral","singlestim","215","244841","345","â€šÃ³Ã¨","67","dotpositionleft","singlestim","216","245238","c","left","correct","1","","1","trialend","singlestim","217","246251"
"12697","Subject255","1","enthusiasmenthusiasm","1","enthusiasm","positionright","validityvalid","test","2","positive","singlestim","219","248254","355","â€šÃ³Ã¨","77","dotpositionright","singlestim","220","248662","m","right","correct","1","","1","trialend","singlestim","221","249675"
"12994","Subject255","1","deathdeath","1","death","positionright","validityvalid","test","2","suicide","singlestim","223","251677","360","â€šÃ³Ã¨","77","dotpositionright","singlestim","224","252087","m","right","correct","1","","1","trialend","singlestim","225","253101"
"13291","Subject255","1","lovelove","1","love","positionright","validityinvalid","test","2","positive","singlestim","227","255105","368","â€šÃ³Ã¨","67","dotpositionleft","singlestim","228","255526","c","left","correct","1","","1","trialend","singlestim","229","256538"
"13588","Subject255","1","abuseabuse","1","abuse","positionright","validityvalid","test","2","negative","singlestim","231","258543","365","â€šÃ³Ã¨","77","dotpositionright","singlestim","232","258959","m","right","correct","1","","1","trialend","singlestim","233","259972"
"13885","Subject255","1","foamfoam","1","foam","positionright","validityvalid","test","2","neutral","singlestim","235","261975","380","â€šÃ³Ã¨","77","dotpositionright","singlestim","236","262407","m","right","correct","1","","1","trialend","singlestim","237","263422"
"14182","Subject255","1","filthyfilthy","1","filthy","positionleft","validityinvalid","test","2","negative","singlestim","239","265426","458","â€šÃ³Ã¨","77","dotpositionright","singlestim","240","265935","m","right","correct","1","","1","trialend","singlestim","241","266946"
"14479","Subject255","1","assaultassault","1","assault","positionleft","validityinvalid","test","3","negative","singlestim","243","268951","412","â€šÃ³Ã¨","77","dotpositionright","singlestim","244","269415","m","right","correct","1","","1","trialend","singlestim","245","270427"
"14776","Subject255","1","touretoure","1","toure","positionleft","validityvalid","test","3","negative","singlestim","247","272430","422","â€šÃ³Ã¨","67","dotpositionleft","singlestim","248","272903","c","left","correct","1","","1","trialend","singlestim","249","273914"
"15073","Subject255","1","metermeter","1","meter","positionleft","validityvalid","test","3","neutral","singlestim","251","275917","405","â€šÃ³Ã¨","67","dotpositionleft","singlestim","252","276374","c","left","correct","1","","1","trialend","singlestim","253","277388"
"15370","Subject255","1","greengreen","1","green","positionright","validityvalid","test","3","neutral","singlestim","255","279393","369","â€šÃ³Ã¨","77","dotpositionright","singlestim","256","279814","m","right","correct","1","","1","trialend","singlestim","257","280829"
"15667","Subject255","1","kisskiss","1","kiss","positionright","validityinvalid","test","3","positive","singlestim","259","282834","355","â€šÃ³Ã¨","67","dotpositionleft","singlestim","260","283240","c","left","correct","1","","1","trialend","singlestim","261","284252"
"15964","Subject255","1","happyhappy","1","happy","positionright","validityvalid","test","3","positive","singlestim","263","286255","397","â€šÃ³Ã¨","77","dotpositionright","singlestim","264","286704","m","right","correct","1","","1","trialend","singlestim","265","287715"
"16261","Subject255","1","strongstrong","1","strong","positionleft","validityvalid","test","3","positive","singlestim","267","289720","365","â€šÃ³Ã¨","67","dotpositionleft","singlestim","268","290136","c","left","correct","1","","1","trialend","singlestim","269","291148"
"16558","Subject255","1","museummuseum","1","museum","positionleft","validityvalid","test","3","neutral","singlestim","271","293151","447","â€šÃ³Ã¨","67","dotpositionleft","singlestim","272","293649","c","left","correct","1","","1","trialend","singlestim","273","294661"
"16855","Subject255","1","closetcloset","1","closet","positionright","validityinvalid","test","3","neutral","singlestim","275","296663","389","â€šÃ³Ã¨","67","dotpositionleft","singlestim","276","297104","c","left","correct","1","","1","trialend","singlestim","277","298117"
"17152","Subject255","1","diedie","1","die","positionright","validityvalid","test","3","suicide","singlestim","279","300120","468","â€šÃ³Ã¨","77","dotpositionright","singlestim","280","300639","m","right","correct","1","","1","trialend","singlestim","281","301652"
"17449","Subject255","1","cuttingcutting","1","cutting","positionright","validityvalid","test","3","suicide","singlestim","283","303656","429","â€šÃ³Ã¨","77","dotpositionright","singlestim","284","304137","m","right","correct","1","","1","trialend","singlestim","285","305148"
"17746","Subject255","1","deaddead","1","dead","positionleft","validityinvalid","test","3","suicide","singlestim","287","307151","540","â€šÃ³Ã¨","77","dotpositionright","singlestim","288","307743","m","right","correct","1","","1","trialend","singlestim","289","308756"
"18043","Subject255","1","smilesmile","1","smile","positionleft","validityvalid","test","3","positive","singlestim","291","310760","540","â€šÃ³Ã¨","67","dotpositionleft","singlestim","292","311351","c","left","correct","1","","1","trialend","singlestim","293","312365"
"18340","Subject255","1","bombbomb","1","bomb","positionright","validityvalid","test","3","negative","singlestim","295","314368","372","â€šÃ³Ã¨","77","dotpositionright","singlestim","296","314793","m","right","correct","1","","1","trialend","singlestim","297","315806"
"18637","Subject255","1","rejectedrejected","1","rejected","positionright","validityvalid","test","3","negative","singlestim","299","317809","353","â€šÃ³Ã¨","77","dotpositionright","singlestim","300","318215","m","right","correct","1","","1","trialend","singlestim","301","319230"
"18934","Subject255","1","dyingdying","1","dying","positionleft","validityvalid","test","3","suicide","singlestim","303","321233","346","â€šÃ³Ã¨","67","dotpositionleft","singlestim","304","321631","c","left","correct","1","","1","trialend","singlestim","305","322645"
