"","SubjectID","rt","stimulus","keypress","word","wordposition","validity","block","blocknum","wordtype","trialtype","trialindex","timeelapsed","rt.1","stimulus.1","keypress.1","dotposition","trialtype.1","trialindex.1","timeelapsed.1","keypressed","participantresponse","correctresponse","rt.2","stimulus.2","keypress.2","blocktrial","trialtype.2","trialindex.2","timeelapsed.2"
"80","Subject85","hatehate","1","hate","positionright","validityinvalid","test","1","negative","singlestim","51","84519","100010","â€šÃ³Ã¨","67","dotpositionleft","singlestim","52","85060","100020","left","correct","1","","1","trialend","singlestim","53","86076","100030"
"377","Subject85","greatgreat","1","great","positionright","validityvalid","test","1","positive","singlestim","55","88085","100050","â€šÃ³Ã¨","77","dotpositionright","singlestim","56","88516","100060","right","correct","1","","1","trialend","singlestim","57","89530","100070"
"674","Subject85","suffocationsuffocation","1","suffocation","positionleft","validityinvalid","test","1","suicide","singlestim","59","91535","100090","â€šÃ³Ã¨","77","dotpositionright","singlestim","60","91955","1000100","right","correct","1","","1","trialend","singlestim","61","92972","1000110"
"971","Subject85","paradiseparadise","1","paradise","positionleft","validityvalid","test","1","positive","singlestim","63","94977","1000130","â€šÃ³Ã¨","67","dotpositionleft","singlestim","64","95438","1000140","left","correct","1","","1","trialend","singlestim","65","96451","1000150"
"1268","Subject85","attractionattraction","1","attraction","positionright","validityvalid","test","1","positive","singlestim","67","98460","1000170","â€šÃ³Ã¨","77","dotpositionright","singlestim","68","99063","1000180","right","correct","1","","1","trialend","singlestim","69","100076","1000190"
"1565","Subject85","bloodblood","1","blood","positionleft","validityvalid","test","1","suicide","singlestim","71","102086","1000210","â€šÃ³Ã¨","67","dotpositionleft","singlestim","72","102658","1000220","left","correct","1","","1","trialend","singlestim","73","103675","1000230"
"1862","Subject85","funeralfuneral","1","funeral","positionright","validityvalid","test","1","suicide","singlestim","75","105686","1000250","â€šÃ³Ã¨","77","dotpositionright","singlestim","76","106176","1000260","right","correct","1","","1","trialend","singlestim","77","107191","1000270"
"2159","Subject85","foldedfolded","1","folded","positionleft","validityvalid","test","1","neutral","singlestim","79","109197","1000290","â€šÃ³Ã¨","67","dotpositionleft","singlestim","80","109706","1000300","left","correct","1","","1","trialend","singlestim","81","110724","1000310"
"2456","Subject85","imageimage","1","image","positionleft","validityvalid","test","1","neutral","singlestim","83","112732","1000330","â€šÃ³Ã¨","67","dotpositionleft","singlestim","84","113287","1000340","left","correct","1","","1","trialend","singlestim","85","114302","1000350"
"2753","Subject85","cheesecheese","1","cheese","positionright","validityvalid","test","1","neutral","singlestim","87","116307","1000370","â€šÃ³Ã¨","77","dotpositionright","singlestim","88","116889","1000380","right","correct","1","","1","trialend","singlestim","89","117906","1000390"
"3050","Subject85","cryingcrying","1","crying","positionright","validityvalid","test","1","negative","singlestim","91","119912","1000410","â€šÃ³Ã¨","77","dotpositionright","singlestim","92","120509","1000420","right","correct","1","","1","trialend","singlestim","93","121521","1000430"
"3347","Subject85","gunshotgunshot","1","gunshot","positionright","validityvalid","test","1","suicide","singlestim","95","123530","1000450","â€šÃ³Ã¨","77","dotpositionright","singlestim","96","124039","1000460","right","correct","1","","1","trialend","singlestim","97","125053","1000470"
"3644","Subject85","vomitvomit","1","vomit","positionleft","validityvalid","test","1","negative","singlestim","99","127063","1000490","â€šÃ³Ã¨","67","dotpositionleft","singlestim","100","127582","1000500","left","correct","1","","1","trialend","singlestim","101","128597","1000510"
"3941","Subject85","statuestatue","1","statue","positionright","validityinvalid","test","1","neutral","singlestim","103","130606","1000530","â€šÃ³Ã¨","67","dotpositionleft","singlestim","104","131148","1000540","left","correct","1","","1","trialend","singlestim","105","132164","1000550"
"4238","Subject85","healthyhealthy","1","healthy","positionleft","validityinvalid","test","1","positive","singlestim","107","134172","1000570","â€šÃ³Ã¨","77","dotpositionright","singlestim","108","134889","1000580","right","correct","1","","1","trialend","singlestim","109","135905","1000590"
"4535","Subject85","patheticpathetic","1","pathetic","positionleft","validityvalid","test","1","negative","singlestim","111","137912","1000610","â€šÃ³Ã¨","67","dotpositionleft","singlestim","112","138568","1000620","left","correct","1","","1","trialend","singlestim","113","139582","1000630"
"4832","Subject85","alonealone","1","alone","positionleft","validityvalid","test","4","negative","singlestim","115","141592","101010","â€šÃ³Ã¨","67","dotpositionleft","singlestim","116","142162","101020","left","correct","1","","1","trialend","singlestim","117","143177","101030"
"5129","Subject85","suicidesuicide","1","suicide","positionright","validityinvalid","test","4","suicide","singlestim","119","145186","101050","â€šÃ³Ã¨","67","dotpositionleft","singlestim","120","145802","101060","left","correct","1","","1","trialend","singlestim","121","146816","101070"
"5426","Subject85","doubledouble","1","double","positionright","validityvalid","test","4","neutral","singlestim","123","148824","101090","â€šÃ³Ã¨","77","dotpositionright","singlestim","124","149278","1010100","right","correct","1","","1","trialend","singlestim","125","150291","1010110"
"5723","Subject85","ecstaticecstatic","1","ecstatic","positionright","validityvalid","test","4","positive","singlestim","127","152301","1010130","â€šÃ³Ã¨","77","dotpositionright","singlestim","128","153171","1010140","right","correct","1","","1","trialend","singlestim","129","154188","1010150"
"6020","Subject85","deceaseddeceased","1","deceased","positionright","validityvalid","test","4","suicide","singlestim","131","156193","1010170","â€šÃ³Ã¨","77","dotpositionright","singlestim","132","156657","1010180","right","correct","1","","1","trialend","singlestim","133","157673","1010190"
"6317","Subject85","structurestructure","1","structure","positionright","validityvalid","test","4","neutral","singlestim","135","159682","1010210","â€šÃ³Ã¨","77","dotpositionright","singlestim","136","160096","1010220","right","correct","1","","1","trialend","singlestim","137","161109","1010230"
"6614","Subject85","wohlesswohless","1","wohless","positionright","validityvalid","test","4","negative","singlestim","139","163117","1010250","â€šÃ³Ã¨","77","dotpositionright","singlestim","140","163549","1010260","right","correct","1","","1","trialend","singlestim","141","164565","1010270"
"6911","Subject85","killingkilling","1","killing","positionleft","validityvalid","test","4","suicide","singlestim","143","166574","1010290","â€šÃ³Ã¨","67","dotpositionleft","singlestim","144","167205","1010300","left","correct","1","","1","trialend","singlestim","145","168222","1010310"
"7208","Subject85","engineengine","1","engine","positionleft","validityvalid","test","4","neutral","singlestim","147","170227","1010330","â€šÃ³Ã¨","67","dotpositionleft","singlestim","148","170686","1010340","left","correct","1","","1","trialend","singlestim","149","171701","1010350"
"7505","Subject85","hanginghanging","1","hanging","positionleft","validityvalid","test","4","suicide","singlestim","151","173710","1010370","â€šÃ³Ã¨","67","dotpositionleft","singlestim","152","174180","1010380","left","correct","1","","1","trialend","singlestim","153","175197","1010390"
"7802","Subject85","passionatepassionate","1","passionate","positionleft","validityinvalid","test","4","positive","singlestim","155","177204","1010410","â€šÃ³Ã¨","77","dotpositionright","singlestim","156","177659","1010420","right","correct","1","","1","trialend","singlestim","157","178674","1010430"
"8099","Subject85","stupidstupid","1","stupid","positionleft","validityvalid","test","4","negative","singlestim","159","180681","1010450","â€šÃ³Ã¨","67","dotpositionleft","singlestim","160","181192","1010460","left","correct","1","","1","trialend","singlestim","161","182206","1010470"
"8396","Subject85","successsuccess","1","success","positionleft","validityvalid","test","4","positive","singlestim","163","184215","1010490","â€šÃ³Ã¨","67","dotpositionleft","singlestim","164","184740","1010500","left","correct","1","","1","trialend","singlestim","165","185756","1010510"
"8693","Subject85","frameframe","1","frame","positionleft","validityinvalid","test","4","neutral","singlestim","167","187761","1010530","â€šÃ³Ã¨","77","dotpositionright","singlestim","168","188210","1010540","right","correct","1","","1","trialend","singlestim","169","189225","1010550"
"8990","Subject85","ashamedashamed","1","ashamed","positionright","validityinvalid","test","4","negative","singlestim","171","191232","1010570","â€šÃ³Ã¨","67","dotpositionleft","singlestim","172","191769","1010580","left","correct","1","","1","trialend","singlestim","173","192785","1010590"
"9287","Subject85","laughlaugh","1","laugh","positionright","validityvalid","test","4","positive","singlestim","175","194796","1010610","â€šÃ³Ã¨","77","dotpositionright","singlestim","176","195605","1010620","right","correct","1","","1","trialend","singlestim","177","196623","1010630"
"9584","Subject85","overdoseoverdose","1","overdose","positionright","validityinvalid","test","2","suicide","singlestim","179","198632","102010","â€šÃ³Ã¨","67","dotpositionleft","singlestim","180","199117","102020","left","correct","1","","1","trialend","singlestim","181","200130","102030"
"9881","Subject85","corpsecorpse","1","corpse","positionleft","validityvalid","test","2","suicide","singlestim","183","202140","102050","â€šÃ³Ã¨","67","dotpositionleft","singlestim","184","202994","102060","left","correct","1","","1","trialend","singlestim","185","204009","102070"
"10178","Subject85","deathdeath","1","death","positionright","validityvalid","test","2","suicide","singlestim","187","206018","102090","â€šÃ³Ã¨","77","dotpositionright","singlestim","188","206537","1020100","right","correct","1","","1","trialend","singlestim","189","207553","1020110"
"10475","Subject85","filthyfilthy","1","filthy","positionleft","validityinvalid","test","2","negative","singlestim","191","209558","1020130","â€šÃ³Ã¨","77","dotpositionright","singlestim","192","210108","1020140","right","correct","1","","1","trialend","singlestim","193","211123","1020150"
"10772","Subject85","pleasurepleasure","1","pleasure","positionleft","validityvalid","test","2","positive","singlestim","195","213128","1020170","â€šÃ³Ã¨","67","dotpositionleft","singlestim","196","213637","1020180","left","correct","1","","1","trialend","singlestim","197","214654","1020190"
"11069","Subject85","noosenoose","1","noose","positionleft","validityvalid","test","2","suicide","singlestim","199","216660","1020210","â€šÃ³Ã¨","67","dotpositionleft","singlestim","200","217208","1020220","left","correct","1","","1","trialend","singlestim","201","218223","1020230"
"11366","Subject85","cruelcruel","1","cruel","positionright","validityvalid","test","2","negative","singlestim","203","220233","1020250","â€šÃ³Ã¨","77","dotpositionright","singlestim","204","220707","1020260","right","correct","1","","1","trialend","singlestim","205","221723","1020270"
"11663","Subject85","horsehorse","1","horse","positionleft","validityinvalid","test","2","neutral","singlestim","207","223729","1020290","â€šÃ³Ã¨","77","dotpositionright","singlestim","208","224365","1020300","right","correct","1","","1","trialend","singlestim","209","225380","1020310"
"11960","Subject85","braverybravery","1","bravery","positionleft","validityvalid","test","2","positive","singlestim","211","227389","1020330","â€šÃ³Ã¨","67","dotpositionleft","singlestim","212","227941","1020340","left","correct","1","","1","trialend","singlestim","213","228956","1020350"
"12257","Subject85","abuseabuse","1","abuse","positionright","validityvalid","test","2","negative","singlestim","215","230963","1020370","â€šÃ³Ã¨","77","dotpositionright","singlestim","216","231437","1020380","right","correct","1","","1","trialend","singlestim","217","232450","1020390"
"12554","Subject85","lovelove","1","love","positionright","validityinvalid","test","2","positive","singlestim","219","234461","1020410","â€šÃ³Ã¨","67","dotpositionleft","singlestim","220","234989","1020420","left","correct","1","","1","trialend","singlestim","221","236004","1020430"
"12851","Subject85","foamfoam","1","foam","positionright","validityvalid","test","2","neutral","singlestim","223","238013","1020450","â€šÃ³Ã¨","77","dotpositionright","singlestim","224","238484","1020460","right","correct","1","","1","trialend","singlestim","225","239499","1020470"
"13148","Subject85","enthusiasmenthusiasm","1","enthusiasm","positionright","validityvalid","test","2","positive","singlestim","227","241505","1020490","â€šÃ³Ã¨","77","dotpositionright","singlestim","228","241982","1020500","right","correct","1","","1","trialend","singlestim","229","242996","1020510"
"13445","Subject85","tabletable","1","table","positionright","validityvalid","test","2","neutral","singlestim","231","245002","1020530","â€šÃ³Ã¨","77","dotpositionright","singlestim","232","245430","1020540","right","correct","1","","1","trialend","singlestim","233","246444","1020550"
"13742","Subject85","failurefailure","1","failure","positionleft","validityvalid","test","2","negative","singlestim","235","248452","1020570","â€šÃ³Ã¨","67","dotpositionleft","singlestim","236","249008","1020580","left","correct","1","","1","trialend","singlestim","237","250020","1020590"
"14039","Subject85","paperpaper","1","paper","positionleft","validityvalid","test","2","neutral","singlestim","239","252031","1020610","â€šÃ³Ã¨","67","dotpositionleft","singlestim","240","252564","1020620","left","correct","1","","1","trialend","singlestim","241","253580","1020630"
"14336","Subject85","kisskiss","1","kiss","positionright","validityinvalid","test","3","positive","singlestim","243","255588","103010","â€šÃ³Ã¨","67","dotpositionleft","singlestim","244","256040","103020","left","correct","1","","1","trialend","singlestim","245","257055","103030"
"14633","Subject85","happyhappy","1","happy","positionright","validityvalid","test","3","positive","singlestim","247","259065","103050","â€šÃ³Ã¨","77","dotpositionright","singlestim","248","259518","103060","right","correct","1","","1","trialend","singlestim","249","260529","103070"
"14930","Subject85","smilesmile","1","smile","positionleft","validityvalid","test","3","positive","singlestim","251","262538","103090","â€šÃ³Ã¨","67","dotpositionleft","singlestim","252","263116","1030100","left","correct","1","","1","trialend","singlestim","253","264131","1030110"
"15227","Subject85","closetcloset","1","closet","positionright","validityinvalid","test","3","neutral","singlestim","255","266140","1030130","â€šÃ³Ã¨","67","dotpositionleft","singlestim","256","266781","1030140","left","correct","1","","1","trialend","singlestim","257","267797","1030150"
"15524","Subject85","metermeter","1","meter","positionleft","validityvalid","test","3","neutral","singlestim","259","269805","1030170","â€šÃ³Ã¨","67","dotpositionleft","singlestim","260","270392","1030180","left","correct","1","","1","trialend","singlestim","261","271407","1030190"
"15821","Subject85","diedie","1","die","positionright","validityvalid","test","3","suicide","singlestim","263","273415","1030210","â€šÃ³Ã¨","77","dotpositionright","singlestim","264","273855","1030220","right","correct","1","","1","trialend","singlestim","265","274870","1030230"
"16118","Subject85","greengreen","1","green","positionright","validityvalid","test","3","neutral","singlestim","267","276878","1030250","â€šÃ³Ã¨","77","dotpositionright","singlestim","268","277362","1030260","right","correct","1","","1","trialend","singlestim","269","278376","1030270"
"16415","Subject85","touretoure","1","toure","positionleft","validityvalid","test","3","negative","singlestim","271","280386","1030290","â€šÃ³Ã¨","67","dotpositionleft","singlestim","272","280906","1030300","left","correct","1","","1","trialend","singlestim","273","281921","1030310"
"16712","Subject85","bombbomb","1","bomb","positionright","validityvalid","test","3","negative","singlestim","275","283927","1030330","â€šÃ³Ã¨","77","dotpositionright","singlestim","276","284374","1030340","right","correct","1","","1","trialend","singlestim","277","285388","1030350"
"17009","Subject85","assaultassault","1","assault","positionleft","validityinvalid","test","3","negative","singlestim","279","287397","1030370","â€šÃ³Ã¨","77","dotpositionright","singlestim","280","287945","1030380","right","correct","1","","1","trialend","singlestim","281","288962","1030390"
"17306","Subject85","dyingdying","1","dying","positionleft","validityvalid","test","3","suicide","singlestim","283","290970","1030410","â€šÃ³Ã¨","67","dotpositionleft","singlestim","284","291468","1030420","left","correct","1","","1","trialend","singlestim","285","292484","1030430"
"17603","Subject85","museummuseum","1","museum","positionleft","validityvalid","test","3","neutral","singlestim","287","294493","1030450","â€šÃ³Ã¨","67","dotpositionleft","singlestim","288","295160","1030460","left","correct","1","","1","trialend","singlestim","289","296176","1030470"
"17900","Subject85","cuttingcutting","1","cutting","positionright","validityvalid","test","3","suicide","singlestim","291","298184","1030490","â€šÃ³Ã¨","77","dotpositionright","singlestim","292","298633","1030500","right","correct","1","","1","trialend","singlestim","293","299650","1030510"
"18197","Subject85","deaddead","1","dead","positionleft","validityinvalid","test","3","suicide","singlestim","295","301658","1030530","â€šÃ³Ã¨","77","dotpositionright","singlestim","296","302132","1030540","right","correct","1","","1","trialend","singlestim","297","303146","1030550"
"18494","Subject85","strongstrong","1","strong","positionleft","validityvalid","test","3","positive","singlestim","299","305155","1030570","â€šÃ³Ã¨","67","dotpositionleft","singlestim","300","305609","1030580","left","correct","1","","1","trialend","singlestim","301","306627","1030590"
"18791","Subject85","rejectedrejected","1","rejected","positionright","validityvalid","test","3","negative","singlestim","303","308634","1030610","â€šÃ³Ã¨","77","dotpositionright","singlestim","304","309100","1030620","right","correct","1","","1","trialend","singlestim","305","310115","1030630"
