"","SubjectID","rt","stimulus","keypress","word","wordposition","validity","block","blocknum","wordtype","trialtype","trialindex","timeelapsed","rt.1","stimulus.1","keypress.1","dotposition","trialtype.1","trialindex.1","timeelapsed.1","keypressed","participantresponse","correctresponse","rt.2","stimulus.2","keypress.2","blocktrial","trialtype.2","trialindex.2","timeelapsed.2"
"245","Subject278","1","braverybravery","1","bravery","positionleft","validityvalid","test","2","positive","singlestim","51","55197","396","â€šÃ³Ã¨","67","dotpositionleft","singlestim","52","55645","c","left","correct","1","","1","trialend","singlestim","53","56659"
"542","Subject278","1","cruelcruel","1","cruel","positionright","validityvalid","test","2","negative","singlestim","55","58663","330","â€šÃ³Ã¨","77","dotpositionright","singlestim","56","59044","m","right","correct","1","","1","trialend","singlestim","57","60057"
"839","Subject278","1","filthyfilthy","1","filthy","positionleft","validityinvalid","test","2","negative","singlestim","59","62062","346","â€šÃ³Ã¨","77","dotpositionright","singlestim","60","62462","m","right","correct","1","","1","trialend","singlestim","61","63476"
"1136","Subject278","1","deathdeath","1","death","positionright","validityvalid","test","2","suicide","singlestim","63","65480","343","â€šÃ³Ã¨","77","dotpositionright","singlestim","64","65876","m","right","correct","1","","1","trialend","singlestim","65","66890"
"1433","Subject278","1","tabletable","1","table","positionright","validityvalid","test","2","neutral","singlestim","67","68894","338","â€šÃ³Ã¨","77","dotpositionright","singlestim","68","69284","m","right","correct","1","","1","trialend","singlestim","69","70297"
"1730","Subject278","1","paperpaper","1","paper","positionleft","validityvalid","test","2","neutral","singlestim","71","72301","317","â€šÃ³Ã¨","67","dotpositionleft","singlestim","72","72670","c","left","correct","1","","1","trialend","singlestim","73","73683"
"2027","Subject278","1","pleasurepleasure","1","pleasure","positionleft","validityvalid","test","2","positive","singlestim","75","75687","334","â€šÃ³Ã¨","67","dotpositionleft","singlestim","76","76076","c","left","correct","1","","1","trialend","singlestim","77","77088"
"2324","Subject278","1","horsehorse","1","horse","positionleft","validityinvalid","test","2","neutral","singlestim","79","79094","363","â€šÃ³Ã¨","77","dotpositionright","singlestim","80","79509","m","right","correct","1","","1","trialend","singlestim","81","80521"
"2621","Subject278","1","noosenoose","1","noose","positionleft","validityvalid","test","2","suicide","singlestim","83","82525","309","â€šÃ³Ã¨","67","dotpositionleft","singlestim","84","82887","c","left","correct","1","","1","trialend","singlestim","85","83900"
"2918","Subject278","1","corpsecorpse","1","corpse","positionleft","validityvalid","test","2","suicide","singlestim","87","85906","334","â€šÃ³Ã¨","67","dotpositionleft","singlestim","88","86292","c","left","correct","1","","1","trialend","singlestim","89","87305"
"3215","Subject278","1","enthusiasmenthusiasm","1","enthusiasm","positionright","validityvalid","test","2","positive","singlestim","91","89311","330","â€šÃ³Ã¨","77","dotpositionright","singlestim","92","89693","m","right","correct","1","","1","trialend","singlestim","93","90704"
"3512","Subject278","1","foamfoam","1","foam","positionright","validityvalid","test","2","neutral","singlestim","95","92710","316","â€šÃ³Ã¨","77","dotpositionright","singlestim","96","93078","m","right","correct","1","","1","trialend","singlestim","97","94091"
"3809","Subject278","1","overdoseoverdose","1","overdose","positionright","validityinvalid","test","2","suicide","singlestim","99","96097","337","â€šÃ³Ã¨","67","dotpositionleft","singlestim","100","96484","c","left","correct","1","","1","trialend","singlestim","101","97497"
"4106","Subject278","1","failurefailure","1","failure","positionleft","validityvalid","test","2","negative","singlestim","103","99502","315","â€šÃ³Ã¨","67","dotpositionleft","singlestim","104","99869","c","left","correct","1","","1","trialend","singlestim","105","100881"
"4403","Subject278","1","abuseabuse","1","abuse","positionright","validityvalid","test","2","negative","singlestim","107","102886","290","â€šÃ³Ã¨","77","dotpositionright","singlestim","108","103227","m","right","correct","1","","1","trialend","singlestim","109","104239"
"4700","Subject278","1","lovelove","1","love","positionright","validityinvalid","test","2","positive","singlestim","111","106243","350","â€šÃ³Ã¨","67","dotpositionleft","singlestim","112","106644","c","left","correct","1","","1","trialend","singlestim","113","107657"
"4997","Subject278","1","happyhappy","1","happy","positionright","validityvalid","test","3","positive","singlestim","115","109662","298","â€šÃ³Ã¨","77","dotpositionright","singlestim","116","110012","m","right","correct","1","","1","trialend","singlestim","117","111025"
"5294","Subject278","1","touretoure","1","toure","positionleft","validityvalid","test","3","negative","singlestim","119","113029","279","â€šÃ³Ã¨","67","dotpositionleft","singlestim","120","113359","c","left","correct","1","","1","trialend","singlestim","121","114372"
"5591","Subject278","1","strongstrong","1","strong","positionleft","validityvalid","test","3","positive","singlestim","123","116376","248","â€šÃ³Ã¨","67","dotpositionleft","singlestim","124","116676","c","left","correct","1","","1","trialend","singlestim","125","117690"
"5888","Subject278","1","diedie","1","die","positionright","validityvalid","test","3","suicide","singlestim","127","119695","432","â€šÃ³Ã¨","77","dotpositionright","singlestim","128","120181","m","right","correct","1","","1","trialend","singlestim","129","121193"
"6185","Subject278","1","deaddead","1","dead","positionleft","validityinvalid","test","3","suicide","singlestim","131","123198","333","â€šÃ³Ã¨","77","dotpositionright","singlestim","132","123582","m","right","correct","1","","1","trialend","singlestim","133","124597"
"6482","Subject278","1","dyingdying","1","dying","positionleft","validityvalid","test","3","suicide","singlestim","135","126601","401","â€šÃ³Ã¨","67","dotpositionleft","singlestim","136","127053","c","left","correct","1","","1","trialend","singlestim","137","128066"
"6779","Subject278","1","cuttingcutting","1","cutting","positionright","validityvalid","test","3","suicide","singlestim","139","130071","361","â€šÃ³Ã¨","77","dotpositionright","singlestim","140","130485","m","right","correct","1","","1","trialend","singlestim","141","131497"
"7076","Subject278","1","closetcloset","1","closet","positionright","validityinvalid","test","3","neutral","singlestim","143","133502","326","â€šÃ³Ã¨","67","dotpositionleft","singlestim","144","133879","c","left","correct","1","","1","trialend","singlestim","145","134891"
"7373","Subject278","1","metermeter","1","meter","positionleft","validityvalid","test","3","neutral","singlestim","147","136896","376","â€šÃ³Ã¨","67","dotpositionleft","singlestim","148","137324","c","left","correct","1","","1","trialend","singlestim","149","138336"
"7670","Subject278","1","bombbomb","1","bomb","positionright","validityvalid","test","3","negative","singlestim","151","140341","308","â€šÃ³Ã¨","77","dotpositionright","singlestim","152","140701","m","right","correct","1","","1","trialend","singlestim","153","141713"
"7967","Subject278","1","kisskiss","1","kiss","positionright","validityinvalid","test","3","positive","singlestim","155","143718","325","â€šÃ³Ã¨","67","dotpositionleft","singlestim","156","144095","c","left","correct","1","","1","trialend","singlestim","157","145107"
"8264","Subject278","1","assaultassault","1","assault","positionleft","validityinvalid","test","3","negative","singlestim","159","147112","304","â€šÃ³Ã¨","77","dotpositionright","singlestim","160","147469","m","right","correct","1","","1","trialend","singlestim","161","148483"
"8561","Subject278","1","greengreen","1","green","positionright","validityvalid","test","3","neutral","singlestim","163","150487","330","â€šÃ³Ã¨","77","dotpositionright","singlestim","164","150869","m","right","correct","1","","1","trialend","singlestim","165","151880"
"8858","Subject278","1","museummuseum","1","museum","positionleft","validityvalid","test","3","neutral","singlestim","167","153885","308","â€šÃ³Ã¨","67","dotpositionleft","singlestim","168","154245","c","left","correct","1","","1","trialend","singlestim","169","155256"
"9155","Subject278","1","rejectedrejected","1","rejected","positionright","validityvalid","test","3","negative","singlestim","171","157259","291","â€šÃ³Ã¨","77","dotpositionright","singlestim","172","157605","m","right","correct","1","","1","trialend","singlestim","173","158618"
"9452","Subject278","1","smilesmile","1","smile","positionleft","validityvalid","test","3","positive","singlestim","175","160626","319","â€šÃ³Ã¨","67","dotpositionleft","singlestim","176","160997","c","left","correct","1","","1","trialend","singlestim","177","162010"
"9749","Subject278","1","successsuccess","1","success","positionleft","validityvalid","test","4","positive","singlestim","179","164014","331","â€šÃ³Ã¨","67","dotpositionleft","singlestim","180","164398","c","left","correct","1","","1","trialend","singlestim","181","165411"
"10046","Subject278","1","stupidstupid","1","stupid","positionleft","validityvalid","test","4","negative","singlestim","183","167415","273","â€šÃ³Ã¨","67","dotpositionleft","singlestim","184","167740","c","left","correct","1","","1","trialend","singlestim","185","168754"
"10343","Subject278","1","wohlesswohless","1","wohless","positionright","validityvalid","test","4","negative","singlestim","187","170758","315","â€šÃ³Ã¨","77","dotpositionright","singlestim","188","171125","m","right","correct","1","","1","trialend","singlestim","189","172138"
"10640","Subject278","1","suicidesuicide","1","suicide","positionright","validityinvalid","test","4","suicide","singlestim","191","174143","361","â€šÃ³Ã¨","67","dotpositionleft","singlestim","192","174557","c","left","correct","1","","1","trialend","singlestim","193","175570"
"10937","Subject278","1","frameframe","1","frame","positionleft","validityinvalid","test","4","neutral","singlestim","195","177574","387","â€šÃ³Ã¨","77","dotpositionright","singlestim","196","178013","m","right","correct","1","","1","trialend","singlestim","197","179025"
"11234","Subject278","1","passionatepassionate","1","passionate","positionleft","validityinvalid","test","4","positive","singlestim","199","181030","333","â€šÃ³Ã¨","77","dotpositionright","singlestim","200","181413","m","right","correct","1","","1","trialend","singlestim","201","182426"
"11531","Subject278","1","laughlaugh","1","laugh","positionright","validityvalid","test","4","positive","singlestim","203","184431","291","â€šÃ³Ã¨","77","dotpositionright","singlestim","204","184775","m","right","correct","1","","1","trialend","singlestim","205","185789"
"11828","Subject278","1","hanginghanging","1","hanging","positionleft","validityvalid","test","4","suicide","singlestim","207","187792","425","â€šÃ³Ã¨","67","dotpositionleft","singlestim","208","188270","c","left","correct","1","","1","trialend","singlestim","209","189282"
"12125","Subject278","1","structurestructure","1","structure","positionright","validityvalid","test","4","neutral","singlestim","211","191285","259","â€šÃ³Ã¨","77","dotpositionright","singlestim","212","191597","m","right","correct","1","","1","trialend","singlestim","213","192610"
"12422","Subject278","1","alonealone","1","alone","positionleft","validityvalid","test","4","negative","singlestim","215","194614","277","â€šÃ³Ã¨","67","dotpositionleft","singlestim","216","194943","c","left","correct","1","","1","trialend","singlestim","217","195955"
"12719","Subject278","1","killingkilling","1","killing","positionleft","validityvalid","test","4","suicide","singlestim","219","197958","299","â€šÃ³Ã¨","67","dotpositionleft","singlestim","220","198309","c","left","correct","1","","1","trialend","singlestim","221","199324"
"13016","Subject278","1","ecstaticecstatic","1","ecstatic","positionright","validityvalid","test","4","positive","singlestim","223","201328","306","â€šÃ³Ã¨","77","dotpositionright","singlestim","224","201686","m","right","correct","1","","1","trialend","singlestim","225","202700"
"13313","Subject278","1","engineengine","1","engine","positionleft","validityvalid","test","4","neutral","singlestim","227","204703","245","â€šÃ³Ã¨","67","dotpositionleft","singlestim","228","205000","c","left","correct","1","","1","trialend","singlestim","229","206012"
"13610","Subject278","1","deceaseddeceased","1","deceased","positionright","validityvalid","test","4","suicide","singlestim","231","208017","345","â€šÃ³Ã¨","77","dotpositionright","singlestim","232","208414","m","right","correct","1","","1","trialend","singlestim","233","209427"
"13907","Subject278","1","doubledouble","1","double","positionright","validityvalid","test","4","neutral","singlestim","235","211432","330","â€šÃ³Ã¨","77","dotpositionright","singlestim","236","211814","m","right","correct","1","","1","trialend","singlestim","237","212827"
"14204","Subject278","1","ashamedashamed","1","ashamed","positionright","validityinvalid","test","4","negative","singlestim","239","214832","321","â€šÃ³Ã¨","67","dotpositionleft","singlestim","240","215205","c","left","correct","1","","1","trialend","singlestim","241","216217"
"14501","Subject278","1","cryingcrying","1","crying","positionright","validityvalid","test","1","negative","singlestim","243","218222","307","â€šÃ³Ã¨","77","dotpositionright","singlestim","244","218582","m","right","correct","1","","1","trialend","singlestim","245","219595"
"14798","Subject278","1","suffocationsuffocation","1","suffocation","positionleft","validityinvalid","test","1","suicide","singlestim","247","221598","291","â€šÃ³Ã¨","77","dotpositionright","singlestim","248","221942","m","right","correct","1","","1","trialend","singlestim","249","222953"
"15095","Subject278","1","cheesecheese","1","cheese","positionright","validityvalid","test","1","neutral","singlestim","251","224958","292","â€šÃ³Ã¨","77","dotpositionright","singlestim","252","225304","m","right","correct","1","","1","trialend","singlestim","253","226317"
"15392","Subject278","1","patheticpathetic","1","pathetic","positionleft","validityvalid","test","1","negative","singlestim","255","228321","368","â€šÃ³Ã¨","67","dotpositionleft","singlestim","256","228741","c","left","correct","1","","1","trialend","singlestim","257","229755"
"15689","Subject278","1","hatehate","1","hate","positionright","validityinvalid","test","1","negative","singlestim","259","231760","386","â€šÃ³Ã¨","67","dotpositionleft","singlestim","260","232197","c","left","correct","1","","1","trialend","singlestim","261","233209"
"15986","Subject278","1","foldedfolded","1","folded","positionleft","validityvalid","test","1","neutral","singlestim","263","235214","334","â€šÃ³Ã¨","67","dotpositionleft","singlestim","264","235599","c","left","correct","1","","1","trialend","singlestim","265","236611"
"16283","Subject278","1","greatgreat","1","great","positionright","validityvalid","test","1","positive","singlestim","267","238614","277","â€šÃ³Ã¨","77","dotpositionright","singlestim","268","238942","m","right","correct","1","","1","trialend","singlestim","269","239955"
"16580","Subject278","1","bloodblood","1","blood","positionleft","validityvalid","test","1","suicide","singlestim","271","241959","291","â€šÃ³Ã¨","67","dotpositionleft","singlestim","272","242301","c","left","correct","1","","1","trialend","singlestim","273","243314"
"16877","Subject278","1","statuestatue","1","statue","positionright","validityinvalid","test","1","neutral","singlestim","275","245320","371","â€šÃ³Ã¨","67","dotpositionleft","singlestim","276","245742","c","left","correct","1","","1","trialend","singlestim","277","246755"
"17174","Subject278","1","attractionattraction","1","attraction","positionright","validityvalid","test","1","positive","singlestim","279","248759","298","â€šÃ³Ã¨","77","dotpositionright","singlestim","280","249110","m","right","correct","1","","1","trialend","singlestim","281","250123"
"17471","Subject278","1","imageimage","1","image","positionleft","validityvalid","test","1","neutral","singlestim","283","252127","307","â€šÃ³Ã¨","67","dotpositionleft","singlestim","284","252485","c","left","correct","1","","1","trialend","singlestim","285","253499"
"17768","Subject278","1","paradiseparadise","1","paradise","positionleft","validityvalid","test","1","positive","singlestim","287","255502","236","â€šÃ³Ã¨","67","dotpositionleft","singlestim","288","255791","c","left","correct","1","","1","trialend","singlestim","289","256805"
"18065","Subject278","1","vomitvomit","1","vomit","positionleft","validityvalid","test","1","negative","singlestim","291","258809","271","â€šÃ³Ã¨","67","dotpositionleft","singlestim","292","259133","c","left","correct","1","","1","trialend","singlestim","293","260146"
"18362","Subject278","1","healthyhealthy","1","healthy","positionleft","validityinvalid","test","1","positive","singlestim","295","262150","284","â€šÃ³Ã¨","77","dotpositionright","singlestim","296","262484","m","right","correct","1","","1","trialend","singlestim","297","263498"
"18659","Subject278","1","funeralfuneral","1","funeral","positionright","validityvalid","test","1","suicide","singlestim","299","265502","278","â€šÃ³Ã¨","77","dotpositionright","singlestim","300","265831","m","right","correct","1","","1","trialend","singlestim","301","266843"
"18956","Subject278","1","gunshotgunshot","1","gunshot","positionright","validityvalid","test","1","suicide","singlestim","303","268847","267","â€šÃ³Ã¨","77","dotpositionright","singlestim","304","269166","m","right","correct","1","","1","trialend","singlestim","305","270177"
