"","SubjectID","rt","stimulus","keypress","word","wordposition","validity","block","blocknum","wordtype","trialtype","trialindex","timeelapsed","rt.1","stimulus.1","keypress.1","dotposition","trialtype.1","trialindex.1","timeelapsed.1","keypressed","participantresponse","correctresponse","rt.2","stimulus.2","keypress.2","blocktrial","trialtype.2","trialindex.2","timeelapsed.2"
"75","Subject79","1","metermeter","1","meter","positionleft","validityvalid","test","3","neutral","singlestim","51","58621","530","â€šÃ³Ã¨","67","dotpositionleft","singlestim","52","59204","c","left","correct","1","","1","trialend","singlestim","53","60223"
"372","Subject79","1","museummuseum","1","museum","positionleft","validityvalid","test","3","neutral","singlestim","55","62231","422","â€šÃ³Ã¨","67","dotpositionleft","singlestim","56","62706","c","left","correct","1","","1","trialend","singlestim","57","63722"
"669","Subject79","1","assaultassault","1","assault","positionleft","validityinvalid","test","3","negative","singlestim","59","65732","562","â€šÃ³Ã¨","77","dotpositionright","singlestim","60","66344","m","right","correct","1","","1","trialend","singlestim","61","67362"
"966","Subject79","1","strongstrong","1","strong","positionleft","validityvalid","test","3","positive","singlestim","63","69370","425","â€šÃ³Ã¨","67","dotpositionleft","singlestim","64","69847","c","left","correct","1","","1","trialend","singlestim","65","70862"
"1263","Subject79","1","touretoure","1","toure","positionleft","validityvalid","test","3","negative","singlestim","67","72870","458","â€šÃ³Ã¨","67","dotpositionleft","singlestim","68","73382","c","left","correct","1","","1","trialend","singlestim","69","74397"
"1560","Subject79","1","deaddead","1","dead","positionleft","validityinvalid","test","3","suicide","singlestim","71","76405","454","â€šÃ³Ã¨","77","dotpositionright","singlestim","72","76911","m","right","correct","1","","1","trialend","singlestim","73","77925"
"1857","Subject79","1","closetcloset","1","closet","positionright","validityinvalid","test","3","neutral","singlestim","75","79934","740","â€šÃ³Ã¨","67","dotpositionleft","singlestim","76","80726","c","left","correct","1","","1","trialend","singlestim","77","81738"
"2154","Subject79","1","dyingdying","1","dying","positionleft","validityvalid","test","3","suicide","singlestim","79","83747","426","â€šÃ³Ã¨","67","dotpositionleft","singlestim","80","84225","c","left","correct","1","","1","trialend","singlestim","81","85238"
"2451","Subject79","1","diedie","1","die","positionright","validityvalid","test","3","suicide","singlestim","83","87247","378","â€šÃ³Ã¨","77","dotpositionright","singlestim","84","87678","m","right","correct","1","","1","trialend","singlestim","85","88695"
"2748","Subject79","1","happyhappy","1","happy","positionright","validityvalid","test","3","positive","singlestim","87","90706","490","â€šÃ³Ã¨","77","dotpositionright","singlestim","88","91249","m","right","correct","1","","1","trialend","singlestim","89","92261"
"3045","Subject79","1","bombbomb","1","bomb","positionright","validityvalid","test","3","negative","singlestim","91","94269","414","â€šÃ³Ã¨","77","dotpositionright","singlestim","92","94738","m","right","correct","1","","1","trialend","singlestim","93","95756"
"3342","Subject79","1","smilesmile","1","smile","positionleft","validityvalid","test","3","positive","singlestim","95","97764","382","â€šÃ³Ã¨","67","dotpositionleft","singlestim","96","98197","c","left","correct","1","","1","trialend","singlestim","97","99209"
"3639","Subject79","1","rejectedrejected","1","rejected","positionright","validityvalid","test","3","negative","singlestim","99","101217","353","â€šÃ³Ã¨","77","dotpositionright","singlestim","100","101623","m","right","correct","1","","1","trialend","singlestim","101","102639"
"3936","Subject79","1","kisskiss","1","kiss","positionright","validityinvalid","test","3","positive","singlestim","103","104647","470","â€šÃ³Ã¨","67","dotpositionleft","singlestim","104","105170","c","left","correct","1","","1","trialend","singlestim","105","106186"
"4233","Subject79","1","cuttingcutting","1","cutting","positionright","validityvalid","test","3","suicide","singlestim","107","108195","383","â€šÃ³Ã¨","77","dotpositionright","singlestim","108","108629","m","right","correct","1","","1","trialend","singlestim","109","109645"
"4530","Subject79","1","greengreen","1","green","positionright","validityvalid","test","3","neutral","singlestim","111","111653","424","â€šÃ³Ã¨","77","dotpositionright","singlestim","112","112130","m","right","correct","1","","1","trialend","singlestim","113","113145"
"4827","Subject79","1","deceaseddeceased","1","deceased","positionright","validityvalid","test","4","suicide","singlestim","115","115153","398","â€šÃ³Ã¨","77","dotpositionright","singlestim","116","115604","m","right","correct","1","","1","trialend","singlestim","117","116621"
"5124","Subject79","1","passionatepassionate","1","passionate","positionleft","validityinvalid","test","4","positive","singlestim","119","118629","566","â€šÃ³Ã¨","77","dotpositionright","singlestim","120","119248","m","right","correct","1","","1","trialend","singlestim","121","120266"
"5421","Subject79","1","laughlaugh","1","laugh","positionright","validityvalid","test","4","positive","singlestim","123","122275","495","â€šÃ³Ã¨","77","dotpositionright","singlestim","124","122824","m","right","correct","1","","1","trialend","singlestim","125","123842"
"5718","Subject79","1","doubledouble","1","double","positionright","validityvalid","test","4","neutral","singlestim","127","125851","413","â€šÃ³Ã¨","77","dotpositionright","singlestim","128","126316","m","right","correct","1","","1","trialend","singlestim","129","127331"
"6015","Subject79","1","ecstaticecstatic","1","ecstatic","positionright","validityvalid","test","4","positive","singlestim","131","129339","474","â€šÃ³Ã¨","77","dotpositionright","singlestim","132","129865","m","right","correct","1","","1","trialend","singlestim","133","130877"
"6312","Subject79","1","successsuccess","1","success","positionleft","validityvalid","test","4","positive","singlestim","135","132883","482","â€šÃ³Ã¨","67","dotpositionleft","singlestim","136","133419","c","left","correct","1","","1","trialend","singlestim","137","134435"
"6609","Subject79","1","frameframe","1","frame","positionleft","validityinvalid","test","4","neutral","singlestim","139","136443","488","â€šÃ³Ã¨","77","dotpositionright","singlestim","140","136983","m","right","correct","1","","1","trialend","singlestim","141","137999"
"6906","Subject79","1","alonealone","1","alone","positionleft","validityvalid","test","4","negative","singlestim","143","140007","403","â€šÃ³Ã¨","67","dotpositionleft","singlestim","144","140462","c","left","correct","1","","1","trialend","singlestim","145","141475"
"7203","Subject79","1","ashamedashamed","1","ashamed","positionright","validityinvalid","test","4","negative","singlestim","147","143484","768","â€šÃ³Ã¨","67","dotpositionleft","singlestim","148","144305","c","left","correct","1","","1","trialend","singlestim","149","145317"
"7500","Subject79","1","suicidesuicide","1","suicide","positionright","validityinvalid","test","4","suicide","singlestim","151","147326","417","â€šÃ³Ã¨","67","dotpositionleft","singlestim","152","147796","c","left","correct","1","","1","trialend","singlestim","153","148812"
"7797","Subject79","1","wohlesswohless","1","wohless","positionright","validityvalid","test","4","negative","singlestim","155","150820","433","â€šÃ³Ã¨","77","dotpositionright","singlestim","156","151305","m","right","correct","1","","1","trialend","singlestim","157","152323"
"8094","Subject79","1","killingkilling","1","killing","positionleft","validityvalid","test","4","suicide","singlestim","159","154332","357","â€šÃ³Ã¨","67","dotpositionleft","singlestim","160","154741","c","left","correct","1","","1","trialend","singlestim","161","155759"
"8391","Subject79","1","stupidstupid","1","stupid","positionleft","validityvalid","test","4","negative","singlestim","163","157768","403","â€šÃ³Ã¨","67","dotpositionleft","singlestim","164","158222","c","left","correct","1","","1","trialend","singlestim","165","159241"
"8688","Subject79","1","structurestructure","1","structure","positionright","validityvalid","test","4","neutral","singlestim","167","161250","370","â€šÃ³Ã¨","77","dotpositionright","singlestim","168","161672","m","right","correct","1","","1","trialend","singlestim","169","162689"
"8985","Subject79","1","engineengine","1","engine","positionleft","validityvalid","test","4","neutral","singlestim","171","164698","449","â€šÃ³Ã¨","67","dotpositionleft","singlestim","172","165198","c","left","correct","1","","1","trialend","singlestim","173","166212"
"9282","Subject79","1","hanginghanging","1","hanging","positionleft","validityvalid","test","4","suicide","singlestim","175","168221","356","â€šÃ³Ã¨","67","dotpositionleft","singlestim","176","168629","c","left","correct","1","","1","trialend","singlestim","177","169643"
"9579","Subject79","1","attractionattraction","1","attraction","positionright","validityvalid","test","1","positive","singlestim","179","171651","395","â€šÃ³Ã¨","77","dotpositionright","singlestim","180","172098","m","right","correct","1","","1","trialend","singlestim","181","173113"
"9876","Subject79","1","cryingcrying","1","crying","positionright","validityvalid","test","1","negative","singlestim","183","175122","466","â€šÃ³Ã¨","77","dotpositionright","singlestim","184","175642","m","right","correct","1","","1","trialend","singlestim","185","176660"
"10173","Subject79","1","gunshotgunshot","1","gunshot","positionright","validityvalid","test","1","suicide","singlestim","187","178668","425","â€šÃ³Ã¨","77","dotpositionright","singlestim","188","179146","m","right","correct","1","","1","trialend","singlestim","189","180160"
"10470","Subject79","1","bloodblood","1","blood","positionleft","validityvalid","test","1","suicide","singlestim","191","182168","390","â€šÃ³Ã¨","67","dotpositionleft","singlestim","192","182611","c","left","correct","1","","1","trialend","singlestim","193","183625"
"10767","Subject79","1","greatgreat","1","great","positionright","validityvalid","test","1","positive","singlestim","195","185634","365","â€šÃ³Ã¨","77","dotpositionright","singlestim","196","186050","m","right","correct","1","","1","trialend","singlestim","197","187067"
"11064","Subject79","1","vomitvomit","1","vomit","positionleft","validityvalid","test","1","negative","singlestim","199","189076","354","â€šÃ³Ã¨","67","dotpositionleft","singlestim","200","189482","c","left","correct","1","","1","trialend","singlestim","201","190497"
"11361","Subject79","1","healthyhealthy","1","healthy","positionleft","validityinvalid","test","1","positive","singlestim","203","192506","583","â€šÃ³Ã¨","77","dotpositionright","singlestim","204","193141","m","right","correct","1","","1","trialend","singlestim","205","194153"
"11658","Subject79","1","cheesecheese","1","cheese","positionright","validityvalid","test","1","neutral","singlestim","207","196162","379","â€šÃ³Ã¨","77","dotpositionright","singlestim","208","196593","m","right","correct","1","","1","trialend","singlestim","209","197607"
"11955","Subject79","1","funeralfuneral","1","funeral","positionright","validityvalid","test","1","suicide","singlestim","211","199615","433","â€šÃ³Ã¨","77","dotpositionright","singlestim","212","200101","m","right","correct","1","","1","trialend","singlestim","213","201113"
"12252","Subject79","1","patheticpathetic","1","pathetic","positionleft","validityvalid","test","1","negative","singlestim","215","203121","409","â€šÃ³Ã¨","67","dotpositionleft","singlestim","216","203584","c","left","correct","1","","1","trialend","singlestim","217","204601"
"12549","Subject79","1","paradiseparadise","1","paradise","positionleft","validityvalid","test","1","positive","singlestim","219","206609","429","â€šÃ³Ã¨","67","dotpositionleft","singlestim","220","207091","c","left","correct","1","","1","trialend","singlestim","221","208107"
"12846","Subject79","1","foldedfolded","1","folded","positionleft","validityvalid","test","1","neutral","singlestim","223","210114","432","â€šÃ³Ã¨","67","dotpositionleft","singlestim","224","210599","c","left","correct","1","","1","trialend","singlestim","225","211613"
"13143","Subject79","1","statuestatue","1","statue","positionright","validityinvalid","test","1","neutral","singlestim","227","213620","612","â€šÃ³Ã¨","67","dotpositionleft","singlestim","228","214285","c","left","correct","1","","1","trialend","singlestim","229","215298"
"13440","Subject79","1","hatehate","1","hate","positionright","validityinvalid","test","1","negative","singlestim","231","217307","393","â€šÃ³Ã¨","67","dotpositionleft","singlestim","232","217751","c","left","correct","1","","1","trialend","singlestim","233","218764"
"13737","Subject79","1","imageimage","1","image","positionleft","validityvalid","test","1","neutral","singlestim","235","220772","409","â€šÃ³Ã¨","67","dotpositionleft","singlestim","236","221233","c","left","correct","1","","1","trialend","singlestim","237","222245"
"14034","Subject79","1","suffocationsuffocation","1","suffocation","positionleft","validityinvalid","test","1","suicide","singlestim","239","224255","460","â€šÃ³Ã¨","77","dotpositionright","singlestim","240","224766","m","right","correct","1","","1","trialend","singlestim","241","225781"
"14331","Subject79","1","horsehorse","1","horse","positionleft","validityinvalid","test","2","neutral","singlestim","243","227789","542","â€šÃ³Ã¨","77","dotpositionright","singlestim","244","228383","m","right","correct","1","","1","trialend","singlestim","245","229402"
"14628","Subject79","1","noosenoose","1","noose","positionleft","validityvalid","test","2","suicide","singlestim","247","231411","378","â€šÃ³Ã¨","67","dotpositionleft","singlestim","248","231841","c","left","correct","1","","1","trialend","singlestim","249","232856"
"14925","Subject79","1","abuseabuse","1","abuse","positionright","validityvalid","test","2","negative","singlestim","251","234864","401","â€šÃ³Ã¨","77","dotpositionright","singlestim","252","235318","m","right","correct","1","","1","trialend","singlestim","253","236338"
"15222","Subject79","1","overdoseoverdose","1","overdose","positionright","validityinvalid","test","2","suicide","singlestim","255","238346","375","â€šÃ³Ã¨","67","dotpositionleft","singlestim","256","238775","c","left","correct","1","","1","trialend","singlestim","257","239792"
"15519","Subject79","1","foamfoam","1","foam","positionright","validityvalid","test","2","neutral","singlestim","259","241800","349","â€šÃ³Ã¨","77","dotpositionright","singlestim","260","242203","m","right","correct","1","","1","trialend","singlestim","261","243216"
"15816","Subject79","1","failurefailure","1","failure","positionleft","validityvalid","test","2","negative","singlestim","263","245225","716","â€šÃ³Ã¨","67","dotpositionleft","singlestim","264","245993","c","left","correct","1","","1","trialend","singlestim","265","247007"
"16113","Subject79","1","paperpaper","1","paper","positionleft","validityvalid","test","2","neutral","singlestim","267","249014","494","â€šÃ³Ã¨","67","dotpositionleft","singlestim","268","249563","c","left","correct","1","","1","trialend","singlestim","269","250582"
"16410","Subject79","1","deathdeath","1","death","positionright","validityvalid","test","2","suicide","singlestim","271","252590","348","â€šÃ³Ã¨","77","dotpositionright","singlestim","272","252990","m","right","correct","1","","1","trialend","singlestim","273","254006"
"16707","Subject79","1","corpsecorpse","1","corpse","positionleft","validityvalid","test","2","suicide","singlestim","275","256014","404","â€šÃ³Ã¨","67","dotpositionleft","singlestim","276","256472","c","left","correct","1","","1","trialend","singlestim","277","257489"
"17004","Subject79","1","braverybravery","1","bravery","positionleft","validityvalid","test","2","positive","singlestim","279","259497","457","â€šÃ³Ã¨","67","dotpositionleft","singlestim","280","260007","c","left","correct","1","","1","trialend","singlestim","281","261024"
"17301","Subject79","1","pleasurepleasure","1","pleasure","positionleft","validityvalid","test","2","positive","singlestim","283","263032","473","â€šÃ³Ã¨","67","dotpositionleft","singlestim","284","263557","c","left","correct","1","","1","trialend","singlestim","285","264575"
"17598","Subject79","1","lovelove","1","love","positionright","validityinvalid","test","2","positive","singlestim","287","266584","579","â€šÃ³Ã¨","67","dotpositionleft","singlestim","288","267216","c","left","correct","1","","1","trialend","singlestim","289","268232"
"17895","Subject79","1","tabletable","1","table","positionright","validityvalid","test","2","neutral","singlestim","291","270241","369","â€šÃ³Ã¨","77","dotpositionright","singlestim","292","270662","m","right","correct","1","","1","trialend","singlestim","293","271680"
"18192","Subject79","1","cruelcruel","1","cruel","positionright","validityvalid","test","2","negative","singlestim","295","273688","371","â€šÃ³Ã¨","77","dotpositionright","singlestim","296","274111","m","right","correct","1","","1","trialend","singlestim","297","275127"
"18489","Subject79","1","filthyfilthy","1","filthy","positionleft","validityinvalid","test","2","negative","singlestim","299","277136","434","â€šÃ³Ã¨","77","dotpositionright","singlestim","300","277622","m","right","correct","1","","1","trialend","singlestim","301","278639"
"18786","Subject79","1","enthusiasmenthusiasm","1","enthusiasm","positionright","validityvalid","test","2","positive","singlestim","303","280648","370","â€šÃ³Ã¨","77","dotpositionright","singlestim","304","281069","m","right","correct","1","","1","trialend","singlestim","305","282086"
