,SubjectID,rt,stimulus,keypress,word,wordposition,validity,block,blocknum,wordtype,trialtype,trialindex,timeelapsed,rt.1,stimulus.1,keypress.1,dotposition,trialtype.1,trialindex.1,timeelapsed.1,keypressed,participantresponse,correctresponse,rt.2,stimulus.2,keypress.2,blocktrial,trialtype.2,trialindex.2,timeelapsed.2
256,Subject290,1,suicidesuicide,1,suicide,positionright,validityinvalid,test,4,suicide,singlestim,51,88410,412,â€šÃ³Ã¨,67,dotpositionleft,singlestim,52,88875,c,left,correct,1,,1,trialend,singlestim,53,89888
553,Subject290,1,ecstaticecstatic,1,ecstatic,positionright,validityvalid,test,4,positive,singlestim,55,91894,393,â€šÃ³Ã¨,77,dotpositionright,singlestim,56,92340,m,right,correct,1,,1,trialend,singlestim,57,93352
850,Subject290,1,killingkilling,1,killing,positionleft,validityvalid,test,4,suicide,singlestim,59,95357,419,â€šÃ³Ã¨,67,dotpositionleft,singlestim,60,95829,c,left,correct,1,,1,trialend,singlestim,61,96841
1147,Subject290,1,passionatepassionate,1,passionate,positionleft,validityinvalid,test,4,positive,singlestim,63,98846,603,â€šÃ³Ã¨,77,dotpositionright,singlestim,64,99500,m,right,correct,1,,1,trialend,singlestim,65,100513
1444,Subject290,1,frameframe,1,frame,positionleft,validityinvalid,test,4,neutral,singlestim,67,102519,472,â€šÃ³Ã¨,77,dotpositionright,singlestim,68,103044,m,right,correct,1,,1,trialend,singlestim,69,104056
1741,Subject290,1,ashamedashamed,1,ashamed,positionright,validityinvalid,test,4,negative,singlestim,71,106061,411,â€šÃ³Ã¨,67,dotpositionleft,singlestim,72,106525,c,left,correct,1,,1,trialend,singlestim,73,107539
2038,Subject290,1,structurestructure,1,structure,positionright,validityvalid,test,4,neutral,singlestim,75,109545,350,â€šÃ³Ã¨,77,dotpositionright,singlestim,76,109948,m,right,correct,1,,1,trialend,singlestim,77,110961
2335,Subject290,1,doubledouble,1,double,positionright,validityvalid,test,4,neutral,singlestim,79,112965,441,â€šÃ³Ã¨,77,dotpositionright,singlestim,80,113460,m,right,correct,1,,1,trialend,singlestim,81,114472
2632,Subject290,1,stupidstupid,1,stupid,positionleft,validityvalid,test,4,negative,singlestim,83,116477,364,â€šÃ³Ã¨,67,dotpositionleft,singlestim,84,116892,c,left,correct,1,,1,trialend,singlestim,85,117906
2929,Subject290,1,engineengine,1,engine,positionleft,validityvalid,test,4,neutral,singlestim,87,119911,408,â€šÃ³Ã¨,67,dotpositionleft,singlestim,88,120372,c,left,correct,1,,1,trialend,singlestim,89,121386
3226,Subject290,1,wohlesswohless,1,wohless,positionright,validityvalid,test,4,negative,singlestim,91,123391,353,â€šÃ³Ã¨,77,dotpositionright,singlestim,92,123796,m,right,correct,1,,1,trialend,singlestim,93,124808
3523,Subject290,1,alonealone,1,alone,positionleft,validityvalid,test,4,negative,singlestim,95,126813,403,â€šÃ³Ã¨,67,dotpositionleft,singlestim,96,127268,c,left,correct,1,,1,trialend,singlestim,97,128281
3820,Subject290,1,deceaseddeceased,1,deceased,positionright,validityvalid,test,4,suicide,singlestim,99,130287,386,â€šÃ³Ã¨,77,dotpositionright,singlestim,100,130724,m,right,correct,1,,1,trialend,singlestim,101,131736
4117,Subject290,1,hanginghanging,1,hanging,positionleft,validityvalid,test,4,suicide,singlestim,103,133742,409,â€šÃ³Ã¨,67,dotpositionleft,singlestim,104,134204,c,left,correct,1,,1,trialend,singlestim,105,135217
4414,Subject290,576,successsuccess,67,success,positionleft,validityvalid,test,4,positive,singlestim,107,137221,459,â€šÃ³Ã¨,67,dotpositionleft,singlestim,108,137732,c,left,correct,1,,1,trialend,singlestim,109,138745
4711,Subject290,1,laughlaugh,1,laugh,positionright,validityvalid,test,4,positive,singlestim,111,140751,376,â€šÃ³Ã¨,77,dotpositionright,singlestim,112,141179,m,right,correct,1,,1,trialend,singlestim,113,142193
5008,Subject290,1,patheticpathetic,1,pathetic,positionleft,validityvalid,test,1,negative,singlestim,115,144196,378,â€šÃ³Ã¨,67,dotpositionleft,singlestim,116,144627,c,left,correct,1,,1,trialend,singlestim,117,145641
5305,Subject290,1,funeralfuneral,1,funeral,positionright,validityvalid,test,1,suicide,singlestim,119,147645,361,â€šÃ³Ã¨,77,dotpositionright,singlestim,120,148060,m,right,correct,1,,1,trialend,singlestim,121,149074
5602,Subject290,1,bloodblood,1,blood,positionleft,validityvalid,test,1,suicide,singlestim,123,151080,417,â€šÃ³Ã¨,67,dotpositionleft,singlestim,124,151548,c,left,correct,1,,1,trialend,singlestim,125,152560
5899,Subject290,1,healthyhealthy,1,healthy,positionleft,validityinvalid,test,1,positive,singlestim,127,154565,427,â€šÃ³Ã¨,77,dotpositionright,singlestim,128,155044,m,right,correct,1,,1,trialend,singlestim,129,156058
6196,Subject290,1,greatgreat,1,great,positionright,validityvalid,test,1,positive,singlestim,131,158062,355,â€šÃ³Ã¨,77,dotpositionright,singlestim,132,158469,m,right,correct,1,,1,trialend,singlestim,133,159483
6493,Subject290,1,suffocationsuffocation,1,suffocation,positionleft,validityinvalid,test,1,suicide,singlestim,135,161488,416,â€šÃ³Ã¨,77,dotpositionright,singlestim,136,161957,m,right,correct,1,,1,trialend,singlestim,137,162970
6790,Subject290,1,cryingcrying,1,crying,positionright,validityvalid,test,1,negative,singlestim,139,164978,439,â€šÃ³Ã¨,77,dotpositionright,singlestim,140,165469,m,right,correct,1,,1,trialend,singlestim,141,166483
7087,Subject290,1,imageimage,1,image,positionleft,validityvalid,test,1,neutral,singlestim,143,168488,449,â€šÃ³Ã¨,67,dotpositionleft,singlestim,144,168988,c,left,correct,1,,1,trialend,singlestim,145,170002
7384,Subject290,1,vomitvomit,1,vomit,positionleft,validityvalid,test,1,negative,singlestim,147,172010,431,â€šÃ³Ã¨,67,dotpositionleft,singlestim,148,172492,c,left,correct,1,,1,trialend,singlestim,149,173505
7681,Subject290,1,foldedfolded,1,folded,positionleft,validityvalid,test,1,neutral,singlestim,151,175509,450,â€šÃ³Ã¨,67,dotpositionleft,singlestim,152,176012,c,left,correct,1,,1,trialend,singlestim,153,177024
7978,Subject290,1,cheesecheese,1,cheese,positionright,validityvalid,test,1,neutral,singlestim,155,179030,339,â€šÃ³Ã¨,77,dotpositionright,singlestim,156,179421,m,right,correct,1,,1,trialend,singlestim,157,180435
8275,Subject290,1,paradiseparadise,1,paradise,positionleft,validityvalid,test,1,positive,singlestim,159,182441,382,â€šÃ³Ã¨,67,dotpositionleft,singlestim,160,182877,c,left,correct,1,,1,trialend,singlestim,161,183888
8572,Subject290,1,attractionattraction,1,attraction,positionright,validityvalid,test,1,positive,singlestim,163,185893,316,â€šÃ³Ã¨,77,dotpositionright,singlestim,164,186260,m,right,correct,1,,1,trialend,singlestim,165,187274
8869,Subject290,1,statuestatue,1,statue,positionright,validityinvalid,test,1,neutral,singlestim,167,189280,456,â€šÃ³Ã¨,67,dotpositionleft,singlestim,168,189789,c,left,correct,1,,1,trialend,singlestim,169,190803
9166,Subject290,1,gunshotgunshot,1,gunshot,positionright,validityvalid,test,1,suicide,singlestim,171,192810,349,â€šÃ³Ã¨,77,dotpositionright,singlestim,172,193212,m,right,correct,1,,1,trialend,singlestim,173,194225
9463,Subject290,1,hatehate,1,hate,positionright,validityinvalid,test,1,negative,singlestim,175,196230,417,â€šÃ³Ã¨,67,dotpositionleft,singlestim,176,196701,c,left,correct,1,,1,trialend,singlestim,177,197715
9760,Subject290,1,rejectedrejected,1,rejected,positionright,validityvalid,test,3,negative,singlestim,179,199718,322,â€šÃ³Ã¨,77,dotpositionright,singlestim,180,200092,m,right,correct,1,,1,trialend,singlestim,181,201106
10057,Subject290,1,dyingdying,1,dying,positionleft,validityvalid,test,3,suicide,singlestim,183,203110,377,â€šÃ³Ã¨,67,dotpositionleft,singlestim,184,203540,c,left,correct,1,,1,trialend,singlestim,185,204555
10354,Subject290,1,touretoure,1,toure,positionleft,validityvalid,test,3,negative,singlestim,187,206559,370,â€šÃ³Ã¨,67,dotpositionleft,singlestim,188,206980,c,left,correct,1,,1,trialend,singlestim,189,207994
10651,Subject290,1,metermeter,1,meter,positionleft,validityvalid,test,3,neutral,singlestim,191,209999,339,â€šÃ³Ã¨,67,dotpositionleft,singlestim,192,210390,c,left,correct,1,,1,trialend,singlestim,193,211402
10948,Subject290,1,bombbomb,1,bomb,positionright,validityvalid,test,3,negative,singlestim,195,213408,386,â€šÃ³Ã¨,77,dotpositionright,singlestim,196,213847,m,right,correct,1,,1,trialend,singlestim,197,214859
11245,Subject290,1,closetcloset,1,closet,positionright,validityinvalid,test,3,neutral,singlestim,199,216863,434,â€šÃ³Ã¨,67,dotpositionleft,singlestim,200,217350,c,left,correct,1,,1,trialend,singlestim,201,218362
11542,Subject290,1,deaddead,1,dead,positionleft,validityinvalid,test,3,suicide,singlestim,203,220367,381,â€šÃ³Ã¨,77,dotpositionright,singlestim,204,220799,m,right,correct,1,,1,trialend,singlestim,205,221811
11839,Subject290,1,diedie,1,die,positionright,validityvalid,test,3,suicide,singlestim,207,223815,985,â€šÃ³Ã¨,77,dotpositionright,singlestim,208,224853,m,right,correct,1,,1,trialend,singlestim,209,225866
12136,Subject290,1,museummuseum,1,museum,positionleft,validityvalid,test,3,neutral,singlestim,211,227871,1,â€šÃ³Ã¨,1,dotpositionleft,singlestim,212,229926,,,incorrect,,1,trialend,singlestim,213,230939,1020350
12433,Subject290,cuttingcutting,1,cutting,positionright,,validityvalid,3,,suicide,215,232943,1020370,1,1,dotpositionright,singlestim,216,234995,1020380,,1,incorrect,1,trialend,singlestim,217,236008,1020390,1
12730,Subject290,1,smile,positionleft,validityvalid,test,validityvalid,,singlestim,positive,238012,1020410,,437,dotpositionleft,singlestim,220,238502,1020420,c,,1,correct,1,trialend,singlestim,221,239514,1020430,1
13027,Subject290,1,assault,positionleft,validityinvalid,test,validityinvalid,,singlestim,negative,241520,1020450,,435,dotpositionright,singlestim,224,242006,1020460,m,,1,correct,1,trialend,singlestim,225,243018,1020470,1
13324,Subject290,1,strong,positionleft,validityvalid,test,validityvalid,,singlestim,positive,245023,1020490,,451,dotpositionleft,singlestim,228,245526,1020500,c,,1,correct,1,trialend,singlestim,229,246539,1020510,1
13621,Subject290,1,green,positionright,validityvalid,test,validityvalid,,singlestim,neutral,248546,1020530,,352,dotpositionright,singlestim,232,248950,1020540,m,,1,correct,1,trialend,singlestim,233,249963,1020550,1
13918,Subject290,1,happy,positionright,validityvalid,test,validityvalid,,singlestim,positive,251976,1020570,,337,dotpositionright,singlestim,236,252366,1020580,m,,1,correct,1,trialend,singlestim,237,253379,1020590,1
14215,Subject290,1,kiss,positionright,validityinvalid,test,validityinvalid,,singlestim,positive,255382,1020610,,410,dotpositionleft,singlestim,240,255847,1020620,c,,1,correct,1,trialend,singlestim,241,256860,1020630,1
14512,Subject290,1,noose,positionleft,validityvalid,test,validityvalid,,singlestim,suicide,258864,103010,,457,dotpositionleft,singlestim,244,259374,103020,c,,1,correct,1,trialend,singlestim,245,260388,103030,1
14809,Subject290,1,abuse,positionright,validityvalid,test,validityvalid,,singlestim,negative,262393,103050,,512,dotpositionright,singlestim,248,262957,103060,m,,1,correct,1,trialend,singlestim,249,263970,103070,1
15106,Subject290,1,corpse,positionleft,validityvalid,test,validityvalid,,singlestim,suicide,265974,103090,,379,dotpositionleft,singlestim,252,266405,1030100,c,,1,correct,1,trialend,singlestim,253,267418,1030110,1
15403,Subject290,1,pleasure,positionleft,validityvalid,test,validityvalid,,singlestim,positive,269424,1030130,,347,dotpositionleft,singlestim,256,269822,1030140,c,,1,correct,1,trialend,singlestim,257,270837,1030150,867
15700,Subject290,77,table,positionright,validityvalid,test,validityvalid,,singlestim,neutral,272842,1030170,,383,dotpositionright,singlestim,260,273277,1030180,m,,1,correct,1,trialend,singlestim,261,274289,1030190,1
15997,Subject290,1,love,positionright,validityinvalid,test,validityinvalid,,singlestim,positive,276293,1030210,,595,dotpositionleft,singlestim,264,276941,1030220,c,,1,correct,1,trialend,singlestim,265,277955,1030230,1
16294,Subject290,1,foam,positionright,validityvalid,test,validityvalid,,singlestim,neutral,279960,1030250,,336,dotpositionright,singlestim,268,280350,1030260,m,,1,correct,1,trialend,singlestim,269,281361,1030270,1
16591,Subject290,1,filthy,positionleft,validityinvalid,test,validityinvalid,,singlestim,negative,283365,1030290,,371,dotpositionright,singlestim,272,283789,1030300,m,,1,correct,1,trialend,singlestim,273,284803,1030310,1
16888,Subject290,1,death,positionright,validityvalid,test,validityvalid,,singlestim,suicide,286807,1030330,,675,dotpositionright,singlestim,276,287534,1030340,m,,1,correct,1,trialend,singlestim,277,288549,1030350,1
17185,Subject290,1,cruel,positionright,validityvalid,test,validityvalid,,singlestim,negative,290552,1030370,,425,dotpositionright,singlestim,280,291030,1030380,m,,1,correct,1,trialend,singlestim,281,292042,1030390,1
17482,Subject290,1,horse,positionleft,validityinvalid,test,validityinvalid,,singlestim,neutral,294047,1030410,,345,dotpositionright,singlestim,284,294445,1030420,m,,1,correct,1,trialend,singlestim,285,295459,1030430,1
17779,Subject290,1,enthusiasm,positionright,validityvalid,test,validityvalid,,singlestim,positive,297462,1030450,,505,dotpositionright,singlestim,288,298021,1030460,m,,1,correct,1,trialend,singlestim,289,299035,1030470,1
18076,Subject290,1,paper,positionleft,validityvalid,test,validityvalid,,singlestim,neutral,301040,1030490,,599,dotpositionleft,singlestim,292,301693,1030500,c,,1,correct,1,trialend,singlestim,293,302709,1030510,1
18373,Subject290,1,bravery,positionleft,validityvalid,test,validityvalid,,singlestim,positive,304714,1030530,,444,dotpositionleft,singlestim,296,305210,1030540,c,,1,correct,1,trialend,singlestim,297,306224,1030550,1
18670,Subject290,1,failure,positionleft,validityvalid,test,validityvalid,,singlestim,negative,308228,1030570,,414,dotpositionleft,singlestim,300,308693,1030580,c,,1,correct,1,trialend,singlestim,301,309707,1030590,1
18967,Subject290,1,overdose,positionright,validityinvalid,test,validityinvalid,,singlestim,suicide,311712,1030610,,481,dotpositionleft,singlestim,304,312245,1030620,c,,1,correct,1,trialend,singlestim,305,313257,1030630,1001