"","SubjectID","rt","stimulus","keypress","word","wordposition","validity","block","blocknum","wordtype","trialtype","trialindex","timeelapsed","rt.1","stimulus.1","keypress.1","dotposition","trialtype.1","trialindex.1","timeelapsed.1","keypressed","participantresponse","correctresponse","rt.2","stimulus.2","keypress.2","blocktrial","trialtype.2","trialindex.2","timeelapsed.2"
"270","Subject304","1","deceaseddeceased","1","deceased","positionright","validityvalid","test","4","suicide","singlestim","51","97414","383","â€šÃ³Ã¨","77","dotpositionright","singlestim","52","97851","m","right","correct","1","","1","trialend","singlestim","53","98864"
"567","Subject304","1","structurestructure","1","structure","positionright","validityvalid","test","4","neutral","singlestim","55","100876","369","â€šÃ³Ã¨","77","dotpositionright","singlestim","56","101299","m","right","correct","1","","1","trialend","singlestim","57","102312"
"864","Subject304","1","laughlaugh","1","laugh","positionright","validityvalid","test","4","positive","singlestim","59","104320","646","â€šÃ³Ã¨","77","dotpositionright","singlestim","60","105018","m","right","correct","1","","1","trialend","singlestim","61","106034"
"1161","Subject304","425","successsuccess","67","success","positionleft","validityvalid","test","4","positive","singlestim","63","108045","479","â€šÃ³Ã¨","67","dotpositionleft","singlestim","64","108577","c","left","correct","1","","1","trialend","singlestim","65","109594"
"1458","Subject304","1","hanginghanging","1","hanging","positionleft","validityvalid","test","4","suicide","singlestim","67","111603","419","â€šÃ³Ã¨","67","dotpositionleft","singlestim","68","112076","c","left","correct","1","","1","trialend","singlestim","69","113090"
"1755","Subject304","1","suicidesuicide","1","suicide","positionright","validityinvalid","test","4","suicide","singlestim","71","115101","544","â€šÃ³Ã¨","67","dotpositionleft","singlestim","72","115701","c","left","correct","1","","1","trialend","singlestim","73","116717"
"2052","Subject304","1","passionatepassionate","1","passionate","positionleft","validityinvalid","test","4","positive","singlestim","75","118728","427","â€šÃ³Ã¨","77","dotpositionright","singlestim","76","119210","m","right","correct","1","","1","trialend","singlestim","77","120223"
"2349","Subject304","1","wohlesswohless","1","wohless","positionright","validityvalid","test","4","negative","singlestim","79","122231","425","â€šÃ³Ã¨","77","dotpositionright","singlestim","80","122709","m","right","correct","1","","1","trialend","singlestim","81","123723"
"2646","Subject304","1","doubledouble","1","double","positionright","validityvalid","test","4","neutral","singlestim","83","125734","449","â€šÃ³Ã¨","77","dotpositionright","singlestim","84","126237","m","right","correct","1","","1","trialend","singlestim","85","127253"
"2943","Subject304","1","frameframe","1","frame","positionleft","validityinvalid","test","4","neutral","singlestim","87","129266","549","â€šÃ³Ã¨","77","dotpositionright","singlestim","88","129868","m","right","correct","1","","1","trialend","singlestim","89","130883"
"3240","Subject304","1","alonealone","1","alone","positionleft","validityvalid","test","4","negative","singlestim","91","132894","570","â€šÃ³Ã¨","67","dotpositionleft","singlestim","92","133517","c","left","correct","1","","1","trialend","singlestim","93","134531"
"3537","Subject304","1","stupidstupid","1","stupid","positionleft","validityvalid","test","4","negative","singlestim","95","136541","488","â€šÃ³Ã¨","67","dotpositionleft","singlestim","96","137083","c","left","correct","1","","1","trialend","singlestim","97","138098"
"3834","Subject304","1","engineengine","1","engine","positionleft","validityvalid","test","4","neutral","singlestim","99","140107","357","â€šÃ³Ã¨","67","dotpositionleft","singlestim","100","140518","c","left","correct","1","","1","trialend","singlestim","101","141534"
"4131","Subject304","1","ecstaticecstatic","1","ecstatic","positionright","validityvalid","test","4","positive","singlestim","103","143543","439","â€šÃ³Ã¨","77","dotpositionright","singlestim","104","144034","m","right","correct","1","","1","trialend","singlestim","105","145051"
"4428","Subject304","1","killingkilling","1","killing","positionleft","validityvalid","test","4","suicide","singlestim","107","147064","344","â€šÃ³Ã¨","67","dotpositionleft","singlestim","108","147462","c","left","correct","1","","1","trialend","singlestim","109","148476"
"4725","Subject304","1","ashamedashamed","1","ashamed","positionright","validityinvalid","test","4","negative","singlestim","111","150489","437","â€šÃ³Ã¨","67","dotpositionleft","singlestim","112","150979","c","left","correct","1","","1","trialend","singlestim","113","151992"
"5022","Subject304","1","suffocationsuffocation","1","suffocation","positionleft","validityinvalid","test","1","suicide","singlestim","115","154003","487","â€šÃ³Ã¨","77","dotpositionright","singlestim","116","154547","m","right","correct","1","","1","trialend","singlestim","117","155563"
"5319","Subject304","1","statuestatue","1","statue","positionright","validityinvalid","test","1","neutral","singlestim","119","157573","476","â€šÃ³Ã¨","67","dotpositionleft","singlestim","120","158100","c","left","correct","1","","1","trialend","singlestim","121","159114"
"5616","Subject304","1","patheticpathetic","1","pathetic","positionleft","validityvalid","test","1","negative","singlestim","123","161124","492","â€šÃ³Ã¨","67","dotpositionleft","singlestim","124","161668","c","left","correct","1","","1","trialend","singlestim","125","162684"
"5913","Subject304","1","imageimage","1","image","positionleft","validityvalid","test","1","neutral","singlestim","127","164696","455","â€šÃ³Ã¨","67","dotpositionleft","singlestim","128","165206","c","left","correct","1","","1","trialend","singlestim","129","166222"
"6210","Subject304","1","cheesecheese","1","cheese","positionright","validityvalid","test","1","neutral","singlestim","131","168235","546","â€šÃ³Ã¨","77","dotpositionright","singlestim","132","168837","m","right","correct","1","","1","trialend","singlestim","133","169852"
"6507","Subject304","1","hatehate","1","hate","positionright","validityinvalid","test","1","negative","singlestim","135","171863","490","â€šÃ³Ã¨","67","dotpositionleft","singlestim","136","172409","c","left","correct","1","","1","trialend","singlestim","137","173425"
"6804","Subject304","1","funeralfuneral","1","funeral","positionright","validityvalid","test","1","suicide","singlestim","139","175438","451","â€šÃ³Ã¨","77","dotpositionright","singlestim","140","175944","m","right","correct","1","","1","trialend","singlestim","141","176961"
"7101","Subject304","1","foldedfolded","1","folded","positionleft","validityvalid","test","1","neutral","singlestim","143","178973","512","â€šÃ³Ã¨","67","dotpositionleft","singlestim","144","179540","c","left","correct","1","","1","trialend","singlestim","145","180558"
"7398","Subject304","1","attractionattraction","1","attraction","positionright","validityvalid","test","1","positive","singlestim","147","182570","479","â€šÃ³Ã¨","77","dotpositionright","singlestim","148","183106","m","right","correct","1","","1","trialend","singlestim","149","184117"
"7695","Subject304","1","bloodblood","1","blood","positionleft","validityvalid","test","1","suicide","singlestim","151","186128","479","â€šÃ³Ã¨","67","dotpositionleft","singlestim","152","186663","c","left","correct","1","","1","trialend","singlestim","153","187681"
"7992","Subject304","1","greatgreat","1","great","positionright","validityvalid","test","1","positive","singlestim","155","189692","416","â€šÃ³Ã¨","77","dotpositionright","singlestim","156","190165","m","right","correct","1","","1","trialend","singlestim","157","191181"
"8289","Subject304","1","cryingcrying","1","crying","positionright","validityvalid","test","1","negative","singlestim","159","193193","375","â€šÃ³Ã¨","77","dotpositionright","singlestim","160","193623","m","right","correct","1","","1","trialend","singlestim","161","194640"
"8586","Subject304","1","gunshotgunshot","1","gunshot","positionright","validityvalid","test","1","suicide","singlestim","163","196650","395","â€šÃ³Ã¨","77","dotpositionright","singlestim","164","197101","m","right","correct","1","","1","trialend","singlestim","165","198116"
"8883","Subject304","1","paradiseparadise","1","paradise","positionleft","validityvalid","test","1","positive","singlestim","167","200127","326","â€šÃ³Ã¨","67","dotpositionleft","singlestim","168","200510","c","left","correct","1","","1","trialend","singlestim","169","201523"
"9180","Subject304","1","vomitvomit","1","vomit","positionleft","validityvalid","test","1","negative","singlestim","171","203535","523","â€šÃ³Ã¨","67","dotpositionleft","singlestim","172","204114","c","left","correct","1","","1","trialend","singlestim","173","205128"
"9477","Subject304","1","healthyhealthy","1","healthy","positionleft","validityinvalid","test","1","positive","singlestim","175","207139","364","â€šÃ³Ã¨","77","dotpositionright","singlestim","176","207559","m","right","correct","1","","1","trialend","singlestim","177","208575"
"9774","Subject304","1","deaddead","1","dead","positionleft","validityinvalid","test","3","suicide","singlestim","179","210584","404","â€šÃ³Ã¨","77","dotpositionright","singlestim","180","211043","m","right","correct","1","","1","trialend","singlestim","181","212057"
"10071","Subject304","1","bombbomb","1","bomb","positionright","validityvalid","test","3","negative","singlestim","183","214067","417","â€šÃ³Ã¨","77","dotpositionright","singlestim","184","214535","m","right","correct","1","","1","trialend","singlestim","185","215551"
"10368","Subject304","1","touretoure","1","toure","positionleft","validityvalid","test","3","negative","singlestim","187","217561","420","â€šÃ³Ã¨","67","dotpositionleft","singlestim","188","218035","c","left","correct","1","","1","trialend","singlestim","189","219050"
"10665","Subject304","1","strongstrong","1","strong","positionleft","validityvalid","test","3","positive","singlestim","191","221063","465","â€šÃ³Ã¨","67","dotpositionleft","singlestim","192","221582","c","left","correct","1","","1","trialend","singlestim","193","222598"
"10962","Subject304","1","rejectedrejected","1","rejected","positionright","validityvalid","test","3","negative","singlestim","195","224610","372","â€šÃ³Ã¨","77","dotpositionright","singlestim","196","225037","m","right","correct","1","","1","trialend","singlestim","197","226050"
"11259","Subject304","1","smilesmile","1","smile","positionleft","validityvalid","test","3","positive","singlestim","199","228062","431","â€šÃ³Ã¨","67","dotpositionleft","singlestim","200","228548","c","left","correct","1","","1","trialend","singlestim","201","229562"
"11556","Subject304","1","greengreen","1","green","positionright","validityvalid","test","3","neutral","singlestim","203","231574","408","â€šÃ³Ã¨","77","dotpositionright","singlestim","204","232037","m","right","correct","1","","1","trialend","singlestim","205","233050"
"11853","Subject304","1","diedie","1","die","positionright","validityvalid","test","3","suicide","singlestim","207","235060","383","â€šÃ³Ã¨","77","dotpositionright","singlestim","208","235499","m","right","correct","1","","1","trialend","singlestim","209","236515"
"12150","Subject304","1","kisskiss","1","kiss","positionright","validityinvalid","test","3","positive","singlestim","211","238526","524","â€šÃ³Ã¨","67","dotpositionleft","singlestim","212","239106","c","left","correct","1","","1","trialend","singlestim","213","240120"
"12447","Subject304","1","museummuseum","1","museum","positionleft","validityvalid","test","3","neutral","singlestim","215","242132","417","â€šÃ³Ã¨","67","dotpositionleft","singlestim","216","242606","c","left","correct","1","","1","trialend","singlestim","217","243621"
"12744","Subject304","1","metermeter","1","meter","positionleft","validityvalid","test","3","neutral","singlestim","219","245633","420","â€šÃ³Ã¨","67","dotpositionleft","singlestim","220","246107","c","left","correct","1","","1","trialend","singlestim","221","247120"
"13041","Subject304","1","happyhappy","1","happy","positionright","validityvalid","test","3","positive","singlestim","223","249132","375","â€šÃ³Ã¨","77","dotpositionright","singlestim","224","249562","m","right","correct","1","","1","trialend","singlestim","225","250578"
"13338","Subject304","1","dyingdying","1","dying","positionleft","validityvalid","test","3","suicide","singlestim","227","252586","436","â€šÃ³Ã¨","67","dotpositionleft","singlestim","228","253075","c","left","correct","1","","1","trialend","singlestim","229","254089"
"13635","Subject304","1","closetcloset","1","closet","positionright","validityinvalid","test","3","neutral","singlestim","231","256099","503","â€šÃ³Ã¨","67","dotpositionleft","singlestim","232","256659","c","left","correct","1","","1","trialend","singlestim","233","257676"
"13932","Subject304","1","assaultassault","1","assault","positionleft","validityinvalid","test","3","negative","singlestim","235","259687","557","â€šÃ³Ã¨","77","dotpositionright","singlestim","236","260299","m","right","correct","1","","1","trialend","singlestim","237","261314"
"14229","Subject304","1","cuttingcutting","1","cutting","positionright","validityvalid","test","3","suicide","singlestim","239","263324","482","â€šÃ³Ã¨","77","dotpositionright","singlestim","240","263859","m","right","correct","1","","1","trialend","singlestim","241","264872"
"14526","Subject304","1","corpsecorpse","1","corpse","positionleft","validityvalid","test","2","suicide","singlestim","243","266883","1","â€šÃ³Ã¨","1","dotpositionleft","singlestim","244","268943","","incorrect","1","","1","trialend","singlestim","245","269957","103030"
"14823","Subject304","noosenoose","1","noose","positionleft","validityvalid","test","2","suicide","singlestim","247","271965","103050","â€šÃ³Ã¨","67","dotpositionleft","singlestim","248","273490","103060","left","correct","1","","1","trialend","singlestim","249","274507","103070"
"15120","Subject304","enthusiasmenthusiasm","1","enthusiasm","positionright","validityvalid","test","2","positive","singlestim","251","276517","103090","â€šÃ³Ã¨","77","dotpositionright","singlestim","252","277183","1030100","right","correct","1","","1","trialend","singlestim","253","278198","1030110"
"15417","Subject304","failurefailure","1","failure","positionleft","validityvalid","test","2","negative","singlestim","255","280210","1030130","â€šÃ³Ã¨","67","dotpositionleft","singlestim","256","280735","1030140","left","correct","1","","1","trialend","singlestim","257","281751","1030150"
"15714","Subject304","cruelcruel","1","cruel","positionright","validityvalid","test","2","negative","singlestim","259","283761","1030170","â€šÃ³Ã¨","77","dotpositionright","singlestim","260","284334","1030180","right","correct","1","","1","trialend","singlestim","261","285349","1030190"
"16011","Subject304","foamfoam","1","foam","positionright","validityvalid","test","2","neutral","singlestim","263","287358","1030210","â€šÃ³Ã¨","77","dotpositionright","singlestim","264","287830","1030220","right","correct","1","","1","trialend","singlestim","265","288846","1030230"
"16308","Subject304","abuseabuse","1","abuse","positionright","validityvalid","test","2","negative","singlestim","267","290856","1030250","â€šÃ³Ã¨","77","dotpositionright","singlestim","268","291327","1030260","right","correct","1","","1","trialend","singlestim","269","292343","1030270"
"16605","Subject304","filthyfilthy","1","filthy","positionleft","validityinvalid","test","2","negative","singlestim","271","294357","1030290","â€šÃ³Ã¨","77","dotpositionright","singlestim","272","294781","1030300","right","correct","1","","1","trialend","singlestim","273","295796","1030310"
"16902","Subject304","paperpaper","1","paper","positionleft","validityvalid","test","2","neutral","singlestim","275","297806","1030330","â€šÃ³Ã¨","67","dotpositionleft","singlestim","276","298375","1030340","left","correct","1","","1","trialend","singlestim","277","299388","1030350"
"17199","Subject304","pleasurepleasure","1","pleasure","positionleft","validityvalid","test","2","positive","singlestim","279","301399","1030370","â€šÃ³Ã¨","67","dotpositionleft","singlestim","280","301882","1030380","left","correct","1","","1","trialend","singlestim","281","302899","1030390"
"17496","Subject304","deathdeath","1","death","positionright","validityvalid","test","2","suicide","singlestim","283","304910","1030410","â€šÃ³Ã¨","77","dotpositionright","singlestim","284","305353","1030420","right","correct","1","","1","trialend","singlestim","285","306370","1030430"
"17793","Subject304","horsehorse","1","horse","positionleft","validityinvalid","test","2","neutral","singlestim","287","308381","1030450","â€šÃ³Ã¨","77","dotpositionright","singlestim","288","308880","1030460","right","correct","1","","1","trialend","singlestim","289","309897","1030470"
"18090","Subject304","overdoseoverdose","1","overdose","positionright","validityinvalid","test","2","suicide","singlestim","291","311907","1030490","â€šÃ³Ã¨","67","dotpositionleft","singlestim","292","312381","1030500","left","correct","1","","1","trialend","singlestim","293","313398","1030510"
"18387","Subject304","lovelove","1","love","positionright","validityinvalid","test","2","positive","singlestim","295","315410","1030530","â€šÃ³Ã¨","67","dotpositionleft","singlestim","296","315930","1030540","left","correct","1","","1","trialend","singlestim","297","316945","1030550"
"18684","Subject304","braverybravery","1","bravery","positionleft","validityvalid","test","2","positive","singlestim","299","318956","1030570","â€šÃ³Ã¨","67","dotpositionleft","singlestim","300","319526","1030580","left","correct","1","","1","trialend","singlestim","301","320543","1030590"
"18981","Subject304","tabletable","1","table","positionright","validityvalid","test","2","neutral","singlestim","303","322556","1030610","â€šÃ³Ã¨","77","dotpositionright","singlestim","304","323119","1030620","right","correct","1","","1","trialend","singlestim","305","324135","1030630"
