,SubjectID,rt,stimulus,keypress,word,wordposition,validity,block,blocknum,wordtype,trialtype,trialindex,timeelapsed,rt.1,stimulus.1,keypress.1,dotposition,trialtype.1,trialindex.1,timeelapsed.1,keypressed,participantresponse,correctresponse,rt.2,stimulus.2,keypress.2,blocktrial,trialtype.2,trialindex.2,timeelapsed.2,
9,Subject9,,pleasurepleasure,1,pleasure,positionleft,validityvalid,test,2,positive,singlestim,51,460024,100010,â€šÃ³Ã¨,67,dotpositionleft,singlestim,52,460426,100020,left,correct,1,,1,trialend,singlestim,53,461440,100030
306,Subject9,,tabletable,1,table,positionright,validityvalid,test,2,neutral,singlestim,55,463445,100050,â€šÃ³Ã¨,77,dotpositionright,singlestim,56,463838,100060,right,correct,1,,1,trialend,singlestim,57,464850,100070
603,Subject9,,failurefailure,1,failure,positionleft,validityvalid,test,2,negative,singlestim,59,466853,100090,â€šÃ³Ã¨,67,dotpositionleft,singlestim,60,467238,1000100,left,correct,1,,1,trialend,singlestim,61,468249,1000110
900,Subject9,,lovelove,1,love,positionright,validityinvalid,test,2,positive,singlestim,63,470255,1000130,â€šÃ³Ã¨,67,dotpositionleft,singlestim,64,470675,1000140,left,correct,1,,1,trialend,singlestim,65,471689,1000150
1197,Subject9,,foamfoam,1,foam,positionright,validityvalid,test,2,neutral,singlestim,67,473694,1000170,â€šÃ³Ã¨,77,dotpositionright,singlestim,68,474066,1000180,right,correct,1,,1,trialend,singlestim,69,475079,1000190
1494,Subject9,,braverybravery,1,bravery,positionleft,validityvalid,test,2,positive,singlestim,71,477083,1000210,â€šÃ³Ã¨,67,dotpositionleft,singlestim,72,477573,1000220,left,correct,1,,1,trialend,singlestim,73,478586,1000230
1791,Subject9,,horsehorse,1,horse,positionleft,validityinvalid,test,2,neutral,singlestim,75,480591,1000250,â€šÃ³Ã¨,77,dotpositionright,singlestim,76,481054,1000260,right,correct,1,,1,trialend,singlestim,77,482067,1000270
2088,Subject9,,abuseabuse,1,abuse,positionright,validityvalid,test,2,negative,singlestim,79,484072,1000290,â€šÃ³Ã¨,77,dotpositionright,singlestim,80,484446,1000300,right,correct,1,,1,trialend,singlestim,81,485459,1000310
2385,Subject9,,deathdeath,1,death,positionright,validityvalid,test,2,suicide,singlestim,83,487465,1000330,â€šÃ³Ã¨,77,dotpositionright,singlestim,84,487861,1000340,right,correct,1,,1,trialend,singlestim,85,488875,1000350
2682,Subject9,,noosenoose,1,noose,positionleft,validityvalid,test,2,suicide,singlestim,87,490880,1000370,â€šÃ³Ã¨,67,dotpositionleft,singlestim,88,491296,1000380,left,correct,1,,1,trialend,singlestim,89,492309,1000390
2979,Subject9,,overdoseoverdose,1,overdose,positionright,validityinvalid,test,2,suicide,singlestim,91,494314,1000410,â€šÃ³Ã¨,67,dotpositionleft,singlestim,92,494748,1000420,left,correct,1,,1,trialend,singlestim,93,495762,1000430
3276,Subject9,,enthusiasmenthusiasm,1,enthusiasm,positionright,validityvalid,test,2,positive,singlestim,95,497767,1000450,â€šÃ³Ã¨,77,dotpositionright,singlestim,96,498256,1000460,right,correct,1,,1,trialend,singlestim,97,499269,1000470
3573,Subject9,,paperpaper,1,paper,positionleft,validityvalid,test,2,neutral,singlestim,99,501275,1000490,â€šÃ³Ã¨,67,dotpositionleft,singlestim,100,501668,1000500,left,correct,1,,1,trialend,singlestim,101,502682,1000510
3870,Subject9,,filthyfilthy,1,filthy,positionleft,validityinvalid,test,2,negative,singlestim,103,504686,1000530,â€šÃ³Ã¨,77,dotpositionright,singlestim,104,505131,1000540,right,correct,1,,1,trialend,singlestim,105,506145,1000550
4167,Subject9,,corpsecorpse,1,corpse,positionleft,validityvalid,test,2,suicide,singlestim,107,508150,1000570,â€šÃ³Ã¨,67,dotpositionleft,singlestim,108,508663,1000580,left,correct,1,,1,trialend,singlestim,109,509676,1000590
4464,Subject9,,cruelcruel,1,cruel,positionright,validityvalid,test,2,negative,singlestim,111,511682,1000610,â€šÃ³Ã¨,77,dotpositionright,singlestim,112,512191,1000620,right,correct,1,,1,trialend,singlestim,113,513203,1000630
4761,Subject9,,cuttingcutting,1,cutting,positionright,validityvalid,test,3,suicide,singlestim,115,515208,101010,â€šÃ³Ã¨,77,dotpositionright,singlestim,116,515635,101020,right,correct,1,,1,trialend,singlestim,117,516649,101030
5058,Subject9,,touretoure,1,toure,positionleft,validityvalid,test,3,negative,singlestim,119,518654,101050,â€šÃ³Ã¨,67,dotpositionleft,singlestim,120,519149,101060,left,correct,1,,1,trialend,singlestim,121,520162,101070
5355,Subject9,,rejectedrejected,1,rejected,positionright,validityvalid,test,3,negative,singlestim,123,522167,101090,â€šÃ³Ã¨,77,dotpositionright,singlestim,124,522577,1010100,right,correct,1,,1,trialend,singlestim,125,523590,1010110
5652,Subject9,,metermeter,1,meter,positionleft,validityvalid,test,3,neutral,singlestim,127,525594,1010130,â€šÃ³Ã¨,67,dotpositionleft,singlestim,128,526011,1010140,left,correct,1,,1,trialend,singlestim,129,527025,1010150
5949,Subject9,,deaddead,1,dead,positionleft,validityinvalid,test,3,suicide,singlestim,131,529030,1010170,â€šÃ³Ã¨,77,dotpositionright,singlestim,132,529417,1010180,right,correct,1,,1,trialend,singlestim,133,530430,1010190
6246,Subject9,,happyhappy,1,happy,positionright,validityvalid,test,3,positive,singlestim,135,532435,1010210,â€šÃ³Ã¨,77,dotpositionright,singlestim,136,532898,1010220,right,correct,1,,1,trialend,singlestim,137,533911,1010230
6543,Subject9,,assaultassault,1,assault,positionleft,validityinvalid,test,3,negative,singlestim,139,535916,1010250,â€šÃ³Ã¨,77,dotpositionright,singlestim,140,536332,1010260,right,correct,1,,1,trialend,singlestim,141,537346,1010270
6840,Subject9,,kisskiss,1,kiss,positionright,validityinvalid,test,3,positive,singlestim,143,539351,1010290,â€šÃ³Ã¨,67,dotpositionleft,singlestim,144,539729,1010300,left,correct,1,,1,trialend,singlestim,145,540743,1010310
7137,Subject9,,diedie,1,die,positionright,validityvalid,test,3,suicide,singlestim,147,542748,1010330,â€šÃ³Ã¨,77,dotpositionright,singlestim,148,543045,1010340,right,correct,1,,1,trialend,singlestim,149,544059,1010350
7434,Subject9,,museummuseum,1,museum,positionleft,validityvalid,test,3,neutral,singlestim,151,546064,1010370,â€šÃ³Ã¨,67,dotpositionleft,singlestim,152,546561,1010380,left,correct,1,,1,trialend,singlestim,153,547577,1010390
7731,Subject9,,greengreen,1,green,positionright,validityvalid,test,3,neutral,singlestim,155,549580,1010410,â€šÃ³Ã¨,77,dotpositionright,singlestim,156,550084,1010420,right,correct,1,,1,trialend,singlestim,157,551098,1010430
8028,Subject9,,smilesmile,1,smile,positionleft,validityvalid,test,3,positive,singlestim,159,553103,1010450,â€šÃ³Ã¨,67,dotpositionleft,singlestim,160,553455,1010460,left,correct,1,,1,trialend,singlestim,161,554469,1010470
8325,Subject9,,strongstrong,1,strong,positionleft,validityvalid,test,3,positive,singlestim,163,556474,1010490,â€šÃ³Ã¨,67,dotpositionleft,singlestim,164,556850,1010500,left,correct,1,,1,trialend,singlestim,165,557861,1010510
8622,Subject9,,bombbomb,1,bomb,positionright,validityvalid,test,3,negative,singlestim,167,559864,1010530,â€šÃ³Ã¨,77,dotpositionright,singlestim,168,560236,1010540,right,correct,1,,1,trialend,singlestim,169,561250,1010550
8919,Subject9,,dyingdying,1,dying,positionleft,validityvalid,test,3,suicide,singlestim,171,563254,1010570,â€šÃ³Ã¨,67,dotpositionleft,singlestim,172,563699,1010580,left,correct,1,,1,trialend,singlestim,173,564711,1010590
9216,Subject9,,closetcloset,1,closet,positionright,validityinvalid,test,3,neutral,singlestim,175,566717,1010610,â€šÃ³Ã¨,67,dotpositionleft,singlestim,176,567185,1010620,left,correct,1,,1,trialend,singlestim,177,568198,1010630
9513,Subject9,,paradiseparadise,1,paradise,positionleft,validityvalid,test,1,positive,singlestim,179,570203,102010,â€šÃ³Ã¨,67,dotpositionleft,singlestim,180,570670,102020,left,correct,1,,1,trialend,singlestim,181,571683,102030
9810,Subject9,,hatehate,1,hate,positionright,validityinvalid,test,1,negative,singlestim,183,573688,102050,â€šÃ³Ã¨,67,dotpositionleft,singlestim,184,574161,102060,left,correct,1,,1,trialend,singlestim,185,575175,102070
10107,Subject9,,cheesecheese,1,cheese,positionright,validityvalid,test,1,neutral,singlestim,187,577180,102090,â€šÃ³Ã¨,77,dotpositionright,singlestim,188,577538,1020100,right,correct,1,,1,trialend,singlestim,189,578552,1020110
10404,Subject9,,statuestatue,1,statue,positionright,validityinvalid,test,1,neutral,singlestim,191,580557,1020130,â€šÃ³Ã¨,67,dotpositionleft,singlestim,192,580965,1020140,left,correct,1,,1,trialend,singlestim,193,581977,1020150
10701,Subject9,,vomitvomit,1,vomit,positionleft,validityvalid,test,1,negative,singlestim,195,583981,1020170,â€šÃ³Ã¨,67,dotpositionleft,singlestim,196,584423,1020180,left,correct,1,,1,trialend,singlestim,197,585437,1020190
10998,Subject9,,greatgreat,1,great,positionright,validityvalid,test,1,positive,singlestim,199,587441,1020210,â€šÃ³Ã¨,77,dotpositionright,singlestim,200,587874,1020220,right,correct,1,,1,trialend,singlestim,201,588886,1020230
11295,Subject9,,patheticpathetic,1,pathetic,positionleft,validityvalid,test,1,negative,singlestim,203,590891,1020250,â€šÃ³Ã¨,67,dotpositionleft,singlestim,204,591362,1020260,left,correct,1,,1,trialend,singlestim,205,592374,1020270
11592,Subject9,,attractionattraction,1,attraction,positionright,validityvalid,test,1,positive,singlestim,207,594380,1020290,â€šÃ³Ã¨,77,dotpositionright,singlestim,208,594900,1020300,right,correct,1,,1,trialend,singlestim,209,595913,1020310
11889,Subject9,,imageimage,1,image,positionleft,validityvalid,test,1,neutral,singlestim,211,597918,1020330,â€šÃ³Ã¨,67,dotpositionleft,singlestim,212,598299,1020340,left,correct,1,,1,trialend,singlestim,213,599312,1020350
12186,Subject9,,foldedfolded,1,folded,positionleft,validityvalid,test,1,neutral,singlestim,215,601315,1020370,â€šÃ³Ã¨,67,dotpositionleft,singlestim,216,601739,1020380,left,correct,1,,1,trialend,singlestim,217,602753,1020390
12483,Subject9,,suffocationsuffocation,1,suffocation,positionleft,validityinvalid,test,1,suicide,singlestim,219,604758,1020410,â€šÃ³Ã¨,77,dotpositionright,singlestim,220,605197,1020420,right,correct,1,,1,trialend,singlestim,221,606210,1020430
12780,Subject9,,healthyhealthy,1,healthy,positionleft,validityinvalid,test,1,positive,singlestim,223,608215,1020450,â€šÃ³Ã¨,77,dotpositionright,singlestim,224,608696,1020460,right,correct,1,,1,trialend,singlestim,225,609709,1020470
13077,Subject9,,funeralfuneral,1,funeral,positionright,validityvalid,test,1,suicide,singlestim,227,611714,1020490,â€šÃ³Ã¨,77,dotpositionright,singlestim,228,612146,1020500,right,correct,1,,1,trialend,singlestim,229,613158,1020510
13374,Subject9,,cryingcrying,1,crying,positionright,validityvalid,test,1,negative,singlestim,231,615164,1020530,â€šÃ³Ã¨,77,dotpositionright,singlestim,232,615578,1020540,right,correct,1,,1,trialend,singlestim,233,616590,1020550
13671,Subject9,,gunshotgunshot,1,gunshot,positionright,validityvalid,test,1,suicide,singlestim,235,618595,1020570,â€šÃ³Ã¨,77,dotpositionright,singlestim,236,619007,1020580,right,correct,1,,1,trialend,singlestim,237,620021,1020590
13968,Subject9,,bloodblood,1,blood,positionleft,validityvalid,test,1,suicide,singlestim,239,622026,1020610,â€šÃ³Ã¨,67,dotpositionleft,singlestim,240,622468,1020620,left,correct,1,,1,trialend,singlestim,241,623482,1020630
14265,Subject9,,passionatepassionate,1,passionate,positionleft,validityinvalid,test,4,positive,singlestim,243,625487,103010,â€šÃ³Ã¨,77,dotpositionright,singlestim,244,625924,103020,right,correct,1,,1,trialend,singlestim,245,626938,103030
14562,Subject9,,killingkilling,1,killing,positionleft,validityvalid,test,4,suicide,singlestim,247,628942,103050,â€šÃ³Ã¨,67,dotpositionleft,singlestim,248,629342,103060,left,correct,1,,1,trialend,singlestim,249,630354,103070
14859,Subject9,,ecstaticecstatic,1,ecstatic,positionright,validityvalid,test,4,positive,singlestim,251,632358,103090,â€šÃ³Ã¨,77,dotpositionright,singlestim,252,632766,1030100,right,correct,1,,1,trialend,singlestim,253,633780,1030110
15156,Subject9,,successsuccess,1,success,positionleft,validityvalid,test,4,positive,singlestim,255,635783,1030130,â€šÃ³Ã¨,67,dotpositionleft,singlestim,256,636267,1030140,left,correct,1,,1,trialend,singlestim,257,637280,1030150
15453,Subject9,,suicidesuicide,1,suicide,positionright,validityinvalid,test,4,suicide,singlestim,259,639285,1030170,â€šÃ³Ã¨,67,dotpositionleft,singlestim,260,639708,1030180,left,correct,1,,1,trialend,singlestim,261,640722,1030190
15750,Subject9,,engineengine,1,engine,positionleft,validityvalid,test,4,neutral,singlestim,263,642728,1030210,â€šÃ³Ã¨,67,dotpositionleft,singlestim,264,643209,1030220,left,correct,1,,1,trialend,singlestim,265,644223,1030230
16047,Subject9,,structurestructure,1,structure,positionright,validityvalid,test,4,neutral,singlestim,267,646227,1030250,â€šÃ³Ã¨,77,dotpositionright,singlestim,268,646740,1030260,right,correct,1,,1,trialend,singlestim,269,647753,1030270
16344,Subject9,,wohlesswohless,1,wohless,positionright,validityvalid,test,4,negative,singlestim,271,649758,1030290,â€šÃ³Ã¨,77,dotpositionright,singlestim,272,650148,1030300,right,correct,1,,1,trialend,singlestim,273,651162,1030310
16641,Subject9,,laughlaugh,1,laugh,positionright,validityvalid,test,4,positive,singlestim,275,653167,1030330,â€šÃ³Ã¨,77,dotpositionright,singlestim,276,653556,1030340,right,correct,1,,1,trialend,singlestim,277,654569,1030350
16938,Subject9,,stupidstupid,1,stupid,positionleft,validityvalid,test,4,negative,singlestim,279,656574,1030370,â€šÃ³Ã¨,67,dotpositionleft,singlestim,280,656991,1030380,left,correct,1,,1,trialend,singlestim,281,658003,1030390
17235,Subject9,,doubledouble,1,double,positionright,validityvalid,test,4,neutral,singlestim,283,660008,1030410,â€šÃ³Ã¨,77,dotpositionright,singlestim,284,660432,1030420,right,correct,1,,1,trialend,singlestim,285,661445,1030430
17532,Subject9,,ashamedashamed,1,ashamed,positionright,validityinvalid,test,4,negative,singlestim,287,663450,1030450,â€šÃ³Ã¨,67,dotpositionleft,singlestim,288,664572,1030460,left,correct,1,,1,trialend,singlestim,289,665585,1030470
17829,Subject9,,alonealone,1,alone,positionleft,validityvalid,test,4,negative,singlestim,291,667589,1030490,â€šÃ³Ã¨,67,dotpositionleft,singlestim,292,667972,1030500,left,correct,1,,1,trialend,singlestim,293,668985,1030510
18126,Subject9,,deceaseddeceased,1,deceased,positionright,validityvalid,test,4,suicide,singlestim,295,670989,1030530,â€šÃ³Ã¨,77,dotpositionright,singlestim,296,671375,1030540,right,correct,1,,1,trialend,singlestim,297,672388,1030550
18423,Subject9,,hanginghanging,1,hanging,positionleft,validityvalid,test,4,suicide,singlestim,299,674392,1030570,â€šÃ³Ã¨,67,dotpositionleft,singlestim,300,674846,1030580,left,correct,1,,1,trialend,singlestim,301,675858,1030590
18720,Subject9,,frameframe,1,frame,positionleft,validityinvalid,test,4,neutral,singlestim,303,677861,1030610,â€šÃ³Ã¨,77,dotpositionright,singlestim,304,678308,1030620,right,correct,1,,1,trialend,singlestim,305,679321,1030630