"","SubjectID","rt","stimulus","keypress","word","wordposition","validity","block","blocknum","wordtype","trialtype","trialindex","timeelapsed","rt.1","stimulus.1","keypress.1","dotposition","trialtype.1","trialindex.1","timeelapsed.1","keypressed","participantresponse","correctresponse","rt.2","stimulus.2","keypress.2","blocktrial","trialtype.2","trialindex.2","timeelapsed.2"
"186","Subject216","horsehorse","1","horse","positionleft","validityinvalid","test","2","neutral","singlestim","51","86761","100010","â€šÃ³Ã¨","77","dotpositionright","singlestim","52","87251","100020","right","correct","1","","1","trialend","singlestim","53","88263","100030"
"483","Subject216","overdoseoverdose","1","overdose","positionright","validityinvalid","test","2","suicide","singlestim","55","90268","100050","â€šÃ³Ã¨","67","dotpositionleft","singlestim","56","90664","100060","left","correct","1","","1","trialend","singlestim","57","91678","100070"
"780","Subject216","deathdeath","1","death","positionright","validityvalid","test","2","suicide","singlestim","59","93684","100090","â€šÃ³Ã¨","77","dotpositionright","singlestim","60","94266","1000100","right","correct","1","","1","trialend","singlestim","61","95278","1000110"
"1077","Subject216","abuseabuse","1","abuse","positionright","validityvalid","test","2","negative","singlestim","63","97283","1000130","â€šÃ³Ã¨","77","dotpositionright","singlestim","64","97818","1000140","right","correct","1","","1","trialend","singlestim","65","98831","1000150"
"1374","Subject216","lovelove","1","love","positionright","validityinvalid","test","2","positive","singlestim","67","100838","1000170","â€šÃ³Ã¨","67","dotpositionleft","singlestim","68","101328","1000180","left","correct","1","","1","trialend","singlestim","69","102342","1000190"
"1671","Subject216","noosenoose","1","noose","positionleft","validityvalid","test","2","suicide","singlestim","71","104349","1000210","â€šÃ³Ã¨","67","dotpositionleft","singlestim","72","104861","1000220","left","correct","1","","1","trialend","singlestim","73","105875","1000230"
"1968","Subject216","filthyfilthy","1","filthy","positionleft","validityinvalid","test","2","negative","singlestim","75","107886","1000250","â€šÃ³Ã¨","77","dotpositionright","singlestim","76","108983","1000260","right","correct","1","","1","trialend","singlestim","77","109996","1000270"
"2265","Subject216","foamfoam","1","foam","positionright","validityvalid","test","2","neutral","singlestim","79","112002","1000290","â€šÃ³Ã¨","77","dotpositionright","singlestim","80","112443","1000300","right","correct","1","","1","trialend","singlestim","81","113458","1000310"
"2562","Subject216","braverybravery","1","bravery","positionleft","validityvalid","test","2","positive","singlestim","83","115466","1000330","â€šÃ³Ã¨","67","dotpositionleft","singlestim","84","115826","1000340","left","correct","1","","1","trialend","singlestim","85","116840","1000350"
"2859","Subject216","corpsecorpse","1","corpse","positionleft","validityvalid","test","2","suicide","singlestim","87","118846","1000370","â€šÃ³Ã¨","67","dotpositionleft","singlestim","88","119216","1000380","left","correct","1","","1","trialend","singlestim","89","120229","1000390"
"3156","Subject216","failurefailure","1","failure","positionleft","validityvalid","test","2","negative","singlestim","91","122235","1000410","â€šÃ³Ã¨","67","dotpositionleft","singlestim","92","122657","1000420","left","correct","1","","1","trialend","singlestim","93","123674","1000430"
"3453","Subject216","enthusiasmenthusiasm","1","enthusiasm","positionright","validityvalid","test","2","positive","singlestim","95","125680","1000450","â€šÃ³Ã¨","77","dotpositionright","singlestim","96","126096","1000460","right","correct","1","","1","trialend","singlestim","97","127108","1000470"
"3750","Subject216","paperpaper","1","paper","positionleft","validityvalid","test","2","neutral","singlestim","99","129114","1000490","â€šÃ³Ã¨","67","dotpositionleft","singlestim","100","129573","1000500","left","correct","1","","1","trialend","singlestim","101","130585","1000510"
"4047","Subject216","cruelcruel","1","cruel","positionright","validityvalid","test","2","negative","singlestim","103","132591","1000530","â€šÃ³Ã¨","77","dotpositionright","singlestim","104","133098","1000540","right","correct","1","","1","trialend","singlestim","105","134112","1000550"
"4344","Subject216","pleasurepleasure","1","pleasure","positionleft","validityvalid","test","2","positive","singlestim","107","136117","1000570","â€šÃ³Ã¨","67","dotpositionleft","singlestim","108","136507","1000580","left","correct","1","","1","trialend","singlestim","109","137519","1000590"
"4641","Subject216","tabletable","1","table","positionright","validityvalid","test","2","neutral","singlestim","111","139524","1000610","â€šÃ³Ã¨","77","dotpositionright","singlestim","112","139990","1000620","right","correct","1","","1","trialend","singlestim","113","141011","1000630"
"4938","Subject216","closetcloset","1","closet","positionright","validityinvalid","test","3","neutral","singlestim","115","143022","101010","â€šÃ³Ã¨","67","dotpositionleft","singlestim","116","143504","101020","left","correct","1","","1","trialend","singlestim","117","144517","101030"
"5235","Subject216","diedie","1","die","positionright","validityvalid","test","3","suicide","singlestim","119","146522","101050","â€šÃ³Ã¨","77","dotpositionright","singlestim","120","146884","101060","right","correct","1","","1","trialend","singlestim","121","147895","101070"
"5532","Subject216","happyhappy","1","happy","positionright","validityvalid","test","3","positive","singlestim","123","149903","101090","â€šÃ³Ã¨","77","dotpositionright","singlestim","124","150330","1010100","right","correct","1","","1","trialend","singlestim","125","151346","1010110"
"5829","Subject216","greengreen","1","green","positionright","validityvalid","test","3","neutral","singlestim","127","153353","1010130","â€šÃ³Ã¨","77","dotpositionright","singlestim","128","153753","1010140","right","correct","1","","1","trialend","singlestim","129","154765","1010150"
"6126","Subject216","deaddead","1","dead","positionleft","validityinvalid","test","3","suicide","singlestim","131","156769","1010170","â€šÃ³Ã¨","77","dotpositionright","singlestim","132","157229","1010180","right","correct","1","","1","trialend","singlestim","133","158243","1010190"
"6423","Subject216","museummuseum","1","museum","positionleft","validityvalid","test","3","neutral","singlestim","135","160248","1010210","â€šÃ³Ã¨","67","dotpositionleft","singlestim","136","160692","1010220","left","correct","1","","1","trialend","singlestim","137","161708","1010230"
"6720","Subject216","smilesmile","1","smile","positionleft","validityvalid","test","3","positive","singlestim","139","163717","1010250","â€šÃ³Ã¨","67","dotpositionleft","singlestim","140","164352","1010260","left","correct","1","","1","trialend","singlestim","141","165365","1010270"
"7017","Subject216","rejectedrejected","1","rejected","positionright","validityvalid","test","3","negative","singlestim","143","167370","1010290","â€šÃ³Ã¨","77","dotpositionright","singlestim","144","167724","1010300","right","correct","1","","1","trialend","singlestim","145","168739","1010310"
"7314","Subject216","touretoure","1","toure","positionleft","validityvalid","test","3","negative","singlestim","147","170746","1010330","â€šÃ³Ã¨","67","dotpositionleft","singlestim","148","171382","1010340","left","correct","1","","1","trialend","singlestim","149","172394","1010350"
"7611","Subject216","cuttingcutting","1","cutting","positionright","validityvalid","test","3","suicide","singlestim","151","174399","1010370","â€šÃ³Ã¨","77","dotpositionright","singlestim","152","174969","1010380","right","correct","1","","1","trialend","singlestim","153","175981","1010390"
"7908","Subject216","assaultassault","1","assault","positionleft","validityinvalid","test","3","negative","singlestim","155","177985","1010410","â€šÃ³Ã¨","77","dotpositionright","singlestim","156","178502","1010420","right","correct","1","","1","trialend","singlestim","157","179514","1010430"
"8205","Subject216","metermeter","1","meter","positionleft","validityvalid","test","3","neutral","singlestim","159","181518","1010450","â€šÃ³Ã¨","67","dotpositionleft","singlestim","160","182392","1010460","left","correct","1","","1","trialend","singlestim","161","183408","1010470"
"8502","Subject216","strongstrong","1","strong","positionleft","validityvalid","test","3","positive","singlestim","163","185411","1010490","â€šÃ³Ã¨","77","dotpositionleft","singlestim","164","186266","1010500","right","incorrect","1","","1","trialend","singlestim","165","187278","1010510"
"8799","Subject216","dyingdying","1","dying","positionleft","validityvalid","test","3","suicide","singlestim","167","189283","1010530","â€šÃ³Ã¨","67","dotpositionleft","singlestim","168","189906","1010540","left","correct","1","","1","trialend","singlestim","169","190919","1010550"
"9096","Subject216","kisskiss","1","kiss","positionright","validityinvalid","test","3","positive","singlestim","171","192924","1010570","â€šÃ³Ã¨","67","dotpositionleft","singlestim","172","193345","1010580","left","correct","1","","1","trialend","singlestim","173","194358","1010590"
"9393","Subject216","bombbomb","1","bomb","positionright","validityvalid","test","3","negative","singlestim","175","196362","1010610","â€šÃ³Ã¨","77","dotpositionright","singlestim","176","196723","1010620","right","correct","1","","1","trialend","singlestim","177","197736","1010630"
"9690","Subject216","cheesecheese","1","cheese","positionright","validityvalid","test","1","neutral","singlestim","179","199742","102010","â€šÃ³Ã¨","77","dotpositionright","singlestim","180","200173","102020","right","correct","1","","1","trialend","singlestim","181","201187","102030"
"9987","Subject216","foldedfolded","1","folded","positionleft","validityvalid","test","1","neutral","singlestim","183","203193","102050","â€šÃ³Ã¨","67","dotpositionleft","singlestim","184","203582","102060","left","correct","1","","1","trialend","singlestim","185","204594","102070"
"10284","Subject216","suffocationsuffocation","1","suffocation","positionleft","validityinvalid","test","1","suicide","singlestim","187","206604","102090","â€šÃ³Ã¨","77","dotpositionright","singlestim","188","207120","1020100","right","correct","1","","1","trialend","singlestim","189","208132","1020110"
"10581","Subject216","gunshotgunshot","1","gunshot","positionright","validityvalid","test","1","suicide","singlestim","191","210138","1020130","â€šÃ³Ã¨","77","dotpositionright","singlestim","192","210493","1020140","right","correct","1","","1","trialend","singlestim","193","211505","1020150"
"10878","Subject216","imageimage","1","image","positionleft","validityvalid","test","1","neutral","singlestim","195","213510","1020170","â€šÃ³Ã¨","67","dotpositionleft","singlestim","196","213957","1020180","left","correct","1","","1","trialend","singlestim","197","214971","1020190"
"11175","Subject216","attractionattraction","1","attraction","positionright","validityvalid","test","1","positive","singlestim","199","216979","1020210","â€šÃ³Ã¨","77","dotpositionright","singlestim","200","217545","1020220","right","correct","1","","1","trialend","singlestim","201","218559","1020230"
"11472","Subject216","greatgreat","1","great","positionright","validityvalid","test","1","positive","singlestim","203","220564","1020250","â€šÃ³Ã¨","77","dotpositionright","singlestim","204","221038","1020260","right","correct","1","","1","trialend","singlestim","205","222054","1020270"
"11769","Subject216","hatehate","1","hate","positionright","validityinvalid","test","1","negative","singlestim","207","224063","1020290","â€šÃ³Ã¨","67","dotpositionleft","singlestim","208","224434","1020300","left","correct","1","","1","trialend","singlestim","209","225447","1020310"
"12066","Subject216","paradiseparadise","1","paradise","positionleft","validityvalid","test","1","positive","singlestim","211","227453","1020330","â€šÃ³Ã¨","67","dotpositionleft","singlestim","212","227948","1020340","left","correct","1","","1","trialend","singlestim","213","228963","1020350"
"12363","Subject216","healthyhealthy","1","healthy","positionleft","validityinvalid","test","1","positive","singlestim","215","230970","1020370","â€šÃ³Ã¨","77","dotpositionright","singlestim","216","231444","1020380","right","correct","1","","1","trialend","singlestim","217","232457","1020390"
"12660","Subject216","vomitvomit","1","vomit","positionleft","validityvalid","test","1","negative","singlestim","219","234467","1020410","â€šÃ³Ã¨","67","dotpositionleft","singlestim","220","234868","1020420","left","correct","1","","1","trialend","singlestim","221","235881","1020430"
"12957","Subject216","bloodblood","1","blood","positionleft","validityvalid","test","1","suicide","singlestim","223","237886","1020450","â€šÃ³Ã¨","67","dotpositionleft","singlestim","224","238405","1020460","left","correct","1","","1","trialend","singlestim","225","239418","1020470"
"13254","Subject216","patheticpathetic","1","pathetic","positionleft","validityvalid","test","1","negative","singlestim","227","241423","1020490","â€šÃ³Ã¨","67","dotpositionleft","singlestim","228","243406","1020500","left","correct","1","","1","trialend","singlestim","229","244419","1020510"
"13551","Subject216","statuestatue","1","statue","positionright","validityinvalid","test","1","neutral","singlestim","231","246423","1020530","â€šÃ³Ã¨","67","dotpositionleft","singlestim","232","246912","1020540","left","correct","1","","1","trialend","singlestim","233","247926","1020550"
"13848","Subject216","cryingcrying","1","crying","positionright","validityvalid","test","1","negative","singlestim","235","249932","1020570","â€šÃ³Ã¨","77","dotpositionright","singlestim","236","250376","1020580","right","correct","1","","1","trialend","singlestim","237","251389","1020590"
"14145","Subject216","funeralfuneral","1","funeral","positionright","validityvalid","test","1","suicide","singlestim","239","253392","1020610","â€šÃ³Ã¨","77","dotpositionright","singlestim","240","254321","1020620","right","correct","1","","1","trialend","singlestim","241","255340","1020630"
"14442","Subject216","laughlaugh","1","laugh","positionright","validityvalid","test","4","positive","singlestim","243","257348","103010","â€šÃ³Ã¨","77","dotpositionright","singlestim","244","257852","103020","right","correct","1","","1","trialend","singlestim","245","258867","103030"
"14739","Subject216","killingkilling","1","killing","positionleft","validityvalid","test","4","suicide","singlestim","247","260874","103050","â€šÃ³Ã¨","67","dotpositionleft","singlestim","248","261266","103060","left","correct","1","","1","trialend","singlestim","249","262278","103070"
"15036","Subject216","suicidesuicide","1","suicide","positionright","validityinvalid","test","4","suicide","singlestim","251","264284","103090","â€šÃ³Ã¨","67","dotpositionleft","singlestim","252","264630","1030100","left","correct","1","","1","trialend","singlestim","253","265644","1030110"
"15333","Subject216","successsuccess","1","success","positionleft","validityvalid","test","4","positive","singlestim","255","267648","1030130","â€šÃ³Ã¨","67","dotpositionleft","singlestim","256","268130","1030140","left","correct","1","","1","trialend","singlestim","257","269144","1030150"
"15630","Subject216","alonealone","1","alone","positionleft","validityvalid","test","4","negative","singlestim","259","271154","1030170","â€šÃ³Ã¨","67","dotpositionleft","singlestim","260","271686","1030180","left","correct","1","","1","trialend","singlestim","261","272698","1030190"
"15927","Subject216","wohlesswohless","1","wohless","positionright","validityvalid","test","4","negative","singlestim","263","274702","1030210","â€šÃ³Ã¨","77","dotpositionright","singlestim","264","275276","1030220","right","correct","1","","1","trialend","singlestim","265","276295","1030230"
"16224","Subject216","engineengine","1","engine","positionleft","validityvalid","test","4","neutral","singlestim","267","278301","1030250","â€šÃ³Ã¨","67","dotpositionleft","singlestim","268","278851","1030260","left","correct","1","","1","trialend","singlestim","269","279865","1030270"
"16521","Subject216","doubledouble","1","double","positionright","validityvalid","test","4","neutral","singlestim","271","281879","1030290","â€šÃ³Ã¨","77","dotpositionright","singlestim","272","282292","1030300","right","correct","1","","1","trialend","singlestim","273","283307","1030310"
"16818","Subject216","passionatepassionate","1","passionate","positionleft","validityinvalid","test","4","positive","singlestim","275","285314","1030330","â€šÃ³Ã¨","77","dotpositionright","singlestim","276","285693","1030340","right","correct","1","","1","trialend","singlestim","277","286707","1030350"
"17115","Subject216","ashamedashamed","1","ashamed","positionright","validityinvalid","test","4","negative","singlestim","279","288713","1030370","â€šÃ³Ã¨","67","dotpositionleft","singlestim","280","289093","1030380","left","correct","1","","1","trialend","singlestim","281","290108","1030390"
"17412","Subject216","stupidstupid","1","stupid","positionleft","validityvalid","test","4","negative","singlestim","283","292116","1030410","â€šÃ³Ã¨","67","dotpositionleft","singlestim","284","292826","1030420","left","correct","1","","1","trialend","singlestim","285","293838","1030430"
"17709","Subject216","hanginghanging","1","hanging","positionleft","validityvalid","test","4","suicide","singlestim","287","295845","1030450","â€šÃ³Ã¨","67","dotpositionleft","singlestim","288","296489","1030460","left","correct","1","","1","trialend","singlestim","289","297502","1030470"
"18006","Subject216","ecstaticecstatic","1","ecstatic","positionright","validityvalid","test","4","positive","singlestim","291","299509","1030490","â€šÃ³Ã¨","77","dotpositionright","singlestim","292","299967","1030500","right","correct","1","","1","trialend","singlestim","293","300987","1030510"
"18303","Subject216","deceaseddeceased","1","deceased","positionright","validityvalid","test","4","suicide","singlestim","295","302996","1030530","â€šÃ³Ã¨","77","dotpositionright","singlestim","296","303672","1030540","right","correct","1","","1","trialend","singlestim","297","304683","1030550"
"18600","Subject216","structurestructure","1","structure","positionright","validityvalid","test","4","neutral","singlestim","299","306688","1030570","â€šÃ³Ã¨","77","dotpositionright","singlestim","300","307153","1030580","right","correct","1","","1","trialend","singlestim","301","308167","1030590"
"18897","Subject216","frameframe","1","frame","positionleft","validityinvalid","test","4","neutral","singlestim","303","310175","1030610","â€šÃ³Ã¨","77","dotpositionright","singlestim","304","310859","1030620","right","correct","1","","1","trialend","singlestim","305","311872","1030630"
