"","SubjectID","rt","stimulus","keypress","word","wordposition","validity","block","blocknum","wordtype","trialtype","trialindex","timeelapsed","rt.1","stimulus.1","keypress.1","dotposition","trialtype.1","trialindex.1","timeelapsed.1","keypressed","participantresponse","correctresponse","rt.2","stimulus.2","keypress.2","blocktrial","trialtype.2","trialindex.2","timeelapsed.2"
"189","Subject220","1","hatehate","1","hate","positionright","validityinvalid","test","1","negative","singlestim","51","94879","541","â€šÃ³Ã¨","67","dotpositionleft","singlestim","52","95472","c","left","correct","1","","1","trialend","singlestim","53","96486"
"486","Subject220","1","foldedfolded","1","folded","positionleft","validityvalid","test","1","neutral","singlestim","55","98488","464","â€šÃ³Ã¨","67","dotpositionleft","singlestim","56","99003","c","left","correct","1","","1","trialend","singlestim","57","100017"
"783","Subject220","1","cryingcrying","1","crying","positionright","validityvalid","test","1","negative","singlestim","59","102020","412","â€šÃ³Ã¨","77","dotpositionright","singlestim","60","102484","m","right","correct","1","","1","trialend","singlestim","61","103499"
"1080","Subject220","1","bloodblood","1","blood","positionleft","validityvalid","test","1","suicide","singlestim","63","105503","421","â€šÃ³Ã¨","67","dotpositionleft","singlestim","64","105976","c","left","correct","1","","1","trialend","singlestim","65","106989"
"1377","Subject220","1","imageimage","1","image","positionleft","validityvalid","test","1","neutral","singlestim","67","108994","434","â€šÃ³Ã¨","67","dotpositionleft","singlestim","68","109479","c","left","correct","1","","1","trialend","singlestim","69","110493"
"1674","Subject220","1","cheesecheese","1","cheese","positionright","validityvalid","test","1","neutral","singlestim","71","112496","598","â€šÃ³Ã¨","77","dotpositionright","singlestim","72","113147","m","right","correct","1","","1","trialend","singlestim","73","114160"
"1971","Subject220","1","healthyhealthy","1","healthy","positionleft","validityinvalid","test","1","positive","singlestim","75","116166","463","â€šÃ³Ã¨","77","dotpositionright","singlestim","76","116680","m","right","correct","1","","1","trialend","singlestim","77","117693"
"2268","Subject220","1","patheticpathetic","1","pathetic","positionleft","validityvalid","test","1","negative","singlestim","79","119698","1177","â€šÃ³Ã¨","67","dotpositionleft","singlestim","80","120928","c","left","correct","1","","1","trialend","singlestim","81","121941"
"2565","Subject220","1","gunshotgunshot","1","gunshot","positionright","validityvalid","test","1","suicide","singlestim","83","123945","450","â€šÃ³Ã¨","77","dotpositionright","singlestim","84","124447","m","right","correct","1","","1","trialend","singlestim","85","125461"
"2862","Subject220","1","attractionattraction","1","attraction","positionright","validityvalid","test","1","positive","singlestim","87","127466","560","â€šÃ³Ã¨","77","dotpositionright","singlestim","88","128079","m","right","correct","1","","1","trialend","singlestim","89","129091"
"3159","Subject220","1","funeralfuneral","1","funeral","positionright","validityvalid","test","1","suicide","singlestim","91","131095","499","â€šÃ³Ã¨","77","dotpositionright","singlestim","92","131648","m","right","correct","1","","1","trialend","singlestim","93","132662"
"3456","Subject220","1","paradiseparadise","1","paradise","positionleft","validityvalid","test","1","positive","singlestim","95","134665","491","â€šÃ³Ã¨","67","dotpositionleft","singlestim","96","135207","c","left","correct","1","","1","trialend","singlestim","97","136220"
"3753","Subject220","1","statuestatue","1","statue","positionright","validityinvalid","test","1","neutral","singlestim","99","138225","768","â€šÃ³Ã¨","67","dotpositionleft","singlestim","100","139045","c","left","correct","1","","1","trialend","singlestim","101","140058"
"4050","Subject220","1","greatgreat","1","great","positionright","validityvalid","test","1","positive","singlestim","103","142062","531","â€šÃ³Ã¨","77","dotpositionright","singlestim","104","142645","m","right","correct","1","","1","trialend","singlestim","105","143658"
"4347","Subject220","1","vomitvomit","1","vomit","positionleft","validityvalid","test","1","negative","singlestim","107","145663","750","â€šÃ³Ã¨","67","dotpositionleft","singlestim","108","146464","c","left","correct","1","","1","trialend","singlestim","109","147477"
"4644","Subject220","1","suffocationsuffocation","1","suffocation","positionleft","validityinvalid","test","1","suicide","singlestim","111","149482","684","â€šÃ³Ã¨","77","dotpositionright","singlestim","112","150217","m","right","correct","1","","1","trialend","singlestim","113","151231"
"4941","Subject220","1","laughlaugh","1","laugh","positionright","validityvalid","test","4","positive","singlestim","115","153234","589","â€šÃ³Ã¨","77","dotpositionright","singlestim","116","153874","m","right","correct","1","","1","trialend","singlestim","117","154887"
"5238","Subject220","1","passionatepassionate","1","passionate","positionleft","validityinvalid","test","4","positive","singlestim","119","156892","678","â€šÃ³Ã¨","77","dotpositionright","singlestim","120","157623","m","right","correct","1","","1","trialend","singlestim","121","158636"
"5535","Subject220","1","suicidesuicide","1","suicide","positionright","validityinvalid","test","4","suicide","singlestim","123","160640","750","â€šÃ³Ã¨","67","dotpositionleft","singlestim","124","161441","c","left","correct","1","","1","trialend","singlestim","125","162454"
"5832","Subject220","1","structurestructure","1","structure","positionright","validityvalid","test","4","neutral","singlestim","127","164460","579","â€šÃ³Ã¨","77","dotpositionright","singlestim","128","165092","m","right","correct","1","","1","trialend","singlestim","129","166103"
"6129","Subject220","1","stupidstupid","1","stupid","positionleft","validityvalid","test","4","negative","singlestim","131","168108","673","â€šÃ³Ã¨","67","dotpositionleft","singlestim","132","168833","c","left","correct","1","","1","trialend","singlestim","133","169847"
"6426","Subject220","1","killingkilling","1","killing","positionleft","validityvalid","test","4","suicide","singlestim","135","171851","530","â€šÃ³Ã¨","67","dotpositionleft","singlestim","136","172433","c","left","correct","1","","1","trialend","singlestim","137","173446"
"6723","Subject220","1","ecstaticecstatic","1","ecstatic","positionright","validityvalid","test","4","positive","singlestim","139","175452","530","â€šÃ³Ã¨","77","dotpositionright","singlestim","140","176033","m","right","correct","1","","1","trialend","singlestim","141","177048"
"7020","Subject220","1","frameframe","1","frame","positionleft","validityinvalid","test","4","neutral","singlestim","143","179052","509","â€šÃ³Ã¨","77","dotpositionright","singlestim","144","179613","m","right","correct","1","","1","trialend","singlestim","145","180626"
"7317","Subject220","1","wohlesswohless","1","wohless","positionright","validityvalid","test","4","negative","singlestim","147","182630","452","â€šÃ³Ã¨","77","dotpositionright","singlestim","148","183134","m","right","correct","1","","1","trialend","singlestim","149","184146"
"7614","Subject220","1","ashamedashamed","1","ashamed","positionright","validityinvalid","test","4","negative","singlestim","151","186153","581","â€šÃ³Ã¨","67","dotpositionleft","singlestim","152","186784","c","left","correct","1","","1","trialend","singlestim","153","187798"
"7911","Subject220","1","hanginghanging","1","hanging","positionleft","validityvalid","test","4","suicide","singlestim","155","189801","619","â€šÃ³Ã¨","67","dotpositionleft","singlestim","156","190473","c","left","correct","1","","1","trialend","singlestim","157","191488"
"8208","Subject220","1","deceaseddeceased","1","deceased","positionright","validityvalid","test","4","suicide","singlestim","159","193490","412","â€šÃ³Ã¨","77","dotpositionright","singlestim","160","193955","m","right","correct","1","","1","trialend","singlestim","161","194968"
"8505","Subject220","1","doubledouble","1","double","positionright","validityvalid","test","4","neutral","singlestim","163","196974","908","â€šÃ³Ã¨","77","dotpositionright","singlestim","164","197934","m","right","correct","1","","1","trialend","singlestim","165","198947"
"8802","Subject220","1","successsuccess","1","success","positionleft","validityvalid","test","4","positive","singlestim","167","200951","530","â€šÃ³Ã¨","67","dotpositionleft","singlestim","168","201534","c","left","correct","1","","1","trialend","singlestim","169","202547"
"9099","Subject220","1","engineengine","1","engine","positionleft","validityvalid","test","4","neutral","singlestim","171","204552","523","â€šÃ³Ã¨","67","dotpositionleft","singlestim","172","205125","c","left","correct","1","","1","trialend","singlestim","173","206137"
"9396","Subject220","1","alonealone","1","alone","positionleft","validityvalid","test","4","negative","singlestim","175","208142","621","â€šÃ³Ã¨","67","dotpositionleft","singlestim","176","208815","c","left","correct","1","","1","trialend","singlestim","177","209827"
"9693","Subject220","1","enthusiasmenthusiasm","1","enthusiasm","positionright","validityvalid","test","2","positive","singlestim","179","211833","531","â€šÃ³Ã¨","77","dotpositionright","singlestim","180","212416","m","right","correct","1","","1","trialend","singlestim","181","213430"
"9990","Subject220","1","foamfoam","1","foam","positionright","validityvalid","test","2","neutral","singlestim","183","215435","547","â€šÃ³Ã¨","77","dotpositionright","singlestim","184","216036","m","right","correct","1","","1","trialend","singlestim","185","217050"
"10287","Subject220","1","paperpaper","1","paper","positionleft","validityvalid","test","2","neutral","singlestim","187","219054","629","â€šÃ³Ã¨","67","dotpositionleft","singlestim","188","219738","c","left","correct","1","","1","trialend","singlestim","189","220751"
"10584","Subject220","1","corpsecorpse","1","corpse","positionleft","validityvalid","test","2","suicide","singlestim","191","222755","572","â€šÃ³Ã¨","67","dotpositionleft","singlestim","192","223378","c","left","correct","1","","1","trialend","singlestim","193","224390"
"10881","Subject220","1","abuseabuse","1","abuse","positionright","validityvalid","test","2","negative","singlestim","195","226394","463","â€šÃ³Ã¨","77","dotpositionright","singlestim","196","226909","m","right","correct","1","","1","trialend","singlestim","197","227922"
"11178","Subject220","1","overdoseoverdose","1","overdose","positionright","validityinvalid","test","2","suicide","singlestim","199","229925","485","â€šÃ³Ã¨","67","dotpositionleft","singlestim","200","230461","c","left","correct","1","","1","trialend","singlestim","201","231474"
"11475","Subject220","1","tabletable","1","table","positionright","validityvalid","test","2","neutral","singlestim","203","233477","431","â€šÃ³Ã¨","77","dotpositionright","singlestim","204","233961","m","right","correct","1","","1","trialend","singlestim","205","234974"
"11772","Subject220","1","deathdeath","1","death","positionright","validityvalid","test","2","suicide","singlestim","207","236977","502","â€šÃ³Ã¨","77","dotpositionright","singlestim","208","237532","m","right","correct","1","","1","trialend","singlestim","209","238545"
"12069","Subject220","1","filthyfilthy","1","filthy","positionleft","validityinvalid","test","2","negative","singlestim","211","240549","641","â€šÃ³Ã¨","77","dotpositionright","singlestim","212","241243","m","right","correct","1","","1","trialend","singlestim","213","242255"
"12366","Subject220","1","pleasurepleasure","1","pleasure","positionleft","validityvalid","test","2","positive","singlestim","215","244259","634","â€šÃ³Ã¨","67","dotpositionleft","singlestim","216","244945","c","left","correct","1","","1","trialend","singlestim","217","245958"
"12663","Subject220","1","noosenoose","1","noose","positionleft","validityvalid","test","2","suicide","singlestim","219","247962","700","â€šÃ³Ã¨","67","dotpositionleft","singlestim","220","248713","c","left","correct","1","","1","trialend","singlestim","221","249725"
"12960","Subject220","1","failurefailure","1","failure","positionleft","validityvalid","test","2","negative","singlestim","223","251731","610","â€šÃ³Ã¨","67","dotpositionleft","singlestim","224","252392","c","left","correct","1","","1","trialend","singlestim","225","253404"
"13257","Subject220","1","horsehorse","1","horse","positionleft","validityinvalid","test","2","neutral","singlestim","227","255409","495","â€šÃ³Ã¨","77","dotpositionright","singlestim","228","255957","m","right","correct","1","","1","trialend","singlestim","229","256970"
"13554","Subject220","1","lovelove","1","love","positionright","validityinvalid","test","2","positive","singlestim","231","258974","580","â€šÃ³Ã¨","67","dotpositionleft","singlestim","232","259606","c","left","correct","1","","1","trialend","singlestim","233","260619"
"13851","Subject220","1","braverybravery","1","bravery","positionleft","validityvalid","test","2","positive","singlestim","235","262623","781","â€šÃ³Ã¨","67","dotpositionleft","singlestim","236","263455","c","left","correct","1","","1","trialend","singlestim","237","264468"
"14148","Subject220","1","cruelcruel","1","cruel","positionright","validityvalid","test","2","negative","singlestim","239","266472","433","â€šÃ³Ã¨","77","dotpositionright","singlestim","240","266957","m","right","correct","1","","1","trialend","singlestim","241","267970"
"14445","Subject220","1","rejectedrejected","1","rejected","positionright","validityvalid","test","3","negative","singlestim","243","269974","502","â€šÃ³Ã¨","77","dotpositionright","singlestim","244","270529","m","right","correct","1","","1","trialend","singlestim","245","271541"
"14742","Subject220","1","greengreen","1","green","positionright","validityvalid","test","3","neutral","singlestim","247","273545","483","â€šÃ³Ã¨","77","dotpositionright","singlestim","248","274080","m","right","correct","1","","1","trialend","singlestim","249","275094"
"15039","Subject220","1","cuttingcutting","1","cutting","positionright","validityvalid","test","3","suicide","singlestim","251","277098","400","â€šÃ³Ã¨","77","dotpositionright","singlestim","252","277551","m","right","correct","1","","1","trialend","singlestim","253","278563"
"15336","Subject220","1","metermeter","1","meter","positionleft","validityvalid","test","3","neutral","singlestim","255","280568","661","â€šÃ³Ã¨","67","dotpositionleft","singlestim","256","281281","c","left","correct","1","","1","trialend","singlestim","257","282294"
"15633","Subject220","1","museummuseum","1","museum","positionleft","validityvalid","test","3","neutral","singlestim","259","284297","683","â€šÃ³Ã¨","67","dotpositionleft","singlestim","260","285033","c","left","correct","1","","1","trialend","singlestim","261","286047"
"15930","Subject220","1","bombbomb","1","bomb","positionright","validityvalid","test","3","negative","singlestim","263","288051","589","â€šÃ³Ã¨","77","dotpositionright","singlestim","264","288692","m","right","correct","1","","1","trialend","singlestim","265","289706"
"16227","Subject220","1","kisskiss","1","kiss","positionright","validityinvalid","test","3","positive","singlestim","267","291711","838","â€šÃ³Ã¨","67","dotpositionleft","singlestim","268","292600","c","left","correct","1","","1","trialend","singlestim","269","293611"
"16524","Subject220","1","deaddead","1","dead","positionleft","validityinvalid","test","3","suicide","singlestim","271","295618","393","â€šÃ³Ã¨","77","dotpositionright","singlestim","272","296063","m","right","correct","1","","1","trialend","singlestim","273","297077"
"16821","Subject220","1","smilesmile","1","smile","positionleft","validityvalid","test","3","positive","singlestim","275","299081","390","â€šÃ³Ã¨","67","dotpositionleft","singlestim","276","299525","c","left","correct","1","","1","trialend","singlestim","277","300537"
"17118","Subject220","1","assaultassault","1","assault","positionleft","validityinvalid","test","3","negative","singlestim","279","302542","321","â€šÃ³Ã¨","77","dotpositionright","singlestim","280","302917","m","right","correct","1","","1","trialend","singlestim","281","303930"
"17415","Subject220","1","happyhappy","1","happy","positionright","validityvalid","test","3","positive","singlestim","283","305932","363","â€šÃ³Ã¨","77","dotpositionright","singlestim","284","306348","m","right","correct","1","","1","trialend","singlestim","285","307362"
"17712","Subject220","1","diedie","1","die","positionright","validityvalid","test","3","suicide","singlestim","287","309366","342","â€šÃ³Ã¨","77","dotpositionright","singlestim","288","309761","m","right","correct","1","","1","trialend","singlestim","289","310774"
"18009","Subject220","1","touretoure","1","toure","positionleft","validityvalid","test","3","negative","singlestim","291","312778","284","â€šÃ³Ã¨","67","dotpositionleft","singlestim","292","313114","c","left","correct","1","","1","trialend","singlestim","293","314128"
"18306","Subject220","1","closetcloset","1","closet","positionright","validityinvalid","test","3","neutral","singlestim","295","316132","542","â€šÃ³Ã¨","67","dotpositionleft","singlestim","296","316725","c","left","correct","1","","1","trialend","singlestim","297","317738"
"18603","Subject220","1","strongstrong","1","strong","positionleft","validityvalid","test","3","positive","singlestim","299","319742","401","â€šÃ³Ã¨","67","dotpositionleft","singlestim","300","320196","c","left","correct","1","","1","trialend","singlestim","301","321210"
"18900","Subject220","1","dyingdying","1","dying","positionleft","validityvalid","test","3","suicide","singlestim","303","323214","323","â€šÃ³Ã¨","67","dotpositionleft","singlestim","304","323588","c","left","correct","1","","1","trialend","singlestim","305","324603"
