"","SubjectID","rt","stimulus","keypress","word","wordposition","validity","block","blocknum","wordtype","trialtype","trialindex","timeelapsed","rt.1","stimulus.1","keypress.1","dotposition","trialtype.1","trialindex.1","timeelapsed.1","keypressed","participantresponse","correctresponse","rt.2","stimulus.2","keypress.2","blocktrial","trialtype.2","trialindex.2","timeelapsed.2"
"200","Subject231","1","laughlaugh","1","laugh","positionright","validityvalid","test","4","positive","singlestim","51","84684","392","â€šÃ³Ã¨","77","dotpositionright","singlestim","52","85131","m","right","correct","1","","1","trialend","singlestim","53","86146"
"497","Subject231","1","doubledouble","1","double","positionright","validityvalid","test","4","neutral","singlestim","55","88155","413","â€šÃ³Ã¨","77","dotpositionright","singlestim","56","88621","m","right","correct","1","","1","trialend","singlestim","57","89635"
"794","Subject231","1","stupidstupid","1","stupid","positionleft","validityvalid","test","4","negative","singlestim","59","91643","446","â€šÃ³Ã¨","67","dotpositionleft","singlestim","60","92142","c","left","correct","1","","1","trialend","singlestim","61","93158"
"1091","Subject231","1","alonealone","1","alone","positionleft","validityvalid","test","4","negative","singlestim","63","95166","441","â€šÃ³Ã¨","67","dotpositionleft","singlestim","64","95659","c","left","correct","1","","1","trialend","singlestim","65","96675"
"1388","Subject231","1","frameframe","1","frame","positionleft","validityinvalid","test","4","neutral","singlestim","67","98683","352","â€šÃ³Ã¨","77","dotpositionright","singlestim","68","99088","m","right","correct","1","","1","trialend","singlestim","69","100105"
"1685","Subject231","1","killingkilling","1","killing","positionleft","validityvalid","test","4","suicide","singlestim","71","102112","472","â€šÃ³Ã¨","67","dotpositionleft","singlestim","72","102637","c","left","correct","1","","1","trialend","singlestim","73","103655"
"1982","Subject231","1","passionatepassionate","1","passionate","positionleft","validityinvalid","test","4","positive","singlestim","75","105665","333","â€šÃ³Ã¨","77","dotpositionright","singlestim","76","106050","m","right","correct","1","","1","trialend","singlestim","77","107064"
"2279","Subject231","1","successsuccess","1","success","positionleft","validityvalid","test","4","positive","singlestim","79","109072","392","â€šÃ³Ã¨","67","dotpositionleft","singlestim","80","109517","c","left","correct","1","","1","trialend","singlestim","81","110533"
"2576","Subject231","1","structurestructure","1","structure","positionright","validityvalid","test","4","neutral","singlestim","83","112543","345","â€šÃ³Ã¨","77","dotpositionright","singlestim","84","112939","m","right","correct","1","","1","trialend","singlestim","85","113952"
"2873","Subject231","1","deceaseddeceased","1","deceased","positionright","validityvalid","test","4","suicide","singlestim","87","115961","400","â€šÃ³Ã¨","77","dotpositionright","singlestim","88","116414","m","right","correct","1","","1","trialend","singlestim","89","117430"
"3170","Subject231","1","suicidesuicide","1","suicide","positionright","validityinvalid","test","4","suicide","singlestim","91","119437","456","â€šÃ³Ã¨","67","dotpositionleft","singlestim","92","119945","c","left","correct","1","","1","trialend","singlestim","93","120964"
"3467","Subject231","1","wohlesswohless","1","wohless","positionright","validityvalid","test","4","negative","singlestim","95","122971","412","â€šÃ³Ã¨","77","dotpositionright","singlestim","96","123439","m","right","correct","1","","1","trialend","singlestim","97","124457"
"3764","Subject231","1","ashamedashamed","1","ashamed","positionright","validityinvalid","test","4","negative","singlestim","99","126466","338","â€šÃ³Ã¨","67","dotpositionleft","singlestim","100","126857","c","left","correct","1","","1","trialend","singlestim","101","127875"
"4061","Subject231","1","hanginghanging","1","hanging","positionleft","validityvalid","test","4","suicide","singlestim","103","129884","410","â€šÃ³Ã¨","67","dotpositionleft","singlestim","104","130348","c","left","correct","1","","1","trialend","singlestim","105","131364"
"4358","Subject231","1","ecstaticecstatic","1","ecstatic","positionright","validityvalid","test","4","positive","singlestim","107","133372","386","â€šÃ³Ã¨","77","dotpositionright","singlestim","108","133813","m","right","correct","1","","1","trialend","singlestim","109","134829"
"4655","Subject231","1","engineengine","1","engine","positionleft","validityvalid","test","4","neutral","singlestim","111","136837","421","â€šÃ³Ã¨","67","dotpositionleft","singlestim","112","137311","c","left","correct","1","","1","trialend","singlestim","113","138328"
"4952","Subject231","1","metermeter","1","meter","positionleft","validityvalid","test","3","neutral","singlestim","115","140337","529","â€šÃ³Ã¨","67","dotpositionleft","singlestim","116","140921","c","left","correct","1","","1","trialend","singlestim","117","141938"
"5249","Subject231","1","dyingdying","1","dying","positionleft","validityvalid","test","3","suicide","singlestim","119","143946","420","â€šÃ³Ã¨","67","dotpositionleft","singlestim","120","144419","c","left","correct","1","","1","trialend","singlestim","121","145438"
"5546","Subject231","1","strongstrong","1","strong","positionleft","validityvalid","test","3","positive","singlestim","123","147446","419","â€šÃ³Ã¨","67","dotpositionleft","singlestim","124","147921","c","left","correct","1","","1","trialend","singlestim","125","148933"
"5843","Subject231","1","bombbomb","1","bomb","positionright","validityvalid","test","3","negative","singlestim","127","150940","351","â€šÃ³Ã¨","77","dotpositionright","singlestim","128","151344","m","right","correct","1","","1","trialend","singlestim","129","152361"
"6140","Subject231","1","diedie","1","die","positionright","validityvalid","test","3","suicide","singlestim","131","154370","473","â€šÃ³Ã¨","77","dotpositionright","singlestim","132","154896","m","right","correct","1","","1","trialend","singlestim","133","155914"
"6437","Subject231","1","greengreen","1","green","positionright","validityvalid","test","3","neutral","singlestim","135","157924","344","â€šÃ³Ã¨","77","dotpositionright","singlestim","136","158319","m","right","correct","1","","1","trialend","singlestim","137","159338"
"6734","Subject231","1","assaultassault","1","assault","positionleft","validityinvalid","test","3","negative","singlestim","139","161348","314","â€šÃ³Ã¨","77","dotpositionright","singlestim","140","161718","m","right","correct","1","","1","trialend","singlestim","141","162733"
"7031","Subject231","1","smilesmile","1","smile","positionleft","validityvalid","test","3","positive","singlestim","143","164740","521","â€šÃ³Ã¨","67","dotpositionleft","singlestim","144","165316","c","left","correct","1","","1","trialend","singlestim","145","166331"
"7328","Subject231","1","cuttingcutting","1","cutting","positionright","validityvalid","test","3","suicide","singlestim","147","168340","388","â€šÃ³Ã¨","77","dotpositionright","singlestim","148","168779","m","right","correct","1","","1","trialend","singlestim","149","169796"
"7625","Subject231","1","happyhappy","1","happy","positionright","validityvalid","test","3","positive","singlestim","151","171807","334","â€šÃ³Ã¨","77","dotpositionright","singlestim","152","172197","m","right","correct","1","","1","trialend","singlestim","153","173209"
"7922","Subject231","1","touretoure","1","toure","positionleft","validityvalid","test","3","negative","singlestim","155","175216","400","â€šÃ³Ã¨","67","dotpositionleft","singlestim","156","175673","c","left","correct","1","","1","trialend","singlestim","157","176690"
"8219","Subject231","1","kisskiss","1","kiss","positionright","validityinvalid","test","3","positive","singlestim","159","178700","384","â€šÃ³Ã¨","67","dotpositionleft","singlestim","160","179135","c","left","correct","1","","1","trialend","singlestim","161","180150"
"8516","Subject231","1","closetcloset","1","closet","positionright","validityinvalid","test","3","neutral","singlestim","163","182161","411","â€šÃ³Ã¨","67","dotpositionleft","singlestim","164","182628","c","left","correct","1","","1","trialend","singlestim","165","183645"
"8813","Subject231","1","museummuseum","1","museum","positionleft","validityvalid","test","3","neutral","singlestim","167","185652","354","â€šÃ³Ã¨","67","dotpositionleft","singlestim","168","186059","c","left","correct","1","","1","trialend","singlestim","169","187074"
"9110","Subject231","1","rejectedrejected","1","rejected","positionright","validityvalid","test","3","negative","singlestim","171","189082","394","â€šÃ³Ã¨","77","dotpositionright","singlestim","172","189528","m","right","correct","1","","1","trialend","singlestim","173","190545"
"9407","Subject231","1","deaddead","1","dead","positionleft","validityinvalid","test","3","suicide","singlestim","175","192554","343","â€šÃ³Ã¨","77","dotpositionright","singlestim","176","192952","m","right","correct","1","","1","trialend","singlestim","177","193969"
"9704","Subject231","1","bloodblood","1","blood","positionleft","validityvalid","test","1","suicide","singlestim","179","195977","406","â€šÃ³Ã¨","67","dotpositionleft","singlestim","180","196436","c","left","correct","1","","1","trialend","singlestim","181","197453"
"10001","Subject231","1","greatgreat","1","great","positionright","validityvalid","test","1","positive","singlestim","183","199465","366","â€šÃ³Ã¨","77","dotpositionright","singlestim","184","199886","m","right","correct","1","","1","trialend","singlestim","185","200903"
"10298","Subject231","1","foldedfolded","1","folded","positionleft","validityvalid","test","1","neutral","singlestim","187","202912","524","â€šÃ³Ã¨","67","dotpositionleft","singlestim","188","203490","c","left","correct","1","","1","trialend","singlestim","189","204503"
"10595","Subject231","1","healthyhealthy","1","healthy","positionleft","validityinvalid","test","1","positive","singlestim","191","206511","293","â€šÃ³Ã¨","77","dotpositionright","singlestim","192","206857","m","right","correct","1","","1","trialend","singlestim","193","207875"
"10892","Subject231","1","statuestatue","1","statue","positionright","validityinvalid","test","1","neutral","singlestim","195","209883","445","â€šÃ³Ã¨","67","dotpositionleft","singlestim","196","210382","c","left","correct","1","","1","trialend","singlestim","197","211397"
"11189","Subject231","1","patheticpathetic","1","pathetic","positionleft","validityvalid","test","1","negative","singlestim","199","213405","375","â€šÃ³Ã¨","67","dotpositionleft","singlestim","200","213837","c","left","correct","1","","1","trialend","singlestim","201","214852"
"11486","Subject231","1","funeralfuneral","1","funeral","positionright","validityvalid","test","1","suicide","singlestim","203","216858","378","â€šÃ³Ã¨","77","dotpositionright","singlestim","204","217289","m","right","correct","1","","1","trialend","singlestim","205","218304"
"11783","Subject231","1","cryingcrying","1","crying","positionright","validityvalid","test","1","negative","singlestim","207","220311","308","â€šÃ³Ã¨","77","dotpositionright","singlestim","208","220672","m","right","correct","1","","1","trialend","singlestim","209","221687"
"12080","Subject231","377","imageimage","67","image","positionleft","validityvalid","test","1","neutral","singlestim","211","223696","418","â€šÃ³Ã¨","67","dotpositionleft","singlestim","212","224170","c","left","correct","1","","1","trialend","singlestim","213","225187"
"12377","Subject231","1","vomitvomit","1","vomit","positionleft","validityvalid","test","1","negative","singlestim","215","227195","385","â€šÃ³Ã¨","67","dotpositionleft","singlestim","216","227634","c","left","correct","1","","1","trialend","singlestim","217","228651"
"12674","Subject231","1","cheesecheese","1","cheese","positionright","validityvalid","test","1","neutral","singlestim","219","230660","366","â€šÃ³Ã¨","77","dotpositionright","singlestim","220","231081","m","right","correct","1","","1","trialend","singlestim","221","232094"
"12971","Subject231","1","suffocationsuffocation","1","suffocation","positionleft","validityinvalid","test","1","suicide","singlestim","223","234101","372","â€šÃ³Ã¨","77","dotpositionright","singlestim","224","234526","m","right","correct","1","","1","trialend","singlestim","225","235541"
"13268","Subject231","1","hatehate","1","hate","positionright","validityinvalid","test","1","negative","singlestim","227","237551","371","â€šÃ³Ã¨","67","dotpositionleft","singlestim","228","237976","c","left","correct","1","","1","trialend","singlestim","229","238994"
"13565","Subject231","1","gunshotgunshot","1","gunshot","positionright","validityvalid","test","1","suicide","singlestim","231","241002","441","â€šÃ³Ã¨","77","dotpositionright","singlestim","232","241495","m","right","correct","1","","1","trialend","singlestim","233","242511"
"13862","Subject231","1","attractionattraction","1","attraction","positionright","validityvalid","test","1","positive","singlestim","235","244519","341","â€šÃ³Ã¨","77","dotpositionright","singlestim","236","244914","m","right","correct","1","","1","trialend","singlestim","237","245929"
"14159","Subject231","1","paradiseparadise","1","paradise","positionleft","validityvalid","test","1","positive","singlestim","239","247937","390","â€šÃ³Ã¨","67","dotpositionleft","singlestim","240","248379","c","left","correct","1","","1","trialend","singlestim","241","249394"
"14456","Subject231","1","foamfoam","1","foam","positionright","validityvalid","test","2","neutral","singlestim","243","251403","359","â€šÃ³Ã¨","77","dotpositionright","singlestim","244","251819","m","right","correct","1","","1","trialend","singlestim","245","252833"
"14753","Subject231","1","cruelcruel","1","cruel","positionright","validityvalid","test","2","negative","singlestim","247","254839","326","â€šÃ³Ã¨","77","dotpositionright","singlestim","248","255219","m","right","correct","1","","1","trialend","singlestim","249","256238"
"15050","Subject231","1","enthusiasmenthusiasm","1","enthusiasm","positionright","validityvalid","test","2","positive","singlestim","251","258246","425","â€šÃ³Ã¨","77","dotpositionright","singlestim","252","258724","m","right","correct","1","","1","trialend","singlestim","253","259737"
"15347","Subject231","1","overdoseoverdose","1","overdose","positionright","validityinvalid","test","2","suicide","singlestim","255","261745","381","â€šÃ³Ã¨","77","dotpositionleft","singlestim","256","262180","m","right","incorrect","50","","67","trialend","singlestim","257","263196"
"15644","Subject231","1","horsehorse","1","horse","positionleft","validityinvalid","test","2","neutral","singlestim","259","265204","385","â€šÃ³Ã¨","77","dotpositionright","singlestim","260","265642","m","right","correct","1","","1","trialend","singlestim","261","266658"
"15941","Subject231","1","pleasurepleasure","1","pleasure","positionleft","validityvalid","test","2","positive","singlestim","263","268735","358","â€šÃ³Ã¨","67","dotpositionleft","singlestim","264","269146","c","left","correct","1","","1","trialend","singlestim","265","270163"
"16238","Subject231","1","abuseabuse","1","abuse","positionright","validityvalid","test","2","negative","singlestim","267","272171","376","â€šÃ³Ã¨","77","dotpositionright","singlestim","268","272603","m","right","correct","1","","1","trialend","singlestim","269","273616"
"16535","Subject231","1","paperpaper","1","paper","positionleft","validityvalid","test","2","neutral","singlestim","271","275626","357","â€šÃ³Ã¨","67","dotpositionleft","singlestim","272","276038","c","left","correct","1","","1","trialend","singlestim","273","277053"
"16832","Subject231","1","braverybravery","1","bravery","positionleft","validityvalid","test","2","positive","singlestim","275","279061","390","â€šÃ³Ã¨","67","dotpositionleft","singlestim","276","279504","c","left","correct","1","","1","trialend","singlestim","277","280518"
"17129","Subject231","1","lovelove","1","love","positionright","validityinvalid","test","2","positive","singlestim","279","282526","463","â€šÃ³Ã¨","67","dotpositionleft","singlestim","280","283045","c","left","correct","1","","1","trialend","singlestim","281","284058"
"17426","Subject231","1","noosenoose","1","noose","positionleft","validityvalid","test","2","suicide","singlestim","283","286066","396","â€šÃ³Ã¨","67","dotpositionleft","singlestim","284","286514","c","left","correct","1","","1","trialend","singlestim","285","287531"
"17723","Subject231","1","failurefailure","1","failure","positionleft","validityvalid","test","2","negative","singlestim","287","289538","536","â€šÃ³Ã¨","67","dotpositionleft","singlestim","288","290127","c","left","correct","1","","1","trialend","singlestim","289","291145"
"18020","Subject231","1","tabletable","1","table","positionright","validityvalid","test","2","neutral","singlestim","291","293153","468","â€šÃ³Ã¨","77","dotpositionright","singlestim","292","293676","m","right","correct","1","","1","trialend","singlestim","293","294691"
"18317","Subject231","1","corpsecorpse","1","corpse","positionleft","validityvalid","test","2","suicide","singlestim","295","296699","354","â€šÃ³Ã¨","67","dotpositionleft","singlestim","296","297106","c","left","correct","1","","1","trialend","singlestim","297","298121"
"18614","Subject231","1","deathdeath","1","death","positionright","validityvalid","test","2","suicide","singlestim","299","300129","419","â€šÃ³Ã¨","77","dotpositionright","singlestim","300","300602","m","right","correct","1","","1","trialend","singlestim","301","301618"
"18911","Subject231","1","filthyfilthy","1","filthy","positionleft","validityinvalid","test","2","negative","singlestim","303","303630","428","â€šÃ³Ã¨","77","dotpositionright","singlestim","304","304111","m","right","correct","1","","1","trialend","singlestim","305","305127"
