,SubjectID,rt,keypress,word,wordposition,,validity,blocknum,,wordtype,trialindex,timeelapsed,,rt.1,keypress.1,dotposition,trialtype.1,trialindex.1,timeelapsed.1,keypressed,participantresponse,,correctresponse,stimulus,stimulus.2,keypress.2,blocktrial,trialtype.2,trialindex.2,timeelapsed.2
71,Subject74,filthy,,test,2,,validityinvalid,51,,negative,,â€šÃ³Ã¨,,515,52,110780,100020,m,right,1,correct,1,correct,positionleft,singlestim,53,111794,100030,1,abuseabuse
368,Subject74,abuse,,test,2,,validityvalid,55,,negative,,â€šÃ³Ã¨,,406,56,114257,100060,m,right,1,correct,1,correct,positionright,singlestim,57,115272,100070,1,pleasurepleasure
665,Subject74,pleasure,,test,2,,validityvalid,59,,positive,,â€šÃ³Ã¨,,439,60,117767,1000100,c,left,1,correct,1,correct,positionleft,singlestim,61,118780,1000110,1,paperpaper
962,Subject74,paper,,test,2,,validityvalid,63,,neutral,,â€šÃ³Ã¨,,410,64,121250,1000140,c,left,1,correct,1,correct,positionleft,singlestim,65,122263,1000150,1,foamfoam
1259,Subject74,foam,,test,2,,validityvalid,67,,neutral,,â€šÃ³Ã¨,,367,68,124689,1000180,m,right,1,correct,1,correct,positionright,singlestim,69,125704,1000190,1,noosenoose
1556,Subject74,noose,,test,2,,validityvalid,71,,suicide,,â€šÃ³Ã¨,,399,72,128160,1000220,c,left,1,correct,1,correct,positionleft,singlestim,73,129173,1000230,1,deathdeath
1853,Subject74,death,,test,2,,validityvalid,75,,suicide,,â€šÃ³Ã¨,,344,76,131576,1000260,m,right,1,correct,1,correct,positionright,singlestim,77,132589,1000270,1,failurefailure
2150,Subject74,failure,,test,2,,validityvalid,79,,negative,,â€šÃ³Ã¨,,323,80,134970,1000300,c,left,1,correct,1,correct,positionleft,singlestim,81,135986,1000310,1,enthusiasmenthusiasm
2447,Subject74,enthusiasm,,test,2,,validityvalid,83,,positive,,â€šÃ³Ã¨,,329,84,138382,1000340,m,right,1,correct,1,correct,positionright,singlestim,85,139397,1000350,1,cruelcruel
2744,Subject74,cruel,,test,2,,validityvalid,87,,negative,,â€šÃ³Ã¨,,358,88,141817,1000380,m,right,1,correct,1,correct,positionright,singlestim,89,142830,1000390,1,corpsecorpse
3041,Subject74,corpse,,test,2,,validityvalid,91,,suicide,,â€šÃ³Ã¨,,361,92,145252,1000420,c,left,1,,1,correct,positionleft,singlestim,93,146265,1000430,1,horsehorse
3338,Subject74,horse,,test,2,,validityinvalid,95,,neutral,,â€šÃ³Ã¨,,386,96,148707,1000460,m,right,1,,1,correct,positionleft,singlestim,97,149722,1000470,1,tabletable
3635,Subject74,table,,test,2,,validityvalid,99,,neutral,,â€šÃ³Ã¨,,400,100,152181,1000500,m,right,1,,1,correct,positionright,singlestim,101,153195,1000510,1,braverybravery
3932,Subject74,bravery,,test,2,,validityvalid,103,,positive,,â€šÃ³Ã¨,,454,104,155707,1000540,c,left,1,,1,correct,positionleft,singlestim,105,156720,1000550,1,lovelove
4229,Subject74,love,,test,2,,validityinvalid,107,,positive,,â€šÃ³Ã¨,,312,108,159152,1000580,c,left,1,,1,correct,positionright,singlestim,109,160187,1000590,1,overdoseoverdose
4526,Subject74,overdose,,test,2,,validityinvalid,111,,suicide,,â€šÃ³Ã¨,,400,112,162657,1000620,c,left,1,,1,correct,positionright,singlestim,113,163672,1000630,1,patheticpathetic
4823,Subject74,pathetic,,test,1,,validityvalid,115,,negative,,â€šÃ³Ã¨,,364,116,166098,101020,c,left,1,,1,correct,positionleft,singlestim,117,167112,101030,1,cryingcrying
5120,Subject74,crying,,test,1,,validityvalid,119,,negative,,â€šÃ³Ã¨,,360,120,169530,101060,m,right,1,,1,correct,positionright,singlestim,121,170544,101070,1,attractionattraction
5417,Subject74,attraction,,test,1,,validityvalid,123,,positive,,â€šÃ³Ã¨,,320,124,172928,1010100,m,right,1,,1,correct,positionright,singlestim,125,173940,1010110,1,imageimage
5714,Subject74,image,,test,1,,validityvalid,127,,neutral,,â€šÃ³Ã¨,,385,128,176389,1010140,c,left,1,,1,correct,positionleft,singlestim,129,177402,1010150,1,greatgreat
6011,Subject74,great,,test,1,,validityvalid,131,,positive,,â€šÃ³Ã¨,,359,132,179820,1010180,m,right,1,,1,correct,positionright,singlestim,133,180834,1010190,1,suffocationsuffocation
6308,Subject74,suffocation,,test,1,,validityinvalid,135,,suicide,,â€šÃ³Ã¨,,655,136,183548,1010220,m,right,1,,1,correct,positionleft,singlestim,137,184561,1010230,1,foldedfolded
6605,Subject74,folded,,test,1,,validityvalid,139,,neutral,,â€šÃ³Ã¨,,500,140,187121,1010260,c,left,1,,1,correct,positionleft,singlestim,141,188137,1010270,1,vomitvomit
6902,Subject74,vomit,,test,1,,validityvalid,143,,negative,,â€šÃ³Ã¨,,380,144,190573,1010300,c,left,1,,1,correct,positionleft,singlestim,145,191590,1010310,508,bloodblood
7199,Subject74,blood,,test,1,,validityvalid,147,,suicide,,â€šÃ³Ã¨,,649,148,194300,1010340,c,left,1,,1,correct,positionleft,singlestim,149,195317,1010350,1,funeralfuneral
7496,Subject74,funeral,,test,1,,validityvalid,151,,suicide,,â€šÃ³Ã¨,,400,152,197775,1010380,m,right,1,,1,correct,positionright,singlestim,153,198791,1010390,1,healthyhealthy
7793,Subject74,healthy,,test,1,,validityinvalid,155,,positive,,â€šÃ³Ã¨,,338,156,201185,1010420,m,right,1,,1,correct,positionleft,singlestim,157,202235,1010430,1,paradiseparadise
8090,Subject74,paradise,,test,1,,validityvalid,159,,positive,,â€šÃ³Ã¨,,456,160,204749,1010460,c,left,1,,1,correct,positionleft,singlestim,161,205762,1010470,1,statuestatue
8387,Subject74,statue,,test,1,,validityinvalid,163,,neutral,,â€šÃ³Ã¨,,423,164,208241,1010500,c,left,1,,1,correct,positionright,singlestim,165,209255,1010510,1,hatehate
8684,Subject74,hate,,test,1,,validityinvalid,167,,negative,,â€šÃ³Ã¨,,512,168,211826,1010540,c,left,1,,1,correct,positionright,singlestim,169,212838,1010550,1,cheesecheese
8981,Subject74,cheese,,test,1,,validityvalid,171,,neutral,,â€šÃ³Ã¨,,308,172,215207,1010580,m,right,1,,1,correct,positionright,singlestim,173,216222,1010590,1,gunshotgunshot
9278,Subject74,gunshot,,test,1,,validityvalid,175,,suicide,,â€šÃ³Ã¨,,406,176,218686,1010620,m,right,1,,1,correct,positionright,singlestim,177,219712,1010630,1,dyingdying
9575,Subject74,dying,,test,3,,validityvalid,179,,suicide,,â€šÃ³Ã¨,,397,180,222173,102020,c,left,1,,1,correct,positionleft,singlestim,181,223189,102030,1,cuttingcutting
9872,Subject74,cutting,,test,3,,validityvalid,183,,suicide,,â€šÃ³Ã¨,,405,184,225658,102060,m,right,1,,1,correct,positionright,singlestim,185,226672,102070,1,smilesmile
10169,Subject74,smile,,test,3,,validityvalid,187,,positive,,â€šÃ³Ã¨,,303,188,229032,1020100,c,left,1,,1,correct,positionleft,singlestim,189,230049,1020110,1,happyhappy
10466,Subject74,happy,,test,3,,validityvalid,191,,positive,,â€šÃ³Ã¨,,312,192,232423,1020140,m,right,1,,1,correct,positionright,singlestim,193,233436,1020150,1,strongstrong
10763,Subject74,strong,,test,3,,validityvalid,195,,positive,,â€šÃ³Ã¨,,327,196,235822,1020180,c,left,1,,1,correct,positionleft,singlestim,197,236837,1020190,1,kisskiss
11060,Subject74,kiss,,test,3,,validityinvalid,199,,positive,,â€šÃ³Ã¨,,480,200,239378,1020220,c,left,1,,1,correct,positionright,singlestim,201,240391,1020230,1,assaultassault
11357,Subject74,assault,,test,3,,validityinvalid,203,,negative,,â€šÃ³Ã¨,,375,204,242827,1020260,m,right,1,,1,correct,positionleft,singlestim,205,243842,1020270,1,rejectedrejected
11654,Subject74,rejected,,test,3,,validityvalid,207,,negative,,â€šÃ³Ã¨,,398,208,246310,1020300,m,right,1,,1,correct,positionright,singlestim,209,247336,1020310,1,greengreen
11951,Subject74,green,,test,3,,validityvalid,211,,neutral,,â€šÃ³Ã¨,,346,212,249757,1020340,m,right,1,,1,correct,positionright,singlestim,213,250771,1020350,1,diedie
12248,Subject74,die,,test,3,,validityvalid,215,,suicide,,â€šÃ³Ã¨,,381,216,253212,1020380,m,right,1,,1,correct,positionright,singlestim,217,254225,1020390,1,touretoure
12545,Subject74,toure,,test,3,,validityvalid,219,,negative,,â€šÃ³Ã¨,,330,220,256612,1020420,c,left,1,,1,correct,positionleft,singlestim,221,257640,1020430,1,museummuseum
12842,Subject74,museum,,test,3,,validityvalid,223,,neutral,,â€šÃ³Ã¨,,321,224,260026,1020460,c,left,1,,1,correct,positionleft,singlestim,225,261039,1020470,1,metermeter
13139,Subject74,meter,,test,3,,validityvalid,227,,neutral,,â€šÃ³Ã¨,,350,228,263448,1020500,c,left,1,,1,correct,positionleft,singlestim,229,264462,1020510,1,bombbomb
13436,Subject74,bomb,,test,3,,validityvalid,231,,negative,,â€šÃ³Ã¨,,397,232,266917,1020540,m,right,1,,1,correct,positionright,singlestim,233,267937,1020550,1,deaddead
13733,Subject74,dead,,test,3,,validityinvalid,235,,suicide,,â€šÃ³Ã¨,,347,236,271152,1020580,m,right,1,,1,correct,positionleft,singlestim,237,272173,1020590,1,closetcloset
14030,Subject74,closet,,test,3,,validityinvalid,239,,neutral,,â€šÃ³Ã¨,,382,240,274620,1020620,c,left,1,,1,correct,positionright,singlestim,241,275634,1020630,1,structurestructure
14327,Subject74,structure,,test,4,,validityvalid,243,,neutral,,â€šÃ³Ã¨,,386,244,278120,103020,m,right,1,,1,correct,positionright,singlestim,245,279137,103030,1,frameframe
14624,Subject74,frame,,test,4,,validityinvalid,247,,neutral,,â€šÃ³Ã¨,,447,248,281640,103060,m,right,1,,1,correct,positionleft,singlestim,249,282656,103070,1,successsuccess
14921,Subject74,success,,test,4,,validityvalid,251,,positive,,â€šÃ³Ã¨,,519,252,285232,1030100,c,left,1,,1,correct,positionleft,singlestim,253,286253,1030110,542,hanginghanging
15218,Subject74,hanging,,test,4,,validityvalid,255,,suicide,,â€šÃ³Ã¨,,476,256,288798,1030140,c,left,1,,1,correct,positionleft,singlestim,257,289811,1030150,1,killingkilling
15515,Subject74,killing,,test,4,,validityvalid,259,,suicide,,â€šÃ³Ã¨,,343,260,292224,1030180,c,left,1,,1,correct,positionleft,singlestim,261,293240,1030190,1,suicidesuicide
15812,Subject74,suicide,,test,4,,validityinvalid,263,,suicide,,â€šÃ³Ã¨,,418,264,295719,1030220,c,left,1,,1,correct,positionright,singlestim,265,296732,1030230,1,deceaseddeceased
16109,Subject74,deceased,,test,4,,validityvalid,267,,suicide,,â€šÃ³Ã¨,,321,268,299112,1030260,m,right,1,,1,correct,positionright,singlestim,269,300127,1030270,1,ashamedashamed
16406,Subject74,ashamed,,test,4,,validityinvalid,271,,negative,,â€šÃ³Ã¨,,378,272,302562,1030300,c,left,1,,1,correct,positionright,singlestim,273,303581,1030310,1,laughlaugh
16703,Subject74,laugh,,test,4,,validityvalid,275,,positive,,â€šÃ³Ã¨,,380,276,306033,1030340,m,right,1,,1,correct,positionright,singlestim,277,307049,1030350,1,engineengine
17000,Subject74,engine,,test,4,,validityvalid,279,,neutral,,â€šÃ³Ã¨,,352,280,309458,1030380,c,left,1,,1,correct,positionleft,singlestim,281,310472,1030390,1,passionatepassionate
17297,Subject74,passionate,,test,4,,validityinvalid,283,,positive,,â€šÃ³Ã¨,,500,284,313030,1030420,m,right,1,,1,correct,positionleft,singlestim,285,314041,1030430,1,wohlesswohless
17594,Subject74,wohless,,test,4,,validityvalid,287,,negative,,â€šÃ³Ã¨,,608,288,316705,1030460,m,right,1,,1,correct,positionright,singlestim,289,317719,1030470,1,stupidstupid
17891,Subject74,stupid,,test,4,,validityvalid,291,,negative,,â€šÃ³Ã¨,,384,292,320161,1030500,c,left,1,,1,correct,positionleft,singlestim,293,321188,1030510,1,ecstaticecstatic
18188,Subject74,ecstatic,,test,4,,validityvalid,295,,positive,,â€šÃ³Ã¨,,372,296,323626,1030540,m,right,1,,1,correct,positionright,singlestim,297,324639,1030550,1,doubledouble
18485,Subject74,double,,test,4,,validityvalid,299,,neutral,,â€šÃ³Ã¨,,313,300,327012,1030580,m,right,1,,1,correct,positionright,singlestim,301,328025,1030590,1,alonealone
18782,Subject74,alone,,test,4,,validityvalid,303,,negative,,â€šÃ³Ã¨,,350,304,330436,1030620,c,left,1,,1,correct,positionleft,singlestim,305,331464,1030630,1007,timeout