"","SubjectID","rt","stimulus","keypress","word","wordposition","validity","block","blocknum","wordtype","trialtype","trialindex","timeelapsed","rt.1","stimulus.1","keypress.1","dotposition","trialtype.1","trialindex.1","timeelapsed.1","keypressed","participantresponse","correctresponse","rt.2","stimulus.2","keypress.2","blocktrial","trialtype.2","trialindex.2","timeelapsed.2"
"33","Subject34","1","killingkilling","1","killing","positionleft","validityvalid","test","4","suicide","singlestim","51","141191","585","â€šÃ³Ã¨","67","dotpositionleft","singlestim","52","141827","c","left","correct","1","","1","trialend","singlestim","53","142839"
"330","Subject34","1","alonealone","1","alone","positionleft","validityvalid","test","4","negative","singlestim","55","144841","431","â€šÃ³Ã¨","67","dotpositionleft","singlestim","56","145324","c","left","correct","1","","1","trialend","singlestim","57","146335"
"627","Subject34","1","laughlaugh","1","laugh","positionright","validityvalid","test","4","positive","singlestim","59","148336","399","â€šÃ³Ã¨","77","dotpositionright","singlestim","60","148787","m","right","correct","1","","1","trialend","singlestim","61","149798"
"924","Subject34","1","engineengine","1","engine","positionleft","validityvalid","test","4","neutral","singlestim","63","151801","383","â€šÃ³Ã¨","67","dotpositionleft","singlestim","64","152234","c","left","correct","1","","1","trialend","singlestim","65","153247"
"1221","Subject34","1","suicidesuicide","1","suicide","positionright","validityinvalid","test","4","suicide","singlestim","67","155248","495","â€šÃ³Ã¨","67","dotpositionleft","singlestim","68","155795","c","left","correct","1","","1","trialend","singlestim","69","156806"
"1518","Subject34","1","deceaseddeceased","1","deceased","positionright","validityvalid","test","4","suicide","singlestim","71","158808","342","â€šÃ³Ã¨","77","dotpositionright","singlestim","72","159203","m","right","correct","1","","1","trialend","singlestim","73","160214"
"1815","Subject34","1","hanginghanging","1","hanging","positionleft","validityvalid","test","4","suicide","singlestim","75","162217","422","â€šÃ³Ã¨","67","dotpositionleft","singlestim","76","162690","c","left","correct","1","","1","trialend","singlestim","77","163702"
"2112","Subject34","1","doubledouble","1","double","positionright","validityvalid","test","4","neutral","singlestim","79","165704","383","â€šÃ³Ã¨","77","dotpositionright","singlestim","80","166138","m","right","correct","1","","1","trialend","singlestim","81","167150"
"2409","Subject34","1","structurestructure","1","structure","positionright","validityvalid","test","4","neutral","singlestim","83","169152","439","â€šÃ³Ã¨","77","dotpositionright","singlestim","84","169642","m","right","correct","1","","1","trialend","singlestim","85","170653"
"2706","Subject34","1","successsuccess","1","success","positionleft","validityvalid","test","4","positive","singlestim","87","172656","407","â€šÃ³Ã¨","67","dotpositionleft","singlestim","88","173114","c","left","correct","1","","1","trialend","singlestim","89","174126"
"3003","Subject34","1","frameframe","1","frame","positionleft","validityinvalid","test","4","neutral","singlestim","91","176128","343","â€šÃ³Ã¨","77","dotpositionright","singlestim","92","176522","m","right","correct","1","","1","trialend","singlestim","93","177534"
"3300","Subject34","1","ecstaticecstatic","1","ecstatic","positionright","validityvalid","test","4","positive","singlestim","95","179535","335","â€šÃ³Ã¨","77","dotpositionright","singlestim","96","179921","m","right","correct","1","","1","trialend","singlestim","97","180933"
"3597","Subject34","1","passionatepassionate","1","passionate","positionleft","validityinvalid","test","4","positive","singlestim","99","182936","352","â€šÃ³Ã¨","77","dotpositionright","singlestim","100","183338","m","right","correct","1","","1","trialend","singlestim","101","184349"
"3894","Subject34","1","ashamedashamed","1","ashamed","positionright","validityinvalid","test","4","negative","singlestim","103","186352","407","â€šÃ³Ã¨","67","dotpositionleft","singlestim","104","186809","c","left","correct","1","","1","trialend","singlestim","105","187821"
"4191","Subject34","1","stupidstupid","1","stupid","positionleft","validityvalid","test","4","negative","singlestim","107","189823","343","â€šÃ³Ã¨","67","dotpositionleft","singlestim","108","190217","c","left","correct","1","","1","trialend","singlestim","109","191229"
"4488","Subject34","1","wohlesswohless","1","wohless","positionright","validityvalid","test","4","negative","singlestim","111","193232","327","â€šÃ³Ã¨","77","dotpositionright","singlestim","112","193609","m","right","correct","1","","1","trialend","singlestim","113","194621"
"4785","Subject34","1","cryingcrying","1","crying","positionright","validityvalid","test","1","negative","singlestim","115","196623","327","â€šÃ³Ã¨","77","dotpositionright","singlestim","116","197001","m","right","correct","1","","1","trialend","singlestim","117","198013"
"5082","Subject34","1","statuestatue","1","statue","positionright","validityinvalid","test","1","neutral","singlestim","119","200015","367","â€šÃ³Ã¨","67","dotpositionleft","singlestim","120","200434","c","left","correct","1","","1","trialend","singlestim","121","201444"
"5379","Subject34","1","vomitvomit","1","vomit","positionleft","validityvalid","test","1","negative","singlestim","123","203447","311","â€šÃ³Ã¨","67","dotpositionleft","singlestim","124","203809","c","left","correct","1","","1","trialend","singlestim","125","204821"
"5676","Subject34","1","paradiseparadise","1","paradise","positionleft","validityvalid","test","1","positive","singlestim","127","206823","344","â€šÃ³Ã¨","67","dotpositionleft","singlestim","128","207217","c","left","correct","1","","1","trialend","singlestim","129","208229"
"5973","Subject34","1","suffocationsuffocation","1","suffocation","positionleft","validityinvalid","test","1","suicide","singlestim","131","210231","423","â€šÃ³Ã¨","77","dotpositionright","singlestim","132","210705","m","right","correct","1","","1","trialend","singlestim","133","211717"
"6270","Subject34","1","attractionattraction","1","attraction","positionright","validityvalid","test","1","positive","singlestim","135","213718","319","â€šÃ³Ã¨","77","dotpositionright","singlestim","136","214089","m","right","correct","1","","1","trialend","singlestim","137","215101"
"6567","Subject34","1","foldedfolded","1","folded","positionleft","validityvalid","test","1","neutral","singlestim","139","217103","351","â€šÃ³Ã¨","67","dotpositionleft","singlestim","140","217505","c","left","correct","1","","1","trialend","singlestim","141","218516"
"6864","Subject34","1","funeralfuneral","1","funeral","positionright","validityvalid","test","1","suicide","singlestim","143","220527","343","â€šÃ³Ã¨","77","dotpositionright","singlestim","144","220920","m","right","correct","1","","1","trialend","singlestim","145","221933"
"7161","Subject34","1","cheesecheese","1","cheese","positionright","validityvalid","test","1","neutral","singlestim","147","223934","335","â€šÃ³Ã¨","77","dotpositionright","singlestim","148","224321","m","right","correct","1","","1","trialend","singlestim","149","225332"
"7458","Subject34","1","bloodblood","1","blood","positionleft","validityvalid","test","1","suicide","singlestim","151","227334","391","â€šÃ³Ã¨","67","dotpositionleft","singlestim","152","227776","c","left","correct","1","","1","trialend","singlestim","153","228788"
"7755","Subject34","1","greatgreat","1","great","positionright","validityvalid","test","1","positive","singlestim","155","230790","359","â€šÃ³Ã¨","77","dotpositionright","singlestim","156","231200","m","right","correct","1","","1","trialend","singlestim","157","232212"
"8052","Subject34","1","patheticpathetic","1","pathetic","positionleft","validityvalid","test","1","negative","singlestim","159","234213","311","â€šÃ³Ã¨","67","dotpositionleft","singlestim","160","234576","c","left","correct","1","","1","trialend","singlestim","161","235588"
"8349","Subject34","1","healthyhealthy","1","healthy","positionleft","validityinvalid","test","1","positive","singlestim","163","237590","367","â€šÃ³Ã¨","77","dotpositionright","singlestim","164","238008","m","right","correct","1","","1","trialend","singlestim","165","239019"
"8646","Subject34","1","gunshotgunshot","1","gunshot","positionright","validityvalid","test","1","suicide","singlestim","167","241022","359","â€šÃ³Ã¨","77","dotpositionright","singlestim","168","241432","m","right","correct","1","","1","trialend","singlestim","169","242444"
"8943","Subject34","1","imageimage","1","image","positionleft","validityvalid","test","1","neutral","singlestim","171","244446","399","â€šÃ³Ã¨","67","dotpositionleft","singlestim","172","244896","c","left","correct","1","","1","trialend","singlestim","173","245908"
"9240","Subject34","1","hatehate","1","hate","positionright","validityinvalid","test","1","negative","singlestim","175","247910","511","â€šÃ³Ã¨","67","dotpositionleft","singlestim","176","248472","c","left","correct","1","","1","trialend","singlestim","177","249484"
"9537","Subject34","1","pleasurepleasure","1","pleasure","positionleft","validityvalid","test","2","positive","singlestim","179","251485","463","â€šÃ³Ã¨","67","dotpositionleft","singlestim","180","252000","c","left","correct","1","","1","trialend","singlestim","181","253011"
"9834","Subject34","1","failurefailure","1","failure","positionleft","validityvalid","test","2","negative","singlestim","183","255013","360","â€šÃ³Ã¨","67","dotpositionleft","singlestim","184","255424","c","left","correct","1","","1","trialend","singlestim","185","256435"
"10131","Subject34","1","braverybravery","1","bravery","positionleft","validityvalid","test","2","positive","singlestim","187","258438","502","â€šÃ³Ã¨","67","dotpositionleft","singlestim","188","258992","c","left","correct","1","","1","trialend","singlestim","189","260003"
"10428","Subject34","1","overdoseoverdose","1","overdose","positionright","validityinvalid","test","2","suicide","singlestim","191","262005","495","â€šÃ³Ã¨","67","dotpositionleft","singlestim","192","262551","c","left","correct","1","","1","trialend","singlestim","193","263563"
"10725","Subject34","1","noosenoose","1","noose","positionleft","validityvalid","test","2","suicide","singlestim","195","265565","351","â€šÃ³Ã¨","67","dotpositionleft","singlestim","196","265967","c","left","correct","1","","1","trialend","singlestim","197","266979"
"11022","Subject34","1","corpsecorpse","1","corpse","positionleft","validityvalid","test","2","suicide","singlestim","199","268981","343","â€šÃ³Ã¨","67","dotpositionleft","singlestim","200","269375","c","left","correct","1","","1","trialend","singlestim","201","270387"
"11319","Subject34","1","tabletable","1","table","positionright","validityvalid","test","2","neutral","singlestim","203","272389","376","â€šÃ³Ã¨","77","dotpositionright","singlestim","204","272815","m","right","correct","1","","1","trialend","singlestim","205","273826"
"11616","Subject34","1","enthusiasmenthusiasm","1","enthusiasm","positionright","validityvalid","test","2","positive","singlestim","207","275828","375","â€šÃ³Ã¨","77","dotpositionright","singlestim","208","276255","m","right","correct","1","","1","trialend","singlestim","209","277267"
"11913","Subject34","1","foamfoam","1","foam","positionright","validityvalid","test","2","neutral","singlestim","211","279269","326","â€šÃ³Ã¨","77","dotpositionright","singlestim","212","279647","m","right","correct","1","","1","trialend","singlestim","213","280658"
"12210","Subject34","1","cruelcruel","1","cruel","positionright","validityvalid","test","2","negative","singlestim","215","282660","383","â€šÃ³Ã¨","77","dotpositionright","singlestim","216","283094","m","right","correct","1","","1","trialend","singlestim","217","284106"
"12507","Subject34","1","paperpaper","1","paper","positionleft","validityvalid","test","2","neutral","singlestim","219","286108","495","â€šÃ³Ã¨","67","dotpositionleft","singlestim","220","286655","c","left","correct","1","","1","trialend","singlestim","221","287666"
"12804","Subject34","1","filthyfilthy","1","filthy","positionleft","validityinvalid","test","2","negative","singlestim","223","289668","367","â€šÃ³Ã¨","77","dotpositionright","singlestim","224","290086","m","right","correct","1","","1","trialend","singlestim","225","291098"
"13101","Subject34","1","deathdeath","1","death","positionright","validityvalid","test","2","suicide","singlestim","227","293100","431","â€šÃ³Ã¨","77","dotpositionright","singlestim","228","293583","m","right","correct","1","","1","trialend","singlestim","229","294594"
"13398","Subject34","1","horsehorse","1","horse","positionleft","validityinvalid","test","2","neutral","singlestim","231","296596","391","â€šÃ³Ã¨","77","dotpositionright","singlestim","232","297038","m","right","correct","1","","1","trialend","singlestim","233","298050"
"13695","Subject34","1","lovelove","1","love","positionright","validityinvalid","test","2","positive","singlestim","235","300051","382","â€šÃ³Ã¨","67","dotpositionleft","singlestim","236","300486","c","left","correct","1","","1","trialend","singlestim","237","301497"
"13992","Subject34","1","abuseabuse","1","abuse","positionright","validityvalid","test","2","negative","singlestim","239","303499","375","â€šÃ³Ã¨","77","dotpositionright","singlestim","240","303926","m","right","correct","1","","1","trialend","singlestim","241","304937"
"14289","Subject34","1","cuttingcutting","1","cutting","positionright","validityvalid","test","3","suicide","singlestim","243","306939","400","â€šÃ³Ã¨","77","dotpositionright","singlestim","244","307390","m","right","correct","1","","1","trialend","singlestim","245","308402"
"14586","Subject34","1","happyhappy","1","happy","positionright","validityvalid","test","3","positive","singlestim","247","310403","384","â€šÃ³Ã¨","77","dotpositionright","singlestim","248","310838","m","right","correct","1","","1","trialend","singlestim","249","311849"
"14883","Subject34","1","strongstrong","1","strong","positionleft","validityvalid","test","3","positive","singlestim","251","313852","343","â€šÃ³Ã¨","67","dotpositionleft","singlestim","252","314245","c","left","correct","1","","1","trialend","singlestim","253","315257"
"15180","Subject34","1","smilesmile","1","smile","positionleft","validityvalid","test","3","positive","singlestim","255","317259","343","â€šÃ³Ã¨","67","dotpositionleft","singlestim","256","317654","c","left","correct","1","","1","trialend","singlestim","257","318665"
"15477","Subject34","388","touretoure","67","toure","positionleft","validityvalid","test","3","negative","singlestim","259","320667","535","â€šÃ³Ã¨","67","dotpositionleft","singlestim","260","321253","c","left","correct","1","","1","trialend","singlestim","261","322265"
"15774","Subject34","1","dyingdying","1","dying","positionleft","validityvalid","test","3","suicide","singlestim","263","324267","575","â€šÃ³Ã¨","67","dotpositionleft","singlestim","264","324894","c","left","correct","1","","1","trialend","singlestim","265","325905"
"16071","Subject34","1","museummuseum","1","museum","positionleft","validityvalid","test","3","neutral","singlestim","267","327907","447","â€šÃ³Ã¨","67","dotpositionleft","singlestim","268","328405","c","left","correct","1","","1","trialend","singlestim","269","329417"
"16368","Subject34","1","deaddead","1","dead","positionleft","validityinvalid","test","3","suicide","singlestim","271","331419","519","â€šÃ³Ã¨","77","dotpositionright","singlestim","272","331989","m","right","correct","1","","1","trialend","singlestim","273","333001"
"16665","Subject34","1","greengreen","1","green","positionright","validityvalid","test","3","neutral","singlestim","275","335003","423","â€šÃ³Ã¨","77","dotpositionright","singlestim","276","335477","m","right","correct","1","","1","trialend","singlestim","277","336488"
"16962","Subject34","1","bombbomb","1","bomb","positionright","validityvalid","test","3","negative","singlestim","279","338490","463","â€šÃ³Ã¨","77","dotpositionright","singlestim","280","339005","m","right","correct","1","","1","trialend","singlestim","281","340024"
"17259","Subject34","1","diedie","1","die","positionright","validityvalid","test","3","suicide","singlestim","283","342026","486","â€šÃ³Ã¨","77","dotpositionright","singlestim","284","342564","m","right","correct","1","","1","trialend","singlestim","285","343576"
"17556","Subject34","1","rejectedrejected","1","rejected","positionright","validityvalid","test","3","negative","singlestim","287","345578","391","â€šÃ³Ã¨","77","dotpositionright","singlestim","288","346020","m","right","correct","1","","1","trialend","singlestim","289","347032"
"17853","Subject34","1","metermeter","1","meter","positionleft","validityvalid","test","3","neutral","singlestim","291","349034","495","â€šÃ³Ã¨","67","dotpositionleft","singlestim","292","349580","c","left","correct","1","","1","trialend","singlestim","293","350592"
"18150","Subject34","1","kisskiss","1","kiss","positionright","validityinvalid","test","3","positive","singlestim","295","352594","439","â€šÃ³Ã¨","67","dotpositionleft","singlestim","296","353085","c","left","correct","1","","1","trialend","singlestim","297","354096"
"18447","Subject34","1","closetcloset","1","closet","positionright","validityinvalid","test","3","neutral","singlestim","299","356097","543","â€šÃ³Ã¨","67","dotpositionleft","singlestim","300","356692","c","left","correct","1","","1","trialend","singlestim","301","357704"
"18744","Subject34","1","assaultassault","1","assault","positionleft","validityinvalid","test","3","negative","singlestim","303","359705","383","â€šÃ³Ã¨","77","dotpositionright","singlestim","304","360140","m","right","correct","1","","1","trialend","singlestim","305","361153"
