"","SubjectID","rt","stimulus","keypress","word","wordposition","validity","block","blocknum","wordtype","trialtype","trialindex","timeelapsed","rt.1","stimulus.1","keypress.1","dotposition","trialtype.1","trialindex.1","timeelapsed.1","keypressed","participantresponse","correctresponse","rt.2","stimulus.2","keypress.2","blocktrial","trialtype.2","trialindex.2","timeelapsed.2"
"107","Subject112","1","ashamedashamed","1","ashamed","positionright","validityinvalid","test","4","negative","singlestim","51","66622","618","â€šÃ³Ã¨","67","dotpositionleft","singlestim","52","67292","c","left","correct","1","","1","trialend","singlestim","53","68306"
"404","Subject112","1","ecstaticecstatic","1","ecstatic","positionright","validityvalid","test","4","positive","singlestim","55","70313","434","â€šÃ³Ã¨","77","dotpositionright","singlestim","56","70800","m","right","correct","1","","1","trialend","singlestim","57","71813"
"701","Subject112","1","wohlesswohless","1","wohless","positionright","validityvalid","test","4","negative","singlestim","59","73819","433","â€šÃ³Ã¨","77","dotpositionright","singlestim","60","74304","m","right","correct","1","","1","trialend","singlestim","61","75317"
"998","Subject112","1","frameframe","1","frame","positionleft","validityinvalid","test","4","neutral","singlestim","63","77322","346","â€šÃ³Ã¨","77","dotpositionright","singlestim","64","77721","m","right","correct","1","","1","trialend","singlestim","65","78733"
"1295","Subject112","1","deceaseddeceased","1","deceased","positionright","validityvalid","test","4","suicide","singlestim","67","80739","362","â€šÃ³Ã¨","77","dotpositionright","singlestim","68","81154","m","right","correct","1","","1","trialend","singlestim","69","82167"
"1592","Subject112","1","engineengine","1","engine","positionleft","validityvalid","test","4","neutral","singlestim","71","84172","454","â€šÃ³Ã¨","67","dotpositionleft","singlestim","72","84678","c","left","correct","1","","1","trialend","singlestim","73","85692"
"1889","Subject112","1","doubledouble","1","double","positionright","validityvalid","test","4","neutral","singlestim","75","87697","310","â€šÃ³Ã¨","77","dotpositionright","singlestim","76","88059","m","right","correct","1","","1","trialend","singlestim","77","89072"
"2186","Subject112","1","alonealone","1","alone","positionleft","validityvalid","test","4","negative","singlestim","79","91079","339","â€šÃ³Ã¨","67","dotpositionleft","singlestim","80","91470","c","left","correct","1","","1","trialend","singlestim","81","92483"
"2483","Subject112","1","stupidstupid","1","stupid","positionleft","validityvalid","test","4","negative","singlestim","83","94489","325","â€šÃ³Ã¨","67","dotpositionleft","singlestim","84","94867","c","left","correct","1","","1","trialend","singlestim","85","95881"
"2780","Subject112","1","successsuccess","1","success","positionleft","validityvalid","test","4","positive","singlestim","87","97885","393","â€šÃ³Ã¨","67","dotpositionleft","singlestim","88","98330","c","left","correct","1","","1","trialend","singlestim","89","99343"
"3077","Subject112","1","passionatepassionate","1","passionate","positionleft","validityinvalid","test","4","positive","singlestim","91","101348","603","â€šÃ³Ã¨","77","dotpositionright","singlestim","92","102004","m","right","correct","1","","1","trialend","singlestim","93","103018"
"3374","Subject112","1","hanginghanging","1","hanging","positionleft","validityvalid","test","4","suicide","singlestim","95","105023","550","â€šÃ³Ã¨","67","dotpositionleft","singlestim","96","105626","c","left","correct","1","","1","trialend","singlestim","97","106639"
"3671","Subject112","1","laughlaugh","1","laugh","positionright","validityvalid","test","4","positive","singlestim","99","108644","868","â€šÃ³Ã¨","77","dotpositionright","singlestim","100","109566","m","right","correct","1","","1","trialend","singlestim","101","110579"
"3968","Subject112","1","structurestructure","1","structure","positionright","validityvalid","test","4","neutral","singlestim","103","112584","1397","â€šÃ³Ã¨","77","dotpositionright","singlestim","104","114035","m","right","correct","1","","1","trialend","singlestim","105","115049"
"4265","Subject112","1","suicidesuicide","1","suicide","positionright","validityinvalid","test","4","suicide","singlestim","107","117054","340","â€šÃ³Ã¨","67","dotpositionleft","singlestim","108","117447","c","left","correct","1","","1","trialend","singlestim","109","118460"
"4562","Subject112","1","killingkilling","1","killing","positionleft","validityvalid","test","4","suicide","singlestim","111","120466","411","â€šÃ³Ã¨","67","dotpositionleft","singlestim","112","120930","c","left","correct","1","","1","trialend","singlestim","113","121943"
"4859","Subject112","1","patheticpathetic","1","pathetic","positionleft","validityvalid","test","1","negative","singlestim","115","123950","438","â€šÃ³Ã¨","67","dotpositionleft","singlestim","116","124440","c","left","correct","1","","1","trialend","singlestim","117","125454"
"5156","Subject112","1","bloodblood","1","blood","positionleft","validityvalid","test","1","suicide","singlestim","119","127459","410","â€šÃ³Ã¨","67","dotpositionleft","singlestim","120","127922","c","left","correct","1","","1","trialend","singlestim","121","128934"
"5453","Subject112","1","greatgreat","1","great","positionright","validityvalid","test","1","positive","singlestim","123","130940","307","â€šÃ³Ã¨","77","dotpositionright","singlestim","124","131298","m","right","correct","1","","1","trialend","singlestim","125","132309"
"5750","Subject112","1","healthyhealthy","1","healthy","positionleft","validityinvalid","test","1","positive","singlestim","127","134315","343","â€šÃ³Ã¨","77","dotpositionright","singlestim","128","134710","m","right","correct","1","","1","trialend","singlestim","129","135723"
"6047","Subject112","1","hatehate","1","hate","positionright","validityinvalid","test","1","negative","singlestim","131","137728","383","â€šÃ³Ã¨","67","dotpositionleft","singlestim","132","138162","c","left","correct","1","","1","trialend","singlestim","133","139175"
"6344","Subject112","1","cryingcrying","1","crying","positionright","validityvalid","test","1","negative","singlestim","135","141180","461","â€šÃ³Ã¨","77","dotpositionright","singlestim","136","141693","m","right","correct","1","","1","trialend","singlestim","137","142704"
"6641","Subject112","1","cheesecheese","1","cheese","positionright","validityvalid","test","1","neutral","singlestim","139","144709","351","â€šÃ³Ã¨","77","dotpositionright","singlestim","140","145112","m","right","correct","1","","1","trialend","singlestim","141","146126"
"6938","Subject112","1","imageimage","1","image","positionleft","validityvalid","test","1","neutral","singlestim","143","148132","493","â€šÃ³Ã¨","67","dotpositionleft","singlestim","144","148678","c","left","correct","1","","1","trialend","singlestim","145","149690"
"7235","Subject112","1","paradiseparadise","1","paradise","positionleft","validityvalid","test","1","positive","singlestim","147","151696","327","â€šÃ³Ã¨","67","dotpositionleft","singlestim","148","152075","c","left","correct","1","","1","trialend","singlestim","149","153090"
"7532","Subject112","1","statuestatue","1","statue","positionright","validityinvalid","test","1","neutral","singlestim","151","155094","421","â€šÃ³Ã¨","67","dotpositionleft","singlestim","152","155569","c","left","correct","1","","1","trialend","singlestim","153","156583"
"7829","Subject112","1","vomitvomit","1","vomit","positionleft","validityvalid","test","1","negative","singlestim","155","158589","450","â€šÃ³Ã¨","67","dotpositionleft","singlestim","156","159093","c","left","correct","1","","1","trialend","singlestim","157","160105"
"8126","Subject112","1","suffocationsuffocation","1","suffocation","positionleft","validityinvalid","test","1","suicide","singlestim","159","162111","291","â€šÃ³Ã¨","77","dotpositionright","singlestim","160","162453","m","right","correct","1","","1","trialend","singlestim","161","163465"
"8423","Subject112","1","attractionattraction","1","attraction","positionright","validityvalid","test","1","positive","singlestim","163","165469","423","â€šÃ³Ã¨","77","dotpositionright","singlestim","164","165946","m","right","correct","1","","1","trialend","singlestim","165","166959"
"8720","Subject112","1","gunshotgunshot","1","gunshot","positionright","validityvalid","test","1","suicide","singlestim","167","168964","424","â€šÃ³Ã¨","77","dotpositionright","singlestim","168","169440","m","right","correct","1","","1","trialend","singlestim","169","170453"
"9017","Subject112","1","funeralfuneral","1","funeral","positionright","validityvalid","test","1","suicide","singlestim","171","172458","305","â€šÃ³Ã¨","77","dotpositionright","singlestim","172","172816","m","right","correct","1","","1","trialend","singlestim","173","173830"
"9314","Subject112","1","foldedfolded","1","folded","positionleft","validityvalid","test","1","neutral","singlestim","175","175835","324","â€šÃ³Ã¨","67","dotpositionleft","singlestim","176","176211","c","left","correct","1","","1","trialend","singlestim","177","177225"
"9611","Subject112","1","closetcloset","1","closet","positionright","validityinvalid","test","3","neutral","singlestim","179","179230","357","â€šÃ³Ã¨","67","dotpositionleft","singlestim","180","179639","c","left","correct","1","","1","trialend","singlestim","181","180650"
"9908","Subject112","1","bombbomb","1","bomb","positionright","validityvalid","test","3","negative","singlestim","183","182655","297","â€šÃ³Ã¨","77","dotpositionright","singlestim","184","183005","m","right","correct","1","","1","trialend","singlestim","185","184018"
"10205","Subject112","1","greengreen","1","green","positionright","validityvalid","test","3","neutral","singlestim","187","186024","336","â€šÃ³Ã¨","77","dotpositionright","singlestim","188","186412","m","right","correct","1","","1","trialend","singlestim","189","187424"
"10502","Subject112","1","museummuseum","1","museum","positionleft","validityvalid","test","3","neutral","singlestim","191","189429","332","â€šÃ³Ã¨","67","dotpositionleft","singlestim","192","189812","c","left","correct","1","","1","trialend","singlestim","193","190825"
"10799","Subject112","1","rejectedrejected","1","rejected","positionright","validityvalid","test","3","negative","singlestim","195","192829","295","â€šÃ³Ã¨","77","dotpositionright","singlestim","196","193176","m","right","correct","1","","1","trialend","singlestim","197","194186"
"11096","Subject112","1","kisskiss","1","kiss","positionright","validityinvalid","test","3","positive","singlestim","199","196191","467","â€šÃ³Ã¨","67","dotpositionleft","singlestim","200","196710","c","left","correct","1","","1","trialend","singlestim","201","197722"
"11393","Subject112","1","diedie","1","die","positionright","validityvalid","test","3","suicide","singlestim","203","199727","350","â€šÃ³Ã¨","77","dotpositionright","singlestim","204","200129","m","right","correct","1","","1","trialend","singlestim","205","201141"
"11690","Subject112","1","deaddead","1","dead","positionleft","validityinvalid","test","3","suicide","singlestim","207","203147","324","â€šÃ³Ã¨","77","dotpositionright","singlestim","208","203523","m","right","correct","1","","1","trialend","singlestim","209","204537"
"11987","Subject112","1","touretoure","1","toure","positionleft","validityvalid","test","3","negative","singlestim","211","206542","329","â€šÃ³Ã¨","67","dotpositionleft","singlestim","212","206924","c","left","correct","1","","1","trialend","singlestim","213","207936"
"12284","Subject112","1","metermeter","1","meter","positionleft","validityvalid","test","3","neutral","singlestim","215","209940","304","â€šÃ³Ã¨","67","dotpositionleft","singlestim","216","210295","c","left","correct","1","","1","trialend","singlestim","217","211306"
"12581","Subject112","1","strongstrong","1","strong","positionleft","validityvalid","test","3","positive","singlestim","219","213312","419","â€šÃ³Ã¨","67","dotpositionleft","singlestim","220","213782","c","left","correct","1","","1","trialend","singlestim","221","214794"
"12878","Subject112","1","smilesmile","1","smile","positionleft","validityvalid","test","3","positive","singlestim","223","216799","389","â€šÃ³Ã¨","67","dotpositionleft","singlestim","224","217240","c","left","correct","1","","1","trialend","singlestim","225","218253"
"13175","Subject112","1","dyingdying","1","dying","positionleft","validityvalid","test","3","suicide","singlestim","227","220258","275","â€šÃ³Ã¨","67","dotpositionleft","singlestim","228","220586","c","left","correct","1","","1","trialend","singlestim","229","221598"
"13472","Subject112","1","cuttingcutting","1","cutting","positionright","validityvalid","test","3","suicide","singlestim","231","223604","255","â€šÃ³Ã¨","77","dotpositionright","singlestim","232","223911","m","right","correct","1","","1","trialend","singlestim","233","224925"
"13769","Subject112","1","assaultassault","1","assault","positionleft","validityinvalid","test","3","negative","singlestim","235","226931","447","â€šÃ³Ã¨","77","dotpositionright","singlestim","236","227429","m","right","correct","1","","1","trialend","singlestim","237","228443"
"14066","Subject112","1","happyhappy","1","happy","positionright","validityvalid","test","3","positive","singlestim","239","230447","592","â€šÃ³Ã¨","77","dotpositionright","singlestim","240","231090","m","right","correct","1","","1","trialend","singlestim","241","232103"
"14363","Subject112","1","lovelove","1","love","positionright","validityinvalid","test","2","positive","singlestim","243","234108","784","â€šÃ³Ã¨","67","dotpositionleft","singlestim","244","234944","c","left","correct","1","","1","trialend","singlestim","245","235957"
"14660","Subject112","1","cruelcruel","1","cruel","positionright","validityvalid","test","2","negative","singlestim","247","237961","458","â€šÃ³Ã¨","77","dotpositionright","singlestim","248","238472","m","right","correct","1","","1","trialend","singlestim","249","239484"
"14957","Subject112","1","pleasurepleasure","1","pleasure","positionleft","validityvalid","test","2","positive","singlestim","251","241489","420","â€šÃ³Ã¨","67","dotpositionleft","singlestim","252","241962","c","left","correct","1","","1","trialend","singlestim","253","242976"
"15254","Subject112","1","noosenoose","1","noose","positionleft","validityvalid","test","2","suicide","singlestim","255","244981","317","â€šÃ³Ã¨","67","dotpositionleft","singlestim","256","245350","c","left","correct","1","","1","trialend","singlestim","257","246362"
"15551","Subject112","1","failurefailure","1","failure","positionleft","validityvalid","test","2","negative","singlestim","259","248366","291","â€šÃ³Ã¨","67","dotpositionleft","singlestim","260","248709","c","left","correct","1","","1","trialend","singlestim","261","249722"
"15848","Subject112","1","deathdeath","1","death","positionright","validityvalid","test","2","suicide","singlestim","263","251726","342","â€šÃ³Ã¨","77","dotpositionright","singlestim","264","252120","m","right","correct","1","","1","trialend","singlestim","265","253131"
"16145","Subject112","1","horsehorse","1","horse","positionleft","validityinvalid","test","2","neutral","singlestim","267","255137","376","â€šÃ³Ã¨","77","dotpositionright","singlestim","268","255565","m","right","correct","1","","1","trialend","singlestim","269","256577"
"16442","Subject112","1","overdoseoverdose","1","overdose","positionright","validityinvalid","test","2","suicide","singlestim","271","258582","281","â€šÃ³Ã¨","67","dotpositionleft","singlestim","272","258914","c","left","correct","1","","1","trialend","singlestim","273","259928"
"16739","Subject112","1","foamfoam","1","foam","positionright","validityvalid","test","2","neutral","singlestim","275","261933","400","â€šÃ³Ã¨","77","dotpositionright","singlestim","276","262386","m","right","correct","1","","1","trialend","singlestim","277","263399"
"17036","Subject112","1","tabletable","1","table","positionright","validityvalid","test","2","neutral","singlestim","279","265405","398","â€šÃ³Ã¨","77","dotpositionright","singlestim","280","265856","m","right","correct","1","","1","trialend","singlestim","281","266869"
"17333","Subject112","1","enthusiasmenthusiasm","1","enthusiasm","positionright","validityvalid","test","2","positive","singlestim","283","268873","324","â€šÃ³Ã¨","77","dotpositionright","singlestim","284","269248","m","right","correct","1","","1","trialend","singlestim","285","270261"
"17630","Subject112","1","braverybravery","1","bravery","positionleft","validityvalid","test","2","positive","singlestim","287","272266","383","â€šÃ³Ã¨","67","dotpositionleft","singlestim","288","272701","c","left","correct","1","","1","trialend","singlestim","289","273714"
"17927","Subject112","1","paperpaper","1","paper","positionleft","validityvalid","test","2","neutral","singlestim","291","275719","377","â€šÃ³Ã¨","67","dotpositionleft","singlestim","292","276148","c","left","correct","1","","1","trialend","singlestim","293","277161"
"18224","Subject112","1","abuseabuse","1","abuse","positionright","validityvalid","test","2","negative","singlestim","295","279166","343","â€šÃ³Ã¨","77","dotpositionright","singlestim","296","279562","m","right","correct","1","","1","trialend","singlestim","297","280575"
"18521","Subject112","1","filthyfilthy","1","filthy","positionleft","validityinvalid","test","2","negative","singlestim","299","282580","387","â€šÃ³Ã¨","77","dotpositionright","singlestim","300","283020","m","right","correct","1","","1","trialend","singlestim","301","284032"
"18818","Subject112","1","corpsecorpse","1","corpse","positionleft","validityvalid","test","2","suicide","singlestim","303","286037","365","â€šÃ³Ã¨","67","dotpositionleft","singlestim","304","286454","c","left","correct","1","","1","trialend","singlestim","305","287468"
