"","SubjectID","rt","stimulus","keypress","word","wordposition","validity","block","blocknum","wordtype","trialtype","trialindex","timeelapsed","rt.1","stimulus.1","keypress.1","dotposition","trialtype.1","trialindex.1","timeelapsed.1","keypressed","participantresponse","correctresponse","rt.2","stimulus.2","keypress.2","blocktrial","trialtype.2","trialindex.2","timeelapsed.2"
"215","Subject247","1","attractionattraction","1","attraction","positionright","validityvalid","test","1","positive","singlestim","51","80560","396","â€šÃ³Ã¨","77","dotpositionright","singlestim","52","81009","m","right","correct","1","","1","trialend","singlestim","53","82021"
"512","Subject247","1","patheticpathetic","1","pathetic","positionleft","validityvalid","test","1","negative","singlestim","55","84024","288","â€šÃ³Ã¨","67","dotpositionleft","singlestim","56","84364","c","left","correct","1","","1","trialend","singlestim","57","85377"
"809","Subject247","1","bloodblood","1","blood","positionleft","validityvalid","test","1","suicide","singlestim","59","87381","269","â€šÃ³Ã¨","67","dotpositionleft","singlestim","60","87702","c","left","correct","1","","1","trialend","singlestim","61","88714"
"1106","Subject247","1","healthyhealthy","1","healthy","positionleft","validityinvalid","test","1","positive","singlestim","63","90717","291","â€šÃ³Ã¨","77","dotpositionright","singlestim","64","91058","m","right","correct","1","","1","trialend","singlestim","65","92071"
"1403","Subject247","1","statuestatue","1","statue","positionright","validityinvalid","test","1","neutral","singlestim","67","94073","292","â€šÃ³Ã¨","67","dotpositionleft","singlestim","68","94418","c","left","correct","1","","1","trialend","singlestim","69","95431"
"1700","Subject247","1","cheesecheese","1","cheese","positionright","validityvalid","test","1","neutral","singlestim","71","97435","299","â€šÃ³Ã¨","77","dotpositionright","singlestim","72","97785","m","right","correct","1","","1","trialend","singlestim","73","98796"
"1997","Subject247","1","gunshotgunshot","1","gunshot","positionright","validityvalid","test","1","suicide","singlestim","75","100800","288","â€šÃ³Ã¨","77","dotpositionright","singlestim","76","101140","m","right","correct","1","","1","trialend","singlestim","77","102153"
"2294","Subject247","1","hatehate","1","hate","positionright","validityinvalid","test","1","negative","singlestim","79","104155","305","â€šÃ³Ã¨","67","dotpositionleft","singlestim","80","104511","c","left","correct","1","","1","trialend","singlestim","81","105524"
"2591","Subject247","1","greatgreat","1","great","positionright","validityvalid","test","1","positive","singlestim","83","107527","303","â€šÃ³Ã¨","77","dotpositionright","singlestim","84","107880","m","right","correct","1","","1","trialend","singlestim","85","108891"
"2888","Subject247","1","funeralfuneral","1","funeral","positionright","validityvalid","test","1","suicide","singlestim","87","110894","314","â€šÃ³Ã¨","77","dotpositionright","singlestim","88","111261","m","right","correct","1","","1","trialend","singlestim","89","112272"
"3185","Subject247","1","paradiseparadise","1","paradise","positionleft","validityvalid","test","1","positive","singlestim","91","114275","316","â€šÃ³Ã¨","67","dotpositionleft","singlestim","92","114642","c","left","correct","1","","1","trialend","singlestim","93","115653"
"3482","Subject247","1","foldedfolded","1","folded","positionleft","validityvalid","test","1","neutral","singlestim","95","117657","272","â€šÃ³Ã¨","67","dotpositionleft","singlestim","96","117980","c","left","correct","1","","1","trialend","singlestim","97","118992"
"3779","Subject247","1","imageimage","1","image","positionleft","validityvalid","test","1","neutral","singlestim","99","120995","285","â€šÃ³Ã¨","67","dotpositionleft","singlestim","100","121331","c","left","correct","1","","1","trialend","singlestim","101","122344"
"4076","Subject247","1","suffocationsuffocation","1","suffocation","positionleft","validityinvalid","test","1","suicide","singlestim","103","124348","334","â€šÃ³Ã¨","77","dotpositionright","singlestim","104","124733","m","right","correct","1","","1","trialend","singlestim","105","125746"
"4373","Subject247","1","vomitvomit","1","vomit","positionleft","validityvalid","test","1","negative","singlestim","107","127750","262","â€šÃ³Ã¨","67","dotpositionleft","singlestim","108","128063","c","left","correct","1","","1","trialend","singlestim","109","129075"
"4670","Subject247","1","cryingcrying","1","crying","positionright","validityvalid","test","1","negative","singlestim","111","131078","354","â€šÃ³Ã¨","77","dotpositionright","singlestim","112","131483","m","right","correct","1","","1","trialend","singlestim","113","132497"
"4967","Subject247","1","alonealone","1","alone","positionleft","validityvalid","test","4","negative","singlestim","115","134500","309","â€šÃ³Ã¨","67","dotpositionleft","singlestim","116","134861","c","left","correct","1","","1","trialend","singlestim","117","135873"
"5264","Subject247","1","doubledouble","1","double","positionright","validityvalid","test","4","neutral","singlestim","119","137875","283","â€šÃ³Ã¨","77","dotpositionright","singlestim","120","138209","m","right","correct","1","","1","trialend","singlestim","121","139221"
"5561","Subject247","1","laughlaugh","1","laugh","positionright","validityvalid","test","4","positive","singlestim","123","141225","264","â€šÃ³Ã¨","77","dotpositionright","singlestim","124","141540","m","right","correct","1","","1","trialend","singlestim","125","142552"
"5858","Subject247","1","structurestructure","1","structure","positionright","validityvalid","test","4","neutral","singlestim","127","144556","295","â€šÃ³Ã¨","77","dotpositionright","singlestim","128","144903","m","right","correct","1","","1","trialend","singlestim","129","145915"
"6155","Subject247","1","ashamedashamed","1","ashamed","positionright","validityinvalid","test","4","negative","singlestim","131","147919","315","â€šÃ³Ã¨","67","dotpositionleft","singlestim","132","148285","c","left","correct","1","","1","trialend","singlestim","133","149299"
"6452","Subject247","1","hanginghanging","1","hanging","positionleft","validityvalid","test","4","suicide","singlestim","135","151301","294","â€šÃ³Ã¨","67","dotpositionleft","singlestim","136","151647","c","left","correct","1","","1","trialend","singlestim","137","152659"
"6749","Subject247","1","engineengine","1","engine","positionleft","validityvalid","test","4","neutral","singlestim","139","154661","288","â€šÃ³Ã¨","67","dotpositionleft","singlestim","140","155003","c","left","correct","1","","1","trialend","singlestim","141","156016"
"7046","Subject247","1","ecstaticecstatic","1","ecstatic","positionright","validityvalid","test","4","positive","singlestim","143","158019","286","â€šÃ³Ã¨","77","dotpositionright","singlestim","144","158359","m","right","correct","1","","1","trialend","singlestim","145","159371"
"7343","Subject247","1","wohlesswohless","1","wohless","positionright","validityvalid","test","4","negative","singlestim","147","161374","282","â€šÃ³Ã¨","77","dotpositionright","singlestim","148","161708","m","right","correct","1","","1","trialend","singlestim","149","162720"
"7640","Subject247","1","deceaseddeceased","1","deceased","positionright","validityvalid","test","4","suicide","singlestim","151","164724","292","â€šÃ³Ã¨","77","dotpositionright","singlestim","152","165067","m","right","correct","1","","1","trialend","singlestim","153","166080"
"7937","Subject247","327","frameframe","67","frame","positionleft","validityinvalid","test","4","neutral","singlestim","155","168083","331","â€šÃ³Ã¨","77","dotpositionright","singlestim","156","168465","m","right","correct","1","","1","trialend","singlestim","157","169477"
"8234","Subject247","1","passionatepassionate","1","passionate","positionleft","validityinvalid","test","4","positive","singlestim","159","171480","376","â€šÃ³Ã¨","77","dotpositionright","singlestim","160","171907","m","right","correct","1","","1","trialend","singlestim","161","172919"
"8531","Subject247","1","successsuccess","1","success","positionleft","validityvalid","test","4","positive","singlestim","163","174922","249","â€šÃ³Ã¨","67","dotpositionleft","singlestim","164","175222","c","left","correct","1","","1","trialend","singlestim","165","176235"
"8828","Subject247","1","suicidesuicide","1","suicide","positionright","validityinvalid","test","4","suicide","singlestim","167","178238","273","â€šÃ³Ã¨","67","dotpositionleft","singlestim","168","178561","c","left","correct","1","","1","trialend","singlestim","169","179574"
"9125","Subject247","1","killingkilling","1","killing","positionleft","validityvalid","test","4","suicide","singlestim","171","181577","281","â€šÃ³Ã¨","67","dotpositionleft","singlestim","172","181911","c","left","correct","1","","1","trialend","singlestim","173","182924"
"9422","Subject247","1","stupidstupid","1","stupid","positionleft","validityvalid","test","4","negative","singlestim","175","184926","306","â€šÃ³Ã¨","67","dotpositionleft","singlestim","176","185282","c","left","correct","1","","1","trialend","singlestim","177","186294"
"9719","Subject247","1","dyingdying","1","dying","positionleft","validityvalid","test","3","suicide","singlestim","179","188297","254","â€šÃ³Ã¨","67","dotpositionleft","singlestim","180","188605","c","left","correct","1","","1","trialend","singlestim","181","189618"
"10016","Subject247","1","cuttingcutting","1","cutting","positionright","validityvalid","test","3","suicide","singlestim","183","191620","257","â€šÃ³Ã¨","77","dotpositionright","singlestim","184","191928","m","right","correct","1","","1","trialend","singlestim","185","192938"
"10313","Subject247","1","happyhappy","1","happy","positionright","validityvalid","test","3","positive","singlestim","187","194941","288","â€šÃ³Ã¨","77","dotpositionright","singlestim","188","195281","m","right","correct","1","","1","trialend","singlestim","189","196293"
"10610","Subject247","1","kisskiss","1","kiss","positionright","validityinvalid","test","3","positive","singlestim","191","198297","275","â€šÃ³Ã¨","67","dotpositionleft","singlestim","192","198625","c","left","correct","1","","1","trialend","singlestim","193","199636"
"10907","Subject247","344","strongstrong","67","strong","positionleft","validityvalid","test","3","positive","singlestim","195","201639","456","â€šÃ³Ã¨","67","dotpositionleft","singlestim","196","202146","c","left","correct","1","","1","trialend","singlestim","197","203158"
"11204","Subject247","1","bombbomb","1","bomb","positionright","validityvalid","test","3","negative","singlestim","199","205161","268","â€šÃ³Ã¨","77","dotpositionright","singlestim","200","205482","m","right","correct","1","","1","trialend","singlestim","201","206495"
"11501","Subject247","1","rejectedrejected","1","rejected","positionright","validityvalid","test","3","negative","singlestim","203","208498","293","â€šÃ³Ã¨","77","dotpositionright","singlestim","204","208844","m","right","correct","1","","1","trialend","singlestim","205","209856"
"11798","Subject247","1","greengreen","1","green","positionright","validityvalid","test","3","neutral","singlestim","207","211859","292","â€šÃ³Ã¨","77","dotpositionright","singlestim","208","212202","m","right","correct","1","","1","trialend","singlestim","209","213214"
"12095","Subject247","1","assaultassault","1","assault","positionleft","validityinvalid","test","3","negative","singlestim","211","215217","329","â€šÃ³Ã¨","77","dotpositionright","singlestim","212","215598","m","right","correct","1","","1","trialend","singlestim","213","216611"
"12392","Subject247","1","smilesmile","1","smile","positionleft","validityvalid","test","3","positive","singlestim","215","218614","347","â€šÃ³Ã¨","67","dotpositionleft","singlestim","216","219012","c","left","correct","1","","1","trialend","singlestim","217","220024"
"12689","Subject247","1","touretoure","1","toure","positionleft","validityvalid","test","3","negative","singlestim","219","222029","297","â€šÃ³Ã¨","67","dotpositionleft","singlestim","220","222377","c","left","correct","1","","1","trialend","singlestim","221","223389"
"12986","Subject247","370","closetcloset","77","closet","positionright","validityinvalid","test","3","neutral","singlestim","223","225393","300","â€šÃ³Ã¨","67","dotpositionleft","singlestim","224","225746","c","left","correct","1","","1","trialend","singlestim","225","226757"
"13283","Subject247","1","museummuseum","1","museum","positionleft","validityvalid","test","3","neutral","singlestim","227","228761","336","â€šÃ³Ã¨","67","dotpositionleft","singlestim","228","229148","c","left","correct","1","","1","trialend","singlestim","229","230160"
"13580","Subject247","1","metermeter","1","meter","positionleft","validityvalid","test","3","neutral","singlestim","231","232164","269","â€šÃ³Ã¨","67","dotpositionleft","singlestim","232","232484","c","left","correct","1","","1","trialend","singlestim","233","233496"
"13877","Subject247","1","diedie","1","die","positionright","validityvalid","test","3","suicide","singlestim","235","235499","308","â€šÃ³Ã¨","77","dotpositionright","singlestim","236","235857","m","right","correct","1","","1","trialend","singlestim","237","236870"
"14174","Subject247","1","deaddead","1","dead","positionleft","validityinvalid","test","3","suicide","singlestim","239","238874","321","â€šÃ³Ã¨","77","dotpositionright","singlestim","240","239247","m","right","correct","1","","1","trialend","singlestim","241","240259"
"14471","Subject247","1","overdoseoverdose","1","overdose","positionright","validityinvalid","test","2","suicide","singlestim","243","242263","307","â€šÃ³Ã¨","67","dotpositionleft","singlestim","244","242622","c","left","correct","1","","1","trialend","singlestim","245","243633"
"14768","Subject247","1","paperpaper","1","paper","positionleft","validityvalid","test","2","neutral","singlestim","247","245637","348","â€šÃ³Ã¨","67","dotpositionleft","singlestim","248","246036","c","left","correct","1","","1","trialend","singlestim","249","247050"
"15065","Subject247","1","filthyfilthy","1","filthy","positionleft","validityinvalid","test","2","negative","singlestim","251","249054","318","â€šÃ³Ã¨","77","dotpositionright","singlestim","252","249423","m","right","correct","1","","1","trialend","singlestim","253","250435"
"15362","Subject247","1","foamfoam","1","foam","positionright","validityvalid","test","2","neutral","singlestim","255","252438","294","â€šÃ³Ã¨","77","dotpositionright","singlestim","256","252784","m","right","correct","1","","1","trialend","singlestim","257","253795"
"15659","Subject247","1","noosenoose","1","noose","positionleft","validityvalid","test","2","suicide","singlestim","259","255799","275","â€šÃ³Ã¨","67","dotpositionleft","singlestim","260","256125","c","left","correct","1","","1","trialend","singlestim","261","257138"
"15956","Subject247","1","abuseabuse","1","abuse","positionright","validityvalid","test","2","negative","singlestim","263","259140","248","â€šÃ³Ã¨","77","dotpositionright","singlestim","264","259438","m","right","correct","1","","1","trialend","singlestim","265","260451"
"16253","Subject247","1","pleasurepleasure","1","pleasure","positionleft","validityvalid","test","2","positive","singlestim","267","262453","284","â€šÃ³Ã¨","67","dotpositionleft","singlestim","268","262788","c","left","correct","1","","1","trialend","singlestim","269","263800"
"16550","Subject247","1","lovelove","1","love","positionright","validityinvalid","test","2","positive","singlestim","271","265803","207","â€šÃ³Ã¨","77","dotpositionleft","singlestim","272","266061","m","right","incorrect","184","","67","trialend","singlestim","273","267073"
"16847","Subject247","1","deathdeath","1","death","positionright","validityvalid","test","2","suicide","singlestim","275","269077","450","â€šÃ³Ã¨","77","dotpositionright","singlestim","276","269577","m","right","correct","1","","1","trialend","singlestim","277","270589"
"17144","Subject247","1","corpsecorpse","1","corpse","positionleft","validityvalid","test","2","suicide","singlestim","279","272593","244","â€šÃ³Ã¨","67","dotpositionleft","singlestim","280","272888","c","left","correct","1","","1","trialend","singlestim","281","273899"
"17441","Subject247","1","horsehorse","1","horse","positionleft","validityinvalid","test","2","neutral","singlestim","283","275902","339","â€šÃ³Ã¨","77","dotpositionright","singlestim","284","276292","m","right","correct","1","","1","trialend","singlestim","285","277304"
"17738","Subject247","1","failurefailure","1","failure","positionleft","validityvalid","test","2","negative","singlestim","287","279309","304","â€šÃ³Ã¨","67","dotpositionleft","singlestim","288","279665","c","left","correct","1","","1","trialend","singlestim","289","280678"
"18035","Subject247","1","cruelcruel","1","cruel","positionright","validityvalid","test","2","negative","singlestim","291","282682","313","â€šÃ³Ã¨","77","dotpositionright","singlestim","292","283047","m","right","correct","1","","1","trialend","singlestim","293","284058"
"18332","Subject247","1","enthusiasmenthusiasm","1","enthusiasm","positionright","validityvalid","test","2","positive","singlestim","295","286060","279","â€šÃ³Ã¨","77","dotpositionright","singlestim","296","286390","m","right","correct","1","","1","trialend","singlestim","297","287402"
"18629","Subject247","328","tabletable","77","table","positionright","validityvalid","test","2","neutral","singlestim","299","289407","301","â€šÃ³Ã¨","77","dotpositionright","singlestim","300","289760","m","right","correct","1","","1","trialend","singlestim","301","290773"
"18926","Subject247","1","braverybravery","1","bravery","positionleft","validityvalid","test","2","positive","singlestim","303","292775","318","â€šÃ³Ã¨","67","dotpositionleft","singlestim","304","293144","c","left","correct","1","","1","trialend","singlestim","305","294155"
