"","SubjectID","rt","stimulus","keypress","word","wordposition","validity","block","blocknum","wordtype","trialtype","trialindex","timeelapsed","rt.1","stimulus.1","keypress.1","dotposition","trialtype.1","trialindex.1","timeelapsed.1","keypressed","participantresponse","correctresponse","rt.2","stimulus.2","keypress.2","blocktrial","trialtype.2","trialindex.2","timeelapsed.2"
"294","Subject330","1","wohlesswohless","1","wohless","positionright","validityvalid","test","4","negative","singlestim","51","101616","394","â€šÃ³Ã¨","77","dotpositionright","singlestim","52","102063","m","right","correct","1","","1","trialend","singlestim","53","103080"
"591","Subject330","1","suicidesuicide","1","suicide","positionright","validityinvalid","test","4","suicide","singlestim","55","105085","322","â€šÃ³Ã¨","67","dotpositionleft","singlestim","56","105462","c","left","correct","1","","1","trialend","singlestim","57","106478"
"888","Subject330","1","deceaseddeceased","1","deceased","positionright","validityvalid","test","4","suicide","singlestim","59","108484","390","â€šÃ³Ã¨","77","dotpositionright","singlestim","60","108928","m","right","correct","1","","1","trialend","singlestim","61","109944"
"1185","Subject330","1","killingkilling","1","killing","positionleft","validityvalid","test","4","suicide","singlestim","63","111948","282","â€šÃ³Ã¨","67","dotpositionleft","singlestim","64","112281","c","left","correct","1","","1","trialend","singlestim","65","113297"
"1482","Subject330","1","doubledouble","1","double","positionright","validityvalid","test","4","neutral","singlestim","67","115301","366","â€šÃ³Ã¨","77","dotpositionright","singlestim","68","115720","m","right","correct","1","","1","trialend","singlestim","69","116732"
"1779","Subject330","1","ashamedashamed","1","ashamed","positionright","validityinvalid","test","4","negative","singlestim","71","118735","304","â€šÃ³Ã¨","67","dotpositionleft","singlestim","72","119092","c","left","correct","1","","1","trialend","singlestim","73","120106"
"2076","Subject330","1","engineengine","1","engine","positionleft","validityvalid","test","4","neutral","singlestim","75","122114","317","â€šÃ³Ã¨","67","dotpositionleft","singlestim","76","122485","c","left","correct","1","","1","trialend","singlestim","77","123499"
"2373","Subject330","1","alonealone","1","alone","positionleft","validityvalid","test","4","negative","singlestim","79","125508","339","â€šÃ³Ã¨","67","dotpositionleft","singlestim","80","125901","c","left","correct","1","","1","trialend","singlestim","81","126918"
"2670","Subject330","1","passionatepassionate","1","passionate","positionleft","validityinvalid","test","4","positive","singlestim","83","128923","395","â€šÃ³Ã¨","77","dotpositionright","singlestim","84","129369","m","right","correct","1","","1","trialend","singlestim","85","130382"
"2967","Subject330","1","ecstaticecstatic","1","ecstatic","positionright","validityvalid","test","4","positive","singlestim","87","132387","315","â€šÃ³Ã¨","77","dotpositionright","singlestim","88","132755","m","right","correct","1","","1","trialend","singlestim","89","133770"
"3264","Subject330","1","hanginghanging","1","hanging","positionleft","validityvalid","test","4","suicide","singlestim","91","135776","314","â€šÃ³Ã¨","67","dotpositionleft","singlestim","92","136144","c","left","correct","1","","1","trialend","singlestim","93","137160"
"3561","Subject330","1","successsuccess","1","success","positionleft","validityvalid","test","4","positive","singlestim","95","139166","377","â€šÃ³Ã¨","67","dotpositionleft","singlestim","96","139596","c","left","correct","1","","1","trialend","singlestim","97","140608"
"3858","Subject330","1","structurestructure","1","structure","positionright","validityvalid","test","4","neutral","singlestim","99","142614","328","â€šÃ³Ã¨","77","dotpositionright","singlestim","100","142992","m","right","correct","1","","1","trialend","singlestim","101","144009"
"4155","Subject330","1","laughlaugh","1","laugh","positionright","validityvalid","test","4","positive","singlestim","103","146014","371","â€šÃ³Ã¨","77","dotpositionright","singlestim","104","146438","m","right","correct","1","","1","trialend","singlestim","105","147452"
"4452","Subject330","1","frameframe","1","frame","positionleft","validityinvalid","test","4","neutral","singlestim","107","149460","506","â€šÃ³Ã¨","77","dotpositionright","singlestim","108","150019","m","right","correct","1","","1","trialend","singlestim","109","151033"
"4749","Subject330","1","stupidstupid","1","stupid","positionleft","validityvalid","test","4","negative","singlestim","111","153037","292","â€šÃ³Ã¨","67","dotpositionleft","singlestim","112","153382","c","left","correct","1","","1","trialend","singlestim","113","154399"
"5046","Subject330","1","healthyhealthy","1","healthy","positionleft","validityinvalid","test","1","positive","singlestim","115","156406","309","â€šÃ³Ã¨","77","dotpositionright","singlestim","116","156769","m","right","correct","1","","1","trialend","singlestim","117","157787"
"5343","Subject330","1","suffocationsuffocation","1","suffocation","positionleft","validityinvalid","test","1","suicide","singlestim","119","159790","390","â€šÃ³Ã¨","77","dotpositionright","singlestim","120","160234","m","right","correct","1","","1","trialend","singlestim","121","161251"
"5640","Subject330","1","cryingcrying","1","crying","positionright","validityvalid","test","1","negative","singlestim","123","163259","275","â€šÃ³Ã¨","77","dotpositionright","singlestim","124","163586","m","right","correct","1","","1","trialend","singlestim","125","164600"
"5937","Subject330","1","hatehate","1","hate","positionright","validityinvalid","test","1","negative","singlestim","127","166605","339","â€šÃ³Ã¨","67","dotpositionleft","singlestim","128","167000","c","left","correct","1","","1","trialend","singlestim","129","168016"
"6234","Subject330","1","imageimage","1","image","positionleft","validityvalid","test","1","neutral","singlestim","131","170023","269","â€šÃ³Ã¨","67","dotpositionleft","singlestim","132","170346","c","left","correct","1","","1","trialend","singlestim","133","171362"
"6531","Subject330","1","paradiseparadise","1","paradise","positionleft","validityvalid","test","1","positive","singlestim","135","173366","285","â€šÃ³Ã¨","67","dotpositionleft","singlestim","136","173706","c","left","correct","1","","1","trialend","singlestim","137","174719"
"6828","Subject330","1","greatgreat","1","great","positionright","validityvalid","test","1","positive","singlestim","139","176722","310","â€šÃ³Ã¨","77","dotpositionright","singlestim","140","177088","m","right","correct","1","","1","trialend","singlestim","141","178105"
"7125","Subject330","1","cheesecheese","1","cheese","positionright","validityvalid","test","1","neutral","singlestim","143","180113","325","â€šÃ³Ã¨","77","dotpositionright","singlestim","144","180492","m","right","correct","1","","1","trialend","singlestim","145","181505"
"7422","Subject330","1","attractionattraction","1","attraction","positionright","validityvalid","test","1","positive","singlestim","147","183508","382","â€šÃ³Ã¨","77","dotpositionright","singlestim","148","183946","m","right","correct","1","","1","trialend","singlestim","149","184958"
"7719","Subject330","1","gunshotgunshot","1","gunshot","positionright","validityvalid","test","1","suicide","singlestim","151","186963","366","â€šÃ³Ã¨","77","dotpositionright","singlestim","152","187383","m","right","correct","1","","1","trialend","singlestim","153","188397"
"8016","Subject330","1","bloodblood","1","blood","positionleft","validityvalid","test","1","suicide","singlestim","155","190400","421","â€šÃ³Ã¨","67","dotpositionleft","singlestim","156","190874","c","left","correct","1","","1","trialend","singlestim","157","191892"
"8313","Subject330","1","foldedfolded","1","folded","positionleft","validityvalid","test","1","neutral","singlestim","159","193898","320","â€šÃ³Ã¨","67","dotpositionleft","singlestim","160","194268","c","left","correct","1","","1","trialend","singlestim","161","195282"
"8610","Subject330","1","funeralfuneral","1","funeral","positionright","validityvalid","test","1","suicide","singlestim","163","197290","303","â€šÃ³Ã¨","77","dotpositionright","singlestim","164","197647","m","right","correct","1","","1","trialend","singlestim","165","198662"
"8907","Subject330","1","vomitvomit","1","vomit","positionleft","validityvalid","test","1","negative","singlestim","167","200667","277","â€šÃ³Ã¨","67","dotpositionleft","singlestim","168","200995","c","left","correct","1","","1","trialend","singlestim","169","202009"
"9204","Subject330","1","patheticpathetic","1","pathetic","positionleft","validityvalid","test","1","negative","singlestim","171","204016","342","â€šÃ³Ã¨","67","dotpositionleft","singlestim","172","204410","c","left","correct","1","","1","trialend","singlestim","173","205427"
"9501","Subject330","1","statuestatue","1","statue","positionright","validityinvalid","test","1","neutral","singlestim","175","207432","416","â€šÃ³Ã¨","67","dotpositionleft","singlestim","176","207901","c","left","correct","1","","1","trialend","singlestim","177","208916"
"9798","Subject330","1","horsehorse","1","horse","positionleft","validityinvalid","test","2","neutral","singlestim","179","210923","306","â€šÃ³Ã¨","77","dotpositionright","singlestim","180","211280","m","right","correct","1","","1","trialend","singlestim","181","212295"
"10095","Subject330","1","pleasurepleasure","1","pleasure","positionleft","validityvalid","test","2","positive","singlestim","183","214301","326","â€šÃ³Ã¨","67","dotpositionleft","singlestim","184","214681","c","left","correct","1","","1","trialend","singlestim","185","215696"
"10392","Subject330","1","deathdeath","1","death","positionright","validityvalid","test","2","suicide","singlestim","187","217702","283","â€šÃ³Ã¨","77","dotpositionright","singlestim","188","218042","m","right","correct","1","","1","trialend","singlestim","189","219055"
"10689","Subject330","1","paperpaper","1","paper","positionleft","validityvalid","test","2","neutral","singlestim","191","221062","317","â€šÃ³Ã¨","67","dotpositionleft","singlestim","192","221430","c","left","correct","1","","1","trialend","singlestim","193","222446"
"10986","Subject330","1","foamfoam","1","foam","positionright","validityvalid","test","2","neutral","singlestim","195","224452","414","â€šÃ³Ã¨","77","dotpositionright","singlestim","196","224920","m","right","correct","1","","1","trialend","singlestim","197","225936"
"11283","Subject330","1","failurefailure","1","failure","positionleft","validityvalid","test","2","negative","singlestim","199","227944","247","â€šÃ³Ã¨","67","dotpositionleft","singlestim","200","228242","c","left","correct","1","","1","trialend","singlestim","201","229257"
"11580","Subject330","1","enthusiasmenthusiasm","1","enthusiasm","positionright","validityvalid","test","2","positive","singlestim","203","231263","294","â€šÃ³Ã¨","77","dotpositionright","singlestim","204","231612","m","right","correct","1","","1","trialend","singlestim","205","232627"
"11877","Subject330","1","filthyfilthy","1","filthy","positionleft","validityinvalid","test","2","negative","singlestim","207","234632","346","â€šÃ³Ã¨","77","dotpositionright","singlestim","208","235028","m","right","correct","1","","1","trialend","singlestim","209","236041"
"12174","Subject330","1","abuseabuse","1","abuse","positionright","validityvalid","test","2","negative","singlestim","211","238048","333","â€šÃ³Ã¨","77","dotpositionright","singlestim","212","238434","m","right","correct","1","","1","trialend","singlestim","213","239448"
"12471","Subject330","1","corpsecorpse","1","corpse","positionleft","validityvalid","test","2","suicide","singlestim","215","241456","426","â€šÃ³Ã¨","67","dotpositionleft","singlestim","216","241933","c","left","correct","1","","1","trialend","singlestim","217","242947"
"12768","Subject330","1","tabletable","1","table","positionright","validityvalid","test","2","neutral","singlestim","219","244952","276","â€šÃ³Ã¨","77","dotpositionright","singlestim","220","245282","m","right","correct","1","","1","trialend","singlestim","221","246298"
"13065","Subject330","362","noosenoose","67","noose","positionleft","validityvalid","test","2","suicide","singlestim","223","248303","275","â€šÃ³Ã¨","67","dotpositionleft","singlestim","224","248632","c","left","correct","1","","1","trialend","singlestim","225","249647"
"13362","Subject330","1","lovelove","1","love","positionright","validityinvalid","test","2","positive","singlestim","227","251652","490","â€šÃ³Ã¨","67","dotpositionleft","singlestim","228","252196","c","left","correct","1","","1","trialend","singlestim","229","253211"
"13659","Subject330","1","overdoseoverdose","1","overdose","positionright","validityinvalid","test","2","suicide","singlestim","231","255216","345","â€šÃ³Ã¨","67","dotpositionleft","singlestim","232","255615","c","left","correct","1","","1","trialend","singlestim","233","256633"
"13956","Subject330","1","braverybravery","1","bravery","positionleft","validityvalid","test","2","positive","singlestim","235","258639","338","â€šÃ³Ã¨","67","dotpositionleft","singlestim","236","259028","c","left","correct","1","","1","trialend","singlestim","237","260043"
"14253","Subject330","1","cruelcruel","1","cruel","positionright","validityvalid","test","2","negative","singlestim","239","262049","339","â€šÃ³Ã¨","77","dotpositionright","singlestim","240","262442","m","right","correct","1","","1","trialend","singlestim","241","263455"
"14550","Subject330","1","assaultassault","1","assault","positionleft","validityinvalid","test","3","negative","singlestim","243","265461","401","â€šÃ³Ã¨","77","dotpositionright","singlestim","244","265916","m","right","correct","1","","1","trialend","singlestim","245","266932"
"14847","Subject330","1","metermeter","1","meter","positionleft","validityvalid","test","3","neutral","singlestim","247","268939","440","â€šÃ³Ã¨","67","dotpositionleft","singlestim","248","269430","c","left","correct","1","","1","trialend","singlestim","249","270446"
"15144","Subject330","1","deaddead","1","dead","positionleft","validityinvalid","test","3","suicide","singlestim","251","272449","334","â€šÃ³Ã¨","77","dotpositionright","singlestim","252","272837","m","right","correct","1","","1","trialend","singlestim","253","273849"
"15441","Subject330","1","strongstrong","1","strong","positionleft","validityvalid","test","3","positive","singlestim","255","275854","439","â€šÃ³Ã¨","67","dotpositionleft","singlestim","256","276348","c","left","correct","1","","1","trialend","singlestim","257","277362"
"15738","Subject330","1","museummuseum","1","museum","positionleft","validityvalid","test","3","neutral","singlestim","259","279368","514","â€šÃ³Ã¨","67","dotpositionleft","singlestim","260","279934","c","left","correct","1","","1","trialend","singlestim","261","280950"
"16035","Subject330","1","kisskiss","1","kiss","positionright","validityinvalid","test","3","positive","singlestim","263","282959","320","â€šÃ³Ã¨","67","dotpositionleft","singlestim","264","283330","c","left","correct","1","","1","trialend","singlestim","265","284345"
"16332","Subject330","1","closetcloset","1","closet","positionright","validityinvalid","test","3","neutral","singlestim","267","286350","325","â€šÃ³Ã¨","67","dotpositionleft","singlestim","268","286730","c","left","correct","1","","1","trialend","singlestim","269","287746"
"16629","Subject330","1","smilesmile","1","smile","positionleft","validityvalid","test","3","positive","singlestim","271","289752","347","â€šÃ³Ã¨","67","dotpositionleft","singlestim","272","290151","c","left","correct","1","","1","trialend","singlestim","273","291164"
"16926","Subject330","1","touretoure","1","toure","positionleft","validityvalid","test","3","negative","singlestim","275","293169","388","â€šÃ³Ã¨","67","dotpositionleft","singlestim","276","293608","c","left","correct","1","","1","trialend","singlestim","277","294624"
"17223","Subject330","1","rejectedrejected","1","rejected","positionright","validityvalid","test","3","negative","singlestim","279","296630","405","â€šÃ³Ã¨","77","dotpositionright","singlestim","280","297087","m","right","correct","1","","1","trialend","singlestim","281","298103"
"17520","Subject330","1","greengreen","1","green","positionright","validityvalid","test","3","neutral","singlestim","283","300109","371","â€šÃ³Ã¨","77","dotpositionright","singlestim","284","300535","m","right","correct","1","","1","trialend","singlestim","285","301549"
"17817","Subject330","1","diedie","1","die","positionright","validityvalid","test","3","suicide","singlestim","287","303552","348","â€šÃ³Ã¨","77","dotpositionright","singlestim","288","303952","m","right","correct","1","","1","trialend","singlestim","289","304970"
"18114","Subject330","1","cuttingcutting","1","cutting","positionright","validityvalid","test","3","suicide","singlestim","291","306979","374","â€šÃ³Ã¨","77","dotpositionright","singlestim","292","307406","m","right","correct","1","","1","trialend","singlestim","293","308421"
"18411","Subject330","1","bombbomb","1","bomb","positionright","validityvalid","test","3","negative","singlestim","295","310429","380","â€šÃ³Ã¨","77","dotpositionright","singlestim","296","310860","m","right","correct","1","","1","trialend","singlestim","297","311873"
"18708","Subject330","1","happyhappy","1","happy","positionright","validityvalid","test","3","positive","singlestim","299","313878","403","â€šÃ³Ã¨","77","dotpositionright","singlestim","300","314332","m","right","correct","1","","1","trialend","singlestim","301","315347"
"19005","Subject330","1","dyingdying","1","dying","positionleft","validityvalid","test","3","suicide","singlestim","303","317355","253","â€šÃ³Ã¨","67","dotpositionleft","singlestim","304","317664","c","left","correct","1","","1","trialend","singlestim","305","318679"
