"","SubjectID","rt","stimulus","keypress","word","wordposition","validity","block","blocknum","wordtype","trialtype","trialindex","timeelapsed","rt.1","stimulus.1","keypress.1","dotposition","trialtype.1","trialindex.1","timeelapsed.1","keypressed","participantresponse","correctresponse","rt.2","stimulus.2","keypress.2","blocktrial","trialtype.2","trialindex.2","timeelapsed.2"
"239","Subject271","1","greatgreat","1","great","positionright","validityvalid","test","1","positive","singlestim","51","115432","697","â€šÃ³Ã¨","77","dotpositionright","singlestim","52","116181","m","right","correct","1","","1","trialend","singlestim","53","117196"
"536","Subject271","1","patheticpathetic","1","pathetic","positionleft","validityvalid","test","1","negative","singlestim","55","119205","407","â€šÃ³Ã¨","67","dotpositionleft","singlestim","56","119663","c","left","correct","1","","1","trialend","singlestim","57","120678"
"833","Subject271","1","funeralfuneral","1","funeral","positionright","validityvalid","test","1","suicide","singlestim","59","122686","804","â€šÃ³Ã¨","77","dotpositionright","singlestim","60","123544","m","right","correct","1","","1","trialend","singlestim","61","124561"
"1130","Subject271","1","cheesecheese","1","cheese","positionright","validityvalid","test","1","neutral","singlestim","63","126570","397","â€šÃ³Ã¨","77","dotpositionright","singlestim","64","127022","m","right","correct","1","","1","trialend","singlestim","65","128039"
"1427","Subject271","1","healthyhealthy","1","healthy","positionleft","validityinvalid","test","1","positive","singlestim","67","130047","424","â€šÃ³Ã¨","77","dotpositionright","singlestim","68","130523","m","right","correct","1","","1","trialend","singlestim","69","131538"
"1724","Subject271","1","paradiseparadise","1","paradise","positionleft","validityvalid","test","1","positive","singlestim","71","133546","444","â€šÃ³Ã¨","67","dotpositionleft","singlestim","72","134045","c","left","correct","1","","1","trialend","singlestim","73","135061"
"2021","Subject271","1","bloodblood","1","blood","positionleft","validityvalid","test","1","suicide","singlestim","75","137069","431","â€šÃ³Ã¨","67","dotpositionleft","singlestim","76","137554","c","left","correct","1","","1","trialend","singlestim","77","138567"
"2318","Subject271","1","foldedfolded","1","folded","positionleft","validityvalid","test","1","neutral","singlestim","79","140575","412","â€šÃ³Ã¨","67","dotpositionleft","singlestim","80","141039","c","left","correct","1","","1","trialend","singlestim","81","142055"
"2615","Subject271","1","statuestatue","1","statue","positionright","validityinvalid","test","1","neutral","singlestim","83","144064","463","â€šÃ³Ã¨","67","dotpositionleft","singlestim","84","144580","c","left","correct","1","","1","trialend","singlestim","85","145595"
"2912","Subject271","1","attractionattraction","1","attraction","positionright","validityvalid","test","1","positive","singlestim","87","147604","590","â€šÃ³Ã¨","77","dotpositionright","singlestim","88","148247","m","right","correct","1","","1","trialend","singlestim","89","149264"
"3209","Subject271","1","imageimage","1","image","positionleft","validityvalid","test","1","neutral","singlestim","91","151273","699","â€šÃ³Ã¨","67","dotpositionleft","singlestim","92","152025","c","left","correct","1","","1","trialend","singlestim","93","153043"
"3506","Subject271","1","hatehate","1","hate","positionright","validityinvalid","test","1","negative","singlestim","95","155051","505","â€šÃ³Ã¨","67","dotpositionleft","singlestim","96","155608","c","left","correct","1","","1","trialend","singlestim","97","156623"
"3803","Subject271","1","gunshotgunshot","1","gunshot","positionright","validityvalid","test","1","suicide","singlestim","99","158632","367","â€šÃ³Ã¨","77","dotpositionright","singlestim","100","159052","m","right","correct","1","","1","trialend","singlestim","101","160066"
"4100","Subject271","1","suffocationsuffocation","1","suffocation","positionleft","validityinvalid","test","1","suicide","singlestim","103","162075","356","â€šÃ³Ã¨","77","dotpositionright","singlestim","104","162483","m","right","correct","1","","1","trialend","singlestim","105","163499"
"4397","Subject271","1","vomitvomit","1","vomit","positionleft","validityvalid","test","1","negative","singlestim","107","165504","410","â€šÃ³Ã¨","67","dotpositionleft","singlestim","108","165967","c","left","correct","1","","1","trialend","singlestim","109","166985"
"4694","Subject271","1","cryingcrying","1","crying","positionright","validityvalid","test","1","negative","singlestim","111","168993","361","â€šÃ³Ã¨","77","dotpositionright","singlestim","112","169406","m","right","correct","1","","1","trialend","singlestim","113","170421"
"4991","Subject271","1","filthyfilthy","1","filthy","positionleft","validityinvalid","test","2","negative","singlestim","115","172429","487","â€šÃ³Ã¨","77","dotpositionright","singlestim","116","172969","m","right","correct","1","","1","trialend","singlestim","117","173984"
"5288","Subject271","1","enthusiasmenthusiasm","1","enthusiasm","positionright","validityvalid","test","2","positive","singlestim","119","175993","423","â€šÃ³Ã¨","77","dotpositionright","singlestim","120","176468","m","right","correct","1","","1","trialend","singlestim","121","177485"
"5585","Subject271","1","foamfoam","1","foam","positionright","validityvalid","test","2","neutral","singlestim","123","179492","373","â€šÃ³Ã¨","77","dotpositionright","singlestim","124","179919","m","right","correct","1","","1","trialend","singlestim","125","180938"
"5882","Subject271","1","tabletable","1","table","positionright","validityvalid","test","2","neutral","singlestim","127","182946","615","â€šÃ³Ã¨","77","dotpositionright","singlestim","128","183614","m","right","correct","1","","1","trialend","singlestim","129","184629"
"6179","Subject271","1","cruelcruel","1","cruel","positionright","validityvalid","test","2","negative","singlestim","131","186637","384","â€šÃ³Ã¨","77","dotpositionright","singlestim","132","187074","m","right","correct","1","","1","trialend","singlestim","133","188088"
"6476","Subject271","1","paperpaper","1","paper","positionleft","validityvalid","test","2","neutral","singlestim","135","190097","346","â€šÃ³Ã¨","67","dotpositionleft","singlestim","136","190494","c","left","correct","1","","1","trialend","singlestim","137","191507"
"6773","Subject271","1","abuseabuse","1","abuse","positionright","validityvalid","test","2","negative","singlestim","139","193515","318","â€šÃ³Ã¨","77","dotpositionright","singlestim","140","193889","m","right","correct","1","","1","trialend","singlestim","141","194902"
"7070","Subject271","1","overdoseoverdose","1","overdose","positionright","validityinvalid","test","2","suicide","singlestim","143","196911","500","â€šÃ³Ã¨","67","dotpositionleft","singlestim","144","197464","c","left","correct","1","","1","trialend","singlestim","145","198477"
"7367","Subject271","1","corpsecorpse","1","corpse","positionleft","validityvalid","test","2","suicide","singlestim","147","200486","495","â€šÃ³Ã¨","67","dotpositionleft","singlestim","148","201034","c","left","correct","1","","1","trialend","singlestim","149","202047"
"7664","Subject271","1","noosenoose","1","noose","positionleft","validityvalid","test","2","suicide","singlestim","151","204056","546","â€šÃ³Ã¨","67","dotpositionleft","singlestim","152","204655","c","left","correct","1","","1","trialend","singlestim","153","205669"
"7961","Subject271","1","failurefailure","1","failure","positionleft","validityvalid","test","2","negative","singlestim","155","207678","456","â€šÃ³Ã¨","67","dotpositionleft","singlestim","156","208185","c","left","correct","1","","1","trialend","singlestim","157","209203"
"8258","Subject271","1","braverybravery","1","bravery","positionleft","validityvalid","test","2","positive","singlestim","159","211212","562","â€šÃ³Ã¨","67","dotpositionleft","singlestim","160","211827","c","left","correct","1","","1","trialend","singlestim","161","212843"
"8555","Subject271","1","lovelove","1","love","positionright","validityinvalid","test","2","positive","singlestim","163","214852","505","â€šÃ³Ã¨","67","dotpositionleft","singlestim","164","215410","c","left","correct","1","","1","trialend","singlestim","165","216425"
"8852","Subject271","1","horsehorse","1","horse","positionleft","validityinvalid","test","2","neutral","singlestim","167","218432","494","â€šÃ³Ã¨","77","dotpositionright","singlestim","168","218984","m","right","correct","1","","1","trialend","singlestim","169","219999"
"9149","Subject271","1","pleasurepleasure","1","pleasure","positionleft","validityvalid","test","2","positive","singlestim","171","222008","712","â€šÃ³Ã¨","67","dotpositionleft","singlestim","172","222772","c","left","correct","1","","1","trialend","singlestim","173","223790"
"9446","Subject271","1","deathdeath","1","death","positionright","validityvalid","test","2","suicide","singlestim","175","225796","492","â€šÃ³Ã¨","77","dotpositionright","singlestim","176","226342","m","right","correct","1","","1","trialend","singlestim","177","227359"
"9743","Subject271","1","wohlesswohless","1","wohless","positionright","validityvalid","test","4","negative","singlestim","179","229368","583","â€šÃ³Ã¨","77","dotpositionright","singlestim","180","230004","m","right","correct","1","","1","trialend","singlestim","181","231016"
"10040","Subject271","1","hanginghanging","1","hanging","positionleft","validityvalid","test","4","suicide","singlestim","183","233024","553","â€šÃ³Ã¨","67","dotpositionleft","singlestim","184","233630","c","left","correct","1","","1","trialend","singlestim","185","234644"
"10337","Subject271","1","successsuccess","1","success","positionleft","validityvalid","test","4","positive","singlestim","187","236652","473","â€šÃ³Ã¨","67","dotpositionleft","singlestim","188","237176","c","left","correct","1","","1","trialend","singlestim","189","238190"
"10634","Subject271","1","structurestructure","1","structure","positionright","validityvalid","test","4","neutral","singlestim","191","240198","699","â€šÃ³Ã¨","77","dotpositionright","singlestim","192","240951","m","right","correct","1","","1","trialend","singlestim","193","241968"
"10931","Subject271","1","ecstaticecstatic","1","ecstatic","positionright","validityvalid","test","4","positive","singlestim","195","243977","353","â€šÃ³Ã¨","77","dotpositionright","singlestim","196","244382","m","right","correct","1","","1","trialend","singlestim","197","245399"
"11228","Subject271","1","doubledouble","1","double","positionright","validityvalid","test","4","neutral","singlestim","199","247407","460","â€šÃ³Ã¨","77","dotpositionright","singlestim","200","247919","m","right","correct","1","","1","trialend","singlestim","201","248933"
"11525","Subject271","1","engineengine","1","engine","positionleft","validityvalid","test","4","neutral","singlestim","203","250942","545","â€šÃ³Ã¨","67","dotpositionleft","singlestim","204","251540","c","left","correct","1","","1","trialend","singlestim","205","252555"
"11822","Subject271","1","deceaseddeceased","1","deceased","positionright","validityvalid","test","4","suicide","singlestim","207","254563","350","â€šÃ³Ã¨","77","dotpositionright","singlestim","208","254968","m","right","correct","1","","1","trialend","singlestim","209","255986"
"12119","Subject271","1","killingkilling","1","killing","positionleft","validityvalid","test","4","suicide","singlestim","211","257994","387","â€šÃ³Ã¨","67","dotpositionleft","singlestim","212","258434","c","left","correct","1","","1","trialend","singlestim","213","259450"
"12416","Subject271","1","frameframe","1","frame","positionleft","validityinvalid","test","4","neutral","singlestim","215","261459","452","â€šÃ³Ã¨","77","dotpositionright","singlestim","216","261963","m","right","correct","1","","1","trialend","singlestim","217","262980"
"12713","Subject271","1","passionatepassionate","1","passionate","positionleft","validityinvalid","test","4","positive","singlestim","219","264988","588","â€šÃ³Ã¨","77","dotpositionright","singlestim","220","265629","m","right","correct","1","","1","trialend","singlestim","221","266647"
"13010","Subject271","1","ashamedashamed","1","ashamed","positionright","validityinvalid","test","4","negative","singlestim","223","268656","491","â€šÃ³Ã¨","67","dotpositionleft","singlestim","224","269199","c","left","correct","1","","1","trialend","singlestim","225","270211"
"13307","Subject271","1","alonealone","1","alone","positionleft","validityvalid","test","4","negative","singlestim","227","272219","421","â€šÃ³Ã¨","67","dotpositionleft","singlestim","228","272693","c","left","correct","1","","1","trialend","singlestim","229","273711"
"13604","Subject271","1","laughlaugh","1","laugh","positionright","validityvalid","test","4","positive","singlestim","231","275720","461","â€šÃ³Ã¨","77","dotpositionright","singlestim","232","276236","m","right","correct","1","","1","trialend","singlestim","233","277252"
"13901","Subject271","1","stupidstupid","1","stupid","positionleft","validityvalid","test","4","negative","singlestim","235","279261","514","â€šÃ³Ã¨","67","dotpositionleft","singlestim","236","279828","c","left","correct","1","","1","trialend","singlestim","237","280845"
"14198","Subject271","1","suicidesuicide","1","suicide","positionright","validityinvalid","test","4","suicide","singlestim","239","282853","484","â€šÃ³Ã¨","67","dotpositionleft","singlestim","240","283389","c","left","correct","1","","1","trialend","singlestim","241","284402"
"14495","Subject271","1","bombbomb","1","bomb","positionright","validityvalid","test","3","negative","singlestim","243","286411","474","â€šÃ³Ã¨","77","dotpositionright","singlestim","244","286938","m","right","correct","1","","1","trialend","singlestim","245","287955"
"14792","Subject271","1","deaddead","1","dead","positionleft","validityinvalid","test","3","suicide","singlestim","247","289963","564","â€šÃ³Ã¨","77","dotpositionright","singlestim","248","290579","m","right","correct","1","","1","trialend","singlestim","249","291594"
"15089","Subject271","1","museummuseum","1","museum","positionleft","validityvalid","test","3","neutral","singlestim","251","293603","711","â€šÃ³Ã¨","67","dotpositionleft","singlestim","252","294368","c","left","correct","1","","1","trialend","singlestim","253","295384"
"15386","Subject271","1","metermeter","1","meter","positionleft","validityvalid","test","3","neutral","singlestim","255","297392","498","â€šÃ³Ã¨","67","dotpositionleft","singlestim","256","297944","c","left","correct","1","","1","trialend","singlestim","257","298960"
"15683","Subject271","1","happyhappy","1","happy","positionright","validityvalid","test","3","positive","singlestim","259","300968","439","â€šÃ³Ã¨","77","dotpositionright","singlestim","260","301461","m","right","correct","1","","1","trialend","singlestim","261","302477"
"15980","Subject271","1","kisskiss","1","kiss","positionright","validityinvalid","test","3","positive","singlestim","263","304485","452","â€šÃ³Ã¨","67","dotpositionleft","singlestim","264","304990","c","left","correct","1","","1","trialend","singlestim","265","306006"
"16277","Subject271","1","closetcloset","1","closet","positionright","validityinvalid","test","3","neutral","singlestim","267","308014","451","â€šÃ³Ã¨","67","dotpositionleft","singlestim","268","308519","c","left","correct","1","","1","trialend","singlestim","269","309534"
"16574","Subject271","1","smilesmile","1","smile","positionleft","validityvalid","test","3","positive","singlestim","271","311543","454","â€šÃ³Ã¨","67","dotpositionleft","singlestim","272","312049","c","left","correct","1","","1","trialend","singlestim","273","313064"
"16871","Subject271","1","rejectedrejected","1","rejected","positionright","validityvalid","test","3","negative","singlestim","275","315072","385","â€šÃ³Ã¨","77","dotpositionright","singlestim","276","315509","m","right","correct","1","","1","trialend","singlestim","277","316523"
"17168","Subject271","1","dyingdying","1","dying","positionleft","validityvalid","test","3","suicide","singlestim","279","318532","560","â€šÃ³Ã¨","67","dotpositionleft","singlestim","280","319143","c","left","correct","1","","1","trialend","singlestim","281","320163"
"17465","Subject271","1","diedie","1","die","positionright","validityvalid","test","3","suicide","singlestim","283","322171","445","â€šÃ³Ã¨","77","dotpositionright","singlestim","284","322669","m","right","correct","1","","1","trialend","singlestim","285","323686"
"17762","Subject271","1","greengreen","1","green","positionright","validityvalid","test","3","neutral","singlestim","287","325694","309","â€šÃ³Ã¨","77","dotpositionright","singlestim","288","326056","m","right","correct","1","","1","trialend","singlestim","289","327069"
"18059","Subject271","1","strongstrong","1","strong","positionleft","validityvalid","test","3","positive","singlestim","291","329078","460","â€šÃ³Ã¨","67","dotpositionleft","singlestim","292","329591","c","left","correct","1","","1","trialend","singlestim","293","330610"
"18356","Subject271","1","cuttingcutting","1","cutting","positionright","validityvalid","test","3","suicide","singlestim","295","332618","395","â€šÃ³Ã¨","77","dotpositionright","singlestim","296","333066","m","right","correct","1","","1","trialend","singlestim","297","334081"
"18653","Subject271","1","touretoure","1","toure","positionleft","validityvalid","test","3","negative","singlestim","299","336089","726","â€šÃ³Ã¨","67","dotpositionleft","singlestim","300","336868","c","left","correct","1","","1","trialend","singlestim","301","337882"
"18950","Subject271","1","assaultassault","1","assault","positionleft","validityinvalid","test","3","negative","singlestim","303","339891","516","â€šÃ³Ã¨","77","dotpositionright","singlestim","304","340460","m","right","correct","1","","1","trialend","singlestim","305","341475"
