"","SubjectID","rt","stimulus","keypress","word","wordposition","validity","block","blocknum","wordtype","trialtype","trialindex","timeelapsed","rt.1","stimulus.1","keypress.1","dotposition","trialtype.1","trialindex.1","timeelapsed.1","keypressed","participantresponse","correctresponse","rt.2","stimulus.2","keypress.2","blocktrial","trialtype.2","trialindex.2","timeelapsed.2"
"157","Subject185","positionright","validityvalid","test","1","suicide","singlestim","51","86923","100010","795","â€šÃ³Ã¨","77","singlestim","52","87770","100020","m","right","correct","","1","trialend","singlestim","53","88786","100030","1","bloodblood","1"
"454","Subject185","positionleft","validityvalid","test","1","suicide","singlestim","55","90793","100050","435","â€šÃ³Ã¨","67","singlestim","56","91282","100060","c","left","correct","","1","trialend","singlestim","57","92299","100070","1","healthyhealthy","1"
"751","Subject185","positionleft","validityinvalid","test","1","positive","singlestim","59","94307","100090","532","â€šÃ³Ã¨","77","singlestim","60","94892","1000100","m","right","correct","","1","trialend","singlestim","61","95907","1000110","1","attractionattraction","1"
"1048","Subject185","positionright","validityvalid","test","1","positive","singlestim","63","97916","1000130","509","â€šÃ³Ã¨","77","singlestim","64","98478","1000140","m","right","correct","","1","trialend","singlestim","65","99491","1000150","1","suffocationsuffocation","1"
"1345","Subject185","positionleft","validityinvalid","test","1","suicide","singlestim","67","101505","1000170","481","â€šÃ³Ã¨","77","singlestim","68","102037","1000180","m","right","correct","","1","trialend","singlestim","69","103053","1000190","1","gunshotgunshot","1"
"1642","Subject185","positionright","validityvalid","test","1","suicide","singlestim","71","105065","1000210","629","â€šÃ³Ã¨","77","singlestim","72","105750","1000220","m","right","correct","","1","trialend","singlestim","73","106768","1000230","1","cheesecheese","1"
"1939","Subject185","positionright","validityvalid","test","1","neutral","singlestim","75","108777","1000250","585","â€šÃ³Ã¨","77","singlestim","76","109417","1000260","m","right","correct","","1","trialend","singlestim","77","110433","1000270","1","statuestatue","1"
"2236","Subject185","positionright","validityinvalid","test","1","neutral","singlestim","79","112443","1000290","418","â€šÃ³Ã¨","67","singlestim","80","112915","1000300","c","left","correct","","1","trialend","singlestim","81","113932","1000310","1","foldedfolded","1"
"2533","Subject185","positionleft","validityvalid","test","1","neutral","singlestim","83","115941","1000330","553","â€šÃ³Ã¨","67","singlestim","84","116548","1000340","c","left","correct","","1","trialend","singlestim","85","117560","1000350","1","hatehate","1"
"2830","Subject185","positionright","validityinvalid","test","1","negative","singlestim","87","119570","1000370","539","â€šÃ³Ã¨","67","singlestim","88","120161","1000380","c","left","correct","","1","trialend","singlestim","89","121177","1000390","1","paradiseparadise","1"
"3127","Subject185","positionleft","validityvalid","test","1","positive","singlestim","91","123186","1000410","612","â€šÃ³Ã¨","67","singlestim","92","123854","1000420","c","left","correct","","1","trialend","singlestim","93","124869","1000430","1","imageimage","1"
"3424","Subject185","positionleft","validityvalid","test","1","neutral","singlestim","95","126878","1000450","431","â€šÃ³Ã¨","67","singlestim","96","127366","1000460","c","left","correct","","1","trialend","singlestim","97","128378","1000470","1","cryingcrying","1"
"3721","Subject185","positionright","validityvalid","test","1","negative","singlestim","99","130389","1000490","540","â€šÃ³Ã¨","77","singlestim","100","130985","1000500","m","right","correct","","1","trialend","singlestim","101","131999","1000510","1","patheticpathetic","1"
"4018","Subject185","positionleft","validityvalid","test","1","negative","singlestim","103","134007","1000530","453","â€šÃ³Ã¨","67","singlestim","104","134516","1000540","c","left","correct","","1","trialend","singlestim","105","135534","1000550","1","vomitvomit","1"
"4315","Subject185","positionleft","validityvalid","test","1","negative","singlestim","107","137544","1000570","455","â€šÃ³Ã¨","67","singlestim","108","138057","1000580","c","left","correct","","1","trialend","singlestim","109","139072","1000590","1","greatgreat","1"
"4612","Subject185","positionright","validityvalid","test","1","positive","singlestim","111","141083","1000610","444","â€šÃ³Ã¨","77","singlestim","112","141581","1000620","m","right","correct","","1","trialend","singlestim","113","142598","1000630","1","wohlesswohless","1"
"4909","Subject185","positionright","validityvalid","test","4","negative","singlestim","115","144608","101010","407","â€šÃ³Ã¨","77","singlestim","116","145071","101020","m","right","correct","","1","trialend","singlestim","117","146089","101030","1","laughlaugh","1"
"5206","Subject185","positionright","validityvalid","test","4","positive","singlestim","119","148099","101050","480","â€šÃ³Ã¨","77","singlestim","120","148632","101060","m","right","correct","","1","trialend","singlestim","121","149646","101070","1","passionatepassionate","1"
"5503","Subject185","positionleft","validityinvalid","test","4","positive","singlestim","123","151655","101090","575","â€šÃ³Ã¨","77","singlestim","124","152280","1010100","m","right","correct","","1","trialend","singlestim","125","153298","1010110","1","suicidesuicide","1"
"5800","Subject185","positionright","validityinvalid","test","4","suicide","singlestim","127","155308","1010130","578","â€šÃ³Ã¨","67","singlestim","128","155942","1010140","c","left","correct","","1","trialend","singlestim","129","156959","1010150","1","doubledouble","1"
"6097","Subject185","positionright","validityvalid","test","4","neutral","singlestim","131","158967","1010170","634","â€šÃ³Ã¨","77","singlestim","132","159659","1010180","m","right","correct","","1","trialend","singlestim","133","160675","1010190","1","successsuccess","1"
"6394","Subject185","positionleft","validityvalid","test","4","positive","singlestim","135","162685","1010210","454","â€šÃ³Ã¨","67","singlestim","136","163195","1010220","c","left","correct","","1","trialend","singlestim","137","164213","1010230","1","alonealone","1"
"6691","Subject185","positionleft","validityvalid","test","4","negative","singlestim","139","166217","1010250","465","â€šÃ³Ã¨","67","singlestim","140","166737","1010260","c","left","correct","","1","trialend","singlestim","141","167754","1010270","1","structurestructure","1"
"6988","Subject185","positionright","validityvalid","test","4","neutral","singlestim","143","169764","1010290","413","â€šÃ³Ã¨","77","singlestim","144","170231","1010300","m","right","correct","","1","trialend","singlestim","145","171248","1010310","1","stupidstupid","1"
"7285","Subject185","positionleft","validityvalid","test","4","negative","singlestim","147","173257","1010330","455","â€šÃ³Ã¨","67","singlestim","148","173768","1010340","c","left","correct","","1","trialend","singlestim","149","174784","1010350","1","engineengine","1"
"7582","Subject185","positionleft","validityvalid","test","4","neutral","singlestim","151","176795","1010370","1732","â€šÃ³Ã¨","67","singlestim","152","178583","1010380","c","left","correct","","1","trialend","singlestim","153","179597","1010390","1","killingkilling","1"
"7879","Subject185","positionleft","validityvalid","test","4","suicide","singlestim","155","181606","1010410","757","â€šÃ³Ã¨","67","singlestim","156","182415","1010420","c","left","correct","","1","trialend","singlestim","157","183431","1010430","1","hanginghanging","1"
"8176","Subject185","positionleft","validityvalid","test","4","suicide","singlestim","159","185441","1010450","520","â€šÃ³Ã¨","67","singlestim","160","186013","1010460","c","left","correct","","1","trialend","singlestim","161","187030","1010470","1","ecstaticecstatic","1"
"8473","Subject185","positionright","validityvalid","test","4","positive","singlestim","163","189040","1010490","425","â€šÃ³Ã¨","77","singlestim","164","189520","1010500","m","right","correct","","1","trialend","singlestim","165","190538","1010510","1","frameframe","1"
"8770","Subject185","positionleft","validityinvalid","test","4","neutral","singlestim","167","192547","1010530","451","â€šÃ³Ã¨","77","singlestim","168","193049","1010540","m","right","correct","","1","trialend","singlestim","169","194066","1010550","1","ashamedashamed","1"
"9067","Subject185","positionright","validityinvalid","test","4","negative","singlestim","171","196076","1010570","577","â€šÃ³Ã¨","67","singlestim","172","196709","1010580","c","left","correct","","1","trialend","singlestim","173","197724","1010590","1","deceaseddeceased","1"
"9364","Subject185","positionright","validityvalid","test","4","suicide","singlestim","175","199734","1010610","457","â€šÃ³Ã¨","77","singlestim","176","200244","1010620","m","right","correct","","1","trialend","singlestim","177","201260","1010630","1","dyingdying","1"
"9661","Subject185","positionleft","validityvalid","test","3","suicide","singlestim","179","203271","102010","575","â€šÃ³Ã¨","67","singlestim","180","203896","102020","c","left","correct","","1","trialend","singlestim","181","204912","102030","1","rejectedrejected","1"
"9958","Subject185","positionright","validityvalid","test","3","negative","singlestim","183","206925","102050","982","â€šÃ³Ã¨","77","singlestim","184","207962","102060","m","right","correct","","1","trialend","singlestim","185","208979","102070","1","deaddead","1"
"10255","Subject185","positionleft","validityinvalid","test","3","suicide","singlestim","187","210988","102090","662","â€šÃ³Ã¨","77","singlestim","188","211702","1020100","m","right","correct","","1","trialend","singlestim","189","212718","1020110","1","cuttingcutting","1"
"10552","Subject185","positionright","validityvalid","test","3","suicide","singlestim","191","214731","1020130","727","â€šÃ³Ã¨","77","singlestim","192","215511","1020140","m","right","correct","","1","trialend","singlestim","193","216525","1020150","1","touretoure","1"
"10849","Subject185","positionleft","validityvalid","test","3","negative","singlestim","195","218536","1020170","719","â€šÃ³Ã¨","67","singlestim","196","219312","1020180","c","left","correct","","1","trialend","singlestim","197","220326","1020190","1","strongstrong","1"
"11146","Subject185","positionleft","validityvalid","test","3","positive","singlestim","199","222334","1020210","489","â€šÃ³Ã¨","67","singlestim","200","222875","1020220","c","left","correct","","1","trialend","singlestim","201","223888","1020230","1","closetcloset","1"
"11443","Subject185","positionright","validityinvalid","test","3","neutral","singlestim","203","225896","1020250","497","â€šÃ³Ã¨","67","singlestim","204","226449","1020260","c","left","correct","","1","trialend","singlestim","205","227464","1020270","1","bombbomb","1"
"11740","Subject185","positionright","validityvalid","test","3","negative","singlestim","207","229471","1020290","460","â€šÃ³Ã¨","77","singlestim","208","229987","1020300","m","right","correct","","1","trialend","singlestim","209","231005","1020310","1","kisskiss","1"
"12037","Subject185","positionright","validityinvalid","test","3","positive","singlestim","211","233009","1020330","467","â€šÃ³Ã¨","67","singlestim","212","233529","1020340","c","left","correct","","1","trialend","singlestim","213","234542","1020350","1","smilesmile","1"
"12334","Subject185","positionleft","validityvalid","test","3","positive","singlestim","215","236546","1020370","484","â€šÃ³Ã¨","67","singlestim","216","237083","1020380","c","left","correct","","1","trialend","singlestim","217","238098","1020390","1","greengreen","1"
"12631","Subject185","positionright","validityvalid","test","3","neutral","singlestim","219","240102","1020410","346","â€šÃ³Ã¨","77","singlestim","220","240502","1020420","m","right","correct","","1","trialend","singlestim","221","241516","1020430","1","metermeter","1"
"12928","Subject185","positionleft","validityvalid","test","3","neutral","singlestim","223","243524","1020450","500","â€šÃ³Ã¨","67","singlestim","224","244079","1020460","c","left","correct","","1","trialend","singlestim","225","245094","1020470","1","museummuseum","1"
"13225","Subject185","positionleft","validityvalid","test","3","neutral","singlestim","227","247108","1020490","605","â€šÃ³Ã¨","67","singlestim","228","247767","1020500","c","left","correct","","1","trialend","singlestim","229","248783","1020510","1","diedie","1"
"13522","Subject185","positionright","validityvalid","test","3","suicide","singlestim","231","250792","1020530","710","â€šÃ³Ã¨","77","singlestim","232","251556","1020540","m","right","correct","","1","trialend","singlestim","233","252572","1020550","1","happyhappy","1"
"13819","Subject185","positionright","validityvalid","test","3","positive","singlestim","235","254584","1020570","533","â€šÃ³Ã¨","77","singlestim","236","255168","1020580","m","right","correct","","1","trialend","singlestim","237","256185","1020590","1","assaultassault","1"
"14116","Subject185","positionleft","validityinvalid","test","3","negative","singlestim","239","258196","1020610","788","â€šÃ³Ã¨","77","singlestim","240","259037","1020620","m","right","correct","","1","trialend","singlestim","241","260051","1020630","1","corpsecorpse","1"
"14413","Subject185","positionleft","validityvalid","test","2","suicide","singlestim","243","262060","103010","533","â€šÃ³Ã¨","67","singlestim","244","262645","103020","c","left","correct","","1","trialend","singlestim","245","263663","103030","1","horsehorse","1"
"14710","Subject185","positionleft","validityinvalid","test","2","neutral","singlestim","247","265673","103050","820","â€šÃ³Ã¨","77","singlestim","248","266549","103060","m","right","correct","","1","trialend","singlestim","249","267566","103070","1","tabletable","1"
"15007","Subject185","positionright","validityvalid","test","2","neutral","singlestim","251","269578","103090","492","â€šÃ³Ã¨","77","singlestim","252","270125","1030100","m","right","correct","","1","trialend","singlestim","253","271142","1030110","1","pleasurepleasure","1"
"15304","Subject185","positionleft","validityvalid","test","2","positive","singlestim","255","273150","1030130","515","â€šÃ³Ã¨","67","singlestim","256","273721","1030140","c","left","correct","","1","trialend","singlestim","257","274737","1030150","1","abuseabuse","1"
"15601","Subject185","positionright","validityvalid","test","2","negative","singlestim","259","276749","1030170","304","â€šÃ³Ã¨","77","singlestim","260","277109","1030180","m","right","correct","","1","trialend","singlestim","261","278122","1030190","1","failurefailure","1"
"15898","Subject185","positionleft","validityvalid","test","2","negative","singlestim","263","280131","1030210","440","â€šÃ³Ã¨","67","singlestim","264","280622","1030220","c","left","correct","","1","trialend","singlestim","265","281639","1030230","1","cruelcruel","1"
"16195","Subject185","positionright","validityvalid","test","2","negative","singlestim","267","283649","1030250","485","â€šÃ³Ã¨","77","singlestim","268","284188","1030260","m","right","correct","","1","trialend","singlestim","269","285202","1030270","1","filthyfilthy","1"
"16492","Subject185","positionleft","validityinvalid","test","2","negative","singlestim","271","287210","1030290","471","â€šÃ³Ã¨","77","singlestim","272","287738","1030300","m","right","correct","","1","trialend","singlestim","273","288753","1030310","1","enthusiasmenthusiasm","1"
"16789","Subject185","positionright","validityvalid","test","2","positive","singlestim","275","290762","1030330","474","â€šÃ³Ã¨","77","singlestim","276","291287","1030340","m","right","correct","","1","trialend","singlestim","277","292304","1030350","1","overdoseoverdose","1"
"17086","Subject185","positionright","validityinvalid","test","2","suicide","singlestim","279","294316","1030370","434","â€šÃ³Ã¨","67","singlestim","280","294802","1030380","c","left","correct","","1","trialend","singlestim","281","295817","1030390","1","noosenoose","1"
"17383","Subject185","positionleft","validityvalid","test","2","suicide","singlestim","283","297825","1030410","595","â€šÃ³Ã¨","67","singlestim","284","298476","1030420","c","left","correct","","1","trialend","singlestim","285","299491","1030430","1","deathdeath","1"
"17680","Subject185","positionright","validityvalid","test","2","suicide","singlestim","287","301502","1030450","515","â€šÃ³Ã¨","77","singlestim","288","302068","1030460","m","right","correct","","1","trialend","singlestim","289","303081","1030470","1","paperpaper","1"
"17977","Subject185","positionleft","validityvalid","test","2","neutral","singlestim","291","305088","1030490","643","â€šÃ³Ã¨","67","singlestim","292","305788","1030500","c","left","correct","","1","trialend","singlestim","293","306801","1030510","1","foamfoam","1"
"18274","Subject185","positionright","validityvalid","test","2","neutral","singlestim","295","308810","1030530","488","â€šÃ³Ã¨","77","singlestim","296","309354","1030540","m","right","correct","","1","trialend","singlestim","297","310365","1030550","1","lovelove","1"
"18571","Subject185","positionright","validityinvalid","test","2","positive","singlestim","299","312373","1030570","608","â€šÃ³Ã¨","67","singlestim","300","313035","1030580","c","left","correct","","1","trialend","singlestim","301","314053","1030590","1","braverybravery","1"
"18868","Subject185","positionleft","validityvalid","test","2","positive","singlestim","303","316056","1030610","1076","â€šÃ³Ã¨","67","singlestim","304","317186","1030620","c","left","correct","","1","trialend","singlestim","305","318202","1030630","1005","timeout","textTimed"
