"","SubjectID","rt","stimulus","keypress","word","wordposition","validity","block","blocknum","wordtype","trialtype","trialindex","timeelapsed","rt.1","stimulus.1","keypress.1","dotposition","trialtype.1","trialindex.1","timeelapsed.1","keypressed","participantresponse","correctresponse","rt.2","stimulus.2","keypress.2","blocktrial","trialtype.2","trialindex.2","timeelapsed.2"
"145","Subject152","1","suicidesuicide","1","suicide","positionright","validityinvalid","test","4","suicide","singlestim","51","70668","295","â€šÃ³Ã¨","67","dotpositionleft","singlestim","52","71018","c","left","correct","1","","1","trialend","singlestim","53","72032"
"442","Subject152","1","wohlesswohless","1","wohless","positionright","validityvalid","test","4","negative","singlestim","55","74041","309","â€šÃ³Ã¨","77","dotpositionright","singlestim","56","74403","m","right","correct","1","","1","trialend","singlestim","57","75415"
"739","Subject152","1","stupidstupid","1","stupid","positionleft","validityvalid","test","4","negative","singlestim","59","77424","332","â€šÃ³Ã¨","67","dotpositionleft","singlestim","60","77810","c","left","correct","1","","1","trialend","singlestim","61","78823"
"1036","Subject152","1","killingkilling","1","killing","positionleft","validityvalid","test","4","suicide","singlestim","63","80830","287","â€šÃ³Ã¨","67","dotpositionleft","singlestim","64","81170","c","left","correct","1","","1","trialend","singlestim","65","82187"
"1333","Subject152","1","passionatepassionate","1","passionate","positionleft","validityinvalid","test","4","positive","singlestim","67","84197","322","â€šÃ³Ã¨","77","dotpositionright","singlestim","68","84571","m","right","correct","1","","1","trialend","singlestim","69","85588"
"1630","Subject152","1","ashamedashamed","1","ashamed","positionright","validityinvalid","test","4","negative","singlestim","71","87599","368","â€šÃ³Ã¨","67","dotpositionleft","singlestim","72","88020","c","left","correct","1","","1","trialend","singlestim","73","89036"
"1927","Subject152","1","ecstaticecstatic","1","ecstatic","positionright","validityvalid","test","4","positive","singlestim","75","91045","356","â€šÃ³Ã¨","77","dotpositionright","singlestim","76","91457","m","right","correct","1","","1","trialend","singlestim","77","92474"
"2224","Subject152","1","alonealone","1","alone","positionleft","validityvalid","test","4","negative","singlestim","79","94483","361","â€šÃ³Ã¨","67","dotpositionleft","singlestim","80","94898","c","left","correct","1","","1","trialend","singlestim","81","95915"
"2521","Subject152","1","laughlaugh","1","laugh","positionright","validityvalid","test","4","positive","singlestim","83","97924","360","â€šÃ³Ã¨","77","dotpositionright","singlestim","84","98337","m","right","correct","1","","1","trialend","singlestim","85","99351"
"2818","Subject152","1","structurestructure","1","structure","positionright","validityvalid","test","4","neutral","singlestim","87","101359","330","â€šÃ³Ã¨","77","dotpositionright","singlestim","88","101744","m","right","correct","1","","1","trialend","singlestim","89","102758"
"3115","Subject152","1","engineengine","1","engine","positionleft","validityvalid","test","4","neutral","singlestim","91","104766","350","â€šÃ³Ã¨","67","dotpositionleft","singlestim","92","105169","c","left","correct","1","","1","trialend","singlestim","93","106182"
"3412","Subject152","1","hanginghanging","1","hanging","positionleft","validityvalid","test","4","suicide","singlestim","95","108191","347","â€šÃ³Ã¨","67","dotpositionleft","singlestim","96","108593","c","left","correct","1","","1","trialend","singlestim","97","109607"
"3709","Subject152","1","successsuccess","1","success","positionleft","validityvalid","test","4","positive","singlestim","99","111615","405","â€šÃ³Ã¨","67","dotpositionleft","singlestim","100","112073","c","left","correct","1","","1","trialend","singlestim","101","113088"
"4006","Subject152","1","doubledouble","1","double","positionright","validityvalid","test","4","neutral","singlestim","103","115097","426","â€šÃ³Ã¨","77","dotpositionright","singlestim","104","115577","m","right","correct","1","","1","trialend","singlestim","105","116593"
"4303","Subject152","1","frameframe","1","frame","positionleft","validityinvalid","test","4","neutral","singlestim","107","118605","365","â€šÃ³Ã¨","77","dotpositionright","singlestim","108","119024","m","right","correct","1","","1","trialend","singlestim","109","120042"
"4600","Subject152","1","deceaseddeceased","1","deceased","positionright","validityvalid","test","4","suicide","singlestim","111","122051","361","â€šÃ³Ã¨","77","dotpositionright","singlestim","112","122464","m","right","correct","1","","1","trialend","singlestim","113","123478"
"4897","Subject152","1","cheesecheese","1","cheese","positionright","validityvalid","test","1","neutral","singlestim","115","125488","379","â€šÃ³Ã¨","77","dotpositionright","singlestim","116","125921","m","right","correct","1","","1","trialend","singlestim","117","126937"
"5194","Subject152","1","attractionattraction","1","attraction","positionright","validityvalid","test","1","positive","singlestim","119","128945","378","â€šÃ³Ã¨","77","dotpositionright","singlestim","120","129375","m","right","correct","1","","1","trialend","singlestim","121","130391"
"5491","Subject152","1","statuestatue","1","statue","positionright","validityinvalid","test","1","neutral","singlestim","123","132399","314","â€šÃ³Ã¨","67","dotpositionleft","singlestim","124","132768","c","left","correct","1","","1","trialend","singlestim","125","133785"
"5788","Subject152","1","imageimage","1","image","positionleft","validityvalid","test","1","neutral","singlestim","127","135793","386","â€šÃ³Ã¨","67","dotpositionleft","singlestim","128","136232","c","left","correct","1","","1","trialend","singlestim","129","137251"
"6085","Subject152","1","greatgreat","1","great","positionright","validityvalid","test","1","positive","singlestim","131","139258","345","â€šÃ³Ã¨","77","dotpositionright","singlestim","132","139655","m","right","correct","1","","1","trialend","singlestim","133","140670"
"6382","Subject152","1","vomitvomit","1","vomit","positionleft","validityvalid","test","1","negative","singlestim","135","142677","326","â€šÃ³Ã¨","67","dotpositionleft","singlestim","136","143056","c","left","correct","1","","1","trialend","singlestim","137","144069"
"6679","Subject152","1","bloodblood","1","blood","positionleft","validityvalid","test","1","suicide","singlestim","139","146078","271","â€šÃ³Ã¨","67","dotpositionleft","singlestim","140","146400","c","left","correct","1","","1","trialend","singlestim","141","147412"
"6976","Subject152","1","suffocationsuffocation","1","suffocation","positionleft","validityinvalid","test","1","suicide","singlestim","143","149421","334","â€šÃ³Ã¨","77","dotpositionright","singlestim","144","149807","m","right","correct","1","","1","trialend","singlestim","145","150824"
"7273","Subject152","1","healthyhealthy","1","healthy","positionleft","validityinvalid","test","1","positive","singlestim","147","152835","360","â€šÃ³Ã¨","77","dotpositionright","singlestim","148","153247","m","right","correct","1","","1","trialend","singlestim","149","154261"
"7570","Subject152","1","gunshotgunshot","1","gunshot","positionright","validityvalid","test","1","suicide","singlestim","151","156269","343","â€šÃ³Ã¨","77","dotpositionright","singlestim","152","156664","m","right","correct","1","","1","trialend","singlestim","153","157681"
"7867","Subject152","1","foldedfolded","1","folded","positionleft","validityvalid","test","1","neutral","singlestim","155","159687","362","â€šÃ³Ã¨","67","dotpositionleft","singlestim","156","160103","c","left","correct","1","","1","trialend","singlestim","157","161117"
"8164","Subject152","1","funeralfuneral","1","funeral","positionright","validityvalid","test","1","suicide","singlestim","159","163124","342","â€šÃ³Ã¨","77","dotpositionright","singlestim","160","163519","m","right","correct","1","","1","trialend","singlestim","161","164534"
"8461","Subject152","1","patheticpathetic","1","pathetic","positionleft","validityvalid","test","1","negative","singlestim","163","166541","318","â€šÃ³Ã¨","67","dotpositionleft","singlestim","164","166912","c","left","correct","1","","1","trialend","singlestim","165","167929"
"8758","Subject152","1","hatehate","1","hate","positionright","validityinvalid","test","1","negative","singlestim","167","169937","298","â€šÃ³Ã¨","67","dotpositionleft","singlestim","168","170287","c","left","correct","1","","1","trialend","singlestim","169","171301"
"9055","Subject152","1","cryingcrying","1","crying","positionright","validityvalid","test","1","negative","singlestim","171","173311","429","â€šÃ³Ã¨","77","dotpositionright","singlestim","172","173790","m","right","correct","1","","1","trialend","singlestim","173","174807"
"9352","Subject152","1","paradiseparadise","1","paradise","positionleft","validityvalid","test","1","positive","singlestim","175","176817","337","â€šÃ³Ã¨","67","dotpositionleft","singlestim","176","177208","c","left","correct","1","","1","trialend","singlestim","177","178224"
"9649","Subject152","1","failurefailure","1","failure","positionleft","validityvalid","test","2","negative","singlestim","179","180233","361","â€šÃ³Ã¨","67","dotpositionleft","singlestim","180","180648","c","left","correct","1","","1","trialend","singlestim","181","181661"
"9946","Subject152","1","horsehorse","1","horse","positionleft","validityinvalid","test","2","neutral","singlestim","183","183670","602","â€šÃ³Ã¨","77","dotpositionright","singlestim","184","184326","m","right","correct","1","","1","trialend","singlestim","185","185340"
"10243","Subject152","1","paperpaper","1","paper","positionleft","validityvalid","test","2","neutral","singlestim","187","187349","381","â€šÃ³Ã¨","67","dotpositionleft","singlestim","188","187783","c","left","correct","1","","1","trialend","singlestim","189","188797"
"10540","Subject152","1","abuseabuse","1","abuse","positionright","validityvalid","test","2","negative","singlestim","191","190803","368","â€šÃ³Ã¨","77","dotpositionright","singlestim","192","191223","m","right","correct","1","","1","trialend","singlestim","193","192237"
"10837","Subject152","1","enthusiasmenthusiasm","1","enthusiasm","positionright","validityvalid","test","2","positive","singlestim","195","194244","380","â€šÃ³Ã¨","77","dotpositionright","singlestim","196","194678","m","right","correct","1","","1","trialend","singlestim","197","195694"
"11134","Subject152","1","noosenoose","1","noose","positionleft","validityvalid","test","2","suicide","singlestim","199","197703","316","â€šÃ³Ã¨","67","dotpositionleft","singlestim","200","198071","c","left","correct","1","","1","trialend","singlestim","201","199085"
"11431","Subject152","1","overdoseoverdose","1","overdose","positionright","validityinvalid","test","2","suicide","singlestim","203","201093","324","â€šÃ³Ã¨","67","dotpositionleft","singlestim","204","201471","c","left","correct","1","","1","trialend","singlestim","205","202485"
"11728","Subject152","1","cruelcruel","1","cruel","positionright","validityvalid","test","2","negative","singlestim","207","204494","808","â€šÃ³Ã¨","77","dotpositionright","singlestim","208","205358","m","right","correct","1","","1","trialend","singlestim","209","206374"
"12025","Subject152","1","corpsecorpse","1","corpse","positionleft","validityvalid","test","2","suicide","singlestim","211","208383","860","â€šÃ³Ã¨","67","dotpositionleft","singlestim","212","209295","c","left","correct","1","","1","trialend","singlestim","213","210309"
"12322","Subject152","1","deathdeath","1","death","positionright","validityvalid","test","2","suicide","singlestim","215","212317","652","â€šÃ³Ã¨","77","dotpositionright","singlestim","216","213021","m","right","correct","1","","1","trialend","singlestim","217","214034"
"12619","Subject152","1","foamfoam","1","foam","positionright","validityvalid","test","2","neutral","singlestim","219","216043","420","â€šÃ³Ã¨","77","dotpositionright","singlestim","220","216517","m","right","correct","1","","1","trialend","singlestim","221","217530"
"12916","Subject152","1","tabletable","1","table","positionright","validityvalid","test","2","neutral","singlestim","223","219536","625","â€šÃ³Ã¨","77","dotpositionright","singlestim","224","220214","m","right","correct","1","","1","trialend","singlestim","225","221232"
"13213","Subject152","1","braverybravery","1","bravery","positionleft","validityvalid","test","2","positive","singlestim","227","223240","784","â€šÃ³Ã¨","67","dotpositionleft","singlestim","228","224078","c","left","correct","1","","1","trialend","singlestim","229","225091"
"13510","Subject152","1","filthyfilthy","1","filthy","positionleft","validityinvalid","test","2","negative","singlestim","231","227100","398","â€šÃ³Ã¨","77","dotpositionright","singlestim","232","227549","m","right","correct","1","","1","trialend","singlestim","233","228562"
"13807","Subject152","1","pleasurepleasure","1","pleasure","positionleft","validityvalid","test","2","positive","singlestim","235","230570","318","â€šÃ³Ã¨","67","dotpositionleft","singlestim","236","230942","c","left","correct","1","","1","trialend","singlestim","237","231957"
"14104","Subject152","1","lovelove","1","love","positionright","validityinvalid","test","2","positive","singlestim","239","233967","686","â€šÃ³Ã¨","67","dotpositionleft","singlestim","240","234709","c","left","correct","1","","1","trialend","singlestim","241","235724"
"14401","Subject152","1","metermeter","1","meter","positionleft","validityvalid","test","3","neutral","singlestim","243","237731","829","â€šÃ³Ã¨","67","dotpositionleft","singlestim","244","238613","c","left","correct","1","","1","trialend","singlestim","245","239629"
"14698","Subject152","1","closetcloset","1","closet","positionright","validityinvalid","test","3","neutral","singlestim","247","241640","444","â€šÃ³Ã¨","67","dotpositionleft","singlestim","248","242135","c","left","correct","1","","1","trialend","singlestim","249","243153"
"14995","Subject152","1","deaddead","1","dead","positionleft","validityinvalid","test","3","suicide","singlestim","251","245162","792","â€šÃ³Ã¨","77","dotpositionright","singlestim","252","246005","m","right","correct","1","","1","trialend","singlestim","253","247018"
"15292","Subject152","1","assaultassault","1","assault","positionleft","validityinvalid","test","3","negative","singlestim","255","249028","353","â€šÃ³Ã¨","77","dotpositionright","singlestim","256","249436","m","right","correct","1","","1","trialend","singlestim","257","250449"
"15589","Subject152","1","rejectedrejected","1","rejected","positionright","validityvalid","test","3","negative","singlestim","259","252456","389","â€šÃ³Ã¨","77","dotpositionright","singlestim","260","252901","m","right","correct","1","","1","trialend","singlestim","261","253913"
"15886","Subject152","1","museummuseum","1","museum","positionleft","validityvalid","test","3","neutral","singlestim","263","255921","479","â€šÃ³Ã¨","67","dotpositionleft","singlestim","264","256452","c","left","correct","1","","1","trialend","singlestim","265","257469"
"16183","Subject152","1","dyingdying","1","dying","positionleft","validityvalid","test","3","suicide","singlestim","267","259479","669","â€šÃ³Ã¨","67","dotpositionleft","singlestim","268","260201","c","left","correct","1","","1","trialend","singlestim","269","261219"
"16480","Subject152","1","smilesmile","1","smile","positionleft","validityvalid","test","3","positive","singlestim","271","263228","386","â€šÃ³Ã¨","77","dotpositionleft","singlestim","272","263666","m","right","incorrect","1","","1","trialend","singlestim","273","264679"
"16777","Subject152","1","bombbomb","1","bomb","positionright","validityvalid","test","3","negative","singlestim","275","266687","381","â€šÃ³Ã¨","77","dotpositionright","singlestim","276","267121","m","right","correct","1","","1","trialend","singlestim","277","268138"
"17074","Subject152","1","cuttingcutting","1","cutting","positionright","validityvalid","test","3","suicide","singlestim","279","270149","578","â€šÃ³Ã¨","77","dotpositionright","singlestim","280","270779","m","right","correct","1","","1","trialend","singlestim","281","271794"
"17371","Subject152","1","strongstrong","1","strong","positionleft","validityvalid","test","3","positive","singlestim","283","273802","708","â€šÃ³Ã¨","67","dotpositionleft","singlestim","284","274564","c","left","correct","1","","1","trialend","singlestim","285","275580"
"17668","Subject152","1","touretoure","1","toure","positionleft","validityvalid","test","3","negative","singlestim","287","277587","324","â€šÃ³Ã¨","67","dotpositionleft","singlestim","288","277963","c","left","correct","1","","1","trialend","singlestim","289","278979"
"17965","Subject152","1","happyhappy","1","happy","positionright","validityvalid","test","3","positive","singlestim","291","280988","432","â€šÃ³Ã¨","77","dotpositionright","singlestim","292","281475","m","right","correct","1","","1","trialend","singlestim","293","282489"
"18262","Subject152","1","kisskiss","1","kiss","positionright","validityinvalid","test","3","positive","singlestim","295","284493","330","â€šÃ³Ã¨","67","dotpositionleft","singlestim","296","284876","c","left","correct","1","","1","trialend","singlestim","297","285892"
"18559","Subject152","1","diedie","1","die","positionright","validityvalid","test","3","suicide","singlestim","299","287900","372","â€šÃ³Ã¨","77","dotpositionright","singlestim","300","288324","m","right","correct","1","","1","trialend","singlestim","301","289340"
"18856","Subject152","1","greengreen","1","green","positionright","validityvalid","test","3","neutral","singlestim","303","291348","354","â€šÃ³Ã¨","77","dotpositionright","singlestim","304","291756","m","right","correct","1","","1","trialend","singlestim","305","292769"
