"","SubjectID","rt","stimulus","keypress","word","wordposition","validity","block","blocknum","wordtype","trialtype","trialindex","timeelapsed","rt.1","stimulus.1","keypress.1","dotposition","trialtype.1","trialindex.1","timeelapsed.1","keypressed","participantresponse","correctresponse","rt.2","stimulus.2","keypress.2","blocktrial","trialtype.2","trialindex.2","timeelapsed.2"
"123","Subject129","1","vomitvomit","1","vomit","positionleft","validityvalid","test","1","negative","singlestim","51","108687","355","â€šÃ³Ã¨","67","dotpositionleft","singlestim","52","109095","c","left","correct","1","","1","trialend","singlestim","53","110107"
"420","Subject129","1","imageimage","1","image","positionleft","validityvalid","test","1","neutral","singlestim","55","112111","279","â€šÃ³Ã¨","67","dotpositionleft","singlestim","56","112443","c","left","correct","1","","1","trialend","singlestim","57","113456"
"717","Subject129","1","hatehate","1","hate","positionright","validityinvalid","test","1","negative","singlestim","59","115458","349","â€šÃ³Ã¨","67","dotpositionleft","singlestim","60","115859","c","left","correct","1","","1","trialend","singlestim","61","116871"
"1014","Subject129","1","cryingcrying","1","crying","positionright","validityvalid","test","1","negative","singlestim","63","118876","422","â€šÃ³Ã¨","77","dotpositionright","singlestim","64","119349","m","right","correct","1","","1","trialend","singlestim","65","120363"
"1311","Subject129","1","healthyhealthy","1","healthy","positionleft","validityinvalid","test","1","positive","singlestim","67","122367","367","â€šÃ³Ã¨","77","dotpositionright","singlestim","68","122786","m","right","correct","1","","1","trialend","singlestim","69","123799"
"1608","Subject129","1","statuestatue","1","statue","positionright","validityinvalid","test","1","neutral","singlestim","71","125803","321","â€šÃ³Ã¨","67","dotpositionleft","singlestim","72","126177","c","left","correct","1","","1","trialend","singlestim","73","127190"
"1905","Subject129","1","bloodblood","1","blood","positionleft","validityvalid","test","1","suicide","singlestim","75","129194","554","â€šÃ³Ã¨","67","dotpositionleft","singlestim","76","129801","c","left","correct","1","","1","trialend","singlestim","77","130814"
"2202","Subject129","1","greatgreat","1","great","positionright","validityvalid","test","1","positive","singlestim","79","132819","442","â€šÃ³Ã¨","77","dotpositionright","singlestim","80","133313","m","right","correct","1","","1","trialend","singlestim","81","134325"
"2499","Subject129","1","foldedfolded","1","folded","positionleft","validityvalid","test","1","neutral","singlestim","83","136330","406","â€šÃ³Ã¨","67","dotpositionleft","singlestim","84","136787","c","left","correct","1","","1","trialend","singlestim","85","137801"
"2796","Subject129","1","attractionattraction","1","attraction","positionright","validityvalid","test","1","positive","singlestim","87","139805","371","â€šÃ³Ã¨","77","dotpositionright","singlestim","88","140228","m","right","correct","1","","1","trialend","singlestim","89","141241"
"3093","Subject129","1","paradiseparadise","1","paradise","positionleft","validityvalid","test","1","positive","singlestim","91","143245","290","â€šÃ³Ã¨","67","dotpositionleft","singlestim","92","143588","c","left","correct","1","","1","trialend","singlestim","93","144601"
"3390","Subject129","1","cheesecheese","1","cheese","positionright","validityvalid","test","1","neutral","singlestim","95","146605","433","â€šÃ³Ã¨","77","dotpositionright","singlestim","96","147090","m","right","correct","1","","1","trialend","singlestim","97","148102"
"3687","Subject129","1","gunshotgunshot","1","gunshot","positionright","validityvalid","test","1","suicide","singlestim","99","150106","257","â€šÃ³Ã¨","77","dotpositionright","singlestim","100","150415","m","right","correct","1","","1","trialend","singlestim","101","151427"
"3984","Subject129","1","patheticpathetic","1","pathetic","positionleft","validityvalid","test","1","negative","singlestim","103","153431","256","â€šÃ³Ã¨","67","dotpositionleft","singlestim","104","153739","c","left","correct","1","","1","trialend","singlestim","105","154753"
"4281","Subject129","1","suffocationsuffocation","1","suffocation","positionleft","validityinvalid","test","1","suicide","singlestim","107","156757","296","â€šÃ³Ã¨","77","dotpositionright","singlestim","108","157105","m","right","correct","1","","1","trialend","singlestim","109","158117"
"4578","Subject129","1","funeralfuneral","1","funeral","positionright","validityvalid","test","1","suicide","singlestim","111","160121","396","â€šÃ³Ã¨","77","dotpositionright","singlestim","112","160570","m","right","correct","1","","1","trialend","singlestim","113","161582"
"4875","Subject129","1","tabletable","1","table","positionright","validityvalid","test","2","neutral","singlestim","115","163586","296","â€šÃ³Ã¨","77","dotpositionright","singlestim","116","163935","m","right","correct","1","","1","trialend","singlestim","117","164948"
"5172","Subject129","1","lovelove","1","love","positionright","validityinvalid","test","2","positive","singlestim","119","166952","295","â€šÃ³Ã¨","67","dotpositionleft","singlestim","120","167299","c","left","correct","1","","1","trialend","singlestim","121","168312"
"5469","Subject129","1","overdoseoverdose","1","overdose","positionright","validityinvalid","test","2","suicide","singlestim","123","170316","395","â€šÃ³Ã¨","67","dotpositionleft","singlestim","124","170762","c","left","correct","1","","1","trialend","singlestim","125","171776"
"5766","Subject129","1","failurefailure","1","failure","positionleft","validityvalid","test","2","negative","singlestim","127","173780","395","â€šÃ³Ã¨","67","dotpositionleft","singlestim","128","174228","c","left","correct","1","","1","trialend","singlestim","129","175241"
"6063","Subject129","1","horsehorse","1","horse","positionleft","validityinvalid","test","2","neutral","singlestim","131","177245","283","â€šÃ³Ã¨","77","dotpositionright","singlestim","132","177581","m","right","correct","1","","1","trialend","singlestim","133","178594"
"6360","Subject129","1","braverybravery","1","bravery","positionleft","validityvalid","test","2","positive","singlestim","135","180599","402","â€šÃ³Ã¨","67","dotpositionleft","singlestim","136","181053","c","left","correct","1","","1","trialend","singlestim","137","182066"
"6657","Subject129","1","cruelcruel","1","cruel","positionright","validityvalid","test","2","negative","singlestim","139","184070","264","â€šÃ³Ã¨","77","dotpositionright","singlestim","140","184385","m","right","correct","1","","1","trialend","singlestim","141","185399"
"6954","Subject129","1","filthyfilthy","1","filthy","positionleft","validityinvalid","test","2","negative","singlestim","143","187403","287","â€šÃ³Ã¨","77","dotpositionright","singlestim","144","187742","m","right","correct","1","","1","trialend","singlestim","145","188755"
"7251","Subject129","1","enthusiasmenthusiasm","1","enthusiasm","positionright","validityvalid","test","2","positive","singlestim","147","190759","302","â€šÃ³Ã¨","77","dotpositionright","singlestim","148","191113","m","right","correct","1","","1","trialend","singlestim","149","192126"
"7548","Subject129","1","foamfoam","1","foam","positionright","validityvalid","test","2","neutral","singlestim","151","194130","303","â€šÃ³Ã¨","77","dotpositionright","singlestim","152","194486","m","right","correct","1","","1","trialend","singlestim","153","195499"
"7845","Subject129","1","paperpaper","1","paper","positionleft","validityvalid","test","2","neutral","singlestim","155","197503","391","â€šÃ³Ã¨","67","dotpositionleft","singlestim","156","197946","c","left","correct","1","","1","trialend","singlestim","157","198959"
"8142","Subject129","1","noosenoose","1","noose","positionleft","validityvalid","test","2","suicide","singlestim","159","200962","319","â€šÃ³Ã¨","67","dotpositionleft","singlestim","160","201334","c","left","correct","1","","1","trialend","singlestim","161","202346"
"8439","Subject129","1","abuseabuse","1","abuse","positionright","validityvalid","test","2","negative","singlestim","163","204351","313","â€šÃ³Ã¨","77","dotpositionright","singlestim","164","204717","m","right","correct","1","","1","trialend","singlestim","165","205730"
"8736","Subject129","1","pleasurepleasure","1","pleasure","positionleft","validityvalid","test","2","positive","singlestim","167","207735","414","â€šÃ³Ã¨","67","dotpositionleft","singlestim","168","208202","c","left","correct","1","","1","trialend","singlestim","169","209215"
"9033","Subject129","1","corpsecorpse","1","corpse","positionleft","validityvalid","test","2","suicide","singlestim","171","211220","416","â€šÃ³Ã¨","67","dotpositionleft","singlestim","172","211688","c","left","correct","1","","1","trialend","singlestim","173","212701"
"9330","Subject129","1","deathdeath","1","death","positionright","validityvalid","test","2","suicide","singlestim","175","214706","209","â€šÃ³Ã¨","77","dotpositionright","singlestim","176","214967","m","right","correct","1","","1","trialend","singlestim","177","215980"
"9627","Subject129","1","stupidstupid","1","stupid","positionleft","validityvalid","test","4","negative","singlestim","179","217984","371","â€šÃ³Ã¨","67","dotpositionleft","singlestim","180","218408","c","left","correct","1","","1","trialend","singlestim","181","219422"
"9924","Subject129","1","killingkilling","1","killing","positionleft","validityvalid","test","4","suicide","singlestim","183","221426","317","â€šÃ³Ã¨","67","dotpositionleft","singlestim","184","221795","c","left","correct","1","","1","trialend","singlestim","185","222809"
"10221","Subject129","1","wohlesswohless","1","wohless","positionright","validityvalid","test","4","negative","singlestim","187","224813","317","â€šÃ³Ã¨","77","dotpositionright","singlestim","188","225182","m","right","correct","1","","1","trialend","singlestim","189","226195"
"10518","Subject129","1","laughlaugh","1","laugh","positionright","validityvalid","test","4","positive","singlestim","191","228200","581","â€šÃ³Ã¨","77","dotpositionright","singlestim","192","228832","m","right","correct","1","","1","trialend","singlestim","193","229845"
"10815","Subject129","1","structurestructure","1","structure","positionright","validityvalid","test","4","neutral","singlestim","195","231849","415","â€šÃ³Ã¨","77","dotpositionright","singlestim","196","232317","m","right","correct","1","","1","trialend","singlestim","197","233330"
"11112","Subject129","1","ecstaticecstatic","1","ecstatic","positionright","validityvalid","test","4","positive","singlestim","199","235334","261","â€šÃ³Ã¨","77","dotpositionright","singlestim","200","235648","m","right","correct","1","","1","trialend","singlestim","201","236661"
"11409","Subject129","1","ashamedashamed","1","ashamed","positionright","validityinvalid","test","4","negative","singlestim","203","238665","312","â€šÃ³Ã¨","67","dotpositionleft","singlestim","204","239029","c","left","correct","1","","1","trialend","singlestim","205","240041"
"11706","Subject129","1","successsuccess","1","success","positionleft","validityvalid","test","4","positive","singlestim","207","242045","353","â€šÃ³Ã¨","67","dotpositionleft","singlestim","208","242451","c","left","correct","1","","1","trialend","singlestim","209","243464"
"12003","Subject129","1","deceaseddeceased","1","deceased","positionright","validityvalid","test","4","suicide","singlestim","211","245467","421","â€šÃ³Ã¨","77","dotpositionright","singlestim","212","245938","m","right","correct","1","","1","trialend","singlestim","213","246952"
"12300","Subject129","1","doubledouble","1","double","positionright","validityvalid","test","4","neutral","singlestim","215","248955","361","â€šÃ³Ã¨","77","dotpositionright","singlestim","216","249368","m","right","correct","1","","1","trialend","singlestim","217","250381"
"12597","Subject129","1","hanginghanging","1","hanging","positionleft","validityvalid","test","4","suicide","singlestim","219","252385","312","â€šÃ³Ã¨","67","dotpositionleft","singlestim","220","252749","c","left","correct","1","","1","trialend","singlestim","221","253761"
"12894","Subject129","1","engineengine","1","engine","positionleft","validityvalid","test","4","neutral","singlestim","223","255765","316","â€šÃ³Ã¨","67","dotpositionleft","singlestim","224","256132","c","left","correct","1","","1","trialend","singlestim","225","257146"
"13191","Subject129","1","frameframe","1","frame","positionleft","validityinvalid","test","4","neutral","singlestim","227","259150","273","â€šÃ³Ã¨","77","dotpositionright","singlestim","228","259475","m","right","correct","1","","1","trialend","singlestim","229","260489"
"13488","Subject129","1","suicidesuicide","1","suicide","positionright","validityinvalid","test","4","suicide","singlestim","231","262493","367","â€šÃ³Ã¨","67","dotpositionleft","singlestim","232","262912","c","left","correct","1","","1","trialend","singlestim","233","263926"
"13785","Subject129","1","alonealone","1","alone","positionleft","validityvalid","test","4","negative","singlestim","235","265930","333","â€šÃ³Ã¨","67","dotpositionleft","singlestim","236","266316","c","left","correct","1","","1","trialend","singlestim","237","267329"
"14082","Subject129","1","passionatepassionate","1","passionate","positionleft","validityinvalid","test","4","positive","singlestim","239","269333","371","â€šÃ³Ã¨","77","dotpositionright","singlestim","240","269757","m","right","correct","1","","1","trialend","singlestim","241","270769"
"14379","Subject129","1","happyhappy","1","happy","positionright","validityvalid","test","3","positive","singlestim","243","272773","368","â€šÃ³Ã¨","77","dotpositionright","singlestim","244","273193","m","right","correct","1","","1","trialend","singlestim","245","274206"
"14676","Subject129","1","dyingdying","1","dying","positionleft","validityvalid","test","3","suicide","singlestim","247","276210","317","â€šÃ³Ã¨","67","dotpositionleft","singlestim","248","276579","c","left","correct","1","","1","trialend","singlestim","249","277593"
"14973","Subject129","1","deaddead","1","dead","positionleft","validityinvalid","test","3","suicide","singlestim","251","279597","335","â€šÃ³Ã¨","77","dotpositionright","singlestim","252","279983","m","right","correct","1","","1","trialend","singlestim","253","280997"
"15270","Subject129","1","smilesmile","1","smile","positionleft","validityvalid","test","3","positive","singlestim","255","283001","356","â€šÃ³Ã¨","67","dotpositionleft","singlestim","256","283408","c","left","correct","1","","1","trialend","singlestim","257","284419"
"15567","Subject129","1","kisskiss","1","kiss","positionright","validityinvalid","test","3","positive","singlestim","259","286423","337","â€šÃ³Ã¨","67","dotpositionleft","singlestim","260","286813","c","left","correct","1","","1","trialend","singlestim","261","287826"
"15864","Subject129","1","diedie","1","die","positionright","validityvalid","test","3","suicide","singlestim","263","289830","268","â€šÃ³Ã¨","77","dotpositionright","singlestim","264","290151","m","right","correct","1","","1","trialend","singlestim","265","291164"
"16161","Subject129","1","museummuseum","1","museum","positionleft","validityvalid","test","3","neutral","singlestim","267","293168","304","â€šÃ³Ã¨","67","dotpositionleft","singlestim","268","293523","c","left","correct","1","","1","trialend","singlestim","269","294536"
"16458","Subject129","1","metermeter","1","meter","positionleft","validityvalid","test","3","neutral","singlestim","271","296540","391","â€šÃ³Ã¨","67","dotpositionleft","singlestim","272","296984","c","left","correct","1","","1","trialend","singlestim","273","297996"
"16755","Subject129","1","greengreen","1","green","positionright","validityvalid","test","3","neutral","singlestim","275","299998","251","â€šÃ³Ã¨","77","dotpositionright","singlestim","276","300301","m","right","correct","1","","1","trialend","singlestim","277","301315"
"17052","Subject129","1","rejectedrejected","1","rejected","positionright","validityvalid","test","3","negative","singlestim","279","303318","327","â€šÃ³Ã¨","77","dotpositionright","singlestim","280","303696","m","right","correct","1","","1","trialend","singlestim","281","304708"
"17349","Subject129","1","closetcloset","1","closet","positionright","validityinvalid","test","3","neutral","singlestim","283","306712","283","â€šÃ³Ã¨","67","dotpositionleft","singlestim","284","307046","c","left","correct","1","","1","trialend","singlestim","285","308060"
"17646","Subject129","1","assaultassault","1","assault","positionleft","validityinvalid","test","3","negative","singlestim","287","310064","333","â€šÃ³Ã¨","77","dotpositionright","singlestim","288","310448","m","right","correct","1","","1","trialend","singlestim","289","311460"
"17943","Subject129","1","cuttingcutting","1","cutting","positionright","validityvalid","test","3","suicide","singlestim","291","313464","356","â€šÃ³Ã¨","77","dotpositionright","singlestim","292","313872","m","right","correct","1","","1","trialend","singlestim","293","314886"
"18240","Subject129","1","strongstrong","1","strong","positionleft","validityvalid","test","3","positive","singlestim","295","316890","349","â€šÃ³Ã¨","67","dotpositionleft","singlestim","296","317290","c","left","correct","1","","1","trialend","singlestim","297","318303"
"18537","Subject129","1","bombbomb","1","bomb","positionright","validityvalid","test","3","negative","singlestim","299","320307","303","â€šÃ³Ã¨","77","dotpositionright","singlestim","300","320663","m","right","correct","1","","1","trialend","singlestim","301","321676"
"18834","Subject129","1","touretoure","1","toure","positionleft","validityvalid","test","3","negative","singlestim","303","323680","401","â€šÃ³Ã¨","67","dotpositionleft","singlestim","304","324132","c","left","correct","1","","1","trialend","singlestim","305","325146"
