"","SubjectID","rt","stimulus","keypress","word","wordposition","validity","block","blocknum","wordtype","trialtype","trialindex","timeelapsed","rt.1","stimulus.1","keypress.1","dotposition","trialtype.1","trialindex.1","timeelapsed.1","keypressed","participantresponse","correctresponse","rt.2","stimulus.2","keypress.2","blocktrial","trialtype.2","trialindex.2","timeelapsed.2"
"226","Subject258","1","ecstaticecstatic","1","ecstatic","positionright","validityvalid","test","4","positive","singlestim","51","100732","584","â€šÃ³Ã¨","77","dotpositionright","singlestim","52","101368","m","right","correct","1","","1","trialend","singlestim","53","102382"
"523","Subject258","1","frameframe","1","frame","positionleft","validityinvalid","test","4","neutral","singlestim","55","104391","469","â€šÃ³Ã¨","77","dotpositionright","singlestim","56","104915","m","right","correct","1","","1","trialend","singlestim","57","105928"
"820","Subject258","1","deceaseddeceased","1","deceased","positionright","validityvalid","test","4","suicide","singlestim","59","107934","609","â€šÃ³Ã¨","77","dotpositionright","singlestim","60","108597","m","right","correct","1","","1","trialend","singlestim","61","109616"
"1117","Subject258","1","wohlesswohless","1","wohless","positionright","validityvalid","test","4","negative","singlestim","63","111625","687","â€šÃ³Ã¨","77","dotpositionright","singlestim","64","112365","m","right","correct","1","","1","trialend","singlestim","65","113381"
"1414","Subject258","1","alonealone","1","alone","positionleft","validityvalid","test","4","negative","singlestim","67","115386","593","â€šÃ³Ã¨","67","dotpositionleft","singlestim","68","116036","c","left","correct","1","","1","trialend","singlestim","69","117053"
"1711","Subject258","1","passionatepassionate","1","passionate","positionleft","validityinvalid","test","4","positive","singlestim","71","119059","579","â€šÃ³Ã¨","77","dotpositionright","singlestim","72","119690","m","right","correct","1","","1","trialend","singlestim","73","120706"
"2008","Subject258","1","doubledouble","1","double","positionright","validityvalid","test","4","neutral","singlestim","75","122711","655","â€šÃ³Ã¨","77","dotpositionright","singlestim","76","123421","m","right","correct","1","","1","trialend","singlestim","77","124440"
"2305","Subject258","1","suicidesuicide","1","suicide","positionright","validityinvalid","test","4","suicide","singlestim","79","126449","568","â€šÃ³Ã¨","67","dotpositionleft","singlestim","80","127073","c","left","correct","1","","1","trialend","singlestim","81","128088"
"2602","Subject258","1","successsuccess","1","success","positionleft","validityvalid","test","4","positive","singlestim","83","130095","634","â€šÃ³Ã¨","67","dotpositionleft","singlestim","84","130785","c","left","correct","1","","1","trialend","singlestim","85","131799"
"2899","Subject258","1","stupidstupid","1","stupid","positionleft","validityvalid","test","4","negative","singlestim","87","133805","665","â€šÃ³Ã¨","67","dotpositionleft","singlestim","88","134522","c","left","correct","1","","1","trialend","singlestim","89","135542"
"3196","Subject258","1","laughlaugh","1","laugh","positionright","validityvalid","test","4","positive","singlestim","91","137550","549","â€šÃ³Ã¨","77","dotpositionright","singlestim","92","138152","m","right","correct","1","","1","trialend","singlestim","93","139168"
"3493","Subject258","1","engineengine","1","engine","positionleft","validityvalid","test","4","neutral","singlestim","95","141176","629","â€šÃ³Ã¨","67","dotpositionleft","singlestim","96","141858","c","left","correct","1","","1","trialend","singlestim","97","142876"
"3790","Subject258","1","ashamedashamed","1","ashamed","positionright","validityinvalid","test","4","negative","singlestim","99","144883","674","â€šÃ³Ã¨","67","dotpositionleft","singlestim","100","145609","c","left","correct","1","","1","trialend","singlestim","101","146626"
"4087","Subject258","1","structurestructure","1","structure","positionright","validityvalid","test","4","neutral","singlestim","103","148629","387","â€šÃ³Ã¨","77","dotpositionright","singlestim","104","149071","m","right","correct","1","","1","trialend","singlestim","105","150084"
"4384","Subject258","1","hanginghanging","1","hanging","positionleft","validityvalid","test","4","suicide","singlestim","107","152089","551","â€šÃ³Ã¨","67","dotpositionleft","singlestim","108","152693","c","left","correct","1","","1","trialend","singlestim","109","153707"
"4681","Subject258","1","killingkilling","1","killing","positionleft","validityvalid","test","4","suicide","singlestim","111","155715","594","â€šÃ³Ã¨","67","dotpositionleft","singlestim","112","156360","c","left","correct","1","","1","trialend","singlestim","113","157377"
"4978","Subject258","1","strongstrong","1","strong","positionleft","validityvalid","test","3","positive","singlestim","115","159385","507","â€šÃ³Ã¨","67","dotpositionleft","singlestim","116","159947","c","left","correct","1","","1","trialend","singlestim","117","160963"
"5275","Subject258","1","rejectedrejected","1","rejected","positionright","validityvalid","test","3","negative","singlestim","119","162969","562","â€šÃ³Ã¨","77","dotpositionright","singlestim","120","163587","m","right","correct","1","","1","trialend","singlestim","121","164602"
"5572","Subject258","1","metermeter","1","meter","positionleft","validityvalid","test","3","neutral","singlestim","123","166610","629","â€šÃ³Ã¨","67","dotpositionleft","singlestim","124","167294","c","left","correct","1","","1","trialend","singlestim","125","168310"
"5869","Subject258","1","greengreen","1","green","positionright","validityvalid","test","3","neutral","singlestim","127","170317","561","â€šÃ³Ã¨","77","dotpositionright","singlestim","128","170931","m","right","correct","1","","1","trialend","singlestim","129","171948"
"6166","Subject258","1","touretoure","1","toure","positionleft","validityvalid","test","3","negative","singlestim","131","173953","546","â€šÃ³Ã¨","67","dotpositionleft","singlestim","132","174553","c","left","correct","1","","1","trialend","singlestim","133","175570"
"6463","Subject258","1","happyhappy","1","happy","positionright","validityvalid","test","3","positive","singlestim","135","177577","509","â€šÃ³Ã¨","77","dotpositionright","singlestim","136","178141","m","right","correct","1","","1","trialend","singlestim","137","179162"
"6760","Subject258","1","cuttingcutting","1","cutting","positionright","validityvalid","test","3","suicide","singlestim","139","181169","575","â€šÃ³Ã¨","77","dotpositionright","singlestim","140","181797","m","right","correct","1","","1","trialend","singlestim","141","182816"
"7057","Subject258","1","smilesmile","1","smile","positionleft","validityvalid","test","3","positive","singlestim","143","184825","577","â€šÃ³Ã¨","67","dotpositionleft","singlestim","144","185455","c","left","correct","1","","1","trialend","singlestim","145","186468"
"7354","Subject258","1","assaultassault","1","assault","positionleft","validityinvalid","test","3","negative","singlestim","147","188474","603","â€šÃ³Ã¨","77","dotpositionright","singlestim","148","189134","m","right","correct","1","","1","trialend","singlestim","149","190151"
"7651","Subject258","1","kisskiss","1","kiss","positionright","validityinvalid","test","3","positive","singlestim","151","192155","460","â€šÃ³Ã¨","67","dotpositionleft","singlestim","152","192670","c","left","correct","1","","1","trialend","singlestim","153","193684"
"7948","Subject258","1","museummuseum","1","museum","positionleft","validityvalid","test","3","neutral","singlestim","155","195693","377","â€šÃ³Ã¨","67","dotpositionleft","singlestim","156","196126","c","left","correct","1","","1","trialend","singlestim","157","197145"
"8245","Subject258","1","diedie","1","die","positionright","validityvalid","test","3","suicide","singlestim","159","199152","445","â€šÃ³Ã¨","77","dotpositionright","singlestim","160","199653","m","right","correct","1","","1","trialend","singlestim","161","200670"
"8542","Subject258","1","deaddead","1","dead","positionleft","validityinvalid","test","3","suicide","singlestim","163","202677","496","â€šÃ³Ã¨","77","dotpositionright","singlestim","164","203227","m","right","correct","1","","1","trialend","singlestim","165","204247"
"8839","Subject258","1","closetcloset","1","closet","positionright","validityinvalid","test","3","neutral","singlestim","167","206253","517","â€šÃ³Ã¨","67","dotpositionleft","singlestim","168","206823","c","left","correct","1","","1","trialend","singlestim","169","207838"
"9136","Subject258","1","bombbomb","1","bomb","positionright","validityvalid","test","3","negative","singlestim","171","209847","426","â€šÃ³Ã¨","77","dotpositionright","singlestim","172","210326","m","right","correct","1","","1","trialend","singlestim","173","211347"
"9433","Subject258","1","dyingdying","1","dying","positionleft","validityvalid","test","3","suicide","singlestim","175","213355","445","â€šÃ³Ã¨","67","dotpositionleft","singlestim","176","213855","c","left","correct","1","","1","trialend","singlestim","177","214868"
"9730","Subject258","1","hatehate","1","hate","positionright","validityinvalid","test","1","negative","singlestim","179","216876","491","â€šÃ³Ã¨","67","dotpositionleft","singlestim","180","217421","c","left","correct","1","","1","trialend","singlestim","181","218436"
"10027","Subject258","1","attractionattraction","1","attraction","positionright","validityvalid","test","1","positive","singlestim","183","220441","525","â€šÃ³Ã¨","77","dotpositionright","singlestim","184","221021","m","right","correct","1","","1","trialend","singlestim","185","222035"
"10324","Subject258","1","vomitvomit","1","vomit","positionleft","validityvalid","test","1","negative","singlestim","187","224041","503","â€šÃ³Ã¨","67","dotpositionleft","singlestim","188","224599","c","left","correct","1","","1","trialend","singlestim","189","225616"
"10621","Subject258","1","bloodblood","1","blood","positionleft","validityvalid","test","1","suicide","singlestim","191","227625","583","â€šÃ³Ã¨","67","dotpositionleft","singlestim","192","228262","c","left","correct","1","","1","trialend","singlestim","193","229279"
"10918","Subject258","1","funeralfuneral","1","funeral","positionright","validityvalid","test","1","suicide","singlestim","195","231289","454","â€šÃ³Ã¨","77","dotpositionright","singlestim","196","231796","m","right","correct","1","","1","trialend","singlestim","197","232818"
"11215","Subject258","1","imageimage","1","image","positionleft","validityvalid","test","1","neutral","singlestim","199","234825","448","â€šÃ³Ã¨","67","dotpositionleft","singlestim","200","235325","c","left","correct","1","","1","trialend","singlestim","201","236341"
"11512","Subject258","1","cheesecheese","1","cheese","positionright","validityvalid","test","1","neutral","singlestim","203","238348","432","â€šÃ³Ã¨","77","dotpositionright","singlestim","204","238833","m","right","correct","1","","1","trialend","singlestim","205","239849"
"11809","Subject258","1","greatgreat","1","great","positionright","validityvalid","test","1","positive","singlestim","207","241856","628","â€šÃ³Ã¨","77","dotpositionright","singlestim","208","242539","m","right","correct","1","","1","trialend","singlestim","209","243557"
"12106","Subject258","1","gunshotgunshot","1","gunshot","positionright","validityvalid","test","1","suicide","singlestim","211","245565","681","â€šÃ³Ã¨","77","dotpositionright","singlestim","212","246301","m","right","correct","1","","1","trialend","singlestim","213","247316"
"12403","Subject258","1","paradiseparadise","1","paradise","positionleft","validityvalid","test","1","positive","singlestim","215","249324","617","â€šÃ³Ã¨","67","dotpositionleft","singlestim","216","249994","c","left","correct","1","","1","trialend","singlestim","217","251009"
"12700","Subject258","1","statuestatue","1","statue","positionright","validityinvalid","test","1","neutral","singlestim","219","253016","762","â€šÃ³Ã¨","67","dotpositionleft","singlestim","220","253829","c","left","correct","1","","1","trialend","singlestim","221","254846"
"12997","Subject258","1","patheticpathetic","1","pathetic","positionleft","validityvalid","test","1","negative","singlestim","223","256856","614","â€šÃ³Ã¨","67","dotpositionleft","singlestim","224","257525","c","left","correct","1","","1","trialend","singlestim","225","258540"
"13294","Subject258","1","cryingcrying","1","crying","positionright","validityvalid","test","1","negative","singlestim","227","260551","595","â€šÃ³Ã¨","77","dotpositionright","singlestim","228","261197","m","right","correct","1","","1","trialend","singlestim","229","262215"
"13591","Subject258","1","foldedfolded","1","folded","positionleft","validityvalid","test","1","neutral","singlestim","231","264220","544","â€šÃ³Ã¨","67","dotpositionleft","singlestim","232","264816","c","left","correct","1","","1","trialend","singlestim","233","265831"
"13888","Subject258","1","healthyhealthy","1","healthy","positionleft","validityinvalid","test","1","positive","singlestim","235","267838","634","â€šÃ³Ã¨","77","dotpositionright","singlestim","236","268523","m","right","correct","1","","1","trialend","singlestim","237","269542"
"14185","Subject258","1","suffocationsuffocation","1","suffocation","positionleft","validityinvalid","test","1","suicide","singlestim","239","271548","556","â€šÃ³Ã¨","77","dotpositionright","singlestim","240","272156","m","right","correct","1","","1","trialend","singlestim","241","273170"
"14482","Subject258","1","corpsecorpse","1","corpse","positionleft","validityvalid","test","2","suicide","singlestim","243","275175","624","â€šÃ³Ã¨","67","dotpositionleft","singlestim","244","275852","c","left","correct","1","","1","trialend","singlestim","245","276868"
"14779","Subject258","1","noosenoose","1","noose","positionleft","validityvalid","test","2","suicide","singlestim","247","278875","436","â€šÃ³Ã¨","67","dotpositionleft","singlestim","248","279364","c","left","correct","1","","1","trialend","singlestim","249","280384"
"15076","Subject258","1","abuseabuse","1","abuse","positionright","validityvalid","test","2","negative","singlestim","251","282392","440","â€šÃ³Ã¨","77","dotpositionright","singlestim","252","282884","m","right","correct","1","","1","trialend","singlestim","253","283901"
"15373","Subject258","1","enthusiasmenthusiasm","1","enthusiasm","positionright","validityvalid","test","2","positive","singlestim","255","285907","465","â€šÃ³Ã¨","77","dotpositionright","singlestim","256","286425","m","right","correct","1","","1","trialend","singlestim","257","287437"
"15670","Subject258","1","pleasurepleasure","1","pleasure","positionleft","validityvalid","test","2","positive","singlestim","259","289445","414","â€šÃ³Ã¨","67","dotpositionleft","singlestim","260","289912","c","left","correct","1","","1","trialend","singlestim","261","290927"
"15967","Subject258","1","paperpaper","1","paper","positionleft","validityvalid","test","2","neutral","singlestim","263","292934","463","â€šÃ³Ã¨","67","dotpositionleft","singlestim","264","293453","c","left","correct","1","","1","trialend","singlestim","265","294467"
"16264","Subject258","1","braverybravery","1","bravery","positionleft","validityvalid","test","2","positive","singlestim","267","296477","472","â€šÃ³Ã¨","67","dotpositionleft","singlestim","268","297004","c","left","correct","1","","1","trialend","singlestim","269","298021"
"16561","Subject258","1","cruelcruel","1","cruel","positionright","validityvalid","test","2","negative","singlestim","271","300027","354","â€šÃ³Ã¨","77","dotpositionright","singlestim","272","300434","m","right","correct","1","","1","trialend","singlestim","273","301449"
"16858","Subject258","1","failurefailure","1","failure","positionleft","validityvalid","test","2","negative","singlestim","275","303453","369","â€šÃ³Ã¨","67","dotpositionleft","singlestim","276","303879","c","left","correct","1","","1","trialend","singlestim","277","304895"
"17155","Subject258","1","overdoseoverdose","1","overdose","positionright","validityinvalid","test","2","suicide","singlestim","279","306902","549","â€šÃ³Ã¨","67","dotpositionleft","singlestim","280","307506","c","left","correct","1","","1","trialend","singlestim","281","308521"
"17452","Subject258","1","lovelove","1","love","positionright","validityinvalid","test","2","positive","singlestim","283","310529","384","â€šÃ³Ã¨","67","dotpositionleft","singlestim","284","310969","c","left","correct","1","","1","trialend","singlestim","285","311984"
"17749","Subject258","1","filthyfilthy","1","filthy","positionleft","validityinvalid","test","2","negative","singlestim","287","313991","363","â€šÃ³Ã¨","77","dotpositionright","singlestim","288","314409","m","right","correct","1","","1","trialend","singlestim","289","315428"
"18046","Subject258","1","horsehorse","1","horse","positionleft","validityinvalid","test","2","neutral","singlestim","291","317433","364","â€šÃ³Ã¨","77","dotpositionright","singlestim","292","317850","m","right","correct","1","","1","trialend","singlestim","293","318864"
"18343","Subject258","1","foamfoam","1","foam","positionright","validityvalid","test","2","neutral","singlestim","295","320870","573","â€šÃ³Ã¨","77","dotpositionright","singlestim","296","321495","m","right","correct","1","","1","trialend","singlestim","297","322513"
"18640","Subject258","1","tabletable","1","table","positionright","validityvalid","test","2","neutral","singlestim","299","324524","800","â€šÃ³Ã¨","77","dotpositionright","singlestim","300","325376","m","right","correct","1","","1","trialend","singlestim","301","326394"
"18937","Subject258","1","deathdeath","1","death","positionright","validityvalid","test","2","suicide","singlestim","303","328401","421","â€šÃ³Ã¨","77","dotpositionright","singlestim","304","328875","m","right","correct","1","","1","trialend","singlestim","305","329893"
