"","SubjectID","rt","stimulus","keypress","word","wordposition","validity","block","blocknum","wordtype","trialtype","trialindex","timeelapsed","rt.1","stimulus.1","keypress.1","dotposition","trialtype.1","trialindex.1","timeelapsed.1","keypressed","participantresponse","correctresponse","rt.2","stimulus.2","keypress.2","blocktrial","trialtype.2","trialindex.2","timeelapsed.2"
"15","Subject16","1","cuttingcutting","1","cutting","positionright","validityvalid","test","3","suicide","singlestim","51","90866","350","â€šÃ³Ã¨","77","dotpositionright","singlestim","52","91269","m","right","correct","1","","1","trialend","singlestim","53","92282"
"312","Subject16","1","metermeter","1","meter","positionleft","validityvalid","test","3","neutral","singlestim","55","94287","385","â€šÃ³Ã¨","67","dotpositionleft","singlestim","56","94725","c","left","correct","1","","1","trialend","singlestim","57","95738"
"609","Subject16","1","closetcloset","1","closet","positionright","validityinvalid","test","3","neutral","singlestim","59","97742","359","â€šÃ³Ã¨","67","dotpositionleft","singlestim","60","98154","c","left","correct","1","","1","trialend","singlestim","61","99167"
"906","Subject16","1","touretoure","1","toure","positionleft","validityvalid","test","3","negative","singlestim","63","101172","362","â€šÃ³Ã¨","67","dotpositionleft","singlestim","64","101585","c","left","correct","1","","1","trialend","singlestim","65","102599"
"1203","Subject16","1","greengreen","1","green","positionright","validityvalid","test","3","neutral","singlestim","67","104603","651","â€šÃ³Ã¨","77","dotpositionright","singlestim","68","105306","m","right","correct","1","","1","trialend","singlestim","69","106320"
"1500","Subject16","1","dyingdying","1","dying","positionleft","validityvalid","test","3","suicide","singlestim","71","108324","551","â€šÃ³Ã¨","67","dotpositionleft","singlestim","72","108927","c","left","correct","1","","1","trialend","singlestim","73","109940"
"1797","Subject16","1","museummuseum","1","museum","positionleft","validityvalid","test","3","neutral","singlestim","75","111944","340","â€šÃ³Ã¨","67","dotpositionleft","singlestim","76","112337","c","left","correct","1","","1","trialend","singlestim","77","113350"
"2094","Subject16","1","assaultassault","1","assault","positionleft","validityinvalid","test","3","negative","singlestim","79","115354","371","â€šÃ³Ã¨","77","dotpositionright","singlestim","80","115778","m","right","correct","1","","1","trialend","singlestim","81","116791"
"2391","Subject16","1","rejectedrejected","1","rejected","positionright","validityvalid","test","3","negative","singlestim","83","118795","353","â€šÃ³Ã¨","77","dotpositionright","singlestim","84","119201","m","right","correct","1","","1","trialend","singlestim","85","120214"
"2688","Subject16","1","deaddead","1","dead","positionleft","validityinvalid","test","3","suicide","singlestim","87","122218","453","â€šÃ³Ã¨","77","dotpositionright","singlestim","88","122724","m","right","correct","1","","1","trialend","singlestim","89","123737"
"2985","Subject16","1","kisskiss","1","kiss","positionright","validityinvalid","test","3","positive","singlestim","91","125741","375","â€šÃ³Ã¨","67","dotpositionleft","singlestim","92","126169","c","left","correct","1","","1","trialend","singlestim","93","127182"
"3282","Subject16","1","happyhappy","1","happy","positionright","validityvalid","test","3","positive","singlestim","95","129186","329","â€šÃ³Ã¨","77","dotpositionright","singlestim","96","129567","m","right","correct","1","","1","trialend","singlestim","97","130580"
"3579","Subject16","1","strongstrong","1","strong","positionleft","validityvalid","test","3","positive","singlestim","99","132585","371","â€šÃ³Ã¨","67","dotpositionleft","singlestim","100","133007","c","left","correct","1","","1","trialend","singlestim","101","134021"
"3876","Subject16","1","bombbomb","1","bomb","positionright","validityvalid","test","3","negative","singlestim","103","136025","378","â€šÃ³Ã¨","77","dotpositionright","singlestim","104","136456","m","right","correct","1","","1","trialend","singlestim","105","137469"
"4173","Subject16","1","smilesmile","1","smile","positionleft","validityvalid","test","3","positive","singlestim","107","139473","391","â€šÃ³Ã¨","67","dotpositionleft","singlestim","108","139916","c","left","correct","1","","1","trialend","singlestim","109","140930"
"4470","Subject16","1","diedie","1","die","positionright","validityvalid","test","3","suicide","singlestim","111","142934","318","â€šÃ³Ã¨","77","dotpositionright","singlestim","112","143304","m","right","correct","1","","1","trialend","singlestim","113","144318"
"4767","Subject16","1","lovelove","1","love","positionright","validityinvalid","test","2","positive","singlestim","115","146322","367","â€šÃ³Ã¨","67","dotpositionleft","singlestim","116","146741","c","left","correct","1","","1","trialend","singlestim","117","147755"
"5064","Subject16","1","foamfoam","1","foam","positionright","validityvalid","test","2","neutral","singlestim","119","149760","367","â€šÃ³Ã¨","77","dotpositionright","singlestim","120","150178","m","right","correct","1","","1","trialend","singlestim","121","151192"
"5361","Subject16","1","corpsecorpse","1","corpse","positionleft","validityvalid","test","2","suicide","singlestim","123","153196","427","â€šÃ³Ã¨","67","dotpositionleft","singlestim","124","153675","c","left","correct","1","","1","trialend","singlestim","125","154689"
"5658","Subject16","1","abuseabuse","1","abuse","positionright","validityvalid","test","2","negative","singlestim","127","156693","401","â€šÃ³Ã¨","77","dotpositionright","singlestim","128","157147","m","right","correct","1","","1","trialend","singlestim","129","158160"
"5955","Subject16","1","tabletable","1","table","positionright","validityvalid","test","2","neutral","singlestim","131","160165","339","â€šÃ³Ã¨","77","dotpositionright","singlestim","132","160555","m","right","correct","1","","1","trialend","singlestim","133","161569"
"6252","Subject16","1","braverybravery","1","bravery","positionleft","validityvalid","test","2","positive","singlestim","135","163573","425","â€šÃ³Ã¨","67","dotpositionleft","singlestim","136","164050","c","left","correct","1","","1","trialend","singlestim","137","165064"
"6549","Subject16","1","horsehorse","1","horse","positionleft","validityinvalid","test","2","neutral","singlestim","139","167068","331","â€šÃ³Ã¨","77","dotpositionright","singlestim","140","167450","m","right","correct","1","","1","trialend","singlestim","141","168463"
"6846","Subject16","1","filthyfilthy","1","filthy","positionleft","validityinvalid","test","2","negative","singlestim","143","170468","442","â€šÃ³Ã¨","77","dotpositionright","singlestim","144","170961","m","right","correct","1","","1","trialend","singlestim","145","171973"
"7143","Subject16","1","paperpaper","1","paper","positionleft","validityvalid","test","2","neutral","singlestim","147","173977","666","â€šÃ³Ã¨","67","dotpositionleft","singlestim","148","174695","c","left","correct","1","","1","trialend","singlestim","149","175708"
"7440","Subject16","1","failurefailure","1","failure","positionleft","validityvalid","test","2","negative","singlestim","151","177711","456","â€šÃ³Ã¨","67","dotpositionleft","singlestim","152","178220","c","left","correct","1","","1","trialend","singlestim","153","179233"
"7737","Subject16","1","enthusiasmenthusiasm","1","enthusiasm","positionright","validityvalid","test","2","positive","singlestim","155","181237","371","â€šÃ³Ã¨","77","dotpositionright","singlestim","156","181660","m","right","correct","1","","1","trialend","singlestim","157","182674"
"8034","Subject16","1","overdoseoverdose","1","overdose","positionright","validityinvalid","test","2","suicide","singlestim","159","184678","428","â€šÃ³Ã¨","67","dotpositionleft","singlestim","160","185159","c","left","correct","1","","1","trialend","singlestim","161","186172"
"8331","Subject16","1","deathdeath","1","death","positionright","validityvalid","test","2","suicide","singlestim","163","188176","749","â€šÃ³Ã¨","77","dotpositionright","singlestim","164","188975","m","right","correct","1","","1","trialend","singlestim","165","189988"
"8628","Subject16","1","noosenoose","1","noose","positionleft","validityvalid","test","2","suicide","singlestim","167","191993","427","â€šÃ³Ã¨","67","dotpositionleft","singlestim","168","192472","c","left","correct","1","","1","trialend","singlestim","169","193485"
"8925","Subject16","1","cruelcruel","1","cruel","positionright","validityvalid","test","2","negative","singlestim","171","195489","342","â€šÃ³Ã¨","77","dotpositionright","singlestim","172","195884","m","right","correct","1","","1","trialend","singlestim","173","196897"
"9222","Subject16","1","pleasurepleasure","1","pleasure","positionleft","validityvalid","test","2","positive","singlestim","175","198901","631","â€šÃ³Ã¨","67","dotpositionleft","singlestim","176","199584","c","left","correct","1","","1","trialend","singlestim","177","200598"
"9519","Subject16","1","patheticpathetic","1","pathetic","positionleft","validityvalid","test","1","negative","singlestim","179","202602","568","â€šÃ³Ã¨","67","dotpositionleft","singlestim","180","203222","c","left","correct","1","","1","trialend","singlestim","181","204235"
"9816","Subject16","1","cheesecheese","1","cheese","positionright","validityvalid","test","1","neutral","singlestim","183","206238","276","â€šÃ³Ã¨","77","dotpositionright","singlestim","184","206567","m","right","correct","1","","1","trialend","singlestim","185","207580"
"10113","Subject16","1","statuestatue","1","statue","positionright","validityinvalid","test","1","neutral","singlestim","187","209584","389","â€šÃ³Ã¨","67","dotpositionleft","singlestim","188","210026","c","left","correct","1","","1","trialend","singlestim","189","211039"
"10410","Subject16","1","vomitvomit","1","vomit","positionleft","validityvalid","test","1","negative","singlestim","191","213043","371","â€šÃ³Ã¨","67","dotpositionleft","singlestim","192","213465","c","left","correct","1","","1","trialend","singlestim","193","214479"
"10707","Subject16","1","funeralfuneral","1","funeral","positionright","validityvalid","test","1","suicide","singlestim","195","216482","347","â€šÃ³Ã¨","77","dotpositionright","singlestim","196","216881","m","right","correct","1","","1","trialend","singlestim","197","217895"
"11004","Subject16","1","healthyhealthy","1","healthy","positionleft","validityinvalid","test","1","positive","singlestim","199","219899","388","â€šÃ³Ã¨","77","dotpositionright","singlestim","200","220338","m","right","correct","1","","1","trialend","singlestim","201","221352"
"11301","Subject16","1","bloodblood","1","blood","positionleft","validityvalid","test","1","suicide","singlestim","203","223356","308","â€šÃ³Ã¨","67","dotpositionleft","singlestim","204","223716","c","left","correct","1","","1","trialend","singlestim","205","224729"
"11598","Subject16","1","greatgreat","1","great","positionright","validityvalid","test","1","positive","singlestim","207","226734","429","â€šÃ³Ã¨","77","dotpositionright","singlestim","208","227214","m","right","correct","1","","1","trialend","singlestim","209","228227"
"11895","Subject16","1","hatehate","1","hate","positionright","validityinvalid","test","1","negative","singlestim","211","230232","350","â€šÃ³Ã¨","67","dotpositionleft","singlestim","212","230634","c","left","correct","1","","1","trialend","singlestim","213","231647"
"12192","Subject16","1","suffocationsuffocation","1","suffocation","positionleft","validityinvalid","test","1","suicide","singlestim","215","233651","338","â€šÃ³Ã¨","77","dotpositionright","singlestim","216","234042","m","right","correct","1","","1","trialend","singlestim","217","235055"
"12489","Subject16","1","attractionattraction","1","attraction","positionright","validityvalid","test","1","positive","singlestim","219","237059","316","â€šÃ³Ã¨","77","dotpositionright","singlestim","220","237427","m","right","correct","1","","1","trialend","singlestim","221","238441"
"12786","Subject16","1","cryingcrying","1","crying","positionright","validityvalid","test","1","negative","singlestim","223","240445","392","â€šÃ³Ã¨","77","dotpositionright","singlestim","224","240888","m","right","correct","1","","1","trialend","singlestim","225","241902"
"13083","Subject16","1","paradiseparadise","1","paradise","positionleft","validityvalid","test","1","positive","singlestim","227","243906","791","â€šÃ³Ã¨","67","dotpositionleft","singlestim","228","244749","c","left","correct","1","","1","trialend","singlestim","229","245763"
"13380","Subject16","1","gunshotgunshot","1","gunshot","positionright","validityvalid","test","1","suicide","singlestim","231","247767","344","â€šÃ³Ã¨","77","dotpositionright","singlestim","232","248162","m","right","correct","1","","1","trialend","singlestim","233","249176"
"13677","Subject16","1","imageimage","1","image","positionleft","validityvalid","test","1","neutral","singlestim","235","251180","332","â€šÃ³Ã¨","67","dotpositionleft","singlestim","236","251565","c","left","correct","1","","1","trialend","singlestim","237","252578"
"13974","Subject16","1","foldedfolded","1","folded","positionleft","validityvalid","test","1","neutral","singlestim","239","254583","529","â€šÃ³Ã¨","67","dotpositionleft","singlestim","240","255163","c","left","correct","1","","1","trialend","singlestim","241","256176"
"14271","Subject16","1","frameframe","1","frame","positionleft","validityinvalid","test","4","neutral","singlestim","243","258181","310","â€šÃ³Ã¨","77","dotpositionright","singlestim","244","258543","m","right","correct","1","","1","trialend","singlestim","245","259556"
"14568","Subject16","1","hanginghanging","1","hanging","positionleft","validityvalid","test","4","suicide","singlestim","247","261560","358","â€šÃ³Ã¨","67","dotpositionleft","singlestim","248","261971","c","left","correct","1","","1","trialend","singlestim","249","262983"
"14865","Subject16","1","deceaseddeceased","1","deceased","positionright","validityvalid","test","4","suicide","singlestim","251","264987","312","â€šÃ³Ã¨","77","dotpositionright","singlestim","252","265351","m","right","correct","1","","1","trialend","singlestim","253","266365"
"15162","Subject16","1","ecstaticecstatic","1","ecstatic","positionright","validityvalid","test","4","positive","singlestim","255","268369","968","â€šÃ³Ã¨","77","dotpositionright","singlestim","256","269389","m","right","correct","1","","1","trialend","singlestim","257","270403"
"15459","Subject16","1","killingkilling","1","killing","positionleft","validityvalid","test","4","suicide","singlestim","259","272406","338","â€šÃ³Ã¨","67","dotpositionleft","singlestim","260","272797","c","left","correct","1","","1","trialend","singlestim","261","273810"
"15756","Subject16","1","suicidesuicide","1","suicide","positionright","validityinvalid","test","4","suicide","singlestim","263","275815","454","â€šÃ³Ã¨","67","dotpositionleft","singlestim","264","276321","c","left","correct","1","","1","trialend","singlestim","265","277334"
"16053","Subject16","1","doubledouble","1","double","positionright","validityvalid","test","4","neutral","singlestim","267","279338","391","â€šÃ³Ã¨","77","dotpositionright","singlestim","268","279781","m","right","correct","1","","1","trialend","singlestim","269","280795"
"16350","Subject16","1","alonealone","1","alone","positionleft","validityvalid","test","4","negative","singlestim","271","282799","498","â€šÃ³Ã¨","67","dotpositionleft","singlestim","272","283348","c","left","correct","1","","1","trialend","singlestim","273","284361"
"16647","Subject16","1","successsuccess","1","success","positionleft","validityvalid","test","4","positive","singlestim","275","286365","293","â€šÃ³Ã¨","67","dotpositionleft","singlestim","276","286711","c","left","correct","1","","1","trialend","singlestim","277","287724"
"16944","Subject16","1","stupidstupid","1","stupid","positionleft","validityvalid","test","4","negative","singlestim","279","289728","437","â€šÃ³Ã¨","67","dotpositionleft","singlestim","280","290218","c","left","correct","1","","1","trialend","singlestim","281","291231"
"17241","Subject16","1","wohlesswohless","1","wohless","positionright","validityvalid","test","4","negative","singlestim","283","293235","551","â€šÃ³Ã¨","77","dotpositionright","singlestim","284","293838","m","right","correct","1","","1","trialend","singlestim","285","294851"
"17538","Subject16","351","passionatepassionate","67","passionate","positionleft","validityinvalid","test","4","positive","singlestim","287","296855","557","â€šÃ³Ã¨","77","dotpositionright","singlestim","288","297464","m","right","correct","1","","1","trialend","singlestim","289","298478"
"17835","Subject16","1","ashamedashamed","1","ashamed","positionright","validityinvalid","test","4","negative","singlestim","291","300482","898","â€šÃ³Ã¨","67","dotpositionleft","singlestim","292","301433","c","left","correct","1","","1","trialend","singlestim","293","302446"
"18132","Subject16","1","structurestructure","1","structure","positionright","validityvalid","test","4","neutral","singlestim","295","304450","409","â€šÃ³Ã¨","77","dotpositionright","singlestim","296","304910","m","right","correct","1","","1","trialend","singlestim","297","305923"
"18429","Subject16","1","engineengine","1","engine","positionleft","validityvalid","test","4","neutral","singlestim","299","307927","392","â€šÃ³Ã¨","67","dotpositionleft","singlestim","300","308371","c","left","correct","1","","1","trialend","singlestim","301","309384"
"18726","Subject16","1","laughlaugh","1","laugh","positionright","validityvalid","test","4","positive","singlestim","303","311388","325","â€šÃ³Ã¨","77","dotpositionright","singlestim","304","311766","m","right","correct","1","","1","trialend","singlestim","305","312779"
