,SubjectID,rt,stimulus,keypress,word,wordposition,validity,block,blocknum,wordtype,trialtype,trialindex,timeelapsed,rt.1,stimulus.1,keypress.1,dotposition,trialtype.1,trialindex.1,timeelapsed.1,keypressed,participantresponse,correctresponse,rt.2,stimulus.2,keypress.2,blocktrial,trialtype.2,trialindex.2,timeelapsed.2,,
292,Subject328,1,strong,,,positionleft,validityvalid,test,3,positive,singlestim,51,145100,409,100010,67,dotpositionleft,singlestim,52,145570,100020,c,correct,1,,1,trialend,singlestim,53,146584,100030,1
589,Subject328,1,green,,,positionright,validityvalid,test,3,neutral,singlestim,55,148600,356,100050,77,dotpositionright,singlestim,56,149017,100060,m,correct,1,,1,trialend,singlestim,57,150032,100070,1
886,Subject328,1,die,,,positionright,validityvalid,test,3,suicide,singlestim,59,152052,474,100090,77,dotpositionright,singlestim,60,152587,1000100,m,correct,1,,1,trialend,singlestim,61,153614,1000110,1
1183,Subject328,1,rejected,,,positionright,validityvalid,test,3,negative,singlestim,63,155634,454,1000130,77,dotpositionright,singlestim,64,156151,1000140,m,correct,1,,1,trialend,singlestim,65,157179,1000150,1
1480,Subject328,1,smile,,,positionleft,validityvalid,test,3,positive,singlestim,67,159199,363,1000170,67,dotpositionleft,singlestim,68,159616,1000180,c,correct,1,,1,trialend,singlestim,69,160636,1000190,1
1777,Subject328,1,assault,,,positionleft,validityinvalid,test,3,negative,singlestim,71,162650,483,1000210,77,dotpositionright,singlestim,72,163195,1000220,m,correct,1,,1,trialend,singlestim,73,164218,1000230,1
2074,Subject328,1,happy,,,positionright,validityvalid,test,3,positive,singlestim,75,166250,403,1000250,77,dotpositionright,singlestim,76,166714,1000260,m,correct,1,,1,trialend,singlestim,77,167732,1000270,1
2371,Subject328,1,dead,,,positionleft,validityinvalid,test,3,suicide,singlestim,79,169756,355,1000290,77,dotpositionright,singlestim,80,170170,1000300,m,correct,1,,1,trialend,singlestim,81,171184,1000310,1
2668,Subject328,1,kiss,,,positionright,validityinvalid,test,3,positive,singlestim,83,173217,362,1000330,67,dotpositionleft,singlestim,84,173640,1000340,c,correct,1,,1,trialend,singlestim,85,174666,1000350,1
2965,Subject328,1,meter,,,positionleft,validityvalid,test,3,neutral,singlestim,87,176685,442,1000370,67,dotpositionleft,singlestim,88,177184,1000380,c,correct,1,,1,trialend,singlestim,89,178199,1000390,1
3262,Subject328,1,toure,,,positionleft,validityvalid,test,3,negative,singlestim,91,180216,360,1000410,67,dotpositionleft,singlestim,92,180630,1000420,c,correct,1,,1,trialend,singlestim,93,181649,1000430,1
3559,Subject328,1,bomb,,,positionright,validityvalid,test,3,negative,singlestim,95,183669,389,1000450,77,dotpositionright,singlestim,96,184121,1000460,m,correct,1,,1,trialend,singlestim,97,185140,1000470,1
3856,Subject328,1,closet,,,positionright,validityinvalid,test,3,neutral,singlestim,99,187160,406,1000490,67,dotpositionleft,singlestim,100,187621,1000500,c,correct,1,,1,trialend,singlestim,101,188636,1000510,1
4153,Subject328,1,cutting,,,positionright,validityvalid,test,3,suicide,singlestim,103,190667,362,1000530,77,dotpositionright,singlestim,104,191092,1000540,m,correct,1,,1,trialend,singlestim,105,192118,1000550,1
4450,Subject328,1,dying,,,positionleft,validityvalid,test,3,suicide,singlestim,107,194136,401,1000570,67,dotpositionleft,singlestim,108,194596,1000580,c,correct,1,,1,trialend,singlestim,109,195618,1000590,1
4747,Subject328,1,museum,,,positionleft,validityvalid,test,3,neutral,singlestim,111,197650,336,1000610,67,dotpositionleft,singlestim,112,198050,1000620,c,correct,1,,1,trialend,singlestim,113,199065,1000630,1
5044,Subject328,1,attraction,,,positionright,validityvalid,test,1,positive,singlestim,115,201070,374,101010,77,dotpositionright,singlestim,116,201503,101020,m,correct,1,,1,trialend,singlestim,117,202518,101030,1
5341,Subject328,1,great,,,positionright,validityvalid,test,1,positive,singlestim,119,204550,412,101050,77,dotpositionright,singlestim,120,205024,101060,m,correct,1,,1,trialend,singlestim,121,206051,101070,1
5638,Subject328,1,funeral,,,positionright,validityvalid,test,1,suicide,singlestim,123,208084,339,101090,77,dotpositionright,singlestim,124,208485,1010100,m,correct,1,,1,trialend,singlestim,125,209500,1010110,1
5935,Subject328,1,folded,,,positionleft,validityvalid,test,1,neutral,singlestim,127,211520,321,1010130,67,dotpositionleft,singlestim,128,211904,1010140,c,correct,1,,1,trialend,singlestim,129,212918,1010150,1
6232,Subject328,1,blood,,,positionleft,validityvalid,test,1,suicide,singlestim,131,214937,416,1010170,67,dotpositionleft,singlestim,132,215413,1010180,c,correct,1,,1,trialend,singlestim,133,216435,1010190,1
6529,Subject328,1,image,,,positionleft,validityvalid,test,1,neutral,singlestim,135,218461,317,1010210,67,dotpositionleft,singlestim,136,218832,1010220,c,correct,1,,1,trialend,singlestim,137,219851,1010230,1
6826,Subject328,1,gunshot,,,positionright,validityvalid,test,1,suicide,singlestim,139,221870,319,1010250,77,dotpositionright,singlestim,140,222248,1010260,m,correct,1,,1,trialend,singlestim,141,223267,1010270,1
7123,Subject328,1,healthy,,,positionleft,validityinvalid,test,1,positive,singlestim,143,225283,425,1010290,77,dotpositionright,singlestim,144,225774,1010300,m,correct,1,,1,trialend,singlestim,145,226798,1010310,1
7420,Subject328,1,hate,,,positionright,validityinvalid,test,1,negative,singlestim,147,228817,338,1010330,67,dotpositionleft,singlestim,148,229216,1010340,c,correct,1,,1,trialend,singlestim,149,230235,1010350,1
7717,Subject328,1,statue,,,positionright,validityinvalid,test,1,neutral,singlestim,151,232267,390,1010370,67,dotpositionleft,singlestim,152,232719,1010380,c,correct,1,,1,trialend,singlestim,153,233733,1010390,1
8014,Subject328,1,paradise,,,positionleft,validityvalid,test,1,positive,singlestim,155,235753,349,1010410,67,dotpositionleft,singlestim,156,236156,1010420,c,correct,1,,1,trialend,singlestim,157,237184,1010430,1
8311,Subject328,1,pathetic,,,positionleft,validityvalid,test,1,negative,singlestim,159,239217,285,1010450,67,dotpositionleft,singlestim,160,239564,1010460,c,correct,1,,1,trialend,singlestim,161,240587,1010470,1
8608,Subject328,1,vomit,,,positionleft,validityvalid,test,1,negative,singlestim,163,242620,275,1010490,67,dotpositionleft,singlestim,164,242957,1010500,c,correct,1,,1,trialend,singlestim,165,243983,1010510,1
8905,Subject328,1,cheese,,,positionright,validityvalid,test,1,neutral,singlestim,167,246003,391,1010530,77,dotpositionright,singlestim,168,246456,1010540,m,correct,1,,1,trialend,singlestim,169,247484,1010550,1
9202,Subject328,1,crying,,,positionright,validityvalid,test,1,negative,singlestim,171,249503,335,1010570,77,dotpositionright,singlestim,172,249900,1010580,m,correct,1,,1,trialend,singlestim,173,250919,1010590,1
9499,Subject328,1,suffocation,,,positionleft,validityinvalid,test,1,suicide,singlestim,175,252951,420,1010610,77,dotpositionright,singlestim,176,253434,1010620,m,correct,1,,1,trialend,singlestim,177,254452,1010630,1
9796,Subject328,1,abuse,,,positionright,validityvalid,test,2,negative,singlestim,179,256471,399,102010,77,dotpositionright,singlestim,180,256927,102020,m,correct,1,,1,trialend,singlestim,181,257943,102030,1
10093,Subject328,1,bravery,,,positionleft,validityvalid,test,2,positive,singlestim,183,259951,330,102050,67,dotpositionleft,singlestim,184,260346,102060,c,correct,1,,1,trialend,singlestim,185,261369,102070,1
10390,Subject328,1,overdose,,,positionright,validityinvalid,test,2,suicide,singlestim,187,263401,431,102090,67,dotpositionleft,singlestim,188,263896,1020100,c,correct,1,,1,trialend,singlestim,189,264919,1020110,1
10687,Subject328,1,pleasure,,,positionleft,validityvalid,test,2,positive,singlestim,191,266951,417,1020130,67,dotpositionleft,singlestim,192,267422,1020140,c,correct,1,,1,trialend,singlestim,193,268436,1020150,1
10984,Subject328,1,enthusiasm,,,positionright,validityvalid,test,2,positive,singlestim,195,270469,364,1020170,77,dotpositionright,singlestim,196,270896,1020180,m,correct,1,,1,trialend,singlestim,197,271918,1020190,1
11281,Subject328,1,corpse,,,positionleft,validityvalid,test,2,suicide,singlestim,199,273937,407,1020210,67,dotpositionleft,singlestim,200,274405,1020220,c,correct,1,,1,trialend,singlestim,201,275419,1020230,1
11578,Subject328,1,filthy,,,positionleft,validityinvalid,test,2,negative,singlestim,203,277452,411,1020250,77,dotpositionright,singlestim,204,277925,1020260,m,correct,1,,1,trialend,singlestim,205,278952,1020270,1
11875,Subject328,1,paper,,,positionleft,validityvalid,test,2,neutral,singlestim,207,280972,353,1020290,67,dotpositionleft,singlestim,208,281383,1020300,c,correct,1,,1,trialend,singlestim,209,282401,1020310,1
12172,Subject328,1,love,,,positionright,validityinvalid,test,2,positive,singlestim,211,284421,375,1020330,67,dotpositionleft,singlestim,212,284854,1020340,c,correct,1,,1,trialend,singlestim,213,285869,1020350,1
12469,Subject328,1,horse,,,positionleft,validityinvalid,test,2,neutral,singlestim,215,287901,350,1020370,77,dotpositionright,singlestim,216,288312,1020380,m,correct,1,,1,trialend,singlestim,217,289335,1020390,1
12766,Subject328,1,failure,,,positionleft,validityvalid,test,2,negative,singlestim,219,291354,297,1020410,67,dotpositionleft,singlestim,220,291713,1020420,c,correct,1,,1,trialend,singlestim,221,292735,1020430,1
13063,Subject328,1,death,,,positionright,validityvalid,test,2,suicide,singlestim,223,294768,364,1020450,77,dotpositionright,singlestim,224,295194,1020460,m,correct,1,,1,trialend,singlestim,225,296210,1020470,1
13360,Subject328,1,noose,,,positionleft,validityvalid,test,2,suicide,singlestim,227,298220,374,1020490,67,dotpositionleft,singlestim,228,298656,1020500,c,correct,1,,1,trialend,singlestim,229,299669,1020510,1
13657,Subject328,1,foam,,,positionright,validityvalid,test,2,neutral,singlestim,231,301702,464,1020530,77,dotpositionright,singlestim,232,302228,1020540,m,correct,1,,1,trialend,singlestim,233,303245,1020550,1
13954,Subject328,1,cruel,,,positionright,validityvalid,test,2,negative,singlestim,235,305268,383,1020570,77,dotpositionright,singlestim,236,305714,1020580,m,correct,1,,1,trialend,singlestim,237,306736,1020590,1
14251,Subject328,1,table,,,positionright,validityvalid,test,2,neutral,singlestim,239,308769,366,1020610,77,dotpositionright,singlestim,240,309196,1020620,m,correct,1,,1,trialend,singlestim,241,310210,1020630,1
14548,Subject328,1,ecstatic,,,positionright,validityvalid,test,4,positive,singlestim,243,312237,341,103010,77,dotpositionright,singlestim,244,312640,103020,m,correct,1,,1,trialend,singlestim,245,313667,103030,1
14845,Subject328,1,frame,,,positionleft,validityinvalid,test,4,neutral,singlestim,247,315687,370,103050,77,dotpositionright,singlestim,248,316119,103060,m,correct,1,,1,trialend,singlestim,249,317138,103070,1
15142,Subject328,1,double,,,positionright,validityvalid,test,4,neutral,singlestim,251,319169,381,103090,77,dotpositionright,singlestim,252,319612,1030100,m,correct,1,,1,trialend,singlestim,253,320634,1030110,1
15439,Subject328,1,hanging,,,positionleft,validityvalid,test,4,suicide,singlestim,255,322652,332,1030130,67,dotpositionleft,singlestim,256,323046,1030140,c,correct,1,,1,trialend,singlestim,257,324069,1030150,1
15736,Subject328,1,success,,,positionleft,validityvalid,test,4,positive,singlestim,259,326099,349,1030170,67,dotpositionleft,singlestim,260,326514,1030180,c,correct,1,,1,trialend,singlestim,261,327537,1030190,1
16033,Subject328,1,deceased,,,positionright,validityvalid,test,4,suicide,singlestim,263,329554,362,1030210,77,dotpositionright,singlestim,264,329979,1030220,m,correct,1,,1,trialend,singlestim,265,331001,1030230,1
16330,Subject328,1,structure,,,positionright,validityvalid,test,4,neutral,singlestim,267,333019,364,1030250,77,dotpositionright,singlestim,268,333446,1030260,m,correct,1,,1,trialend,singlestim,269,334468,1030270,1
16627,Subject328,1,killing,,,positionleft,validityvalid,test,4,suicide,singlestim,271,336488,369,1030290,67,dotpositionleft,singlestim,272,336920,1030300,c,correct,1,,1,trialend,singlestim,273,337934,1030310,1
16924,Subject328,1,alone,,,positionleft,validityvalid,test,4,negative,singlestim,275,339951,357,1030330,67,dotpositionleft,singlestim,276,340375,1030340,c,correct,1,,1,trialend,singlestim,277,341401,1030350,1
17221,Subject328,1,suicide,,,positionright,validityinvalid,test,4,suicide,singlestim,279,343419,374,1030370,67,dotpositionleft,singlestim,280,343855,1030380,c,correct,1,,1,trialend,singlestim,281,344869,1030390,1
17518,Subject328,1,passionate,,,positionleft,validityinvalid,test,4,positive,singlestim,283,346887,414,1030410,77,dotpositionright,singlestim,284,347366,1030420,m,correct,1,,1,trialend,singlestim,285,348384,1030430,1
17815,Subject328,1,wohless,,,positionright,validityvalid,test,4,negative,singlestim,287,350404,378,1030450,77,dotpositionright,singlestim,288,350844,1030460,m,correct,1,,1,trialend,singlestim,289,351871,1030470,1
18112,Subject328,1,engine,,,positionleft,validityvalid,test,4,neutral,singlestim,291,353901,298,1030490,67,dotpositionleft,singlestim,292,354265,1030500,c,correct,1,,1,trialend,singlestim,293,355288,1030510,1
18409,Subject328,1,stupid,,,positionleft,validityvalid,test,4,negative,singlestim,295,357320,320,1030530,67,dotpositionleft,singlestim,296,357702,1030540,c,correct,1,,1,trialend,singlestim,297,358720,1030550,1
18706,Subject328,1,ashamed,,,positionright,validityinvalid,test,4,negative,singlestim,299,360736,418,1030570,67,dotpositionleft,singlestim,300,361220,1030580,c,correct,1,,1,trialend,singlestim,301,362238,1030590,1
19003,Subject328,1,laugh,,,positionright,validityvalid,test,4,positive,singlestim,303,364257,380,1030610,77,dotpositionright,singlestim,304,364697,1030620,m,correct,1,,1,trialend,singlestim,305,365719,1030630,1015