"","SubjectID","rt","stimulus","keypress","word","wordposition","validity","block","blocknum","wordtype","trialtype","trialindex","timeelapsed","rt.1","stimulus.1","keypress.1","dotposition","trialtype.1","trialindex.1","timeelapsed.1","keypressed","participantresponse","correctresponse","rt.2","stimulus.2","keypress.2","blocktrial","trialtype.2","trialindex.2","timeelapsed.2"
"281","Subject316","100010","1","â€šÃ³Ã¨","1","dotpositionleft","singlestim","52","87369","100020","","incorrect","1","1","trialend","singlestim","53","88381","100030","1","1","museum","positionleft","validityvalid","test","3","neutral","singlestim","55","90383"
"578","Subject316","1","â€šÃ³Ã¨","1","dotpositionleft","singlestim","56","92435","100060","","incorrect","1","","trialend","singlestim","57","93449","100070","1","metermeter","meter","positionleft","validityvalid","test","3","neutral","singlestim","59","95452","100090"
"875","Subject316","â€šÃ³Ã¨","1","dotpositionleft","singlestim","60","97513","1000100","","incorrect","1","","1","singlestim","61","98525","1000110","1","bombbomb","1","positionright","validityvalid","test","3","negative","singlestim","63","100528","1000130","1"
"1172","Subject316","1","dotpositionright","singlestim","64","102585","1000140","","incorrect","1","","1","trialend","65","103600","1000150","1","strongstrong","1","strong","validityvalid","test","3","positive","singlestim","67","105604","1000170","1","â€šÃ³Ã¨"
"1469","Subject316","dotpositionleft","singlestim","68","107660","1000180","","incorrect","1","","1","trialend","singlestim","108671","1000190","1","greengreen","1","green","positionright","test","3","neutral","singlestim","71","110674","1000210","1","â€šÃ³Ã¨","1"
"1766","Subject316","singlestim","72","112730","1000220","","incorrect","1","","1","trialend","singlestim","73","1000230","1","deaddead","1","dead","positionleft","validityinvalid","3","suicide","singlestim","75","115745","1000250","1","â€šÃ³Ã¨","1","dotpositionright"
"2063","Subject316","76","117808","1000260","","incorrect","1","","1","trialend","singlestim","77","118821","1","cuttingcutting","1","cutting","positionright","validityvalid","test","suicide","singlestim","79","120825","1000290","1","â€šÃ³Ã¨","1","dotpositionright","singlestim"
"2360","Subject316","122881","1000300","","incorrect","1","","1","trialend","singlestim","81","123894","1000310","happyhappy","1","happy","positionright","validityvalid","test","3","singlestim","83","125897","1000330","1","â€šÃ³Ã¨","1","dotpositionright","singlestim","84"
"2657","Subject316","1000340","","incorrect","1","","1","trialend","singlestim","85","128966","1000350","1","1","rejected","positionright","validityvalid","test","3","negative","87","130971","1000370","1","â€šÃ³Ã¨","1","dotpositionright","singlestim","88","133027"
"2954","Subject316","","incorrect","1","","1","trialend","singlestim","89","134041","1000390","1","closetcloset","closet","positionright","validityinvalid","test","3","neutral","singlestim","136044","1000410","1","â€šÃ³Ã¨","1","dotpositionleft","singlestim","92","138101","1000420"
"3251","Subject316","incorrect","1","","1","trialend","singlestim","93","139114","1000430","1","assaultassault","1","positionleft","validityinvalid","test","3","negative","singlestim","95","1000450","1","â€šÃ³Ã¨","1","dotpositionright","singlestim","96","143177","1000460",""
"3548","Subject316","1","","1","trialend","singlestim","97","144189","1000470","1","smilesmile","1","smile","validityvalid","test","3","positive","singlestim","99","146195","1","â€šÃ³Ã¨","1","dotpositionleft","singlestim","100","148249","1000500","","incorrect"
"3845","Subject316","","1","trialend","singlestim","101","149261","1000510","1","diedie","1","die","positionright","test","3","suicide","singlestim","103","151265","1000530","â€šÃ³Ã¨","1","dotpositionright","singlestim","104","153322","1000540","","incorrect","1"
"4142","Subject316","1","trialend","singlestim","105","154334","1000550","1","touretoure","1","toure","positionleft","validityvalid","3","negative","singlestim","107","156338","1000570","1","1","dotpositionleft","singlestim","108","158394","1000580","","incorrect","1",""
"4439","Subject316","trialend","singlestim","109","159408","1000590","1","dyingdying","1","dying","positionleft","validityvalid","test","suicide","singlestim","111","161413","1000610","1","â€šÃ³Ã¨","dotpositionleft","singlestim","112","163468","1000620","","incorrect","1","","1"
"4736","Subject316","singlestim","113","164480","1000630","1","hatehate","1","hate","positionright","validityinvalid","test","1","singlestim","115","166484","101010","1","â€šÃ³Ã¨","1","singlestim","116","168540","101020","","incorrect","1","","1","trialend"
"5033","Subject316","117","169552","101030","1","attractionattraction","1","attraction","positionright","validityvalid","test","1","positive","119","171557","101050","1","â€šÃ³Ã¨","1","dotpositionright","120","173612","101060","","incorrect","1","","1","trialend","singlestim"
"5330","Subject316","174625","101070","1","funeralfuneral","1","funeral","positionright","validityvalid","test","1","suicide","singlestim","176630","101090","1","â€šÃ³Ã¨","1","dotpositionright","singlestim","178690","1010100","","incorrect","1","","1","trialend","singlestim","125"
"5627","Subject316","1010110","1","foldedfolded","1","folded","positionleft","validityvalid","test","1","neutral","singlestim","127","1010130","1","â€šÃ³Ã¨","1","dotpositionleft","singlestim","128","1010140","","incorrect","1","","1","trialend","singlestim","129","184775"
"5924","Subject316","1","vomitvomit","1","vomit","positionleft","validityvalid","test","1","negative","singlestim","131","186781","1","â€šÃ³Ã¨","1","dotpositionleft","singlestim","132","188836","","incorrect","1","","1","trialend","singlestim","133","189848","1010190"
"6221","Subject316","healthyhealthy","1","healthy","positionleft","validityinvalid","test","1","positive","singlestim","135","191853","1010210","â€šÃ³Ã¨","1","dotpositionright","singlestim","136","193909","1010220","incorrect","1","","1","trialend","singlestim","137","194921","1010230","1"
"6518","Subject316","1","blood","positionleft","validityvalid","test","1","suicide","singlestim","139","196928","1010250","1","1","dotpositionleft","singlestim","140","198986","1010260","","1","","1","trialend","singlestim","141","199998","1010270","1","greatgreat"
"6815","Subject316","great","positionright","validityvalid","test","1","positive","singlestim","143","202002","1010290","1","â€šÃ³Ã¨","dotpositionright","singlestim","144","204059","1010300","","incorrect","","1","trialend","singlestim","145","205072","1010310","1","paradiseparadise","1"
"7112","Subject316","positionleft","validityvalid","test","1","positive","singlestim","147","207078","1010330","1","â€šÃ³Ã¨","1","singlestim","148","209132","1010340","","incorrect","1","1","trialend","singlestim","149","210144","1010350","1","cheesecheese","1","cheese"
"7409","Subject316","validityvalid","test","1","neutral","singlestim","151","212148","1010370","1","â€šÃ³Ã¨","1","dotpositionright","152","214203","1010380","","incorrect","1","","trialend","singlestim","153","215216","1010390","1","cryingcrying","1","crying","positionright"
"7706","Subject316","test","1","negative","singlestim","155","217222","1010410","1","â€šÃ³Ã¨","1","dotpositionright","singlestim","219277","1010420","","incorrect","1","","1","singlestim","157","220290","1010430","1","imageimage","1","image","positionleft","validityvalid"
"8003","Subject316","1","neutral","singlestim","159","222294","1010450","1","â€šÃ³Ã¨","1","dotpositionleft","singlestim","160","1010460","","incorrect","1","","1","trialend","161","225361","1010470","1","statuestatue","1","statue","positionright","validityinvalid","test"
"8300","Subject316","neutral","singlestim","163","227365","1010490","1","â€šÃ³Ã¨","1","dotpositionleft","singlestim","164","229421","","incorrect","1","","1","trialend","singlestim","230436","1010510","1","patheticpathetic","1","pathetic","positionleft","validityvalid","test","1"
"8597","Subject316","singlestim","167","232442","1010530","1","â€šÃ³Ã¨","1","dotpositionleft","singlestim","168","234497","1010540","incorrect","1","","1","trialend","singlestim","169","1010550","1","gunshotgunshot","1","gunshot","positionright","validityvalid","test","1","suicide"
"8894","Subject316","171","237518","1010570","1","â€šÃ³Ã¨","1","dotpositionright","singlestim","172","239574","1010580","","1","","1","trialend","singlestim","173","240587","1","suffocationsuffocation","1","suffocation","positionleft","validityinvalid","test","1","suicide","singlestim"
"9191","Subject316","242593","1010610","1","â€šÃ³Ã¨","1","dotpositionright","singlestim","176","244653","1010620","","incorrect","","1","trialend","singlestim","177","245666","1010630","abuseabuse","1","abuse","positionright","validityvalid","test","2","negative","singlestim","179"
"9488","Subject316","102010","1","â€šÃ³Ã¨","1","dotpositionright","singlestim","180","249725","102020","","incorrect","1","1","trialend","singlestim","181","250739","102030","1","1","foam","positionright","validityvalid","test","2","neutral","singlestim","183","252745"
"9785","Subject316","1","â€šÃ³Ã¨","1","dotpositionright","singlestim","184","254801","102060","","incorrect","1","","trialend","singlestim","185","255814","102070","1","paperpaper","paper","positionleft","validityvalid","test","2","neutral","singlestim","187","257818","102090"
"10082","Subject316","â€šÃ³Ã¨","1","dotpositionleft","singlestim","188","259873","1020100","","incorrect","1","","1","singlestim","189","260885","1020110","1","tabletable","1","positionright","validityvalid","test","2","neutral","singlestim","191","262888","1020130","1"
"10379","Subject316","1","dotpositionright","singlestim","192","264946","1020140","","incorrect","1","","1","trialend","193","265958","1020150","1","deathdeath","1","death","validityvalid","test","2","suicide","singlestim","195","267962","1020170","1","â€šÃ³Ã¨"
"10676","Subject316","dotpositionright","singlestim","196","270018","1020180","","incorrect","1","","1","trialend","singlestim","271033","1020190","1","failurefailure","1","failure","positionleft","test","2","negative","singlestim","199","273035","1020210","1","â€šÃ³Ã¨","1"
"10973","Subject316","singlestim","200","275088","1020220","","incorrect","1","","1","trialend","singlestim","201","1020230","1","filthyfilthy","1","filthy","positionleft","validityinvalid","2","negative","singlestim","203","278104","1020250","1","â€šÃ³Ã¨","1","dotpositionright"
"11270","Subject316","204","280158","1020260","","incorrect","1","","1","trialend","singlestim","205","281172","1","pleasurepleasure","1","pleasure","positionleft","validityvalid","test","positive","singlestim","207","283180","1020290","1","â€šÃ³Ã¨","1","dotpositionleft","singlestim"
"11567","Subject316","285236","1020300","","incorrect","1","","1","trialend","singlestim","209","286249","1020310","lovelove","1","love","positionright","validityinvalid","test","2","singlestim","211","288254","1020330","728","â€šÃ³Ã¨","67","dotpositionleft","singlestim","212"
"11864","Subject316","1020340","c","left","correct","1","","1","trialend","singlestim","213","290050","1020350","horsehorse","1","horse","positionleft","validityinvalid","test","2","singlestim","215","292058","1020370","394","â€šÃ³Ã¨","77","dotpositionright","singlestim","216"
"12161","Subject316","1020380","m","right","correct","1","","1","trialend","singlestim","217","293523","1020390","corpsecorpse","1","corpse","positionleft","validityvalid","test","2","singlestim","219","295532","1020410","546","â€šÃ³Ã¨","67","dotpositionleft","singlestim","220"
"12458","Subject316","1020420","c","left","correct","1","","1","trialend","singlestim","221","297146","1020430","braverybravery","1","bravery","positionleft","validityvalid","test","2","singlestim","223","299154","1020450","666","â€šÃ³Ã¨","67","dotpositionleft","singlestim","224"
"12755","Subject316","1020460","c","left","correct","1","","1","trialend","singlestim","225","300920","1020470","enthusiasmenthusiasm","1","enthusiasm","positionright","validityvalid","test","2","singlestim","227","302933","1020490","465","â€šÃ³Ã¨","77","dotpositionright","singlestim","228"
"13052","Subject316","1020500","m","right","correct","212","","77","trialend","singlestim","229","304466","1020510","noosenoose","1","noose","positionleft","validityvalid","test","2","singlestim","231","306472","1020530","397","â€šÃ³Ã¨","67","dotpositionleft","singlestim","232"
"13349","Subject316","1020540","c","left","correct","1","","1","trialend","singlestim","233","307937","1020550","cruelcruel","1","cruel","positionright","validityvalid","test","2","singlestim","235","309943","1020570","211","â€šÃ³Ã¨","77","dotpositionright","singlestim","236"
"13646","Subject316","1020580","m","right","correct","1","","1","trialend","singlestim","237","311225","1020590","overdoseoverdose","1","overdose","positionright","validityinvalid","test","2","singlestim","239","313234","1020610","345","â€šÃ³Ã¨","67","dotpositionleft","singlestim","240"
"13943","Subject316","1020620","c","left","correct","1","","1","trialend","singlestim","241","314649","1020630","alonealone","1","alone","positionleft","validityvalid","test","4","singlestim","243","316659","103010","352","â€šÃ³Ã¨","67","dotpositionleft","singlestim","244"
"14240","Subject316","103020","c","left","correct","1","","1","trialend","singlestim","245","318080","103030","stupidstupid","1","stupid","positionleft","validityvalid","test","4","singlestim","247","320088","103050","282","â€šÃ³Ã¨","67","dotpositionleft","singlestim","248"
"14537","Subject316","103060","c","left","correct","1","","1","trialend","singlestim","249","321438","103070","ecstaticecstatic","1","ecstatic","positionright","validityvalid","test","4","singlestim","251","323444","103090","235","â€šÃ³Ã¨","77","dotpositionright","singlestim","252"
"14834","Subject316","1030100","m","right","correct","1","","1","trialend","singlestim","253","324743","1030110","killingkilling","1","killing","positionleft","validityvalid","test","4","singlestim","255","326751","1030130","228","â€šÃ³Ã¨","67","dotpositionleft","singlestim","256"
"15131","Subject316","1030140","c","left","correct","1","","1","trialend","singlestim","257","328046","1030150","hanginghanging","1","hanging","positionleft","validityvalid","test","4","singlestim","259","330059","1030170","265","â€šÃ³Ã¨","67","dotpositionleft","singlestim","260"
"15428","Subject316","1030180","c","left","correct","1","","1","trialend","singlestim","261","331389","1030190","engineengine","1","engine","positionleft","validityvalid","test","4","singlestim","263","333394","1030210","272","â€šÃ³Ã¨","67","dotpositionleft","singlestim","264"
"15725","Subject316","1030220","c","left","correct","1","","1","trialend","singlestim","265","334735","1030230","deceaseddeceased","1","deceased","positionright","validityvalid","test","4","singlestim","267","336746","1030250","203","â€šÃ³Ã¨","77","dotpositionright","singlestim","268"
"16022","Subject316","1030260","m","right","correct","1","","1","trialend","singlestim","269","338012","1030270","successsuccess","1","success","positionleft","validityvalid","test","4","singlestim","271","340024","1030290","204","â€šÃ³Ã¨","67","dotpositionleft","singlestim","272"
"16319","Subject316","1030300","c","left","correct","194","","67","trialend","singlestim","273","341296","1030310","wohlesswohless","1","wohless","positionright","validityvalid","test","4","singlestim","275","343303","1030330","168","â€šÃ³Ã¨","77","dotpositionright","singlestim","276"
"16616","Subject316","1030340","m","right","correct","1","","1","trialend","singlestim","277","344543","1030350","doubledouble","1","double","positionright","validityvalid","test","4","singlestim","279","346552","1030370","275","â€šÃ³Ã¨","77","dotpositionright","singlestim","280"
"16913","Subject316","1030380","m","right","correct","1","","1","trialend","singlestim","281","347893","1030390","passionatepassionate","1","passionate","positionleft","validityinvalid","test","4","singlestim","283","349902","1030410","605","â€šÃ³Ã¨","77","dotpositionright","singlestim","284"
"17210","Subject316","1030420","m","right","correct","1","","1","trialend","singlestim","285","351573","1030430","laughlaugh","1","laugh","positionright","validityvalid","test","4","singlestim","287","353582","1030450","324","â€šÃ³Ã¨","77","dotpositionright","singlestim","288"
"17507","Subject316","1030460","m","right","correct","1","","1","trialend","singlestim","289","354974","1030470","ashamedashamed","1","ashamed","positionright","validityinvalid","test","4","singlestim","291","356982","1030490","186","â€šÃ³Ã¨","77","dotpositionleft","singlestim","292"
"17804","Subject316","1030500","m","right","incorrect","1","","1","trialend","singlestim","293","358241","1030510","structurestructure","1","structure","positionright","validityvalid","test","4","singlestim","295","360250","1030530","337","â€šÃ³Ã¨","77","dotpositionright","singlestim","296"
"18101","Subject316","1030540","m","right","correct","1","","1","trialend","singlestim","297","361655","1030550","suicidesuicide","1","suicide","positionright","validityinvalid","test","4","singlestim","299","363663","1030570","388","â€šÃ³Ã¨","67","dotpositionleft","singlestim","300"
"18398","Subject316","1030580","c","left","correct","1","","1","trialend","singlestim","301","365119","1030590","frameframe","1","frame","positionleft","validityinvalid","test","4","singlestim","303","367131","1030610","341","â€šÃ³Ã¨","77","dotpositionright","singlestim","304"
"18695","Subject316","1030620","m","right","correct","1","","1","trialend","singlestim","305","368543","1030630","timeout","textTimed","306","369548","1040","","","","","","","","","","","",""
"18992","Subject316","","","","","","","","","","","","","","","","","","","","","","","","","","","","",""
