"","SubjectID","rt","stimulus","keypress","word","wordposition","validity","block","blocknum","wordtype","trialtype","trialindex","timeelapsed","rt.1","stimulus.1","keypress.1","dotposition","trialtype.1","trialindex.1","timeelapsed.1","keypressed","participantresponse","correctresponse","rt.2","stimulus.2","keypress.2","blocktrial","trialtype.2","trialindex.2","timeelapsed.2"
"4","Subject4","969","killingkilling","67","killing","positionleft","validityvalid","test","4","suicide","singlestim","51","125954","521","â€šÃ³Ã¨","67","dotpositionleft","singlestim","52","126528","c","left","correct","1","","1","trialend","singlestim","53","127540"
"301","Subject4","442","doubledouble","77","double","positionright","validityvalid","test","4","neutral","singlestim","55","129544","394","â€šÃ³Ã¨","77","dotpositionright","singlestim","56","129991","m","right","correct","1","","1","trialend","singlestim","57","131004"
"598","Subject4","640","stupidstupid","67","stupid","positionleft","validityvalid","test","4","negative","singlestim","59","133009","355","â€šÃ³Ã¨","67","dotpositionleft","singlestim","60","133416","c","left","correct","1","","1","trialend","singlestim","61","134429"
"895","Subject4","654","engineengine","67","engine","positionleft","validityvalid","test","4","neutral","singlestim","63","136433","282","â€šÃ³Ã¨","67","dotpositionleft","singlestim","64","136767","c","left","correct","1","","1","trialend","singlestim","65","137780"
"1192","Subject4","591","successsuccess","67","success","positionleft","validityvalid","test","4","positive","singlestim","67","139785","256","â€šÃ³Ã¨","67","dotpositionleft","singlestim","68","140094","c","left","correct","1","","1","trialend","singlestim","69","141106"
"1489","Subject4","382","deceaseddeceased","77","deceased","positionright","validityvalid","test","4","suicide","singlestim","71","143111","1547","â€šÃ³Ã¨","77","dotpositionright","singlestim","72","144710","m","right","correct","1","","1","trialend","singlestim","73","145723"
"1786","Subject4","698","wohlesswohless","77","wohless","positionright","validityvalid","test","4","negative","singlestim","75","147727","706","â€šÃ³Ã¨","77","dotpositionright","singlestim","76","148486","m","right","correct","1","","1","trialend","singlestim","77","149499"
"2083","Subject4","595","ecstaticecstatic","77","ecstatic","positionright","validityvalid","test","4","positive","singlestim","79","151503","465","â€šÃ³Ã¨","77","dotpositionright","singlestim","80","152020","m","right","correct","1","","1","trialend","singlestim","81","153032"
"2380","Subject4","483","suicidesuicide","77","suicide","positionright","validityinvalid","test","4","suicide","singlestim","83","155036","362","â€šÃ³Ã¨","67","dotpositionleft","singlestim","84","155451","c","left","correct","1","","1","trialend","singlestim","85","156464"
"2677","Subject4","385","ashamedashamed","77","ashamed","positionright","validityinvalid","test","4","negative","singlestim","87","158468","277","â€šÃ³Ã¨","67","dotpositionleft","singlestim","88","158797","c","left","correct","1","","1","trialend","singlestim","89","159810"
"2974","Subject4","611","hanginghanging","67","hanging","positionleft","validityvalid","test","4","suicide","singlestim","91","161814","413","â€šÃ³Ã¨","67","dotpositionleft","singlestim","92","162280","c","left","correct","1","","1","trialend","singlestim","93","163293"
"3271","Subject4","516","passionatepassionate","67","passionate","positionleft","validityinvalid","test","4","positive","singlestim","95","165297","370","â€šÃ³Ã¨","77","dotpositionright","singlestim","96","165720","m","right","correct","1","","1","trialend","singlestim","97","166734"
"3568","Subject4","477","structurestructure","77","structure","positionright","validityvalid","test","4","neutral","singlestim","99","168737","426","â€šÃ³Ã¨","77","dotpositionright","singlestim","100","169216","m","right","correct","1","","1","trialend","singlestim","101","170229"
"3865","Subject4","477","laughlaugh","77","laugh","positionright","validityvalid","test","4","positive","singlestim","103","172233","288","â€šÃ³Ã¨","77","dotpositionright","singlestim","104","172572","m","right","correct","1","","1","trialend","singlestim","105","173585"
"4162","Subject4","428","alonealone","67","alone","positionleft","validityvalid","test","4","negative","singlestim","107","175588","407","â€šÃ³Ã¨","67","dotpositionleft","singlestim","108","176046","c","left","correct","1","","1","trialend","singlestim","109","177060"
"4459","Subject4","540","frameframe","67","frame","positionleft","validityinvalid","test","4","neutral","singlestim","111","179063","388","â€šÃ³Ã¨","77","dotpositionright","singlestim","112","179504","m","right","correct","1","","1","trialend","singlestim","113","180516"
"4756","Subject4","503","statuestatue","77","statue","positionright","validityinvalid","test","1","neutral","singlestim","115","182520","360","â€šÃ³Ã¨","67","dotpositionleft","singlestim","116","182932","c","left","correct","1","","1","trialend","singlestim","117","183946"
"5053","Subject4","456","cryingcrying","77","crying","positionright","validityvalid","test","1","negative","singlestim","119","185949","347","â€šÃ³Ã¨","77","dotpositionright","singlestim","120","186349","m","right","correct","1","","1","trialend","singlestim","121","187362"
"5350","Subject4","566","foldedfolded","67","folded","positionleft","validityvalid","test","1","neutral","singlestim","123","189365","408","â€šÃ³Ã¨","67","dotpositionleft","singlestim","124","189825","c","left","correct","1","","1","trialend","singlestim","125","190838"
"5647","Subject4","547","gunshotgunshot","77","gunshot","positionright","validityvalid","test","1","suicide","singlestim","127","192843","376","â€šÃ³Ã¨","77","dotpositionright","singlestim","128","193271","m","right","correct","1","","1","trialend","singlestim","129","194284"
"5944","Subject4","494","healthyhealthy","67","healthy","positionleft","validityinvalid","test","1","positive","singlestim","131","196287","374","â€šÃ³Ã¨","77","dotpositionright","singlestim","132","196714","m","right","correct","1","","1","trialend","singlestim","133","197727"
"6241","Subject4","541","funeralfuneral","77","funeral","positionright","validityvalid","test","1","suicide","singlestim","135","199732","552","â€šÃ³Ã¨","77","dotpositionright","singlestim","136","200336","m","right","correct","1","","1","trialend","singlestim","137","201351"
"6538","Subject4","461","bloodblood","67","blood","positionleft","validityvalid","test","1","suicide","singlestim","139","203355","390","â€šÃ³Ã¨","67","dotpositionleft","singlestim","140","203798","c","left","correct","1","","1","trialend","singlestim","141","204811"
"6835","Subject4","582","patheticpathetic","67","pathetic","positionleft","validityvalid","test","1","negative","singlestim","143","206815","381","â€šÃ³Ã¨","67","dotpositionleft","singlestim","144","207248","c","left","correct","1","","1","trialend","singlestim","145","208262"
"7132","Subject4","469","paradiseparadise","67","paradise","positionleft","validityvalid","test","1","positive","singlestim","147","210266","262","â€šÃ³Ã¨","67","dotpositionleft","singlestim","148","210579","c","left","correct","1","","1","trialend","singlestim","149","211592"
"7429","Subject4","865","imageimage","67","image","positionleft","validityvalid","test","1","neutral","singlestim","151","213595","330","â€šÃ³Ã¨","67","dotpositionleft","singlestim","152","213976","c","left","correct","1","","1","trialend","singlestim","153","214990"
"7726","Subject4","554","hatehate","77","hate","positionright","validityinvalid","test","1","negative","singlestim","155","216993","482","â€šÃ³Ã¨","67","dotpositionleft","singlestim","156","217527","c","left","correct","1","","1","trialend","singlestim","157","218540"
"8023","Subject4","594","greatgreat","77","great","positionright","validityvalid","test","1","positive","singlestim","159","220544","577","â€šÃ³Ã¨","77","dotpositionright","singlestim","160","221173","m","right","correct","1","","1","trialend","singlestim","161","222186"
"8320","Subject4","533","suffocationsuffocation","67","suffocation","positionleft","validityinvalid","test","1","suicide","singlestim","163","224189","412","â€šÃ³Ã¨","77","dotpositionright","singlestim","164","224653","m","right","correct","1","","1","trialend","singlestim","165","225666"
"8617","Subject4","496","vomitvomit","67","vomit","positionleft","validityvalid","test","1","negative","singlestim","167","227670","399","â€šÃ³Ã¨","67","dotpositionleft","singlestim","168","228122","c","left","correct","1","","1","trialend","singlestim","169","229134"
"8914","Subject4","562","cheesecheese","77","cheese","positionright","validityvalid","test","1","neutral","singlestim","171","231138","401","â€šÃ³Ã¨","77","dotpositionright","singlestim","172","231590","m","right","correct","1","","1","trialend","singlestim","173","232603"
"9211","Subject4","604","attractionattraction","77","attraction","positionright","validityvalid","test","1","positive","singlestim","175","234606","350","â€šÃ³Ã¨","77","dotpositionright","singlestim","176","235009","m","right","correct","1","","1","trialend","singlestim","177","236022"
"9508","Subject4","842","strongstrong","67","strong","positionleft","validityvalid","test","3","positive","singlestim","179","238025","417","â€šÃ³Ã¨","67","dotpositionleft","singlestim","180","238494","c","left","correct","1","","1","trialend","singlestim","181","239507"
"9805","Subject4","514","cuttingcutting","77","cutting","positionright","validityvalid","test","3","suicide","singlestim","183","241511","284","â€šÃ³Ã¨","77","dotpositionright","singlestim","184","241846","m","right","correct","1","","1","trialend","singlestim","185","242859"
"10102","Subject4","575","greengreen","77","green","positionright","validityvalid","test","3","neutral","singlestim","187","244862","272","â€šÃ³Ã¨","77","dotpositionright","singlestim","188","245187","m","right","correct","1","","1","trialend","singlestim","189","246200"
"10399","Subject4","444","diedie","77","die","positionright","validityvalid","test","3","suicide","singlestim","191","248204","231","â€šÃ³Ã¨","77","dotpositionright","singlestim","192","248486","m","right","correct","1","","1","trialend","singlestim","193","249499"
"10696","Subject4","576","museummuseum","67","museum","positionleft","validityvalid","test","3","neutral","singlestim","195","251501","319","â€šÃ³Ã¨","67","dotpositionleft","singlestim","196","251873","c","left","correct","1","","1","trialend","singlestim","197","252886"
"10993","Subject4","725","touretoure","67","toure","positionleft","validityvalid","test","3","negative","singlestim","199","254889","235","â€šÃ³Ã¨","67","dotpositionleft","singlestim","200","255176","c","left","correct","1","","1","trialend","singlestim","201","256189"
"11290","Subject4","730","bombbomb","77","bomb","positionright","validityvalid","test","3","negative","singlestim","203","258193","411","â€šÃ³Ã¨","77","dotpositionright","singlestim","204","258657","m","right","correct","1","","1","trialend","singlestim","205","259669"
"11587","Subject4","668","deaddead","67","dead","positionleft","validityinvalid","test","3","suicide","singlestim","207","261673","243","â€šÃ³Ã¨","67","dotpositionright","singlestim","208","261968","c","left","incorrect","1","","1","trialend","singlestim","209","262982"
"11884","Subject4","489","rejectedrejected","77","rejected","positionright","validityvalid","test","3","negative","singlestim","211","264986","398","â€šÃ³Ã¨","77","dotpositionright","singlestim","212","265436","m","right","correct","1","","1","trialend","singlestim","213","266448"
"12181","Subject4","598","metermeter","67","meter","positionleft","validityvalid","test","3","neutral","singlestim","215","268452","507","â€šÃ³Ã¨","67","dotpositionleft","singlestim","216","269012","c","left","correct","1","","1","trialend","singlestim","217","270024"
"12478","Subject4","542","kisskiss","77","kiss","positionright","validityinvalid","test","3","positive","singlestim","219","272028","331","â€šÃ³Ã¨","67","dotpositionleft","singlestim","220","272410","c","left","correct","1","","1","trialend","singlestim","221","273424"
"12775","Subject4","703","dyingdying","67","dying","positionleft","validityvalid","test","3","suicide","singlestim","223","275428","463","â€šÃ³Ã¨","67","dotpositionleft","singlestim","224","275943","c","left","correct","1","","1","trialend","singlestim","225","276956"
"13072","Subject4","541","happyhappy","77","happy","positionright","validityvalid","test","3","positive","singlestim","227","278960","330","â€šÃ³Ã¨","77","dotpositionright","singlestim","228","279341","m","right","correct","1","","1","trialend","singlestim","229","280353"
"13369","Subject4","463","assaultassault","67","assault","positionleft","validityinvalid","test","3","negative","singlestim","231","282357","280","â€šÃ³Ã¨","77","dotpositionright","singlestim","232","282689","m","right","correct","1","","1","trialend","singlestim","233","283702"
"13666","Subject4","775","closetcloset","77","closet","positionright","validityinvalid","test","3","neutral","singlestim","235","285705","359","â€šÃ³Ã¨","67","dotpositionleft","singlestim","236","286115","c","left","correct","1","","1","trialend","singlestim","237","287127"
"13963","Subject4","818","smilesmile","67","smile","positionleft","validityvalid","test","3","positive","singlestim","239","289129","466","â€šÃ³Ã¨","67","dotpositionleft","singlestim","240","289646","c","left","correct","1","","1","trialend","singlestim","241","290659"
"14260","Subject4","697","pleasurepleasure","67","pleasure","positionleft","validityvalid","test","2","positive","singlestim","243","292663","613","â€šÃ³Ã¨","67","dotpositionleft","singlestim","244","293329","c","left","correct","1","","1","trialend","singlestim","245","294342"
"14557","Subject4","510","overdoseoverdose","77","overdose","positionright","validityinvalid","test","2","suicide","singlestim","247","296345","321","â€šÃ³Ã¨","67","dotpositionleft","singlestim","248","296717","c","left","correct","1","","1","trialend","singlestim","249","297730"
"14854","Subject4","527","horsehorse","67","horse","positionleft","validityinvalid","test","2","neutral","singlestim","251","299733","332","â€šÃ³Ã¨","77","dotpositionright","singlestim","252","300118","m","right","correct","1","","1","trialend","singlestim","253","301130"
"15151","Subject4","962","paperpaper","67","paper","positionleft","validityvalid","test","2","neutral","singlestim","255","303133","495","â€šÃ³Ã¨","67","dotpositionleft","singlestim","256","303680","c","left","correct","1","","1","trialend","singlestim","257","304692"
"15448","Subject4","593","noosenoose","67","noose","positionleft","validityvalid","test","2","suicide","singlestim","259","306697","305","â€šÃ³Ã¨","67","dotpositionleft","singlestim","260","307054","c","left","correct","1","","1","trialend","singlestim","261","308067"
"15745","Subject4","368","tabletable","77","table","positionright","validityvalid","test","2","neutral","singlestim","263","310071","331","â€šÃ³Ã¨","67","dotpositionright","singlestim","264","310454","c","left","incorrect","1","","1","trialend","singlestim","265","311468"
"16042","Subject4","481","corpsecorpse","67","corpse","positionleft","validityvalid","test","2","suicide","singlestim","267","313472","350","â€šÃ³Ã¨","67","dotpositionleft","singlestim","268","313875","c","left","correct","1","","1","trialend","singlestim","269","314887"
"16339","Subject4","592","filthyfilthy","67","filthy","positionleft","validityinvalid","test","2","negative","singlestim","271","316891","427","â€šÃ³Ã¨","77","dotpositionright","singlestim","272","317370","m","right","correct","1","","1","trialend","singlestim","273","318383"
"16636","Subject4","634","braverybravery","67","bravery","positionleft","validityvalid","test","2","positive","singlestim","275","320386","434","â€šÃ³Ã¨","67","dotpositionleft","singlestim","276","320872","c","left","correct","1","","1","trialend","singlestim","277","321885"
"16933","Subject4","408","deathdeath","77","death","positionright","validityvalid","test","2","suicide","singlestim","279","323889","394","â€šÃ³Ã¨","77","dotpositionright","singlestim","280","324335","m","right","correct","1","","1","trialend","singlestim","281","325348"
"17230","Subject4","622","enthusiasmenthusiasm","77","enthusiasm","positionright","validityvalid","test","2","positive","singlestim","283","327351","376","â€šÃ³Ã¨","77","dotpositionright","singlestim","284","327779","m","right","correct","1","","1","trialend","singlestim","285","328792"
"17527","Subject4","505","foamfoam","77","foam","positionright","validityvalid","test","2","neutral","singlestim","287","330796","385","â€šÃ³Ã¨","77","dotpositionright","singlestim","288","331233","m","right","correct","1","","1","trialend","singlestim","289","332246"
"17824","Subject4","600","lovelove","77","love","positionright","validityinvalid","test","2","positive","singlestim","291","334349","376","â€šÃ³Ã¨","67","dotpositionleft","singlestim","292","334777","c","left","correct","1","","1","trialend","singlestim","293","335790"
"18121","Subject4","970","failurefailure","67","failure","positionleft","validityvalid","test","2","negative","singlestim","295","337794","529","â€šÃ³Ã¨","67","dotpositionleft","singlestim","296","338376","c","left","correct","1","","1","trialend","singlestim","297","339389"
"18418","Subject4","534","abuseabuse","77","abuse","positionright","validityvalid","test","2","negative","singlestim","299","341392","310","â€šÃ³Ã¨","77","dotpositionright","singlestim","300","341754","m","right","correct","1","","1","trialend","singlestim","301","342766"
"18715","Subject4","588","cruelcruel","77","cruel","positionright","validityvalid","test","2","negative","singlestim","303","344770","393","â€šÃ³Ã¨","77","dotpositionright","singlestim","304","345215","m","right","correct","1","","1","trialend","singlestim","305","346228"
