"","SubjectID","rt","stimulus","keypress","word","wordposition","validity","block","blocknum","wordtype","trialtype","trialindex","timeelapsed","rt.1","stimulus.1","keypress.1","dotposition","trialtype.1","trialindex.1","timeelapsed.1","keypressed","participantresponse","correctresponse","rt.2","stimulus.2","keypress.2","blocktrial","trialtype.2","trialindex.2","timeelapsed.2"
"86","Subject91","1","tabletable","1","table","positionright","validityvalid","test","2","neutral","singlestim","51","97774","434","â€šÃ³Ã¨","77","dotpositionright","singlestim","52","98261","m","right","correct","1","","1","trialend","singlestim","53","99274"
"383","Subject91","1","horsehorse","1","horse","positionleft","validityinvalid","test","2","neutral","singlestim","55","101279","352","â€šÃ³Ã¨","77","dotpositionright","singlestim","56","101682","m","right","correct","1","","1","trialend","singlestim","57","102695"
"680","Subject91","1","braverybravery","1","bravery","positionleft","validityvalid","test","2","positive","singlestim","59","104700","370","â€šÃ³Ã¨","67","dotpositionleft","singlestim","60","105121","c","left","correct","1","","1","trialend","singlestim","61","106134"
"977","Subject91","1","failurefailure","1","failure","positionleft","validityvalid","test","2","negative","singlestim","63","108138","409","â€šÃ³Ã¨","67","dotpositionleft","singlestim","64","108599","c","left","correct","1","","1","trialend","singlestim","65","109612"
"1274","Subject91","1","corpsecorpse","1","corpse","positionleft","validityvalid","test","2","suicide","singlestim","67","111617","365","â€šÃ³Ã¨","67","dotpositionleft","singlestim","68","112033","c","left","correct","1","","1","trialend","singlestim","69","113046"
"1571","Subject91","1","cruelcruel","1","cruel","positionright","validityvalid","test","2","negative","singlestim","71","115050","394","â€šÃ³Ã¨","77","dotpositionright","singlestim","72","115496","m","right","correct","1","","1","trialend","singlestim","73","116510"
"1868","Subject91","1","noosenoose","1","noose","positionleft","validityvalid","test","2","suicide","singlestim","75","118514","429","â€šÃ³Ã¨","67","dotpositionleft","singlestim","76","118995","c","left","correct","1","","1","trialend","singlestim","77","120008"
"2165","Subject91","1","lovelove","1","love","positionright","validityinvalid","test","2","positive","singlestim","79","122013","347","â€šÃ³Ã¨","67","dotpositionleft","singlestim","80","122412","c","left","correct","1","","1","trialend","singlestim","81","123425"
"2462","Subject91","1","abuseabuse","1","abuse","positionright","validityvalid","test","2","negative","singlestim","83","125430","287","â€šÃ³Ã¨","77","dotpositionright","singlestim","84","125767","m","right","correct","1","","1","trialend","singlestim","85","126781"
"2759","Subject91","1","overdoseoverdose","1","overdose","positionright","validityinvalid","test","2","suicide","singlestim","87","128784","312","â€šÃ³Ã¨","67","dotpositionleft","singlestim","88","129147","c","left","correct","1","","1","trialend","singlestim","89","130160"
"3056","Subject91","1","pleasurepleasure","1","pleasure","positionleft","validityvalid","test","2","positive","singlestim","91","132164","344","â€šÃ³Ã¨","67","dotpositionleft","singlestim","92","132559","c","left","correct","1","","1","trialend","singlestim","93","133572"
"3353","Subject91","1","filthyfilthy","1","filthy","positionleft","validityinvalid","test","2","negative","singlestim","95","135576","390","â€šÃ³Ã¨","77","dotpositionright","singlestim","96","136018","m","right","correct","1","","1","trialend","singlestim","97","137032"
"3650","Subject91","515","foamfoam","77","foam","positionright","validityvalid","test","2","neutral","singlestim","99","139036","397","â€šÃ³Ã¨","77","dotpositionright","singlestim","100","139484","m","right","correct","1","","1","trialend","singlestim","101","140497"
"3947","Subject91","1","deathdeath","1","death","positionright","validityvalid","test","2","suicide","singlestim","103","142501","400","â€šÃ³Ã¨","77","dotpositionright","singlestim","104","142953","m","right","correct","1","","1","trialend","singlestim","105","143967"
"4244","Subject91","1","paperpaper","1","paper","positionleft","validityvalid","test","2","neutral","singlestim","107","145971","347","â€šÃ³Ã¨","67","dotpositionleft","singlestim","108","146369","c","left","correct","1","","1","trialend","singlestim","109","147383"
"4541","Subject91","1","enthusiasmenthusiasm","1","enthusiasm","positionright","validityvalid","test","2","positive","singlestim","111","149387","389","â€šÃ³Ã¨","77","dotpositionright","singlestim","112","149828","m","right","correct","1","","1","trialend","singlestim","113","150842"
"4838","Subject91","1","hanginghanging","1","hanging","positionleft","validityvalid","test","4","suicide","singlestim","115","152846","375","â€šÃ³Ã¨","67","dotpositionleft","singlestim","116","153272","c","left","correct","1","","1","trialend","singlestim","117","154285"
"5135","Subject91","1","passionatepassionate","1","passionate","positionleft","validityinvalid","test","4","positive","singlestim","119","156290","311","â€šÃ³Ã¨","77","dotpositionright","singlestim","120","156653","m","right","correct","1","","1","trialend","singlestim","121","157667"
"5432","Subject91","1","laughlaugh","1","laugh","positionright","validityvalid","test","4","positive","singlestim","123","159671","360","â€šÃ³Ã¨","77","dotpositionright","singlestim","124","160082","m","right","correct","1","","1","trialend","singlestim","125","161095"
"5729","Subject91","1","deceaseddeceased","1","deceased","positionright","validityvalid","test","4","suicide","singlestim","127","163099","374","â€šÃ³Ã¨","77","dotpositionright","singlestim","128","163525","m","right","correct","1","","1","trialend","singlestim","129","164538"
"6026","Subject91","1","wohlesswohless","1","wohless","positionright","validityvalid","test","4","negative","singlestim","131","166542","391","â€šÃ³Ã¨","77","dotpositionright","singlestim","132","166985","m","right","correct","1","","1","trialend","singlestim","133","167998"
"6323","Subject91","1","stupidstupid","1","stupid","positionleft","validityvalid","test","4","negative","singlestim","135","170002","435","â€šÃ³Ã¨","67","dotpositionleft","singlestim","136","170489","c","left","correct","1","","1","trialend","singlestim","137","171502"
"6620","Subject91","1","killingkilling","1","killing","positionleft","validityvalid","test","4","suicide","singlestim","139","173507","487","â€šÃ³Ã¨","67","dotpositionleft","singlestim","140","174045","c","left","correct","1","","1","trialend","singlestim","141","175058"
"6917","Subject91","1","successsuccess","1","success","positionleft","validityvalid","test","4","positive","singlestim","143","177062","506","â€šÃ³Ã¨","67","dotpositionleft","singlestim","144","177621","c","left","correct","1","","1","trialend","singlestim","145","178634"
"7214","Subject91","1","frameframe","1","frame","positionleft","validityinvalid","test","4","neutral","singlestim","147","180638","328","â€šÃ³Ã¨","77","dotpositionright","singlestim","148","181018","m","right","correct","1","","1","trialend","singlestim","149","182031"
"7511","Subject91","1","ecstaticecstatic","1","ecstatic","positionright","validityvalid","test","4","positive","singlestim","151","184036","373","â€šÃ³Ã¨","77","dotpositionright","singlestim","152","184462","m","right","correct","1","","1","trialend","singlestim","153","185475"
"7808","Subject91","1","ashamedashamed","1","ashamed","positionright","validityinvalid","test","4","negative","singlestim","155","187479","493","â€šÃ³Ã¨","67","dotpositionleft","singlestim","156","188025","c","left","correct","1","","1","trialend","singlestim","157","189038"
"8105","Subject91","1","engineengine","1","engine","positionleft","validityvalid","test","4","neutral","singlestim","159","191042","481","â€šÃ³Ã¨","67","dotpositionleft","singlestim","160","191575","c","left","correct","1","","1","trialend","singlestim","161","192590"
"8402","Subject91","1","suicidesuicide","1","suicide","positionright","validityinvalid","test","4","suicide","singlestim","163","194593","413","â€šÃ³Ã¨","67","dotpositionleft","singlestim","164","195059","c","left","correct","1","","1","trialend","singlestim","165","196072"
"8699","Subject91","1","alonealone","1","alone","positionleft","validityvalid","test","4","negative","singlestim","167","198076","415","â€šÃ³Ã¨","67","dotpositionleft","singlestim","168","198544","c","left","correct","1","","1","trialend","singlestim","169","199557"
"8996","Subject91","1","structurestructure","1","structure","positionright","validityvalid","test","4","neutral","singlestim","171","201562","401","â€šÃ³Ã¨","77","dotpositionright","singlestim","172","202015","m","right","correct","1","","1","trialend","singlestim","173","203028"
"9293","Subject91","1","doubledouble","1","double","positionright","validityvalid","test","4","neutral","singlestim","175","205033","438","â€šÃ³Ã¨","77","dotpositionright","singlestim","176","205523","m","right","correct","1","","1","trialend","singlestim","177","206536"
"9590","Subject91","1","metermeter","1","meter","positionleft","validityvalid","test","3","neutral","singlestim","179","208540","402","â€šÃ³Ã¨","67","dotpositionleft","singlestim","180","208995","c","left","correct","1","","1","trialend","singlestim","181","210008"
"9887","Subject91","1","dyingdying","1","dying","positionleft","validityvalid","test","3","suicide","singlestim","183","212012","459","â€šÃ³Ã¨","67","dotpositionleft","singlestim","184","212524","c","left","correct","1","","1","trialend","singlestim","185","213537"
"10184","Subject91","1","bombbomb","1","bomb","positionright","validityvalid","test","3","negative","singlestim","187","215541","547","â€šÃ³Ã¨","77","dotpositionright","singlestim","188","216140","m","right","correct","1","","1","trialend","singlestim","189","217153"
"10481","Subject91","1","cuttingcutting","1","cutting","positionright","validityvalid","test","3","suicide","singlestim","191","219157","420","â€šÃ³Ã¨","77","dotpositionright","singlestim","192","219630","m","right","correct","1","","1","trialend","singlestim","193","220643"
"10778","Subject91","1","assaultassault","1","assault","positionleft","validityinvalid","test","3","negative","singlestim","195","222648","442","â€šÃ³Ã¨","77","dotpositionright","singlestim","196","223141","m","right","correct","1","","1","trialend","singlestim","197","224153"
"11075","Subject91","1","happyhappy","1","happy","positionright","validityvalid","test","3","positive","singlestim","199","226159","415","â€šÃ³Ã¨","77","dotpositionright","singlestim","200","226627","m","right","correct","1","","1","trialend","singlestim","201","227640"
"11372","Subject91","1","greengreen","1","green","positionright","validityvalid","test","3","neutral","singlestim","203","229645","348","â€šÃ³Ã¨","77","dotpositionright","singlestim","204","230045","m","right","correct","1","","1","trialend","singlestim","205","231058"
"11669","Subject91","1","touretoure","1","toure","positionleft","validityvalid","test","3","negative","singlestim","207","233061","428","â€šÃ³Ã¨","67","dotpositionleft","singlestim","208","233541","c","left","correct","1","","1","trialend","singlestim","209","234555"
"11966","Subject91","1","smilesmile","1","smile","positionleft","validityvalid","test","3","positive","singlestim","211","236559","415","â€šÃ³Ã¨","67","dotpositionleft","singlestim","212","237027","c","left","correct","1","","1","trialend","singlestim","213","238040"
"12263","Subject91","1","diedie","1","die","positionright","validityvalid","test","3","suicide","singlestim","215","240044","348","â€šÃ³Ã¨","77","dotpositionright","singlestim","216","240445","m","right","correct","1","","1","trialend","singlestim","217","241458"
"12560","Subject91","1","deaddead","1","dead","positionleft","validityinvalid","test","3","suicide","singlestim","219","243462","458","â€šÃ³Ã¨","77","dotpositionright","singlestim","220","243971","m","right","correct","1","","1","trialend","singlestim","221","244985"
"12857","Subject91","1","museummuseum","1","museum","positionleft","validityvalid","test","3","neutral","singlestim","223","246990","556","â€šÃ³Ã¨","67","dotpositionleft","singlestim","224","247597","c","left","correct","1","","1","trialend","singlestim","225","248611"
"13154","Subject91","1","closetcloset","1","closet","positionright","validityinvalid","test","3","neutral","singlestim","227","250616","382","â€šÃ³Ã¨","67","dotpositionleft","singlestim","228","251049","c","left","correct","1","","1","trialend","singlestim","229","252062"
"13451","Subject91","1","rejectedrejected","1","rejected","positionright","validityvalid","test","3","negative","singlestim","231","254066","407","â€šÃ³Ã¨","77","dotpositionright","singlestim","232","254526","m","right","correct","1","","1","trialend","singlestim","233","255539"
"13748","Subject91","1","kisskiss","1","kiss","positionright","validityinvalid","test","3","positive","singlestim","235","257543","464","â€šÃ³Ã¨","67","dotpositionleft","singlestim","236","258058","c","left","correct","1","","1","trialend","singlestim","237","259072"
"14045","Subject91","1","strongstrong","1","strong","positionleft","validityvalid","test","3","positive","singlestim","239","261076","408","â€šÃ³Ã¨","67","dotpositionleft","singlestim","240","261537","c","left","correct","1","","1","trialend","singlestim","241","262550"
"14342","Subject91","1","attractionattraction","1","attraction","positionright","validityvalid","test","1","positive","singlestim","243","264555","361","â€šÃ³Ã¨","77","dotpositionright","singlestim","244","264967","m","right","correct","1","","1","trialend","singlestim","245","265980"
"14639","Subject91","1","bloodblood","1","blood","positionleft","validityvalid","test","1","suicide","singlestim","247","267984","421","â€šÃ³Ã¨","67","dotpositionleft","singlestim","248","268457","c","left","correct","1","","1","trialend","singlestim","249","269471"
"14936","Subject91","1","hatehate","1","hate","positionright","validityinvalid","test","1","negative","singlestim","251","271475","434","â€šÃ³Ã¨","67","dotpositionleft","singlestim","252","271961","c","left","correct","1","","1","trialend","singlestim","253","272974"
"15233","Subject91","1","vomitvomit","1","vomit","positionleft","validityvalid","test","1","negative","singlestim","255","274978","398","â€šÃ³Ã¨","67","dotpositionleft","singlestim","256","275428","c","left","correct","1","","1","trialend","singlestim","257","276441"
"15530","Subject91","1","cheesecheese","1","cheese","positionright","validityvalid","test","1","neutral","singlestim","259","278446","397","â€šÃ³Ã¨","77","dotpositionright","singlestim","260","278893","m","right","correct","1","","1","trialend","singlestim","261","279907"
"15827","Subject91","1","patheticpathetic","1","pathetic","positionleft","validityvalid","test","1","negative","singlestim","263","281911","432","â€šÃ³Ã¨","67","dotpositionleft","singlestim","264","282395","c","left","correct","1","","1","trialend","singlestim","265","283409"
"16124","Subject91","1","healthyhealthy","1","healthy","positionleft","validityinvalid","test","1","positive","singlestim","267","285412","489","â€šÃ³Ã¨","77","dotpositionright","singlestim","268","285952","m","right","correct","1","","1","trialend","singlestim","269","286966"
"16421","Subject91","1","statuestatue","1","statue","positionright","validityinvalid","test","1","neutral","singlestim","271","288970","574","â€šÃ³Ã¨","67","dotpositionleft","singlestim","272","289597","c","left","correct","1","","1","trialend","singlestim","273","290610"
"16718","Subject91","1","foldedfolded","1","folded","positionleft","validityvalid","test","1","neutral","singlestim","275","292614","534","â€šÃ³Ã¨","67","dotpositionleft","singlestim","276","293200","c","left","correct","1","","1","trialend","singlestim","277","294214"
"17015","Subject91","1","gunshotgunshot","1","gunshot","positionright","validityvalid","test","1","suicide","singlestim","279","296218","424","â€šÃ³Ã¨","77","dotpositionright","singlestim","280","296694","m","right","correct","1","","1","trialend","singlestim","281","297708"
"17312","Subject91","1","suffocationsuffocation","1","suffocation","positionleft","validityinvalid","test","1","suicide","singlestim","283","299712","601","â€šÃ³Ã¨","77","dotpositionright","singlestim","284","300365","m","right","correct","1","","1","trialend","singlestim","285","301379"
"17609","Subject91","1","cryingcrying","1","crying","positionright","validityvalid","test","1","negative","singlestim","287","303383","395","â€šÃ³Ã¨","77","dotpositionright","singlestim","288","303831","m","right","correct","1","","1","trialend","singlestim","289","304844"
"17906","Subject91","1","paradiseparadise","1","paradise","positionleft","validityvalid","test","1","positive","singlestim","291","306849","450","â€šÃ³Ã¨","67","dotpositionleft","singlestim","292","307350","c","left","correct","1","","1","trialend","singlestim","293","308364"
"18203","Subject91","1","funeralfuneral","1","funeral","positionright","validityvalid","test","1","suicide","singlestim","295","310368","505","â€šÃ³Ã¨","77","dotpositionright","singlestim","296","310925","m","right","correct","1","","1","trialend","singlestim","297","311939"
"18500","Subject91","1","greatgreat","1","great","positionright","validityvalid","test","1","positive","singlestim","299","313944","670","â€šÃ³Ã¨","77","dotpositionright","singlestim","300","314666","m","right","correct","1","","1","trialend","singlestim","301","315679"
"18797","Subject91","1","imageimage","1","image","positionleft","validityvalid","test","1","neutral","singlestim","303","317684","419","â€šÃ³Ã¨","67","dotpositionleft","singlestim","304","318154","c","left","correct","1","","1","trialend","singlestim","305","319168"
