"","SubjectID","rt","stimulus","keypress","word","wordposition","validity","block","blocknum","wordtype","trialtype","trialindex","timeelapsed","rt.1","stimulus.1","keypress.1","dotposition","trialtype.1","trialindex.1","timeelapsed.1","keypressed","participantresponse","correctresponse","rt.2","stimulus.2","keypress.2","blocktrial","trialtype.2","trialindex.2","timeelapsed.2"
"164","Subject192","1","kisskiss","1","kiss","positionright","validityinvalid","test","3","positive","singlestim","51","230021","471","â€šÃ³Ã¨","67","dotpositionleft","singlestim","52","230547","c","left","correct","1","","1","trialend","singlestim","53","231562"
"461","Subject192","1","bombbomb","1","bomb","positionright","validityvalid","test","3","negative","singlestim","55","233573","417","â€šÃ³Ã¨","77","dotpositionright","singlestim","56","234046","m","right","correct","1","","1","trialend","singlestim","57","235062"
"758","Subject192","1","assaultassault","1","assault","positionleft","validityinvalid","test","3","negative","singlestim","59","237070","422","â€šÃ³Ã¨","77","dotpositionright","singlestim","60","237549","m","right","correct","1","","1","trialend","singlestim","61","238564"
"1055","Subject192","1","museummuseum","1","museum","positionleft","validityvalid","test","3","neutral","singlestim","63","240577","481","â€šÃ³Ã¨","67","dotpositionleft","singlestim","64","241112","c","left","correct","1","","1","trialend","singlestim","65","242129"
"1352","Subject192","1","cuttingcutting","1","cutting","positionright","validityvalid","test","3","suicide","singlestim","67","244140","414","â€šÃ³Ã¨","77","dotpositionright","singlestim","68","244608","m","right","correct","1","","1","trialend","singlestim","69","245626"
"1649","Subject192","1","smilesmile","1","smile","positionleft","validityvalid","test","3","positive","singlestim","71","247639","368","â€šÃ³Ã¨","67","dotpositionleft","singlestim","72","248060","c","left","correct","1","","1","trialend","singlestim","73","249076"
"1946","Subject192","1","closetcloset","1","closet","positionright","validityinvalid","test","3","neutral","singlestim","75","251088","541","â€šÃ³Ã¨","67","dotpositionleft","singlestim","76","251684","c","left","correct","1","","1","trialend","singlestim","77","252701"
"2243","Subject192","1","diedie","1","die","positionright","validityvalid","test","3","suicide","singlestim","79","254712","417","â€šÃ³Ã¨","77","dotpositionright","singlestim","80","255185","m","right","correct","1","","1","trialend","singlestim","81","256201"
"2540","Subject192","1","touretoure","1","toure","positionleft","validityvalid","test","3","negative","singlestim","83","258212","508","â€šÃ³Ã¨","67","dotpositionleft","singlestim","84","258775","c","left","correct","1","","1","trialend","singlestim","85","259790"
"2837","Subject192","1","metermeter","1","meter","positionleft","validityvalid","test","3","neutral","singlestim","87","261802","401","â€šÃ³Ã¨","67","dotpositionleft","singlestim","88","262257","c","left","correct","1","","1","trialend","singlestim","89","263273"
"3134","Subject192","1","rejectedrejected","1","rejected","positionright","validityvalid","test","3","negative","singlestim","91","265284","405","â€šÃ³Ã¨","77","dotpositionright","singlestim","92","265745","m","right","correct","1","","1","trialend","singlestim","93","266761"
"3431","Subject192","1","happyhappy","1","happy","positionright","validityvalid","test","3","positive","singlestim","95","268772","367","â€šÃ³Ã¨","77","dotpositionright","singlestim","96","269195","m","right","correct","1","","1","trialend","singlestim","97","270212"
"3728","Subject192","1","strongstrong","1","strong","positionleft","validityvalid","test","3","positive","singlestim","99","272225","386","â€šÃ³Ã¨","67","dotpositionleft","singlestim","100","272665","c","left","correct","1","","1","trialend","singlestim","101","273680"
"4025","Subject192","1","dyingdying","1","dying","positionleft","validityvalid","test","3","suicide","singlestim","103","275691","388","â€šÃ³Ã¨","67","dotpositionleft","singlestim","104","276134","c","left","correct","1","","1","trialend","singlestim","105","277151"
"4322","Subject192","1","greengreen","1","green","positionright","validityvalid","test","3","neutral","singlestim","107","279163","364","â€šÃ³Ã¨","77","dotpositionright","singlestim","108","279578","m","right","correct","1","","1","trialend","singlestim","109","280596"
"4619","Subject192","1","deaddead","1","dead","positionleft","validityinvalid","test","3","suicide","singlestim","111","282608","451","â€šÃ³Ã¨","77","dotpositionright","singlestim","112","283116","m","right","correct","1","","1","trialend","singlestim","113","284133"
"4916","Subject192","1","engineengine","1","engine","positionleft","validityvalid","test","4","neutral","singlestim","115","286142","491","â€šÃ³Ã¨","67","dotpositionleft","singlestim","116","286688","c","left","correct","1","","1","trialend","singlestim","117","287703"
"5213","Subject192","1","wohlesswohless","1","wohless","positionright","validityvalid","test","4","negative","singlestim","119","289714","423","â€šÃ³Ã¨","77","dotpositionright","singlestim","120","290192","m","right","correct","1","","1","trialend","singlestim","121","291209"
"5510","Subject192","1","successsuccess","1","success","positionleft","validityvalid","test","4","positive","singlestim","123","293220","370","â€šÃ³Ã¨","67","dotpositionleft","singlestim","124","293642","c","left","correct","1","","1","trialend","singlestim","125","294659"
"5807","Subject192","1","suicidesuicide","1","suicide","positionright","validityinvalid","test","4","suicide","singlestim","127","296668","545","â€šÃ³Ã¨","67","dotpositionleft","singlestim","128","297269","c","left","correct","1","","1","trialend","singlestim","129","298281"
"6104","Subject192","1","ashamedashamed","1","ashamed","positionright","validityinvalid","test","4","negative","singlestim","131","300287","483","â€šÃ³Ã¨","67","dotpositionleft","singlestim","132","300825","c","left","correct","1","","1","trialend","singlestim","133","301842"
"6401","Subject192","1","hanginghanging","1","hanging","positionleft","validityvalid","test","4","suicide","singlestim","135","303853","555","â€šÃ³Ã¨","67","dotpositionleft","singlestim","136","304463","c","left","correct","1","","1","trialend","singlestim","137","305479"
"6698","Subject192","1","killingkilling","1","killing","positionleft","validityvalid","test","4","suicide","singlestim","139","307491","421","â€šÃ³Ã¨","67","dotpositionleft","singlestim","140","307969","c","left","correct","1","","1","trialend","singlestim","141","308984"
"6995","Subject192","1","doubledouble","1","double","positionright","validityvalid","test","4","neutral","singlestim","143","310995","662","â€šÃ³Ã¨","77","dotpositionright","singlestim","144","311712","m","right","correct","1","","1","trialend","singlestim","145","312727"
"7292","Subject192","1","stupidstupid","1","stupid","positionleft","validityvalid","test","4","negative","singlestim","147","314738","422","â€šÃ³Ã¨","67","dotpositionleft","singlestim","148","315214","c","left","correct","1","","1","trialend","singlestim","149","316231"
"7589","Subject192","1","ecstaticecstatic","1","ecstatic","positionright","validityvalid","test","4","positive","singlestim","151","318242","451","â€šÃ³Ã¨","77","dotpositionright","singlestim","152","318749","m","right","correct","1","","1","trialend","singlestim","153","319765"
"7886","Subject192","1","laughlaugh","1","laugh","positionright","validityvalid","test","4","positive","singlestim","155","321776","380","â€šÃ³Ã¨","77","dotpositionright","singlestim","156","322211","m","right","correct","1","","1","trialend","singlestim","157","323227"
"8183","Subject192","1","passionatepassionate","1","passionate","positionleft","validityinvalid","test","4","positive","singlestim","159","325240","425","â€šÃ³Ã¨","77","dotpositionright","singlestim","160","325722","m","right","correct","1","","1","trialend","singlestim","161","326735"
"8480","Subject192","1","alonealone","1","alone","positionleft","validityvalid","test","4","negative","singlestim","163","328749","355","â€šÃ³Ã¨","67","dotpositionleft","singlestim","164","329157","c","left","correct","1","","1","trialend","singlestim","165","330172"
"8777","Subject192","1","deceaseddeceased","1","deceased","positionright","validityvalid","test","4","suicide","singlestim","167","332183","486","â€šÃ³Ã¨","77","dotpositionright","singlestim","168","332723","m","right","correct","1","","1","trialend","singlestim","169","333738"
"9074","Subject192","1","structurestructure","1","structure","positionright","validityvalid","test","4","neutral","singlestim","171","335751","395","â€šÃ³Ã¨","77","dotpositionright","singlestim","172","336200","m","right","correct","1","","1","trialend","singlestim","173","337215"
"9371","Subject192","1","frameframe","1","frame","positionleft","validityinvalid","test","4","neutral","singlestim","175","339228","418","â€šÃ³Ã¨","77","dotpositionright","singlestim","176","339701","m","right","correct","1","","1","trialend","singlestim","177","340715"
"9668","Subject192","1","pleasurepleasure","1","pleasure","positionleft","validityvalid","test","2","positive","singlestim","179","342726","347","â€šÃ³Ã¨","67","dotpositionleft","singlestim","180","343128","c","left","correct","1","","1","trialend","singlestim","181","344142"
"9965","Subject192","1","noosenoose","1","noose","positionleft","validityvalid","test","2","suicide","singlestim","183","346154","688","â€šÃ³Ã¨","67","dotpositionleft","singlestim","184","346898","c","left","correct","1","","1","trialend","singlestim","185","347915"
"10262","Subject192","1","deathdeath","1","death","positionright","validityvalid","test","2","suicide","singlestim","187","349927","389","â€šÃ³Ã¨","77","dotpositionright","singlestim","188","350371","m","right","correct","1","","1","trialend","singlestim","189","351386"
"10559","Subject192","1","overdoseoverdose","1","overdose","positionright","validityinvalid","test","2","suicide","singlestim","191","353398","402","â€šÃ³Ã¨","67","dotpositionleft","singlestim","192","353855","c","left","correct","1","","1","trialend","singlestim","193","354872"
"10856","Subject192","1","cruelcruel","1","cruel","positionright","validityvalid","test","2","negative","singlestim","195","356882","500","â€šÃ³Ã¨","77","dotpositionright","singlestim","196","357439","m","right","correct","1","","1","trialend","singlestim","197","358455"
"11153","Subject192","1","horsehorse","1","horse","positionleft","validityinvalid","test","2","neutral","singlestim","199","360464","356","â€šÃ³Ã¨","77","dotpositionright","singlestim","200","360876","m","right","correct","1","","1","trialend","singlestim","201","361891"
"11450","Subject192","1","enthusiasmenthusiasm","1","enthusiasm","positionright","validityvalid","test","2","positive","singlestim","203","363903","439","â€šÃ³Ã¨","77","dotpositionright","singlestim","204","364397","m","right","correct","1","","1","trialend","singlestim","205","365414"
"11747","Subject192","1","paperpaper","1","paper","positionleft","validityvalid","test","2","neutral","singlestim","207","367425","448","â€šÃ³Ã¨","67","dotpositionleft","singlestim","208","367929","c","left","correct","1","","1","trialend","singlestim","209","368943"
"12044","Subject192","1","failurefailure","1","failure","positionleft","validityvalid","test","2","negative","singlestim","211","370952","542","â€šÃ³Ã¨","67","dotpositionleft","singlestim","212","371549","c","left","correct","1","","1","trialend","singlestim","213","372567"
"12341","Subject192","1","tabletable","1","table","positionright","validityvalid","test","2","neutral","singlestim","215","374579","357","â€šÃ³Ã¨","77","dotpositionright","singlestim","216","374991","m","right","correct","1","","1","trialend","singlestim","217","376008"
"12638","Subject192","1","corpsecorpse","1","corpse","positionleft","validityvalid","test","2","suicide","singlestim","219","378019","386","â€šÃ³Ã¨","67","dotpositionleft","singlestim","220","378460","c","left","correct","1","","1","trialend","singlestim","221","379475"
"12935","Subject192","1","abuseabuse","1","abuse","positionright","validityvalid","test","2","negative","singlestim","223","381486","388","â€šÃ³Ã¨","77","dotpositionright","singlestim","224","381930","m","right","correct","1","","1","trialend","singlestim","225","382946"
"13232","Subject192","1","braverybravery","1","bravery","positionleft","validityvalid","test","2","positive","singlestim","227","384958","378","â€šÃ³Ã¨","67","dotpositionleft","singlestim","228","385391","c","left","correct","1","","1","trialend","singlestim","229","386408"
"13529","Subject192","1","filthyfilthy","1","filthy","positionleft","validityinvalid","test","2","negative","singlestim","231","388420","365","â€šÃ³Ã¨","77","dotpositionright","singlestim","232","388839","m","right","correct","1","","1","trialend","singlestim","233","389856"
"13826","Subject192","1","lovelove","1","love","positionright","validityinvalid","test","2","positive","singlestim","235","391866","593","â€šÃ³Ã¨","67","dotpositionleft","singlestim","236","392515","c","left","correct","1","","1","trialend","singlestim","237","393533"
"14123","Subject192","1","foamfoam","1","foam","positionright","validityvalid","test","2","neutral","singlestim","239","395546","390","â€šÃ³Ã¨","77","dotpositionright","singlestim","240","395989","m","right","correct","1","","1","trialend","singlestim","241","397007"
"14420","Subject192","1","foldedfolded","1","folded","positionleft","validityvalid","test","1","neutral","singlestim","243","399018","428","â€šÃ³Ã¨","67","dotpositionleft","singlestim","244","399500","c","left","correct","1","","1","trialend","singlestim","245","400515"
"14717","Subject192","1","statuestatue","1","statue","positionright","validityinvalid","test","1","neutral","singlestim","247","402526","478","â€šÃ³Ã¨","67","dotpositionleft","singlestim","248","403059","c","left","correct","1","","1","trialend","singlestim","249","404076"
"15014","Subject192","1","gunshotgunshot","1","gunshot","positionright","validityvalid","test","1","suicide","singlestim","251","406087","390","â€šÃ³Ã¨","77","dotpositionright","singlestim","252","406532","m","right","correct","1","","1","trialend","singlestim","253","407547"
"15311","Subject192","1","paradiseparadise","1","paradise","positionleft","validityvalid","test","1","positive","singlestim","255","409559","341","â€šÃ³Ã¨","67","dotpositionleft","singlestim","256","409954","c","left","correct","1","","1","trialend","singlestim","257","410968"
"15608","Subject192","1","cryingcrying","1","crying","positionright","validityvalid","test","1","negative","singlestim","259","412980","551","â€šÃ³Ã¨","77","dotpositionright","singlestim","260","413586","m","right","correct","1","","1","trialend","singlestim","261","414602"
"15905","Subject192","1","bloodblood","1","blood","positionleft","validityvalid","test","1","suicide","singlestim","263","416613","384","â€šÃ³Ã¨","67","dotpositionleft","singlestim","264","417052","c","left","correct","1","","1","trialend","singlestim","265","418067"
"16202","Subject192","1","vomitvomit","1","vomit","positionleft","validityvalid","test","1","negative","singlestim","267","420080","387","â€šÃ³Ã¨","67","dotpositionleft","singlestim","268","420521","c","left","correct","1","","1","trialend","singlestim","269","421539"
"16499","Subject192","1","cheesecheese","1","cheese","positionright","validityvalid","test","1","neutral","singlestim","271","423549","474","â€šÃ³Ã¨","77","dotpositionright","singlestim","272","424079","m","right","correct","1","","1","trialend","singlestim","273","425096"
"16796","Subject192","1","suffocationsuffocation","1","suffocation","positionleft","validityinvalid","test","1","suicide","singlestim","275","427107","456","â€šÃ³Ã¨","77","dotpositionright","singlestim","276","427619","m","right","correct","1","","1","trialend","singlestim","277","428633"
"17093","Subject192","1","imageimage","1","image","positionleft","validityvalid","test","1","neutral","singlestim","279","430645","422","â€šÃ³Ã¨","67","dotpositionleft","singlestim","280","431122","c","left","correct","1","","1","trialend","singlestim","281","432139"
"17390","Subject192","1","healthyhealthy","1","healthy","positionleft","validityinvalid","test","1","positive","singlestim","283","434151","406","â€šÃ³Ã¨","77","dotpositionright","singlestim","284","434612","m","right","correct","1","","1","trialend","singlestim","285","435628"
"17687","Subject192","1","funeralfuneral","1","funeral","positionright","validityvalid","test","1","suicide","singlestim","287","437638","421","â€šÃ³Ã¨","77","dotpositionright","singlestim","288","438114","m","right","correct","1","","1","trialend","singlestim","289","439130"
"17984","Subject192","1","patheticpathetic","1","pathetic","positionleft","validityvalid","test","1","negative","singlestim","291","441144","448","â€šÃ³Ã¨","67","dotpositionleft","singlestim","292","441647","c","left","correct","1","","1","trialend","singlestim","293","442666"
"18281","Subject192","1","greatgreat","1","great","positionright","validityvalid","test","1","positive","singlestim","295","444676","382","â€šÃ³Ã¨","77","dotpositionright","singlestim","296","445114","m","right","correct","1","","1","trialend","singlestim","297","446130"
"18578","Subject192","1","attractionattraction","1","attraction","positionright","validityvalid","test","1","positive","singlestim","299","448142","551","â€šÃ³Ã¨","77","dotpositionright","singlestim","300","448747","m","right","correct","1","","1","trialend","singlestim","301","449764"
"18875","Subject192","1","hatehate","1","hate","positionright","validityinvalid","test","1","negative","singlestim","303","451777","480","â€šÃ³Ã¨","67","dotpositionleft","singlestim","304","452313","c","left","correct","1","","1","trialend","singlestim","305","453330"
