"","SubjectID","rt","stimulus","keypress","word","wordposition","validity","block","blocknum","wordtype","trialtype","trialindex","timeelapsed","rt.1","stimulus.1","keypress.1","dotposition","trialtype.1","trialindex.1","timeelapsed.1","keypressed","participantresponse","correctresponse","rt.2","stimulus.2","keypress.2","blocktrial","trialtype.2","trialindex.2","timeelapsed.2"
"88","Subject93","1","corpsecorpse","1","corpse","positionleft","validityvalid","test","2","suicide","singlestim","51","105653","289","â€šÃ³Ã¨","67","dotpositionleft","singlestim","52","105998","c","left","correct","1","","1","trialend","singlestim","53","107011"
"385","Subject93","1","noosenoose","1","noose","positionleft","validityvalid","test","2","suicide","singlestim","55","109019","318","â€šÃ³Ã¨","67","dotpositionleft","singlestim","56","109390","c","left","correct","1","","1","trialend","singlestim","57","110406"
"682","Subject93","1","paperpaper","1","paper","positionleft","validityvalid","test","2","neutral","singlestim","59","112414","264","â€šÃ³Ã¨","67","dotpositionleft","singlestim","60","112735","c","left","correct","1","","1","trialend","singlestim","61","113749"
"979","Subject93","1","horsehorse","1","horse","positionleft","validityinvalid","test","2","neutral","singlestim","63","115758","296","â€šÃ³Ã¨","77","dotpositionright","singlestim","64","116106","m","right","correct","1","","1","trialend","singlestim","65","117122"
"1276","Subject93","1","enthusiasmenthusiasm","1","enthusiasm","positionright","validityvalid","test","2","positive","singlestim","67","119130","304","â€šÃ³Ã¨","77","dotpositionright","singlestim","68","119486","m","right","correct","1","","1","trialend","singlestim","69","120500"
"1573","Subject93","1","braverybravery","1","bravery","positionleft","validityvalid","test","2","positive","singlestim","71","122510","310","â€šÃ³Ã¨","67","dotpositionleft","singlestim","72","122876","c","left","correct","1","","1","trialend","singlestim","73","123901"
"1870","Subject93","1","deathdeath","1","death","positionright","validityvalid","test","2","suicide","singlestim","75","125913","318","â€šÃ³Ã¨","77","dotpositionright","singlestim","76","126287","m","right","correct","1","","1","trialend","singlestim","77","127302"
"2167","Subject93","1","abuseabuse","1","abuse","positionright","validityvalid","test","2","negative","singlestim","79","129313","376","â€šÃ³Ã¨","77","dotpositionright","singlestim","80","129744","m","right","correct","1","","1","trialend","singlestim","81","130758"
"2464","Subject93","1","cruelcruel","1","cruel","positionright","validityvalid","test","2","negative","singlestim","83","132762","371","â€šÃ³Ã¨","77","dotpositionright","singlestim","84","133188","m","right","correct","1","","1","trialend","singlestim","85","134204"
"2761","Subject93","1","foamfoam","1","foam","positionright","validityvalid","test","2","neutral","singlestim","87","136212","335","â€šÃ³Ã¨","77","dotpositionright","singlestim","88","136599","m","right","correct","1","","1","trialend","singlestim","89","137617"
"3058","Subject93","1","lovelove","1","love","positionright","validityinvalid","test","2","positive","singlestim","91","139625","302","â€šÃ³Ã¨","67","dotpositionleft","singlestim","92","139982","c","left","correct","1","","1","trialend","singlestim","93","141000"
"3355","Subject93","1","tabletable","1","table","positionright","validityvalid","test","2","neutral","singlestim","95","143009","288","â€šÃ³Ã¨","77","dotpositionright","singlestim","96","143351","m","right","correct","1","","1","trialend","singlestim","97","144367"
"3652","Subject93","1","overdoseoverdose","1","overdose","positionright","validityinvalid","test","2","suicide","singlestim","99","146380","314","â€šÃ³Ã¨","67","dotpositionleft","singlestim","100","146747","c","left","correct","1","","1","trialend","singlestim","101","147763"
"3949","Subject93","1","failurefailure","1","failure","positionleft","validityvalid","test","2","negative","singlestim","103","149772","348","â€šÃ³Ã¨","67","dotpositionleft","singlestim","104","150171","c","left","correct","1","","1","trialend","singlestim","105","151187"
"4246","Subject93","1","filthyfilthy","1","filthy","positionleft","validityinvalid","test","2","negative","singlestim","107","153197","346","â€šÃ³Ã¨","77","dotpositionright","singlestim","108","153594","m","right","correct","1","","1","trialend","singlestim","109","154612"
"4543","Subject93","1","pleasurepleasure","1","pleasure","positionleft","validityvalid","test","2","positive","singlestim","111","156621","336","â€šÃ³Ã¨","67","dotpositionleft","singlestim","112","157010","c","left","correct","1","","1","trialend","singlestim","113","158025"
"4840","Subject93","1","smilesmile","1","smile","positionleft","validityvalid","test","3","positive","singlestim","115","160040","328","â€šÃ³Ã¨","67","dotpositionleft","singlestim","116","160420","c","left","correct","1","","1","trialend","singlestim","117","161432"
"5137","Subject93","1","diedie","1","die","positionright","validityvalid","test","3","suicide","singlestim","119","163440","307","â€šÃ³Ã¨","77","dotpositionright","singlestim","120","163800","m","right","correct","1","","1","trialend","singlestim","121","164816"
"5434","Subject93","1","metermeter","1","meter","positionleft","validityvalid","test","3","neutral","singlestim","123","166830","325","â€šÃ³Ã¨","67","dotpositionleft","singlestim","124","167207","c","left","correct","1","","1","trialend","singlestim","125","168223"
"5731","Subject93","415","dyingdying","67","dying","positionleft","validityvalid","test","3","suicide","singlestim","127","170232","332","â€šÃ³Ã¨","67","dotpositionleft","singlestim","128","170621","c","left","correct","1","","1","trialend","singlestim","129","171635"
"6028","Subject93","1","deaddead","1","dead","positionleft","validityinvalid","test","3","suicide","singlestim","131","173647","316","â€šÃ³Ã¨","77","dotpositionright","singlestim","132","174019","m","right","correct","1","","1","trialend","singlestim","133","175037"
"6325","Subject93","1","museummuseum","1","museum","positionleft","validityvalid","test","3","neutral","singlestim","135","177047","337","â€šÃ³Ã¨","67","dotpositionleft","singlestim","136","177436","c","left","correct","1","","1","trialend","singlestim","137","178451"
"6622","Subject93","1","touretoure","1","toure","positionleft","validityvalid","test","3","negative","singlestim","139","180464","309","â€šÃ³Ã¨","67","dotpositionleft","singlestim","140","180826","c","left","correct","1","","1","trialend","singlestim","141","181840"
"6919","Subject93","1","kisskiss","1","kiss","positionright","validityinvalid","test","3","positive","singlestim","143","183850","318","â€šÃ³Ã¨","67","dotpositionleft","singlestim","144","184219","c","left","correct","1","","1","trialend","singlestim","145","185236"
"7216","Subject93","1","closetcloset","1","closet","positionright","validityinvalid","test","3","neutral","singlestim","147","187243","297","â€šÃ³Ã¨","67","dotpositionleft","singlestim","148","187595","c","left","correct","1","","1","trialend","singlestim","149","188614"
"7513","Subject93","1","happyhappy","1","happy","positionright","validityvalid","test","3","positive","singlestim","151","190627","328","â€šÃ³Ã¨","77","dotpositionright","singlestim","152","191009","m","right","correct","1","","1","trialend","singlestim","153","192027"
"7810","Subject93","1","rejectedrejected","1","rejected","positionright","validityvalid","test","3","negative","singlestim","155","194035","292","â€šÃ³Ã¨","77","dotpositionright","singlestim","156","194379","m","right","correct","1","","1","trialend","singlestim","157","195397"
"8107","Subject93","1","greengreen","1","green","positionright","validityvalid","test","3","neutral","singlestim","159","197407","294","â€šÃ³Ã¨","77","dotpositionright","singlestim","160","197754","m","right","correct","1","","1","trialend","singlestim","161","198771"
"8404","Subject93","1","cuttingcutting","1","cutting","positionright","validityvalid","test","3","suicide","singlestim","163","200782","441","â€šÃ³Ã¨","77","dotpositionright","singlestim","164","201278","m","right","correct","1","","1","trialend","singlestim","165","202294"
"8701","Subject93","1","bombbomb","1","bomb","positionright","validityvalid","test","3","negative","singlestim","167","204303","349","â€šÃ³Ã¨","77","dotpositionright","singlestim","168","204704","m","right","correct","1","","1","trialend","singlestim","169","205719"
"8998","Subject93","1","assaultassault","1","assault","positionleft","validityinvalid","test","3","negative","singlestim","171","207727","399","â€šÃ³Ã¨","77","dotpositionright","singlestim","172","208180","m","right","correct","1","","1","trialend","singlestim","173","209198"
"9295","Subject93","1","strongstrong","1","strong","positionleft","validityvalid","test","3","positive","singlestim","175","211204","298","â€šÃ³Ã¨","67","dotpositionleft","singlestim","176","211555","c","left","correct","1","","1","trialend","singlestim","177","212573"
"9592","Subject93","1","killingkilling","1","killing","positionleft","validityvalid","test","4","suicide","singlestim","179","214585","500","â€šÃ³Ã¨","67","dotpositionleft","singlestim","180","215140","c","left","correct","1","","1","trialend","singlestim","181","216155"
"9889","Subject93","1","alonealone","1","alone","positionleft","validityvalid","test","4","negative","singlestim","183","218163","398","â€šÃ³Ã¨","67","dotpositionleft","singlestim","184","218616","c","left","correct","1","","1","trialend","singlestim","185","219633"
"10186","Subject93","1","successsuccess","1","success","positionleft","validityvalid","test","4","positive","singlestim","187","221642","311","â€šÃ³Ã¨","67","dotpositionleft","singlestim","188","222003","c","left","correct","1","","1","trialend","singlestim","189","223021"
"10483","Subject93","1","ecstaticecstatic","1","ecstatic","positionright","validityvalid","test","4","positive","singlestim","191","225033","353","â€šÃ³Ã¨","77","dotpositionright","singlestim","192","225441","m","right","correct","1","","1","trialend","singlestim","193","226458"
"10780","Subject93","1","suicidesuicide","1","suicide","positionright","validityinvalid","test","4","suicide","singlestim","195","228470","343","â€šÃ³Ã¨","67","dotpositionleft","singlestim","196","228868","c","left","correct","1","","1","trialend","singlestim","197","229883"
"11077","Subject93","1","hanginghanging","1","hanging","positionleft","validityvalid","test","4","suicide","singlestim","199","231891","319","â€šÃ³Ã¨","67","dotpositionleft","singlestim","200","232263","c","left","correct","1","","1","trialend","singlestim","201","233278"
"11374","Subject93","1","stupidstupid","1","stupid","positionleft","validityvalid","test","4","negative","singlestim","203","235286","382","â€šÃ³Ã¨","67","dotpositionleft","singlestim","204","235723","c","left","correct","1","","1","trialend","singlestim","205","236737"
"11671","Subject93","1","passionatepassionate","1","passionate","positionleft","validityinvalid","test","4","positive","singlestim","207","238748","386","â€šÃ³Ã¨","77","dotpositionright","singlestim","208","239190","m","right","correct","1","","1","trialend","singlestim","209","240203"
"11968","Subject93","1","doubledouble","1","double","positionright","validityvalid","test","4","neutral","singlestim","211","242210","281","â€šÃ³Ã¨","77","dotpositionright","singlestim","212","242545","m","right","correct","1","","1","trialend","singlestim","213","243563"
"12265","Subject93","1","ashamedashamed","1","ashamed","positionright","validityinvalid","test","4","negative","singlestim","215","245575","319","â€šÃ³Ã¨","67","dotpositionleft","singlestim","216","245950","c","left","correct","1","","1","trialend","singlestim","217","246964"
"12562","Subject93","1","wohlesswohless","1","wohless","positionright","validityvalid","test","4","negative","singlestim","219","248973","337","â€šÃ³Ã¨","77","dotpositionright","singlestim","220","249363","m","right","correct","1","","1","trialend","singlestim","221","250378"
"12859","Subject93","1","frameframe","1","frame","positionleft","validityinvalid","test","4","neutral","singlestim","223","252388","327","â€šÃ³Ã¨","77","dotpositionright","singlestim","224","252772","m","right","correct","1","","1","trialend","singlestim","225","253791"
"13156","Subject93","1","structurestructure","1","structure","positionright","validityvalid","test","4","neutral","singlestim","227","255799","256","â€šÃ³Ã¨","77","dotpositionright","singlestim","228","256108","m","right","correct","1","","1","trialend","singlestim","229","257126"
"13453","Subject93","1","engineengine","1","engine","positionleft","validityvalid","test","4","neutral","singlestim","231","259137","289","â€šÃ³Ã¨","67","dotpositionleft","singlestim","232","259477","c","left","correct","1","","1","trialend","singlestim","233","260495"
"13750","Subject93","1","deceaseddeceased","1","deceased","positionright","validityvalid","test","4","suicide","singlestim","235","262507","314","â€šÃ³Ã¨","77","dotpositionright","singlestim","236","262876","m","right","correct","1","","1","trialend","singlestim","237","263890"
"14047","Subject93","1","laughlaugh","1","laugh","positionright","validityvalid","test","4","positive","singlestim","239","265901","229","â€šÃ³Ã¨","77","dotpositionright","singlestim","240","266185","m","right","correct","1","","1","trialend","singlestim","241","267199"
"14344","Subject93","1","imageimage","1","image","positionleft","validityvalid","test","1","neutral","singlestim","243","269209","256","â€šÃ³Ã¨","67","dotpositionleft","singlestim","244","269520","c","left","correct","1","","1","trialend","singlestim","245","270536"
"14641","Subject93","1","hatehate","1","hate","positionright","validityinvalid","test","1","negative","singlestim","247","272548","373","â€šÃ³Ã¨","67","dotpositionleft","singlestim","248","272977","c","left","correct","1","","1","trialend","singlestim","249","273989"
"14938","Subject93","1","greatgreat","1","great","positionright","validityvalid","test","1","positive","singlestim","251","275998","321","â€šÃ³Ã¨","77","dotpositionright","singlestim","252","276371","m","right","correct","1","","1","trialend","singlestim","253","277388"
"15235","Subject93","1","attractionattraction","1","attraction","positionright","validityvalid","test","1","positive","singlestim","255","279400","284","â€šÃ³Ã¨","77","dotpositionright","singlestim","256","279735","m","right","correct","1","","1","trialend","singlestim","257","280751"
"15532","Subject93","1","gunshotgunshot","1","gunshot","positionright","validityvalid","test","1","suicide","singlestim","259","282760","332","â€šÃ³Ã¨","77","dotpositionright","singlestim","260","283145","m","right","correct","1","","1","trialend","singlestim","261","284158"
"15829","Subject93","1","statuestatue","1","statue","positionright","validityinvalid","test","1","neutral","singlestim","263","286170","316","â€šÃ³Ã¨","67","dotpositionleft","singlestim","264","286543","c","left","correct","1","","1","trialend","singlestim","265","287560"
"16126","Subject93","1","foldedfolded","1","folded","positionleft","validityvalid","test","1","neutral","singlestim","267","289568","328","â€šÃ³Ã¨","67","dotpositionleft","singlestim","268","289950","c","left","correct","1","","1","trialend","singlestim","269","290967"
"16423","Subject93","1","paradiseparadise","1","paradise","positionleft","validityvalid","test","1","positive","singlestim","271","292975","330","â€šÃ³Ã¨","67","dotpositionleft","singlestim","272","293358","c","left","correct","1","","1","trialend","singlestim","273","294388"
"16720","Subject93","1","vomitvomit","1","vomit","positionleft","validityvalid","test","1","negative","singlestim","275","296400","353","â€šÃ³Ã¨","67","dotpositionleft","singlestim","276","296806","c","left","correct","1","","1","trialend","singlestim","277","297826"
"17017","Subject93","1","bloodblood","1","blood","positionleft","validityvalid","test","1","suicide","singlestim","279","299836","427","â€šÃ³Ã¨","67","dotpositionleft","singlestim","280","300317","c","left","correct","1","","1","trialend","singlestim","281","301333"
"17314","Subject93","1","cryingcrying","1","crying","positionright","validityvalid","test","1","negative","singlestim","283","303343","348","â€šÃ³Ã¨","77","dotpositionright","singlestim","284","303743","m","right","correct","1","","1","trialend","singlestim","285","304760"
"17611","Subject93","1","funeralfuneral","1","funeral","positionright","validityvalid","test","1","suicide","singlestim","287","306767","255","â€šÃ³Ã¨","77","dotpositionright","singlestim","288","307073","m","right","correct","1","","1","trialend","singlestim","289","308090"
"17908","Subject93","1","cheesecheese","1","cheese","positionright","validityvalid","test","1","neutral","singlestim","291","310098","331","â€šÃ³Ã¨","77","dotpositionright","singlestim","292","310482","m","right","correct","1","","1","trialend","singlestim","293","311499"
"18205","Subject93","1","suffocationsuffocation","1","suffocation","positionleft","validityinvalid","test","1","suicide","singlestim","295","313510","342","â€šÃ³Ã¨","77","dotpositionright","singlestim","296","313908","m","right","correct","1","","1","trialend","singlestim","297","314922"
"18502","Subject93","1","healthyhealthy","1","healthy","positionleft","validityinvalid","test","1","positive","singlestim","299","316932","306","â€šÃ³Ã¨","77","dotpositionright","singlestim","300","317295","m","right","correct","1","","1","trialend","singlestim","301","318315"
"18799","Subject93","1","patheticpathetic","1","pathetic","positionleft","validityvalid","test","1","negative","singlestim","303","320328","255","â€šÃ³Ã¨","67","dotpositionleft","singlestim","304","320638","c","left","correct","1","","1","trialend","singlestim","305","321655"
