"","SubjectID","rt","stimulus","keypress","word","wordposition","validity","block","blocknum","wordtype","trialtype","trialindex","timeelapsed","rt.1","stimulus.1","keypress.1","dotposition","trialtype.1","trialindex.1","timeelapsed.1","keypressed","participantresponse","correctresponse","rt.2","stimulus.2","keypress.2","blocktrial","trialtype.2","trialindex.2","timeelapsed.2"
"46","Subject47","1","failurefailure","1","failure","positionleft","validityvalid","test","2","negative","singlestim","51","104840","366","â€šÃ³Ã¨","67","dotpositionleft","singlestim","52","105258","c","left","correct","1","","1","trialend","singlestim","53","106272"
"343","Subject47","1","tabletable","1","table","positionright","validityvalid","test","2","neutral","singlestim","55","108276","378","â€šÃ³Ã¨","77","dotpositionright","singlestim","56","108706","m","right","correct","1","","1","trialend","singlestim","57","109720"
"640","Subject47","1","foamfoam","1","foam","positionright","validityvalid","test","2","neutral","singlestim","59","111724","299","â€šÃ³Ã¨","77","dotpositionright","singlestim","60","112074","m","right","correct","1","","1","trialend","singlestim","61","113087"
"937","Subject47","1","pleasurepleasure","1","pleasure","positionleft","validityvalid","test","2","positive","singlestim","63","115091","378","â€šÃ³Ã¨","67","dotpositionleft","singlestim","64","115522","c","left","correct","1","","1","trialend","singlestim","65","116534"
"1234","Subject47","1","enthusiasmenthusiasm","1","enthusiasm","positionright","validityvalid","test","2","positive","singlestim","67","118538","387","â€šÃ³Ã¨","77","dotpositionright","singlestim","68","118978","m","right","correct","1","","1","trialend","singlestim","69","119991"
"1531","Subject47","1","filthyfilthy","1","filthy","positionleft","validityinvalid","test","2","negative","singlestim","71","121995","338","â€šÃ³Ã¨","77","dotpositionright","singlestim","72","122386","m","right","correct","1","","1","trialend","singlestim","73","123399"
"1828","Subject47","1","overdoseoverdose","1","overdose","positionright","validityinvalid","test","2","suicide","singlestim","75","125403","315","â€šÃ³Ã¨","67","dotpositionleft","singlestim","76","125770","c","left","correct","1","","1","trialend","singlestim","77","126783"
"2125","Subject47","1","abuseabuse","1","abuse","positionright","validityvalid","test","2","negative","singlestim","79","128787","274","â€šÃ³Ã¨","77","dotpositionright","singlestim","80","129114","m","right","correct","1","","1","trialend","singlestim","81","130127"
"2422","Subject47","1","noosenoose","1","noose","positionleft","validityvalid","test","2","suicide","singlestim","83","132131","299","â€šÃ³Ã¨","67","dotpositionleft","singlestim","84","132481","c","left","correct","1","","1","trialend","singlestim","85","133494"
"2719","Subject47","1","braverybravery","1","bravery","positionleft","validityvalid","test","2","positive","singlestim","87","135498","299","â€šÃ³Ã¨","67","dotpositionleft","singlestim","88","135849","c","left","correct","1","","1","trialend","singlestim","89","136863"
"3016","Subject47","1","cruelcruel","1","cruel","positionright","validityvalid","test","2","negative","singlestim","91","138866","315","â€šÃ³Ã¨","77","dotpositionright","singlestim","92","139233","m","right","correct","1","","1","trialend","singlestim","93","140247"
"3313","Subject47","1","lovelove","1","love","positionright","validityinvalid","test","2","positive","singlestim","95","142250","378","â€šÃ³Ã¨","67","dotpositionleft","singlestim","96","142681","c","left","correct","1","","1","trialend","singlestim","97","143694"
"3610","Subject47","1","corpsecorpse","1","corpse","positionleft","validityvalid","test","2","suicide","singlestim","99","145698","307","â€šÃ³Ã¨","67","dotpositionleft","singlestim","100","146057","c","left","correct","1","","1","trialend","singlestim","101","147070"
"3907","Subject47","1","paperpaper","1","paper","positionleft","validityvalid","test","2","neutral","singlestim","103","149074","394","â€šÃ³Ã¨","67","dotpositionleft","singlestim","104","149521","c","left","correct","1","","1","trialend","singlestim","105","150534"
"4204","Subject47","1","horsehorse","1","horse","positionleft","validityinvalid","test","2","neutral","singlestim","107","152538","387","â€šÃ³Ã¨","77","dotpositionright","singlestim","108","152977","m","right","correct","1","","1","trialend","singlestim","109","153990"
"4501","Subject47","1","deathdeath","1","death","positionright","validityvalid","test","2","suicide","singlestim","111","155993","395","â€šÃ³Ã¨","77","dotpositionright","singlestim","112","156440","m","right","correct","1","","1","trialend","singlestim","113","157453"
"4798","Subject47","1","smilesmile","1","smile","positionleft","validityvalid","test","3","positive","singlestim","115","159457","347","â€šÃ³Ã¨","67","dotpositionleft","singlestim","116","159856","c","left","correct","1","","1","trialend","singlestim","117","160869"
"5095","Subject47","1","museummuseum","1","museum","positionleft","validityvalid","test","3","neutral","singlestim","119","162873","318","â€šÃ³Ã¨","67","dotpositionleft","singlestim","120","163244","c","left","correct","1","","1","trialend","singlestim","121","164255"
"5392","Subject47","1","touretoure","1","toure","positionleft","validityvalid","test","3","negative","singlestim","123","166258","346","â€šÃ³Ã¨","67","dotpositionleft","singlestim","124","166656","c","left","correct","1","","1","trialend","singlestim","125","167670"
"5689","Subject47","1","happyhappy","1","happy","positionright","validityvalid","test","3","positive","singlestim","127","169674","283","â€šÃ³Ã¨","77","dotpositionright","singlestim","128","170008","m","right","correct","1","","1","trialend","singlestim","129","171021"
"5986","Subject47","1","rejectedrejected","1","rejected","positionright","validityvalid","test","3","negative","singlestim","131","173025","340","â€šÃ³Ã¨","77","dotpositionright","singlestim","132","173416","m","right","correct","1","","1","trialend","singlestim","133","174429"
"6283","Subject47","1","closetcloset","1","closet","positionright","validityinvalid","test","3","neutral","singlestim","135","176432","283","â€šÃ³Ã¨","67","dotpositionleft","singlestim","136","176768","c","left","correct","1","","1","trialend","singlestim","137","177780"
"6580","Subject47","1","dyingdying","1","dying","positionleft","validityvalid","test","3","suicide","singlestim","139","179784","291","â€šÃ³Ã¨","67","dotpositionleft","singlestim","140","180128","c","left","correct","1","","1","trialend","singlestim","141","181140"
"6877","Subject47","1","bombbomb","1","bomb","positionright","validityvalid","test","3","negative","singlestim","143","183144","291","â€šÃ³Ã¨","77","dotpositionright","singlestim","144","183488","m","right","correct","1","","1","trialend","singlestim","145","184501"
"7174","Subject47","1","strongstrong","1","strong","positionleft","validityvalid","test","3","positive","singlestim","147","186504","292","â€šÃ³Ã¨","67","dotpositionleft","singlestim","148","186848","c","left","correct","1","","1","trialend","singlestim","149","187860"
"7471","Subject47","1","greengreen","1","green","positionright","validityvalid","test","3","neutral","singlestim","151","189864","275","â€šÃ³Ã¨","77","dotpositionright","singlestim","152","190192","m","right","correct","1","","1","trialend","singlestim","153","191205"
"7768","Subject47","1","diedie","1","die","positionright","validityvalid","test","3","suicide","singlestim","155","193209","363","â€šÃ³Ã¨","77","dotpositionright","singlestim","156","193623","m","right","correct","1","","1","trialend","singlestim","157","194636"
"8065","Subject47","1","kisskiss","1","kiss","positionright","validityinvalid","test","3","positive","singlestim","159","196640","323","â€šÃ³Ã¨","67","dotpositionleft","singlestim","160","197015","c","left","correct","1","","1","trialend","singlestim","161","198028"
"8362","Subject47","1","deaddead","1","dead","positionleft","validityinvalid","test","3","suicide","singlestim","163","200032","371","â€šÃ³Ã¨","77","dotpositionright","singlestim","164","200455","m","right","correct","1","","1","trialend","singlestim","165","201468"
"8659","Subject47","1","metermeter","1","meter","positionleft","validityvalid","test","3","neutral","singlestim","167","203472","331","â€šÃ³Ã¨","67","dotpositionleft","singlestim","168","203855","c","left","correct","1","","1","trialend","singlestim","169","204868"
"8956","Subject47","1","cuttingcutting","1","cutting","positionright","validityvalid","test","3","suicide","singlestim","171","206872","307","â€šÃ³Ã¨","77","dotpositionright","singlestim","172","207231","m","right","correct","1","","1","trialend","singlestim","173","208244"
"9253","Subject47","1","assaultassault","1","assault","positionleft","validityinvalid","test","3","negative","singlestim","175","210248","323","â€šÃ³Ã¨","77","dotpositionright","singlestim","176","210623","m","right","correct","1","","1","trialend","singlestim","177","211636"
"9550","Subject47","1","alonealone","1","alone","positionleft","validityvalid","test","4","negative","singlestim","179","213639","324","â€šÃ³Ã¨","67","dotpositionleft","singlestim","180","214014","c","left","correct","1","","1","trialend","singlestim","181","215028"
"9847","Subject47","1","stupidstupid","1","stupid","positionleft","validityvalid","test","4","negative","singlestim","183","217032","307","â€šÃ³Ã¨","67","dotpositionleft","singlestim","184","217390","c","left","correct","1","","1","trialend","singlestim","185","218404"
"10144","Subject47","1","frameframe","1","frame","positionleft","validityinvalid","test","4","neutral","singlestim","187","220407","339","â€šÃ³Ã¨","77","dotpositionright","singlestim","188","220798","m","right","correct","1","","1","trialend","singlestim","189","221811"
"10441","Subject47","1","doubledouble","1","double","positionright","validityvalid","test","4","neutral","singlestim","191","223815","363","â€šÃ³Ã¨","77","dotpositionright","singlestim","192","224230","m","right","correct","1","","1","trialend","singlestim","193","225243"
"10738","Subject47","1","ecstaticecstatic","1","ecstatic","positionright","validityvalid","test","4","positive","singlestim","195","227247","331","â€šÃ³Ã¨","77","dotpositionright","singlestim","196","227630","m","right","correct","1","","1","trialend","singlestim","197","228643"
"11035","Subject47","1","killingkilling","1","killing","positionleft","validityvalid","test","4","suicide","singlestim","199","230647","299","â€šÃ³Ã¨","67","dotpositionleft","singlestim","200","230998","c","left","correct","1","","1","trialend","singlestim","201","232010"
"11332","Subject47","1","ashamedashamed","1","ashamed","positionright","validityinvalid","test","4","negative","singlestim","203","234014","371","â€šÃ³Ã¨","67","dotpositionleft","singlestim","204","234438","c","left","correct","1","","1","trialend","singlestim","205","235450"
"11629","Subject47","1","hanginghanging","1","hanging","positionleft","validityvalid","test","4","suicide","singlestim","207","237454","307","â€šÃ³Ã¨","67","dotpositionleft","singlestim","208","237814","c","left","correct","1","","1","trialend","singlestim","209","238827"
"11926","Subject47","1","deceaseddeceased","1","deceased","positionright","validityvalid","test","4","suicide","singlestim","211","240830","406","â€šÃ³Ã¨","77","dotpositionright","singlestim","212","241288","m","right","correct","1","","1","trialend","singlestim","213","242301"
"12223","Subject47","1","suicidesuicide","1","suicide","positionright","validityinvalid","test","4","suicide","singlestim","215","244305","337","â€šÃ³Ã¨","67","dotpositionleft","singlestim","216","244694","c","left","correct","1","","1","trialend","singlestim","217","245707"
"12520","Subject47","1","wohlesswohless","1","wohless","positionright","validityvalid","test","4","negative","singlestim","219","247711","283","â€šÃ³Ã¨","77","dotpositionright","singlestim","220","248045","m","right","correct","1","","1","trialend","singlestim","221","249059"
"12817","Subject47","1","successsuccess","1","success","positionleft","validityvalid","test","4","positive","singlestim","223","251063","307","â€šÃ³Ã¨","67","dotpositionleft","singlestim","224","251421","c","left","correct","1","","1","trialend","singlestim","225","252434"
"13114","Subject47","1","engineengine","1","engine","positionleft","validityvalid","test","4","neutral","singlestim","227","254439","299","â€šÃ³Ã¨","67","dotpositionleft","singlestim","228","254789","c","left","correct","1","","1","trialend","singlestim","229","255801"
"13411","Subject47","1","passionatepassionate","1","passionate","positionleft","validityinvalid","test","4","positive","singlestim","231","257805","372","â€šÃ³Ã¨","77","dotpositionright","singlestim","232","258229","m","right","correct","1","","1","trialend","singlestim","233","259242"
"13708","Subject47","1","laughlaugh","1","laugh","positionright","validityvalid","test","4","positive","singlestim","235","261246","331","â€šÃ³Ã¨","77","dotpositionright","singlestim","236","261629","m","right","correct","1","","1","trialend","singlestim","237","262642"
"14005","Subject47","1","structurestructure","1","structure","positionright","validityvalid","test","4","neutral","singlestim","239","264646","299","â€šÃ³Ã¨","77","dotpositionright","singlestim","240","264997","m","right","correct","1","","1","trialend","singlestim","241","266010"
"14302","Subject47","1","bloodblood","1","blood","positionleft","validityvalid","test","1","suicide","singlestim","243","268014","381","â€šÃ³Ã¨","67","dotpositionleft","singlestim","244","268447","c","left","correct","1","","1","trialend","singlestim","245","269460"
"14599","Subject47","1","funeralfuneral","1","funeral","positionright","validityvalid","test","1","suicide","singlestim","247","271464","266","â€šÃ³Ã¨","77","dotpositionright","singlestim","248","271783","m","right","correct","1","","1","trialend","singlestim","249","272796"
"14896","Subject47","1","statuestatue","1","statue","positionright","validityinvalid","test","1","neutral","singlestim","251","274800","387","â€šÃ³Ã¨","67","dotpositionleft","singlestim","252","275239","c","left","correct","1","","1","trialend","singlestim","253","276252"
"15193","Subject47","1","patheticpathetic","1","pathetic","positionleft","validityvalid","test","1","negative","singlestim","255","278256","315","â€šÃ³Ã¨","67","dotpositionleft","singlestim","256","278623","c","left","correct","1","","1","trialend","singlestim","257","279636"
"15490","Subject47","1","suffocationsuffocation","1","suffocation","positionleft","validityinvalid","test","1","suicide","singlestim","259","281640","307","â€šÃ³Ã¨","77","dotpositionright","singlestim","260","281999","m","right","correct","1","","1","trialend","singlestim","261","283012"
"15787","Subject47","1","hatehate","1","hate","positionright","validityinvalid","test","1","negative","singlestim","263","285016","323","â€šÃ³Ã¨","67","dotpositionleft","singlestim","264","285390","c","left","correct","1","","1","trialend","singlestim","265","286404"
"16084","Subject47","1","greatgreat","1","great","positionright","validityvalid","test","1","positive","singlestim","267","288407","315","â€šÃ³Ã¨","77","dotpositionright","singlestim","268","288774","m","right","correct","1","","1","trialend","singlestim","269","289787"
"16381","Subject47","1","healthyhealthy","1","healthy","positionleft","validityinvalid","test","1","positive","singlestim","271","291790","328","â€šÃ³Ã¨","77","dotpositionright","singlestim","272","292171","m","right","correct","1","","1","trialend","singlestim","273","293184"
"16678","Subject47","1","cheesecheese","1","cheese","positionright","validityvalid","test","1","neutral","singlestim","275","295189","334","â€šÃ³Ã¨","77","dotpositionright","singlestim","276","295576","m","right","correct","1","","1","trialend","singlestim","277","296590"
"16975","Subject47","1","paradiseparadise","1","paradise","positionleft","validityvalid","test","1","positive","singlestim","279","298595","296","â€šÃ³Ã¨","67","dotpositionleft","singlestim","280","298943","c","left","correct","1","","1","trialend","singlestim","281","299956"
"17272","Subject47","1","imageimage","1","image","positionleft","validityvalid","test","1","neutral","singlestim","283","301960","290","â€šÃ³Ã¨","67","dotpositionleft","singlestim","284","302302","c","left","correct","1","","1","trialend","singlestim","285","303315"
"17569","Subject47","1","vomitvomit","1","vomit","positionleft","validityvalid","test","1","negative","singlestim","287","305318","308","â€šÃ³Ã¨","67","dotpositionleft","singlestim","288","305678","c","left","correct","1","","1","trialend","singlestim","289","306691"
"17866","Subject47","1","cryingcrying","1","crying","positionright","validityvalid","test","1","negative","singlestim","291","308696","266","â€šÃ³Ã¨","77","dotpositionright","singlestim","292","309014","m","right","correct","1","","1","trialend","singlestim","293","310027"
"18163","Subject47","1","gunshotgunshot","1","gunshot","positionright","validityvalid","test","1","suicide","singlestim","295","312031","322","â€šÃ³Ã¨","77","dotpositionright","singlestim","296","312406","m","right","correct","1","","1","trialend","singlestim","297","313419"
"18460","Subject47","1","attractionattraction","1","attraction","positionright","validityvalid","test","1","positive","singlestim","299","315423","363","â€šÃ³Ã¨","77","dotpositionright","singlestim","300","315838","m","right","correct","1","","1","trialend","singlestim","301","316851"
"18757","Subject47","1","foldedfolded","1","folded","positionleft","validityvalid","test","1","neutral","singlestim","303","318854","331","â€šÃ³Ã¨","67","dotpositionleft","singlestim","304","319238","c","left","correct","1","","1","trialend","singlestim","305","320250"
