"","SubjectID","rt","stimulus","keypress","word","wordposition","validity","block","blocknum","wordtype","trialtype","trialindex","timeelapsed","rt.1","stimulus.1","keypress.1","dotposition","trialtype.1","trialindex.1","timeelapsed.1","keypressed","participantresponse","correctresponse","rt.2","stimulus.2","keypress.2","blocktrial","trialtype.2","trialindex.2","timeelapsed.2"
"276","Subject310","1","laughlaugh","1","laugh","positionright","validityvalid","test","4","positive","singlestim","51","463777","484","â€šÃ³Ã¨","77","dotpositionright","singlestim","52","464316","m","right","correct","1","","1","trialend","singlestim","53","465333"
"573","Subject310","1","alonealone","1","alone","positionleft","validityvalid","test","4","negative","singlestim","55","467341","782","â€šÃ³Ã¨","67","dotpositionleft","singlestim","56","468175","c","left","correct","1","","1","trialend","singlestim","57","469193"
"870","Subject310","1","passionatepassionate","1","passionate","positionleft","validityinvalid","test","4","positive","singlestim","59","471200","530","â€šÃ³Ã¨","77","dotpositionright","singlestim","60","471783","m","right","correct","1","","1","trialend","singlestim","61","472797"
"1167","Subject310","1","wohlesswohless","1","wohless","positionright","validityvalid","test","4","negative","singlestim","63","474806","466","â€šÃ³Ã¨","77","dotpositionright","singlestim","64","475324","m","right","correct","1","","1","trialend","singlestim","65","476337"
"1464","Subject310","1","stupidstupid","1","stupid","positionleft","validityvalid","test","4","negative","singlestim","67","478346","536","â€šÃ³Ã¨","67","dotpositionleft","singlestim","68","478938","c","left","correct","1","","1","trialend","singlestim","69","479954"
"1761","Subject310","1","structurestructure","1","structure","positionright","validityvalid","test","4","neutral","singlestim","71","481962","481","â€šÃ³Ã¨","77","dotpositionright","singlestim","72","482495","m","right","correct","1","","1","trialend","singlestim","73","483511"
"2058","Subject310","1","ecstaticecstatic","1","ecstatic","positionright","validityvalid","test","4","positive","singlestim","75","485520","441","â€šÃ³Ã¨","77","dotpositionright","singlestim","76","486013","m","right","correct","1","","1","trialend","singlestim","77","487030"
"2355","Subject310","1","ashamedashamed","1","ashamed","positionright","validityinvalid","test","4","negative","singlestim","79","489037","453","â€šÃ³Ã¨","67","dotpositionleft","singlestim","80","489544","c","left","correct","1","","1","trialend","singlestim","81","490558"
"2652","Subject310","1","deceaseddeceased","1","deceased","positionright","validityvalid","test","4","suicide","singlestim","83","492566","770","â€šÃ³Ã¨","77","dotpositionright","singlestim","84","493392","m","right","correct","1","","1","trialend","singlestim","85","494406"
"2949","Subject310","1","killingkilling","1","killing","positionleft","validityvalid","test","4","suicide","singlestim","87","496415","510","â€šÃ³Ã¨","67","dotpositionleft","singlestim","88","496977","c","left","correct","1","","1","trialend","singlestim","89","497993"
"3246","Subject310","1","hanginghanging","1","hanging","positionleft","validityvalid","test","4","suicide","singlestim","91","500002","580","â€šÃ³Ã¨","67","dotpositionleft","singlestim","92","500634","c","left","correct","1","","1","trialend","singlestim","93","501651"
"3543","Subject310","1","engineengine","1","engine","positionleft","validityvalid","test","4","neutral","singlestim","95","503658","462","â€šÃ³Ã¨","67","dotpositionleft","singlestim","96","504174","c","left","correct","1","","1","trialend","singlestim","97","505191"
"3840","Subject310","1","doubledouble","1","double","positionright","validityvalid","test","4","neutral","singlestim","99","507199","601","â€šÃ³Ã¨","77","dotpositionright","singlestim","100","507852","m","right","correct","1","","1","trialend","singlestim","101","508864"
"4137","Subject310","1","successsuccess","1","success","positionleft","validityvalid","test","4","positive","singlestim","103","510873","683","â€šÃ³Ã¨","67","dotpositionleft","singlestim","104","511608","c","left","correct","1","","1","trialend","singlestim","105","512621"
"4434","Subject310","1","suicidesuicide","1","suicide","positionright","validityinvalid","test","4","suicide","singlestim","107","514628","667","â€šÃ³Ã¨","67","dotpositionleft","singlestim","108","515352","c","left","correct","1","","1","trialend","singlestim","109","516368"
"4731","Subject310","1","frameframe","1","frame","positionleft","validityinvalid","test","4","neutral","singlestim","111","518378","364","â€šÃ³Ã¨","77","dotpositionright","singlestim","112","518794","m","right","correct","1","","1","trialend","singlestim","113","519811"
"5028","Subject310","1","overdoseoverdose","1","overdose","positionright","validityinvalid","test","2","suicide","singlestim","115","521819","452","â€šÃ³Ã¨","67","dotpositionleft","singlestim","116","522325","c","left","correct","1","","1","trialend","singlestim","117","523341"
"5325","Subject310","1","enthusiasmenthusiasm","1","enthusiasm","positionright","validityvalid","test","2","positive","singlestim","119","525349","579","â€šÃ³Ã¨","77","dotpositionright","singlestim","120","525981","m","right","correct","1","","1","trialend","singlestim","121","526997"
"5622","Subject310","1","foamfoam","1","foam","positionright","validityvalid","test","2","neutral","singlestim","123","529005","894","â€šÃ³Ã¨","77","dotpositionright","singlestim","124","529951","m","right","correct","1","","1","trialend","singlestim","125","530967"
"5919","Subject310","1","braverybravery","1","bravery","positionleft","validityvalid","test","2","positive","singlestim","127","532976","653","â€šÃ³Ã¨","67","dotpositionleft","singlestim","128","533681","c","left","correct","1","","1","trialend","singlestim","129","534694"
"6216","Subject310","1","cruelcruel","1","cruel","positionright","validityvalid","test","2","negative","singlestim","131","536702","629","â€šÃ³Ã¨","77","dotpositionright","singlestim","132","537383","m","right","correct","1","","1","trialend","singlestim","133","538397"
"6513","Subject310","1","corpsecorpse","1","corpse","positionleft","validityvalid","test","2","suicide","singlestim","135","540405","539","â€šÃ³Ã¨","67","dotpositionleft","singlestim","136","540997","c","left","correct","1","","1","trialend","singlestim","137","542013"
"6810","Subject310","1","paperpaper","1","paper","positionleft","validityvalid","test","2","neutral","singlestim","139","544021","794","â€šÃ³Ã¨","67","dotpositionleft","singlestim","140","544869","c","left","correct","1","","1","trialend","singlestim","141","545884"
"7107","Subject310","1","deathdeath","1","death","positionright","validityvalid","test","2","suicide","singlestim","143","547892","1078","â€šÃ³Ã¨","77","dotpositionright","singlestim","144","549023","m","right","correct","1","","1","trialend","singlestim","145","550040"
"7404","Subject310","1","lovelove","1","love","positionright","validityinvalid","test","2","positive","singlestim","147","552049","462","â€šÃ³Ã¨","67","dotpositionleft","singlestim","148","552564","c","left","correct","1","","1","trialend","singlestim","149","553580"
"7701","Subject310","1","filthyfilthy","1","filthy","positionleft","validityinvalid","test","2","negative","singlestim","151","555589","503","â€šÃ³Ã¨","77","dotpositionright","singlestim","152","556144","m","right","correct","1","","1","trialend","singlestim","153","557156"
"7998","Subject310","1","abuseabuse","1","abuse","positionright","validityvalid","test","2","negative","singlestim","155","559164","608","â€šÃ³Ã¨","77","dotpositionright","singlestim","156","559823","m","right","correct","1","","1","trialend","singlestim","157","560836"
"8295","Subject310","1","noosenoose","1","noose","positionleft","validityvalid","test","2","suicide","singlestim","159","562845","616","â€šÃ³Ã¨","67","dotpositionleft","singlestim","160","563514","c","left","correct","1","","1","trialend","singlestim","161","564527"
"8592","Subject310","1","pleasurepleasure","1","pleasure","positionleft","validityvalid","test","2","positive","singlestim","163","566536","585","â€šÃ³Ã¨","67","dotpositionleft","singlestim","164","567174","c","left","correct","1","","1","trialend","singlestim","165","568190"
"8889","Subject310","1","failurefailure","1","failure","positionleft","validityvalid","test","2","negative","singlestim","167","570199","475","â€šÃ³Ã¨","67","dotpositionleft","singlestim","168","570726","c","left","correct","1","","1","trialend","singlestim","169","571743"
"9186","Subject310","1","tabletable","1","table","positionright","validityvalid","test","2","neutral","singlestim","171","573751","369","â€šÃ³Ã¨","77","dotpositionright","singlestim","172","574177","m","right","correct","1","","1","trialend","singlestim","173","575190"
"9483","Subject310","1","horsehorse","1","horse","positionleft","validityinvalid","test","2","neutral","singlestim","175","577198","621","â€šÃ³Ã¨","77","dotpositionright","singlestim","176","577873","m","right","correct","1","","1","trialend","singlestim","177","578888"
"9780","Subject310","1","bloodblood","1","blood","positionleft","validityvalid","test","1","suicide","singlestim","179","580896","439","â€šÃ³Ã¨","67","dotpositionleft","singlestim","180","581386","c","left","correct","1","","1","trialend","singlestim","181","582399"
"10077","Subject310","1","attractionattraction","1","attraction","positionright","validityvalid","test","1","positive","singlestim","183","584407","526","â€šÃ³Ã¨","77","dotpositionright","singlestim","184","584986","m","right","correct","1","","1","trialend","singlestim","185","586004"
"10374","Subject310","1","gunshotgunshot","1","gunshot","positionright","validityvalid","test","1","suicide","singlestim","187","588018","718","â€šÃ³Ã¨","77","dotpositionright","singlestim","188","588787","m","right","correct","1","","1","trialend","singlestim","189","589800"
"10671","Subject310","533","paradiseparadise","67","paradise","positionleft","validityvalid","test","1","positive","singlestim","191","591807","372","â€šÃ³Ã¨","67","dotpositionleft","singlestim","192","592231","c","left","correct","1","","1","trialend","singlestim","193","593247"
"10968","Subject310","1","patheticpathetic","1","pathetic","positionleft","validityvalid","test","1","negative","singlestim","195","595255","587","â€šÃ³Ã¨","67","dotpositionleft","singlestim","196","595896","c","left","correct","1","","1","trialend","singlestim","197","596909"
"11265","Subject310","1","foldedfolded","1","folded","positionleft","validityvalid","test","1","neutral","singlestim","199","598918","480","â€šÃ³Ã¨","67","dotpositionleft","singlestim","200","599455","c","left","correct","1","","1","trialend","singlestim","201","600468"
"11562","Subject310","1","imageimage","1","image","positionleft","validityvalid","test","1","neutral","singlestim","203","602476","548","â€šÃ³Ã¨","67","dotpositionleft","singlestim","204","603076","c","left","correct","1","","1","trialend","singlestim","205","604089"
"11859","Subject310","1","greatgreat","1","great","positionright","validityvalid","test","1","positive","singlestim","207","606098","435","â€šÃ³Ã¨","77","dotpositionright","singlestim","208","606586","m","right","correct","1","","1","trialend","singlestim","209","607601"
"12156","Subject310","1","cryingcrying","1","crying","positionright","validityvalid","test","1","negative","singlestim","211","609610","647","â€šÃ³Ã¨","77","dotpositionright","singlestim","212","610313","m","right","correct","1","","1","trialend","singlestim","213","611327"
"12453","Subject310","1","statuestatue","1","statue","positionright","validityinvalid","test","1","neutral","singlestim","215","613336","611","â€šÃ³Ã¨","67","dotpositionleft","singlestim","216","614001","c","left","correct","1","","1","trialend","singlestim","217","615019"
"12750","Subject310","1","healthyhealthy","1","healthy","positionleft","validityinvalid","test","1","positive","singlestim","219","617028","446","â€šÃ³Ã¨","77","dotpositionright","singlestim","220","617526","m","right","correct","1","","1","trialend","singlestim","221","618543"
"13047","Subject310","1","funeralfuneral","1","funeral","positionright","validityvalid","test","1","suicide","singlestim","223","620550","533","â€šÃ³Ã¨","77","dotpositionright","singlestim","224","621136","m","right","correct","1","","1","trialend","singlestim","225","622153"
"13344","Subject310","1","hatehate","1","hate","positionright","validityinvalid","test","1","negative","singlestim","227","624161","603","â€šÃ³Ã¨","67","dotpositionleft","singlestim","228","624817","c","left","correct","1","","1","trialend","singlestim","229","625832"
"13641","Subject310","1","suffocationsuffocation","1","suffocation","positionleft","validityinvalid","test","1","suicide","singlestim","231","627840","549","â€šÃ³Ã¨","77","dotpositionright","singlestim","232","628442","m","right","correct","1","","1","trialend","singlestim","233","629459"
"13938","Subject310","1","vomitvomit","1","vomit","positionleft","validityvalid","test","1","negative","singlestim","235","631468","429","â€šÃ³Ã¨","67","dotpositionleft","singlestim","236","631950","c","left","correct","1","","1","trialend","singlestim","237","632966"
"14235","Subject310","1","cheesecheese","1","cheese","positionright","validityvalid","test","1","neutral","singlestim","239","634975","612","â€šÃ³Ã¨","77","dotpositionright","singlestim","240","635638","m","right","correct","1","","1","trialend","singlestim","241","636652"
"14532","Subject310","1","closetcloset","1","closet","positionright","validityinvalid","test","3","neutral","singlestim","243","638660","495","â€šÃ³Ã¨","67","dotpositionleft","singlestim","244","639207","c","left","correct","1","","1","trialend","singlestim","245","640225"
"14829","Subject310","1","assaultassault","1","assault","positionleft","validityinvalid","test","3","negative","singlestim","247","642236","579","â€šÃ³Ã¨","77","dotpositionright","singlestim","248","642868","m","right","correct","1","","1","trialend","singlestim","249","643883"
"15126","Subject310","1","bombbomb","1","bomb","positionright","validityvalid","test","3","negative","singlestim","251","645892","582","â€šÃ³Ã¨","77","dotpositionright","singlestim","252","646526","m","right","correct","1","","1","trialend","singlestim","253","647540"
"15423","Subject310","1","kisskiss","1","kiss","positionright","validityinvalid","test","3","positive","singlestim","255","649549","441","â€šÃ³Ã¨","67","dotpositionleft","singlestim","256","650045","c","left","correct","1","","1","trialend","singlestim","257","651058"
"15720","Subject310","1","deaddead","1","dead","positionleft","validityinvalid","test","3","suicide","singlestim","259","653066","551","â€šÃ³Ã¨","77","dotpositionright","singlestim","260","653670","m","right","correct","1","","1","trialend","singlestim","261","654685"
"16017","Subject310","1","happyhappy","1","happy","positionright","validityvalid","test","3","positive","singlestim","263","656693","684","â€šÃ³Ã¨","77","dotpositionright","singlestim","264","657431","m","right","correct","1","","1","trialend","singlestim","265","658446"
"16314","Subject310","1","rejectedrejected","1","rejected","positionright","validityvalid","test","3","negative","singlestim","267","660455","539","â€šÃ³Ã¨","77","dotpositionright","singlestim","268","661047","m","right","correct","1","","1","trialend","singlestim","269","662062"
"16611","Subject310","1","museummuseum","1","museum","positionleft","validityvalid","test","3","neutral","singlestim","271","664071","532","â€šÃ³Ã¨","67","dotpositionleft","singlestim","272","664660","c","left","correct","1","","1","trialend","singlestim","273","665672"
"16908","Subject310","1","touretoure","1","toure","positionleft","validityvalid","test","3","negative","singlestim","275","667681","837","â€šÃ³Ã¨","67","dotpositionleft","singlestim","276","668571","c","left","correct","1","","1","trialend","singlestim","277","669585"
"17205","Subject310","1","diedie","1","die","positionright","validityvalid","test","3","suicide","singlestim","279","671593","437","â€šÃ³Ã¨","77","dotpositionright","singlestim","280","672086","m","right","correct","1","","1","trialend","singlestim","281","673102"
"17502","Subject310","1","dyingdying","1","dying","positionleft","validityvalid","test","3","suicide","singlestim","283","675111","462","â€šÃ³Ã¨","67","dotpositionleft","singlestim","284","675625","c","left","correct","1","","1","trialend","singlestim","285","676643"
"17799","Subject310","1","greengreen","1","green","positionright","validityvalid","test","3","neutral","singlestim","287","678651","506","â€šÃ³Ã¨","77","dotpositionright","singlestim","288","679209","m","right","correct","1","","1","trialend","singlestim","289","680223"
"18096","Subject310","1","cuttingcutting","1","cutting","positionright","validityvalid","test","3","suicide","singlestim","291","682233","632","â€šÃ³Ã¨","77","dotpositionright","singlestim","292","682917","m","right","correct","1","","1","trialend","singlestim","293","683933"
"18393","Subject310","1","strongstrong","1","strong","positionleft","validityvalid","test","3","positive","singlestim","295","685941","431","â€šÃ³Ã¨","67","dotpositionleft","singlestim","296","686425","c","left","correct","1","","1","trialend","singlestim","297","687439"
"18690","Subject310","1","metermeter","1","meter","positionleft","validityvalid","test","3","neutral","singlestim","299","689447","671","â€šÃ³Ã¨","67","dotpositionleft","singlestim","300","690171","c","left","correct","1","","1","trialend","singlestim","301","691188"
"18987","Subject310","1","smilesmile","1","smile","positionleft","validityvalid","test","3","positive","singlestim","303","693197","442","â€šÃ³Ã¨","67","dotpositionleft","singlestim","304","693692","c","left","correct","1","","1","trialend","singlestim","305","694706"
