"","SubjectID","rt","stimulus","keypress","word","wordposition","validity","block","blocknum","wordtype","trialtype","trialindex","timeelapsed","rt.1","stimulus.1","keypress.1","dotposition","trialtype.1","trialindex.1","timeelapsed.1","keypressed","participantresponse","correctresponse","rt.2","stimulus.2","keypress.2","blocktrial","trialtype.2","trialindex.2","timeelapsed.2"
"22","Subject23","1","diedie","1","die","positionright","validityvalid","test","3","suicide","singlestim","51","179834","358","â€šÃ³Ã¨","77","dotpositionright","singlestim","52","180245","m","right","correct","1","","1","trialend","singlestim","53","181257"
"319","Subject23","1","kisskiss","1","kiss","positionright","validityinvalid","test","3","positive","singlestim","55","183260","472","â€šÃ³Ã¨","67","dotpositionleft","singlestim","56","183783","c","left","correct","1","","1","trialend","singlestim","57","184796"
"616","Subject23","1","smilesmile","1","smile","positionleft","validityvalid","test","3","positive","singlestim","59","186802","388","â€šÃ³Ã¨","67","dotpositionleft","singlestim","60","187241","c","left","correct","1","","1","trialend","singlestim","61","188255"
"913","Subject23","1","closetcloset","1","closet","positionright","validityinvalid","test","3","neutral","singlestim","63","190260","345","â€šÃ³Ã¨","67","dotpositionleft","singlestim","64","190657","c","left","correct","1","","1","trialend","singlestim","65","191670"
"1210","Subject23","1","greengreen","1","green","positionright","validityvalid","test","3","neutral","singlestim","67","193676","326","â€šÃ³Ã¨","77","dotpositionright","singlestim","68","194054","m","right","correct","1","","1","trialend","singlestim","69","195070"
"1507","Subject23","1","dyingdying","1","dying","positionleft","validityvalid","test","3","suicide","singlestim","71","197074","360","â€šÃ³Ã¨","67","dotpositionleft","singlestim","72","197486","c","left","correct","1","","1","trialend","singlestim","73","198500"
"1804","Subject23","1","strongstrong","1","strong","positionleft","validityvalid","test","3","positive","singlestim","75","200504","409","â€šÃ³Ã¨","67","dotpositionleft","singlestim","76","200966","c","left","correct","1","","1","trialend","singlestim","77","201978"
"2101","Subject23","1","touretoure","1","toure","positionleft","validityvalid","test","3","negative","singlestim","79","203984","332","â€šÃ³Ã¨","67","dotpositionleft","singlestim","80","204368","c","left","correct","1","","1","trialend","singlestim","81","205382"
"2398","Subject23","1","happyhappy","1","happy","positionright","validityvalid","test","3","positive","singlestim","83","207392","253","â€šÃ³Ã¨","77","dotpositionright","singlestim","84","207698","m","right","correct","1","","1","trialend","singlestim","85","208711"
"2695","Subject23","1","assaultassault","1","assault","positionleft","validityinvalid","test","3","negative","singlestim","87","210716","358","â€šÃ³Ã¨","77","dotpositionright","singlestim","88","211125","m","right","correct","1","","1","trialend","singlestim","89","212138"
"2992","Subject23","1","museummuseum","1","museum","positionleft","validityvalid","test","3","neutral","singlestim","91","214139","314","â€šÃ³Ã¨","67","dotpositionleft","singlestim","92","214505","c","left","correct","1","","1","trialend","singlestim","93","215517"
"3289","Subject23","1","bombbomb","1","bomb","positionright","validityvalid","test","3","negative","singlestim","95","217521","308","â€šÃ³Ã¨","77","dotpositionright","singlestim","96","217880","m","right","correct","1","","1","trialend","singlestim","97","218893"
"3586","Subject23","1","rejectedrejected","1","rejected","positionright","validityvalid","test","3","negative","singlestim","99","220898","326","â€šÃ³Ã¨","77","dotpositionright","singlestim","100","221276","m","right","correct","1","","1","trialend","singlestim","101","222290"
"3883","Subject23","1","cuttingcutting","1","cutting","positionright","validityvalid","test","3","suicide","singlestim","103","224293","332","â€šÃ³Ã¨","77","dotpositionright","singlestim","104","224676","m","right","correct","1","","1","trialend","singlestim","105","225690"
"4180","Subject23","1","metermeter","1","meter","positionleft","validityvalid","test","3","neutral","singlestim","107","227695","334","â€šÃ³Ã¨","67","dotpositionleft","singlestim","108","228082","c","left","correct","1","","1","trialend","singlestim","109","229096"
"4477","Subject23","1","deaddead","1","dead","positionleft","validityinvalid","test","3","suicide","singlestim","111","231099","374","â€šÃ³Ã¨","77","dotpositionright","singlestim","112","231526","m","right","correct","1","","1","trialend","singlestim","113","232539"
"4774","Subject23","1","ecstaticecstatic","1","ecstatic","positionright","validityvalid","test","4","positive","singlestim","115","234544","434","â€šÃ³Ã¨","77","dotpositionright","singlestim","116","235031","m","right","correct","1","","1","trialend","singlestim","117","236043"
"5071","Subject23","1","deceaseddeceased","1","deceased","positionright","validityvalid","test","4","suicide","singlestim","119","238049","330","â€šÃ³Ã¨","77","dotpositionright","singlestim","120","238431","m","right","correct","1","","1","trialend","singlestim","121","239444"
"5368","Subject23","1","alonealone","1","alone","positionleft","validityvalid","test","4","negative","singlestim","123","241449","279","â€šÃ³Ã¨","67","dotpositionleft","singlestim","124","241780","c","left","correct","1","","1","trialend","singlestim","125","242793"
"5665","Subject23","1","frameframe","1","frame","positionleft","validityinvalid","test","4","neutral","singlestim","127","244802","350","â€šÃ³Ã¨","77","dotpositionright","singlestim","128","245203","m","right","correct","1","","1","trialend","singlestim","129","246216"
"5962","Subject23","1","stupidstupid","1","stupid","positionleft","validityvalid","test","4","negative","singlestim","131","248220","335","â€šÃ³Ã¨","67","dotpositionleft","singlestim","132","248607","c","left","correct","1","","1","trialend","singlestim","133","249619"
"6259","Subject23","1","ashamedashamed","1","ashamed","positionright","validityinvalid","test","4","negative","singlestim","135","251623","459","â€šÃ³Ã¨","67","dotpositionleft","singlestim","136","252135","c","left","correct","1","","1","trialend","singlestim","137","253147"
"6556","Subject23","1","laughlaugh","1","laugh","positionright","validityvalid","test","4","positive","singlestim","139","255152","347","â€šÃ³Ã¨","77","dotpositionright","singlestim","140","255552","m","right","correct","1","","1","trialend","singlestim","141","256565"
"6853","Subject23","1","successsuccess","1","success","positionleft","validityvalid","test","4","positive","singlestim","143","258569","365","â€šÃ³Ã¨","67","dotpositionleft","singlestim","144","258986","c","left","correct","1","","1","trialend","singlestim","145","259999"
"7150","Subject23","1","killingkilling","1","killing","positionleft","validityvalid","test","4","suicide","singlestim","147","262005","379","â€šÃ³Ã¨","67","dotpositionleft","singlestim","148","262434","c","left","correct","1","","1","trialend","singlestim","149","263448"
"7447","Subject23","1","doubledouble","1","double","positionright","validityvalid","test","4","neutral","singlestim","151","265454","385","â€šÃ³Ã¨","77","dotpositionright","singlestim","152","265892","m","right","correct","1","","1","trialend","singlestim","153","266905"
"7744","Subject23","1","hanginghanging","1","hanging","positionleft","validityvalid","test","4","suicide","singlestim","155","268909","341","â€šÃ³Ã¨","67","dotpositionleft","singlestim","156","269301","c","left","correct","1","","1","trialend","singlestim","157","270314"
"8041","Subject23","1","engineengine","1","engine","positionleft","validityvalid","test","4","neutral","singlestim","159","272323","371","â€šÃ³Ã¨","67","dotpositionleft","singlestim","160","272747","c","left","correct","1","","1","trialend","singlestim","161","273760"
"8338","Subject23","1","wohlesswohless","1","wohless","positionright","validityvalid","test","4","negative","singlestim","163","275766","303","â€šÃ³Ã¨","77","dotpositionright","singlestim","164","276121","m","right","correct","1","","1","trialend","singlestim","165","277133"
"8635","Subject23","1","passionatepassionate","1","passionate","positionleft","validityinvalid","test","4","positive","singlestim","167","279139","361","â€šÃ³Ã¨","77","dotpositionright","singlestim","168","279552","m","right","correct","1","","1","trialend","singlestim","169","280564"
"8932","Subject23","1","structurestructure","1","structure","positionright","validityvalid","test","4","neutral","singlestim","171","282568","371","â€šÃ³Ã¨","77","dotpositionright","singlestim","172","282992","m","right","correct","1","","1","trialend","singlestim","173","284005"
"9229","Subject23","1","suicidesuicide","1","suicide","positionright","validityinvalid","test","4","suicide","singlestim","175","286009","367","â€šÃ³Ã¨","67","dotpositionleft","singlestim","176","286427","c","left","correct","1","","1","trialend","singlestim","177","287441"
"9526","Subject23","1","tabletable","1","table","positionright","validityvalid","test","2","neutral","singlestim","179","289446","329","â€šÃ³Ã¨","77","dotpositionright","singlestim","180","289825","m","right","correct","1","","1","trialend","singlestim","181","290839"
"9823","Subject23","1","paperpaper","1","paper","positionleft","validityvalid","test","2","neutral","singlestim","183","292845","307","â€šÃ³Ã¨","67","dotpositionleft","singlestim","184","293205","c","left","correct","1","","1","trialend","singlestim","185","294216"
"10120","Subject23","1","lovelove","1","love","positionright","validityinvalid","test","2","positive","singlestim","187","296221","385","â€šÃ³Ã¨","67","dotpositionleft","singlestim","188","296658","c","left","correct","1","","1","trialend","singlestim","189","297671"
"10417","Subject23","1","pleasurepleasure","1","pleasure","positionleft","validityvalid","test","2","positive","singlestim","191","299674","321","â€šÃ³Ã¨","67","dotpositionleft","singlestim","192","300047","c","left","correct","1","","1","trialend","singlestim","193","301060"
"10714","Subject23","1","failurefailure","1","failure","positionleft","validityvalid","test","2","negative","singlestim","195","303063","345","â€šÃ³Ã¨","67","dotpositionleft","singlestim","196","303461","c","left","correct","1","","1","trialend","singlestim","197","304474"
"11011","Subject23","1","noosenoose","1","noose","positionleft","validityvalid","test","2","suicide","singlestim","199","306479","385","â€šÃ³Ã¨","67","dotpositionleft","singlestim","200","306916","c","left","correct","1","","1","trialend","singlestim","201","307931"
"11308","Subject23","1","overdoseoverdose","1","overdose","positionright","validityinvalid","test","2","suicide","singlestim","203","309936","376","â€šÃ³Ã¨","67","dotpositionleft","singlestim","204","310365","c","left","correct","1","","1","trialend","singlestim","205","311377"
"11605","Subject23","1","braverybravery","1","bravery","positionleft","validityvalid","test","2","positive","singlestim","207","313381","354","â€šÃ³Ã¨","67","dotpositionleft","singlestim","208","313787","c","left","correct","1","","1","trialend","singlestim","209","314799"
"11902","Subject23","1","horsehorse","1","horse","positionleft","validityinvalid","test","2","neutral","singlestim","211","316808","412","â€šÃ³Ã¨","77","dotpositionright","singlestim","212","317273","m","right","correct","1","","1","trialend","singlestim","213","318286"
"12199","Subject23","1","corpsecorpse","1","corpse","positionleft","validityvalid","test","2","suicide","singlestim","215","320289","265","â€šÃ³Ã¨","67","dotpositionleft","singlestim","216","320607","c","left","correct","1","","1","trialend","singlestim","217","321619"
"12496","Subject23","1","filthyfilthy","1","filthy","positionleft","validityinvalid","test","2","negative","singlestim","219","323623","347","â€šÃ³Ã¨","77","dotpositionright","singlestim","220","324022","m","right","correct","1","","1","trialend","singlestim","221","325036"
"12793","Subject23","1","deathdeath","1","death","positionright","validityvalid","test","2","suicide","singlestim","223","327039","410","â€šÃ³Ã¨","77","dotpositionright","singlestim","224","327501","m","right","correct","1","","1","trialend","singlestim","225","328512"
"13090","Subject23","1","foamfoam","1","foam","positionright","validityvalid","test","2","neutral","singlestim","227","330516","367","â€šÃ³Ã¨","77","dotpositionright","singlestim","228","330935","m","right","correct","1","","1","trialend","singlestim","229","331947"
"13387","Subject23","1","enthusiasmenthusiasm","1","enthusiasm","positionright","validityvalid","test","2","positive","singlestim","231","333950","342","â€šÃ³Ã¨","77","dotpositionright","singlestim","232","334343","m","right","correct","1","","1","trialend","singlestim","233","335355"
"13684","Subject23","1","cruelcruel","1","cruel","positionright","validityvalid","test","2","negative","singlestim","235","337358","366","â€šÃ³Ã¨","77","dotpositionright","singlestim","236","337776","m","right","correct","1","","1","trialend","singlestim","237","338794"
"13981","Subject23","1","abuseabuse","1","abuse","positionright","validityvalid","test","2","negative","singlestim","239","340805","359","â€šÃ³Ã¨","77","dotpositionright","singlestim","240","341216","m","right","correct","1","","1","trialend","singlestim","241","342230"
"14278","Subject23","1","patheticpathetic","1","pathetic","positionleft","validityvalid","test","1","negative","singlestim","243","344239","347","â€šÃ³Ã¨","67","dotpositionleft","singlestim","244","344661","c","left","correct","1","","1","trialend","singlestim","245","345680"
"14575","Subject23","1","cryingcrying","1","crying","positionright","validityvalid","test","1","negative","singlestim","247","347682","384","â€šÃ³Ã¨","77","dotpositionright","singlestim","248","348119","m","right","correct","1","","1","trialend","singlestim","249","349135"
"14872","Subject23","1","funeralfuneral","1","funeral","positionright","validityvalid","test","1","suicide","singlestim","251","351145","367","â€šÃ³Ã¨","77","dotpositionright","singlestim","252","351565","m","right","correct","1","","1","trialend","singlestim","253","352584"
"15169","Subject23","1","statuestatue","1","statue","positionright","validityinvalid","test","1","neutral","singlestim","255","354590","365","â€šÃ³Ã¨","67","dotpositionleft","singlestim","256","355008","c","left","correct","1","","1","trialend","singlestim","257","356020"
"15466","Subject23","1","healthyhealthy","1","healthy","positionleft","validityinvalid","test","1","positive","singlestim","259","358024","382","â€šÃ³Ã¨","77","dotpositionright","singlestim","260","358458","m","right","correct","1","","1","trialend","singlestim","261","359471"
"15763","Subject23","1","imageimage","1","image","positionleft","validityvalid","test","1","neutral","singlestim","263","361476","401","â€šÃ³Ã¨","67","dotpositionleft","singlestim","264","361929","c","left","correct","1","","1","trialend","singlestim","265","362943"
"16060","Subject23","1","hatehate","1","hate","positionright","validityinvalid","test","1","negative","singlestim","267","364948","405","â€šÃ³Ã¨","67","dotpositionleft","singlestim","268","365406","c","left","correct","1","","1","trialend","singlestim","269","366419"
"16357","Subject23","1","attractionattraction","1","attraction","positionright","validityvalid","test","1","positive","singlestim","271","368424","493","â€šÃ³Ã¨","77","dotpositionright","singlestim","272","368970","m","right","correct","1","","1","trialend","singlestim","273","369983"
"16654","Subject23","1","suffocationsuffocation","1","suffocation","positionleft","validityinvalid","test","1","suicide","singlestim","275","371993","440","â€šÃ³Ã¨","77","dotpositionright","singlestim","276","372485","m","right","correct","1","","1","trialend","singlestim","277","373498"
"16951","Subject23","1","vomitvomit","1","vomit","positionleft","validityvalid","test","1","negative","singlestim","279","375503","452","â€šÃ³Ã¨","67","dotpositionleft","singlestim","280","376007","c","left","correct","1","","1","trialend","singlestim","281","377025"
"17248","Subject23","1","cheesecheese","1","cheese","positionright","validityvalid","test","1","neutral","singlestim","283","379032","374","â€šÃ³Ã¨","77","dotpositionright","singlestim","284","379459","m","right","correct","1","","1","trialend","singlestim","285","380471"
"17545","Subject23","1","paradiseparadise","1","paradise","positionleft","validityvalid","test","1","positive","singlestim","287","382474","348","â€šÃ³Ã¨","67","dotpositionleft","singlestim","288","382873","c","left","correct","1","","1","trialend","singlestim","289","383891"
"17842","Subject23","1","foldedfolded","1","folded","positionleft","validityvalid","test","1","neutral","singlestim","291","385895","417","â€šÃ³Ã¨","67","dotpositionleft","singlestim","292","386363","c","left","correct","1","","1","trialend","singlestim","293","387377"
"18139","Subject23","1","gunshotgunshot","1","gunshot","positionright","validityvalid","test","1","suicide","singlestim","295","389382","353","â€šÃ³Ã¨","77","dotpositionright","singlestim","296","389787","m","right","correct","1","","1","trialend","singlestim","297","390800"
"18436","Subject23","1","greatgreat","1","great","positionright","validityvalid","test","1","positive","singlestim","299","392805","510","â€šÃ³Ã¨","77","dotpositionright","singlestim","300","393367","m","right","correct","1","","1","trialend","singlestim","301","394381"
"18733","Subject23","1","bloodblood","1","blood","positionleft","validityvalid","test","1","suicide","singlestim","303","396385","331","â€šÃ³Ã¨","67","dotpositionleft","singlestim","304","396769","c","left","correct","1","","1","trialend","singlestim","305","397781"
