"","SubjectID","rt","stimulus","keypress","word","wordposition","validity","block","blocknum","wordtype","trialtype","trialindex","timeelapsed","rt.1","stimulus.1","keypress.1","dotposition","trialtype.1","trialindex.1","timeelapsed.1","keypressed","participantresponse","correctresponse","rt.2","stimulus.2","keypress.2","blocktrial","trialtype.2","trialindex.2","timeelapsed.2"
"234","Subject266","1","imageimage","1","image","positionleft","validityvalid","test","1","neutral","singlestim","51","54112","351","â€šÃ³Ã¨","67","dotpositionleft","singlestim","52","54516","c","left","correct","1","","1","trialend","singlestim","53","55528"
"531","Subject266","1","paradiseparadise","1","paradise","positionleft","validityvalid","test","1","positive","singlestim","55","57531","235","â€šÃ³Ã¨","67","dotpositionleft","singlestim","56","57818","c","left","correct","1","","1","trialend","singlestim","57","58831"
"828","Subject266","1","statuestatue","1","statue","positionright","validityinvalid","test","1","neutral","singlestim","59","60835","300","â€šÃ³Ã¨","67","dotpositionleft","singlestim","60","61186","c","left","correct","1","","1","trialend","singlestim","61","62199"
"1125","Subject266","1","vomitvomit","1","vomit","positionleft","validityvalid","test","1","negative","singlestim","63","64203","308","â€šÃ³Ã¨","67","dotpositionleft","singlestim","64","64565","c","left","correct","1","","1","trialend","singlestim","65","65577"
"1422","Subject266","1","funeralfuneral","1","funeral","positionright","validityvalid","test","1","suicide","singlestim","67","67579","275","â€šÃ³Ã¨","77","dotpositionright","singlestim","68","67906","m","right","correct","1","","1","trialend","singlestim","69","68922"
"1719","Subject266","1","hatehate","1","hate","positionright","validityinvalid","test","1","negative","singlestim","71","70925","267","â€šÃ³Ã¨","67","dotpositionleft","singlestim","72","71245","c","left","correct","1","","1","trialend","singlestim","73","72257"
"2016","Subject266","1","patheticpathetic","1","pathetic","positionleft","validityvalid","test","1","negative","singlestim","75","74261","270","â€šÃ³Ã¨","67","dotpositionleft","singlestim","76","74583","c","left","correct","1","","1","trialend","singlestim","77","75595"
"2313","Subject266","1","healthyhealthy","1","healthy","positionleft","validityinvalid","test","1","positive","singlestim","79","77598","283","â€šÃ³Ã¨","77","dotpositionright","singlestim","80","77934","m","right","correct","1","","1","trialend","singlestim","81","78945"
"2610","Subject266","1","attractionattraction","1","attraction","positionright","validityvalid","test","1","positive","singlestim","83","80949","283","â€šÃ³Ã¨","77","dotpositionright","singlestim","84","81285","m","right","correct","1","","1","trialend","singlestim","85","82298"
"2907","Subject266","1","gunshotgunshot","1","gunshot","positionright","validityvalid","test","1","suicide","singlestim","87","84302","325","â€šÃ³Ã¨","77","dotpositionright","singlestim","88","84679","m","right","correct","1","","1","trialend","singlestim","89","85691"
"3204","Subject266","1","foldedfolded","1","folded","positionleft","validityvalid","test","1","neutral","singlestim","91","87693","317","â€šÃ³Ã¨","67","dotpositionleft","singlestim","92","88061","c","left","correct","1","","1","trialend","singlestim","93","89073"
"3501","Subject266","1","greatgreat","1","great","positionright","validityvalid","test","1","positive","singlestim","95","91078","333","â€šÃ³Ã¨","77","dotpositionright","singlestim","96","91461","m","right","correct","1","","1","trialend","singlestim","97","92473"
"3798","Subject266","1","cryingcrying","1","crying","positionright","validityvalid","test","1","negative","singlestim","99","94477","302","â€šÃ³Ã¨","77","dotpositionright","singlestim","100","94830","m","right","correct","1","","1","trialend","singlestim","101","95842"
"4095","Subject266","1","cheesecheese","1","cheese","positionright","validityvalid","test","1","neutral","singlestim","103","97847","282","â€šÃ³Ã¨","77","dotpositionright","singlestim","104","98181","m","right","correct","1","","1","trialend","singlestim","105","99194"
"4392","Subject266","1","suffocationsuffocation","1","suffocation","positionleft","validityinvalid","test","1","suicide","singlestim","107","101197","299","â€šÃ³Ã¨","77","dotpositionright","singlestim","108","101549","m","right","correct","1","","1","trialend","singlestim","109","102561"
"4689","Subject266","1","bloodblood","1","blood","positionleft","validityvalid","test","1","suicide","singlestim","111","104564","310","â€šÃ³Ã¨","67","dotpositionleft","singlestim","112","104925","c","left","correct","1","","1","trialend","singlestim","113","105938"
"4986","Subject266","1","horsehorse","1","horse","positionleft","validityinvalid","test","2","neutral","singlestim","115","107942","275","â€šÃ³Ã¨","77","dotpositionright","singlestim","116","108269","m","right","correct","1","","1","trialend","singlestim","117","109281"
"5283","Subject266","1","failurefailure","1","failure","positionleft","validityvalid","test","2","negative","singlestim","119","111284","309","â€šÃ³Ã¨","67","dotpositionleft","singlestim","120","111645","c","left","correct","1","","1","trialend","singlestim","121","112657"
"5580","Subject266","1","lovelove","1","love","positionright","validityinvalid","test","2","positive","singlestim","123","114659","335","â€šÃ³Ã¨","67","dotpositionleft","singlestim","124","115045","c","left","correct","1","","1","trialend","singlestim","125","116057"
"5877","Subject266","1","corpsecorpse","1","corpse","positionleft","validityvalid","test","2","suicide","singlestim","127","118061","276","â€šÃ³Ã¨","67","dotpositionleft","singlestim","128","118388","c","left","correct","1","","1","trialend","singlestim","129","119401"
"6174","Subject266","1","pleasurepleasure","1","pleasure","positionleft","validityvalid","test","2","positive","singlestim","131","121405","260","â€šÃ³Ã¨","67","dotpositionleft","singlestim","132","121717","c","left","correct","1","","1","trialend","singlestim","133","122729"
"6471","Subject266","1","tabletable","1","table","positionright","validityvalid","test","2","neutral","singlestim","135","124732","269","â€šÃ³Ã¨","77","dotpositionright","singlestim","136","125054","m","right","correct","1","","1","trialend","singlestim","137","126066"
"6768","Subject266","1","filthyfilthy","1","filthy","positionleft","validityinvalid","test","2","negative","singlestim","139","128070","284","â€šÃ³Ã¨","77","dotpositionright","singlestim","140","128404","m","right","correct","1","","1","trialend","singlestim","141","129420"
"7065","Subject266","1","noosenoose","1","noose","positionleft","validityvalid","test","2","suicide","singlestim","143","131423","262","â€šÃ³Ã¨","67","dotpositionleft","singlestim","144","131736","c","left","correct","1","","1","trialend","singlestim","145","132748"
"7362","Subject266","1","cruelcruel","1","cruel","positionright","validityvalid","test","2","negative","singlestim","147","134753","269","â€šÃ³Ã¨","77","dotpositionright","singlestim","148","135073","m","right","correct","1","","1","trialend","singlestim","149","136085"
"7659","Subject266","1","enthusiasmenthusiasm","1","enthusiasm","positionright","validityvalid","test","2","positive","singlestim","151","138089","266","â€šÃ³Ã¨","77","dotpositionright","singlestim","152","138408","m","right","correct","1","","1","trialend","singlestim","153","139419"
"7956","Subject266","1","abuseabuse","1","abuse","positionright","validityvalid","test","2","negative","singlestim","155","141422","367","â€šÃ³Ã¨","77","dotpositionright","singlestim","156","141840","m","right","correct","1","","1","trialend","singlestim","157","142852"
"8253","Subject266","1","overdoseoverdose","1","overdose","positionright","validityinvalid","test","2","suicide","singlestim","159","144856","278","â€šÃ³Ã¨","67","dotpositionleft","singlestim","160","145185","c","left","correct","1","","1","trialend","singlestim","161","146197"
"8550","Subject266","1","paperpaper","1","paper","positionleft","validityvalid","test","2","neutral","singlestim","163","148200","285","â€šÃ³Ã¨","67","dotpositionleft","singlestim","164","148536","c","left","correct","1","","1","trialend","singlestim","165","149548"
"8847","Subject266","1","braverybravery","1","bravery","positionleft","validityvalid","test","2","positive","singlestim","167","151550","262","â€šÃ³Ã¨","67","dotpositionleft","singlestim","168","151864","c","left","correct","1","","1","trialend","singlestim","169","152877"
"9144","Subject266","1","foamfoam","1","foam","positionright","validityvalid","test","2","neutral","singlestim","171","154881","260","â€šÃ³Ã¨","77","dotpositionright","singlestim","172","155192","m","right","correct","1","","1","trialend","singlestim","173","156205"
"9441","Subject266","1","deathdeath","1","death","positionright","validityvalid","test","2","suicide","singlestim","175","158209","284","â€šÃ³Ã¨","77","dotpositionright","singlestim","176","158544","m","right","correct","1","","1","trialend","singlestim","177","159556"
"9738","Subject266","1","dyingdying","1","dying","positionleft","validityvalid","test","3","suicide","singlestim","179","161560","301","â€šÃ³Ã¨","67","dotpositionleft","singlestim","180","161912","c","left","correct","1","","1","trialend","singlestim","181","162923"
"10035","Subject266","1","closetcloset","1","closet","positionright","validityinvalid","test","3","neutral","singlestim","183","164928","341","â€šÃ³Ã¨","67","dotpositionleft","singlestim","184","165321","c","left","correct","1","","1","trialend","singlestim","185","166333"
"10332","Subject266","1","rejectedrejected","1","rejected","positionright","validityvalid","test","3","negative","singlestim","187","168335","269","â€šÃ³Ã¨","77","dotpositionright","singlestim","188","168656","m","right","correct","1","","1","trialend","singlestim","189","169668"
"10629","Subject266","1","assaultassault","1","assault","positionleft","validityinvalid","test","3","negative","singlestim","191","171672","307","â€šÃ³Ã¨","77","dotpositionright","singlestim","192","172031","m","right","correct","1","","1","trialend","singlestim","193","173043"
"10926","Subject266","1","strongstrong","1","strong","positionleft","validityvalid","test","3","positive","singlestim","195","175048","278","â€šÃ³Ã¨","67","dotpositionleft","singlestim","196","175376","c","left","correct","1","","1","trialend","singlestim","197","176388"
"11223","Subject266","1","happyhappy","1","happy","positionright","validityvalid","test","3","positive","singlestim","199","178391","246","â€šÃ³Ã¨","77","dotpositionright","singlestim","200","178687","m","right","correct","1","","1","trialend","singlestim","201","179699"
"11520","Subject266","1","diedie","1","die","positionright","validityvalid","test","3","suicide","singlestim","203","181702","286","â€šÃ³Ã¨","77","dotpositionright","singlestim","204","182040","m","right","correct","1","","1","trialend","singlestim","205","183052"
"11817","Subject266","1","cuttingcutting","1","cutting","positionright","validityvalid","test","3","suicide","singlestim","207","185055","261","â€šÃ³Ã¨","77","dotpositionright","singlestim","208","185367","m","right","correct","1","","1","trialend","singlestim","209","186379"
"12114","Subject266","1","bombbomb","1","bomb","positionright","validityvalid","test","3","negative","singlestim","211","188382","318","â€šÃ³Ã¨","77","dotpositionright","singlestim","212","188752","m","right","correct","1","","1","trialend","singlestim","213","189769"
"12411","Subject266","1","museummuseum","1","museum","positionleft","validityvalid","test","3","neutral","singlestim","215","191773","242","â€šÃ³Ã¨","67","dotpositionleft","singlestim","216","192066","c","left","correct","1","","1","trialend","singlestim","217","193078"
"12708","Subject266","1","deaddead","1","dead","positionleft","validityinvalid","test","3","suicide","singlestim","219","195083","197","â€šÃ³Ã¨","67","dotpositionright","singlestim","220","195330","c","left","incorrect","1","","1","trialend","singlestim","221","196343"
"13005","Subject266","1","smilesmile","1","smile","positionleft","validityvalid","test","3","positive","singlestim","223","198347","276","â€šÃ³Ã¨","67","dotpositionleft","singlestim","224","198675","c","left","correct","1","","1","trialend","singlestim","225","199687"
"13302","Subject266","1","touretoure","1","toure","positionleft","validityvalid","test","3","negative","singlestim","227","201691","277","â€šÃ³Ã¨","67","dotpositionleft","singlestim","228","202019","c","left","correct","1","","1","trialend","singlestim","229","203032"
"13599","Subject266","1","greengreen","1","green","positionright","validityvalid","test","3","neutral","singlestim","231","205036","275","â€šÃ³Ã¨","77","dotpositionright","singlestim","232","205363","m","right","correct","1","","1","trialend","singlestim","233","206375"
"13896","Subject266","1","kisskiss","1","kiss","positionright","validityinvalid","test","3","positive","singlestim","235","208379","284","â€šÃ³Ã¨","67","dotpositionleft","singlestim","236","208714","c","left","correct","1","","1","trialend","singlestim","237","209726"
"14193","Subject266","1","metermeter","1","meter","positionleft","validityvalid","test","3","neutral","singlestim","239","211730","294","â€šÃ³Ã¨","67","dotpositionleft","singlestim","240","212075","c","left","correct","1","","1","trialend","singlestim","241","213087"
"14490","Subject266","1","ecstaticecstatic","1","ecstatic","positionright","validityvalid","test","4","positive","singlestim","243","215091","258","â€šÃ³Ã¨","77","dotpositionright","singlestim","244","215402","m","right","correct","1","","1","trialend","singlestim","245","216414"
"14787","Subject266","1","structurestructure","1","structure","positionright","validityvalid","test","4","neutral","singlestim","247","218418","309","â€šÃ³Ã¨","77","dotpositionright","singlestim","248","218778","m","right","correct","1","","1","trialend","singlestim","249","219791"
"15084","Subject266","1","engineengine","1","engine","positionleft","validityvalid","test","4","neutral","singlestim","251","221794","261","â€šÃ³Ã¨","67","dotpositionleft","singlestim","252","222107","c","left","correct","1","","1","trialend","singlestim","253","223120"
"15381","Subject266","1","deceaseddeceased","1","deceased","positionright","validityvalid","test","4","suicide","singlestim","255","225124","258","â€šÃ³Ã¨","77","dotpositionright","singlestim","256","225434","m","right","correct","1","","1","trialend","singlestim","257","226445"
"15678","Subject266","1","killingkilling","1","killing","positionleft","validityvalid","test","4","suicide","singlestim","259","228449","245","â€šÃ³Ã¨","67","dotpositionleft","singlestim","260","228745","c","left","correct","1","","1","trialend","singlestim","261","229758"
"15975","Subject266","1","frameframe","1","frame","positionleft","validityinvalid","test","4","neutral","singlestim","263","231762","284","â€šÃ³Ã¨","77","dotpositionright","singlestim","264","232098","m","right","correct","1","","1","trialend","singlestim","265","233110"
"16272","Subject266","1","stupidstupid","1","stupid","positionleft","validityvalid","test","4","negative","singlestim","267","235114","262","â€šÃ³Ã¨","67","dotpositionleft","singlestim","268","235427","c","left","correct","1","","1","trialend","singlestim","269","236439"
"16569","Subject266","1","laughlaugh","1","laugh","positionright","validityvalid","test","4","positive","singlestim","271","238442","300","â€šÃ³Ã¨","77","dotpositionright","singlestim","272","238793","m","right","correct","1","","1","trialend","singlestim","273","239806"
"16866","Subject266","1","hanginghanging","1","hanging","positionleft","validityvalid","test","4","suicide","singlestim","275","241810","283","â€šÃ³Ã¨","67","dotpositionleft","singlestim","276","242146","c","left","correct","1","","1","trialend","singlestim","277","243158"
"17163","Subject266","1","alonealone","1","alone","positionleft","validityvalid","test","4","negative","singlestim","279","245161","437","â€šÃ³Ã¨","67","dotpositionleft","singlestim","280","245651","c","left","correct","1","","1","trialend","singlestim","281","246663"
"17460","Subject266","1","passionatepassionate","1","passionate","positionleft","validityinvalid","test","4","positive","singlestim","283","248665","260","â€šÃ³Ã¨","77","dotpositionright","singlestim","284","248978","m","right","correct","1","","1","trialend","singlestim","285","249993"
"17757","Subject266","1","suicidesuicide","1","suicide","positionright","validityinvalid","test","4","suicide","singlestim","287","251997","227","â€šÃ³Ã¨","67","dotpositionleft","singlestim","288","252277","c","left","correct","1","","1","trialend","singlestim","289","253290"
"18054","Subject266","1","wohlesswohless","1","wohless","positionright","validityvalid","test","4","negative","singlestim","291","255294","243","â€šÃ³Ã¨","77","dotpositionright","singlestim","292","255589","m","right","correct","1","","1","trialend","singlestim","293","256602"
"18351","Subject266","1","successsuccess","1","success","positionleft","validityvalid","test","4","positive","singlestim","295","258604","358","â€šÃ³Ã¨","67","dotpositionleft","singlestim","296","259014","c","left","correct","1","","1","trialend","singlestim","297","260027"
"18648","Subject266","1","doubledouble","1","double","positionright","validityvalid","test","4","neutral","singlestim","299","262031","257","â€šÃ³Ã¨","77","dotpositionright","singlestim","300","262341","m","right","correct","1","","1","trialend","singlestim","301","263353"
"18945","Subject266","1","ashamedashamed","1","ashamed","positionright","validityinvalid","test","4","negative","singlestim","303","265357","317","â€šÃ³Ã¨","67","dotpositionleft","singlestim","304","265725","c","left","correct","1","","1","trialend","singlestim","305","266737"
