,SubjectID,rt,stimulus,keypress,word,wordposition,validity,block,blocknum,wordtype,trialtype,trialindex,timeelapsed,rt.1,stimulus.1,keypress.1,dotposition,trialtype.1,trialindex.1,timeelapsed.1,keypressed,participantresponse,correctresponse,rt.2,stimulus.2,keypress.2,blocktrial,trialtype.2,trialindex.2,timeelapsed.2,
10,Subject10,,ashamedashamed,1,ashamed,positionright,validityinvalid,test,4,negative,singlestim,51,76847,100010,â€šÃ³Ã¨,67,dotpositionleft,singlestim,52,77357,100020,left,correct,1,,1,trialend,singlestim,53,78371,100030
307,Subject10,,passionatepassionate,1,passionate,positionleft,validityinvalid,test,4,positive,singlestim,55,80378,100050,â€šÃ³Ã¨,77,dotpositionright,singlestim,56,80765,100060,right,correct,1,,1,trialend,singlestim,57,81779,100070
604,Subject10,,laughlaugh,1,laugh,positionright,validityvalid,test,4,positive,singlestim,59,83787,100090,â€šÃ³Ã¨,77,dotpositionright,singlestim,60,84349,1000100,right,correct,1,,1,trialend,singlestim,61,85365,1000110
901,Subject10,,ecstaticecstatic,1,ecstatic,positionright,validityvalid,test,4,positive,singlestim,63,87372,1000130,â€šÃ³Ã¨,77,dotpositionright,singlestim,64,87850,1000140,right,correct,1,,1,trialend,singlestim,65,88865,1000150
1198,Subject10,,wohlesswohless,1,wohless,positionright,validityvalid,test,4,negative,singlestim,67,90873,1000170,â€šÃ³Ã¨,77,dotpositionright,singlestim,68,91301,1000180,right,correct,1,,1,trialend,singlestim,69,92318,1000190
1495,Subject10,,successsuccess,1,success,positionleft,validityvalid,test,4,positive,singlestim,71,94327,1000210,â€šÃ³Ã¨,67,dotpositionleft,singlestim,72,94890,1000220,left,correct,1,,1,trialend,singlestim,73,95902,1000230
1792,Subject10,,deceaseddeceased,1,deceased,positionright,validityvalid,test,4,suicide,singlestim,75,97909,1000250,â€šÃ³Ã¨,77,dotpositionright,singlestim,76,98416,1000260,right,correct,1,,1,trialend,singlestim,77,99432,1000270
2089,Subject10,,killingkilling,1,killing,positionleft,validityvalid,test,4,suicide,singlestim,79,101443,1000290,â€šÃ³Ã¨,67,dotpositionleft,singlestim,80,101852,1000300,left,correct,1,,1,trialend,singlestim,81,102869,1000310
2386,Subject10,,doubledouble,1,double,positionright,validityvalid,test,4,neutral,singlestim,83,104879,1000330,â€šÃ³Ã¨,77,dotpositionright,singlestim,84,105443,1000340,right,correct,1,,1,trialend,singlestim,85,106457,1000350
2683,Subject10,,alonealone,1,alone,positionleft,validityvalid,test,4,negative,singlestim,87,108466,1000370,â€šÃ³Ã¨,67,dotpositionleft,singlestim,88,108952,1000380,left,correct,1,,1,trialend,singlestim,89,109968,1000390
2980,Subject10,,stupidstupid,1,stupid,positionleft,validityvalid,test,4,negative,singlestim,91,111976,1000410,â€šÃ³Ã¨,67,dotpositionleft,singlestim,92,112419,1000420,left,correct,1,,1,trialend,singlestim,93,113433,1000430
3277,Subject10,,hanginghanging,1,hanging,positionleft,validityvalid,test,4,suicide,singlestim,95,115444,1000450,â€šÃ³Ã¨,67,dotpositionleft,singlestim,96,115965,1000460,left,correct,1,,1,trialend,singlestim,97,116976,1000470
3574,Subject10,,suicidesuicide,1,suicide,positionright,validityinvalid,test,4,suicide,singlestim,99,118983,1000490,â€šÃ³Ã¨,67,dotpositionleft,singlestim,100,119633,1000500,left,correct,1,,1,trialend,singlestim,101,120649,1000510
3871,Subject10,,frameframe,1,frame,positionleft,validityinvalid,test,4,neutral,singlestim,103,122657,1000530,â€šÃ³Ã¨,77,dotpositionright,singlestim,104,123447,1000540,right,correct,1,,1,trialend,singlestim,105,124463,1000550
4168,Subject10,,structurestructure,1,structure,positionright,validityvalid,test,4,neutral,singlestim,107,126470,1000570,â€šÃ³Ã¨,77,dotpositionright,singlestim,108,127024,1000580,right,correct,1,,1,trialend,singlestim,109,128037,1000590
4465,Subject10,,engineengine,1,engine,positionleft,validityvalid,test,4,neutral,singlestim,111,130046,1000610,â€šÃ³Ã¨,67,dotpositionleft,singlestim,112,130391,1000620,left,correct,1,,1,trialend,singlestim,113,131409,1000630
4762,Subject10,,suffocationsuffocation,1,suffocation,positionleft,validityinvalid,test,1,suicide,singlestim,115,133418,101010,â€šÃ³Ã¨,77,dotpositionright,singlestim,116,133966,101020,right,correct,1,,1,trialend,singlestim,117,134984,101030
5059,Subject10,,vomitvomit,1,vomit,positionleft,validityvalid,test,1,negative,singlestim,119,136994,101050,â€šÃ³Ã¨,67,dotpositionleft,singlestim,120,137549,101060,left,correct,1,,1,trialend,singlestim,121,138566,101070
5356,Subject10,,statuestatue,1,statue,positionright,validityinvalid,test,1,neutral,singlestim,123,140574,101090,â€šÃ³Ã¨,67,dotpositionleft,singlestim,124,141130,1010100,left,correct,1,,1,trialend,singlestim,125,142147,1010110
5653,Subject10,,hatehate,1,hate,positionright,validityinvalid,test,1,negative,singlestim,127,144157,1010130,â€šÃ³Ã¨,67,dotpositionleft,singlestim,128,144617,1010140,left,correct,1,,1,trialend,singlestim,129,145632,1010150
5950,Subject10,,imageimage,1,image,positionleft,validityvalid,test,1,neutral,singlestim,131,147642,1010170,â€šÃ³Ã¨,67,dotpositionleft,singlestim,132,148101,1010180,left,correct,1,,1,trialend,singlestim,133,149115,1010190
6247,Subject10,,paradiseparadise,1,paradise,positionleft,validityvalid,test,1,positive,singlestim,135,151125,1010210,â€šÃ³Ã¨,67,dotpositionleft,singlestim,136,151679,1010220,left,correct,1,,1,trialend,singlestim,137,152692,1010230
6544,Subject10,,patheticpathetic,1,pathetic,positionleft,validityvalid,test,1,negative,singlestim,139,154701,1010250,â€šÃ³Ã¨,67,dotpositionleft,singlestim,140,155252,1010260,left,correct,1,,1,trialend,singlestim,141,156269,1010270
6841,Subject10,,greatgreat,1,great,positionright,validityvalid,test,1,positive,singlestim,143,158278,1010290,â€šÃ³Ã¨,77,dotpositionright,singlestim,144,158857,1010300,right,correct,1,,1,trialend,singlestim,145,159874,1010310
7138,Subject10,,attractionattraction,1,attraction,positionright,validityvalid,test,1,positive,singlestim,147,161883,1010330,â€šÃ³Ã¨,77,dotpositionright,singlestim,148,162415,1010340,right,correct,1,,1,trialend,singlestim,149,163433,1010350
7435,Subject10,,foldedfolded,1,folded,positionleft,validityvalid,test,1,neutral,singlestim,151,165440,1010370,â€šÃ³Ã¨,67,dotpositionleft,singlestim,152,166045,1010380,left,correct,1,,1,trialend,singlestim,153,167060,1010390
7732,Subject10,,funeralfuneral,1,funeral,positionright,validityvalid,test,1,suicide,singlestim,155,169069,1010410,â€šÃ³Ã¨,77,dotpositionright,singlestim,156,169771,1010420,right,correct,1,,1,trialend,singlestim,157,170786,1010430
8029,Subject10,,gunshotgunshot,1,gunshot,positionright,validityvalid,test,1,suicide,singlestim,159,172796,1010450,â€šÃ³Ã¨,77,dotpositionright,singlestim,160,173378,1010460,right,correct,1,,1,trialend,singlestim,161,174391,1010470
8326,Subject10,,cheesecheese,1,cheese,positionright,validityvalid,test,1,neutral,singlestim,163,176401,1010490,â€šÃ³Ã¨,77,dotpositionright,singlestim,164,177156,1010500,right,correct,1,,1,trialend,singlestim,165,178176,1010510
8623,Subject10,,healthyhealthy,67,healthy,positionleft,validityinvalid,test,1,positive,singlestim,167,180185,1010530,â€šÃ³Ã¨,77,dotpositionright,singlestim,168,180743,1010540,right,correct,1,,1,trialend,singlestim,169,181758,1010550
8920,Subject10,,cryingcrying,1,crying,positionright,validityvalid,test,1,negative,singlestim,171,183765,1010570,â€šÃ³Ã¨,77,dotpositionright,singlestim,172,184167,1010580,right,correct,1,,1,trialend,singlestim,173,185182,1010590
9217,Subject10,,bloodblood,1,blood,positionleft,validityvalid,test,1,suicide,singlestim,175,187191,1010610,â€šÃ³Ã¨,67,dotpositionleft,singlestim,176,187779,1010620,left,correct,1,,1,trialend,singlestim,177,188793,1010630
9514,Subject10,,lovelove,1,love,positionright,validityinvalid,test,2,positive,singlestim,179,190801,102010,â€šÃ³Ã¨,67,dotpositionleft,singlestim,180,191265,102020,left,correct,1,,1,trialend,singlestim,181,192279,102030
9811,Subject10,,pleasurepleasure,1,pleasure,positionleft,validityvalid,test,2,positive,singlestim,183,194283,102050,â€šÃ³Ã¨,67,dotpositionleft,singlestim,184,194782,102060,left,correct,1,,1,trialend,singlestim,185,195798,102070
10108,Subject10,,filthyfilthy,1,filthy,positionleft,validityinvalid,test,2,negative,singlestim,187,197807,102090,â€šÃ³Ã¨,77,dotpositionright,singlestim,188,198354,1020100,right,correct,1,,1,trialend,singlestim,189,199371,1020110
10405,Subject10,,deathdeath,1,death,positionright,validityvalid,test,2,suicide,singlestim,191,201381,1020130,â€šÃ³Ã¨,77,dotpositionright,singlestim,192,201921,1020140,right,correct,1,,1,trialend,singlestim,193,202937,1020150
10702,Subject10,,corpsecorpse,1,corpse,positionleft,validityvalid,test,2,suicide,singlestim,195,204946,1020170,â€šÃ³Ã¨,67,dotpositionleft,singlestim,196,205548,1020180,left,correct,1,,1,trialend,singlestim,197,206565,1020190
10999,Subject10,,horsehorse,1,horse,positionleft,validityinvalid,test,2,neutral,singlestim,199,208573,1020210,â€šÃ³Ã¨,77,dotpositionright,singlestim,200,208980,1020220,right,correct,1,,1,trialend,singlestim,201,209996,1020230
11296,Subject10,,tabletable,1,table,positionright,validityvalid,test,2,neutral,singlestim,203,212004,1020250,â€šÃ³Ã¨,77,dotpositionright,singlestim,204,212656,1020260,right,correct,1,,1,trialend,singlestim,205,213669,1020270
11593,Subject10,,overdoseoverdose,1,overdose,positionright,validityinvalid,test,2,suicide,singlestim,207,215678,1020290,â€šÃ³Ã¨,67,dotpositionleft,singlestim,208,216249,1020300,left,correct,1,,1,trialend,singlestim,209,217262,1020310
11890,Subject10,,failurefailure,1,failure,positionleft,validityvalid,test,2,negative,singlestim,211,219270,1020330,â€šÃ³Ã¨,67,dotpositionleft,singlestim,212,219840,1020340,left,correct,1,,1,trialend,singlestim,213,220856,1020350
12187,Subject10,,enthusiasmenthusiasm,1,enthusiasm,positionright,validityvalid,test,2,positive,singlestim,215,222862,1020370,â€šÃ³Ã¨,77,dotpositionright,singlestim,216,223513,1020380,right,correct,1,,1,trialend,singlestim,217,224529,1020390
12484,Subject10,,abuseabuse,1,abuse,positionright,validityvalid,test,2,negative,singlestim,219,226537,1020410,â€šÃ³Ã¨,77,dotpositionright,singlestim,220,227133,1020420,right,correct,1,,1,trialend,singlestim,221,228145,1020430
12781,Subject10,,noosenoose,1,noose,positionleft,validityvalid,test,2,suicide,singlestim,223,230153,1020450,â€šÃ³Ã¨,67,dotpositionleft,singlestim,224,230817,1020460,left,correct,1,,1,trialend,singlestim,225,231831,1020470
13078,Subject10,,braverybravery,1,bravery,positionleft,validityvalid,test,2,positive,singlestim,227,233839,1020490,â€šÃ³Ã¨,67,dotpositionleft,singlestim,228,234349,1020500,left,correct,1,,1,trialend,singlestim,229,235365,1020510
13375,Subject10,,foamfoam,1,foam,positionright,validityvalid,test,2,neutral,singlestim,231,237373,1020530,â€šÃ³Ã¨,77,dotpositionright,singlestim,232,238070,1020540,right,correct,1,,1,trialend,singlestim,233,239086,1020550
13672,Subject10,,paperpaper,1,paper,positionleft,validityvalid,test,2,neutral,singlestim,235,241095,1020570,â€šÃ³Ã¨,67,dotpositionleft,singlestim,236,241579,1020580,left,correct,1,,1,trialend,singlestim,237,242590,1020590
13969,Subject10,,cruelcruel,1,cruel,positionright,validityvalid,test,2,negative,singlestim,239,244600,1020610,â€šÃ³Ã¨,77,dotpositionright,singlestim,240,245246,1020620,right,correct,1,,1,trialend,singlestim,241,246264,1020630
14266,Subject10,,happyhappy,1,happy,positionright,validityvalid,test,3,positive,singlestim,243,248273,103010,â€šÃ³Ã¨,77,dotpositionright,singlestim,244,248850,103020,right,correct,1,,1,trialend,singlestim,245,249864,103030
14563,Subject10,,cuttingcutting,1,cutting,positionright,validityvalid,test,3,suicide,singlestim,247,251872,103050,â€šÃ³Ã¨,77,dotpositionright,singlestim,248,252372,103060,right,correct,1,,1,trialend,singlestim,249,253387,103070
14860,Subject10,,smilesmile,1,smile,positionleft,validityvalid,test,3,positive,singlestim,251,255395,103090,â€šÃ³Ã¨,67,dotpositionleft,singlestim,252,255977,1030100,left,correct,1,,1,trialend,singlestim,253,256992,1030110
15157,Subject10,,assaultassault,1,assault,positionleft,validityinvalid,test,3,negative,singlestim,255,259000,1030130,â€šÃ³Ã¨,77,dotpositionright,singlestim,256,259688,1030140,right,correct,1,,1,trialend,singlestim,257,260702,1030150
15454,Subject10,,dyingdying,1,dying,positionleft,validityvalid,test,3,suicide,singlestim,259,262709,1030170,â€šÃ³Ã¨,67,dotpositionleft,singlestim,260,263323,1030180,left,correct,1,,1,trialend,singlestim,261,264340,1030190
15751,Subject10,,bombbomb,1,bomb,positionright,validityvalid,test,3,negative,singlestim,263,266348,1030210,â€šÃ³Ã¨,77,dotpositionright,singlestim,264,266857,1030220,right,correct,1,,1,trialend,singlestim,265,267875,1030230
16048,Subject10,,closetcloset,1,closet,positionright,validityinvalid,test,3,neutral,singlestim,267,269883,1030250,â€šÃ³Ã¨,67,dotpositionleft,singlestim,268,270510,1030260,left,correct,1,,1,trialend,singlestim,269,271526,1030270
16345,Subject10,,metermeter,1,meter,positionleft,validityvalid,test,3,neutral,singlestim,271,273534,1030290,â€šÃ³Ã¨,67,dotpositionleft,singlestim,272,274143,1030300,left,correct,1,,1,trialend,singlestim,273,275158,1030310
16642,Subject10,,deaddead,1,dead,positionleft,validityinvalid,test,3,suicide,singlestim,275,277167,1030330,â€šÃ³Ã¨,77,dotpositionright,singlestim,276,277746,1030340,right,correct,1,,1,trialend,singlestim,277,278763,1030350
16939,Subject10,,museummuseum,1,museum,positionleft,validityvalid,test,3,neutral,singlestim,279,280772,1030370,â€šÃ³Ã¨,67,dotpositionleft,singlestim,280,281431,1030380,left,correct,1,,1,trialend,singlestim,281,282446,1030390
17236,Subject10,,kisskiss,1,kiss,positionright,validityinvalid,test,3,positive,singlestim,283,284458,1030410,â€šÃ³Ã¨,67,dotpositionleft,singlestim,284,285068,1030420,left,correct,1,,1,trialend,singlestim,285,286082,1030430
17533,Subject10,,touretoure,1,toure,positionleft,validityvalid,test,3,negative,singlestim,287,288091,1030450,â€šÃ³Ã¨,67,dotpositionleft,singlestim,288,288854,1030460,left,correct,1,,1,trialend,singlestim,289,289873,1030470
17830,Subject10,,diedie,1,die,positionright,validityvalid,test,3,suicide,singlestim,291,291880,1030490,â€šÃ³Ã¨,77,dotpositionright,singlestim,292,292463,1030500,right,correct,1,,1,trialend,singlestim,293,293478,1030510
18127,Subject10,,strongstrong,1,strong,positionleft,validityvalid,test,3,positive,singlestim,295,295486,1030530,â€šÃ³Ã¨,67,dotpositionleft,singlestim,296,296298,1030540,left,correct,1,,1,trialend,singlestim,297,297313,1030550
18424,Subject10,,greengreen,1,green,positionright,validityvalid,test,3,neutral,singlestim,299,299321,1030570,â€šÃ³Ã¨,77,dotpositionright,singlestim,300,299884,1030580,right,correct,1,,1,trialend,singlestim,301,300901,1030590
18721,Subject10,,rejectedrejected,1,rejected,positionright,validityvalid,test,3,negative,singlestim,303,302908,1030610,â€šÃ³Ã¨,77,dotpositionright,singlestim,304,304074,1030620,right,correct,1,,1,trialend,singlestim,305,305090,1030630