"","SubjectID","rt","stimulus","keypress","word","wordposition","validity","block","blocknum","wordtype","trialtype","trialindex","timeelapsed","rt.1","stimulus.1","keypress.1","dotposition","trialtype.1","trialindex.1","timeelapsed.1","keypressed","participantresponse","correctresponse","rt.2","stimulus.2","keypress.2","blocktrial","trialtype.2","trialindex.2","timeelapsed.2"
"118","Subject124","1","deaddead","1","dead","positionleft","validityinvalid","test","3","suicide","singlestim","51","88067","803","â€šÃ³Ã¨","77","dotpositionright","singlestim","52","88921","m","right","correct","1","","1","trialend","singlestim","53","89934"
"415","Subject124","1","greengreen","1","green","positionright","validityvalid","test","3","neutral","singlestim","55","91939","468","â€šÃ³Ã¨","77","dotpositionright","singlestim","56","92460","m","right","correct","1","","1","trialend","singlestim","57","93474"
"712","Subject124","1","museummuseum","1","museum","positionleft","validityvalid","test","3","neutral","singlestim","59","95478","450","â€šÃ³Ã¨","67","dotpositionleft","singlestim","60","95981","c","left","correct","1","","1","trialend","singlestim","61","96994"
"1009","Subject124","1","strongstrong","1","strong","positionleft","validityvalid","test","3","positive","singlestim","63","98999","499","â€šÃ³Ã¨","67","dotpositionleft","singlestim","64","99551","c","left","correct","1","","1","trialend","singlestim","65","100564"
"1306","Subject124","1","dyingdying","1","dying","positionleft","validityvalid","test","3","suicide","singlestim","67","102569","594","â€šÃ³Ã¨","67","dotpositionleft","singlestim","68","103216","c","left","correct","1","","1","trialend","singlestim","69","104229"
"1603","Subject124","1","cuttingcutting","1","cutting","positionright","validityvalid","test","3","suicide","singlestim","71","106234","431","â€šÃ³Ã¨","77","dotpositionright","singlestim","72","106717","m","right","correct","1","","1","trialend","singlestim","73","107731"
"1900","Subject124","1","touretoure","1","toure","positionleft","validityvalid","test","3","negative","singlestim","75","109736","436","â€šÃ³Ã¨","67","dotpositionleft","singlestim","76","110224","c","left","correct","1","","1","trialend","singlestim","77","111237"
"2197","Subject124","1","diedie","1","die","positionright","validityvalid","test","3","suicide","singlestim","79","113241","366","â€šÃ³Ã¨","77","dotpositionright","singlestim","80","113659","m","right","correct","1","","1","trialend","singlestim","81","114672"
"2494","Subject124","1","metermeter","1","meter","positionleft","validityvalid","test","3","neutral","singlestim","83","116677","411","â€šÃ³Ã¨","67","dotpositionleft","singlestim","84","117138","c","left","correct","1","","1","trialend","singlestim","85","118152"
"2791","Subject124","1","bombbomb","1","bomb","positionright","validityvalid","test","3","negative","singlestim","87","120157","396","â€šÃ³Ã¨","77","dotpositionright","singlestim","88","120606","m","right","correct","1","","1","trialend","singlestim","89","121620"
"3088","Subject124","1","smilesmile","1","smile","positionleft","validityvalid","test","3","positive","singlestim","91","123625","350","â€šÃ³Ã¨","67","dotpositionleft","singlestim","92","124026","c","left","correct","1","","1","trialend","singlestim","93","125039"
"3385","Subject124","1","rejectedrejected","1","rejected","positionright","validityvalid","test","3","negative","singlestim","95","127044","403","â€šÃ³Ã¨","77","dotpositionright","singlestim","96","127498","m","right","correct","1","","1","trialend","singlestim","97","128512"
"3682","Subject124","1","happyhappy","1","happy","positionright","validityvalid","test","3","positive","singlestim","99","130517","476","â€šÃ³Ã¨","77","dotpositionright","singlestim","100","131045","m","right","correct","1","","1","trialend","singlestim","101","132058"
"3979","Subject124","1","closetcloset","1","closet","positionright","validityinvalid","test","3","neutral","singlestim","103","134063","441","â€šÃ³Ã¨","67","dotpositionleft","singlestim","104","134555","c","left","correct","1","","1","trialend","singlestim","105","135568"
"4276","Subject124","1","assaultassault","1","assault","positionleft","validityinvalid","test","3","negative","singlestim","107","137573","477","â€šÃ³Ã¨","77","dotpositionright","singlestim","108","138102","m","right","correct","1","","1","trialend","singlestim","109","139116"
"4573","Subject124","1","kisskiss","1","kiss","positionright","validityinvalid","test","3","positive","singlestim","111","141121","436","â€šÃ³Ã¨","67","dotpositionleft","singlestim","112","141609","c","left","correct","1","","1","trialend","singlestim","113","142624"
"4870","Subject124","1","enthusiasmenthusiasm","1","enthusiasm","positionright","validityvalid","test","2","positive","singlestim","115","144628","364","â€šÃ³Ã¨","77","dotpositionright","singlestim","116","145044","m","right","correct","1","","1","trialend","singlestim","117","146058"
"5167","Subject124","1","corpsecorpse","1","corpse","positionleft","validityvalid","test","2","suicide","singlestim","119","148064","405","â€šÃ³Ã¨","67","dotpositionleft","singlestim","120","148520","c","left","correct","1","","1","trialend","singlestim","121","149533"
"5464","Subject124","1","pleasurepleasure","1","pleasure","positionleft","validityvalid","test","2","positive","singlestim","123","151542","438","â€šÃ³Ã¨","67","dotpositionleft","singlestim","124","152033","c","left","correct","1","","1","trialend","singlestim","125","153047"
"5761","Subject124","1","cruelcruel","1","cruel","positionright","validityvalid","test","2","negative","singlestim","127","155052","420","â€šÃ³Ã¨","77","dotpositionright","singlestim","128","155524","m","right","correct","1","","1","trialend","singlestim","129","156538"
"6058","Subject124","1","braverybravery","1","bravery","positionleft","validityvalid","test","2","positive","singlestim","131","158543","425","â€šÃ³Ã¨","67","dotpositionleft","singlestim","132","159021","c","left","correct","1","","1","trialend","singlestim","133","160035"
"6355","Subject124","1","paperpaper","1","paper","positionleft","validityvalid","test","2","neutral","singlestim","135","162039","475","â€šÃ³Ã¨","67","dotpositionleft","singlestim","136","162567","c","left","correct","1","","1","trialend","singlestim","137","163580"
"6652","Subject124","1","horsehorse","1","horse","positionleft","validityinvalid","test","2","neutral","singlestim","139","165585","462","â€šÃ³Ã¨","77","dotpositionright","singlestim","140","166100","m","right","correct","1","","1","trialend","singlestim","141","167114"
"6949","Subject124","1","tabletable","1","table","positionright","validityvalid","test","2","neutral","singlestim","143","169118","438","â€šÃ³Ã¨","77","dotpositionright","singlestim","144","169609","m","right","correct","1","","1","trialend","singlestim","145","170622"
"7246","Subject124","1","overdoseoverdose","1","overdose","positionright","validityinvalid","test","2","suicide","singlestim","147","172627","530","â€šÃ³Ã¨","67","dotpositionleft","singlestim","148","173209","c","left","correct","1","","1","trialend","singlestim","149","174223"
"7543","Subject124","1","foamfoam","1","foam","positionright","validityvalid","test","2","neutral","singlestim","151","176227","427","â€šÃ³Ã¨","77","dotpositionright","singlestim","152","176706","m","right","correct","1","","1","trialend","singlestim","153","177720"
"7840","Subject124","1","lovelove","1","love","positionright","validityinvalid","test","2","positive","singlestim","155","179725","640","â€šÃ³Ã¨","67","dotpositionleft","singlestim","156","180418","c","left","correct","1","","1","trialend","singlestim","157","181432"
"8137","Subject124","1","noosenoose","1","noose","positionleft","validityvalid","test","2","suicide","singlestim","159","183437","396","â€šÃ³Ã¨","67","dotpositionleft","singlestim","160","183885","c","left","correct","1","","1","trialend","singlestim","161","184898"
"8434","Subject124","1","failurefailure","1","failure","positionleft","validityvalid","test","2","negative","singlestim","163","186903","383","â€šÃ³Ã¨","67","dotpositionleft","singlestim","164","187338","c","left","correct","1","","1","trialend","singlestim","165","188352"
"8731","Subject124","1","abuseabuse","1","abuse","positionright","validityvalid","test","2","negative","singlestim","167","190356","360","â€šÃ³Ã¨","77","dotpositionright","singlestim","168","190767","m","right","correct","1","","1","trialend","singlestim","169","191780"
"9028","Subject124","1","deathdeath","1","death","positionright","validityvalid","test","2","suicide","singlestim","171","193785","407","â€šÃ³Ã¨","77","dotpositionright","singlestim","172","194244","m","right","correct","1","","1","trialend","singlestim","173","195258"
"9325","Subject124","1","filthyfilthy","1","filthy","positionleft","validityinvalid","test","2","negative","singlestim","175","197263","431","â€šÃ³Ã¨","77","dotpositionright","singlestim","176","197746","m","right","correct","1","","1","trialend","singlestim","177","198760"
"9622","Subject124","945","frameframe","67","frame","positionleft","validityinvalid","test","4","neutral","singlestim","179","200765","904","â€šÃ³Ã¨","77","dotpositionright","singlestim","180","201721","m","right","correct","1","","1","trialend","singlestim","181","202735"
"9919","Subject124","1","structurestructure","1","structure","positionright","validityvalid","test","4","neutral","singlestim","183","204739","353","â€šÃ³Ã¨","77","dotpositionright","singlestim","184","205145","m","right","correct","1","","1","trialend","singlestim","185","206159"
"10216","Subject124","1","laughlaugh","1","laugh","positionright","validityvalid","test","4","positive","singlestim","187","208163","499","â€šÃ³Ã¨","77","dotpositionright","singlestim","188","208714","m","right","correct","1","","1","trialend","singlestim","189","209728"
"10513","Subject124","1","passionatepassionate","1","passionate","positionleft","validityinvalid","test","4","positive","singlestim","191","211733","471","â€šÃ³Ã¨","77","dotpositionright","singlestim","192","212255","m","right","correct","1","","1","trialend","singlestim","193","213269"
"10810","Subject124","1","wohlesswohless","1","wohless","positionright","validityvalid","test","4","negative","singlestim","195","215273","450","â€šÃ³Ã¨","77","dotpositionright","singlestim","196","215776","m","right","correct","1","","1","trialend","singlestim","197","216790"
"11107","Subject124","1","suicidesuicide","1","suicide","positionright","validityinvalid","test","4","suicide","singlestim","199","218794","449","â€šÃ³Ã¨","67","dotpositionleft","singlestim","200","219296","c","left","correct","1","","1","trialend","singlestim","201","220310"
"11404","Subject124","1","alonealone","1","alone","positionleft","validityvalid","test","4","negative","singlestim","203","222315","488","â€šÃ³Ã¨","67","dotpositionleft","singlestim","204","222855","c","left","correct","1","","1","trialend","singlestim","205","223869"
"11701","Subject124","1","successsuccess","1","success","positionleft","validityvalid","test","4","positive","singlestim","207","225873","414","â€šÃ³Ã¨","67","dotpositionleft","singlestim","208","226340","c","left","correct","1","","1","trialend","singlestim","209","227353"
"11998","Subject124","1","deceaseddeceased","1","deceased","positionright","validityvalid","test","4","suicide","singlestim","211","229357","390","â€šÃ³Ã¨","77","dotpositionright","singlestim","212","229800","m","right","correct","1","","1","trialend","singlestim","213","230813"
"12295","Subject124","1","killingkilling","1","killing","positionleft","validityvalid","test","4","suicide","singlestim","215","232817","431","â€šÃ³Ã¨","67","dotpositionleft","singlestim","216","233301","c","left","correct","1","","1","trialend","singlestim","217","234314"
"12592","Subject124","1","doubledouble","1","double","positionright","validityvalid","test","4","neutral","singlestim","219","236320","547","â€šÃ³Ã¨","77","dotpositionright","singlestim","220","236919","m","right","correct","1","","1","trialend","singlestim","221","237932"
"12889","Subject124","1","engineengine","1","engine","positionleft","validityvalid","test","4","neutral","singlestim","223","239936","372","â€šÃ³Ã¨","67","dotpositionleft","singlestim","224","240360","c","left","correct","1","","1","trialend","singlestim","225","241373"
"13186","Subject124","1","hanginghanging","1","hanging","positionleft","validityvalid","test","4","suicide","singlestim","227","243378","469","â€šÃ³Ã¨","67","dotpositionleft","singlestim","228","243900","c","left","correct","1","","1","trialend","singlestim","229","244913"
"13483","Subject124","1","ecstaticecstatic","1","ecstatic","positionright","validityvalid","test","4","positive","singlestim","231","246918","434","â€šÃ³Ã¨","77","dotpositionright","singlestim","232","247404","m","right","correct","1","","1","trialend","singlestim","233","248418"
"13780","Subject124","1","ashamedashamed","1","ashamed","positionright","validityinvalid","test","4","negative","singlestim","235","250423","470","â€šÃ³Ã¨","67","dotpositionleft","singlestim","236","250945","c","left","correct","1","","1","trialend","singlestim","237","251959"
"14077","Subject124","1","stupidstupid","1","stupid","positionleft","validityvalid","test","4","negative","singlestim","239","253964","567","â€šÃ³Ã¨","67","dotpositionleft","singlestim","240","254584","c","left","correct","1","","1","trialend","singlestim","241","255598"
"14374","Subject124","1","cheesecheese","1","cheese","positionright","validityvalid","test","1","neutral","singlestim","243","257602","507","â€šÃ³Ã¨","77","dotpositionright","singlestim","244","258161","m","right","correct","1","","1","trialend","singlestim","245","259174"
"14671","Subject124","1","gunshotgunshot","1","gunshot","positionright","validityvalid","test","1","suicide","singlestim","247","261179","572","â€šÃ³Ã¨","77","dotpositionright","singlestim","248","261803","m","right","correct","1","","1","trialend","singlestim","249","262817"
"14968","Subject124","1","patheticpathetic","1","pathetic","positionleft","validityvalid","test","1","negative","singlestim","251","264822","412","â€šÃ³Ã¨","67","dotpositionleft","singlestim","252","265287","c","left","correct","1","","1","trialend","singlestim","253","266301"
"15265","Subject124","1","funeralfuneral","1","funeral","positionright","validityvalid","test","1","suicide","singlestim","255","268306","461","â€šÃ³Ã¨","77","dotpositionright","singlestim","256","268819","m","right","correct","1","","1","trialend","singlestim","257","269833"
"15562","Subject124","1","bloodblood","1","blood","positionleft","validityvalid","test","1","suicide","singlestim","259","271838","494","â€šÃ³Ã¨","67","dotpositionleft","singlestim","260","272384","c","left","correct","1","","1","trialend","singlestim","261","273397"
"15859","Subject124","1","hatehate","1","hate","positionright","validityinvalid","test","1","negative","singlestim","263","275402","407","â€šÃ³Ã¨","67","dotpositionleft","singlestim","264","275861","c","left","correct","1","","1","trialend","singlestim","265","276875"
"16156","Subject124","1","greatgreat","1","great","positionright","validityvalid","test","1","positive","singlestim","267","278880","488","â€šÃ³Ã¨","77","dotpositionright","singlestim","268","279419","m","right","correct","1","","1","trialend","singlestim","269","280432"
"16453","Subject124","1","statuestatue","1","statue","positionright","validityinvalid","test","1","neutral","singlestim","271","282437","575","â€šÃ³Ã¨","67","dotpositionleft","singlestim","272","283065","c","left","correct","1","","1","trialend","singlestim","273","284079"
"16750","Subject124","1","imageimage","1","image","positionleft","validityvalid","test","1","neutral","singlestim","275","286083","431","â€šÃ³Ã¨","67","dotpositionleft","singlestim","276","286566","c","left","correct","1","","1","trialend","singlestim","277","287579"
"17047","Subject124","1","vomitvomit","1","vomit","positionleft","validityvalid","test","1","negative","singlestim","279","289582","395","â€šÃ³Ã¨","67","dotpositionleft","singlestim","280","290029","c","left","correct","1","","1","trialend","singlestim","281","291042"
"17344","Subject124","1","paradiseparadise","1","paradise","positionleft","validityvalid","test","1","positive","singlestim","283","293047","408","â€šÃ³Ã¨","67","dotpositionleft","singlestim","284","293507","c","left","correct","1","","1","trialend","singlestim","285","294520"
"17641","Subject124","1","suffocationsuffocation","1","suffocation","positionleft","validityinvalid","test","1","suicide","singlestim","287","296525","441","â€šÃ³Ã¨","77","dotpositionright","singlestim","288","297018","m","right","correct","1","","1","trialend","singlestim","289","298032"
"17938","Subject124","1","cryingcrying","1","crying","positionright","validityvalid","test","1","negative","singlestim","291","300036","550","â€šÃ³Ã¨","77","dotpositionright","singlestim","292","300639","m","right","correct","1","","1","trialend","singlestim","293","301652"
"18235","Subject124","1","healthyhealthy","1","healthy","positionleft","validityinvalid","test","1","positive","singlestim","295","303657","460","â€šÃ³Ã¨","77","dotpositionright","singlestim","296","304169","m","right","correct","1","","1","trialend","singlestim","297","305183"
"18532","Subject124","1","attractionattraction","1","attraction","positionright","validityvalid","test","1","positive","singlestim","299","307188","455","â€šÃ³Ã¨","77","dotpositionright","singlestim","300","307696","m","right","correct","1","","1","trialend","singlestim","301","308708"
"18829","Subject124","1","foldedfolded","1","folded","positionleft","validityvalid","test","1","neutral","singlestim","303","310712","398","â€šÃ³Ã¨","67","dotpositionleft","singlestim","304","311163","c","left","correct","1","","1","trialend","singlestim","305","312176"
