"","SubjectID","rt","stimulus","keypress","word","wordposition","validity","block","blocknum","wordtype","trialtype","trialindex","timeelapsed","rt.1","stimulus.1","keypress.1","dotposition","trialtype.1","trialindex.1","timeelapsed.1","keypressed","participantresponse","correctresponse","rt.2","stimulus.2","keypress.2","blocktrial","trialtype.2","trialindex.2","timeelapsed.2"
"267","Subject301","1","diedie","1","die","positionright","validityvalid","test","3","suicide","singlestim","51","120764","436","â€šÃ³Ã¨","77","dotpositionright","singlestim","52","121256","m","right","correct","1","","1","trialend","singlestim","53","122271"
"564","Subject301","1","deaddead","1","dead","positionleft","validityinvalid","test","3","suicide","singlestim","55","124279","376","â€šÃ³Ã¨","77","dotpositionright","singlestim","56","124712","m","right","correct","1","","1","trialend","singlestim","57","125728"
"861","Subject301","1","touretoure","1","toure","positionleft","validityvalid","test","3","negative","singlestim","59","127735","352","â€šÃ³Ã¨","67","dotpositionleft","singlestim","60","128142","c","left","correct","1","","1","trialend","singlestim","61","129155"
"1158","Subject301","1","closetcloset","1","closet","positionright","validityinvalid","test","3","neutral","singlestim","63","131163","331","â€šÃ³Ã¨","67","dotpositionleft","singlestim","64","131549","c","left","correct","1","","1","trialend","singlestim","65","132563"
"1455","Subject301","1","bombbomb","1","bomb","positionright","validityvalid","test","3","negative","singlestim","67","134570","354","â€šÃ³Ã¨","77","dotpositionright","singlestim","68","134978","m","right","correct","1","","1","trialend","singlestim","69","135992"
"1752","Subject301","276","strongstrong","67","strong","positionleft","validityvalid","test","3","positive","singlestim","71","138001","347","â€šÃ³Ã¨","67","dotpositionleft","singlestim","72","138400","c","left","correct","1","","1","trialend","singlestim","73","139417"
"2049","Subject301","1","happyhappy","1","happy","positionright","validityvalid","test","3","positive","singlestim","75","141428","347","â€šÃ³Ã¨","77","dotpositionright","singlestim","76","141829","m","right","correct","1","","1","trialend","singlestim","77","142854"
"2346","Subject301","1","assaultassault","1","assault","positionleft","validityinvalid","test","3","negative","singlestim","79","144861","399","â€šÃ³Ã¨","77","dotpositionright","singlestim","80","145313","m","right","correct","1","","1","trialend","singlestim","81","146330"
"2643","Subject301","1","museummuseum","1","museum","positionleft","validityvalid","test","3","neutral","singlestim","83","148337","628","â€šÃ³Ã¨","67","dotpositionleft","singlestim","84","149023","c","left","correct","1","","1","trialend","singlestim","85","150039"
"2940","Subject301","1","kisskiss","1","kiss","positionright","validityinvalid","test","3","positive","singlestim","87","152046","304","â€šÃ³Ã¨","67","dotpositionleft","singlestim","88","152404","c","left","correct","1","","1","trialend","singlestim","89","153421"
"3237","Subject301","1","cuttingcutting","1","cutting","positionright","validityvalid","test","3","suicide","singlestim","91","155430","300","â€šÃ³Ã¨","77","dotpositionright","singlestim","92","155785","m","right","correct","1","","1","trialend","singlestim","93","156802"
"3534","Subject301","1","dyingdying","1","dying","positionleft","validityvalid","test","3","suicide","singlestim","95","158809","314","â€šÃ³Ã¨","67","dotpositionleft","singlestim","96","159175","c","left","correct","1","","1","trialend","singlestim","97","160190"
"3831","Subject301","1","rejectedrejected","1","rejected","positionright","validityvalid","test","3","negative","singlestim","99","162198","260","â€šÃ³Ã¨","77","dotpositionright","singlestim","100","162513","m","right","correct","1","","1","trialend","singlestim","101","163527"
"4128","Subject301","1","metermeter","1","meter","positionleft","validityvalid","test","3","neutral","singlestim","103","165535","476","â€šÃ³Ã¨","67","dotpositionleft","singlestim","104","166065","c","left","correct","1","","1","trialend","singlestim","105","167079"
"4425","Subject301","1","greengreen","1","green","positionright","validityvalid","test","3","neutral","singlestim","107","169088","297","â€šÃ³Ã¨","77","dotpositionright","singlestim","108","169439","m","right","correct","1","","1","trialend","singlestim","109","170453"
"4722","Subject301","1","smilesmile","1","smile","positionleft","validityvalid","test","3","positive","singlestim","111","172462","370","â€šÃ³Ã¨","67","dotpositionleft","singlestim","112","172888","c","left","correct","1","","1","trialend","singlestim","113","173905"
"5019","Subject301","836","cruelcruel","77","cruel","positionright","validityvalid","test","2","negative","singlestim","115","175914","313","â€šÃ³Ã¨","77","dotpositionright","singlestim","116","176281","m","right","correct","1","","1","trialend","singlestim","117","177295"
"5316","Subject301","1","lovelove","1","love","positionright","validityinvalid","test","2","positive","singlestim","119","179304","373","â€šÃ³Ã¨","67","dotpositionleft","singlestim","120","179730","c","left","correct","1","","1","trialend","singlestim","121","180743"
"5613","Subject301","1","enthusiasmenthusiasm","1","enthusiasm","positionright","validityvalid","test","2","positive","singlestim","123","182752","271","â€šÃ³Ã¨","77","dotpositionright","singlestim","124","183076","m","right","correct","1","","1","trialend","singlestim","125","184092"
"5910","Subject301","1","noosenoose","1","noose","positionleft","validityvalid","test","2","suicide","singlestim","127","186102","83","â€šÃ³Ã¨","67","dotpositionleft","singlestim","128","186237","c","left","correct","1","","1","trialend","singlestim","129","187254"
"6207","Subject301","1","pleasurepleasure","1","pleasure","positionleft","validityvalid","test","2","positive","singlestim","131","189263","279","â€šÃ³Ã¨","67","dotpositionleft","singlestim","132","189595","c","left","correct","1","","1","trialend","singlestim","133","190610"
"6504","Subject301","1","overdoseoverdose","1","overdose","positionright","validityinvalid","test","2","suicide","singlestim","135","192619","221","â€šÃ³Ã¨","77","dotpositionleft","singlestim","136","192892","m","right","incorrect","61","","67","trialend","singlestim","137","193906"
"6801","Subject301","1","filthyfilthy","1","filthy","positionleft","validityinvalid","test","2","negative","singlestim","139","195915","285","â€šÃ³Ã¨","77","dotpositionright","singlestim","140","196256","m","right","correct","1","","1","trialend","singlestim","141","197273"
"7098","Subject301","1","corpsecorpse","1","corpse","positionleft","validityvalid","test","2","suicide","singlestim","143","199285","289","â€šÃ³Ã¨","67","dotpositionleft","singlestim","144","199628","c","left","correct","1","","1","trialend","singlestim","145","200645"
"7395","Subject301","1","failurefailure","1","failure","positionleft","validityvalid","test","2","negative","singlestim","147","202655","256","â€šÃ³Ã¨","67","dotpositionleft","singlestim","148","202962","c","left","correct","1","","1","trialend","singlestim","149","203977"
"7692","Subject301","346","tabletable","77","table","positionright","validityvalid","test","2","neutral","singlestim","151","205984","261","â€šÃ³Ã¨","77","dotpositionright","singlestim","152","206298","m","right","correct","1","","1","trialend","singlestim","153","207310"
"7989","Subject301","1","paperpaper","1","paper","positionleft","validityvalid","test","2","neutral","singlestim","155","209319","359","â€šÃ³Ã¨","67","dotpositionleft","singlestim","156","209731","c","left","correct","1","","1","trialend","singlestim","157","210746"
"8286","Subject301","1","horsehorse","1","horse","positionleft","validityinvalid","test","2","neutral","singlestim","159","212756","308","â€šÃ³Ã¨","77","dotpositionright","singlestim","160","213120","m","right","correct","1","","1","trialend","singlestim","161","214134"
"8583","Subject301","1","deathdeath","1","death","positionright","validityvalid","test","2","suicide","singlestim","163","216143","227","â€šÃ³Ã¨","77","dotpositionright","singlestim","164","216425","m","right","correct","1","","1","trialend","singlestim","165","217437"
"8880","Subject301","1","foamfoam","1","foam","positionright","validityvalid","test","2","neutral","singlestim","167","219445","316","â€šÃ³Ã¨","77","dotpositionright","singlestim","168","219815","m","right","correct","204","","77","trialend","singlestim","169","220827"
"9177","Subject301","1","braverybravery","1","bravery","positionleft","validityvalid","test","2","positive","singlestim","171","222836","178","â€šÃ³Ã¨","67","dotpositionleft","singlestim","172","223070","c","left","correct","1","","1","trialend","singlestim","173","224085"
"9474","Subject301","1","abuseabuse","1","abuse","positionright","validityvalid","test","2","negative","singlestim","175","226092","293","â€šÃ³Ã¨","77","dotpositionright","singlestim","176","226437","m","right","correct","1","","1","trialend","singlestim","177","227452"
"9771","Subject301","1","alonealone","1","alone","positionleft","validityvalid","test","4","negative","singlestim","179","229458","418","â€šÃ³Ã¨","67","dotpositionleft","singlestim","180","229929","c","left","correct","1","","1","trialend","singlestim","181","230943"
"10068","Subject301","1","stupidstupid","1","stupid","positionleft","validityvalid","test","4","negative","singlestim","183","232952","406","â€šÃ³Ã¨","67","dotpositionleft","singlestim","184","233410","c","left","correct","1","","1","trialend","singlestim","185","234426"
"10365","Subject301","1","hanginghanging","1","hanging","positionleft","validityvalid","test","4","suicide","singlestim","187","236436","370","â€šÃ³Ã¨","67","dotpositionleft","singlestim","188","236857","c","left","correct","1","","1","trialend","singlestim","189","237874"
"10662","Subject301","1","killingkilling","1","killing","positionleft","validityvalid","test","4","suicide","singlestim","191","239882","241","â€šÃ³Ã¨","67","dotpositionleft","singlestim","192","240177","c","left","correct","1","","1","trialend","singlestim","193","241191"
"10959","Subject301","1","passionatepassionate","1","passionate","positionleft","validityinvalid","test","4","positive","singlestim","195","243197","300","â€šÃ³Ã¨","77","dotpositionright","singlestim","196","243552","m","right","correct","1","","1","trialend","singlestim","197","244567"
"11256","Subject301","1","doubledouble","1","double","positionright","validityvalid","test","4","neutral","singlestim","199","246574","303","â€šÃ³Ã¨","77","dotpositionright","singlestim","200","246929","m","right","correct","1","","1","trialend","singlestim","201","247944"
"11553","Subject301","307","engineengine","67","engine","positionleft","validityvalid","test","4","neutral","singlestim","203","249955","368","â€šÃ³Ã¨","67","dotpositionleft","singlestim","204","250377","c","left","correct","1","","1","trialend","singlestim","205","251392"
"11850","Subject301","1","ashamedashamed","1","ashamed","positionright","validityinvalid","test","4","negative","singlestim","207","253401","397","â€šÃ³Ã¨","67","dotpositionleft","singlestim","208","253854","c","left","correct","1","","1","trialend","singlestim","209","254868"
"12147","Subject301","1","deceaseddeceased","1","deceased","positionright","validityvalid","test","4","suicide","singlestim","211","256877","309","â€šÃ³Ã¨","77","dotpositionright","singlestim","212","257240","m","right","correct","1","","1","trialend","singlestim","213","258253"
"12444","Subject301","1","laughlaugh","1","laugh","positionright","validityvalid","test","4","positive","singlestim","215","260261","324","â€šÃ³Ã¨","77","dotpositionright","singlestim","216","260638","m","right","correct","1","","1","trialend","singlestim","217","261654"
"12741","Subject301","1","frameframe","1","frame","positionleft","validityinvalid","test","4","neutral","singlestim","219","263662","312","â€šÃ³Ã¨","67","dotpositionright","singlestim","220","264028","c","left","incorrect","1","","1","trialend","singlestim","221","265044"
"13038","Subject301","1","ecstaticecstatic","1","ecstatic","positionright","validityvalid","test","4","positive","singlestim","223","267052","299","â€šÃ³Ã¨","77","dotpositionright","singlestim","224","267404","m","right","correct","218","","77","trialend","singlestim","225","268418"
"13335","Subject301","1","suicidesuicide","1","suicide","positionright","validityinvalid","test","4","suicide","singlestim","227","270430","377","â€šÃ³Ã¨","67","dotpositionleft","singlestim","228","270861","c","left","correct","1","","1","trialend","singlestim","229","271875"
"13632","Subject301","1","structurestructure","1","structure","positionright","validityvalid","test","4","neutral","singlestim","231","273885","295","â€šÃ³Ã¨","77","dotpositionright","singlestim","232","274234","m","right","correct","1","","1","trialend","singlestim","233","275250"
"13929","Subject301","1","wohlesswohless","1","wohless","positionright","validityvalid","test","4","negative","singlestim","235","277258","318","â€šÃ³Ã¨","77","dotpositionright","singlestim","236","277630","m","right","correct","1","","1","trialend","singlestim","237","278643"
"14226","Subject301","1","successsuccess","1","success","positionleft","validityvalid","test","4","positive","singlestim","239","280652","268","â€šÃ³Ã¨","67","dotpositionleft","singlestim","240","280971","c","left","correct","1","","1","trialend","singlestim","241","281986"
"14523","Subject301","1","patheticpathetic","1","pathetic","positionleft","validityvalid","test","1","negative","singlestim","243","283995","329","â€šÃ³Ã¨","67","dotpositionleft","singlestim","244","284375","c","left","correct","1","","1","trialend","singlestim","245","285392"
"14820","Subject301","1","hatehate","1","hate","positionright","validityinvalid","test","1","negative","singlestim","247","287402","280","â€šÃ³Ã¨","67","dotpositionleft","singlestim","248","287736","c","left","correct","1","","1","trialend","singlestim","249","288754"
"15117","Subject301","1","vomitvomit","1","vomit","positionleft","validityvalid","test","1","negative","singlestim","251","290762","410","â€šÃ³Ã¨","67","dotpositionleft","singlestim","252","291225","c","left","correct","1","","1","trialend","singlestim","253","292242"
"15414","Subject301","1","funeralfuneral","1","funeral","positionright","validityvalid","test","1","suicide","singlestim","255","294252","354","â€šÃ³Ã¨","77","dotpositionright","singlestim","256","294656","m","right","correct","1","","1","trialend","singlestim","257","295673"
"15711","Subject301","1","imageimage","1","image","positionleft","validityvalid","test","1","neutral","singlestim","259","297680","356","â€šÃ³Ã¨","67","dotpositionleft","singlestim","260","298092","c","left","correct","1","","1","trialend","singlestim","261","299108"
"16008","Subject301","323","statuestatue","77","statue","positionright","validityinvalid","test","1","neutral","singlestim","263","301118","286","â€šÃ³Ã¨","67","dotpositionleft","singlestim","264","301456","c","left","correct","1","","1","trialend","singlestim","265","302469"
"16305","Subject301","1","bloodblood","1","blood","positionleft","validityvalid","test","1","suicide","singlestim","267","304478","362","â€šÃ³Ã¨","67","dotpositionleft","singlestim","268","304893","c","left","correct","1","","1","trialend","singlestim","269","305910"
"16602","Subject301","1","foldedfolded","1","folded","positionleft","validityvalid","test","1","neutral","singlestim","271","307919","396","â€šÃ³Ã¨","67","dotpositionleft","singlestim","272","308367","c","left","correct","1","","1","trialend","singlestim","273","309383"
"16899","Subject301","1","gunshotgunshot","1","gunshot","positionright","validityvalid","test","1","suicide","singlestim","275","311390","304","â€šÃ³Ã¨","77","dotpositionright","singlestim","276","311746","m","right","correct","1","","1","trialend","singlestim","277","312760"
"17196","Subject301","1","paradiseparadise","1","paradise","positionleft","validityvalid","test","1","positive","singlestim","279","314768","43","â€šÃ³Ã¨","77","dotpositionleft","singlestim","280","314864","m","right","incorrect","1","","1","trialend","singlestim","281","315876"
"17493","Subject301","1","greatgreat","1","great","positionright","validityvalid","test","1","positive","singlestim","283","317885","390","â€šÃ³Ã¨","77","dotpositionright","singlestim","284","318329","m","right","correct","1","","1","trialend","singlestim","285","319347"
"17790","Subject301","1","cheesecheese","1","cheese","positionright","validityvalid","test","1","neutral","singlestim","287","321356","677","â€šÃ³Ã¨","77","dotpositionright","singlestim","288","322087","m","right","correct","1","","1","trialend","singlestim","289","323103"
"18087","Subject301","1","suffocationsuffocation","1","suffocation","positionleft","validityinvalid","test","1","suicide","singlestim","291","325111","358","â€šÃ³Ã¨","77","dotpositionright","singlestim","292","325526","m","right","correct","1","","1","trialend","singlestim","293","326540"
"18384","Subject301","1","healthyhealthy","1","healthy","positionleft","validityinvalid","test","1","positive","singlestim","295","328548","561","â€šÃ³Ã¨","77","dotpositionright","singlestim","296","329164","m","right","correct","1","","1","trialend","singlestim","297","330179"
"18681","Subject301","1","attractionattraction","1","attraction","positionright","validityvalid","test","1","positive","singlestim","299","332189","350","â€šÃ³Ã¨","77","dotpositionright","singlestim","300","332596","m","right","correct","1","","1","trialend","singlestim","301","333611"
"18978","Subject301","1","cryingcrying","1","crying","positionright","validityvalid","test","1","negative","singlestim","303","335617","367","â€šÃ³Ã¨","77","dotpositionright","singlestim","304","336037","m","right","correct","1","","1","trialend","singlestim","305","337051"
