,SubjectID,rt,stimulus,keypress,word,wordposition,validity,block,blocknum,wordtype,trialtype,trialindex,timeelapsed,rt.1,stimulus.1,keypress.1,timeelapsed.2,dotposition,trialtype.1,trialindex.1,timeelapsed.1,keypressed,participantresponse,correctresponse,rt.2,stimulus.2,keypress.2,blocktrial,trialtype.2,trialindex.2
280,Subject314,test,1,,singlestim,51,validityinvalid,100010,,negative,77,dotpositionright,singlestim,550,100020,m,positionleft,right,,1,,trialend,correct,53,95952,100030,1,healthyhealthy,1,healthy
577,Subject314,test,1,,singlestim,55,validityvalid,100050,,positive,77,dotpositionright,singlestim,564,100060,m,positionright,right,,1,,trialend,correct,57,99618,100070,1,cheesecheese,1,cheese
874,Subject314,test,1,,singlestim,59,validityinvalid,100090,,neutral,77,dotpositionright,singlestim,450,1000100,m,positionleft,right,,1,,trialend,correct,61,103166,1000110,1,paradiseparadise,1,paradise
1171,Subject314,test,1,,singlestim,63,validityvalid,1000130,,positive,67,dotpositionleft,singlestim,436,1000140,c,positionleft,left,,1,,trialend,correct,65,106687,1000150,1,foldedfolded,1,folded
1468,Subject314,test,1,,singlestim,67,validityinvalid,1000170,,neutral,67,dotpositionleft,singlestim,454,1000180,c,positionright,left,,1,,trialend,correct,69,110233,1000190,1,statuestatue,1,statue
1765,Subject314,test,1,,singlestim,71,validityvalid,1000210,,neutral,67,dotpositionleft,singlestim,423,1000220,c,positionleft,left,,1,,trialend,correct,73,113762,1000230,1,vomitvomit,1,vomit
2062,Subject314,test,1,,singlestim,75,validityinvalid,1000250,,negative,67,dotpositionleft,singlestim,383,1000260,c,positionright,left,,1,,trialend,correct,77,117256,1000270,1,attractionattraction,1,attraction
2359,Subject314,test,1,,singlestim,79,validityinvalid,1000290,,positive,77,dotpositionright,singlestim,403,1000300,m,positionleft,right,,1,,trialend,correct,81,120738,1000310,1,patheticpathetic,1,pathetic
2656,Subject314,test,1,,singlestim,83,validityvalid,1000330,,negative,67,dotpositionleft,singlestim,539,1000340,c,positionleft,left,,1,,trialend,correct,85,124381,1000350,1,bloodblood,1,blood
2953,Subject314,test,1,,singlestim,87,validityinvalid,1000370,,suicide,67,dotpositionleft,singlestim,422,1000380,c,positionright,left,,1,,trialend,correct,89,127907,1000390,1,gunshotgunshot,1,gunshot
3250,Subject314,test,1,,singlestim,91,validityinvalid,1000410,,suicide,77,dotpositionright,singlestim,409,1000420,m,positionleft,right,,1,,trialend,correct,93,131435,1000430,1,imageimage,1,image
3547,Subject314,test,1,,singlestim,95,validityinvalid,1000450,,neutral,67,dotpositionleft,singlestim,446,1000460,c,positionright,left,,1,,trialend,correct,97,134962,1000470,1,greatgreat,1,great
3844,Subject314,test,1,,singlestim,99,validityvalid,1000490,,positive,77,dotpositionright,singlestim,388,1000500,m,positionright,right,,1,,trialend,correct,101,138442,1000510,1,hatehate,1,hate
4141,Subject314,test,1,,singlestim,103,validityvalid,1000530,,negative,67,dotpositionleft,singlestim,342,1000540,c,positionleft,left,,1,,trialend,correct,105,141870,1000550,1,suffocationsuffocation,1,suffocation
4438,Subject314,test,1,,singlestim,107,validityvalid,1000570,,suicide,77,dotpositionright,singlestim,349,1000580,m,positionright,right,,1,,trialend,correct,109,145304,1000590,1,funeralfuneral,1,funeral
4735,Subject314,test,1,,singlestim,111,validityvalid,1000610,,suicide,77,dotpositionright,singlestim,477,1000620,m,positionright,right,,1,,trialend,correct,113,148858,1000630,1,foamfoam,1,foam
5032,Subject314,test,2,,singlestim,115,validityvalid,101010,,neutral,77,dotpositionright,singlestim,443,101020,m,positionright,right,,1,,trialend,correct,117,152395,101030,1,deathdeath,1,death
5329,Subject314,test,2,,singlestim,119,validityinvalid,101050,,suicide,77,dotpositionright,singlestim,384,101060,m,positionleft,right,,1,,trialend,correct,121,155873,101070,1,braverybravery,1,bravery
5626,Subject314,test,2,,singlestim,123,validityinvalid,101090,,positive,67,dotpositionleft,singlestim,391,1010100,c,positionright,left,,1,,trialend,correct,125,159380,1010110,1,enthusiasmenthusiasm,1,enthusiasm
5923,Subject314,test,2,,singlestim,127,validityvalid,1010130,,positive,77,dotpositionright,singlestim,359,1010140,m,positionright,right,,1,,trialend,correct,129,162841,1010150,1,tabletable,1,table
6220,Subject314,test,2,,singlestim,131,validityinvalid,1010170,,neutral,77,dotpositionright,singlestim,326,1010180,m,positionleft,right,,1,,trialend,correct,133,166264,1010190,1,horsehorse,1,horse
6517,Subject314,test,2,,singlestim,135,validityinvalid,1010210,,neutral,77,dotpositionright,singlestim,481,1010220,m,positionleft,right,,1,,trialend,correct,137,169828,1010230,1,corpsecorpse,1,corpse
6814,Subject314,test,2,,singlestim,139,validityvalid,1010250,,suicide,67,dotpositionleft,singlestim,310,1010260,c,positionleft,left,,1,,trialend,correct,141,173242,1010270,1,filthyfilthy,1,filthy
7111,Subject314,test,2,,singlestim,143,validityinvalid,1010290,,negative,77,dotpositionright,singlestim,343,1010300,m,positionleft,right,,1,,trialend,correct,145,176683,1010310,1,pleasurepleasure,1,pleasure
7408,Subject314,test,2,,singlestim,147,validityinvalid,1010330,,positive,67,dotpositionleft,singlestim,353,1010340,c,positionright,left,,1,,trialend,correct,149,180135,1010350,1,overdoseoverdose,1,overdose
7705,Subject314,test,2,,singlestim,151,validityvalid,1010370,,suicide,67,dotpositionleft,singlestim,389,1010380,c,positionleft,left,,1,,trialend,correct,153,183613,1010390,1,paperpaper,1,paper
8002,Subject314,test,2,,singlestim,155,validityvalid,1010410,,neutral,67,dotpositionleft,singlestim,362,1010420,c,positionleft,left,,1,,trialend,correct,157,187062,1010430,1,noosenoose,1,noose
8299,Subject314,test,2,,singlestim,159,validityinvalid,1010450,,suicide,67,dotpositionleft,singlestim,424,1010460,c,positionright,left,,1,,trialend,correct,161,190597,1010470,1,abuseabuse,1,abuse
8596,Subject314,test,2,,singlestim,163,validityinvalid,1010490,,negative,77,dotpositionright,singlestim,418,1010500,m,positionleft,right,,1,,trialend,correct,165,194124,1010510,1,failurefailure,1,failure
8893,Subject314,test,2,,singlestim,167,validityinvalid,1010530,,negative,67,dotpositionleft,singlestim,384,1010540,c,positionright,left,,1,,trialend,correct,169,197600,1010550,1,cruelcruel,1,cruel
9190,Subject314,test,2,,singlestim,171,validityvalid,1010570,,negative,77,dotpositionright,singlestim,395,1010580,m,positionright,right,,1,,trialend,correct,173,201107,1010590,1,lovelove,1,love
9487,Subject314,test,2,,singlestim,175,validityinvalid,1010610,,positive,67,dotpositionleft,singlestim,362,1010620,c,positionright,left,,1,,trialend,correct,177,204572,1010630,1,cuttingcutting,1,cutting
9784,Subject314,test,3,,singlestim,179,validityvalid,102010,,suicide,77,dotpositionright,singlestim,351,102020,m,positionright,right,,1,,trialend,correct,181,208015,102030,1,bombbomb,1,bomb
10081,Subject314,test,3,,singlestim,183,validityinvalid,102050,,negative,77,dotpositionright,singlestim,333,102060,m,positionleft,right,,1,,trialend,correct,185,211448,102070,1,metermeter,1,meter
10378,Subject314,test,3,,singlestim,187,validityinvalid,102090,,neutral,67,dotpositionleft,singlestim,333,1020100,c,positionright,left,,1,,trialend,correct,189,214869,1020110,1,greengreen,1,green
10675,Subject314,test,3,,singlestim,191,validityinvalid,1020130,,neutral,77,dotpositionright,singlestim,404,1020140,m,positionleft,right,,1,,trialend,correct,193,218367,1020150,1,smilesmile,1,smile
10972,Subject314,test,3,,singlestim,195,validityvalid,1020170,,positive,67,dotpositionleft,singlestim,372,1020180,c,positionleft,left,,1,,trialend,correct,197,221835,1020190,1,dyingdying,1,dying
11269,Subject314,test,3,,singlestim,199,validityvalid,1020210,,suicide,67,dotpositionleft,singlestim,363,1020220,c,positionleft,left,,1,,trialend,correct,201,225304,1020230,1,touretoure,1,toure
11566,Subject314,test,3,,singlestim,203,validityvalid,1020250,,negative,67,dotpositionleft,singlestim,375,1020260,c,positionleft,left,,1,,trialend,correct,205,228771,1020270,1,deaddead,1,dead
11863,Subject314,test,3,,singlestim,207,validityinvalid,1020290,,suicide,77,dotpositionright,singlestim,563,1020300,m,positionleft,right,,1,,trialend,correct,209,232442,1020310,1,assaultassault,1,assault
12160,Subject314,test,3,,singlestim,211,validityinvalid,1020330,,negative,77,dotpositionright,singlestim,364,1020340,m,positionleft,right,,1,,trialend,correct,213,235896,1020350,1,museummuseum,1,museum
12457,Subject314,test,3,,singlestim,215,validityinvalid,1020370,,neutral,67,dotpositionleft,singlestim,322,1020380,c,positionright,left,,1,,trialend,correct,217,239327,1020390,1,rejectedrejected,1,rejected
12754,Subject314,test,3,,singlestim,219,validityvalid,1020410,,negative,77,dotpositionright,singlestim,400,1020420,m,positionright,right,,1,,trialend,correct,221,242810,1020430,1,happyhappy,1,happy
13051,Subject314,test,3,,singlestim,223,validityvalid,1020450,,positive,77,dotpositionright,singlestim,514,1020460,m,positionright,right,,1,,trialend,correct,225,246426,1020470,1,closetcloset,1,closet
13348,Subject314,test,3,,singlestim,227,validityinvalid,1020490,,neutral,67,dotpositionleft,singlestim,530,1020500,c,positionright,left,,1,,trialend,correct,229,250054,1020510,1,kisskiss,1,kiss
13645,Subject314,test,3,,singlestim,231,validityvalid,1020530,,positive,67,dotpositionleft,singlestim,433,1020540,c,positionleft,left,,1,,trialend,correct,233,253582,1020550,1,strongstrong,1,strong
13942,Subject314,test,3,,singlestim,235,validityinvalid,1020570,,positive,67,dotpositionleft,singlestim,385,1020580,c,positionright,left,,1,,trialend,correct,237,257076,1020590,1,diedie,1,die
14239,Subject314,test,3,,singlestim,239,validityvalid,1020610,,suicide,77,dotpositionright,singlestim,431,1020620,m,positionright,right,,1,,trialend,correct,241,260599,1020630,1,structurestructure,1,structure
14536,Subject314,test,4,,singlestim,243,validityinvalid,103010,,neutral,77,dotpositionright,singlestim,528,103020,m,positionleft,right,,1,,trialend,correct,245,264220,103030,1,alonealone,1,alone
14833,Subject314,test,4,,singlestim,247,validityinvalid,103050,,negative,67,dotpositionleft,singlestim,306,103060,c,positionright,left,,1,,trialend,correct,249,267616,103070,1,laughlaugh,1,laugh
15130,Subject314,test,4,,singlestim,251,validityinvalid,103090,,positive,77,dotpositionright,singlestim,532,1030100,m,positionleft,right,,1,,trialend,correct,253,271254,1030110,1,frameframe,1,frame
15427,Subject314,test,4,,singlestim,255,validityinvalid,1030130,,neutral,77,dotpositionright,singlestim,402,1030140,m,positionleft,right,,1,,trialend,correct,257,274774,1030150,1,stupidstupid,1,stupid
15724,Subject314,test,4,,singlestim,259,validityinvalid,1030170,,negative,67,dotpositionleft,singlestim,533,1030180,c,positionright,left,,1,,trialend,correct,261,278411,1030190,1,deceaseddeceased,1,deceased
16021,Subject314,test,4,,singlestim,263,validityvalid,1030210,,suicide,77,dotpositionright,singlestim,435,1030220,m,positionright,right,,1,,trialend,correct,265,281944,1030230,1,wohlesswohless,1,wohless
16318,Subject314,test,4,,singlestim,267,validityvalid,1030250,,negative,77,dotpositionright,singlestim,387,1030260,m,positionright,right,,1,,trialend,correct,269,285414,1030270,1,ashamedashamed,1,ashamed
16615,Subject314,test,4,,singlestim,271,validityinvalid,1030290,,negative,67,dotpositionleft,singlestim,457,1030300,c,positionright,left,,1,,trialend,correct,273,288961,1030310,1,suicidesuicide,1,suicide
16912,Subject314,test,4,,singlestim,275,validityvalid,1030330,,suicide,67,dotpositionleft,singlestim,442,1030340,c,positionleft,left,,1,,trialend,correct,277,292486,1030350,1,hanginghanging,1,hanging
17209,Subject314,test,4,,singlestim,279,validityinvalid,1030370,,suicide,67,dotpositionleft,singlestim,445,1030380,c,positionright,left,,1,,trialend,correct,281,296026,1030390,1,doubledouble,1,double
17506,Subject314,test,4,,singlestim,283,validityvalid,1030410,,neutral,77,dotpositionright,singlestim,347,1030420,m,positionright,right,,1,,trialend,correct,285,299469,1030430,1,ecstaticecstatic,1,ecstatic
17803,Subject314,test,4,,singlestim,287,validityinvalid,1030450,,positive,77,dotpositionright,singlestim,470,1030460,m,positionleft,right,,1,,trialend,correct,289,303022,1030470,1,engineengine,1,engine
18100,Subject314,test,4,,singlestim,291,validityvalid,1030490,,neutral,67,dotpositionleft,singlestim,363,1030500,c,positionleft,left,,1,,trialend,correct,293,306486,1030510,1,passionatepassionate,1,passionate
18397,Subject314,test,4,,singlestim,295,validityinvalid,1030530,,positive,77,dotpositionright,singlestim,485,1030540,m,positionleft,right,,1,,trialend,correct,297,310060,1030550,1,successsuccess,1,success
18694,Subject314,test,4,,singlestim,299,validityvalid,1030570,,positive,67,dotpositionleft,singlestim,355,1030580,c,positionleft,left,,1,,trialend,correct,301,313512,1030590,1,killingkilling,1,killing
18991,Subject314,test,4,,singlestim,303,validityvalid,1030610,,suicide,67,dotpositionleft,singlestim,430,1030620,c,318053,left,,1,,trialend,correct,305,317045,1030630,1006,timeout,textTimed,306