"","SubjectID","rt","stimulus","keypress","word","wordposition","validity","block","blocknum","wordtype","trialtype","trialindex","timeelapsed","rt.1","stimulus.1","keypress.1","dotposition","trialtype.1","trialindex.1","timeelapsed.1","keypressed","participantresponse","correctresponse","rt.2","stimulus.2","keypress.2","blocktrial","trialtype.2","trialindex.2","timeelapsed.2"
"89","Subject94","laughlaugh","1","laugh","positionright","validityvalid","test","4","positive","singlestim","51","84328","100010","â€šÃ³Ã¨","77","dotpositionright","singlestim","52","84760","100020","right","correct","1","","1","trialend","singlestim","53","85772","100030"
"386","Subject94","ashamedashamed","1","ashamed","positionright","validityinvalid","test","4","negative","singlestim","55","87774","100050","â€šÃ³Ã¨","67","dotpositionleft","singlestim","56","88187","100060","left","correct","1","","1","trialend","singlestim","57","89198","100070"
"683","Subject94","stupidstupid","1","stupid","positionleft","validityvalid","test","4","negative","singlestim","59","91202","100090","â€šÃ³Ã¨","67","dotpositionleft","singlestim","60","91613","1000100","left","correct","1","","1","trialend","singlestim","61","92625","1000110"
"980","Subject94","successsuccess","1","success","positionleft","validityvalid","test","4","positive","singlestim","63","94628","1000130","â€šÃ³Ã¨","67","dotpositionleft","singlestim","64","95039","1000140","left","correct","1","","1","trialend","singlestim","65","96052","1000150"
"1277","Subject94","engineengine","1","engine","positionleft","validityvalid","test","4","neutral","singlestim","67","98055","1000170","â€šÃ³Ã¨","67","dotpositionleft","singlestim","68","98455","1000180","left","correct","1","","1","trialend","singlestim","69","99468","1000190"
"1574","Subject94","hanginghanging","1","hanging","positionleft","validityvalid","test","4","suicide","singlestim","71","101470","1000210","â€šÃ³Ã¨","67","dotpositionleft","singlestim","72","101912","1000220","left","correct","1","","1","trialend","singlestim","73","102923","1000230"
"1871","Subject94","doubledouble","1","double","positionright","validityvalid","test","4","neutral","singlestim","75","104926","1000250","â€šÃ³Ã¨","77","dotpositionright","singlestim","76","105355","1000260","right","correct","1","","1","trialend","singlestim","77","106366","1000270"
"2168","Subject94","frameframe","1","frame","positionleft","validityinvalid","test","4","neutral","singlestim","79","108369","1000290","â€šÃ³Ã¨","77","dotpositionright","singlestim","80","108814","1000300","right","correct","1","","1","trialend","singlestim","81","109828","1000310"
"2465","Subject94","suicidesuicide","1","suicide","positionright","validityinvalid","test","4","suicide","singlestim","83","111831","1000330","â€šÃ³Ã¨","67","dotpositionleft","singlestim","84","112196","1000340","left","correct","1","","1","trialend","singlestim","85","113208","1000350"
"2762","Subject94","deceaseddeceased","1","deceased","positionright","validityvalid","test","4","suicide","singlestim","87","115210","1000370","â€šÃ³Ã¨","77","dotpositionright","singlestim","88","115512","1000380","right","correct","1","","1","trialend","singlestim","89","116524","1000390"
"3059","Subject94","alonealone","1","alone","positionleft","validityvalid","test","4","negative","singlestim","91","118527","1000410","â€šÃ³Ã¨","67","dotpositionleft","singlestim","92","118839","1000420","left","correct","1","","1","trialend","singlestim","93","119851","1000430"
"3356","Subject94","ecstaticecstatic","1","ecstatic","positionright","validityvalid","test","4","positive","singlestim","95","121854","1000450","â€šÃ³Ã¨","77","dotpositionright","singlestim","96","122246","1000460","right","correct","1","","1","trialend","singlestim","97","123260","1000470"
"3653","Subject94","killingkilling","1","killing","positionleft","validityvalid","test","4","suicide","singlestim","99","125262","1000490","â€šÃ³Ã¨","67","dotpositionleft","singlestim","100","125512","1000500","left","correct","1","","1","trialend","singlestim","101","126524","1000510"
"3950","Subject94","structurestructure","1","structure","positionright","validityvalid","test","4","neutral","singlestim","103","128526","1000530","â€šÃ³Ã¨","77","dotpositionright","singlestim","104","128889","1000540","right","correct","1","","1","trialend","singlestim","105","129900","1000550"
"4247","Subject94","passionatepassionate","1","passionate","positionleft","validityinvalid","test","4","positive","singlestim","107","131903","1000570","â€šÃ³Ã¨","77","dotpositionright","singlestim","108","132431","1000580","right","correct","1","","1","trialend","singlestim","109","133442","1000590"
"4544","Subject94","wohlesswohless","1","wohless","positionright","validityvalid","test","4","negative","singlestim","111","135446","1000610","â€šÃ³Ã¨","77","dotpositionright","singlestim","112","135851","1000620","right","correct","1","","1","trialend","singlestim","113","136863","1000630"
"4841","Subject94","noosenoose","1","noose","positionleft","validityvalid","test","2","suicide","singlestim","115","138865","101010","â€šÃ³Ã¨","67","dotpositionleft","singlestim","116","139206","101020","left","correct","1","","1","trialend","singlestim","117","140218","101030"
"5138","Subject94","abuseabuse","1","abuse","positionright","validityvalid","test","2","negative","singlestim","119","142221","101050","â€šÃ³Ã¨","77","dotpositionright","singlestim","120","142520","101060","right","correct","1","","1","trialend","singlestim","121","143531","101070"
"5435","Subject94","cruelcruel","1","cruel","positionright","validityvalid","test","2","negative","singlestim","123","145535","101090","â€šÃ³Ã¨","77","dotpositionright","singlestim","124","145851","1010100","right","correct","1","","1","trialend","singlestim","125","146863","1010110"
"5732","Subject94","foamfoam","1","foam","positionright","validityvalid","test","2","neutral","singlestim","127","148866","1010130","â€šÃ³Ã¨","77","dotpositionright","singlestim","128","149333","1010140","right","correct","1","","1","trialend","singlestim","129","150345","1010150"
"6029","Subject94","deathdeath","1","death","positionright","validityvalid","test","2","suicide","singlestim","131","152347","1010170","â€šÃ³Ã¨","77","dotpositionright","singlestim","132","152675","1010180","right","correct","1","","1","trialend","singlestim","133","153687","1010190"
"6326","Subject94","braverybravery","1","bravery","positionleft","validityvalid","test","2","positive","singlestim","135","155690","1010210","â€šÃ³Ã¨","67","dotpositionleft","singlestim","136","156020","1010220","left","correct","1","","1","trialend","singlestim","137","157031","1010230"
"6623","Subject94","pleasurepleasure","1","pleasure","positionleft","validityvalid","test","2","positive","singlestim","139","159035","1010250","â€šÃ³Ã¨","67","dotpositionleft","singlestim","140","159436","1010260","left","correct","1","","1","trialend","singlestim","141","160446","1010270"
"6920","Subject94","filthyfilthy","1","filthy","positionleft","validityinvalid","test","2","negative","singlestim","143","162449","1010290","â€šÃ³Ã¨","77","dotpositionright","singlestim","144","162873","1010300","right","correct","1","","1","trialend","singlestim","145","163884","1010310"
"7217","Subject94","tabletable","1","table","positionright","validityvalid","test","2","neutral","singlestim","147","165888","1010330","â€šÃ³Ã¨","77","dotpositionright","singlestim","148","166195","1010340","right","correct","1","","1","trialend","singlestim","149","167208","1010350"
"7514","Subject94","enthusiasmenthusiasm","1","enthusiasm","positionright","validityvalid","test","2","positive","singlestim","151","169209","1010370","â€šÃ³Ã¨","77","dotpositionright","singlestim","152","169577","1010380","right","correct","1","","1","trialend","singlestim","153","170589","1010390"
"7811","Subject94","horsehorse","1","horse","positionleft","validityinvalid","test","2","neutral","singlestim","155","172591","1010410","â€šÃ³Ã¨","77","dotpositionright","singlestim","156","172993","1010420","right","correct","1","","1","trialend","singlestim","157","174005","1010430"
"8108","Subject94","lovelove","1","love","positionright","validityinvalid","test","2","positive","singlestim","159","176007","1010450","â€šÃ³Ã¨","67","dotpositionleft","singlestim","160","176598","1010460","left","correct","1","","1","trialend","singlestim","161","177609","1010470"
"8405","Subject94","corpsecorpse","1","corpse","positionleft","validityvalid","test","2","suicide","singlestim","163","179613","1010490","â€šÃ³Ã¨","67","dotpositionleft","singlestim","164","180004","1010500","left","correct","1","","1","trialend","singlestim","165","181016","1010510"
"8702","Subject94","paperpaper","1","paper","positionleft","validityvalid","test","2","neutral","singlestim","167","183019","1010530","â€šÃ³Ã¨","67","dotpositionleft","singlestim","168","183372","1010540","left","correct","1","","1","trialend","singlestim","169","184384","1010550"
"8999","Subject94","failurefailure","1","failure","positionleft","validityvalid","test","2","negative","singlestim","171","186388","1010570","â€šÃ³Ã¨","67","dotpositionleft","singlestim","172","186722","1010580","left","correct","1","","1","trialend","singlestim","173","187735","1010590"
"9296","Subject94","overdoseoverdose","1","overdose","positionright","validityinvalid","test","2","suicide","singlestim","175","189737","1010610","â€šÃ³Ã¨","67","dotpositionleft","singlestim","176","190184","1010620","left","correct","1","","1","trialend","singlestim","177","191196","1010630"
"9593","Subject94","cheesecheese","1","cheese","positionright","validityvalid","test","1","neutral","singlestim","179","193199","102010","â€šÃ³Ã¨","77","dotpositionright","singlestim","180","193690","102020","right","correct","1","","1","trialend","singlestim","181","194703","102030"
"9890","Subject94","greatgreat","1","great","positionright","validityvalid","test","1","positive","singlestim","183","196706","102050","â€šÃ³Ã¨","77","dotpositionright","singlestim","184","197117","102060","right","correct","1","","1","trialend","singlestim","185","198129","102070"
"10187","Subject94","attractionattraction","1","attraction","positionright","validityvalid","test","1","positive","singlestim","187","200132","102090","â€šÃ³Ã¨","77","dotpositionright","singlestim","188","200493","1020100","right","correct","1","","1","trialend","singlestim","189","201505","1020110"
"10484","Subject94","suffocationsuffocation","1","suffocation","positionleft","validityinvalid","test","1","suicide","singlestim","191","203507","1020130","â€šÃ³Ã¨","77","dotpositionright","singlestim","192","203935","1020140","right","correct","1","","1","trialend","singlestim","193","204948","1020150"
"10781","Subject94","statuestatue","1","statue","positionright","validityinvalid","test","1","neutral","singlestim","195","206952","1020170","â€šÃ³Ã¨","67","dotpositionleft","singlestim","196","207352","1020180","left","correct","1","","1","trialend","singlestim","197","208362","1020190"
"11078","Subject94","foldedfolded","1","folded","positionleft","validityvalid","test","1","neutral","singlestim","199","210365","1020210","â€šÃ³Ã¨","67","dotpositionleft","singlestim","200","210713","1020220","left","correct","1","","1","trialend","singlestim","201","211725","1020230"
"11375","Subject94","gunshotgunshot","1","gunshot","positionright","validityvalid","test","1","suicide","singlestim","203","213729","1020250","â€šÃ³Ã¨","77","dotpositionright","singlestim","204","214124","1020260","right","correct","1","","1","trialend","singlestim","205","215135","1020270"
"11672","Subject94","hatehate","1","hate","positionright","validityinvalid","test","1","negative","singlestim","207","217138","1020290","â€šÃ³Ã¨","67","dotpositionleft","singlestim","208","217540","1020300","left","correct","1","","1","trialend","singlestim","209","218551","1020310"
"11969","Subject94","healthyhealthy","1","healthy","positionleft","validityinvalid","test","1","positive","singlestim","211","220554","1020330","â€šÃ³Ã¨","77","dotpositionright","singlestim","212","220990","1020340","right","correct","1","","1","trialend","singlestim","213","222004","1020350"
"12266","Subject94","imageimage","1","image","positionleft","validityvalid","test","1","neutral","singlestim","215","224007","1020370","â€šÃ³Ã¨","67","dotpositionleft","singlestim","216","224499","1020380","left","correct","1","","1","trialend","singlestim","217","225511","1020390"
"12563","Subject94","bloodblood","1","blood","positionleft","validityvalid","test","1","suicide","singlestim","219","227514","1020410","â€šÃ³Ã¨","67","dotpositionleft","singlestim","220","227874","1020420","left","correct","1","","1","trialend","singlestim","221","228885","1020430"
"12860","Subject94","funeralfuneral","1","funeral","positionright","validityvalid","test","1","suicide","singlestim","223","230888","1020450","â€šÃ³Ã¨","77","dotpositionright","singlestim","224","231525","1020460","right","correct","1","","1","trialend","singlestim","225","232537","1020470"
"13157","Subject94","patheticpathetic","1","pathetic","positionleft","validityvalid","test","1","negative","singlestim","227","234539","1020490","â€šÃ³Ã¨","67","dotpositionleft","singlestim","228","234966","1020500","left","correct","1","","1","trialend","singlestim","229","235978","1020510"
"13454","Subject94","paradiseparadise","1","paradise","positionleft","validityvalid","test","1","positive","singlestim","231","237981","1020530","â€šÃ³Ã¨","67","dotpositionleft","singlestim","232","238287","1020540","left","correct","1","","1","trialend","singlestim","233","239302","1020550"
"13751","Subject94","vomitvomit","1","vomit","positionleft","validityvalid","test","1","negative","singlestim","235","241304","1020570","â€šÃ³Ã¨","67","dotpositionleft","singlestim","236","241684","1020580","left","correct","1","","1","trialend","singlestim","237","242697","1020590"
"14048","Subject94","cryingcrying","1","crying","positionright","validityvalid","test","1","negative","singlestim","239","244701","1020610","â€šÃ³Ã¨","77","dotpositionright","singlestim","240","245051","1020620","right","correct","1","","1","trialend","singlestim","241","246063","1020630"
"14345","Subject94","assaultassault","1","assault","positionleft","validityinvalid","test","3","negative","singlestim","243","248067","103010","â€šÃ³Ã¨","77","dotpositionright","singlestim","244","248559","103020","right","correct","1","","1","trialend","singlestim","245","249572","103030"
"14642","Subject94","kisskiss","1","kiss","positionright","validityinvalid","test","3","positive","singlestim","247","251575","103050","â€šÃ³Ã¨","67","dotpositionleft","singlestim","248","252063","103060","left","correct","1","","1","trialend","singlestim","249","253075","103070"
"14939","Subject94","metermeter","1","meter","positionleft","validityvalid","test","3","neutral","singlestim","251","255079","103090","â€šÃ³Ã¨","67","dotpositionleft","singlestim","252","255448","1030100","left","correct","1","","1","trialend","singlestim","253","256460","1030110"
"15236","Subject94","strongstrong","67","strong","positionleft","validityvalid","test","3","positive","singlestim","255","258461","1030130","â€šÃ³Ã¨","67","dotpositionleft","singlestim","256","259191","1030140","left","correct","1","","1","trialend","singlestim","257","260204","1030150"
"15533","Subject94","diedie","1","die","positionright","validityvalid","test","3","suicide","singlestim","259","262206","1030170","â€šÃ³Ã¨","77","dotpositionright","singlestim","260","262555","1030180","right","correct","1","","1","trialend","singlestim","261","263566","1030190"
"15830","Subject94","greengreen","1","green","positionright","validityvalid","test","3","neutral","singlestim","263","265568","1030210","â€šÃ³Ã¨","77","dotpositionright","singlestim","264","266201","1030220","right","correct","1","","1","trialend","singlestim","265","267213","1030230"
"16127","Subject94","bombbomb","1","bomb","positionright","validityvalid","test","3","negative","singlestim","267","269215","1030250","â€šÃ³Ã¨","77","dotpositionright","singlestim","268","270022","1030260","right","correct","1","","1","trialend","singlestim","269","271033","1030270"
"16424","Subject94","happyhappy","1","happy","positionright","validityvalid","test","3","positive","singlestim","271","273037","1030290","â€šÃ³Ã¨","77","dotpositionright","singlestim","272","273538","1030300","right","correct","1","","1","trialend","singlestim","273","274551","1030310"
"16721","Subject94","deaddead","1","dead","positionleft","validityinvalid","test","3","suicide","singlestim","275","276553","1030330","â€šÃ³Ã¨","77","dotpositionright","singlestim","276","277019","1030340","right","correct","1","","1","trialend","singlestim","277","278032","1030350"
"17018","Subject94","museummuseum","1","museum","positionleft","validityvalid","test","3","neutral","singlestim","279","280035","1030370","â€šÃ³Ã¨","67","dotpositionleft","singlestim","280","280396","1030380","left","correct","1","","1","trialend","singlestim","281","281408","1030390"
"17315","Subject94","rejectedrejected","1","rejected","positionright","validityvalid","test","3","negative","singlestim","283","283411","1030410","â€šÃ³Ã¨","77","dotpositionright","singlestim","284","283798","1030420","right","correct","1","","1","trialend","singlestim","285","284810","1030430"
"17612","Subject94","smilesmile","1","smile","positionleft","validityvalid","test","3","positive","singlestim","287","286813","1030450","â€šÃ³Ã¨","67","dotpositionleft","singlestim","288","287279","1030460","left","correct","1","","1","trialend","singlestim","289","288290","1030470"
"17909","Subject94","touretoure","1","toure","positionleft","validityvalid","test","3","negative","singlestim","291","290292","1030490","â€šÃ³Ã¨","67","dotpositionleft","singlestim","292","290651","1030500","left","correct","1","","1","trialend","singlestim","293","291662","1030510"
"18206","Subject94","dyingdying","1","dying","positionleft","validityvalid","test","3","suicide","singlestim","295","293665","1030530","â€šÃ³Ã¨","67","dotpositionleft","singlestim","296","294057","1030540","left","correct","1","","1","trialend","singlestim","297","295071","1030550"
"18503","Subject94","closetcloset","1","closet","positionright","validityinvalid","test","3","neutral","singlestim","299","297075","1030570","â€šÃ³Ã¨","67","dotpositionleft","singlestim","300","297603","1030580","left","correct","1","","1","trialend","singlestim","301","298617","1030590"
"18800","Subject94","cuttingcutting","1","cutting","positionright","validityvalid","test","3","suicide","singlestim","303","300619","1030610","â€šÃ³Ã¨","77","dotpositionright","singlestim","304","300950","1030620","right","correct","1","","1","trialend","singlestim","305","301962","1030630"
