"","SubjectID","rt","stimulus","keypress","word","wordposition","validity","block","blocknum","wordtype","trialtype","trialindex","timeelapsed","rt.1","stimulus.1","keypress.1","dotposition","trialtype.1","trialindex.1","timeelapsed.1","keypressed","participantresponse","correctresponse","rt.2","stimulus.2","keypress.2","blocktrial","trialtype.2","trialindex.2","timeelapsed.2"
"78","Subject83","1","lovelove","1","love","positionright","validityinvalid","test","2","positive","singlestim","51","109218","346","â€šÃ³Ã¨","67","dotpositionleft","singlestim","52","109616","c","left","correct","1","","1","trialend","singlestim","53","110631"
"375","Subject83","1","enthusiasmenthusiasm","1","enthusiasm","positionright","validityvalid","test","2","positive","singlestim","55","112640","280","â€šÃ³Ã¨","77","dotpositionright","singlestim","56","112974","m","right","correct","1","","1","trialend","singlestim","57","113990"
"672","Subject83","1","noosenoose","1","noose","positionleft","validityvalid","test","2","suicide","singlestim","59","116000","357","â€šÃ³Ã¨","67","dotpositionleft","singlestim","60","116411","c","left","correct","1","","1","trialend","singlestim","61","117425"
"969","Subject83","1","filthyfilthy","1","filthy","positionleft","validityinvalid","test","2","negative","singlestim","63","119432","307","â€šÃ³Ã¨","77","dotpositionright","singlestim","64","119796","m","right","correct","1","","1","trialend","singlestim","65","120811"
"1266","Subject83","1","braverybravery","1","bravery","positionleft","validityvalid","test","2","positive","singlestim","67","122818","334","â€šÃ³Ã¨","67","dotpositionleft","singlestim","68","123205","c","left","correct","1","","1","trialend","singlestim","69","124221"
"1563","Subject83","1","abuseabuse","1","abuse","positionright","validityvalid","test","2","negative","singlestim","71","126227","369","â€šÃ³Ã¨","77","dotpositionright","singlestim","72","126649","m","right","correct","1","","1","trialend","singlestim","73","127671"
"1860","Subject83","1","corpsecorpse","1","corpse","positionleft","validityvalid","test","2","suicide","singlestim","75","129680","339","â€šÃ³Ã¨","67","dotpositionleft","singlestim","76","130075","c","left","correct","1","","1","trialend","singlestim","77","131091"
"2157","Subject83","1","deathdeath","1","death","positionright","validityvalid","test","2","suicide","singlestim","79","133097","352","â€šÃ³Ã¨","77","dotpositionright","singlestim","80","133500","m","right","correct","1","","1","trialend","singlestim","81","134520"
"2454","Subject83","1","tabletable","1","table","positionright","validityvalid","test","2","neutral","singlestim","83","136529","419","â€šÃ³Ã¨","77","dotpositionright","singlestim","84","136998","m","right","correct","1","","1","trialend","singlestim","85","138012"
"2751","Subject83","1","cruelcruel","1","cruel","positionright","validityvalid","test","2","negative","singlestim","87","140015","386","â€šÃ³Ã¨","77","dotpositionright","singlestim","88","140456","m","right","correct","1","","1","trialend","singlestim","89","141471"
"3048","Subject83","1","foamfoam","1","foam","positionright","validityvalid","test","2","neutral","singlestim","91","143480","362","â€šÃ³Ã¨","77","dotpositionright","singlestim","92","143896","m","right","correct","1","","1","trialend","singlestim","93","144912"
"3345","Subject83","1","pleasurepleasure","1","pleasure","positionleft","validityvalid","test","2","positive","singlestim","95","146920","380","â€šÃ³Ã¨","67","dotpositionleft","singlestim","96","147353","c","left","correct","1","","1","trialend","singlestim","97","148369"
"3642","Subject83","1","paperpaper","1","paper","positionleft","validityvalid","test","2","neutral","singlestim","99","150375","386","â€šÃ³Ã¨","67","dotpositionleft","singlestim","100","150814","c","left","correct","1","","1","trialend","singlestim","101","151832"
"3939","Subject83","1","overdoseoverdose","1","overdose","positionright","validityinvalid","test","2","suicide","singlestim","103","153840","525","â€šÃ³Ã¨","67","dotpositionleft","singlestim","104","154416","c","left","correct","1","","1","trialend","singlestim","105","155431"
"4236","Subject83","1","failurefailure","1","failure","positionleft","validityvalid","test","2","negative","singlestim","107","157439","380","â€šÃ³Ã¨","67","dotpositionleft","singlestim","108","157872","c","left","correct","1","","1","trialend","singlestim","109","158886"
"4533","Subject83","1","horsehorse","1","horse","positionleft","validityinvalid","test","2","neutral","singlestim","111","160891","347","â€šÃ³Ã¨","77","dotpositionright","singlestim","112","161290","m","right","correct","1","","1","trialend","singlestim","113","162309"
"4830","Subject83","1","rejectedrejected","1","rejected","positionright","validityvalid","test","3","negative","singlestim","115","164320","289","â€šÃ³Ã¨","77","dotpositionright","singlestim","116","164661","m","right","correct","1","","1","trialend","singlestim","117","165675"
"5127","Subject83","1","kisskiss","1","kiss","positionright","validityinvalid","test","3","positive","singlestim","119","167684","374","â€šÃ³Ã¨","67","dotpositionleft","singlestim","120","168112","c","left","correct","1","","1","trialend","singlestim","121","169131"
"5424","Subject83","1","cuttingcutting","1","cutting","positionright","validityvalid","test","3","suicide","singlestim","123","171140","448","â€šÃ³Ã¨","77","dotpositionright","singlestim","124","171641","m","right","correct","1","","1","trialend","singlestim","125","172657"
"5721","Subject83","1","diedie","1","die","positionright","validityvalid","test","3","suicide","singlestim","127","174665","371","â€šÃ³Ã¨","77","dotpositionright","singlestim","128","175089","m","right","correct","1","","1","trialend","singlestim","129","176103"
"6018","Subject83","1","touretoure","1","toure","positionleft","validityvalid","test","3","negative","singlestim","131","178111","342","â€šÃ³Ã¨","67","dotpositionleft","singlestim","132","178505","c","left","correct","1","","1","trialend","singlestim","133","179522"
"6315","Subject83","1","greengreen","1","green","positionright","validityvalid","test","3","neutral","singlestim","135","181531","343","â€šÃ³Ã¨","77","dotpositionright","singlestim","136","181929","m","right","correct","1","","1","trialend","singlestim","137","182943"
"6612","Subject83","1","strongstrong","1","strong","positionleft","validityvalid","test","3","positive","singlestim","139","184950","301","â€šÃ³Ã¨","67","dotpositionleft","singlestim","140","185302","c","left","correct","1","","1","trialend","singlestim","141","186318"
"6909","Subject83","1","museummuseum","1","museum","positionleft","validityvalid","test","3","neutral","singlestim","143","188325","325","â€šÃ³Ã¨","67","dotpositionleft","singlestim","144","188703","c","left","correct","1","","1","trialend","singlestim","145","189719"
"7206","Subject83","1","closetcloset","1","closet","positionright","validityinvalid","test","3","neutral","singlestim","147","191725","512","â€šÃ³Ã¨","67","dotpositionleft","singlestim","148","192292","c","left","correct","1","","1","trialend","singlestim","149","193310"
"7503","Subject83","1","metermeter","1","meter","positionleft","validityvalid","test","3","neutral","singlestim","151","195319","292","â€šÃ³Ã¨","67","dotpositionleft","singlestim","152","195665","c","left","correct","1","","1","trialend","singlestim","153","196683"
"7800","Subject83","1","happyhappy","1","happy","positionright","validityvalid","test","3","positive","singlestim","155","198690","341","â€šÃ³Ã¨","77","dotpositionright","singlestim","156","199083","m","right","correct","1","","1","trialend","singlestim","157","200100"
"8097","Subject83","1","deaddead","1","dead","positionleft","validityinvalid","test","3","suicide","singlestim","159","202107","469","â€šÃ³Ã¨","77","dotpositionright","singlestim","160","202632","m","right","correct","1","","1","trialend","singlestim","161","203644"
"8394","Subject83","1","smilesmile","1","smile","positionleft","validityvalid","test","3","positive","singlestim","163","205651","364","â€šÃ³Ã¨","67","dotpositionleft","singlestim","164","206069","c","left","correct","1","","1","trialend","singlestim","165","207085"
"8691","Subject83","1","assaultassault","1","assault","positionleft","validityinvalid","test","3","negative","singlestim","167","209092","428","â€šÃ³Ã¨","77","dotpositionright","singlestim","168","209575","m","right","correct","1","","1","trialend","singlestim","169","210590"
"8988","Subject83","1","dyingdying","1","dying","positionleft","validityvalid","test","3","suicide","singlestim","171","212598","497","â€šÃ³Ã¨","67","dotpositionleft","singlestim","172","213149","c","left","correct","1","","1","trialend","singlestim","173","214165"
"9285","Subject83","1","bombbomb","1","bomb","positionright","validityvalid","test","3","negative","singlestim","175","216174","343","â€šÃ³Ã¨","77","dotpositionright","singlestim","176","216572","m","right","correct","1","","1","trialend","singlestim","177","217590"
"9582","Subject83","1","structurestructure","1","structure","positionright","validityvalid","test","4","neutral","singlestim","179","219595","363","â€šÃ³Ã¨","77","dotpositionright","singlestim","180","220012","m","right","correct","1","","1","trialend","singlestim","181","221029"
"9879","Subject83","1","alonealone","1","alone","positionleft","validityvalid","test","4","negative","singlestim","183","223034","325","â€šÃ³Ã¨","67","dotpositionleft","singlestim","184","223413","c","left","correct","1","","1","trialend","singlestim","185","224429"
"10176","Subject83","1","wohlesswohless","1","wohless","positionright","validityvalid","test","4","negative","singlestim","187","226435","382","â€šÃ³Ã¨","77","dotpositionright","singlestim","188","226869","m","right","correct","1","","1","trialend","singlestim","189","227889"
"10473","Subject83","1","frameframe","1","frame","positionleft","validityinvalid","test","4","neutral","singlestim","191","229894","608","â€šÃ³Ã¨","77","dotpositionright","singlestim","192","230556","m","right","correct","1","","1","trialend","singlestim","193","231571"
"10770","Subject83","1","stupidstupid","1","stupid","positionleft","validityvalid","test","4","negative","singlestim","195","233578","374","â€šÃ³Ã¨","67","dotpositionleft","singlestim","196","234009","c","left","correct","1","","1","trialend","singlestim","197","235021"
"11067","Subject83","1","successsuccess","1","success","positionleft","validityvalid","test","4","positive","singlestim","199","237029","320","â€šÃ³Ã¨","67","dotpositionleft","singlestim","200","237400","c","left","correct","1","","1","trialend","singlestim","201","238420"
"11364","Subject83","1","ashamedashamed","1","ashamed","positionright","validityinvalid","test","4","negative","singlestim","203","240431","318","â€šÃ³Ã¨","67","dotpositionleft","singlestim","204","240800","c","left","correct","1","","1","trialend","singlestim","205","241818"
"11661","Subject83","1","passionatepassionate","1","passionate","positionleft","validityinvalid","test","4","positive","singlestim","207","243825","339","â€šÃ³Ã¨","77","dotpositionright","singlestim","208","244219","m","right","correct","1","","1","trialend","singlestim","209","245233"
"11958","Subject83","1","killingkilling","1","killing","positionleft","validityvalid","test","4","suicide","singlestim","211","247241","344","â€šÃ³Ã¨","67","dotpositionleft","singlestim","212","247638","c","left","correct","1","","1","trialend","singlestim","213","248654"
"12255","Subject83","1","deceaseddeceased","1","deceased","positionright","validityvalid","test","4","suicide","singlestim","215","250661","343","â€šÃ³Ã¨","77","dotpositionright","singlestim","216","251055","m","right","correct","1","","1","trialend","singlestim","217","252070"
"12552","Subject83","1","suicidesuicide","1","suicide","positionright","validityinvalid","test","4","suicide","singlestim","219","254074","334","â€šÃ³Ã¨","67","dotpositionleft","singlestim","220","254463","c","left","correct","1","","1","trialend","singlestim","221","255481"
"12849","Subject83","1","laughlaugh","1","laugh","positionright","validityvalid","test","4","positive","singlestim","223","257490","374","â€šÃ³Ã¨","77","dotpositionright","singlestim","224","257918","m","right","correct","1","","1","trialend","singlestim","225","258935"
"13146","Subject83","1","hanginghanging","1","hanging","positionleft","validityvalid","test","4","suicide","singlestim","227","260945","227","â€šÃ³Ã¨","67","dotpositionleft","singlestim","228","261224","c","left","correct","1","","1","trialend","singlestim","229","262240"
"13443","Subject83","1","engineengine","1","engine","positionleft","validityvalid","test","4","neutral","singlestim","231","264248","378","â€šÃ³Ã¨","67","dotpositionleft","singlestim","232","264679","c","left","correct","1","","1","trialend","singlestim","233","265695"
"13740","Subject83","1","doubledouble","1","double","positionright","validityvalid","test","4","neutral","singlestim","235","267705","317","â€šÃ³Ã¨","77","dotpositionright","singlestim","236","268074","m","right","correct","1","","1","trialend","singlestim","237","269091"
"14037","Subject83","1","ecstaticecstatic","1","ecstatic","positionright","validityvalid","test","4","positive","singlestim","239","271099","321","â€šÃ³Ã¨","77","dotpositionright","singlestim","240","271472","m","right","correct","1","","1","trialend","singlestim","241","272490"
"14334","Subject83","1","healthyhealthy","1","healthy","positionleft","validityinvalid","test","1","positive","singlestim","243","274499","515","â€šÃ³Ã¨","77","dotpositionright","singlestim","244","275065","m","right","correct","1","","1","trialend","singlestim","245","276084"
"14631","Subject83","1","attractionattraction","1","attraction","positionright","validityvalid","test","1","positive","singlestim","247","278091","296","â€šÃ³Ã¨","77","dotpositionright","singlestim","248","278440","m","right","correct","1","","1","trialend","singlestim","249","279455"
"14928","Subject83","1","paradiseparadise","1","paradise","positionleft","validityvalid","test","1","positive","singlestim","251","281461","360","â€šÃ³Ã¨","67","dotpositionleft","singlestim","252","281875","c","left","correct","1","","1","trialend","singlestim","253","282890"
"15225","Subject83","1","bloodblood","1","blood","positionleft","validityvalid","test","1","suicide","singlestim","255","284899","347","â€šÃ³Ã¨","67","dotpositionleft","singlestim","256","285301","c","left","correct","1","","1","trialend","singlestim","257","286318"
"15522","Subject83","1","gunshotgunshot","1","gunshot","positionright","validityvalid","test","1","suicide","singlestim","259","288325","314","â€šÃ³Ã¨","77","dotpositionright","singlestim","260","288690","m","right","correct","1","","1","trialend","singlestim","261","289710"
"15819","Subject83","1","cryingcrying","1","crying","positionright","validityvalid","test","1","negative","singlestim","263","291720","317","â€šÃ³Ã¨","77","dotpositionright","singlestim","264","292089","m","right","correct","1","","1","trialend","singlestim","265","293102"
"16116","Subject83","1","imageimage","1","image","positionleft","validityvalid","test","1","neutral","singlestim","267","295110","359","â€šÃ³Ã¨","67","dotpositionleft","singlestim","268","295521","c","left","correct","1","","1","trialend","singlestim","269","296535"
"16413","Subject83","1","greatgreat","1","great","positionright","validityvalid","test","1","positive","singlestim","271","298541","337","â€šÃ³Ã¨","77","dotpositionright","singlestim","272","298929","m","right","correct","1","","1","trialend","singlestim","273","299946"
"16710","Subject83","1","cheesecheese","1","cheese","positionright","validityvalid","test","1","neutral","singlestim","275","301956","318","â€šÃ³Ã¨","77","dotpositionright","singlestim","276","302325","m","right","correct","1","","1","trialend","singlestim","277","303340"
"17007","Subject83","1","hatehate","1","hate","positionright","validityinvalid","test","1","negative","singlestim","279","305350","342","â€šÃ³Ã¨","67","dotpositionleft","singlestim","280","305743","c","left","correct","1","","1","trialend","singlestim","281","306761"
"17304","Subject83","1","statuestatue","1","statue","positionright","validityinvalid","test","1","neutral","singlestim","283","308769","364","â€šÃ³Ã¨","67","dotpositionleft","singlestim","284","309187","c","left","correct","1","","1","trialend","singlestim","285","310201"
"17601","Subject83","1","foldedfolded","1","folded","positionleft","validityvalid","test","1","neutral","singlestim","287","312210","384","â€šÃ³Ã¨","67","dotpositionleft","singlestim","288","312645","c","left","correct","1","","1","trialend","singlestim","289","313661"
"17898","Subject83","1","suffocationsuffocation","1","suffocation","positionleft","validityinvalid","test","1","suicide","singlestim","291","315670","459","â€šÃ³Ã¨","77","dotpositionright","singlestim","292","316182","m","right","correct","1","","1","trialend","singlestim","293","317195"
"18195","Subject83","423","funeralfuneral","77","funeral","positionright","validityvalid","test","1","suicide","singlestim","295","319204","333","â€šÃ³Ã¨","77","dotpositionright","singlestim","296","319593","m","right","correct","1","","1","trialend","singlestim","297","320604"
"18492","Subject83","1","patheticpathetic","1","pathetic","positionleft","validityvalid","test","1","negative","singlestim","299","322614","385","â€šÃ³Ã¨","67","dotpositionleft","singlestim","300","323054","c","left","correct","1","","1","trialend","singlestim","301","324072"
"18789","Subject83","1","vomitvomit","1","vomit","positionleft","validityvalid","test","1","negative","singlestim","303","326079","382","â€šÃ³Ã¨","67","dotpositionleft","singlestim","304","326514","c","left","correct","1","","1","trialend","singlestim","305","327530"
