"","SubjectID","rt","stimulus","keypress","word","wordposition","validity","block","blocknum","wordtype","trialtype","trialindex","timeelapsed","rt.1","stimulus.1","keypress.1","dotposition","trialtype.1","trialindex.1","timeelapsed.1","keypressed","participantresponse","correctresponse","rt.2","stimulus.2","keypress.2","blocktrial","trialtype.2","trialindex.2","timeelapsed.2"
"290","Subject326","statuestatue","77","statue","positionright","validityinvalid","test","1","neutral","singlestim","51","81363","100010","â€šÃ³Ã¨","67","dotpositionleft","singlestim","52","81837","100020","left","correct","1","","1","trialend","singlestim","53","82861","100030"
"587","Subject326","hatehate","77","hate","positionright","validityinvalid","test","1","negative","singlestim","55","84880","100050","â€šÃ³Ã¨","67","dotpositionleft","singlestim","56","85210","100060","left","correct","1","","1","trialend","singlestim","57","86233","100070"
"884","Subject326","greatgreat","77","great","positionright","validityvalid","test","1","positive","singlestim","59","88250","100090","â€šÃ³Ã¨","77","dotpositionright","singlestim","60","88666","1000100","right","correct","1","","1","trialend","singlestim","61","89686","1000110"
"1181","Subject326","bloodblood","1","blood","positionleft","validityvalid","test","1","suicide","singlestim","63","91706","1000130","â€šÃ³Ã¨","67","dotpositionleft","singlestim","64","92202","1000140","left","correct","1","","1","trialend","singlestim","65","93224","1000150"
"1478","Subject326","patheticpathetic","1","pathetic","positionleft","validityvalid","test","1","negative","singlestim","67","95236","1000170","â€šÃ³Ã¨","67","dotpositionleft","singlestim","68","95341","1000180","left","correct","1","","1","trialend","singlestim","69","96363","1000190"
"1775","Subject326","cheesecheese","77","cheese","positionright","validityvalid","test","1","neutral","singlestim","71","98380","1000210","â€šÃ³Ã¨","77","dotpositionright","singlestim","72","98796","1000220","right","correct","1","","1","trialend","singlestim","73","99814","1000230"
"2072","Subject326","cryingcrying","77","crying","positionright","validityvalid","test","1","negative","singlestim","75","101819","1000250","â€šÃ³Ã¨","77","dotpositionright","singlestim","76","102251","1000260","right","correct","1","","1","trialend","singlestim","77","103268","1000270"
"2369","Subject326","vomitvomit","67","vomit","positionleft","validityvalid","test","1","negative","singlestim","79","105288","1000290","â€šÃ³Ã¨","67","dotpositionleft","singlestim","80","105632","1000300","left","correct","1","","1","trialend","singlestim","81","106655","1000310"
"2666","Subject326","attractionattraction","77","attraction","positionright","validityvalid","test","1","positive","singlestim","83","108675","1000330","â€šÃ³Ã¨","77","dotpositionright","singlestim","84","109072","1000340","right","correct","1","","1","trialend","singlestim","85","110092","1000350"
"2963","Subject326","healthyhealthy","67","healthy","positionleft","validityinvalid","test","1","positive","singlestim","87","112111","1000370","â€šÃ³Ã¨","77","dotpositionright","singlestim","88","112545","1000380","right","correct","1","","1","trialend","singlestim","89","113562","1000390"
"3260","Subject326","paradiseparadise","67","paradise","positionleft","validityvalid","test","1","positive","singlestim","91","115566","1000410","â€šÃ³Ã¨","67","dotpositionleft","singlestim","92","115951","1000420","left","correct","1","","1","trialend","singlestim","93","116967","1000430"
"3557","Subject326","foldedfolded","67","folded","positionleft","validityvalid","test","1","neutral","singlestim","95","118987","1000450","â€šÃ³Ã¨","67","dotpositionleft","singlestim","96","119374","1000460","left","correct","1","","1","trialend","singlestim","97","120388","1000470"
"3854","Subject326","imageimage","67","image","positionleft","validityvalid","test","1","neutral","singlestim","99","122407","1000490","â€šÃ³Ã¨","67","dotpositionleft","singlestim","100","122707","1000500","left","correct","1","","1","trialend","singlestim","101","123723","1000510"
"4151","Subject326","funeralfuneral","77","funeral","positionright","validityvalid","test","1","suicide","singlestim","103","125736","1000530","â€šÃ³Ã¨","77","dotpositionright","singlestim","104","126072","1000540","right","correct","1","","1","trialend","singlestim","105","127095","1000550"
"4448","Subject326","suffocationsuffocation","67","suffocation","positionleft","validityinvalid","test","1","suicide","singlestim","107","129100","1000570","â€šÃ³Ã¨","77","dotpositionright","singlestim","108","129536","1000580","right","correct","1","","1","trialend","singlestim","109","130548","1000590"
"4745","Subject326","gunshotgunshot","77","gunshot","positionright","validityvalid","test","1","suicide","singlestim","111","132569","1000610","â€šÃ³Ã¨","77","dotpositionright","singlestim","112","132964","1000620","right","correct","1","","1","trialend","singlestim","113","133986","1000630"
"5042","Subject326","tabletable","77","table","positionright","validityvalid","test","2","neutral","singlestim","115","136003","101010","â€šÃ³Ã¨","77","dotpositionright","singlestim","116","136388","101020","right","correct","1","","1","trialend","singlestim","117","137407","101030"
"5339","Subject326","pleasurepleasure","67","pleasure","positionleft","validityvalid","test","2","positive","singlestim","119","139425","101050","â€šÃ³Ã¨","67","dotpositionleft","singlestim","120","139861","101060","left","correct","1","","1","trialend","singlestim","121","140876","101070"
"5636","Subject326","corpsecorpse","67","corpse","positionleft","validityvalid","test","2","suicide","singlestim","123","142895","101090","â€šÃ³Ã¨","67","dotpositionleft","singlestim","124","143352","1010100","left","correct","1","","1","trialend","singlestim","125","144379","1010110"
"5933","Subject326","enthusiasmenthusiasm","77","enthusiasm","positionright","validityvalid","test","2","positive","singlestim","127","146399","1010130","â€šÃ³Ã¨","77","dotpositionright","singlestim","128","146783","1010140","right","correct","1","","1","trialend","singlestim","129","147801","1010150"
"6230","Subject326","foamfoam","77","foam","positionright","validityvalid","test","2","neutral","singlestim","131","149820","1010170","â€šÃ³Ã¨","77","dotpositionright","singlestim","132","150153","1010180","right","correct","1","","1","trialend","singlestim","133","151172","1010190"
"6527","Subject326","cruelcruel","77","cruel","positionright","validityvalid","test","2","negative","singlestim","135","153190","1010210","â€šÃ³Ã¨","77","dotpositionright","singlestim","136","153473","1010220","right","correct","1","","1","trialend","singlestim","137","154498","1010230"
"6824","Subject326","lovelove","77","love","positionright","validityinvalid","test","2","positive","singlestim","139","156510","1010250","â€šÃ³Ã¨","67","dotpositionleft","singlestim","140","156954","1010260","left","correct","1","","1","trialend","singlestim","141","157978","1010270"
"7121","Subject326","horsehorse","67","horse","positionleft","validityinvalid","test","2","neutral","singlestim","143","159996","1010290","â€šÃ³Ã¨","77","dotpositionright","singlestim","144","160362","1010300","right","correct","1","","1","trialend","singlestim","145","161382","1010310"
"7418","Subject326","paperpaper","67","paper","positionleft","validityvalid","test","2","neutral","singlestim","147","163400","1010330","â€šÃ³Ã¨","67","dotpositionleft","singlestim","148","163899","1010340","left","correct","1","","1","trialend","singlestim","149","164920","1010350"
"7715","Subject326","filthyfilthy","67","filthy","positionleft","validityinvalid","test","2","negative","singlestim","151","166939","1010370","â€šÃ³Ã¨","77","dotpositionright","singlestim","152","167338","1010380","right","correct","1","","1","trialend","singlestim","153","168357","1010390"
"8012","Subject326","braverybravery","67","bravery","positionleft","validityvalid","test","2","positive","singlestim","155","170374","1010410","â€šÃ³Ã¨","67","dotpositionleft","singlestim","156","170784","1010420","left","correct","1","","1","trialend","singlestim","157","171810","1010430"
"8309","Subject326","noosenoose","67","noose","positionleft","validityvalid","test","2","suicide","singlestim","159","173813","1010450","â€šÃ³Ã¨","67","dotpositionleft","singlestim","160","174233","1010460","left","correct","1","","1","trialend","singlestim","161","175248","1010470"
"8606","Subject326","abuseabuse","77","abuse","positionright","validityvalid","test","2","negative","singlestim","163","177266","1010490","â€šÃ³Ã¨","77","dotpositionright","singlestim","164","177715","1010500","right","correct","1","","1","trialend","singlestim","165","178736","1010510"
"8903","Subject326","deathdeath","77","death","positionright","validityvalid","test","2","suicide","singlestim","167","180769","1010530","â€šÃ³Ã¨","77","dotpositionright","singlestim","168","181059","1010540","right","correct","1","","1","trialend","singlestim","169","182072","1010550"
"9200","Subject326","overdoseoverdose","77","overdose","positionright","validityinvalid","test","2","suicide","singlestim","171","184091","1010570","â€šÃ³Ã¨","67","dotpositionleft","singlestim","172","184565","1010580","left","correct","1","","1","trialend","singlestim","173","185578","1010590"
"9497","Subject326","failurefailure","67","failure","positionleft","validityvalid","test","2","negative","singlestim","175","187595","1010610","â€šÃ³Ã¨","67","dotpositionleft","singlestim","176","187987","1010620","left","correct","1","","1","trialend","singlestim","177","189012","1010630"
"9794","Subject326","successsuccess","67","success","positionleft","validityvalid","test","4","positive","singlestim","179","191030","102010","â€šÃ³Ã¨","67","dotpositionleft","singlestim","180","191390","102020","left","correct","1","","1","trialend","singlestim","181","192416","102030"
"10091","Subject326","ashamedashamed","77","ashamed","positionright","validityinvalid","test","4","negative","singlestim","183","194434","102050","â€šÃ³Ã¨","77","dotpositionleft","singlestim","184","194925","102060","right","incorrect","40","","67","trialend","singlestim","185","195937","102070"
"10388","Subject326","deceaseddeceased","77","deceased","positionright","validityvalid","test","4","suicide","singlestim","187","197955","102090","â€šÃ³Ã¨","77","dotpositionright","singlestim","188","198381","1020100","right","correct","1","","1","trialend","singlestim","189","199406","1020110"
"10685","Subject326","ecstaticecstatic","77","ecstatic","positionright","validityvalid","test","4","positive","singlestim","191","201411","1020130","â€šÃ³Ã¨","77","dotpositionright","singlestim","192","201805","1020140","right","correct","1","","1","trialend","singlestim","193","202828","1020150"
"10982","Subject326","killingkilling","67","killing","positionleft","validityvalid","test","4","suicide","singlestim","195","204848","1020170","â€šÃ³Ã¨","67","dotpositionleft","singlestim","196","205253","1020180","left","correct","1","","1","trialend","singlestim","197","206267","1020190"
"11279","Subject326","doubledouble","77","double","positionright","validityvalid","test","4","neutral","singlestim","199","208286","1020210","â€šÃ³Ã¨","67","dotpositionright","singlestim","200","208703","1020220","left","incorrect","1","","1","trialend","singlestim","201","209719","1020230"
"11576","Subject326","structurestructure","77","structure","positionright","validityvalid","test","4","neutral","singlestim","203","211753","1020250","â€šÃ³Ã¨","77","dotpositionright","singlestim","204","212147","1020260","right","correct","1","","1","trialend","singlestim","205","213171","1020270"
"11873","Subject326","hanginghanging","67","hanging","positionleft","validityvalid","test","4","suicide","singlestim","207","215184","1020290","â€šÃ³Ã¨","67","dotpositionleft","singlestim","208","215603","1020300","left","correct","1","","1","trialend","singlestim","209","216624","1020310"
"12170","Subject326","alonealone","67","alone","positionleft","validityvalid","test","4","negative","singlestim","211","218645","1020330","â€šÃ³Ã¨","67","dotpositionleft","singlestim","212","219223","1020340","left","correct","1","","1","trialend","singlestim","213","220248","1020350"
"12467","Subject326","wohlesswohless","77","wohless","positionright","validityvalid","test","4","negative","singlestim","215","222267","1020370","â€šÃ³Ã¨","77","dotpositionright","singlestim","216","222698","1020380","right","correct","1","","1","trialend","singlestim","217","223717","1020390"
"12764","Subject326","engineengine","67","engine","positionleft","validityvalid","test","4","neutral","singlestim","219","225737","1020410","â€šÃ³Ã¨","67","dotpositionleft","singlestim","220","226085","1020420","left","correct","1","","1","trialend","singlestim","221","227101","1020430"
"13061","Subject326","stupidstupid","67","stupid","positionleft","validityvalid","test","4","negative","singlestim","223","229119","1020450","â€šÃ³Ã¨","67","dotpositionleft","singlestim","224","229445","1020460","left","correct","1","","1","trialend","singlestim","225","230469","1020470"
"13358","Subject326","suicidesuicide","77","suicide","positionright","validityinvalid","test","4","suicide","singlestim","227","232490","1020490","â€šÃ³Ã¨","67","dotpositionleft","singlestim","228","232893","1020500","left","correct","1","","1","trialend","singlestim","229","233910","1020510"
"13655","Subject326","frameframe","67","frame","positionleft","validityinvalid","test","4","neutral","singlestim","231","235927","1020530","â€šÃ³Ã¨","77","dotpositionright","singlestim","232","236388","1020540","right","correct","1","","1","trialend","singlestim","233","237412","1020550"
"13952","Subject326","passionatepassionate","67","passionate","positionleft","validityinvalid","test","4","positive","singlestim","235","239430","1020570","â€šÃ³Ã¨","77","dotpositionright","singlestim","236","239818","1020580","right","correct","1","","1","trialend","singlestim","237","240832","1020590"
"14249","Subject326","laughlaugh","77","laugh","positionright","validityvalid","test","4","positive","singlestim","239","242835","1020610","â€šÃ³Ã¨","77","dotpositionright","singlestim","240","243169","1020620","right","correct","1","","1","trialend","singlestim","241","244186","1020630"
"14546","Subject326","happyhappy","77","happy","positionright","validityvalid","test","3","positive","singlestim","243","246198","103010","â€šÃ³Ã¨","77","dotpositionright","singlestim","244","246590","103020","right","correct","1","","1","trialend","singlestim","245","247607","103030"
"14843","Subject326","cuttingcutting","77","cutting","positionright","validityvalid","test","3","suicide","singlestim","247","249626","103050","â€šÃ³Ã¨","77","dotpositionright","singlestim","248","249991","103060","right","correct","1","","1","trialend","singlestim","249","251011","103070"
"15140","Subject326","rejectedrejected","77","rejected","positionright","validityvalid","test","3","negative","singlestim","251","253030","103090","â€šÃ³Ã¨","77","dotpositionright","singlestim","252","253326","1030100","right","correct","1","","1","trialend","singlestim","253","254348","1030110"
"15437","Subject326","touretoure","67","toure","positionleft","validityvalid","test","3","negative","singlestim","255","256351","1030130","â€šÃ³Ã¨","67","dotpositionleft","singlestim","256","256637","1030140","left","correct","1","","1","trialend","singlestim","257","257652","1030150"
"15734","Subject326","closetcloset","77","closet","positionright","validityinvalid","test","3","neutral","singlestim","259","259671","1030170","â€šÃ³Ã¨","67","dotpositionleft","singlestim","260","260114","1030180","left","correct","1","","1","trialend","singlestim","261","261127","1030190"
"16031","Subject326","kisskiss","77","kiss","positionright","validityinvalid","test","3","positive","singlestim","263","263156","1030210","â€šÃ³Ã¨","67","dotpositionleft","singlestim","264","263460","1030220","left","correct","1","","1","trialend","singlestim","265","264476","1030230"
"16328","Subject326","deaddead","67","dead","positionleft","validityinvalid","test","3","suicide","singlestim","267","266493","1030250","â€šÃ³Ã¨","77","dotpositionright","singlestim","268","266906","1030260","right","correct","1","","1","trialend","singlestim","269","267930","1030270"
"16625","Subject326","assaultassault","67","assault","positionleft","validityinvalid","test","3","negative","singlestim","271","269947","1030290","â€šÃ³Ã¨","77","dotpositionright","singlestim","272","270246","1030300","right","correct","1","","1","trialend","singlestim","273","271260","1030310"
"16922","Subject326","metermeter","67","meter","positionleft","validityvalid","test","3","neutral","singlestim","275","273263","1030330","â€šÃ³Ã¨","67","dotpositionleft","singlestim","276","273664","1030340","left","correct","1","","1","trialend","singlestim","277","274687","1030350"
"17219","Subject326","museummuseum","67","museum","positionleft","validityvalid","test","3","neutral","singlestim","279","276711","1030370","â€šÃ³Ã¨","67","dotpositionleft","singlestim","280","277046","1030380","left","correct","1","","1","trialend","singlestim","281","278073","1030390"
"17516","Subject326","strongstrong","67","strong","positionleft","validityvalid","test","3","positive","singlestim","283","280092","1030410","â€šÃ³Ã¨","67","dotpositionleft","singlestim","284","280477","1030420","left","correct","1","","1","trialend","singlestim","285","281494","1030430"
"17813","Subject326","diedie","77","die","positionright","validityvalid","test","3","suicide","singlestim","287","283512","1030450","â€šÃ³Ã¨","77","dotpositionright","singlestim","288","283833","1030460","right","correct","1","","1","trialend","singlestim","289","284848","1030470"
"18110","Subject326","dyingdying","67","dying","positionleft","validityvalid","test","3","suicide","singlestim","291","286866","1030490","â€šÃ³Ã¨","67","dotpositionleft","singlestim","292","287289","1030500","left","correct","1","","1","trialend","singlestim","293","288315","1030510"
"18407","Subject326","smilesmile","67","smile","positionleft","validityvalid","test","3","positive","singlestim","295","290334","1030530","â€šÃ³Ã¨","67","dotpositionleft","singlestim","296","290677","1030540","left","correct","1","","1","trialend","singlestim","297","291697","1030550"
"18704","Subject326","greengreen","77","green","positionright","validityvalid","test","3","neutral","singlestim","299","293706","1030570","â€šÃ³Ã¨","77","dotpositionright","singlestim","300","294120","1030580","right","correct","1","","1","trialend","singlestim","301","295141","1030590"
"19001","Subject326","bombbomb","77","bomb","positionright","validityvalid","test","3","negative","singlestim","303","297143","1030610","â€šÃ³Ã¨","77","dotpositionright","singlestim","304","297495","1030620","right","correct","1","","1","trialend","singlestim","305","298511","1030630"
