"","SubjectID","rt","stimulus","keypress","word","wordposition","validity","block","blocknum","wordtype","trialtype","trialindex","timeelapsed","rt.1","stimulus.1","keypress.1","dotposition","trialtype.1","trialindex.1","timeelapsed.1","keypressed","participantresponse","correctresponse","rt.2","stimulus.2","keypress.2","blocktrial","trialtype.2","trialindex.2","timeelapsed.2"
"98","Subject103","1","killingkilling","1","killing","positionleft","validityvalid","test","4","suicide","singlestim","51","111176","435","â€šÃ³Ã¨","67","dotpositionleft","singlestim","52","111667","c","left","correct","1","","1","trialend","singlestim","53","112681"
"395","Subject103","1","laughlaugh","1","laugh","positionright","validityvalid","test","4","positive","singlestim","55","114690","390","â€šÃ³Ã¨","77","dotpositionright","singlestim","56","115136","m","right","correct","1","","1","trialend","singlestim","57","116153"
"692","Subject103","1","frameframe","1","frame","positionleft","validityinvalid","test","4","neutral","singlestim","59","118160","307","â€šÃ³Ã¨","77","dotpositionright","singlestim","60","118519","m","right","correct","1","","1","trialend","singlestim","61","119537"
"989","Subject103","1","hanginghanging","1","hanging","positionleft","validityvalid","test","4","suicide","singlestim","63","121546","341","â€šÃ³Ã¨","67","dotpositionleft","singlestim","64","121940","c","left","correct","1","","1","trialend","singlestim","65","122955"
"1286","Subject103","1","ashamedashamed","1","ashamed","positionright","validityinvalid","test","4","negative","singlestim","67","124964","343","â€šÃ³Ã¨","67","dotpositionleft","singlestim","68","125362","c","left","correct","1","","1","trialend","singlestim","69","126378"
"1583","Subject103","1","doubledouble","1","double","positionright","validityvalid","test","4","neutral","singlestim","71","128383","365","â€šÃ³Ã¨","77","dotpositionright","singlestim","72","128803","m","right","correct","1","","1","trialend","singlestim","73","129816"
"1880","Subject103","1","structurestructure","1","structure","positionright","validityvalid","test","4","neutral","singlestim","75","131827","387","â€šÃ³Ã¨","77","dotpositionright","singlestim","76","132268","m","right","correct","1","","1","trialend","singlestim","77","133283"
"2177","Subject103","1","stupidstupid","1","stupid","positionleft","validityvalid","test","4","negative","singlestim","79","135294","334","â€šÃ³Ã¨","67","dotpositionleft","singlestim","80","135684","c","left","correct","1","","1","trialend","singlestim","81","136698"
"2474","Subject103","1","deceaseddeceased","1","deceased","positionright","validityvalid","test","4","suicide","singlestim","83","138710","475","â€šÃ³Ã¨","77","dotpositionright","singlestim","84","139246","m","right","correct","1","","1","trialend","singlestim","85","140263"
"2771","Subject103","1","ecstaticecstatic","1","ecstatic","positionright","validityvalid","test","4","positive","singlestim","87","142275","332","â€šÃ³Ã¨","77","dotpositionright","singlestim","88","142662","m","right","correct","1","","1","trialend","singlestim","89","143674"
"3068","Subject103","1","suicidesuicide","1","suicide","positionright","validityinvalid","test","4","suicide","singlestim","91","145679","325","â€šÃ³Ã¨","67","dotpositionleft","singlestim","92","146056","c","left","correct","1","","1","trialend","singlestim","93","147072"
"3365","Subject103","1","passionatepassionate","1","passionate","positionleft","validityinvalid","test","4","positive","singlestim","95","149082","511","â€šÃ³Ã¨","77","dotpositionright","singlestim","96","149648","m","right","correct","1","","1","trialend","singlestim","97","150665"
"3662","Subject103","1","alonealone","1","alone","positionleft","validityvalid","test","4","negative","singlestim","99","152675","384","â€šÃ³Ã¨","67","dotpositionleft","singlestim","100","153115","c","left","correct","1","","1","trialend","singlestim","101","154130"
"3959","Subject103","1","successsuccess","1","success","positionleft","validityvalid","test","4","positive","singlestim","103","156139","432","â€šÃ³Ã¨","67","dotpositionleft","singlestim","104","156626","c","left","correct","1","","1","trialend","singlestim","105","157642"
"4256","Subject103","1","engineengine","1","engine","positionleft","validityvalid","test","4","neutral","singlestim","107","159650","351","â€šÃ³Ã¨","67","dotpositionleft","singlestim","108","160055","c","left","correct","1","","1","trialend","singlestim","109","161072"
"4553","Subject103","1","wohlesswohless","1","wohless","positionright","validityvalid","test","4","negative","singlestim","111","163079","366","â€šÃ³Ã¨","77","dotpositionright","singlestim","112","163499","m","right","correct","1","","1","trialend","singlestim","113","164517"
"4850","Subject103","1","imageimage","1","image","positionleft","validityvalid","test","1","neutral","singlestim","115","166526","366","â€šÃ³Ã¨","67","dotpositionleft","singlestim","116","166945","c","left","correct","1","","1","trialend","singlestim","117","167960"
"5147","Subject103","1","greatgreat","1","great","positionright","validityvalid","test","1","positive","singlestim","119","169970","332","â€šÃ³Ã¨","77","dotpositionright","singlestim","120","170357","m","right","correct","1","","1","trialend","singlestim","121","171373"
"5444","Subject103","1","bloodblood","1","blood","positionleft","validityvalid","test","1","suicide","singlestim","123","173382","363","â€šÃ³Ã¨","67","dotpositionleft","singlestim","124","173799","c","left","correct","1","","1","trialend","singlestim","125","174815"
"5741","Subject103","1","patheticpathetic","1","pathetic","positionleft","validityvalid","test","1","negative","singlestim","127","176827","401","â€šÃ³Ã¨","67","dotpositionleft","singlestim","128","177283","c","left","correct","1","","1","trialend","singlestim","129","178297"
"6038","Subject103","1","healthyhealthy","1","healthy","positionleft","validityinvalid","test","1","positive","singlestim","131","180306","309","â€šÃ³Ã¨","77","dotpositionright","singlestim","132","180671","m","right","correct","1","","1","trialend","singlestim","133","181687"
"6335","Subject103","1","funeralfuneral","1","funeral","positionright","validityvalid","test","1","suicide","singlestim","135","183697","362","â€šÃ³Ã¨","77","dotpositionright","singlestim","136","184114","m","right","correct","1","","1","trialend","singlestim","137","185130"
"6632","Subject103","1","cheesecheese","1","cheese","positionright","validityvalid","test","1","neutral","singlestim","139","187140","299","â€šÃ³Ã¨","77","dotpositionright","singlestim","140","187495","m","right","correct","1","","1","trialend","singlestim","141","188510"
"6929","Subject103","1","attractionattraction","1","attraction","positionright","validityvalid","test","1","positive","singlestim","143","190521","311","â€šÃ³Ã¨","77","dotpositionright","singlestim","144","190888","m","right","correct","1","","1","trialend","singlestim","145","191906"
"7226","Subject103","1","suffocationsuffocation","1","suffocation","positionleft","validityinvalid","test","1","suicide","singlestim","147","193916","358","â€šÃ³Ã¨","77","dotpositionright","singlestim","148","194329","m","right","correct","1","","1","trialend","singlestim","149","195345"
"7523","Subject103","1","cryingcrying","1","crying","positionright","validityvalid","test","1","negative","singlestim","151","197352","357","â€šÃ³Ã¨","77","dotpositionright","singlestim","152","197762","m","right","correct","1","","1","trialend","singlestim","153","198776"
"7820","Subject103","1","gunshotgunshot","1","gunshot","positionright","validityvalid","test","1","suicide","singlestim","155","200789","346","â€šÃ³Ã¨","77","dotpositionright","singlestim","156","201190","m","right","correct","1","","1","trialend","singlestim","157","202206"
"8117","Subject103","1","paradiseparadise","1","paradise","positionleft","validityvalid","test","1","positive","singlestim","159","204218","334","â€šÃ³Ã¨","67","dotpositionleft","singlestim","160","204607","c","left","correct","1","","1","trialend","singlestim","161","205624"
"8414","Subject103","1","vomitvomit","1","vomit","positionleft","validityvalid","test","1","negative","singlestim","163","207633","320","â€šÃ³Ã¨","67","dotpositionleft","singlestim","164","208006","c","left","correct","1","","1","trialend","singlestim","165","209021"
"8711","Subject103","1","statuestatue","1","statue","positionright","validityinvalid","test","1","neutral","singlestim","167","211030","471","â€šÃ³Ã¨","67","dotpositionleft","singlestim","168","211557","c","left","correct","1","","1","trialend","singlestim","169","212571"
"9008","Subject103","1","foldedfolded","1","folded","positionleft","validityvalid","test","1","neutral","singlestim","171","214580","358","â€šÃ³Ã¨","67","dotpositionleft","singlestim","172","214993","c","left","correct","1","","1","trialend","singlestim","173","216009"
"9305","Subject103","1","hatehate","1","hate","positionright","validityinvalid","test","1","negative","singlestim","175","218018","321","â€šÃ³Ã¨","67","dotpositionleft","singlestim","176","218394","c","left","correct","1","","1","trialend","singlestim","177","219409"
"9602","Subject103","1","pleasurepleasure","1","pleasure","positionleft","validityvalid","test","2","positive","singlestim","179","221419","401","â€šÃ³Ã¨","67","dotpositionleft","singlestim","180","221877","c","left","correct","1","","1","trialend","singlestim","181","222893"
"9899","Subject103","1","enthusiasmenthusiasm","1","enthusiasm","positionright","validityvalid","test","2","positive","singlestim","183","224905","446","â€šÃ³Ã¨","77","dotpositionright","singlestim","184","225406","m","right","correct","1","","1","trialend","singlestim","185","226422"
"10196","Subject103","1","paperpaper","1","paper","positionleft","validityvalid","test","2","neutral","singlestim","187","228432","378","â€šÃ³Ã¨","67","dotpositionleft","singlestim","188","228865","c","left","correct","1","","1","trialend","singlestim","189","229879"
"10493","Subject103","1","overdoseoverdose","1","overdose","positionright","validityinvalid","test","2","suicide","singlestim","191","231889","387","â€šÃ³Ã¨","67","dotpositionleft","singlestim","192","232333","c","left","correct","1","","1","trialend","singlestim","193","233349"
"10790","Subject103","1","abuseabuse","1","abuse","positionright","validityvalid","test","2","negative","singlestim","195","235360","442","â€šÃ³Ã¨","77","dotpositionright","singlestim","196","235858","m","right","correct","1","","1","trialend","singlestim","197","236869"
"11087","Subject103","1","foamfoam","1","foam","positionright","validityvalid","test","2","neutral","singlestim","199","238875","337","â€šÃ³Ã¨","77","dotpositionright","singlestim","200","239268","m","right","correct","1","","1","trialend","singlestim","201","240283"
"11384","Subject103","1","braverybravery","1","bravery","positionleft","validityvalid","test","2","positive","singlestim","203","242288","358","â€šÃ³Ã¨","67","dotpositionleft","singlestim","204","242701","c","left","correct","1","","1","trialend","singlestim","205","243717"
"11681","Subject103","1","deathdeath","1","death","positionright","validityvalid","test","2","suicide","singlestim","207","245727","315","â€šÃ³Ã¨","77","dotpositionright","singlestim","208","246098","m","right","correct","1","","1","trialend","singlestim","209","247114"
"11978","Subject103","1","horsehorse","1","horse","positionleft","validityinvalid","test","2","neutral","singlestim","211","249122","386","â€šÃ³Ã¨","77","dotpositionright","singlestim","212","249561","m","right","correct","1","","1","trialend","singlestim","213","250577"
"12275","Subject103","1","lovelove","1","love","positionright","validityinvalid","test","2","positive","singlestim","215","252586","472","â€šÃ³Ã¨","67","dotpositionleft","singlestim","216","253116","c","left","correct","1","","1","trialend","singlestim","217","254130"
"12572","Subject103","1","filthyfilthy","1","filthy","positionleft","validityinvalid","test","2","negative","singlestim","219","256138","433","â€šÃ³Ã¨","77","dotpositionright","singlestim","220","256624","m","right","correct","1","","1","trialend","singlestim","221","257640"
"12869","Subject103","1","tabletable","1","table","positionright","validityvalid","test","2","neutral","singlestim","223","259652","427","â€šÃ³Ã¨","77","dotpositionright","singlestim","224","260137","m","right","correct","1","","1","trialend","singlestim","225","261152"
"13166","Subject103","1","failurefailure","1","failure","positionleft","validityvalid","test","2","negative","singlestim","227","263162","379","â€šÃ³Ã¨","67","dotpositionleft","singlestim","228","263595","c","left","correct","1","","1","trialend","singlestim","229","264611"
"13463","Subject103","1","cruelcruel","1","cruel","positionright","validityvalid","test","2","negative","singlestim","231","266619","334","â€šÃ³Ã¨","77","dotpositionright","singlestim","232","267009","m","right","correct","1","","1","trialend","singlestim","233","268026"
"13760","Subject103","1","corpsecorpse","1","corpse","positionleft","validityvalid","test","2","suicide","singlestim","235","270032","308","â€šÃ³Ã¨","67","dotpositionleft","singlestim","236","270394","c","left","correct","1","","1","trialend","singlestim","237","271409"
"14057","Subject103","1","noosenoose","1","noose","positionleft","validityvalid","test","2","suicide","singlestim","239","273419","344","â€šÃ³Ã¨","67","dotpositionleft","singlestim","240","273820","c","left","correct","1","","1","trialend","singlestim","241","274835"
"14354","Subject103","1","closetcloset","1","closet","positionright","validityinvalid","test","3","neutral","singlestim","243","276847","395","â€šÃ³Ã¨","67","dotpositionleft","singlestim","244","277295","c","left","correct","1","","1","trialend","singlestim","245","278309"
"14651","Subject103","1","rejectedrejected","1","rejected","positionright","validityvalid","test","3","negative","singlestim","247","280319","377","â€šÃ³Ã¨","77","dotpositionright","singlestim","248","280749","m","right","correct","1","","1","trialend","singlestim","249","281763"
"14948","Subject103","1","happyhappy","1","happy","positionright","validityvalid","test","3","positive","singlestim","251","283770","362","â€šÃ³Ã¨","77","dotpositionright","singlestim","252","284189","m","right","correct","1","","1","trialend","singlestim","253","285204"
"15245","Subject103","1","diedie","1","die","positionright","validityvalid","test","3","suicide","singlestim","255","287214","332","â€šÃ³Ã¨","77","dotpositionright","singlestim","256","287600","m","right","correct","1","","1","trialend","singlestim","257","288617"
"15542","Subject103","1","greengreen","1","green","positionright","validityvalid","test","3","neutral","singlestim","259","290627","377","â€šÃ³Ã¨","77","dotpositionright","singlestim","260","291057","m","right","correct","1","","1","trialend","singlestim","261","292073"
"15839","Subject103","1","kisskiss","1","kiss","positionright","validityinvalid","test","3","positive","singlestim","263","294079","373","â€šÃ³Ã¨","67","dotpositionleft","singlestim","264","294505","c","left","correct","1","","1","trialend","singlestim","265","295519"
"16136","Subject103","1","metermeter","1","meter","positionleft","validityvalid","test","3","neutral","singlestim","267","297529","402","â€šÃ³Ã¨","67","dotpositionleft","singlestim","268","297984","c","left","correct","1","","1","trialend","singlestim","269","299000"
"16433","Subject103","1","museummuseum","1","museum","positionleft","validityvalid","test","3","neutral","singlestim","271","301011","376","â€šÃ³Ã¨","67","dotpositionleft","singlestim","272","301440","c","left","correct","1","","1","trialend","singlestim","273","302457"
"16730","Subject103","1","dyingdying","1","dying","positionleft","validityvalid","test","3","suicide","singlestim","275","304463","352","â€šÃ³Ã¨","67","dotpositionleft","singlestim","276","304868","c","left","correct","1","","1","trialend","singlestim","277","305884"
"17027","Subject103","1","assaultassault","1","assault","positionleft","validityinvalid","test","3","negative","singlestim","279","307893","362","â€šÃ³Ã¨","77","dotpositionright","singlestim","280","308307","m","right","correct","1","","1","trialend","singlestim","281","309321"
"17324","Subject103","1","touretoure","1","toure","positionleft","validityvalid","test","3","negative","singlestim","283","311331","336","â€šÃ³Ã¨","67","dotpositionleft","singlestim","284","311736","c","left","correct","1","","1","trialend","singlestim","285","312751"
"17621","Subject103","1","deaddead","1","dead","positionleft","validityinvalid","test","3","suicide","singlestim","287","314760","359","â€šÃ³Ã¨","77","dotpositionright","singlestim","288","315173","m","right","correct","1","","1","trialend","singlestim","289","316188"
"17918","Subject103","1","smilesmile","1","smile","positionleft","validityvalid","test","3","positive","singlestim","291","318199","383","â€šÃ³Ã¨","67","dotpositionleft","singlestim","292","318636","c","left","correct","1","","1","trialend","singlestim","293","319652"
"18215","Subject103","1","cuttingcutting","1","cutting","positionright","validityvalid","test","3","suicide","singlestim","295","321661","329","â€šÃ³Ã¨","77","dotpositionright","singlestim","296","322043","m","right","correct","1","","1","trialend","singlestim","297","323058"
"18512","Subject103","1","bombbomb","1","bomb","positionright","validityvalid","test","3","negative","singlestim","299","325069","333","â€šÃ³Ã¨","77","dotpositionright","singlestim","300","325458","m","right","correct","1","","1","trialend","singlestim","301","326474"
"18809","Subject103","1","strongstrong","1","strong","positionleft","validityvalid","test","3","positive","singlestim","303","328482","368","â€šÃ³Ã¨","67","dotpositionleft","singlestim","304","328904","c","left","correct","1","","1","trialend","singlestim","305","329920"
