"","SubjectID","rt","stimulus","keypress","word","wordposition","validity","block","blocknum","wordtype","trialtype","trialindex","timeelapsed","rt.1","stimulus.1","keypress.1","dotposition","trialtype.1","trialindex.1","timeelapsed.1","keypressed","participantresponse","correctresponse","rt.2","stimulus.2","keypress.2","blocktrial","trialtype.2","trialindex.2","timeelapsed.2"
"39","Subject40","1","suffocationsuffocation","1","suffocation","positionleft","validityinvalid","test","1","suicide","singlestim","51","71850","515","â€šÃ³Ã¨","77","dotpositionright","singlestim","52","72416","m","right","correct","1","","1","trialend","singlestim","53","73430"
"336","Subject40","1","attractionattraction","1","attraction","positionright","validityvalid","test","1","positive","singlestim","55","75437","422","â€šÃ³Ã¨","77","dotpositionright","singlestim","56","75910","m","right","correct","1","","1","trialend","singlestim","57","76928"
"633","Subject40","1","greatgreat","1","great","positionright","validityvalid","test","1","positive","singlestim","59","78936","446","â€šÃ³Ã¨","77","dotpositionright","singlestim","60","79436","m","right","correct","1","","1","trialend","singlestim","61","80451"
"930","Subject40","1","gunshotgunshot","1","gunshot","positionright","validityvalid","test","1","suicide","singlestim","63","82459","478","â€šÃ³Ã¨","77","dotpositionright","singlestim","64","82993","m","right","correct","1","","1","trialend","singlestim","65","84009"
"1227","Subject40","1","paradiseparadise","1","paradise","positionleft","validityvalid","test","1","positive","singlestim","67","86018","438","â€šÃ³Ã¨","67","dotpositionleft","singlestim","68","86509","c","left","correct","1","","1","trialend","singlestim","69","87526"
"1524","Subject40","1","funeralfuneral","1","funeral","positionright","validityvalid","test","1","suicide","singlestim","71","89535","441","â€šÃ³Ã¨","77","dotpositionright","singlestim","72","90028","m","right","correct","1","","1","trialend","singlestim","73","91044"
"1821","Subject40","1","cheesecheese","1","cheese","positionright","validityvalid","test","1","neutral","singlestim","75","93052","434","â€šÃ³Ã¨","77","dotpositionright","singlestim","76","93538","m","right","correct","1","","1","trialend","singlestim","77","94550"
"2118","Subject40","1","healthyhealthy","1","healthy","positionleft","validityinvalid","test","1","positive","singlestim","79","96558","481","â€šÃ³Ã¨","77","dotpositionright","singlestim","80","97091","m","right","correct","1","","1","trialend","singlestim","81","98107"
"2415","Subject40","1","patheticpathetic","1","pathetic","positionleft","validityvalid","test","1","negative","singlestim","83","100115","526","â€šÃ³Ã¨","67","dotpositionleft","singlestim","84","100693","c","left","correct","1","","1","trialend","singlestim","85","101710"
"2712","Subject40","1","vomitvomit","1","vomit","positionleft","validityvalid","test","1","negative","singlestim","87","103720","385","â€šÃ³Ã¨","67","dotpositionleft","singlestim","88","104156","c","left","correct","1","","1","trialend","singlestim","89","105171"
"3009","Subject40","1","bloodblood","1","blood","positionleft","validityvalid","test","1","suicide","singlestim","91","107180","405","â€šÃ³Ã¨","67","dotpositionleft","singlestim","92","107637","c","left","correct","1","","1","trialend","singlestim","93","108654"
"3306","Subject40","1","cryingcrying","1","crying","positionright","validityvalid","test","1","negative","singlestim","95","110662","429","â€šÃ³Ã¨","77","dotpositionright","singlestim","96","111143","m","right","correct","1","","1","trialend","singlestim","97","112159"
"3603","Subject40","1","foldedfolded","1","folded","positionleft","validityvalid","test","1","neutral","singlestim","99","114168","403","â€šÃ³Ã¨","67","dotpositionleft","singlestim","100","114625","c","left","correct","1","","1","trialend","singlestim","101","115642"
"3900","Subject40","1","imageimage","1","image","positionleft","validityvalid","test","1","neutral","singlestim","103","117651","319","â€šÃ³Ã¨","67","dotpositionleft","singlestim","104","118020","c","left","correct","1","","1","trialend","singlestim","105","119038"
"4197","Subject40","1","hatehate","1","hate","positionright","validityinvalid","test","1","negative","singlestim","107","121045","355","â€šÃ³Ã¨","67","dotpositionleft","singlestim","108","121452","c","left","correct","1","","1","trialend","singlestim","109","122468"
"4494","Subject40","1","statuestatue","1","statue","positionright","validityinvalid","test","1","neutral","singlestim","111","124476","337","â€šÃ³Ã¨","67","dotpositionleft","singlestim","112","124866","c","left","correct","1","","1","trialend","singlestim","113","125880"
"4791","Subject40","1","abuseabuse","1","abuse","positionright","validityvalid","test","2","negative","singlestim","115","127889","389","â€šÃ³Ã¨","77","dotpositionright","singlestim","116","128330","m","right","correct","1","","1","trialend","singlestim","117","129346"
"5088","Subject40","1","corpsecorpse","1","corpse","positionleft","validityvalid","test","2","suicide","singlestim","119","131354","380","â€šÃ³Ã¨","67","dotpositionleft","singlestim","120","131785","c","left","correct","1","","1","trialend","singlestim","121","132798"
"5385","Subject40","1","braverybravery","1","bravery","positionleft","validityvalid","test","2","positive","singlestim","123","134810","381","â€šÃ³Ã¨","67","dotpositionleft","singlestim","124","135246","c","left","correct","1","","1","trialend","singlestim","125","136264"
"5682","Subject40","1","filthyfilthy","1","filthy","positionleft","validityinvalid","test","2","negative","singlestim","127","138272","423","â€šÃ³Ã¨","77","dotpositionright","singlestim","128","138747","m","right","correct","1","","1","trialend","singlestim","129","139764"
"5979","Subject40","1","failurefailure","1","failure","positionleft","validityvalid","test","2","negative","singlestim","131","141772","365","â€šÃ³Ã¨","67","dotpositionleft","singlestim","132","142189","c","left","correct","1","","1","trialend","singlestim","133","143206"
"6276","Subject40","1","pleasurepleasure","1","pleasure","positionleft","validityvalid","test","2","positive","singlestim","135","145214","294","â€šÃ³Ã¨","67","dotpositionleft","singlestim","136","145561","c","left","correct","1","","1","trialend","singlestim","137","146578"
"6573","Subject40","1","horsehorse","1","horse","positionleft","validityinvalid","test","2","neutral","singlestim","139","148586","324","â€šÃ³Ã¨","77","dotpositionright","singlestim","140","148962","m","right","correct","1","","1","trialend","singlestim","141","149979"
"6870","Subject40","1","enthusiasmenthusiasm","1","enthusiasm","positionright","validityvalid","test","2","positive","singlestim","143","151988","506","â€šÃ³Ã¨","77","dotpositionright","singlestim","144","152546","m","right","correct","1","","1","trialend","singlestim","145","153562"
"7167","Subject40","1","foamfoam","1","foam","positionright","validityvalid","test","2","neutral","singlestim","147","155568","328","â€šÃ³Ã¨","77","dotpositionright","singlestim","148","155950","m","right","correct","1","","1","trialend","singlestim","149","156962"
"7464","Subject40","1","paperpaper","1","paper","positionleft","validityvalid","test","2","neutral","singlestim","151","158970","384","â€šÃ³Ã¨","67","dotpositionleft","singlestim","152","159407","c","left","correct","1","","1","trialend","singlestim","153","160421"
"7761","Subject40","1","lovelove","1","love","positionright","validityinvalid","test","2","positive","singlestim","155","162430","403","â€šÃ³Ã¨","67","dotpositionleft","singlestim","156","162884","c","left","correct","1","","1","trialend","singlestim","157","163898"
"8058","Subject40","1","noosenoose","1","noose","positionleft","validityvalid","test","2","suicide","singlestim","159","165905","412","â€šÃ³Ã¨","67","dotpositionleft","singlestim","160","166371","c","left","correct","1","","1","trialend","singlestim","161","167386"
"8355","Subject40","1","deathdeath","1","death","positionright","validityvalid","test","2","suicide","singlestim","163","169394","397","â€šÃ³Ã¨","77","dotpositionright","singlestim","164","169843","m","right","correct","1","","1","trialend","singlestim","165","170862"
"8652","Subject40","1","tabletable","1","table","positionright","validityvalid","test","2","neutral","singlestim","167","172870","535","â€šÃ³Ã¨","77","dotpositionright","singlestim","168","173459","m","right","correct","1","","1","trialend","singlestim","169","174473"
"8949","Subject40","1","cruelcruel","1","cruel","positionright","validityvalid","test","2","negative","singlestim","171","176481","405","â€šÃ³Ã¨","77","dotpositionright","singlestim","172","176942","m","right","correct","1","","1","trialend","singlestim","173","177955"
"9246","Subject40","1","overdoseoverdose","1","overdose","positionright","validityinvalid","test","2","suicide","singlestim","175","179964","351","â€šÃ³Ã¨","67","dotpositionleft","singlestim","176","180366","c","left","correct","1","","1","trialend","singlestim","177","181380"
"9543","Subject40","1","metermeter","1","meter","positionleft","validityvalid","test","3","neutral","singlestim","179","183388","361","â€šÃ³Ã¨","67","dotpositionleft","singlestim","180","183801","c","left","correct","1","","1","trialend","singlestim","181","184816"
"9840","Subject40","1","smilesmile","1","smile","positionleft","validityvalid","test","3","positive","singlestim","183","186824","324","â€šÃ³Ã¨","67","dotpositionleft","singlestim","184","187199","c","left","correct","1","","1","trialend","singlestim","185","188217"
"10137","Subject40","1","strongstrong","1","strong","positionleft","validityvalid","test","3","positive","singlestim","187","190225","339","â€šÃ³Ã¨","67","dotpositionleft","singlestim","188","190617","c","left","correct","1","","1","trialend","singlestim","189","191630"
"10434","Subject40","1","closetcloset","1","closet","positionright","validityinvalid","test","3","neutral","singlestim","191","193638","460","â€šÃ³Ã¨","67","dotpositionleft","singlestim","192","194151","c","left","correct","1","","1","trialend","singlestim","193","195164"
"10731","Subject40","1","rejectedrejected","1","rejected","positionright","validityvalid","test","3","negative","singlestim","195","197172","393","â€šÃ³Ã¨","77","dotpositionright","singlestim","196","197622","m","right","correct","1","","1","trialend","singlestim","197","198636"
"11028","Subject40","1","bombbomb","1","bomb","positionright","validityvalid","test","3","negative","singlestim","199","200645","453","â€šÃ³Ã¨","77","dotpositionright","singlestim","200","201151","m","right","correct","1","","1","trialend","singlestim","201","202165"
"11325","Subject40","1","assaultassault","1","assault","positionleft","validityinvalid","test","3","negative","singlestim","203","204172","386","â€šÃ³Ã¨","77","dotpositionright","singlestim","204","204612","m","right","correct","1","","1","trialend","singlestim","205","205629"
"11622","Subject40","1","touretoure","1","toure","positionleft","validityvalid","test","3","negative","singlestim","207","207638","385","â€šÃ³Ã¨","67","dotpositionleft","singlestim","208","208075","c","left","correct","1","","1","trialend","singlestim","209","209089"
"11919","Subject40","1","kisskiss","1","kiss","positionright","validityinvalid","test","3","positive","singlestim","211","211097","425","â€šÃ³Ã¨","67","dotpositionleft","singlestim","212","211577","c","left","correct","1","","1","trialend","singlestim","213","212589"
"12216","Subject40","1","dyingdying","1","dying","positionleft","validityvalid","test","3","suicide","singlestim","215","214597","379","â€šÃ³Ã¨","67","dotpositionleft","singlestim","216","215029","c","left","correct","1","","1","trialend","singlestim","217","216045"
"12513","Subject40","1","diedie","1","die","positionright","validityvalid","test","3","suicide","singlestim","219","218056","367","â€šÃ³Ã¨","77","dotpositionright","singlestim","220","218475","m","right","correct","1","","1","trialend","singlestim","221","219494"
"12810","Subject40","1","deaddead","1","dead","positionleft","validityinvalid","test","3","suicide","singlestim","223","221503","508","â€šÃ³Ã¨","77","dotpositionright","singlestim","224","222065","m","right","correct","1","","1","trialend","singlestim","225","223083"
"13107","Subject40","1","happyhappy","1","happy","positionright","validityvalid","test","3","positive","singlestim","227","225091","382","â€šÃ³Ã¨","77","dotpositionright","singlestim","228","225527","m","right","correct","1","","1","trialend","singlestim","229","226542"
"13404","Subject40","1","museummuseum","1","museum","positionleft","validityvalid","test","3","neutral","singlestim","231","228551","384","â€šÃ³Ã¨","67","dotpositionleft","singlestim","232","228989","c","left","correct","1","","1","trialend","singlestim","233","230001"
"13701","Subject40","1","cuttingcutting","1","cutting","positionright","validityvalid","test","3","suicide","singlestim","235","232012","406","â€šÃ³Ã¨","77","dotpositionright","singlestim","236","232473","m","right","correct","1","","1","trialend","singlestim","237","233490"
"13998","Subject40","1","greengreen","1","green","positionright","validityvalid","test","3","neutral","singlestim","239","235498","442","â€šÃ³Ã¨","77","dotpositionright","singlestim","240","235992","m","right","correct","1","","1","trialend","singlestim","241","237007"
"14295","Subject40","1","structurestructure","1","structure","positionright","validityvalid","test","4","neutral","singlestim","243","239016","311","â€šÃ³Ã¨","77","dotpositionright","singlestim","244","239378","m","right","correct","1","","1","trialend","singlestim","245","240395"
"14592","Subject40","1","suicidesuicide","1","suicide","positionright","validityinvalid","test","4","suicide","singlestim","247","242405","377","â€šÃ³Ã¨","67","dotpositionleft","singlestim","248","242834","c","left","correct","1","","1","trialend","singlestim","249","243850"
"14889","Subject40","1","successsuccess","1","success","positionleft","validityvalid","test","4","positive","singlestim","251","245859","346","â€šÃ³Ã¨","67","dotpositionleft","singlestim","252","246258","c","left","correct","1","","1","trialend","singlestim","253","247274"
"15186","Subject40","1","deceaseddeceased","1","deceased","positionright","validityvalid","test","4","suicide","singlestim","255","249283","647","â€šÃ³Ã¨","77","dotpositionright","singlestim","256","249982","m","right","correct","1","","1","trialend","singlestim","257","250999"
"15483","Subject40","1","ashamedashamed","1","ashamed","positionright","validityinvalid","test","4","negative","singlestim","259","253003","417","â€šÃ³Ã¨","67","dotpositionleft","singlestim","260","253472","c","left","correct","1","","1","trialend","singlestim","261","254489"
"15780","Subject40","1","alonealone","1","alone","positionleft","validityvalid","test","4","negative","singlestim","263","256497","360","â€šÃ³Ã¨","67","dotpositionleft","singlestim","264","256910","c","left","correct","1","","1","trialend","singlestim","265","257928"
"16077","Subject40","1","hanginghanging","1","hanging","positionleft","validityvalid","test","4","suicide","singlestim","267","259937","616","â€šÃ³Ã¨","67","dotpositionleft","singlestim","268","260605","c","left","correct","1","","1","trialend","singlestim","269","261617"
"16374","Subject40","1","doubledouble","1","double","positionright","validityvalid","test","4","neutral","singlestim","271","263625","342","â€šÃ³Ã¨","77","dotpositionright","singlestim","272","264019","m","right","correct","1","","1","trialend","singlestim","273","265035"
"16671","Subject40","1","laughlaugh","1","laugh","positionright","validityvalid","test","4","positive","singlestim","275","267043","573","â€šÃ³Ã¨","77","dotpositionright","singlestim","276","267668","m","right","correct","1","","1","trialend","singlestim","277","268686"
"16968","Subject40","1","engineengine","1","engine","positionleft","validityvalid","test","4","neutral","singlestim","279","270694","437","â€šÃ³Ã¨","67","dotpositionleft","singlestim","280","271183","c","left","correct","1","","1","trialend","singlestim","281","272198"
"17265","Subject40","1","passionatepassionate","1","passionate","positionleft","validityinvalid","test","4","positive","singlestim","283","274205","330","â€šÃ³Ã¨","77","dotpositionright","singlestim","284","274591","m","right","correct","1","","1","trialend","singlestim","285","275605"
"17562","Subject40","1","killingkilling","1","killing","positionleft","validityvalid","test","4","suicide","singlestim","287","277613","403","â€šÃ³Ã¨","67","dotpositionleft","singlestim","288","278071","c","left","correct","1","","1","trialend","singlestim","289","279087"
"17859","Subject40","1","frameframe","1","frame","positionleft","validityinvalid","test","4","neutral","singlestim","291","281095","425","â€šÃ³Ã¨","77","dotpositionright","singlestim","292","281573","m","right","correct","1","","1","trialend","singlestim","293","282587"
"18156","Subject40","1","stupidstupid","1","stupid","positionleft","validityvalid","test","4","negative","singlestim","295","284595","339","â€šÃ³Ã¨","67","dotpositionleft","singlestim","296","284987","c","left","correct","1","","1","trialend","singlestim","297","286006"
"18453","Subject40","1","wohlesswohless","1","wohless","positionright","validityvalid","test","4","negative","singlestim","299","288014","445","â€šÃ³Ã¨","77","dotpositionright","singlestim","300","288512","m","right","correct","1","","1","trialend","singlestim","301","289529"
"18750","Subject40","1","ecstaticecstatic","1","ecstatic","positionright","validityvalid","test","4","positive","singlestim","303","291538","372","â€šÃ³Ã¨","77","dotpositionright","singlestim","304","291962","m","right","correct","1","","1","trialend","singlestim","305","292977"
