"","SubjectID","rt","stimulus","keypress","word","wordposition","validity","block","blocknum","wordtype","trialtype","trialindex","timeelapsed","rt.1","stimulus.1","keypress.1","dotposition","trialtype.1","trialindex.1","timeelapsed.1","keypressed","participantresponse","correctresponse","rt.2","stimulus.2","keypress.2","blocktrial","trialtype.2","trialindex.2","timeelapsed.2"
"12","Subject13","1","greengreen","1","green","positionright","validityvalid","test","3","neutral","singlestim","51","94222","332","â€šÃ³Ã¨","77","dotpositionright","singlestim","52","94618","m","right","correct","1","","1","trialend","singlestim","53","95634"
"309","Subject13","1","touretoure","1","toure","positionleft","validityvalid","test","3","negative","singlestim","55","97652","306","â€šÃ³Ã¨","67","dotpositionleft","singlestim","56","98020","c","left","correct","1","","1","trialend","singlestim","57","99048"
"606","Subject13","1","closetcloset","1","closet","positionright","validityinvalid","test","3","neutral","singlestim","59","101066","336","â€šÃ³Ã¨","67","dotpositionleft","singlestim","60","101464","c","left","correct","1","","1","trialend","singlestim","61","102494"
"903","Subject13","1","cuttingcutting","1","cutting","positionright","validityvalid","test","3","suicide","singlestim","63","104512","348","â€šÃ³Ã¨","77","dotpositionright","singlestim","64","104922","m","right","correct","1","","1","trialend","singlestim","65","105940"
"1200","Subject13","1","assaultassault","1","assault","positionleft","validityinvalid","test","3","negative","singlestim","67","107958","398","â€šÃ³Ã¨","77","dotpositionright","singlestim","68","108420","m","right","correct","1","","1","trialend","singlestim","69","109448"
"1497","Subject13","1","smilesmile","1","smile","positionleft","validityvalid","test","3","positive","singlestim","71","111466","360","â€šÃ³Ã¨","67","dotpositionleft","singlestim","72","111888","c","left","correct","1","","1","trialend","singlestim","73","112910"
"1794","Subject13","1","bombbomb","1","bomb","positionright","validityvalid","test","3","negative","singlestim","75","114928","358","â€šÃ³Ã¨","77","dotpositionright","singlestim","76","115350","m","right","correct","1","","1","trialend","singlestim","77","116372"
"2091","Subject13","1","happyhappy","1","happy","positionright","validityvalid","test","3","positive","singlestim","79","118390","376","â€šÃ³Ã¨","77","dotpositionright","singlestim","80","118830","m","right","correct","1","","1","trialend","singlestim","81","119848"
"2388","Subject13","1","dyingdying","1","dying","positionleft","validityvalid","test","3","suicide","singlestim","83","121866","322","â€šÃ³Ã¨","67","dotpositionleft","singlestim","84","122254","c","left","correct","1","","1","trialend","singlestim","85","123280"
"2685","Subject13","1","museummuseum","1","museum","positionleft","validityvalid","test","3","neutral","singlestim","87","125298","316","â€šÃ³Ã¨","67","dotpositionleft","singlestim","88","125678","c","left","correct","1","","1","trialend","singlestim","89","126694"
"2982","Subject13","1","diedie","1","die","positionright","validityvalid","test","3","suicide","singlestim","91","128712","326","â€šÃ³Ã¨","77","dotpositionright","singlestim","92","129100","m","right","correct","1","","1","trialend","singlestim","93","130124"
"3279","Subject13","1","metermeter","1","meter","positionleft","validityvalid","test","3","neutral","singlestim","95","132142","302","â€šÃ³Ã¨","67","dotpositionleft","singlestim","96","132506","c","left","correct","1","","1","trialend","singlestim","97","133524"
"3576","Subject13","1","kisskiss","1","kiss","positionright","validityinvalid","test","3","positive","singlestim","99","135542","328","â€šÃ³Ã¨","67","dotpositionleft","singlestim","100","135932","c","left","correct","1","","1","trialend","singlestim","101","136954"
"3873","Subject13","1","strongstrong","1","strong","positionleft","validityvalid","test","3","positive","singlestim","103","138972","342","â€šÃ³Ã¨","67","dotpositionleft","singlestim","104","139380","c","left","correct","1","","1","trialend","singlestim","105","140400"
"4170","Subject13","1","rejectedrejected","1","rejected","positionright","validityvalid","test","3","negative","singlestim","107","142418","314","â€šÃ³Ã¨","77","dotpositionright","singlestim","108","142796","m","right","correct","1","","1","trialend","singlestim","109","143816"
"4467","Subject13","1","deaddead","1","dead","positionleft","validityinvalid","test","3","suicide","singlestim","111","145834","350","â€šÃ³Ã¨","77","dotpositionright","singlestim","112","146246","m","right","correct","1","","1","trialend","singlestim","113","147262"
"4764","Subject13","1","filthyfilthy","1","filthy","positionleft","validityinvalid","test","2","negative","singlestim","115","149280","398","â€šÃ³Ã¨","77","dotpositionright","singlestim","116","149742","m","right","correct","1","","1","trialend","singlestim","117","150770"
"5061","Subject13","1","noosenoose","1","noose","positionleft","validityvalid","test","2","suicide","singlestim","119","152788","390","â€šÃ³Ã¨","67","dotpositionleft","singlestim","120","153242","c","left","correct","1","","1","trialend","singlestim","121","154262"
"5358","Subject13","1","foamfoam","1","foam","positionright","validityvalid","test","2","neutral","singlestim","123","156280","448","â€šÃ³Ã¨","77","dotpositionright","singlestim","124","156790","m","right","correct","1","","1","trialend","singlestim","125","157816"
"5655","Subject13","1","corpsecorpse","1","corpse","positionleft","validityvalid","test","2","suicide","singlestim","127","159834","390","â€šÃ³Ã¨","67","dotpositionleft","singlestim","128","160286","c","left","correct","1","","1","trialend","singlestim","129","161310"
"5952","Subject13","1","paperpaper","1","paper","positionleft","validityvalid","test","2","neutral","singlestim","131","163328","382","â€šÃ³Ã¨","67","dotpositionleft","singlestim","132","163772","c","left","correct","1","","1","trialend","singlestim","133","164786"
"6249","Subject13","1","braverybravery","1","bravery","positionleft","validityvalid","test","2","positive","singlestim","135","166804","374","â€šÃ³Ã¨","67","dotpositionleft","singlestim","136","167242","c","left","correct","1","","1","trialend","singlestim","137","168264"
"6546","Subject13","1","pleasurepleasure","1","pleasure","positionleft","validityvalid","test","2","positive","singlestim","139","170282","318","â€šÃ³Ã¨","67","dotpositionleft","singlestim","140","170662","c","left","correct","1","","1","trialend","singlestim","141","171678"
"6843","Subject13","1","failurefailure","1","failure","positionleft","validityvalid","test","2","negative","singlestim","143","173696","342","â€šÃ³Ã¨","67","dotpositionleft","singlestim","144","174100","c","left","correct","1","","1","trialend","singlestim","145","175124"
"7140","Subject13","1","deathdeath","1","death","positionright","validityvalid","test","2","suicide","singlestim","147","177142","308","â€šÃ³Ã¨","77","dotpositionright","singlestim","148","177514","m","right","correct","1","","1","trialend","singlestim","149","178540"
"7437","Subject13","1","abuseabuse","1","abuse","positionright","validityvalid","test","2","negative","singlestim","151","180558","332","â€šÃ³Ã¨","77","dotpositionright","singlestim","152","180954","m","right","correct","1","","1","trialend","singlestim","153","181970"
"7734","Subject13","1","enthusiasmenthusiasm","1","enthusiasm","positionright","validityvalid","test","2","positive","singlestim","155","183986","340","â€šÃ³Ã¨","77","dotpositionright","singlestim","156","184392","m","right","correct","1","","1","trialend","singlestim","157","185414"
"8031","Subject13","1","horsehorse","1","horse","positionleft","validityinvalid","test","2","neutral","singlestim","159","187432","414","â€šÃ³Ã¨","77","dotpositionright","singlestim","160","187910","m","right","correct","1","","1","trialend","singlestim","161","188938"
"8328","Subject13","1","cruelcruel","1","cruel","positionright","validityvalid","test","2","negative","singlestim","163","190956","358","â€šÃ³Ã¨","77","dotpositionright","singlestim","164","191376","m","right","correct","1","","1","trialend","singlestim","165","192400"
"8625","Subject13","1","lovelove","1","love","positionright","validityinvalid","test","2","positive","singlestim","167","194418","310","â€šÃ³Ã¨","67","dotpositionleft","singlestim","168","194792","c","left","correct","1","","1","trialend","singlestim","169","195814"
"8922","Subject13","1","overdoseoverdose","1","overdose","positionright","validityinvalid","test","2","suicide","singlestim","171","197832","292","â€šÃ³Ã¨","67","dotpositionleft","singlestim","172","198188","c","left","correct","1","","1","trialend","singlestim","173","199214"
"9219","Subject13","1","tabletable","1","table","positionright","validityvalid","test","2","neutral","singlestim","175","201232","320","â€šÃ³Ã¨","77","dotpositionright","singlestim","176","201614","m","right","correct","1","","1","trialend","singlestim","177","202628"
"9516","Subject13","1","hatehate","1","hate","positionright","validityinvalid","test","1","negative","singlestim","179","204646","368","â€šÃ³Ã¨","67","dotpositionleft","singlestim","180","205076","c","left","correct","1","","1","trialend","singlestim","181","206090"
"9813","Subject13","1","healthyhealthy","1","healthy","positionleft","validityinvalid","test","1","positive","singlestim","183","208108","504","â€šÃ³Ã¨","77","dotpositionright","singlestim","184","208674","m","right","correct","1","","1","trialend","singlestim","185","209692"
"10110","Subject13","1","paradiseparadise","1","paradise","positionleft","validityvalid","test","1","positive","singlestim","187","211710","374","â€šÃ³Ã¨","67","dotpositionleft","singlestim","188","212156","c","left","correct","1","","1","trialend","singlestim","189","213184"
"10407","Subject13","1","funeralfuneral","1","funeral","positionright","validityvalid","test","1","suicide","singlestim","191","215202","1","â€šÃ³Ã¨","1","dotpositionright","singlestim","192","217266","","incorrect","1","","1","trialend","singlestim","193","218292","1020150"
"10704","Subject13","cryingcrying","1","crying","positionright","validityvalid","test","1","negative","singlestim","195","220312","1020170","â€šÃ³Ã¨","77","dotpositionright","singlestim","196","220694","1020180","right","correct","1","","1","trialend","singlestim","197","221722","1020190"
"11001","Subject13","attractionattraction","1","attraction","positionright","validityvalid","test","1","positive","singlestim","199","223740","1020210","â€šÃ³Ã¨","77","dotpositionright","singlestim","200","224100","1020220","right","correct","1","","1","trialend","singlestim","201","225120","1020230"
"11298","Subject13","foldedfolded","1","folded","positionleft","validityvalid","test","1","neutral","singlestim","203","227138","1020250","â€šÃ³Ã¨","67","dotpositionleft","singlestim","204","227498","1020260","left","correct","1","","1","trialend","singlestim","205","228520","1020270"
"11595","Subject13","bloodblood","1","blood","positionleft","validityvalid","test","1","suicide","singlestim","207","230538","1020290","â€šÃ³Ã¨","67","dotpositionleft","singlestim","208","230900","1020300","left","correct","1","","1","trialend","singlestim","209","231920","1020310"
"11892","Subject13","gunshotgunshot","1","gunshot","positionright","validityvalid","test","1","suicide","singlestim","211","233938","1020330","â€šÃ³Ã¨","77","dotpositionright","singlestim","212","234320","1020340","right","correct","1","","1","trialend","singlestim","213","235334","1020350"
"12189","Subject13","greatgreat","1","great","positionright","validityvalid","test","1","positive","singlestim","215","237352","1020370","â€šÃ³Ã¨","77","dotpositionright","singlestim","216","237846","1020380","right","correct","1","","1","trialend","singlestim","217","238874","1020390"
"12486","Subject13","statuestatue","1","statue","positionright","validityinvalid","test","1","neutral","singlestim","219","240892","1020410","â€šÃ³Ã¨","67","dotpositionleft","singlestim","220","241294","1020420","left","correct","1","","1","trialend","singlestim","221","242320","1020430"
"12783","Subject13","cheesecheese","1","cheese","positionright","validityvalid","test","1","neutral","singlestim","223","244338","1020450","â€šÃ³Ã¨","77","dotpositionright","singlestim","224","244690","1020460","right","correct","1","","1","trialend","singlestim","225","245704","1020470"
"13080","Subject13","suffocationsuffocation","1","suffocation","positionleft","validityinvalid","test","1","suicide","singlestim","227","247722","1020490","â€šÃ³Ã¨","77","dotpositionright","singlestim","228","248112","1020500","right","correct","1","","1","trialend","singlestim","229","249134","1020510"
"13377","Subject13","patheticpathetic","1","pathetic","positionleft","validityvalid","test","1","negative","singlestim","231","251152","1020530","â€šÃ³Ã¨","67","dotpositionleft","singlestim","232","251558","1020540","left","correct","1","","1","trialend","singlestim","233","252580","1020550"
"13674","Subject13","vomitvomit","1","vomit","positionleft","validityvalid","test","1","negative","singlestim","235","254598","1020570","â€šÃ³Ã¨","67","dotpositionleft","singlestim","236","255130","1020580","left","correct","1","","1","trialend","singlestim","237","256150","1020590"
"13971","Subject13","imageimage","1","image","positionleft","validityvalid","test","1","neutral","singlestim","239","258168","1020610","â€šÃ³Ã¨","67","dotpositionleft","singlestim","240","258556","1020620","left","correct","1","","1","trialend","singlestim","241","259580","1020630"
"14268","Subject13","engineengine","1","engine","positionleft","validityvalid","test","4","neutral","singlestim","243","261598","103010","â€šÃ³Ã¨","67","dotpositionleft","singlestim","244","262000","103020","left","correct","1","","1","trialend","singlestim","245","263026","103030"
"14565","Subject13","alonealone","1","alone","positionleft","validityvalid","test","4","negative","singlestim","247","265044","103050","â€šÃ³Ã¨","67","dotpositionleft","singlestim","248","265422","103060","left","correct","1","","1","trialend","singlestim","249","266442","103070"
"14862","Subject13","laughlaugh","1","laugh","positionright","validityvalid","test","4","positive","singlestim","251","268460","103090","â€šÃ³Ã¨","77","dotpositionright","singlestim","252","268776","1030100","right","correct","1","","1","trialend","singlestim","253","269794","1030110"
"15159","Subject13","stupidstupid","1","stupid","positionleft","validityvalid","test","4","negative","singlestim","255","271812","1030130","â€šÃ³Ã¨","67","dotpositionleft","singlestim","256","272178","1030140","left","correct","1","","1","trialend","singlestim","257","273194","1030150"
"15456","Subject13","passionatepassionate","1","passionate","positionleft","validityinvalid","test","4","positive","singlestim","259","275212","1030170","â€šÃ³Ã¨","77","dotpositionright","singlestim","260","275824","1030180","right","correct","1","","1","trialend","singlestim","261","276842","1030190"
"15753","Subject13","hanginghanging","1","hanging","positionleft","validityvalid","test","4","suicide","singlestim","263","278860","1030210","â€šÃ³Ã¨","67","dotpositionleft","singlestim","264","279224","1030220","left","correct","1","","1","trialend","singlestim","265","280240","1030230"
"16050","Subject13","doubledouble","1","double","positionright","validityvalid","test","4","neutral","singlestim","267","282258","1030250","â€šÃ³Ã¨","77","dotpositionright","singlestim","268","282630","1030260","right","correct","1","","1","trialend","singlestim","269","283656","1030270"
"16347","Subject13","killingkilling","1","killing","positionleft","validityvalid","test","4","suicide","singlestim","271","285674","1030290","â€šÃ³Ã¨","67","dotpositionleft","singlestim","272","286048","1030300","left","correct","1","","1","trialend","singlestim","273","287070","1030310"
"16644","Subject13","ashamedashamed","1","ashamed","positionright","validityinvalid","test","4","negative","singlestim","275","289088","1030330","â€šÃ³Ã¨","67","dotpositionleft","singlestim","276","289472","1030340","left","correct","1","","1","trialend","singlestim","277","290486","1030350"
"16941","Subject13","structurestructure","1","structure","positionright","validityvalid","test","4","neutral","singlestim","279","292504","1030370","â€šÃ³Ã¨","77","dotpositionright","singlestim","280","292910","1030380","right","correct","1","","1","trialend","singlestim","281","293932","1030390"
"17238","Subject13","ecstaticecstatic","1","ecstatic","positionright","validityvalid","test","4","positive","singlestim","283","295950","1030410","â€šÃ³Ã¨","77","dotpositionright","singlestim","284","296708","1030420","right","correct","1","","1","trialend","singlestim","285","297734","1030430"
"17535","Subject13","successsuccess","1","success","positionleft","validityvalid","test","4","positive","singlestim","287","299754","1030450","â€šÃ³Ã¨","67","dotpositionleft","singlestim","288","300134","1030460","left","correct","1","","1","trialend","singlestim","289","301150","1030470"
"17832","Subject13","deceaseddeceased","1","deceased","positionright","validityvalid","test","4","suicide","singlestim","291","303168","1030490","â€šÃ³Ã¨","77","dotpositionright","singlestim","292","303658","1030500","right","correct","1","","1","trialend","singlestim","293","304674","1030510"
"18129","Subject13","suicidesuicide","1","suicide","positionright","validityinvalid","test","4","suicide","singlestim","295","306692","1030530","â€šÃ³Ã¨","67","dotpositionleft","singlestim","296","307054","1030540","left","correct","1","","1","trialend","singlestim","297","308072","1030550"
"18426","Subject13","wohlesswohless","1","wohless","positionright","validityvalid","test","4","negative","singlestim","299","310090","1030570","â€šÃ³Ã¨","77","dotpositionright","singlestim","300","310464","1030580","right","correct","1","","1","trialend","singlestim","301","311488","1030590"
"18723","Subject13","frameframe","1","frame","positionleft","validityinvalid","test","4","neutral","singlestim","303","313506","1030610","â€šÃ³Ã¨","77","dotpositionright","singlestim","304","313966","1030620","right","correct","1","","1","trialend","singlestim","305","314980","1030630"
