"","SubjectID","rt","stimulus","keypress","word","wordposition","validity","block","blocknum","wordtype","trialtype","trialindex","timeelapsed","rt.1","stimulus.1","keypress.1","dotposition","trialtype.1","trialindex.1","timeelapsed.1","keypressed","participantresponse","correctresponse","rt.2","stimulus.2","keypress.2","blocktrial","trialtype.2","trialindex.2","timeelapsed.2"
"253","Subject287","1","dyingdying","1","dying","positionleft","validityvalid","test","3","suicide","singlestim","51","114972","383","â€šÃ³Ã¨","67","dotpositionleft","singlestim","52","115408","c","left","correct","1","","1","trialend","singlestim","53","116423"
"550","Subject287","1","deaddead","1","dead","positionleft","validityinvalid","test","3","suicide","singlestim","55","118431","244","â€šÃ³Ã¨","77","dotpositionright","singlestim","56","118728","m","right","correct","1","","1","trialend","singlestim","57","119744"
"847","Subject287","1","greengreen","1","green","positionright","validityvalid","test","3","neutral","singlestim","59","121751","405","â€šÃ³Ã¨","77","dotpositionright","singlestim","60","122209","m","right","correct","1","","1","trialend","singlestim","61","123226"
"1144","Subject287","1","museummuseum","1","museum","positionleft","validityvalid","test","3","neutral","singlestim","63","125234","223","â€šÃ³Ã¨","67","dotpositionleft","singlestim","64","125509","c","left","correct","1","","1","trialend","singlestim","65","126528"
"1441","Subject287","1","smilesmile","1","smile","positionleft","validityvalid","test","3","positive","singlestim","67","128537","273","â€šÃ³Ã¨","67","dotpositionleft","singlestim","68","128861","c","left","correct","1","","1","trialend","singlestim","69","129878"
"1738","Subject287","1","diedie","1","die","positionright","validityvalid","test","3","suicide","singlestim","71","131886","251","â€šÃ³Ã¨","77","dotpositionright","singlestim","72","132188","m","right","correct","1","","1","trialend","singlestim","73","133209"
"2035","Subject287","1","metermeter","1","meter","positionleft","validityvalid","test","3","neutral","singlestim","75","135217","289","â€šÃ³Ã¨","67","dotpositionleft","singlestim","76","135559","c","left","correct","1","","1","trialend","singlestim","77","136575"
"2332","Subject287","1","assaultassault","1","assault","positionleft","validityinvalid","test","3","negative","singlestim","79","138583","541","â€šÃ³Ã¨","77","dotpositionright","singlestim","80","139176","m","right","correct","1","","1","trialend","singlestim","81","140192"
"2629","Subject287","1","closetcloset","1","closet","positionright","validityinvalid","test","3","neutral","singlestim","83","142202","330","â€šÃ³Ã¨","67","dotpositionleft","singlestim","84","142587","c","left","correct","1","","1","trialend","singlestim","85","143604"
"2926","Subject287","1","rejectedrejected","1","rejected","positionright","validityvalid","test","3","negative","singlestim","87","145612","520","â€šÃ³Ã¨","77","dotpositionright","singlestim","88","146188","m","right","correct","1","","1","trialend","singlestim","89","147203"
"3223","Subject287","1","happyhappy","1","happy","positionright","validityvalid","test","3","positive","singlestim","91","149211","256","â€šÃ³Ã¨","77","dotpositionright","singlestim","92","149520","m","right","correct","1","","1","trialend","singlestim","93","150534"
"3520","Subject287","1","touretoure","1","toure","positionleft","validityvalid","test","3","negative","singlestim","95","152543","276","â€šÃ³Ã¨","67","dotpositionleft","singlestim","96","152872","c","left","correct","1","","1","trialend","singlestim","97","153890"
"3817","Subject287","1","cuttingcutting","1","cutting","positionright","validityvalid","test","3","suicide","singlestim","99","155898","186","â€šÃ³Ã¨","77","dotpositionright","singlestim","100","156136","m","right","correct","1","","1","trialend","singlestim","101","157149"
"4114","Subject287","1","strongstrong","1","strong","positionleft","validityvalid","test","3","positive","singlestim","103","159155","293","â€šÃ³Ã¨","67","dotpositionleft","singlestim","104","159500","c","left","correct","1","","1","trialend","singlestim","105","160518"
"4411","Subject287","1","kisskiss","1","kiss","positionright","validityinvalid","test","3","positive","singlestim","107","162526","367","â€šÃ³Ã¨","67","dotpositionleft","singlestim","108","162947","c","left","correct","1","","1","trialend","singlestim","109","163965"
"4708","Subject287","1","bombbomb","1","bomb","positionright","validityvalid","test","3","negative","singlestim","111","165973","329","â€šÃ³Ã¨","77","dotpositionright","singlestim","112","166355","m","right","correct","1","","1","trialend","singlestim","113","167372"
"5005","Subject287","1","hanginghanging","1","hanging","positionleft","validityvalid","test","4","suicide","singlestim","115","169381","238","â€šÃ³Ã¨","67","dotpositionleft","singlestim","116","169671","c","left","correct","1","","1","trialend","singlestim","117","170687"
"5302","Subject287","1","deceaseddeceased","1","deceased","positionright","validityvalid","test","4","suicide","singlestim","119","172695","296","â€šÃ³Ã¨","77","dotpositionright","singlestim","120","173043","m","right","correct","1","","1","trialend","singlestim","121","174059"
"5599","Subject287","1","stupidstupid","1","stupid","positionleft","validityvalid","test","4","negative","singlestim","123","176067","415","â€šÃ³Ã¨","67","dotpositionleft","singlestim","124","176534","c","left","correct","1","","1","trialend","singlestim","125","177547"
"5896","Subject287","1","doubledouble","1","double","positionright","validityvalid","test","4","neutral","singlestim","127","179555","257","â€šÃ³Ã¨","77","dotpositionright","singlestim","128","179866","m","right","correct","1","","1","trialend","singlestim","129","180884"
"6193","Subject287","1","wohlesswohless","1","wohless","positionright","validityvalid","test","4","negative","singlestim","131","182893","310","â€šÃ³Ã¨","77","dotpositionright","singlestim","132","183255","m","right","correct","1","","1","trialend","singlestim","133","184268"
"6490","Subject287","1","laughlaugh","1","laugh","positionright","validityvalid","test","4","positive","singlestim","135","186277","283","â€šÃ³Ã¨","77","dotpositionright","singlestim","136","186612","m","right","correct","1","","1","trialend","singlestim","137","187629"
"6787","Subject287","1","passionatepassionate","1","passionate","positionleft","validityinvalid","test","4","positive","singlestim","139","189637","279","â€šÃ³Ã¨","77","dotpositionright","singlestim","140","189968","m","right","correct","1","","1","trialend","singlestim","141","190983"
"7084","Subject287","1","suicidesuicide","1","suicide","positionright","validityinvalid","test","4","suicide","singlestim","143","192991","264","â€šÃ³Ã¨","67","dotpositionleft","singlestim","144","193309","c","left","correct","1","","1","trialend","singlestim","145","194325"
"7381","Subject287","1","engineengine","1","engine","positionleft","validityvalid","test","4","neutral","singlestim","147","196335","231","â€šÃ³Ã¨","67","dotpositionleft","singlestim","148","196620","c","left","correct","1","","1","trialend","singlestim","149","197635"
"7678","Subject287","1","alonealone","1","alone","positionleft","validityvalid","test","4","negative","singlestim","151","199644","220","â€šÃ³Ã¨","67","dotpositionleft","singlestim","152","199916","c","left","correct","1","","1","trialend","singlestim","153","200932"
"7975","Subject287","1","killingkilling","1","killing","positionleft","validityvalid","test","4","suicide","singlestim","155","202940","296","â€šÃ³Ã¨","67","dotpositionleft","singlestim","156","203288","c","left","correct","1","","1","trialend","singlestim","157","204304"
"8272","Subject287","1","ecstaticecstatic","1","ecstatic","positionright","validityvalid","test","4","positive","singlestim","159","206312","364","â€šÃ³Ã¨","77","dotpositionright","singlestim","160","206729","m","right","correct","1","","1","trialend","singlestim","161","207746"
"8569","Subject287","1","structurestructure","1","structure","positionright","validityvalid","test","4","neutral","singlestim","163","209754","242","â€šÃ³Ã¨","77","dotpositionright","singlestim","164","210048","m","right","correct","1","","1","trialend","singlestim","165","211066"
"8866","Subject287","1","successsuccess","1","success","positionleft","validityvalid","test","4","positive","singlestim","167","213074","457","â€šÃ³Ã¨","67","dotpositionleft","singlestim","168","213585","c","left","correct","1","","1","trialend","singlestim","169","214600"
"9163","Subject287","1","ashamedashamed","1","ashamed","positionright","validityinvalid","test","4","negative","singlestim","171","216608","183","â€šÃ³Ã¨","77","dotpositionleft","singlestim","172","216844","m","right","incorrect","1","","1","trialend","singlestim","173","217859"
"9460","Subject287","1","frameframe","1","frame","positionleft","validityinvalid","test","4","neutral","singlestim","175","219865","413","â€šÃ³Ã¨","77","dotpositionright","singlestim","176","220331","m","right","correct","1","","1","trialend","singlestim","177","221345"
"9757","Subject287","382","vomitvomit","67","vomit","positionleft","validityvalid","test","1","negative","singlestim","179","223353","258","â€šÃ³Ã¨","67","dotpositionleft","singlestim","180","223663","c","left","correct","1","","1","trialend","singlestim","181","224676"
"10054","Subject287","1","greatgreat","1","great","positionright","validityvalid","test","1","positive","singlestim","183","226685","289","â€šÃ³Ã¨","77","dotpositionright","singlestim","184","227027","m","right","correct","1","","1","trialend","singlestim","185","228044"
"10351","Subject287","1","hatehate","1","hate","positionright","validityinvalid","test","1","negative","singlestim","187","230052","308","â€šÃ³Ã¨","67","dotpositionleft","singlestim","188","230412","c","left","correct","1","","1","trialend","singlestim","189","231427"
"10648","Subject287","1","statuestatue","1","statue","positionright","validityinvalid","test","1","neutral","singlestim","191","233436","440","â€šÃ³Ã¨","67","dotpositionleft","singlestim","192","233928","c","left","correct","1","","1","trialend","singlestim","193","234943"
"10945","Subject287","1","attractionattraction","1","attraction","positionright","validityvalid","test","1","positive","singlestim","195","236952","422","â€šÃ³Ã¨","77","dotpositionright","singlestim","196","237427","m","right","correct","1","","1","trialend","singlestim","197","238442"
"11242","Subject287","1","cryingcrying","1","crying","positionright","validityvalid","test","1","negative","singlestim","199","240453","320","â€šÃ³Ã¨","77","dotpositionright","singlestim","200","240826","m","right","correct","1","","1","trialend","singlestim","201","241840"
"11539","Subject287","1","funeralfuneral","1","funeral","positionright","validityvalid","test","1","suicide","singlestim","203","243848","305","â€šÃ³Ã¨","77","dotpositionright","singlestim","204","244205","m","right","correct","1","","1","trialend","singlestim","205","245218"
"11836","Subject287","1","healthyhealthy","1","healthy","positionleft","validityinvalid","test","1","positive","singlestim","207","247227","242","â€šÃ³Ã¨","77","dotpositionright","singlestim","208","247521","m","right","correct","1","","1","trialend","singlestim","209","248537"
"12133","Subject287","1","patheticpathetic","1","pathetic","positionleft","validityvalid","test","1","negative","singlestim","211","250546","259","â€šÃ³Ã¨","67","dotpositionleft","singlestim","212","250857","c","left","correct","1","","1","trialend","singlestim","213","251876"
"12430","Subject287","1","gunshotgunshot","1","gunshot","positionright","validityvalid","test","1","suicide","singlestim","215","253884","277","â€šÃ³Ã¨","77","dotpositionright","singlestim","216","254214","m","right","correct","1","","1","trialend","singlestim","217","255229"
"12727","Subject287","1","foldedfolded","1","folded","positionleft","validityvalid","test","1","neutral","singlestim","219","257238","312","â€šÃ³Ã¨","67","dotpositionleft","singlestim","220","257605","c","left","correct","1","","1","trialend","singlestim","221","258620"
"13024","Subject287","1","imageimage","1","image","positionleft","validityvalid","test","1","neutral","singlestim","223","260628","340","â€šÃ³Ã¨","67","dotpositionleft","singlestim","224","261021","c","left","correct","1","","1","trialend","singlestim","225","262038"
"13321","Subject287","1","suffocationsuffocation","1","suffocation","positionleft","validityinvalid","test","1","suicide","singlestim","227","264047","274","â€šÃ³Ã¨","77","dotpositionright","singlestim","228","264377","m","right","correct","1","","1","trialend","singlestim","229","265393"
"13618","Subject287","1","paradiseparadise","1","paradise","positionleft","validityvalid","test","1","positive","singlestim","231","267402","419","â€šÃ³Ã¨","67","dotpositionleft","singlestim","232","267874","c","left","correct","1","","1","trialend","singlestim","233","268887"
"13915","Subject287","1","cheesecheese","1","cheese","positionright","validityvalid","test","1","neutral","singlestim","235","270896","317","â€šÃ³Ã¨","77","dotpositionright","singlestim","236","271265","m","right","correct","1","","1","trialend","singlestim","237","272283"
"14212","Subject287","1","bloodblood","1","blood","positionleft","validityvalid","test","1","suicide","singlestim","239","274292","314","â€šÃ³Ã¨","67","dotpositionleft","singlestim","240","274657","c","left","correct","1","","1","trialend","singlestim","241","275673"
"14509","Subject287","1","filthyfilthy","1","filthy","positionleft","validityinvalid","test","2","negative","singlestim","243","277681","293","â€šÃ³Ã¨","77","dotpositionright","singlestim","244","278026","m","right","correct","1","","1","trialend","singlestim","245","279045"
"14806","Subject287","1","paperpaper","1","paper","positionleft","validityvalid","test","2","neutral","singlestim","247","281052","342","â€šÃ³Ã¨","67","dotpositionleft","singlestim","248","281447","c","left","correct","1","","1","trialend","singlestim","249","282464"
"15103","Subject287","1","noosenoose","1","noose","positionleft","validityvalid","test","2","suicide","singlestim","251","284472","443","â€šÃ³Ã¨","67","dotpositionleft","singlestim","252","284968","c","left","correct","1","","1","trialend","singlestim","253","285985"
"15400","Subject287","1","corpsecorpse","1","corpse","positionleft","validityvalid","test","2","suicide","singlestim","255","287995","283","â€šÃ³Ã¨","67","dotpositionleft","singlestim","256","288330","c","left","correct","1","","1","trialend","singlestim","257","289347"
"15697","Subject287","1","abuseabuse","1","abuse","positionright","validityvalid","test","2","negative","singlestim","259","291356","346","â€šÃ³Ã¨","77","dotpositionright","singlestim","260","291752","m","right","correct","1","","1","trialend","singlestim","261","292766"
"15994","Subject287","1","tabletable","1","table","positionright","validityvalid","test","2","neutral","singlestim","263","294774","275","â€šÃ³Ã¨","77","dotpositionright","singlestim","264","295101","m","right","correct","1","","1","trialend","singlestim","265","296114"
"16291","Subject287","1","lovelove","1","love","positionright","validityinvalid","test","2","positive","singlestim","267","298123","370","â€šÃ³Ã¨","67","dotpositionleft","singlestim","268","298546","c","left","correct","1","","1","trialend","singlestim","269","299563"
"16588","Subject287","1","foamfoam","1","foam","positionright","validityvalid","test","2","neutral","singlestim","271","301570","328","â€šÃ³Ã¨","77","dotpositionright","singlestim","272","301952","m","right","correct","1","","1","trialend","singlestim","273","302969"
"16885","Subject287","1","cruelcruel","1","cruel","positionright","validityvalid","test","2","negative","singlestim","275","304977","386","â€šÃ³Ã¨","77","dotpositionright","singlestim","276","305416","m","right","correct","1","","1","trialend","singlestim","277","306431"
"17182","Subject287","1","enthusiasmenthusiasm","1","enthusiasm","positionright","validityvalid","test","2","positive","singlestim","279","308437","390","â€šÃ³Ã¨","77","dotpositionright","singlestim","280","308880","m","right","correct","1","","1","trialend","singlestim","281","309894"
"17479","Subject287","1","horsehorse","1","horse","positionleft","validityinvalid","test","2","neutral","singlestim","283","311902","312","â€šÃ³Ã¨","67","dotpositionright","singlestim","284","312266","c","left","incorrect","37","","77","trialend","singlestim","285","313278"
"17776","Subject287","1","deathdeath","1","death","positionright","validityvalid","test","2","suicide","singlestim","287","315286","268","â€šÃ³Ã¨","77","dotpositionright","singlestim","288","315607","m","right","correct","1","","1","trialend","singlestim","289","316621"
"18073","Subject287","1","braverybravery","1","bravery","positionleft","validityvalid","test","2","positive","singlestim","291","318629","338","â€šÃ³Ã¨","67","dotpositionleft","singlestim","292","319019","c","left","correct","1","","1","trialend","singlestim","293","320033"
"18370","Subject287","1","overdoseoverdose","1","overdose","positionright","validityinvalid","test","2","suicide","singlestim","295","322042","353","â€šÃ³Ã¨","67","dotpositionleft","singlestim","296","322448","c","left","correct","1","","1","trialend","singlestim","297","323464"
"18667","Subject287","1","failurefailure","1","failure","positionleft","validityvalid","test","2","negative","singlestim","299","325472","326","â€šÃ³Ã¨","67","dotpositionleft","singlestim","300","325850","c","left","correct","1","","1","trialend","singlestim","301","326865"
"18964","Subject287","1","pleasurepleasure","1","pleasure","positionleft","validityvalid","test","2","positive","singlestim","303","328873","297","â€šÃ³Ã¨","67","dotpositionleft","singlestim","304","329223","c","left","correct","1","","1","trialend","singlestim","305","330238"
