"","SubjectID","rt","stimulus","keypress","word","wordposition","validity","block","blocknum","wordtype","trialtype","trialindex","timeelapsed","rt.1","stimulus.1","keypress.1","dotposition","trialtype.1","trialindex.1","timeelapsed.1","keypressed","participantresponse","correctresponse","rt.2","stimulus.2","keypress.2","blocktrial","trialtype.2","trialindex.2","timeelapsed.2"
"286","Subject322","1","bombbomb","1","bomb","positionright","validityvalid","test","3","negative","singlestim","51","134332","434","â€šÃ³Ã¨","77","dotpositionright","singlestim","52","134818","m","right","correct","1","","1","trialend","singlestim","53","135834"
"583","Subject322","1","dyingdying","1","dying","positionleft","validityvalid","test","3","suicide","singlestim","55","137838","364","â€šÃ³Ã¨","67","dotpositionleft","singlestim","56","138254","c","left","correct","1","","1","trialend","singlestim","57","139268"
"880","Subject322","1","smilesmile","1","smile","positionleft","validityvalid","test","3","positive","singlestim","59","141272","330","â€šÃ³Ã¨","67","dotpositionleft","singlestim","60","141654","c","left","correct","1","","1","trialend","singlestim","61","142670"
"1177","Subject322","1","strongstrong","1","strong","positionleft","validityvalid","test","3","positive","singlestim","63","144674","308","â€šÃ³Ã¨","67","dotpositionleft","singlestim","64","145034","c","left","correct","1","","1","trialend","singlestim","65","146048"
"1474","Subject322","1","assaultassault","1","assault","positionleft","validityinvalid","test","3","negative","singlestim","67","148054","328","â€šÃ³Ã¨","77","dotpositionright","singlestim","68","148436","m","right","correct","1","","1","trialend","singlestim","69","149448"
"1771","Subject322","1","diedie","1","die","positionright","validityvalid","test","3","suicide","singlestim","71","151452","312","â€šÃ³Ã¨","77","dotpositionright","singlestim","72","151816","m","right","correct","1","","1","trialend","singlestim","73","152830"
"2068","Subject322","1","museummuseum","1","museum","positionleft","validityvalid","test","3","neutral","singlestim","75","154836","362","â€šÃ³Ã¨","67","dotpositionleft","singlestim","76","155250","c","left","correct","1","","1","trialend","singlestim","77","156266"
"2365","Subject322","1","happyhappy","1","happy","positionright","validityvalid","test","3","positive","singlestim","79","158270","438","â€šÃ³Ã¨","77","dotpositionright","singlestim","80","158760","m","right","correct","1","","1","trialend","singlestim","81","159774"
"2662","Subject322","1","kisskiss","1","kiss","positionright","validityinvalid","test","3","positive","singlestim","83","161778","318","â€šÃ³Ã¨","67","dotpositionleft","singlestim","84","162150","c","left","correct","1","","1","trialend","singlestim","85","163164"
"2959","Subject322","1","metermeter","1","meter","positionleft","validityvalid","test","3","neutral","singlestim","87","165170","418","â€šÃ³Ã¨","67","dotpositionleft","singlestim","88","165640","c","left","correct","1","","1","trialend","singlestim","89","166654"
"3256","Subject322","1","deaddead","1","dead","positionleft","validityinvalid","test","3","suicide","singlestim","91","168658","384","â€šÃ³Ã¨","77","dotpositionright","singlestim","92","169092","m","right","correct","1","","1","trialend","singlestim","93","170104"
"3553","Subject322","1","touretoure","1","toure","positionleft","validityvalid","test","3","negative","singlestim","95","172108","290","â€šÃ³Ã¨","67","dotpositionleft","singlestim","96","172450","c","left","correct","1","","1","trialend","singlestim","97","173464"
"3850","Subject322","1","greengreen","1","green","positionright","validityvalid","test","3","neutral","singlestim","99","175468","258","â€šÃ³Ã¨","77","dotpositionright","singlestim","100","175778","m","right","correct","1","","1","trialend","singlestim","101","176790"
"4147","Subject322","1","cuttingcutting","1","cutting","positionright","validityvalid","test","3","suicide","singlestim","103","178798","348","â€šÃ³Ã¨","77","dotpositionright","singlestim","104","179198","m","right","correct","1","","1","trialend","singlestim","105","180212"
"4444","Subject322","1","rejectedrejected","1","rejected","positionright","validityvalid","test","3","negative","singlestim","107","182216","312","â€šÃ³Ã¨","77","dotpositionright","singlestim","108","182580","m","right","correct","1","","1","trialend","singlestim","109","183592"
"4741","Subject322","1","closetcloset","1","closet","positionright","validityinvalid","test","3","neutral","singlestim","111","185598","306","â€šÃ³Ã¨","67","dotpositionleft","singlestim","112","185954","c","left","correct","1","","1","trialend","singlestim","113","186968"
"5038","Subject322","1","gunshotgunshot","1","gunshot","positionright","validityvalid","test","1","suicide","singlestim","115","188972","424","â€šÃ³Ã¨","77","dotpositionright","singlestim","116","189448","m","right","correct","1","","1","trialend","singlestim","117","190460"
"5335","Subject322","1","greatgreat","1","great","positionright","validityvalid","test","1","positive","singlestim","119","192464","300","â€šÃ³Ã¨","77","dotpositionright","singlestim","120","192818","m","right","correct","1","","1","trialend","singlestim","121","193830"
"5632","Subject322","1","healthyhealthy","1","healthy","positionleft","validityinvalid","test","1","positive","singlestim","123","195834","322","â€šÃ³Ã¨","77","dotpositionright","singlestim","124","196208","m","right","correct","1","","1","trialend","singlestim","125","197222"
"5929","Subject322","1","cryingcrying","1","crying","positionright","validityvalid","test","1","negative","singlestim","127","199226","332","â€šÃ³Ã¨","77","dotpositionright","singlestim","128","199616","m","right","correct","1","","1","trialend","singlestim","129","200628"
"6226","Subject322","1","attractionattraction","1","attraction","positionright","validityvalid","test","1","positive","singlestim","131","202634","336","â€šÃ³Ã¨","77","dotpositionright","singlestim","132","203020","m","right","correct","1","","1","trialend","singlestim","133","204034"
"6523","Subject322","1","bloodblood","1","blood","positionleft","validityvalid","test","1","suicide","singlestim","135","206038","348","â€šÃ³Ã¨","67","dotpositionleft","singlestim","136","206440","c","left","correct","1","","1","trialend","singlestim","137","207456"
"6820","Subject322","1","funeralfuneral","1","funeral","positionright","validityvalid","test","1","suicide","singlestim","139","209460","362","â€šÃ³Ã¨","77","dotpositionright","singlestim","140","209874","m","right","correct","1","","1","trialend","singlestim","141","210886"
"7117","Subject322","1","patheticpathetic","1","pathetic","positionleft","validityvalid","test","1","negative","singlestim","143","212890","278","â€šÃ³Ã¨","67","dotpositionleft","singlestim","144","213220","c","left","correct","1","","1","trialend","singlestim","145","214232"
"7414","Subject322","1","paradiseparadise","1","paradise","positionleft","validityvalid","test","1","positive","singlestim","147","216238","342","â€šÃ³Ã¨","67","dotpositionleft","singlestim","148","216632","c","left","correct","1","","1","trialend","singlestim","149","217646"
"7711","Subject322","1","hatehate","1","hate","positionright","validityinvalid","test","1","negative","singlestim","151","219650","324","â€šÃ³Ã¨","67","dotpositionleft","singlestim","152","220026","c","left","correct","1","","1","trialend","singlestim","153","221044"
"8008","Subject322","1","foldedfolded","1","folded","positionleft","validityvalid","test","1","neutral","singlestim","155","223046","342","â€šÃ³Ã¨","67","dotpositionleft","singlestim","156","223442","c","left","correct","1","","1","trialend","singlestim","157","224454"
"8305","Subject322","1","imageimage","1","image","positionleft","validityvalid","test","1","neutral","singlestim","159","226470","354","â€šÃ³Ã¨","67","dotpositionleft","singlestim","160","226878","c","left","correct","1","","1","trialend","singlestim","161","227890"
"8602","Subject322","1","statuestatue","1","statue","positionright","validityinvalid","test","1","neutral","singlestim","163","229896","338","â€šÃ³Ã¨","67","dotpositionleft","singlestim","164","230288","c","left","correct","1","","1","trialend","singlestim","165","231302"
"8899","Subject322","1","vomitvomit","1","vomit","positionleft","validityvalid","test","1","negative","singlestim","167","233316","340","â€šÃ³Ã¨","67","dotpositionleft","singlestim","168","233744","c","left","correct","1","","1","trialend","singlestim","169","234756"
"9196","Subject322","1","cheesecheese","1","cheese","positionright","validityvalid","test","1","neutral","singlestim","171","236760","360","â€šÃ³Ã¨","77","dotpositionright","singlestim","172","237172","m","right","correct","1","","1","trialend","singlestim","173","238186"
"9493","Subject322","1","suffocationsuffocation","1","suffocation","positionleft","validityinvalid","test","1","suicide","singlestim","175","240188","356","â€šÃ³Ã¨","77","dotpositionright","singlestim","176","240596","m","right","correct","1","","1","trialend","singlestim","177","241608"
"9790","Subject322","1","successsuccess","1","success","positionleft","validityvalid","test","4","positive","singlestim","179","243612","302","â€šÃ³Ã¨","67","dotpositionleft","singlestim","180","243968","c","left","correct","1","","1","trialend","singlestim","181","244984"
"10087","Subject322","1","deceaseddeceased","1","deceased","positionright","validityvalid","test","4","suicide","singlestim","183","247012","336","â€šÃ³Ã¨","77","dotpositionright","singlestim","184","247400","m","right","correct","1","","1","trialend","singlestim","185","248412"
"10384","Subject322","1","killingkilling","1","killing","positionleft","validityvalid","test","4","suicide","singlestim","187","250416","414","â€šÃ³Ã¨","67","dotpositionleft","singlestim","188","250882","c","left","correct","1","","1","trialend","singlestim","189","251894"
"10681","Subject322","1","suicidesuicide","1","suicide","positionright","validityinvalid","test","4","suicide","singlestim","191","253900","386","â€šÃ³Ã¨","67","dotpositionleft","singlestim","192","254336","c","left","correct","1","","1","trialend","singlestim","193","255350"
"10978","Subject322","1","ashamedashamed","1","ashamed","positionright","validityinvalid","test","4","negative","singlestim","195","257354","360","â€šÃ³Ã¨","67","dotpositionleft","singlestim","196","257764","c","left","correct","1","","1","trialend","singlestim","197","258778"
"11275","Subject322","1","alonealone","1","alone","positionleft","validityvalid","test","4","negative","singlestim","199","260786","348","â€šÃ³Ã¨","67","dotpositionleft","singlestim","200","261186","c","left","correct","1","","1","trialend","singlestim","201","262200"
"11572","Subject322","1","structurestructure","1","structure","positionright","validityvalid","test","4","neutral","singlestim","203","264210","504","â€šÃ³Ã¨","77","dotpositionright","singlestim","204","264764","m","right","correct","1","","1","trialend","singlestim","205","265778"
"11869","Subject322","1","engineengine","1","engine","positionleft","validityvalid","test","4","neutral","singlestim","207","267782","348","â€šÃ³Ã¨","67","dotpositionleft","singlestim","208","268184","c","left","correct","1","","1","trialend","singlestim","209","269196"
"12166","Subject322","1","laughlaugh","1","laugh","positionright","validityvalid","test","4","positive","singlestim","211","271200","332","â€šÃ³Ã¨","77","dotpositionright","singlestim","212","271584","m","right","correct","1","","1","trialend","singlestim","213","272598"
"12463","Subject322","1","doubledouble","1","double","positionright","validityvalid","test","4","neutral","singlestim","215","274602","402","â€šÃ³Ã¨","77","dotpositionright","singlestim","216","275056","m","right","correct","1","","1","trialend","singlestim","217","276068"
"12760","Subject322","1","frameframe","1","frame","positionleft","validityinvalid","test","4","neutral","singlestim","219","278074","390","â€šÃ³Ã¨","77","dotpositionright","singlestim","220","278514","m","right","correct","1","","1","trialend","singlestim","221","279528"
"13057","Subject322","1","stupidstupid","1","stupid","positionleft","validityvalid","test","4","negative","singlestim","223","281532","298","â€šÃ³Ã¨","67","dotpositionleft","singlestim","224","281882","c","left","correct","1","","1","trialend","singlestim","225","282900"
"13354","Subject322","1","ecstaticecstatic","1","ecstatic","positionright","validityvalid","test","4","positive","singlestim","227","284908","336","â€šÃ³Ã¨","77","dotpositionright","singlestim","228","285296","m","right","correct","1","","1","trialend","singlestim","229","286312"
"13651","Subject322","1","passionatepassionate","1","passionate","positionleft","validityinvalid","test","4","positive","singlestim","231","288318","392","â€šÃ³Ã¨","77","dotpositionright","singlestim","232","288760","m","right","correct","1","","1","trialend","singlestim","233","289772"
"13948","Subject322","1","wohlesswohless","1","wohless","positionright","validityvalid","test","4","negative","singlestim","235","291776","378","â€šÃ³Ã¨","77","dotpositionright","singlestim","236","292206","m","right","correct","1","","1","trialend","singlestim","237","293220"
"14245","Subject322","1","hanginghanging","1","hanging","positionleft","validityvalid","test","4","suicide","singlestim","239","295224","338","â€šÃ³Ã¨","67","dotpositionleft","singlestim","240","295614","c","left","correct","1","","1","trialend","singlestim","241","296628"
"14542","Subject322","1","paperpaper","1","paper","positionleft","validityvalid","test","2","neutral","singlestim","243","298634","344","â€šÃ³Ã¨","67","dotpositionleft","singlestim","244","299028","c","left","correct","1","","1","trialend","singlestim","245","300042"
"14839","Subject322","1","abuseabuse","1","abuse","positionright","validityvalid","test","2","negative","singlestim","247","302048","336","â€šÃ³Ã¨","77","dotpositionright","singlestim","248","302438","m","right","correct","1","","1","trialend","singlestim","249","303450"
"15136","Subject322","1","lovelove","1","love","positionright","validityinvalid","test","2","positive","singlestim","251","305456","338","â€šÃ³Ã¨","67","dotpositionleft","singlestim","252","305846","c","left","correct","1","","1","trialend","singlestim","253","306860"
"15433","Subject322","1","corpsecorpse","1","corpse","positionleft","validityvalid","test","2","suicide","singlestim","255","308862","318","â€šÃ³Ã¨","67","dotpositionleft","singlestim","256","309232","c","left","correct","1","","1","trialend","singlestim","257","310252"
"15730","Subject322","1","enthusiasmenthusiasm","1","enthusiasm","positionright","validityvalid","test","2","positive","singlestim","259","312254","324","â€šÃ³Ã¨","77","dotpositionright","singlestim","260","312630","m","right","correct","1","","1","trialend","singlestim","261","313644"
"16027","Subject322","1","cruelcruel","1","cruel","positionright","validityvalid","test","2","negative","singlestim","263","315650","422","â€šÃ³Ã¨","77","dotpositionright","singlestim","264","316122","m","right","correct","1","","1","trialend","singlestim","265","317134"
"16324","Subject322","1","overdoseoverdose","1","overdose","positionright","validityinvalid","test","2","suicide","singlestim","267","319154","324","â€šÃ³Ã¨","67","dotpositionleft","singlestim","268","319532","c","left","correct","1","","1","trialend","singlestim","269","320544"
"16621","Subject322","1","failurefailure","1","failure","positionleft","validityvalid","test","2","negative","singlestim","271","322548","424","â€šÃ³Ã¨","67","dotpositionleft","singlestim","272","323026","c","left","correct","1","","1","trialend","singlestim","273","324044"
"16918","Subject322","1","deathdeath","1","death","positionright","validityvalid","test","2","suicide","singlestim","275","326062","310","â€šÃ³Ã¨","77","dotpositionright","singlestim","276","326424","m","right","correct","1","","1","trialend","singlestim","277","327436"
"17215","Subject322","1","tabletable","1","table","positionright","validityvalid","test","2","neutral","singlestim","279","329440","344","â€šÃ³Ã¨","77","dotpositionright","singlestim","280","329834","m","right","correct","1","","1","trialend","singlestim","281","330850"
"17512","Subject322","1","horsehorse","1","horse","positionleft","validityinvalid","test","2","neutral","singlestim","283","332866","368","â€šÃ³Ã¨","77","dotpositionright","singlestim","284","333288","m","right","correct","1","","1","trialend","singlestim","285","334304"
"17809","Subject322","1","braverybravery","1","bravery","positionleft","validityvalid","test","2","positive","singlestim","287","336308","360","â€šÃ³Ã¨","67","dotpositionleft","singlestim","288","336720","c","left","correct","1","","1","trialend","singlestim","289","337734"
"18106","Subject322","1","noosenoose","1","noose","positionleft","validityvalid","test","2","suicide","singlestim","291","339738","336","â€šÃ³Ã¨","67","dotpositionleft","singlestim","292","340126","c","left","correct","1","","1","trialend","singlestim","293","341142"
"18403","Subject322","1","foamfoam","1","foam","positionright","validityvalid","test","2","neutral","singlestim","295","343146","330","â€šÃ³Ã¨","77","dotpositionright","singlestim","296","343530","m","right","correct","1","","1","trialend","singlestim","297","344542"
"18700","Subject322","1","filthyfilthy","1","filthy","positionleft","validityinvalid","test","2","negative","singlestim","299","346544","366","â€šÃ³Ã¨","77","dotpositionright","singlestim","300","346964","m","right","correct","1","","1","trialend","singlestim","301","347976"
"18997","Subject322","1","pleasurepleasure","1","pleasure","positionleft","validityvalid","test","2","positive","singlestim","303","349986","332","â€šÃ³Ã¨","67","dotpositionleft","singlestim","304","350368","c","left","correct","1","","1","trialend","singlestim","305","351382"
