"","SubjectID","rt","stimulus","keypress","word","wordposition","validity","block","blocknum","wordtype","trialtype","trialindex","timeelapsed","rt.1","stimulus.1","keypress.1","dotposition","trialtype.1","trialindex.1","timeelapsed.1","keypressed","participantresponse","correctresponse","rt.2","stimulus.2","keypress.2","blocktrial","trialtype.2","trialindex.2","timeelapsed.2"
"2","Subject2","rejectedrejected","1","rejected","positionright","validityvalid","test","3","negative","singlestim","51","75792","100010","â€šÃ³Ã¨","77","dotpositionright","singlestim","52","76185","100020","right","correct","1","","1","trialend","singlestim","53","77201","100030"
"299","Subject2","happyhappy","1","happy","positionright","validityvalid","test","3","positive","singlestim","55","79211","100050","â€šÃ³Ã¨","77","dotpositionright","singlestim","56","79737","100060","right","correct","1","","1","trialend","singlestim","57","80748","100070"
"596","Subject2","bombbomb","1","bomb","positionright","validityvalid","test","3","negative","singlestim","59","82759","100090","â€šÃ³Ã¨","77","dotpositionright","singlestim","60","83222","1000100","right","correct","1","","1","trialend","singlestim","61","84237","1000110"
"893","Subject2","museummuseum","1","museum","positionleft","validityvalid","test","3","neutral","singlestim","63","86245","1000130","â€šÃ³Ã¨","67","dotpositionleft","singlestim","64","86627","1000140","left","correct","1","","1","trialend","singlestim","65","87644","1000150"
"1190","Subject2","assaultassault","1","assault","positionleft","validityinvalid","test","3","negative","singlestim","67","89653","1000170","â€šÃ³Ã¨","77","dotpositionright","singlestim","68","90115","1000180","right","correct","1","","1","trialend","singlestim","69","91132","1000190"
"1487","Subject2","closetcloset","1","closet","positionright","validityinvalid","test","3","neutral","singlestim","71","93140","1000210","â€šÃ³Ã¨","67","dotpositionleft","singlestim","72","93680","1000220","left","correct","1","","1","trialend","singlestim","73","94696","1000230"
"1784","Subject2","greengreen","1","green","positionright","validityvalid","test","3","neutral","singlestim","75","96705","1000250","â€šÃ³Ã¨","77","dotpositionright","singlestim","76","97217","1000260","right","correct","1","","1","trialend","singlestim","77","98231","1000270"
"2081","Subject2","deaddead","1","dead","positionleft","validityinvalid","test","3","suicide","singlestim","79","100240","1000290","â€šÃ³Ã¨","77","dotpositionright","singlestim","80","100679","1000300","right","correct","1","","1","trialend","singlestim","81","101696","1000310"
"2378","Subject2","diedie","1","die","positionright","validityvalid","test","3","suicide","singlestim","83","103705","1000330","â€šÃ³Ã¨","77","dotpositionright","singlestim","84","104397","1000340","right","correct","1","","1","trialend","singlestim","85","105411","1000350"
"2675","Subject2","smilesmile","1","smile","positionleft","validityvalid","test","3","positive","singlestim","87","107419","1000370","â€šÃ³Ã¨","67","dotpositionleft","singlestim","88","107915","1000380","left","correct","1","","1","trialend","singlestim","89","108928","1000390"
"2972","Subject2","metermeter","1","meter","positionleft","validityvalid","test","3","neutral","singlestim","91","110935","1000410","â€šÃ³Ã¨","67","dotpositionleft","singlestim","92","111490","1000420","left","correct","1","","1","trialend","singlestim","93","112503","1000430"
"3269","Subject2","kisskiss","1","kiss","positionright","validityinvalid","test","3","positive","singlestim","95","114512","1000450","â€šÃ³Ã¨","67","dotpositionleft","singlestim","96","115159","1000460","left","correct","1","","1","trialend","singlestim","97","116172","1000470"
"3566","Subject2","dyingdying","1","dying","positionleft","validityvalid","test","3","suicide","singlestim","99","118180","1000490","â€šÃ³Ã¨","67","dotpositionleft","singlestim","100","118768","1000500","left","correct","1","","1","trialend","singlestim","101","119788","1000510"
"3863","Subject2","touretoure","1","toure","positionleft","validityvalid","test","3","negative","singlestim","103","121795","1000530","â€šÃ³Ã¨","67","dotpositionleft","singlestim","104","122249","1000540","left","correct","1","","1","trialend","singlestim","105","123265","1000550"
"4160","Subject2","strongstrong","1","strong","positionleft","validityvalid","test","3","positive","singlestim","107","125273","1000570","â€šÃ³Ã¨","67","dotpositionleft","singlestim","108","125641","1000580","left","correct","1","","1","trialend","singlestim","109","126654","1000590"
"4457","Subject2","cuttingcutting","1","cutting","positionright","validityvalid","test","3","suicide","singlestim","111","128662","1000610","â€šÃ³Ã¨","77","dotpositionright","singlestim","112","129079","1000620","right","correct","1","","1","trialend","singlestim","113","130093","1000630"
"4754","Subject2","deathdeath","1","death","positionright","validityvalid","test","2","suicide","singlestim","115","132098","101010","â€šÃ³Ã¨","77","dotpositionright","singlestim","116","132453","101020","right","correct","1","","1","trialend","singlestim","117","133468","101030"
"5051","Subject2","filthyfilthy","1","filthy","positionleft","validityinvalid","test","2","negative","singlestim","119","135477","101050","â€šÃ³Ã¨","77","dotpositionright","singlestim","120","135882","101060","right","correct","1","","1","trialend","singlestim","121","136898","101070"
"5348","Subject2","cruelcruel","1","cruel","positionright","validityvalid","test","2","negative","singlestim","123","138907","101090","â€šÃ³Ã¨","77","dotpositionright","singlestim","124","139346","1010100","right","correct","1","","1","trialend","singlestim","125","140363","1010110"
"5645","Subject2","enthusiasmenthusiasm","1","enthusiasm","positionright","validityvalid","test","2","positive","singlestim","127","142372","1010130","â€šÃ³Ã¨","77","dotpositionright","singlestim","128","142959","1010140","right","correct","1","","1","trialend","singlestim","129","143973","1010150"
"5942","Subject2","failurefailure","1","failure","positionleft","validityvalid","test","2","negative","singlestim","131","145982","1010170","â€šÃ³Ã¨","67","dotpositionleft","singlestim","132","146379","1010180","left","correct","1","","1","trialend","singlestim","133","147398","1010190"
"6239","Subject2","tabletable","1","table","positionright","validityvalid","test","2","neutral","singlestim","135","149407","1010210","â€šÃ³Ã¨","77","dotpositionright","singlestim","136","149787","1010220","right","correct","1","","1","trialend","singlestim","137","150805","1010230"
"6536","Subject2","foamfoam","1","foam","positionright","validityvalid","test","2","neutral","singlestim","139","152813","1010250","â€šÃ³Ã¨","77","dotpositionright","singlestim","140","153188","1010260","right","correct","1","","1","trialend","singlestim","141","154206","1010270"
"6833","Subject2","abuseabuse","1","abuse","positionright","validityvalid","test","2","negative","singlestim","143","156215","1010290","â€šÃ³Ã¨","77","dotpositionright","singlestim","144","156524","1010300","right","correct","1","","1","trialend","singlestim","145","157538","1010310"
"7130","Subject2","overdoseoverdose","1","overdose","positionright","validityinvalid","test","2","suicide","singlestim","147","159546","1010330","â€šÃ³Ã¨","67","dotpositionleft","singlestim","148","160008","1010340","left","correct","1","","1","trialend","singlestim","149","161026","1010350"
"7427","Subject2","pleasurepleasure","1","pleasure","positionleft","validityvalid","test","2","positive","singlestim","151","163036","1010370","â€šÃ³Ã¨","67","dotpositionleft","singlestim","152","163461","1010380","left","correct","1","","1","trialend","singlestim","153","164474","1010390"
"7724","Subject2","horsehorse","1","horse","positionleft","validityinvalid","test","2","neutral","singlestim","155","166481","1010410","â€šÃ³Ã¨","77","dotpositionright","singlestim","156","166903","1010420","right","correct","1","","1","trialend","singlestim","157","167916","1010430"
"8021","Subject2","paperpaper","1","paper","positionleft","validityvalid","test","2","neutral","singlestim","159","169924","1010450","â€šÃ³Ã¨","67","dotpositionleft","singlestim","160","170318","1010460","left","correct","1","","1","trialend","singlestim","161","171334","1010470"
"8318","Subject2","braverybravery","1","bravery","positionleft","validityvalid","test","2","positive","singlestim","163","173342","1010490","â€šÃ³Ã¨","67","dotpositionleft","singlestim","164","173745","1010500","left","correct","1","","1","trialend","singlestim","165","174759","1010510"
"8615","Subject2","corpsecorpse","1","corpse","positionleft","validityvalid","test","2","suicide","singlestim","167","176767","1010530","â€šÃ³Ã¨","67","dotpositionleft","singlestim","168","177104","1010540","left","correct","1","","1","trialend","singlestim","169","178120","1010550"
"8912","Subject2","lovelove","1","love","positionright","validityinvalid","test","2","positive","singlestim","171","180127","1010570","â€šÃ³Ã¨","67","dotpositionleft","singlestim","172","180610","1010580","left","correct","1","","1","trialend","singlestim","173","181626","1010590"
"9209","Subject2","noosenoose","1","noose","positionleft","validityvalid","test","2","suicide","singlestim","175","183633","1010610","â€šÃ³Ã¨","67","dotpositionleft","singlestim","176","184081","1010620","left","correct","1","","1","trialend","singlestim","177","185096","1010630"
"9506","Subject2","greatgreat","1","great","positionright","validityvalid","test","1","positive","singlestim","179","187105","102010","â€šÃ³Ã¨","77","dotpositionright","singlestim","180","187467","102020","right","correct","1","","1","trialend","singlestim","181","188480","102030"
"9803","Subject2","paradiseparadise","1","paradise","positionleft","validityvalid","test","1","positive","singlestim","183","190488","102050","â€šÃ³Ã¨","67","dotpositionleft","singlestim","184","190859","102060","left","correct","1","","1","trialend","singlestim","185","191875","102070"
"10100","Subject2","statuestatue","1","statue","positionright","validityinvalid","test","1","neutral","singlestim","187","193883","102090","â€šÃ³Ã¨","67","dotpositionleft","singlestim","188","194446","1020100","left","correct","1","","1","trialend","singlestim","189","195463","1020110"
"10397","Subject2","cheesecheese","1","cheese","positionright","validityvalid","test","1","neutral","singlestim","191","197471","1020130","â€šÃ³Ã¨","77","dotpositionright","singlestim","192","197831","1020140","right","correct","1","","1","trialend","singlestim","193","198846","1020150"
"10694","Subject2","attractionattraction","1","attraction","positionright","validityvalid","test","1","positive","singlestim","195","200854","1020170","â€šÃ³Ã¨","77","dotpositionright","singlestim","196","201227","1020180","right","correct","1","","1","trialend","singlestim","197","202241","1020190"
"10991","Subject2","vomitvomit","1","vomit","positionleft","validityvalid","test","1","negative","singlestim","199","204251","1020210","â€šÃ³Ã¨","67","dotpositionleft","singlestim","200","204601","1020220","left","correct","1","","1","trialend","singlestim","201","205615","1020230"
"11288","Subject2","bloodblood","1","blood","positionleft","validityvalid","test","1","suicide","singlestim","203","207622","1020250","â€šÃ³Ã¨","67","dotpositionleft","singlestim","204","207997","1020260","left","correct","1","","1","trialend","singlestim","205","209014","1020270"
"11585","Subject2","cryingcrying","1","crying","positionright","validityvalid","test","1","negative","singlestim","207","211024","1020290","â€šÃ³Ã¨","77","dotpositionright","singlestim","208","211386","1020300","right","correct","1","","1","trialend","singlestim","209","212401","1020310"
"11882","Subject2","foldedfolded","1","folded","positionleft","validityvalid","test","1","neutral","singlestim","211","214407","1020330","â€šÃ³Ã¨","67","dotpositionleft","singlestim","212","214774","1020340","left","correct","1","","1","trialend","singlestim","213","215788","1020350"
"12179","Subject2","imageimage","1","image","positionleft","validityvalid","test","1","neutral","singlestim","215","217797","1020370","â€šÃ³Ã¨","67","dotpositionleft","singlestim","216","218174","1020380","left","correct","1","","1","trialend","singlestim","217","219190","1020390"
"12476","Subject2","hatehate","1","hate","positionright","validityinvalid","test","1","negative","singlestim","219","221198","1020410","â€šÃ³Ã¨","67","dotpositionleft","singlestim","220","222949","1020420","left","correct","1","","1","trialend","singlestim","221","223963","1020430"
"12773","Subject2","gunshotgunshot","1","gunshot","positionright","validityvalid","test","1","suicide","singlestim","223","225966","1020450","â€šÃ³Ã¨","77","dotpositionright","singlestim","224","226363","1020460","right","correct","1","","1","trialend","singlestim","225","227379","1020470"
"13070","Subject2","suffocationsuffocation","1","suffocation","positionleft","validityinvalid","test","1","suicide","singlestim","227","229388","1020490","â€šÃ³Ã¨","77","dotpositionright","singlestim","228","229813","1020500","right","correct","1","","1","trialend","singlestim","229","230828","1020510"
"13367","Subject2","patheticpathetic","1","pathetic","positionleft","validityvalid","test","1","negative","singlestim","231","232836","1020530","â€šÃ³Ã¨","67","dotpositionleft","singlestim","232","233299","1020540","left","correct","1","","1","trialend","singlestim","233","234316","1020550"
"13664","Subject2","funeralfuneral","1","funeral","positionright","validityvalid","test","1","suicide","singlestim","235","236324","1020570","â€šÃ³Ã¨","77","dotpositionright","singlestim","236","236751","1020580","right","correct","1","","1","trialend","singlestim","237","237763","1020590"
"13961","Subject2","healthyhealthy","1","healthy","positionleft","validityinvalid","test","1","positive","singlestim","239","239773","1020610","â€šÃ³Ã¨","77","dotpositionright","singlestim","240","240228","1020620","right","correct","1","","1","trialend","singlestim","241","241240","1020630"
"14258","Subject2","ashamedashamed","1","ashamed","positionright","validityinvalid","test","4","negative","singlestim","243","243248","103010","â€šÃ³Ã¨","67","dotpositionleft","singlestim","244","243756","103020","left","correct","1","","1","trialend","singlestim","245","244769","103030"
"14555","Subject2","ecstaticecstatic","1","ecstatic","positionright","validityvalid","test","4","positive","singlestim","247","246777","103050","â€šÃ³Ã¨","77","dotpositionright","singlestim","248","247284","103060","right","correct","1","","1","trialend","singlestim","249","248298","103070"
"14852","Subject2","deceaseddeceased","1","deceased","positionright","validityvalid","test","4","suicide","singlestim","251","250305","103090","â€šÃ³Ã¨","77","dotpositionright","singlestim","252","250676","1030100","right","correct","1","","1","trialend","singlestim","253","251688","1030110"
"15149","Subject2","successsuccess","1","success","positionleft","validityvalid","test","4","positive","singlestim","255","253696","1030130","â€šÃ³Ã¨","67","dotpositionleft","singlestim","256","254125","1030140","left","correct","1","","1","trialend","singlestim","257","255141","1030150"
"15446","Subject2","alonealone","1","alone","positionleft","validityvalid","test","4","negative","singlestim","259","257150","1030170","â€šÃ³Ã¨","67","dotpositionleft","singlestim","260","257570","1030180","left","correct","1","","1","trialend","singlestim","261","258583","1030190"
"15743","Subject2","frameframe","1","frame","positionleft","validityinvalid","test","4","neutral","singlestim","263","260591","1030210","â€šÃ³Ã¨","77","dotpositionright","singlestim","264","260983","1030220","right","correct","1","","1","trialend","singlestim","265","261995","1030230"
"16040","Subject2","passionatepassionate","1","passionate","positionleft","validityinvalid","test","4","positive","singlestim","267","264004","1030250","â€šÃ³Ã¨","77","dotpositionright","singlestim","268","264502","1030260","right","correct","1","","1","trialend","singlestim","269","265518","1030270"
"16337","Subject2","stupidstupid","1","stupid","positionleft","validityvalid","test","4","negative","singlestim","271","267527","1030290","â€šÃ³Ã¨","67","dotpositionleft","singlestim","272","268075","1030300","left","correct","1","","1","trialend","singlestim","273","269089","1030310"
"16634","Subject2","hanginghanging","1","hanging","positionleft","validityvalid","test","4","suicide","singlestim","275","271097","1030330","â€šÃ³Ã¨","67","dotpositionleft","singlestim","276","271580","1030340","left","correct","1","","1","trialend","singlestim","277","272594","1030350"
"16931","Subject2","killingkilling","1","killing","positionleft","validityvalid","test","4","suicide","singlestim","279","274602","1030370","â€šÃ³Ã¨","67","dotpositionleft","singlestim","280","275006","1030380","left","correct","1","","1","trialend","singlestim","281","276024","1030390"
"17228","Subject2","structurestructure","1","structure","positionright","validityvalid","test","4","neutral","singlestim","283","278033","1030410","â€šÃ³Ã¨","77","dotpositionright","singlestim","284","278407","1030420","right","correct","1","","1","trialend","singlestim","285","279426","1030430"
"17525","Subject2","laughlaugh","1","laugh","positionright","validityvalid","test","4","positive","singlestim","287","281434","1030450","â€šÃ³Ã¨","77","dotpositionright","singlestim","288","281960","1030460","right","correct","1","","1","trialend","singlestim","289","282977","1030470"
"17822","Subject2","wohlesswohless","1","wohless","positionright","validityvalid","test","4","negative","singlestim","291","284986","1030490","â€šÃ³Ã¨","77","dotpositionright","singlestim","292","285389","1030500","right","correct","1","","1","trialend","singlestim","293","286402","1030510"
"18119","Subject2","doubledouble","1","double","positionright","validityvalid","test","4","neutral","singlestim","295","288410","1030530","â€šÃ³Ã¨","77","dotpositionright","singlestim","296","288893","1030540","right","correct","1","","1","trialend","singlestim","297","289907","1030550"
"18416","Subject2","suicidesuicide","1","suicide","positionright","validityinvalid","test","4","suicide","singlestim","299","291916","1030570","â€šÃ³Ã¨","67","dotpositionleft","singlestim","300","292417","1030580","left","correct","1","","1","trialend","singlestim","301","293431","1030590"
"18713","Subject2","engineengine","1","engine","positionleft","validityvalid","test","4","neutral","singlestim","303","295439","1030610","â€šÃ³Ã¨","67","dotpositionleft","singlestim","304","295926","1030620","left","correct","1","","1","trialend","singlestim","305","296942","1030630"
