"","SubjectID","rt","stimulus","keypress","word","wordposition","validity","block","blocknum","wordtype","trialtype","trialindex","timeelapsed","rt.1","stimulus.1","keypress.1","dotposition","trialtype.1","trialindex.1","timeelapsed.1","keypressed","participantresponse","correctresponse","rt.2","stimulus.2","keypress.2","blocktrial","trialtype.2","trialindex.2","timeelapsed.2"
"55","Subject58","1","attractionattraction","1","attraction","positionright","validityvalid","test","1","positive","singlestim","51","75367","444","â€šÃ³Ã¨","77","dotpositionright","singlestim","52","75863","m","right","correct","1","","1","trialend","singlestim","53","76875"
"352","Subject58","1","cryingcrying","1","crying","positionright","validityvalid","test","1","negative","singlestim","55","78883","416","â€šÃ³Ã¨","77","dotpositionright","singlestim","56","79353","m","right","correct","1","","1","trialend","singlestim","57","80370"
"649","Subject58","1","vomitvomit","1","vomit","positionleft","validityvalid","test","1","negative","singlestim","59","82378","456","â€šÃ³Ã¨","67","dotpositionleft","singlestim","60","82886","c","left","correct","1","","1","trialend","singlestim","61","83899"
"946","Subject58","1","cheesecheese","1","cheese","positionright","validityvalid","test","1","neutral","singlestim","63","85907","362","â€šÃ³Ã¨","77","dotpositionright","singlestim","64","86321","m","right","correct","1","","1","trialend","singlestim","65","87335"
"1243","Subject58","1","funeralfuneral","1","funeral","positionright","validityvalid","test","1","suicide","singlestim","67","89343","359","â€šÃ³Ã¨","77","dotpositionright","singlestim","68","89754","m","right","correct","1","","1","trialend","singlestim","69","90771"
"1540","Subject58","1","imageimage","1","image","positionleft","validityvalid","test","1","neutral","singlestim","71","92779","409","â€šÃ³Ã¨","67","dotpositionleft","singlestim","72","93240","c","left","correct","1","","1","trialend","singlestim","73","94254"
"1837","Subject58","1","healthyhealthy","1","healthy","positionleft","validityinvalid","test","1","positive","singlestim","75","96261","326","â€šÃ³Ã¨","77","dotpositionright","singlestim","76","96640","m","right","correct","1","","1","trialend","singlestim","77","97654"
"2134","Subject58","1","gunshotgunshot","1","gunshot","positionright","validityvalid","test","1","suicide","singlestim","79","99663","388","â€šÃ³Ã¨","77","dotpositionright","singlestim","80","100104","m","right","correct","1","","1","trialend","singlestim","81","101119"
"2431","Subject58","1","statuestatue","1","statue","positionright","validityinvalid","test","1","neutral","singlestim","83","103128","415","â€šÃ³Ã¨","67","dotpositionleft","singlestim","84","103595","c","left","correct","1","","1","trialend","singlestim","85","104608"
"2728","Subject58","1","paradiseparadise","1","paradise","positionleft","validityvalid","test","1","positive","singlestim","87","106617","441","â€šÃ³Ã¨","67","dotpositionleft","singlestim","88","107110","c","left","correct","1","","1","trialend","singlestim","89","108125"
"3025","Subject58","1","hatehate","1","hate","positionright","validityinvalid","test","1","negative","singlestim","91","110134","348","â€šÃ³Ã¨","67","dotpositionleft","singlestim","92","110533","c","left","correct","1","","1","trialend","singlestim","93","111550"
"3322","Subject58","1","bloodblood","1","blood","positionleft","validityvalid","test","1","suicide","singlestim","95","113559","412","â€šÃ³Ã¨","67","dotpositionleft","singlestim","96","114022","c","left","correct","1","","1","trialend","singlestim","97","115038"
"3619","Subject58","1","suffocationsuffocation","1","suffocation","positionleft","validityinvalid","test","1","suicide","singlestim","99","117046","388","â€šÃ³Ã¨","77","dotpositionright","singlestim","100","117486","m","right","correct","1","","1","trialend","singlestim","101","118503"
"3916","Subject58","1","patheticpathetic","1","pathetic","positionleft","validityvalid","test","1","negative","singlestim","103","120512","487","â€šÃ³Ã¨","67","dotpositionleft","singlestim","104","121051","c","left","correct","1","","1","trialend","singlestim","105","122067"
"4213","Subject58","1","foldedfolded","1","folded","positionleft","validityvalid","test","1","neutral","singlestim","107","124075","390","â€šÃ³Ã¨","67","dotpositionleft","singlestim","108","124518","c","left","correct","1","","1","trialend","singlestim","109","125533"
"4510","Subject58","1","greatgreat","1","great","positionright","validityvalid","test","1","positive","singlestim","111","127541","360","â€šÃ³Ã¨","77","dotpositionright","singlestim","112","127954","m","right","correct","1","","1","trialend","singlestim","113","128968"
"4807","Subject58","1","bombbomb","1","bomb","positionright","validityvalid","test","3","negative","singlestim","115","130976","375","â€šÃ³Ã¨","77","dotpositionright","singlestim","116","131404","m","right","correct","1","","1","trialend","singlestim","117","132422"
"5104","Subject58","1","closetcloset","1","closet","positionright","validityinvalid","test","3","neutral","singlestim","119","134430","425","â€šÃ³Ã¨","67","dotpositionleft","singlestim","120","134907","c","left","correct","1","","1","trialend","singlestim","121","135922"
"5401","Subject58","1","smilesmile","1","smile","positionleft","validityvalid","test","3","positive","singlestim","123","137930","382","â€šÃ³Ã¨","67","dotpositionleft","singlestim","124","138364","c","left","correct","1","","1","trialend","singlestim","125","139381"
"5698","Subject58","1","metermeter","1","meter","positionleft","validityvalid","test","3","neutral","singlestim","127","141390","452","â€šÃ³Ã¨","67","dotpositionleft","singlestim","128","141893","c","left","correct","1","","1","trialend","singlestim","129","142910"
"5995","Subject58","1","greengreen","1","green","positionright","validityvalid","test","3","neutral","singlestim","131","144919","363","â€šÃ³Ã¨","77","dotpositionright","singlestim","132","145335","m","right","correct","1","","1","trialend","singlestim","133","146352"
"6292","Subject58","1","dyingdying","1","dying","positionleft","validityvalid","test","3","suicide","singlestim","135","148361","466","â€šÃ³Ã¨","67","dotpositionleft","singlestim","136","148878","c","left","correct","1","","1","trialend","singlestim","137","149893"
"6589","Subject58","1","kisskiss","1","kiss","positionright","validityinvalid","test","3","positive","singlestim","139","151901","501","â€šÃ³Ã¨","67","dotpositionleft","singlestim","140","152455","c","left","correct","1","","1","trialend","singlestim","141","153468"
"6886","Subject58","1","cuttingcutting","1","cutting","positionright","validityvalid","test","3","suicide","singlestim","143","155476","414","â€šÃ³Ã¨","77","dotpositionright","singlestim","144","155942","m","right","correct","1","","1","trialend","singlestim","145","156956"
"7183","Subject58","1","diedie","1","die","positionright","validityvalid","test","3","suicide","singlestim","147","158965","373","â€šÃ³Ã¨","77","dotpositionright","singlestim","148","159390","m","right","correct","1","","1","trialend","singlestim","149","160405"
"7480","Subject58","1","museummuseum","1","museum","positionleft","validityvalid","test","3","neutral","singlestim","151","162412","411","â€šÃ³Ã¨","67","dotpositionleft","singlestim","152","162876","c","left","correct","1","","1","trialend","singlestim","153","163892"
"7777","Subject58","1","touretoure","1","toure","positionleft","validityvalid","test","3","negative","singlestim","155","165901","423","â€šÃ³Ã¨","67","dotpositionleft","singlestim","156","166377","c","left","correct","1","","1","trialend","singlestim","157","167392"
"8074","Subject58","1","strongstrong","1","strong","positionleft","validityvalid","test","3","positive","singlestim","159","169401","413","â€šÃ³Ã¨","67","dotpositionleft","singlestim","160","169866","c","left","correct","1","","1","trialend","singlestim","161","170880"
"8371","Subject58","1","rejectedrejected","1","rejected","positionright","validityvalid","test","3","negative","singlestim","163","172889","392","â€šÃ³Ã¨","77","dotpositionright","singlestim","164","173334","m","right","correct","1","","1","trialend","singlestim","165","174346"
"8668","Subject58","1","deaddead","1","dead","positionleft","validityinvalid","test","3","suicide","singlestim","167","176354","394","â€šÃ³Ã¨","77","dotpositionright","singlestim","168","176801","m","right","correct","1","","1","trialend","singlestim","169","177817"
"8965","Subject58","1","assaultassault","1","assault","positionleft","validityinvalid","test","3","negative","singlestim","171","179825","597","â€šÃ³Ã¨","77","dotpositionright","singlestim","172","180474","m","right","correct","1","","1","trialend","singlestim","173","181491"
"9262","Subject58","1","happyhappy","1","happy","positionright","validityvalid","test","3","positive","singlestim","175","183499","388","â€šÃ³Ã¨","77","dotpositionright","singlestim","176","183939","m","right","correct","1","","1","trialend","singlestim","177","184956"
"9559","Subject58","1","failurefailure","1","failure","positionleft","validityvalid","test","2","negative","singlestim","179","186964","372","â€šÃ³Ã¨","67","dotpositionleft","singlestim","180","187390","c","left","correct","1","","1","trialend","singlestim","181","188403"
"9856","Subject58","1","enthusiasmenthusiasm","1","enthusiasm","positionright","validityvalid","test","2","positive","singlestim","183","190412","406","â€šÃ³Ã¨","77","dotpositionright","singlestim","184","190870","m","right","correct","1","","1","trialend","singlestim","185","191887"
"10153","Subject58","1","horsehorse","1","horse","positionleft","validityinvalid","test","2","neutral","singlestim","187","193895","382","â€šÃ³Ã¨","77","dotpositionright","singlestim","188","194329","m","right","correct","1","","1","trialend","singlestim","189","195346"
"10450","Subject58","1","abuseabuse","1","abuse","positionright","validityvalid","test","2","negative","singlestim","191","197354","446","â€šÃ³Ã¨","77","dotpositionright","singlestim","192","197852","m","right","correct","1","","1","trialend","singlestim","193","198868"
"10747","Subject58","1","corpsecorpse","1","corpse","positionleft","validityvalid","test","2","suicide","singlestim","195","200877","491","â€šÃ³Ã¨","67","dotpositionleft","singlestim","196","201421","c","left","correct","1","","1","trialend","singlestim","197","202438"
"11044","Subject58","1","deathdeath","1","death","positionright","validityvalid","test","2","suicide","singlestim","199","204447","352","â€šÃ³Ã¨","77","dotpositionright","singlestim","200","204852","m","right","correct","1","","1","trialend","singlestim","201","205869"
"11341","Subject58","1","braverybravery","1","bravery","positionleft","validityvalid","test","2","positive","singlestim","203","207877","431","â€šÃ³Ã¨","67","dotpositionleft","singlestim","204","208361","c","left","correct","1","","1","trialend","singlestim","205","209374"
"11638","Subject58","1","overdoseoverdose","1","overdose","positionright","validityinvalid","test","2","suicide","singlestim","207","211383","480","â€šÃ³Ã¨","67","dotpositionleft","singlestim","208","211915","c","left","correct","1","","1","trialend","singlestim","209","212932"
"11935","Subject58","1","tabletable","1","table","positionright","validityvalid","test","2","neutral","singlestim","211","214941","451","â€šÃ³Ã¨","77","dotpositionright","singlestim","212","215445","m","right","correct","1","","1","trialend","singlestim","213","216461"
"12232","Subject58","1","paperpaper","1","paper","positionleft","validityvalid","test","2","neutral","singlestim","215","218470","452","â€šÃ³Ã¨","67","dotpositionleft","singlestim","216","218973","c","left","correct","1","","1","trialend","singlestim","217","219990"
"12529","Subject58","1","filthyfilthy","1","filthy","positionleft","validityinvalid","test","2","negative","singlestim","219","221998","471","â€šÃ³Ã¨","77","dotpositionright","singlestim","220","222523","m","right","correct","1","","1","trialend","singlestim","221","223536"
"12826","Subject58","1","foamfoam","1","foam","positionright","validityvalid","test","2","neutral","singlestim","223","225545","362","â€šÃ³Ã¨","77","dotpositionright","singlestim","224","225959","m","right","correct","1","","1","trialend","singlestim","225","226973"
"13123","Subject58","1","noosenoose","1","noose","positionleft","validityvalid","test","2","suicide","singlestim","227","228981","487","â€šÃ³Ã¨","67","dotpositionleft","singlestim","228","229521","c","left","correct","1","","1","trialend","singlestim","229","230537"
"13420","Subject58","1","pleasurepleasure","1","pleasure","positionleft","validityvalid","test","2","positive","singlestim","231","232545","413","â€šÃ³Ã¨","67","dotpositionleft","singlestim","232","233011","c","left","correct","1","","1","trialend","singlestim","233","234024"
"13717","Subject58","1","lovelove","1","love","positionright","validityinvalid","test","2","positive","singlestim","235","236034","1","â€šÃ³Ã¨","1","dotpositionleft","singlestim","236","238092","","incorrect","176","","67","trialend","singlestim","237","239103","1020590"
"14014","Subject58","cruelcruel","1","cruel","positionright","validityvalid","test","2","negative","singlestim","239","241112","1020610","â€šÃ³Ã¨","77","dotpositionright","singlestim","240","241838","1020620","right","correct","1","","1","trialend","singlestim","241","242853","1020630"
"14311","Subject58","deceaseddeceased","1","deceased","positionright","validityvalid","test","4","suicide","singlestim","243","244862","103010","â€šÃ³Ã¨","77","dotpositionright","singlestim","244","245341","103020","right","correct","1","","1","trialend","singlestim","245","246353","103030"
"14608","Subject58","stupidstupid","1","stupid","positionleft","validityvalid","test","4","negative","singlestim","247","248361","103050","â€šÃ³Ã¨","67","dotpositionleft","singlestim","248","248762","103060","left","correct","1","","1","trialend","singlestim","249","249778","103070"
"14905","Subject58","successsuccess","1","success","positionleft","validityvalid","test","4","positive","singlestim","251","251786","103090","â€šÃ³Ã¨","67","dotpositionleft","singlestim","252","252248","1030100","left","correct","1","","1","trialend","singlestim","253","253263","1030110"
"15202","Subject58","frameframe","1","frame","positionleft","validityinvalid","test","4","neutral","singlestim","255","255268","1030130","â€šÃ³Ã¨","77","dotpositionright","singlestim","256","255693","1030140","right","correct","1","","1","trialend","singlestim","257","256708","1030150"
"15499","Subject58","alonealone","1","alone","positionleft","validityvalid","test","4","negative","singlestim","259","258716","1030170","â€šÃ³Ã¨","67","dotpositionleft","singlestim","260","259156","1030180","left","correct","1","","1","trialend","singlestim","261","260173","1030190"
"15796","Subject58","structurestructure","1","structure","positionright","validityvalid","test","4","neutral","singlestim","263","262182","1030210","â€šÃ³Ã¨","77","dotpositionright","singlestim","264","262555","1030220","right","correct","1","","1","trialend","singlestim","265","263569","1030230"
"16093","Subject58","laughlaugh","1","laugh","positionright","validityvalid","test","4","positive","singlestim","267","265577","1030250","â€šÃ³Ã¨","77","dotpositionright","singlestim","268","265966","1030260","right","correct","1","","1","trialend","singlestim","269","266981","1030270"
"16390","Subject58","wohlesswohless","1","wohless","positionright","validityvalid","test","4","negative","singlestim","271","268990","1030290","â€šÃ³Ã¨","77","dotpositionright","singlestim","272","269509","1030300","right","correct","1","","1","trialend","singlestim","273","270521","1030310"
"16687","Subject58","doubledouble","1","double","positionright","validityvalid","test","4","neutral","singlestim","275","272530","1030330","â€šÃ³Ã¨","77","dotpositionright","singlestim","276","272970","1030340","right","correct","1","","1","trialend","singlestim","277","273987","1030350"
"16984","Subject58","hanginghanging","1","hanging","positionleft","validityvalid","test","4","suicide","singlestim","279","275995","1030370","â€šÃ³Ã¨","67","dotpositionleft","singlestim","280","276396","1030380","left","correct","1","","1","trialend","singlestim","281","277412","1030390"
"17281","Subject58","ashamedashamed","1","ashamed","positionright","validityinvalid","test","4","negative","singlestim","283","279420","1030410","â€šÃ³Ã¨","67","dotpositionleft","singlestim","284","279986","1030420","left","correct","1","","1","trialend","singlestim","285","280999","1030430"
"17578","Subject58","engineengine","1","engine","positionleft","validityvalid","test","4","neutral","singlestim","287","283007","1030450","â€šÃ³Ã¨","67","dotpositionleft","singlestim","288","283448","1030460","left","correct","1","","1","trialend","singlestim","289","284463","1030470"
"17875","Subject58","suicidesuicide","1","suicide","positionright","validityinvalid","test","4","suicide","singlestim","291","286472","1030490","â€šÃ³Ã¨","67","dotpositionleft","singlestim","292","286928","1030500","left","correct","1","","1","trialend","singlestim","293","287943","1030510"
"18172","Subject58","killingkilling","1","killing","positionleft","validityvalid","test","4","suicide","singlestim","295","289949","1030530","â€šÃ³Ã¨","67","dotpositionleft","singlestim","296","290464","1030540","left","correct","1","","1","trialend","singlestim","297","291481","1030550"
"18469","Subject58","passionatepassionate","1","passionate","positionleft","validityinvalid","test","4","positive","singlestim","299","293489","1030570","â€šÃ³Ã¨","77","dotpositionright","singlestim","300","293948","1030580","right","correct","1","","1","trialend","singlestim","301","294964","1030590"
"18766","Subject58","ecstaticecstatic","1","ecstatic","positionright","validityvalid","test","4","positive","singlestim","303","296972","1030610","â€šÃ³Ã¨","77","dotpositionright","singlestim","304","297401","1030620","right","correct","1","","1","trialend","singlestim","305","298417","1030630"
