"","SubjectID","rt","stimulus","keypress","word","wordposition","validity","block","blocknum","wordtype","trialtype","trialindex","timeelapsed","rt.1","stimulus.1","keypress.1","dotposition","trialtype.1","trialindex.1","timeelapsed.1","keypressed","participantresponse","correctresponse","rt.2","stimulus.2","keypress.2","blocktrial","trialtype.2","trialindex.2","timeelapsed.2"
"74","Subject78","1","healthyhealthy","1","healthy","positionleft","validityinvalid","test","1","positive","singlestim","51","56201","329","â€šÃ³Ã¨","77","dotpositionright","singlestim","52","56582","m","right","correct","1","","1","trialend","singlestim","53","57595"
"371","Subject78","1","hatehate","1","hate","positionright","validityinvalid","test","1","negative","singlestim","55","59599","400","â€šÃ³Ã¨","67","dotpositionleft","singlestim","56","60050","c","left","correct","1","","1","trialend","singlestim","57","61064"
"668","Subject78","1","funeralfuneral","1","funeral","positionright","validityvalid","test","1","suicide","singlestim","59","63068","386","â€šÃ³Ã¨","77","dotpositionright","singlestim","60","63506","m","right","correct","1","","1","trialend","singlestim","61","64520"
"965","Subject78","1","paradiseparadise","1","paradise","positionleft","validityvalid","test","1","positive","singlestim","63","66524","394","â€šÃ³Ã¨","67","dotpositionleft","singlestim","64","66970","c","left","correct","1","","1","trialend","singlestim","65","67983"
"1262","Subject78","1","greatgreat","1","great","positionright","validityvalid","test","1","positive","singlestim","67","69988","290","â€šÃ³Ã¨","77","dotpositionright","singlestim","68","70330","m","right","correct","1","","1","trialend","singlestim","69","71343"
"1559","Subject78","1","cheesecheese","1","cheese","positionright","validityvalid","test","1","neutral","singlestim","71","73348","347","â€šÃ³Ã¨","77","dotpositionright","singlestim","72","73746","m","right","correct","1","","1","trialend","singlestim","73","74758"
"1856","Subject78","1","gunshotgunshot","1","gunshot","positionright","validityvalid","test","1","suicide","singlestim","75","76762","339","â€šÃ³Ã¨","77","dotpositionright","singlestim","76","77154","m","right","correct","1","","1","trialend","singlestim","77","78166"
"2153","Subject78","1","cryingcrying","1","crying","positionright","validityvalid","test","1","negative","singlestim","79","80171","374","â€šÃ³Ã¨","77","dotpositionright","singlestim","80","80598","m","right","correct","1","","1","trialend","singlestim","81","81611"
"2450","Subject78","1","imageimage","1","image","positionleft","validityvalid","test","1","neutral","singlestim","83","83616","405","â€šÃ³Ã¨","67","dotpositionleft","singlestim","84","84074","c","left","correct","1","","1","trialend","singlestim","85","85087"
"2747","Subject78","1","patheticpathetic","1","pathetic","positionleft","validityvalid","test","1","negative","singlestim","87","87092","306","â€šÃ³Ã¨","67","dotpositionleft","singlestim","88","87449","c","left","correct","1","","1","trialend","singlestim","89","88462"
"3044","Subject78","1","bloodblood","1","blood","positionleft","validityvalid","test","1","suicide","singlestim","91","90466","356","â€šÃ³Ã¨","67","dotpositionleft","singlestim","92","90873","c","left","correct","1","","1","trialend","singlestim","93","91886"
"3341","Subject78","1","statuestatue","1","statue","positionright","validityinvalid","test","1","neutral","singlestim","95","93890","435","â€šÃ³Ã¨","67","dotpositionleft","singlestim","96","94377","c","left","correct","1","","1","trialend","singlestim","97","95391"
"3638","Subject78","1","vomitvomit","1","vomit","positionleft","validityvalid","test","1","negative","singlestim","99","97395","315","â€šÃ³Ã¨","67","dotpositionleft","singlestim","100","97761","c","left","correct","1","","1","trialend","singlestim","101","98775"
"3935","Subject78","1","suffocationsuffocation","1","suffocation","positionleft","validityinvalid","test","1","suicide","singlestim","103","100779","385","â€šÃ³Ã¨","77","dotpositionright","singlestim","104","101217","m","right","correct","1","","1","trialend","singlestim","105","102229"
"4232","Subject78","1","attractionattraction","1","attraction","positionright","validityvalid","test","1","positive","singlestim","107","104233","285","â€šÃ³Ã¨","77","dotpositionright","singlestim","108","104569","m","right","correct","1","","1","trialend","singlestim","109","105581"
"4529","Subject78","1","foldedfolded","1","folded","positionleft","validityvalid","test","1","neutral","singlestim","111","107586","548","â€šÃ³Ã¨","67","dotpositionleft","singlestim","112","108185","c","left","correct","1","","1","trialend","singlestim","113","109199"
"4826","Subject78","1","laughlaugh","1","laugh","positionright","validityvalid","test","4","positive","singlestim","115","111203","251","â€šÃ³Ã¨","77","dotpositionright","singlestim","116","111507","m","right","correct","1","","1","trialend","singlestim","117","112520"
"5123","Subject78","1","engineengine","1","engine","positionleft","validityvalid","test","4","neutral","singlestim","119","114524","329","â€šÃ³Ã¨","67","dotpositionleft","singlestim","120","114905","c","left","correct","1","","1","trialend","singlestim","121","115919"
"5420","Subject78","1","structurestructure","1","structure","positionright","validityvalid","test","4","neutral","singlestim","123","117922","290","â€šÃ³Ã¨","77","dotpositionright","singlestim","124","118265","m","right","correct","1","","1","trialend","singlestim","125","119278"
"5717","Subject78","1","passionatepassionate","1","passionate","positionleft","validityinvalid","test","4","positive","singlestim","127","121283","433","â€šÃ³Ã¨","77","dotpositionright","singlestim","128","121768","m","right","correct","1","","1","trialend","singlestim","129","122782"
"6014","Subject78","1","doubledouble","1","double","positionright","validityvalid","test","4","neutral","singlestim","131","124786","266","â€šÃ³Ã¨","77","dotpositionright","singlestim","132","125105","m","right","correct","1","","1","trialend","singlestim","133","126118"
"6311","Subject78","1","deceaseddeceased","1","deceased","positionright","validityvalid","test","4","suicide","singlestim","135","128123","305","â€šÃ³Ã¨","77","dotpositionright","singlestim","136","128481","m","right","correct","1","","1","trialend","singlestim","137","129494"
"6608","Subject78","1","alonealone","1","alone","positionleft","validityvalid","test","4","negative","singlestim","139","131498","314","â€šÃ³Ã¨","67","dotpositionleft","singlestim","140","131864","c","left","correct","1","","1","trialend","singlestim","141","132877"
"6905","Subject78","1","ecstaticecstatic","1","ecstatic","positionright","validityvalid","test","4","positive","singlestim","143","134882","275","â€šÃ³Ã¨","77","dotpositionright","singlestim","144","135209","m","right","correct","1","","1","trialend","singlestim","145","136222"
"7202","Subject78","1","successsuccess","1","success","positionleft","validityvalid","test","4","positive","singlestim","147","138226","300","â€šÃ³Ã¨","67","dotpositionleft","singlestim","148","138577","c","left","correct","1","","1","trialend","singlestim","149","139590"
"7499","Subject78","1","frameframe","1","frame","positionleft","validityinvalid","test","4","neutral","singlestim","151","141593","476","â€šÃ³Ã¨","77","dotpositionright","singlestim","152","142120","m","right","correct","1","","1","trialend","singlestim","153","143133"
"7796","Subject78","1","stupidstupid","1","stupid","positionleft","validityvalid","test","4","negative","singlestim","155","145137","419","â€šÃ³Ã¨","67","dotpositionleft","singlestim","156","145608","c","left","correct","1","","1","trialend","singlestim","157","146622"
"8093","Subject78","1","hanginghanging","1","hanging","positionleft","validityvalid","test","4","suicide","singlestim","159","148626","331","â€šÃ³Ã¨","67","dotpositionleft","singlestim","160","149008","c","left","correct","1","","1","trialend","singlestim","161","150020"
"8390","Subject78","1","ashamedashamed","1","ashamed","positionright","validityinvalid","test","4","negative","singlestim","163","152024","396","â€šÃ³Ã¨","67","dotpositionleft","singlestim","164","152472","c","left","correct","1","","1","trialend","singlestim","165","153484"
"8687","Subject78","1","wohlesswohless","1","wohless","positionright","validityvalid","test","4","negative","singlestim","167","155488","355","â€šÃ³Ã¨","77","dotpositionright","singlestim","168","155895","m","right","correct","1","","1","trialend","singlestim","169","156909"
"8984","Subject78","1","suicidesuicide","1","suicide","positionright","validityinvalid","test","4","suicide","singlestim","171","158912","491","â€šÃ³Ã¨","67","dotpositionleft","singlestim","172","159456","c","left","correct","1","","1","trialend","singlestim","173","160469"
"9281","Subject78","1","killingkilling","1","killing","positionleft","validityvalid","test","4","suicide","singlestim","175","162473","339","â€šÃ³Ã¨","67","dotpositionleft","singlestim","176","162864","c","left","correct","1","","1","trialend","singlestim","177","163876"
"9578","Subject78","1","strongstrong","1","strong","positionleft","validityvalid","test","3","positive","singlestim","179","165879","316","â€šÃ³Ã¨","67","dotpositionleft","singlestim","180","166247","c","left","correct","1","","1","trialend","singlestim","181","167261"
"9875","Subject78","1","happyhappy","1","happy","positionright","validityvalid","test","3","positive","singlestim","183","169265","266","â€šÃ³Ã¨","77","dotpositionright","singlestim","184","169583","m","right","correct","1","","1","trialend","singlestim","185","170596"
"10172","Subject78","1","metermeter","1","meter","positionleft","validityvalid","test","3","neutral","singlestim","187","172599","292","â€šÃ³Ã¨","67","dotpositionleft","singlestim","188","172943","c","left","correct","1","","1","trialend","singlestim","189","173956"
"10469","Subject78","1","bombbomb","1","bomb","positionright","validityvalid","test","3","negative","singlestim","191","175960","299","â€šÃ³Ã¨","77","dotpositionright","singlestim","192","176311","m","right","correct","1","","1","trialend","singlestim","193","177325"
"10766","Subject78","1","touretoure","1","toure","positionleft","validityvalid","test","3","negative","singlestim","195","179329","427","â€šÃ³Ã¨","67","dotpositionleft","singlestim","196","179806","c","left","correct","1","","1","trialend","singlestim","197","180820"
"11063","Subject78","1","assaultassault","1","assault","positionleft","validityinvalid","test","3","negative","singlestim","199","182824","355","â€šÃ³Ã¨","77","dotpositionright","singlestim","200","183231","m","right","correct","1","","1","trialend","singlestim","201","184245"
"11360","Subject78","1","diedie","1","die","positionright","validityvalid","test","3","suicide","singlestim","203","186249","257","â€šÃ³Ã¨","77","dotpositionright","singlestim","204","186559","m","right","correct","1","","1","trialend","singlestim","205","187572"
"11657","Subject78","1","greengreen","1","green","positionright","validityvalid","test","3","neutral","singlestim","207","189576","261","â€šÃ³Ã¨","77","dotpositionright","singlestim","208","189887","m","right","correct","1","","1","trialend","singlestim","209","190900"
"11954","Subject78","1","deaddead","1","dead","positionleft","validityinvalid","test","3","suicide","singlestim","211","192905","370","â€šÃ³Ã¨","77","dotpositionright","singlestim","212","193327","m","right","correct","1","","1","trialend","singlestim","213","194340"
"12251","Subject78","1","smilesmile","1","smile","positionleft","validityvalid","test","3","positive","singlestim","215","196343","332","â€šÃ³Ã¨","67","dotpositionleft","singlestim","216","196727","c","left","correct","1","","1","trialend","singlestim","217","197740"
"12548","Subject78","1","dyingdying","1","dying","positionleft","validityvalid","test","3","suicide","singlestim","219","199744","307","â€šÃ³Ã¨","67","dotpositionleft","singlestim","220","200103","c","left","correct","1","","1","trialend","singlestim","221","201116"
"12845","Subject78","1","closetcloset","1","closet","positionright","validityinvalid","test","3","neutral","singlestim","223","203121","474","â€šÃ³Ã¨","67","dotpositionleft","singlestim","224","203647","c","left","correct","1","","1","trialend","singlestim","225","204660"
"13142","Subject78","1","kisskiss","1","kiss","positionright","validityinvalid","test","3","positive","singlestim","227","206664","411","â€šÃ³Ã¨","67","dotpositionleft","singlestim","228","207127","c","left","correct","1","","1","trialend","singlestim","229","208140"
"13439","Subject78","1","museummuseum","1","museum","positionleft","validityvalid","test","3","neutral","singlestim","231","210143","315","â€šÃ³Ã¨","67","dotpositionleft","singlestim","232","210511","c","left","correct","1","","1","trialend","singlestim","233","211524"
"13736","Subject78","1","cuttingcutting","1","cutting","positionright","validityvalid","test","3","suicide","singlestim","235","213527","339","â€šÃ³Ã¨","77","dotpositionright","singlestim","236","213918","m","right","correct","1","","1","trialend","singlestim","237","214932"
"14033","Subject78","1","rejectedrejected","1","rejected","positionright","validityvalid","test","3","negative","singlestim","239","216936","347","â€šÃ³Ã¨","77","dotpositionright","singlestim","240","217334","m","right","correct","1","","1","trialend","singlestim","241","218348"
"14330","Subject78","1","pleasurepleasure","1","pleasure","positionleft","validityvalid","test","2","positive","singlestim","243","220352","362","â€šÃ³Ã¨","67","dotpositionleft","singlestim","244","220766","c","left","correct","1","","1","trialend","singlestim","245","221780"
"14627","Subject78","1","braverybravery","1","bravery","positionleft","validityvalid","test","2","positive","singlestim","247","223784","298","â€šÃ³Ã¨","67","dotpositionleft","singlestim","248","224134","c","left","correct","1","","1","trialend","singlestim","249","225147"
"14924","Subject78","1","foamfoam","1","foam","positionright","validityvalid","test","2","neutral","singlestim","251","227152","323","â€šÃ³Ã¨","77","dotpositionright","singlestim","252","227526","m","right","correct","1","","1","trialend","singlestim","253","228539"
"15221","Subject78","1","paperpaper","1","paper","positionleft","validityvalid","test","2","neutral","singlestim","255","230544","338","â€šÃ³Ã¨","67","dotpositionleft","singlestim","256","230933","c","left","correct","1","","1","trialend","singlestim","257","231947"
"15518","Subject78","1","deathdeath","1","death","positionright","validityvalid","test","2","suicide","singlestim","259","233951","259","â€šÃ³Ã¨","77","dotpositionright","singlestim","260","234262","m","right","correct","1","","1","trialend","singlestim","261","235275"
"15815","Subject78","1","filthyfilthy","1","filthy","positionleft","validityinvalid","test","2","negative","singlestim","263","237279","370","â€šÃ³Ã¨","77","dotpositionright","singlestim","264","237702","m","right","correct","1","","1","trialend","singlestim","265","238715"
"16112","Subject78","1","horsehorse","1","horse","positionleft","validityinvalid","test","2","neutral","singlestim","267","240718","315","â€šÃ³Ã¨","77","dotpositionright","singlestim","268","241086","m","right","correct","1","","1","trialend","singlestim","269","242098"
"16409","Subject78","1","enthusiasmenthusiasm","1","enthusiasm","positionright","validityvalid","test","2","positive","singlestim","271","244102","323","â€šÃ³Ã¨","77","dotpositionright","singlestim","272","244477","m","right","correct","1","","1","trialend","singlestim","273","245491"
"16706","Subject78","1","failurefailure","1","failure","positionleft","validityvalid","test","2","negative","singlestim","275","247495","322","â€šÃ³Ã¨","67","dotpositionleft","singlestim","276","247869","c","left","correct","1","","1","trialend","singlestim","277","248882"
"17003","Subject78","1","tabletable","1","table","positionright","validityvalid","test","2","neutral","singlestim","279","250886","195","â€šÃ³Ã¨","77","dotpositionright","singlestim","280","251133","m","right","correct","1","","1","trialend","singlestim","281","252146"
"17300","Subject78","1","noosenoose","1","noose","positionleft","validityvalid","test","2","suicide","singlestim","283","254151","571","â€šÃ³Ã¨","67","dotpositionleft","singlestim","284","254773","c","left","correct","1","","1","trialend","singlestim","285","255785"
"17597","Subject78","1","corpsecorpse","1","corpse","positionleft","validityvalid","test","2","suicide","singlestim","287","257789","309","â€šÃ³Ã¨","67","dotpositionleft","singlestim","288","258149","c","left","correct","1","","1","trialend","singlestim","289","259163"
"17894","Subject78","1","overdoseoverdose","1","overdose","positionright","validityinvalid","test","2","suicide","singlestim","291","261167","313","â€šÃ³Ã¨","77","dotpositionleft","singlestim","292","261533","m","right","incorrect","1","","1","trialend","singlestim","293","262546"
"18191","Subject78","1","abuseabuse","1","abuse","positionright","validityvalid","test","2","negative","singlestim","295","264550","434","â€šÃ³Ã¨","77","dotpositionright","singlestim","296","265037","m","right","correct","1","","1","trialend","singlestim","297","266050"
"18488","Subject78","1","lovelove","1","love","positionright","validityinvalid","test","2","positive","singlestim","299","268054","411","â€šÃ³Ã¨","67","dotpositionleft","singlestim","300","268517","c","left","correct","1","","1","trialend","singlestim","301","269530"
"18785","Subject78","1","cruelcruel","1","cruel","positionright","validityvalid","test","2","negative","singlestim","303","271534","420","â€šÃ³Ã¨","77","dotpositionright","singlestim","304","272005","m","right","correct","1","","1","trialend","singlestim","305","273019"
