"","SubjectID","rt","stimulus","keypress","word","wordposition","validity","block","blocknum","wordtype","trialtype","trialindex","timeelapsed","rt.1","stimulus.1","keypress.1","dotposition","trialtype.1","trialindex.1","timeelapsed.1","keypressed","participantresponse","correctresponse","rt.2","stimulus.2","keypress.2","blocktrial","trialtype.2","trialindex.2","timeelapsed.2"
"70","Subject73","1","overdoseoverdose","1","overdose","positionright","validityinvalid","test","2","suicide","singlestim","51","117343","373","â€šÃ³Ã¨","67","dotpositionleft","singlestim","52","117769","c","left","correct","1","","1","trialend","singlestim","53","118783"
"367","Subject73","1","noosenoose","1","noose","positionleft","validityvalid","test","2","suicide","singlestim","55","120787","480","â€šÃ³Ã¨","67","dotpositionleft","singlestim","56","121320","c","left","correct","1","","1","trialend","singlestim","57","122334"
"664","Subject73","1","paperpaper","1","paper","positionleft","validityvalid","test","2","neutral","singlestim","59","124338","357","â€šÃ³Ã¨","67","dotpositionleft","singlestim","60","124747","c","left","correct","1","","1","trialend","singlestim","61","125760"
"961","Subject73","1","horsehorse","1","horse","positionleft","validityinvalid","test","2","neutral","singlestim","63","127764","347","â€šÃ³Ã¨","77","dotpositionright","singlestim","64","128163","m","right","correct","1","","1","trialend","singlestim","65","129176"
"1258","Subject73","1","enthusiasmenthusiasm","1","enthusiasm","positionright","validityvalid","test","2","positive","singlestim","67","131181","395","â€šÃ³Ã¨","77","dotpositionright","singlestim","68","131627","m","right","correct","1","","1","trialend","singlestim","69","132639"
"1555","Subject73","1","filthyfilthy","1","filthy","positionleft","validityinvalid","test","2","negative","singlestim","71","134643","433","â€šÃ³Ã¨","77","dotpositionright","singlestim","72","135128","m","right","correct","1","","1","trialend","singlestim","73","136140"
"1852","Subject73","1","lovelove","1","love","positionright","validityinvalid","test","2","positive","singlestim","75","138144","315","â€šÃ³Ã¨","67","dotpositionleft","singlestim","76","138512","c","left","correct","1","","1","trialend","singlestim","77","139525"
"2149","Subject73","1","pleasurepleasure","1","pleasure","positionleft","validityvalid","test","2","positive","singlestim","79","141529","370","â€šÃ³Ã¨","67","dotpositionleft","singlestim","80","141952","c","left","correct","1","","1","trialend","singlestim","81","142965"
"2446","Subject73","1","braverybravery","1","bravery","positionleft","validityvalid","test","2","positive","singlestim","83","144968","433","â€šÃ³Ã¨","67","dotpositionleft","singlestim","84","145454","c","left","correct","1","","1","trialend","singlestim","85","146466"
"2743","Subject73","1","failurefailure","1","failure","positionleft","validityvalid","test","2","negative","singlestim","87","148470","377","â€šÃ³Ã¨","67","dotpositionleft","singlestim","88","148899","c","left","correct","1","","1","trialend","singlestim","89","149913"
"3040","Subject73","1","foamfoam","1","foam","positionright","validityvalid","test","2","neutral","singlestim","91","151917","405","â€šÃ³Ã¨","77","dotpositionright","singlestim","92","152374","m","right","correct","1","","1","trialend","singlestim","93","153387"
"3337","Subject73","1","cruelcruel","1","cruel","positionright","validityvalid","test","2","negative","singlestim","95","155391","410","â€šÃ³Ã¨","77","dotpositionright","singlestim","96","155853","m","right","correct","1","","1","trialend","singlestim","97","156867"
"3634","Subject73","1","tabletable","1","table","positionright","validityvalid","test","2","neutral","singlestim","99","158871","612","â€šÃ³Ã¨","77","dotpositionright","singlestim","100","159534","m","right","correct","1","","1","trialend","singlestim","101","160547"
"3931","Subject73","1","corpsecorpse","1","corpse","positionleft","validityvalid","test","2","suicide","singlestim","103","162550","407","â€šÃ³Ã¨","67","dotpositionleft","singlestim","104","163009","c","left","correct","1","","1","trialend","singlestim","105","164024"
"4228","Subject73","1","abuseabuse","1","abuse","positionright","validityvalid","test","2","negative","singlestim","107","166028","391","â€šÃ³Ã¨","77","dotpositionright","singlestim","108","166472","m","right","correct","1","","1","trialend","singlestim","109","167485"
"4525","Subject73","1","deathdeath","1","death","positionright","validityvalid","test","2","suicide","singlestim","111","169488","1536","â€šÃ³Ã¨","77","dotpositionright","singlestim","112","171075","m","right","correct","1","","1","trialend","singlestim","113","172090"
"4822","Subject73","1","smilesmile","1","smile","positionleft","validityvalid","test","3","positive","singlestim","115","174094","379","â€šÃ³Ã¨","67","dotpositionleft","singlestim","116","174524","c","left","correct","1","","1","trialend","singlestim","117","175538"
"5119","Subject73","1","metermeter","1","meter","positionleft","validityvalid","test","3","neutral","singlestim","119","177542","338","â€šÃ³Ã¨","67","dotpositionleft","singlestim","120","177932","c","left","correct","1","","1","trialend","singlestim","121","178945"
"5416","Subject73","1","dyingdying","1","dying","positionleft","validityvalid","test","3","suicide","singlestim","123","180948","379","â€šÃ³Ã¨","67","dotpositionleft","singlestim","124","181380","c","left","correct","1","","1","trialend","singlestim","125","182393"
"5713","Subject73","1","happyhappy","1","happy","positionright","validityvalid","test","3","positive","singlestim","127","184397","418","â€šÃ³Ã¨","77","dotpositionright","singlestim","128","184868","m","right","correct","1","","1","trialend","singlestim","129","185881"
"6010","Subject73","1","bombbomb","1","bomb","positionright","validityvalid","test","3","negative","singlestim","131","187885","382","â€šÃ³Ã¨","77","dotpositionright","singlestim","132","188318","m","right","correct","1","","1","trialend","singlestim","133","189332"
"6307","Subject73","1","kisskiss","1","kiss","positionright","validityinvalid","test","3","positive","singlestim","135","191335","403","â€šÃ³Ã¨","67","dotpositionleft","singlestim","136","191789","c","left","correct","1","","1","trialend","singlestim","137","192801"
"6604","Subject73","1","assaultassault","1","assault","positionleft","validityinvalid","test","3","negative","singlestim","139","194805","564","â€šÃ³Ã¨","77","dotpositionright","singlestim","140","195421","m","right","correct","1","","1","trialend","singlestim","141","196434"
"6901","Subject73","1","closetcloset","1","closet","positionright","validityinvalid","test","3","neutral","singlestim","143","198438","386","â€šÃ³Ã¨","67","dotpositionleft","singlestim","144","198877","c","left","correct","1","","1","trialend","singlestim","145","199890"
"7198","Subject73","1","strongstrong","1","strong","positionleft","validityvalid","test","3","positive","singlestim","147","201894","363","â€šÃ³Ã¨","67","dotpositionleft","singlestim","148","202309","c","left","correct","1","","1","trialend","singlestim","149","203321"
"7495","Subject73","1","greengreen","1","green","positionright","validityvalid","test","3","neutral","singlestim","151","205324","362","â€šÃ³Ã¨","77","dotpositionright","singlestim","152","205737","m","right","correct","1","","1","trialend","singlestim","153","206750"
"7792","Subject73","1","cuttingcutting","1","cutting","positionright","validityvalid","test","3","suicide","singlestim","155","208753","612","â€šÃ³Ã¨","77","dotpositionright","singlestim","156","209416","m","right","correct","1","","1","trialend","singlestim","157","210430"
"8089","Subject73","1","rejectedrejected","1","rejected","positionright","validityvalid","test","3","negative","singlestim","159","212433","429","â€šÃ³Ã¨","77","dotpositionright","singlestim","160","212912","m","right","correct","1","","1","trialend","singlestim","161","213925"
"8386","Subject73","1","diedie","1","die","positionright","validityvalid","test","3","suicide","singlestim","163","215928","492","â€šÃ³Ã¨","77","dotpositionright","singlestim","164","216472","m","right","correct","1","","1","trialend","singlestim","165","217485"
"8683","Subject73","1","museummuseum","1","museum","positionleft","validityvalid","test","3","neutral","singlestim","167","219489","331","â€šÃ³Ã¨","67","dotpositionleft","singlestim","168","219872","c","left","correct","1","","1","trialend","singlestim","169","220885"
"8980","Subject73","1","deaddead","1","dead","positionleft","validityinvalid","test","3","suicide","singlestim","171","222889","482","â€šÃ³Ã¨","77","dotpositionright","singlestim","172","223424","m","right","correct","1","","1","trialend","singlestim","173","224436"
"9277","Subject73","1","touretoure","1","toure","positionleft","validityvalid","test","3","negative","singlestim","175","226440","395","â€šÃ³Ã¨","67","dotpositionleft","singlestim","176","226888","c","left","correct","1","","1","trialend","singlestim","177","227900"
"9574","Subject73","1","structurestructure","1","structure","positionright","validityvalid","test","4","neutral","singlestim","179","229904","324","â€šÃ³Ã¨","77","dotpositionright","singlestim","180","230280","m","right","correct","1","","1","trialend","singlestim","181","231292"
"9871","Subject73","1","suicidesuicide","1","suicide","positionright","validityinvalid","test","4","suicide","singlestim","183","233296","428","â€šÃ³Ã¨","67","dotpositionleft","singlestim","184","233775","c","left","correct","1","","1","trialend","singlestim","185","234789"
"10168","Subject73","1","ashamedashamed","1","ashamed","positionright","validityinvalid","test","4","negative","singlestim","187","236792","380","â€šÃ³Ã¨","67","dotpositionleft","singlestim","188","237224","c","left","correct","1","","1","trialend","singlestim","189","238236"
"10465","Subject73","1","alonealone","1","alone","positionleft","validityvalid","test","4","negative","singlestim","191","240240","356","â€šÃ³Ã¨","67","dotpositionleft","singlestim","192","240647","c","left","correct","1","","1","trialend","singlestim","193","241660"
"10762","Subject73","1","hanginghanging","1","hanging","positionleft","validityvalid","test","4","suicide","singlestim","195","243664","332","â€šÃ³Ã¨","67","dotpositionleft","singlestim","196","244047","c","left","correct","1","","1","trialend","singlestim","197","245060"
"11059","Subject73","1","ecstaticecstatic","1","ecstatic","positionright","validityvalid","test","4","positive","singlestim","199","247064","340","â€šÃ³Ã¨","77","dotpositionright","singlestim","200","247455","m","right","correct","1","","1","trialend","singlestim","201","248468"
"11356","Subject73","1","successsuccess","1","success","positionleft","validityvalid","test","4","positive","singlestim","203","250472","299","â€šÃ³Ã¨","67","dotpositionleft","singlestim","204","250823","c","left","correct","1","","1","trialend","singlestim","205","251836"
"11653","Subject73","1","killingkilling","1","killing","positionleft","validityvalid","test","4","suicide","singlestim","207","253840","451","â€šÃ³Ã¨","67","dotpositionleft","singlestim","208","254343","c","left","correct","1","","1","trialend","singlestim","209","255355"
"11950","Subject73","1","frameframe","1","frame","positionleft","validityinvalid","test","4","neutral","singlestim","211","257358","428","â€šÃ³Ã¨","77","dotpositionright","singlestim","212","257839","m","right","correct","1","","1","trialend","singlestim","213","258852"
"12247","Subject73","1","doubledouble","1","double","positionright","validityvalid","test","4","neutral","singlestim","215","260856","387","â€šÃ³Ã¨","77","dotpositionright","singlestim","216","261295","m","right","correct","1","","1","trialend","singlestim","217","262308"
"12544","Subject73","1","deceaseddeceased","1","deceased","positionright","validityvalid","test","4","suicide","singlestim","219","264312","395","â€šÃ³Ã¨","77","dotpositionright","singlestim","220","264759","m","right","correct","1","","1","trialend","singlestim","221","265772"
"12841","Subject73","1","wohlesswohless","1","wohless","positionright","validityvalid","test","4","negative","singlestim","223","267776","347","â€šÃ³Ã¨","77","dotpositionright","singlestim","224","268174","m","right","correct","1","","1","trialend","singlestim","225","269188"
"13138","Subject73","1","passionatepassionate","1","passionate","positionleft","validityinvalid","test","4","positive","singlestim","227","271192","395","â€šÃ³Ã¨","77","dotpositionright","singlestim","228","271638","m","right","correct","1","","1","trialend","singlestim","229","272653"
"13435","Subject73","1","stupidstupid","1","stupid","positionleft","validityvalid","test","4","negative","singlestim","231","274656","337","â€šÃ³Ã¨","67","dotpositionleft","singlestim","232","275046","c","left","correct","1","","1","trialend","singlestim","233","276059"
"13732","Subject73","1","engineengine","1","engine","positionleft","validityvalid","test","4","neutral","singlestim","235","278062","363","â€šÃ³Ã¨","67","dotpositionleft","singlestim","236","278478","c","left","correct","1","","1","trialend","singlestim","237","279491"
"14029","Subject73","1","laughlaugh","1","laugh","positionright","validityvalid","test","4","positive","singlestim","239","281495","370","â€šÃ³Ã¨","77","dotpositionright","singlestim","240","281918","m","right","correct","1","","1","trialend","singlestim","241","282930"
"14326","Subject73","1","patheticpathetic","1","pathetic","positionleft","validityvalid","test","1","negative","singlestim","243","284934","436","â€šÃ³Ã¨","67","dotpositionleft","singlestim","244","285422","c","left","correct","1","","1","trialend","singlestim","245","286435"
"14623","Subject73","1","suffocationsuffocation","1","suffocation","positionleft","validityinvalid","test","1","suicide","singlestim","247","288439","364","â€šÃ³Ã¨","77","dotpositionright","singlestim","248","288853","m","right","correct","1","","1","trialend","singlestim","249","289865"
"14920","Subject73","1","paradiseparadise","1","paradise","positionleft","validityvalid","test","1","positive","singlestim","251","291868","381","â€šÃ³Ã¨","67","dotpositionleft","singlestim","252","292301","c","left","correct","1","","1","trialend","singlestim","253","293315"
"15217","Subject73","1","statuestatue","1","statue","positionright","validityinvalid","test","1","neutral","singlestim","255","295319","426","â€šÃ³Ã¨","67","dotpositionleft","singlestim","256","295797","c","left","correct","1","","1","trialend","singlestim","257","296809"
"15514","Subject73","1","greatgreat","1","great","positionright","validityvalid","test","1","positive","singlestim","259","298813","468","â€šÃ³Ã¨","77","dotpositionright","singlestim","260","299333","m","right","correct","1","","1","trialend","singlestim","261","300347"
"15811","Subject73","1","hatehate","1","hate","positionright","validityinvalid","test","1","negative","singlestim","263","302350","579","â€šÃ³Ã¨","67","dotpositionleft","singlestim","264","302981","c","left","correct","1","","1","trialend","singlestim","265","303994"
"16108","Subject73","1","attractionattraction","1","attraction","positionright","validityvalid","test","1","positive","singlestim","267","305998","367","â€šÃ³Ã¨","77","dotpositionright","singlestim","268","306416","m","right","correct","1","","1","trialend","singlestim","269","307429"
"16405","Subject73","1","cheesecheese","1","cheese","positionright","validityvalid","test","1","neutral","singlestim","271","309433","482","â€šÃ³Ã¨","77","dotpositionright","singlestim","272","309968","m","right","correct","1","","1","trialend","singlestim","273","310981"
"16702","Subject73","1","cryingcrying","1","crying","positionright","validityvalid","test","1","negative","singlestim","275","312985","498","â€šÃ³Ã¨","77","dotpositionright","singlestim","276","313536","m","right","correct","1","","1","trialend","singlestim","277","314549"
"16999","Subject73","1","healthyhealthy","1","healthy","positionleft","validityinvalid","test","1","positive","singlestim","279","316553","818","â€šÃ³Ã¨","77","dotpositionright","singlestim","280","317424","m","right","correct","1","","1","trialend","singlestim","281","318437"
"17296","Subject73","1","vomitvomit","1","vomit","positionleft","validityvalid","test","1","negative","singlestim","283","320441","410","â€šÃ³Ã¨","67","dotpositionleft","singlestim","284","320901","c","left","correct","1","","1","trialend","singlestim","285","321914"
"17593","Subject73","1","gunshotgunshot","1","gunshot","positionright","validityvalid","test","1","suicide","singlestim","287","323918","540","â€šÃ³Ã¨","77","dotpositionright","singlestim","288","324510","m","right","correct","1","","1","trialend","singlestim","289","325523"
"17890","Subject73","1","bloodblood","1","blood","positionleft","validityvalid","test","1","suicide","singlestim","291","327526","499","â€šÃ³Ã¨","67","dotpositionleft","singlestim","292","328077","c","left","correct","1","","1","trialend","singlestim","293","329090"
"18187","Subject73","1","funeralfuneral","1","funeral","positionright","validityvalid","test","1","suicide","singlestim","295","331094","404","â€šÃ³Ã¨","77","dotpositionright","singlestim","296","331549","m","right","correct","1","","1","trialend","singlestim","297","332562"
"18484","Subject73","1","foldedfolded","1","folded","positionleft","validityvalid","test","1","neutral","singlestim","299","334564","374","â€šÃ³Ã¨","67","dotpositionleft","singlestim","300","334989","c","left","correct","1","","1","trialend","singlestim","301","336003"
"18781","Subject73","1","imageimage","1","image","positionleft","validityvalid","test","1","neutral","singlestim","303","338007","847","â€šÃ³Ã¨","67","dotpositionleft","singlestim","304","338905","c","left","correct","1","","1","trialend","singlestim","305","339917"
