"","SubjectID","rt","stimulus","keypress","word","wordposition","validity","block","blocknum","wordtype","trialtype","trialindex","timeelapsed","rt.1","stimulus.1","keypress.1","dotposition","trialtype.1","trialindex.1","timeelapsed.1","keypressed","participantresponse","correctresponse","rt.2","stimulus.2","keypress.2","blocktrial","trialtype.2","trialindex.2","timeelapsed.2"
"95","Subject100","1","metermeter","1","meter","positionleft","validityvalid","test","3","neutral","singlestim","51","73278","591","â€šÃ³Ã¨","67","dotpositionleft","singlestim","52","73922","c","left","correct","1","","1","trialend","singlestim","53","74936"
"392","Subject100","1","bombbomb","1","bomb","positionright","validityvalid","test","3","negative","singlestim","55","76941","861","â€šÃ³Ã¨","77","dotpositionright","singlestim","56","77854","m","right","correct","1","","1","trialend","singlestim","57","78866"
"689","Subject100","1","assaultassault","1","assault","positionleft","validityinvalid","test","3","negative","singlestim","59","80870","394","â€šÃ³Ã¨","77","dotpositionright","singlestim","60","81314","m","right","correct","1","","1","trialend","singlestim","61","82328"
"986","Subject100","1","cuttingcutting","1","cutting","positionright","validityvalid","test","3","suicide","singlestim","63","84331","537","â€šÃ³Ã¨","77","dotpositionright","singlestim","64","84920","m","right","correct","1","","1","trialend","singlestim","65","85933"
"1283","Subject100","1","diedie","1","die","positionright","validityvalid","test","3","suicide","singlestim","67","87938","423","â€šÃ³Ã¨","77","dotpositionright","singlestim","68","88414","m","right","correct","1","","1","trialend","singlestim","69","89427"
"1580","Subject100","1","rejectedrejected","1","rejected","positionright","validityvalid","test","3","negative","singlestim","71","91432","440","â€šÃ³Ã¨","77","dotpositionright","singlestim","72","91923","m","right","correct","1","","1","trialend","singlestim","73","92936"
"1877","Subject100","1","happyhappy","1","happy","positionright","validityvalid","test","3","positive","singlestim","75","94940","429","â€šÃ³Ã¨","77","dotpositionright","singlestim","76","95420","m","right","correct","1","","1","trialend","singlestim","77","96434"
"2174","Subject100","1","touretoure","1","toure","positionleft","validityvalid","test","3","negative","singlestim","79","98438","427","â€šÃ³Ã¨","67","dotpositionleft","singlestim","80","98918","c","left","correct","1","","1","trialend","singlestim","81","99932"
"2471","Subject100","1","dyingdying","1","dying","positionleft","validityvalid","test","3","suicide","singlestim","83","101936","374","â€šÃ³Ã¨","67","dotpositionleft","singlestim","84","102363","c","left","correct","1","","1","trialend","singlestim","85","103376"
"2768","Subject100","1","greengreen","1","green","positionright","validityvalid","test","3","neutral","singlestim","87","105381","804","â€šÃ³Ã¨","77","dotpositionright","singlestim","88","106238","m","right","correct","1","","1","trialend","singlestim","89","107335"
"3065","Subject100","1","kisskiss","1","kiss","positionright","validityinvalid","test","3","positive","singlestim","91","109341","380","â€šÃ³Ã¨","67","dotpositionleft","singlestim","92","109773","c","left","correct","1","","1","trialend","singlestim","93","110786"
"3362","Subject100","1","closetcloset","1","closet","positionright","validityinvalid","test","3","neutral","singlestim","95","112790","450","â€šÃ³Ã¨","67","dotpositionleft","singlestim","96","113291","c","left","correct","1","","1","trialend","singlestim","97","114311"
"3659","Subject100","1","deaddead","1","dead","positionleft","validityinvalid","test","3","suicide","singlestim","99","116318","436","â€šÃ³Ã¨","77","dotpositionright","singlestim","100","116807","m","right","correct","1","","1","trialend","singlestim","101","117820"
"3956","Subject100","1","strongstrong","1","strong","positionleft","validityvalid","test","3","positive","singlestim","103","119823","588","â€šÃ³Ã¨","67","dotpositionleft","singlestim","104","120463","c","left","correct","1","","1","trialend","singlestim","105","121475"
"4253","Subject100","1","museummuseum","1","museum","positionleft","validityvalid","test","3","neutral","singlestim","107","123480","495","â€šÃ³Ã¨","67","dotpositionleft","singlestim","108","124026","c","left","correct","1","","1","trialend","singlestim","109","125039"
"4550","Subject100","1","smilesmile","1","smile","positionleft","validityvalid","test","3","positive","singlestim","111","127213","562","â€šÃ³Ã¨","67","dotpositionleft","singlestim","112","127827","c","left","correct","1","","1","trialend","singlestim","113","128841"
"4847","Subject100","1","hanginghanging","1","hanging","positionleft","validityvalid","test","4","suicide","singlestim","115","130845","647","â€šÃ³Ã¨","67","dotpositionleft","singlestim","116","131544","c","left","correct","1","","1","trialend","singlestim","117","132556"
"5144","Subject100","1","alonealone","1","alone","positionleft","validityvalid","test","4","negative","singlestim","119","134560","382","â€šÃ³Ã¨","67","dotpositionleft","singlestim","120","134993","c","left","correct","1","","1","trialend","singlestim","121","136006"
"5441","Subject100","1","wohlesswohless","1","wohless","positionright","validityvalid","test","4","negative","singlestim","123","138025","437","â€šÃ³Ã¨","77","dotpositionright","singlestim","124","138514","m","right","correct","1","","1","trialend","singlestim","125","139527"
"5738","Subject100","1","passionatepassionate","1","passionate","positionleft","validityinvalid","test","4","positive","singlestim","127","141531","405","â€šÃ³Ã¨","77","dotpositionright","singlestim","128","141989","m","right","correct","1","","1","trialend","singlestim","129","143002"
"6035","Subject100","1","frameframe","1","frame","positionleft","validityinvalid","test","4","neutral","singlestim","131","145006","481","â€šÃ³Ã¨","77","dotpositionright","singlestim","132","145539","m","right","correct","1","","1","trialend","singlestim","133","146552"
"6332","Subject100","1","killingkilling","1","killing","positionleft","validityvalid","test","4","suicide","singlestim","135","148557","564","â€šÃ³Ã¨","67","dotpositionleft","singlestim","136","149172","c","left","correct","1","","1","trialend","singlestim","137","150185"
"6629","Subject100","1","deceaseddeceased","1","deceased","positionright","validityvalid","test","4","suicide","singlestim","139","152189","673","â€šÃ³Ã¨","77","dotpositionright","singlestim","140","152920","m","right","correct","1","","1","trialend","singlestim","141","153935"
"6926","Subject100","1","engineengine","1","engine","positionleft","validityvalid","test","4","neutral","singlestim","143","155940","862","â€šÃ³Ã¨","67","dotpositionleft","singlestim","144","156855","c","left","correct","1","","1","trialend","singlestim","145","157869"
"7223","Subject100","1","structurestructure","1","structure","positionright","validityvalid","test","4","neutral","singlestim","147","159874","504","â€šÃ³Ã¨","77","dotpositionright","singlestim","148","160429","m","right","correct","1","","1","trialend","singlestim","149","161443"
"7520","Subject100","1","stupidstupid","1","stupid","positionleft","validityvalid","test","4","negative","singlestim","151","163447","721","â€šÃ³Ã¨","67","dotpositionleft","singlestim","152","164221","c","left","correct","1","","1","trialend","singlestim","153","165233"
"7817","Subject100","1","doubledouble","1","double","positionright","validityvalid","test","4","neutral","singlestim","155","167238","357","â€šÃ³Ã¨","77","dotpositionright","singlestim","156","167647","m","right","correct","1","","1","trialend","singlestim","157","168660"
"8114","Subject100","1","ashamedashamed","1","ashamed","positionright","validityinvalid","test","4","negative","singlestim","159","170664","458","â€šÃ³Ã¨","67","dotpositionleft","singlestim","160","171174","c","left","correct","1","","1","trialend","singlestim","161","172187"
"8411","Subject100","1","successsuccess","1","success","positionleft","validityvalid","test","4","positive","singlestim","163","174190","532","â€šÃ³Ã¨","67","dotpositionleft","singlestim","164","174774","c","left","correct","1","","1","trialend","singlestim","165","175786"
"8708","Subject100","1","suicidesuicide","1","suicide","positionright","validityinvalid","test","4","suicide","singlestim","167","177791","523","â€šÃ³Ã¨","67","dotpositionleft","singlestim","168","178367","c","left","correct","1","","1","trialend","singlestim","169","179378"
"9005","Subject100","1","ecstaticecstatic","1","ecstatic","positionright","validityvalid","test","4","positive","singlestim","171","181382","1151","â€šÃ³Ã¨","77","dotpositionright","singlestim","172","182586","m","right","correct","1","","1","trialend","singlestim","173","183598"
"9302","Subject100","1","laughlaugh","1","laugh","positionright","validityvalid","test","4","positive","singlestim","175","185817","314","â€šÃ³Ã¨","77","dotpositionright","singlestim","176","186183","m","right","correct","1","","1","trialend","singlestim","177","187197"
"9599","Subject100","1","imageimage","1","image","positionleft","validityvalid","test","1","neutral","singlestim","179","189201","510","â€šÃ³Ã¨","67","dotpositionleft","singlestim","180","189764","c","left","correct","1","","1","trialend","singlestim","181","190778"
"9896","Subject100","1","cheesecheese","1","cheese","positionright","validityvalid","test","1","neutral","singlestim","183","192782","540","â€šÃ³Ã¨","77","dotpositionright","singlestim","184","193374","m","right","correct","1","","1","trialend","singlestim","185","194386"
"10193","Subject100","1","attractionattraction","1","attraction","positionright","validityvalid","test","1","positive","singlestim","187","196390","458","â€šÃ³Ã¨","77","dotpositionright","singlestim","188","196901","m","right","correct","1","","1","trialend","singlestim","189","197914"
"10490","Subject100","1","greatgreat","1","great","positionright","validityvalid","test","1","positive","singlestim","191","199917","610","â€šÃ³Ã¨","77","dotpositionright","singlestim","192","200580","m","right","correct","1","","1","trialend","singlestim","193","201593"
"10787","Subject100","1","cryingcrying","1","crying","positionright","validityvalid","test","1","negative","singlestim","195","203598","342","â€šÃ³Ã¨","77","dotpositionright","singlestim","196","203993","m","right","correct","1","","1","trialend","singlestim","197","205007"
"11084","Subject100","1","funeralfuneral","1","funeral","positionright","validityvalid","test","1","suicide","singlestim","199","207010","383","â€šÃ³Ã¨","77","dotpositionright","singlestim","200","207446","m","right","correct","1","","1","trialend","singlestim","201","208459"
"11381","Subject100","1","gunshotgunshot","1","gunshot","positionright","validityvalid","test","1","suicide","singlestim","203","210463","343","â€šÃ³Ã¨","77","dotpositionright","singlestim","204","210859","m","right","correct","1","","1","trialend","singlestim","205","211871"
"11678","Subject100","1","suffocationsuffocation","1","suffocation","positionleft","validityinvalid","test","1","suicide","singlestim","207","213875","317","â€šÃ³Ã¨","77","dotpositionright","singlestim","208","214243","m","right","correct","1","","1","trialend","singlestim","209","215358"
"11975","Subject100","1","hatehate","1","hate","positionright","validityinvalid","test","1","negative","singlestim","211","217363","547","â€šÃ³Ã¨","77","dotpositionleft","singlestim","212","217962","m","right","incorrect","1","","1","trialend","singlestim","213","218975"
"12272","Subject100","1","healthyhealthy","1","healthy","positionleft","validityinvalid","test","1","positive","singlestim","215","220979","466","â€šÃ³Ã¨","77","dotpositionright","singlestim","216","221497","m","right","correct","1","","1","trialend","singlestim","217","222511"
"12569","Subject100","1","bloodblood","1","blood","positionleft","validityvalid","test","1","suicide","singlestim","219","224515","427","â€šÃ³Ã¨","67","dotpositionleft","singlestim","220","224995","c","left","correct","1","","1","trialend","singlestim","221","226007"
"12866","Subject100","1","paradiseparadise","1","paradise","positionleft","validityvalid","test","1","positive","singlestim","223","228012","496","â€šÃ³Ã¨","67","dotpositionleft","singlestim","224","228560","c","left","correct","1","","1","trialend","singlestim","225","229572"
"13163","Subject100","1","statuestatue","1","statue","positionright","validityinvalid","test","1","neutral","singlestim","227","231576","470","â€šÃ³Ã¨","67","dotpositionleft","singlestim","228","232099","c","left","correct","1","","1","trialend","singlestim","229","233112"
"13460","Subject100","1","patheticpathetic","1","pathetic","positionleft","validityvalid","test","1","negative","singlestim","231","235116","483","â€šÃ³Ã¨","67","dotpositionleft","singlestim","232","235653","c","left","correct","1","","1","trialend","singlestim","233","236665"
"13757","Subject100","1","vomitvomit","1","vomit","positionleft","validityvalid","test","1","negative","singlestim","235","238674","478","â€šÃ³Ã¨","67","dotpositionleft","singlestim","236","239204","c","left","correct","1","","1","trialend","singlestim","237","240218"
"14054","Subject100","1","foldedfolded","1","folded","positionleft","validityvalid","test","1","neutral","singlestim","239","242223","452","â€šÃ³Ã¨","67","dotpositionleft","singlestim","240","242728","c","left","correct","1","","1","trialend","singlestim","241","243740"
"14351","Subject100","1","noosenoose","1","noose","positionleft","validityvalid","test","2","suicide","singlestim","243","245744","460","â€šÃ³Ã¨","67","dotpositionleft","singlestim","244","246256","c","left","correct","1","","1","trialend","singlestim","245","247268"
"14648","Subject100","379","cruelcruel","77","cruel","positionright","validityvalid","test","2","negative","singlestim","247","249273","428","â€šÃ³Ã¨","77","dotpositionright","singlestim","248","249752","m","right","correct","1","","1","trialend","singlestim","249","250764"
"14945","Subject100","1","paperpaper","1","paper","positionleft","validityvalid","test","2","neutral","singlestim","251","252767","684","â€šÃ³Ã¨","67","dotpositionleft","singlestim","252","253504","c","left","correct","1","","1","trialend","singlestim","253","254517"
"15242","Subject100","1","enthusiasmenthusiasm","1","enthusiasm","positionright","validityvalid","test","2","positive","singlestim","255","256522","545","â€šÃ³Ã¨","77","dotpositionright","singlestim","256","257119","m","right","correct","1","","1","trialend","singlestim","257","258133"
"15539","Subject100","1","foamfoam","1","foam","positionright","validityvalid","test","2","neutral","singlestim","259","260136","772","â€šÃ³Ã¨","77","dotpositionright","singlestim","260","260961","m","right","correct","1","","1","trialend","singlestim","261","261987"
"15836","Subject100","1","horsehorse","1","horse","positionleft","validityinvalid","test","2","neutral","singlestim","263","263990","459","â€šÃ³Ã¨","77","dotpositionright","singlestim","264","264502","m","right","correct","1","","1","trialend","singlestim","265","265555"
"16133","Subject100","1","tabletable","1","table","positionright","validityvalid","test","2","neutral","singlestim","267","267559","906","â€šÃ³Ã¨","77","dotpositionright","singlestim","268","268518","m","right","correct","1","","1","trialend","singlestim","269","269531"
"16430","Subject100","1","failurefailure","1","failure","positionleft","validityvalid","test","2","negative","singlestim","271","271539","1395","â€šÃ³Ã¨","67","dotpositionleft","singlestim","272","272986","c","left","correct","1","","1","trialend","singlestim","273","274000"
"16727","Subject100","1","overdoseoverdose","1","overdose","positionright","validityinvalid","test","2","suicide","singlestim","275","276005","1274","â€šÃ³Ã¨","67","dotpositionleft","singlestim","276","277331","c","left","correct","1","","1","trialend","singlestim","277","278344"
"17024","Subject100","1","filthyfilthy","1","filthy","positionleft","validityinvalid","test","2","negative","singlestim","279","280348","437","â€šÃ³Ã¨","77","dotpositionright","singlestim","280","280838","m","right","correct","1","","1","trialend","singlestim","281","281851"
"17321","Subject100","1","braverybravery","1","bravery","positionleft","validityvalid","test","2","positive","singlestim","283","283860","405","â€šÃ³Ã¨","67","dotpositionleft","singlestim","284","284318","c","left","correct","1","","1","trialend","singlestim","285","285331"
"17618","Subject100","1","corpsecorpse","1","corpse","positionleft","validityvalid","test","2","suicide","singlestim","287","287335","480","â€šÃ³Ã¨","67","dotpositionleft","singlestim","288","287867","c","left","correct","1","","1","trialend","singlestim","289","288881"
"17915","Subject100","1","abuseabuse","1","abuse","positionright","validityvalid","test","2","negative","singlestim","291","290885","383","â€šÃ³Ã¨","77","dotpositionright","singlestim","292","291320","m","right","correct","1","","1","trialend","singlestim","293","292331"
"18212","Subject100","1","deathdeath","1","death","positionright","validityvalid","test","2","suicide","singlestim","295","294334","300","â€šÃ³Ã¨","77","dotpositionright","singlestim","296","294686","m","right","correct","1","","1","trialend","singlestim","297","295699"
"18509","Subject100","1","pleasurepleasure","1","pleasure","positionleft","validityvalid","test","2","positive","singlestim","299","297703","427","â€šÃ³Ã¨","67","dotpositionleft","singlestim","300","298183","c","left","correct","1","","1","trialend","singlestim","301","299195"
"18806","Subject100","1","lovelove","1","love","positionright","validityinvalid","test","2","positive","singlestim","303","301198","643","â€šÃ³Ã¨","67","dotpositionleft","singlestim","304","301892","c","left","correct","1","","1","trialend","singlestim","305","302905"
