"","SubjectID","rt","stimulus","keypress","word","wordposition","validity","block","blocknum","wordtype","trialtype","trialindex","timeelapsed","rt.1","stimulus.1","keypress.1","dotposition","trialtype.1","trialindex.1","timeelapsed.1","keypressed","participantresponse","correctresponse","rt.2","stimulus.2","keypress.2","blocktrial","trialtype.2","trialindex.2","timeelapsed.2"
"14","Subject15","1","bombbomb","1","bomb","positionright","validityvalid","test","3","negative","singlestim","51","75956","341","â€šÃ³Ã¨","77","dotpositionright","singlestim","52","76348","m","right","correct","1","","1","trialend","singlestim","53","77362"
"311","Subject15","1","greengreen","1","green","positionright","validityvalid","test","3","neutral","singlestim","55","79365","403","â€šÃ³Ã¨","77","dotpositionright","singlestim","56","79819","m","right","correct","1","","1","trialend","singlestim","57","80832"
"608","Subject15","1","strongstrong","1","strong","positionleft","validityvalid","test","3","positive","singlestim","59","82835","451","â€šÃ³Ã¨","67","dotpositionleft","singlestim","60","83337","c","left","correct","1","","1","trialend","singlestim","61","84349"
"905","Subject15","1","happyhappy","1","happy","positionright","validityvalid","test","3","positive","singlestim","63","86352","334","â€šÃ³Ã¨","77","dotpositionright","singlestim","64","86736","m","right","correct","1","","1","trialend","singlestim","65","87748"
"1202","Subject15","1","deaddead","1","dead","positionleft","validityinvalid","test","3","suicide","singlestim","67","89752","366","â€šÃ³Ã¨","77","dotpositionright","singlestim","68","90171","m","right","correct","1","","1","trialend","singlestim","69","91183"
"1499","Subject15","1","kisskiss","1","kiss","positionright","validityinvalid","test","3","positive","singlestim","71","93187","475","â€šÃ³Ã¨","67","dotpositionleft","singlestim","72","93713","c","left","correct","1","","1","trialend","singlestim","73","94727"
"1796","Subject15","1","rejectedrejected","1","rejected","positionright","validityvalid","test","3","negative","singlestim","75","96730","372","â€šÃ³Ã¨","77","dotpositionright","singlestim","76","97153","m","right","correct","1","","1","trialend","singlestim","77","98164"
"2093","Subject15","1","smilesmile","1","smile","positionleft","validityvalid","test","3","positive","singlestim","79","100168","360","â€šÃ³Ã¨","67","dotpositionleft","singlestim","80","100580","c","left","correct","1","","1","trialend","singlestim","81","101593"
"2390","Subject15","1","closetcloset","1","closet","positionright","validityinvalid","test","3","neutral","singlestim","83","103597","405","â€šÃ³Ã¨","67","dotpositionleft","singlestim","84","104055","c","left","correct","1","","1","trialend","singlestim","85","105067"
"2687","Subject15","1","metermeter","1","meter","positionleft","validityvalid","test","3","neutral","singlestim","87","107070","367","â€šÃ³Ã¨","67","dotpositionleft","singlestim","88","107488","c","left","correct","1","","1","trialend","singlestim","89","108499"
"2984","Subject15","1","dyingdying","1","dying","positionleft","validityvalid","test","3","suicide","singlestim","91","110503","368","â€šÃ³Ã¨","67","dotpositionleft","singlestim","92","110923","c","left","correct","1","","1","trialend","singlestim","93","111936"
"3281","Subject15","1","assaultassault","1","assault","positionleft","validityinvalid","test","3","negative","singlestim","95","113939","368","â€šÃ³Ã¨","77","dotpositionright","singlestim","96","114357","m","right","correct","1","","1","trialend","singlestim","97","115369"
"3578","Subject15","1","museummuseum","1","museum","positionleft","validityvalid","test","3","neutral","singlestim","99","117371","370","â€šÃ³Ã¨","67","dotpositionleft","singlestim","100","117793","c","left","correct","1","","1","trialend","singlestim","101","118805"
"3875","Subject15","1","diedie","1","die","positionright","validityvalid","test","3","suicide","singlestim","103","120809","363","â€šÃ³Ã¨","77","dotpositionright","singlestim","104","121223","m","right","correct","1","","1","trialend","singlestim","105","122236"
"4172","Subject15","1","touretoure","1","toure","positionleft","validityvalid","test","3","negative","singlestim","107","124239","325","â€šÃ³Ã¨","67","dotpositionleft","singlestim","108","124616","c","left","correct","1","","1","trialend","singlestim","109","125629"
"4469","Subject15","1","cuttingcutting","1","cutting","positionright","validityvalid","test","3","suicide","singlestim","111","127633","324","â€šÃ³Ã¨","77","dotpositionright","singlestim","112","128009","m","right","correct","1","","1","trialend","singlestim","113","129022"
"4766","Subject15","1","failurefailure","1","failure","positionleft","validityvalid","test","2","negative","singlestim","115","131025","378","â€šÃ³Ã¨","67","dotpositionleft","singlestim","116","131455","c","left","correct","1","","1","trialend","singlestim","117","132467"
"5063","Subject15","1","foamfoam","1","foam","positionright","validityvalid","test","2","neutral","singlestim","119","134470","321","â€šÃ³Ã¨","77","dotpositionright","singlestim","120","134843","m","right","correct","1","","1","trialend","singlestim","121","135857"
"5360","Subject15","1","paperpaper","1","paper","positionleft","validityvalid","test","2","neutral","singlestim","123","137861","353","â€šÃ³Ã¨","67","dotpositionleft","singlestim","124","138265","c","left","correct","1","","1","trialend","singlestim","125","139277"
"5657","Subject15","1","cruelcruel","1","cruel","positionright","validityvalid","test","2","negative","singlestim","127","141280","365","â€šÃ³Ã¨","77","dotpositionright","singlestim","128","141695","m","right","correct","1","","1","trialend","singlestim","129","142707"
"5954","Subject15","1","horsehorse","1","horse","positionleft","validityinvalid","test","2","neutral","singlestim","131","144711","511","â€šÃ³Ã¨","77","dotpositionright","singlestim","132","145274","m","right","correct","1","","1","trialend","singlestim","133","146286"
"6251","Subject15","1","deathdeath","1","death","positionright","validityvalid","test","2","suicide","singlestim","135","148288","379","â€šÃ³Ã¨","77","dotpositionright","singlestim","136","148721","m","right","correct","1","","1","trialend","singlestim","137","149734"
"6548","Subject15","1","corpsecorpse","1","corpse","positionleft","validityvalid","test","2","suicide","singlestim","139","151739","571","â€šÃ³Ã¨","67","dotpositionleft","singlestim","140","152362","c","left","correct","1","","1","trialend","singlestim","141","153374"
"6845","Subject15","1","lovelove","1","love","positionright","validityinvalid","test","2","positive","singlestim","143","155376","475","â€šÃ³Ã¨","67","dotpositionleft","singlestim","144","155905","c","left","correct","1","","1","trialend","singlestim","145","156917"
"7142","Subject15","1","filthyfilthy","1","filthy","positionleft","validityinvalid","test","2","negative","singlestim","147","158921","397","â€šÃ³Ã¨","77","dotpositionright","singlestim","148","159369","m","right","correct","1","","1","trialend","singlestim","149","160381"
"7439","Subject15","1","pleasurepleasure","1","pleasure","positionleft","validityvalid","test","2","positive","singlestim","151","162385","413","â€šÃ³Ã¨","67","dotpositionleft","singlestim","152","162850","c","left","correct","1","","1","trialend","singlestim","153","163862"
"7736","Subject15","1","abuseabuse","1","abuse","positionright","validityvalid","test","2","negative","singlestim","155","165866","356","â€šÃ³Ã¨","77","dotpositionright","singlestim","156","166274","m","right","correct","1","","1","trialend","singlestim","157","167287"
"8033","Subject15","1","enthusiasmenthusiasm","1","enthusiasm","positionright","validityvalid","test","2","positive","singlestim","159","169289","523","â€šÃ³Ã¨","77","dotpositionright","singlestim","160","169864","m","right","correct","1","","1","trialend","singlestim","161","170878"
"8330","Subject15","1","tabletable","1","table","positionright","validityvalid","test","2","neutral","singlestim","163","172881","387","â€šÃ³Ã¨","77","dotpositionright","singlestim","164","173322","m","right","correct","1","","1","trialend","singlestim","165","174334"
"8627","Subject15","1","braverybravery","1","bravery","positionleft","validityvalid","test","2","positive","singlestim","167","176338","429","â€šÃ³Ã¨","67","dotpositionleft","singlestim","168","176819","c","left","correct","1","","1","trialend","singlestim","169","177834"
"8924","Subject15","1","overdoseoverdose","1","overdose","positionright","validityinvalid","test","2","suicide","singlestim","171","179837","392","â€šÃ³Ã¨","67","dotpositionleft","singlestim","172","180280","c","left","correct","1","","1","trialend","singlestim","173","181293"
"9221","Subject15","1","noosenoose","1","noose","positionleft","validityvalid","test","2","suicide","singlestim","175","183297","364","â€šÃ³Ã¨","67","dotpositionleft","singlestim","176","183712","c","left","correct","1","","1","trialend","singlestim","177","184724"
"9518","Subject15","1","ashamedashamed","1","ashamed","positionright","validityinvalid","test","4","negative","singlestim","179","186726","397","â€šÃ³Ã¨","67","dotpositionleft","singlestim","180","187176","c","left","correct","1","","1","trialend","singlestim","181","188188"
"9815","Subject15","1","suicidesuicide","1","suicide","positionright","validityinvalid","test","4","suicide","singlestim","183","190192","368","â€šÃ³Ã¨","67","dotpositionleft","singlestim","184","190611","c","left","correct","1","","1","trialend","singlestim","185","191623"
"10112","Subject15","1","doubledouble","1","double","positionright","validityvalid","test","4","neutral","singlestim","187","193628","541","â€šÃ³Ã¨","77","dotpositionright","singlestim","188","194220","m","right","correct","1","","1","trialend","singlestim","189","195233"
"10409","Subject15","1","frameframe","1","frame","positionleft","validityinvalid","test","4","neutral","singlestim","191","197236","412","â€šÃ³Ã¨","77","dotpositionright","singlestim","192","197699","m","right","correct","1","","1","trialend","singlestim","193","198712"
"10706","Subject15","1","successsuccess","1","success","positionleft","validityvalid","test","4","positive","singlestim","195","200715","411","â€šÃ³Ã¨","67","dotpositionleft","singlestim","196","201178","c","left","correct","1","","1","trialend","singlestim","197","202190"
"11003","Subject15","1","ecstaticecstatic","1","ecstatic","positionright","validityvalid","test","4","positive","singlestim","199","204194","367","â€šÃ³Ã¨","77","dotpositionright","singlestim","200","204612","m","right","correct","1","","1","trialend","singlestim","201","205625"
"11300","Subject15","1","engineengine","1","engine","positionleft","validityvalid","test","4","neutral","singlestim","203","207628","315","â€šÃ³Ã¨","67","dotpositionleft","singlestim","204","207996","c","left","correct","1","","1","trialend","singlestim","205","209008"
"11597","Subject15","1","stupidstupid","1","stupid","positionleft","validityvalid","test","4","negative","singlestim","207","211013","321","â€šÃ³Ã¨","67","dotpositionleft","singlestim","208","211386","c","left","correct","1","","1","trialend","singlestim","209","212399"
"11894","Subject15","1","structurestructure","1","structure","positionright","validityvalid","test","4","neutral","singlestim","211","214401","336","â€šÃ³Ã¨","77","dotpositionright","singlestim","212","214789","m","right","correct","1","","1","trialend","singlestim","213","215802"
"12191","Subject15","1","alonealone","1","alone","positionleft","validityvalid","test","4","negative","singlestim","215","217805","336","â€šÃ³Ã¨","67","dotpositionleft","singlestim","216","218194","c","left","correct","1","","1","trialend","singlestim","217","219205"
"12488","Subject15","1","passionatepassionate","1","passionate","positionleft","validityinvalid","test","4","positive","singlestim","219","221209","384","â€šÃ³Ã¨","77","dotpositionright","singlestim","220","221644","m","right","correct","1","","1","trialend","singlestim","221","222656"
"12785","Subject15","1","wohlesswohless","1","wohless","positionright","validityvalid","test","4","negative","singlestim","223","224660","355","â€šÃ³Ã¨","77","dotpositionright","singlestim","224","225067","m","right","correct","1","","1","trialend","singlestim","225","226078"
"13082","Subject15","1","laughlaugh","1","laugh","positionright","validityvalid","test","4","positive","singlestim","227","228083","414","â€šÃ³Ã¨","77","dotpositionright","singlestim","228","228548","m","right","correct","1","","1","trialend","singlestim","229","229561"
"13379","Subject15","1","deceaseddeceased","1","deceased","positionright","validityvalid","test","4","suicide","singlestim","231","231564","333","â€šÃ³Ã¨","77","dotpositionright","singlestim","232","231950","m","right","correct","1","","1","trialend","singlestim","233","232962"
"13676","Subject15","1","hanginghanging","1","hanging","positionleft","validityvalid","test","4","suicide","singlestim","235","234965","379","â€šÃ³Ã¨","67","dotpositionleft","singlestim","236","235395","c","left","correct","1","","1","trialend","singlestim","237","236408"
"13973","Subject15","1","killingkilling","1","killing","positionleft","validityvalid","test","4","suicide","singlestim","239","238410","406","â€šÃ³Ã¨","67","dotpositionleft","singlestim","240","238868","c","left","correct","1","","1","trialend","singlestim","241","239881"
"14270","Subject15","1","vomitvomit","1","vomit","positionleft","validityvalid","test","1","negative","singlestim","243","241885","384","â€šÃ³Ã¨","67","dotpositionleft","singlestim","244","242320","c","left","correct","1","","1","trialend","singlestim","245","243332"
"14567","Subject15","1","hatehate","1","hate","positionright","validityinvalid","test","1","negative","singlestim","247","245336","437","â€šÃ³Ã¨","67","dotpositionleft","singlestim","248","245825","c","left","correct","1","","1","trialend","singlestim","249","246837"
"14864","Subject15","1","cheesecheese","1","cheese","positionright","validityvalid","test","1","neutral","singlestim","251","248841","345","â€šÃ³Ã¨","77","dotpositionright","singlestim","252","249238","m","right","correct","1","","1","trialend","singlestim","253","250249"
"15161","Subject15","1","suffocationsuffocation","1","suffocation","positionleft","validityinvalid","test","1","suicide","singlestim","255","252253","391","â€šÃ³Ã¨","77","dotpositionright","singlestim","256","252696","m","right","correct","1","","1","trialend","singlestim","257","253708"
"15458","Subject15","1","paradiseparadise","1","paradise","positionleft","validityvalid","test","1","positive","singlestim","259","255711","398","â€šÃ³Ã¨","67","dotpositionleft","singlestim","260","256161","c","left","correct","1","","1","trialend","singlestim","261","257175"
"15755","Subject15","1","cryingcrying","1","crying","positionright","validityvalid","test","1","negative","singlestim","263","259178","475","â€šÃ³Ã¨","77","dotpositionright","singlestim","264","259706","m","right","correct","1","","1","trialend","singlestim","265","260718"
"16052","Subject15","1","healthyhealthy","1","healthy","positionleft","validityinvalid","test","1","positive","singlestim","267","262721","657","â€šÃ³Ã¨","77","dotpositionright","singlestim","268","263429","m","right","correct","1","","1","trialend","singlestim","269","264442"
"16349","Subject15","1","gunshotgunshot","1","gunshot","positionright","validityvalid","test","1","suicide","singlestim","271","266445","423","â€šÃ³Ã¨","77","dotpositionright","singlestim","272","266920","m","right","correct","953","","176","trialend","singlestim","273","267932"
"16646","Subject15","1","greatgreat","1","great","positionright","validityvalid","test","1","positive","singlestim","275","269935","552","â€šÃ³Ã¨","77","dotpositionright","singlestim","276","270539","m","right","correct","1","","1","trialend","singlestim","277","271553"
"16943","Subject15","1","bloodblood","1","blood","positionleft","validityvalid","test","1","suicide","singlestim","279","273558","349","â€šÃ³Ã¨","67","dotpositionleft","singlestim","280","273960","c","left","correct","1","","1","trialend","singlestim","281","274973"
"17240","Subject15","1","foldedfolded","1","folded","positionleft","validityvalid","test","1","neutral","singlestim","283","276976","375","â€šÃ³Ã¨","67","dotpositionleft","singlestim","284","277402","c","left","correct","1","","1","trialend","singlestim","285","278415"
"17537","Subject15","1","imageimage","1","image","positionleft","validityvalid","test","1","neutral","singlestim","287","280418","394","â€šÃ³Ã¨","67","dotpositionleft","singlestim","288","280863","c","left","correct","1","","1","trialend","singlestim","289","281876"
"17834","Subject15","1","statuestatue","1","statue","positionright","validityinvalid","test","1","neutral","singlestim","291","283879","417","â€šÃ³Ã¨","67","dotpositionleft","singlestim","292","284349","c","left","correct","1","","1","trialend","singlestim","293","285362"
"18131","Subject15","1","attractionattraction","1","attraction","positionright","validityvalid","test","1","positive","singlestim","295","287365","503","â€šÃ³Ã¨","77","dotpositionright","singlestim","296","287919","m","right","correct","1","","1","trialend","singlestim","297","288933"
"18428","Subject15","1","funeralfuneral","1","funeral","positionright","validityvalid","test","1","suicide","singlestim","299","290937","349","â€šÃ³Ã¨","77","dotpositionright","singlestim","300","291337","m","right","correct","1","","1","trialend","singlestim","301","292350"
"18725","Subject15","1","patheticpathetic","1","pathetic","positionleft","validityvalid","test","1","negative","singlestim","303","294355","503","â€šÃ³Ã¨","67","dotpositionleft","singlestim","304","294910","c","left","correct","1","","1","trialend","singlestim","305","295923"
