"","SubjectID","rt","stimulus","keypress","word","wordposition","validity","block","blocknum","wordtype","trialtype","trialindex","timeelapsed","rt.1","stimulus.1","keypress.1","dotposition","trialtype.1","trialindex.1","timeelapsed.1","keypressed","participantresponse","correctresponse","rt.2","stimulus.2","keypress.2","blocktrial","trialtype.2","trialindex.2","timeelapsed.2"
"268","Subject302","1","bloodblood","1","blood","positionleft","validityvalid","test","1","suicide","singlestim","51","67254","430","â€šÃ³Ã¨","67","dotpositionleft","singlestim","52","67737","c","left","correct","1","","1","trialend","singlestim","53","68751"
"565","Subject302","1","statuestatue","1","statue","positionright","validityinvalid","test","1","neutral","singlestim","55","70764","445","â€šÃ³Ã¨","67","dotpositionleft","singlestim","56","71265","c","left","correct","1","","1","trialend","singlestim","57","72282"
"862","Subject302","1","funeralfuneral","1","funeral","positionright","validityvalid","test","1","suicide","singlestim","59","74289","660","â€šÃ³Ã¨","77","dotpositionright","singlestim","60","75000","m","right","correct","1","","1","trialend","singlestim","61","76018"
"1159","Subject302","1","attractionattraction","1","attraction","positionright","validityvalid","test","1","positive","singlestim","63","78029","523","â€šÃ³Ã¨","77","dotpositionright","singlestim","64","78606","m","right","correct","1","","1","trialend","singlestim","65","79622"
"1456","Subject302","1","imageimage","1","image","positionleft","validityvalid","test","1","neutral","singlestim","67","81630","482","â€šÃ³Ã¨","67","dotpositionleft","singlestim","68","82165","c","left","correct","1","","1","trialend","singlestim","69","83181"
"1753","Subject302","1","vomitvomit","1","vomit","positionleft","validityvalid","test","1","negative","singlestim","71","85188","411","â€šÃ³Ã¨","67","dotpositionleft","singlestim","72","85652","c","left","correct","1","","1","trialend","singlestim","73","86669"
"2050","Subject302","1","healthyhealthy","1","healthy","positionleft","validityinvalid","test","1","positive","singlestim","75","88682","368","â€šÃ³Ã¨","77","dotpositionright","singlestim","76","89103","m","right","correct","1","","1","trialend","singlestim","77","90117"
"2347","Subject302","1","suffocationsuffocation","1","suffocation","positionleft","validityinvalid","test","1","suicide","singlestim","79","92126","462","â€šÃ³Ã¨","77","dotpositionright","singlestim","80","92645","m","right","correct","1","","1","trialend","singlestim","81","93663"
"2644","Subject302","1","foldedfolded","1","folded","positionleft","validityvalid","test","1","neutral","singlestim","83","95671","353","â€šÃ³Ã¨","67","dotpositionleft","singlestim","84","96081","c","left","correct","1","","1","trialend","singlestim","85","97099"
"2941","Subject302","1","cheesecheese","1","cheese","positionright","validityvalid","test","1","neutral","singlestim","87","99109","376","â€šÃ³Ã¨","77","dotpositionright","singlestim","88","99541","m","right","correct","1","","1","trialend","singlestim","89","100559"
"3238","Subject302","1","paradiseparadise","1","paradise","positionleft","validityvalid","test","1","positive","singlestim","91","102569","552","â€šÃ³Ã¨","67","dotpositionleft","singlestim","92","103176","c","left","correct","1","","1","trialend","singlestim","93","104195"
"3535","Subject302","1","patheticpathetic","1","pathetic","positionleft","validityvalid","test","1","negative","singlestim","95","106208","483","â€šÃ³Ã¨","67","dotpositionleft","singlestim","96","106746","c","left","correct","1","","1","trialend","singlestim","97","107761"
"3832","Subject302","1","gunshotgunshot","1","gunshot","positionright","validityvalid","test","1","suicide","singlestim","99","109771","368","â€šÃ³Ã¨","77","dotpositionright","singlestim","100","110195","m","right","correct","1","","1","trialend","singlestim","101","111208"
"4129","Subject302","1","hatehate","1","hate","positionright","validityinvalid","test","1","negative","singlestim","103","113216","404","â€šÃ³Ã¨","67","dotpositionleft","singlestim","104","113673","c","left","correct","1","","1","trialend","singlestim","105","114685"
"4426","Subject302","1","greatgreat","1","great","positionright","validityvalid","test","1","positive","singlestim","107","116696","659","â€šÃ³Ã¨","67","dotpositionright","singlestim","108","117411","c","left","incorrect","1","","1","trialend","singlestim","109","118429"
"4723","Subject302","1","cryingcrying","1","crying","positionright","validityvalid","test","1","negative","singlestim","111","120441","372","â€šÃ³Ã¨","77","dotpositionright","singlestim","112","120867","m","right","correct","1","","1","trialend","singlestim","113","121884"
"5020","Subject302","1","strongstrong","1","strong","positionleft","validityvalid","test","3","positive","singlestim","115","123896","473","â€šÃ³Ã¨","67","dotpositionleft","singlestim","116","124424","c","left","correct","1","","1","trialend","singlestim","117","125441"
"5317","Subject302","1","kisskiss","1","kiss","positionright","validityinvalid","test","3","positive","singlestim","119","127454","284","â€šÃ³Ã¨","67","dotpositionleft","singlestim","120","127794","c","left","correct","1","","1","trialend","singlestim","121","128812"
"5614","Subject302","1","assaultassault","1","assault","positionleft","validityinvalid","test","3","negative","singlestim","123","130823","373","â€šÃ³Ã¨","77","dotpositionright","singlestim","124","131252","m","right","correct","1","","1","trialend","singlestim","125","132266"
"5911","Subject302","1","deaddead","1","dead","positionleft","validityinvalid","test","3","suicide","singlestim","127","134273","584","â€šÃ³Ã¨","77","dotpositionright","singlestim","128","134911","m","right","correct","1","","1","trialend","singlestim","129","135927"
"6208","Subject302","1","closetcloset","1","closet","positionright","validityinvalid","test","3","neutral","singlestim","131","137936","433","â€šÃ³Ã¨","67","dotpositionleft","singlestim","132","138420","c","left","correct","1","","1","trialend","singlestim","133","139433"
"6505","Subject302","1","greengreen","1","green","positionright","validityvalid","test","3","neutral","singlestim","135","141441","377","â€šÃ³Ã¨","77","dotpositionright","singlestim","136","141871","m","right","correct","1","","1","trialend","singlestim","137","142885"
"6802","Subject302","1","diedie","1","die","positionright","validityvalid","test","3","suicide","singlestim","139","144899","365","â€šÃ³Ã¨","77","dotpositionright","singlestim","140","145320","m","right","correct","1","","1","trialend","singlestim","141","146337"
"7099","Subject302","1","rejectedrejected","1","rejected","positionright","validityvalid","test","3","negative","singlestim","143","148346","568","â€šÃ³Ã¨","77","dotpositionright","singlestim","144","148969","m","right","correct","1","","1","trialend","singlestim","145","149986"
"7396","Subject302","1","touretoure","1","toure","positionleft","validityvalid","test","3","negative","singlestim","147","151999","406","â€šÃ³Ã¨","67","dotpositionleft","singlestim","148","152457","c","left","correct","1","","1","trialend","singlestim","149","153473"
"7693","Subject302","1","happyhappy","1","happy","positionright","validityvalid","test","3","positive","singlestim","151","155485","415","â€šÃ³Ã¨","77","dotpositionright","singlestim","152","155956","m","right","correct","1","","1","trialend","singlestim","153","156972"
"7990","Subject302","1","dyingdying","1","dying","positionleft","validityvalid","test","3","suicide","singlestim","155","158981","512","â€šÃ³Ã¨","67","dotpositionleft","singlestim","156","159546","c","left","correct","1","","1","trialend","singlestim","157","160564"
"8287","Subject302","1","smilesmile","1","smile","positionleft","validityvalid","test","3","positive","singlestim","159","162575","335","â€šÃ³Ã¨","67","dotpositionleft","singlestim","160","162962","c","left","correct","1","","1","trialend","singlestim","161","163980"
"8584","Subject302","1","cuttingcutting","1","cutting","positionright","validityvalid","test","3","suicide","singlestim","163","165993","711","â€šÃ³Ã¨","77","dotpositionright","singlestim","164","166755","m","right","correct","1","","1","trialend","singlestim","165","167769"
"8881","Subject302","1","museummuseum","1","museum","positionleft","validityvalid","test","3","neutral","singlestim","167","169780","449","â€šÃ³Ã¨","67","dotpositionleft","singlestim","168","170284","c","left","correct","1","","1","trialend","singlestim","169","171302"
"9178","Subject302","1","metermeter","1","meter","positionleft","validityvalid","test","3","neutral","singlestim","171","173312","387","â€šÃ³Ã¨","67","dotpositionleft","singlestim","172","173752","c","left","correct","1","","1","trialend","singlestim","173","174768"
"9475","Subject302","1","bombbomb","1","bomb","positionright","validityvalid","test","3","negative","singlestim","175","176781","543","â€šÃ³Ã¨","77","dotpositionright","singlestim","176","177379","m","right","correct","1","","1","trialend","singlestim","177","178397"
"9772","Subject302","1","deathdeath","1","death","positionright","validityvalid","test","2","suicide","singlestim","179","180410","544","â€šÃ³Ã¨","77","dotpositionright","singlestim","180","181007","m","right","correct","1","","1","trialend","singlestim","181","182023"
"10069","Subject302","1","foamfoam","1","foam","positionright","validityvalid","test","2","neutral","singlestim","183","184032","386","â€šÃ³Ã¨","77","dotpositionright","singlestim","184","184472","m","right","correct","1","","1","trialend","singlestim","185","185490"
"10366","Subject302","1","corpsecorpse","1","corpse","positionleft","validityvalid","test","2","suicide","singlestim","187","187500","393","â€šÃ³Ã¨","67","dotpositionleft","singlestim","188","187948","c","left","correct","1","","1","trialend","singlestim","189","188965"
"10663","Subject302","1","filthyfilthy","1","filthy","positionleft","validityinvalid","test","2","negative","singlestim","191","190976","406","â€šÃ³Ã¨","77","dotpositionright","singlestim","192","191437","m","right","correct","1","","1","trialend","singlestim","193","192455"
"10960","Subject302","1","overdoseoverdose","1","overdose","positionright","validityinvalid","test","2","suicide","singlestim","195","194468","392","â€šÃ³Ã¨","67","dotpositionleft","singlestim","196","194916","c","left","correct","1","","1","trialend","singlestim","197","195931"
"11257","Subject302","1","noosenoose","1","noose","positionleft","validityvalid","test","2","suicide","singlestim","199","197938","640","â€šÃ³Ã¨","67","dotpositionleft","singlestim","200","198632","c","left","correct","1","","1","trialend","singlestim","201","199649"
"11554","Subject302","1","braverybravery","1","bravery","positionleft","validityvalid","test","2","positive","singlestim","203","201663","480","â€šÃ³Ã¨","67","dotpositionleft","singlestim","204","202198","c","left","correct","1","","1","trialend","singlestim","205","203216"
"11851","Subject302","1","cruelcruel","1","cruel","positionright","validityvalid","test","2","negative","singlestim","207","205226","555","â€šÃ³Ã¨","77","dotpositionright","singlestim","208","205836","m","right","correct","1","","1","trialend","singlestim","209","206853"
"12148","Subject302","1","pleasurepleasure","1","pleasure","positionleft","validityvalid","test","2","positive","singlestim","211","208862","516","â€šÃ³Ã¨","67","dotpositionleft","singlestim","212","209433","c","left","correct","1","","1","trialend","singlestim","213","210451"
"12445","Subject302","1","failurefailure","1","failure","positionleft","validityvalid","test","2","negative","singlestim","215","212462","374","â€šÃ³Ã¨","67","dotpositionleft","singlestim","216","212893","c","left","correct","1","","1","trialend","singlestim","217","213905"
"12742","Subject302","1","enthusiasmenthusiasm","1","enthusiasm","positionright","validityvalid","test","2","positive","singlestim","219","215914","514","â€šÃ³Ã¨","77","dotpositionright","singlestim","220","216484","m","right","correct","1","","1","trialend","singlestim","221","217501"
"13039","Subject302","1","lovelove","1","love","positionright","validityinvalid","test","2","positive","singlestim","223","219512","450","â€šÃ³Ã¨","67","dotpositionleft","singlestim","224","220014","c","left","correct","1","","1","trialend","singlestim","225","221027"
"13336","Subject302","1","paperpaper","1","paper","positionleft","validityvalid","test","2","neutral","singlestim","227","223041","466","â€šÃ³Ã¨","67","dotpositionleft","singlestim","228","223560","c","left","correct","1","","1","trialend","singlestim","229","224578"
"13633","Subject302","1","tabletable","1","table","positionright","validityvalid","test","2","neutral","singlestim","231","226588","505","â€šÃ³Ã¨","77","dotpositionright","singlestim","232","227145","m","right","correct","1","","1","trialend","singlestim","233","228160"
"13930","Subject302","1","abuseabuse","1","abuse","positionright","validityvalid","test","2","negative","singlestim","235","230174","501","â€šÃ³Ã¨","77","dotpositionright","singlestim","236","230727","m","right","correct","1","","1","trialend","singlestim","237","231741"
"14227","Subject302","1","horsehorse","1","horse","positionleft","validityinvalid","test","2","neutral","singlestim","239","233754","430","â€šÃ³Ã¨","77","dotpositionright","singlestim","240","234239","m","right","correct","1","","1","trialend","singlestim","241","235257"
"14524","Subject302","1","ecstaticecstatic","1","ecstatic","positionright","validityvalid","test","4","positive","singlestim","243","237268","532","â€šÃ³Ã¨","77","dotpositionright","singlestim","244","237852","m","right","correct","1","","1","trialend","singlestim","245","238870"
"14821","Subject302","1","wohlesswohless","1","wohless","positionright","validityvalid","test","4","negative","singlestim","247","240878","474","â€šÃ³Ã¨","77","dotpositionright","singlestim","248","241403","m","right","correct","1","","1","trialend","singlestim","249","242420"
"15118","Subject302","1","passionatepassionate","1","passionate","positionleft","validityinvalid","test","4","positive","singlestim","251","244430","462","â€šÃ³Ã¨","77","dotpositionright","singlestim","252","244949","m","right","correct","1","","1","trialend","singlestim","253","245967"
"15415","Subject302","1","suicidesuicide","1","suicide","positionright","validityinvalid","test","4","suicide","singlestim","255","247978","423","â€šÃ³Ã¨","67","dotpositionleft","singlestim","256","248458","c","left","correct","1","","1","trialend","singlestim","257","249474"
"15712","Subject302","1","ashamedashamed","1","ashamed","positionright","validityinvalid","test","4","negative","singlestim","259","251488","442","â€šÃ³Ã¨","67","dotpositionleft","singlestim","260","251987","c","left","correct","1","","1","trialend","singlestim","261","253004"
"16009","Subject302","1","hanginghanging","1","hanging","positionleft","validityvalid","test","4","suicide","singlestim","263","255016","678","â€šÃ³Ã¨","67","dotpositionleft","singlestim","264","255746","c","left","correct","1","","1","trialend","singlestim","265","256764"
"16306","Subject302","1","frameframe","1","frame","positionleft","validityinvalid","test","4","neutral","singlestim","267","258771","439","â€šÃ³Ã¨","77","dotpositionright","singlestim","268","259263","m","right","correct","1","","1","trialend","singlestim","269","260280"
"16603","Subject302","1","engineengine","1","engine","positionleft","validityvalid","test","4","neutral","singlestim","271","262291","387","â€šÃ³Ã¨","67","dotpositionleft","singlestim","272","262730","c","left","correct","1","","1","trialend","singlestim","273","263747"
"16900","Subject302","1","killingkilling","1","killing","positionleft","validityvalid","test","4","suicide","singlestim","275","265757","317","â€šÃ³Ã¨","67","dotpositionleft","singlestim","276","266129","c","left","correct","1","","1","trialend","singlestim","277","267146"
"17197","Subject302","1","deceaseddeceased","1","deceased","positionright","validityvalid","test","4","suicide","singlestim","279","269159","583","â€šÃ³Ã¨","77","dotpositionright","singlestim","280","269795","m","right","correct","83","","77","trialend","singlestim","281","270814"
"17494","Subject302","1","laughlaugh","1","laugh","positionright","validityvalid","test","4","positive","singlestim","283","272823","489","â€šÃ³Ã¨","77","dotpositionright","singlestim","284","273365","m","right","correct","1","","1","trialend","singlestim","285","274378"
"17791","Subject302","1","successsuccess","1","success","positionleft","validityvalid","test","4","positive","singlestim","287","276385","487","â€šÃ³Ã¨","67","dotpositionleft","singlestim","288","276929","c","left","correct","1","","1","trialend","singlestim","289","277945"
"18088","Subject302","1","alonealone","1","alone","positionleft","validityvalid","test","4","negative","singlestim","291","279957","559","â€šÃ³Ã¨","67","dotpositionleft","singlestim","292","280567","c","left","correct","1","","1","trialend","singlestim","293","281585"
"18385","Subject302","1","structurestructure","1","structure","positionright","validityvalid","test","4","neutral","singlestim","295","283598","403","â€šÃ³Ã¨","77","dotpositionright","singlestim","296","284054","m","right","correct","1","","1","trialend","singlestim","297","285073"
"18682","Subject302","1","doubledouble","1","double","positionright","validityvalid","test","4","neutral","singlestim","299","287083","493","â€šÃ³Ã¨","77","dotpositionright","singlestim","300","287628","m","right","correct","1","","1","trialend","singlestim","301","288645"
"18979","Subject302","1","stupidstupid","1","stupid","positionleft","validityvalid","test","4","negative","singlestim","303","290659","508","â€šÃ³Ã¨","67","dotpositionleft","singlestim","304","291220","c","left","correct","1","","1","trialend","singlestim","305","292238"
