"","SubjectID","rt","stimulus","keypress","word","wordposition","validity","block","blocknum","wordtype","trialtype","trialindex","timeelapsed","rt.1","stimulus.1","keypress.1","dotposition","trialtype.1","trialindex.1","timeelapsed.1","keypressed","participantresponse","correctresponse","rt.2","stimulus.2","keypress.2","blocktrial","trialtype.2","trialindex.2","timeelapsed.2"
"297","Subject333","passionatepassionate","1","passionate","positionleft","validityinvalid","test","4","positive","singlestim","51","88726","100010","â€šÃ³Ã¨","77","dotpositionright","singlestim","52","89103","100020","right","correct","1","","1","trialend","singlestim","53","90116","100030"
"594","Subject333","doubledouble","1","double","positionright","validityvalid","test","4","neutral","singlestim","55","92121","100050","â€šÃ³Ã¨","77","dotpositionright","singlestim","56","92542","100060","right","correct","1","","1","trialend","singlestim","57","93555","100070"
"891","Subject333","laughlaugh","1","laugh","positionright","validityvalid","test","4","positive","singlestim","59","95561","100090","â€šÃ³Ã¨","77","dotpositionright","singlestim","60","95999","1000100","right","correct","1","","1","trialend","singlestim","61","97012","1000110"
"1188","Subject333","structurestructure","1","structure","positionright","validityvalid","test","4","neutral","singlestim","63","99017","1000130","â€šÃ³Ã¨","77","dotpositionright","singlestim","64","99430","1000140","right","correct","1","","1","trialend","singlestim","65","100445","1000150"
"1485","Subject333","ashamedashamed","1","ashamed","positionright","validityinvalid","test","4","negative","singlestim","67","102451","1000170","â€šÃ³Ã¨","67","dotpositionleft","singlestim","68","102838","1000180","left","correct","1","","1","trialend","singlestim","69","103853","1000190"
"1782","Subject333","frameframe","1","frame","positionleft","validityinvalid","test","4","neutral","singlestim","71","105858","1000210","â€šÃ³Ã¨","77","dotpositionright","singlestim","72","106240","1000220","right","correct","1","","1","trialend","singlestim","73","107254","1000230"
"2079","Subject333","deceaseddeceased","1","deceased","positionright","validityvalid","test","4","suicide","singlestim","75","109259","1000250","â€šÃ³Ã¨","77","dotpositionright","singlestim","76","109668","1000260","right","correct","1","","1","trialend","singlestim","77","110681","1000270"
"2376","Subject333","ecstaticecstatic","1","ecstatic","positionright","validityvalid","test","4","positive","singlestim","79","112686","1000290","â€šÃ³Ã¨","77","dotpositionright","singlestim","80","113086","1000300","right","correct","1","","1","trialend","singlestim","81","114098","1000310"
"2673","Subject333","successsuccess","1","success","positionleft","validityvalid","test","4","positive","singlestim","83","116108","1000330","â€šÃ³Ã¨","67","dotpositionleft","singlestim","84","116553","1000340","left","correct","1","","1","trialend","singlestim","85","117567","1000350"
"2970","Subject333","killingkilling","1","killing","positionleft","validityvalid","test","4","suicide","singlestim","87","119573","1000370","â€šÃ³Ã¨","67","dotpositionleft","singlestim","88","120038","1000380","left","correct","1","","1","trialend","singlestim","89","121051","1000390"
"3267","Subject333","stupidstupid","1","stupid","positionleft","validityvalid","test","4","negative","singlestim","91","123057","1000410","â€šÃ³Ã¨","67","dotpositionleft","singlestim","92","123472","1000420","left","correct","1","","1","trialend","singlestim","93","124487","1000430"
"3564","Subject333","hanginghanging","1","hanging","positionleft","validityvalid","test","4","suicide","singlestim","95","126495","1000450","â€šÃ³Ã¨","67","dotpositionleft","singlestim","96","126923","1000460","left","correct","1","","1","trialend","singlestim","97","127937","1000470"
"3861","Subject333","engineengine","1","engine","positionleft","validityvalid","test","4","neutral","singlestim","99","129942","1000490","â€šÃ³Ã¨","67","dotpositionleft","singlestim","100","130385","1000500","left","correct","1","","1","trialend","singlestim","101","131398","1000510"
"4158","Subject333","suicidesuicide","1","suicide","positionright","validityinvalid","test","4","suicide","singlestim","103","133403","1000530","â€šÃ³Ã¨","67","dotpositionleft","singlestim","104","133847","1000540","left","correct","1","","1","trialend","singlestim","105","134861","1000550"
"4455","Subject333","wohlesswohless","1","wohless","positionright","validityvalid","test","4","negative","singlestim","107","136865","1000570","â€šÃ³Ã¨","77","dotpositionright","singlestim","108","137361","1000580","right","correct","1","","1","trialend","singlestim","109","138375","1000590"
"4752","Subject333","alonealone","1","alone","positionleft","validityvalid","test","4","negative","singlestim","111","140382","1000610","â€šÃ³Ã¨","67","dotpositionleft","singlestim","112","140886","1000620","left","correct","1","","1","trialend","singlestim","113","141901","1000630"
"5049","Subject333","patheticpathetic","1","pathetic","positionleft","validityvalid","test","1","negative","singlestim","115","143905","101010","â€šÃ³Ã¨","67","dotpositionleft","singlestim","116","144328","101020","left","correct","1","","1","trialend","singlestim","117","145343","101030"
"5346","Subject333","suffocationsuffocation","1","suffocation","positionleft","validityinvalid","test","1","suicide","singlestim","119","147348","101050","â€šÃ³Ã¨","77","dotpositionright","singlestim","120","147745","101060","right","correct","1","","1","trialend","singlestim","121","148758","101070"
"5643","Subject333","vomitvomit","1","vomit","positionleft","validityvalid","test","1","negative","singlestim","123","150764","101090","â€šÃ³Ã¨","67","dotpositionleft","singlestim","124","151168","1010100","left","correct","1","","1","trialend","singlestim","125","152181","1010110"
"5940","Subject333","imageimage","1","image","positionleft","validityvalid","test","1","neutral","singlestim","127","154189","1010130","â€šÃ³Ã¨","67","dotpositionleft","singlestim","128","154568","1010140","left","correct","1","","1","trialend","singlestim","129","155582","1010150"
"6237","Subject333","greatgreat","1","great","positionright","validityvalid","test","1","positive","singlestim","131","157590","1010170","â€šÃ³Ã¨","77","dotpositionright","singlestim","132","158073","1010180","right","correct","1","","1","trialend","singlestim","133","159087","1010190"
"6534","Subject333","statuestatue","1","statue","positionright","validityinvalid","test","1","neutral","singlestim","135","161093","1010210","â€šÃ³Ã¨","67","dotpositionleft","singlestim","136","161480","1010220","left","correct","1","","1","trialend","singlestim","137","162494","1010230"
"6831","Subject333","attractionattraction","1","attraction","positionright","validityvalid","test","1","positive","singlestim","139","164500","1010250","â€šÃ³Ã¨","77","dotpositionright","singlestim","140","164936","1010260","right","correct","1","","1","trialend","singlestim","141","165949","1010270"
"7128","Subject333","hatehate","1","hate","positionright","validityinvalid","test","1","negative","singlestim","143","167955","1010290","â€šÃ³Ã¨","67","dotpositionleft","singlestim","144","168353","1010300","left","correct","1","","1","trialend","singlestim","145","169367","1010310"
"7425","Subject333","funeralfuneral","1","funeral","positionright","validityvalid","test","1","suicide","singlestim","147","171374","1010330","â€šÃ³Ã¨","77","dotpositionright","singlestim","148","171791","1010340","right","correct","1","","1","trialend","singlestim","149","172806","1010350"
"7722","Subject333","foldedfolded","1","folded","positionleft","validityvalid","test","1","neutral","singlestim","151","174812","1010370","â€šÃ³Ã¨","67","dotpositionleft","singlestim","152","175202","1010380","left","correct","1","","1","trialend","singlestim","153","176216","1010390"
"8019","Subject333","healthyhealthy","1","healthy","positionleft","validityinvalid","test","1","positive","singlestim","155","178220","1010410","â€šÃ³Ã¨","77","dotpositionright","singlestim","156","178584","1010420","right","correct","1","","1","trialend","singlestim","157","179596","1010430"
"8316","Subject333","paradiseparadise","1","paradise","positionleft","validityvalid","test","1","positive","singlestim","159","181601","1010450","â€šÃ³Ã¨","67","dotpositionleft","singlestim","160","182074","1010460","left","correct","1","","1","trialend","singlestim","161","183089","1010470"
"8613","Subject333","bloodblood","1","blood","positionleft","validityvalid","test","1","suicide","singlestim","163","185094","1010490","â€šÃ³Ã¨","67","dotpositionleft","singlestim","164","185544","1010500","left","correct","1","","1","trialend","singlestim","165","186557","1010510"
"8910","Subject333","cheesecheese","1","cheese","positionright","validityvalid","test","1","neutral","singlestim","167","188561","1010530","â€šÃ³Ã¨","77","dotpositionright","singlestim","168","188952","1010540","right","correct","1","","1","trialend","singlestim","169","189965","1010550"
"9207","Subject333","gunshotgunshot","1","gunshot","positionright","validityvalid","test","1","suicide","singlestim","171","191967","1010570","â€šÃ³Ã¨","77","dotpositionright","singlestim","172","192391","1010580","right","correct","1","","1","trialend","singlestim","173","193504","1010590"
"9504","Subject333","cryingcrying","1","crying","positionright","validityvalid","test","1","negative","singlestim","175","195510","1010610","â€šÃ³Ã¨","77","dotpositionright","singlestim","176","195945","1010620","right","correct","1","","1","trialend","singlestim","177","196959","1010630"
"9801","Subject333","failurefailure","1","failure","positionleft","validityvalid","test","2","negative","singlestim","179","198965","102010","â€šÃ³Ã¨","67","dotpositionleft","singlestim","180","199431","102020","left","correct","1","","1","trialend","singlestim","181","200445","102030"
"10098","Subject333","tabletable","1","table","positionright","validityvalid","test","2","neutral","singlestim","183","202450","102050","â€šÃ³Ã¨","77","dotpositionright","singlestim","184","202817","102060","right","correct","1","","1","trialend","singlestim","185","203832","102070"
"10395","Subject333","horsehorse","1","horse","positionleft","validityinvalid","test","2","neutral","singlestim","187","205838","102090","â€šÃ³Ã¨","77","dotpositionright","singlestim","188","206226","1020100","right","correct","1","","1","trialend","singlestim","189","207239","1020110"
"10692","Subject333","braverybravery","1","bravery","positionleft","validityvalid","test","2","positive","singlestim","191","209245","1020130","â€šÃ³Ã¨","67","dotpositionleft","singlestim","192","209650","1020140","left","correct","1","","1","trialend","singlestim","193","210664","1020150"
"10989","Subject333","overdoseoverdose","1","overdose","positionright","validityinvalid","test","2","suicide","singlestim","195","212669","1020170","â€šÃ³Ã¨","67","dotpositionleft","singlestim","196","213090","1020180","left","correct","1","","1","trialend","singlestim","197","214104","1020190"
"11286","Subject333","deathdeath","1","death","positionright","validityvalid","test","2","suicide","singlestim","199","216111","1020210","â€šÃ³Ã¨","77","dotpositionright","singlestim","200","216521","1020220","right","correct","1","","1","trialend","singlestim","201","217535","1020230"
"11583","Subject333","abuseabuse","1","abuse","positionright","validityvalid","test","2","negative","singlestim","203","219540","1020250","â€šÃ³Ã¨","77","dotpositionright","singlestim","204","219970","1020260","right","correct","1","","1","trialend","singlestim","205","220983","1020270"
"11880","Subject333","cruelcruel","1","cruel","positionright","validityvalid","test","2","negative","singlestim","207","222989","1020290","â€šÃ³Ã¨","77","dotpositionright","singlestim","208","223399","1020300","right","correct","1","","1","trialend","singlestim","209","224412","1020310"
"12177","Subject333","paperpaper","1","paper","positionleft","validityvalid","test","2","neutral","singlestim","211","226417","1020330","â€šÃ³Ã¨","67","dotpositionleft","singlestim","212","226840","1020340","left","correct","1","","1","trialend","singlestim","213","227854","1020350"
"12474","Subject333","pleasurepleasure","1","pleasure","positionleft","validityvalid","test","2","positive","singlestim","215","229860","1020370","â€šÃ³Ã¨","67","dotpositionleft","singlestim","216","230266","1020380","left","correct","1","","1","trialend","singlestim","217","231280","1020390"
"12771","Subject333","filthyfilthy","1","filthy","positionleft","validityinvalid","test","2","negative","singlestim","219","233286","1020410","â€šÃ³Ã¨","77","dotpositionright","singlestim","220","233657","1020420","right","correct","1","","1","trialend","singlestim","221","234672","1020430"
"13068","Subject333","lovelove","1","love","positionright","validityinvalid","test","2","positive","singlestim","223","236681","1020450","â€šÃ³Ã¨","67","dotpositionleft","singlestim","224","237130","1020460","left","correct","1","","1","trialend","singlestim","225","238146","1020470"
"13365","Subject333","enthusiasmenthusiasm","1","enthusiasm","positionright","validityvalid","test","2","positive","singlestim","227","240152","1020490","â€šÃ³Ã¨","77","dotpositionright","singlestim","228","240557","1020500","right","correct","1","","1","trialend","singlestim","229","241571","1020510"
"13662","Subject333","noosenoose","1","noose","positionleft","validityvalid","test","2","suicide","singlestim","231","243576","1020530","â€šÃ³Ã¨","67","dotpositionleft","singlestim","232","244083","1020540","left","correct","1","","1","trialend","singlestim","233","245097","1020550"
"13959","Subject333","corpsecorpse","1","corpse","positionleft","validityvalid","test","2","suicide","singlestim","235","247102","1020570","â€šÃ³Ã¨","67","dotpositionleft","singlestim","236","247555","1020580","left","correct","1","","1","trialend","singlestim","237","248568","1020590"
"14256","Subject333","foamfoam","1","foam","positionright","validityvalid","test","2","neutral","singlestim","239","250574","1020610","â€šÃ³Ã¨","77","dotpositionright","singlestim","240","250956","1020620","right","correct","1","","1","trialend","singlestim","241","251970","1020630"
"14553","Subject333","strongstrong","1","strong","positionleft","validityvalid","test","3","positive","singlestim","243","253974","103010","â€šÃ³Ã¨","67","dotpositionleft","singlestim","244","254385","103020","left","correct","1","","1","trialend","singlestim","245","255397","103030"
"14850","Subject333","touretoure","1","toure","positionleft","validityvalid","test","3","negative","singlestim","247","257403","103050","â€šÃ³Ã¨","67","dotpositionleft","singlestim","248","257845","103060","left","correct","1","","1","trialend","singlestim","249","258859","103070"
"15147","Subject333","kisskiss","77","kiss","positionright","validityinvalid","test","3","positive","singlestim","251","260914","103090","â€šÃ³Ã¨","67","dotpositionleft","singlestim","252","261299","1030100","left","correct","1","","1","trialend","singlestim","253","262314","1030110"
"15444","Subject333","museummuseum","1","museum","positionleft","validityvalid","test","3","neutral","singlestim","255","264322","1030130","â€šÃ³Ã¨","67","dotpositionleft","singlestim","256","264827","1030140","left","correct","1","","1","trialend","singlestim","257","265840","1030150"
"15741","Subject333","bombbomb","1","bomb","positionright","validityvalid","test","3","negative","singlestim","259","267847","1030170","â€šÃ³Ã¨","77","dotpositionright","singlestim","260","268387","1030180","right","correct","1","","1","trialend","singlestim","261","269401","1030190"
"16038","Subject333","cuttingcutting","1","cutting","positionright","validityvalid","test","3","suicide","singlestim","263","271409","1030210","â€šÃ³Ã¨","77","dotpositionright","singlestim","264","271843","1030220","right","correct","1","","1","trialend","singlestim","265","272857","1030230"
"16335","Subject333","happyhappy","1","happy","positionright","validityvalid","test","3","positive","singlestim","267","274862","1030250","â€šÃ³Ã¨","77","dotpositionright","singlestim","268","275307","1030260","right","correct","1","","1","trialend","singlestim","269","276321","1030270"
"16632","Subject333","greengreen","1","green","positionright","validityvalid","test","3","neutral","singlestim","271","278327","1030290","â€šÃ³Ã¨","77","dotpositionright","singlestim","272","278674","1030300","right","correct","1","","1","trialend","singlestim","273","279688","1030310"
"16929","Subject333","diedie","1","die","positionright","validityvalid","test","3","suicide","singlestim","275","281692","1030330","â€šÃ³Ã¨","77","dotpositionright","singlestim","276","282107","1030340","right","correct","1","","1","trialend","singlestim","277","283122","1030350"
"17226","Subject333","metermeter","1","meter","positionleft","validityvalid","test","3","neutral","singlestim","279","285129","1030370","â€šÃ³Ã¨","67","dotpositionleft","singlestim","280","285522","1030380","left","correct","1","","1","trialend","singlestim","281","286535","1030390"
"17523","Subject333","dyingdying","1","dying","positionleft","validityvalid","test","3","suicide","singlestim","283","288542","1030410","â€šÃ³Ã¨","67","dotpositionleft","singlestim","284","288970","1030420","left","correct","1","","1","trialend","singlestim","285","289985","1030430"
"17820","Subject333","smilesmile","1","smile","positionleft","validityvalid","test","3","positive","singlestim","287","291991","1030450","â€šÃ³Ã¨","67","dotpositionleft","singlestim","288","292428","1030460","left","correct","1","","1","trialend","singlestim","289","293441","1030470"
"18117","Subject333","closetcloset","1","closet","positionright","validityinvalid","test","3","neutral","singlestim","291","295447","1030490","â€šÃ³Ã¨","67","dotpositionleft","singlestim","292","295868","1030500","left","correct","1","","1","trialend","singlestim","293","296882","1030510"
"18414","Subject333","assaultassault","1","assault","positionleft","validityinvalid","test","3","negative","singlestim","295","298888","1030530","â€šÃ³Ã¨","77","dotpositionright","singlestim","296","299291","1030540","right","correct","1","","1","trialend","singlestim","297","300311","1030550"
"18711","Subject333","rejectedrejected","1","rejected","positionright","validityvalid","test","3","negative","singlestim","299","302316","1030570","â€šÃ³Ã¨","77","dotpositionright","singlestim","300","302741","1030580","right","correct","1","","1","trialend","singlestim","301","303755","1030590"
"19008","Subject333","deaddead","1","dead","positionleft","validityinvalid","test","3","suicide","singlestim","303","305760","1030610","â€šÃ³Ã¨","77","dotpositionright","singlestim","304","306204","1030620","right","correct","1","","1","trialend","singlestim","305","307218","1030630"
