"","SubjectID","rt","stimulus","keypress","word","wordposition","validity","block","blocknum","wordtype","trialtype","trialindex","timeelapsed","rt.1","stimulus.1","keypress.1","dotposition","trialtype.1","trialindex.1","timeelapsed.1","keypressed","participantresponse","correctresponse","rt.2","stimulus.2","keypress.2","blocktrial","trialtype.2","trialindex.2","timeelapsed.2"
"295","Subject331","1","metermeter","1","meter","positionleft","validityvalid","test","3","neutral","singlestim","51","104946","458","â€šÃ³Ã¨","67","dotpositionleft","singlestim","52","105457","c","left","correct","1","","1","trialend","singlestim","53","106469"
"592","Subject331","1","rejectedrejected","1","rejected","positionright","validityvalid","test","3","negative","singlestim","55","108478","341","â€šÃ³Ã¨","77","dotpositionright","singlestim","56","108872","m","right","correct","1","","1","trialend","singlestim","57","109887"
"889","Subject331","1","smilesmile","1","smile","positionleft","validityvalid","test","3","positive","singlestim","59","111893","447","â€šÃ³Ã¨","67","dotpositionleft","singlestim","60","112393","c","left","correct","1","","1","trialend","singlestim","61","113406"
"1186","Subject331","1","closetcloset","1","closet","positionright","validityinvalid","test","3","neutral","singlestim","63","115414","398","â€šÃ³Ã¨","67","dotpositionleft","singlestim","64","115864","c","left","correct","1","","1","trialend","singlestim","65","116877"
"1483","Subject331","1","deaddead","1","dead","positionleft","validityinvalid","test","3","suicide","singlestim","67","118884","342","â€šÃ³Ã¨","77","dotpositionright","singlestim","68","119279","m","right","correct","1","","1","trialend","singlestim","69","120292"
"1780","Subject331","1","touretoure","1","toure","positionleft","validityvalid","test","3","negative","singlestim","71","122299","411","â€šÃ³Ã¨","67","dotpositionleft","singlestim","72","122762","c","left","correct","1","","1","trialend","singlestim","73","123776"
"2077","Subject331","1","strongstrong","1","strong","positionleft","validityvalid","test","3","positive","singlestim","75","125782","442","â€šÃ³Ã¨","67","dotpositionleft","singlestim","76","126276","c","left","correct","1","","1","trialend","singlestim","77","127288"
"2374","Subject331","1","diedie","1","die","positionright","validityvalid","test","3","suicide","singlestim","79","129297","457","â€šÃ³Ã¨","77","dotpositionright","singlestim","80","129809","m","right","correct","1","","1","trialend","singlestim","81","130822"
"2671","Subject331","1","dyingdying","1","dying","positionleft","validityvalid","test","3","suicide","singlestim","83","132830","376","â€šÃ³Ã¨","67","dotpositionleft","singlestim","84","133257","c","left","correct","1","","1","trialend","singlestim","85","134270"
"2968","Subject331","1","kisskiss","1","kiss","positionright","validityinvalid","test","3","positive","singlestim","87","136278","393","â€šÃ³Ã¨","67","dotpositionleft","singlestim","88","136724","c","left","correct","1","","1","trialend","singlestim","89","137737"
"3265","Subject331","1","museummuseum","1","museum","positionleft","validityvalid","test","3","neutral","singlestim","91","139744","342","â€šÃ³Ã¨","67","dotpositionleft","singlestim","92","140138","c","left","correct","1","","1","trialend","singlestim","93","141152"
"3562","Subject331","1","bombbomb","1","bomb","positionright","validityvalid","test","3","negative","singlestim","95","143161","416","â€šÃ³Ã¨","77","dotpositionright","singlestim","96","143629","m","right","correct","1","","1","trialend","singlestim","97","144642"
"3859","Subject331","1","assaultassault","1","assault","positionleft","validityinvalid","test","3","negative","singlestim","99","146648","447","â€šÃ³Ã¨","77","dotpositionright","singlestim","100","147148","m","right","correct","1","","1","trialend","singlestim","101","148160"
"4156","Subject331","1","cuttingcutting","1","cutting","positionright","validityvalid","test","3","suicide","singlestim","103","150167","385","â€šÃ³Ã¨","77","dotpositionright","singlestim","104","150604","m","right","correct","1","","1","trialend","singlestim","105","151616"
"4453","Subject331","1","happyhappy","1","happy","positionright","validityvalid","test","3","positive","singlestim","107","153624","415","â€šÃ³Ã¨","77","dotpositionright","singlestim","108","154091","m","right","correct","1","","1","trialend","singlestim","109","155103"
"4750","Subject331","1","greengreen","1","green","positionright","validityvalid","test","3","neutral","singlestim","111","157109","441","â€šÃ³Ã¨","77","dotpositionright","singlestim","112","157602","m","right","correct","1","","1","trialend","singlestim","113","158619"
"5047","Subject331","1","paperpaper","1","paper","positionleft","validityvalid","test","2","neutral","singlestim","115","160625","393","â€šÃ³Ã¨","67","dotpositionleft","singlestim","116","161071","c","left","correct","1","","1","trialend","singlestim","117","162083"
"5344","Subject331","1","lovelove","1","love","positionright","validityinvalid","test","2","positive","singlestim","119","164089","389","â€šÃ³Ã¨","67","dotpositionleft","singlestim","120","164530","c","left","correct","1","","1","trialend","singlestim","121","165543"
"5641","Subject331","1","foamfoam","1","foam","positionright","validityvalid","test","2","neutral","singlestim","123","167549","461","â€šÃ³Ã¨","77","dotpositionright","singlestim","124","168062","m","right","correct","1","","1","trialend","singlestim","125","169075"
"5938","Subject331","1","cruelcruel","1","cruel","positionright","validityvalid","test","2","negative","singlestim","127","171080","347","â€šÃ³Ã¨","77","dotpositionright","singlestim","128","171480","m","right","correct","1","","1","trialend","singlestim","129","172493"
"6235","Subject331","1","corpsecorpse","1","corpse","positionleft","validityvalid","test","2","suicide","singlestim","131","174502","369","â€šÃ³Ã¨","67","dotpositionleft","singlestim","132","174923","c","left","correct","1","","1","trialend","singlestim","133","175936"
"6532","Subject331","1","abuseabuse","1","abuse","positionright","validityvalid","test","2","negative","singlestim","135","177942","473","â€šÃ³Ã¨","77","dotpositionright","singlestim","136","178466","m","right","correct","1","","1","trialend","singlestim","137","179479"
"6829","Subject331","1","failurefailure","1","failure","positionleft","validityvalid","test","2","negative","singlestim","139","181488","356","â€šÃ³Ã¨","67","dotpositionleft","singlestim","140","181898","c","left","correct","1","","1","trialend","singlestim","141","182910"
"7126","Subject331","1","noosenoose","1","noose","positionleft","validityvalid","test","2","suicide","singlestim","143","184922","429","â€šÃ³Ã¨","67","dotpositionleft","singlestim","144","185403","c","left","correct","1","","1","trialend","singlestim","145","186416"
"7423","Subject331","1","horsehorse","1","horse","positionleft","validityinvalid","test","2","neutral","singlestim","147","188424","401","â€šÃ³Ã¨","77","dotpositionright","singlestim","148","188877","m","right","correct","1","","1","trialend","singlestim","149","189890"
"7720","Subject331","1","braverybravery","1","bravery","positionleft","validityvalid","test","2","positive","singlestim","151","191897","473","â€šÃ³Ã¨","67","dotpositionleft","singlestim","152","192426","c","left","correct","1","","1","trialend","singlestim","153","193438"
"8017","Subject331","1","deathdeath","1","death","positionright","validityvalid","test","2","suicide","singlestim","155","195446","409","â€šÃ³Ã¨","77","dotpositionright","singlestim","156","195907","m","right","correct","1","","1","trialend","singlestim","157","196920"
"8314","Subject331","1","enthusiasmenthusiasm","1","enthusiasm","positionright","validityvalid","test","2","positive","singlestim","159","198928","410","â€šÃ³Ã¨","77","dotpositionright","singlestim","160","199390","m","right","correct","1","","1","trialend","singlestim","161","200403"
"8611","Subject331","1","filthyfilthy","1","filthy","positionleft","validityinvalid","test","2","negative","singlestim","163","202414","435","â€šÃ³Ã¨","77","dotpositionright","singlestim","164","202901","m","right","correct","1","","1","trialend","singlestim","165","203914"
"8908","Subject331","1","pleasurepleasure","1","pleasure","positionleft","validityvalid","test","2","positive","singlestim","167","205921","423","â€šÃ³Ã¨","67","dotpositionleft","singlestim","168","206397","c","left","correct","1","","1","trialend","singlestim","169","207410"
"9205","Subject331","1","overdoseoverdose","1","overdose","positionright","validityinvalid","test","2","suicide","singlestim","171","209417","476","â€šÃ³Ã¨","67","dotpositionleft","singlestim","172","209947","c","left","correct","1","","1","trialend","singlestim","173","210960"
"9502","Subject331","1","tabletable","1","table","positionright","validityvalid","test","2","neutral","singlestim","175","212967","410","â€šÃ³Ã¨","77","dotpositionright","singlestim","176","213430","m","right","correct","1","","1","trialend","singlestim","177","214443"
"9799","Subject331","1","engineengine","1","engine","positionleft","validityvalid","test","4","neutral","singlestim","179","216450","401","â€šÃ³Ã¨","67","dotpositionleft","singlestim","180","216903","c","left","correct","1","","1","trialend","singlestim","181","217916"
"10096","Subject331","1","wohlesswohless","1","wohless","positionright","validityvalid","test","4","negative","singlestim","183","219924","285","â€šÃ³Ã¨","77","dotpositionright","singlestim","184","220260","m","right","correct","1","","1","trialend","singlestim","185","221273"
"10393","Subject331","1","deceaseddeceased","1","deceased","positionright","validityvalid","test","4","suicide","singlestim","187","223280","389","â€šÃ³Ã¨","77","dotpositionright","singlestim","188","223722","m","right","correct","1","","1","trialend","singlestim","189","224735"
"10690","Subject331","1","stupidstupid","1","stupid","positionleft","validityvalid","test","4","negative","singlestim","191","226743","364","â€šÃ³Ã¨","67","dotpositionleft","singlestim","192","227158","c","left","correct","1","","1","trialend","singlestim","193","228171"
"10987","Subject331","1","doubledouble","1","double","positionright","validityvalid","test","4","neutral","singlestim","195","230178","336","â€šÃ³Ã¨","77","dotpositionright","singlestim","196","230567","m","right","correct","1","","1","trialend","singlestim","197","231580"
"11284","Subject331","1","passionatepassionate","1","passionate","positionleft","validityinvalid","test","4","positive","singlestim","199","233588","379","â€šÃ³Ã¨","77","dotpositionright","singlestim","200","234020","m","right","correct","1","","1","trialend","singlestim","201","235032"
"11581","Subject331","1","frameframe","1","frame","positionleft","validityinvalid","test","4","neutral","singlestim","203","237038","424","â€šÃ³Ã¨","77","dotpositionright","singlestim","204","237514","m","right","correct","1","","1","trialend","singlestim","205","238527"
"11878","Subject331","1","killingkilling","1","killing","positionleft","validityvalid","test","4","suicide","singlestim","207","240534","415","â€šÃ³Ã¨","67","dotpositionleft","singlestim","208","241001","c","left","correct","1","","1","trialend","singlestim","209","242015"
"12175","Subject331","1","hanginghanging","1","hanging","positionleft","validityvalid","test","4","suicide","singlestim","211","244021","321","â€šÃ³Ã¨","67","dotpositionleft","singlestim","212","244395","c","left","correct","1","","1","trialend","singlestim","213","245407"
"12472","Subject331","1","suicidesuicide","1","suicide","positionright","validityinvalid","test","4","suicide","singlestim","215","247415","397","â€šÃ³Ã¨","67","dotpositionleft","singlestim","216","247865","c","left","correct","1","","1","trialend","singlestim","217","248878"
"12769","Subject331","1","ashamedashamed","1","ashamed","positionright","validityinvalid","test","4","negative","singlestim","219","250883","422","â€šÃ³Ã¨","67","dotpositionleft","singlestim","220","251357","c","left","correct","1","","1","trialend","singlestim","221","252372"
"13066","Subject331","1","laughlaugh","1","laugh","positionright","validityvalid","test","4","positive","singlestim","223","254378","399","â€šÃ³Ã¨","77","dotpositionright","singlestim","224","254829","m","right","correct","1","","1","trialend","singlestim","225","255841"
"13363","Subject331","1","structurestructure","1","structure","positionright","validityvalid","test","4","neutral","singlestim","227","257848","383","â€šÃ³Ã¨","77","dotpositionright","singlestim","228","258284","m","right","correct","1","","1","trialend","singlestim","229","259297"
"13660","Subject331","1","alonealone","1","alone","positionleft","validityvalid","test","4","negative","singlestim","231","261303","459","â€šÃ³Ã¨","67","dotpositionleft","singlestim","232","261815","c","left","correct","1","","1","trialend","singlestim","233","262828"
"13957","Subject331","1","successsuccess","1","success","positionleft","validityvalid","test","4","positive","singlestim","235","264834","396","â€šÃ³Ã¨","67","dotpositionleft","singlestim","236","265283","c","left","correct","1","","1","trialend","singlestim","237","266296"
"14254","Subject331","1","ecstaticecstatic","1","ecstatic","positionright","validityvalid","test","4","positive","singlestim","239","268302","326","â€šÃ³Ã¨","77","dotpositionright","singlestim","240","268680","m","right","correct","1","","1","trialend","singlestim","241","269692"
"14551","Subject331","1","statuestatue","1","statue","positionright","validityinvalid","test","1","neutral","singlestim","243","271699","449","â€šÃ³Ã¨","67","dotpositionleft","singlestim","244","272202","c","left","correct","1","","1","trialend","singlestim","245","273215"
"14848","Subject331","1","gunshotgunshot","1","gunshot","positionright","validityvalid","test","1","suicide","singlestim","247","275221","405","â€šÃ³Ã¨","77","dotpositionright","singlestim","248","275678","m","right","correct","1","","1","trialend","singlestim","249","276691"
"15145","Subject331","1","attractionattraction","1","attraction","positionright","validityvalid","test","1","positive","singlestim","251","278699","404","â€šÃ³Ã¨","77","dotpositionright","singlestim","252","279156","m","right","correct","1","","1","trialend","singlestim","253","280170"
"15442","Subject331","1","cheesecheese","1","cheese","positionright","validityvalid","test","1","neutral","singlestim","255","282176","359","â€šÃ³Ã¨","77","dotpositionright","singlestim","256","282587","m","right","correct","1","","1","trialend","singlestim","257","283599"
"15739","Subject331","1","hatehate","1","hate","positionright","validityinvalid","test","1","negative","singlestim","259","285606","404","â€šÃ³Ã¨","67","dotpositionleft","singlestim","260","286063","c","left","correct","1","","1","trialend","singlestim","261","287075"
"16036","Subject331","1","patheticpathetic","1","pathetic","positionleft","validityvalid","test","1","negative","singlestim","263","289083","335","â€šÃ³Ã¨","67","dotpositionleft","singlestim","264","289470","c","left","correct","1","","1","trialend","singlestim","265","290483"
"16333","Subject331","1","vomitvomit","1","vomit","positionleft","validityvalid","test","1","negative","singlestim","267","292490","379","â€šÃ³Ã¨","67","dotpositionleft","singlestim","268","292923","c","left","correct","1","","1","trialend","singlestim","269","293937"
"16630","Subject331","1","healthyhealthy","1","healthy","positionleft","validityinvalid","test","1","positive","singlestim","271","295944","369","â€šÃ³Ã¨","77","dotpositionright","singlestim","272","296366","m","right","correct","1","","1","trialend","singlestim","273","297378"
"16927","Subject331","1","funeralfuneral","1","funeral","positionright","validityvalid","test","1","suicide","singlestim","275","299385","396","â€šÃ³Ã¨","77","dotpositionright","singlestim","276","299833","m","right","correct","1","","1","trialend","singlestim","277","300846"
"17224","Subject331","1","imageimage","1","image","positionleft","validityvalid","test","1","neutral","singlestim","279","302858","419","â€šÃ³Ã¨","67","dotpositionleft","singlestim","280","303329","c","left","correct","1","","1","trialend","singlestim","281","304342"
"17521","Subject331","1","greatgreat","1","great","positionright","validityvalid","test","1","positive","singlestim","283","306348","329","â€šÃ³Ã¨","77","dotpositionright","singlestim","284","306732","m","right","correct","1","","1","trialend","singlestim","285","307746"
"17818","Subject331","1","cryingcrying","1","crying","positionright","validityvalid","test","1","negative","singlestim","287","309755","385","â€šÃ³Ã¨","77","dotpositionright","singlestim","288","310192","m","right","correct","1","","1","trialend","singlestim","289","311206"
"18115","Subject331","1","paradiseparadise","1","paradise","positionleft","validityvalid","test","1","positive","singlestim","291","313212","410","â€šÃ³Ã¨","67","dotpositionleft","singlestim","292","313674","c","left","correct","1","","1","trialend","singlestim","293","314687"
"18412","Subject331","1","bloodblood","1","blood","positionleft","validityvalid","test","1","suicide","singlestim","295","316695","377","â€šÃ³Ã¨","67","dotpositionleft","singlestim","296","317124","c","left","correct","1","","1","trialend","singlestim","297","318137"
"18709","Subject331","1","foldedfolded","1","folded","positionleft","validityvalid","test","1","neutral","singlestim","299","320143","466","â€šÃ³Ã¨","67","dotpositionleft","singlestim","300","320661","c","left","correct","1","","1","trialend","singlestim","301","321673"
"19006","Subject331","1","suffocationsuffocation","1","suffocation","positionleft","validityinvalid","test","1","suicide","singlestim","303","323681","382","â€šÃ³Ã¨","77","dotpositionright","singlestim","304","324116","m","right","correct","1","","1","trialend","singlestim","305","325130"
