"","SubjectID","rt","stimulus","keypress","word","wordposition","validity","block","blocknum","wordtype","trialtype","trialindex","timeelapsed","rt.1","stimulus.1","keypress.1","dotposition","trialtype.1","trialindex.1","timeelapsed.1","keypressed","participantresponse","correctresponse","rt.2","stimulus.2","keypress.2","blocktrial","trialtype.2","trialindex.2","timeelapsed.2"
"285","Subject320","pleasurepleasure","1","pleasure","positionleft","validityvalid","test","2","positive","singlestim","51","98083","100010","â€šÃ³Ã¨","67","dotpositionleft","singlestim","52","98584","100020","left","correct","1","","1","trialend","singlestim","53","99597","100030"
"582","Subject320","paperpaper","1","paper","positionleft","validityvalid","test","2","neutral","singlestim","55","101602","100050","â€šÃ³Ã¨","67","dotpositionleft","singlestim","56","102163","100060","left","correct","1","","1","trialend","singlestim","57","103176","100070"
"879","Subject320","foamfoam","1","foam","positionright","validityvalid","test","2","neutral","singlestim","59","105180","100090","â€šÃ³Ã¨","77","dotpositionright","singlestim","60","105628","1000100","right","correct","1","","1","trialend","singlestim","61","106641","1000110"
"1176","Subject320","deathdeath","1","death","positionright","validityvalid","test","2","suicide","singlestim","63","108646","1000130","â€šÃ³Ã¨","77","dotpositionright","singlestim","64","109271","1000140","right","correct","1","","1","trialend","singlestim","65","110285","1000150"
"1473","Subject320","overdoseoverdose","1","overdose","positionright","validityinvalid","test","2","suicide","singlestim","67","112289","1000170","â€šÃ³Ã¨","67","dotpositionleft","singlestim","68","112825","1000180","left","correct","1","","1","trialend","singlestim","69","113837","1000190"
"1770","Subject320","filthyfilthy","1","filthy","positionleft","validityinvalid","test","2","negative","singlestim","71","115842","1000210","â€šÃ³Ã¨","77","dotpositionright","singlestim","72","116377","1000220","right","correct","1","","1","trialend","singlestim","73","117390","1000230"
"2067","Subject320","corpsecorpse","1","corpse","positionleft","validityvalid","test","2","suicide","singlestim","75","119394","1000250","â€šÃ³Ã¨","67","dotpositionleft","singlestim","76","119869","1000260","left","correct","1","","1","trialend","singlestim","77","120882","1000270"
"2364","Subject320","tabletable","1","table","positionright","validityvalid","test","2","neutral","singlestim","79","122886","1000290","â€šÃ³Ã¨","77","dotpositionright","singlestim","80","123297","1000300","right","correct","1","","1","trialend","singlestim","81","124311","1000310"
"2661","Subject320","enthusiasmenthusiasm","1","enthusiasm","positionright","validityvalid","test","2","positive","singlestim","83","126315","1000330","â€šÃ³Ã¨","77","dotpositionright","singlestim","84","126834","1000340","right","correct","1","","1","trialend","singlestim","85","127846","1000350"
"2958","Subject320","abuseabuse","1","abuse","positionright","validityvalid","test","2","negative","singlestim","87","129849","1000370","â€šÃ³Ã¨","77","dotpositionright","singlestim","88","130332","1000380","right","correct","1","","1","trialend","singlestim","89","131345","1000390"
"3255","Subject320","noosenoose","1","noose","positionleft","validityvalid","test","2","suicide","singlestim","91","133349","1000410","â€šÃ³Ã¨","67","dotpositionleft","singlestim","92","133869","1000420","left","correct","1","","1","trialend","singlestim","93","134882","1000430"
"3552","Subject320","lovelove","1","love","positionright","validityinvalid","test","2","positive","singlestim","95","136886","1000450","â€šÃ³Ã¨","67","dotpositionleft","singlestim","96","137426","1000460","left","correct","1","","1","trialend","singlestim","97","138440","1000470"
"3849","Subject320","horsehorse","1","horse","positionleft","validityinvalid","test","2","neutral","singlestim","99","140444","1000490","â€šÃ³Ã¨","77","dotpositionright","singlestim","100","140934","1000500","right","correct","1","","1","trialend","singlestim","101","141947","1000510"
"4146","Subject320","braverybravery","1","bravery","positionleft","validityvalid","test","2","positive","singlestim","103","143952","1000530","â€šÃ³Ã¨","67","dotpositionleft","singlestim","104","144445","1000540","left","correct","1","","1","trialend","singlestim","105","145458","1000550"
"4443","Subject320","cruelcruel","1","cruel","positionright","validityvalid","test","2","negative","singlestim","107","147463","1000570","â€šÃ³Ã¨","77","dotpositionright","singlestim","108","147976","1000580","right","correct","1","","1","trialend","singlestim","109","148989","1000590"
"4740","Subject320","failurefailure","1","failure","positionleft","validityvalid","test","2","negative","singlestim","111","150994","1000610","â€šÃ³Ã¨","67","dotpositionleft","singlestim","112","151486","1000620","left","correct","1","","1","trialend","singlestim","113","152499","1000630"
"5037","Subject320","deceaseddeceased","1","deceased","positionright","validityvalid","test","4","suicide","singlestim","115","154504","101010","â€šÃ³Ã¨","77","dotpositionright","singlestim","116","154984","101020","right","correct","1","","1","trialend","singlestim","117","155997","101030"
"5334","Subject320","structurestructure","1","structure","positionright","validityvalid","test","4","neutral","singlestim","119","158001","101050","â€šÃ³Ã¨","77","dotpositionright","singlestim","120","158460","101060","right","correct","1","","1","trialend","singlestim","121","159474","101070"
"5631","Subject320","passionatepassionate","1","passionate","positionleft","validityinvalid","test","4","positive","singlestim","123","161478","101090","â€šÃ³Ã¨","77","dotpositionright","singlestim","124","161961","1010100","right","correct","1","","1","trialend","singlestim","125","162975","1010110"
"5928","Subject320","doubledouble","1","double","positionright","validityvalid","test","4","neutral","singlestim","127","164978","1010130","â€šÃ³Ã¨","77","dotpositionright","singlestim","128","165427","1010140","right","correct","1","","1","trialend","singlestim","129","166440","1010150"
"6225","Subject320","wohlesswohless","1","wohless","positionright","validityvalid","test","4","negative","singlestim","131","168445","1010170","â€šÃ³Ã¨","77","dotpositionright","singlestim","132","168924","1010180","right","correct","1","","1","trialend","singlestim","133","169938","1010190"
"6522","Subject320","laughlaugh","1","laugh","positionright","validityvalid","test","4","positive","singlestim","135","171943","1010210","â€šÃ³Ã¨","77","dotpositionright","singlestim","136","172394","1010220","right","correct","1","","1","trialend","singlestim","137","173408","1010230"
"6819","Subject320","ashamedashamed","1","ashamed","positionright","validityinvalid","test","4","negative","singlestim","139","175412","1010250","â€šÃ³Ã¨","67","dotpositionleft","singlestim","140","175907","1010260","left","correct","1","","1","trialend","singlestim","141","176920","1010270"
"7116","Subject320","frameframe","1","frame","positionleft","validityinvalid","test","4","neutral","singlestim","143","178924","1010290","â€šÃ³Ã¨","77","dotpositionright","singlestim","144","179498","1010300","right","correct","1","","1","trialend","singlestim","145","180511","1010310"
"7413","Subject320","stupidstupid","1","stupid","positionleft","validityvalid","test","4","negative","singlestim","147","182515","1010330","â€šÃ³Ã¨","67","dotpositionleft","singlestim","148","183087","1010340","left","correct","1","","1","trialend","singlestim","149","184101","1010350"
"7710","Subject320","engineengine","1","engine","positionleft","validityvalid","test","4","neutral","singlestim","151","186105","1010370","â€šÃ³Ã¨","67","dotpositionleft","singlestim","152","186604","1010380","left","correct","1","","1","trialend","singlestim","153","187617","1010390"
"8007","Subject320","hanginghanging","1","hanging","positionleft","validityvalid","test","4","suicide","singlestim","155","189621","1010410","â€šÃ³Ã¨","67","dotpositionleft","singlestim","156","190139","1010420","left","correct","1","","1","trialend","singlestim","157","191152","1010430"
"8304","Subject320","killingkilling","1","killing","positionleft","validityvalid","test","4","suicide","singlestim","159","193157","1010450","â€šÃ³Ã¨","67","dotpositionleft","singlestim","160","193758","1010460","left","correct","1","","1","trialend","singlestim","161","194772","1010470"
"8601","Subject320","alonealone","1","alone","positionleft","validityvalid","test","4","negative","singlestim","163","196776","1010490","â€šÃ³Ã¨","67","dotpositionleft","singlestim","164","197362","1010500","left","correct","1","","1","trialend","singlestim","165","198374","1010510"
"8898","Subject320","suicidesuicide","1","suicide","positionright","validityinvalid","test","4","suicide","singlestim","167","200379","1010530","â€šÃ³Ã¨","67","dotpositionleft","singlestim","168","200971","1010540","left","correct","1","","1","trialend","singlestim","169","201984","1010550"
"9195","Subject320","successsuccess","1","success","positionleft","validityvalid","test","4","positive","singlestim","171","203989","1010570","â€šÃ³Ã¨","67","dotpositionleft","singlestim","172","204550","1010580","left","correct","1","","1","trialend","singlestim","173","205563","1010590"
"9492","Subject320","ecstaticecstatic","1","ecstatic","positionright","validityvalid","test","4","positive","singlestim","175","207568","1010610","â€šÃ³Ã¨","77","dotpositionright","singlestim","176","208069","1010620","right","correct","1","","1","trialend","singlestim","177","209083","1010630"
"9789","Subject320","greatgreat","1","great","positionright","validityvalid","test","1","positive","singlestim","179","211087","102010","â€šÃ³Ã¨","77","dotpositionright","singlestim","180","211654","102020","right","correct","1","","1","trialend","singlestim","181","212667","102030"
"10086","Subject320","gunshotgunshot","1","gunshot","positionright","validityvalid","test","1","suicide","singlestim","183","214671","102050","â€šÃ³Ã¨","77","dotpositionright","singlestim","184","215186","102060","right","correct","1","","1","trialend","singlestim","185","216199","102070"
"10383","Subject320","hatehate","1","hate","positionright","validityinvalid","test","1","negative","singlestim","187","218204","102090","â€šÃ³Ã¨","67","dotpositionleft","singlestim","188","218773","1020100","left","correct","1","","1","trialend","singlestim","189","219786","1020110"
"10680","Subject320","statuestatue","1","statue","positionright","validityinvalid","test","1","neutral","singlestim","191","221790","1020130","â€šÃ³Ã¨","67","dotpositionleft","singlestim","192","222455","1020140","left","correct","1","","1","trialend","singlestim","193","223468","1020150"
"10977","Subject320","healthyhealthy","1","healthy","positionleft","validityinvalid","test","1","positive","singlestim","195","225472","1020170","â€šÃ³Ã¨","77","dotpositionright","singlestim","196","225943","1020180","right","correct","1","","1","trialend","singlestim","197","226956","1020190"
"11274","Subject320","foldedfolded","1","folded","positionleft","validityvalid","test","1","neutral","singlestim","199","228960","1020210","â€šÃ³Ã¨","67","dotpositionleft","singlestim","200","229448","1020220","left","correct","1","","1","trialend","singlestim","201","230462","1020230"
"11571","Subject320","cryingcrying","1","crying","positionright","validityvalid","test","1","negative","singlestim","203","232466","1020250","â€šÃ³Ã¨","77","dotpositionright","singlestim","204","232917","1020260","right","correct","1","","1","trialend","singlestim","205","233930","1020270"
"11868","Subject320","patheticpathetic","1","pathetic","positionleft","validityvalid","test","1","negative","singlestim","207","235934","1020290","â€šÃ³Ã¨","67","dotpositionleft","singlestim","208","236604","1020300","left","correct","1","","1","trialend","singlestim","209","237617","1020310"
"12165","Subject320","suffocationsuffocation","1","suffocation","positionleft","validityinvalid","test","1","suicide","singlestim","211","239621","1020330","â€šÃ³Ã¨","77","dotpositionright","singlestim","212","240160","1020340","right","correct","1","","1","trialend","singlestim","213","241174","1020350"
"12462","Subject320","imageimage","1","image","positionleft","validityvalid","test","1","neutral","singlestim","215","243178","1020370","â€šÃ³Ã¨","67","dotpositionleft","singlestim","216","243661","1020380","left","correct","1","","1","trialend","singlestim","217","244674","1020390"
"12759","Subject320","bloodblood","1","blood","positionleft","validityvalid","test","1","suicide","singlestim","219","246677","1020410","â€šÃ³Ã¨","67","dotpositionleft","singlestim","220","247219","1020420","left","correct","1","","1","trialend","singlestim","221","248232","1020430"
"13056","Subject320","cheesecheese","1","cheese","positionright","validityvalid","test","1","neutral","singlestim","223","250237","1020450","â€šÃ³Ã¨","77","dotpositionright","singlestim","224","250740","1020460","right","correct","1","","1","trialend","singlestim","225","251753","1020470"
"13353","Subject320","attractionattraction","1","attraction","positionright","validityvalid","test","1","positive","singlestim","227","253757","1020490","â€šÃ³Ã¨","77","dotpositionright","singlestim","228","254317","1020500","right","correct","1","","1","trialend","singlestim","229","255331","1020510"
"13650","Subject320","funeralfuneral","1","funeral","positionright","validityvalid","test","1","suicide","singlestim","231","257335","1020530","â€šÃ³Ã¨","77","dotpositionright","singlestim","232","257845","1020540","right","correct","1","","1","trialend","singlestim","233","258858","1020550"
"13947","Subject320","vomitvomit","1","vomit","positionleft","validityvalid","test","1","negative","singlestim","235","260862","1020570","â€šÃ³Ã¨","67","dotpositionleft","singlestim","236","261357","1020580","left","correct","1","","1","trialend","singlestim","237","262370","1020590"
"14244","Subject320","paradiseparadise","1","paradise","positionleft","validityvalid","test","1","positive","singlestim","239","264374","1020610","â€šÃ³Ã¨","67","dotpositionleft","singlestim","240","264963","1020620","left","correct","1","","1","trialend","singlestim","241","265977","1020630"
"14541","Subject320","cuttingcutting","1","cutting","positionright","validityvalid","test","3","suicide","singlestim","243","267981","103010","â€šÃ³Ã¨","77","dotpositionright","singlestim","244","268482","103020","right","correct","1","","1","trialend","singlestim","245","269496","103030"
"14838","Subject320","smilesmile","1","smile","positionleft","validityvalid","test","3","positive","singlestim","247","271500","103050","â€šÃ³Ã¨","67","dotpositionleft","singlestim","248","271974","103060","left","correct","1","","1","trialend","singlestim","249","272987","103070"
"15135","Subject320","diedie","1","die","positionright","validityvalid","test","3","suicide","singlestim","251","274991","103090","â€šÃ³Ã¨","77","dotpositionright","singlestim","252","275617","1030100","right","correct","1","","1","trialend","singlestim","253","276631","1030110"
"15432","Subject320","deaddead","1","dead","positionleft","validityinvalid","test","3","suicide","singlestim","255","278635","1030130","â€šÃ³Ã¨","77","dotpositionright","singlestim","256","279179","1030140","right","correct","1","","1","trialend","singlestim","257","280192","1030150"
"15729","Subject320","assaultassault","1","assault","positionleft","validityinvalid","test","3","negative","singlestim","259","282197","1030170","â€šÃ³Ã¨","77","dotpositionright","singlestim","260","282802","1030180","right","correct","1","","1","trialend","singlestim","261","283816","1030190"
"16026","Subject320","strongstrong","1","strong","positionleft","validityvalid","test","3","positive","singlestim","263","285820","1030210","â€šÃ³Ã¨","67","dotpositionleft","singlestim","264","286392","1030220","left","correct","1","","1","trialend","singlestim","265","287405","1030230"
"16323","Subject320","touretoure","1","toure","positionleft","validityvalid","test","3","negative","singlestim","267","289408","1030250","â€šÃ³Ã¨","67","dotpositionleft","singlestim","268","289996","1030260","left","correct","1","","1","trialend","singlestim","269","291009","1030270"
"16620","Subject320","bombbomb","1","bomb","positionright","validityvalid","test","3","negative","singlestim","271","293013","1030290","â€šÃ³Ã¨","77","dotpositionright","singlestim","272","293427","1030300","right","correct","1","","1","trialend","singlestim","273","294440","1030310"
"16917","Subject320","museummuseum","1","museum","positionleft","validityvalid","test","3","neutral","singlestim","275","296444","1030330","â€šÃ³Ã¨","67","dotpositionleft","singlestim","276","297045","1030340","left","correct","1","","1","trialend","singlestim","277","298058","1030350"
"17214","Subject320","happyhappy","1","happy","positionright","validityvalid","test","3","positive","singlestim","279","300062","1030370","â€šÃ³Ã¨","77","dotpositionright","singlestim","280","300699","1030380","right","correct","1","","1","trialend","singlestim","281","301713","1030390"
"17511","Subject320","dyingdying","1","dying","positionleft","validityvalid","test","3","suicide","singlestim","283","303716","1030410","â€šÃ³Ã¨","67","dotpositionleft","singlestim","284","304205","1030420","left","correct","1","","1","trialend","singlestim","285","305219","1030430"
"17808","Subject320","rejectedrejected","1","rejected","positionright","validityvalid","test","3","negative","singlestim","287","307223","1030450","â€šÃ³Ã¨","77","dotpositionright","singlestim","288","307789","1030460","right","correct","1","","1","trialend","singlestim","289","308802","1030470"
"18105","Subject320","greengreen","1","green","positionright","validityvalid","test","3","neutral","singlestim","291","310807","1030490","â€šÃ³Ã¨","77","dotpositionright","singlestim","292","311321","1030500","right","correct","1","","1","trialend","singlestim","293","312335","1030510"
"18402","Subject320","kisskiss","1","kiss","positionright","validityinvalid","test","3","positive","singlestim","295","314339","1030530","â€šÃ³Ã¨","67","dotpositionleft","singlestim","296","314925","1030540","left","correct","1","","1","trialend","singlestim","297","315939","1030550"
"18699","Subject320","metermeter","1","meter","positionleft","validityvalid","test","3","neutral","singlestim","299","317943","1030570","â€šÃ³Ã¨","67","dotpositionleft","singlestim","300","318422","1030580","left","correct","1","","1","trialend","singlestim","301","319435","1030590"
"18996","Subject320","closetcloset","1","closet","positionright","validityinvalid","test","3","neutral","singlestim","303","321438","1030610","â€šÃ³Ã¨","67","dotpositionleft","singlestim","304","321981","1030620","left","correct","1","","1","trialend","singlestim","305","322994","1030630"
