"","SubjectID","rt","stimulus","keypress","word","wordposition","validity","block","blocknum","wordtype","trialtype","trialindex","timeelapsed","rt.1","stimulus.1","keypress.1","dotposition","trialtype.1","trialindex.1","timeelapsed.1","keypressed","participantresponse","correctresponse","rt.2","stimulus.2","keypress.2","blocktrial","trialtype.2","trialindex.2","timeelapsed.2"
"241","Subject273","1","foldedfolded","1","folded","positionleft","validityvalid","test","1","neutral","singlestim","51","97483","333","â€šÃ³Ã¨","67","dotpositionleft","singlestim","52","97868","c","left","correct","1","","1","trialend","singlestim","53","98882"
"538","Subject273","1","cheesecheese","1","cheese","positionright","validityvalid","test","1","neutral","singlestim","55","100892","255","â€šÃ³Ã¨","77","dotpositionright","singlestim","56","101202","m","right","correct","1","","1","trialend","singlestim","57","102219"
"835","Subject273","1","hatehate","1","hate","positionright","validityinvalid","test","1","negative","singlestim","59","104227","321","â€šÃ³Ã¨","67","dotpositionleft","singlestim","60","104602","c","left","correct","1","","1","trialend","singlestim","61","105614"
"1132","Subject273","1","attractionattraction","1","attraction","positionright","validityvalid","test","1","positive","singlestim","63","107627","396","â€šÃ³Ã¨","77","dotpositionright","singlestim","64","108077","m","right","correct","1","","1","trialend","singlestim","65","109092"
"1429","Subject273","1","funeralfuneral","1","funeral","positionright","validityvalid","test","1","suicide","singlestim","67","111099","283","â€šÃ³Ã¨","77","dotpositionright","singlestim","68","111435","m","right","correct","1","","1","trialend","singlestim","69","112452"
"1726","Subject273","1","bloodblood","1","blood","positionleft","validityvalid","test","1","suicide","singlestim","71","114460","299","â€šÃ³Ã¨","67","dotpositionleft","singlestim","72","114814","c","left","correct","1","","1","trialend","singlestim","73","115830"
"2023","Subject273","1","suffocationsuffocation","1","suffocation","positionleft","validityinvalid","test","1","suicide","singlestim","75","117839","312","â€šÃ³Ã¨","77","dotpositionright","singlestim","76","118204","m","right","correct","1","","1","trialend","singlestim","77","119220"
"2320","Subject273","1","paradiseparadise","1","paradise","positionleft","validityvalid","test","1","positive","singlestim","79","121228","192","â€šÃ³Ã¨","67","dotpositionleft","singlestim","80","121473","c","left","correct","1","","1","trialend","singlestim","81","122487"
"2617","Subject273","1","cryingcrying","1","crying","positionright","validityvalid","test","1","negative","singlestim","83","124495","286","â€šÃ³Ã¨","77","dotpositionright","singlestim","84","124835","m","right","correct","1","","1","trialend","singlestim","85","125851"
"2914","Subject273","1","patheticpathetic","1","pathetic","positionleft","validityvalid","test","1","negative","singlestim","87","127856","273","â€šÃ³Ã¨","67","dotpositionleft","singlestim","88","128183","c","left","correct","1","","1","trialend","singlestim","89","129197"
"3211","Subject273","1","imageimage","1","image","positionleft","validityvalid","test","1","neutral","singlestim","91","131205","341","â€šÃ³Ã¨","67","dotpositionleft","singlestim","92","131599","c","left","correct","1","","1","trialend","singlestim","93","132615"
"3508","Subject273","1","greatgreat","1","great","positionright","validityvalid","test","1","positive","singlestim","95","134625","270","â€šÃ³Ã¨","77","dotpositionright","singlestim","96","134946","m","right","correct","1","","1","trialend","singlestim","97","135963"
"3805","Subject273","1","vomitvomit","1","vomit","positionleft","validityvalid","test","1","negative","singlestim","99","137975","228","â€šÃ³Ã¨","67","dotpositionleft","singlestim","100","138260","c","left","correct","1","","1","trialend","singlestim","101","139275"
"4102","Subject273","1","gunshotgunshot","1","gunshot","positionright","validityvalid","test","1","suicide","singlestim","103","141281","174","â€šÃ³Ã¨","67","dotpositionright","singlestim","104","141508","c","left","incorrect","71","","77","trialend","singlestim","105","142524"
"4399","Subject273","1","healthyhealthy","1","healthy","positionleft","validityinvalid","test","1","positive","singlestim","107","144531","297","â€šÃ³Ã¨","77","dotpositionright","singlestim","108","144882","m","right","correct","1","","1","trialend","singlestim","109","145896"
"4696","Subject273","1","statuestatue","1","statue","positionright","validityinvalid","test","1","neutral","singlestim","111","147904","235","â€šÃ³Ã¨","77","dotpositionleft","singlestim","112","148193","m","right","incorrect","39","","67","trialend","singlestim","113","149210"
"4993","Subject273","1","ashamedashamed","1","ashamed","positionright","validityinvalid","test","4","negative","singlestim","115","151218","348","â€šÃ³Ã¨","67","dotpositionleft","singlestim","116","151620","c","left","correct","1","","1","trialend","singlestim","117","152634"
"5290","Subject273","1","passionatepassionate","1","passionate","positionleft","validityinvalid","test","4","positive","singlestim","119","154640","293","â€šÃ³Ã¨","77","dotpositionright","singlestim","120","154989","m","right","correct","1","","1","trialend","singlestim","121","156006"
"5587","Subject273","1","successsuccess","1","success","positionleft","validityvalid","test","4","positive","singlestim","123","158015","256","â€šÃ³Ã¨","67","dotpositionleft","singlestim","124","158323","c","left","correct","1","","1","trialend","singlestim","125","159338"
"5884","Subject273","1","engineengine","1","engine","positionleft","validityvalid","test","4","neutral","singlestim","127","161346","316","â€šÃ³Ã¨","67","dotpositionleft","singlestim","128","161718","c","left","correct","1","","1","trialend","singlestim","129","162733"
"6181","Subject273","1","laughlaugh","1","laugh","positionright","validityvalid","test","4","positive","singlestim","131","164741","259","â€šÃ³Ã¨","77","dotpositionright","singlestim","132","165054","m","right","correct","1","","1","trialend","singlestim","133","166069"
"6478","Subject273","1","alonealone","1","alone","positionleft","validityvalid","test","4","negative","singlestim","135","168079","353","â€šÃ³Ã¨","67","dotpositionleft","singlestim","136","168484","c","left","correct","1","","1","trialend","singlestim","137","169501"
"6775","Subject273","1","hanginghanging","1","hanging","positionleft","validityvalid","test","4","suicide","singlestim","139","171514","267","â€šÃ³Ã¨","67","dotpositionleft","singlestim","140","171836","c","left","correct","1","","1","trialend","singlestim","141","172850"
"7072","Subject273","1","doubledouble","1","double","positionright","validityvalid","test","4","neutral","singlestim","143","174858","214","â€šÃ³Ã¨","77","dotpositionright","singlestim","144","175125","m","right","correct","1","","1","trialend","singlestim","145","176141"
"7369","Subject273","1","deceaseddeceased","1","deceased","positionright","validityvalid","test","4","suicide","singlestim","147","178149","273","â€šÃ³Ã¨","77","dotpositionright","singlestim","148","178476","m","right","correct","1","","1","trialend","singlestim","149","179490"
"7666","Subject273","1","killingkilling","1","killing","positionleft","validityvalid","test","4","suicide","singlestim","151","181499","233","â€šÃ³Ã¨","67","dotpositionleft","singlestim","152","181784","c","left","correct","1","","1","trialend","singlestim","153","182799"
"7963","Subject273","1","wohlesswohless","1","wohless","positionright","validityvalid","test","4","negative","singlestim","155","184808","237","â€šÃ³Ã¨","77","dotpositionright","singlestim","156","185101","m","right","correct","1","","1","trialend","singlestim","157","186119"
"8260","Subject273","1","ecstaticecstatic","1","ecstatic","positionright","validityvalid","test","4","positive","singlestim","159","188127","172","â€šÃ³Ã¨","77","dotpositionright","singlestim","160","188351","m","right","correct","1","","1","trialend","singlestim","161","189369"
"8557","Subject273","1","suicidesuicide","1","suicide","positionright","validityinvalid","test","4","suicide","singlestim","163","191377","328","â€šÃ³Ã¨","67","dotpositionleft","singlestim","164","191758","c","left","correct","1","","1","trialend","singlestim","165","192776"
"8854","Subject273","1","stupidstupid","1","stupid","positionleft","validityvalid","test","4","negative","singlestim","167","194784","115","â€šÃ³Ã¨","67","dotpositionleft","singlestim","168","194952","c","left","correct","1","","1","trialend","singlestim","169","195969"
"9151","Subject273","1","structurestructure","1","structure","positionright","validityvalid","test","4","neutral","singlestim","171","197976","327","â€šÃ³Ã¨","77","dotpositionright","singlestim","172","198356","m","right","correct","1","","1","trialend","singlestim","173","199375"
"9448","Subject273","1","frameframe","1","frame","positionleft","validityinvalid","test","4","neutral","singlestim","175","201383","323","â€šÃ³Ã¨","77","dotpositionright","singlestim","176","201760","m","right","correct","1","","1","trialend","singlestim","177","202776"
"9745","Subject273","1","paperpaper","1","paper","positionleft","validityvalid","test","2","neutral","singlestim","179","204785","216","â€šÃ³Ã¨","67","dotpositionleft","singlestim","180","205056","c","left","correct","1","","1","trialend","singlestim","181","206073"
"10042","Subject273","1","horsehorse","1","horse","positionleft","validityinvalid","test","2","neutral","singlestim","183","208081","59","â€šÃ³Ã¨","77","dotpositionright","singlestim","184","208193","m","right","correct","1","","1","trialend","singlestim","185","209207"
"10339","Subject273","1","enthusiasmenthusiasm","1","enthusiasm","positionright","validityvalid","test","2","positive","singlestim","187","211211","149","â€šÃ³Ã¨","67","dotpositionright","singlestim","188","211413","c","left","incorrect","1","","1","trialend","singlestim","189","212429"
"10636","Subject273","1","failurefailure","1","failure","positionleft","validityvalid","test","2","negative","singlestim","191","214438","79","â€šÃ³Ã¨","77","dotpositionleft","singlestim","192","214570","m","right","incorrect","1","","1","trialend","singlestim","193","215586"
"10933","Subject273","1","cruelcruel","1","cruel","positionright","validityvalid","test","2","negative","singlestim","195","217595","236","â€šÃ³Ã¨","77","dotpositionright","singlestim","196","217883","m","right","correct","1","","1","trialend","singlestim","197","218899"
"11230","Subject273","1","deathdeath","1","death","positionright","validityvalid","test","2","suicide","singlestim","199","220909","139","â€šÃ³Ã¨","77","dotpositionright","singlestim","200","221100","m","right","correct","1","","1","trialend","singlestim","201","222116"
"11527","Subject273","1","overdoseoverdose","1","overdose","positionright","validityinvalid","test","2","suicide","singlestim","203","224124","294","â€šÃ³Ã¨","67","dotpositionleft","singlestim","204","224470","c","left","correct","1","","1","trialend","singlestim","205","225487"
"11824","Subject273","1","filthyfilthy","1","filthy","positionleft","validityinvalid","test","2","negative","singlestim","207","227496","200","â€šÃ³Ã¨","77","dotpositionright","singlestim","208","227749","m","right","correct","1","","1","trialend","singlestim","209","228767"
"12121","Subject273","1","noosenoose","1","noose","positionleft","validityvalid","test","2","suicide","singlestim","211","230776","260","â€šÃ³Ã¨","67","dotpositionleft","singlestim","212","231090","c","left","correct","1","","1","trialend","singlestim","213","232107"
"12418","Subject273","1","lovelove","1","love","positionright","validityinvalid","test","2","positive","singlestim","215","234113","312","â€šÃ³Ã¨","67","dotpositionleft","singlestim","216","234479","c","left","correct","1","","1","trialend","singlestim","217","235495"
"12715","Subject273","1","braverybravery","1","bravery","positionleft","validityvalid","test","2","positive","singlestim","219","237502","277","â€šÃ³Ã¨","77","dotpositionleft","singlestim","220","237836","m","right","incorrect","66","","67","trialend","singlestim","221","238849"
"13012","Subject273","1","tabletable","1","table","positionright","validityvalid","test","2","neutral","singlestim","223","240857","227","â€šÃ³Ã¨","77","dotpositionright","singlestim","224","241137","m","right","correct","1","","1","trialend","singlestim","225","242152"
"13309","Subject273","1","abuseabuse","1","abuse","positionright","validityvalid","test","2","negative","singlestim","227","244160","134","â€šÃ³Ã¨","67","dotpositionright","singlestim","228","244346","c","left","incorrect","1","","1","trialend","singlestim","229","245362"
"13606","Subject273","1","foamfoam","1","foam","positionright","validityvalid","test","2","neutral","singlestim","231","247370","362","â€šÃ³Ã¨","77","dotpositionright","singlestim","232","247786","m","right","correct","1","","1","trialend","singlestim","233","248804"
"13903","Subject273","1","pleasurepleasure","1","pleasure","positionleft","validityvalid","test","2","positive","singlestim","235","250812","339","â€šÃ³Ã¨","67","dotpositionleft","singlestim","236","251204","c","left","correct","1","","1","trialend","singlestim","237","252216"
"14200","Subject273","1","corpsecorpse","1","corpse","positionleft","validityvalid","test","2","suicide","singlestim","239","254224","247","â€šÃ³Ã¨","67","dotpositionleft","singlestim","240","254524","c","left","correct","1","","1","trialend","singlestim","241","255541"
"14497","Subject273","1","touretoure","1","toure","positionleft","validityvalid","test","3","negative","singlestim","243","257550","252","â€šÃ³Ã¨","67","dotpositionleft","singlestim","244","257855","c","left","correct","1","","1","trialend","singlestim","245","258868"
"14794","Subject273","1","kisskiss","1","kiss","positionright","validityinvalid","test","3","positive","singlestim","247","260876","576","â€šÃ³Ã¨","67","dotpositionleft","singlestim","248","261506","c","left","correct","1","","1","trialend","singlestim","249","262524"
"15091","Subject273","1","strongstrong","1","strong","positionleft","validityvalid","test","3","positive","singlestim","251","264532","308","â€šÃ³Ã¨","67","dotpositionleft","singlestim","252","264894","c","left","correct","1","","1","trialend","singlestim","253","265909"
"15388","Subject273","1","bombbomb","1","bomb","positionright","validityvalid","test","3","negative","singlestim","255","267917","317","â€šÃ³Ã¨","77","dotpositionright","singlestim","256","268287","m","right","correct","1","","1","trialend","singlestim","257","269304"
"15685","Subject273","1","happyhappy","1","happy","positionright","validityvalid","test","3","positive","singlestim","259","271313","273","â€šÃ³Ã¨","77","dotpositionright","singlestim","260","271639","m","right","correct","1","","1","trialend","singlestim","261","272653"
"15982","Subject273","1","rejectedrejected","1","rejected","positionright","validityvalid","test","3","negative","singlestim","263","274661","320","â€šÃ³Ã¨","77","dotpositionright","singlestim","264","275033","m","right","correct","1","","1","trialend","singlestim","265","276046"
"16279","Subject273","1","assaultassault","1","assault","positionleft","validityinvalid","test","3","negative","singlestim","267","278051","356","â€šÃ³Ã¨","77","dotpositionright","singlestim","268","278459","m","right","correct","1","","1","trialend","singlestim","269","279473"
"16576","Subject273","1","cuttingcutting","1","cutting","positionright","validityvalid","test","3","suicide","singlestim","271","281482","266","â€šÃ³Ã¨","77","dotpositionright","singlestim","272","281799","m","right","correct","1","","1","trialend","singlestim","273","282816"
"16873","Subject273","1","smilesmile","1","smile","positionleft","validityvalid","test","3","positive","singlestim","275","284824","305","â€šÃ³Ã¨","67","dotpositionleft","singlestim","276","285183","c","left","correct","1","","1","trialend","singlestim","277","286200"
"17170","Subject273","1","dyingdying","1","dying","positionleft","validityvalid","test","3","suicide","singlestim","279","288208","183","â€šÃ³Ã¨","77","dotpositionleft","singlestim","280","288444","m","right","incorrect","1","","1","trialend","singlestim","281","289457"
"17467","Subject273","1","deaddead","1","dead","positionleft","validityinvalid","test","3","suicide","singlestim","283","291465","184","â€šÃ³Ã¨","67","dotpositionright","singlestim","284","291701","c","left","incorrect","1","","1","trialend","singlestim","285","292718"
"17764","Subject273","1","closetcloset","1","closet","positionright","validityinvalid","test","3","neutral","singlestim","287","294726","285","â€šÃ³Ã¨","67","dotpositionleft","singlestim","288","295064","c","left","correct","1","","1","trialend","singlestim","289","296079"
"18061","Subject273","493","diedie","77","die","positionright","validityvalid","test","3","suicide","singlestim","291","298087","280","â€šÃ³Ã¨","77","dotpositionright","singlestim","292","298418","m","right","correct","1","","1","trialend","singlestim","293","299434"
"18358","Subject273","1","museummuseum","1","museum","positionleft","validityvalid","test","3","neutral","singlestim","295","301441","334","â€šÃ³Ã¨","67","dotpositionleft","singlestim","296","301828","c","left","correct","1","","1","trialend","singlestim","297","302840"
"18655","Subject273","1","metermeter","1","meter","positionleft","validityvalid","test","3","neutral","singlestim","299","304844","480","â€šÃ³Ã¨","67","dotpositionleft","singlestim","300","305376","c","left","correct","1","","1","trialend","singlestim","301","306392"
"18952","Subject273","1","greengreen","1","green","positionright","validityvalid","test","3","neutral","singlestim","303","308401","313","â€šÃ³Ã¨","77","dotpositionright","singlestim","304","308767","m","right","correct","1","","1","trialend","singlestim","305","309782"
