"","SubjectID","rt","stimulus","keypress","word","wordposition","validity","block","blocknum","wordtype","trialtype","trialindex","timeelapsed","rt.1","stimulus.1","keypress.1","dotposition","trialtype.1","trialindex.1","timeelapsed.1","keypressed","participantresponse","correctresponse","rt.2","stimulus.2","keypress.2","blocktrial","trialtype.2","trialindex.2","timeelapsed.2"
"134","Subject141","1","abuseabuse","1","abuse","positionright","validityvalid","test","2","negative","singlestim","51","281187","487","â€šÃ³Ã¨","77","dotpositionright","singlestim","52","281726","m","right","correct","1","","1","trialend","singlestim","53","282738"
"431","Subject141","1","noosenoose","1","noose","positionleft","validityvalid","test","2","suicide","singlestim","55","284741","365","â€šÃ³Ã¨","67","dotpositionleft","singlestim","56","285157","c","left","correct","1","","1","trialend","singlestim","57","286170"
"728","Subject141","1","horsehorse","1","horse","positionleft","validityinvalid","test","2","neutral","singlestim","59","288174","380","â€šÃ³Ã¨","77","dotpositionright","singlestim","60","288606","m","right","correct","1","","1","trialend","singlestim","61","289619"
"1025","Subject141","1","foamfoam","1","foam","positionright","validityvalid","test","2","neutral","singlestim","63","291621","510","â€šÃ³Ã¨","77","dotpositionright","singlestim","64","292182","m","right","correct","1","","1","trialend","singlestim","65","293195"
"1322","Subject141","1","overdoseoverdose","1","overdose","positionright","validityinvalid","test","2","suicide","singlestim","67","295199","379","â€šÃ³Ã¨","67","dotpositionleft","singlestim","68","295630","c","left","correct","1","","1","trialend","singlestim","69","296642"
"1619","Subject141","1","tabletable","1","table","positionright","validityvalid","test","2","neutral","singlestim","71","298646","364","â€šÃ³Ã¨","77","dotpositionright","singlestim","72","299062","m","right","correct","1","","1","trialend","singlestim","73","300076"
"1916","Subject141","1","enthusiasmenthusiasm","1","enthusiasm","positionright","validityvalid","test","2","positive","singlestim","75","302080","438","â€šÃ³Ã¨","77","dotpositionright","singlestim","76","302569","m","right","correct","1","","1","trialend","singlestim","77","303581"
"2213","Subject141","1","paperpaper","1","paper","positionleft","validityvalid","test","2","neutral","singlestim","79","305585","573","â€šÃ³Ã¨","67","dotpositionleft","singlestim","80","306209","c","left","correct","1","","1","trialend","singlestim","81","307221"
"2510","Subject141","1","corpsecorpse","1","corpse","positionleft","validityvalid","test","2","suicide","singlestim","83","309225","422","â€šÃ³Ã¨","67","dotpositionleft","singlestim","84","309698","c","left","correct","1","","1","trialend","singlestim","85","310710"
"2807","Subject141","1","lovelove","1","love","positionright","validityinvalid","test","2","positive","singlestim","87","312714","523","â€šÃ³Ã¨","67","dotpositionleft","singlestim","88","313289","c","left","correct","1","","1","trialend","singlestim","89","314302"
"3104","Subject141","1","braverybravery","1","bravery","positionleft","validityvalid","test","2","positive","singlestim","91","316306","489","â€šÃ³Ã¨","67","dotpositionleft","singlestim","92","316847","c","left","correct","1","","1","trialend","singlestim","93","317858"
"3401","Subject141","1","failurefailure","1","failure","positionleft","validityvalid","test","2","negative","singlestim","95","319862","493","â€šÃ³Ã¨","67","dotpositionleft","singlestim","96","320406","c","left","correct","1","","1","trialend","singlestim","97","321418"
"3698","Subject141","1","pleasurepleasure","1","pleasure","positionleft","validityvalid","test","2","positive","singlestim","99","323422","531","â€šÃ³Ã¨","67","dotpositionleft","singlestim","100","324004","c","left","correct","1","","1","trialend","singlestim","101","325017"
"3995","Subject141","1","filthyfilthy","1","filthy","positionleft","validityinvalid","test","2","negative","singlestim","103","327021","457","â€šÃ³Ã¨","77","dotpositionright","singlestim","104","327530","m","right","correct","1","","1","trialend","singlestim","105","328543"
"4292","Subject141","1","cruelcruel","1","cruel","positionright","validityvalid","test","2","negative","singlestim","107","330544","586","â€šÃ³Ã¨","77","dotpositionright","singlestim","108","331182","m","right","correct","1","","1","trialend","singlestim","109","332194"
"4589","Subject141","1","deathdeath","1","death","positionright","validityvalid","test","2","suicide","singlestim","111","334198","673","â€šÃ³Ã¨","77","dotpositionright","singlestim","112","334924","m","right","correct","1","","1","trialend","singlestim","113","335937"
"4886","Subject141","1","rejectedrejected","1","rejected","positionright","validityvalid","test","3","negative","singlestim","115","337942","1004","â€šÃ³Ã¨","77","dotpositionright","singlestim","116","338998","m","right","correct","1","","1","trialend","singlestim","117","340010"
"5183","Subject141","1","greengreen","1","green","positionright","validityvalid","test","3","neutral","singlestim","119","342013","471","â€šÃ³Ã¨","77","dotpositionright","singlestim","120","342536","m","right","correct","1","","1","trialend","singlestim","121","343548"
"5480","Subject141","1","touretoure","1","toure","positionleft","validityvalid","test","3","negative","singlestim","123","345552","528","â€šÃ³Ã¨","67","dotpositionleft","singlestim","124","346131","c","left","correct","1","","1","trialend","singlestim","125","347144"
"5777","Subject141","1","cuttingcutting","1","cutting","positionright","validityvalid","test","3","suicide","singlestim","127","349147","617","â€šÃ³Ã¨","77","dotpositionright","singlestim","128","349815","m","right","correct","1","","1","trialend","singlestim","129","350828"
"6074","Subject141","1","strongstrong","1","strong","positionleft","validityvalid","test","3","positive","singlestim","131","352832","501","â€šÃ³Ã¨","67","dotpositionleft","singlestim","132","353384","c","left","correct","1","","1","trialend","singlestim","133","354396"
"6371","Subject141","1","metermeter","1","meter","positionleft","validityvalid","test","3","neutral","singlestim","135","356400","572","â€šÃ³Ã¨","67","dotpositionleft","singlestim","136","357025","c","left","correct","1","","1","trialend","singlestim","137","358038"
"6668","Subject141","1","happyhappy","1","happy","positionright","validityvalid","test","3","positive","singlestim","139","360042","389","â€šÃ³Ã¨","77","dotpositionright","singlestim","140","360482","m","right","correct","1","","1","trialend","singlestim","141","361494"
"6965","Subject141","1","kisskiss","1","kiss","positionright","validityinvalid","test","3","positive","singlestim","143","363498","379","â€šÃ³Ã¨","67","dotpositionleft","singlestim","144","363929","c","left","correct","1","","1","trialend","singlestim","145","364941"
"7262","Subject141","1","closetcloset","1","closet","positionright","validityinvalid","test","3","neutral","singlestim","147","366944","496","â€šÃ³Ã¨","67","dotpositionleft","singlestim","148","367491","c","left","correct","1","","1","trialend","singlestim","149","368504"
"7559","Subject141","1","smilesmile","1","smile","positionleft","validityvalid","test","3","positive","singlestim","151","370508","440","â€šÃ³Ã¨","67","dotpositionleft","singlestim","152","370999","c","left","correct","1","","1","trialend","singlestim","153","372012"
"7856","Subject141","1","diedie","1","die","positionright","validityvalid","test","3","suicide","singlestim","155","374016","482","â€šÃ³Ã¨","77","dotpositionright","singlestim","156","374548","m","right","correct","1","","1","trialend","singlestim","157","375560"
"8153","Subject141","1","dyingdying","1","dying","positionleft","validityvalid","test","3","suicide","singlestim","159","377563","485","â€šÃ³Ã¨","67","dotpositionleft","singlestim","160","378101","c","left","correct","1","","1","trialend","singlestim","161","379113"
"8450","Subject141","1","deaddead","1","dead","positionleft","validityinvalid","test","3","suicide","singlestim","163","381116","404","â€šÃ³Ã¨","77","dotpositionright","singlestim","164","381573","m","right","correct","1","","1","trialend","singlestim","165","382585"
"8747","Subject141","1","museummuseum","1","museum","positionleft","validityvalid","test","3","neutral","singlestim","167","384589","491","â€šÃ³Ã¨","67","dotpositionleft","singlestim","168","385131","c","left","correct","1","","1","trialend","singlestim","169","386144"
"9044","Subject141","1","assaultassault","1","assault","positionleft","validityinvalid","test","3","negative","singlestim","171","388146","454","â€šÃ³Ã¨","77","dotpositionright","singlestim","172","388652","m","right","correct","1","","1","trialend","singlestim","173","389665"
"9341","Subject141","1","bombbomb","1","bomb","positionright","validityvalid","test","3","negative","singlestim","175","391668","610","â€šÃ³Ã¨","77","dotpositionright","singlestim","176","392330","m","right","correct","1","","1","trialend","singlestim","177","393342"
"9638","Subject141","1","ashamedashamed","1","ashamed","positionright","validityinvalid","test","4","negative","singlestim","179","395346","575","â€šÃ³Ã¨","67","dotpositionleft","singlestim","180","395973","c","left","correct","1","","1","trialend","singlestim","181","396985"
"9935","Subject141","1","laughlaugh","1","laugh","positionright","validityvalid","test","4","positive","singlestim","183","398989","526","â€šÃ³Ã¨","77","dotpositionright","singlestim","184","399566","m","right","correct","1","","1","trialend","singlestim","185","400577"
"10232","Subject141","1","wohlesswohless","1","wohless","positionright","validityvalid","test","4","negative","singlestim","187","402581","546","â€šÃ³Ã¨","77","dotpositionright","singlestim","188","403179","m","right","correct","1","","1","trialend","singlestim","189","404191"
"10529","Subject141","1","killingkilling","1","killing","positionleft","validityvalid","test","4","suicide","singlestim","191","406194","516","â€šÃ³Ã¨","67","dotpositionleft","singlestim","192","406760","c","left","correct","1","","1","trialend","singlestim","193","407771"
"10826","Subject141","1","deceaseddeceased","1","deceased","positionright","validityvalid","test","4","suicide","singlestim","195","409774","605","â€šÃ³Ã¨","77","dotpositionright","singlestim","196","410431","m","right","correct","1","","1","trialend","singlestim","197","411443"
"11123","Subject141","1","alonealone","1","alone","positionleft","validityvalid","test","4","negative","singlestim","199","413446","473","â€šÃ³Ã¨","67","dotpositionleft","singlestim","200","413971","c","left","correct","1","","1","trialend","singlestim","201","414983"
"11420","Subject141","1","doubledouble","1","double","positionright","validityvalid","test","4","neutral","singlestim","203","416987","296","â€šÃ³Ã¨","77","dotpositionright","singlestim","204","417334","m","right","correct","1","","1","trialend","singlestim","205","418346"
"11717","Subject141","1","hanginghanging","1","hanging","positionleft","validityvalid","test","4","suicide","singlestim","207","420349","415","â€šÃ³Ã¨","67","dotpositionleft","singlestim","208","420815","c","left","correct","1","","1","trialend","singlestim","209","421828"
"12014","Subject141","1","suicidesuicide","1","suicide","positionright","validityinvalid","test","4","suicide","singlestim","211","423832","530","â€šÃ³Ã¨","67","dotpositionleft","singlestim","212","424414","c","left","correct","1","","1","trialend","singlestim","213","425427"
"12311","Subject141","1","engineengine","1","engine","positionleft","validityvalid","test","4","neutral","singlestim","215","427430","436","â€šÃ³Ã¨","67","dotpositionleft","singlestim","216","427918","c","left","correct","1","","1","trialend","singlestim","217","428930"
"12608","Subject141","1","structurestructure","1","structure","positionright","validityvalid","test","4","neutral","singlestim","219","430934","396","â€šÃ³Ã¨","77","dotpositionright","singlestim","220","431382","m","right","correct","1","","1","trialend","singlestim","221","432394"
"12905","Subject141","1","ecstaticecstatic","1","ecstatic","positionright","validityvalid","test","4","positive","singlestim","223","434397","373","â€šÃ³Ã¨","77","dotpositionright","singlestim","224","434822","m","right","correct","1","","1","trialend","singlestim","225","435834"
"13202","Subject141","1","stupidstupid","1","stupid","positionleft","validityvalid","test","4","negative","singlestim","227","437836","366","â€šÃ³Ã¨","67","dotpositionleft","singlestim","228","438255","c","left","correct","1","","1","trialend","singlestim","229","439266"
"13499","Subject141","1","successsuccess","1","success","positionleft","validityvalid","test","4","positive","singlestim","231","441269","315","â€šÃ³Ã¨","67","dotpositionleft","singlestim","232","441636","c","left","correct","1","","1","trialend","singlestim","233","442649"
"13796","Subject141","1","passionatepassionate","1","passionate","positionleft","validityinvalid","test","4","positive","singlestim","235","444653","469","â€šÃ³Ã¨","77","dotpositionright","singlestim","236","445175","m","right","correct","1","","1","trialend","singlestim","237","446187"
"14093","Subject141","1","frameframe","1","frame","positionleft","validityinvalid","test","4","neutral","singlestim","239","448192","404","â€šÃ³Ã¨","77","dotpositionright","singlestim","240","448647","m","right","correct","1","","1","trialend","singlestim","241","449659"
"14390","Subject141","1","funeralfuneral","1","funeral","positionright","validityvalid","test","1","suicide","singlestim","243","451662","589","â€šÃ³Ã¨","77","dotpositionright","singlestim","244","452302","m","right","correct","1","","1","trialend","singlestim","245","453314"
"14687","Subject141","1","healthyhealthy","1","healthy","positionleft","validityinvalid","test","1","positive","singlestim","247","455318","563","â€šÃ³Ã¨","77","dotpositionright","singlestim","248","455932","m","right","correct","1","","1","trialend","singlestim","249","456945"
"14984","Subject141","1","paradiseparadise","1","paradise","positionleft","validityvalid","test","1","positive","singlestim","251","458947","383","â€šÃ³Ã¨","67","dotpositionleft","singlestim","252","459382","c","left","correct","1","","1","trialend","singlestim","253","460395"
"15281","Subject141","1","patheticpathetic","1","pathetic","positionleft","validityvalid","test","1","negative","singlestim","255","462399","372","â€šÃ³Ã¨","67","dotpositionleft","singlestim","256","462822","c","left","correct","1","","1","trialend","singlestim","257","463835"
"15578","Subject141","1","cheesecheese","1","cheese","positionright","validityvalid","test","1","neutral","singlestim","259","465840","523","â€šÃ³Ã¨","77","dotpositionright","singlestim","260","466414","m","right","correct","1","","1","trialend","singlestim","261","467427"
"15875","Subject141","1","greatgreat","1","great","positionright","validityvalid","test","1","positive","singlestim","263","469429","381","â€šÃ³Ã¨","77","dotpositionright","singlestim","264","469862","m","right","correct","1","","1","trialend","singlestim","265","470873"
"16172","Subject141","1","cryingcrying","1","crying","positionright","validityvalid","test","1","negative","singlestim","267","472877","429","â€šÃ³Ã¨","77","dotpositionright","singlestim","268","473359","m","right","correct","1","","1","trialend","singlestim","269","474371"
"16469","Subject141","1","imageimage","1","image","positionleft","validityvalid","test","1","neutral","singlestim","271","476375","394","â€šÃ³Ã¨","67","dotpositionleft","singlestim","272","476822","c","left","correct","1","","1","trialend","singlestim","273","477833"
"16766","Subject141","1","statuestatue","1","statue","positionright","validityinvalid","test","1","neutral","singlestim","275","479837","405","â€šÃ³Ã¨","67","dotpositionleft","singlestim","276","480294","c","left","correct","1","","1","trialend","singlestim","277","481307"
"17063","Subject141","1","hatehate","1","hate","positionright","validityinvalid","test","1","negative","singlestim","279","483312","397","â€šÃ³Ã¨","67","dotpositionleft","singlestim","280","483760","c","left","correct","1","","1","trialend","singlestim","281","484772"
"17360","Subject141","1","suffocationsuffocation","1","suffocation","positionleft","validityinvalid","test","1","suicide","singlestim","283","486775","390","â€šÃ³Ã¨","77","dotpositionright","singlestim","284","487216","m","right","correct","1","","1","trialend","singlestim","285","488228"
"17657","Subject141","1","gunshotgunshot","1","gunshot","positionright","validityvalid","test","1","suicide","singlestim","287","490230","422","â€šÃ³Ã¨","77","dotpositionright","singlestim","288","490704","m","right","correct","1","","1","trialend","singlestim","289","491717"
"17954","Subject141","1","foldedfolded","1","folded","positionleft","validityvalid","test","1","neutral","singlestim","291","493721","547","â€šÃ³Ã¨","67","dotpositionleft","singlestim","292","494319","c","left","correct","1","","1","trialend","singlestim","293","495332"
"18251","Subject141","1","vomitvomit","1","vomit","positionleft","validityvalid","test","1","negative","singlestim","295","497334","406","â€šÃ³Ã¨","67","dotpositionleft","singlestim","296","497792","c","left","correct","1","","1","trialend","singlestim","297","498805"
"18548","Subject141","1","attractionattraction","1","attraction","positionright","validityvalid","test","1","positive","singlestim","299","500809","410","â€šÃ³Ã¨","77","dotpositionright","singlestim","300","501270","m","right","correct","1","","1","trialend","singlestim","301","502283"
"18845","Subject141","1","bloodblood","1","blood","positionleft","validityvalid","test","1","suicide","singlestim","303","504286","477","â€šÃ³Ã¨","67","dotpositionleft","singlestim","304","504815","c","left","correct","1","","1","trialend","singlestim","305","505828"
