"","SubjectID","rt","stimulus","keypress","word","wordposition","validity","block","blocknum","wordtype","trialtype","trialindex","timeelapsed","rt.1","stimulus.1","keypress.1","dotposition","trialtype.1","trialindex.1","timeelapsed.1","keypressed","participantresponse","correctresponse","rt.2","stimulus.2","keypress.2","blocktrial","trialtype.2","trialindex.2","timeelapsed.2"
"103","Subject108","1","bombbomb","1","bomb","positionright","validityvalid","test","3","negative","singlestim","51","90022","484","â€šÃ³Ã¨","77","dotpositionright","singlestim","52","90557","m","right","correct","1","","1","trialend","singlestim","53","91571"
"400","Subject108","1","smilesmile","1","smile","positionleft","validityvalid","test","3","positive","singlestim","55","93575","391","â€šÃ³Ã¨","67","dotpositionleft","singlestim","56","94018","c","left","correct","1","","1","trialend","singlestim","57","95032"
"697","Subject108","1","closetcloset","1","closet","positionright","validityinvalid","test","3","neutral","singlestim","59","97036","578","â€šÃ³Ã¨","67","dotpositionleft","singlestim","60","97666","c","left","correct","1","","1","trialend","singlestim","61","98679"
"994","Subject108","1","deaddead","1","dead","positionleft","validityinvalid","test","3","suicide","singlestim","63","100684","375","â€šÃ³Ã¨","77","dotpositionright","singlestim","64","101110","m","right","correct","1","","1","trialend","singlestim","65","102123"
"1291","Subject108","1","museummuseum","1","museum","positionleft","validityvalid","test","3","neutral","singlestim","67","104128","656","â€šÃ³Ã¨","67","dotpositionleft","singlestim","68","104836","c","left","correct","1","","1","trialend","singlestim","69","105850"
"1588","Subject108","1","metermeter","1","meter","positionleft","validityvalid","test","3","neutral","singlestim","71","107854","390","â€šÃ³Ã¨","67","dotpositionleft","singlestim","72","108297","c","left","correct","1","","1","trialend","singlestim","73","109310"
"1885","Subject108","1","rejectedrejected","1","rejected","positionright","validityvalid","test","3","negative","singlestim","75","111315","362","â€šÃ³Ã¨","77","dotpositionright","singlestim","76","111729","m","right","correct","1","","1","trialend","singlestim","77","112742"
"2182","Subject108","1","greengreen","1","green","positionright","validityvalid","test","3","neutral","singlestim","79","114747","626","â€šÃ³Ã¨","77","dotpositionright","singlestim","80","115426","m","right","correct","1","","1","trialend","singlestim","81","116439"
"2479","Subject108","1","touretoure","1","toure","positionleft","validityvalid","test","3","negative","singlestim","83","118444","608","â€šÃ³Ã¨","67","dotpositionleft","singlestim","84","119104","c","left","correct","1","","1","trialend","singlestim","85","120118"
"2776","Subject108","1","happyhappy","1","happy","positionright","validityvalid","test","3","positive","singlestim","87","122122","393","â€šÃ³Ã¨","77","dotpositionright","singlestim","88","122567","m","right","correct","1","","1","trialend","singlestim","89","123581"
"3073","Subject108","1","strongstrong","1","strong","positionleft","validityvalid","test","3","positive","singlestim","91","125585","384","â€šÃ³Ã¨","67","dotpositionleft","singlestim","92","126022","c","left","correct","1","","1","trialend","singlestim","93","127035"
"3370","Subject108","1","diedie","1","die","positionright","validityvalid","test","3","suicide","singlestim","95","129039","385","â€šÃ³Ã¨","77","dotpositionright","singlestim","96","129475","m","right","correct","1","","1","trialend","singlestim","97","130489"
"3667","Subject108","1","dyingdying","1","dying","positionleft","validityvalid","test","3","suicide","singlestim","99","132493","409","â€šÃ³Ã¨","67","dotpositionleft","singlestim","100","132953","c","left","correct","1","","1","trialend","singlestim","101","133967"
"3964","Subject108","1","kisskiss","1","kiss","positionright","validityinvalid","test","3","positive","singlestim","103","135970","428","â€šÃ³Ã¨","67","dotpositionleft","singlestim","104","136450","c","left","correct","1","","1","trialend","singlestim","105","137463"
"4261","Subject108","1","cuttingcutting","1","cutting","positionright","validityvalid","test","3","suicide","singlestim","107","139467","358","â€šÃ³Ã¨","77","dotpositionright","singlestim","108","139877","m","right","correct","1","","1","trialend","singlestim","109","140889"
"4558","Subject108","1","assaultassault","1","assault","positionleft","validityinvalid","test","3","negative","singlestim","111","142892","569","â€šÃ³Ã¨","77","dotpositionright","singlestim","112","143513","m","right","correct","1","","1","trialend","singlestim","113","144525"
"4855","Subject108","1","failurefailure","1","failure","positionleft","validityvalid","test","2","negative","singlestim","115","146529","385","â€šÃ³Ã¨","67","dotpositionleft","singlestim","116","146967","c","left","correct","1","","1","trialend","singlestim","117","147980"
"5152","Subject108","1","pleasurepleasure","1","pleasure","positionleft","validityvalid","test","2","positive","singlestim","119","149985","316","â€šÃ³Ã¨","67","dotpositionleft","singlestim","120","150351","c","left","correct","1","","1","trialend","singlestim","121","151364"
"5449","Subject108","1","horsehorse","1","horse","positionleft","validityinvalid","test","2","neutral","singlestim","123","153369","441","â€šÃ³Ã¨","77","dotpositionright","singlestim","124","153863","m","right","correct","1","","1","trialend","singlestim","125","154876"
"5746","Subject108","1","braverybravery","1","bravery","positionleft","validityvalid","test","2","positive","singlestim","127","156880","362","â€šÃ³Ã¨","67","dotpositionleft","singlestim","128","157295","c","left","correct","1","","1","trialend","singlestim","129","158308"
"6043","Subject108","1","lovelove","1","love","positionright","validityinvalid","test","2","positive","singlestim","131","160312","517","â€šÃ³Ã¨","67","dotpositionleft","singlestim","132","160882","c","left","correct","1","","1","trialend","singlestim","133","161895"
"6340","Subject108","1","filthyfilthy","1","filthy","positionleft","validityinvalid","test","2","negative","singlestim","135","163899","490","â€šÃ³Ã¨","77","dotpositionright","singlestim","136","164442","m","right","correct","1","","1","trialend","singlestim","137","165455"
"6637","Subject108","1","tabletable","1","table","positionright","validityvalid","test","2","neutral","singlestim","139","167460","525","â€šÃ³Ã¨","77","dotpositionright","singlestim","140","168037","m","right","correct","1","","1","trialend","singlestim","141","169050"
"6934","Subject108","1","enthusiasmenthusiasm","1","enthusiasm","positionright","validityvalid","test","2","positive","singlestim","143","171054","518","â€šÃ³Ã¨","77","dotpositionright","singlestim","144","171624","m","right","correct","1","","1","trialend","singlestim","145","172636"
"7231","Subject108","1","deathdeath","1","death","positionright","validityvalid","test","2","suicide","singlestim","147","174640","393","â€šÃ³Ã¨","77","dotpositionright","singlestim","148","175085","m","right","correct","1","","1","trialend","singlestim","149","176098"
"7528","Subject108","1","abuseabuse","1","abuse","positionright","validityvalid","test","2","negative","singlestim","151","178103","514","â€šÃ³Ã¨","77","dotpositionright","singlestim","152","178668","m","right","correct","1","","1","trialend","singlestim","153","179682"
"7825","Subject108","1","foamfoam","1","foam","positionright","validityvalid","test","2","neutral","singlestim","155","181686","525","â€šÃ³Ã¨","77","dotpositionright","singlestim","156","182262","m","right","correct","1","","1","trialend","singlestim","157","183276"
"8122","Subject108","1","overdoseoverdose","1","overdose","positionright","validityinvalid","test","2","suicide","singlestim","159","185280","495","â€šÃ³Ã¨","67","dotpositionleft","singlestim","160","185827","c","left","correct","1","","1","trialend","singlestim","161","186840"
"8419","Subject108","1","noosenoose","1","noose","positionleft","validityvalid","test","2","suicide","singlestim","163","188844","417","â€šÃ³Ã¨","67","dotpositionleft","singlestim","164","189314","c","left","correct","1","","1","trialend","singlestim","165","190325"
"8716","Subject108","1","cruelcruel","1","cruel","positionright","validityvalid","test","2","negative","singlestim","167","192330","359","â€šÃ³Ã¨","77","dotpositionright","singlestim","168","192740","m","right","correct","1","","1","trialend","singlestim","169","193753"
"9013","Subject108","1","corpsecorpse","1","corpse","positionleft","validityvalid","test","2","suicide","singlestim","171","195758","658","â€šÃ³Ã¨","67","dotpositionleft","singlestim","172","196468","c","left","correct","1","","1","trialend","singlestim","173","197481"
"9310","Subject108","1","paperpaper","1","paper","positionleft","validityvalid","test","2","neutral","singlestim","175","199485","640","â€šÃ³Ã¨","67","dotpositionleft","singlestim","176","200178","c","left","correct","1","","1","trialend","singlestim","177","201191"
"9607","Subject108","1","funeralfuneral","1","funeral","positionright","validityvalid","test","1","suicide","singlestim","179","203195","336","â€šÃ³Ã¨","77","dotpositionright","singlestim","180","203584","m","right","correct","1","","1","trialend","singlestim","181","204597"
"9904","Subject108","1","cryingcrying","1","crying","positionright","validityvalid","test","1","negative","singlestim","183","206605","313","â€šÃ³Ã¨","77","dotpositionright","singlestim","184","206971","m","right","correct","1","","1","trialend","singlestim","185","207985"
"10201","Subject108","1","attractionattraction","1","attraction","positionright","validityvalid","test","1","positive","singlestim","187","209989","382","â€šÃ³Ã¨","77","dotpositionright","singlestim","188","210423","m","right","correct","1","","1","trialend","singlestim","189","211436"
"10498","Subject108","1","patheticpathetic","1","pathetic","positionleft","validityvalid","test","1","negative","singlestim","191","213441","318","â€šÃ³Ã¨","67","dotpositionleft","singlestim","192","213810","c","left","correct","1","","1","trialend","singlestim","193","214824"
"10795","Subject108","1","vomitvomit","1","vomit","positionleft","validityvalid","test","1","negative","singlestim","195","216828","508","â€šÃ³Ã¨","67","dotpositionleft","singlestim","196","217388","c","left","correct","1","","1","trialend","singlestim","197","218402"
"11092","Subject108","1","foldedfolded","1","folded","positionleft","validityvalid","test","1","neutral","singlestim","199","220406","375","â€šÃ³Ã¨","67","dotpositionleft","singlestim","200","220833","c","left","correct","1","","1","trialend","singlestim","201","221847"
"11389","Subject108","1","paradiseparadise","1","paradise","positionleft","validityvalid","test","1","positive","singlestim","203","223851","383","â€šÃ³Ã¨","67","dotpositionleft","singlestim","204","224287","c","left","correct","1","","1","trialend","singlestim","205","225301"
"11686","Subject108","1","statuestatue","1","statue","positionright","validityinvalid","test","1","neutral","singlestim","207","227305","404","â€šÃ³Ã¨","67","dotpositionleft","singlestim","208","227761","c","left","correct","1","","1","trialend","singlestim","209","228774"
"11983","Subject108","1","greatgreat","1","great","positionright","validityvalid","test","1","positive","singlestim","211","230779","408","â€šÃ³Ã¨","77","dotpositionright","singlestim","212","231240","m","right","correct","1","","1","trialend","singlestim","213","232253"
"12280","Subject108","1","cheesecheese","1","cheese","positionright","validityvalid","test","1","neutral","singlestim","215","234258","443","â€šÃ³Ã¨","77","dotpositionright","singlestim","216","234754","m","right","correct","1","","1","trialend","singlestim","217","235767"
"12577","Subject108","1","gunshotgunshot","1","gunshot","positionright","validityvalid","test","1","suicide","singlestim","219","237771","452","â€šÃ³Ã¨","77","dotpositionright","singlestim","220","238276","m","right","correct","1","","1","trialend","singlestim","221","239289"
"12874","Subject108","1","suffocationsuffocation","1","suffocation","positionleft","validityinvalid","test","1","suicide","singlestim","223","241294","405","â€šÃ³Ã¨","77","dotpositionright","singlestim","224","241751","m","right","correct","1","","1","trialend","singlestim","225","242764"
"13171","Subject108","1","bloodblood","1","blood","positionleft","validityvalid","test","1","suicide","singlestim","227","244769","372","â€šÃ³Ã¨","67","dotpositionleft","singlestim","228","245194","c","left","correct","1","","1","trialend","singlestim","229","246207"
"13468","Subject108","1","hatehate","1","hate","positionright","validityinvalid","test","1","negative","singlestim","231","248211","524","â€šÃ³Ã¨","67","dotpositionleft","singlestim","232","248787","c","left","correct","1","","1","trialend","singlestim","233","249801"
"13765","Subject108","1","imageimage","1","image","positionleft","validityvalid","test","1","neutral","singlestim","235","251805","333","â€šÃ³Ã¨","67","dotpositionleft","singlestim","236","252191","c","left","correct","1","","1","trialend","singlestim","237","253204"
"14062","Subject108","1","healthyhealthy","1","healthy","positionleft","validityinvalid","test","1","positive","singlestim","239","255208","475","â€šÃ³Ã¨","77","dotpositionright","singlestim","240","255735","m","right","correct","1","","1","trialend","singlestim","241","256749"
"14359","Subject108","1","laughlaugh","1","laugh","positionright","validityvalid","test","4","positive","singlestim","243","258753","366","â€šÃ³Ã¨","77","dotpositionright","singlestim","244","259171","m","right","correct","1","","1","trialend","singlestim","245","260185"
"14656","Subject108","1","engineengine","1","engine","positionleft","validityvalid","test","4","neutral","singlestim","247","262189","414","â€šÃ³Ã¨","67","dotpositionleft","singlestim","248","262655","c","left","correct","1","","1","trialend","singlestim","249","263669"
"14953","Subject108","1","suicidesuicide","1","suicide","positionright","validityinvalid","test","4","suicide","singlestim","251","265673","418","â€šÃ³Ã¨","67","dotpositionleft","singlestim","252","266143","c","left","correct","1","","1","trialend","singlestim","253","267157"
"15250","Subject108","1","ashamedashamed","1","ashamed","positionright","validityinvalid","test","4","negative","singlestim","255","269161","395","â€šÃ³Ã¨","67","dotpositionleft","singlestim","256","269609","c","left","correct","1","","1","trialend","singlestim","257","270622"
"15547","Subject108","1","successsuccess","1","success","positionleft","validityvalid","test","4","positive","singlestim","259","272627","398","â€šÃ³Ã¨","67","dotpositionleft","singlestim","260","273078","c","left","correct","1","","1","trialend","singlestim","261","274091"
"15844","Subject108","1","structurestructure","1","structure","positionright","validityvalid","test","4","neutral","singlestim","263","276096","466","â€šÃ³Ã¨","77","dotpositionright","singlestim","264","276615","m","right","correct","1","","1","trialend","singlestim","265","277627"
"16141","Subject108","1","killingkilling","1","killing","positionleft","validityvalid","test","4","suicide","singlestim","267","279632","388","â€šÃ³Ã¨","67","dotpositionleft","singlestim","268","280073","c","left","correct","1","","1","trialend","singlestim","269","281086"
"16438","Subject108","1","wohlesswohless","1","wohless","positionright","validityvalid","test","4","negative","singlestim","271","283091","333","â€šÃ³Ã¨","77","dotpositionright","singlestim","272","283475","m","right","correct","1","","1","trialend","singlestim","273","284488"
"16735","Subject108","1","frameframe","1","frame","positionleft","validityinvalid","test","4","neutral","singlestim","275","286493","347","â€šÃ³Ã¨","77","dotpositionright","singlestim","276","286892","m","right","correct","1","","1","trialend","singlestim","277","287905"
"17032","Subject108","1","doubledouble","1","double","positionright","validityvalid","test","4","neutral","singlestim","279","289909","348","â€šÃ³Ã¨","77","dotpositionright","singlestim","280","290309","m","right","correct","1","","1","trialend","singlestim","281","291321"
"17329","Subject108","1","alonealone","1","alone","positionleft","validityvalid","test","4","negative","singlestim","283","293326","482","â€šÃ³Ã¨","67","dotpositionleft","singlestim","284","293860","c","left","correct","1","","1","trialend","singlestim","285","294873"
"17626","Subject108","1","deceaseddeceased","1","deceased","positionright","validityvalid","test","4","suicide","singlestim","287","296878","546","â€šÃ³Ã¨","77","dotpositionright","singlestim","288","297475","m","right","correct","1","","1","trialend","singlestim","289","298489"
"17923","Subject108","1","hanginghanging","1","hanging","positionleft","validityvalid","test","4","suicide","singlestim","291","300494","311","â€šÃ³Ã¨","67","dotpositionleft","singlestim","292","300857","c","left","correct","1","","1","trialend","singlestim","293","301870"
"18220","Subject108","1","passionatepassionate","1","passionate","positionleft","validityinvalid","test","4","positive","singlestim","295","303874","356","â€šÃ³Ã¨","77","dotpositionright","singlestim","296","304281","m","right","correct","1","","1","trialend","singlestim","297","305295"
"18517","Subject108","1","ecstaticecstatic","1","ecstatic","positionright","validityvalid","test","4","positive","singlestim","299","307299","514","â€šÃ³Ã¨","77","dotpositionright","singlestim","300","307865","m","right","correct","1","","1","trialend","singlestim","301","308879"
"18814","Subject108","1","stupidstupid","1","stupid","positionleft","validityvalid","test","4","negative","singlestim","303","310883","357","â€šÃ³Ã¨","67","dotpositionleft","singlestim","304","311292","c","left","correct","1","","1","trialend","singlestim","305","312305"
