"","SubjectID","rt","stimulus","keypress","word","wordposition","validity","block","blocknum","wordtype","trialtype","trialindex","timeelapsed","rt.1","stimulus.1","keypress.1","dotposition","trialtype.1","trialindex.1","timeelapsed.1","keypressed","participantresponse","correctresponse","rt.2","stimulus.2","keypress.2","blocktrial","trialtype.2","trialindex.2","timeelapsed.2"
"280","Subject314","test","1","negative","singlestim","51","94333","100010","550","â€šÃ³Ã¨","77","dotpositionright","singlestim","94938","100020","m","right","correct","1","","trialend","singlestim","53","95952","100030","1","healthyhealthy","1","healthy","positionleft"
"577","Subject314","test","1","positive","singlestim","55","97961","100050","564","â€šÃ³Ã¨","77","dotpositionright","singlestim","98589","100060","m","right","correct","1","","trialend","singlestim","57","99618","100070","1","cheesecheese","1","cheese","positionright"
"874","Subject314","test","1","neutral","singlestim","59","101645","100090","450","â€šÃ³Ã¨","77","dotpositionright","singlestim","102150","1000100","m","right","correct","1","","trialend","singlestim","61","103166","1000110","1","paradiseparadise","1","paradise","positionleft"
"1171","Subject314","test","1","positive","singlestim","63","105185","1000130","436","â€šÃ³Ã¨","67","dotpositionleft","singlestim","105673","1000140","c","left","correct","1","","trialend","singlestim","65","106687","1000150","1","foldedfolded","1","folded","positionleft"
"1468","Subject314","test","1","neutral","singlestim","67","108695","1000170","454","â€šÃ³Ã¨","67","dotpositionleft","singlestim","109207","1000180","c","left","correct","1","","trialend","singlestim","69","110233","1000190","1","statuestatue","1","statue","positionright"
"1765","Subject314","test","1","neutral","singlestim","71","112266","1000210","423","â€šÃ³Ã¨","67","dotpositionleft","singlestim","112743","1000220","c","left","correct","1","","trialend","singlestim","73","113762","1000230","1","vomitvomit","1","vomit","positionleft"
"2062","Subject314","test","1","negative","singlestim","75","115791","1000250","383","â€šÃ³Ã¨","67","dotpositionleft","singlestim","116235","1000260","c","left","correct","1","","trialend","singlestim","77","117256","1000270","1","attractionattraction","1","attraction","positionright"
"2359","Subject314","test","1","positive","singlestim","79","119261","1000290","403","â€šÃ³Ã¨","77","dotpositionright","singlestim","119722","1000300","m","right","correct","1","","trialend","singlestim","81","120738","1000310","1","patheticpathetic","1","pathetic","positionleft"
"2656","Subject314","test","1","negative","singlestim","83","122758","1000330","539","â€šÃ³Ã¨","67","dotpositionleft","singlestim","123353","1000340","c","left","correct","1","","trialend","singlestim","85","124381","1000350","1","bloodblood","1","blood","positionleft"
"2953","Subject314","test","1","suicide","singlestim","87","126412","1000370","422","â€šÃ³Ã¨","67","dotpositionleft","singlestim","126888","1000380","c","left","correct","1","","trialend","singlestim","89","127907","1000390","1","gunshotgunshot","1","gunshot","positionright"
"3250","Subject314","test","1","suicide","singlestim","91","129941","1000410","409","â€šÃ³Ã¨","77","dotpositionright","singlestim","130410","1000420","m","right","correct","1","","trialend","singlestim","93","131435","1000430","1","imageimage","1","image","positionleft"
"3547","Subject314","test","1","neutral","singlestim","95","133445","1000450","446","â€šÃ³Ã¨","67","dotpositionleft","singlestim","133945","1000460","c","left","correct","1","","trialend","singlestim","97","134962","1000470","1","greatgreat","1","great","positionright"
"3844","Subject314","test","1","positive","singlestim","99","136979","1000490","388","â€šÃ³Ã¨","77","dotpositionright","singlestim","137423","1000500","m","right","correct","1","","trialend","singlestim","101","138442","1000510","1","hatehate","1","hate","positionright"
"4141","Subject314","test","1","negative","singlestim","103","140448","1000530","342","â€šÃ³Ã¨","67","dotpositionleft","singlestim","140843","1000540","c","left","correct","1","","trialend","singlestim","105","141870","1000550","1","suffocationsuffocation","1","suffocation","positionleft"
"4438","Subject314","test","1","suicide","singlestim","107","143886","1000570","349","â€šÃ³Ã¨","77","dotpositionright","singlestim","144289","1000580","m","right","correct","1","","trialend","singlestim","109","145304","1000590","1","funeralfuneral","1","funeral","positionright"
"4735","Subject314","test","1","suicide","singlestim","111","147311","1000610","477","â€šÃ³Ã¨","77","dotpositionright","singlestim","147843","1000620","m","right","correct","1","","trialend","singlestim","113","148858","1000630","1","foamfoam","1","foam","positionright"
"5032","Subject314","test","2","neutral","singlestim","115","150869","101010","443","â€šÃ³Ã¨","77","dotpositionright","singlestim","151375","101020","m","right","correct","1","","trialend","singlestim","117","152395","101030","1","deathdeath","1","death","positionright"
"5329","Subject314","test","2","suicide","singlestim","119","154417","101050","384","â€šÃ³Ã¨","77","dotpositionright","singlestim","154852","101060","m","right","correct","1","","trialend","singlestim","121","155873","101070","1","braverybravery","1","bravery","positionleft"
"5626","Subject314","test","2","positive","singlestim","123","157902","101090","391","â€šÃ³Ã¨","67","dotpositionleft","singlestim","158349","1010100","c","left","correct","1","","trialend","singlestim","125","159380","1010110","1","enthusiasmenthusiasm","1","enthusiasm","positionright"
"5923","Subject314","test","2","positive","singlestim","127","161402","1010130","359","â€šÃ³Ã¨","77","dotpositionright","singlestim","161814","1010140","m","right","correct","1","","trialend","singlestim","129","162841","1010150","1","tabletable","1","table","positionright"
"6220","Subject314","test","2","neutral","singlestim","131","164858","1010170","326","â€šÃ³Ã¨","77","dotpositionright","singlestim","165243","1010180","m","right","correct","1","","trialend","singlestim","133","166264","1010190","1","horsehorse","1","horse","positionleft"
"6517","Subject314","test","2","neutral","singlestim","135","168280","1010210","481","â€šÃ³Ã¨","77","dotpositionright","singlestim","168814","1010220","m","right","correct","1","","trialend","singlestim","137","169828","1010230","1","corpsecorpse","1","corpse","positionleft"
"6814","Subject314","test","2","suicide","singlestim","139","171851","1010250","310","â€šÃ³Ã¨","67","dotpositionleft","singlestim","172224","1010260","c","left","correct","1","","trialend","singlestim","141","173242","1010270","1","filthyfilthy","1","filthy","positionleft"
"7111","Subject314","test","2","negative","singlestim","143","175261","1010290","343","â€šÃ³Ã¨","77","dotpositionright","singlestim","175659","1010300","m","right","correct","1","","trialend","singlestim","145","176683","1010310","1","pleasurepleasure","1","pleasure","positionleft"
"7408","Subject314","test","2","positive","singlestim","147","178698","1010330","353","â€šÃ³Ã¨","67","dotpositionleft","singlestim","179117","1010340","c","left","correct","1","","trialend","singlestim","149","180135","1010350","1","overdoseoverdose","1","overdose","positionright"
"7705","Subject314","test","2","suicide","singlestim","151","182149","1010370","389","â€šÃ³Ã¨","67","dotpositionleft","singlestim","182589","1010380","c","left","correct","1","","trialend","singlestim","153","183613","1010390","1","paperpaper","1","paper","positionleft"
"8002","Subject314","test","2","neutral","singlestim","155","185628","1010410","362","â€šÃ³Ã¨","67","dotpositionleft","singlestim","186042","1010420","c","left","correct","1","","trialend","singlestim","157","187062","1010430","1","noosenoose","1","noose","positionleft"
"8299","Subject314","test","2","suicide","singlestim","159","189089","1010450","424","â€šÃ³Ã¨","67","dotpositionleft","singlestim","189570","1010460","c","left","correct","1","","trialend","singlestim","161","190597","1010470","1","abuseabuse","1","abuse","positionright"
"8596","Subject314","test","2","negative","singlestim","163","192617","1010490","418","â€šÃ³Ã¨","77","dotpositionright","singlestim","193100","1010500","m","right","correct","1","","trialend","singlestim","165","194124","1010510","1","failurefailure","1","failure","positionleft"
"8893","Subject314","test","2","negative","singlestim","167","196147","1010530","384","â€šÃ³Ã¨","67","dotpositionleft","singlestim","196585","1010540","c","left","correct","1","","trialend","singlestim","169","197600","1010550","1","cruelcruel","1","cruel","positionright"
"9190","Subject314","test","2","negative","singlestim","171","199633","1010570","395","â€šÃ³Ã¨","77","dotpositionright","singlestim","200091","1010580","m","right","correct","1","","trialend","singlestim","173","201107","1010590","1","lovelove","1","love","positionright"
"9487","Subject314","test","2","positive","singlestim","175","203128","1010610","362","â€šÃ³Ã¨","67","dotpositionleft","singlestim","203547","1010620","c","left","correct","1","","trialend","singlestim","177","204572","1010630","1","cuttingcutting","1","cutting","positionright"
"9784","Subject314","test","3","suicide","singlestim","179","206590","102010","351","â€šÃ³Ã¨","77","dotpositionright","singlestim","206998","102020","m","right","correct","1","","trialend","singlestim","181","208015","102030","1","bombbomb","1","bomb","positionright"
"10081","Subject314","test","3","negative","singlestim","183","210035","102050","333","â€šÃ³Ã¨","77","dotpositionright","singlestim","210430","102060","m","right","correct","1","","trialend","singlestim","185","211448","102070","1","metermeter","1","meter","positionleft"
"10378","Subject314","test","3","neutral","singlestim","187","213457","102090","333","â€šÃ³Ã¨","67","dotpositionleft","singlestim","213845","1020100","c","left","correct","1","","trialend","singlestim","189","214869","1020110","1","greengreen","1","green","positionright"
"10675","Subject314","test","3","neutral","singlestim","191","216889","1020130","404","â€šÃ³Ã¨","77","dotpositionright","singlestim","217349","1020140","m","right","correct","1","","trialend","singlestim","193","218367","1020150","1","smilesmile","1","smile","positionleft"
"10972","Subject314","test","3","positive","singlestim","195","220384","1020170","372","â€šÃ³Ã¨","67","dotpositionleft","singlestim","220809","1020180","c","left","correct","1","","trialend","singlestim","197","221835","1020190","1","dyingdying","1","dying","positionleft"
"11269","Subject314","test","3","suicide","singlestim","199","223852","1020210","363","â€šÃ³Ã¨","67","dotpositionleft","singlestim","224276","1020220","c","left","correct","1","","trialend","singlestim","201","225304","1020230","1","touretoure","1","toure","positionleft"
"11566","Subject314","test","3","negative","singlestim","203","227317","1020250","375","â€šÃ³Ã¨","67","dotpositionleft","singlestim","227752","1020260","c","left","correct","1","","trialend","singlestim","205","228771","1020270","1","deaddead","1","dead","positionleft"
"11863","Subject314","test","3","suicide","singlestim","207","230805","1020290","563","â€šÃ³Ã¨","77","dotpositionright","singlestim","231424","1020300","m","right","correct","1","","trialend","singlestim","209","232442","1020310","1","assaultassault","1","assault","positionleft"
"12160","Subject314","test","3","negative","singlestim","211","234452","1020330","364","â€šÃ³Ã¨","77","dotpositionright","singlestim","234875","1020340","m","right","correct","1","","trialend","singlestim","213","235896","1020350","1","museummuseum","1","museum","positionleft"
"12457","Subject314","test","3","neutral","singlestim","215","237916","1020370","322","â€šÃ³Ã¨","67","dotpositionleft","singlestim","238299","1020380","c","left","correct","1","","trialend","singlestim","217","239327","1020390","1","rejectedrejected","1","rejected","positionright"
"12754","Subject314","test","3","negative","singlestim","219","241332","1020410","400","â€šÃ³Ã¨","77","dotpositionright","singlestim","241794","1020420","m","right","correct","1","","trialend","singlestim","221","242810","1020430","1","happyhappy","1","happy","positionright"
"13051","Subject314","test","3","positive","singlestim","223","244840","1020450","514","â€šÃ³Ã¨","77","dotpositionright","singlestim","245407","1020460","m","right","correct","1","","trialend","singlestim","225","246426","1020470","1","closetcloset","1","closet","positionright"
"13348","Subject314","test","3","neutral","singlestim","227","248445","1020490","530","â€šÃ³Ã¨","67","dotpositionleft","singlestim","249040","1020500","c","left","correct","1","","trialend","singlestim","229","250054","1020510","1","kisskiss","1","kiss","positionright"
"13645","Subject314","test","3","positive","singlestim","231","252076","1020530","433","â€šÃ³Ã¨","67","dotpositionleft","singlestim","252560","1020540","c","left","correct","1","","trialend","singlestim","233","253582","1020550","1","strongstrong","1","strong","positionleft"
"13942","Subject314","test","3","positive","singlestim","235","255613","1020570","385","â€šÃ³Ã¨","67","dotpositionleft","singlestim","256061","1020580","c","left","correct","1","","trialend","singlestim","237","257076","1020590","1","diedie","1","die","positionright"
"14239","Subject314","test","3","suicide","singlestim","239","259088","1020610","431","â€šÃ³Ã¨","77","dotpositionright","singlestim","259576","1020620","m","right","correct","1","","trialend","singlestim","241","260599","1020630","1","structurestructure","1","structure","positionright"
"14536","Subject314","test","4","neutral","singlestim","243","262612","103010","528","â€šÃ³Ã¨","77","dotpositionright","singlestim","263202","103020","m","right","correct","1","","trialend","singlestim","245","264220","103030","1","alonealone","1","alone","positionleft"
"14833","Subject314","test","4","negative","singlestim","247","266230","103050","306","â€šÃ³Ã¨","67","dotpositionleft","singlestim","266598","103060","c","left","correct","1","","trialend","singlestim","249","267616","103070","1","laughlaugh","1","laugh","positionright"
"15130","Subject314","test","4","positive","singlestim","251","269642","103090","532","â€šÃ³Ã¨","77","dotpositionright","singlestim","270224","1030100","m","right","correct","1","","trialend","singlestim","253","271254","1030110","1","frameframe","1","frame","positionleft"
"15427","Subject314","test","4","neutral","singlestim","255","273287","1030130","402","â€šÃ³Ã¨","77","dotpositionright","singlestim","273745","1030140","m","right","correct","1","","trialend","singlestim","257","274774","1030150","1","stupidstupid","1","stupid","positionleft"
"15724","Subject314","test","4","negative","singlestim","259","276804","1030170","533","â€šÃ³Ã¨","67","dotpositionleft","singlestim","277392","1030180","c","left","correct","1","","trialend","singlestim","261","278411","1030190","1","deceaseddeceased","1","deceased","positionright"
"16021","Subject314","test","4","suicide","singlestim","263","280434","1030210","435","â€šÃ³Ã¨","77","dotpositionright","singlestim","280926","1030220","m","right","correct","1","","trialend","singlestim","265","281944","1030230","1","wohlesswohless","1","wohless","positionright"
"16318","Subject314","test","4","negative","singlestim","267","283953","1030250","387","â€šÃ³Ã¨","77","dotpositionright","singlestim","284397","1030260","m","right","correct","1","","trialend","singlestim","269","285414","1030270","1","ashamedashamed","1","ashamed","positionright"
"16615","Subject314","test","4","negative","singlestim","271","287435","1030290","457","â€šÃ³Ã¨","67","dotpositionleft","singlestim","287946","1030300","c","left","correct","1","","trialend","singlestim","273","288961","1030310","1","suicidesuicide","1","suicide","positionright"
"16912","Subject314","test","4","suicide","singlestim","275","290974","1030330","442","â€šÃ³Ã¨","67","dotpositionleft","singlestim","291468","1030340","c","left","correct","1","","trialend","singlestim","277","292486","1030350","1","hanginghanging","1","hanging","positionleft"
"17209","Subject314","test","4","suicide","singlestim","279","294505","1030370","445","â€šÃ³Ã¨","67","dotpositionleft","singlestim","295004","1030380","c","left","correct","1","","trialend","singlestim","281","296026","1030390","1","doubledouble","1","double","positionright"
"17506","Subject314","test","4","neutral","singlestim","283","298054","1030410","347","â€šÃ³Ã¨","77","dotpositionright","singlestim","298454","1030420","m","right","correct","1","","trialend","singlestim","285","299469","1030430","1","ecstaticecstatic","1","ecstatic","positionright"
"17803","Subject314","test","4","positive","singlestim","287","301479","1030450","470","â€šÃ³Ã¨","77","dotpositionright","singlestim","302004","1030460","m","right","correct","1","","trialend","singlestim","289","303022","1030470","1","engineengine","1","engine","positionleft"
"18100","Subject314","test","4","neutral","singlestim","291","305047","1030490","363","â€šÃ³Ã¨","67","dotpositionleft","singlestim","305472","1030500","c","left","correct","1","","trialend","singlestim","293","306486","1030510","1","passionatepassionate","1","passionate","positionleft"
"18397","Subject314","test","4","positive","singlestim","295","308492","1030530","485","â€šÃ³Ã¨","77","dotpositionright","singlestim","309043","1030540","m","right","correct","1","","trialend","singlestim","297","310060","1030550","1","successsuccess","1","success","positionleft"
"18694","Subject314","test","4","positive","singlestim","299","312078","1030570","355","â€šÃ³Ã¨","67","dotpositionleft","singlestim","312496","1030580","c","left","correct","1","","trialend","singlestim","301","313512","1030590","1","killingkilling","1","killing","positionleft"
"18991","Subject314","test","4","suicide","singlestim","303","315537","1030610","430","â€šÃ³Ã¨","67","dotpositionleft","singlestim","316023","1030620","c","left","correct","1","","trialend","singlestim","305","317045","1030630","1006","timeout","textTimed","306","318053"
