"","SubjectID","rt","stimulus","keypress","word","wordposition","validity","block","blocknum","wordtype","trialtype","trialindex","timeelapsed","rt.1","stimulus.1","keypress.1","dotposition","trialtype.1","trialindex.1","timeelapsed.1","keypressed","participantresponse","correctresponse","rt.2","stimulus.2","keypress.2","blocktrial","trialtype.2","trialindex.2","timeelapsed.2"
"194","Subject225","1","hanginghanging","1","hanging","positionleft","validityvalid","test","4","suicide","singlestim","51","286870","758","â€šÃ³Ã¨","67","dotpositionleft","singlestim","52","287680","c","left","correct","1","","1","trialend","singlestim","53","288699"
"491","Subject225","1","doubledouble","1","double","positionright","validityvalid","test","4","neutral","singlestim","55","290706","509","â€šÃ³Ã¨","77","dotpositionright","singlestim","56","291270","m","right","correct","1","","1","trialend","singlestim","57","292286"
"788","Subject225","1","suicidesuicide","1","suicide","positionright","validityinvalid","test","4","suicide","singlestim","59","294294","410","â€šÃ³Ã¨","67","dotpositionleft","singlestim","60","294756","c","left","correct","1","","1","trialend","singlestim","61","295773"
"1085","Subject225","1","deceaseddeceased","1","deceased","positionright","validityvalid","test","4","suicide","singlestim","63","297782","384","â€šÃ³Ã¨","77","dotpositionright","singlestim","64","298220","m","right","correct","1","","1","trialend","singlestim","65","299233"
"1382","Subject225","1","alonealone","1","alone","positionleft","validityvalid","test","4","negative","singlestim","67","301244","400","â€šÃ³Ã¨","67","dotpositionleft","singlestim","68","301698","c","left","correct","1","","1","trialend","singlestim","69","302715"
"1679","Subject225","1","engineengine","1","engine","positionleft","validityvalid","test","4","neutral","singlestim","71","304723","391","â€šÃ³Ã¨","67","dotpositionleft","singlestim","72","305169","c","left","correct","1","","1","trialend","singlestim","73","306186"
"1976","Subject225","1","ecstaticecstatic","1","ecstatic","positionright","validityvalid","test","4","positive","singlestim","75","308198","485","â€šÃ³Ã¨","77","dotpositionright","singlestim","76","308742","m","right","correct","1","","1","trialend","singlestim","77","309756"
"2273","Subject225","1","structurestructure","1","structure","positionright","validityvalid","test","4","neutral","singlestim","79","311766","308","â€šÃ³Ã¨","77","dotpositionright","singlestim","80","312127","m","right","correct","1","","1","trialend","singlestim","81","313143"
"2570","Subject225","1","stupidstupid","1","stupid","positionleft","validityvalid","test","4","negative","singlestim","83","315150","493","â€šÃ³Ã¨","67","dotpositionleft","singlestim","84","315696","c","left","correct","1","","1","trialend","singlestim","85","316713"
"2867","Subject225","1","successsuccess","1","success","positionleft","validityvalid","test","4","positive","singlestim","87","318724","401","â€šÃ³Ã¨","67","dotpositionleft","singlestim","88","319180","c","left","correct","1","","1","trialend","singlestim","89","320195"
"3164","Subject225","1","frameframe","1","frame","positionleft","validityinvalid","test","4","neutral","singlestim","91","322204","386","â€šÃ³Ã¨","77","dotpositionright","singlestim","92","322643","m","right","correct","1","","1","trialend","singlestim","93","323663"
"3461","Subject225","1","laughlaugh","1","laugh","positionright","validityvalid","test","4","positive","singlestim","95","325673","420","â€šÃ³Ã¨","77","dotpositionright","singlestim","96","326146","m","right","correct","1","","1","trialend","singlestim","97","327162"
"3758","Subject225","1","wohlesswohless","1","wohless","positionright","validityvalid","test","4","negative","singlestim","99","329169","440","â€šÃ³Ã¨","77","dotpositionright","singlestim","100","329662","m","right","correct","1","","1","trialend","singlestim","101","330677"
"4055","Subject225","1","passionatepassionate","1","passionate","positionleft","validityinvalid","test","4","positive","singlestim","103","332688","435","â€šÃ³Ã¨","77","dotpositionright","singlestim","104","333173","m","right","correct","1","","1","trialend","singlestim","105","334192"
"4352","Subject225","1","ashamedashamed","1","ashamed","positionright","validityinvalid","test","4","negative","singlestim","107","336202","398","â€šÃ³Ã¨","67","dotpositionleft","singlestim","108","336657","c","left","correct","1","","1","trialend","singlestim","109","337672"
"4649","Subject225","1","killingkilling","1","killing","positionleft","validityvalid","test","4","suicide","singlestim","111","339681","479","â€šÃ³Ã¨","67","dotpositionleft","singlestim","112","340212","c","left","correct","1","","1","trialend","singlestim","113","341226"
"4946","Subject225","1","rejectedrejected","1","rejected","positionright","validityvalid","test","3","negative","singlestim","115","343236","439","â€šÃ³Ã¨","77","dotpositionright","singlestim","116","343729","m","right","correct","1","","1","trialend","singlestim","117","344744"
"5243","Subject225","1","closetcloset","1","closet","positionright","validityinvalid","test","3","neutral","singlestim","119","346753","380","â€šÃ³Ã¨","67","dotpositionleft","singlestim","120","347189","c","left","correct","1","","1","trialend","singlestim","121","348206"
"5540","Subject225","1","kisskiss","1","kiss","positionright","validityinvalid","test","3","positive","singlestim","123","350216","543","â€šÃ³Ã¨","67","dotpositionleft","singlestim","124","350814","c","left","correct","1","","1","trialend","singlestim","125","351836"
"5837","Subject225","1","cuttingcutting","1","cutting","positionright","validityvalid","test","3","suicide","singlestim","127","353849","470","â€šÃ³Ã¨","77","dotpositionright","singlestim","128","354372","m","right","correct","1","","1","trialend","singlestim","129","355388"
"6134","Subject225","1","deaddead","1","dead","positionleft","validityinvalid","test","3","suicide","singlestim","131","357399","557","â€šÃ³Ã¨","77","dotpositionright","singlestim","132","358008","m","right","correct","1","","1","trialend","singlestim","133","359026"
"6431","Subject225","1","museummuseum","1","museum","positionleft","validityvalid","test","3","neutral","singlestim","135","361037","537","â€šÃ³Ã¨","67","dotpositionleft","singlestim","136","361627","c","left","correct","1","","1","trialend","singlestim","137","362644"
"6728","Subject225","1","happyhappy","1","happy","positionright","validityvalid","test","3","positive","singlestim","139","364656","326","â€šÃ³Ã¨","77","dotpositionright","singlestim","140","365037","m","right","correct","1","","1","trialend","singlestim","141","366053"
"7025","Subject225","1","touretoure","1","toure","positionleft","validityvalid","test","3","negative","singlestim","143","368062","378","â€šÃ³Ã¨","67","dotpositionleft","singlestim","144","368492","c","left","correct","1","","1","trialend","singlestim","145","369509"
"7322","Subject225","1","diedie","1","die","positionright","validityvalid","test","3","suicide","singlestim","147","371520","373","â€šÃ³Ã¨","77","dotpositionright","singlestim","148","371945","m","right","correct","1","","1","trialend","singlestim","149","372960"
"7619","Subject225","1","strongstrong","1","strong","positionleft","validityvalid","test","3","positive","singlestim","151","374972","378","â€šÃ³Ã¨","67","dotpositionleft","singlestim","152","375405","c","left","correct","1","","1","trialend","singlestim","153","376421"
"7916","Subject225","1","bombbomb","1","bomb","positionright","validityvalid","test","3","negative","singlestim","155","378431","309","â€šÃ³Ã¨","77","dotpositionright","singlestim","156","378792","m","right","correct","1","","1","trialend","singlestim","157","379809"
"8213","Subject225","1","metermeter","1","meter","positionleft","validityvalid","test","3","neutral","singlestim","159","381820","407","â€šÃ³Ã¨","67","dotpositionleft","singlestim","160","382280","c","left","correct","1","","1","trialend","singlestim","161","383300"
"8510","Subject225","1","greengreen","1","green","positionright","validityvalid","test","3","neutral","singlestim","163","385308","328","â€šÃ³Ã¨","77","dotpositionright","singlestim","164","385689","m","right","correct","1","","1","trialend","singlestim","165","386708"
"8807","Subject225","1","assaultassault","1","assault","positionleft","validityinvalid","test","3","negative","singlestim","167","388721","382","â€šÃ³Ã¨","77","dotpositionright","singlestim","168","389156","m","right","correct","1","","1","trialend","singlestim","169","390172"
"9104","Subject225","1","smilesmile","1","smile","positionleft","validityvalid","test","3","positive","singlestim","171","392183","468","â€šÃ³Ã¨","67","dotpositionleft","singlestim","172","392704","c","left","correct","1","","1","trialend","singlestim","173","393721"
"9401","Subject225","1","dyingdying","1","dying","positionleft","validityvalid","test","3","suicide","singlestim","175","395729","386","â€šÃ³Ã¨","67","dotpositionleft","singlestim","176","396170","c","left","correct","1","","1","trialend","singlestim","177","397185"
"9698","Subject225","1","overdoseoverdose","1","overdose","positionright","validityinvalid","test","2","suicide","singlestim","179","399197","404","â€šÃ³Ã¨","67","dotpositionleft","singlestim","180","399654","c","left","correct","1","","1","trialend","singlestim","181","400672"
"9995","Subject225","1","failurefailure","1","failure","positionleft","validityvalid","test","2","negative","singlestim","183","402681","450","â€šÃ³Ã¨","67","dotpositionleft","singlestim","184","403184","c","left","correct","1","","1","trialend","singlestim","185","404202"
"10292","Subject225","1","paperpaper","1","paper","positionleft","validityvalid","test","2","neutral","singlestim","187","406213","340","â€šÃ³Ã¨","67","dotpositionleft","singlestim","188","406606","c","left","correct","1","","1","trialend","singlestim","189","407622"
"10589","Subject225","1","horsehorse","1","horse","positionleft","validityinvalid","test","2","neutral","singlestim","191","409634","324","â€šÃ³Ã¨","77","dotpositionright","singlestim","192","410011","m","right","correct","1","","1","trialend","singlestim","193","411030"
"10886","Subject225","1","enthusiasmenthusiasm","1","enthusiasm","positionright","validityvalid","test","2","positive","singlestim","195","413039","374","â€šÃ³Ã¨","77","dotpositionright","singlestim","196","413466","m","right","correct","1","","1","trialend","singlestim","197","414479"
"11183","Subject225","1","filthyfilthy","1","filthy","positionleft","validityinvalid","test","2","negative","singlestim","199","416490","405","â€šÃ³Ã¨","77","dotpositionright","singlestim","200","416949","m","right","correct","1","","1","trialend","singlestim","201","417965"
"11480","Subject225","1","tabletable","1","table","positionright","validityvalid","test","2","neutral","singlestim","203","419974","391","â€šÃ³Ã¨","77","dotpositionright","singlestim","204","420418","m","right","correct","1","","1","trialend","singlestim","205","421434"
"11777","Subject225","1","cruelcruel","1","cruel","positionright","validityvalid","test","2","negative","singlestim","207","423444","438","â€šÃ³Ã¨","77","dotpositionright","singlestim","208","423934","m","right","correct","1","","1","trialend","singlestim","209","424951"
"12074","Subject225","1","deathdeath","1","death","positionright","validityvalid","test","2","suicide","singlestim","211","426962","457","â€šÃ³Ã¨","77","dotpositionright","singlestim","212","427472","m","right","correct","1","","1","trialend","singlestim","213","428488"
"12371","Subject225","1","pleasurepleasure","1","pleasure","positionleft","validityvalid","test","2","positive","singlestim","215","430496","447","â€šÃ³Ã¨","67","dotpositionleft","singlestim","216","430996","c","left","correct","1","","1","trialend","singlestim","217","432013"
"12668","Subject225","1","lovelove","1","love","positionright","validityinvalid","test","2","positive","singlestim","219","434020","446","â€šÃ³Ã¨","67","dotpositionleft","singlestim","220","434518","c","left","correct","1","","1","trialend","singlestim","221","435535"
"12965","Subject225","1","abuseabuse","1","abuse","positionright","validityvalid","test","2","negative","singlestim","223","437542","392","â€šÃ³Ã¨","77","dotpositionright","singlestim","224","437987","m","right","correct","1","","1","trialend","singlestim","225","439005"
"13262","Subject225","1","foamfoam","1","foam","positionright","validityvalid","test","2","neutral","singlestim","227","441015","548","â€šÃ³Ã¨","77","dotpositionright","singlestim","228","441619","m","right","correct","1","","1","trialend","singlestim","229","442637"
"13559","Subject225","1","corpsecorpse","1","corpse","positionleft","validityvalid","test","2","suicide","singlestim","231","444650","391","â€šÃ³Ã¨","67","dotpositionleft","singlestim","232","445096","c","left","correct","1","","1","trialend","singlestim","233","446114"
"13856","Subject225","1","braverybravery","1","bravery","positionleft","validityvalid","test","2","positive","singlestim","235","448127","429","â€šÃ³Ã¨","67","dotpositionleft","singlestim","236","448611","c","left","correct","1","","1","trialend","singlestim","237","449627"
"14153","Subject225","1","noosenoose","1","noose","positionleft","validityvalid","test","2","suicide","singlestim","239","451635","421","â€šÃ³Ã¨","67","dotpositionleft","singlestim","240","452109","c","left","correct","1","","1","trialend","singlestim","241","453125"
"14450","Subject225","1","cryingcrying","1","crying","positionright","validityvalid","test","1","negative","singlestim","243","455132","359","â€šÃ³Ã¨","77","dotpositionright","singlestim","244","455544","m","right","correct","1","","1","trialend","singlestim","245","456562"
"14747","Subject225","1","cheesecheese","1","cheese","positionright","validityvalid","test","1","neutral","singlestim","247","458572","380","â€šÃ³Ã¨","77","dotpositionright","singlestim","248","459009","m","right","correct","1","","1","trialend","singlestim","249","460028"
"15044","Subject225","1","suffocationsuffocation","1","suffocation","positionleft","validityinvalid","test","1","suicide","singlestim","251","462036","348","â€šÃ³Ã¨","77","dotpositionright","singlestim","252","462436","m","right","correct","1","","1","trialend","singlestim","253","463452"
"15341","Subject225","1","vomitvomit","1","vomit","positionleft","validityvalid","test","1","negative","singlestim","255","465461","400","â€šÃ³Ã¨","67","dotpositionleft","singlestim","256","465916","c","left","correct","1","","1","trialend","singlestim","257","466932"
"15638","Subject225","1","patheticpathetic","1","pathetic","positionleft","validityvalid","test","1","negative","singlestim","259","468941","410","â€šÃ³Ã¨","67","dotpositionleft","singlestim","260","469404","c","left","correct","1","","1","trialend","singlestim","261","470419"
"15935","Subject225","1","healthyhealthy","1","healthy","positionleft","validityinvalid","test","1","positive","singlestim","263","472427","341","â€šÃ³Ã¨","77","dotpositionright","singlestim","264","472821","m","right","correct","1","","1","trialend","singlestim","265","473834"
"16232","Subject225","1","hatehate","1","hate","positionright","validityinvalid","test","1","negative","singlestim","267","475844","351","â€šÃ³Ã¨","67","dotpositionleft","singlestim","268","476248","c","left","correct","1","","1","trialend","singlestim","269","477265"
"16529","Subject225","1","funeralfuneral","1","funeral","positionright","validityvalid","test","1","suicide","singlestim","271","479274","392","â€šÃ³Ã¨","77","dotpositionright","singlestim","272","479717","m","right","correct","1","","1","trialend","singlestim","273","480734"
"16826","Subject225","1","gunshotgunshot","1","gunshot","positionright","validityvalid","test","1","suicide","singlestim","275","482744","384","â€šÃ³Ã¨","77","dotpositionright","singlestim","276","483181","m","right","correct","1","","1","trialend","singlestim","277","484195"
"17123","Subject225","1","foldedfolded","1","folded","positionleft","validityvalid","test","1","neutral","singlestim","279","486204","369","â€šÃ³Ã¨","67","dotpositionleft","singlestim","280","486626","c","left","correct","1","","1","trialend","singlestim","281","487646"
"17420","Subject225","1","paradiseparadise","1","paradise","positionleft","validityvalid","test","1","positive","singlestim","283","489654","356","â€šÃ³Ã¨","67","dotpositionleft","singlestim","284","490066","c","left","correct","1","","1","trialend","singlestim","285","491080"
"17717","Subject225","1","imageimage","1","image","positionleft","validityvalid","test","1","neutral","singlestim","287","493087","377","â€šÃ³Ã¨","67","dotpositionleft","singlestim","288","493521","c","left","correct","1","","1","trialend","singlestim","289","494539"
"18014","Subject225","1","bloodblood","1","blood","positionleft","validityvalid","test","1","suicide","singlestim","291","496551","395","â€šÃ³Ã¨","67","dotpositionleft","singlestim","292","496998","c","left","correct","1","","1","trialend","singlestim","293","498016"
"18311","Subject225","1","attractionattraction","1","attraction","positionright","validityvalid","test","1","positive","singlestim","295","500026","351","â€šÃ³Ã¨","77","dotpositionright","singlestim","296","500430","m","right","correct","1","","1","trialend","singlestim","297","501446"
"18608","Subject225","1","statuestatue","1","statue","positionright","validityinvalid","test","1","neutral","singlestim","299","503457","418","â€šÃ³Ã¨","67","dotpositionleft","singlestim","300","503928","c","left","correct","1","","1","trialend","singlestim","301","504944"
"18905","Subject225","1","greatgreat","1","great","positionright","validityvalid","test","1","positive","singlestim","303","506955","340","â€šÃ³Ã¨","77","dotpositionright","singlestim","304","507348","m","right","correct","1","","1","trialend","singlestim","305","508364"
