"","SubjectID","rt","stimulus","keypress","word","wordposition","validity","block","blocknum","wordtype","trialtype","trialindex","timeelapsed","rt.1","stimulus.1","keypress.1","dotposition","trialtype.1","trialindex.1","timeelapsed.1","keypressed","participantresponse","correctresponse","rt.2","stimulus.2","keypress.2","blocktrial","trialtype.2","trialindex.2","timeelapsed.2"
"254","Subject288","1","enthusiasm","positionright","validityvalid","test","2","positive","singlestim","51","63779","100010","377","77","dotpositionright","singlestim","52","64214","100020","m","correct","1","","1","trialend","singlestim","53","65231","100030","1"
"551","Subject288","1","noose","positionleft","validityvalid","test","2","suicide","singlestim","55","67237","100050","313","67","dotpositionleft","singlestim","56","67603","100060","c","correct","1","","1","trialend","singlestim","57","68620","100070","1"
"848","Subject288","1","horse","positionleft","validityinvalid","test","2","neutral","singlestim","59","70631","100090","314","77","dotpositionright","singlestim","60","70999","1000100","m","correct","1","","1","trialend","singlestim","61","72015","1000110","1"
"1145","Subject288","1","cruel","positionright","validityvalid","test","2","negative","singlestim","63","74025","1000130","405","77","dotpositionright","singlestim","64","74485","1000140","m","correct","1","","1","trialend","singlestim","65","75503","1000150","1"
"1442","Subject288","1","bravery","positionleft","validityvalid","test","2","positive","singlestim","67","77509","1000170","370","67","dotpositionleft","singlestim","68","77932","1000180","c","correct","1","","1","trialend","singlestim","69","78947","1000190","1"
"1739","Subject288","1","foam","positionright","validityvalid","test","2","neutral","singlestim","71","80952","1000210","340","77","dotpositionright","singlestim","72","81349","1000220","m","correct","1","","1","trialend","singlestim","73","82368","1000230","1"
"2036","Subject288","1","filthy","positionleft","validityinvalid","test","2","negative","singlestim","75","84376","1000250","302","77","dotpositionright","singlestim","76","84731","1000260","m","correct","1","","1","trialend","singlestim","77","85743","1000270","1"
"2333","Subject288","1","failure","positionleft","validityvalid","test","2","negative","singlestim","79","87751","1000290","442","67","dotpositionleft","singlestim","80","88250","1000300","c","correct","1","","1","trialend","singlestim","81","89271","1000310","1"
"2630","Subject288","1","corpse","positionleft","validityvalid","test","2","suicide","singlestim","83","91279","1000330","384","67","dotpositionleft","singlestim","84","91715","1000340","c","correct","1","","1","trialend","singlestim","85","92736","1000350","1"
"2927","Subject288","1","table","positionright","validityvalid","test","2","neutral","singlestim","87","94742","1000370","324","77","dotpositionright","singlestim","88","95120","1000380","m","correct","1","","1","trialend","singlestim","89","96135","1000390","1"
"3224","Subject288","1","pleasure","positionleft","validityvalid","test","2","positive","singlestim","91","98141","1000410","327","67","dotpositionleft","singlestim","92","98526","1000420","c","correct","1","","1","trialend","singlestim","93","99543","1000430","1"
"3521","Subject288","1","paper","positionleft","validityvalid","test","2","neutral","singlestim","95","101556","1000450","285","67","dotpositionleft","singlestim","96","101898","1000460","c","correct","1","","1","trialend","singlestim","97","102915","1000470","1"
"3818","Subject288","1","death","positionright","validityvalid","test","2","suicide","singlestim","99","104923","1000490","292","77","dotpositionright","singlestim","100","105269","1000500","m","correct","1","","1","trialend","singlestim","101","106287","1000510","1"
"4115","Subject288","1","love","positionright","validityinvalid","test","2","positive","singlestim","103","108298","1000530","351","67","dotpositionleft","singlestim","104","108706","1000540","c","correct","1","","1","trialend","singlestim","105","109721","1000550","1"
"4412","Subject288","1","overdose","positionright","validityinvalid","test","2","suicide","singlestim","107","111726","1000570","340","67","dotpositionleft","singlestim","108","112122","1000580","c","correct","1","","1","trialend","singlestim","109","113139","1000590","1"
"4709","Subject288","1","abuse","positionright","validityvalid","test","2","negative","singlestim","111","115145","1000610","373","77","dotpositionright","singlestim","112","115574","1000620","m","correct","1","","1","trialend","singlestim","113","116591","1000630","1"
"5006","Subject288","1","ashamed","positionright","validityinvalid","test","4","negative","singlestim","115","118600","101010","328","67","dotpositionleft","singlestim","116","118984","101020","c","correct","1","","1","trialend","singlestim","117","120004","101030","1"
"5303","Subject288","1","deceased","positionright","validityvalid","test","4","suicide","singlestim","119","122013","101050","306","77","dotpositionright","singlestim","120","122373","101060","m","correct","1","","1","trialend","singlestim","121","123391","101070","1"
"5600","Subject288","1","suicide","positionright","validityinvalid","test","4","suicide","singlestim","123","125395","101090","309","67","dotpositionleft","singlestim","124","125759","1010100","c","correct","1","","1","trialend","singlestim","125","126777","1010110","1"
"5897","Subject288","1","success","positionleft","validityvalid","test","4","positive","singlestim","127","128786","1010130","301","67","dotpositionleft","singlestim","128","129142","1010140","c","correct","1","","1","trialend","singlestim","129","130158","1010150","1"
"6194","Subject288","1","stupid","positionleft","validityvalid","test","4","negative","singlestim","131","132165","1010170","273","67","dotpositionleft","singlestim","132","132494","1010180","c","correct","1","","1","trialend","singlestim","133","133511","1010190","1"
"6491","Subject288","1","ecstatic","positionright","validityvalid","test","4","positive","singlestim","135","135524","1010210","293","77","dotpositionright","singlestim","136","135870","1010220","m","correct","1","","1","trialend","singlestim","137","136888","1010230","1"
"6788","Subject288","1","laugh","positionright","validityvalid","test","4","positive","singlestim","139","138900","1010250","281","77","dotpositionright","singlestim","140","139235","1010260","m","correct","1","","1","trialend","singlestim","141","140252","1010270","1"
"7085","Subject288","1","passionate","positionleft","validityinvalid","test","4","positive","singlestim","143","142265","1010290","357","77","dotpositionright","singlestim","144","142677","1010300","m","correct","1","","1","trialend","singlestim","145","143702","1010310","1"
"7382","Subject288","1","structure","positionright","validityvalid","test","4","neutral","singlestim","147","145714","1010330","362","77","dotpositionright","singlestim","148","146132","1010340","m","correct","1","","1","trialend","singlestim","149","147153","1010350","1"
"7679","Subject288","1","engine","positionleft","validityvalid","test","4","neutral","singlestim","151","149161","1010370","297","67","dotpositionleft","singlestim","152","149511","1010380","c","correct","1","","1","trialend","singlestim","153","150530","1010390","1"
"7976","Subject288","1","alone","positionleft","validityvalid","test","4","negative","singlestim","155","152541","1010410","263","67","dotpositionleft","singlestim","156","152863","1010420","c","correct","1","","1","trialend","singlestim","157","153882","1010430","402"
"8273","Subject288","67","killing","positionleft","validityvalid","test","4","suicide","singlestim","159","155890","1010450","304","67","dotpositionleft","singlestim","160","156250","1010460","c","correct","1","","1","trialend","singlestim","161","157265","1010470","1"
"8570","Subject288","1","wohless","positionright","validityvalid","test","4","negative","singlestim","163","159274","1010490","327","77","dotpositionright","singlestim","164","159653","1010500","m","correct","1","","1","trialend","singlestim","165","160669","1010510","1"
"8867","Subject288","1","double","positionright","validityvalid","test","4","neutral","singlestim","167","162675","1010530","269","77","dotpositionright","singlestim","168","162998","1010540","m","correct","1","","1","trialend","singlestim","169","164016","1010550","1"
"9164","Subject288","1","frame","positionleft","validityinvalid","test","4","neutral","singlestim","171","166024","1010570","299","77","dotpositionright","singlestim","172","166373","1010580","m","correct","1","","1","trialend","singlestim","173","167388","1010590","1"
"9461","Subject288","1","hanging","positionleft","validityvalid","test","4","suicide","singlestim","175","169396","1010610","365","67","dotpositionleft","singlestim","176","169815","1010620","c","correct","1","","1","trialend","singlestim","177","170833","1010630","1"
"9758","Subject288","1","dying","positionleft","validityvalid","test","3","suicide","singlestim","179","172842","102010","336","67","dotpositionleft","singlestim","180","173238","102020","c","correct","1","","1","trialend","singlestim","181","174255","102030","1"
"10055","Subject288","1","bomb","positionright","validityvalid","test","3","negative","singlestim","183","176263","102050","333","77","dotpositionright","singlestim","184","176648","102060","m","correct","1","","1","trialend","singlestim","185","177667","102070","1"
"10352","Subject288","1","toure","positionleft","validityvalid","test","3","negative","singlestim","187","179680","102090","371","67","dotpositionleft","singlestim","188","180110","1020100","c","correct","1","","1","trialend","singlestim","189","181129","1020110","523"
"10649","Subject288","77","die","positionright","validityvalid","test","3","suicide","singlestim","191","183139","1020130","338","77","dotpositionright","singlestim","192","183532","1020140","m","correct","1","","1","trialend","singlestim","193","184554","1020150","1"
"10946","Subject288","1","meter","positionleft","validityvalid","test","3","neutral","singlestim","195","186561","1020170","381","67","dotpositionleft","singlestim","196","186998","1020180","c","correct","1","","1","trialend","singlestim","197","188014","1020190","1"
"11243","Subject288","1","smile","positionleft","validityvalid","test","3","positive","singlestim","199","190026","1020210","318","67","dotpositionleft","singlestim","200","190398","1020220","c","correct","1","","1","trialend","singlestim","201","191412","1020230","1"
"11540","Subject288","1","rejected","positionright","validityvalid","test","3","negative","singlestim","203","193426","1020250","287","77","dotpositionright","singlestim","204","193769","1020260","m","correct","1","","1","trialend","singlestim","205","194788","1020270","1"
"11837","Subject288","1","dead","positionleft","validityinvalid","test","3","suicide","singlestim","207","196797","1020290","391","77","dotpositionright","singlestim","208","197246","1020300","m","correct","1","","1","trialend","singlestim","209","198263","1020310","1"
"12134","Subject288","1","green","positionright","validityvalid","test","3","neutral","singlestim","211","200273","1020330","347","77","dotpositionright","singlestim","212","200675","1020340","m","correct","1","","1","trialend","singlestim","213","201691","1020350","1"
"12431","Subject288","1","strong","positionleft","validityvalid","test","3","positive","singlestim","215","203701","1020370","475","67","dotpositionleft","singlestim","216","204231","1020380","c","correct","1","","1","trialend","singlestim","217","205245","1020390","1"
"12728","Subject288","1","closet","positionright","validityinvalid","test","3","neutral","singlestim","219","207253","1020410","383","67","dotpositionleft","singlestim","220","207689","1020420","c","correct","1","","1","trialend","singlestim","221","208704","1020430","1"
"13025","Subject288","1","happy","positionright","validityvalid","test","3","positive","singlestim","223","210717","1020450","385","77","dotpositionright","singlestim","224","211158","1020460","m","correct","1","","1","trialend","singlestim","225","212176","1020470","1"
"13322","Subject288","1","assault","positionleft","validityinvalid","test","3","negative","singlestim","227","214185","1020490","343","77","dotpositionright","singlestim","228","214581","1020500","m","correct","1","","1","trialend","singlestim","229","215600","1020510","1"
"13619","Subject288","1","museum","positionleft","validityvalid","test","3","neutral","singlestim","231","217609","1020530","320","67","dotpositionleft","singlestim","232","217982","1020540","c","correct","1","","1","trialend","singlestim","233","218999","1020550","1"
"13916","Subject288","1","cutting","positionright","validityvalid","test","3","suicide","singlestim","235","221011","1020570","364","77","dotpositionright","singlestim","236","221429","1020580","m","correct","1","","1","trialend","singlestim","237","222448","1020590","1"
"14213","Subject288","1","kiss","positionright","validityinvalid","test","3","positive","singlestim","239","224459","1020610","452","67","dotpositionleft","singlestim","240","224967","1020620","c","correct","1","","1","trialend","singlestim","241","225987","1020630","1"
"14510","Subject288","1","healthy","positionleft","validityinvalid","test","1","positive","singlestim","243","227997","103010","332","77","dotpositionright","singlestim","244","228385","103020","m","correct","1","","1","trialend","singlestim","245","229406","103030","1"
"14807","Subject288","1","blood","positionleft","validityvalid","test","1","suicide","singlestim","247","231416","103050","359","67","dotpositionleft","singlestim","248","231830","103060","c","correct","1","","1","trialend","singlestim","249","232846","103070","1"
"15104","Subject288","1","attraction","positionright","validityvalid","test","1","positive","singlestim","251","234855","103090","443","77","dotpositionright","singlestim","252","235353","1030100","m","correct","1","","1","trialend","singlestim","253","236367","1030110","1"
"15401","Subject288","1","folded","positionleft","validityvalid","test","1","neutral","singlestim","255","238375","1030130","539","67","dotpositionleft","singlestim","256","238968","1030140","c","correct","1","","1","trialend","singlestim","257","239987","1030150","1"
"15698","Subject288","1","vomit","positionleft","validityvalid","test","1","negative","singlestim","259","241995","1030170","304","67","dotpositionleft","singlestim","260","242353","1030180","c","correct","1","","1","trialend","singlestim","261","243371","1030190","1"
"15995","Subject288","1","paradise","positionleft","validityvalid","test","1","positive","singlestim","263","245384","1030210","341","67","dotpositionleft","singlestim","264","245778","1030220","c","correct","1","","1","trialend","singlestim","265","246799","1030230","1"
"16292","Subject288","1","pathetic","positionleft","validityvalid","test","1","negative","singlestim","267","248811","1030250","341","67","dotpositionleft","singlestim","268","249208","1030260","c","correct","1","","1","trialend","singlestim","269","250224","1030270","1"
"16589","Subject288","1","statue","positionright","validityinvalid","test","1","neutral","singlestim","271","252233","1030290","336","67","dotpositionleft","singlestim","272","252625","1030300","c","correct","1","","1","trialend","singlestim","273","253643","1030310","1"
"16886","Subject288","1","gunshot","positionright","validityvalid","test","1","suicide","singlestim","275","255651","1030330","353","77","dotpositionright","singlestim","276","256061","1030340","m","correct","1","","1","trialend","singlestim","277","257080","1030350","1"
"17183","Subject288","1","image","positionleft","validityvalid","test","1","neutral","singlestim","279","259088","1030370","300","67","dotpositionleft","singlestim","280","259444","1030380","c","correct","1","","1","trialend","singlestim","281","260460","1030390","1"
"17480","Subject288","1","cheese","positionright","validityvalid","test","1","neutral","singlestim","283","262468","1030410","332","77","dotpositionright","singlestim","284","262853","1030420","m","correct","1","","1","trialend","singlestim","285","263870","1030430","1"
"17777","Subject288","1","hate","positionright","validityinvalid","test","1","negative","singlestim","287","265884","1030450","382","67","dotpositionleft","singlestim","288","266321","1030460","c","correct","1","","1","trialend","singlestim","289","267336","1030470","1"
"18074","Subject288","1","crying","positionright","validityvalid","test","1","negative","singlestim","291","269352","1030490","344","77","dotpositionright","singlestim","292","269750","1030500","m","correct","1","","1","trialend","singlestim","293","270765","1030510","1"
"18371","Subject288","1","great","positionright","validityvalid","test","1","positive","singlestim","295","272779","1030530","353","77","dotpositionright","singlestim","296","273184","1030540","m","correct","1","","1","trialend","singlestim","297","274205","1030550","1"
"18668","Subject288","1","funeral","positionright","validityvalid","test","1","suicide","singlestim","299","276213","1030570","328","77","dotpositionright","singlestim","300","276596","1030580","m","correct","1","","1","trialend","singlestim","301","277611","1030590","1"
"18965","Subject288","1","suffocation","positionleft","validityinvalid","test","1","suicide","singlestim","303","279619","1030610","336","77","dotpositionright","singlestim","304","280011","1030620","m","correct","1","","1","trialend","singlestim","305","281028","1030630","1003"
