"","SubjectID","rt","stimulus","keypress","word","wordposition","validity","block","blocknum","wordtype","trialtype","trialindex","timeelapsed","rt.1","stimulus.1","keypress.1","dotposition","trialtype.1","trialindex.1","timeelapsed.1","keypressed","participantresponse","correctresponse","rt.2","stimulus.2","keypress.2","blocktrial","trialtype.2","trialindex.2","timeelapsed.2"
"50","Subject51","1","rejectedrejected","1","rejected","positionright","validityvalid","test","3","negative","singlestim","51","54937","644","â€šÃ³Ã¨","77","dotpositionright","singlestim","52","55633","m","right","correct","1","","1","trialend","singlestim","53","56649"
"347","Subject51","1","kisskiss","1","kiss","positionright","validityinvalid","test","3","positive","singlestim","55","58658","391","â€šÃ³Ã¨","67","dotpositionleft","singlestim","56","59101","c","left","correct","1","","1","trialend","singlestim","57","60115"
"644","Subject51","1","museummuseum","1","museum","positionleft","validityvalid","test","3","neutral","singlestim","59","62123","428","â€šÃ³Ã¨","67","dotpositionleft","singlestim","60","62603","c","left","correct","1","","1","trialend","singlestim","61","63621"
"941","Subject51","1","diedie","1","die","positionright","validityvalid","test","3","suicide","singlestim","63","65630","395","â€šÃ³Ã¨","77","dotpositionright","singlestim","64","66077","m","right","correct","1","","1","trialend","singlestim","65","67093"
"1238","Subject51","1","deaddead","1","dead","positionleft","validityinvalid","test","3","suicide","singlestim","67","69105","409","â€šÃ³Ã¨","77","dotpositionright","singlestim","68","69566","m","right","correct","1","","1","trialend","singlestim","69","70582"
"1535","Subject51","1","greengreen","1","green","positionright","validityvalid","test","3","neutral","singlestim","71","72593","393","â€šÃ³Ã¨","77","dotpositionright","singlestim","72","73042","m","right","correct","1","","1","trialend","singlestim","73","74056"
"1832","Subject51","1","cuttingcutting","1","cutting","positionright","validityvalid","test","3","suicide","singlestim","75","76065","414","â€šÃ³Ã¨","77","dotpositionright","singlestim","76","76531","m","right","correct","1","","1","trialend","singlestim","77","77548"
"2129","Subject51","1","closetcloset","1","closet","positionright","validityinvalid","test","3","neutral","singlestim","79","79559","381","â€šÃ³Ã¨","67","dotpositionleft","singlestim","80","79990","c","left","correct","1","","1","trialend","singlestim","81","81003"
"2426","Subject51","1","touretoure","1","toure","positionleft","validityvalid","test","3","negative","singlestim","83","83012","389","â€šÃ³Ã¨","67","dotpositionleft","singlestim","84","83453","c","left","correct","1","","1","trialend","singlestim","85","84469"
"2723","Subject51","1","metermeter","1","meter","positionleft","validityvalid","test","3","neutral","singlestim","87","86477","432","â€šÃ³Ã¨","67","dotpositionleft","singlestim","88","86962","c","left","correct","1","","1","trialend","singlestim","89","87975"
"3020","Subject51","1","bombbomb","1","bomb","positionright","validityvalid","test","3","negative","singlestim","91","89982","377","â€šÃ³Ã¨","77","dotpositionright","singlestim","92","90413","m","right","correct","1","","1","trialend","singlestim","93","91428"
"3317","Subject51","1","assaultassault","1","assault","positionleft","validityinvalid","test","3","negative","singlestim","95","93436","348","â€šÃ³Ã¨","77","dotpositionright","singlestim","96","93837","m","right","correct","1","","1","trialend","singlestim","97","94853"
"3614","Subject51","1","dyingdying","1","dying","positionleft","validityvalid","test","3","suicide","singlestim","99","96861","428","â€šÃ³Ã¨","67","dotpositionleft","singlestim","100","97344","c","left","correct","1","","1","trialend","singlestim","101","98358"
"3911","Subject51","1","happyhappy","1","happy","positionright","validityvalid","test","3","positive","singlestim","103","100366","326","â€šÃ³Ã¨","77","dotpositionright","singlestim","104","100747","m","right","correct","1","","1","trialend","singlestim","105","101764"
"4208","Subject51","1","strongstrong","1","strong","positionleft","validityvalid","test","3","positive","singlestim","107","103773","343","â€šÃ³Ã¨","67","dotpositionleft","singlestim","108","104168","c","left","correct","1","","1","trialend","singlestim","109","105183"
"4505","Subject51","1","smilesmile","1","smile","positionleft","validityvalid","test","3","positive","singlestim","111","107192","442","â€šÃ³Ã¨","67","dotpositionleft","singlestim","112","107687","c","left","correct","1","","1","trialend","singlestim","113","108701"
"4802","Subject51","1","engineengine","1","engine","positionleft","validityvalid","test","4","neutral","singlestim","115","110715","405","â€šÃ³Ã¨","67","dotpositionleft","singlestim","116","111172","c","left","correct","1","","1","trialend","singlestim","117","112184"
"5099","Subject51","1","laughlaugh","1","laugh","positionright","validityvalid","test","4","positive","singlestim","119","114191","456","â€šÃ³Ã¨","77","dotpositionright","singlestim","120","114701","m","right","correct","1","","1","trialend","singlestim","121","115718"
"5396","Subject51","1","passionatepassionate","1","passionate","positionleft","validityinvalid","test","4","positive","singlestim","123","117727","303","â€šÃ³Ã¨","77","dotpositionright","singlestim","124","118085","m","right","correct","1","","1","trialend","singlestim","125","119102"
"5693","Subject51","1","wohlesswohless","1","wohless","positionright","validityvalid","test","4","negative","singlestim","127","121111","449","â€šÃ³Ã¨","77","dotpositionright","singlestim","128","121614","m","right","correct","1","","1","trialend","singlestim","129","122626"
"5990","Subject51","1","stupidstupid","1","stupid","positionleft","validityvalid","test","4","negative","singlestim","131","124633","344","â€šÃ³Ã¨","67","dotpositionleft","singlestim","132","125030","c","left","correct","1","","1","trialend","singlestim","133","126044"
"6287","Subject51","1","structurestructure","1","structure","positionright","validityvalid","test","4","neutral","singlestim","135","128052","357","â€šÃ³Ã¨","77","dotpositionright","singlestim","136","128460","m","right","correct","1","","1","trialend","singlestim","137","129476"
"6584","Subject51","1","suicidesuicide","1","suicide","positionright","validityinvalid","test","4","suicide","singlestim","139","131482","412","â€šÃ³Ã¨","67","dotpositionleft","singlestim","140","131947","c","left","correct","1","","1","trialend","singlestim","141","132963"
"6881","Subject51","1","ecstaticecstatic","1","ecstatic","positionright","validityvalid","test","4","positive","singlestim","143","134971","330","â€šÃ³Ã¨","77","dotpositionright","singlestim","144","135357","m","right","correct","1","","1","trialend","singlestim","145","136375"
"7178","Subject51","1","frameframe","1","frame","positionleft","validityinvalid","test","4","neutral","singlestim","147","138384","336","â€šÃ³Ã¨","77","dotpositionright","singlestim","148","138772","m","right","correct","1","","1","trialend","singlestim","149","139788"
"7475","Subject51","1","successsuccess","1","success","positionleft","validityvalid","test","4","positive","singlestim","151","141798","382","â€šÃ³Ã¨","67","dotpositionleft","singlestim","152","142233","c","left","correct","1","","1","trialend","singlestim","153","143249"
"7772","Subject51","1","killingkilling","1","killing","positionleft","validityvalid","test","4","suicide","singlestim","155","145255","385","â€šÃ³Ã¨","67","dotpositionleft","singlestim","156","145693","c","left","correct","1","","1","trialend","singlestim","157","146707"
"8069","Subject51","1","ashamedashamed","1","ashamed","positionright","validityinvalid","test","4","negative","singlestim","159","148715","416","â€šÃ³Ã¨","67","dotpositionleft","singlestim","160","149187","c","left","correct","1","","1","trialend","singlestim","161","150208"
"8366","Subject51","1","doubledouble","1","double","positionright","validityvalid","test","4","neutral","singlestim","163","152215","414","â€šÃ³Ã¨","77","dotpositionright","singlestim","164","152681","m","right","correct","1","","1","trialend","singlestim","165","153698"
"8663","Subject51","1","deceaseddeceased","1","deceased","positionright","validityvalid","test","4","suicide","singlestim","167","155702","568","â€šÃ³Ã¨","77","dotpositionright","singlestim","168","156323","m","right","correct","1","","1","trialend","singlestim","169","157340"
"8960","Subject51","1","alonealone","1","alone","positionleft","validityvalid","test","4","negative","singlestim","171","159348","375","â€šÃ³Ã¨","67","dotpositionleft","singlestim","172","159775","c","left","correct","1","","1","trialend","singlestim","173","160793"
"9257","Subject51","1","hanginghanging","1","hanging","positionleft","validityvalid","test","4","suicide","singlestim","175","162802","404","â€šÃ³Ã¨","67","dotpositionleft","singlestim","176","163258","c","left","correct","1","","1","trialend","singlestim","177","164276"
"9554","Subject51","1","enthusiasmenthusiasm","1","enthusiasm","positionright","validityvalid","test","2","positive","singlestim","179","166284","365","â€šÃ³Ã¨","77","dotpositionright","singlestim","180","166702","m","right","correct","1","","1","trialend","singlestim","181","167718"
"9851","Subject51","1","paperpaper","1","paper","positionleft","validityvalid","test","2","neutral","singlestim","183","169726","459","â€šÃ³Ã¨","67","dotpositionleft","singlestim","184","170239","c","left","correct","1","","1","trialend","singlestim","185","171252"
"10148","Subject51","1","tabletable","1","table","positionright","validityvalid","test","2","neutral","singlestim","187","173260","476","â€šÃ³Ã¨","77","dotpositionright","singlestim","188","173788","m","right","correct","1","","1","trialend","singlestim","189","174805"
"10445","Subject51","1","deathdeath","1","death","positionright","validityvalid","test","2","suicide","singlestim","191","176813","451","â€šÃ³Ã¨","77","dotpositionright","singlestim","192","177316","m","right","correct","1","","1","trialend","singlestim","193","178333"
"10742","Subject51","1","filthyfilthy","1","filthy","positionleft","validityinvalid","test","2","negative","singlestim","195","180343","369","â€šÃ³Ã¨","77","dotpositionright","singlestim","196","180762","m","right","correct","1","","1","trialend","singlestim","197","181777"
"11039","Subject51","1","cruelcruel","1","cruel","positionright","validityvalid","test","2","negative","singlestim","199","183784","464","â€šÃ³Ã¨","77","dotpositionright","singlestim","200","184300","m","right","correct","1","","1","trialend","singlestim","201","185316"
"11336","Subject51","1","noosenoose","1","noose","positionleft","validityvalid","test","2","suicide","singlestim","203","187324","433","â€šÃ³Ã¨","67","dotpositionleft","singlestim","204","187813","c","left","correct","1","","1","trialend","singlestim","205","188828"
"11633","Subject51","1","horsehorse","1","horse","positionleft","validityinvalid","test","2","neutral","singlestim","207","190836","365","â€šÃ³Ã¨","77","dotpositionright","singlestim","208","191257","m","right","correct","1","","1","trialend","singlestim","209","192273"
"11930","Subject51","1","abuseabuse","1","abuse","positionright","validityvalid","test","2","negative","singlestim","211","194278","701","â€šÃ³Ã¨","77","dotpositionright","singlestim","212","195032","m","right","correct","1","","1","trialend","singlestim","213","196048"
"12227","Subject51","1","corpsecorpse","1","corpse","positionleft","validityvalid","test","2","suicide","singlestim","215","198056","462","â€šÃ³Ã¨","67","dotpositionleft","singlestim","216","198573","c","left","correct","1","","1","trialend","singlestim","217","199589"
"12524","Subject51","1","braverybravery","1","bravery","positionleft","validityvalid","test","2","positive","singlestim","219","201597","466","â€šÃ³Ã¨","67","dotpositionleft","singlestim","220","202115","c","left","correct","1","","1","trialend","singlestim","221","203130"
"12821","Subject51","1","pleasurepleasure","1","pleasure","positionleft","validityvalid","test","2","positive","singlestim","223","205138","420","â€šÃ³Ã¨","67","dotpositionleft","singlestim","224","205613","c","left","correct","1","","1","trialend","singlestim","225","206631"
"13118","Subject51","1","lovelove","1","love","positionright","validityinvalid","test","2","positive","singlestim","227","208638","383","â€šÃ³Ã¨","67","dotpositionleft","singlestim","228","209072","c","left","correct","1","","1","trialend","singlestim","229","210088"
"13415","Subject51","1","failurefailure","1","failure","positionleft","validityvalid","test","2","negative","singlestim","231","212097","409","â€šÃ³Ã¨","67","dotpositionleft","singlestim","232","212559","c","left","correct","1","","1","trialend","singlestim","233","213576"
"13712","Subject51","1","overdoseoverdose","1","overdose","positionright","validityinvalid","test","2","suicide","singlestim","235","215585","559","â€šÃ³Ã¨","67","dotpositionleft","singlestim","236","216197","c","left","correct","1","","1","trialend","singlestim","237","217214"
"14009","Subject51","1","foamfoam","1","foam","positionright","validityvalid","test","2","neutral","singlestim","239","219224","417","â€šÃ³Ã¨","77","dotpositionright","singlestim","240","219693","m","right","correct","1","","1","trialend","singlestim","241","220710"
"14306","Subject51","1","gunshotgunshot","1","gunshot","positionright","validityvalid","test","1","suicide","singlestim","243","222718","459","â€šÃ³Ã¨","77","dotpositionright","singlestim","244","223230","m","right","correct","1","","1","trialend","singlestim","245","224244"
"14603","Subject51","1","funeralfuneral","1","funeral","positionright","validityvalid","test","1","suicide","singlestim","247","226252","429","â€šÃ³Ã¨","77","dotpositionright","singlestim","248","226734","m","right","correct","1","","1","trialend","singlestim","249","227750"
"14900","Subject51","1","attractionattraction","1","attraction","positionright","validityvalid","test","1","positive","singlestim","251","229758","423","â€šÃ³Ã¨","77","dotpositionright","singlestim","252","230235","m","right","correct","1","","1","trialend","singlestim","253","231250"
"15197","Subject51","1","greatgreat","1","great","positionright","validityvalid","test","1","positive","singlestim","255","233259","396","â€šÃ³Ã¨","77","dotpositionright","singlestim","256","233706","m","right","correct","1","","1","trialend","singlestim","257","234721"
"15494","Subject51","1","cheesecheese","1","cheese","positionright","validityvalid","test","1","neutral","singlestim","259","236729","455","â€šÃ³Ã¨","77","dotpositionright","singlestim","260","237240","m","right","correct","1","","1","trialend","singlestim","261","238255"
"15791","Subject51","1","paradiseparadise","1","paradise","positionleft","validityvalid","test","1","positive","singlestim","263","240266","725","â€šÃ³Ã¨","67","dotpositionleft","singlestim","264","241047","c","left","correct","1","","1","trialend","singlestim","265","242064"
"16088","Subject51","1","vomitvomit","1","vomit","positionleft","validityvalid","test","1","negative","singlestim","267","244072","428","â€šÃ³Ã¨","67","dotpositionleft","singlestim","268","244555","c","left","correct","1","","1","trialend","singlestim","269","245569"
"16385","Subject51","1","suffocationsuffocation","1","suffocation","positionleft","validityinvalid","test","1","suicide","singlestim","271","247578","302","â€šÃ³Ã¨","77","dotpositionright","singlestim","272","247933","m","right","correct","1","","1","trialend","singlestim","273","248946"
"16682","Subject51","1","imageimage","1","image","positionleft","validityvalid","test","1","neutral","singlestim","275","250956","586","â€šÃ³Ã¨","67","dotpositionleft","singlestim","276","251595","c","left","correct","1","","1","trialend","singlestim","277","252610"
"16979","Subject51","1","cryingcrying","1","crying","positionright","validityvalid","test","1","negative","singlestim","279","254619","609","â€šÃ³Ã¨","77","dotpositionright","singlestim","280","255280","m","right","correct","1","","1","trialend","singlestim","281","256295"
"17276","Subject51","1","foldedfolded","1","folded","positionleft","validityvalid","test","1","neutral","singlestim","283","258304","457","â€šÃ³Ã¨","67","dotpositionleft","singlestim","284","258814","c","left","correct","1","","1","trialend","singlestim","285","259830"
"17573","Subject51","1","statuestatue","1","statue","positionright","validityinvalid","test","1","neutral","singlestim","287","261838","424","â€šÃ³Ã¨","67","dotpositionleft","singlestim","288","262314","c","left","correct","1","","1","trialend","singlestim","289","263330"
"17870","Subject51","1","healthyhealthy","1","healthy","positionleft","validityinvalid","test","1","positive","singlestim","291","265338","481","â€šÃ³Ã¨","77","dotpositionright","singlestim","292","265872","m","right","correct","1","","1","trialend","singlestim","293","266888"
"18167","Subject51","1","patheticpathetic","1","pathetic","positionleft","validityvalid","test","1","negative","singlestim","295","268896","452","â€šÃ³Ã¨","67","dotpositionleft","singlestim","296","269402","c","left","correct","1","","1","trialend","singlestim","297","270417"
"18464","Subject51","1","hatehate","1","hate","positionright","validityinvalid","test","1","negative","singlestim","299","272425","410","â€šÃ³Ã¨","67","dotpositionleft","singlestim","300","272890","c","left","correct","1","","1","trialend","singlestim","301","273905"
"18761","Subject51","1","bloodblood","1","blood","positionleft","validityvalid","test","1","suicide","singlestim","303","275914","480","â€šÃ³Ã¨","67","dotpositionleft","singlestim","304","276447","c","left","correct","1","","1","trialend","singlestim","305","277459"
