"","SubjectID","rt","stimulus","keypress","word","wordposition","validity","block","blocknum","wordtype","trialtype","trialindex","timeelapsed","rt.1","stimulus.1","keypress.1","dotposition","trialtype.1","trialindex.1","timeelapsed.1","keypressed","participantresponse","correctresponse","rt.2","stimulus.2","keypress.2","blocktrial","trialtype.2","trialindex.2","timeelapsed.2"
"62","Subject65","1","lovelove","1","love","positionright","validityinvalid","test","2","positive","singlestim","51","96955","407","â€šÃ³Ã¨","67","dotpositionleft","singlestim","52","97415","c","left","correct","1","","1","trialend","singlestim","53","98428"
"359","Subject65","1","failurefailure","1","failure","positionleft","validityvalid","test","2","negative","singlestim","55","100433","353","â€šÃ³Ã¨","67","dotpositionleft","singlestim","56","100837","c","left","correct","1","","1","trialend","singlestim","57","101850"
"656","Subject65","1","paperpaper","1","paper","positionleft","validityvalid","test","2","neutral","singlestim","59","103855","363","â€šÃ³Ã¨","67","dotpositionleft","singlestim","60","104270","c","left","correct","1","","1","trialend","singlestim","61","105284"
"953","Subject65","1","tabletable","1","table","positionright","validityvalid","test","2","neutral","singlestim","63","107288","419","â€šÃ³Ã¨","77","dotpositionright","singlestim","64","107760","m","right","correct","1","","1","trialend","singlestim","65","108773"
"1250","Subject65","1","foamfoam","1","foam","positionright","validityvalid","test","2","neutral","singlestim","67","110778","340","â€šÃ³Ã¨","77","dotpositionright","singlestim","68","111171","m","right","correct","1","","1","trialend","singlestim","69","112184"
"1547","Subject65","1","overdoseoverdose","1","overdose","positionright","validityinvalid","test","2","suicide","singlestim","71","114188","416","â€šÃ³Ã¨","67","dotpositionleft","singlestim","72","114656","c","left","correct","1","","1","trialend","singlestim","73","115671"
"1844","Subject65","1","noosenoose","1","noose","positionleft","validityvalid","test","2","suicide","singlestim","75","117675","374","â€šÃ³Ã¨","67","dotpositionleft","singlestim","76","118101","c","left","correct","1","","1","trialend","singlestim","77","119115"
"2141","Subject65","1","pleasurepleasure","1","pleasure","positionleft","validityvalid","test","2","positive","singlestim","79","121119","363","â€šÃ³Ã¨","67","dotpositionleft","singlestim","80","121534","c","left","correct","1","","1","trialend","singlestim","81","122547"
"2438","Subject65","1","filthyfilthy","1","filthy","positionleft","validityinvalid","test","2","negative","singlestim","83","124550","398","â€šÃ³Ã¨","77","dotpositionright","singlestim","84","125000","m","right","correct","1","","1","trialend","singlestim","85","126013"
"2735","Subject65","1","abuseabuse","1","abuse","positionright","validityvalid","test","2","negative","singlestim","87","128017","585","â€šÃ³Ã¨","77","dotpositionright","singlestim","88","128655","m","right","correct","1","","1","trialend","singlestim","89","129668"
"3032","Subject65","1","horsehorse","1","horse","positionleft","validityinvalid","test","2","neutral","singlestim","91","131673","394","â€šÃ³Ã¨","77","dotpositionright","singlestim","92","132118","m","right","correct","1","","1","trialend","singlestim","93","133132"
"3329","Subject65","1","corpsecorpse","1","corpse","positionleft","validityvalid","test","2","suicide","singlestim","95","135136","462","â€šÃ³Ã¨","67","dotpositionleft","singlestim","96","135648","c","left","correct","1","","1","trialend","singlestim","97","136662"
"3626","Subject65","1","deathdeath","1","death","positionright","validityvalid","test","2","suicide","singlestim","99","138667","424","â€šÃ³Ã¨","77","dotpositionright","singlestim","100","139142","m","right","correct","1","","1","trialend","singlestim","101","140154"
"3923","Subject65","1","braverybravery","1","bravery","positionleft","validityvalid","test","2","positive","singlestim","103","142159","438","â€šÃ³Ã¨","67","dotpositionleft","singlestim","104","142648","c","left","correct","1","","1","trialend","singlestim","105","143663"
"4220","Subject65","1","enthusiasmenthusiasm","1","enthusiasm","positionright","validityvalid","test","2","positive","singlestim","107","145666","359","â€šÃ³Ã¨","77","dotpositionright","singlestim","108","146077","m","right","correct","1","","1","trialend","singlestim","109","147091"
"4517","Subject65","1","cruelcruel","1","cruel","positionright","validityvalid","test","2","negative","singlestim","111","149096","431","â€šÃ³Ã¨","77","dotpositionright","singlestim","112","149578","m","right","correct","1","","1","trialend","singlestim","113","150592"
"4814","Subject65","1","cryingcrying","1","crying","positionright","validityvalid","test","1","negative","singlestim","115","152595","410","â€šÃ³Ã¨","77","dotpositionright","singlestim","116","153064","m","right","correct","1","","1","trialend","singlestim","117","154078"
"5111","Subject65","1","bloodblood","1","blood","positionleft","validityvalid","test","1","suicide","singlestim","119","156082","380","â€šÃ³Ã¨","67","dotpositionleft","singlestim","120","156515","c","left","correct","1","","1","trialend","singlestim","121","157528"
"5408","Subject65","1","foldedfolded","1","folded","positionleft","validityvalid","test","1","neutral","singlestim","123","159533","463","â€šÃ³Ã¨","67","dotpositionleft","singlestim","124","160047","c","left","correct","1","","1","trialend","singlestim","125","161060"
"5705","Subject65","1","cheesecheese","1","cheese","positionright","validityvalid","test","1","neutral","singlestim","127","163065","367","â€šÃ³Ã¨","77","dotpositionright","singlestim","128","163483","m","right","correct","1","","1","trialend","singlestim","129","164496"
"6002","Subject65","1","suffocationsuffocation","1","suffocation","positionleft","validityinvalid","test","1","suicide","singlestim","131","166499","402","â€šÃ³Ã¨","77","dotpositionright","singlestim","132","166953","m","right","correct","1","","1","trialend","singlestim","133","167965"
"6299","Subject65","1","patheticpathetic","1","pathetic","positionleft","validityvalid","test","1","negative","singlestim","135","169970","403","â€šÃ³Ã¨","67","dotpositionleft","singlestim","136","170426","c","left","correct","1","","1","trialend","singlestim","137","171439"
"6596","Subject65","1","vomitvomit","1","vomit","positionleft","validityvalid","test","1","negative","singlestim","139","173444","399","â€šÃ³Ã¨","67","dotpositionleft","singlestim","140","173895","c","left","correct","1","","1","trialend","singlestim","141","174908"
"6893","Subject65","1","healthyhealthy","1","healthy","positionleft","validityinvalid","test","1","positive","singlestim","143","176913","370","â€šÃ³Ã¨","77","dotpositionright","singlestim","144","177336","m","right","correct","1","","1","trialend","singlestim","145","178349"
"7190","Subject65","1","funeralfuneral","1","funeral","positionright","validityvalid","test","1","suicide","singlestim","147","180354","501","â€šÃ³Ã¨","77","dotpositionright","singlestim","148","180906","m","right","correct","1","","1","trialend","singlestim","149","181919"
"7487","Subject65","1","greatgreat","1","great","positionright","validityvalid","test","1","positive","singlestim","151","183923","416","â€šÃ³Ã¨","77","dotpositionright","singlestim","152","184392","m","right","correct","1","","1","trialend","singlestim","153","185404"
"7784","Subject65","1","attractionattraction","1","attraction","positionright","validityvalid","test","1","positive","singlestim","155","187408","461","â€šÃ³Ã¨","77","dotpositionright","singlestim","156","187920","m","right","correct","1","","1","trialend","singlestim","157","188933"
"8081","Subject65","1","paradiseparadise","1","paradise","positionleft","validityvalid","test","1","positive","singlestim","159","190937","383","â€šÃ³Ã¨","67","dotpositionleft","singlestim","160","191372","c","left","correct","1","","1","trialend","singlestim","161","192385"
"8378","Subject65","1","imageimage","1","image","positionleft","validityvalid","test","1","neutral","singlestim","163","194389","399","â€šÃ³Ã¨","67","dotpositionleft","singlestim","164","194840","c","left","correct","1","","1","trialend","singlestim","165","195854"
"8675","Subject65","1","gunshotgunshot","1","gunshot","positionright","validityvalid","test","1","suicide","singlestim","167","197858","407","â€šÃ³Ã¨","77","dotpositionright","singlestim","168","198317","m","right","correct","1","","1","trialend","singlestim","169","199330"
"8972","Subject65","1","statuestatue","1","statue","positionright","validityinvalid","test","1","neutral","singlestim","171","201334","443","â€šÃ³Ã¨","67","dotpositionleft","singlestim","172","201829","c","left","correct","1","","1","trialend","singlestim","173","202842"
"9269","Subject65","1","hatehate","1","hate","positionright","validityinvalid","test","1","negative","singlestim","175","204846","416","â€šÃ³Ã¨","67","dotpositionleft","singlestim","176","205314","c","left","correct","1","","1","trialend","singlestim","177","206327"
"9566","Subject65","1","doubledouble","1","double","positionright","validityvalid","test","4","neutral","singlestim","179","208331","691","â€šÃ³Ã¨","77","dotpositionright","singlestim","180","209074","m","right","correct","1","","1","trialend","singlestim","181","210088"
"9863","Subject65","1","killingkilling","1","killing","positionleft","validityvalid","test","4","suicide","singlestim","183","212092","507","â€šÃ³Ã¨","67","dotpositionleft","singlestim","184","212652","c","left","correct","1","","1","trialend","singlestim","185","213664"
"10160","Subject65","1","suicidesuicide","1","suicide","positionright","validityinvalid","test","4","suicide","singlestim","187","215668","353","â€šÃ³Ã¨","67","dotpositionleft","singlestim","188","216073","c","left","correct","1","","1","trialend","singlestim","189","217086"
"10457","Subject65","1","frameframe","1","frame","positionleft","validityinvalid","test","4","neutral","singlestim","191","219090","425","â€šÃ³Ã¨","77","dotpositionright","singlestim","192","219566","m","right","correct","1","","1","trialend","singlestim","193","220579"
"10754","Subject65","1","hanginghanging","1","hanging","positionleft","validityvalid","test","4","suicide","singlestim","195","222582","403","â€šÃ³Ã¨","67","dotpositionleft","singlestim","196","223038","c","left","correct","1","","1","trialend","singlestim","197","224051"
"11051","Subject65","1","successsuccess","1","success","positionleft","validityvalid","test","4","positive","singlestim","199","226055","375","â€šÃ³Ã¨","67","dotpositionleft","singlestim","200","226483","c","left","correct","1","","1","trialend","singlestim","201","227496"
"11348","Subject65","1","structurestructure","1","structure","positionright","validityvalid","test","4","neutral","singlestim","203","229500","561","â€šÃ³Ã¨","77","dotpositionright","singlestim","204","230113","m","right","correct","1","","1","trialend","singlestim","205","231126"
"11645","Subject65","1","deceaseddeceased","1","deceased","positionright","validityvalid","test","4","suicide","singlestim","207","233131","394","â€šÃ³Ã¨","77","dotpositionright","singlestim","208","233576","m","right","correct","1","","1","trialend","singlestim","209","234589"
"11942","Subject65","1","stupidstupid","1","stupid","positionleft","validityvalid","test","4","negative","singlestim","211","236593","408","â€šÃ³Ã¨","67","dotpositionleft","singlestim","212","237052","c","left","correct","1","","1","trialend","singlestim","213","238065"
"12239","Subject65","1","ecstaticecstatic","1","ecstatic","positionright","validityvalid","test","4","positive","singlestim","215","240070","427","â€šÃ³Ã¨","77","dotpositionright","singlestim","216","240549","m","right","correct","1","","1","trialend","singlestim","217","241562"
"12536","Subject65","1","engineengine","1","engine","positionleft","validityvalid","test","4","neutral","singlestim","219","243567","410","â€šÃ³Ã¨","67","dotpositionleft","singlestim","220","244028","c","left","correct","1","","1","trialend","singlestim","221","245041"
"12833","Subject65","1","ashamedashamed","1","ashamed","positionright","validityinvalid","test","4","negative","singlestim","223","247045","452","â€šÃ³Ã¨","67","dotpositionleft","singlestim","224","247549","c","left","correct","1","","1","trialend","singlestim","225","248562"
"13130","Subject65","1","laughlaugh","1","laugh","positionright","validityvalid","test","4","positive","singlestim","227","250567","541","â€šÃ³Ã¨","77","dotpositionright","singlestim","228","251161","m","right","correct","1","","1","trialend","singlestim","229","252174"
"13427","Subject65","1","wohlesswohless","1","wohless","positionright","validityvalid","test","4","negative","singlestim","231","254178","420","â€šÃ³Ã¨","77","dotpositionright","singlestim","232","254650","m","right","correct","1","","1","trialend","singlestim","233","255663"
"13724","Subject65","1","alonealone","1","alone","positionleft","validityvalid","test","4","negative","singlestim","235","257667","379","â€šÃ³Ã¨","67","dotpositionleft","singlestim","236","258099","c","left","correct","1","","1","trialend","singlestim","237","259112"
"14021","Subject65","1","passionatepassionate","1","passionate","positionleft","validityinvalid","test","4","positive","singlestim","239","261117","407","â€šÃ³Ã¨","77","dotpositionright","singlestim","240","261577","m","right","correct","1","","1","trialend","singlestim","241","262590"
"14318","Subject65","1","strongstrong","1","strong","positionleft","validityvalid","test","3","positive","singlestim","243","264594","417","â€šÃ³Ã¨","67","dotpositionleft","singlestim","244","265062","c","left","correct","1","","1","trialend","singlestim","245","266075"
"14615","Subject65","1","cuttingcutting","1","cutting","positionright","validityvalid","test","3","suicide","singlestim","247","268080","398","â€šÃ³Ã¨","77","dotpositionright","singlestim","248","268529","m","right","correct","1","","1","trialend","singlestim","249","269542"
"14912","Subject65","1","dyingdying","1","dying","positionleft","validityvalid","test","3","suicide","singlestim","251","271546","651","â€šÃ³Ã¨","67","dotpositionleft","singlestim","252","272249","c","left","correct","1","","1","trialend","singlestim","253","273278"
"15209","Subject65","1","assaultassault","1","assault","positionleft","validityinvalid","test","3","negative","singlestim","255","275281","362","â€šÃ³Ã¨","77","dotpositionright","singlestim","256","275694","m","right","correct","1","","1","trialend","singlestim","257","276708"
"15506","Subject65","1","smilesmile","1","smile","positionleft","validityvalid","test","3","positive","singlestim","259","278712","388","â€šÃ³Ã¨","67","dotpositionleft","singlestim","260","279152","c","left","correct","1","","1","trialend","singlestim","261","280166"
"15803","Subject65","1","rejectedrejected","1","rejected","positionright","validityvalid","test","3","negative","singlestim","263","282170","434","â€šÃ³Ã¨","77","dotpositionright","singlestim","264","282655","m","right","correct","1","","1","trialend","singlestim","265","283668"
"16100","Subject65","1","museummuseum","1","museum","positionleft","validityvalid","test","3","neutral","singlestim","267","285671","351","â€šÃ³Ã¨","67","dotpositionleft","singlestim","268","286074","c","left","correct","1","","1","trialend","singlestim","269","287087"
"16397","Subject65","1","greengreen","1","green","positionright","validityvalid","test","3","neutral","singlestim","271","289091","490","â€šÃ³Ã¨","77","dotpositionright","singlestim","272","289634","m","right","correct","1","","1","trialend","singlestim","273","290647"
"16694","Subject65","1","happyhappy","1","happy","positionright","validityvalid","test","3","positive","singlestim","275","292649","438","â€šÃ³Ã¨","77","dotpositionright","singlestim","276","293138","m","right","correct","1","","1","trialend","singlestim","277","294152"
"16991","Subject65","1","kisskiss","1","kiss","positionright","validityinvalid","test","3","positive","singlestim","279","296156","480","â€šÃ³Ã¨","67","dotpositionleft","singlestim","280","296688","c","left","correct","1","","1","trialend","singlestim","281","297701"
"17288","Subject65","1","touretoure","1","toure","positionleft","validityvalid","test","3","negative","singlestim","283","299706","341","â€šÃ³Ã¨","67","dotpositionleft","singlestim","284","300099","c","left","correct","1","","1","trialend","singlestim","285","301112"
"17585","Subject65","1","deaddead","1","dead","positionleft","validityinvalid","test","3","suicide","singlestim","287","303115","380","â€šÃ³Ã¨","77","dotpositionright","singlestim","288","303547","m","right","correct","1","","1","trialend","singlestim","289","304561"
"17882","Subject65","1","bombbomb","1","bomb","positionright","validityvalid","test","3","negative","singlestim","291","306565","446","â€šÃ³Ã¨","77","dotpositionright","singlestim","292","307063","m","right","correct","1","","1","trialend","singlestim","293","308076"
"18179","Subject65","1","diedie","1","die","positionright","validityvalid","test","3","suicide","singlestim","295","310081","414","â€šÃ³Ã¨","77","dotpositionright","singlestim","296","310547","m","right","correct","1","","1","trialend","singlestim","297","311559"
"18476","Subject65","1","closetcloset","1","closet","positionright","validityinvalid","test","3","neutral","singlestim","299","313564","503","â€šÃ³Ã¨","67","dotpositionleft","singlestim","300","314119","c","left","correct","1","","1","trialend","singlestim","301","315133"
"18773","Subject65","1","metermeter","1","meter","positionleft","validityvalid","test","3","neutral","singlestim","303","317136","358","â€šÃ³Ã¨","67","dotpositionleft","singlestim","304","317545","c","left","correct","1","","1","trialend","singlestim","305","318558"
