"","SubjectID","rt","stimulus","keypress","word","wordposition","validity","block","blocknum","wordtype","trialtype","trialindex","timeelapsed","rt.1","stimulus.1","keypress.1","dotposition","trialtype.1","trialindex.1","timeelapsed.1","keypressed","participantresponse","correctresponse","rt.2","stimulus.2","keypress.2","blocktrial","trialtype.2","trialindex.2","timeelapsed.2"
"255","Subject289","1","happyhappy","1","happy","positionright","validityvalid","test","3","positive","singlestim","51","64843","370","â€šÃ³Ã¨","77","dotpositionright","singlestim","52","65266","m","right","correct","1","","1","trialend","singlestim","53","66280"
"552","Subject289","1","dyingdying","1","dying","positionleft","validityvalid","test","3","suicide","singlestim","55","68292","336","â€šÃ³Ã¨","67","dotpositionleft","singlestim","56","68683","c","left","correct","1","","1","trialend","singlestim","57","69696"
"849","Subject289","1","museummuseum","1","museum","positionleft","validityvalid","test","3","neutral","singlestim","59","71701","354","â€šÃ³Ã¨","67","dotpositionleft","singlestim","60","72109","c","left","correct","1","","1","trialend","singlestim","61","73125"
"1146","Subject289","1","kisskiss","1","kiss","positionright","validityinvalid","test","3","positive","singlestim","63","75134","362","â€šÃ³Ã¨","67","dotpositionleft","singlestim","64","75550","c","left","correct","1","","1","trialend","singlestim","65","76566"
"1443","Subject289","1","smilesmile","1","smile","positionleft","validityvalid","test","3","positive","singlestim","67","78570","392","â€šÃ³Ã¨","67","dotpositionleft","singlestim","68","79015","c","left","correct","1","","1","trialend","singlestim","69","80031"
"1740","Subject289","1","bombbomb","1","bomb","positionright","validityvalid","test","3","negative","singlestim","71","82040","427","â€šÃ³Ã¨","77","dotpositionright","singlestim","72","82519","m","right","correct","1","","1","trialend","singlestim","73","83536"
"2037","Subject289","1","closetcloset","1","closet","positionright","validityinvalid","test","3","neutral","singlestim","75","85547","299","â€šÃ³Ã¨","67","dotpositionleft","singlestim","76","85898","c","left","correct","1","","1","trialend","singlestim","77","86910"
"2334","Subject289","1","cuttingcutting","1","cutting","positionright","validityvalid","test","3","suicide","singlestim","79","88913","397","â€šÃ³Ã¨","77","dotpositionright","singlestim","80","89363","m","right","correct","1","","1","trialend","singlestim","81","90377"
"2631","Subject289","1","assaultassault","1","assault","positionleft","validityinvalid","test","3","negative","singlestim","83","92387","338","â€šÃ³Ã¨","77","dotpositionright","singlestim","84","92779","m","right","correct","1","","1","trialend","singlestim","85","93794"
"2928","Subject289","1","greengreen","1","green","positionright","validityvalid","test","3","neutral","singlestim","87","95804","384","â€šÃ³Ã¨","77","dotpositionright","singlestim","88","96242","m","right","correct","1","","1","trialend","singlestim","89","97253"
"3225","Subject289","1","metermeter","1","meter","positionleft","validityvalid","test","3","neutral","singlestim","91","99262","366","â€šÃ³Ã¨","67","dotpositionleft","singlestim","92","99681","c","left","correct","1","","1","trialend","singlestim","93","100695"
"3522","Subject289","1","strongstrong","1","strong","positionleft","validityvalid","test","3","positive","singlestim","95","102704","351","â€šÃ³Ã¨","67","dotpositionleft","singlestim","96","103107","c","left","correct","1","","1","trialend","singlestim","97","104120"
"3819","Subject289","1","diedie","1","die","positionright","validityvalid","test","3","suicide","singlestim","99","106126","438","â€šÃ³Ã¨","77","dotpositionright","singlestim","100","106620","m","right","correct","1","","1","trialend","singlestim","101","107637"
"4116","Subject289","1","touretoure","1","toure","positionleft","validityvalid","test","3","negative","singlestim","103","109645","313","â€šÃ³Ã¨","67","dotpositionleft","singlestim","104","110008","c","left","correct","1","","1","trialend","singlestim","105","111021"
"4413","Subject289","1","deaddead","1","dead","positionleft","validityinvalid","test","3","suicide","singlestim","107","113028","344","â€šÃ³Ã¨","77","dotpositionright","singlestim","108","113424","m","right","correct","1","","1","trialend","singlestim","109","114439"
"4710","Subject289","1","rejectedrejected","1","rejected","positionright","validityvalid","test","3","negative","singlestim","111","116448","350","â€šÃ³Ã¨","77","dotpositionright","singlestim","112","116852","m","right","correct","1","","1","trialend","singlestim","113","117864"
"5007","Subject289","1","abuseabuse","1","abuse","positionright","validityvalid","test","2","negative","singlestim","115","119873","417","â€šÃ³Ã¨","77","dotpositionright","singlestim","116","120342","m","right","correct","1","","1","trialend","singlestim","117","121360"
"5304","Subject289","1","corpsecorpse","1","corpse","positionleft","validityvalid","test","2","suicide","singlestim","119","123370","346","â€šÃ³Ã¨","67","dotpositionleft","singlestim","120","123773","c","left","correct","1","","1","trialend","singlestim","121","124789"
"5601","Subject289","1","cruelcruel","1","cruel","positionright","validityvalid","test","2","negative","singlestim","123","126797","590","â€šÃ³Ã¨","77","dotpositionright","singlestim","124","127443","m","right","correct","1","","1","trialend","singlestim","125","128462"
"5898","Subject289","554","paperpaper","67","paper","positionleft","validityvalid","test","2","neutral","singlestim","127","130469","396","â€šÃ³Ã¨","67","dotpositionleft","singlestim","128","130919","c","left","correct","1","","1","trialend","singlestim","129","131933"
"6195","Subject289","1","deathdeath","1","death","positionright","validityvalid","test","2","suicide","singlestim","131","133942","356","â€šÃ³Ã¨","77","dotpositionright","singlestim","132","134351","m","right","correct","1","","1","trialend","singlestim","133","135363"
"6492","Subject289","1","overdoseoverdose","1","overdose","positionright","validityinvalid","test","2","suicide","singlestim","135","137372","564","â€šÃ³Ã¨","67","dotpositionleft","singlestim","136","137988","c","left","correct","1","","1","trialend","singlestim","137","139003"
"6789","Subject289","1","failurefailure","1","failure","positionleft","validityvalid","test","2","negative","singlestim","139","141012","439","â€šÃ³Ã¨","67","dotpositionleft","singlestim","140","141507","c","left","correct","1","","1","trialend","singlestim","141","142525"
"7086","Subject289","1","horsehorse","1","horse","positionleft","validityinvalid","test","2","neutral","singlestim","143","144534","330","â€šÃ³Ã¨","77","dotpositionright","singlestim","144","144919","m","right","correct","1","","1","trialend","singlestim","145","145934"
"7383","Subject289","1","foamfoam","1","foam","positionright","validityvalid","test","2","neutral","singlestim","147","147941","490","â€šÃ³Ã¨","77","dotpositionright","singlestim","148","148482","m","right","correct","1","","1","trialend","singlestim","149","149498"
"7680","Subject289","1","braverybravery","1","bravery","positionleft","validityvalid","test","2","positive","singlestim","151","151504","398","â€šÃ³Ã¨","67","dotpositionleft","singlestim","152","151955","c","left","correct","1","","1","trialend","singlestim","153","152972"
"7977","Subject289","1","lovelove","1","love","positionright","validityinvalid","test","2","positive","singlestim","155","154981","388","â€šÃ³Ã¨","67","dotpositionleft","singlestim","156","155422","c","left","correct","1","","1","trialend","singlestim","157","156437"
"8274","Subject289","1","noosenoose","1","noose","positionleft","validityvalid","test","2","suicide","singlestim","159","158447","400","â€šÃ³Ã¨","67","dotpositionleft","singlestim","160","158903","c","left","correct","1","","1","trialend","singlestim","161","159918"
"8571","Subject289","1","filthyfilthy","1","filthy","positionleft","validityinvalid","test","2","negative","singlestim","163","161930","354","â€šÃ³Ã¨","77","dotpositionright","singlestim","164","162335","m","right","correct","1","","1","trialend","singlestim","165","163350"
"8868","Subject289","1","enthusiasmenthusiasm","1","enthusiasm","positionright","validityvalid","test","2","positive","singlestim","167","165357","361","â€šÃ³Ã¨","77","dotpositionright","singlestim","168","165774","m","right","correct","1","","1","trialend","singlestim","169","166788"
"9165","Subject289","1","tabletable","1","table","positionright","validityvalid","test","2","neutral","singlestim","171","168796","316","â€šÃ³Ã¨","77","dotpositionright","singlestim","172","169165","m","right","correct","1","","1","trialend","singlestim","173","170182"
"9462","Subject289","1","pleasurepleasure","1","pleasure","positionleft","validityvalid","test","2","positive","singlestim","175","172192","300","â€šÃ³Ã¨","67","dotpositionleft","singlestim","176","172544","c","left","correct","1","","1","trialend","singlestim","177","173559"
"9759","Subject289","1","structurestructure","1","structure","positionright","validityvalid","test","4","neutral","singlestim","179","175569","381","â€šÃ³Ã¨","77","dotpositionright","singlestim","180","176004","m","right","correct","1","","1","trialend","singlestim","181","177018"
"10056","Subject289","1","ecstaticecstatic","1","ecstatic","positionright","validityvalid","test","4","positive","singlestim","183","179029","336","â€šÃ³Ã¨","77","dotpositionright","singlestim","184","179418","m","right","correct","1","","1","trialend","singlestim","185","180433"
"10353","Subject289","1","successsuccess","1","success","positionleft","validityvalid","test","4","positive","singlestim","187","182441","357","â€šÃ³Ã¨","67","dotpositionleft","singlestim","188","182851","c","left","correct","1","","1","trialend","singlestim","189","183869"
"10650","Subject289","1","suicidesuicide","1","suicide","positionright","validityinvalid","test","4","suicide","singlestim","191","185879","948","â€šÃ³Ã¨","67","dotpositionleft","singlestim","192","186882","c","left","correct","1","","1","trialend","singlestim","193","187898"
"10947","Subject289","1","engineengine","1","engine","positionleft","validityvalid","test","4","neutral","singlestim","195","189905","458","â€šÃ³Ã¨","67","dotpositionleft","singlestim","196","190415","c","left","correct","1","","1","trialend","singlestim","197","191433"
"11244","Subject289","1","passionatepassionate","1","passionate","positionleft","validityinvalid","test","4","positive","singlestim","199","193440","334","â€šÃ³Ã¨","77","dotpositionright","singlestim","200","193830","m","right","correct","1","","1","trialend","singlestim","201","194848"
"11541","Subject289","585","ashamedashamed","77","ashamed","positionright","validityinvalid","test","4","negative","singlestim","203","196858","370","â€šÃ³Ã¨","67","dotpositionleft","singlestim","204","197281","c","left","correct","1","","1","trialend","singlestim","205","198296"
"11838","Subject289","1","killingkilling","1","killing","positionleft","validityvalid","test","4","suicide","singlestim","207","200303","470","â€šÃ³Ã¨","67","dotpositionleft","singlestim","208","200825","c","left","correct","1","","1","trialend","singlestim","209","201844"
"12135","Subject289","1","doubledouble","1","double","positionright","validityvalid","test","4","neutral","singlestim","211","203854","359","â€šÃ³Ã¨","77","dotpositionright","singlestim","212","204268","m","right","correct","1","","1","trialend","singlestim","213","205285"
"12432","Subject289","1","deceaseddeceased","1","deceased","positionright","validityvalid","test","4","suicide","singlestim","215","207294","356","â€šÃ³Ã¨","77","dotpositionright","singlestim","216","207707","m","right","correct","1","","1","trialend","singlestim","217","208725"
"12729","Subject289","1","wohlesswohless","1","wohless","positionright","validityvalid","test","4","negative","singlestim","219","210737","381","â€šÃ³Ã¨","77","dotpositionright","singlestim","220","211171","m","right","correct","1","","1","trialend","singlestim","221","212188"
"13026","Subject289","1","alonealone","1","alone","positionleft","validityvalid","test","4","negative","singlestim","223","214196","665","â€šÃ³Ã¨","67","dotpositionleft","singlestim","224","214916","c","left","correct","1","","1","trialend","singlestim","225","215932"
"13323","Subject289","1","laughlaugh","1","laugh","positionright","validityvalid","test","4","positive","singlestim","227","217940","612","â€šÃ³Ã¨","77","dotpositionright","singlestim","228","218608","m","right","correct","1","","1","trialend","singlestim","229","219624"
"13620","Subject289","1","hanginghanging","1","hanging","positionleft","validityvalid","test","4","suicide","singlestim","231","221632","464","â€šÃ³Ã¨","67","dotpositionleft","singlestim","232","222149","c","left","correct","1","","1","trialend","singlestim","233","223164"
"13917","Subject289","1","stupidstupid","1","stupid","positionleft","validityvalid","test","4","negative","singlestim","235","225174","386","â€šÃ³Ã¨","67","dotpositionleft","singlestim","236","225615","c","left","correct","1","","1","trialend","singlestim","237","226628"
"14214","Subject289","1","frameframe","1","frame","positionleft","validityinvalid","test","4","neutral","singlestim","239","228637","363","â€šÃ³Ã¨","77","dotpositionright","singlestim","240","229056","m","right","correct","1","","1","trialend","singlestim","241","230071"
"14511","Subject289","1","cryingcrying","1","crying","positionright","validityvalid","test","1","negative","singlestim","243","232080","367","â€šÃ³Ã¨","77","dotpositionright","singlestim","244","232501","m","right","correct","1","","1","trialend","singlestim","245","233518"
"14808","Subject289","1","funeralfuneral","1","funeral","positionright","validityvalid","test","1","suicide","singlestim","247","235528","455","â€šÃ³Ã¨","77","dotpositionright","singlestim","248","236034","m","right","correct","1","","1","trialend","singlestim","249","237051"
"15105","Subject289","1","attractionattraction","1","attraction","positionright","validityvalid","test","1","positive","singlestim","251","239060","337","â€šÃ³Ã¨","77","dotpositionright","singlestim","252","239451","m","right","correct","1","","1","trialend","singlestim","253","240465"
"15402","Subject289","1","suffocationsuffocation","1","suffocation","positionleft","validityinvalid","test","1","suicide","singlestim","255","242474","322","â€šÃ³Ã¨","77","dotpositionright","singlestim","256","242848","m","right","correct","1","","1","trialend","singlestim","257","243865"
"15699","Subject289","1","greatgreat","1","great","positionright","validityvalid","test","1","positive","singlestim","259","245875","346","â€šÃ³Ã¨","77","dotpositionright","singlestim","260","246274","m","right","correct","1","","1","trialend","singlestim","261","247289"
"15996","Subject289","1","hatehate","1","hate","positionright","validityinvalid","test","1","negative","singlestim","263","249298","384","â€šÃ³Ã¨","67","dotpositionleft","singlestim","264","249737","c","left","correct","1","","1","trialend","singlestim","265","250756"
"16293","Subject289","1","statuestatue","1","statue","positionright","validityinvalid","test","1","neutral","singlestim","267","252765","465","â€šÃ³Ã¨","67","dotpositionleft","singlestim","268","253284","c","left","correct","1","","1","trialend","singlestim","269","254302"
"16590","Subject289","1","gunshotgunshot","1","gunshot","positionright","validityvalid","test","1","suicide","singlestim","271","256307","349","â€šÃ³Ã¨","77","dotpositionright","singlestim","272","256711","m","right","correct","1","","1","trialend","singlestim","273","257728"
"16887","Subject289","1","cheesecheese","1","cheese","positionright","validityvalid","test","1","neutral","singlestim","275","259735","336","â€šÃ³Ã¨","77","dotpositionright","singlestim","276","260124","m","right","correct","1","","1","trialend","singlestim","277","261139"
"17184","Subject289","1","vomitvomit","1","vomit","positionleft","validityvalid","test","1","negative","singlestim","279","263148","321","â€šÃ³Ã¨","67","dotpositionleft","singlestim","280","263523","c","left","correct","1","","1","trialend","singlestim","281","264539"
"17481","Subject289","1","paradiseparadise","1","paradise","positionleft","validityvalid","test","1","positive","singlestim","283","266549","366","â€šÃ³Ã¨","67","dotpositionleft","singlestim","284","266972","c","left","correct","1","","1","trialend","singlestim","285","267989"
"17778","Subject289","1","bloodblood","1","blood","positionleft","validityvalid","test","1","suicide","singlestim","287","269998","355","â€šÃ³Ã¨","67","dotpositionleft","singlestim","288","270408","c","left","correct","1","","1","trialend","singlestim","289","271425"
"18075","Subject289","1","imageimage","1","image","positionleft","validityvalid","test","1","neutral","singlestim","291","273434","321","â€šÃ³Ã¨","67","dotpositionleft","singlestim","292","273811","c","left","correct","1","","1","trialend","singlestim","293","274827"
"18372","Subject289","1","healthyhealthy","1","healthy","positionleft","validityinvalid","test","1","positive","singlestim","295","276834","446","â€šÃ³Ã¨","77","dotpositionright","singlestim","296","277334","m","right","correct","1","","1","trialend","singlestim","297","278349"
"18669","Subject289","1","patheticpathetic","1","pathetic","positionleft","validityvalid","test","1","negative","singlestim","299","280358","387","â€šÃ³Ã¨","67","dotpositionleft","singlestim","300","280796","c","left","correct","1","","1","trialend","singlestim","301","281811"
"18966","Subject289","1","foldedfolded","1","folded","positionleft","validityvalid","test","1","neutral","singlestim","303","283822","400","â€šÃ³Ã¨","67","dotpositionleft","singlestim","304","284276","c","left","correct","1","","1","trialend","singlestim","305","285290"
