"","SubjectID","rt","stimulus","keypress","word","wordposition","validity","block","blocknum","wordtype","trialtype","trialindex","timeelapsed","rt.1","stimulus.1","keypress.1","dotposition","trialtype.1","trialindex.1","timeelapsed.1","keypressed","participantresponse","correctresponse","rt.2","stimulus.2","keypress.2","blocktrial","trialtype.2","trialindex.2","timeelapsed.2"
"175","Subject204","1","paperpaper","1","paper","positionleft","validityvalid","test","2","neutral","singlestim","51","106153","307","â€šÃ³Ã¨","67","dotpositionleft","singlestim","52","106510","c","left","correct","1","","1","trialend","singlestim","53","107521"
"472","Subject204","1","pleasurepleasure","1","pleasure","positionleft","validityvalid","test","2","positive","singlestim","55","109522","309","â€šÃ³Ã¨","67","dotpositionleft","singlestim","56","109883","c","left","correct","1","","1","trialend","singlestim","57","110893"
"769","Subject204","1","cruelcruel","1","cruel","positionright","validityvalid","test","2","negative","singlestim","59","112896","305","â€šÃ³Ã¨","77","dotpositionright","singlestim","60","113251","m","right","correct","1","","1","trialend","singlestim","61","114263"
"1066","Subject204","1","deathdeath","1","death","positionright","validityvalid","test","2","suicide","singlestim","63","116265","292","â€šÃ³Ã¨","77","dotpositionright","singlestim","64","116607","m","right","correct","1","","1","trialend","singlestim","65","117617"
"1363","Subject204","1","overdoseoverdose","1","overdose","positionright","validityinvalid","test","2","suicide","singlestim","67","119621","361","â€šÃ³Ã¨","67","dotpositionleft","singlestim","68","120032","c","left","correct","1","","1","trialend","singlestim","69","121044"
"1660","Subject204","1","failurefailure","1","failure","positionleft","validityvalid","test","2","negative","singlestim","71","123047","318","â€šÃ³Ã¨","67","dotpositionleft","singlestim","72","123416","c","left","correct","1","","1","trialend","singlestim","73","124428"
"1957","Subject204","1","horsehorse","1","horse","positionleft","validityinvalid","test","2","neutral","singlestim","75","126430","302","â€šÃ³Ã¨","77","dotpositionright","singlestim","76","126783","m","right","correct","1","","1","trialend","singlestim","77","127794"
"2254","Subject204","1","lovelove","1","love","positionright","validityinvalid","test","2","positive","singlestim","79","129797","334","â€šÃ³Ã¨","67","dotpositionleft","singlestim","80","130181","c","left","correct","1","","1","trialend","singlestim","81","131193"
"2551","Subject204","1","noosenoose","1","noose","positionleft","validityvalid","test","2","suicide","singlestim","83","133194","300","â€šÃ³Ã¨","67","dotpositionleft","singlestim","84","133546","c","left","correct","1","","1","trialend","singlestim","85","134557"
"2848","Subject204","1","abuseabuse","1","abuse","positionright","validityvalid","test","2","negative","singlestim","87","136559","306","â€šÃ³Ã¨","77","dotpositionright","singlestim","88","136916","m","right","correct","1","","1","trialend","singlestim","89","137928"
"3145","Subject204","1","corpsecorpse","1","corpse","positionleft","validityvalid","test","2","suicide","singlestim","91","139929","291","â€šÃ³Ã¨","67","dotpositionleft","singlestim","92","140271","c","left","correct","1","","1","trialend","singlestim","93","141283"
"3442","Subject204","1","braverybravery","1","bravery","positionleft","validityvalid","test","2","positive","singlestim","95","143285","280","â€šÃ³Ã¨","67","dotpositionleft","singlestim","96","143616","c","left","correct","1","","1","trialend","singlestim","97","144628"
"3739","Subject204","1","filthyfilthy","1","filthy","positionleft","validityinvalid","test","2","negative","singlestim","99","146630","311","â€šÃ³Ã¨","77","dotpositionright","singlestim","100","146992","m","right","correct","1","","1","trialend","singlestim","101","148003"
"4036","Subject204","1","enthusiasmenthusiasm","1","enthusiasm","positionright","validityvalid","test","2","positive","singlestim","103","150006","292","â€šÃ³Ã¨","77","dotpositionright","singlestim","104","150350","m","right","correct","1","","1","trialend","singlestim","105","151362"
"4333","Subject204","1","tabletable","1","table","positionright","validityvalid","test","2","neutral","singlestim","107","153364","309","â€šÃ³Ã¨","77","dotpositionright","singlestim","108","153725","m","right","correct","1","","1","trialend","singlestim","109","154736"
"4630","Subject204","1","foamfoam","1","foam","positionright","validityvalid","test","2","neutral","singlestim","111","156737","278","â€šÃ³Ã¨","77","dotpositionright","singlestim","112","157067","m","right","correct","1","","1","trialend","singlestim","113","158077"
"4927","Subject204","1","statuestatue","1","statue","positionright","validityinvalid","test","1","neutral","singlestim","115","160079","348","â€šÃ³Ã¨","67","dotpositionleft","singlestim","116","160478","c","left","correct","1","","1","trialend","singlestim","117","161490"
"5224","Subject204","1","healthyhealthy","1","healthy","positionleft","validityinvalid","test","1","positive","singlestim","119","163493","335","â€šÃ³Ã¨","77","dotpositionright","singlestim","120","163878","m","right","correct","1","","1","trialend","singlestim","121","164889"
"5521","Subject204","1","foldedfolded","1","folded","positionleft","validityvalid","test","1","neutral","singlestim","123","166891","262","â€šÃ³Ã¨","67","dotpositionleft","singlestim","124","167204","c","left","correct","1","","1","trialend","singlestim","125","168216"
"5818","Subject204","1","suffocationsuffocation","1","suffocation","positionleft","validityinvalid","test","1","suicide","singlestim","127","170218","325","â€šÃ³Ã¨","77","dotpositionright","singlestim","128","170594","m","right","correct","1","","1","trialend","singlestim","129","171606"
"6115","Subject204","1","cryingcrying","1","crying","positionright","validityvalid","test","1","negative","singlestim","131","173608","308","â€šÃ³Ã¨","77","dotpositionright","singlestim","132","173968","m","right","correct","1","","1","trialend","singlestim","133","174980"
"6412","Subject204","1","bloodblood","1","blood","positionleft","validityvalid","test","1","suicide","singlestim","135","176982","297","â€šÃ³Ã¨","67","dotpositionleft","singlestim","136","177330","c","left","correct","1","","1","trialend","singlestim","137","178341"
"6709","Subject204","1","vomitvomit","1","vomit","positionleft","validityvalid","test","1","negative","singlestim","139","180343","314","â€šÃ³Ã¨","67","dotpositionleft","singlestim","140","180708","c","left","correct","1","","1","trialend","singlestim","141","181720"
"7006","Subject204","1","gunshotgunshot","1","gunshot","positionright","validityvalid","test","1","suicide","singlestim","143","183722","307","â€šÃ³Ã¨","77","dotpositionright","singlestim","144","184081","m","right","correct","1","","1","trialend","singlestim","145","185092"
"7303","Subject204","1","funeralfuneral","1","funeral","positionright","validityvalid","test","1","suicide","singlestim","147","187093","305","â€šÃ³Ã¨","77","dotpositionright","singlestim","148","187449","m","right","correct","1","","1","trialend","singlestim","149","188460"
"7600","Subject204","1","attractionattraction","1","attraction","positionright","validityvalid","test","1","positive","singlestim","151","190463","286","â€šÃ³Ã¨","77","dotpositionright","singlestim","152","190800","m","right","correct","1","","1","trialend","singlestim","153","191811"
"7897","Subject204","1","cheesecheese","1","cheese","positionright","validityvalid","test","1","neutral","singlestim","155","193814","275","â€šÃ³Ã¨","77","dotpositionright","singlestim","156","194139","m","right","correct","1","","1","trialend","singlestim","157","195151"
"8194","Subject204","1","greatgreat","1","great","positionright","validityvalid","test","1","positive","singlestim","159","197156","371","â€šÃ³Ã¨","77","dotpositionright","singlestim","160","197578","m","right","correct","1","","1","trialend","singlestim","161","198589"
"8491","Subject204","1","patheticpathetic","1","pathetic","positionleft","validityvalid","test","1","negative","singlestim","163","200591","316","â€šÃ³Ã¨","67","dotpositionleft","singlestim","164","200960","c","left","correct","1","","1","trialend","singlestim","165","201970"
"8788","Subject204","1","hatehate","1","hate","positionright","validityinvalid","test","1","negative","singlestim","167","203975","323","â€šÃ³Ã¨","67","dotpositionleft","singlestim","168","204350","c","left","correct","1","","1","trialend","singlestim","169","205360"
"9085","Subject204","1","imageimage","1","image","positionleft","validityvalid","test","1","neutral","singlestim","171","207363","282","â€šÃ³Ã¨","67","dotpositionleft","singlestim","172","207696","c","left","correct","1","","1","trialend","singlestim","173","208706"
"9382","Subject204","1","paradiseparadise","1","paradise","positionleft","validityvalid","test","1","positive","singlestim","175","210709","321","â€šÃ³Ã¨","67","dotpositionleft","singlestim","176","211080","c","left","correct","1","","1","trialend","singlestim","177","212091"
"9679","Subject204","1","museummuseum","1","museum","positionleft","validityvalid","test","3","neutral","singlestim","179","214094","331","â€šÃ³Ã¨","67","dotpositionleft","singlestim","180","214477","c","left","correct","1","","1","trialend","singlestim","181","215488"
"9976","Subject204","402","cuttingcutting","77","cutting","positionright","validityvalid","test","3","suicide","singlestim","183","217491","427","â€šÃ³Ã¨","77","dotpositionright","singlestim","184","217968","m","right","correct","1","","1","trialend","singlestim","185","218979"
"10273","Subject204","1","metermeter","1","meter","positionleft","validityvalid","test","3","neutral","singlestim","187","220982","335","â€šÃ³Ã¨","67","dotpositionleft","singlestim","188","221368","c","left","correct","1","","1","trialend","singlestim","189","222379"
"10570","Subject204","1","rejectedrejected","1","rejected","positionright","validityvalid","test","3","negative","singlestim","191","224381","334","â€šÃ³Ã¨","77","dotpositionright","singlestim","192","224765","m","right","correct","1","","1","trialend","singlestim","193","225777"
"10867","Subject204","1","dyingdying","1","dying","positionleft","validityvalid","test","3","suicide","singlestim","195","227779","280","â€šÃ³Ã¨","67","dotpositionleft","singlestim","196","228109","c","left","correct","1","","1","trialend","singlestim","197","229120"
"11164","Subject204","1","strongstrong","1","strong","positionleft","validityvalid","test","3","positive","singlestim","199","231122","240","â€šÃ³Ã¨","67","dotpositionleft","singlestim","200","231414","c","left","correct","1","","1","trialend","singlestim","201","232425"
"11461","Subject204","1","closetcloset","1","closet","positionright","validityinvalid","test","3","neutral","singlestim","203","234429","302","â€šÃ³Ã¨","67","dotpositionleft","singlestim","204","234781","c","left","correct","1","","1","trialend","singlestim","205","235793"
"11758","Subject204","1","assaultassault","1","assault","positionleft","validityinvalid","test","3","negative","singlestim","207","237795","332","â€šÃ³Ã¨","77","dotpositionright","singlestim","208","238178","m","right","correct","1","","1","trialend","singlestim","209","239188"
"12055","Subject204","1","kisskiss","1","kiss","positionright","validityinvalid","test","3","positive","singlestim","211","241190","345","â€šÃ³Ã¨","67","dotpositionleft","singlestim","212","241586","c","left","correct","1","","1","trialend","singlestim","213","242597"
"12352","Subject204","1","deaddead","1","dead","positionleft","validityinvalid","test","3","suicide","singlestim","215","244599","327","â€šÃ³Ã¨","77","dotpositionright","singlestim","216","244976","m","right","correct","1","","1","trialend","singlestim","217","245988"
"12649","Subject204","1","touretoure","1","toure","positionleft","validityvalid","test","3","negative","singlestim","219","247990","253","â€šÃ³Ã¨","67","dotpositionleft","singlestim","220","248294","c","left","correct","1","","1","trialend","singlestim","221","249305"
"12946","Subject204","1","happyhappy","1","happy","positionright","validityvalid","test","3","positive","singlestim","223","251307","302","â€šÃ³Ã¨","77","dotpositionright","singlestim","224","251660","m","right","correct","1","","1","trialend","singlestim","225","252672"
"13243","Subject204","1","smilesmile","1","smile","positionleft","validityvalid","test","3","positive","singlestim","227","254674","428","â€šÃ³Ã¨","67","dotpositionleft","singlestim","228","255153","c","left","correct","1","","1","trialend","singlestim","229","256163"
"13540","Subject204","1","diedie","1","die","positionright","validityvalid","test","3","suicide","singlestim","231","258167","272","â€šÃ³Ã¨","77","dotpositionright","singlestim","232","258489","m","right","correct","1","","1","trialend","singlestim","233","259501"
"13837","Subject204","1","greengreen","1","green","positionright","validityvalid","test","3","neutral","singlestim","235","261503","363","â€šÃ³Ã¨","77","dotpositionright","singlestim","236","261918","m","right","correct","1","","1","trialend","singlestim","237","262929"
"14134","Subject204","1","bombbomb","1","bomb","positionright","validityvalid","test","3","negative","singlestim","239","264932","275","â€šÃ³Ã¨","77","dotpositionright","singlestim","240","265258","m","right","correct","1","","1","trialend","singlestim","241","266269"
"14431","Subject204","1","suicidesuicide","1","suicide","positionright","validityinvalid","test","4","suicide","singlestim","243","268271","359","â€šÃ³Ã¨","67","dotpositionleft","singlestim","244","268681","c","left","correct","1","","1","trialend","singlestim","245","269692"
"14728","Subject204","1","frameframe","1","frame","positionleft","validityinvalid","test","4","neutral","singlestim","247","271694","329","â€šÃ³Ã¨","77","dotpositionright","singlestim","248","272075","m","right","correct","1","","1","trialend","singlestim","249","273086"
"15025","Subject204","1","deceaseddeceased","1","deceased","positionright","validityvalid","test","4","suicide","singlestim","251","275088","399","â€šÃ³Ã¨","77","dotpositionright","singlestim","252","275539","m","right","correct","1","","1","trialend","singlestim","253","276549"
"15322","Subject204","1","hanginghanging","1","hanging","positionleft","validityvalid","test","4","suicide","singlestim","255","278551","270","â€šÃ³Ã¨","67","dotpositionleft","singlestim","256","278872","c","left","correct","1","","1","trialend","singlestim","257","279885"
"15619","Subject204","1","successsuccess","1","success","positionleft","validityvalid","test","4","positive","singlestim","259","281886","267","â€šÃ³Ã¨","67","dotpositionleft","singlestim","260","282204","c","left","correct","1","","1","trialend","singlestim","261","283215"
"15916","Subject204","1","structurestructure","1","structure","positionright","validityvalid","test","4","neutral","singlestim","263","285218","320","â€šÃ³Ã¨","77","dotpositionright","singlestim","264","285588","m","right","correct","1","","1","trialend","singlestim","265","286602"
"16213","Subject204","335","wohlesswohless","77","wohless","positionright","validityvalid","test","4","negative","singlestim","267","288604","334","â€šÃ³Ã¨","77","dotpositionright","singlestim","268","288991","m","right","correct","1","","1","trialend","singlestim","269","290002"
"16510","Subject204","1","ashamedashamed","1","ashamed","positionright","validityinvalid","test","4","negative","singlestim","271","292004","326","â€šÃ³Ã¨","67","dotpositionleft","singlestim","272","292381","c","left","correct","1","","1","trialend","singlestim","273","293392"
"16807","Subject204","1","doubledouble","1","double","positionright","validityvalid","test","4","neutral","singlestim","275","295393","300","â€šÃ³Ã¨","77","dotpositionright","singlestim","276","295745","m","right","correct","1","","1","trialend","singlestim","277","296757"
"17104","Subject204","1","laughlaugh","1","laugh","positionright","validityvalid","test","4","positive","singlestim","279","298759","322","â€šÃ³Ã¨","77","dotpositionright","singlestim","280","299131","m","right","correct","1","","1","trialend","singlestim","281","300142"
"17401","Subject204","1","passionatepassionate","1","passionate","positionleft","validityinvalid","test","4","positive","singlestim","283","302144","352","â€šÃ³Ã¨","77","dotpositionright","singlestim","284","302547","m","right","correct","1","","1","trialend","singlestim","285","303558"
"17698","Subject204","1","stupidstupid","1","stupid","positionleft","validityvalid","test","4","negative","singlestim","287","305562","377","â€šÃ³Ã¨","67","dotpositionleft","singlestim","288","305991","c","left","correct","1","","1","trialend","singlestim","289","307002"
"17995","Subject204","1","ecstaticecstatic","1","ecstatic","positionright","validityvalid","test","4","positive","singlestim","291","309004","341","â€šÃ³Ã¨","77","dotpositionright","singlestim","292","309397","m","right","correct","1","","1","trialend","singlestim","293","310408"
"18292","Subject204","1","killingkilling","1","killing","positionleft","validityvalid","test","4","suicide","singlestim","295","312411","369","â€šÃ³Ã¨","67","dotpositionleft","singlestim","296","312830","c","left","correct","1","","1","trialend","singlestim","297","313843"
"18589","Subject204","1","engineengine","1","engine","positionleft","validityvalid","test","4","neutral","singlestim","299","315845","337","â€šÃ³Ã¨","67","dotpositionleft","singlestim","300","316232","c","left","correct","1","","1","trialend","singlestim","301","317243"
"18886","Subject204","1","alonealone","1","alone","positionleft","validityvalid","test","4","negative","singlestim","303","319245","279","â€šÃ³Ã¨","67","dotpositionleft","singlestim","304","319574","c","left","correct","1","","1","trialend","singlestim","305","320585"
