"","SubjectID","rt","stimulus","keypress","word","wordposition","validity","block","blocknum","wordtype","trialtype","trialindex","timeelapsed","rt.1","stimulus.1","keypress.1","dotposition","trialtype.1","trialindex.1","timeelapsed.1","keypressed","participantresponse","correctresponse","rt.2","stimulus.2","keypress.2","blocktrial","trialtype.2","trialindex.2","timeelapsed.2"
"34","Subject35","1","horsehorse","1","horse","positionleft","validityinvalid","test","2","neutral","singlestim","51","87804","592","â€šÃ³Ã¨","77","dotpositionright","singlestim","52","88449","m","right","correct","1","","1","trialend","singlestim","53","89464"
"331","Subject35","1","noosenoose","1","noose","positionleft","validityvalid","test","2","suicide","singlestim","55","91472","452","â€šÃ³Ã¨","67","dotpositionleft","singlestim","56","91977","c","left","correct","1","","1","trialend","singlestim","57","92993"
"628","Subject35","1","abuseabuse","1","abuse","positionright","validityvalid","test","2","negative","singlestim","59","95000","324","â€šÃ³Ã¨","77","dotpositionright","singlestim","60","95377","m","right","correct","1","","1","trialend","singlestim","61","96394"
"925","Subject35","1","corpsecorpse","1","corpse","positionleft","validityvalid","test","2","suicide","singlestim","63","98402","410","â€šÃ³Ã¨","67","dotpositionleft","singlestim","64","98864","c","left","correct","1","","1","trialend","singlestim","65","99882"
"1222","Subject35","1","filthyfilthy","1","filthy","positionleft","validityinvalid","test","2","negative","singlestim","67","101890","410","â€šÃ³Ã¨","77","dotpositionright","singlestim","68","102352","m","right","correct","1","","1","trialend","singlestim","69","103365"
"1519","Subject35","1","enthusiasmenthusiasm","1","enthusiasm","positionright","validityvalid","test","2","positive","singlestim","71","105372","487","â€šÃ³Ã¨","77","dotpositionright","singlestim","72","105913","m","right","correct","1","","1","trialend","singlestim","73","106928"
"1816","Subject35","1","deathdeath","1","death","positionright","validityvalid","test","2","suicide","singlestim","75","108936","316","â€šÃ³Ã¨","77","dotpositionright","singlestim","76","109304","m","right","correct","1","","1","trialend","singlestim","77","110317"
"2113","Subject35","1","foamfoam","1","foam","positionright","validityvalid","test","2","neutral","singlestim","79","112326","302","â€šÃ³Ã¨","77","dotpositionright","singlestim","80","112681","m","right","correct","1","","1","trialend","singlestim","81","113695"
"2410","Subject35","1","overdoseoverdose","1","overdose","positionright","validityinvalid","test","2","suicide","singlestim","83","115703","318","â€šÃ³Ã¨","67","dotpositionleft","singlestim","84","116073","c","left","correct","1","","1","trialend","singlestim","85","117090"
"2707","Subject35","1","pleasurepleasure","1","pleasure","positionleft","validityvalid","test","2","positive","singlestim","87","119099","353","â€šÃ³Ã¨","67","dotpositionleft","singlestim","88","119504","c","left","correct","1","","1","trialend","singlestim","89","120521"
"3004","Subject35","1","lovelove","1","love","positionright","validityinvalid","test","2","positive","singlestim","91","122529","355","â€šÃ³Ã¨","67","dotpositionleft","singlestim","92","122936","c","left","correct","1","","1","trialend","singlestim","93","123948"
"3301","Subject35","1","cruelcruel","1","cruel","positionright","validityvalid","test","2","negative","singlestim","95","125954","355","â€šÃ³Ã¨","77","dotpositionright","singlestim","96","126361","m","right","correct","1","","1","trialend","singlestim","97","127375"
"3598","Subject35","1","failurefailure","1","failure","positionleft","validityvalid","test","2","negative","singlestim","99","129384","373","â€šÃ³Ã¨","67","dotpositionleft","singlestim","100","129808","c","left","correct","1","","1","trialend","singlestim","101","130823"
"3895","Subject35","1","braverybravery","1","bravery","positionleft","validityvalid","test","2","positive","singlestim","103","132830","349","â€šÃ³Ã¨","67","dotpositionleft","singlestim","104","133232","c","left","correct","1","","1","trialend","singlestim","105","134247"
"4192","Subject35","1","paperpaper","1","paper","positionleft","validityvalid","test","2","neutral","singlestim","107","136255","323","â€šÃ³Ã¨","67","dotpositionleft","singlestim","108","136632","c","left","correct","1","","1","trialend","singlestim","109","137648"
"4489","Subject35","1","tabletable","1","table","positionright","validityvalid","test","2","neutral","singlestim","111","139656","315","â€šÃ³Ã¨","77","dotpositionright","singlestim","112","140024","m","right","correct","1","","1","trialend","singlestim","113","141039"
"4786","Subject35","1","alonealone","1","alone","positionleft","validityvalid","test","4","negative","singlestim","115","143046","317","â€šÃ³Ã¨","67","dotpositionleft","singlestim","116","143416","c","left","correct","1","","1","trialend","singlestim","117","144433"
"5083","Subject35","1","stupidstupid","1","stupid","positionleft","validityvalid","test","4","negative","singlestim","119","146441","321","â€šÃ³Ã¨","67","dotpositionleft","singlestim","120","146816","c","left","correct","1","","1","trialend","singlestim","121","147834"
"5380","Subject35","1","successsuccess","1","success","positionleft","validityvalid","test","4","positive","singlestim","123","149842","352","â€šÃ³Ã¨","67","dotpositionleft","singlestim","124","150248","c","left","correct","1","","1","trialend","singlestim","125","151264"
"5677","Subject35","1","ecstaticecstatic","1","ecstatic","positionright","validityvalid","test","4","positive","singlestim","127","153272","347","â€šÃ³Ã¨","77","dotpositionright","singlestim","128","153671","m","right","correct","1","","1","trialend","singlestim","129","154689"
"5974","Subject35","1","doubledouble","1","double","positionright","validityvalid","test","4","neutral","singlestim","131","156697","403","â€šÃ³Ã¨","77","dotpositionright","singlestim","132","157152","m","right","correct","1","","1","trialend","singlestim","133","158165"
"6271","Subject35","1","ashamedashamed","1","ashamed","positionright","validityinvalid","test","4","negative","singlestim","135","160173","343","â€šÃ³Ã¨","67","dotpositionleft","singlestim","136","160568","c","left","correct","1","","1","trialend","singlestim","137","161584"
"6568","Subject35","1","structurestructure","1","structure","positionright","validityvalid","test","4","neutral","singlestim","139","163592","340","â€šÃ³Ã¨","77","dotpositionright","singlestim","140","163984","m","right","correct","1","","1","trialend","singlestim","141","164996"
"6865","Subject35","1","hanginghanging","1","hanging","positionleft","validityvalid","test","4","suicide","singlestim","143","167005","343","â€šÃ³Ã¨","67","dotpositionleft","singlestim","144","167400","c","left","correct","1","","1","trialend","singlestim","145","168415"
"7162","Subject35","1","engineengine","1","engine","positionleft","validityvalid","test","4","neutral","singlestim","147","170423","372","â€šÃ³Ã¨","67","dotpositionleft","singlestim","148","170848","c","left","correct","1","","1","trialend","singlestim","149","171862"
"7459","Subject35","1","laughlaugh","1","laugh","positionright","validityvalid","test","4","positive","singlestim","151","173870","373","â€šÃ³Ã¨","77","dotpositionright","singlestim","152","174295","m","right","correct","1","","1","trialend","singlestim","153","175309"
"7756","Subject35","1","wohlesswohless","1","wohless","positionright","validityvalid","test","4","negative","singlestim","155","177318","308","â€šÃ³Ã¨","77","dotpositionright","singlestim","156","177679","m","right","correct","1","","1","trialend","singlestim","157","178694"
"8053","Subject35","1","deceaseddeceased","1","deceased","positionright","validityvalid","test","4","suicide","singlestim","159","180702","285","â€šÃ³Ã¨","77","dotpositionright","singlestim","160","181039","m","right","correct","1","","1","trialend","singlestim","161","182054"
"8350","Subject35","1","passionatepassionate","1","passionate","positionleft","validityinvalid","test","4","positive","singlestim","163","184063","365","â€šÃ³Ã¨","77","dotpositionright","singlestim","164","184480","m","right","correct","1","","1","trialend","singlestim","165","185496"
"8647","Subject35","1","suicidesuicide","1","suicide","positionright","validityinvalid","test","4","suicide","singlestim","167","187504","307","â€šÃ³Ã¨","67","dotpositionleft","singlestim","168","187863","c","left","correct","1","","1","trialend","singlestim","169","188880"
"8944","Subject35","1","frameframe","1","frame","positionleft","validityinvalid","test","4","neutral","singlestim","171","190888","443","â€šÃ³Ã¨","77","dotpositionright","singlestim","172","191384","m","right","correct","1","","1","trialend","singlestim","173","192397"
"9241","Subject35","454","killingkilling","67","killing","positionleft","validityvalid","test","4","suicide","singlestim","175","194405","405","â€šÃ³Ã¨","67","dotpositionleft","singlestim","176","194863","c","left","correct","1","","1","trialend","singlestim","177","195880"
"9538","Subject35","1","deaddead","1","dead","positionleft","validityinvalid","test","3","suicide","singlestim","179","197887","331","â€šÃ³Ã¨","77","dotpositionright","singlestim","180","198271","m","right","correct","1","","1","trialend","singlestim","181","199286"
"9835","Subject35","1","strongstrong","1","strong","positionleft","validityvalid","test","3","positive","singlestim","183","201294","340","â€šÃ³Ã¨","67","dotpositionleft","singlestim","184","201688","c","left","correct","1","","1","trialend","singlestim","185","202705"
"10132","Subject35","1","assaultassault","1","assault","positionleft","validityinvalid","test","3","negative","singlestim","187","204713","338","â€šÃ³Ã¨","77","dotpositionright","singlestim","188","205103","m","right","correct","1","","1","trialend","singlestim","189","206117"
"10429","Subject35","1","smilesmile","1","smile","positionleft","validityvalid","test","3","positive","singlestim","191","208125","317","â€šÃ³Ã¨","67","dotpositionleft","singlestim","192","208495","c","left","correct","1","","1","trialend","singlestim","193","209512"
"10726","Subject35","1","greengreen","1","green","positionright","validityvalid","test","3","neutral","singlestim","195","211520","354","â€šÃ³Ã¨","77","dotpositionright","singlestim","196","211928","m","right","correct","1","","1","trialend","singlestim","197","212943"
"11023","Subject35","1","cuttingcutting","1","cutting","positionright","validityvalid","test","3","suicide","singlestim","199","214950","364","â€šÃ³Ã¨","77","dotpositionright","singlestim","200","215367","m","right","correct","1","","1","trialend","singlestim","201","216385"
"11320","Subject35","1","touretoure","1","toure","positionleft","validityvalid","test","3","negative","singlestim","203","218393","362","â€šÃ³Ã¨","67","dotpositionleft","singlestim","204","218808","c","left","correct","1","","1","trialend","singlestim","205","219820"
"11617","Subject35","1","dyingdying","1","dying","positionleft","validityvalid","test","3","suicide","singlestim","207","221829","334","â€šÃ³Ã¨","67","dotpositionleft","singlestim","208","222215","c","left","correct","1","","1","trialend","singlestim","209","223233"
"11914","Subject35","1","closetcloset","1","closet","positionright","validityinvalid","test","3","neutral","singlestim","211","225241","473","â€šÃ³Ã¨","67","dotpositionleft","singlestim","212","225767","c","left","correct","1","","1","trialend","singlestim","213","226779"
"12211","Subject35","1","rejectedrejected","1","rejected","positionright","validityvalid","test","3","negative","singlestim","215","228788","439","â€šÃ³Ã¨","77","dotpositionright","singlestim","216","229279","m","right","correct","1","","1","trialend","singlestim","217","230296"
"12508","Subject35","1","diedie","1","die","positionright","validityvalid","test","3","suicide","singlestim","219","232305","362","â€šÃ³Ã¨","77","dotpositionright","singlestim","220","232719","m","right","correct","1","","1","trialend","singlestim","221","233732"
"12805","Subject35","1","metermeter","1","meter","positionleft","validityvalid","test","3","neutral","singlestim","223","235742","366","â€šÃ³Ã¨","67","dotpositionleft","singlestim","224","236159","c","left","correct","1","","1","trialend","singlestim","225","237174"
"13102","Subject35","1","kisskiss","1","kiss","positionright","validityinvalid","test","3","positive","singlestim","227","239182","404","â€šÃ³Ã¨","67","dotpositionleft","singlestim","228","239639","c","left","correct","1","","1","trialend","singlestim","229","240657"
"13399","Subject35","1","happyhappy","1","happy","positionright","validityvalid","test","3","positive","singlestim","231","242665","314","â€šÃ³Ã¨","77","dotpositionright","singlestim","232","243031","m","right","correct","1","","1","trialend","singlestim","233","244046"
"13696","Subject35","1","bombbomb","1","bomb","positionright","validityvalid","test","3","negative","singlestim","235","246055","333","â€šÃ³Ã¨","77","dotpositionright","singlestim","236","246439","m","right","correct","1","","1","trialend","singlestim","237","247453"
"13993","Subject35","1","museummuseum","1","museum","positionleft","validityvalid","test","3","neutral","singlestim","239","249461","294","â€šÃ³Ã¨","67","dotpositionleft","singlestim","240","249807","c","left","correct","1","","1","trialend","singlestim","241","250819"
"14290","Subject35","1","foldedfolded","1","folded","positionleft","validityvalid","test","1","neutral","singlestim","243","252827","375","â€šÃ³Ã¨","67","dotpositionleft","singlestim","244","253255","c","left","correct","1","","1","trialend","singlestim","245","254273"
"14587","Subject35","1","patheticpathetic","1","pathetic","positionleft","validityvalid","test","1","negative","singlestim","247","256280","378","â€šÃ³Ã¨","67","dotpositionleft","singlestim","248","256711","c","left","correct","1","","1","trialend","singlestim","249","257726"
"14884","Subject35","1","suffocationsuffocation","1","suffocation","positionleft","validityinvalid","test","1","suicide","singlestim","251","259735","276","â€šÃ³Ã¨","77","dotpositionright","singlestim","252","260063","m","right","correct","1","","1","trialend","singlestim","253","261081"
"15181","Subject35","1","bloodblood","1","blood","positionleft","validityvalid","test","1","suicide","singlestim","255","263088","338","â€šÃ³Ã¨","67","dotpositionleft","singlestim","256","263479","c","left","correct","1","","1","trialend","singlestim","257","264490"
"15478","Subject35","1","cryingcrying","1","crying","positionright","validityvalid","test","1","negative","singlestim","259","266496","299","â€šÃ³Ã¨","77","dotpositionright","singlestim","260","266847","m","right","correct","1","","1","trialend","singlestim","261","267859"
"15775","Subject35","1","greatgreat","1","great","positionright","validityvalid","test","1","positive","singlestim","263","269868","374","â€šÃ³Ã¨","77","dotpositionright","singlestim","264","270295","m","right","correct","1","","1","trialend","singlestim","265","271313"
"16072","Subject35","1","gunshotgunshot","1","gunshot","positionright","validityvalid","test","1","suicide","singlestim","267","273321","522","â€šÃ³Ã¨","77","dotpositionright","singlestim","268","273895","m","right","correct","1","","1","trialend","singlestim","269","274911"
"16369","Subject35","1","cheesecheese","1","cheese","positionright","validityvalid","test","1","neutral","singlestim","271","276919","466","â€šÃ³Ã¨","77","dotpositionright","singlestim","272","277438","m","right","correct","1","","1","trialend","singlestim","273","278452"
"16666","Subject35","1","funeralfuneral","1","funeral","positionright","validityvalid","test","1","suicide","singlestim","275","280460","342","â€šÃ³Ã¨","77","dotpositionright","singlestim","276","280855","m","right","correct","1","","1","trialend","singlestim","277","281870"
"16963","Subject35","1","imageimage","1","image","positionleft","validityvalid","test","1","neutral","singlestim","279","283879","355","â€šÃ³Ã¨","67","dotpositionleft","singlestim","280","284286","c","left","correct","1","","1","trialend","singlestim","281","285300"
"17260","Subject35","1","hatehate","1","hate","positionright","validityinvalid","test","1","negative","singlestim","283","287308","382","â€šÃ³Ã¨","67","dotpositionleft","singlestim","284","287743","c","left","correct","1","","1","trialend","singlestim","285","288760"
"17557","Subject35","1","attractionattraction","1","attraction","positionright","validityvalid","test","1","positive","singlestim","287","290767","330","â€šÃ³Ã¨","77","dotpositionright","singlestim","288","291150","m","right","correct","1","","1","trialend","singlestim","289","292166"
"17854","Subject35","1","statuestatue","1","statue","positionright","validityinvalid","test","1","neutral","singlestim","291","294175","299","â€šÃ³Ã¨","67","dotpositionleft","singlestim","292","294526","c","left","correct","1","","1","trialend","singlestim","293","295544"
"18151","Subject35","1","paradiseparadise","1","paradise","positionleft","validityvalid","test","1","positive","singlestim","295","297553","330","â€šÃ³Ã¨","67","dotpositionleft","singlestim","296","297934","c","left","correct","1","","1","trialend","singlestim","297","298952"
"18448","Subject35","1","vomitvomit","1","vomit","positionleft","validityvalid","test","1","negative","singlestim","299","300959","316","â€šÃ³Ã¨","67","dotpositionleft","singlestim","300","301327","c","left","correct","1","","1","trialend","singlestim","301","302340"
"18745","Subject35","1","healthyhealthy","1","healthy","positionleft","validityinvalid","test","1","positive","singlestim","303","304349","316","â€šÃ³Ã¨","77","dotpositionright","singlestim","304","304718","m","right","correct","1","","1","trialend","singlestim","305","305731"
