"","SubjectID","rt","stimulus","keypress","word","wordposition","validity","block","blocknum","wordtype","trialtype","trialindex","timeelapsed","rt.1","stimulus.1","keypress.1","dotposition","trialtype.1","trialindex.1","timeelapsed.1","keypressed","participantresponse","correctresponse","rt.2","stimulus.2","keypress.2","blocktrial","trialtype.2","trialindex.2","timeelapsed.2"
"172","Subject201","1","double","positionright","validityvalid","test","4","neutral","singlestim","51","103871","100010","954","77","dotpositionright","singlestim","52","104877","100020","m","correct","1","","1","trialend","singlestim","53","105892","100030","1"
"469","Subject201","1","laugh","positionright","validityvalid","test","4","positive","singlestim","55","107894","100050","680","77","dotpositionright","singlestim","56","108625","100060","m","correct","1","","1","trialend","singlestim","57","109638","100070","1"
"766","Subject201","1","engine","positionleft","validityvalid","test","4","neutral","singlestim","59","111641","100090","877","67","dotpositionleft","singlestim","60","112569","1000100","c","correct","1","","1","trialend","singlestim","61","113581","1000110","1"
"1063","Subject201","1","hanging","positionleft","validityvalid","test","4","suicide","singlestim","63","115586","1000130","890","67","dotpositionleft","singlestim","64","116528","1000140","c","correct","1","","1","trialend","singlestim","65","117540","1000150","1"
"1360","Subject201","1","frame","positionleft","validityinvalid","test","4","neutral","singlestim","67","119546","1000170","567","77","dotpositionright","singlestim","68","120164","1000180","m","correct","1","","1","trialend","singlestim","69","121178","1000190","1"
"1657","Subject201","1","deceased","positionright","validityvalid","test","4","suicide","singlestim","71","123182","1000210","724","77","dotpositionright","singlestim","72","123958","1000220","m","correct","1","","1","trialend","singlestim","73","124972","1000230","1"
"1954","Subject201","1","wohless","positionright","validityvalid","test","4","negative","singlestim","75","126978","1000250","606","77","dotpositionright","singlestim","76","127638","1000260","m","correct","1","","1","trialend","singlestim","77","128649","1000270","1"
"2251","Subject201","1","alone","positionleft","validityvalid","test","4","negative","singlestim","79","130654","1000290","556","67","dotpositionleft","singlestim","80","131264","1000300","c","correct","1","","1","trialend","singlestim","81","132275","1000310","1"
"2548","Subject201","1","ecstatic","positionright","validityvalid","test","4","positive","singlestim","83","134278","1000330","510","77","dotpositionright","singlestim","84","134840","1000340","m","correct","1","","1","trialend","singlestim","85","135852","1000350","1"
"2845","Subject201","1","passionate","positionleft","validityinvalid","test","4","positive","singlestim","87","137857","1000370","561","77","dotpositionright","singlestim","88","138470","1000380","m","correct","1","","1","trialend","singlestim","89","139483","1000390","1"
"3142","Subject201","1","suicide","positionright","validityinvalid","test","4","suicide","singlestim","91","141488","1000410","648","67","dotpositionleft","singlestim","92","142187","1000420","c","correct","1","","1","trialend","singlestim","93","143201","1000430","1"
"3439","Subject201","1","success","positionleft","validityvalid","test","4","positive","singlestim","95","145205","1000450","664","67","dotpositionleft","singlestim","96","145920","1000460","c","correct","1","","1","trialend","singlestim","97","146934","1000470","1"
"3736","Subject201","1","killing","positionleft","validityvalid","test","4","suicide","singlestim","99","148880","1000490","589","67","dotpositionleft","singlestim","100","149520","1000500","c","correct","1","","1","trialend","singlestim","101","150534","1000510","1"
"4033","Subject201","1","ashamed","positionright","validityinvalid","test","4","negative","singlestim","103","152538","1000530","665","67","dotpositionleft","singlestim","104","153255","1000540","c","correct","1","","1","trialend","singlestim","105","154268","1000550","1"
"4330","Subject201","1","stupid","positionleft","validityvalid","test","4","negative","singlestim","107","156272","1000570","498","67","dotpositionleft","singlestim","108","156822","1000580","c","correct","1","","1","trialend","singlestim","109","157834","1000590","1"
"4627","Subject201","1","structure","positionright","validityvalid","test","4","neutral","singlestim","111","159838","1000610","497","77","dotpositionright","singlestim","112","160389","1000620","m","correct","1","","1","trialend","singlestim","113","161401","1000630","1"
"4924","Subject201","1","blood","positionleft","validityvalid","test","1","suicide","singlestim","115","163407","101010","499","67","dotpositionleft","singlestim","116","163959","101020","c","correct","1","","1","trialend","singlestim","117","164973","101030","1"
"5221","Subject201","1","crying","positionright","validityvalid","test","1","negative","singlestim","119","166977","101050","464","77","dotpositionright","singlestim","120","167493","101060","m","correct","1","","1","trialend","singlestim","121","168506","101070","1"
"5518","Subject201","1","great","positionright","validityvalid","test","1","positive","singlestim","123","170511","101090","533","77","dotpositionright","singlestim","124","171097","1010100","m","correct","1","","1","trialend","singlestim","125","172109","1010110","1"
"5815","Subject201","1","attraction","positionright","validityvalid","test","1","positive","singlestim","127","174113","1010130","469","77","dotpositionright","singlestim","128","174634","1010140","m","correct","1","","1","trialend","singlestim","129","175647","1010150","1"
"6112","Subject201","1","cheese","positionright","validityvalid","test","1","neutral","singlestim","131","177650","1010170","494","77","dotpositionright","singlestim","132","178197","1010180","m","correct","1","","1","trialend","singlestim","133","179210","1010190","1"
"6409","Subject201","1","vomit","positionleft","validityvalid","test","1","negative","singlestim","135","181215","1010210","511","67","dotpositionleft","singlestim","136","181778","1010220","c","correct","1","","1","trialend","singlestim","137","182792","1010230","1"
"6706","Subject201","1","pathetic","positionleft","validityvalid","test","1","negative","singlestim","139","184794","1010250","452","67","dotpositionleft","singlestim","140","185298","1010260","c","correct","1","","1","trialend","singlestim","141","186309","1010270","1"
"7003","Subject201","1","gunshot","positionright","validityvalid","test","1","suicide","singlestim","143","188312","1010290","414","77","dotpositionright","singlestim","144","188778","1010300","m","correct","1","","1","trialend","singlestim","145","189790","1010310","1"
"7300","Subject201","1","healthy","positionleft","validityinvalid","test","1","positive","singlestim","147","191794","1010330","550","77","dotpositionright","singlestim","148","192396","1010340","m","correct","1","","1","trialend","singlestim","149","193409","1010350","1"
"7597","Subject201","1","image","positionleft","validityvalid","test","1","neutral","singlestim","151","195412","1010370","565","67","dotpositionleft","singlestim","152","196031","1010380","c","correct","1","","1","trialend","singlestim","153","197045","1010390","1"
"7894","Subject201","1","statue","positionright","validityinvalid","test","1","neutral","singlestim","155","199049","1010410","649","67","dotpositionleft","singlestim","156","199749","1010420","c","correct","1","","1","trialend","singlestim","157","200762","1010430","1"
"8191","Subject201","1","suffocation","positionleft","validityinvalid","test","1","suicide","singlestim","159","202765","1010450","477","77","dotpositionright","singlestim","160","203295","1010460","m","correct","1","","1","trialend","singlestim","161","204308","1010470","1"
"8488","Subject201","1","funeral","positionright","validityvalid","test","1","suicide","singlestim","163","206310","1010490","513","77","dotpositionright","singlestim","164","206874","1010500","m","correct","1","","1","trialend","singlestim","165","207887","1010510","1"
"8785","Subject201","1","folded","positionleft","validityvalid","test","1","neutral","singlestim","167","209890","1010530","623","67","dotpositionleft","singlestim","168","210566","1010540","c","correct","1","","1","trialend","singlestim","169","211581","1010550","1"
"9082","Subject201","1","hate","positionright","validityinvalid","test","1","negative","singlestim","171","213585","1010570","688","67","dotpositionleft","singlestim","172","214325","1010580","c","correct","1","","1","trialend","singlestim","173","215337","1010590","1"
"9379","Subject201","1","paradise","positionleft","validityvalid","test","1","positive","singlestim","175","217342","1010610","481","67","dotpositionleft","singlestim","176","217873","1010620","c","correct","1","","1","trialend","singlestim","177","218885","1010630","1"
"9676","Subject201","1","bravery","positionleft","validityvalid","test","2","positive","singlestim","179","220890","102010","494","67","dotpositionleft","singlestim","180","221435","102020","c","correct","1","","1","trialend","singlestim","181","222447","102030","1"
"9973","Subject201","1","abuse","positionright","validityvalid","test","2","negative","singlestim","183","224452","102050","435","77","dotpositionright","singlestim","184","224939","102060","m","correct","1","","1","trialend","singlestim","185","225952","102070","1"
"10270","Subject201","1","death","positionright","validityvalid","test","2","suicide","singlestim","187","227958","102090","540","77","dotpositionright","singlestim","188","228549","1020100","m","correct","1","","1","trialend","singlestim","189","229562","1020110","1"
"10567","Subject201","1","enthusiasm","positionright","validityvalid","test","2","positive","singlestim","191","231567","1020130","508","77","dotpositionright","singlestim","192","232127","1020140","m","correct","1","","1","trialend","singlestim","193","233140","1020150","1"
"10864","Subject201","1","table","positionright","validityvalid","test","2","neutral","singlestim","195","235145","1020170","1146","77","dotpositionright","singlestim","196","236343","1020180","m","correct","1","","1","trialend","singlestim","197","237357","1020190","1"
"11161","Subject201","1","paper","positionleft","validityvalid","test","2","neutral","singlestim","199","239360","1020210","676","67","dotpositionleft","singlestim","200","240090","1020220","c","correct","1","","1","trialend","singlestim","201","241103","1020230","1"
"11458","Subject201","1","corpse","positionleft","validityvalid","test","2","suicide","singlestim","203","243106","1020250","627","67","dotpositionleft","singlestim","204","243785","1020260","c","correct","1","","1","trialend","singlestim","205","244797","1020270","1"
"11755","Subject201","1","pleasure","positionleft","validityvalid","test","2","positive","singlestim","207","246800","1020290","513","67","dotpositionleft","singlestim","208","247366","1020300","c","correct","1","","1","trialend","singlestim","209","248379","1020310","1"
"12052","Subject201","1","cruel","positionright","validityvalid","test","2","negative","singlestim","211","250384","1020330","644","77","dotpositionright","singlestim","212","251080","1020340","m","correct","1","","1","trialend","singlestim","213","252092","1020350","1"
"12349","Subject201","1","foam","positionright","validityvalid","test","2","neutral","singlestim","215","254097","1020370","504","77","dotpositionright","singlestim","216","254654","1020380","m","correct","1","","1","trialend","singlestim","217","255668","1020390","1"
"12646","Subject201","1","overdose","positionright","validityinvalid","test","2","suicide","singlestim","219","257671","1020410","562","67","dotpositionleft","singlestim","220","258287","1020420","c","correct","1","","1","trialend","singlestim","221","259299","1020430","1"
"12943","Subject201","1","noose","positionleft","validityvalid","test","2","suicide","singlestim","223","261303","1020450","462","67","dotpositionleft","singlestim","224","261817","1020460","c","correct","1","","1","trialend","singlestim","225","262830","1020470","1"
"13240","Subject201","1","horse","positionleft","validityinvalid","test","2","neutral","singlestim","227","264833","1020490","464","77","dotpositionright","singlestim","228","265348","1020500","m","correct","1","","1","trialend","singlestim","229","266360","1020510","1"
"13537","Subject201","1","failure","positionleft","validityvalid","test","2","negative","singlestim","231","268361","1020530","474","67","dotpositionleft","singlestim","232","268888","1020540","c","correct","1","","1","trialend","singlestim","233","269900","1020550","1"
"13834","Subject201","1","love","positionright","validityinvalid","test","2","positive","singlestim","235","271902","1020570","532","67","dotpositionleft","singlestim","236","272486","1020580","c","correct","1","","1","trialend","singlestim","237","273497","1020590","1"
"14131","Subject201","1","filthy","positionleft","validityinvalid","test","2","negative","singlestim","239","275499","1020610","430","77","dotpositionright","singlestim","240","275981","1020620","m","correct","1","","1","trialend","singlestim","241","276993","1020630","1"
"14428","Subject201","1","strong","positionleft","validityvalid","test","3","positive","singlestim","243","278995","103010","537","67","dotpositionleft","singlestim","244","279585","103020","c","correct","1","","1","trialend","singlestim","245","280596","103030","1"
"14725","Subject201","1","closet","positionright","validityinvalid","test","3","neutral","singlestim","247","282598","103050","501","67","dotpositionleft","singlestim","248","283149","103060","c","correct","1","","1","trialend","singlestim","249","284160","103070","1"
"15022","Subject201","1","bomb","positionright","validityvalid","test","3","negative","singlestim","251","286163","103090","536","77","dotpositionright","singlestim","252","286750","1030100","m","correct","1","","1","trialend","singlestim","253","287763","1030110","1"
"15319","Subject201","1","green","positionright","validityvalid","test","3","neutral","singlestim","255","289764","1030130","525","77","dotpositionright","singlestim","256","290341","1030140","m","correct","1","","1","trialend","singlestim","257","291355","1030150","1"
"15616","Subject201","1","assault","positionleft","validityinvalid","test","3","negative","singlestim","259","293357","1030170","501","77","dotpositionright","singlestim","260","293909","1030180","m","correct","1","","1","trialend","singlestim","261","294924","1030190","1"
"15913","Subject201","1","kiss","positionright","validityinvalid","test","3","positive","singlestim","263","296928","1030210","470","67","dotpositionleft","singlestim","264","297449","1030220","c","correct","1","","1","trialend","singlestim","265","298462","1030230","1"
"16210","Subject201","1","smile","positionleft","validityvalid","test","3","positive","singlestim","267","300467","1030250","528","67","dotpositionleft","singlestim","268","301047","1030260","c","correct","1","","1","trialend","singlestim","269","302059","1030270","1"
"16507","Subject201","1","dying","positionleft","validityvalid","test","3","suicide","singlestim","271","304063","1030290","502","67","dotpositionleft","singlestim","272","304616","1030300","c","correct","1","","1","trialend","singlestim","273","305628","1030310","1"
"16804","Subject201","1","happy","positionright","validityvalid","test","3","positive","singlestim","275","307632","1030330","511","77","dotpositionright","singlestim","276","308196","1030340","m","correct","1","","1","trialend","singlestim","277","309207","1030350","1"
"17101","Subject201","1","die","positionright","validityvalid","test","3","suicide","singlestim","279","311211","1030370","477","77","dotpositionright","singlestim","280","311739","1030380","m","correct","1","","1","trialend","singlestim","281","312751","1030390","1"
"17398","Subject201","1","dead","positionleft","validityinvalid","test","3","suicide","singlestim","283","314755","1030410","488","77","dotpositionright","singlestim","284","315295","1030420","m","correct","1","","1","trialend","singlestim","285","316306","1030430","1"
"17695","Subject201","1","museum","positionleft","validityvalid","test","3","neutral","singlestim","287","318309","1030450","474","67","dotpositionleft","singlestim","288","318834","1030460","c","correct","1","","1","trialend","singlestim","289","319844","1030470","1"
"17992","Subject201","1","meter","positionleft","validityvalid","test","3","neutral","singlestim","291","321851","1030490","664","67","dotpositionleft","singlestim","292","322568","1030500","c","correct","1","","1","trialend","singlestim","293","323580","1030510","1"
"18289","Subject201","1","rejected","positionright","validityvalid","test","3","negative","singlestim","295","325584","1030530","433","77","dotpositionright","singlestim","296","326069","1030540","m","correct","1","","1","trialend","singlestim","297","327082","1030550","1"
"18586","Subject201","1","cutting","positionright","validityvalid","test","3","suicide","singlestim","299","329085","1030570","458","77","dotpositionright","singlestim","300","329596","1030580","m","correct","1","","1","trialend","singlestim","301","330608","1030590","1"
"18883","Subject201","1","toure","positionleft","validityvalid","test","3","negative","singlestim","303","332613","1030610","443","67","dotpositionleft","singlestim","304","333108","1030620","c","correct","1","","1","trialend","singlestim","305","334122","1030630","1000"
