"","SubjectID","rt","stimulus","keypress","word","wordposition","validity","block","blocknum","wordtype","trialtype","trialindex","timeelapsed","rt.1","stimulus.1","keypress.1","dotposition","trialtype.1","trialindex.1","timeelapsed.1","keypressed","participantresponse","correctresponse","rt.2","stimulus.2","keypress.2","blocktrial","trialtype.2","trialindex.2","timeelapsed.2"
"120","Subject126","failurefailure","1","failure","positionleft","validityvalid","test","2","negative","singlestim","51","64075","100010","â€šÃ³Ã¨","67","dotpositionleft","singlestim","52","65286","100020","left","correct","1","","1","trialend","singlestim","53","66302","100030"
"417","Subject126","overdoseoverdose","1","overdose","positionright","validityinvalid","test","2","suicide","singlestim","55","68309","100050","â€šÃ³Ã¨","67","dotpositionleft","singlestim","56","68987","100060","left","correct","1","","1","trialend","singlestim","57","70002","100070"
"714","Subject126","noosenoose","1","noose","positionleft","validityvalid","test","2","suicide","singlestim","59","72012","100090","â€šÃ³Ã¨","67","dotpositionleft","singlestim","60","72805","1000100","left","correct","1","","1","trialend","singlestim","61","73822","1000110"
"1011","Subject126","cruelcruel","1","cruel","positionright","validityvalid","test","2","negative","singlestim","63","75830","1000130","â€šÃ³Ã¨","77","dotpositionright","singlestim","64","76337","1000140","right","correct","1","","1","trialend","singlestim","65","77353","1000150"
"1308","Subject126","deathdeath","1","death","positionright","validityvalid","test","2","suicide","singlestim","67","79360","1000170","â€šÃ³Ã¨","77","dotpositionright","singlestim","68","79831","1000180","right","correct","1","","1","trialend","singlestim","69","80846","1000190"
"1605","Subject126","paperpaper","1","paper","positionleft","validityvalid","test","2","neutral","singlestim","71","82852","1000210","â€šÃ³Ã¨","67","dotpositionleft","singlestim","72","83458","1000220","left","correct","1","","1","trialend","singlestim","73","84474","1000230"
"1902","Subject126","lovelove","1","love","positionright","validityinvalid","test","2","positive","singlestim","75","86483","1000250","â€šÃ³Ã¨","67","dotpositionleft","singlestim","76","87059","1000260","left","correct","1","","1","trialend","singlestim","77","88075","1000270"
"2199","Subject126","pleasurepleasure","1","pleasure","positionleft","validityvalid","test","2","positive","singlestim","79","90082","1000290","â€šÃ³Ã¨","67","dotpositionleft","singlestim","80","90495","1000300","left","correct","1","","1","trialend","singlestim","81","91510","1000310"
"2496","Subject126","enthusiasmenthusiasm","1","enthusiasm","positionright","validityvalid","test","2","positive","singlestim","83","93517","1000330","â€šÃ³Ã¨","77","dotpositionright","singlestim","84","94109","1000340","right","correct","1","","1","trialend","singlestim","85","95120","1000350"
"2793","Subject126","braverybravery","1","bravery","positionleft","validityvalid","test","2","positive","singlestim","87","97128","1000370","â€šÃ³Ã¨","67","dotpositionleft","singlestim","88","97588","1000380","left","correct","1","","1","trialend","singlestim","89","98602","1000390"
"3090","Subject126","horsehorse","1","horse","positionleft","validityinvalid","test","2","neutral","singlestim","91","100613","1000410","â€šÃ³Ã¨","77","dotpositionright","singlestim","92","101138","1000420","right","correct","1","","1","trialend","singlestim","93","102153","1000430"
"3387","Subject126","filthyfilthy","1","filthy","positionleft","validityinvalid","test","2","negative","singlestim","95","104159","1000450","â€šÃ³Ã¨","77","dotpositionright","singlestim","96","104658","1000460","right","correct","1","","1","trialend","singlestim","97","105674","1000470"
"3684","Subject126","abuseabuse","1","abuse","positionright","validityvalid","test","2","negative","singlestim","99","107683","1000490","â€šÃ³Ã¨","77","dotpositionright","singlestim","100","108150","1000500","right","correct","1","","1","trialend","singlestim","101","109166","1000510"
"3981","Subject126","corpsecorpse","1","corpse","positionleft","validityvalid","test","2","suicide","singlestim","103","111173","1000530","â€šÃ³Ã¨","67","dotpositionleft","singlestim","104","111718","1000540","left","correct","1","","1","trialend","singlestim","105","112730","1000550"
"4278","Subject126","tabletable","1","table","positionright","validityvalid","test","2","neutral","singlestim","107","114737","1000570","â€šÃ³Ã¨","77","dotpositionright","singlestim","108","115433","1000580","right","correct","1","","1","trialend","singlestim","109","116448","1000590"
"4575","Subject126","foamfoam","1","foam","positionright","validityvalid","test","2","neutral","singlestim","111","118457","1000610","â€šÃ³Ã¨","77","dotpositionright","singlestim","112","119081","1000620","right","correct","1","","1","trialend","singlestim","113","120093","1000630"
"4872","Subject126","bloodblood","1","blood","positionleft","validityvalid","test","1","suicide","singlestim","115","122102","101010","â€šÃ³Ã¨","67","dotpositionleft","singlestim","116","122602","101020","left","correct","1","","1","trialend","singlestim","117","123618","101030"
"5169","Subject126","suffocationsuffocation","1","suffocation","positionleft","validityinvalid","test","1","suicide","singlestim","119","125626","101050","â€šÃ³Ã¨","77","dotpositionright","singlestim","120","126110","101060","right","correct","1","","1","trialend","singlestim","121","127123","101070"
"5466","Subject126","imageimage","1","image","positionleft","validityvalid","test","1","neutral","singlestim","123","129132","101090","â€šÃ³Ã¨","67","dotpositionleft","singlestim","124","129617","1010100","left","correct","1","","1","trialend","singlestim","125","130629","1010110"
"5763","Subject126","gunshotgunshot","1","gunshot","positionright","validityvalid","test","1","suicide","singlestim","127","132637","1010130","â€šÃ³Ã¨","77","dotpositionright","singlestim","128","133125","1010140","right","correct","1","","1","trialend","singlestim","129","134142","1010150"
"6060","Subject126","foldedfolded","1","folded","positionleft","validityvalid","test","1","neutral","singlestim","131","136150","1010170","â€šÃ³Ã¨","67","dotpositionleft","singlestim","132","136731","1010180","left","correct","1","","1","trialend","singlestim","133","137746","1010190"
"6357","Subject126","patheticpathetic","1","pathetic","positionleft","validityvalid","test","1","negative","singlestim","135","139752","1010210","â€šÃ³Ã¨","67","dotpositionleft","singlestim","136","140353","1010220","left","correct","1","","1","trialend","singlestim","137","141369","1010230"
"6654","Subject126","greatgreat","1","great","positionright","validityvalid","test","1","positive","singlestim","139","143377","1010250","â€šÃ³Ã¨","77","dotpositionright","singlestim","140","143955","1010260","right","correct","1","","1","trialend","singlestim","141","144969","1010270"
"6951","Subject126","cheesecheese","1","cheese","positionright","validityvalid","test","1","neutral","singlestim","143","146977","1010290","â€šÃ³Ã¨","77","dotpositionright","singlestim","144","147517","1010300","right","correct","1","","1","trialend","singlestim","145","148532","1010310"
"7248","Subject126","paradiseparadise","1","paradise","positionleft","validityvalid","test","1","positive","singlestim","147","150541","1010330","â€šÃ³Ã¨","67","dotpositionleft","singlestim","148","151066","1010340","left","correct","1","","1","trialend","singlestim","149","152081","1010350"
"7545","Subject126","healthyhealthy","1","healthy","positionleft","validityinvalid","test","1","positive","singlestim","151","154088","1010370","â€šÃ³Ã¨","77","dotpositionright","singlestim","152","154621","1010380","right","correct","1","","1","trialend","singlestim","153","155635","1010390"
"7842","Subject126","attractionattraction","1","attraction","positionright","validityvalid","test","1","positive","singlestim","155","157640","1010410","â€šÃ³Ã¨","77","dotpositionright","singlestim","156","158153","1010420","right","correct","1","","1","trialend","singlestim","157","159168","1010430"
"8139","Subject126","statuestatue","1","statue","positionright","validityinvalid","test","1","neutral","singlestim","159","161177","1010450","â€šÃ³Ã¨","67","dotpositionleft","singlestim","160","161781","1010460","left","correct","1","","1","trialend","singlestim","161","162794","1010470"
"8436","Subject126","funeralfuneral","1","funeral","positionright","validityvalid","test","1","suicide","singlestim","163","164804","1010490","â€šÃ³Ã¨","77","dotpositionright","singlestim","164","165326","1010500","right","correct","1","","1","trialend","singlestim","165","166342","1010510"
"8733","Subject126","hatehate","1","hate","positionright","validityinvalid","test","1","negative","singlestim","167","168352","1010530","â€šÃ³Ã¨","67","dotpositionleft","singlestim","168","168885","1010540","left","correct","1","","1","trialend","singlestim","169","169902","1010550"
"9030","Subject126","vomitvomit","1","vomit","positionleft","validityvalid","test","1","negative","singlestim","171","171906","1010570","â€šÃ³Ã¨","67","dotpositionleft","singlestim","172","172394","1010580","left","correct","1","","1","trialend","singlestim","173","173409","1010590"
"9327","Subject126","cryingcrying","1","crying","positionright","validityvalid","test","1","negative","singlestim","175","175413","1010610","â€šÃ³Ã¨","77","dotpositionright","singlestim","176","176324","1010620","right","correct","1","","1","trialend","singlestim","177","177340","1010630"
"9624","Subject126","killingkilling","1","killing","positionleft","validityvalid","test","4","suicide","singlestim","179","179351","102010","â€šÃ³Ã¨","67","dotpositionleft","singlestim","180","180096","102020","left","correct","1","","1","trialend","singlestim","181","181111","102030"
"9921","Subject126","ecstaticecstatic","1","ecstatic","positionright","validityvalid","test","4","positive","singlestim","183","183118","102050","â€šÃ³Ã¨","77","dotpositionright","singlestim","184","183646","102060","right","correct","1","","1","trialend","singlestim","185","184660","102070"
"10218","Subject126","frameframe","1","frame","positionleft","validityinvalid","test","4","neutral","singlestim","187","186667","102090","â€šÃ³Ã¨","77","dotpositionright","singlestim","188","187238","1020100","right","correct","1","","1","trialend","singlestim","189","188253","1020110"
"10515","Subject126","structurestructure","1","structure","positionright","validityvalid","test","4","neutral","singlestim","191","190258","1020130","â€šÃ³Ã¨","77","dotpositionright","singlestim","192","190773","1020140","right","correct","1","","1","trialend","singlestim","193","191791","1020150"
"10812","Subject126","stupidstupid","1","stupid","positionleft","validityvalid","test","4","negative","singlestim","195","193800","1020170","â€šÃ³Ã¨","67","dotpositionleft","singlestim","196","194357","1020180","left","correct","1","","1","trialend","singlestim","197","195373","1020190"
"11109","Subject126","doubledouble","1","double","positionright","validityvalid","test","4","neutral","singlestim","199","197381","1020210","â€šÃ³Ã¨","77","dotpositionright","singlestim","200","197822","1020220","right","correct","1","","1","trialend","singlestim","201","198838","1020230"
"11406","Subject126","successsuccess","1","success","positionleft","validityvalid","test","4","positive","singlestim","203","200844","1020250","â€šÃ³Ã¨","67","dotpositionleft","singlestim","204","201405","1020260","left","correct","1","","1","trialend","singlestim","205","202418","1020270"
"11703","Subject126","passionatepassionate","1","passionate","positionleft","validityinvalid","test","4","positive","singlestim","207","204427","1020290","â€šÃ³Ã¨","77","dotpositionright","singlestim","208","205003","1020300","right","correct","1","","1","trialend","singlestim","209","206019","1020310"
"12000","Subject126","hanginghanging","1","hanging","positionleft","validityvalid","test","4","suicide","singlestim","211","208026","1020330","â€šÃ³Ã¨","67","dotpositionleft","singlestim","212","208505","1020340","left","correct","1","","1","trialend","singlestim","213","209519","1020350"
"12297","Subject126","engineengine","1","engine","positionleft","validityvalid","test","4","neutral","singlestim","215","211528","1020370","â€šÃ³Ã¨","67","dotpositionleft","singlestim","216","212381","1020380","left","correct","1","","1","trialend","singlestim","217","213397","1020390"
"12594","Subject126","ashamedashamed","1","ashamed","positionright","validityinvalid","test","4","negative","singlestim","219","215406","1020410","â€šÃ³Ã¨","67","dotpositionleft","singlestim","220","215954","1020420","left","correct","1","","1","trialend","singlestim","221","216969","1020430"
"12891","Subject126","laughlaugh","1","laugh","positionright","validityvalid","test","4","positive","singlestim","223","218976","1020450","â€šÃ³Ã¨","77","dotpositionright","singlestim","224","219400","1020460","right","correct","1","","1","trialend","singlestim","225","220412","1020470"
"13188","Subject126","deceaseddeceased","1","deceased","positionright","validityvalid","test","4","suicide","singlestim","227","222420","1020490","â€šÃ³Ã¨","77","dotpositionright","singlestim","228","222868","1020500","right","correct","1","","1","trialend","singlestim","229","223882","1020510"
"13485","Subject126","alonealone","1","alone","positionleft","validityvalid","test","4","negative","singlestim","231","225889","1020530","â€šÃ³Ã¨","67","dotpositionleft","singlestim","232","226440","1020540","left","correct","1","","1","trialend","singlestim","233","227453","1020550"
"13782","Subject126","suicidesuicide","1","suicide","positionright","validityinvalid","test","4","suicide","singlestim","235","229461","1020570","â€šÃ³Ã¨","67","dotpositionleft","singlestim","236","230090","1020580","left","correct","1","","1","trialend","singlestim","237","231102","1020590"
"14079","Subject126","wohlesswohless","1","wohless","positionright","validityvalid","test","4","negative","singlestim","239","233111","1020610","â€šÃ³Ã¨","77","dotpositionright","singlestim","240","233695","1020620","right","correct","1","","1","trialend","singlestim","241","234713","1020630"
"14376","Subject126","diedie","1","die","positionright","validityvalid","test","3","suicide","singlestim","243","236722","103010","â€šÃ³Ã¨","77","dotpositionright","singlestim","244","237328","103020","right","correct","1","","1","trialend","singlestim","245","238343","103030"
"14673","Subject126","museummuseum","1","museum","positionleft","validityvalid","test","3","neutral","singlestim","247","240349","103050","â€šÃ³Ã¨","67","dotpositionleft","singlestim","248","240897","103060","left","correct","1","","1","trialend","singlestim","249","241911","103070"
"14970","Subject126","greengreen","1","green","positionright","validityvalid","test","3","neutral","singlestim","251","243919","103090","â€šÃ³Ã¨","77","dotpositionright","singlestim","252","244657","1030100","right","correct","1","","1","trialend","singlestim","253","245670","1030110"
"15267","Subject126","metermeter","1","meter","positionleft","validityvalid","test","3","neutral","singlestim","255","247676","1030130","â€šÃ³Ã¨","67","dotpositionleft","singlestim","256","248221","1030140","left","correct","1","","1","trialend","singlestim","257","249237","1030150"
"15564","Subject126","assaultassault","1","assault","positionleft","validityinvalid","test","3","negative","singlestim","259","251243","1030170","â€šÃ³Ã¨","77","dotpositionright","singlestim","260","251833","1030180","right","correct","1","","1","trialend","singlestim","261","252844","1030190"
"15861","Subject126","closetcloset","1","closet","positionright","validityinvalid","test","3","neutral","singlestim","263","254851","1030210","â€šÃ³Ã¨","67","dotpositionleft","singlestim","264","255543","1030220","left","correct","1","","1","trialend","singlestim","265","256557","1030230"
"16158","Subject126","cuttingcutting","1","cutting","positionright","validityvalid","test","3","suicide","singlestim","267","258565","1030250","â€šÃ³Ã¨","77","dotpositionright","singlestim","268","259104","1030260","right","correct","1","","1","trialend","singlestim","269","260118","1030270"
"16455","Subject126","bombbomb","1","bomb","positionright","validityvalid","test","3","negative","singlestim","271","262127","1030290","â€šÃ³Ã¨","77","dotpositionright","singlestim","272","262695","1030300","right","correct","1","","1","trialend","singlestim","273","263709","1030310"
"16752","Subject126","smilesmile","1","smile","positionleft","validityvalid","test","3","positive","singlestim","275","265718","1030330","â€šÃ³Ã¨","67","dotpositionleft","singlestim","276","266254","1030340","left","correct","1","","1","trialend","singlestim","277","267268","1030350"
"17049","Subject126","strongstrong","1","strong","positionleft","validityvalid","test","3","positive","singlestim","279","269274","1030370","â€šÃ³Ã¨","67","dotpositionleft","singlestim","280","269791","1030380","left","correct","1","","1","trialend","singlestim","281","270807","1030390"
"17346","Subject126","dyingdying","1","dying","positionleft","validityvalid","test","3","suicide","singlestim","283","272817","1030410","â€šÃ³Ã¨","67","dotpositionleft","singlestim","284","273267","1030420","left","correct","1","","1","trialend","singlestim","285","274285","1030430"
"17643","Subject126","deaddead","1","dead","positionleft","validityinvalid","test","3","suicide","singlestim","287","276294","1030450","â€šÃ³Ã¨","77","dotpositionright","singlestim","288","276762","1030460","right","correct","1","","1","trialend","singlestim","289","277776","1030470"
"17940","Subject126","kisskiss","1","kiss","positionright","validityinvalid","test","3","positive","singlestim","291","279783","1030490","â€šÃ³Ã¨","67","dotpositionleft","singlestim","292","280321","1030500","left","correct","1","","1","trialend","singlestim","293","281335","1030510"
"18237","Subject126","rejectedrejected","1","rejected","positionright","validityvalid","test","3","negative","singlestim","295","283342","1030530","â€šÃ³Ã¨","77","dotpositionright","singlestim","296","283845","1030540","right","correct","1","","1","trialend","singlestim","297","284862","1030550"
"18534","Subject126","touretoure","1","toure","positionleft","validityvalid","test","3","negative","singlestim","299","286871","1030570","â€šÃ³Ã¨","67","dotpositionleft","singlestim","300","287489","1030580","left","correct","1","","1","trialend","singlestim","301","288505","1030590"
"18831","Subject126","happyhappy","1","happy","positionright","validityvalid","test","3","positive","singlestim","303","290511","1030610","â€šÃ³Ã¨","77","dotpositionright","singlestim","304","290952","1030620","right","correct","1","","1","trialend","singlestim","305","291968","1030630"
