"","SubjectID","rt","stimulus","keypress","word","wordposition","validity","block","blocknum","wordtype","trialtype","trialindex","timeelapsed","rt.1","stimulus.1","keypress.1","dotposition","trialtype.1","trialindex.1","timeelapsed.1","keypressed","participantresponse","correctresponse","rt.2","stimulus.2","keypress.2","blocktrial","trialtype.2","trialindex.2","timeelapsed.2"
"168","Subject197","1","closetcloset","1","closet","positionright","validityinvalid","test","3","neutral","singlestim","51","119964","678","â€šÃ³Ã¨","67","dotpositionleft","singlestim","52","120695","c","left","correct","1","","1","trialend","singlestim","53","121711"
"465","Subject197","1","smilesmile","1","smile","positionleft","validityvalid","test","3","positive","singlestim","55","123721","347","â€šÃ³Ã¨","67","dotpositionleft","singlestim","56","124123","c","left","correct","1","","1","trialend","singlestim","57","125141"
"762","Subject197","1","cuttingcutting","1","cutting","positionright","validityvalid","test","3","suicide","singlestim","59","127149","427","â€šÃ³Ã¨","77","dotpositionright","singlestim","60","127632","m","right","correct","1","","1","trialend","singlestim","61","128647"
"1059","Subject197","1","kisskiss","1","kiss","positionright","validityinvalid","test","3","positive","singlestim","63","130655","360","â€šÃ³Ã¨","67","dotpositionleft","singlestim","64","131068","c","left","correct","1","","1","trialend","singlestim","65","132083"
"1356","Subject197","1","diedie","1","die","positionright","validityvalid","test","3","suicide","singlestim","67","134092","366","â€šÃ³Ã¨","77","dotpositionright","singlestim","68","134510","m","right","correct","1","","1","trialend","singlestim","69","135525"
"1653","Subject197","1","assaultassault","1","assault","positionleft","validityinvalid","test","3","negative","singlestim","71","137534","343","â€šÃ³Ã¨","77","dotpositionright","singlestim","72","137932","m","right","correct","1","","1","trialend","singlestim","73","138944"
"1950","Subject197","1","happyhappy","1","happy","positionright","validityvalid","test","3","positive","singlestim","75","140952","374","â€šÃ³Ã¨","77","dotpositionright","singlestim","76","141379","m","right","correct","1","","1","trialend","singlestim","77","142392"
"2247","Subject197","1","deaddead","1","dead","positionleft","validityinvalid","test","3","suicide","singlestim","79","144400","357","â€šÃ³Ã¨","77","dotpositionright","singlestim","80","144810","m","right","correct","1","","1","trialend","singlestim","81","145822"
"2544","Subject197","1","museummuseum","1","museum","positionleft","validityvalid","test","3","neutral","singlestim","83","147831","431","â€šÃ³Ã¨","67","dotpositionleft","singlestim","84","148313","c","left","correct","1","","1","trialend","singlestim","85","149328"
"2841","Subject197","1","strongstrong","1","strong","positionleft","validityvalid","test","3","positive","singlestim","87","151339","393","â€šÃ³Ã¨","67","dotpositionleft","singlestim","88","151787","c","left","correct","1","","1","trialend","singlestim","89","152799"
"3138","Subject197","1","touretoure","1","toure","positionleft","validityvalid","test","3","negative","singlestim","91","154807","439","â€šÃ³Ã¨","67","dotpositionleft","singlestim","92","155299","c","left","correct","1","","1","trialend","singlestim","93","156317"
"3435","Subject197","1","bombbomb","1","bomb","positionright","validityvalid","test","3","negative","singlestim","95","158325","364","â€šÃ³Ã¨","77","dotpositionright","singlestim","96","158744","m","right","correct","1","","1","trialend","singlestim","97","159759"
"3732","Subject197","1","dyingdying","1","dying","positionleft","validityvalid","test","3","suicide","singlestim","99","161767","384","â€šÃ³Ã¨","67","dotpositionleft","singlestim","100","162203","c","left","correct","1","","1","trialend","singlestim","101","163218"
"4029","Subject197","1","rejectedrejected","1","rejected","positionright","validityvalid","test","3","negative","singlestim","103","165226","377","â€šÃ³Ã¨","77","dotpositionright","singlestim","104","165660","m","right","correct","1","","1","trialend","singlestim","105","166677"
"4326","Subject197","1","metermeter","1","meter","positionleft","validityvalid","test","3","neutral","singlestim","107","168690","372","â€šÃ³Ã¨","67","dotpositionleft","singlestim","108","169115","c","left","correct","1","","1","trialend","singlestim","109","170131"
"4623","Subject197","1","greengreen","1","green","positionright","validityvalid","test","3","neutral","singlestim","111","172139","472","â€šÃ³Ã¨","77","dotpositionright","singlestim","112","172665","m","right","correct","1","","1","trialend","singlestim","113","173677"
"4920","Subject197","1","deathdeath","1","death","positionright","validityvalid","test","2","suicide","singlestim","115","175686","391","â€šÃ³Ã¨","77","dotpositionright","singlestim","116","176131","m","right","correct","1","","1","trialend","singlestim","117","177148"
"5217","Subject197","1","noosenoose","1","noose","positionleft","validityvalid","test","2","suicide","singlestim","119","179157","400","â€šÃ³Ã¨","67","dotpositionleft","singlestim","120","179611","c","left","correct","1","","1","trialend","singlestim","121","180626"
"5514","Subject197","1","foamfoam","1","foam","positionright","validityvalid","test","2","neutral","singlestim","123","182634","471","â€šÃ³Ã¨","77","dotpositionright","singlestim","124","183160","m","right","correct","1","","1","trialend","singlestim","125","184178"
"5811","Subject197","1","horsehorse","1","horse","positionleft","validityinvalid","test","2","neutral","singlestim","127","186186","359","â€šÃ³Ã¨","77","dotpositionright","singlestim","128","186599","m","right","correct","70","","77","trialend","singlestim","129","187614"
"6108","Subject197","1","pleasurepleasure","1","pleasure","positionleft","validityvalid","test","2","positive","singlestim","131","189624","336","â€šÃ³Ã¨","67","dotpositionleft","singlestim","132","190017","c","left","correct","1","","1","trialend","singlestim","133","191033"
"6405","Subject197","1","failurefailure","1","failure","positionleft","validityvalid","test","2","negative","singlestim","135","193041","365","â€šÃ³Ã¨","67","dotpositionleft","singlestim","136","193459","c","left","correct","1","","1","trialend","singlestim","137","194474"
"6702","Subject197","1","paperpaper","1","paper","positionleft","validityvalid","test","2","neutral","singlestim","139","196483","457","â€šÃ³Ã¨","67","dotpositionleft","singlestim","140","196994","c","left","correct","1","","1","trialend","singlestim","141","198009"
"6999","Subject197","1","cruelcruel","1","cruel","positionright","validityvalid","test","2","negative","singlestim","143","200018","286","â€šÃ³Ã¨","77","dotpositionright","singlestim","144","200361","m","right","correct","1","","1","trialend","singlestim","145","201377"
"7296","Subject197","1","tabletable","1","table","positionright","validityvalid","test","2","neutral","singlestim","147","203384","263","â€šÃ³Ã¨","77","dotpositionright","singlestim","148","203704","m","right","correct","1","","1","trialend","singlestim","149","204719"
"7593","Subject197","1","lovelove","1","love","positionright","validityinvalid","test","2","positive","singlestim","151","206728","342","â€šÃ³Ã¨","67","dotpositionleft","singlestim","152","207123","c","left","correct","1","","1","trialend","singlestim","153","208138"
"7890","Subject197","1","abuseabuse","1","abuse","positionright","validityvalid","test","2","negative","singlestim","155","210147","340","â€šÃ³Ã¨","77","dotpositionright","singlestim","156","210539","m","right","correct","1","","1","trialend","singlestim","157","211551"
"8187","Subject197","1","enthusiasmenthusiasm","1","enthusiasm","positionright","validityvalid","test","2","positive","singlestim","159","213560","354","â€šÃ³Ã¨","77","dotpositionright","singlestim","160","213966","m","right","correct","1","","1","trialend","singlestim","161","214982"
"8484","Subject197","1","filthyfilthy","1","filthy","positionleft","validityinvalid","test","2","negative","singlestim","163","216990","575","â€šÃ³Ã¨","77","dotpositionright","singlestim","164","217617","m","right","correct","1","","1","trialend","singlestim","165","218632"
"8781","Subject197","1","braverybravery","1","bravery","positionleft","validityvalid","test","2","positive","singlestim","167","220641","327","â€šÃ³Ã¨","67","dotpositionleft","singlestim","168","221021","c","left","correct","1","","1","trialend","singlestim","169","222034"
"9078","Subject197","1","overdoseoverdose","1","overdose","positionright","validityinvalid","test","2","suicide","singlestim","171","224043","280","â€šÃ³Ã¨","77","dotpositionleft","singlestim","172","224374","m","right","incorrect","224","","67","trialend","singlestim","173","225389"
"9375","Subject197","1","corpsecorpse","1","corpse","positionleft","validityvalid","test","2","suicide","singlestim","175","227398","396","â€šÃ³Ã¨","67","dotpositionleft","singlestim","176","227846","c","left","correct","1","","1","trialend","singlestim","177","228860"
"9672","Subject197","1","greatgreat","1","great","positionright","validityvalid","test","1","positive","singlestim","179","230869","346","â€šÃ³Ã¨","77","dotpositionright","singlestim","180","231270","m","right","correct","1","","1","trialend","singlestim","181","232285"
"9969","Subject197","1","hatehate","1","hate","positionright","validityinvalid","test","1","negative","singlestim","183","234297","315","â€šÃ³Ã¨","67","dotpositionleft","singlestim","184","234667","c","left","correct","1","","1","trialend","singlestim","185","235680"
"10266","Subject197","1","suffocationsuffocation","1","suffocation","positionleft","validityinvalid","test","1","suicide","singlestim","187","237688","570","â€šÃ³Ã¨","77","dotpositionright","singlestim","188","238311","m","right","correct","1","","1","trialend","singlestim","189","239325"
"10563","Subject197","1","foldedfolded","1","folded","positionleft","validityvalid","test","1","neutral","singlestim","191","241334","329","â€šÃ³Ã¨","67","dotpositionleft","singlestim","192","241716","c","left","correct","1","","1","trialend","singlestim","193","242733"
"10860","Subject197","1","cheesecheese","1","cheese","positionright","validityvalid","test","1","neutral","singlestim","195","244741","381","â€šÃ³Ã¨","77","dotpositionright","singlestim","196","245175","m","right","correct","1","","1","trialend","singlestim","197","246191"
"11157","Subject197","1","patheticpathetic","1","pathetic","positionleft","validityvalid","test","1","negative","singlestim","199","248200","398","â€šÃ³Ã¨","67","dotpositionleft","singlestim","200","248651","c","left","correct","1","","1","trialend","singlestim","201","249669"
"11454","Subject197","1","imageimage","1","image","positionleft","validityvalid","test","1","neutral","singlestim","203","251681","339","â€šÃ³Ã¨","67","dotpositionleft","singlestim","204","252075","c","left","correct","1","","1","trialend","singlestim","205","253092"
"11751","Subject197","1","healthyhealthy","1","healthy","positionleft","validityinvalid","test","1","positive","singlestim","207","255102","285","â€šÃ³Ã¨","77","dotpositionright","singlestim","208","255439","m","right","correct","1","","1","trialend","singlestim","209","256455"
"12048","Subject197","1","vomitvomit","1","vomit","positionleft","validityvalid","test","1","negative","singlestim","211","258463","297","â€šÃ³Ã¨","67","dotpositionleft","singlestim","212","258814","c","left","correct","1","","1","trialend","singlestim","213","259832"
"12345","Subject197","1","paradiseparadise","1","paradise","positionleft","validityvalid","test","1","positive","singlestim","215","261843","301","â€šÃ³Ã¨","67","dotpositionleft","singlestim","216","262200","c","left","correct","1","","1","trialend","singlestim","217","263217"
"12642","Subject197","1","statuestatue","1","statue","positionright","validityinvalid","test","1","neutral","singlestim","219","265225","423","â€šÃ³Ã¨","67","dotpositionleft","singlestim","220","265701","c","left","correct","1","","1","trialend","singlestim","221","266716"
"12939","Subject197","1","bloodblood","1","blood","positionleft","validityvalid","test","1","suicide","singlestim","223","268726","360","â€šÃ³Ã¨","67","dotpositionleft","singlestim","224","269139","c","left","correct","1","","1","trialend","singlestim","225","270153"
"13236","Subject197","1","attractionattraction","1","attraction","positionright","validityvalid","test","1","positive","singlestim","227","272161","345","â€šÃ³Ã¨","77","dotpositionright","singlestim","228","272563","m","right","correct","1","","1","trialend","singlestim","229","273577"
"13533","Subject197","1","funeralfuneral","1","funeral","positionright","validityvalid","test","1","suicide","singlestim","231","275586","415","â€šÃ³Ã¨","77","dotpositionright","singlestim","232","276053","m","right","correct","1","","1","trialend","singlestim","233","277066"
"13830","Subject197","1","cryingcrying","1","crying","positionright","validityvalid","test","1","negative","singlestim","235","279076","475","â€šÃ³Ã¨","77","dotpositionright","singlestim","236","279608","m","right","correct","1","","1","trialend","singlestim","237","280624"
"14127","Subject197","1","gunshotgunshot","1","gunshot","positionright","validityvalid","test","1","suicide","singlestim","239","282632","356","â€šÃ³Ã¨","77","dotpositionright","singlestim","240","283042","m","right","correct","1","","1","trialend","singlestim","241","284060"
"14424","Subject197","1","engineengine","1","engine","positionleft","validityvalid","test","4","neutral","singlestim","243","286069","312","â€šÃ³Ã¨","67","dotpositionleft","singlestim","244","286434","c","left","correct","1","","1","trialend","singlestim","245","287450"
"14721","Subject197","1","alonealone","1","alone","positionleft","validityvalid","test","4","negative","singlestim","247","289460","286","â€šÃ³Ã¨","67","dotpositionleft","singlestim","248","289799","c","left","correct","1","","1","trialend","singlestim","249","290816"
"15018","Subject197","1","laughlaugh","1","laugh","positionright","validityvalid","test","4","positive","singlestim","251","292826","306","â€šÃ³Ã¨","77","dotpositionright","singlestim","252","293182","m","right","correct","1","","1","trialend","singlestim","253","294194"
"15315","Subject197","1","passionatepassionate","1","passionate","positionleft","validityinvalid","test","4","positive","singlestim","255","296204","368","â€šÃ³Ã¨","77","dotpositionright","singlestim","256","296623","m","right","correct","1","","1","trialend","singlestim","257","297637"
"15612","Subject197","1","frameframe","1","frame","positionleft","validityinvalid","test","4","neutral","singlestim","259","299645","336","â€šÃ³Ã¨","77","dotpositionright","singlestim","260","300033","m","right","correct","1","","1","trialend","singlestim","261","301050"
"15909","Subject197","1","ashamedashamed","1","ashamed","positionright","validityinvalid","test","4","negative","singlestim","263","303058","377","â€šÃ³Ã¨","67","dotpositionleft","singlestim","264","303487","c","left","correct","1","","1","trialend","singlestim","265","304503"
"16206","Subject197","1","hanginghanging","1","hanging","positionleft","validityvalid","test","4","suicide","singlestim","267","306512","485","â€šÃ³Ã¨","67","dotpositionleft","singlestim","268","307049","c","left","correct","1","","1","trialend","singlestim","269","308061"
"16503","Subject197","1","ecstaticecstatic","1","ecstatic","positionright","validityvalid","test","4","positive","singlestim","271","310070","261","â€šÃ³Ã¨","77","dotpositionright","singlestim","272","310384","m","right","correct","1","","1","trialend","singlestim","273","311399"
"16800","Subject197","1","successsuccess","1","success","positionleft","validityvalid","test","4","positive","singlestim","275","313407","360","â€šÃ³Ã¨","67","dotpositionleft","singlestim","276","313819","c","left","correct","1","","1","trialend","singlestim","277","314835"
"17097","Subject197","1","doubledouble","1","double","positionright","validityvalid","test","4","neutral","singlestim","279","316844","314","â€šÃ³Ã¨","77","dotpositionright","singlestim","280","317210","m","right","correct","1","","1","trialend","singlestim","281","318225"
"17394","Subject197","1","wohlesswohless","1","wohless","positionright","validityvalid","test","4","negative","singlestim","283","320233","504","â€šÃ³Ã¨","77","dotpositionright","singlestim","284","320790","m","right","correct","1","","1","trialend","singlestim","285","321806"
"17691","Subject197","1","deceaseddeceased","1","deceased","positionright","validityvalid","test","4","suicide","singlestim","287","323815","352","â€šÃ³Ã¨","77","dotpositionright","singlestim","288","324218","m","right","correct","1","","1","trialend","singlestim","289","325231"
"17988","Subject197","1","killingkilling","1","killing","positionleft","validityvalid","test","4","suicide","singlestim","291","327239","350","â€šÃ³Ã¨","67","dotpositionleft","singlestim","292","327644","c","left","correct","1","","1","trialend","singlestim","293","328661"
"18285","Subject197","1","structurestructure","1","structure","positionright","validityvalid","test","4","neutral","singlestim","295","330669","399","â€šÃ³Ã¨","77","dotpositionright","singlestim","296","331120","m","right","correct","1","","1","trialend","singlestim","297","332138"
"18582","Subject197","1","stupidstupid","1","stupid","positionleft","validityvalid","test","4","negative","singlestim","299","334146","328","â€šÃ³Ã¨","67","dotpositionleft","singlestim","300","334528","c","left","correct","1","","1","trialend","singlestim","301","335545"
"18879","Subject197","1","suicidesuicide","1","suicide","positionright","validityinvalid","test","4","suicide","singlestim","303","337554","337","â€šÃ³Ã¨","67","dotpositionleft","singlestim","304","337945","c","left","correct","1","","1","trialend","singlestim","305","338961"
