"","SubjectID","rt","stimulus","keypress","word","wordposition","validity","block","blocknum","wordtype","trialtype","trialindex","timeelapsed","rt.1","stimulus.1","keypress.1","dotposition","trialtype.1","trialindex.1","timeelapsed.1","keypressed","participantresponse","correctresponse","rt.2","stimulus.2","keypress.2","blocktrial","trialtype.2","trialindex.2","timeelapsed.2"
"287","Subject323","1","attractionattraction","1","attraction","positionright","validityvalid","test","1","positive","singlestim","51","15522957","391","â€šÃ³Ã¨","77","dotpositionright","singlestim","52","15523404","m","right","correct","1","","1","trialend","singlestim","53","15524418"
"584","Subject323","1","cryingcrying","1","crying","positionright","validityvalid","test","1","negative","singlestim","55","15526431","354","â€šÃ³Ã¨","77","dotpositionright","singlestim","56","15526839","m","right","correct","1","","1","trialend","singlestim","57","15527853"
"881","Subject323","1","vomitvomit","1","vomit","positionleft","validityvalid","test","1","negative","singlestim","59","15529866","492","â€šÃ³Ã¨","67","dotpositionleft","singlestim","60","15530412","c","left","correct","1","","1","trialend","singlestim","61","15531429"
"1178","Subject323","1","funeralfuneral","1","funeral","positionright","validityvalid","test","1","suicide","singlestim","63","15533440","346","â€šÃ³Ã¨","77","dotpositionright","singlestim","64","15533842","m","right","correct","1","","1","trialend","singlestim","65","15534860"
"1475","Subject323","1","cheesecheese","1","cheese","positionright","validityvalid","test","1","neutral","singlestim","67","15536869","323","â€šÃ³Ã¨","77","dotpositionright","singlestim","68","15537245","m","right","correct","1","","1","trialend","singlestim","69","15538263"
"1772","Subject323","1","foldedfolded","1","folded","positionleft","validityvalid","test","1","neutral","singlestim","71","15540270","385","â€šÃ³Ã¨","67","dotpositionleft","singlestim","72","15540707","c","left","correct","1","","1","trialend","singlestim","73","15541720"
"2069","Subject323","1","hatehate","1","hate","positionright","validityinvalid","test","1","negative","singlestim","75","15543729","358","â€šÃ³Ã¨","67","dotpositionleft","singlestim","76","15544141","c","left","correct","1","","1","trialend","singlestim","77","15545157"
"2366","Subject323","1","statuestatue","1","statue","positionright","validityinvalid","test","1","neutral","singlestim","79","15547165","364","â€šÃ³Ã¨","67","dotpositionleft","singlestim","80","15547582","c","left","correct","1","","1","trialend","singlestim","81","15548598"
"2663","Subject323","1","paradiseparadise","1","paradise","positionleft","validityvalid","test","1","positive","singlestim","83","15550608","449","â€šÃ³Ã¨","67","dotpositionleft","singlestim","84","15551107","c","left","correct","1","","1","trialend","singlestim","85","15552122"
"2960","Subject323","1","suffocationsuffocation","1","suffocation","positionleft","validityinvalid","test","1","suicide","singlestim","87","15554133","290","â€šÃ³Ã¨","77","dotpositionright","singlestim","88","15554479","m","right","correct","1","","1","trialend","singlestim","89","15555496"
"3257","Subject323","1","patheticpathetic","1","pathetic","positionleft","validityvalid","test","1","negative","singlestim","91","15557503","353","â€šÃ³Ã¨","67","dotpositionleft","singlestim","92","15557909","c","left","correct","1","","1","trialend","singlestim","93","15558922"
"3554","Subject323","1","gunshotgunshot","1","gunshot","positionright","validityvalid","test","1","suicide","singlestim","95","15560932","356","â€šÃ³Ã¨","77","dotpositionright","singlestim","96","15561341","m","right","correct","1","","1","trialend","singlestim","97","15562359"
"3851","Subject323","1","healthyhealthy","1","healthy","positionleft","validityinvalid","test","1","positive","singlestim","99","15564371","326","â€šÃ³Ã¨","77","dotpositionright","singlestim","100","15564749","m","right","correct","1","","1","trialend","singlestim","101","15565765"
"4148","Subject323","1","greatgreat","1","great","positionright","validityvalid","test","1","positive","singlestim","103","15567778","340","â€šÃ³Ã¨","77","dotpositionright","singlestim","104","15568172","m","right","correct","1","","1","trialend","singlestim","105","15569189"
"4445","Subject323","1","imageimage","1","image","positionleft","validityvalid","test","1","neutral","singlestim","107","15571198","368","â€šÃ³Ã¨","67","dotpositionleft","singlestim","108","15571619","c","left","correct","1","","1","trialend","singlestim","109","15572632"
"4742","Subject323","1","bloodblood","1","blood","positionleft","validityvalid","test","1","suicide","singlestim","111","15574646","418","â€šÃ³Ã¨","67","dotpositionleft","singlestim","112","15575118","c","left","correct","1","","1","trialend","singlestim","113","15576134"
"5039","Subject323","1","touretoure","1","toure","positionleft","validityvalid","test","3","negative","singlestim","115","15578142","402","â€šÃ³Ã¨","67","dotpositionleft","singlestim","116","15578595","c","left","correct","1","","1","trialend","singlestim","117","15579612"
"5336","Subject323","1","strongstrong","1","strong","positionleft","validityvalid","test","3","positive","singlestim","119","15581622","290","â€šÃ³Ã¨","67","dotpositionleft","singlestim","120","15581966","c","left","correct","1","","1","trialend","singlestim","121","15582985"
"5633","Subject323","1","closetcloset","1","closet","positionright","validityinvalid","test","3","neutral","singlestim","123","15584990","344","â€šÃ³Ã¨","67","dotpositionleft","singlestim","124","15585385","c","left","correct","1","","1","trialend","singlestim","125","15586403"
"5930","Subject323","1","assaultassault","1","assault","positionleft","validityinvalid","test","3","negative","singlestim","127","15588408","295","â€šÃ³Ã¨","77","dotpositionright","singlestim","128","15588757","m","right","correct","1","","1","trialend","singlestim","129","15589773"
"6227","Subject323","1","museummuseum","1","museum","positionleft","validityvalid","test","3","neutral","singlestim","131","15591782","330","â€šÃ³Ã¨","67","dotpositionleft","singlestim","132","15592169","c","left","correct","1","","1","trialend","singlestim","133","15593187"
"6524","Subject323","1","cuttingcutting","1","cutting","positionright","validityvalid","test","3","suicide","singlestim","135","15595195","417","â€šÃ³Ã¨","77","dotpositionright","singlestim","136","15595665","m","right","correct","1","","1","trialend","singlestim","137","15596679"
"6821","Subject323","1","bombbomb","1","bomb","positionright","validityvalid","test","3","negative","singlestim","139","15598693","425","â€šÃ³Ã¨","77","dotpositionright","singlestim","140","15599174","m","right","correct","1","","1","trialend","singlestim","141","15600187"
"7118","Subject323","1","kisskiss","1","kiss","positionright","validityinvalid","test","3","positive","singlestim","143","15602199","291","â€šÃ³Ã¨","67","dotpositionleft","singlestim","144","15602547","c","left","correct","1","","1","trialend","singlestim","145","15603561"
"7415","Subject323","1","rejectedrejected","1","rejected","positionright","validityvalid","test","3","negative","singlestim","147","15605569","405","â€šÃ³Ã¨","77","dotpositionright","singlestim","148","15606026","m","right","correct","1","","1","trialend","singlestim","149","15607043"
"7712","Subject323","1","smilesmile","1","smile","positionleft","validityvalid","test","3","positive","singlestim","151","15609054","420","â€šÃ³Ã¨","67","dotpositionleft","singlestim","152","15609531","c","left","correct","1","","1","trialend","singlestim","153","15610547"
"8009","Subject323","1","greengreen","1","green","positionright","validityvalid","test","3","neutral","singlestim","155","15612552","331","â€šÃ³Ã¨","77","dotpositionright","singlestim","156","15612935","m","right","correct","1","","1","trialend","singlestim","157","15613951"
"8306","Subject323","1","diedie","1","die","positionright","validityvalid","test","3","suicide","singlestim","159","15615960","318","â€šÃ³Ã¨","77","dotpositionright","singlestim","160","15616331","m","right","correct","1","","1","trialend","singlestim","161","15617349"
"8603","Subject323","1","dyingdying","1","dying","positionleft","validityvalid","test","3","suicide","singlestim","163","15619361","329","â€šÃ³Ã¨","67","dotpositionleft","singlestim","164","15619742","c","left","correct","1","","1","trialend","singlestim","165","15620759"
"8900","Subject323","1","metermeter","1","meter","positionleft","validityvalid","test","3","neutral","singlestim","167","15622762","360","â€šÃ³Ã¨","67","dotpositionleft","singlestim","168","15623174","c","left","correct","1","","1","trialend","singlestim","169","15624190"
"9197","Subject323","1","deaddead","1","dead","positionleft","validityinvalid","test","3","suicide","singlestim","171","15626203","348","â€šÃ³Ã¨","77","dotpositionright","singlestim","172","15626607","m","right","correct","1","","1","trialend","singlestim","173","15627621"
"9494","Subject323","1","happyhappy","1","happy","positionright","validityvalid","test","3","positive","singlestim","175","15629628","326","â€šÃ³Ã¨","77","dotpositionright","singlestim","176","15630010","m","right","correct","1","","1","trialend","singlestim","177","15631028"
"9791","Subject323","1","corpsecorpse","1","corpse","positionleft","validityvalid","test","2","suicide","singlestim","179","15633041","368","â€šÃ³Ã¨","67","dotpositionleft","singlestim","180","15633462","c","left","correct","1","","1","trialend","singlestim","181","15634478"
"10088","Subject323","1","deathdeath","1","death","positionright","validityvalid","test","2","suicide","singlestim","183","15636489","251","â€šÃ³Ã¨","77","dotpositionright","singlestim","184","15636796","m","right","correct","1","","1","trialend","singlestim","185","15637814"
"10385","Subject323","1","braverybravery","1","bravery","positionleft","validityvalid","test","2","positive","singlestim","187","15639823","293","â€šÃ³Ã¨","67","dotpositionleft","singlestim","188","15640171","c","left","correct","1","","1","trialend","singlestim","189","15641190"
"10682","Subject323","1","paperpaper","1","paper","positionleft","validityvalid","test","2","neutral","singlestim","191","15643199","329","â€šÃ³Ã¨","67","dotpositionleft","singlestim","192","15643582","c","left","correct","1","","1","trialend","singlestim","193","15644597"
"10979","Subject323","1","foamfoam","1","foam","positionright","validityvalid","test","2","neutral","singlestim","195","15646608","279","â€šÃ³Ã¨","77","dotpositionright","singlestim","196","15646943","m","right","correct","1","","1","trialend","singlestim","197","15647961"
"11276","Subject323","1","lovelove","1","love","positionright","validityinvalid","test","2","positive","singlestim","199","15649972","349","â€šÃ³Ã¨","67","dotpositionleft","singlestim","200","15650374","c","left","correct","1","","1","trialend","singlestim","201","15651391"
"11573","Subject323","1","failurefailure","1","failure","positionleft","validityvalid","test","2","negative","singlestim","203","15653403","244","â€šÃ³Ã¨","67","dotpositionleft","singlestim","204","15653699","c","left","correct","1","","1","trialend","singlestim","205","15654717"
"11870","Subject323","1","abuseabuse","1","abuse","positionright","validityvalid","test","2","negative","singlestim","207","15656719","262","â€šÃ³Ã¨","77","dotpositionright","singlestim","208","15657035","m","right","correct","1","","1","trialend","singlestim","209","15658053"
"12167","Subject323","1","horsehorse","1","horse","positionleft","validityinvalid","test","2","neutral","singlestim","211","15660061","352","â€šÃ³Ã¨","77","dotpositionright","singlestim","212","15660464","m","right","correct","1","","1","trialend","singlestim","213","15661477"
"12464","Subject323","1","pleasurepleasure","1","pleasure","positionleft","validityvalid","test","2","positive","singlestim","215","15663484","233","â€šÃ³Ã¨","67","dotpositionleft","singlestim","216","15663773","c","left","correct","1","","1","trialend","singlestim","217","15664791"
"12761","Subject323","1","tabletable","1","table","positionright","validityvalid","test","2","neutral","singlestim","219","15666799","283","â€šÃ³Ã¨","77","dotpositionright","singlestim","220","15667133","m","right","correct","1","","1","trialend","singlestim","221","15668145"
"13058","Subject323","1","cruelcruel","1","cruel","positionright","validityvalid","test","2","negative","singlestim","223","15670154","326","â€šÃ³Ã¨","77","dotpositionright","singlestim","224","15670533","m","right","correct","1","","1","trialend","singlestim","225","15671545"
"13355","Subject323","1","noosenoose","1","noose","positionleft","validityvalid","test","2","suicide","singlestim","227","15673550","317","â€šÃ³Ã¨","67","dotpositionleft","singlestim","228","15673919","c","left","correct","1","","1","trialend","singlestim","229","15674938"
"13652","Subject323","1","overdoseoverdose","1","overdose","positionright","validityinvalid","test","2","suicide","singlestim","231","15676945","327","â€šÃ³Ã¨","67","dotpositionleft","singlestim","232","15677323","c","left","correct","1","","1","trialend","singlestim","233","15678338"
"13949","Subject323","1","enthusiasmenthusiasm","1","enthusiasm","positionright","validityvalid","test","2","positive","singlestim","235","15680347","283","â€šÃ³Ã¨","77","dotpositionright","singlestim","236","15680681","m","right","correct","1","","1","trialend","singlestim","237","15681698"
"14246","Subject323","1","filthyfilthy","1","filthy","positionleft","validityinvalid","test","2","negative","singlestim","239","15683706","393","â€šÃ³Ã¨","77","dotpositionright","singlestim","240","15684152","m","right","correct","1","","1","trialend","singlestim","241","15685166"
"14543","Subject323","1","suicidesuicide","1","suicide","positionright","validityinvalid","test","4","suicide","singlestim","243","15687179","341","â€šÃ³Ã¨","67","dotpositionleft","singlestim","244","15687572","c","left","correct","1","","1","trialend","singlestim","245","15688588"
"14840","Subject323","1","doubledouble","1","double","positionright","validityvalid","test","4","neutral","singlestim","247","15690596","363","â€šÃ³Ã¨","77","dotpositionright","singlestim","248","15691011","m","right","correct","1","","1","trialend","singlestim","249","15692030"
"15137","Subject323","1","hanginghanging","1","hanging","positionleft","validityvalid","test","4","suicide","singlestim","251","15694039","453","â€šÃ³Ã¨","67","dotpositionleft","singlestim","252","15694545","c","left","correct","1","","1","trialend","singlestim","253","15695562"
"15434","Subject323","1","passionatepassionate","1","passionate","positionleft","validityinvalid","test","4","positive","singlestim","255","15697574","311","â€šÃ³Ã¨","67","dotpositionright","singlestim","256","15697936","c","left","incorrect","66","","77","trialend","singlestim","257","15698953"
"15731","Subject323","1","wohlesswohless","1","wohless","positionright","validityvalid","test","4","negative","singlestim","259","15700962","405","â€šÃ³Ã¨","77","dotpositionright","singlestim","260","15701419","m","right","correct","1","","1","trialend","singlestim","261","15702437"
"16028","Subject323","1","ecstaticecstatic","1","ecstatic","positionright","validityvalid","test","4","positive","singlestim","263","15704444","390","â€šÃ³Ã¨","77","dotpositionright","singlestim","264","15704888","m","right","correct","1","","1","trialend","singlestim","265","15705905"
"16325","Subject323","1","frameframe","1","frame","positionleft","validityinvalid","test","4","neutral","singlestim","267","15707910","313","â€šÃ³Ã¨","77","dotpositionright","singlestim","268","15708275","m","right","correct","1","","1","trialend","singlestim","269","15709291"
"16622","Subject323","1","alonealone","1","alone","positionleft","validityvalid","test","4","negative","singlestim","271","15711303","305","â€šÃ³Ã¨","67","dotpositionleft","singlestim","272","15711664","c","left","correct","1","","1","trialend","singlestim","273","15712680"
"16919","Subject323","1","engineengine","1","engine","positionleft","validityvalid","test","4","neutral","singlestim","275","15714686","345","â€šÃ³Ã¨","67","dotpositionleft","singlestim","276","15715086","c","left","correct","1","","1","trialend","singlestim","277","15716099"
"17216","Subject323","1","successsuccess","1","success","positionleft","validityvalid","test","4","positive","singlestim","279","15718108","253","â€šÃ³Ã¨","67","dotpositionleft","singlestim","280","15718417","c","left","correct","1","","1","trialend","singlestim","281","15719431"
"17513","Subject323","1","killingkilling","1","killing","positionleft","validityvalid","test","4","suicide","singlestim","283","15721439","287","â€šÃ³Ã¨","67","dotpositionleft","singlestim","284","15721782","c","left","correct","1","","1","trialend","singlestim","285","15722797"
"17810","Subject323","1","laughlaugh","1","laugh","positionright","validityvalid","test","4","positive","singlestim","287","15724808","336","â€šÃ³Ã¨","77","dotpositionright","singlestim","288","15725201","m","right","correct","1","","1","trialend","singlestim","289","15726216"
"18107","Subject323","1","deceaseddeceased","1","deceased","positionright","validityvalid","test","4","suicide","singlestim","291","15728224","295","â€šÃ³Ã¨","77","dotpositionright","singlestim","292","15728572","m","right","correct","1","","1","trialend","singlestim","293","15729586"
"18404","Subject323","1","structurestructure","1","structure","positionright","validityvalid","test","4","neutral","singlestim","295","15731596","381","â€šÃ³Ã¨","77","dotpositionright","singlestim","296","15732029","m","right","correct","1","","1","trialend","singlestim","297","15733043"
"18701","Subject323","1","stupidstupid","1","stupid","positionleft","validityvalid","test","4","negative","singlestim","299","15735057","346","â€šÃ³Ã¨","67","dotpositionleft","singlestim","300","15735458","c","left","correct","1","","1","trialend","singlestim","301","15736472"
"18998","Subject323","1","ashamedashamed","1","ashamed","positionright","validityinvalid","test","4","negative","singlestim","303","15738481","230","â€šÃ³Ã¨","77","dotpositionleft","singlestim","304","15738769","m","right","incorrect","1","","1","trialend","singlestim","305","15739782"
