"","SubjectID","rt","stimulus","keypress","word","wordposition","validity","block","blocknum","wordtype","trialtype","trialindex","timeelapsed","rt.1","stimulus.1","keypress.1","dotposition","trialtype.1","trialindex.1","timeelapsed.1","keypressed","participantresponse","correctresponse","rt.2","stimulus.2","keypress.2","blocktrial","trialtype.2","trialindex.2","timeelapsed.2"
"112","Subject117","1","ecstaticecstatic","1","ecstatic","positionright","validityvalid","test","4","positive","singlestim","51","111526","496","â€šÃ³Ã¨","77","dotpositionright","singlestim","52","112085","m","right","correct","1","","1","trialend","singlestim","53","113113"
"409","Subject117","1","successsuccess","1","success","positionleft","validityvalid","test","4","positive","singlestim","55","115121","309","â€šÃ³Ã¨","67","dotpositionleft","singlestim","56","115491","c","left","correct","1","","1","trialend","singlestim","57","116542"
"706","Subject117","1","frameframe","1","frame","positionleft","validityinvalid","test","4","neutral","singlestim","59","118524","397","â€šÃ³Ã¨","77","dotpositionright","singlestim","60","118975","m","right","correct","1","","1","trialend","singlestim","61","119997"
"1003","Subject117","1","ashamedashamed","1","ashamed","positionright","validityinvalid","test","4","negative","singlestim","63","122008","486","â€šÃ³Ã¨","67","dotpositionleft","singlestim","64","122558","c","left","correct","1","","1","trialend","singlestim","65","123574"
"1300","Subject117","1","doubledouble","1","double","positionright","validityvalid","test","4","neutral","singlestim","67","125586","327","â€šÃ³Ã¨","77","dotpositionright","singlestim","68","125978","m","right","correct","1","","1","trialend","singlestim","69","127008"
"1597","Subject117","1","alonealone","1","alone","positionleft","validityvalid","test","4","negative","singlestim","71","129014","334","â€šÃ³Ã¨","67","dotpositionleft","singlestim","72","129412","c","left","correct","1","","1","trialend","singlestim","73","130446"
"1894","Subject117","1","suicidesuicide","1","suicide","positionright","validityinvalid","test","4","suicide","singlestim","75","132437","366","â€šÃ³Ã¨","67","dotpositionleft","singlestim","76","132857","c","left","correct","1","","1","trialend","singlestim","77","133884"
"2191","Subject117","1","laughlaugh","1","laugh","positionright","validityvalid","test","4","positive","singlestim","79","135882","471","â€šÃ³Ã¨","77","dotpositionright","singlestim","80","136405","m","right","correct","1","","1","trialend","singlestim","81","137445"
"2488","Subject117","1","structurestructure","1","structure","positionright","validityvalid","test","4","neutral","singlestim","83","139438","485","â€šÃ³Ã¨","77","dotpositionright","singlestim","84","139980","m","right","correct","1","","1","trialend","singlestim","85","141017"
"2785","Subject117","1","stupidstupid","1","stupid","positionleft","validityvalid","test","4","negative","singlestim","87","143007","514","â€šÃ³Ã¨","67","dotpositionleft","singlestim","88","143572","c","left","correct","1","","1","trialend","singlestim","89","144592"
"3082","Subject117","1","passionatepassionate","1","passionate","positionleft","validityinvalid","test","4","positive","singlestim","91","146610","435","â€šÃ³Ã¨","77","dotpositionright","singlestim","92","147103","m","right","correct","1","","1","trialend","singlestim","93","148125"
"3379","Subject117","1","wohlesswohless","1","wohless","positionright","validityvalid","test","4","negative","singlestim","95","150136","530","â€šÃ³Ã¨","77","dotpositionright","singlestim","96","150726","m","right","correct","1","","1","trialend","singlestim","97","151762"
"3676","Subject117","872","deceaseddeceased","77","deceased","positionright","validityvalid","test","4","suicide","singlestim","99","153757","464","â€šÃ³Ã¨","77","dotpositionright","singlestim","100","154269","m","right","correct","1","","1","trialend","singlestim","101","155294"
"3973","Subject117","1","engineengine","1","engine","positionleft","validityvalid","test","4","neutral","singlestim","103","157298","636","â€šÃ³Ã¨","67","dotpositionleft","singlestim","104","157987","c","left","correct","1","","1","trialend","singlestim","105","159003"
"4270","Subject117","1","hanginghanging","1","hanging","positionleft","validityvalid","test","4","suicide","singlestim","107","161023","521","â€šÃ³Ã¨","67","dotpositionleft","singlestim","108","161599","c","left","correct","1","","1","trialend","singlestim","109","162614"
"4567","Subject117","1","killingkilling","1","killing","positionleft","validityvalid","test","4","suicide","singlestim","111","164633","499","â€šÃ³Ã¨","67","dotpositionleft","singlestim","112","165189","c","left","correct","1","","1","trialend","singlestim","113","166218"
"4864","Subject117","1","suffocationsuffocation","1","suffocation","positionleft","validityinvalid","test","1","suicide","singlestim","115","168221","535","â€šÃ³Ã¨","77","dotpositionright","singlestim","116","168818","m","right","correct","1","","1","trialend","singlestim","117","169846"
"5161","Subject117","1","statuestatue","1","statue","positionright","validityinvalid","test","1","neutral","singlestim","119","171860","555","â€šÃ³Ã¨","67","dotpositionleft","singlestim","120","172467","c","left","correct","1","","1","trialend","singlestim","121","173508"
"5458","Subject117","1","foldedfolded","1","folded","positionleft","validityvalid","test","1","neutral","singlestim","123","175487","534","â€šÃ³Ã¨","67","dotpositionleft","singlestim","124","176073","c","left","correct","1","","1","trialend","singlestim","125","177110"
"5755","Subject117","1","gunshotgunshot","1","gunshot","positionright","validityvalid","test","1","suicide","singlestim","127","179109","487","â€šÃ³Ã¨","77","dotpositionright","singlestim","128","179654","m","right","correct","1","","1","trialend","singlestim","129","180682"
"6052","Subject117","1","paradiseparadise","1","paradise","positionleft","validityvalid","test","1","positive","singlestim","131","182676","404","â€šÃ³Ã¨","67","dotpositionleft","singlestim","132","183134","c","left","correct","1","","1","trialend","singlestim","133","184162"
"6349","Subject117","1","cheesecheese","1","cheese","positionright","validityvalid","test","1","neutral","singlestim","135","186161","460","â€šÃ³Ã¨","77","dotpositionright","singlestim","136","186682","m","right","correct","1","","1","trialend","singlestim","137","187707"
"6646","Subject117","1","hatehate","1","hate","positionright","validityinvalid","test","1","negative","singlestim","139","189718","461","â€šÃ³Ã¨","67","dotpositionleft","singlestim","140","190228","c","left","correct","1","","1","trialend","singlestim","141","191263"
"6943","Subject117","1","patheticpathetic","1","pathetic","positionleft","validityvalid","test","1","negative","singlestim","143","193257","574","â€šÃ³Ã¨","67","dotpositionleft","singlestim","144","193886","c","left","correct","1","","1","trialend","singlestim","145","194913"
"7240","Subject117","1","bloodblood","1","blood","positionleft","validityvalid","test","1","suicide","singlestim","147","196921","434","â€šÃ³Ã¨","67","dotpositionleft","singlestim","148","197407","c","left","correct","1","","1","trialend","singlestim","149","198436"
"7537","Subject117","1","funeralfuneral","1","funeral","positionright","validityvalid","test","1","suicide","singlestim","151","200444","524","â€šÃ³Ã¨","77","dotpositionright","singlestim","152","201026","m","right","correct","1","","1","trialend","singlestim","153","202055"
"7834","Subject117","1","imageimage","1","image","positionleft","validityvalid","test","1","neutral","singlestim","155","204057","466","â€šÃ³Ã¨","67","dotpositionleft","singlestim","156","204578","c","left","correct","1","","1","trialend","singlestim","157","205616"
"8131","Subject117","1","healthyhealthy","1","healthy","positionleft","validityinvalid","test","1","positive","singlestim","159","207616","391","â€šÃ³Ã¨","77","dotpositionright","singlestim","160","208064","m","right","correct","1","","1","trialend","singlestim","161","209094"
"8428","Subject117","1","attractionattraction","1","attraction","positionright","validityvalid","test","1","positive","singlestim","163","211080","354","â€šÃ³Ã¨","77","dotpositionright","singlestim","164","211491","m","right","correct","1","","1","trialend","singlestim","165","212508"
"8725","Subject117","1","greatgreat","1","great","positionright","validityvalid","test","1","positive","singlestim","167","214522","673","â€šÃ³Ã¨","77","dotpositionright","singlestim","168","215252","m","right","correct","1","","1","trialend","singlestim","169","216274"
"9022","Subject117","1","vomitvomit","1","vomit","positionleft","validityvalid","test","1","negative","singlestim","171","218273","381","â€šÃ³Ã¨","67","dotpositionleft","singlestim","172","218705","c","left","correct","1","","1","trialend","singlestim","173","219738"
"9319","Subject117","1","cryingcrying","1","crying","positionright","validityvalid","test","1","negative","singlestim","175","221749","375","â€šÃ³Ã¨","77","dotpositionright","singlestim","176","222176","m","right","correct","1","","1","trialend","singlestim","177","223201"
"9616","Subject117","1","enthusiasmenthusiasm","1","enthusiasm","positionright","validityvalid","test","2","positive","singlestim","179","225213","385","â€šÃ³Ã¨","77","dotpositionright","singlestim","180","225648","m","right","correct","1","","1","trialend","singlestim","181","226678"
"9913","Subject117","1","pleasurepleasure","1","pleasure","positionleft","validityvalid","test","2","positive","singlestim","183","228691","548","â€šÃ³Ã¨","67","dotpositionleft","singlestim","184","229287","c","left","correct","1","","1","trialend","singlestim","185","230324"
"10210","Subject117","1","deathdeath","1","death","positionright","validityvalid","test","2","suicide","singlestim","187","232327","382","â€šÃ³Ã¨","77","dotpositionright","singlestim","188","232768","m","right","correct","1","","1","trialend","singlestim","189","233799"
"10507","Subject117","1","tabletable","1","table","positionright","validityvalid","test","2","neutral","singlestim","191","235796","381","â€šÃ³Ã¨","77","dotpositionright","singlestim","192","236228","m","right","correct","1","","1","trialend","singlestim","193","237280"
"10804","Subject117","1","corpsecorpse","1","corpse","positionleft","validityvalid","test","2","suicide","singlestim","195","239252","353","â€šÃ³Ã¨","67","dotpositionleft","singlestim","196","239662","c","left","correct","1","","1","trialend","singlestim","197","240684"
"11101","Subject117","1","noosenoose","1","noose","positionleft","validityvalid","test","2","suicide","singlestim","199","242682","383","â€šÃ³Ã¨","67","dotpositionleft","singlestim","200","243120","c","left","correct","1","","1","trialend","singlestim","201","244145"
"11398","Subject117","1","cruelcruel","1","cruel","positionright","validityvalid","test","2","negative","singlestim","203","246138","588","â€šÃ³Ã¨","77","dotpositionright","singlestim","204","246784","m","right","correct","1","","1","trialend","singlestim","205","247808"
"11695","Subject117","1","abuseabuse","1","abuse","positionright","validityvalid","test","2","negative","singlestim","207","249816","419","â€šÃ³Ã¨","77","dotpositionright","singlestim","208","250295","m","right","correct","1","","1","trialend","singlestim","209","251320"
"11992","Subject117","1","failurefailure","1","failure","positionleft","validityvalid","test","2","negative","singlestim","211","253318","494","â€šÃ³Ã¨","67","dotpositionleft","singlestim","212","253862","c","left","correct","1","","1","trialend","singlestim","213","254893"
"12289","Subject117","1","lovelove","1","love","positionright","validityinvalid","test","2","positive","singlestim","215","256895","445","â€šÃ³Ã¨","67","dotpositionleft","singlestim","216","257392","c","left","correct","1","","1","trialend","singlestim","217","258416"
"12586","Subject117","1","foamfoam","1","foam","positionright","validityvalid","test","2","neutral","singlestim","219","260425","366","â€šÃ³Ã¨","77","dotpositionright","singlestim","220","260842","m","right","correct","1","","1","trialend","singlestim","221","261864"
"12883","Subject117","1","horsehorse","1","horse","positionleft","validityinvalid","test","2","neutral","singlestim","223","263872","426","â€šÃ³Ã¨","77","dotpositionright","singlestim","224","264362","m","right","correct","1","","1","trialend","singlestim","225","265399"
"13180","Subject117","1","overdoseoverdose","1","overdose","positionright","validityinvalid","test","2","suicide","singlestim","227","267398","564","â€šÃ³Ã¨","67","dotpositionleft","singlestim","228","268011","c","left","correct","1","","1","trialend","singlestim","229","269048"
"13477","Subject117","1","filthyfilthy","1","filthy","positionleft","validityinvalid","test","2","negative","singlestim","231","271037","501","â€šÃ³Ã¨","77","dotpositionright","singlestim","232","271593","m","right","correct","1","","1","trialend","singlestim","233","272630"
"13774","Subject117","1","braverybravery","1","bravery","positionleft","validityvalid","test","2","positive","singlestim","235","274618","418","â€šÃ³Ã¨","67","dotpositionleft","singlestim","236","275087","c","left","correct","1","","1","trialend","singlestim","237","276122"
"14071","Subject117","1","paperpaper","1","paper","positionleft","validityvalid","test","2","neutral","singlestim","239","278125","329","â€šÃ³Ã¨","67","dotpositionleft","singlestim","240","278510","c","left","correct","1","","1","trialend","singlestim","241","279546"
"14368","Subject117","1","happyhappy","1","happy","positionright","validityvalid","test","3","positive","singlestim","243","281548","336","â€šÃ³Ã¨","77","dotpositionright","singlestim","244","281949","m","right","correct","1","","1","trialend","singlestim","245","282979"
"14665","Subject117","1","museummuseum","1","museum","positionleft","validityvalid","test","3","neutral","singlestim","247","284975","374","â€šÃ³Ã¨","67","dotpositionleft","singlestim","248","285411","c","left","correct","1","","1","trialend","singlestim","249","286438"
"14962","Subject117","1","closetcloset","1","closet","positionright","validityinvalid","test","3","neutral","singlestim","251","288450","391","â€šÃ³Ã¨","67","dotpositionleft","singlestim","252","288905","c","left","correct","1","","1","trialend","singlestim","253","289919"
"15259","Subject117","1","greengreen","1","green","positionright","validityvalid","test","3","neutral","singlestim","255","291923","429","â€šÃ³Ã¨","77","dotpositionright","singlestim","256","292407","m","right","correct","1","","1","trialend","singlestim","257","293434"
"15556","Subject117","1","cuttingcutting","1","cutting","positionright","validityvalid","test","3","suicide","singlestim","259","295439","532","â€šÃ³Ã¨","77","dotpositionright","singlestim","260","296035","m","right","correct","1","","1","trialend","singlestim","261","297066"
"15853","Subject117","1","deaddead","1","dead","positionleft","validityinvalid","test","3","suicide","singlestim","263","299059","388","â€šÃ³Ã¨","77","dotpositionright","singlestim","264","299502","m","right","correct","1","","1","trialend","singlestim","265","300546"
"16150","Subject117","1","touretoure","1","toure","positionleft","validityvalid","test","3","negative","singlestim","267","302547","409","â€šÃ³Ã¨","67","dotpositionleft","singlestim","268","303018","c","left","correct","1","","1","trialend","singlestim","269","304045"
"16447","Subject117","1","diedie","1","die","positionright","validityvalid","test","3","suicide","singlestim","271","306063","453","â€šÃ³Ã¨","77","dotpositionright","singlestim","272","306575","m","right","correct","1","","1","trialend","singlestim","273","307613"
"16744","Subject117","1","smilesmile","1","smile","positionleft","validityvalid","test","3","positive","singlestim","275","309609","385","â€šÃ³Ã¨","67","dotpositionleft","singlestim","276","310049","c","left","correct","1","","1","trialend","singlestim","277","311066"
"17041","Subject117","1","dyingdying","1","dying","positionleft","validityvalid","test","3","suicide","singlestim","279","313088","417","â€šÃ³Ã¨","67","dotpositionleft","singlestim","280","313561","c","left","correct","1","","1","trialend","singlestim","281","314595"
"17338","Subject117","1","assaultassault","1","assault","positionleft","validityinvalid","test","3","negative","singlestim","283","316589","530","â€šÃ³Ã¨","77","dotpositionright","singlestim","284","317186","m","right","correct","1","","1","trialend","singlestim","285","318213"
"17635","Subject117","1","strongstrong","1","strong","positionleft","validityvalid","test","3","positive","singlestim","287","320210","390","â€šÃ³Ã¨","67","dotpositionleft","singlestim","288","320654","c","left","correct","1","","1","trialend","singlestim","289","321678"
"17932","Subject117","1","rejectedrejected","1","rejected","positionright","validityvalid","test","3","negative","singlestim","291","323686","305","â€šÃ³Ã¨","77","dotpositionright","singlestim","292","324049","m","right","correct","1","","1","trialend","singlestim","293","325089"
"18229","Subject117","1","bombbomb","1","bomb","positionright","validityvalid","test","3","negative","singlestim","295","327076","342","â€šÃ³Ã¨","77","dotpositionright","singlestim","296","327482","m","right","correct","1","","1","trialend","singlestim","297","328508"
"18526","Subject117","1","kisskiss","1","kiss","positionright","validityinvalid","test","3","positive","singlestim","299","330524","436","â€šÃ³Ã¨","67","dotpositionleft","singlestim","300","331019","c","left","correct","1","","1","trialend","singlestim","301","332039"
"18823","Subject117","1","metermeter","1","meter","positionleft","validityvalid","test","3","neutral","singlestim","303","334042","401","â€šÃ³Ã¨","67","dotpositionleft","singlestim","304","334495","c","left","correct","1","","1","trialend","singlestim","305","335542"
