"","SubjectID","rt","stimulus","keypress","word","wordposition","validity","block","blocknum","wordtype","trialtype","trialindex","timeelapsed","rt.1","stimulus.1","keypress.1","dotposition","trialtype.1","trialindex.1","timeelapsed.1","keypressed","participantresponse","correctresponse","rt.2","stimulus.2","keypress.2","blocktrial","trialtype.2","trialindex.2","timeelapsed.2"
"100","Subject105","1","lovelove","1","love","positionright","validityinvalid","test","2","positive","singlestim","51","125680","408","â€šÃ³Ã¨","67","dotpositionleft","singlestim","52","126140","c","left","correct","1","","1","trialend","singlestim","53","127162"
"397","Subject105","1","pleasurepleasure","1","pleasure","positionleft","validityvalid","test","2","positive","singlestim","55","129175","308","â€šÃ³Ã¨","67","dotpositionleft","singlestim","56","129536","c","left","correct","1","","1","trialend","singlestim","57","130553"
"694","Subject105","1","paperpaper","1","paper","positionleft","validityvalid","test","2","neutral","singlestim","59","132588","322","â€šÃ³Ã¨","67","dotpositionleft","singlestim","60","132962","c","left","correct","1","","1","trialend","singlestim","61","133977"
"991","Subject105","1","noosenoose","1","noose","positionleft","validityvalid","test","2","suicide","singlestim","63","135989","279","â€šÃ³Ã¨","67","dotpositionleft","singlestim","64","136320","c","left","correct","1","","1","trialend","singlestim","65","137345"
"1288","Subject105","1","deathdeath","1","death","positionright","validityvalid","test","2","suicide","singlestim","67","139366","265","â€šÃ³Ã¨","77","dotpositionright","singlestim","68","139686","m","right","correct","1","","1","trialend","singlestim","69","140709"
"1585","Subject105","1","cruelcruel","1","cruel","positionright","validityvalid","test","2","negative","singlestim","71","142724","291","â€šÃ³Ã¨","77","dotpositionright","singlestim","72","143068","m","right","correct","1","","1","trialend","singlestim","73","144086"
"1882","Subject105","1","braverybravery","1","bravery","positionleft","validityvalid","test","2","positive","singlestim","75","146101","366","â€šÃ³Ã¨","67","dotpositionleft","singlestim","76","146519","c","left","correct","1","","1","trialend","singlestim","77","147537"
"2179","Subject105","1","failurefailure","1","failure","positionleft","validityvalid","test","2","negative","singlestim","79","149548","419","â€šÃ³Ã¨","67","dotpositionleft","singlestim","80","150020","c","left","correct","1","","1","trialend","singlestim","81","151038"
"2476","Subject105","1","foamfoam","1","foam","positionright","validityvalid","test","2","neutral","singlestim","83","153074","325","â€šÃ³Ã¨","77","dotpositionright","singlestim","84","153452","m","right","correct","1","","1","trialend","singlestim","85","154476"
"2773","Subject105","1","filthyfilthy","1","filthy","positionleft","validityinvalid","test","2","negative","singlestim","87","156503","431","â€šÃ³Ã¨","77","dotpositionright","singlestim","88","156986","m","right","correct","1","","1","trialend","singlestim","89","158003"
"3070","Subject105","1","horsehorse","1","horse","positionleft","validityinvalid","test","2","neutral","singlestim","91","160015","340","â€šÃ³Ã¨","77","dotpositionright","singlestim","92","160408","m","right","correct","1","","1","trialend","singlestim","93","161423"
"3367","Subject105","1","overdoseoverdose","1","overdose","positionright","validityinvalid","test","2","suicide","singlestim","95","163457","387","â€šÃ³Ã¨","67","dotpositionleft","singlestim","96","163896","c","left","correct","1","","1","trialend","singlestim","97","164910"
"3664","Subject105","1","corpsecorpse","1","corpse","positionleft","validityvalid","test","2","suicide","singlestim","99","166930","400","â€šÃ³Ã¨","67","dotpositionleft","singlestim","100","167382","c","left","correct","1","","1","trialend","singlestim","101","168401"
"3961","Subject105","1","enthusiasmenthusiasm","1","enthusiasm","positionright","validityvalid","test","2","positive","singlestim","103","170415","347","â€šÃ³Ã¨","77","dotpositionright","singlestim","104","170817","m","right","correct","1","","1","trialend","singlestim","105","171829"
"4258","Subject105","1","abuseabuse","1","abuse","positionright","validityvalid","test","2","negative","singlestim","107","173850","364","â€šÃ³Ã¨","77","dotpositionright","singlestim","108","174268","m","right","correct","1","","1","trialend","singlestim","109","175283"
"4555","Subject105","1","tabletable","1","table","positionright","validityvalid","test","2","neutral","singlestim","111","177304","368","â€šÃ³Ã¨","77","dotpositionright","singlestim","112","177725","m","right","correct","1","","1","trialend","singlestim","113","178742"
"4852","Subject105","1","attractionattraction","1","attraction","positionright","validityvalid","test","1","positive","singlestim","115","180757","295","â€šÃ³Ã¨","77","dotpositionright","singlestim","116","181104","m","right","correct","1","","1","trialend","singlestim","117","182119"
"5149","Subject105","1","healthyhealthy","1","healthy","positionleft","validityinvalid","test","1","positive","singlestim","119","184151","338","â€šÃ³Ã¨","77","dotpositionright","singlestim","120","184540","m","right","correct","1","","1","trialend","singlestim","121","185559"
"5446","Subject105","1","suffocationsuffocation","1","suffocation","positionleft","validityinvalid","test","1","suicide","singlestim","123","187581","478","â€šÃ³Ã¨","77","dotpositionright","singlestim","124","188111","m","right","correct","1","","1","trialend","singlestim","125","189129"
"5743","Subject105","1","cryingcrying","1","crying","positionright","validityvalid","test","1","negative","singlestim","127","191155","377","â€šÃ³Ã¨","77","dotpositionright","singlestim","128","191586","m","right","correct","1","","1","trialend","singlestim","129","192610"
"6040","Subject105","1","funeralfuneral","1","funeral","positionright","validityvalid","test","1","suicide","singlestim","131","194644","295","â€šÃ³Ã¨","77","dotpositionright","singlestim","132","194990","m","right","correct","1","","1","trialend","singlestim","133","196015"
"6337","Subject105","1","imageimage","1","image","positionleft","validityvalid","test","1","neutral","singlestim","135","198035","312","â€šÃ³Ã¨","67","dotpositionleft","singlestim","136","198399","c","left","correct","1","","1","trialend","singlestim","137","199426"
"6634","Subject105","1","paradiseparadise","1","paradise","positionleft","validityvalid","test","1","positive","singlestim","139","201444","285","â€šÃ³Ã¨","67","dotpositionleft","singlestim","140","201782","c","left","correct","1","","1","trialend","singlestim","141","202802"
"6931","Subject105","1","patheticpathetic","1","pathetic","positionleft","validityvalid","test","1","negative","singlestim","143","204837","242","â€šÃ³Ã¨","67","dotpositionleft","singlestim","144","205133","c","left","correct","1","","1","trialend","singlestim","145","206158"
"7228","Subject105","1","bloodblood","1","blood","positionleft","validityvalid","test","1","suicide","singlestim","147","208176","259","â€šÃ³Ã¨","67","dotpositionleft","singlestim","148","208488","c","left","correct","1","","1","trialend","singlestim","149","209515"
"7525","Subject105","1","hatehate","1","hate","positionright","validityinvalid","test","1","negative","singlestim","151","211537","378","â€šÃ³Ã¨","67","dotpositionleft","singlestim","152","211967","c","left","correct","1","","1","trialend","singlestim","153","212980"
"7822","Subject105","1","greatgreat","1","great","positionright","validityvalid","test","1","positive","singlestim","155","214988","380","â€šÃ³Ã¨","77","dotpositionright","singlestim","156","215420","m","right","correct","1","","1","trialend","singlestim","157","216446"
"8119","Subject105","1","gunshotgunshot","1","gunshot","positionright","validityvalid","test","1","suicide","singlestim","159","218479","318","â€šÃ³Ã¨","77","dotpositionright","singlestim","160","218847","m","right","correct","1","","1","trialend","singlestim","161","219866"
"8416","Subject105","480","foldedfolded","67","folded","positionleft","validityvalid","test","1","neutral","singlestim","163","221894","392","â€šÃ³Ã¨","67","dotpositionleft","singlestim","164","222338","c","left","correct","1","","1","trialend","singlestim","165","223361"
"8713","Subject105","1","statuestatue","1","statue","positionright","validityinvalid","test","1","neutral","singlestim","167","225381","340","â€šÃ³Ã¨","67","dotpositionleft","singlestim","168","225773","c","left","correct","1","","1","trialend","singlestim","169","226789"
"9010","Subject105","1","vomitvomit","1","vomit","positionleft","validityvalid","test","1","negative","singlestim","171","228808","338","â€šÃ³Ã¨","67","dotpositionleft","singlestim","172","229199","c","left","correct","1","","1","trialend","singlestim","173","230212"
"9307","Subject105","1","cheesecheese","1","cheese","positionright","validityvalid","test","1","neutral","singlestim","175","232228","515","â€šÃ³Ã¨","77","dotpositionright","singlestim","176","232796","m","right","correct","1","","1","trialend","singlestim","177","233823"
"9604","Subject105","1","ecstaticecstatic","1","ecstatic","positionright","validityvalid","test","4","positive","singlestim","179","235848","549","â€šÃ³Ã¨","77","dotpositionright","singlestim","180","236451","m","right","correct","1","","1","trialend","singlestim","181","237475"
"9901","Subject105","1","doubledouble","1","double","positionright","validityvalid","test","4","neutral","singlestim","183","239508","384","â€šÃ³Ã¨","77","dotpositionright","singlestim","184","239944","m","right","correct","1","","1","trialend","singlestim","185","240962"
"10198","Subject105","1","passionatepassionate","1","passionate","positionleft","validityinvalid","test","4","positive","singlestim","187","242994","360","â€šÃ³Ã¨","77","dotpositionright","singlestim","188","243407","m","right","correct","1","","1","trialend","singlestim","189","244433"
"10495","Subject105","1","ashamedashamed","1","ashamed","positionright","validityinvalid","test","4","negative","singlestim","191","246467","320","â€šÃ³Ã¨","67","dotpositionleft","singlestim","192","246840","c","left","correct","1","","1","trialend","singlestim","193","247858"
"10792","Subject105","1","engineengine","1","engine","positionleft","validityvalid","test","4","neutral","singlestim","195","249891","387","â€šÃ³Ã¨","67","dotpositionleft","singlestim","196","250331","c","left","correct","1","","1","trialend","singlestim","197","251345"
"11089","Subject105","1","structurestructure","1","structure","positionright","validityvalid","test","4","neutral","singlestim","199","253379","435","â€šÃ³Ã¨","77","dotpositionright","singlestim","200","253869","m","right","correct","1","","1","trialend","singlestim","201","254895"
"11386","Subject105","1","suicidesuicide","1","suicide","positionright","validityinvalid","test","4","suicide","singlestim","203","256927","364","â€šÃ³Ã¨","67","dotpositionleft","singlestim","204","257344","c","left","correct","1","","1","trialend","singlestim","205","258366"
"11683","Subject105","1","hanginghanging","1","hanging","positionleft","validityvalid","test","4","suicide","singlestim","207","260399","366","â€šÃ³Ã¨","67","dotpositionleft","singlestim","208","260819","c","left","correct","1","","1","trialend","singlestim","209","261837"
"11980","Subject105","1","wohlesswohless","1","wohless","positionright","validityvalid","test","4","negative","singlestim","211","263869","390","â€šÃ³Ã¨","77","dotpositionright","singlestim","212","264313","m","right","correct","1","","1","trialend","singlestim","213","265339"
"12277","Subject105","1","frameframe","1","frame","positionleft","validityinvalid","test","4","neutral","singlestim","215","267372","395","â€šÃ³Ã¨","77","dotpositionright","singlestim","216","267820","m","right","correct","1","","1","trialend","singlestim","217","268842"
"12574","Subject105","1","alonealone","1","alone","positionleft","validityvalid","test","4","negative","singlestim","219","270875","472","â€šÃ³Ã¨","67","dotpositionleft","singlestim","220","271400","c","left","correct","1","","1","trialend","singlestim","221","272423"
"12871","Subject105","1","stupidstupid","1","stupid","positionleft","validityvalid","test","4","negative","singlestim","223","274457","373","â€šÃ³Ã¨","67","dotpositionleft","singlestim","224","274882","c","left","correct","1","","1","trialend","singlestim","225","275911"
"13168","Subject105","1","killingkilling","1","killing","positionleft","validityvalid","test","4","suicide","singlestim","227","277943","328","â€šÃ³Ã¨","67","dotpositionleft","singlestim","228","278322","c","left","correct","1","","1","trialend","singlestim","229","279335"
"13465","Subject105","1","successsuccess","1","success","positionleft","validityvalid","test","4","positive","singlestim","231","281358","379","â€šÃ³Ã¨","67","dotpositionleft","singlestim","232","281790","c","left","correct","1","","1","trialend","singlestim","233","282813"
"13762","Subject105","1","deceaseddeceased","1","deceased","positionright","validityvalid","test","4","suicide","singlestim","235","284837","351","â€šÃ³Ã¨","77","dotpositionright","singlestim","236","285241","m","right","correct","1","","1","trialend","singlestim","237","286255"
"14059","Subject105","1","laughlaugh","1","laugh","positionright","validityvalid","test","4","positive","singlestim","239","288262","312","â€šÃ³Ã¨","77","dotpositionright","singlestim","240","288627","m","right","correct","1","","1","trialend","singlestim","241","289641"
"14356","Subject105","1","kisskiss","1","kiss","positionright","validityinvalid","test","3","positive","singlestim","243","291660","314","â€šÃ³Ã¨","67","dotpositionleft","singlestim","244","292026","c","left","correct","1","","1","trialend","singlestim","245","293054"
"14653","Subject105","1","dyingdying","1","dying","positionleft","validityvalid","test","3","suicide","singlestim","247","295083","416","â€šÃ³Ã¨","67","dotpositionleft","singlestim","248","295550","c","left","correct","1","","1","trialend","singlestim","249","296568"
"14950","Subject105","1","deaddead","1","dead","positionleft","validityinvalid","test","3","suicide","singlestim","251","298594","418","â€šÃ³Ã¨","77","dotpositionright","singlestim","252","299064","m","right","correct","1","","1","trialend","singlestim","253","300078"
"15247","Subject105","1","assaultassault","1","assault","positionleft","validityinvalid","test","3","negative","singlestim","255","302090","335","â€šÃ³Ã¨","77","dotpositionright","singlestim","256","302477","m","right","correct","1","","1","trialend","singlestim","257","303500"
"15544","Subject105","1","strongstrong","1","strong","positionleft","validityvalid","test","3","positive","singlestim","259","305520","318","â€šÃ³Ã¨","67","dotpositionleft","singlestim","260","305891","c","left","correct","1","","1","trialend","singlestim","261","306911"
"15841","Subject105","1","cuttingcutting","1","cutting","positionright","validityvalid","test","3","suicide","singlestim","263","308944","359","â€šÃ³Ã¨","77","dotpositionright","singlestim","264","309356","m","right","correct","1","","1","trialend","singlestim","265","310368"
"16138","Subject105","1","closetcloset","1","closet","positionright","validityinvalid","test","3","neutral","singlestim","267","312377","343","â€šÃ³Ã¨","67","dotpositionleft","singlestim","268","312772","c","left","correct","1","","1","trialend","singlestim","269","313785"
"16435","Subject105","1","smilesmile","1","smile","positionleft","validityvalid","test","3","positive","singlestim","271","315819","324","â€šÃ³Ã¨","67","dotpositionleft","singlestim","272","316196","c","left","correct","1","","1","trialend","singlestim","273","317209"
"16732","Subject105","1","museummuseum","1","museum","positionleft","validityvalid","test","3","neutral","singlestim","275","319214","347","â€šÃ³Ã¨","67","dotpositionleft","singlestim","276","319613","c","left","correct","1","","1","trialend","singlestim","277","320633"
"17029","Subject105","384","greengreen","77","green","positionright","validityvalid","test","3","neutral","singlestim","279","322643","387","â€šÃ³Ã¨","77","dotpositionright","singlestim","280","323084","m","right","correct","1","","1","trialend","singlestim","281","324099"
"17326","Subject105","1","bombbomb","1","bomb","positionright","validityvalid","test","3","negative","singlestim","283","326134","442","â€šÃ³Ã¨","77","dotpositionright","singlestim","284","326628","m","right","correct","1","","1","trialend","singlestim","285","327650"
"17623","Subject105","1","touretoure","1","toure","positionleft","validityvalid","test","3","negative","singlestim","287","329677","314","â€šÃ³Ã¨","67","dotpositionleft","singlestim","288","330044","c","left","correct","1","","1","trialend","singlestim","289","331063"
"17920","Subject105","1","diedie","1","die","positionright","validityvalid","test","3","suicide","singlestim","291","333078","325","â€šÃ³Ã¨","77","dotpositionright","singlestim","292","333455","m","right","correct","1","","1","trialend","singlestim","293","334467"
"18217","Subject105","1","rejectedrejected","1","rejected","positionright","validityvalid","test","3","negative","singlestim","295","336473","317","â€šÃ³Ã¨","77","dotpositionright","singlestim","296","336842","m","right","correct","1","","1","trialend","singlestim","297","337859"
"18514","Subject105","1","happyhappy","1","happy","positionright","validityvalid","test","3","positive","singlestim","299","339879","525","â€šÃ³Ã¨","77","dotpositionright","singlestim","300","340457","m","right","correct","1","","1","trialend","singlestim","301","341470"
"18811","Subject105","1","metermeter","1","meter","positionleft","validityvalid","test","3","neutral","singlestim","303","343488","299","â€šÃ³Ã¨","67","dotpositionleft","singlestim","304","343840","c","left","correct","1","","1","trialend","singlestim","305","344865"
