"","SubjectID","rt","stimulus","keypress","word","wordposition","validity","block","blocknum","wordtype","trialtype","trialindex","timeelapsed","rt.1","stimulus.1","keypress.1","dotposition","trialtype.1","trialindex.1","timeelapsed.1","keypressed","participantresponse","correctresponse","rt.2","stimulus.2","keypress.2","blocktrial","trialtype.2","trialindex.2","timeelapsed.2"
"153","Subject181","1","happyhappy","1","happy","positionright","validityvalid","test","3","positive","singlestim","51","67751","445","â€šÃ³Ã¨","77","dotpositionright","singlestim","52","68250","m","right","correct","1","","1","trialend","singlestim","53","69263"
"450","Subject181","1","diedie","1","die","positionright","validityvalid","test","3","suicide","singlestim","55","71271","341","â€šÃ³Ã¨","77","dotpositionright","singlestim","56","71665","m","right","correct","1","","1","trialend","singlestim","57","72679"
"747","Subject181","1","bombbomb","1","bomb","positionright","validityvalid","test","3","negative","singlestim","59","74685","369","â€šÃ³Ã¨","77","dotpositionright","singlestim","60","75109","m","right","correct","1","","1","trialend","singlestim","61","76123"
"1044","Subject181","1","touretoure","1","toure","positionleft","validityvalid","test","3","negative","singlestim","63","78130","415","â€šÃ³Ã¨","67","dotpositionleft","singlestim","64","78597","c","left","correct","1","","1","trialend","singlestim","65","79611"
"1341","Subject181","1","strongstrong","1","strong","positionleft","validityvalid","test","3","positive","singlestim","67","81616","320","â€šÃ³Ã¨","67","dotpositionleft","singlestim","68","81988","c","left","correct","1","","1","trialend","singlestim","69","83001"
"1638","Subject181","1","museummuseum","1","museum","positionleft","validityvalid","test","3","neutral","singlestim","71","85007","359","â€šÃ³Ã¨","67","dotpositionleft","singlestim","72","85418","c","left","correct","1","","1","trialend","singlestim","73","86432"
"1935","Subject181","1","closetcloset","1","closet","positionright","validityinvalid","test","3","neutral","singlestim","75","88438","394","â€šÃ³Ã¨","67","dotpositionleft","singlestim","76","88885","c","left","correct","1","","1","trialend","singlestim","77","89897"
"2232","Subject181","1","metermeter","1","meter","positionleft","validityvalid","test","3","neutral","singlestim","79","91905","440","â€šÃ³Ã¨","67","dotpositionleft","singlestim","80","92399","c","left","correct","1","","1","trialend","singlestim","81","93414"
"2529","Subject181","1","dyingdying","1","dying","positionleft","validityvalid","test","3","suicide","singlestim","83","95421","465","â€šÃ³Ã¨","67","dotpositionleft","singlestim","84","95941","c","left","correct","1","","1","trialend","singlestim","85","96955"
"2826","Subject181","1","smilesmile","1","smile","positionleft","validityvalid","test","3","positive","singlestim","87","98962","336","â€šÃ³Ã¨","67","dotpositionleft","singlestim","88","99351","c","left","correct","1","","1","trialend","singlestim","89","100365"
"3123","Subject181","1","rejectedrejected","1","rejected","positionright","validityvalid","test","3","negative","singlestim","91","102372","376","â€šÃ³Ã¨","77","dotpositionright","singlestim","92","102800","m","right","correct","1","","1","trialend","singlestim","93","103814"
"3420","Subject181","1","assaultassault","1","assault","positionleft","validityinvalid","test","3","negative","singlestim","95","105819","443","â€šÃ³Ã¨","77","dotpositionright","singlestim","96","106315","m","right","correct","1","","1","trialend","singlestim","97","107331"
"3717","Subject181","1","greengreen","1","green","positionright","validityvalid","test","3","neutral","singlestim","99","109338","388","â€šÃ³Ã¨","77","dotpositionright","singlestim","100","109779","m","right","correct","1","","1","trialend","singlestim","101","110793"
"4014","Subject181","1","cuttingcutting","1","cutting","positionright","validityvalid","test","3","suicide","singlestim","103","112798","490","â€šÃ³Ã¨","77","dotpositionright","singlestim","104","113342","m","right","correct","1","","1","trialend","singlestim","105","114357"
"4311","Subject181","1","deaddead","1","dead","positionleft","validityinvalid","test","3","suicide","singlestim","107","116362","488","â€šÃ³Ã¨","77","dotpositionright","singlestim","108","116905","m","right","correct","1","","1","trialend","singlestim","109","117919"
"4608","Subject181","1","kisskiss","1","kiss","positionright","validityinvalid","test","3","positive","singlestim","111","119926","453","â€šÃ³Ã¨","67","dotpositionleft","singlestim","112","120433","c","left","correct","1","","1","trialend","singlestim","113","121447"
"4905","Subject181","1","suffocationsuffocation","1","suffocation","positionleft","validityinvalid","test","1","suicide","singlestim","115","123458","362","â€šÃ³Ã¨","77","dotpositionright","singlestim","116","123872","m","right","correct","1","","1","trialend","singlestim","117","124886"
"5202","Subject181","1","attractionattraction","1","attraction","positionright","validityvalid","test","1","positive","singlestim","119","126892","550","â€šÃ³Ã¨","77","dotpositionright","singlestim","120","127495","m","right","correct","1","","1","trialend","singlestim","121","128510"
"5499","Subject181","1","funeralfuneral","1","funeral","positionright","validityvalid","test","1","suicide","singlestim","123","130516","397","â€šÃ³Ã¨","77","dotpositionright","singlestim","124","130967","m","right","correct","1","","1","trialend","singlestim","125","131980"
"5796","Subject181","1","patheticpathetic","1","pathetic","positionleft","validityvalid","test","1","negative","singlestim","127","133987","575","â€šÃ³Ã¨","67","dotpositionleft","singlestim","128","134615","c","left","correct","1","","1","trialend","singlestim","129","135627"
"6093","Subject181","1","paradiseparadise","1","paradise","positionleft","validityvalid","test","1","positive","singlestim","131","137633","441","â€šÃ³Ã¨","67","dotpositionleft","singlestim","132","138129","c","left","correct","1","","1","trialend","singlestim","133","139143"
"6390","Subject181","1","statuestatue","1","statue","positionright","validityinvalid","test","1","neutral","singlestim","135","141148","759","â€šÃ³Ã¨","67","dotpositionleft","singlestim","136","141961","c","left","correct","1","","1","trialend","singlestim","137","142976"
"6687","Subject181","1","greatgreat","1","great","positionright","validityvalid","test","1","positive","singlestim","139","144981","605","â€šÃ³Ã¨","77","dotpositionright","singlestim","140","145640","m","right","correct","1","","1","trialend","singlestim","141","146653"
"6984","Subject181","1","gunshotgunshot","1","gunshot","positionright","validityvalid","test","1","suicide","singlestim","143","148658","492","â€šÃ³Ã¨","77","dotpositionright","singlestim","144","149204","m","right","correct","1","","1","trialend","singlestim","145","150217"
"7281","Subject181","1","vomitvomit","1","vomit","positionleft","validityvalid","test","1","negative","singlestim","147","152223","348","â€šÃ³Ã¨","67","dotpositionleft","singlestim","148","152625","c","left","correct","1","","1","trialend","singlestim","149","153638"
"7578","Subject181","1","healthyhealthy","1","healthy","positionleft","validityinvalid","test","1","positive","singlestim","151","155643","462","â€šÃ³Ã¨","77","dotpositionright","singlestim","152","156158","m","right","correct","1","","1","trialend","singlestim","153","157171"
"7875","Subject181","1","foldedfolded","1","folded","positionleft","validityvalid","test","1","neutral","singlestim","155","159177","359","â€šÃ³Ã¨","67","dotpositionleft","singlestim","156","159589","c","left","correct","1","","1","trialend","singlestim","157","160604"
"8172","Subject181","1","hatehate","1","hate","positionright","validityinvalid","test","1","negative","singlestim","159","162611","424","â€šÃ³Ã¨","67","dotpositionleft","singlestim","160","163087","c","left","correct","1","","1","trialend","singlestim","161","164104"
"8469","Subject181","1","bloodblood","1","blood","positionleft","validityvalid","test","1","suicide","singlestim","163","166109","861","â€šÃ³Ã¨","67","dotpositionleft","singlestim","164","167023","c","left","correct","1","","1","trialend","singlestim","165","168038"
"8766","Subject181","1","cryingcrying","1","crying","positionright","validityvalid","test","1","negative","singlestim","167","170043","353","â€šÃ³Ã¨","77","dotpositionright","singlestim","168","170450","m","right","correct","1","","1","trialend","singlestim","169","171465"
"9063","Subject181","1","cheesecheese","1","cheese","positionright","validityvalid","test","1","neutral","singlestim","171","173471","455","â€šÃ³Ã¨","77","dotpositionright","singlestim","172","173980","m","right","correct","1","","1","trialend","singlestim","173","174994"
"9360","Subject181","1","imageimage","1","image","positionleft","validityvalid","test","1","neutral","singlestim","175","177001","578","â€šÃ³Ã¨","67","dotpositionleft","singlestim","176","177632","c","left","correct","1","","1","trialend","singlestim","177","178645"
"9657","Subject181","1","tabletable","1","table","positionright","validityvalid","test","2","neutral","singlestim","179","180652","368","â€šÃ³Ã¨","77","dotpositionright","singlestim","180","181072","m","right","correct","1","","1","trialend","singlestim","181","182087"
"9954","Subject181","1","pleasurepleasure","1","pleasure","positionleft","validityvalid","test","2","positive","singlestim","183","184096","402","â€šÃ³Ã¨","67","dotpositionleft","singlestim","184","184549","c","left","correct","1","","1","trialend","singlestim","185","185562"
"10251","Subject181","1","failurefailure","1","failure","positionleft","validityvalid","test","2","negative","singlestim","187","187569","632","â€šÃ³Ã¨","67","dotpositionleft","singlestim","188","188254","c","left","correct","1","","1","trialend","singlestim","189","189268"
"10548","Subject181","1","noosenoose","1","noose","positionleft","validityvalid","test","2","suicide","singlestim","191","191273","1406","â€šÃ³Ã¨","67","dotpositionleft","singlestim","192","192734","c","left","correct","1","","1","trialend","singlestim","193","193749"
"10845","Subject181","1","overdoseoverdose","1","overdose","positionright","validityinvalid","test","2","suicide","singlestim","195","195754","476","â€šÃ³Ã¨","67","dotpositionleft","singlestim","196","196283","c","left","correct","1","","1","trialend","singlestim","197","197297"
"11142","Subject181","371","foamfoam","77","foam","positionright","validityvalid","test","2","neutral","singlestim","199","199303","378","â€šÃ³Ã¨","77","dotpositionright","singlestim","200","199732","m","right","correct","1","","1","trialend","singlestim","201","200746"
"11439","Subject181","1","corpsecorpse","1","corpse","positionleft","validityvalid","test","2","suicide","singlestim","203","202753","341","â€šÃ³Ã¨","67","dotpositionleft","singlestim","204","203148","c","left","correct","1","","1","trialend","singlestim","205","204161"
"11736","Subject181","1","cruelcruel","1","cruel","positionright","validityvalid","test","2","negative","singlestim","207","206167","883","â€šÃ³Ã¨","77","dotpositionright","singlestim","208","207102","m","right","correct","1","","1","trialend","singlestim","209","208117"
"12033","Subject181","1","abuseabuse","1","abuse","positionright","validityvalid","test","2","negative","singlestim","211","210124","507","â€šÃ³Ã¨","77","dotpositionright","singlestim","212","210683","m","right","correct","1","","1","trialend","singlestim","213","211697"
"12330","Subject181","1","enthusiasmenthusiasm","1","enthusiasm","positionright","validityvalid","test","2","positive","singlestim","215","213704","432","â€šÃ³Ã¨","77","dotpositionright","singlestim","216","214190","m","right","correct","1","","1","trialend","singlestim","217","215203"
"12627","Subject181","1","braverybravery","1","bravery","positionleft","validityvalid","test","2","positive","singlestim","219","217211","371","â€šÃ³Ã¨","67","dotpositionleft","singlestim","220","217636","c","left","correct","1","","1","trialend","singlestim","221","218651"
"12924","Subject181","1","horsehorse","1","horse","positionleft","validityinvalid","test","2","neutral","singlestim","223","220657","1704","â€šÃ³Ã¨","77","dotpositionright","singlestim","224","222414","m","right","correct","1","","1","trialend","singlestim","225","223427"
"13221","Subject181","1","deathdeath","1","death","positionright","validityvalid","test","2","suicide","singlestim","227","225434","402","â€šÃ³Ã¨","77","dotpositionright","singlestim","228","225890","m","right","correct","1","","1","trialend","singlestim","229","226904"
"13518","Subject181","1","lovelove","1","love","positionright","validityinvalid","test","2","positive","singlestim","231","228910","1048","â€šÃ³Ã¨","67","dotpositionleft","singlestim","232","230010","c","left","correct","1","","1","trialend","singlestim","233","231026"
"13815","Subject181","1","filthyfilthy","1","filthy","positionleft","validityinvalid","test","2","negative","singlestim","235","233033","437","â€šÃ³Ã¨","77","dotpositionright","singlestim","236","233522","m","right","correct","1","","1","trialend","singlestim","237","234535"
"14112","Subject181","1","paperpaper","1","paper","positionleft","validityvalid","test","2","neutral","singlestim","239","236541","343","â€šÃ³Ã¨","67","dotpositionleft","singlestim","240","236938","c","left","correct","1","","1","trialend","singlestim","241","237953"
"14409","Subject181","1","engineengine","1","engine","positionleft","validityvalid","test","4","neutral","singlestim","243","239958","647","â€šÃ³Ã¨","67","dotpositionleft","singlestim","244","240658","c","left","correct","1","","1","trialend","singlestim","245","241671"
"14706","Subject181","1","ecstaticecstatic","1","ecstatic","positionright","validityvalid","test","4","positive","singlestim","247","243678","342","â€šÃ³Ã¨","77","dotpositionright","singlestim","248","244073","m","right","correct","1","","1","trialend","singlestim","249","245087"
"15003","Subject181","1","laughlaugh","1","laugh","positionright","validityvalid","test","4","positive","singlestim","251","247092","506","â€šÃ³Ã¨","77","dotpositionright","singlestim","252","247649","m","right","correct","1","","1","trialend","singlestim","253","248662"
"15300","Subject181","1","successsuccess","1","success","positionleft","validityvalid","test","4","positive","singlestim","255","250669","577","â€šÃ³Ã¨","67","dotpositionleft","singlestim","256","251298","c","left","correct","1","","1","trialend","singlestim","257","252312"
"15597","Subject181","1","suicidesuicide","1","suicide","positionright","validityinvalid","test","4","suicide","singlestim","259","254318","482","â€šÃ³Ã¨","67","dotpositionleft","singlestim","260","254852","c","left","correct","1","","1","trialend","singlestim","261","255866"
"15894","Subject181","1","hanginghanging","1","hanging","positionleft","validityvalid","test","4","suicide","singlestim","263","257874","348","â€šÃ³Ã¨","67","dotpositionleft","singlestim","264","258275","c","left","correct","1","","1","trialend","singlestim","265","259291"
"16191","Subject181","1","ashamedashamed","1","ashamed","positionright","validityinvalid","test","4","negative","singlestim","267","261297","459","â€šÃ³Ã¨","67","dotpositionleft","singlestim","268","261809","c","left","correct","1","","1","trialend","singlestim","269","262824"
"16488","Subject181","1","passionatepassionate","1","passionate","positionleft","validityinvalid","test","4","positive","singlestim","271","264830","351","â€šÃ³Ã¨","77","dotpositionright","singlestim","272","265233","m","right","correct","1","","1","trialend","singlestim","273","266248"
"16785","Subject181","1","killingkilling","1","killing","positionleft","validityvalid","test","4","suicide","singlestim","275","268254","463","â€šÃ³Ã¨","67","dotpositionleft","singlestim","276","268771","c","left","correct","1","","1","trialend","singlestim","277","269784"
"17082","Subject181","1","alonealone","1","alone","positionleft","validityvalid","test","4","negative","singlestim","279","271791","467","â€šÃ³Ã¨","67","dotpositionleft","singlestim","280","272312","c","left","correct","1","","1","trialend","singlestim","281","273327"
"17379","Subject181","1","stupidstupid","1","stupid","positionleft","validityvalid","test","4","negative","singlestim","283","275333","1018","â€šÃ³Ã¨","67","dotpositionleft","singlestim","284","276404","c","left","correct","1","","1","trialend","singlestim","285","277419"
"17676","Subject181","1","wohlesswohless","1","wohless","positionright","validityvalid","test","4","negative","singlestim","287","279424","994","â€šÃ³Ã¨","77","dotpositionright","singlestim","288","280470","m","right","correct","1","","1","trialend","singlestim","289","281483"
"17973","Subject181","1","structurestructure","1","structure","positionright","validityvalid","test","4","neutral","singlestim","291","283491","345","â€šÃ³Ã¨","77","dotpositionright","singlestim","292","283887","m","right","correct","1","","1","trialend","singlestim","293","284902"
"18270","Subject181","1","deceaseddeceased","1","deceased","positionright","validityvalid","test","4","suicide","singlestim","295","286909","871","â€šÃ³Ã¨","77","dotpositionright","singlestim","296","287831","m","right","correct","1","","1","trialend","singlestim","297","288846"
"18567","Subject181","1","doubledouble","1","double","positionright","validityvalid","test","4","neutral","singlestim","299","290853","515","â€šÃ³Ã¨","77","dotpositionright","singlestim","300","291419","m","right","correct","1","","1","trialend","singlestim","301","292433"
"18864","Subject181","1","frameframe","1","frame","positionleft","validityinvalid","test","4","neutral","singlestim","303","294439","655","â€šÃ³Ã¨","77","dotpositionright","singlestim","304","295148","m","right","correct","1","","1","trialend","singlestim","305","296161"
