"","SubjectID","rt","stimulus","keypress","word","wordposition","validity","block","blocknum","wordtype","trialtype","trialindex","timeelapsed","rt.1","stimulus.1","keypress.1","dotposition","trialtype.1","trialindex.1","timeelapsed.1","keypressed","participantresponse","correctresponse","rt.2","stimulus.2","keypress.2","blocktrial","trialtype.2","trialindex.2","timeelapsed.2"
"165","Subject193","noosenoose","1","noose","positionleft","validityvalid","test","2","suicide","singlestim","51","59313","100010","â€šÃ³Ã¨","67","dotpositionleft","singlestim","52","59675","100020","left","correct","1","","1","trialend","singlestim","53","60686","100030"
"462","Subject193","corpsecorpse","1","corpse","positionleft","validityvalid","test","2","suicide","singlestim","55","62689","100050","â€šÃ³Ã¨","67","dotpositionleft","singlestim","56","63057","100060","left","correct","1","","1","trialend","singlestim","57","64068","100070"
"759","Subject193","enthusiasmenthusiasm","1","enthusiasm","positionright","validityvalid","test","2","positive","singlestim","59","66070","100090","â€šÃ³Ã¨","77","dotpositionright","singlestim","60","66408","1000100","right","correct","1","","1","trialend","singlestim","61","67420","1000110"
"1056","Subject193","abuseabuse","1","abuse","positionright","validityvalid","test","2","negative","singlestim","63","69422","1000130","â€šÃ³Ã¨","77","dotpositionright","singlestim","64","69768","1000140","right","correct","1","","1","trialend","singlestim","65","70780","1000150"
"1353","Subject193","pleasurepleasure","1","pleasure","positionleft","validityvalid","test","2","positive","singlestim","67","72781","1000170","â€šÃ³Ã¨","67","dotpositionleft","singlestim","68","73142","1000180","left","correct","1","","1","trialend","singlestim","69","74155","1000190"
"1650","Subject193","failurefailure","1","failure","positionleft","validityvalid","test","2","negative","singlestim","71","76160","1000210","â€šÃ³Ã¨","67","dotpositionleft","singlestim","72","76544","1000220","left","correct","1","","1","trialend","singlestim","73","77555","1000230"
"1947","Subject193","cruelcruel","1","cruel","positionright","validityvalid","test","2","negative","singlestim","75","79558","1000250","â€šÃ³Ã¨","77","dotpositionright","singlestim","76","79923","1000260","right","correct","1","","1","trialend","singlestim","77","80934","1000270"
"2244","Subject193","overdoseoverdose","1","overdose","positionright","validityinvalid","test","2","suicide","singlestim","79","82935","1000290","â€šÃ³Ã¨","67","dotpositionleft","singlestim","80","83269","1000300","left","correct","1","","1","trialend","singlestim","81","84281","1000310"
"2541","Subject193","paperpaper","1","paper","positionleft","validityvalid","test","2","neutral","singlestim","83","86285","1000330","â€šÃ³Ã¨","67","dotpositionleft","singlestim","84","86620","1000340","left","correct","1","","1","trialend","singlestim","85","87633","1000350"
"2838","Subject193","deathdeath","1","death","positionright","validityvalid","test","2","suicide","singlestim","87","89635","1000370","â€šÃ³Ã¨","77","dotpositionright","singlestim","88","89974","1000380","right","correct","1","","1","trialend","singlestim","89","90986","1000390"
"3135","Subject193","braverybravery","1","bravery","positionleft","validityvalid","test","2","positive","singlestim","91","92987","1000410","â€šÃ³Ã¨","67","dotpositionleft","singlestim","92","93334","1000420","left","correct","1","","1","trialend","singlestim","93","94347","1000430"
"3432","Subject193","lovelove","1","love","positionright","validityinvalid","test","2","positive","singlestim","95","96348","1000450","â€šÃ³Ã¨","67","dotpositionleft","singlestim","96","96656","1000460","left","correct","1","","1","trialend","singlestim","97","97667","1000470"
"3729","Subject193","horsehorse","1","horse","positionleft","validityinvalid","test","2","neutral","singlestim","99","99671","1000490","â€šÃ³Ã¨","77","dotpositionright","singlestim","100","100021","1000500","right","correct","1","","1","trialend","singlestim","101","101033","1000510"
"4026","Subject193","foamfoam","1","foam","positionright","validityvalid","test","2","neutral","singlestim","103","103037","1000530","â€šÃ³Ã¨","77","dotpositionright","singlestim","104","103461","1000540","right","correct","1","","1","trialend","singlestim","105","104472","1000550"
"4323","Subject193","tabletable","1","table","positionright","validityvalid","test","2","neutral","singlestim","107","106474","1000570","â€šÃ³Ã¨","77","dotpositionright","singlestim","108","106833","1000580","right","correct","1","","1","trialend","singlestim","109","107845","1000590"
"4620","Subject193","filthyfilthy","1","filthy","positionleft","validityinvalid","test","2","negative","singlestim","111","109848","1000610","â€šÃ³Ã¨","77","dotpositionright","singlestim","112","110222","1000620","right","correct","1","","1","trialend","singlestim","113","111235","1000630"
"4917","Subject193","vomitvomit","1","vomit","positionleft","validityvalid","test","1","negative","singlestim","115","113239","101010","â€šÃ³Ã¨","67","dotpositionleft","singlestim","116","113667","101020","left","correct","1","","1","trialend","singlestim","117","114679","101030"
"5214","Subject193","statuestatue","1","statue","positionright","validityinvalid","test","1","neutral","singlestim","119","116682","101050","â€šÃ³Ã¨","67","dotpositionleft","singlestim","120","117018","101060","left","correct","1","","1","trialend","singlestim","121","118029","101070"
"5511","Subject193","foldedfolded","1","folded","positionleft","validityvalid","test","1","neutral","singlestim","123","120032","101090","â€šÃ³Ã¨","67","dotpositionleft","singlestim","124","120387","1010100","left","correct","1","","1","trialend","singlestim","125","121399","1010110"
"5808","Subject193","funeralfuneral","1","funeral","positionright","validityvalid","test","1","suicide","singlestim","127","123400","1010130","â€šÃ³Ã¨","77","dotpositionright","singlestim","128","123733","1010140","right","correct","1","","1","trialend","singlestim","129","124746","1010150"
"6105","Subject193","cryingcrying","1","crying","positionright","validityvalid","test","1","negative","singlestim","131","126748","1010170","â€šÃ³Ã¨","77","dotpositionright","singlestim","132","127183","1010180","right","correct","1","","1","trialend","singlestim","133","128194","1010190"
"6402","Subject193","bloodblood","1","blood","positionleft","validityvalid","test","1","suicide","singlestim","135","130196","1010210","â€šÃ³Ã¨","67","dotpositionleft","singlestim","136","130570","1010220","left","correct","1","","1","trialend","singlestim","137","131581","1010230"
"6699","Subject193","hatehate","77","hate","positionright","validityinvalid","test","1","negative","singlestim","139","133584","1010250","â€šÃ³Ã¨","67","dotpositionleft","singlestim","140","134242","1010260","left","correct","1","","1","trialend","singlestim","141","135254","1010270"
"6996","Subject193","cheesecheese","1","cheese","positionright","validityvalid","test","1","neutral","singlestim","143","137256","1010290","â€šÃ³Ã¨","77","dotpositionright","singlestim","144","137629","1010300","right","correct","1","","1","trialend","singlestim","145","138641","1010310"
"7293","Subject193","healthyhealthy","1","healthy","positionleft","validityinvalid","test","1","positive","singlestim","147","140644","1010330","â€šÃ³Ã¨","77","dotpositionright","singlestim","148","141016","1010340","right","correct","1","","1","trialend","singlestim","149","142029","1010350"
"7590","Subject193","paradiseparadise","1","paradise","positionleft","validityvalid","test","1","positive","singlestim","151","144031","1010370","â€šÃ³Ã¨","67","dotpositionleft","singlestim","152","144524","1010380","left","correct","1","","1","trialend","singlestim","153","145536","1010390"
"7887","Subject193","suffocationsuffocation","1","suffocation","positionleft","validityinvalid","test","1","suicide","singlestim","155","147537","1010410","â€šÃ³Ã¨","77","dotpositionright","singlestim","156","147871","1010420","right","correct","1","","1","trialend","singlestim","157","148884","1010430"
"8184","Subject193","gunshotgunshot","1","gunshot","positionright","validityvalid","test","1","suicide","singlestim","159","150886","1010450","â€šÃ³Ã¨","77","dotpositionright","singlestim","160","151264","1010460","right","correct","1","","1","trialend","singlestim","161","152276","1010470"
"8481","Subject193","imageimage","1","image","positionleft","validityvalid","test","1","neutral","singlestim","163","154279","1010490","â€šÃ³Ã¨","67","dotpositionleft","singlestim","164","154633","1010500","left","correct","1","","1","trialend","singlestim","165","155644","1010510"
"8778","Subject193","attractionattraction","1","attraction","positionright","validityvalid","test","1","positive","singlestim","167","157646","1010530","â€šÃ³Ã¨","77","dotpositionright","singlestim","168","158000","1010540","right","correct","1","","1","trialend","singlestim","169","159012","1010550"
"9075","Subject193","patheticpathetic","1","pathetic","positionleft","validityvalid","test","1","negative","singlestim","171","161014","1010570","â€šÃ³Ã¨","67","dotpositionleft","singlestim","172","161655","1010580","left","correct","1","","1","trialend","singlestim","173","162667","1010590"
"9372","Subject193","greatgreat","1","great","positionright","validityvalid","test","1","positive","singlestim","175","164669","1010610","â€šÃ³Ã¨","77","dotpositionright","singlestim","176","165273","1010620","right","correct","1","","1","trialend","singlestim","177","166284","1010630"
"9669","Subject193","assaultassault","1","assault","positionleft","validityinvalid","test","3","negative","singlestim","179","168286","102010","â€šÃ³Ã¨","77","dotpositionright","singlestim","180","168787","102020","right","correct","1","","1","trialend","singlestim","181","169799","102030"
"9966","Subject193","smilesmile","1","smile","positionleft","validityvalid","test","3","positive","singlestim","183","171802","102050","â€šÃ³Ã¨","67","dotpositionleft","singlestim","184","172241","102060","left","correct","1","","1","trialend","singlestim","185","173252","102070"
"10263","Subject193","rejectedrejected","1","rejected","positionright","validityvalid","test","3","negative","singlestim","187","175254","102090","â€šÃ³Ã¨","77","dotpositionright","singlestim","188","175669","1020100","right","correct","1","","1","trialend","singlestim","189","176680","1020110"
"10560","Subject193","dyingdying","1","dying","positionleft","validityvalid","test","3","suicide","singlestim","191","178682","1020130","â€šÃ³Ã¨","67","dotpositionleft","singlestim","192","179061","1020140","left","correct","1","","1","trialend","singlestim","193","180073","1020150"
"10857","Subject193","happyhappy","1","happy","positionright","validityvalid","test","3","positive","singlestim","195","182076","1020170","â€šÃ³Ã¨","77","dotpositionright","singlestim","196","182474","1020180","right","correct","1","","1","trialend","singlestim","197","183486","1020190"
"11154","Subject193","metermeter","1","meter","positionleft","validityvalid","test","3","neutral","singlestim","199","185491","1020210","â€šÃ³Ã¨","67","dotpositionleft","singlestim","200","185870","1020220","left","correct","1","","1","trialend","singlestim","201","186881","1020230"
"11451","Subject193","museummuseum","1","museum","positionleft","validityvalid","test","3","neutral","singlestim","203","188882","1020250","â€šÃ³Ã¨","67","dotpositionleft","singlestim","204","189285","1020260","left","correct","1","","1","trialend","singlestim","205","190298","1020270"
"11748","Subject193","kisskiss","1","kiss","positionright","validityinvalid","test","3","positive","singlestim","207","192301","1020290","â€šÃ³Ã¨","67","dotpositionleft","singlestim","208","192663","1020300","left","correct","1","","1","trialend","singlestim","209","193677","1020310"
"12045","Subject193","bombbomb","1","bomb","positionright","validityvalid","test","3","negative","singlestim","211","195679","1020330","â€šÃ³Ã¨","77","dotpositionright","singlestim","212","196043","1020340","right","correct","1","","1","trialend","singlestim","213","197056","1020350"
"12342","Subject193","touretoure","1","toure","positionleft","validityvalid","test","3","negative","singlestim","215","199060","1020370","â€šÃ³Ã¨","67","dotpositionleft","singlestim","216","199413","1020380","left","correct","1","","1","trialend","singlestim","217","200424","1020390"
"12639","Subject193","diedie","1","die","positionright","validityvalid","test","3","suicide","singlestim","219","202428","1020410","â€šÃ³Ã¨","77","dotpositionright","singlestim","220","202783","1020420","right","correct","1","","1","trialend","singlestim","221","203795","1020430"
"12936","Subject193","cuttingcutting","1","cutting","positionright","validityvalid","test","3","suicide","singlestim","223","205798","1020450","â€šÃ³Ã¨","77","dotpositionright","singlestim","224","206214","1020460","right","correct","1","","1","trialend","singlestim","225","207226","1020470"
"13233","Subject193","strongstrong","1","strong","positionleft","validityvalid","test","3","positive","singlestim","227","209230","1020490","â€šÃ³Ã¨","67","dotpositionleft","singlestim","228","209598","1020500","left","correct","1","","1","trialend","singlestim","229","210610","1020510"
"13530","Subject193","closetcloset","1","closet","positionright","validityinvalid","test","3","neutral","singlestim","231","212612","1020530","â€šÃ³Ã¨","67","dotpositionleft","singlestim","232","212931","1020540","left","correct","1","","1","trialend","singlestim","233","213945","1020550"
"13827","Subject193","deaddead","1","dead","positionleft","validityinvalid","test","3","suicide","singlestim","235","215947","1020570","â€šÃ³Ã¨","77","dotpositionright","singlestim","236","216313","1020580","right","correct","1","","1","trialend","singlestim","237","217325","1020590"
"14124","Subject193","greengreen","1","green","positionright","validityvalid","test","3","neutral","singlestim","239","219328","1020610","â€šÃ³Ã¨","77","dotpositionright","singlestim","240","219696","1020620","right","correct","1","","1","trialend","singlestim","241","220707","1020630"
"14421","Subject193","hanginghanging","1","hanging","positionleft","validityvalid","test","4","suicide","singlestim","243","222710","103010","â€šÃ³Ã¨","67","dotpositionleft","singlestim","244","223185","103020","left","correct","1","","1","trialend","singlestim","245","224197","103030"
"14718","Subject193","frameframe","1","frame","positionleft","validityinvalid","test","4","neutral","singlestim","247","226202","103050","â€šÃ³Ã¨","77","dotpositionright","singlestim","248","226619","103060","right","correct","1","","1","trialend","singlestim","249","227631","103070"
"15015","Subject193","doubledouble","1","double","positionright","validityvalid","test","4","neutral","singlestim","251","229634","103090","â€šÃ³Ã¨","77","dotpositionright","singlestim","252","230002","1030100","right","correct","1","","1","trialend","singlestim","253","231014","1030110"
"15312","Subject193","engineengine","1","engine","positionleft","validityvalid","test","4","neutral","singlestim","255","233017","1030130","â€šÃ³Ã¨","67","dotpositionleft","singlestim","256","233473","1030140","left","correct","1","","1","trialend","singlestim","257","234484","1030150"
"15609","Subject193","ashamedashamed","1","ashamed","positionright","validityinvalid","test","4","negative","singlestim","259","236487","1030170","â€šÃ³Ã¨","67","dotpositionleft","singlestim","260","236838","1030180","left","correct","1","","1","trialend","singlestim","261","237849","1030190"
"15906","Subject193","alonealone","1","alone","positionleft","validityvalid","test","4","negative","singlestim","263","239853","1030210","â€šÃ³Ã¨","67","dotpositionleft","singlestim","264","240301","1030220","left","correct","1","","1","trialend","singlestim","265","241314","1030230"
"16203","Subject193","stupidstupid","1","stupid","positionleft","validityvalid","test","4","negative","singlestim","267","243316","1030250","â€šÃ³Ã¨","67","dotpositionleft","singlestim","268","243827","1030260","left","correct","1","","1","trialend","singlestim","269","244839","1030270"
"16500","Subject193","successsuccess","1","success","positionleft","validityvalid","test","4","positive","singlestim","271","246843","1030290","â€šÃ³Ã¨","67","dotpositionleft","singlestim","272","247250","1030300","left","correct","1","","1","trialend","singlestim","273","248263","1030310"
"16797","Subject193","wohlesswohless","1","wohless","positionright","validityvalid","test","4","negative","singlestim","275","250267","1030330","â€šÃ³Ã¨","77","dotpositionright","singlestim","276","250671","1030340","right","correct","1","","1","trialend","singlestim","277","251683","1030350"
"17094","Subject193","laughlaugh","1","laugh","positionright","validityvalid","test","4","positive","singlestim","279","253685","1030370","â€šÃ³Ã¨","77","dotpositionright","singlestim","280","254106","1030380","right","correct","1","","1","trialend","singlestim","281","255118","1030390"
"17391","Subject193","killingkilling","1","killing","positionleft","validityvalid","test","4","suicide","singlestim","283","257122","1030410","â€šÃ³Ã¨","67","dotpositionleft","singlestim","284","257518","1030420","left","correct","1","","1","trialend","singlestim","285","258530","1030430"
"17688","Subject193","ecstaticecstatic","1","ecstatic","positionright","validityvalid","test","4","positive","singlestim","287","260533","1030450","â€šÃ³Ã¨","77","dotpositionright","singlestim","288","261004","1030460","right","correct","1","","1","trialend","singlestim","289","262015","1030470"
"17985","Subject193","passionatepassionate","1","passionate","positionleft","validityinvalid","test","4","positive","singlestim","291","264018","1030490","â€šÃ³Ã¨","77","dotpositionright","singlestim","292","264369","1030500","right","correct","1","","1","trialend","singlestim","293","265381","1030510"
"18282","Subject193","structurestructure","1","structure","positionright","validityvalid","test","4","neutral","singlestim","295","267385","1030530","â€šÃ³Ã¨","77","dotpositionright","singlestim","296","267892","1030540","right","correct","1","","1","trialend","singlestim","297","268904","1030550"
"18579","Subject193","deceaseddeceased","1","deceased","positionright","validityvalid","test","4","suicide","singlestim","299","270907","1030570","â€šÃ³Ã¨","77","dotpositionright","singlestim","300","271858","1030580","right","correct","1","","1","trialend","singlestim","301","272870","1030590"
"18876","Subject193","suicidesuicide","1","suicide","positionright","validityinvalid","test","4","suicide","singlestim","303","274873","1030610","â€šÃ³Ã¨","67","dotpositionleft","singlestim","304","275294","1030620","left","correct","1","","1","trialend","singlestim","305","276306","1030630"
