"","SubjectID","rt","stimulus","keypress","word","wordposition","validity","block","blocknum","wordtype","trialtype","trialindex","timeelapsed","rt.1","stimulus.1","keypress.1","dotposition","trialtype.1","trialindex.1","timeelapsed.1","keypressed","participantresponse","correctresponse","rt.2","stimulus.2","keypress.2","blocktrial","trialtype.2","trialindex.2","timeelapsed.2"
"142","Subject149","1","greatgreat","1","great","positionright","validityvalid","test","1","positive","singlestim","51","88747","391","â€šÃ³Ã¨","77","dotpositionright","singlestim","52","89189","m","right","correct","1","","1","trialend","singlestim","53","90202"
"439","Subject149","1","suffocationsuffocation","1","suffocation","positionleft","validityinvalid","test","1","suicide","singlestim","55","92207","311","â€šÃ³Ã¨","77","dotpositionright","singlestim","56","92571","m","right","correct","1","","1","trialend","singlestim","57","93584"
"736","Subject149","1","vomitvomit","1","vomit","positionleft","validityvalid","test","1","negative","singlestim","59","95587","322","â€šÃ³Ã¨","67","dotpositionleft","singlestim","60","95961","c","left","correct","1","","1","trialend","singlestim","61","96974"
"1033","Subject149","1","cryingcrying","1","crying","positionright","validityvalid","test","1","negative","singlestim","63","98979","310","â€šÃ³Ã¨","77","dotpositionright","singlestim","64","99342","m","right","correct","1","","1","trialend","singlestim","65","100355"
"1330","Subject149","1","cheesecheese","1","cheese","positionright","validityvalid","test","1","neutral","singlestim","67","102360","326","â€šÃ³Ã¨","77","dotpositionright","singlestim","68","102738","m","right","correct","1","","1","trialend","singlestim","69","103752"
"1627","Subject149","1","attractionattraction","1","attraction","positionright","validityvalid","test","1","positive","singlestim","71","105757","370","â€šÃ³Ã¨","77","dotpositionright","singlestim","72","106179","m","right","correct","1","","1","trialend","singlestim","73","107193"
"1924","Subject149","1","hatehate","1","hate","positionright","validityinvalid","test","1","negative","singlestim","75","109199","309","â€šÃ³Ã¨","67","dotpositionleft","singlestim","76","109560","c","left","correct","1","","1","trialend","singlestim","77","110573"
"2221","Subject149","1","healthyhealthy","1","healthy","positionleft","validityinvalid","test","1","positive","singlestim","79","112578","333","â€šÃ³Ã¨","77","dotpositionright","singlestim","80","112963","m","right","correct","1","","1","trialend","singlestim","81","113976"
"2518","Subject149","1","bloodblood","1","blood","positionleft","validityvalid","test","1","suicide","singlestim","83","115980","325","â€šÃ³Ã¨","67","dotpositionleft","singlestim","84","116357","c","left","correct","1","","1","trialend","singlestim","85","117370"
"2815","Subject149","1","statuestatue","1","statue","positionright","validityinvalid","test","1","neutral","singlestim","87","119375","468","â€šÃ³Ã¨","67","dotpositionleft","singlestim","88","119894","c","left","correct","1","","1","trialend","singlestim","89","120907"
"3112","Subject149","1","imageimage","1","image","positionleft","validityvalid","test","1","neutral","singlestim","91","122912","327","â€šÃ³Ã¨","67","dotpositionleft","singlestim","92","123291","c","left","correct","1","","1","trialend","singlestim","93","124304"
"3409","Subject149","1","patheticpathetic","1","pathetic","positionleft","validityvalid","test","1","negative","singlestim","95","126309","323","â€šÃ³Ã¨","67","dotpositionleft","singlestim","96","126684","c","left","correct","1","","1","trialend","singlestim","97","127697"
"3706","Subject149","1","gunshotgunshot","1","gunshot","positionright","validityvalid","test","1","suicide","singlestim","99","129700","319","â€šÃ³Ã¨","77","dotpositionright","singlestim","100","130072","m","right","correct","1","","1","trialend","singlestim","101","131084"
"4003","Subject149","1","funeralfuneral","1","funeral","positionright","validityvalid","test","1","suicide","singlestim","103","133089","328","â€šÃ³Ã¨","77","dotpositionright","singlestim","104","133469","m","right","correct","1","","1","trialend","singlestim","105","134483"
"4300","Subject149","1","paradiseparadise","1","paradise","positionleft","validityvalid","test","1","positive","singlestim","107","136488","437","â€šÃ³Ã¨","67","dotpositionleft","singlestim","108","136977","c","left","correct","1","","1","trialend","singlestim","109","137991"
"4597","Subject149","1","foldedfolded","1","folded","positionleft","validityvalid","test","1","neutral","singlestim","111","139996","334","â€šÃ³Ã¨","67","dotpositionleft","singlestim","112","140382","c","left","correct","1","","1","trialend","singlestim","113","141396"
"4894","Subject149","1","killingkilling","1","killing","positionleft","validityvalid","test","4","suicide","singlestim","115","143401","303","â€šÃ³Ã¨","67","dotpositionleft","singlestim","116","143756","c","left","correct","1","","1","trialend","singlestim","117","144770"
"5191","Subject149","1","passionatepassionate","1","passionate","positionleft","validityinvalid","test","4","positive","singlestim","119","146775","351","â€šÃ³Ã¨","77","dotpositionright","singlestim","120","147178","m","right","correct","1","","1","trialend","singlestim","121","148192"
"5488","Subject149","1","deceaseddeceased","1","deceased","positionright","validityvalid","test","4","suicide","singlestim","123","150197","517","â€šÃ³Ã¨","77","dotpositionright","singlestim","124","150766","m","right","correct","1","","1","trialend","singlestim","125","151780"
"5785","Subject149","1","frameframe","1","frame","positionleft","validityinvalid","test","4","neutral","singlestim","127","153784","375","â€šÃ³Ã¨","77","dotpositionright","singlestim","128","154211","m","right","correct","1","","1","trialend","singlestim","129","155225"
"6082","Subject149","1","doubledouble","1","double","positionright","validityvalid","test","4","neutral","singlestim","131","157230","325","â€šÃ³Ã¨","77","dotpositionright","singlestim","132","157607","m","right","correct","1","","1","trialend","singlestim","133","158621"
"6379","Subject149","1","alonealone","1","alone","positionleft","validityvalid","test","4","negative","singlestim","135","160625","359","â€šÃ³Ã¨","67","dotpositionleft","singlestim","136","161037","c","left","correct","1","","1","trialend","singlestim","137","162051"
"6676","Subject149","1","suicidesuicide","1","suicide","positionright","validityinvalid","test","4","suicide","singlestim","139","164054","333","â€šÃ³Ã¨","67","dotpositionleft","singlestim","140","164438","c","left","correct","1","","1","trialend","singlestim","141","165452"
"6973","Subject149","1","stupidstupid","1","stupid","positionleft","validityvalid","test","4","negative","singlestim","143","167456","365","â€šÃ³Ã¨","67","dotpositionleft","singlestim","144","167874","c","left","correct","1","","1","trialend","singlestim","145","168887"
"7270","Subject149","1","wohlesswohless","1","wohless","positionright","validityvalid","test","4","negative","singlestim","147","170893","315","â€šÃ³Ã¨","77","dotpositionright","singlestim","148","171260","m","right","correct","1","","1","trialend","singlestim","149","172272"
"7567","Subject149","1","structurestructure","1","structure","positionright","validityvalid","test","4","neutral","singlestim","151","174277","313","â€šÃ³Ã¨","77","dotpositionright","singlestim","152","174641","m","right","correct","1","","1","trialend","singlestim","153","175655"
"7864","Subject149","1","successsuccess","1","success","positionleft","validityvalid","test","4","positive","singlestim","155","177659","315","â€šÃ³Ã¨","67","dotpositionleft","singlestim","156","178026","c","left","correct","1","","1","trialend","singlestim","157","179040"
"8161","Subject149","1","laughlaugh","1","laugh","positionright","validityvalid","test","4","positive","singlestim","159","181044","329","â€šÃ³Ã¨","77","dotpositionright","singlestim","160","181425","m","right","correct","1","","1","trialend","singlestim","161","182438"
"8458","Subject149","1","ashamedashamed","1","ashamed","positionright","validityinvalid","test","4","negative","singlestim","163","184444","334","â€šÃ³Ã¨","67","dotpositionleft","singlestim","164","184831","c","left","correct","1","","1","trialend","singlestim","165","185844"
"8755","Subject149","1","ecstaticecstatic","1","ecstatic","positionright","validityvalid","test","4","positive","singlestim","167","187848","352","â€šÃ³Ã¨","77","dotpositionright","singlestim","168","188252","m","right","correct","1","","1","trialend","singlestim","169","189266"
"9052","Subject149","1","hanginghanging","1","hanging","positionleft","validityvalid","test","4","suicide","singlestim","171","191271","400","â€šÃ³Ã¨","67","dotpositionleft","singlestim","172","191722","c","left","correct","1","","1","trialend","singlestim","173","192735"
"9349","Subject149","1","engineengine","1","engine","positionleft","validityvalid","test","4","neutral","singlestim","175","194740","298","â€šÃ³Ã¨","67","dotpositionleft","singlestim","176","195090","c","left","correct","1","","1","trialend","singlestim","177","196104"
"9646","Subject149","1","deaddead","1","dead","positionleft","validityinvalid","test","3","suicide","singlestim","179","198107","363","â€šÃ³Ã¨","77","dotpositionright","singlestim","180","198522","m","right","correct","1","","1","trialend","singlestim","181","199535"
"9943","Subject149","1","assaultassault","1","assault","positionleft","validityinvalid","test","3","negative","singlestim","183","201540","370","â€šÃ³Ã¨","77","dotpositionright","singlestim","184","201962","m","right","correct","1","","1","trialend","singlestim","185","202976"
"10240","Subject149","1","rejectedrejected","1","rejected","positionright","validityvalid","test","3","negative","singlestim","187","204980","299","â€šÃ³Ã¨","77","dotpositionright","singlestim","188","205331","m","right","correct","1","","1","trialend","singlestim","189","206345"
"10537","Subject149","1","closetcloset","1","closet","positionright","validityinvalid","test","3","neutral","singlestim","191","208350","300","â€šÃ³Ã¨","67","dotpositionleft","singlestim","192","208702","c","left","correct","1","","1","trialend","singlestim","193","209715"
"10834","Subject149","1","metermeter","1","meter","positionleft","validityvalid","test","3","neutral","singlestim","195","211720","397","â€šÃ³Ã¨","67","dotpositionleft","singlestim","196","212169","c","left","correct","1","","1","trialend","singlestim","197","213182"
"11131","Subject149","1","dyingdying","1","dying","positionleft","validityvalid","test","3","suicide","singlestim","199","215186","302","â€šÃ³Ã¨","67","dotpositionleft","singlestim","200","215540","c","left","correct","1","","1","trialend","singlestim","201","216554"
"11428","Subject149","1","museummuseum","1","museum","positionleft","validityvalid","test","3","neutral","singlestim","203","218559","289","â€šÃ³Ã¨","67","dotpositionleft","singlestim","204","218900","c","left","correct","1","","1","trialend","singlestim","205","219913"
"11725","Subject149","1","bombbomb","1","bomb","positionright","validityvalid","test","3","negative","singlestim","207","221917","304","â€šÃ³Ã¨","77","dotpositionright","singlestim","208","222274","m","right","correct","1","","1","trialend","singlestim","209","223287"
"12022","Subject149","1","strongstrong","1","strong","positionleft","validityvalid","test","3","positive","singlestim","211","225292","345","â€šÃ³Ã¨","67","dotpositionleft","singlestim","212","225689","c","left","correct","1","","1","trialend","singlestim","213","226702"
"12319","Subject149","1","happyhappy","1","happy","positionright","validityvalid","test","3","positive","singlestim","215","228705","298","â€šÃ³Ã¨","77","dotpositionright","singlestim","216","229054","m","right","correct","1","","1","trialend","singlestim","217","230067"
"12616","Subject149","1","diedie","1","die","positionright","validityvalid","test","3","suicide","singlestim","219","232071","404","â€šÃ³Ã¨","77","dotpositionright","singlestim","220","232526","m","right","correct","1","","1","trialend","singlestim","221","233539"
"12913","Subject149","1","smilesmile","1","smile","positionleft","validityvalid","test","3","positive","singlestim","223","235543","273","â€šÃ³Ã¨","67","dotpositionleft","singlestim","224","235867","c","left","correct","1","","1","trialend","singlestim","225","236880"
"13210","Subject149","1","touretoure","1","toure","positionleft","validityvalid","test","3","negative","singlestim","227","238884","306","â€šÃ³Ã¨","67","dotpositionleft","singlestim","228","239243","c","left","correct","1","","1","trialend","singlestim","229","240256"
"13507","Subject149","1","kisskiss","1","kiss","positionright","validityinvalid","test","3","positive","singlestim","231","242260","345","â€šÃ³Ã¨","67","dotpositionleft","singlestim","232","242658","c","left","correct","1","","1","trialend","singlestim","233","243671"
"13804","Subject149","1","greengreen","1","green","positionright","validityvalid","test","3","neutral","singlestim","235","245676","359","â€šÃ³Ã¨","77","dotpositionright","singlestim","236","246087","m","right","correct","1","","1","trialend","singlestim","237","247100"
"14101","Subject149","1","cuttingcutting","1","cutting","positionright","validityvalid","test","3","suicide","singlestim","239","249103","356","â€šÃ³Ã¨","77","dotpositionright","singlestim","240","249512","m","right","correct","1","","1","trialend","singlestim","241","250525"
"14398","Subject149","1","noosenoose","1","noose","positionleft","validityvalid","test","2","suicide","singlestim","243","252530","310","â€šÃ³Ã¨","67","dotpositionleft","singlestim","244","252892","c","left","correct","1","","1","trialend","singlestim","245","253905"
"14695","Subject149","1","horsehorse","1","horse","positionleft","validityinvalid","test","2","neutral","singlestim","247","255910","308","â€šÃ³Ã¨","77","dotpositionright","singlestim","248","256270","m","right","correct","1","","1","trialend","singlestim","249","257284"
"14992","Subject149","1","cruelcruel","1","cruel","positionright","validityvalid","test","2","negative","singlestim","251","259288","306","â€šÃ³Ã¨","77","dotpositionright","singlestim","252","259645","m","right","correct","1","","1","trialend","singlestim","253","260658"
"15289","Subject149","1","lovelove","1","love","positionright","validityinvalid","test","2","positive","singlestim","255","262663","311","â€šÃ³Ã¨","67","dotpositionleft","singlestim","256","263026","c","left","correct","1","","1","trialend","singlestim","257","264040"
"15586","Subject149","1","corpsecorpse","1","corpse","positionleft","validityvalid","test","2","suicide","singlestim","259","266044","300","â€šÃ³Ã¨","67","dotpositionleft","singlestim","260","266395","c","left","correct","1","","1","trialend","singlestim","261","267408"
"15883","Subject149","1","failurefailure","1","failure","positionleft","validityvalid","test","2","negative","singlestim","263","269412","267","â€šÃ³Ã¨","67","dotpositionleft","singlestim","264","269732","c","left","correct","1","","1","trialend","singlestim","265","270745"
"16180","Subject149","1","filthyfilthy","1","filthy","positionleft","validityinvalid","test","2","negative","singlestim","267","272750","303","â€šÃ³Ã¨","77","dotpositionright","singlestim","268","273105","m","right","correct","1","","1","trialend","singlestim","269","274119"
"16477","Subject149","1","braverybravery","1","bravery","positionleft","validityvalid","test","2","positive","singlestim","271","276123","344","â€šÃ³Ã¨","67","dotpositionleft","singlestim","272","276519","c","left","correct","1","","1","trialend","singlestim","273","277532"
"16774","Subject149","1","tabletable","1","table","positionright","validityvalid","test","2","neutral","singlestim","275","279537","279","â€šÃ³Ã¨","77","dotpositionright","singlestim","276","279868","m","right","correct","1","","1","trialend","singlestim","277","280882"
"17071","Subject149","1","deathdeath","1","death","positionright","validityvalid","test","2","suicide","singlestim","279","282886","342","â€šÃ³Ã¨","77","dotpositionright","singlestim","280","283280","m","right","correct","1","","1","trialend","singlestim","281","284294"
"17368","Subject149","1","paperpaper","1","paper","positionleft","validityvalid","test","2","neutral","singlestim","283","286298","308","â€šÃ³Ã¨","67","dotpositionleft","singlestim","284","286658","c","left","correct","1","","1","trialend","singlestim","285","287672"
"17665","Subject149","1","abuseabuse","1","abuse","positionright","validityvalid","test","2","negative","singlestim","287","289675","331","â€šÃ³Ã¨","77","dotpositionright","singlestim","288","290058","m","right","correct","1","","1","trialend","singlestim","289","291069"
"17962","Subject149","1","overdoseoverdose","1","overdose","positionright","validityinvalid","test","2","suicide","singlestim","291","293075","296","â€šÃ³Ã¨","67","dotpositionleft","singlestim","292","293422","c","left","correct","1","","1","trialend","singlestim","293","294435"
"18259","Subject149","1","pleasurepleasure","1","pleasure","positionleft","validityvalid","test","2","positive","singlestim","295","296439","258","â€šÃ³Ã¨","67","dotpositionleft","singlestim","296","296750","c","left","correct","1","","1","trialend","singlestim","297","297763"
"18556","Subject149","1","enthusiasmenthusiasm","1","enthusiasm","positionright","validityvalid","test","2","positive","singlestim","299","299766","324","â€šÃ³Ã¨","77","dotpositionright","singlestim","300","300142","m","right","correct","1","","1","trialend","singlestim","301","301156"
"18853","Subject149","1","foamfoam","1","foam","positionright","validityvalid","test","2","neutral","singlestim","303","303161","283","â€šÃ³Ã¨","77","dotpositionright","singlestim","304","303496","m","right","correct","1","","1","trialend","singlestim","305","304509"
