"","SubjectID","rt","stimulus","keypress","word","wordposition","validity","block","blocknum","wordtype","trialtype","trialindex","timeelapsed","rt.1","stimulus.1","keypress.1","dotposition","trialtype.1","trialindex.1","timeelapsed.1","keypressed","participantresponse","correctresponse","rt.2","stimulus.2","keypress.2","blocktrial","trialtype.2","trialindex.2","timeelapsed.2"
"61","Subject64","1","smilesmile","1","smile","positionleft","validityvalid","test","3","positive","singlestim","51","79026","360","â€šÃ³Ã¨","67","dotpositionleft","singlestim","52","79439","c","left","correct","1","","1","trialend","singlestim","53","80452"
"358","Subject64","1","museummuseum","1","museum","positionleft","validityvalid","test","3","neutral","singlestim","55","82456","333","â€šÃ³Ã¨","67","dotpositionleft","singlestim","56","82841","c","left","correct","1","","1","trialend","singlestim","57","83855"
"655","Subject64","1","deaddead","1","dead","positionleft","validityinvalid","test","3","suicide","singlestim","59","85859","340","â€šÃ³Ã¨","77","dotpositionright","singlestim","60","86252","m","right","correct","1","","1","trialend","singlestim","61","87266"
"952","Subject64","1","metermeter","1","meter","positionleft","validityvalid","test","3","neutral","singlestim","63","89270","310","â€šÃ³Ã¨","67","dotpositionleft","singlestim","64","89632","c","left","correct","1","","1","trialend","singlestim","65","90645"
"1249","Subject64","1","touretoure","1","toure","positionleft","validityvalid","test","3","negative","singlestim","67","92650","357","â€šÃ³Ã¨","67","dotpositionleft","singlestim","68","93059","c","left","correct","1","","1","trialend","singlestim","69","94073"
"1546","Subject64","1","bombbomb","1","bomb","positionright","validityvalid","test","3","negative","singlestim","71","96077","380","â€šÃ³Ã¨","77","dotpositionright","singlestim","72","96510","m","right","correct","1","","1","trialend","singlestim","73","97523"
"1843","Subject64","1","diedie","1","die","positionright","validityvalid","test","3","suicide","singlestim","75","99527","411","â€šÃ³Ã¨","77","dotpositionright","singlestim","76","99990","m","right","correct","1","","1","trialend","singlestim","77","101004"
"2140","Subject64","1","closetcloset","1","closet","positionright","validityinvalid","test","3","neutral","singlestim","79","103008","356","â€šÃ³Ã¨","67","dotpositionleft","singlestim","80","103417","c","left","correct","1","","1","trialend","singlestim","81","104430"
"2437","Subject64","1","dyingdying","1","dying","positionleft","validityvalid","test","3","suicide","singlestim","83","106434","333","â€šÃ³Ã¨","67","dotpositionleft","singlestim","84","106820","c","left","correct","1","","1","trialend","singlestim","85","107833"
"2734","Subject64","1","kisskiss","1","kiss","positionright","validityinvalid","test","3","positive","singlestim","87","109838","333","â€šÃ³Ã¨","67","dotpositionleft","singlestim","88","110224","c","left","correct","1","","1","trialend","singlestim","89","111237"
"3031","Subject64","1","cuttingcutting","1","cutting","positionright","validityvalid","test","3","suicide","singlestim","91","113242","380","â€šÃ³Ã¨","77","dotpositionright","singlestim","92","113674","m","right","correct","1","","1","trialend","singlestim","93","114686"
"3328","Subject64","1","greengreen","1","green","positionright","validityvalid","test","3","neutral","singlestim","95","116691","386","â€šÃ³Ã¨","77","dotpositionright","singlestim","96","117129","m","right","correct","1","","1","trialend","singlestim","97","118141"
"3625","Subject64","1","assaultassault","1","assault","positionleft","validityinvalid","test","3","negative","singlestim","99","120144","385","â€šÃ³Ã¨","77","dotpositionright","singlestim","100","120582","m","right","correct","1","","1","trialend","singlestim","101","121595"
"3922","Subject64","1","happyhappy","1","happy","positionright","validityvalid","test","3","positive","singlestim","103","123599","450","â€šÃ³Ã¨","77","dotpositionright","singlestim","104","124101","m","right","correct","1","","1","trialend","singlestim","105","125115"
"4219","Subject64","1","rejectedrejected","1","rejected","positionright","validityvalid","test","3","negative","singlestim","107","127120","355","â€šÃ³Ã¨","77","dotpositionright","singlestim","108","127527","m","right","correct","1","","1","trialend","singlestim","109","128540"
"4516","Subject64","1","strongstrong","1","strong","positionleft","validityvalid","test","3","positive","singlestim","111","130544","348","â€šÃ³Ã¨","67","dotpositionleft","singlestim","112","130943","c","left","correct","1","","1","trialend","singlestim","113","131957"
"4813","Subject64","1","bloodblood","1","blood","positionleft","validityvalid","test","1","suicide","singlestim","115","133962","341","â€šÃ³Ã¨","67","dotpositionleft","singlestim","116","134355","c","left","correct","1","","1","trialend","singlestim","117","135368"
"5110","Subject64","1","suffocationsuffocation","1","suffocation","positionleft","validityinvalid","test","1","suicide","singlestim","119","137372","341","â€šÃ³Ã¨","77","dotpositionright","singlestim","120","137766","m","right","correct","1","","1","trialend","singlestim","121","138779"
"5407","Subject64","1","foldedfolded","1","folded","positionleft","validityvalid","test","1","neutral","singlestim","123","140784","348","â€šÃ³Ã¨","67","dotpositionleft","singlestim","124","141185","c","left","correct","1","","1","trialend","singlestim","125","142202"
"5704","Subject64","1","paradiseparadise","1","paradise","positionleft","validityvalid","test","1","positive","singlestim","127","144235","265","â€šÃ³Ã¨","67","dotpositionleft","singlestim","128","144633","c","left","correct","1","","1","trialend","singlestim","129","145647"
"6001","Subject64","1","patheticpathetic","1","pathetic","positionleft","validityvalid","test","1","negative","singlestim","131","147651","382","â€šÃ³Ã¨","67","dotpositionleft","singlestim","132","148085","c","left","correct","1","","1","trialend","singlestim","133","149098"
"6298","Subject64","1","vomitvomit","1","vomit","positionleft","validityvalid","test","1","negative","singlestim","135","151103","326","â€šÃ³Ã¨","67","dotpositionleft","singlestim","136","151481","c","left","correct","1","","1","trialend","singlestim","137","152494"
"6595","Subject64","1","funeralfuneral","1","funeral","positionright","validityvalid","test","1","suicide","singlestim","139","154498","390","â€šÃ³Ã¨","77","dotpositionright","singlestim","140","154939","m","right","correct","1","","1","trialend","singlestim","141","155952"
"6892","Subject64","1","cheesecheese","1","cheese","positionright","validityvalid","test","1","neutral","singlestim","143","157956","305","â€šÃ³Ã¨","77","dotpositionright","singlestim","144","158313","m","right","correct","1","","1","trialend","singlestim","145","159327"
"7189","Subject64","1","gunshotgunshot","1","gunshot","positionright","validityvalid","test","1","suicide","singlestim","147","161331","312","â€šÃ³Ã¨","77","dotpositionright","singlestim","148","161695","m","right","correct","1","","1","trialend","singlestim","149","162709"
"7486","Subject64","1","healthyhealthy","1","healthy","positionleft","validityinvalid","test","1","positive","singlestim","151","164713","389","â€šÃ³Ã¨","77","dotpositionright","singlestim","152","165154","m","right","correct","1","","1","trialend","singlestim","153","166166"
"7783","Subject64","1","statuestatue","1","statue","positionright","validityinvalid","test","1","neutral","singlestim","155","168171","323","â€šÃ³Ã¨","67","dotpositionleft","singlestim","156","168547","c","left","correct","1","","1","trialend","singlestim","157","169561"
"8080","Subject64","1","attractionattraction","1","attraction","positionright","validityvalid","test","1","positive","singlestim","159","171566","498","â€šÃ³Ã¨","77","dotpositionright","singlestim","160","172116","m","right","correct","1","","1","trialend","singlestim","161","173129"
"8377","Subject64","1","hatehate","1","hate","positionright","validityinvalid","test","1","negative","singlestim","163","175134","361","â€šÃ³Ã¨","67","dotpositionleft","singlestim","164","175546","c","left","correct","1","","1","trialend","singlestim","165","176560"
"8674","Subject64","1","imageimage","1","image","positionleft","validityvalid","test","1","neutral","singlestim","167","178564","376","â€šÃ³Ã¨","67","dotpositionleft","singlestim","168","178993","c","left","correct","1","","1","trialend","singlestim","169","180006"
"8971","Subject64","1","greatgreat","1","great","positionright","validityvalid","test","1","positive","singlestim","171","182010","351","â€šÃ³Ã¨","77","dotpositionright","singlestim","172","182414","m","right","correct","1","","1","trialend","singlestim","173","183427"
"9268","Subject64","1","cryingcrying","1","crying","positionright","validityvalid","test","1","negative","singlestim","175","185432","398","â€šÃ³Ã¨","77","dotpositionright","singlestim","176","185881","m","right","correct","1","","1","trialend","singlestim","177","186894"
"9565","Subject64","1","tabletable","1","table","positionright","validityvalid","test","2","neutral","singlestim","179","188898","370","â€šÃ³Ã¨","77","dotpositionright","singlestim","180","189320","m","right","correct","1","","1","trialend","singlestim","181","190333"
"9862","Subject64","1","horsehorse","1","horse","positionleft","validityinvalid","test","2","neutral","singlestim","183","192337","369","â€šÃ³Ã¨","77","dotpositionright","singlestim","184","192758","m","right","correct","1","","1","trialend","singlestim","185","193771"
"10159","Subject64","1","cruelcruel","1","cruel","positionright","validityvalid","test","2","negative","singlestim","187","195776","352","â€šÃ³Ã¨","77","dotpositionright","singlestim","188","196180","m","right","correct","1","","1","trialend","singlestim","189","197194"
"10456","Subject64","1","lovelove","1","love","positionright","validityinvalid","test","2","positive","singlestim","191","199198","379","â€šÃ³Ã¨","67","dotpositionleft","singlestim","192","199629","c","left","correct","1","","1","trialend","singlestim","193","200643"
"10753","Subject64","1","noosenoose","1","noose","positionleft","validityvalid","test","2","suicide","singlestim","195","202647","372","â€šÃ³Ã¨","67","dotpositionleft","singlestim","196","203069","c","left","correct","1","","1","trialend","singlestim","197","204081"
"11050","Subject64","1","filthyfilthy","1","filthy","positionleft","validityinvalid","test","2","negative","singlestim","199","206086","370","â€šÃ³Ã¨","77","dotpositionright","singlestim","200","206508","m","right","correct","1","","1","trialend","singlestim","201","207520"
"11347","Subject64","1","failurefailure","1","failure","positionleft","validityvalid","test","2","negative","singlestim","203","209525","377","â€šÃ³Ã¨","67","dotpositionleft","singlestim","204","209953","c","left","correct","1","","1","trialend","singlestim","205","210966"
"11644","Subject64","1","enthusiasmenthusiasm","1","enthusiasm","positionright","validityvalid","test","2","positive","singlestim","207","212969","385","â€šÃ³Ã¨","77","dotpositionright","singlestim","208","213407","m","right","correct","1","","1","trialend","singlestim","209","214420"
"11941","Subject64","1","overdoseoverdose","1","overdose","positionright","validityinvalid","test","2","suicide","singlestim","211","216423","312","â€šÃ³Ã¨","67","dotpositionleft","singlestim","212","216788","c","left","correct","1","","1","trialend","singlestim","213","217801"
"12238","Subject64","1","abuseabuse","1","abuse","positionright","validityvalid","test","2","negative","singlestim","215","219805","321","â€šÃ³Ã¨","77","dotpositionright","singlestim","216","220178","m","right","correct","1","","1","trialend","singlestim","217","221191"
"12535","Subject64","1","pleasurepleasure","1","pleasure","positionleft","validityvalid","test","2","positive","singlestim","219","223195","359","â€šÃ³Ã¨","67","dotpositionleft","singlestim","220","223606","c","left","correct","1","","1","trialend","singlestim","221","224620"
"12832","Subject64","1","paperpaper","1","paper","positionleft","validityvalid","test","2","neutral","singlestim","223","226624","384","â€šÃ³Ã¨","67","dotpositionleft","singlestim","224","227060","c","left","correct","1","","1","trialend","singlestim","225","228074"
"13129","Subject64","1","braverybravery","1","bravery","positionleft","validityvalid","test","2","positive","singlestim","227","230078","418","â€šÃ³Ã¨","67","dotpositionleft","singlestim","228","230549","c","left","correct","1","","1","trialend","singlestim","229","231562"
"13426","Subject64","1","corpsecorpse","1","corpse","positionleft","validityvalid","test","2","suicide","singlestim","231","233566","353","â€šÃ³Ã¨","67","dotpositionleft","singlestim","232","233972","c","left","correct","1","","1","trialend","singlestim","233","234985"
"13723","Subject64","1","foamfoam","1","foam","positionright","validityvalid","test","2","neutral","singlestim","235","236990","314","â€šÃ³Ã¨","77","dotpositionright","singlestim","236","237356","m","right","correct","1","","1","trialend","singlestim","237","238370"
"14020","Subject64","1","deathdeath","1","death","positionright","validityvalid","test","2","suicide","singlestim","239","240374","328","â€šÃ³Ã¨","77","dotpositionright","singlestim","240","240755","m","right","correct","1","","1","trialend","singlestim","241","241768"
"14317","Subject64","1","structurestructure","1","structure","positionright","validityvalid","test","4","neutral","singlestim","243","243773","343","â€šÃ³Ã¨","77","dotpositionright","singlestim","244","244168","m","right","correct","1","","1","trialend","singlestim","245","245182"
"14614","Subject64","1","ecstaticecstatic","1","ecstatic","positionright","validityvalid","test","4","positive","singlestim","247","247186","346","â€šÃ³Ã¨","77","dotpositionright","singlestim","248","247584","m","right","correct","1","","1","trialend","singlestim","249","248597"
"14911","Subject64","1","stupidstupid","1","stupid","positionleft","validityvalid","test","4","negative","singlestim","251","250602","324","â€šÃ³Ã¨","67","dotpositionleft","singlestim","252","250978","c","left","correct","1","","1","trialend","singlestim","253","251991"
"15208","Subject64","1","engineengine","1","engine","positionleft","validityvalid","test","4","neutral","singlestim","255","253996","357","â€šÃ³Ã¨","67","dotpositionleft","singlestim","256","254405","c","left","correct","1","","1","trialend","singlestim","257","255419"
"15505","Subject64","1","alonealone","1","alone","positionleft","validityvalid","test","4","negative","singlestim","259","257422","376","â€šÃ³Ã¨","67","dotpositionleft","singlestim","260","257851","c","left","correct","1","","1","trialend","singlestim","261","258864"
"15802","Subject64","1","passionatepassionate","1","passionate","positionleft","validityinvalid","test","4","positive","singlestim","263","260869","455","â€šÃ³Ã¨","77","dotpositionright","singlestim","264","261376","m","right","correct","1","","1","trialend","singlestim","265","262389"
"16099","Subject64","1","frameframe","1","frame","positionleft","validityinvalid","test","4","neutral","singlestim","267","264394","383","â€šÃ³Ã¨","77","dotpositionright","singlestim","268","264828","m","right","correct","1","","1","trialend","singlestim","269","265842"
"16396","Subject64","1","suicidesuicide","1","suicide","positionright","validityinvalid","test","4","suicide","singlestim","271","267846","758","â€šÃ³Ã¨","67","dotpositionleft","singlestim","272","268656","c","left","correct","1","","1","trialend","singlestim","273","269669"
"16693","Subject64","1","doubledouble","1","double","positionright","validityvalid","test","4","neutral","singlestim","275","271672","1225","â€šÃ³Ã¨","77","dotpositionright","singlestim","276","272950","m","right","correct","1","","1","trialend","singlestim","277","273963"
"16990","Subject64","1","deceaseddeceased","1","deceased","positionright","validityvalid","test","4","suicide","singlestim","279","275967","352","â€šÃ³Ã¨","77","dotpositionright","singlestim","280","276371","m","right","correct","1","","1","trialend","singlestim","281","277384"
"17287","Subject64","1","wohlesswohless","1","wohless","positionright","validityvalid","test","4","negative","singlestim","283","279389","347","â€šÃ³Ã¨","77","dotpositionright","singlestim","284","279788","m","right","correct","1","","1","trialend","singlestim","285","280801"
"17584","Subject64","1","laughlaugh","1","laugh","positionright","validityvalid","test","4","positive","singlestim","287","282806","338","â€šÃ³Ã¨","77","dotpositionright","singlestim","288","283195","m","right","correct","1","","1","trialend","singlestim","289","284208"
"17881","Subject64","1","killingkilling","1","killing","positionleft","validityvalid","test","4","suicide","singlestim","291","286212","309","â€šÃ³Ã¨","67","dotpositionleft","singlestim","292","286572","c","left","correct","1","","1","trialend","singlestim","293","287585"
"18178","Subject64","1","hanginghanging","1","hanging","positionleft","validityvalid","test","4","suicide","singlestim","295","289590","357","â€šÃ³Ã¨","67","dotpositionleft","singlestim","296","289998","c","left","correct","1","","1","trialend","singlestim","297","291011"
"18475","Subject64","1","ashamedashamed","1","ashamed","positionright","validityinvalid","test","4","negative","singlestim","299","293016","751","â€šÃ³Ã¨","67","dotpositionleft","singlestim","300","293818","c","left","correct","1","","1","trialend","singlestim","301","294831"
"18772","Subject64","1","successsuccess","1","success","positionleft","validityvalid","test","4","positive","singlestim","303","296836","656","â€šÃ³Ã¨","67","dotpositionleft","singlestim","304","297544","c","left","correct","1","","1","trialend","singlestim","305","298557"
