"","SubjectID","rt","stimulus","keypress","word","wordposition","validity","block","blocknum","wordtype","trialtype","trialindex","timeelapsed","rt.1","stimulus.1","keypress.1","dotposition","trialtype.1","trialindex.1","timeelapsed.1","keypressed","participantresponse","correctresponse","rt.2","stimulus.2","keypress.2","blocktrial","trialtype.2","trialindex.2","timeelapsed.2"
"228","Subject260","1","statuestatue","1","statue","positionright","validityinvalid","test","1","neutral","singlestim","51","90212","443","â€šÃ³Ã¨","67","dotpositionleft","singlestim","52","90707","c","left","correct","1","","1","trialend","singlestim","53","91720"
"525","Subject260","1","patheticpathetic","1","pathetic","positionleft","validityvalid","test","1","negative","singlestim","55","93726","496","â€šÃ³Ã¨","67","dotpositionleft","singlestim","56","94274","c","left","correct","1","","1","trialend","singlestim","57","95287"
"822","Subject260","1","gunshotgunshot","1","gunshot","positionright","validityvalid","test","1","suicide","singlestim","59","97291","470","â€šÃ³Ã¨","77","dotpositionright","singlestim","60","97813","m","right","correct","1","","1","trialend","singlestim","61","98828"
"1119","Subject260","1","healthyhealthy","1","healthy","positionleft","validityinvalid","test","1","positive","singlestim","63","100834","474","â€šÃ³Ã¨","77","dotpositionright","singlestim","64","101361","m","right","correct","1","","1","trialend","singlestim","65","102377"
"1416","Subject260","1","vomitvomit","1","vomit","positionleft","validityvalid","test","1","negative","singlestim","67","104382","466","â€šÃ³Ã¨","67","dotpositionleft","singlestim","68","104903","c","left","correct","1","","1","trialend","singlestim","69","105917"
"1713","Subject260","1","paradiseparadise","1","paradise","positionleft","validityvalid","test","1","positive","singlestim","71","107923","482","â€šÃ³Ã¨","67","dotpositionleft","singlestim","72","108458","c","left","correct","1","","1","trialend","singlestim","73","109470"
"2010","Subject260","1","cryingcrying","1","crying","positionright","validityvalid","test","1","negative","singlestim","75","111475","510","â€šÃ³Ã¨","77","dotpositionright","singlestim","76","112039","m","right","correct","1","","1","trialend","singlestim","77","113054"
"2307","Subject260","1","imageimage","1","image","positionleft","validityvalid","test","1","neutral","singlestim","79","115060","480","â€šÃ³Ã¨","67","dotpositionleft","singlestim","80","115594","c","left","correct","1","","1","trialend","singlestim","81","116609"
"2604","Subject260","1","attractionattraction","1","attraction","positionright","validityvalid","test","1","positive","singlestim","83","118613","439","â€šÃ³Ã¨","77","dotpositionright","singlestim","84","119106","m","right","correct","1","","1","trialend","singlestim","85","120120"
"2901","Subject260","1","cheesecheese","1","cheese","positionright","validityvalid","test","1","neutral","singlestim","87","122125","468","â€šÃ³Ã¨","77","dotpositionright","singlestim","88","122646","m","right","correct","1","","1","trialend","singlestim","89","123659"
"3198","Subject260","1","funeralfuneral","1","funeral","positionright","validityvalid","test","1","suicide","singlestim","91","125664","448","â€šÃ³Ã¨","77","dotpositionright","singlestim","92","126163","m","right","correct","1","","1","trialend","singlestim","93","127177"
"3495","Subject260","1","suffocationsuffocation","1","suffocation","positionleft","validityinvalid","test","1","suicide","singlestim","95","129184","476","â€šÃ³Ã¨","77","dotpositionright","singlestim","96","129713","m","right","correct","1","","1","trialend","singlestim","97","130725"
"3792","Subject260","1","hatehate","1","hate","positionright","validityinvalid","test","1","negative","singlestim","99","132729","426","â€šÃ³Ã¨","67","dotpositionleft","singlestim","100","133208","c","left","correct","1","","1","trialend","singlestim","101","134220"
"4089","Subject260","1","greatgreat","1","great","positionright","validityvalid","test","1","positive","singlestim","103","136225","480","â€šÃ³Ã¨","77","dotpositionright","singlestim","104","136757","m","right","correct","1","","1","trialend","singlestim","105","137771"
"4386","Subject260","1","bloodblood","1","blood","positionleft","validityvalid","test","1","suicide","singlestim","107","139778","426","â€šÃ³Ã¨","67","dotpositionleft","singlestim","108","140256","c","left","correct","1","","1","trialend","singlestim","109","141269"
"4683","Subject260","1","foldedfolded","1","folded","positionleft","validityvalid","test","1","neutral","singlestim","111","143274","444","â€šÃ³Ã¨","67","dotpositionleft","singlestim","112","143770","c","left","correct","1","","1","trialend","singlestim","113","144785"
"4980","Subject260","1","cuttingcutting","1","cutting","positionright","validityvalid","test","3","suicide","singlestim","115","146789","440","â€šÃ³Ã¨","77","dotpositionright","singlestim","116","147282","m","right","correct","1","","1","trialend","singlestim","117","148295"
"5277","Subject260","1","closetcloset","1","closet","positionright","validityinvalid","test","3","neutral","singlestim","119","150300","486","â€šÃ³Ã¨","67","dotpositionleft","singlestim","120","150838","c","left","correct","1","","1","trialend","singlestim","121","151850"
"5574","Subject260","1","kisskiss","1","kiss","positionright","validityinvalid","test","3","positive","singlestim","123","153858","444","â€šÃ³Ã¨","67","dotpositionleft","singlestim","124","154354","c","left","correct","1","","1","trialend","singlestim","125","155367"
"5871","Subject260","1","rejectedrejected","1","rejected","positionright","validityvalid","test","3","negative","singlestim","127","157374","454","â€šÃ³Ã¨","77","dotpositionright","singlestim","128","157882","m","right","correct","1","","1","trialend","singlestim","129","158895"
"6168","Subject260","1","happyhappy","1","happy","positionright","validityvalid","test","3","positive","singlestim","131","160900","422","â€šÃ³Ã¨","77","dotpositionright","singlestim","132","161374","m","right","correct","1","","1","trialend","singlestim","133","162388"
"6465","Subject260","1","assaultassault","1","assault","positionleft","validityinvalid","test","3","negative","singlestim","135","164393","493","â€šÃ³Ã¨","77","dotpositionright","singlestim","136","164937","m","right","correct","1","","1","trialend","singlestim","137","165951"
"6762","Subject260","1","museummuseum","1","museum","positionleft","validityvalid","test","3","neutral","singlestim","139","167957","451","â€šÃ³Ã¨","67","dotpositionleft","singlestim","140","168461","c","left","correct","1","","1","trialend","singlestim","141","169474"
"7059","Subject260","1","diedie","1","die","positionright","validityvalid","test","3","suicide","singlestim","143","171480","473","â€šÃ³Ã¨","77","dotpositionright","singlestim","144","172004","m","right","correct","1","","1","trialend","singlestim","145","173018"
"7356","Subject260","1","dyingdying","1","dying","positionleft","validityvalid","test","3","suicide","singlestim","147","175023","417","â€šÃ³Ã¨","67","dotpositionleft","singlestim","148","175491","c","left","correct","1","","1","trialend","singlestim","149","176505"
"7653","Subject260","1","touretoure","1","toure","positionleft","validityvalid","test","3","negative","singlestim","151","178510","427","â€šÃ³Ã¨","67","dotpositionleft","singlestim","152","178992","c","left","correct","1","","1","trialend","singlestim","153","180006"
"7950","Subject260","1","bombbomb","1","bomb","positionright","validityvalid","test","3","negative","singlestim","155","182012","462","â€šÃ³Ã¨","77","dotpositionright","singlestim","156","182527","m","right","correct","1","","1","trialend","singlestim","157","183540"
"8247","Subject260","1","metermeter","1","meter","positionleft","validityvalid","test","3","neutral","singlestim","159","185545","426","â€šÃ³Ã¨","67","dotpositionleft","singlestim","160","186025","c","left","correct","1","","1","trialend","singlestim","161","187040"
"8544","Subject260","1","strongstrong","1","strong","positionleft","validityvalid","test","3","positive","singlestim","163","189044","393","â€šÃ³Ã¨","67","dotpositionleft","singlestim","164","189490","c","left","correct","1","","1","trialend","singlestim","165","190503"
"8841","Subject260","1","deaddead","1","dead","positionleft","validityinvalid","test","3","suicide","singlestim","167","192509","486","â€šÃ³Ã¨","77","dotpositionright","singlestim","168","193047","m","right","correct","1","","1","trialend","singlestim","169","194061"
"9138","Subject260","1","greengreen","1","green","positionright","validityvalid","test","3","neutral","singlestim","171","196067","423","â€šÃ³Ã¨","77","dotpositionright","singlestim","172","196541","m","right","correct","1","","1","trialend","singlestim","173","197554"
"9435","Subject260","1","smilesmile","1","smile","positionleft","validityvalid","test","3","positive","singlestim","175","199560","460","â€šÃ³Ã¨","67","dotpositionleft","singlestim","176","200071","c","left","correct","1","","1","trialend","singlestim","177","201086"
"9732","Subject260","1","laughlaugh","1","laugh","positionright","validityvalid","test","4","positive","singlestim","179","203092","417","â€šÃ³Ã¨","77","dotpositionright","singlestim","180","203562","m","right","correct","1","","1","trialend","singlestim","181","204576"
"10029","Subject260","1","frameframe","1","frame","positionleft","validityinvalid","test","4","neutral","singlestim","183","206579","452","â€šÃ³Ã¨","77","dotpositionright","singlestim","184","207084","m","right","correct","1","","1","trialend","singlestim","185","208097"
"10326","Subject260","1","ecstaticecstatic","1","ecstatic","positionright","validityvalid","test","4","positive","singlestim","187","210104","435","â€šÃ³Ã¨","77","dotpositionright","singlestim","188","210590","m","right","correct","1","","1","trialend","singlestim","189","211604"
"10623","Subject260","1","killingkilling","1","killing","positionleft","validityvalid","test","4","suicide","singlestim","191","213609","452","â€šÃ³Ã¨","67","dotpositionleft","singlestim","192","214114","c","left","correct","1","","1","trialend","singlestim","193","215128"
"10920","Subject260","1","suicidesuicide","1","suicide","positionright","validityinvalid","test","4","suicide","singlestim","195","217134","461","â€šÃ³Ã¨","67","dotpositionleft","singlestim","196","217647","c","left","correct","1","","1","trialend","singlestim","197","218660"
"11217","Subject260","1","structurestructure","1","structure","positionright","validityvalid","test","4","neutral","singlestim","199","220666","385","â€šÃ³Ã¨","77","dotpositionright","singlestim","200","221103","m","right","correct","1","","1","trialend","singlestim","201","222116"
"11514","Subject260","1","doubledouble","1","double","positionright","validityvalid","test","4","neutral","singlestim","203","224120","473","â€šÃ³Ã¨","77","dotpositionright","singlestim","204","224645","m","right","correct","1","","1","trialend","singlestim","205","225659"
"11811","Subject260","1","successsuccess","1","success","positionleft","validityvalid","test","4","positive","singlestim","207","227664","461","â€šÃ³Ã¨","67","dotpositionleft","singlestim","208","228178","c","left","correct","1","","1","trialend","singlestim","209","229190"
"12108","Subject260","1","engineengine","1","engine","positionleft","validityvalid","test","4","neutral","singlestim","211","231196","425","â€šÃ³Ã¨","67","dotpositionleft","singlestim","212","231674","c","left","correct","1","","1","trialend","singlestim","213","232687"
"12405","Subject260","1","alonealone","1","alone","positionleft","validityvalid","test","4","negative","singlestim","215","234692","468","â€šÃ³Ã¨","67","dotpositionleft","singlestim","216","235212","c","left","correct","1","","1","trialend","singlestim","217","236226"
"12702","Subject260","1","ashamedashamed","1","ashamed","positionright","validityinvalid","test","4","negative","singlestim","219","238231","493","â€šÃ³Ã¨","67","dotpositionleft","singlestim","220","238777","c","left","correct","1","","1","trialend","singlestim","221","239791"
"12999","Subject260","1","passionatepassionate","1","passionate","positionleft","validityinvalid","test","4","positive","singlestim","223","241798","457","â€šÃ³Ã¨","77","dotpositionright","singlestim","224","242306","m","right","correct","1","","1","trialend","singlestim","225","243321"
"13296","Subject260","1","wohlesswohless","1","wohless","positionright","validityvalid","test","4","negative","singlestim","227","245327","446","â€šÃ³Ã¨","77","dotpositionright","singlestim","228","245823","m","right","correct","1","","1","trialend","singlestim","229","246840"
"13593","Subject260","1","hanginghanging","1","hanging","positionleft","validityvalid","test","4","suicide","singlestim","231","248844","489","â€šÃ³Ã¨","67","dotpositionleft","singlestim","232","249384","c","left","correct","1","","1","trialend","singlestim","233","250397"
"13890","Subject260","1","stupidstupid","1","stupid","positionleft","validityvalid","test","4","negative","singlestim","235","252403","551","â€šÃ³Ã¨","67","dotpositionleft","singlestim","236","253007","c","left","correct","1","","1","trialend","singlestim","237","254019"
"14187","Subject260","1","deceaseddeceased","1","deceased","positionright","validityvalid","test","4","suicide","singlestim","239","256024","497","â€šÃ³Ã¨","77","dotpositionright","singlestim","240","256575","m","right","correct","1","","1","trialend","singlestim","241","257589"
"14484","Subject260","1","foamfoam","1","foam","positionright","validityvalid","test","2","neutral","singlestim","243","259593","449","â€šÃ³Ã¨","77","dotpositionright","singlestim","244","260095","m","right","correct","1","","1","trialend","singlestim","245","261109"
"14781","Subject260","1","abuseabuse","1","abuse","positionright","validityvalid","test","2","negative","singlestim","247","263114","473","â€šÃ³Ã¨","77","dotpositionright","singlestim","248","263640","m","right","correct","1","","1","trialend","singlestim","249","264656"
"15078","Subject260","1","lovelove","1","love","positionright","validityinvalid","test","2","positive","singlestim","251","266662","484","â€šÃ³Ã¨","67","dotpositionleft","singlestim","252","267198","c","left","correct","1","","1","trialend","singlestim","253","268211"
"15375","Subject260","1","cruelcruel","1","cruel","positionright","validityvalid","test","2","negative","singlestim","255","270217","435","â€šÃ³Ã¨","77","dotpositionright","singlestim","256","270705","m","right","correct","1","","1","trialend","singlestim","257","271717"
"15672","Subject260","1","overdoseoverdose","1","overdose","positionright","validityinvalid","test","2","suicide","singlestim","259","273722","492","â€šÃ³Ã¨","67","dotpositionleft","singlestim","260","274266","c","left","correct","1","","1","trialend","singlestim","261","275279"
"15969","Subject260","1","horsehorse","1","horse","positionleft","validityinvalid","test","2","neutral","singlestim","263","277285","518","â€šÃ³Ã¨","77","dotpositionright","singlestim","264","277855","m","right","correct","1","","1","trialend","singlestim","265","278869"
"16266","Subject260","1","filthyfilthy","1","filthy","positionleft","validityinvalid","test","2","negative","singlestim","267","280874","512","â€šÃ³Ã¨","77","dotpositionright","singlestim","268","281439","m","right","correct","1","","1","trialend","singlestim","269","282453"
"16563","Subject260","1","tabletable","1","table","positionright","validityvalid","test","2","neutral","singlestim","271","284458","440","â€šÃ³Ã¨","77","dotpositionright","singlestim","272","284951","m","right","correct","1","","1","trialend","singlestim","273","285966"
"16860","Subject260","1","braverybravery","1","bravery","positionleft","validityvalid","test","2","positive","singlestim","275","287972","535","â€šÃ³Ã¨","67","dotpositionleft","singlestim","276","288559","c","left","correct","1","","1","trialend","singlestim","277","289572"
"17157","Subject260","1","paperpaper","1","paper","positionleft","validityvalid","test","2","neutral","singlestim","279","291577","463","â€šÃ³Ã¨","67","dotpositionleft","singlestim","280","292092","c","left","correct","1","","1","trialend","singlestim","281","293106"
"17454","Subject260","1","enthusiasmenthusiasm","1","enthusiasm","positionright","validityvalid","test","2","positive","singlestim","283","295110","464","â€šÃ³Ã¨","77","dotpositionright","singlestim","284","295627","m","right","correct","1","","1","trialend","singlestim","285","296639"
"17751","Subject260","1","failurefailure","1","failure","positionleft","validityvalid","test","2","negative","singlestim","287","298646","575","â€šÃ³Ã¨","67","dotpositionleft","singlestim","288","299273","c","left","correct","1","","1","trialend","singlestim","289","300288"
"18048","Subject260","1","noosenoose","1","noose","positionleft","validityvalid","test","2","suicide","singlestim","291","302293","553","â€šÃ³Ã¨","67","dotpositionleft","singlestim","292","302898","c","left","correct","1","","1","trialend","singlestim","293","303911"
"18345","Subject260","1","deathdeath","1","death","positionright","validityvalid","test","2","suicide","singlestim","295","305918","463","â€šÃ³Ã¨","77","dotpositionright","singlestim","296","306434","m","right","correct","1","","1","trialend","singlestim","297","307447"
"18642","Subject260","1","corpsecorpse","1","corpse","positionleft","validityvalid","test","2","suicide","singlestim","299","309452","475","â€šÃ³Ã¨","67","dotpositionleft","singlestim","300","309978","c","left","correct","1","","1","trialend","singlestim","301","310992"
"18939","Subject260","1","pleasurepleasure","1","pleasure","positionleft","validityvalid","test","2","positive","singlestim","303","312996","465","â€šÃ³Ã¨","67","dotpositionleft","singlestim","304","313515","c","left","correct","1","","1","trialend","singlestim","305","314527"
