"","SubjectID","rt","stimulus","keypress","word","wordposition","validity","block","blocknum","wordtype","trialtype","trialindex","timeelapsed","rt.1","stimulus.1","keypress.1","dotposition","trialtype.1","trialindex.1","timeelapsed.1","keypressed","participantresponse","correctresponse","rt.2","stimulus.2","keypress.2","blocktrial","trialtype.2","trialindex.2","timeelapsed.2"
"73","Subject76","1","museummuseum","1","museum","positionleft","validityvalid","test","3","neutral","singlestim","51","78836","363","â€šÃ³Ã¨","67","dotpositionleft","singlestim","52","79251","c","left","correct","1","","1","trialend","singlestim","53","80263"
"370","Subject76","1","greengreen","1","green","positionright","validityvalid","test","3","neutral","singlestim","55","82269","347","â€šÃ³Ã¨","77","dotpositionright","singlestim","56","82668","m","right","correct","1","","1","trialend","singlestim","57","83682"
"667","Subject76","1","dyingdying","1","dying","positionleft","validityvalid","test","3","suicide","singlestim","59","85687","297","â€šÃ³Ã¨","67","dotpositionleft","singlestim","60","86036","c","left","correct","1","","1","trialend","singlestim","61","87048"
"964","Subject76","1","bombbomb","1","bomb","positionright","validityvalid","test","3","negative","singlestim","63","89053","340","â€šÃ³Ã¨","77","dotpositionright","singlestim","64","89444","m","right","correct","1","","1","trialend","singlestim","65","90458"
"1261","Subject76","1","metermeter","1","meter","positionleft","validityvalid","test","3","neutral","singlestim","67","92462","313","â€šÃ³Ã¨","67","dotpositionleft","singlestim","68","92828","c","left","correct","1","","1","trialend","singlestim","69","93841"
"1558","Subject76","1","cuttingcutting","1","cutting","positionright","validityvalid","test","3","suicide","singlestim","71","95846","330","â€šÃ³Ã¨","77","dotpositionright","singlestim","72","96227","m","right","correct","1","","1","trialend","singlestim","73","97240"
"1855","Subject76","1","diedie","1","die","positionright","validityvalid","test","3","suicide","singlestim","75","99247","346","â€šÃ³Ã¨","77","dotpositionright","singlestim","76","99645","m","right","correct","1","","1","trialend","singlestim","77","100658"
"2152","Subject76","1","strongstrong","1","strong","positionleft","validityvalid","test","3","positive","singlestim","79","102662","387","â€šÃ³Ã¨","67","dotpositionleft","singlestim","80","103101","c","left","correct","1","","1","trialend","singlestim","81","104113"
"2449","Subject76","1","smilesmile","1","smile","positionleft","validityvalid","test","3","positive","singlestim","83","106119","313","â€šÃ³Ã¨","67","dotpositionleft","singlestim","84","106484","c","left","correct","1","","1","trialend","singlestim","85","107496"
"2746","Subject76","1","assaultassault","1","assault","positionleft","validityinvalid","test","3","negative","singlestim","87","109500","317","â€šÃ³Ã¨","77","dotpositionright","singlestim","88","109869","m","right","correct","1","","1","trialend","singlestim","89","110880"
"3043","Subject76","1","deaddead","1","dead","positionleft","validityinvalid","test","3","suicide","singlestim","91","112885","355","â€šÃ³Ã¨","77","dotpositionright","singlestim","92","113291","m","right","correct","1","","1","trialend","singlestim","93","114303"
"3340","Subject76","1","rejectedrejected","1","rejected","positionright","validityvalid","test","3","negative","singlestim","95","116308","427","â€šÃ³Ã¨","77","dotpositionright","singlestim","96","116787","m","right","correct","1","","1","trialend","singlestim","97","117801"
"3637","Subject76","1","happyhappy","1","happy","positionright","validityvalid","test","3","positive","singlestim","99","119806","344","â€šÃ³Ã¨","77","dotpositionright","singlestim","100","120202","m","right","correct","1","","1","trialend","singlestim","101","121216"
"3934","Subject76","1","closetcloset","1","closet","positionright","validityinvalid","test","3","neutral","singlestim","103","123221","330","â€šÃ³Ã¨","67","dotpositionleft","singlestim","104","123603","c","left","correct","1","","1","trialend","singlestim","105","124617"
"4231","Subject76","1","touretoure","1","toure","positionleft","validityvalid","test","3","negative","singlestim","107","126621","345","â€šÃ³Ã¨","67","dotpositionleft","singlestim","108","127019","c","left","correct","1","","1","trialend","singlestim","109","128032"
"4528","Subject76","1","kisskiss","1","kiss","positionright","validityinvalid","test","3","positive","singlestim","111","130036","316","â€šÃ³Ã¨","67","dotpositionleft","singlestim","112","130404","c","left","correct","1","","1","trialend","singlestim","113","131417"
"4825","Subject76","1","patheticpathetic","1","pathetic","positionleft","validityvalid","test","1","negative","singlestim","115","133422","329","â€šÃ³Ã¨","67","dotpositionleft","singlestim","116","133803","c","left","correct","1","","1","trialend","singlestim","117","134817"
"5122","Subject76","1","gunshotgunshot","1","gunshot","positionright","validityvalid","test","1","suicide","singlestim","119","136822","386","â€šÃ³Ã¨","77","dotpositionright","singlestim","120","137260","m","right","correct","1","","1","trialend","singlestim","121","138272"
"5419","Subject76","1","imageimage","1","image","positionleft","validityvalid","test","1","neutral","singlestim","123","140277","323","â€šÃ³Ã¨","67","dotpositionleft","singlestim","124","140652","c","left","correct","1","","1","trialend","singlestim","125","141666"
"5716","Subject76","1","greatgreat","1","great","positionright","validityvalid","test","1","positive","singlestim","127","143670","345","â€šÃ³Ã¨","77","dotpositionright","singlestim","128","144067","m","right","correct","1","","1","trialend","singlestim","129","145079"
"6013","Subject76","1","statuestatue","1","statue","positionright","validityinvalid","test","1","neutral","singlestim","131","147084","354","â€šÃ³Ã¨","67","dotpositionleft","singlestim","132","147491","c","left","correct","1","","1","trialend","singlestim","133","148503"
"6310","Subject76","1","suffocationsuffocation","1","suffocation","positionleft","validityinvalid","test","1","suicide","singlestim","135","150507","332","â€šÃ³Ã¨","77","dotpositionright","singlestim","136","150892","m","right","correct","1","","1","trialend","singlestim","137","151904"
"6607","Subject76","1","paradiseparadise","1","paradise","positionleft","validityvalid","test","1","positive","singlestim","139","153909","282","â€šÃ³Ã¨","67","dotpositionleft","singlestim","140","154243","c","left","correct","1","","1","trialend","singlestim","141","155256"
"6904","Subject76","1","cryingcrying","1","crying","positionright","validityvalid","test","1","negative","singlestim","143","157261","330","â€šÃ³Ã¨","77","dotpositionright","singlestim","144","157643","m","right","correct","1","","1","trialend","singlestim","145","158655"
"7201","Subject76","1","foldedfolded","1","folded","positionleft","validityvalid","test","1","neutral","singlestim","147","160660","299","â€šÃ³Ã¨","67","dotpositionleft","singlestim","148","161012","c","left","correct","1","","1","trialend","singlestim","149","162025"
"7498","Subject76","1","bloodblood","1","blood","positionleft","validityvalid","test","1","suicide","singlestim","151","164030","304","â€šÃ³Ã¨","67","dotpositionleft","singlestim","152","164387","c","left","correct","1","","1","trialend","singlestim","153","165401"
"7795","Subject76","1","funeralfuneral","1","funeral","positionright","validityvalid","test","1","suicide","singlestim","155","167405","368","â€šÃ³Ã¨","77","dotpositionright","singlestim","156","167827","m","right","correct","1","","1","trialend","singlestim","157","168840"
"8092","Subject76","1","healthyhealthy","1","healthy","positionleft","validityinvalid","test","1","positive","singlestim","159","170846","410","â€šÃ³Ã¨","77","dotpositionright","singlestim","160","171308","m","right","correct","1","","1","trialend","singlestim","161","172321"
"8389","Subject76","1","attractionattraction","1","attraction","positionright","validityvalid","test","1","positive","singlestim","163","174325","416","â€šÃ³Ã¨","77","dotpositionright","singlestim","164","174795","m","right","correct","1","","1","trialend","singlestim","165","175810"
"8686","Subject76","1","hatehate","1","hate","positionright","validityinvalid","test","1","negative","singlestim","167","177814","353","â€šÃ³Ã¨","67","dotpositionleft","singlestim","168","178219","c","left","correct","1","","1","trialend","singlestim","169","179231"
"8983","Subject76","1","cheesecheese","1","cheese","positionright","validityvalid","test","1","neutral","singlestim","171","181236","436","â€šÃ³Ã¨","77","dotpositionright","singlestim","172","181724","m","right","correct","1","","1","trialend","singlestim","173","182737"
"9280","Subject76","1","vomitvomit","1","vomit","positionleft","validityvalid","test","1","negative","singlestim","175","184742","322","â€šÃ³Ã¨","67","dotpositionleft","singlestim","176","185115","c","left","correct","1","","1","trialend","singlestim","177","186127"
"9577","Subject76","1","killingkilling","1","killing","positionleft","validityvalid","test","4","suicide","singlestim","179","188132","306","â€šÃ³Ã¨","67","dotpositionleft","singlestim","180","188491","c","left","correct","1","","1","trialend","singlestim","181","189503"
"9874","Subject76","1","doubledouble","1","double","positionright","validityvalid","test","4","neutral","singlestim","183","191507","357","â€šÃ³Ã¨","77","dotpositionright","singlestim","184","191916","m","right","correct","1","","1","trialend","singlestim","185","192931"
"10171","Subject76","1","suicidesuicide","1","suicide","positionright","validityinvalid","test","4","suicide","singlestim","187","194936","365","â€šÃ³Ã¨","67","dotpositionleft","singlestim","188","195355","c","left","correct","1","","1","trialend","singlestim","189","196367"
"10468","Subject76","1","laughlaugh","1","laugh","positionright","validityvalid","test","4","positive","singlestim","191","198372","322","â€šÃ³Ã¨","77","dotpositionright","singlestim","192","198747","m","right","correct","1","","1","trialend","singlestim","193","199759"
"10765","Subject76","1","engineengine","1","engine","positionleft","validityvalid","test","4","neutral","singlestim","195","201764","316","â€šÃ³Ã¨","67","dotpositionleft","singlestim","196","202133","c","left","correct","1","","1","trialend","singlestim","197","203146"
"11062","Subject76","1","structurestructure","1","structure","positionright","validityvalid","test","4","neutral","singlestim","199","205150","361","â€šÃ³Ã¨","77","dotpositionright","singlestim","200","205563","m","right","correct","1","","1","trialend","singlestim","201","206575"
"11359","Subject76","1","ecstaticecstatic","1","ecstatic","positionright","validityvalid","test","4","positive","singlestim","203","208580","385","â€šÃ³Ã¨","77","dotpositionright","singlestim","204","209019","m","right","correct","1","","1","trialend","singlestim","205","210031"
"11656","Subject76","1","stupidstupid","1","stupid","positionleft","validityvalid","test","4","negative","singlestim","207","212036","475","â€šÃ³Ã¨","67","dotpositionleft","singlestim","208","212564","c","left","correct","1","","1","trialend","singlestim","209","213576"
"11953","Subject76","1","hanginghanging","1","hanging","positionleft","validityvalid","test","4","suicide","singlestim","211","215580","434","â€šÃ³Ã¨","67","dotpositionleft","singlestim","212","216067","c","left","correct","1","","1","trialend","singlestim","213","217080"
"12250","Subject76","1","deceaseddeceased","1","deceased","positionright","validityvalid","test","4","suicide","singlestim","215","219083","323","â€šÃ³Ã¨","77","dotpositionright","singlestim","216","219459","m","right","correct","1","","1","trialend","singlestim","217","220472"
"12547","Subject76","1","ashamedashamed","1","ashamed","positionright","validityinvalid","test","4","negative","singlestim","219","222475","381","â€šÃ³Ã¨","67","dotpositionleft","singlestim","220","222907","c","left","correct","1","","1","trialend","singlestim","221","223922"
"12844","Subject76","1","successsuccess","1","success","positionleft","validityvalid","test","4","positive","singlestim","223","225926","321","â€šÃ³Ã¨","67","dotpositionleft","singlestim","224","226299","c","left","correct","1","","1","trialend","singlestim","225","227311"
"13141","Subject76","1","alonealone","1","alone","positionleft","validityvalid","test","4","negative","singlestim","227","229317","441","â€šÃ³Ã¨","67","dotpositionleft","singlestim","228","229810","c","left","correct","1","","1","trialend","singlestim","229","230823"
"13438","Subject76","1","frameframe","1","frame","positionleft","validityinvalid","test","4","neutral","singlestim","231","232828","515","â€šÃ³Ã¨","77","dotpositionright","singlestim","232","233396","m","right","correct","1","","1","trialend","singlestim","233","234408"
"13735","Subject76","1","wohlesswohless","1","wohless","positionright","validityvalid","test","4","negative","singlestim","235","236415","609","â€šÃ³Ã¨","77","dotpositionright","singlestim","236","237075","m","right","correct","1","","1","trialend","singlestim","237","238087"
"14032","Subject76","1","passionatepassionate","1","passionate","positionleft","validityinvalid","test","4","positive","singlestim","239","240094","410","â€šÃ³Ã¨","77","dotpositionright","singlestim","240","240554","m","right","correct","1","","1","trialend","singlestim","241","241566"
"14329","Subject76","1","corpsecorpse","1","corpse","positionleft","validityvalid","test","2","suicide","singlestim","243","243570","380","â€šÃ³Ã¨","67","dotpositionleft","singlestim","244","244004","c","left","correct","1","","1","trialend","singlestim","245","245017"
"14626","Subject76","1","filthyfilthy","1","filthy","positionleft","validityinvalid","test","2","negative","singlestim","247","247023","345","â€šÃ³Ã¨","77","dotpositionright","singlestim","248","247421","m","right","correct","1","","1","trialend","singlestim","249","248435"
"14923","Subject76","1","tabletable","1","table","positionright","validityvalid","test","2","neutral","singlestim","251","250440","359","â€šÃ³Ã¨","77","dotpositionright","singlestim","252","250851","m","right","correct","1","","1","trialend","singlestim","253","251865"
"15220","Subject76","1","foamfoam","1","foam","positionright","validityvalid","test","2","neutral","singlestim","255","253870","337","â€šÃ³Ã¨","77","dotpositionright","singlestim","256","254260","m","right","correct","1","","1","trialend","singlestim","257","255273"
"15517","Subject76","1","braverybravery","1","bravery","positionleft","validityvalid","test","2","positive","singlestim","259","257277","362","â€šÃ³Ã¨","67","dotpositionleft","singlestim","260","257692","c","left","correct","1","","1","trialend","singlestim","261","258703"
"15814","Subject76","1","pleasurepleasure","1","pleasure","positionleft","validityvalid","test","2","positive","singlestim","263","260708","323","â€šÃ³Ã¨","67","dotpositionleft","singlestim","264","261083","c","left","correct","1","","1","trialend","singlestim","265","262095"
"16111","Subject76","1","horsehorse","1","horse","positionleft","validityinvalid","test","2","neutral","singlestim","267","264101","369","â€šÃ³Ã¨","77","dotpositionright","singlestim","268","264521","m","right","correct","1","","1","trialend","singlestim","269","265534"
"16408","Subject76","1","paperpaper","1","paper","positionleft","validityvalid","test","2","neutral","singlestim","271","267538","436","â€šÃ³Ã¨","67","dotpositionleft","singlestim","272","268027","c","left","correct","1","","1","trialend","singlestim","273","269039"
"16705","Subject76","1","enthusiasmenthusiasm","1","enthusiasm","positionright","validityvalid","test","2","positive","singlestim","275","271044","602","â€šÃ³Ã¨","77","dotpositionright","singlestim","276","271700","m","right","correct","1","","1","trialend","singlestim","277","272713"
"17002","Subject76","1","cruelcruel","1","cruel","positionright","validityvalid","test","2","negative","singlestim","279","274718","379","â€šÃ³Ã¨","77","dotpositionright","singlestim","280","275148","m","right","correct","1","","1","trialend","singlestim","281","276162"
"17299","Subject76","1","overdoseoverdose","1","overdose","positionright","validityinvalid","test","2","suicide","singlestim","283","278166","393","â€šÃ³Ã¨","67","dotpositionleft","singlestim","284","278611","c","left","correct","1","","1","trialend","singlestim","285","279623"
"17596","Subject76","1","abuseabuse","1","abuse","positionright","validityvalid","test","2","negative","singlestim","287","281628","387","â€šÃ³Ã¨","77","dotpositionright","singlestim","288","282067","m","right","correct","1","","1","trialend","singlestim","289","283080"
"17893","Subject76","1","noosenoose","1","noose","positionleft","validityvalid","test","2","suicide","singlestim","291","285086","387","â€šÃ³Ã¨","67","dotpositionleft","singlestim","292","285525","c","left","correct","1","","1","trialend","singlestim","293","286538"
"18190","Subject76","1","lovelove","1","love","positionright","validityinvalid","test","2","positive","singlestim","295","288541","386","â€šÃ³Ã¨","67","dotpositionleft","singlestim","296","288980","c","left","correct","1","","1","trialend","singlestim","297","289993"
"18487","Subject76","1","deathdeath","1","death","positionright","validityvalid","test","2","suicide","singlestim","299","291998","352","â€šÃ³Ã¨","77","dotpositionright","singlestim","300","292403","m","right","correct","1","","1","trialend","singlestim","301","293415"
"18784","Subject76","1","failurefailure","1","failure","positionleft","validityvalid","test","2","negative","singlestim","303","295419","453","â€šÃ³Ã¨","67","dotpositionleft","singlestim","304","295925","c","left","correct","1","","1","trialend","singlestim","305","296938"
