"","SubjectID","rt","stimulus","keypress","word","wordposition","validity","block","blocknum","wordtype","trialtype","trialindex","timeelapsed","rt.1","stimulus.1","keypress.1","dotposition","trialtype.1","trialindex.1","timeelapsed.1","keypressed","participantresponse","correctresponse","rt.2","stimulus.2","keypress.2","blocktrial","trialtype.2","trialindex.2","timeelapsed.2"
"69","Subject72","1","bloodblood","1","blood","positionleft","validityvalid","test","1","suicide","singlestim","51","83086","406","â€šÃ³Ã¨","67","dotpositionleft","singlestim","52","83544","c","left","correct","1","","1","trialend","singlestim","53","84560"
"366","Subject72","1","greatgreat","1","great","positionright","validityvalid","test","1","positive","singlestim","55","86568","387","â€šÃ³Ã¨","77","dotpositionright","singlestim","56","87007","m","right","correct","1","","1","trialend","singlestim","57","88025"
"663","Subject72","1","vomitvomit","1","vomit","positionleft","validityvalid","test","1","negative","singlestim","59","90033","354","â€šÃ³Ã¨","67","dotpositionleft","singlestim","60","90439","c","left","correct","1","","1","trialend","singlestim","61","91454"
"960","Subject72","1","patheticpathetic","1","pathetic","positionleft","validityvalid","test","1","negative","singlestim","63","93463","361","â€šÃ³Ã¨","67","dotpositionleft","singlestim","64","93879","c","left","correct","1","","1","trialend","singlestim","65","94896"
"1257","Subject72","1","paradiseparadise","1","paradise","positionleft","validityvalid","test","1","positive","singlestim","67","96904","346","â€šÃ³Ã¨","67","dotpositionleft","singlestim","68","97303","c","left","correct","1","","1","trialend","singlestim","69","98316"
"1554","Subject72","1","hatehate","1","hate","positionright","validityinvalid","test","1","negative","singlestim","71","100322","375","â€šÃ³Ã¨","67","dotpositionleft","singlestim","72","100750","c","left","correct","1","","1","trialend","singlestim","73","101767"
"1851","Subject72","1","attractionattraction","1","attraction","positionright","validityvalid","test","1","positive","singlestim","75","103776","355","â€šÃ³Ã¨","77","dotpositionright","singlestim","76","104183","m","right","correct","1","","1","trialend","singlestim","77","105198"
"2148","Subject72","1","cheesecheese","1","cheese","positionright","validityvalid","test","1","neutral","singlestim","79","107205","348","â€šÃ³Ã¨","77","dotpositionright","singlestim","80","107606","m","right","correct","1","","1","trialend","singlestim","81","108621"
"2445","Subject72","1","gunshotgunshot","1","gunshot","positionright","validityvalid","test","1","suicide","singlestim","83","110632","378","â€šÃ³Ã¨","77","dotpositionright","singlestim","84","111062","m","right","correct","1","","1","trialend","singlestim","85","112080"
"2742","Subject72","1","foldedfolded","1","folded","positionleft","validityvalid","test","1","neutral","singlestim","87","114089","449","â€šÃ³Ã¨","67","dotpositionleft","singlestim","88","114590","c","left","correct","1","","1","trialend","singlestim","89","115603"
"3039","Subject72","1","cryingcrying","1","crying","positionright","validityvalid","test","1","negative","singlestim","91","117612","422","â€šÃ³Ã¨","77","dotpositionright","singlestim","92","118085","m","right","correct","1","","1","trialend","singlestim","93","119103"
"3336","Subject72","1","statuestatue","1","statue","positionright","validityinvalid","test","1","neutral","singlestim","95","121111","466","â€šÃ³Ã¨","67","dotpositionleft","singlestim","96","121629","c","left","correct","1","","1","trialend","singlestim","97","122647"
"3633","Subject72","1","healthyhealthy","1","healthy","positionleft","validityinvalid","test","1","positive","singlestim","99","124657","432","â€šÃ³Ã¨","77","dotpositionright","singlestim","100","125142","m","right","correct","1","","1","trialend","singlestim","101","126160"
"3930","Subject72","1","suffocationsuffocation","1","suffocation","positionleft","validityinvalid","test","1","suicide","singlestim","103","128169","368","â€šÃ³Ã¨","77","dotpositionright","singlestim","104","128589","m","right","correct","1","","1","trialend","singlestim","105","129602"
"4227","Subject72","1","funeralfuneral","1","funeral","positionright","validityvalid","test","1","suicide","singlestim","107","131612","688","â€šÃ³Ã¨","77","dotpositionright","singlestim","108","132356","m","right","correct","1","","1","trialend","singlestim","109","133368"
"4524","Subject72","1","imageimage","1","image","positionleft","validityvalid","test","1","neutral","singlestim","111","135377","352","â€šÃ³Ã¨","67","dotpositionleft","singlestim","112","135781","c","left","correct","1","","1","trialend","singlestim","113","136796"
"4821","Subject72","1","structurestructure","1","structure","positionright","validityvalid","test","4","neutral","singlestim","115","138806","301","â€šÃ³Ã¨","77","dotpositionright","singlestim","116","139164","m","right","correct","1","","1","trialend","singlestim","117","140182"
"5118","Subject72","1","ashamedashamed","1","ashamed","positionright","validityinvalid","test","4","negative","singlestim","119","142190","307","â€šÃ³Ã¨","67","dotpositionleft","singlestim","120","142548","c","left","correct","1","","1","trialend","singlestim","121","143562"
"5415","Subject72","1","wohlesswohless","1","wohless","positionright","validityvalid","test","4","negative","singlestim","123","145568","399","â€šÃ³Ã¨","77","dotpositionright","singlestim","124","146020","m","right","correct","1","","1","trialend","singlestim","125","147036"
"5712","Subject72","1","engineengine","1","engine","positionleft","validityvalid","test","4","neutral","singlestim","127","149045","443","â€šÃ³Ã¨","67","dotpositionleft","singlestim","128","149540","c","left","correct","1","","1","trialend","singlestim","129","150558"
"6009","Subject72","1","laughlaugh","1","laugh","positionright","validityvalid","test","4","positive","singlestim","131","152567","336","â€šÃ³Ã¨","77","dotpositionright","singlestim","132","152956","m","right","correct","1","","1","trialend","singlestim","133","153971"
"6306","Subject72","1","frameframe","1","frame","positionleft","validityinvalid","test","4","neutral","singlestim","135","155980","380","â€šÃ³Ã¨","77","dotpositionright","singlestim","136","156412","m","right","correct","1","","1","trialend","singlestim","137","157427"
"6603","Subject72","1","doubledouble","1","double","positionright","validityvalid","test","4","neutral","singlestim","139","159433","405","â€šÃ³Ã¨","77","dotpositionright","singlestim","140","159890","m","right","correct","1","","1","trialend","singlestim","141","160906"
"6900","Subject72","1","ecstaticecstatic","1","ecstatic","positionright","validityvalid","test","4","positive","singlestim","143","162915","379","â€šÃ³Ã¨","77","dotpositionright","singlestim","144","163346","m","right","correct","1","","1","trialend","singlestim","145","164360"
"7197","Subject72","1","deceaseddeceased","1","deceased","positionright","validityvalid","test","4","suicide","singlestim","147","166368","342","â€šÃ³Ã¨","77","dotpositionright","singlestim","148","166763","m","right","correct","1","","1","trialend","singlestim","149","167778"
"7494","Subject72","1","passionatepassionate","1","passionate","positionleft","validityinvalid","test","4","positive","singlestim","151","169787","392","â€šÃ³Ã¨","77","dotpositionright","singlestim","152","170234","m","right","correct","1","","1","trialend","singlestim","153","171249"
"7791","Subject72","1","killingkilling","1","killing","positionleft","validityvalid","test","4","suicide","singlestim","155","173259","438","â€šÃ³Ã¨","67","dotpositionleft","singlestim","156","173754","c","left","correct","1","","1","trialend","singlestim","157","174765"
"8088","Subject72","1","suicidesuicide","1","suicide","positionright","validityinvalid","test","4","suicide","singlestim","159","176774","384","â€šÃ³Ã¨","67","dotpositionleft","singlestim","160","177211","c","left","correct","1","","1","trialend","singlestim","161","178224"
"8385","Subject72","508","alonealone","67","alone","positionleft","validityvalid","test","4","negative","singlestim","163","180235","427","â€šÃ³Ã¨","67","dotpositionleft","singlestim","164","180713","c","left","correct","1","","1","trialend","singlestim","165","181730"
"8682","Subject72","1","stupidstupid","1","stupid","positionleft","validityvalid","test","4","negative","singlestim","167","183738","459","â€šÃ³Ã¨","67","dotpositionleft","singlestim","168","184249","c","left","correct","1","","1","trialend","singlestim","169","185265"
"8979","Subject72","1","hanginghanging","1","hanging","positionleft","validityvalid","test","4","suicide","singlestim","171","187273","453","â€šÃ³Ã¨","67","dotpositionleft","singlestim","172","187778","c","left","correct","1","","1","trialend","singlestim","173","188793"
"9276","Subject72","1","successsuccess","1","success","positionleft","validityvalid","test","4","positive","singlestim","175","190801","368","â€šÃ³Ã¨","67","dotpositionleft","singlestim","176","191225","c","left","correct","1","","1","trialend","singlestim","177","192241"
"9573","Subject72","1","abuseabuse","1","abuse","positionright","validityvalid","test","2","negative","singlestim","179","194249","379","â€šÃ³Ã¨","77","dotpositionright","singlestim","180","194681","m","right","correct","1","","1","trialend","singlestim","181","195694"
"9870","Subject72","1","tabletable","1","table","positionright","validityvalid","test","2","neutral","singlestim","183","197701","332","â€šÃ³Ã¨","77","dotpositionright","singlestim","184","198089","m","right","correct","1","","1","trialend","singlestim","185","199106"
"10167","Subject72","1","failurefailure","1","failure","positionleft","validityvalid","test","2","negative","singlestim","187","201113","417","â€šÃ³Ã¨","67","dotpositionleft","singlestim","188","201583","c","left","correct","1","","1","trialend","singlestim","189","202600"
"10464","Subject72","1","lovelove","1","love","positionright","validityinvalid","test","2","positive","singlestim","191","204608","452","â€šÃ³Ã¨","67","dotpositionleft","singlestim","192","205112","c","left","correct","1","","1","trialend","singlestim","193","206129"
"10761","Subject72","1","deathdeath","1","death","positionright","validityvalid","test","2","suicide","singlestim","195","208139","370","â€šÃ³Ã¨","77","dotpositionright","singlestim","196","208561","m","right","correct","1","","1","trialend","singlestim","197","209574"
"11058","Subject72","1","braverybravery","1","bravery","positionleft","validityvalid","test","2","positive","singlestim","199","211578","474","â€šÃ³Ã¨","67","dotpositionleft","singlestim","200","212104","c","left","correct","1","","1","trialend","singlestim","201","213121"
"11355","Subject72","1","noosenoose","1","noose","positionleft","validityvalid","test","2","suicide","singlestim","203","215130","489","â€šÃ³Ã¨","67","dotpositionleft","singlestim","204","215672","c","left","correct","1","","1","trialend","singlestim","205","216688"
"11652","Subject72","1","corpsecorpse","1","corpse","positionleft","validityvalid","test","2","suicide","singlestim","207","218694","414","â€šÃ³Ã¨","67","dotpositionleft","singlestim","208","219159","c","left","correct","1","","1","trialend","singlestim","209","220174"
"11949","Subject72","1","pleasurepleasure","1","pleasure","positionleft","validityvalid","test","2","positive","singlestim","211","222181","473","â€šÃ³Ã¨","67","dotpositionleft","singlestim","212","222711","c","left","correct","1","","1","trialend","singlestim","213","223725"
"12246","Subject72","1","paperpaper","1","paper","positionleft","validityvalid","test","2","neutral","singlestim","215","225734","492","â€šÃ³Ã¨","67","dotpositionleft","singlestim","216","226279","c","left","correct","1","","1","trialend","singlestim","217","227294"
"12543","Subject72","1","enthusiasmenthusiasm","1","enthusiasm","positionright","validityvalid","test","2","positive","singlestim","219","229303","395","â€šÃ³Ã¨","77","dotpositionright","singlestim","220","229751","m","right","correct","1","","1","trialend","singlestim","221","230770"
"12840","Subject72","1","horsehorse","1","horse","positionleft","validityinvalid","test","2","neutral","singlestim","223","232779","431","â€šÃ³Ã¨","77","dotpositionright","singlestim","224","233262","m","right","correct","1","","1","trialend","singlestim","225","234277"
"13137","Subject72","1","filthyfilthy","1","filthy","positionleft","validityinvalid","test","2","negative","singlestim","227","236285","451","â€šÃ³Ã¨","77","dotpositionright","singlestim","228","236790","m","right","correct","1","","1","trialend","singlestim","229","237804"
"13434","Subject72","1","overdoseoverdose","1","overdose","positionright","validityinvalid","test","2","suicide","singlestim","231","239812","370","â€šÃ³Ã¨","67","dotpositionleft","singlestim","232","240238","c","left","correct","1","","1","trialend","singlestim","233","241252"
"13731","Subject72","1","cruelcruel","1","cruel","positionright","validityvalid","test","2","negative","singlestim","235","243261","444","â€šÃ³Ã¨","77","dotpositionright","singlestim","236","243758","m","right","correct","1","","1","trialend","singlestim","237","244776"
"14028","Subject72","1","foamfoam","1","foam","positionright","validityvalid","test","2","neutral","singlestim","239","246785","441","â€šÃ³Ã¨","77","dotpositionright","singlestim","240","247277","m","right","correct","1","","1","trialend","singlestim","241","248292"
"14325","Subject72","1","smilesmile","1","smile","positionleft","validityvalid","test","3","positive","singlestim","243","250300","374","â€šÃ³Ã¨","67","dotpositionleft","singlestim","244","250726","c","left","correct","1","","1","trialend","singlestim","245","251740"
"14622","Subject72","1","strongstrong","1","strong","positionleft","validityvalid","test","3","positive","singlestim","247","253746","404","â€šÃ³Ã¨","67","dotpositionleft","singlestim","248","254205","c","left","correct","1","","1","trialend","singlestim","249","255222"
"14919","Subject72","1","deaddead","1","dead","positionleft","validityinvalid","test","3","suicide","singlestim","251","257230","425","â€šÃ³Ã¨","77","dotpositionright","singlestim","252","257708","m","right","correct","1","","1","trialend","singlestim","253","258727"
"15216","Subject72","1","rejectedrejected","1","rejected","positionright","validityvalid","test","3","negative","singlestim","255","260735","418","â€šÃ³Ã¨","77","dotpositionright","singlestim","256","261205","m","right","correct","1","","1","trialend","singlestim","257","262221"
"15513","Subject72","1","happyhappy","1","happy","positionright","validityvalid","test","3","positive","singlestim","259","264229","418","â€šÃ³Ã¨","77","dotpositionright","singlestim","260","264701","m","right","correct","1","","1","trialend","singlestim","261","265716"
"15810","Subject72","1","assaultassault","1","assault","positionleft","validityinvalid","test","3","negative","singlestim","263","267723","453","â€šÃ³Ã¨","77","dotpositionright","singlestim","264","268228","m","right","correct","1","","1","trialend","singlestim","265","269244"
"16107","Subject72","1","metermeter","1","meter","positionleft","validityvalid","test","3","neutral","singlestim","267","271252","461","â€šÃ³Ã¨","77","dotpositionleft","singlestim","268","271765","m","right","incorrect","1","","1","trialend","singlestim","269","272778"
"16404","Subject72","1","dyingdying","1","dying","positionleft","validityvalid","test","3","suicide","singlestim","271","274786","523","â€šÃ³Ã¨","67","dotpositionleft","singlestim","272","275364","c","left","correct","1","","1","trialend","singlestim","273","276382"
"16701","Subject72","1","touretoure","1","toure","positionleft","validityvalid","test","3","negative","singlestim","275","278390","337","â€šÃ³Ã¨","67","dotpositionleft","singlestim","276","278780","c","left","correct","1","","1","trialend","singlestim","277","279795"
"16998","Subject72","1","museummuseum","1","museum","positionleft","validityvalid","test","3","neutral","singlestim","279","281802","413","â€šÃ³Ã¨","67","dotpositionleft","singlestim","280","282268","c","left","correct","1","","1","trialend","singlestim","281","283282"
"17295","Subject72","1","kisskiss","1","kiss","positionright","validityinvalid","test","3","positive","singlestim","283","285291","381","â€šÃ³Ã¨","67","dotpositionleft","singlestim","284","285723","c","left","correct","1","","1","trialend","singlestim","285","286735"
"17592","Subject72","1","bombbomb","1","bomb","positionright","validityvalid","test","3","negative","singlestim","287","288744","382","â€šÃ³Ã¨","77","dotpositionright","singlestim","288","289179","m","right","correct","1","","1","trialend","singlestim","289","290195"
"17889","Subject72","1","greengreen","1","green","positionright","validityvalid","test","3","neutral","singlestim","291","292203","316","â€šÃ³Ã¨","77","dotpositionright","singlestim","292","292571","m","right","correct","1","","1","trialend","singlestim","293","293589"
"18186","Subject72","1","diedie","1","die","positionright","validityvalid","test","3","suicide","singlestim","295","295598","368","â€šÃ³Ã¨","77","dotpositionright","singlestim","296","296019","m","right","correct","1","","1","trialend","singlestim","297","297031"
"18483","Subject72","1","cuttingcutting","1","cutting","positionright","validityvalid","test","3","suicide","singlestim","299","299039","462","â€šÃ³Ã¨","77","dotpositionright","singlestim","300","299554","m","right","correct","1","","1","trialend","singlestim","301","300572"
"18780","Subject72","1","closetcloset","1","closet","positionright","validityinvalid","test","3","neutral","singlestim","303","302580","388","â€šÃ³Ã¨","67","dotpositionleft","singlestim","304","303019","c","left","correct","1","","1","trialend","singlestim","305","304036"
