"","SubjectID","rt","stimulus","keypress","word","wordposition","validity","block","blocknum","wordtype","trialtype","trialindex","timeelapsed","rt.1","stimulus.1","keypress.1","dotposition","trialtype.1","trialindex.1","timeelapsed.1","keypressed","participantresponse","correctresponse","rt.2","stimulus.2","keypress.2","blocktrial","trialtype.2","trialindex.2","timeelapsed.2"
"158","Subject186","1","strongstrong","1","strong","positionleft","validityvalid","test","3","positive","singlestim","51","112922","499","â€šÃ³Ã¨","67","dotpositionleft","singlestim","52","113475","c","left","correct","1","","1","trialend","singlestim","53","114491"
"455","Subject186","1","diedie","1","die","positionright","validityvalid","test","3","suicide","singlestim","55","116497","388","â€šÃ³Ã¨","77","dotpositionright","singlestim","56","116939","m","right","correct","1","","1","trialend","singlestim","57","117954"
"752","Subject186","1","cuttingcutting","1","cutting","positionright","validityvalid","test","3","suicide","singlestim","59","119964","411","â€šÃ³Ã¨","77","dotpositionright","singlestim","60","120427","m","right","correct","1","","1","trialend","singlestim","61","121443"
"1049","Subject186","1","happyhappy","1","happy","positionright","validityvalid","test","3","positive","singlestim","63","123450","344","â€šÃ³Ã¨","77","dotpositionright","singlestim","64","123849","m","right","correct","1","","1","trialend","singlestim","65","124866"
"1346","Subject186","1","kisskiss","1","kiss","positionright","validityinvalid","test","3","positive","singlestim","67","126877","318","â€šÃ³Ã¨","67","dotpositionleft","singlestim","68","127252","c","left","correct","1","","1","trialend","singlestim","69","128268"
"1643","Subject186","1","closetcloset","1","closet","positionright","validityinvalid","test","3","neutral","singlestim","71","130277","384","â€šÃ³Ã¨","67","dotpositionleft","singlestim","72","130713","c","left","correct","1","","1","trialend","singlestim","73","131727"
"1940","Subject186","1","rejectedrejected","1","rejected","positionright","validityvalid","test","3","negative","singlestim","75","133736","489","â€šÃ³Ã¨","77","dotpositionright","singlestim","76","134281","m","right","correct","1","","1","trialend","singlestim","77","135297"
"2237","Subject186","1","greengreen","1","green","positionright","validityvalid","test","3","neutral","singlestim","79","137305","366","â€šÃ³Ã¨","77","dotpositionright","singlestim","80","137723","m","right","correct","1","","1","trialend","singlestim","81","138738"
"2534","Subject186","1","metermeter","1","meter","positionleft","validityvalid","test","3","neutral","singlestim","83","140747","382","â€šÃ³Ã¨","67","dotpositionleft","singlestim","84","141186","c","left","correct","1","","1","trialend","singlestim","85","142201"
"2831","Subject186","1","deaddead","1","dead","positionleft","validityinvalid","test","3","suicide","singlestim","87","144208","308","â€šÃ³Ã¨","77","dotpositionright","singlestim","88","144573","m","right","correct","1","","1","trialend","singlestim","89","145588"
"3128","Subject186","1","touretoure","1","toure","positionleft","validityvalid","test","3","negative","singlestim","91","147597","364","â€šÃ³Ã¨","67","dotpositionleft","singlestim","92","148015","c","left","correct","1","","1","trialend","singlestim","93","149029"
"3425","Subject186","1","smilesmile","1","smile","positionleft","validityvalid","test","3","positive","singlestim","95","151040","290","â€šÃ³Ã¨","67","dotpositionleft","singlestim","96","151385","c","left","correct","1","","1","trialend","singlestim","97","152402"
"3722","Subject186","1","dyingdying","1","dying","positionleft","validityvalid","test","3","suicide","singlestim","99","154410","363","â€šÃ³Ã¨","67","dotpositionleft","singlestim","100","154830","c","left","correct","1","","1","trialend","singlestim","101","155844"
"4019","Subject186","1","museummuseum","1","museum","positionleft","validityvalid","test","3","neutral","singlestim","103","157852","342","â€šÃ³Ã¨","67","dotpositionleft","singlestim","104","158252","c","left","correct","1","","1","trialend","singlestim","105","159268"
"4316","Subject186","1","bombbomb","1","bomb","positionright","validityvalid","test","3","negative","singlestim","107","161277","285","â€šÃ³Ã¨","77","dotpositionright","singlestim","108","161614","m","right","correct","1","","1","trialend","singlestim","109","162629"
"4613","Subject186","1","assaultassault","1","assault","positionleft","validityinvalid","test","3","negative","singlestim","111","164637","314","â€šÃ³Ã¨","77","dotpositionright","singlestim","112","165006","m","right","correct","1","","1","trialend","singlestim","113","166019"
"4910","Subject186","1","foamfoam","1","foam","positionright","validityvalid","test","2","neutral","singlestim","115","168027","365","â€šÃ³Ã¨","77","dotpositionright","singlestim","116","168444","m","right","correct","1","","1","trialend","singlestim","117","169458"
"5207","Subject186","1","braverybravery","1","bravery","positionleft","validityvalid","test","2","positive","singlestim","119","171469","354","â€šÃ³Ã¨","67","dotpositionleft","singlestim","120","171880","c","left","correct","1","","1","trialend","singlestim","121","172893"
"5504","Subject186","1","enthusiasmenthusiasm","1","enthusiasm","positionright","validityvalid","test","2","positive","singlestim","123","174901","331","â€šÃ³Ã¨","77","dotpositionright","singlestim","124","175287","m","right","correct","1","","1","trialend","singlestim","125","176303"
"5801","Subject186","1","tabletable","1","table","positionright","validityvalid","test","2","neutral","singlestim","127","178313","292","â€šÃ³Ã¨","77","dotpositionright","singlestim","128","178659","m","right","correct","1","","1","trialend","singlestim","129","179674"
"6098","Subject186","1","cruelcruel","1","cruel","positionright","validityvalid","test","2","negative","singlestim","131","181684","339","â€šÃ³Ã¨","77","dotpositionright","singlestim","132","182078","m","right","correct","1","","1","trialend","singlestim","133","183095"
"6395","Subject186","1","abuseabuse","1","abuse","positionright","validityvalid","test","2","negative","singlestim","135","185103","470","â€šÃ³Ã¨","77","dotpositionright","singlestim","136","185628","m","right","correct","1","","1","trialend","singlestim","137","186646"
"6692","Subject186","1","horsehorse","1","horse","positionleft","validityinvalid","test","2","neutral","singlestim","139","188655","375","â€šÃ³Ã¨","77","dotpositionright","singlestim","140","189083","m","right","correct","46","","77","trialend","singlestim","141","190101"
"6989","Subject186","1","pleasurepleasure","1","pleasure","positionleft","validityvalid","test","2","positive","singlestim","143","192109","359","â€šÃ³Ã¨","67","dotpositionleft","singlestim","144","192521","c","left","correct","1","","1","trialend","singlestim","145","193537"
"7286","Subject186","1","deathdeath","1","death","positionright","validityvalid","test","2","suicide","singlestim","147","195545","293","â€šÃ³Ã¨","77","dotpositionright","singlestim","148","195892","m","right","correct","1","","1","trialend","singlestim","149","196903"
"7583","Subject186","1","noosenoose","1","noose","positionleft","validityvalid","test","2","suicide","singlestim","151","198911","358","â€šÃ³Ã¨","67","dotpositionleft","singlestim","152","199322","c","left","correct","1","","1","trialend","singlestim","153","200337"
"7880","Subject186","1","failurefailure","1","failure","positionleft","validityvalid","test","2","negative","singlestim","155","202347","321","â€šÃ³Ã¨","67","dotpositionleft","singlestim","156","202722","c","left","correct","1","","1","trialend","singlestim","157","203735"
"8177","Subject186","1","filthyfilthy","1","filthy","positionleft","validityinvalid","test","2","negative","singlestim","159","205743","373","â€šÃ³Ã¨","77","dotpositionright","singlestim","160","206171","m","right","correct","1","","1","trialend","singlestim","161","207188"
"8474","Subject186","1","overdoseoverdose","1","overdose","positionright","validityinvalid","test","2","suicide","singlestim","163","209196","292","â€šÃ³Ã¨","67","dotpositionleft","singlestim","164","209544","c","left","correct","1","","1","trialend","singlestim","165","210560"
"8771","Subject186","1","lovelove","1","love","positionright","validityinvalid","test","2","positive","singlestim","167","212569","332","â€šÃ³Ã¨","67","dotpositionleft","singlestim","168","212954","c","left","correct","1","","1","trialend","singlestim","169","213967"
"9068","Subject186","1","corpsecorpse","1","corpse","positionleft","validityvalid","test","2","suicide","singlestim","171","215978","465","â€šÃ³Ã¨","67","dotpositionleft","singlestim","172","216500","c","left","correct","1","","1","trialend","singlestim","173","217514"
"9365","Subject186","1","paperpaper","1","paper","positionleft","validityvalid","test","2","neutral","singlestim","175","219523","322","â€šÃ³Ã¨","67","dotpositionleft","singlestim","176","219898","c","left","correct","1","","1","trialend","singlestim","177","220909"
"9662","Subject186","1","frameframe","1","frame","positionleft","validityinvalid","test","4","neutral","singlestim","179","222918","650","â€šÃ³Ã¨","67","dotpositionright","singlestim","180","223620","c","left","incorrect","1","","1","trialend","singlestim","181","224636"
"9959","Subject186","1","alonealone","1","alone","positionleft","validityvalid","test","4","negative","singlestim","183","226646","360","â€šÃ³Ã¨","67","dotpositionleft","singlestim","184","227063","c","left","correct","1","","1","trialend","singlestim","185","228077"
"10256","Subject186","1","passionatepassionate","1","passionate","positionleft","validityinvalid","test","4","positive","singlestim","187","230086","300","â€šÃ³Ã¨","77","dotpositionright","singlestim","188","230442","m","right","correct","1","","1","trialend","singlestim","189","231458"
"10553","Subject186","1","successsuccess","1","success","positionleft","validityvalid","test","4","positive","singlestim","191","233464","327","â€šÃ³Ã¨","67","dotpositionleft","singlestim","192","233845","c","left","correct","1","","1","trialend","singlestim","193","234857"
"10850","Subject186","1","engineengine","1","engine","positionleft","validityvalid","test","4","neutral","singlestim","195","236866","360","â€šÃ³Ã¨","67","dotpositionleft","singlestim","196","237278","c","left","correct","1","","1","trialend","singlestim","197","238294"
"11147","Subject186","1","deceaseddeceased","1","deceased","positionright","validityvalid","test","4","suicide","singlestim","199","240302","465","â€šÃ³Ã¨","77","dotpositionright","singlestim","200","240822","m","right","correct","1","","1","trialend","singlestim","201","241833"
"11444","Subject186","1","killingkilling","1","killing","positionleft","validityvalid","test","4","suicide","singlestim","203","243842","336","â€šÃ³Ã¨","67","dotpositionleft","singlestim","204","244230","c","left","correct","1","","1","trialend","singlestim","205","245247"
"11741","Subject186","1","suicidesuicide","1","suicide","positionright","validityinvalid","test","4","suicide","singlestim","207","247257","303","â€šÃ³Ã¨","67","dotpositionleft","singlestim","208","247611","c","left","correct","1","","1","trialend","singlestim","209","248625"
"12038","Subject186","1","laughlaugh","1","laugh","positionright","validityvalid","test","4","positive","singlestim","211","250633","342","â€šÃ³Ã¨","77","dotpositionright","singlestim","212","251027","m","right","correct","1","","1","trialend","singlestim","213","252043"
"12335","Subject186","1","structurestructure","1","structure","positionright","validityvalid","test","4","neutral","singlestim","215","254052","397","â€šÃ³Ã¨","77","dotpositionright","singlestim","216","254506","m","right","correct","1","","1","trialend","singlestim","217","255520"
"12632","Subject186","1","wohlesswohless","1","wohless","positionright","validityvalid","test","4","negative","singlestim","219","257528","482","â€šÃ³Ã¨","77","dotpositionright","singlestim","220","258063","m","right","correct","1","","1","trialend","singlestim","221","259079"
"12929","Subject186","1","ashamedashamed","1","ashamed","positionright","validityinvalid","test","4","negative","singlestim","223","261086","390","â€šÃ³Ã¨","67","dotpositionleft","singlestim","224","261533","c","left","correct","1","","1","trialend","singlestim","225","262551"
"13226","Subject186","1","stupidstupid","1","stupid","positionleft","validityvalid","test","4","negative","singlestim","227","264558","353","â€šÃ³Ã¨","67","dotpositionleft","singlestim","228","264963","c","left","correct","1","","1","trialend","singlestim","229","265975"
"13523","Subject186","1","hanginghanging","1","hanging","positionleft","validityvalid","test","4","suicide","singlestim","231","267981","388","â€šÃ³Ã¨","67","dotpositionleft","singlestim","232","268422","c","left","correct","1","","1","trialend","singlestim","233","269438"
"13820","Subject186","1","ecstaticecstatic","1","ecstatic","positionright","validityvalid","test","4","positive","singlestim","235","271447","430","â€šÃ³Ã¨","77","dotpositionright","singlestim","236","271934","m","right","correct","1","","1","trialend","singlestim","237","272950"
"14117","Subject186","1","doubledouble","1","double","positionright","validityvalid","test","4","neutral","singlestim","239","274959","406","â€šÃ³Ã¨","77","dotpositionright","singlestim","240","275418","m","right","correct","1","","1","trialend","singlestim","241","276433"
"14414","Subject186","1","paradiseparadise","1","paradise","positionleft","validityvalid","test","1","positive","singlestim","243","278442","337","â€šÃ³Ã¨","67","dotpositionleft","singlestim","244","278831","c","left","correct","1","","1","trialend","singlestim","245","279846"
"14711","Subject186","1","cheesecheese","1","cheese","positionright","validityvalid","test","1","neutral","singlestim","247","281855","385","â€šÃ³Ã¨","77","dotpositionright","singlestim","248","282294","m","right","correct","1","","1","trialend","singlestim","249","283311"
"15008","Subject186","1","attractionattraction","1","attraction","positionright","validityvalid","test","1","positive","singlestim","251","285319","297","â€šÃ³Ã¨","77","dotpositionright","singlestim","252","285672","m","right","correct","1","","1","trialend","singlestim","253","286683"
"15305","Subject186","1","gunshotgunshot","1","gunshot","positionright","validityvalid","test","1","suicide","singlestim","255","288691","366","â€šÃ³Ã¨","77","dotpositionright","singlestim","256","289110","m","right","correct","1","","1","trialend","singlestim","257","290125"
"15602","Subject186","1","funeralfuneral","1","funeral","positionright","validityvalid","test","1","suicide","singlestim","259","292133","346","â€šÃ³Ã¨","77","dotpositionright","singlestim","260","292532","m","right","correct","1","","1","trialend","singlestim","261","293544"
"15899","Subject186","1","patheticpathetic","1","pathetic","positionleft","validityvalid","test","1","negative","singlestim","263","295552","335","â€šÃ³Ã¨","67","dotpositionleft","singlestim","264","295944","c","left","correct","1","","1","trialend","singlestim","265","296958"
"16196","Subject186","1","bloodblood","1","blood","positionleft","validityvalid","test","1","suicide","singlestim","267","298965","318","â€šÃ³Ã¨","67","dotpositionleft","singlestim","268","299336","c","left","correct","1","","1","trialend","singlestim","269","300353"
"16493","Subject186","1","suffocationsuffocation","1","suffocation","positionleft","validityinvalid","test","1","suicide","singlestim","271","302361","335","â€šÃ³Ã¨","77","dotpositionright","singlestim","272","302749","m","right","correct","1","","1","trialend","singlestim","273","303766"
"16790","Subject186","1","vomitvomit","1","vomit","positionleft","validityvalid","test","1","negative","singlestim","275","305775","361","â€šÃ³Ã¨","67","dotpositionleft","singlestim","276","306189","c","left","correct","1","","1","trialend","singlestim","277","307201"
"17087","Subject186","1","statuestatue","1","statue","positionright","validityinvalid","test","1","neutral","singlestim","279","309210","338","â€šÃ³Ã¨","67","dotpositionleft","singlestim","280","309600","c","left","correct","1","","1","trialend","singlestim","281","310614"
"17384","Subject186","1","hatehate","1","hate","positionright","validityinvalid","test","1","negative","singlestim","283","312623","296","â€šÃ³Ã¨","67","dotpositionleft","singlestim","284","312971","c","left","correct","1","","1","trialend","singlestim","285","313986"
"17681","Subject186","1","cryingcrying","1","crying","positionright","validityvalid","test","1","negative","singlestim","287","315997","322","â€šÃ³Ã¨","77","dotpositionright","singlestim","288","316373","m","right","correct","1","","1","trialend","singlestim","289","317388"
"17978","Subject186","1","foldedfolded","1","folded","positionleft","validityvalid","test","1","neutral","singlestim","291","319397","300","â€šÃ³Ã¨","67","dotpositionleft","singlestim","292","319751","c","left","correct","1","","1","trialend","singlestim","293","320765"
"18275","Subject186","1","imageimage","1","image","positionleft","validityvalid","test","1","neutral","singlestim","295","322774","370","â€šÃ³Ã¨","67","dotpositionleft","singlestim","296","323197","c","left","correct","1","","1","trialend","singlestim","297","324214"
"18572","Subject186","1","healthyhealthy","1","healthy","positionleft","validityinvalid","test","1","positive","singlestim","299","326221","310","â€šÃ³Ã¨","77","dotpositionright","singlestim","300","326586","m","right","correct","1","","1","trialend","singlestim","301","327602"
"18869","Subject186","1","greatgreat","1","great","positionright","validityvalid","test","1","positive","singlestim","303","329612","339","â€šÃ³Ã¨","77","dotpositionright","singlestim","304","330003","m","right","correct","1","","1","trialend","singlestim","305","331016"
