"","SubjectID","rt","stimulus","keypress","word","wordposition","validity","block","blocknum","wordtype","trialtype","trialindex","timeelapsed","rt.1","stimulus.1","keypress.1","dotposition","trialtype.1","trialindex.1","timeelapsed.1","keypressed","participantresponse","correctresponse","rt.2","stimulus.2","keypress.2","blocktrial","trialtype.2","trialindex.2","timeelapsed.2"
"48","Subject49","1","ashamedashamed","1","ashamed","positionright","validityinvalid","test","4","negative","singlestim","51","55754","539","â€šÃ³Ã¨","67","dotpositionleft","singlestim","52","56345","c","left","correct","1","","1","trialend","singlestim","53","57357"
"345","Subject49","1","frameframe","1","frame","positionleft","validityinvalid","test","4","neutral","singlestim","55","59362","546","â€šÃ³Ã¨","77","dotpositionright","singlestim","56","59961","m","right","correct","1","","1","trialend","singlestim","57","60973"
"642","Subject49","1","successsuccess","1","success","positionleft","validityvalid","test","4","positive","singlestim","59","62977","359","â€šÃ³Ã¨","67","dotpositionleft","singlestim","60","63387","c","left","correct","1","","1","trialend","singlestim","61","64401"
"939","Subject49","1","alonealone","1","alone","positionleft","validityvalid","test","4","negative","singlestim","63","66405","385","â€šÃ³Ã¨","67","dotpositionleft","singlestim","64","66842","c","left","correct","1","","1","trialend","singlestim","65","67855"
"1236","Subject49","1","suicidesuicide","1","suicide","positionright","validityinvalid","test","4","suicide","singlestim","67","69859","318","â€šÃ³Ã¨","67","dotpositionleft","singlestim","68","70230","c","left","correct","1","","1","trialend","singlestim","69","71243"
"1533","Subject49","1","laughlaugh","1","laugh","positionright","validityvalid","test","4","positive","singlestim","71","73247","434","â€šÃ³Ã¨","77","dotpositionright","singlestim","72","73733","m","right","correct","1","","1","trialend","singlestim","73","74745"
"1830","Subject49","1","wohlesswohless","1","wohless","positionright","validityvalid","test","4","negative","singlestim","75","76748","495","â€šÃ³Ã¨","77","dotpositionright","singlestim","76","77294","m","right","correct","1","","1","trialend","singlestim","77","78308"
"2127","Subject49","1","hanginghanging","1","hanging","positionleft","validityvalid","test","4","suicide","singlestim","79","80312","348","â€šÃ³Ã¨","67","dotpositionleft","singlestim","80","80712","c","left","correct","1","","1","trialend","singlestim","81","81726"
"2424","Subject49","1","killingkilling","1","killing","positionleft","validityvalid","test","4","suicide","singlestim","83","83731","312","â€šÃ³Ã¨","67","dotpositionleft","singlestim","84","84095","c","left","correct","1","","1","trialend","singlestim","85","85108"
"2721","Subject49","1","doubledouble","1","double","positionright","validityvalid","test","4","neutral","singlestim","87","87113","346","â€šÃ³Ã¨","77","dotpositionright","singlestim","88","87511","m","right","correct","1","","1","trialend","singlestim","89","88524"
"3018","Subject49","1","stupidstupid","1","stupid","positionleft","validityvalid","test","4","negative","singlestim","91","90530","293","â€šÃ³Ã¨","67","dotpositionleft","singlestim","92","90874","c","left","correct","1","","1","trialend","singlestim","93","91887"
"3315","Subject49","1","passionatepassionate","1","passionate","positionleft","validityinvalid","test","4","positive","singlestim","95","93891","348","â€šÃ³Ã¨","77","dotpositionright","singlestim","96","94291","m","right","correct","1","","1","trialend","singlestim","97","95303"
"3612","Subject49","1","deceaseddeceased","1","deceased","positionright","validityvalid","test","4","suicide","singlestim","99","97308","401","â€šÃ³Ã¨","77","dotpositionright","singlestim","100","97761","m","right","correct","1","","1","trialend","singlestim","101","98774"
"3909","Subject49","1","structurestructure","1","structure","positionright","validityvalid","test","4","neutral","singlestim","103","100779","357","â€šÃ³Ã¨","77","dotpositionright","singlestim","104","101188","m","right","correct","1","","1","trialend","singlestim","105","102360"
"4206","Subject49","1","ecstaticecstatic","1","ecstatic","positionright","validityvalid","test","4","positive","singlestim","107","104364","353","â€šÃ³Ã¨","77","dotpositionright","singlestim","108","104769","m","right","correct","1","","1","trialend","singlestim","109","105782"
"4503","Subject49","1","engineengine","1","engine","positionleft","validityvalid","test","4","neutral","singlestim","111","107787","494","â€šÃ³Ã¨","67","dotpositionleft","singlestim","112","108331","c","left","correct","1","","1","trialend","singlestim","113","109344"
"4800","Subject49","1","corpsecorpse","1","corpse","positionleft","validityvalid","test","2","suicide","singlestim","115","111348","377","â€šÃ³Ã¨","67","dotpositionleft","singlestim","116","111776","c","left","correct","1","","1","trialend","singlestim","117","112790"
"5097","Subject49","1","abuseabuse","1","abuse","positionright","validityvalid","test","2","negative","singlestim","119","114795","312","â€šÃ³Ã¨","77","dotpositionright","singlestim","120","115159","m","right","correct","1","","1","trialend","singlestim","121","116171"
"5394","Subject49","1","filthyfilthy","1","filthy","positionleft","validityinvalid","test","2","negative","singlestim","123","118175","348","â€šÃ³Ã¨","77","dotpositionright","singlestim","124","118576","m","right","correct","1","","1","trialend","singlestim","125","119588"
"5691","Subject49","1","deathdeath","1","death","positionright","validityvalid","test","2","suicide","singlestim","127","121593","628","â€šÃ³Ã¨","77","dotpositionright","singlestim","128","122274","m","right","correct","1","","1","trialend","singlestim","129","123287"
"5988","Subject49","1","failurefailure","1","failure","positionleft","validityvalid","test","2","negative","singlestim","131","125291","322","â€šÃ³Ã¨","67","dotpositionleft","singlestim","132","125666","c","left","correct","1","","1","trialend","singlestim","133","126679"
"6285","Subject49","1","tabletable","1","table","positionright","validityvalid","test","2","neutral","singlestim","135","128683","376","â€šÃ³Ã¨","77","dotpositionright","singlestim","136","129110","m","right","correct","1","","1","trialend","singlestim","137","130123"
"6582","Subject49","1","cruelcruel","1","cruel","positionright","validityvalid","test","2","negative","singlestim","139","132127","410","â€šÃ³Ã¨","77","dotpositionright","singlestim","140","132589","m","right","correct","1","","1","trialend","singlestim","141","133602"
"6879","Subject49","1","paperpaper","1","paper","positionleft","validityvalid","test","2","neutral","singlestim","143","135605","329","â€šÃ³Ã¨","67","dotpositionleft","singlestim","144","135986","c","left","correct","1","","1","trialend","singlestim","145","136999"
"7176","Subject49","1","enthusiasmenthusiasm","1","enthusiasm","positionright","validityvalid","test","2","positive","singlestim","147","139004","370","â€šÃ³Ã¨","77","dotpositionright","singlestim","148","139425","m","right","correct","1","","1","trialend","singlestim","149","140439"
"7473","Subject49","1","braverybravery","1","bravery","positionleft","validityvalid","test","2","positive","singlestim","151","142443","390","â€šÃ³Ã¨","67","dotpositionleft","singlestim","152","142886","c","left","correct","1","","1","trialend","singlestim","153","143899"
"7770","Subject49","1","overdoseoverdose","1","overdose","positionright","validityinvalid","test","2","suicide","singlestim","155","145904","503","â€šÃ³Ã¨","67","dotpositionleft","singlestim","156","146459","c","left","correct","1","","1","trialend","singlestim","157","147471"
"8067","Subject49","1","lovelove","1","love","positionright","validityinvalid","test","2","positive","singlestim","159","149476","380","â€šÃ³Ã¨","67","dotpositionleft","singlestim","160","149908","c","left","correct","1","","1","trialend","singlestim","161","150920"
"8364","Subject49","1","horsehorse","1","horse","positionleft","validityinvalid","test","2","neutral","singlestim","163","152924","365","â€šÃ³Ã¨","77","dotpositionright","singlestim","164","153342","m","right","correct","1","","1","trialend","singlestim","165","154355"
"8661","Subject49","1","noosenoose","1","noose","positionleft","validityvalid","test","2","suicide","singlestim","167","156360","360","â€šÃ³Ã¨","67","dotpositionleft","singlestim","168","156773","c","left","correct","1","","1","trialend","singlestim","169","157786"
"8958","Subject49","1","pleasurepleasure","1","pleasure","positionleft","validityvalid","test","2","positive","singlestim","171","159791","331","â€šÃ³Ã¨","67","dotpositionleft","singlestim","172","160174","c","left","correct","1","","1","trialend","singlestim","173","161188"
"9255","Subject49","1","foamfoam","1","foam","positionright","validityvalid","test","2","neutral","singlestim","175","163193","352","â€šÃ³Ã¨","77","dotpositionright","singlestim","176","163596","m","right","correct","1","","1","trialend","singlestim","177","164609"
"9552","Subject49","1","greengreen","1","green","positionright","validityvalid","test","3","neutral","singlestim","179","166613","431","â€šÃ³Ã¨","77","dotpositionright","singlestim","180","167097","m","right","correct","1","","1","trialend","singlestim","181","168110"
"9849","Subject49","1","dyingdying","1","dying","positionleft","validityvalid","test","3","suicide","singlestim","183","170115","637","â€šÃ³Ã¨","67","dotpositionleft","singlestim","184","170804","c","left","correct","1","","1","trialend","singlestim","185","171818"
"10146","Subject49","1","bombbomb","1","bomb","positionright","validityvalid","test","3","negative","singlestim","187","173822","368","â€šÃ³Ã¨","77","dotpositionright","singlestim","188","174243","m","right","correct","1","","1","trialend","singlestim","189","175256"
"10443","Subject49","1","assaultassault","1","assault","positionleft","validityinvalid","test","3","negative","singlestim","191","177261","376","â€šÃ³Ã¨","77","dotpositionright","singlestim","192","177688","m","right","correct","1","","1","trialend","singlestim","193","178702"
"10740","Subject49","1","touretoure","1","toure","positionleft","validityvalid","test","3","negative","singlestim","195","180706","477","â€šÃ³Ã¨","67","dotpositionleft","singlestim","196","181234","c","left","correct","1","","1","trialend","singlestim","197","182247"
"11037","Subject49","1","museummuseum","1","museum","positionleft","validityvalid","test","3","neutral","singlestim","199","184252","339","â€šÃ³Ã¨","67","dotpositionleft","singlestim","200","184643","c","left","correct","1","","1","trialend","singlestim","201","185656"
"11334","Subject49","1","kisskiss","1","kiss","positionright","validityinvalid","test","3","positive","singlestim","203","187661","362","â€šÃ³Ã¨","67","dotpositionleft","singlestim","204","188075","c","left","correct","1","","1","trialend","singlestim","205","189087"
"11631","Subject49","1","metermeter","1","meter","positionleft","validityvalid","test","3","neutral","singlestim","207","191091","430","â€šÃ³Ã¨","67","dotpositionleft","singlestim","208","191573","c","left","correct","1","","1","trialend","singlestim","209","192587"
"11928","Subject49","735","deaddead","67","dead","positionleft","validityinvalid","test","3","suicide","singlestim","211","194591","545","â€šÃ³Ã¨","77","dotpositionright","singlestim","212","195188","m","right","correct","1","","1","trialend","singlestim","213","196201"
"12225","Subject49","1","strongstrong","1","strong","positionleft","validityvalid","test","3","positive","singlestim","215","198206","374","â€šÃ³Ã¨","67","dotpositionleft","singlestim","216","198631","c","left","correct","1","","1","trialend","singlestim","217","199643"
"12522","Subject49","1","happyhappy","1","happy","positionright","validityvalid","test","3","positive","singlestim","219","201648","426","â€šÃ³Ã¨","77","dotpositionright","singlestim","220","202126","m","right","correct","1","","1","trialend","singlestim","221","203140"
"12819","Subject49","1","cuttingcutting","1","cutting","positionright","validityvalid","test","3","suicide","singlestim","223","205145","475","â€šÃ³Ã¨","77","dotpositionright","singlestim","224","205671","m","right","correct","1","","1","trialend","singlestim","225","206684"
"13116","Subject49","1","smilesmile","1","smile","positionleft","validityvalid","test","3","positive","singlestim","227","208689","333","â€šÃ³Ã¨","67","dotpositionleft","singlestim","228","209073","c","left","correct","1","","1","trialend","singlestim","229","210086"
"13413","Subject49","1","diedie","1","die","positionright","validityvalid","test","3","suicide","singlestim","231","212090","393","â€šÃ³Ã¨","77","dotpositionright","singlestim","232","212536","m","right","correct","1","","1","trialend","singlestim","233","213549"
"13710","Subject49","1","rejectedrejected","1","rejected","positionright","validityvalid","test","3","negative","singlestim","235","215554","362","â€šÃ³Ã¨","77","dotpositionright","singlestim","236","215967","m","right","correct","1","","1","trialend","singlestim","237","216981"
"14007","Subject49","1","closetcloset","1","closet","positionright","validityinvalid","test","3","neutral","singlestim","239","218985","405","â€šÃ³Ã¨","67","dotpositionleft","singlestim","240","219442","c","left","correct","1","","1","trialend","singlestim","241","220455"
"14304","Subject49","1","paradiseparadise","1","paradise","positionleft","validityvalid","test","1","positive","singlestim","243","222459","406","â€šÃ³Ã¨","67","dotpositionleft","singlestim","244","222917","c","left","correct","1","","1","trialend","singlestim","245","223930"
"14601","Subject49","1","hatehate","1","hate","positionright","validityinvalid","test","1","negative","singlestim","247","225935","424","â€šÃ³Ã¨","67","dotpositionleft","singlestim","248","226411","c","left","correct","1","","1","trialend","singlestim","249","227424"
"14898","Subject49","1","suffocationsuffocation","1","suffocation","positionleft","validityinvalid","test","1","suicide","singlestim","251","229429","435","â€šÃ³Ã¨","77","dotpositionright","singlestim","252","229916","m","right","correct","1","","1","trialend","singlestim","253","230929"
"15195","Subject49","1","funeralfuneral","1","funeral","positionright","validityvalid","test","1","suicide","singlestim","255","232934","475","â€šÃ³Ã¨","77","dotpositionright","singlestim","256","233461","m","right","correct","1","","1","trialend","singlestim","257","234474"
"15492","Subject49","1","bloodblood","1","blood","positionleft","validityvalid","test","1","suicide","singlestim","259","236478","378","â€šÃ³Ã¨","67","dotpositionleft","singlestim","260","236908","c","left","correct","1","","1","trialend","singlestim","261","237921"
"15789","Subject49","1","cheesecheese","1","cheese","positionright","validityvalid","test","1","neutral","singlestim","263","239925","434","â€šÃ³Ã¨","77","dotpositionright","singlestim","264","240411","m","right","correct","1","","1","trialend","singlestim","265","241425"
"16086","Subject49","1","cryingcrying","1","crying","positionright","validityvalid","test","1","negative","singlestim","267","243429","369","â€šÃ³Ã¨","77","dotpositionright","singlestim","268","243849","m","right","correct","1","","1","trialend","singlestim","269","244863"
"16383","Subject49","1","greatgreat","1","great","positionright","validityvalid","test","1","positive","singlestim","271","246867","372","â€šÃ³Ã¨","77","dotpositionright","singlestim","272","247291","m","right","correct","1","","1","trialend","singlestim","273","248303"
"16680","Subject49","1","attractionattraction","1","attraction","positionright","validityvalid","test","1","positive","singlestim","275","250308","606","â€šÃ³Ã¨","77","dotpositionright","singlestim","276","250966","m","right","correct","1","","1","trialend","singlestim","277","251980"
"16977","Subject49","1","healthyhealthy","1","healthy","positionleft","validityinvalid","test","1","positive","singlestim","279","253984","786","â€šÃ³Ã¨","77","dotpositionright","singlestim","280","254822","m","right","correct","1","","1","trialend","singlestim","281","255834"
"17274","Subject49","1","gunshotgunshot","1","gunshot","positionright","validityvalid","test","1","suicide","singlestim","283","257839","393","â€šÃ³Ã¨","77","dotpositionright","singlestim","284","258284","m","right","correct","1","","1","trialend","singlestim","285","259296"
"17571","Subject49","1","imageimage","1","image","positionleft","validityvalid","test","1","neutral","singlestim","287","261301","367","â€šÃ³Ã¨","67","dotpositionleft","singlestim","288","261719","c","left","correct","1","","1","trialend","singlestim","289","262731"
"17868","Subject49","1","foldedfolded","1","folded","positionleft","validityvalid","test","1","neutral","singlestim","291","264736","645","â€šÃ³Ã¨","67","dotpositionleft","singlestim","292","265432","c","left","correct","1","","1","trialend","singlestim","293","266444"
"18165","Subject49","1","patheticpathetic","1","pathetic","positionleft","validityvalid","test","1","negative","singlestim","295","268448","443","â€šÃ³Ã¨","67","dotpositionleft","singlestim","296","268943","c","left","correct","1","","1","trialend","singlestim","297","269957"
"18462","Subject49","1","vomitvomit","1","vomit","positionleft","validityvalid","test","1","negative","singlestim","299","271961","412","â€šÃ³Ã¨","67","dotpositionleft","singlestim","300","272425","c","left","correct","1","","1","trialend","singlestim","301","273439"
"18759","Subject49","1","statuestatue","1","statue","positionright","validityinvalid","test","1","neutral","singlestim","303","275442","496","â€šÃ³Ã¨","67","dotpositionleft","singlestim","304","275991","c","left","correct","1","","1","trialend","singlestim","305","277004"
