"","SubjectID","rt","stimulus","keypress","word","wordposition","validity","block","blocknum","wordtype","trialtype","trialindex","timeelapsed","rt.1","stimulus.1","keypress.1","dotposition","trialtype.1","trialindex.1","timeelapsed.1","keypressed","participantresponse","correctresponse","rt.2","stimulus.2","keypress.2","blocktrial","trialtype.2","trialindex.2","timeelapsed.2"
"187","Subject217","1","filthyfilthy","1","filthy","positionleft","validityinvalid","test","2","negative","singlestim","51","87712","1282","â€šÃ³Ã¨","77","dotpositionright","singlestim","52","89048","m","right","correct","1","","1","trialend","singlestim","53","90062"
"484","Subject217","1","deathdeath","1","death","positionright","validityvalid","test","2","suicide","singlestim","55","92066","626","â€šÃ³Ã¨","77","dotpositionright","singlestim","56","92746","m","right","correct","1","","1","trialend","singlestim","57","93760"
"781","Subject217","1","horsehorse","1","horse","positionleft","validityinvalid","test","2","neutral","singlestim","59","95766","548","â€šÃ³Ã¨","77","dotpositionright","singlestim","60","96366","m","right","correct","1","","1","trialend","singlestim","61","97382"
"1078","Subject217","1","cruelcruel","1","cruel","positionright","validityvalid","test","2","negative","singlestim","63","99386","504","â€šÃ³Ã¨","77","dotpositionright","singlestim","64","99944","m","right","correct","1","","1","trialend","singlestim","65","100960"
"1375","Subject217","1","failurefailure","1","failure","positionleft","validityvalid","test","2","negative","singlestim","67","102964","782","â€šÃ³Ã¨","67","dotpositionleft","singlestim","68","103798","c","left","correct","1","","1","trialend","singlestim","69","104836"
"1672","Subject217","1","overdoseoverdose","1","overdose","positionright","validityinvalid","test","2","suicide","singlestim","71","106842","536","â€šÃ³Ã¨","67","dotpositionleft","singlestim","72","107430","c","left","correct","1","","1","trialend","singlestim","73","108446"
"1969","Subject217","1","corpsecorpse","1","corpse","positionleft","validityvalid","test","2","suicide","singlestim","75","110450","556","â€šÃ³Ã¨","67","dotpositionleft","singlestim","76","111060","c","left","correct","1","","1","trialend","singlestim","77","112084"
"2266","Subject217","1","lovelove","1","love","positionright","validityinvalid","test","2","positive","singlestim","79","114090","1274","â€šÃ³Ã¨","67","dotpositionleft","singlestim","80","115416","c","left","correct","1","","1","trialend","singlestim","81","116444"
"2563","Subject217","1","tabletable","1","table","positionright","validityvalid","test","2","neutral","singlestim","83","118448","624","â€šÃ³Ã¨","77","dotpositionright","singlestim","84","119126","m","right","correct","1","","1","trialend","singlestim","85","120162"
"2860","Subject217","1","noosenoose","1","noose","positionleft","validityvalid","test","2","suicide","singlestim","87","122170","766","â€šÃ³Ã¨","67","dotpositionleft","singlestim","88","122992","c","left","correct","1","","1","trialend","singlestim","89","124006"
"3157","Subject217","1","foamfoam","1","foam","positionright","validityvalid","test","2","neutral","singlestim","91","126012","688","â€šÃ³Ã¨","77","dotpositionright","singlestim","92","126754","m","right","correct","1","","1","trialend","singlestim","93","127774"
"3454","Subject217","1","abuseabuse","1","abuse","positionright","validityvalid","test","2","negative","singlestim","95","129778","750","â€šÃ³Ã¨","77","dotpositionright","singlestim","96","130582","m","right","correct","1","","1","trialend","singlestim","97","131596"
"3751","Subject217","1","paperpaper","1","paper","positionleft","validityvalid","test","2","neutral","singlestim","99","133602","388","â€šÃ³Ã¨","67","dotpositionleft","singlestim","100","134040","c","left","correct","1","","1","trialend","singlestim","101","135056"
"4048","Subject217","1","braverybravery","1","bravery","positionleft","validityvalid","test","2","positive","singlestim","103","137064","796","â€šÃ³Ã¨","67","dotpositionleft","singlestim","104","137916","c","left","correct","1","","1","trialend","singlestim","105","138956"
"4345","Subject217","1","pleasurepleasure","1","pleasure","positionleft","validityvalid","test","2","positive","singlestim","107","140962","556","â€šÃ³Ã¨","67","dotpositionleft","singlestim","108","141570","c","left","correct","1","","1","trialend","singlestim","109","142586"
"4642","Subject217","1","enthusiasmenthusiasm","1","enthusiasm","positionright","validityvalid","test","2","positive","singlestim","111","144590","624","â€šÃ³Ã¨","77","dotpositionright","singlestim","112","145268","m","right","correct","1","","1","trialend","singlestim","113","146282"
"4939","Subject217","1","laughlaugh","1","laugh","positionright","validityvalid","test","4","positive","singlestim","115","148286","474","â€šÃ³Ã¨","77","dotpositionright","singlestim","116","148812","m","right","correct","1","","1","trialend","singlestim","117","149828"
"5236","Subject217","1","hanginghanging","1","hanging","positionleft","validityvalid","test","4","suicide","singlestim","119","151834","498","â€šÃ³Ã¨","67","dotpositionleft","singlestim","120","152384","c","left","correct","1","","1","trialend","singlestim","121","153398"
"5533","Subject217","1","passionatepassionate","1","passionate","positionleft","validityinvalid","test","4","positive","singlestim","123","155402","488","â€šÃ³Ã¨","77","dotpositionright","singlestim","124","155944","m","right","correct","1","","1","trialend","singlestim","125","156958"
"5830","Subject217","1","alonealone","1","alone","positionleft","validityvalid","test","4","negative","singlestim","127","158962","760","â€šÃ³Ã¨","67","dotpositionleft","singlestim","128","159776","c","left","correct","1","","1","trialend","singlestim","129","160812"
"6127","Subject217","1","doubledouble","1","double","positionright","validityvalid","test","4","neutral","singlestim","131","162820","500","â€šÃ³Ã¨","77","dotpositionright","singlestim","132","163374","m","right","correct","1","","1","trialend","singlestim","133","164388"
"6424","Subject217","1","wohlesswohless","1","wohless","positionright","validityvalid","test","4","negative","singlestim","135","166394","662","â€šÃ³Ã¨","77","dotpositionright","singlestim","136","167108","m","right","correct","1","","1","trialend","singlestim","137","168122"
"6721","Subject217","1","suicidesuicide","1","suicide","positionright","validityinvalid","test","4","suicide","singlestim","139","170128","612","â€šÃ³Ã¨","67","dotpositionleft","singlestim","140","170790","c","left","correct","1","","1","trialend","singlestim","141","171806"
"7018","Subject217","1","frameframe","1","frame","positionleft","validityinvalid","test","4","neutral","singlestim","143","173810","710","â€šÃ³Ã¨","77","dotpositionright","singlestim","144","174574","m","right","correct","1","","1","trialend","singlestim","145","175588"
"7315","Subject217","1","deceaseddeceased","1","deceased","positionright","validityvalid","test","4","suicide","singlestim","147","177594","662","â€šÃ³Ã¨","77","dotpositionright","singlestim","148","178308","m","right","correct","1","","1","trialend","singlestim","149","179322"
"7612","Subject217","1","killingkilling","1","killing","positionleft","validityvalid","test","4","suicide","singlestim","151","181326","454","â€šÃ³Ã¨","67","dotpositionleft","singlestim","152","181834","c","left","correct","1","","1","trialend","singlestim","153","182850"
"7909","Subject217","1","engineengine","1","engine","positionleft","validityvalid","test","4","neutral","singlestim","155","184858","488","â€šÃ³Ã¨","67","dotpositionleft","singlestim","156","185400","c","left","correct","1","","1","trialend","singlestim","157","186426"
"8206","Subject217","1","successsuccess","1","success","positionleft","validityvalid","test","4","positive","singlestim","159","188430","532","â€šÃ³Ã¨","67","dotpositionleft","singlestim","160","189016","c","left","correct","1","","1","trialend","singlestim","161","190032"
"8503","Subject217","1","ashamedashamed","1","ashamed","positionright","validityinvalid","test","4","negative","singlestim","163","192038","608","â€šÃ³Ã¨","67","dotpositionleft","singlestim","164","192698","c","left","correct","1","","1","trialend","singlestim","165","193712"
"8800","Subject217","1","structurestructure","1","structure","positionright","validityvalid","test","4","neutral","singlestim","167","195720","512","â€šÃ³Ã¨","77","dotpositionright","singlestim","168","196294","m","right","correct","1","","1","trialend","singlestim","169","197318"
"9097","Subject217","1","stupidstupid","1","stupid","positionleft","validityvalid","test","4","negative","singlestim","171","199322","552","â€šÃ³Ã¨","67","dotpositionleft","singlestim","172","199928","c","left","correct","1","","1","trialend","singlestim","173","200950"
"9394","Subject217","1","ecstaticecstatic","1","ecstatic","positionright","validityvalid","test","4","positive","singlestim","175","202954","574","â€šÃ³Ã¨","77","dotpositionright","singlestim","176","203578","m","right","correct","1","","1","trialend","singlestim","177","204592"
"9691","Subject217","1","funeralfuneral","1","funeral","positionright","validityvalid","test","1","suicide","singlestim","179","206596","550","â€šÃ³Ã¨","77","dotpositionright","singlestim","180","207198","m","right","correct","1","","1","trialend","singlestim","181","208214"
"9988","Subject217","1","cheesecheese","1","cheese","positionright","validityvalid","test","1","neutral","singlestim","183","210220","534","â€šÃ³Ã¨","77","dotpositionright","singlestim","184","210808","m","right","correct","1","","1","trialend","singlestim","185","211822"
"10285","Subject217","1","imageimage","1","image","positionleft","validityvalid","test","1","neutral","singlestim","187","213826","680","â€šÃ³Ã¨","67","dotpositionleft","singlestim","188","214560","c","left","correct","1","","1","trialend","singlestim","189","215574"
"10582","Subject217","1","attractionattraction","1","attraction","positionright","validityvalid","test","1","positive","singlestim","191","217578","548","â€šÃ³Ã¨","77","dotpositionright","singlestim","192","218180","m","right","correct","1","","1","trialend","singlestim","193","219194"
"10879","Subject217","1","suffocationsuffocation","1","suffocation","positionleft","validityinvalid","test","1","suicide","singlestim","195","221198","788","â€šÃ³Ã¨","77","dotpositionright","singlestim","196","222042","m","right","correct","1","","1","trialend","singlestim","197","223056"
"11176","Subject217","1","greatgreat","1","great","positionright","validityvalid","test","1","positive","singlestim","199","225060","678","â€šÃ³Ã¨","77","dotpositionright","singlestim","200","225790","m","right","correct","1","","1","trialend","singlestim","201","226808"
"11473","Subject217","1","foldedfolded","1","folded","positionleft","validityvalid","test","1","neutral","singlestim","203","228824","688","â€šÃ³Ã¨","67","dotpositionleft","singlestim","204","229564","c","left","correct","1","","1","trialend","singlestim","205","230580"
"11770","Subject217","1","hatehate","1","hate","positionright","validityinvalid","test","1","negative","singlestim","207","232586","666","â€šÃ³Ã¨","67","dotpositionleft","singlestim","208","233302","c","left","correct","1","","1","trialend","singlestim","209","234318"
"12067","Subject217","1","statuestatue","1","statue","positionright","validityinvalid","test","1","neutral","singlestim","211","236322","562","â€šÃ³Ã¨","67","dotpositionleft","singlestim","212","236938","c","left","correct","1","","1","trialend","singlestim","213","237952"
"12364","Subject217","1","healthyhealthy","1","healthy","positionleft","validityinvalid","test","1","positive","singlestim","215","239956","582","â€šÃ³Ã¨","77","dotpositionright","singlestim","216","240590","m","right","correct","1","","1","trialend","singlestim","217","242084"
"12661","Subject217","1","patheticpathetic","1","pathetic","positionleft","validityvalid","test","1","negative","singlestim","219","244088","664","â€šÃ³Ã¨","67","dotpositionleft","singlestim","220","244804","c","left","correct","1","","1","trialend","singlestim","221","245820"
"12958","Subject217","1","gunshotgunshot","1","gunshot","positionright","validityvalid","test","1","suicide","singlestim","223","247824","484","â€šÃ³Ã¨","77","dotpositionright","singlestim","224","248362","m","right","correct","1","","1","trialend","singlestim","225","249376"
"13255","Subject217","1","paradiseparadise","1","paradise","positionleft","validityvalid","test","1","positive","singlestim","227","251380","532","â€šÃ³Ã¨","67","dotpositionleft","singlestim","228","251966","c","left","correct","1","","1","trialend","singlestim","229","252980"
"13552","Subject217","1","bloodblood","1","blood","positionleft","validityvalid","test","1","suicide","singlestim","231","254984","670","â€šÃ³Ã¨","67","dotpositionleft","singlestim","232","255704","c","left","correct","1","","1","trialend","singlestim","233","256720"
"13849","Subject217","1","vomitvomit","1","vomit","positionleft","validityvalid","test","1","negative","singlestim","235","258724","606","â€šÃ³Ã¨","67","dotpositionleft","singlestim","236","259382","c","left","correct","1","","1","trialend","singlestim","237","260396"
"14146","Subject217","1","cryingcrying","1","crying","positionright","validityvalid","test","1","negative","singlestim","239","262400","740","â€šÃ³Ã¨","77","dotpositionright","singlestim","240","263194","m","right","correct","1","","1","trialend","singlestim","241","264214"
"14443","Subject217","1","assaultassault","1","assault","positionleft","validityinvalid","test","3","negative","singlestim","243","266218","664","â€šÃ³Ã¨","77","dotpositionright","singlestim","244","266936","m","right","correct","1","","1","trialend","singlestim","245","267950"
"14740","Subject217","1","kisskiss","1","kiss","positionright","validityinvalid","test","3","positive","singlestim","247","269954","630","â€šÃ³Ã¨","67","dotpositionleft","singlestim","248","270638","c","left","correct","1","","1","trialend","singlestim","249","271652"
"15037","Subject217","1","closetcloset","1","closet","positionright","validityinvalid","test","3","neutral","singlestim","251","273664","616","â€šÃ³Ã¨","67","dotpositionleft","singlestim","252","274332","c","left","correct","1","","1","trialend","singlestim","253","275346"
"15334","Subject217","1","bombbomb","1","bomb","positionright","validityvalid","test","3","negative","singlestim","255","277350","702","â€šÃ³Ã¨","77","dotpositionright","singlestim","256","278104","m","right","correct","1","","1","trialend","singlestim","257","279116"
"15631","Subject217","1","museummuseum","1","museum","positionleft","validityvalid","test","3","neutral","singlestim","259","281128","530","â€šÃ³Ã¨","67","dotpositionleft","singlestim","260","281712","c","left","correct","1","","1","trialend","singlestim","261","282726"
"15928","Subject217","1","greengreen","1","green","positionright","validityvalid","test","3","neutral","singlestim","263","284730","572","â€šÃ³Ã¨","77","dotpositionright","singlestim","264","285354","m","right","correct","1","","1","trialend","singlestim","265","286366"
"16225","Subject217","1","smilesmile","1","smile","positionleft","validityvalid","test","3","positive","singlestim","267","288372","704","â€šÃ³Ã¨","67","dotpositionleft","singlestim","268","289128","c","left","correct","1","","1","trialend","singlestim","269","290148"
"16522","Subject217","1","dyingdying","1","dying","positionleft","validityvalid","test","3","suicide","singlestim","271","292152","526","â€šÃ³Ã¨","67","dotpositionleft","singlestim","272","292730","c","left","correct","1","","1","trialend","singlestim","273","293744"
"16819","Subject217","1","touretoure","1","toure","positionleft","validityvalid","test","3","negative","singlestim","275","295752","534","â€šÃ³Ã¨","67","dotpositionleft","singlestim","276","296338","c","left","correct","1","","1","trialend","singlestim","277","297388"
"17116","Subject217","1","happyhappy","1","happy","positionright","validityvalid","test","3","positive","singlestim","279","299392","562","â€šÃ³Ã¨","77","dotpositionright","singlestim","280","300006","m","right","correct","1","","1","trialend","singlestim","281","301022"
"17413","Subject217","1","cuttingcutting","1","cutting","positionright","validityvalid","test","3","suicide","singlestim","283","303026","576","â€šÃ³Ã¨","77","dotpositionright","singlestim","284","303654","m","right","correct","1","","1","trialend","singlestim","285","304670"
"17710","Subject217","1","rejectedrejected","1","rejected","positionright","validityvalid","test","3","negative","singlestim","287","306678","578","â€šÃ³Ã¨","77","dotpositionright","singlestim","288","307316","m","right","correct","1","","1","trialend","singlestim","289","308330"
"18007","Subject217","1","diedie","1","die","positionright","validityvalid","test","3","suicide","singlestim","291","310334","654","â€šÃ³Ã¨","77","dotpositionright","singlestim","292","311040","m","right","correct","1","","1","trialend","singlestim","293","312054"
"18304","Subject217","1","strongstrong","1","strong","positionleft","validityvalid","test","3","positive","singlestim","295","314060","792","â€šÃ³Ã¨","67","dotpositionleft","singlestim","296","314906","c","left","correct","1","","1","trialend","singlestim","297","315920"
"18601","Subject217","1","metermeter","1","meter","positionleft","validityvalid","test","3","neutral","singlestim","299","317926","664","â€šÃ³Ã¨","67","dotpositionleft","singlestim","300","318640","c","left","correct","1","","1","trialend","singlestim","301","319656"
"18898","Subject217","1","deaddead","1","dead","positionleft","validityinvalid","test","3","suicide","singlestim","303","321660","530","â€šÃ³Ã¨","77","dotpositionright","singlestim","304","322242","m","right","correct","1","","1","trialend","singlestim","305","323256"
