"","SubjectID","rt","stimulus","keypress","word","wordposition","validity","block","blocknum","wordtype","trialtype","trialindex","timeelapsed","rt.1","stimulus.1","keypress.1","dotposition","trialtype.1","trialindex.1","timeelapsed.1","keypressed","participantresponse","correctresponse","rt.2","stimulus.2","keypress.2","blocktrial","trialtype.2","trialindex.2","timeelapsed.2"
"217","Subject249","1","abuseabuse","1","abuse","positionright","validityvalid","test","2","negative","singlestim","51","126074","1012","â€šÃ³Ã¨","77","dotpositionright","singlestim","52","127143","m","right","correct","1","","1","trialend","singlestim","53","128165"
"514","Subject249","1","overdoseoverdose","1","overdose","positionright","validityinvalid","test","2","suicide","singlestim","55","130164","466","â€šÃ³Ã¨","67","dotpositionleft","singlestim","56","130683","c","left","correct","1","","1","trialend","singlestim","57","131699"
"811","Subject249","1","horsehorse","1","horse","positionleft","validityinvalid","test","2","neutral","singlestim","59","133698","540","â€šÃ³Ã¨","77","dotpositionright","singlestim","60","134290","m","right","correct","1","","1","trialend","singlestim","61","135317"
"1108","Subject249","1","paperpaper","1","paper","positionleft","validityvalid","test","2","neutral","singlestim","63","137319","543","â€šÃ³Ã¨","67","dotpositionleft","singlestim","64","137925","c","left","correct","1","","1","trialend","singlestim","65","138948"
"1405","Subject249","1","braverybravery","1","bravery","positionleft","validityvalid","test","2","positive","singlestim","67","140950","482","â€šÃ³Ã¨","67","dotpositionleft","singlestim","68","141497","c","left","correct","1","","1","trialend","singlestim","69","142516"
"1702","Subject249","1","deathdeath","1","death","positionright","validityvalid","test","2","suicide","singlestim","71","144518","449","â€šÃ³Ã¨","77","dotpositionright","singlestim","72","145031","m","right","correct","1","","1","trialend","singlestim","73","146049"
"1999","Subject249","1","tabletable","1","table","positionright","validityvalid","test","2","neutral","singlestim","75","148052","425","â€šÃ³Ã¨","77","dotpositionright","singlestim","76","148541","m","right","correct","1","","1","trialend","singlestim","77","149567"
"2296","Subject249","1","enthusiasmenthusiasm","1","enthusiasm","positionright","validityvalid","test","2","positive","singlestim","79","151566","404","â€šÃ³Ã¨","77","dotpositionright","singlestim","80","152021","m","right","correct","1","","1","trialend","singlestim","81","153050"
"2593","Subject249","1","cruelcruel","1","cruel","positionright","validityvalid","test","2","negative","singlestim","83","155049","390","â€šÃ³Ã¨","77","dotpositionright","singlestim","84","155506","m","right","correct","1","","1","trialend","singlestim","85","156534"
"2890","Subject249","1","failurefailure","1","failure","positionleft","validityvalid","test","2","negative","singlestim","87","158518","420","â€šÃ³Ã¨","67","dotpositionleft","singlestim","88","159003","c","left","correct","1","","1","trialend","singlestim","89","160033"
"3187","Subject249","1","lovelove","1","love","positionright","validityinvalid","test","2","positive","singlestim","91","162018","401","â€šÃ³Ã¨","67","dotpositionleft","singlestim","92","162484","c","left","correct","1","","1","trialend","singlestim","93","163500"
"3484","Subject249","1","noosenoose","1","noose","positionleft","validityvalid","test","2","suicide","singlestim","95","165500","451","â€šÃ³Ã¨","67","dotpositionleft","singlestim","96","166016","c","left","correct","1","","1","trialend","singlestim","97","167033"
"3781","Subject249","1","pleasurepleasure","1","pleasure","positionleft","validityvalid","test","2","positive","singlestim","99","169033","383","â€šÃ³Ã¨","67","dotpositionleft","singlestim","100","169466","c","left","correct","1","","1","trialend","singlestim","101","170484"
"4078","Subject249","1","corpsecorpse","1","corpse","positionleft","validityvalid","test","2","suicide","singlestim","103","172485","419","â€šÃ³Ã¨","67","dotpositionleft","singlestim","104","172969","c","left","correct","1","","1","trialend","singlestim","105","173984"
"4375","Subject249","1","foamfoam","1","foam","positionright","validityvalid","test","2","neutral","singlestim","107","175984","367","â€šÃ³Ã¨","77","dotpositionright","singlestim","108","176399","m","right","correct","1","","1","trialend","singlestim","109","177416"
"4672","Subject249","1","filthyfilthy","1","filthy","positionleft","validityinvalid","test","2","negative","singlestim","111","179417","368","â€šÃ³Ã¨","77","dotpositionright","singlestim","112","179851","m","right","correct","1","","1","trialend","singlestim","113","180867"
"4969","Subject249","1","kisskiss","1","kiss","positionright","validityinvalid","test","3","positive","singlestim","115","182868","397","â€šÃ³Ã¨","67","dotpositionleft","singlestim","116","183330","c","left","correct","1","","1","trialend","singlestim","117","184351"
"5266","Subject249","1","diedie","1","die","positionright","validityvalid","test","3","suicide","singlestim","119","186352","388","â€šÃ³Ã¨","77","dotpositionright","singlestim","120","186805","m","right","correct","1","","1","trialend","singlestim","121","187833"
"5563","Subject249","1","dyingdying","1","dying","positionleft","validityvalid","test","3","suicide","singlestim","123","189833","371","â€šÃ³Ã¨","67","dotpositionleft","singlestim","124","190255","c","left","correct","1","","1","trialend","singlestim","125","191284"
"5860","Subject249","1","happyhappy","1","happy","positionright","validityvalid","test","3","positive","singlestim","127","193284","346","â€šÃ³Ã¨","77","dotpositionright","singlestim","128","193695","m","right","correct","1","","1","trialend","singlestim","129","194717"
"6157","Subject249","1","assaultassault","1","assault","positionleft","validityinvalid","test","3","negative","singlestim","131","196718","392","â€šÃ³Ã¨","77","dotpositionright","singlestim","132","197176","m","right","correct","1","","1","trialend","singlestim","133","198202"
"6454","Subject249","1","smilesmile","1","smile","positionleft","validityvalid","test","3","positive","singlestim","135","200199","397","â€šÃ³Ã¨","67","dotpositionleft","singlestim","136","200646","c","left","correct","1","","1","trialend","singlestim","137","201667"
"6751","Subject249","1","deaddead","1","dead","positionleft","validityinvalid","test","3","suicide","singlestim","139","203667","359","â€šÃ³Ã¨","77","dotpositionright","singlestim","140","204075","m","right","correct","1","","1","trialend","singlestim","141","205102"
"7048","Subject249","1","touretoure","1","toure","positionleft","validityvalid","test","3","negative","singlestim","143","207101","370","â€šÃ³Ã¨","67","dotpositionleft","singlestim","144","207520","c","left","correct","1","","1","trialend","singlestim","145","208535"
"7345","Subject249","1","rejectedrejected","1","rejected","positionright","validityvalid","test","3","negative","singlestim","147","210535","397","â€šÃ³Ã¨","77","dotpositionright","singlestim","148","210998","m","right","correct","1","","1","trialend","singlestim","149","212018"
"7642","Subject249","1","closetcloset","1","closet","positionright","validityinvalid","test","3","neutral","singlestim","151","214019","459","â€šÃ³Ã¨","67","dotpositionleft","singlestim","152","214544","c","left","correct","1","","1","trialend","singlestim","153","215568"
"7939","Subject249","1","bombbomb","1","bomb","positionright","validityvalid","test","3","negative","singlestim","155","217568","538","â€šÃ³Ã¨","77","dotpositionright","singlestim","156","218156","m","right","correct","1","","1","trialend","singlestim","157","219184"
"8236","Subject249","1","strongstrong","1","strong","positionleft","validityvalid","test","3","positive","singlestim","159","221170","355","â€šÃ³Ã¨","67","dotpositionleft","singlestim","160","221589","c","left","correct","1","","1","trialend","singlestim","161","222618"
"8533","Subject249","1","museummuseum","1","museum","positionleft","validityvalid","test","3","neutral","singlestim","163","224618","517","â€šÃ³Ã¨","67","dotpositionleft","singlestim","164","225202","c","left","correct","1","","1","trialend","singlestim","165","226219"
"8830","Subject249","1","metermeter","1","meter","positionleft","validityvalid","test","3","neutral","singlestim","167","228221","444","â€šÃ³Ã¨","67","dotpositionleft","singlestim","168","228729","c","left","correct","1","","1","trialend","singlestim","169","229752"
"9127","Subject249","1","cuttingcutting","1","cutting","positionright","validityvalid","test","3","suicide","singlestim","171","231754","450","â€šÃ³Ã¨","77","dotpositionright","singlestim","172","232268","m","right","correct","1","","1","trialend","singlestim","173","233286"
"9424","Subject249","1","greengreen","1","green","positionright","validityvalid","test","3","neutral","singlestim","175","235293","455","â€šÃ³Ã¨","77","dotpositionright","singlestim","176","235808","m","right","correct","1","","1","trialend","singlestim","177","236835"
"9721","Subject249","1","greatgreat","1","great","positionright","validityvalid","test","1","positive","singlestim","179","238836","427","â€šÃ³Ã¨","77","dotpositionright","singlestim","180","239330","m","right","correct","1","","1","trialend","singlestim","181","240352"
"10018","Subject249","1","imageimage","1","image","positionleft","validityvalid","test","1","neutral","singlestim","183","242353","381","â€šÃ³Ã¨","67","dotpositionleft","singlestim","184","242798","c","left","correct","1","","1","trialend","singlestim","185","243818"
"10315","Subject249","1","hatehate","1","hate","positionright","validityinvalid","test","1","negative","singlestim","187","245821","469","â€šÃ³Ã¨","67","dotpositionleft","singlestim","188","246355","c","left","correct","1","","1","trialend","singlestim","189","247369"
"10612","Subject249","1","statuestatue","1","statue","positionright","validityinvalid","test","1","neutral","singlestim","191","249370","425","â€šÃ³Ã¨","67","dotpositionleft","singlestim","192","249861","c","left","correct","1","","1","trialend","singlestim","193","250886"
"10909","Subject249","1","suffocationsuffocation","1","suffocation","positionleft","validityinvalid","test","1","suicide","singlestim","195","252886","404","â€šÃ³Ã¨","77","dotpositionright","singlestim","196","253340","m","right","correct","1","","1","trialend","singlestim","197","254353"
"11206","Subject249","1","gunshotgunshot","1","gunshot","positionright","validityvalid","test","1","suicide","singlestim","199","256353","402","â€šÃ³Ã¨","77","dotpositionright","singlestim","200","256821","m","right","correct","1","","1","trialend","singlestim","201","257836"
"11503","Subject249","1","vomitvomit","1","vomit","positionleft","validityvalid","test","1","negative","singlestim","203","259838","354","â€šÃ³Ã¨","67","dotpositionleft","singlestim","204","260255","c","left","correct","1","","1","trialend","singlestim","205","261269"
"11800","Subject249","1","foldedfolded","1","folded","positionleft","validityvalid","test","1","neutral","singlestim","207","263271","445","â€šÃ³Ã¨","67","dotpositionleft","singlestim","208","263780","c","left","correct","1","","1","trialend","singlestim","209","264803"
"12097","Subject249","1","cryingcrying","1","crying","positionright","validityvalid","test","1","negative","singlestim","211","266804","475","â€šÃ³Ã¨","77","dotpositionright","singlestim","212","267345","m","right","correct","1","","1","trialend","singlestim","213","268370"
"12394","Subject249","1","patheticpathetic","1","pathetic","positionleft","validityvalid","test","1","negative","singlestim","215","270355","400","â€šÃ³Ã¨","67","dotpositionleft","singlestim","216","270819","c","left","correct","1","","1","trialend","singlestim","217","271836"
"12691","Subject249","1","cheesecheese","1","cheese","positionright","validityvalid","test","1","neutral","singlestim","219","273836","454","â€šÃ³Ã¨","77","dotpositionright","singlestim","220","274340","m","right","correct","1","","1","trialend","singlestim","221","275353"
"12988","Subject249","1","paradiseparadise","1","paradise","positionleft","validityvalid","test","1","positive","singlestim","223","277356","425","â€šÃ³Ã¨","67","dotpositionleft","singlestim","224","277845","c","left","correct","1","","1","trialend","singlestim","225","278870"
"13285","Subject249","1","attractionattraction","1","attraction","positionright","validityvalid","test","1","positive","singlestim","227","280874","428","â€šÃ³Ã¨","77","dotpositionright","singlestim","228","281364","m","right","correct","1","","1","trialend","singlestim","229","282387"
"13582","Subject249","1","funeralfuneral","1","funeral","positionright","validityvalid","test","1","suicide","singlestim","231","284388","457","â€šÃ³Ã¨","77","dotpositionright","singlestim","232","284910","m","right","correct","1","","1","trialend","singlestim","233","285938"
"13879","Subject249","1","bloodblood","1","blood","positionleft","validityvalid","test","1","suicide","singlestim","235","287938","451","â€šÃ³Ã¨","67","dotpositionleft","singlestim","236","288454","c","left","correct","1","","1","trialend","singlestim","237","289471"
"14176","Subject249","1","healthyhealthy","1","healthy","positionleft","validityinvalid","test","1","positive","singlestim","239","291470","384","â€šÃ³Ã¨","77","dotpositionright","singlestim","240","291906","m","right","correct","1","","1","trialend","singlestim","241","292921"
"14473","Subject249","1","hanginghanging","1","hanging","positionleft","validityvalid","test","4","suicide","singlestim","243","294922","364","â€šÃ³Ã¨","67","dotpositionleft","singlestim","244","295351","c","left","correct","1","","1","trialend","singlestim","245","296370"
"14770","Subject249","1","ecstaticecstatic","1","ecstatic","positionright","validityvalid","test","4","positive","singlestim","247","298373","351","â€šÃ³Ã¨","77","dotpositionright","singlestim","248","298788","m","right","correct","1","","1","trialend","singlestim","249","299803"
"15067","Subject249","1","doubledouble","1","double","positionright","validityvalid","test","4","neutral","singlestim","251","301805","385","â€šÃ³Ã¨","77","dotpositionright","singlestim","252","302258","m","right","correct","1","","1","trialend","singlestim","253","303271"
"15364","Subject249","1","ashamedashamed","1","ashamed","positionright","validityinvalid","test","4","negative","singlestim","255","305272","451","â€šÃ³Ã¨","67","dotpositionleft","singlestim","256","305789","c","left","correct","1","","1","trialend","singlestim","257","306805"
"15661","Subject249","1","killingkilling","1","killing","positionleft","validityvalid","test","4","suicide","singlestim","259","308804","454","â€šÃ³Ã¨","67","dotpositionleft","singlestim","260","309308","c","left","correct","1","","1","trialend","singlestim","261","310338"
"15958","Subject249","1","stupidstupid","1","stupid","positionleft","validityvalid","test","4","negative","singlestim","263","312322","339","â€šÃ³Ã¨","67","dotpositionleft","singlestim","264","312727","c","left","correct","1","","1","trialend","singlestim","265","313739"
"16255","Subject249","1","laughlaugh","1","laugh","positionright","validityvalid","test","4","positive","singlestim","267","315740","358","â€šÃ³Ã¨","77","dotpositionright","singlestim","268","316162","m","right","correct","1","","1","trialend","singlestim","269","317172"
"16552","Subject249","1","passionatepassionate","1","passionate","positionleft","validityinvalid","test","4","positive","singlestim","271","319173","416","â€šÃ³Ã¨","77","dotpositionright","singlestim","272","319653","m","right","correct","1","","1","trialend","singlestim","273","320671"
"16849","Subject249","1","structurestructure","1","structure","positionright","validityvalid","test","4","neutral","singlestim","275","322674","420","â€šÃ³Ã¨","77","dotpositionright","singlestim","276","323158","m","right","correct","1","","1","trialend","singlestim","277","324172"
"17146","Subject249","1","successsuccess","1","success","positionleft","validityvalid","test","4","positive","singlestim","279","326174","393","â€šÃ³Ã¨","67","dotpositionleft","singlestim","280","326631","c","left","correct","1","","1","trialend","singlestim","281","327656"
"17443","Subject249","1","wohlesswohless","1","wohless","positionright","validityvalid","test","4","negative","singlestim","283","329655","455","â€šÃ³Ã¨","77","dotpositionright","singlestim","284","330160","m","right","correct","1","","1","trialend","singlestim","285","331187"
"17740","Subject249","1","deceaseddeceased","1","deceased","positionright","validityvalid","test","4","suicide","singlestim","287","333174","399","â€šÃ³Ã¨","77","dotpositionright","singlestim","288","333638","m","right","correct","1","","1","trialend","singlestim","289","334656"
"18037","Subject249","1","frameframe","1","frame","positionleft","validityinvalid","test","4","neutral","singlestim","291","336655","406","â€šÃ³Ã¨","77","dotpositionright","singlestim","292","337111","m","right","correct","1","","1","trialend","singlestim","293","338122"
"18334","Subject249","1","suicidesuicide","1","suicide","positionright","validityinvalid","test","4","suicide","singlestim","295","340140","399","â€šÃ³Ã¨","67","dotpositionleft","singlestim","296","340587","c","left","correct","1","","1","trialend","singlestim","297","341605"
"18631","Subject249","1","alonealone","1","alone","positionleft","validityvalid","test","4","negative","singlestim","299","343609","435","â€šÃ³Ã¨","67","dotpositionleft","singlestim","300","344107","c","left","correct","1","","1","trialend","singlestim","301","345122"
"18928","Subject249","1","engineengine","1","engine","positionleft","validityvalid","test","4","neutral","singlestim","303","347122","375","â€šÃ³Ã¨","67","dotpositionleft","singlestim","304","347562","c","left","correct","1","","1","trialend","singlestim","305","348588"
