"","SubjectID","rt","stimulus","keypress","word","wordposition","validity","block","blocknum","wordtype","trialtype","trialindex","timeelapsed","rt.1","stimulus.1","keypress.1","dotposition","trialtype.1","trialindex.1","timeelapsed.1","keypressed","participantresponse","correctresponse","rt.2","stimulus.2","keypress.2","blocktrial","trialtype.2","trialindex.2","timeelapsed.2"
"259","Subject293","1","deaddead","1","dead","positionleft","validityinvalid","test","3","suicide","singlestim","51","93087","388","â€šÃ³Ã¨","77","dotpositionright","singlestim","52","93528","m","right","correct","1","","1","trialend","singlestim","53","94542"
"556","Subject293","1","greengreen","1","green","positionright","validityvalid","test","3","neutral","singlestim","55","96545","372","â€šÃ³Ã¨","77","dotpositionright","singlestim","56","96970","m","right","correct","1","","1","trialend","singlestim","57","97983"
"853","Subject293","1","touretoure","1","toure","positionleft","validityvalid","test","3","negative","singlestim","59","99987","364","â€šÃ³Ã¨","67","dotpositionleft","singlestim","60","100402","c","left","correct","1","","1","trialend","singlestim","61","101414"
"1150","Subject293","1","dyingdying","1","dying","positionleft","validityvalid","test","3","suicide","singlestim","63","103418","308","â€šÃ³Ã¨","67","dotpositionleft","singlestim","64","103777","c","left","correct","1","","1","trialend","singlestim","65","104789"
"1447","Subject293","1","rejectedrejected","1","rejected","positionright","validityvalid","test","3","negative","singlestim","67","106792","335","â€šÃ³Ã¨","77","dotpositionright","singlestim","68","107179","m","right","correct","1","","1","trialend","singlestim","69","108192"
"1744","Subject293","1","museummuseum","1","museum","positionleft","validityvalid","test","3","neutral","singlestim","71","110196","278","â€šÃ³Ã¨","67","dotpositionleft","singlestim","72","110525","c","left","correct","1","","1","trialend","singlestim","73","111537"
"2041","Subject293","1","bombbomb","1","bomb","positionright","validityvalid","test","3","negative","singlestim","75","113541","309","â€šÃ³Ã¨","77","dotpositionright","singlestim","76","113901","m","right","correct","1","","1","trialend","singlestim","77","114914"
"2338","Subject293","1","metermeter","1","meter","positionleft","validityvalid","test","3","neutral","singlestim","79","116918","305","â€šÃ³Ã¨","67","dotpositionleft","singlestim","80","117275","c","left","correct","1","","1","trialend","singlestim","81","118289"
"2635","Subject293","1","diedie","1","die","positionright","validityvalid","test","3","suicide","singlestim","83","120292","319","â€šÃ³Ã¨","77","dotpositionright","singlestim","84","120663","m","right","correct","1","","1","trialend","singlestim","85","121676"
"2932","Subject293","1","happyhappy","1","happy","positionright","validityvalid","test","3","positive","singlestim","87","123681","326","â€šÃ³Ã¨","77","dotpositionright","singlestim","88","124058","m","right","correct","1","","1","trialend","singlestim","89","125073"
"3229","Subject293","1","kisskiss","1","kiss","positionright","validityinvalid","test","3","positive","singlestim","91","127079","320","â€šÃ³Ã¨","67","dotpositionleft","singlestim","92","127451","c","left","correct","1","","1","trialend","singlestim","93","128463"
"3526","Subject293","1","cuttingcutting","1","cutting","positionright","validityvalid","test","3","suicide","singlestim","95","130468","297","â€šÃ³Ã¨","77","dotpositionright","singlestim","96","130815","m","right","correct","1","","1","trialend","singlestim","97","131829"
"3823","Subject293","1","closetcloset","1","closet","positionright","validityinvalid","test","3","neutral","singlestim","99","133833","293","â€šÃ³Ã¨","67","dotpositionleft","singlestim","100","134178","c","left","correct","1","","1","trialend","singlestim","101","135191"
"4120","Subject293","1","strongstrong","1","strong","positionleft","validityvalid","test","3","positive","singlestim","103","137195","281","â€šÃ³Ã¨","67","dotpositionleft","singlestim","104","137527","c","left","correct","1","","1","trialend","singlestim","105","138541"
"4417","Subject293","1","assaultassault","1","assault","positionleft","validityinvalid","test","3","negative","singlestim","107","140546","303","â€šÃ³Ã¨","77","dotpositionright","singlestim","108","140901","m","right","correct","1","","1","trialend","singlestim","109","141915"
"4714","Subject293","1","smilesmile","1","smile","positionleft","validityvalid","test","3","positive","singlestim","111","143919","292","â€šÃ³Ã¨","67","dotpositionleft","singlestim","112","144263","c","left","correct","1","","1","trialend","singlestim","113","145275"
"5011","Subject293","1","bloodblood","1","blood","positionleft","validityvalid","test","1","suicide","singlestim","115","147280","322","â€šÃ³Ã¨","67","dotpositionleft","singlestim","116","147654","c","left","correct","1","","1","trialend","singlestim","117","148668"
"5308","Subject293","1","foldedfolded","1","folded","positionleft","validityvalid","test","1","neutral","singlestim","119","150672","319","â€šÃ³Ã¨","67","dotpositionleft","singlestim","120","151043","c","left","correct","1","","1","trialend","singlestim","121","152056"
"5605","Subject293","1","funeralfuneral","1","funeral","positionright","validityvalid","test","1","suicide","singlestim","123","154059","326","â€šÃ³Ã¨","77","dotpositionright","singlestim","124","154438","m","right","correct","1","","1","trialend","singlestim","125","155451"
"5902","Subject293","1","statuestatue","1","statue","positionright","validityinvalid","test","1","neutral","singlestim","127","157456","427","â€šÃ³Ã¨","67","dotpositionleft","singlestim","128","157936","c","left","correct","1","","1","trialend","singlestim","129","158951"
"6199","Subject293","1","hatehate","1","hate","positionright","validityinvalid","test","1","negative","singlestim","131","160956","319","â€šÃ³Ã¨","67","dotpositionleft","singlestim","132","161327","c","left","correct","1","","1","trialend","singlestim","133","162340"
"6496","Subject293","1","gunshotgunshot","1","gunshot","positionright","validityvalid","test","1","suicide","singlestim","135","164345","339","â€šÃ³Ã¨","77","dotpositionright","singlestim","136","164736","m","right","correct","1","","1","trialend","singlestim","137","165749"
"6793","Subject293","1","suffocationsuffocation","1","suffocation","positionleft","validityinvalid","test","1","suicide","singlestim","139","167756","314","â€šÃ³Ã¨","77","dotpositionright","singlestim","140","168122","m","right","correct","1","","1","trialend","singlestim","141","169135"
"7090","Subject293","1","paradiseparadise","1","paradise","positionleft","validityvalid","test","1","positive","singlestim","143","171141","266","â€šÃ³Ã¨","67","dotpositionleft","singlestim","144","171458","c","left","correct","1","","1","trialend","singlestim","145","172473"
"7387","Subject293","1","imageimage","1","image","positionleft","validityvalid","test","1","neutral","singlestim","147","174476","305","â€šÃ³Ã¨","67","dotpositionleft","singlestim","148","174837","c","left","correct","1","","1","trialend","singlestim","149","175850"
"7684","Subject293","1","cheesecheese","1","cheese","positionright","validityvalid","test","1","neutral","singlestim","151","177854","308","â€šÃ³Ã¨","77","dotpositionright","singlestim","152","178214","m","right","correct","1","","1","trialend","singlestim","153","179227"
"7981","Subject293","1","greatgreat","1","great","positionright","validityvalid","test","1","positive","singlestim","155","181231","297","â€šÃ³Ã¨","77","dotpositionright","singlestim","156","181579","m","right","correct","1","","1","trialend","singlestim","157","182594"
"8278","Subject293","1","vomitvomit","1","vomit","positionleft","validityvalid","test","1","negative","singlestim","159","184598","234","â€šÃ³Ã¨","67","dotpositionleft","singlestim","160","184883","c","left","correct","1","","1","trialend","singlestim","161","185898"
"8575","Subject293","1","cryingcrying","1","crying","positionright","validityvalid","test","1","negative","singlestim","163","187902","302","â€šÃ³Ã¨","77","dotpositionright","singlestim","164","188256","m","right","correct","1","","1","trialend","singlestim","165","189269"
"8872","Subject293","1","patheticpathetic","1","pathetic","positionleft","validityvalid","test","1","negative","singlestim","167","191274","265","â€šÃ³Ã¨","67","dotpositionleft","singlestim","168","191591","c","left","correct","1","","1","trialend","singlestim","169","192605"
"9169","Subject293","1","attractionattraction","1","attraction","positionright","validityvalid","test","1","positive","singlestim","171","194608","301","â€šÃ³Ã¨","77","dotpositionright","singlestim","172","194961","m","right","correct","1","","1","trialend","singlestim","173","195974"
"9466","Subject293","1","healthyhealthy","1","healthy","positionleft","validityinvalid","test","1","positive","singlestim","175","197978","333","â€šÃ³Ã¨","77","dotpositionright","singlestim","176","198363","m","right","correct","1","","1","trialend","singlestim","177","199375"
"9763","Subject293","1","doubledouble","1","double","positionright","validityvalid","test","4","neutral","singlestim","179","201379","320","â€šÃ³Ã¨","77","dotpositionright","singlestim","180","201752","m","right","correct","1","","1","trialend","singlestim","181","202764"
"10060","Subject293","1","suicidesuicide","1","suicide","positionright","validityinvalid","test","4","suicide","singlestim","183","204767","281","â€šÃ³Ã¨","67","dotpositionleft","singlestim","184","205100","c","left","correct","1","","1","trialend","singlestim","185","206114"
"10357","Subject293","1","killingkilling","1","killing","positionleft","validityvalid","test","4","suicide","singlestim","187","208118","294","â€šÃ³Ã¨","67","dotpositionleft","singlestim","188","208464","c","left","correct","1","","1","trialend","singlestim","189","209478"
"10654","Subject293","1","hanginghanging","1","hanging","positionleft","validityvalid","test","4","suicide","singlestim","191","211481","269","â€šÃ³Ã¨","67","dotpositionleft","singlestim","192","211802","c","left","correct","1","","1","trialend","singlestim","193","212816"
"10951","Subject293","1","ecstaticecstatic","1","ecstatic","positionright","validityvalid","test","4","positive","singlestim","195","214821","276","â€šÃ³Ã¨","77","dotpositionright","singlestim","196","215149","m","right","correct","1","","1","trialend","singlestim","197","216162"
"11248","Subject293","1","wohlesswohless","1","wohless","positionright","validityvalid","test","4","negative","singlestim","199","218168","306","â€šÃ³Ã¨","77","dotpositionright","singlestim","200","218525","m","right","correct","1","","1","trialend","singlestim","201","219538"
"11545","Subject293","1","stupidstupid","1","stupid","positionleft","validityvalid","test","4","negative","singlestim","203","221544","293","â€šÃ³Ã¨","67","dotpositionleft","singlestim","204","221889","c","left","correct","1","","1","trialend","singlestim","205","222902"
"11842","Subject293","1","laughlaugh","1","laugh","positionright","validityvalid","test","4","positive","singlestim","207","224906","306","â€šÃ³Ã¨","77","dotpositionright","singlestim","208","225265","m","right","correct","1","","1","trialend","singlestim","209","226277"
"12139","Subject293","1","successsuccess","1","success","positionleft","validityvalid","test","4","positive","singlestim","211","228282","278","â€šÃ³Ã¨","67","dotpositionleft","singlestim","212","228610","c","left","correct","1","","1","trialend","singlestim","213","229624"
"12436","Subject293","1","alonealone","1","alone","positionleft","validityvalid","test","4","negative","singlestim","215","231631","261","â€šÃ³Ã¨","67","dotpositionleft","singlestim","216","231945","c","left","correct","1","","1","trialend","singlestim","217","232958"
"12733","Subject293","1","deceaseddeceased","1","deceased","positionright","validityvalid","test","4","suicide","singlestim","219","234963","281","â€šÃ³Ã¨","77","dotpositionright","singlestim","220","235296","m","right","correct","1","","1","trialend","singlestim","221","236310"
"13030","Subject293","1","engineengine","1","engine","positionleft","validityvalid","test","4","neutral","singlestim","223","238313","344","â€šÃ³Ã¨","67","dotpositionleft","singlestim","224","238710","c","left","correct","1","","1","trialend","singlestim","225","239724"
"13327","Subject293","1","structurestructure","1","structure","positionright","validityvalid","test","4","neutral","singlestim","227","241728","345","â€šÃ³Ã¨","77","dotpositionright","singlestim","228","242125","m","right","correct","1","","1","trialend","singlestim","229","243139"
"13624","Subject293","1","frameframe","1","frame","positionleft","validityinvalid","test","4","neutral","singlestim","231","245143","325","â€šÃ³Ã¨","77","dotpositionright","singlestim","232","245522","m","right","correct","1","","1","trialend","singlestim","233","246534"
"13921","Subject293","1","passionatepassionate","1","passionate","positionleft","validityinvalid","test","4","positive","singlestim","235","248539","379","â€šÃ³Ã¨","77","dotpositionright","singlestim","236","248970","m","right","correct","1","","1","trialend","singlestim","237","249984"
"14218","Subject293","1","ashamedashamed","1","ashamed","positionright","validityinvalid","test","4","negative","singlestim","239","251988","344","â€šÃ³Ã¨","67","dotpositionleft","singlestim","240","252384","c","left","correct","1","","1","trialend","singlestim","241","253397"
"14515","Subject293","1","tabletable","1","table","positionright","validityvalid","test","2","neutral","singlestim","243","255399","345","â€šÃ³Ã¨","77","dotpositionright","singlestim","244","255796","m","right","correct","1","","1","trialend","singlestim","245","256809"
"14812","Subject293","1","foamfoam","1","foam","positionright","validityvalid","test","2","neutral","singlestim","247","258815","317","â€šÃ³Ã¨","77","dotpositionright","singlestim","248","259184","m","right","correct","1","","1","trialend","singlestim","249","260195"
"15109","Subject293","1","abuseabuse","1","abuse","positionright","validityvalid","test","2","negative","singlestim","251","262199","488","â€šÃ³Ã¨","77","dotpositionright","singlestim","252","262739","m","right","correct","1","","1","trialend","singlestim","253","263752"
"15406","Subject293","1","failurefailure","1","failure","positionleft","validityvalid","test","2","negative","singlestim","255","265757","336","â€šÃ³Ã¨","67","dotpositionleft","singlestim","256","266146","c","left","correct","1","","1","trialend","singlestim","257","267159"
"15703","Subject293","1","paperpaper","1","paper","positionleft","validityvalid","test","2","neutral","singlestim","259","269162","261","â€šÃ³Ã¨","67","dotpositionleft","singlestim","260","269476","c","left","correct","1","","1","trialend","singlestim","261","270489"
"16000","Subject293","1","horsehorse","1","horse","positionleft","validityinvalid","test","2","neutral","singlestim","263","272494","358","â€šÃ³Ã¨","77","dotpositionright","singlestim","264","272905","m","right","correct","1","","1","trialend","singlestim","265","273917"
"16297","Subject293","1","filthyfilthy","1","filthy","positionleft","validityinvalid","test","2","negative","singlestim","267","275920","342","â€šÃ³Ã¨","77","dotpositionright","singlestim","268","276314","m","right","correct","1","","1","trialend","singlestim","269","277328"
"16594","Subject293","1","enthusiasmenthusiasm","1","enthusiasm","positionright","validityvalid","test","2","positive","singlestim","271","279332","340","â€šÃ³Ã¨","77","dotpositionright","singlestim","272","279726","m","right","correct","1","","1","trialend","singlestim","273","280739"
"16891","Subject293","1","cruelcruel","1","cruel","positionright","validityvalid","test","2","negative","singlestim","275","282745","311","â€šÃ³Ã¨","77","dotpositionright","singlestim","276","283109","m","right","correct","1","","1","trialend","singlestim","277","284122"
"17188","Subject293","1","lovelove","1","love","positionright","validityinvalid","test","2","positive","singlestim","279","286126","307","â€šÃ³Ã¨","67","dotpositionleft","singlestim","280","286486","c","left","correct","1","","1","trialend","singlestim","281","287500"
"17485","Subject293","1","pleasurepleasure","1","pleasure","positionleft","validityvalid","test","2","positive","singlestim","283","289505","345","â€šÃ³Ã¨","67","dotpositionleft","singlestim","284","289901","c","left","correct","1","","1","trialend","singlestim","285","290913"
"17782","Subject293","1","noosenoose","1","noose","positionleft","validityvalid","test","2","suicide","singlestim","287","292918","301","â€šÃ³Ã¨","67","dotpositionleft","singlestim","288","293271","c","left","correct","1","","1","trialend","singlestim","289","294285"
"18079","Subject293","1","braverybravery","1","bravery","positionleft","validityvalid","test","2","positive","singlestim","291","296288","332","â€šÃ³Ã¨","67","dotpositionleft","singlestim","292","296671","c","left","correct","1","","1","trialend","singlestim","293","297685"
"18376","Subject293","1","corpsecorpse","1","corpse","positionleft","validityvalid","test","2","suicide","singlestim","295","299691","329","â€šÃ³Ã¨","67","dotpositionleft","singlestim","296","300072","c","left","correct","1","","1","trialend","singlestim","297","301084"
"18673","Subject293","1","deathdeath","1","death","positionright","validityvalid","test","2","suicide","singlestim","299","303089","464","â€šÃ³Ã¨","77","dotpositionright","singlestim","300","303604","m","right","correct","1","","1","trialend","singlestim","301","304618"
"18970","Subject293","1","overdoseoverdose","1","overdose","positionright","validityinvalid","test","2","suicide","singlestim","303","306623","349","â€šÃ³Ã¨","67","dotpositionleft","singlestim","304","307023","c","left","correct","1","","1","trialend","singlestim","305","308035"
