"","SubjectID","rt","stimulus","keypress","word","wordposition","validity","block","blocknum","wordtype","trialtype","trialindex","timeelapsed","rt.1","stimulus.1","keypress.1","dotposition","trialtype.1","trialindex.1","timeelapsed.1","keypressed","participantresponse","correctresponse","rt.2","stimulus.2","keypress.2","blocktrial","trialtype.2","trialindex.2","timeelapsed.2"
"149","Subject156","1","pleasurepleasure","1","pleasure","positionleft","validityvalid","test","2","positive","singlestim","51","80362","706","â€šÃ³Ã¨","67","dotpositionleft","singlestim","52","81125","c","left","correct","1","","1","trialend","singlestim","53","82139"
"446","Subject156","1","horsehorse","1","horse","positionleft","validityinvalid","test","2","neutral","singlestim","55","84147","388","â€šÃ³Ã¨","77","dotpositionright","singlestim","56","84589","m","right","correct","1","","1","trialend","singlestim","57","85603"
"743","Subject156","1","filthyfilthy","1","filthy","positionleft","validityinvalid","test","2","negative","singlestim","59","87611","444","â€šÃ³Ã¨","77","dotpositionright","singlestim","60","88109","m","right","correct","1","","1","trialend","singlestim","61","89126"
"1040","Subject156","1","lovelove","1","love","positionright","validityinvalid","test","2","positive","singlestim","63","91134","478","â€šÃ³Ã¨","67","dotpositionleft","singlestim","64","91665","c","left","correct","1","","1","trialend","singlestim","65","92678"
"1337","Subject156","1","overdoseoverdose","1","overdose","positionright","validityinvalid","test","2","suicide","singlestim","67","94687","407","â€šÃ³Ã¨","67","dotpositionleft","singlestim","68","95145","c","left","correct","1","","1","trialend","singlestim","69","96161"
"1634","Subject156","1","corpsecorpse","1","corpse","positionleft","validityvalid","test","2","suicide","singlestim","71","98170","512","â€šÃ³Ã¨","67","dotpositionleft","singlestim","72","98735","c","left","correct","1","","1","trialend","singlestim","73","99751"
"1931","Subject156","1","deathdeath","1","death","positionright","validityvalid","test","2","suicide","singlestim","75","101762","437","â€šÃ³Ã¨","77","dotpositionright","singlestim","76","102256","m","right","correct","1","","1","trialend","singlestim","77","103271"
"2228","Subject156","1","failurefailure","1","failure","positionleft","validityvalid","test","2","negative","singlestim","79","105280","360","â€šÃ³Ã¨","67","dotpositionleft","singlestim","80","105696","c","left","correct","1","","1","trialend","singlestim","81","106713"
"2525","Subject156","1","tabletable","1","table","positionright","validityvalid","test","2","neutral","singlestim","83","108722","392","â€šÃ³Ã¨","77","dotpositionright","singlestim","84","109166","m","right","correct","1","","1","trialend","singlestim","85","110183"
"2822","Subject156","1","paperpaper","1","paper","positionleft","validityvalid","test","2","neutral","singlestim","87","112192","375","â€šÃ³Ã¨","67","dotpositionleft","singlestim","88","112620","c","left","correct","1","","1","trialend","singlestim","89","113637"
"3119","Subject156","1","cruelcruel","1","cruel","positionright","validityvalid","test","2","negative","singlestim","91","115645","418","â€šÃ³Ã¨","77","dotpositionright","singlestim","92","116118","m","right","correct","1","","1","trialend","singlestim","93","117134"
"3416","Subject156","1","abuseabuse","1","abuse","positionright","validityvalid","test","2","negative","singlestim","95","119139","360","â€šÃ³Ã¨","77","dotpositionright","singlestim","96","119552","m","right","correct","1","","1","trialend","singlestim","97","120566"
"3713","Subject156","1","braverybravery","1","bravery","positionleft","validityvalid","test","2","positive","singlestim","99","122576","364","â€šÃ³Ã¨","67","dotpositionleft","singlestim","100","122992","c","left","correct","1","","1","trialend","singlestim","101","124009"
"4010","Subject156","1","enthusiasmenthusiasm","1","enthusiasm","positionright","validityvalid","test","2","positive","singlestim","103","126017","359","â€šÃ³Ã¨","77","dotpositionright","singlestim","104","126433","m","right","correct","1","","1","trialend","singlestim","105","127449"
"4307","Subject156","1","foamfoam","1","foam","positionright","validityvalid","test","2","neutral","singlestim","107","129460","333","â€šÃ³Ã¨","77","dotpositionright","singlestim","108","129845","m","right","correct","1","","1","trialend","singlestim","109","130857"
"4604","Subject156","1","noosenoose","1","noose","positionleft","validityvalid","test","2","suicide","singlestim","111","132866","366","â€šÃ³Ã¨","67","dotpositionleft","singlestim","112","133285","c","left","correct","1","","1","trialend","singlestim","113","134300"
"4901","Subject156","1","diedie","1","die","positionright","validityvalid","test","3","suicide","singlestim","115","136308","344","â€šÃ³Ã¨","77","dotpositionright","singlestim","116","136704","m","right","correct","1","","1","trialend","singlestim","117","137718"
"5198","Subject156","1","rejectedrejected","1","rejected","positionright","validityvalid","test","3","negative","singlestim","119","139729","431","â€šÃ³Ã¨","77","dotpositionright","singlestim","120","140215","m","right","correct","1","","1","trialend","singlestim","121","141229"
"5495","Subject156","1","greengreen","1","green","positionright","validityvalid","test","3","neutral","singlestim","123","143239","293","â€šÃ³Ã¨","77","dotpositionright","singlestim","124","143586","m","right","correct","1","","1","trialend","singlestim","125","144603"
"5792","Subject156","1","bombbomb","1","bomb","positionright","validityvalid","test","3","negative","singlestim","127","146610","402","â€šÃ³Ã¨","77","dotpositionright","singlestim","128","147069","m","right","correct","1","","1","trialend","singlestim","129","148084"
"6089","Subject156","1","touretoure","1","toure","positionleft","validityvalid","test","3","negative","singlestim","131","150093","378","â€šÃ³Ã¨","67","dotpositionleft","singlestim","132","150524","c","left","correct","1","","1","trialend","singlestim","133","151538"
"6386","Subject156","1","dyingdying","1","dying","positionleft","validityvalid","test","3","suicide","singlestim","135","153546","422","â€šÃ³Ã¨","67","dotpositionleft","singlestim","136","154021","c","left","correct","1","","1","trialend","singlestim","137","155038"
"6683","Subject156","1","museummuseum","1","museum","positionleft","validityvalid","test","3","neutral","singlestim","139","157046","336","â€šÃ³Ã¨","67","dotpositionleft","singlestim","140","157436","c","left","correct","1","","1","trialend","singlestim","141","158450"
"6980","Subject156","1","deaddead","1","dead","positionleft","validityinvalid","test","3","suicide","singlestim","143","160459","368","â€šÃ³Ã¨","77","dotpositionright","singlestim","144","160880","m","right","correct","1","","1","trialend","singlestim","145","161893"
"7277","Subject156","1","happyhappy","1","happy","positionright","validityvalid","test","3","positive","singlestim","147","163900","392","â€šÃ³Ã¨","77","dotpositionright","singlestim","148","164346","m","right","correct","1","","1","trialend","singlestim","149","165363"
"7574","Subject156","1","smilesmile","1","smile","positionleft","validityvalid","test","3","positive","singlestim","151","167372","364","â€šÃ³Ã¨","67","dotpositionleft","singlestim","152","167789","c","left","correct","1","","1","trialend","singlestim","153","168805"
"7871","Subject156","1","strongstrong","1","strong","positionleft","validityvalid","test","3","positive","singlestim","155","170814","399","â€šÃ³Ã¨","67","dotpositionleft","singlestim","156","171266","c","left","correct","1","","1","trialend","singlestim","157","172282"
"8168","Subject156","1","assaultassault","1","assault","positionleft","validityinvalid","test","3","negative","singlestim","159","174290","346","â€šÃ³Ã¨","77","dotpositionright","singlestim","160","174693","m","right","correct","1","","1","trialend","singlestim","161","175706"
"8465","Subject156","1","kisskiss","1","kiss","positionright","validityinvalid","test","3","positive","singlestim","163","177716","326","â€šÃ³Ã¨","67","dotpositionleft","singlestim","164","178099","c","left","correct","1","","1","trialend","singlestim","165","179116"
"8762","Subject156","1","closetcloset","1","closet","positionright","validityinvalid","test","3","neutral","singlestim","167","181122","347","â€šÃ³Ã¨","67","dotpositionleft","singlestim","168","181522","c","left","correct","1","","1","trialend","singlestim","169","182538"
"9059","Subject156","1","cuttingcutting","1","cutting","positionright","validityvalid","test","3","suicide","singlestim","171","184546","385","â€šÃ³Ã¨","77","dotpositionright","singlestim","172","184984","m","right","correct","1","","1","trialend","singlestim","173","186000"
"9356","Subject156","1","metermeter","1","meter","positionleft","validityvalid","test","3","neutral","singlestim","175","188006","333","â€šÃ³Ã¨","67","dotpositionleft","singlestim","176","188391","c","left","correct","1","","1","trialend","singlestim","177","189404"
"9653","Subject156","1","engineengine","1","engine","positionleft","validityvalid","test","4","neutral","singlestim","179","191412","395","â€šÃ³Ã¨","67","dotpositionleft","singlestim","180","191860","c","left","correct","1","","1","trialend","singlestim","181","192876"
"9950","Subject156","1","successsuccess","1","success","positionleft","validityvalid","test","4","positive","singlestim","183","194883","317","â€šÃ³Ã¨","67","dotpositionleft","singlestim","184","195253","c","left","correct","1","","1","trialend","singlestim","185","196265"
"10247","Subject156","1","killingkilling","1","killing","positionleft","validityvalid","test","4","suicide","singlestim","187","198274","356","â€šÃ³Ã¨","67","dotpositionleft","singlestim","188","198685","c","left","correct","1","","1","trialend","singlestim","189","199701"
"10544","Subject156","1","passionatepassionate","1","passionate","positionleft","validityinvalid","test","4","positive","singlestim","191","201709","296","â€šÃ³Ã¨","77","dotpositionright","singlestim","192","202057","m","right","correct","1","","1","trialend","singlestim","193","203073"
"10841","Subject156","1","doubledouble","1","double","positionright","validityvalid","test","4","neutral","singlestim","195","205082","342","â€šÃ³Ã¨","77","dotpositionright","singlestim","196","205480","m","right","correct","1","","1","trialend","singlestim","197","206497"
"11138","Subject156","1","ashamedashamed","1","ashamed","positionright","validityinvalid","test","4","negative","singlestim","199","208506","370","â€šÃ³Ã¨","67","dotpositionleft","singlestim","200","208929","c","left","correct","1","","1","trialend","singlestim","201","209945"
"11435","Subject156","1","wohlesswohless","1","wohless","positionright","validityvalid","test","4","negative","singlestim","203","211953","356","â€šÃ³Ã¨","77","dotpositionright","singlestim","204","212362","m","right","correct","1","","1","trialend","singlestim","205","213376"
"11732","Subject156","1","suicidesuicide","1","suicide","positionright","validityinvalid","test","4","suicide","singlestim","207","215384","351","â€šÃ³Ã¨","67","dotpositionleft","singlestim","208","215787","c","left","correct","1","","1","trialend","singlestim","209","216800"
"12029","Subject156","1","structurestructure","1","structure","positionright","validityvalid","test","4","neutral","singlestim","211","218808","358","â€šÃ³Ã¨","77","dotpositionright","singlestim","212","219218","m","right","correct","1","","1","trialend","singlestim","213","220236"
"12326","Subject156","1","hanginghanging","1","hanging","positionleft","validityvalid","test","4","suicide","singlestim","215","222244","371","â€šÃ³Ã¨","67","dotpositionleft","singlestim","216","222670","c","left","correct","1","","1","trialend","singlestim","217","223683"
"12623","Subject156","1","alonealone","1","alone","positionleft","validityvalid","test","4","negative","singlestim","219","225692","255","â€šÃ³Ã¨","67","dotpositionleft","singlestim","220","225998","c","left","correct","1","","1","trialend","singlestim","221","227015"
"12920","Subject156","1","laughlaugh","1","laugh","positionright","validityvalid","test","4","positive","singlestim","223","229024","311","â€šÃ³Ã¨","77","dotpositionright","singlestim","224","229386","m","right","correct","1","","1","trialend","singlestim","225","230399"
"13217","Subject156","1","frameframe","1","frame","positionleft","validityinvalid","test","4","neutral","singlestim","227","232408","397","â€šÃ³Ã¨","77","dotpositionright","singlestim","228","232857","m","right","correct","1","","1","trialend","singlestim","229","233870"
"13514","Subject156","1","stupidstupid","1","stupid","positionleft","validityvalid","test","4","negative","singlestim","231","235879","392","â€šÃ³Ã¨","67","dotpositionleft","singlestim","232","236323","c","left","correct","1","","1","trialend","singlestim","233","237340"
"13811","Subject156","1","deceaseddeceased","1","deceased","positionright","validityvalid","test","4","suicide","singlestim","235","239349","319","â€šÃ³Ã¨","77","dotpositionright","singlestim","236","239720","m","right","correct","1","","1","trialend","singlestim","237","240736"
"14108","Subject156","1","ecstaticecstatic","1","ecstatic","positionright","validityvalid","test","4","positive","singlestim","239","242745","419","â€šÃ³Ã¨","77","dotpositionright","singlestim","240","243217","m","right","correct","1","","1","trialend","singlestim","241","244231"
"14405","Subject156","1","paradiseparadise","1","paradise","positionleft","validityvalid","test","1","positive","singlestim","243","246238","442","â€šÃ³Ã¨","67","dotpositionleft","singlestim","244","246733","c","left","correct","1","","1","trialend","singlestim","245","247747"
"14702","Subject156","1","funeralfuneral","1","funeral","positionright","validityvalid","test","1","suicide","singlestim","247","249756","281","â€šÃ³Ã¨","77","dotpositionright","singlestim","248","250090","m","right","correct","1","","1","trialend","singlestim","249","251107"
"14999","Subject156","1","statuestatue","1","statue","positionright","validityinvalid","test","1","neutral","singlestim","251","253116","283","â€šÃ³Ã¨","67","dotpositionleft","singlestim","252","253452","c","left","correct","1","","1","trialend","singlestim","253","254469"
"15296","Subject156","1","vomitvomit","1","vomit","positionleft","validityvalid","test","1","negative","singlestim","255","256477","367","â€šÃ³Ã¨","67","dotpositionleft","singlestim","256","256898","c","left","correct","1","","1","trialend","singlestim","257","257915"
"15593","Subject156","1","foldedfolded","1","folded","positionleft","validityvalid","test","1","neutral","singlestim","259","259924","453","â€šÃ³Ã¨","67","dotpositionleft","singlestim","260","260431","c","left","correct","1","","1","trialend","singlestim","261","261445"
"15890","Subject156","1","bloodblood","1","blood","positionleft","validityvalid","test","1","suicide","singlestim","263","263453","392","â€šÃ³Ã¨","67","dotpositionleft","singlestim","264","263899","c","left","correct","1","","1","trialend","singlestim","265","264916"
"16187","Subject156","1","attractionattraction","1","attraction","positionright","validityvalid","test","1","positive","singlestim","267","266925","298","â€šÃ³Ã¨","77","dotpositionright","singlestim","268","267275","m","right","correct","1","","1","trialend","singlestim","269","268288"
"16484","Subject156","1","patheticpathetic","1","pathetic","positionleft","validityvalid","test","1","negative","singlestim","271","270298","402","â€šÃ³Ã¨","67","dotpositionleft","singlestim","272","270756","c","left","correct","1","","1","trialend","singlestim","273","271771"
"16781","Subject156","1","imageimage","1","image","positionleft","validityvalid","test","1","neutral","singlestim","275","273781","324","â€šÃ³Ã¨","67","dotpositionleft","singlestim","276","274162","c","left","correct","1","","1","trialend","singlestim","277","275178"
"17078","Subject156","1","healthyhealthy","1","healthy","positionleft","validityinvalid","test","1","positive","singlestim","279","277186","357","â€šÃ³Ã¨","77","dotpositionright","singlestim","280","277597","m","right","correct","1","","1","trialend","singlestim","281","278614"
"17375","Subject156","1","hatehate","1","hate","positionright","validityinvalid","test","1","negative","singlestim","283","280622","327","â€šÃ³Ã¨","67","dotpositionleft","singlestim","284","281003","c","left","correct","1","","1","trialend","singlestim","285","282014"
"17672","Subject156","1","cheesecheese","1","cheese","positionright","validityvalid","test","1","neutral","singlestim","287","284024","429","â€šÃ³Ã¨","77","dotpositionright","singlestim","288","284509","m","right","correct","1","","1","trialend","singlestim","289","285527"
"17969","Subject156","1","greatgreat","1","great","positionright","validityvalid","test","1","positive","singlestim","291","287535","363","â€šÃ³Ã¨","77","dotpositionright","singlestim","292","287953","m","right","correct","1","","1","trialend","singlestim","293","288969"
"18266","Subject156","1","cryingcrying","1","crying","positionright","validityvalid","test","1","negative","singlestim","295","290977","412","â€šÃ³Ã¨","77","dotpositionright","singlestim","296","291443","m","right","correct","1","","1","trialend","singlestim","297","292457"
"18563","Subject156","1","gunshotgunshot","1","gunshot","positionright","validityvalid","test","1","suicide","singlestim","299","294465","358","â€šÃ³Ã¨","77","dotpositionright","singlestim","300","294876","m","right","correct","1","","1","trialend","singlestim","301","295893"
"18860","Subject156","1","suffocationsuffocation","1","suffocation","positionleft","validityinvalid","test","1","suicide","singlestim","303","297903","357","â€šÃ³Ã¨","77","dotpositionright","singlestim","304","298317","m","right","correct","1","","1","trialend","singlestim","305","299331"
