"","SubjectID","rt","stimulus","keypress","word","wordposition","validity","block","blocknum","wordtype","trialtype","trialindex","timeelapsed","rt.1","stimulus.1","keypress.1","dotposition","trialtype.1","trialindex.1","timeelapsed.1","keypressed","participantresponse","correctresponse","rt.2","stimulus.2","keypress.2","blocktrial","trialtype.2","trialindex.2","timeelapsed.2"
"29","Subject30","1","bloodblood","1","blood","positionleft","validityvalid","test","1","suicide","singlestim","51","155806","340","â€šÃ³Ã¨","67","dotpositionleft","singlestim","52","156196","c","left","correct","1","","1","trialend","singlestim","53","157206"
"326","Subject30","1","paradiseparadise","1","paradise","positionleft","validityvalid","test","1","positive","singlestim","55","159206","340","â€šÃ³Ã¨","67","dotpositionleft","singlestim","56","159597","c","left","correct","1","","1","trialend","singlestim","57","160607"
"623","Subject30","1","healthyhealthy","1","healthy","positionleft","validityinvalid","test","1","positive","singlestim","59","162607","372","â€šÃ³Ã¨","77","dotpositionright","singlestim","60","163029","m","right","correct","1","","1","trialend","singlestim","61","164039"
"920","Subject30","1","hatehate","1","hate","positionright","validityinvalid","test","1","negative","singlestim","63","166039","323","â€šÃ³Ã¨","67","dotpositionleft","singlestim","64","166412","c","left","correct","1","","1","trialend","singlestim","65","167423"
"1217","Subject30","1","attractionattraction","1","attraction","positionright","validityvalid","test","1","positive","singlestim","67","169424","314","â€šÃ³Ã¨","77","dotpositionright","singlestim","68","169788","m","right","correct","1","","1","trialend","singlestim","69","170798"
"1514","Subject30","1","greatgreat","1","great","positionright","validityvalid","test","1","positive","singlestim","71","172798","396","â€šÃ³Ã¨","77","dotpositionright","singlestim","72","173244","m","right","correct","1","","1","trialend","singlestim","73","174257"
"1811","Subject30","1","cheesecheese","1","cheese","positionright","validityvalid","test","1","neutral","singlestim","75","176257","426","â€šÃ³Ã¨","77","dotpositionright","singlestim","76","176733","m","right","correct","1","","1","trialend","singlestim","77","177743"
"2108","Subject30","1","funeralfuneral","1","funeral","positionright","validityvalid","test","1","suicide","singlestim","79","179744","322","â€šÃ³Ã¨","77","dotpositionright","singlestim","80","180117","m","right","correct","1","","1","trialend","singlestim","81","181127"
"2405","Subject30","1","foldedfolded","1","folded","positionleft","validityvalid","test","1","neutral","singlestim","83","183127","404","â€šÃ³Ã¨","67","dotpositionleft","singlestim","84","183581","c","left","correct","1","","1","trialend","singlestim","85","184591"
"2702","Subject30","1","suffocationsuffocation","1","suffocation","positionleft","validityinvalid","test","1","suicide","singlestim","87","186591","323","â€šÃ³Ã¨","77","dotpositionright","singlestim","88","186964","m","right","correct","1","","1","trialend","singlestim","89","187974"
"2999","Subject30","1","patheticpathetic","1","pathetic","positionleft","validityvalid","test","1","negative","singlestim","91","189974","356","â€šÃ³Ã¨","67","dotpositionleft","singlestim","92","190380","c","left","correct","1","","1","trialend","singlestim","93","191390"
"3296","Subject30","1","statuestatue","1","statue","positionright","validityinvalid","test","1","neutral","singlestim","95","193390","349","â€šÃ³Ã¨","67","dotpositionleft","singlestim","96","193790","c","left","correct","1","","1","trialend","singlestim","97","194800"
"3593","Subject30","1","vomitvomit","1","vomit","positionleft","validityvalid","test","1","negative","singlestim","99","196800","370","â€šÃ³Ã¨","67","dotpositionleft","singlestim","100","197221","c","left","correct","1","","1","trialend","singlestim","101","198231"
"3890","Subject30","1","cryingcrying","1","crying","positionright","validityvalid","test","1","negative","singlestim","103","200231","331","â€šÃ³Ã¨","77","dotpositionright","singlestim","104","200613","m","right","correct","1","","1","trialend","singlestim","105","201623"
"4187","Subject30","1","gunshotgunshot","1","gunshot","positionright","validityvalid","test","1","suicide","singlestim","107","203624","330","â€šÃ³Ã¨","77","dotpositionright","singlestim","108","204004","m","right","correct","1","","1","trialend","singlestim","109","205015"
"4484","Subject30","1","imageimage","1","image","positionleft","validityvalid","test","1","neutral","singlestim","111","207015","371","â€šÃ³Ã¨","67","dotpositionleft","singlestim","112","207436","c","left","correct","1","","1","trialend","singlestim","113","208447"
"4781","Subject30","1","corpsecorpse","1","corpse","positionleft","validityvalid","test","2","suicide","singlestim","115","210450","344","â€šÃ³Ã¨","67","dotpositionleft","singlestim","116","210845","c","left","correct","1","","1","trialend","singlestim","117","211855"
"5078","Subject30","1","braverybravery","1","bravery","positionleft","validityvalid","test","2","positive","singlestim","119","213857","388","â€šÃ³Ã¨","67","dotpositionleft","singlestim","120","214295","c","left","correct","1","","1","trialend","singlestim","121","215305"
"5375","Subject30","1","cruelcruel","1","cruel","positionright","validityvalid","test","2","negative","singlestim","123","217305","339","â€šÃ³Ã¨","77","dotpositionright","singlestim","124","217694","m","right","correct","1","","1","trialend","singlestim","125","218705"
"5672","Subject30","1","filthyfilthy","1","filthy","positionleft","validityinvalid","test","2","negative","singlestim","127","220705","323","â€šÃ³Ã¨","77","dotpositionright","singlestim","128","221078","m","right","correct","1","","1","trialend","singlestim","129","222088"
"5969","Subject30","1","pleasurepleasure","1","pleasure","positionleft","validityvalid","test","2","positive","singlestim","131","224088","340","â€šÃ³Ã¨","67","dotpositionleft","singlestim","132","224479","c","left","correct","1","","1","trialend","singlestim","133","225489"
"6266","Subject30","1","lovelove","1","love","positionright","validityinvalid","test","2","positive","singlestim","135","227489","428","â€šÃ³Ã¨","67","dotpositionleft","singlestim","136","227967","c","left","correct","1","","1","trialend","singlestim","137","228978"
"6563","Subject30","1","horsehorse","1","horse","positionleft","validityinvalid","test","2","neutral","singlestim","139","230978","354","â€šÃ³Ã¨","77","dotpositionright","singlestim","140","231383","m","right","correct","1","","1","trialend","singlestim","141","232393"
"6860","Subject30","1","abuseabuse","1","abuse","positionright","validityvalid","test","2","negative","singlestim","143","234393","316","â€šÃ³Ã¨","77","dotpositionright","singlestim","144","234759","m","right","correct","1","","1","trialend","singlestim","145","235769"
"7157","Subject30","1","failurefailure","1","failure","positionleft","validityvalid","test","2","negative","singlestim","147","237770","354","â€šÃ³Ã¨","67","dotpositionleft","singlestim","148","238174","c","left","correct","1","","1","trialend","singlestim","149","239185"
"7454","Subject30","1","foamfoam","1","foam","positionright","validityvalid","test","2","neutral","singlestim","151","241186","1","â€šÃ³Ã¨","1","dotpositionright","singlestim","152","243236","","incorrect","1","","1","trialend","singlestim","153","244248","1010390"
"7751","Subject30","tabletable","1","table","positionright","validityvalid","test","2","neutral","singlestim","155","246248","1010410","â€šÃ³Ã¨","1","dotpositionright","singlestim","156","248298","1010420","incorrect","1","","1","trialend","singlestim","157","249308","1010430","1"
"8048","Subject30","1","enthusiasm","positionright","validityvalid","test","2","positive","singlestim","159","251308","1010450","1","1","dotpositionright","singlestim","160","253358","1010460","","1","","1","trialend","singlestim","161","254369","1010470","1","paperpaper"
"8345","Subject30","paper","positionleft","validityvalid","test","2","neutral","singlestim","163","256369","1010490","1","â€šÃ³Ã¨","dotpositionleft","singlestim","164","258419","1010500","","incorrect","","1","trialend","singlestim","165","259429","1010510","1","deathdeath","1"
"8642","Subject30","positionright","validityvalid","test","2","suicide","singlestim","167","261429","1010530","376","â€šÃ³Ã¨","77","singlestim","168","261855","1010540","m","right","correct","","1","trialend","singlestim","169","262866","1010550","1","noosenoose","1"
"8939","Subject30","positionleft","validityvalid","test","2","suicide","singlestim","171","264866","1010570","322","â€šÃ³Ã¨","67","singlestim","172","265239","1010580","c","left","correct","","1","trialend","singlestim","173","266249","1010590","1","overdoseoverdose","1"
"9236","Subject30","positionright","validityinvalid","test","2","suicide","singlestim","175","268249","1010610","356","â€šÃ³Ã¨","67","singlestim","176","268655","1010620","c","left","correct","","1","trialend","singlestim","177","269666","1010630","1","frameframe","1"
"9533","Subject30","positionleft","validityinvalid","test","4","neutral","singlestim","179","271666","102010","306","â€šÃ³Ã¨","77","singlestim","180","272022","102020","m","right","correct","","1","trialend","singlestim","181","273035","102030","1","laughlaugh","1"
"9830","Subject30","positionright","validityvalid","test","4","positive","singlestim","183","275035","102050","340","â€šÃ³Ã¨","77","singlestim","184","275425","102060","m","right","correct","","1","trialend","singlestim","185","276436","102070","1","hanginghanging","1"
"10127","Subject30","positionleft","validityvalid","test","4","suicide","singlestim","187","278436","102090","347","â€šÃ³Ã¨","67","singlestim","188","278834","1020100","c","left","correct","","1","trialend","singlestim","189","279844","1020110","1","suicidesuicide","1"
"10424","Subject30","positionright","validityinvalid","test","4","suicide","singlestim","191","281844","1020130","316","â€šÃ³Ã¨","67","singlestim","192","282210","1020140","c","left","correct","","1","trialend","singlestim","193","283220","1020150","1","killingkilling","1"
"10721","Subject30","positionleft","validityvalid","test","4","suicide","singlestim","195","285220","1020170","371","â€šÃ³Ã¨","67","singlestim","196","285642","1020180","c","left","correct","","1","trialend","singlestim","197","286652","1020190","1","wohlesswohless","1"
"11018","Subject30","positionright","validityvalid","test","4","negative","singlestim","199","288652","1020210","492","â€šÃ³Ã¨","77","singlestim","200","289194","1020220","m","right","correct","","1","trialend","singlestim","201","290204","1020230","1","deceaseddeceased","1"
"11315","Subject30","positionright","validityvalid","test","4","suicide","singlestim","203","292204","1020250","291","â€šÃ³Ã¨","77","singlestim","204","292545","1020260","m","right","correct","","1","trialend","singlestim","205","293555","1020270","1","ecstaticecstatic","1"
"11612","Subject30","positionright","validityvalid","test","4","positive","singlestim","207","295555","1020290","316","â€šÃ³Ã¨","77","singlestim","208","295921","1020300","m","right","correct","","1","trialend","singlestim","209","296931","1020310","1","passionatepassionate","1"
"11909","Subject30","positionleft","validityinvalid","test","4","positive","singlestim","211","298931","1020330","437","â€šÃ³Ã¨","77","singlestim","212","299418","1020340","m","right","correct","","1","trialend","singlestim","213","300429","1020350","1","engineengine","1"
"12206","Subject30","positionleft","validityvalid","test","4","neutral","singlestim","215","302429","1020370","322","â€šÃ³Ã¨","67","singlestim","216","302802","1020380","c","left","correct","","1","trialend","singlestim","217","303812","1020390","1","successsuccess","1"
"12503","Subject30","positionleft","validityvalid","test","4","positive","singlestim","219","305813","1020410","354","â€šÃ³Ã¨","67","singlestim","220","306218","1020420","c","left","correct","","1","trialend","singlestim","221","307228","1020430","1","alonealone","1"
"12800","Subject30","positionleft","validityvalid","test","4","negative","singlestim","223","309229","1020450","354","â€šÃ³Ã¨","67","singlestim","224","309634","1020460","c","left","correct","","1","trialend","singlestim","225","310650","1020470","1","ashamedashamed","1"
"13097","Subject30","positionright","validityinvalid","test","4","negative","singlestim","227","312650","1020490","349","â€šÃ³Ã¨","67","singlestim","228","313049","1020500","c","left","correct","","1","trialend","singlestim","229","314059","1020510","1","structurestructure","1"
"13394","Subject30","positionright","validityvalid","test","4","neutral","singlestim","231","316059","1020530","348","â€šÃ³Ã¨","77","singlestim","232","316458","1020540","m","right","correct","","1","trialend","singlestim","233","317468","1020550","1","stupidstupid","1"
"13691","Subject30","positionleft","validityvalid","test","4","negative","singlestim","235","319468","1020570","372","â€šÃ³Ã¨","67","singlestim","236","319890","1020580","c","left","correct","","1","trialend","singlestim","237","320902","1020590","1","doubledouble","1"
"13988","Subject30","positionright","validityvalid","test","4","neutral","singlestim","239","322902","1020610","353","â€šÃ³Ã¨","77","singlestim","240","323306","1020620","m","right","correct","","1","trialend","singlestim","241","324316","1020630","1","rejectedrejected","1"
"14285","Subject30","positionright","validityvalid","test","3","negative","singlestim","243","326316","103010","379","â€šÃ³Ã¨","77","singlestim","244","326745","103020","m","right","correct","","1","trialend","singlestim","245","327755","103030","1","cuttingcutting","1"
"14582","Subject30","positionright","validityvalid","test","3","suicide","singlestim","247","329755","103050","308","â€šÃ³Ã¨","77","singlestim","248","330114","103060","m","right","correct","","1","trialend","singlestim","249","331124","103070","1","metermeter","1"
"14879","Subject30","positionleft","validityvalid","test","3","neutral","singlestim","251","333126","103090","627","â€šÃ³Ã¨","67","singlestim","252","333804","1030100","c","left","correct","","1","trialend","singlestim","253","334814","1030110","1","bombbomb","1"
"15176","Subject30","positionright","validityvalid","test","3","negative","singlestim","255","336814","1030130","323","â€šÃ³Ã¨","77","singlestim","256","337188","1030140","m","right","correct","","1","trialend","singlestim","257","338198","1030150","1","strongstrong","1"
"15473","Subject30","positionleft","validityvalid","test","3","positive","singlestim","259","340198","1030170","300","â€šÃ³Ã¨","67","singlestim","260","340548","1030180","c","left","correct","","1","trialend","singlestim","261","341558","1030190","1","deaddead","1"
"15770","Subject30","positionleft","validityinvalid","test","3","suicide","singlestim","263","343558","1030210","451","â€šÃ³Ã¨","77","singlestim","264","344059","1030220","m","right","correct","","1","trialend","singlestim","265","345069","1030230","1","touretoure","1"
"16067","Subject30","positionleft","validityvalid","test","3","negative","singlestim","267","347069","1030250","316","â€šÃ³Ã¨","67","singlestim","268","347435","1030260","c","left","correct","","1","trialend","singlestim","269","348445","1030270","1","greengreen","1"
"16364","Subject30","positionright","validityvalid","test","3","neutral","singlestim","271","350446","1030290","348","â€šÃ³Ã¨","77","singlestim","272","350845","1030300","m","right","correct","","1","trialend","singlestim","273","351855","1030310","1","dyingdying","1"
"16661","Subject30","positionleft","validityvalid","test","3","suicide","singlestim","275","353855","1030330","458","â€šÃ³Ã¨","67","singlestim","276","354364","1030340","c","left","correct","","1","trialend","singlestim","277","355374","1030350","1","kisskiss","1"
"16958","Subject30","positionright","validityinvalid","test","3","positive","singlestim","279","357374","1030370","347","â€šÃ³Ã¨","67","singlestim","280","357771","1030380","c","left","correct","","1","trialend","singlestim","281","358782","1030390","1","diedie","1"
"17255","Subject30","positionright","validityvalid","test","3","suicide","singlestim","283","360782","1030410","388","â€šÃ³Ã¨","77","singlestim","284","361220","1030420","m","right","correct","","1","trialend","singlestim","285","362230","1030430","1","closetcloset","1"
"17552","Subject30","positionright","validityinvalid","test","3","neutral","singlestim","287","364232","1030450","369","â€šÃ³Ã¨","67","singlestim","288","364651","1030460","c","left","correct","","1","trialend","singlestim","289","365661","1030470","1","museummuseum","1"
"17849","Subject30","positionleft","validityvalid","test","3","neutral","singlestim","291","367662","1030490","387","â€šÃ³Ã¨","67","singlestim","292","368100","1030500","c","left","correct","","1","trialend","singlestim","293","369110","1030510","1","smilesmile","1"
"18146","Subject30","positionleft","validityvalid","test","3","positive","singlestim","295","371110","1030530","660","â€šÃ³Ã¨","67","singlestim","296","371820","1030540","c","left","correct","","1","trialend","singlestim","297","372830","1030550","1","happyhappy","1"
"18443","Subject30","positionright","validityvalid","test","3","positive","singlestim","299","374830","1030570","387","â€šÃ³Ã¨","77","singlestim","300","375268","1030580","m","right","correct","","1","trialend","singlestim","301","376279","1030590","1","assaultassault","1"
"18740","Subject30","positionleft","validityinvalid","test","3","negative","singlestim","303","378280","1030610","201","â€šÃ³Ã¨","67","singlestim","304","378531","1030620","c","left","incorrect","","77","trialend","singlestim","305","379541","1030630","1000","timeout","textTimed"
