"","SubjectID","rt","stimulus","keypress","word","wordposition","validity","block","blocknum","wordtype","trialtype","trialindex","timeelapsed","rt.1","stimulus.1","keypress.1","dotposition","trialtype.1","trialindex.1","timeelapsed.1","keypressed","participantresponse","correctresponse","rt.2","stimulus.2","keypress.2","blocktrial","trialtype.2","trialindex.2","timeelapsed.2"
"111","Subject116","1","horsehorse","1","horse","positionleft","validityinvalid","test","2","neutral","singlestim","51","57294","402","â€šÃ³Ã¨","77","dotpositionright","singlestim","52","57750","m","right","correct","1","","1","trialend","singlestim","53","58766"
"408","Subject116","1","deathdeath","1","death","positionright","validityvalid","test","2","suicide","singlestim","55","60776","375","â€šÃ³Ã¨","77","dotpositionright","singlestim","56","61207","m","right","correct","1","","1","trialend","singlestim","57","62222"
"705","Subject116","1","cruelcruel","1","cruel","positionright","validityvalid","test","2","negative","singlestim","59","64233","372","â€šÃ³Ã¨","77","dotpositionright","singlestim","60","64660","m","right","correct","1","","1","trialend","singlestim","61","65675"
"1002","Subject116","1","lovelove","1","love","positionright","validityinvalid","test","2","positive","singlestim","63","67684","361","â€šÃ³Ã¨","67","dotpositionleft","singlestim","64","68097","c","left","correct","1","","1","trialend","singlestim","65","69111"
"1299","Subject116","1","filthyfilthy","1","filthy","positionleft","validityinvalid","test","2","negative","singlestim","67","71120","333","â€šÃ³Ã¨","77","dotpositionright","singlestim","68","71504","m","right","correct","1","","1","trialend","singlestim","69","72518"
"1596","Subject116","1","pleasurepleasure","1","pleasure","positionleft","validityvalid","test","2","positive","singlestim","71","74527","326","â€šÃ³Ã¨","77","dotpositionleft","singlestim","72","74906","m","right","incorrect","60","","67","trialend","singlestim","73","75920"
"1893","Subject116","1","paperpaper","1","paper","positionleft","validityvalid","test","2","neutral","singlestim","75","77928","329","â€šÃ³Ã¨","67","dotpositionleft","singlestim","76","78312","c","left","correct","1","","1","trialend","singlestim","77","79327"
"2190","Subject116","1","noosenoose","1","noose","positionleft","validityvalid","test","2","suicide","singlestim","79","81335","316","â€šÃ³Ã¨","67","dotpositionleft","singlestim","80","81703","c","left","correct","1","","1","trialend","singlestim","81","82718"
"2487","Subject116","1","overdoseoverdose","1","overdose","positionright","validityinvalid","test","2","suicide","singlestim","83","84724","381","â€šÃ³Ã¨","67","dotpositionleft","singlestim","84","85158","c","left","correct","1","","1","trialend","singlestim","85","86175"
"2784","Subject116","1","corpsecorpse","1","corpse","positionleft","validityvalid","test","2","suicide","singlestim","87","88183","388","â€šÃ³Ã¨","67","dotpositionleft","singlestim","88","88625","c","left","correct","1","","1","trialend","singlestim","89","89641"
"3081","Subject116","1","tabletable","1","table","positionright","validityvalid","test","2","neutral","singlestim","91","91649","427","â€šÃ³Ã¨","77","dotpositionright","singlestim","92","92128","m","right","correct","1","","1","trialend","singlestim","93","93140"
"3378","Subject116","1","braverybravery","1","bravery","positionleft","validityvalid","test","2","positive","singlestim","95","95149","394","â€šÃ³Ã¨","67","dotpositionleft","singlestim","96","95596","c","left","correct","1","","1","trialend","singlestim","97","96611"
"3675","Subject116","1","failurefailure","1","failure","positionleft","validityvalid","test","2","negative","singlestim","99","98619","380","â€šÃ³Ã¨","67","dotpositionleft","singlestim","100","99053","c","left","correct","1","","1","trialend","singlestim","101","100066"
"3972","Subject116","1","enthusiasmenthusiasm","1","enthusiasm","positionright","validityvalid","test","2","positive","singlestim","103","102073","403","â€šÃ³Ã¨","77","dotpositionright","singlestim","104","102531","m","right","correct","1","","1","trialend","singlestim","105","103548"
"4269","Subject116","1","foamfoam","1","foam","positionright","validityvalid","test","2","neutral","singlestim","107","105556","388","â€šÃ³Ã¨","77","dotpositionright","singlestim","108","105995","m","right","correct","1","","1","trialend","singlestim","109","107013"
"4566","Subject116","1","abuseabuse","1","abuse","positionright","validityvalid","test","2","negative","singlestim","111","109021","348","â€šÃ³Ã¨","77","dotpositionright","singlestim","112","109422","m","right","correct","1","","1","trialend","singlestim","113","110437"
"4863","Subject116","1","doubledouble","1","double","positionright","validityvalid","test","4","neutral","singlestim","115","112445","471","â€šÃ³Ã¨","77","dotpositionright","singlestim","116","112969","m","right","correct","1","","1","trialend","singlestim","117","113987"
"5160","Subject116","1","passionatepassionate","1","passionate","positionleft","validityinvalid","test","4","positive","singlestim","119","115992","378","â€šÃ³Ã¨","77","dotpositionright","singlestim","120","116423","m","right","correct","1","","1","trialend","singlestim","121","117437"
"5457","Subject116","1","hanginghanging","1","hanging","positionleft","validityvalid","test","4","suicide","singlestim","123","119446","363","â€šÃ³Ã¨","67","dotpositionleft","singlestim","124","119861","c","left","correct","1","","1","trialend","singlestim","125","120879"
"5754","Subject116","1","suicidesuicide","1","suicide","positionright","validityinvalid","test","4","suicide","singlestim","127","122887","374","â€šÃ³Ã¨","67","dotpositionleft","singlestim","128","123314","c","left","correct","1","","1","trialend","singlestim","129","124326"
"6051","Subject116","1","deceaseddeceased","1","deceased","positionright","validityvalid","test","4","suicide","singlestim","131","126335","388","â€šÃ³Ã¨","77","dotpositionright","singlestim","132","126775","m","right","correct","1","","1","trialend","singlestim","133","127792"
"6348","Subject116","1","frameframe","1","frame","positionleft","validityinvalid","test","4","neutral","singlestim","135","129800","340","â€šÃ³Ã¨","77","dotpositionright","singlestim","136","130195","m","right","correct","1","","1","trialend","singlestim","137","131210"
"6645","Subject116","1","stupidstupid","1","stupid","positionleft","validityvalid","test","4","negative","singlestim","139","133219","373","â€šÃ³Ã¨","67","dotpositionleft","singlestim","140","133643","c","left","correct","1","","1","trialend","singlestim","141","134658"
"6942","Subject116","1","ecstaticecstatic","1","ecstatic","positionright","validityvalid","test","4","positive","singlestim","143","136665","386","â€šÃ³Ã¨","77","dotpositionright","singlestim","144","137105","m","right","correct","1","","1","trialend","singlestim","145","138123"
"7239","Subject116","1","wohlesswohless","1","wohless","positionright","validityvalid","test","4","negative","singlestim","147","140131","375","â€šÃ³Ã¨","77","dotpositionright","singlestim","148","140558","m","right","correct","1","","1","trialend","singlestim","149","141576"
"7536","Subject116","1","successsuccess","1","success","positionleft","validityvalid","test","4","positive","singlestim","151","143585","372","â€šÃ³Ã¨","67","dotpositionleft","singlestim","152","144009","c","left","correct","1","","1","trialend","singlestim","153","145024"
"7833","Subject116","1","killingkilling","1","killing","positionleft","validityvalid","test","4","suicide","singlestim","155","147033","338","â€šÃ³Ã¨","67","dotpositionleft","singlestim","156","147423","c","left","correct","1","","1","trialend","singlestim","157","148437"
"8130","Subject116","1","engineengine","1","engine","positionleft","validityvalid","test","4","neutral","singlestim","159","150445","1093","â€šÃ³Ã¨","67","dotpositionleft","singlestim","160","151590","c","left","correct","1","","1","trialend","singlestim","161","152605"
"8427","Subject116","1","ashamedashamed","1","ashamed","positionright","validityinvalid","test","4","negative","singlestim","163","154614","345","â€šÃ³Ã¨","67","dotpositionleft","singlestim","164","155012","c","left","correct","1","","1","trialend","singlestim","165","156029"
"8724","Subject116","1","structurestructure","1","structure","positionright","validityvalid","test","4","neutral","singlestim","167","158037","410","â€šÃ³Ã¨","77","dotpositionright","singlestim","168","158500","m","right","correct","1","","1","trialend","singlestim","169","159516"
"9021","Subject116","1","alonealone","1","alone","positionleft","validityvalid","test","4","negative","singlestim","171","161526","343","â€šÃ³Ã¨","67","dotpositionleft","singlestim","172","161922","c","left","correct","1","","1","trialend","singlestim","173","162935"
"9318","Subject116","1","laughlaugh","1","laugh","positionright","validityvalid","test","4","positive","singlestim","175","164944","458","â€šÃ³Ã¨","77","dotpositionright","singlestim","176","165456","m","right","correct","1","","1","trialend","singlestim","177","166470"
"9615","Subject116","1","deaddead","1","dead","positionleft","validityinvalid","test","3","suicide","singlestim","179","168478","502","â€šÃ³Ã¨","77","dotpositionright","singlestim","180","169033","m","right","correct","1","","1","trialend","singlestim","181","170048"
"9912","Subject116","1","bombbomb","1","bomb","positionright","validityvalid","test","3","negative","singlestim","183","172055","341","â€šÃ³Ã¨","77","dotpositionright","singlestim","184","172447","m","right","correct","1","","1","trialend","singlestim","185","173465"
"10209","Subject116","1","touretoure","1","toure","positionleft","validityvalid","test","3","negative","singlestim","187","175473","351","â€šÃ³Ã¨","67","dotpositionleft","singlestim","188","175879","c","left","correct","1","","1","trialend","singlestim","189","176895"
"10506","Subject116","1","kisskiss","1","kiss","positionright","validityinvalid","test","3","positive","singlestim","191","178903","468","â€šÃ³Ã¨","67","dotpositionleft","singlestim","192","179423","c","left","correct","1","","1","trialend","singlestim","193","180441"
"10803","Subject116","1","strongstrong","1","strong","positionleft","validityvalid","test","3","positive","singlestim","195","182450","332","â€šÃ³Ã¨","67","dotpositionleft","singlestim","196","182834","c","left","correct","1","","1","trialend","singlestim","197","183849"
"11100","Subject116","1","dyingdying","1","dying","positionleft","validityvalid","test","3","suicide","singlestim","199","185857","367","â€šÃ³Ã¨","67","dotpositionleft","singlestim","200","186276","c","left","correct","1","","1","trialend","singlestim","201","187291"
"11397","Subject116","1","smilesmile","1","smile","positionleft","validityvalid","test","3","positive","singlestim","203","189298","409","â€šÃ³Ã¨","67","dotpositionleft","singlestim","204","189761","c","left","correct","1","","1","trialend","singlestim","205","190778"
"11694","Subject116","1","rejectedrejected","1","rejected","positionright","validityvalid","test","3","negative","singlestim","207","192786","338","â€šÃ³Ã¨","77","dotpositionright","singlestim","208","193177","m","right","correct","1","","1","trialend","singlestim","209","194191"
"11991","Subject116","1","happyhappy","1","happy","positionright","validityvalid","test","3","positive","singlestim","211","196200","456","â€šÃ³Ã¨","77","dotpositionright","singlestim","212","196708","m","right","correct","1","","1","trialend","singlestim","213","197726"
"12288","Subject116","1","metermeter","1","meter","positionleft","validityvalid","test","3","neutral","singlestim","215","199735","333","â€šÃ³Ã¨","67","dotpositionleft","singlestim","216","200120","c","left","correct","1","","1","trialend","singlestim","217","201133"
"12585","Subject116","1","diedie","1","die","positionright","validityvalid","test","3","suicide","singlestim","219","203142","389","â€šÃ³Ã¨","77","dotpositionright","singlestim","220","203584","m","right","correct","1","","1","trialend","singlestim","221","204597"
"12882","Subject116","1","museummuseum","1","museum","positionleft","validityvalid","test","3","neutral","singlestim","223","206607","341","â€šÃ³Ã¨","67","dotpositionleft","singlestim","224","207000","c","left","correct","1","","1","trialend","singlestim","225","208017"
"13179","Subject116","1","closetcloset","1","closet","positionright","validityinvalid","test","3","neutral","singlestim","227","210025","398","â€šÃ³Ã¨","67","dotpositionleft","singlestim","228","210475","c","left","correct","1","","1","trialend","singlestim","229","211488"
"13476","Subject116","1","cuttingcutting","1","cutting","positionright","validityvalid","test","3","suicide","singlestim","231","213498","363","â€šÃ³Ã¨","77","dotpositionright","singlestim","232","213914","m","right","correct","1","","1","trialend","singlestim","233","214927"
"13773","Subject116","1","assaultassault","1","assault","positionleft","validityinvalid","test","3","negative","singlestim","235","216932","399","â€šÃ³Ã¨","77","dotpositionright","singlestim","236","217384","m","right","correct","1","","1","trialend","singlestim","237","218401"
"14070","Subject116","1","greengreen","1","green","positionright","validityvalid","test","3","neutral","singlestim","239","220408","423","â€šÃ³Ã¨","77","dotpositionright","singlestim","240","220888","m","right","correct","1","","1","trialend","singlestim","241","221907"
"14367","Subject116","1","cryingcrying","1","crying","positionright","validityvalid","test","1","negative","singlestim","243","223915","384","â€šÃ³Ã¨","77","dotpositionright","singlestim","244","224352","m","right","correct","1","","1","trialend","singlestim","245","225365"
"14664","Subject116","1","foldedfolded","1","folded","positionleft","validityvalid","test","1","neutral","singlestim","247","227374","342","â€šÃ³Ã¨","67","dotpositionleft","singlestim","248","227769","c","left","correct","1","","1","trialend","singlestim","249","228785"
"14961","Subject116","1","attractionattraction","1","attraction","positionright","validityvalid","test","1","positive","singlestim","251","230792","364","â€šÃ³Ã¨","77","dotpositionright","singlestim","252","231210","m","right","correct","1","","1","trialend","singlestim","253","232226"
"15258","Subject116","1","gunshotgunshot","1","gunshot","positionright","validityvalid","test","1","suicide","singlestim","255","234235","370","â€šÃ³Ã¨","77","dotpositionright","singlestim","256","234656","m","right","correct","1","","1","trialend","singlestim","257","235674"
"15555","Subject116","1","suffocationsuffocation","1","suffocation","positionleft","validityinvalid","test","1","suicide","singlestim","259","237682","390","â€šÃ³Ã¨","77","dotpositionright","singlestim","260","238125","m","right","correct","1","","1","trialend","singlestim","261","239139"
"15852","Subject116","1","imageimage","1","image","positionleft","validityvalid","test","1","neutral","singlestim","263","241148","380","â€šÃ³Ã¨","67","dotpositionleft","singlestim","264","241580","c","left","correct","1","","1","trialend","singlestim","265","242598"
"16149","Subject116","1","statuestatue","1","statue","positionright","validityinvalid","test","1","neutral","singlestim","267","244606","386","â€šÃ³Ã¨","67","dotpositionleft","singlestim","268","245044","c","left","correct","1","","1","trialend","singlestim","269","246058"
"16446","Subject116","1","cheesecheese","1","cheese","positionright","validityvalid","test","1","neutral","singlestim","271","248065","428","â€šÃ³Ã¨","77","dotpositionright","singlestim","272","248545","m","right","correct","1","","1","trialend","singlestim","273","249557"
"16743","Subject116","1","funeralfuneral","1","funeral","positionright","validityvalid","test","1","suicide","singlestim","275","251566","445","â€šÃ³Ã¨","77","dotpositionright","singlestim","276","252063","m","right","correct","1","","1","trialend","singlestim","277","253079"
"17040","Subject116","1","hatehate","1","hate","positionright","validityinvalid","test","1","negative","singlestim","279","255083","362","â€šÃ³Ã¨","67","dotpositionleft","singlestim","280","255498","c","left","correct","1","","1","trialend","singlestim","281","256513"
"17337","Subject116","1","healthyhealthy","1","healthy","positionleft","validityinvalid","test","1","positive","singlestim","283","258525","376","â€šÃ³Ã¨","77","dotpositionright","singlestim","284","258956","m","right","correct","1","","1","trialend","singlestim","285","259970"
"17634","Subject116","1","greatgreat","1","great","positionright","validityvalid","test","1","positive","singlestim","287","261981","780","â€šÃ³Ã¨","77","dotpositionright","singlestim","288","262816","m","right","correct","1","","1","trialend","singlestim","289","263831"
"17931","Subject116","1","vomitvomit","1","vomit","positionleft","validityvalid","test","1","negative","singlestim","291","265838","345","â€šÃ³Ã¨","67","dotpositionleft","singlestim","292","266235","c","left","correct","1","","1","trialend","singlestim","293","267249"
"18228","Subject116","1","paradiseparadise","1","paradise","positionleft","validityvalid","test","1","positive","singlestim","295","269257","365","â€šÃ³Ã¨","67","dotpositionleft","singlestim","296","269674","c","left","correct","1","","1","trialend","singlestim","297","270689"
"18525","Subject116","1","bloodblood","1","blood","positionleft","validityvalid","test","1","suicide","singlestim","299","272698","439","â€šÃ³Ã¨","67","dotpositionleft","singlestim","300","273191","c","left","correct","1","","1","trialend","singlestim","301","274207"
"18822","Subject116","1","patheticpathetic","1","pathetic","positionleft","validityvalid","test","1","negative","singlestim","303","276216","331","â€šÃ³Ã¨","67","dotpositionleft","singlestim","304","276599","c","left","correct","1","","1","trialend","singlestim","305","277614"
