"","SubjectID","rt","stimulus","keypress","word","wordposition","validity","block","blocknum","wordtype","trialtype","trialindex","timeelapsed","rt.1","stimulus.1","keypress.1","dotposition","trialtype.1","trialindex.1","timeelapsed.1","keypressed","participantresponse","correctresponse","rt.2","stimulus.2","keypress.2","blocktrial","trialtype.2","trialindex.2","timeelapsed.2"
"131","Subject138","1","gunshotgunshot","1","gunshot","positionright","validityvalid","test","1","suicide","singlestim","51","74379","376","â€šÃ³Ã¨","77","dotpositionright","singlestim","52","74807","m","right","correct","1","","1","trialend","singlestim","53","75824"
"428","Subject138","1","statuestatue","1","statue","positionright","validityinvalid","test","1","neutral","singlestim","55","77829","375","â€šÃ³Ã¨","67","dotpositionleft","singlestim","56","78257","c","left","correct","1","","1","trialend","singlestim","57","79269"
"725","Subject138","1","hatehate","1","hate","positionright","validityinvalid","test","1","negative","singlestim","59","81277","857","â€šÃ³Ã¨","67","dotpositionleft","singlestim","60","82186","c","left","correct","1","","1","trialend","singlestim","61","83200"
"1022","Subject138","1","vomitvomit","1","vomit","positionleft","validityvalid","test","1","negative","singlestim","63","85211","352","â€šÃ³Ã¨","67","dotpositionleft","singlestim","64","85617","c","left","correct","1","","1","trialend","singlestim","65","86630"
"1319","Subject138","1","foldedfolded","1","folded","positionleft","validityvalid","test","1","neutral","singlestim","67","88639","501","â€šÃ³Ã¨","67","dotpositionleft","singlestim","68","89194","c","left","correct","1","","1","trialend","singlestim","69","90209"
"1616","Subject138","1","funeralfuneral","1","funeral","positionright","validityvalid","test","1","suicide","singlestim","71","92216","354","â€šÃ³Ã¨","77","dotpositionright","singlestim","72","92625","m","right","correct","1","","1","trialend","singlestim","73","93639"
"1913","Subject138","1","cheesecheese","1","cheese","positionright","validityvalid","test","1","neutral","singlestim","75","95653","348","â€šÃ³Ã¨","77","dotpositionright","singlestim","76","96054","m","right","correct","1","","1","trialend","singlestim","77","97070"
"2210","Subject138","1","healthyhealthy","1","healthy","positionleft","validityinvalid","test","1","positive","singlestim","79","99080","370","â€šÃ³Ã¨","77","dotpositionright","singlestim","80","99505","m","right","correct","1","","1","trialend","singlestim","81","100518"
"2507","Subject138","1","greatgreat","1","great","positionright","validityvalid","test","1","positive","singlestim","83","102527","307","â€šÃ³Ã¨","77","dotpositionright","singlestim","84","102888","m","right","correct","1","","1","trialend","singlestim","85","103902"
"2804","Subject138","1","patheticpathetic","1","pathetic","positionleft","validityvalid","test","1","negative","singlestim","87","105908","349","â€šÃ³Ã¨","67","dotpositionleft","singlestim","88","106309","c","left","correct","1","","1","trialend","singlestim","89","107324"
"3101","Subject138","1","cryingcrying","1","crying","positionright","validityvalid","test","1","negative","singlestim","91","109329","302","â€šÃ³Ã¨","77","dotpositionright","singlestim","92","109683","m","right","correct","1","","1","trialend","singlestim","93","110696"
"3398","Subject138","1","imageimage","1","image","positionleft","validityvalid","test","1","neutral","singlestim","95","112702","333","â€šÃ³Ã¨","67","dotpositionleft","singlestim","96","113088","c","left","correct","1","","1","trialend","singlestim","97","114105"
"3695","Subject138","1","suffocationsuffocation","1","suffocation","positionleft","validityinvalid","test","1","suicide","singlestim","99","116115","309","â€šÃ³Ã¨","77","dotpositionright","singlestim","100","116480","m","right","correct","1","","1","trialend","singlestim","101","117500"
"3992","Subject138","1","bloodblood","1","blood","positionleft","validityvalid","test","1","suicide","singlestim","103","119514","346","â€šÃ³Ã¨","67","dotpositionleft","singlestim","104","119913","c","left","correct","1","","1","trialend","singlestim","105","120927"
"4289","Subject138","1","attractionattraction","1","attraction","positionright","validityvalid","test","1","positive","singlestim","107","122936","312","â€šÃ³Ã¨","77","dotpositionright","singlestim","108","123315","m","right","correct","1","","1","trialend","singlestim","109","124329"
"4586","Subject138","1","paradiseparadise","1","paradise","positionleft","validityvalid","test","1","positive","singlestim","111","126339","318","â€šÃ³Ã¨","67","dotpositionleft","singlestim","112","126710","c","left","correct","1","","1","trialend","singlestim","113","127722"
"4883","Subject138","1","passionatepassionate","1","passionate","positionleft","validityinvalid","test","4","positive","singlestim","115","129737","314","â€šÃ³Ã¨","77","dotpositionright","singlestim","116","130103","m","right","correct","1","","1","trialend","singlestim","117","131122"
"5180","Subject138","1","killingkilling","1","killing","positionleft","validityvalid","test","4","suicide","singlestim","119","133131","324","â€šÃ³Ã¨","67","dotpositionleft","singlestim","120","133510","c","left","correct","1","","1","trialend","singlestim","121","134524"
"5477","Subject138","1","ecstaticecstatic","1","ecstatic","positionright","validityvalid","test","4","positive","singlestim","123","136530","312","â€šÃ³Ã¨","77","dotpositionright","singlestim","124","136893","m","right","correct","1","","1","trialend","singlestim","125","137909"
"5774","Subject138","1","suicidesuicide","1","suicide","positionright","validityinvalid","test","4","suicide","singlestim","127","139913","367","â€šÃ³Ã¨","67","dotpositionleft","singlestim","128","140331","c","left","correct","1","","1","trialend","singlestim","129","141345"
"6071","Subject138","1","engineengine","1","engine","positionleft","validityvalid","test","4","neutral","singlestim","131","143355","323","â€šÃ³Ã¨","67","dotpositionleft","singlestim","132","143730","c","left","correct","1","","1","trialend","singlestim","133","144749"
"6368","Subject138","1","deceaseddeceased","1","deceased","positionright","validityvalid","test","4","suicide","singlestim","135","146753","295","â€šÃ³Ã¨","77","dotpositionright","singlestim","136","147104","m","right","correct","1","","1","trialend","singlestim","137","148119"
"6665","Subject138","1","wohlesswohless","1","wohless","positionright","validityvalid","test","4","negative","singlestim","139","150127","291","â€šÃ³Ã¨","77","dotpositionright","singlestim","140","150471","m","right","correct","1","","1","trialend","singlestim","141","151488"
"6962","Subject138","1","structurestructure","1","structure","positionright","validityvalid","test","4","neutral","singlestim","143","153498","549","â€šÃ³Ã¨","77","dotpositionright","singlestim","144","154100","m","right","correct","1","","1","trialend","singlestim","145","155117"
"7259","Subject138","1","ashamedashamed","1","ashamed","positionright","validityinvalid","test","4","negative","singlestim","147","157124","370","â€šÃ³Ã¨","67","dotpositionleft","singlestim","148","157547","c","left","correct","1","","1","trialend","singlestim","149","158561"
"7556","Subject138","1","laughlaugh","1","laugh","positionright","validityvalid","test","4","positive","singlestim","151","160570","270","â€šÃ³Ã¨","77","dotpositionright","singlestim","152","160892","m","right","correct","1","","1","trialend","singlestim","153","161907"
"7853","Subject138","1","successsuccess","1","success","positionleft","validityvalid","test","4","positive","singlestim","155","163911","304","â€šÃ³Ã¨","67","dotpositionleft","singlestim","156","164270","c","left","correct","1","","1","trialend","singlestim","157","165284"
"8150","Subject138","1","alonealone","1","alone","positionleft","validityvalid","test","4","negative","singlestim","159","167289","318","â€šÃ³Ã¨","67","dotpositionleft","singlestim","160","167660","c","left","correct","1","","1","trialend","singlestim","161","168674"
"8447","Subject138","1","hanginghanging","1","hanging","positionleft","validityvalid","test","4","suicide","singlestim","163","170683","364","â€šÃ³Ã¨","67","dotpositionleft","singlestim","164","171101","c","left","correct","1","","1","trialend","singlestim","165","172116"
"8744","Subject138","1","doubledouble","1","double","positionright","validityvalid","test","4","neutral","singlestim","167","174126","290","â€šÃ³Ã¨","77","dotpositionright","singlestim","168","174469","m","right","correct","1","","1","trialend","singlestim","169","175493"
"9041","Subject138","1","stupidstupid","1","stupid","positionleft","validityvalid","test","4","negative","singlestim","171","177505","310","â€šÃ³Ã¨","67","dotpositionleft","singlestim","172","177867","c","left","correct","1","","1","trialend","singlestim","173","178880"
"9338","Subject138","1","frameframe","1","frame","positionleft","validityinvalid","test","4","neutral","singlestim","175","180887","375","â€šÃ³Ã¨","77","dotpositionright","singlestim","176","181315","m","right","correct","1","","1","trialend","singlestim","177","182332"
"9635","Subject138","1","deathdeath","1","death","positionright","validityvalid","test","2","suicide","singlestim","179","184340","308","â€šÃ³Ã¨","77","dotpositionright","singlestim","180","184702","m","right","correct","1","","1","trialend","singlestim","181","185716"
"9932","Subject138","1","noosenoose","1","noose","positionleft","validityvalid","test","2","suicide","singlestim","183","187727","329","â€šÃ³Ã¨","67","dotpositionleft","singlestim","184","188110","c","left","correct","1","","1","trialend","singlestim","185","189126"
"10229","Subject138","1","pleasurepleasure","1","pleasure","positionleft","validityvalid","test","2","positive","singlestim","187","191131","343","â€šÃ³Ã¨","67","dotpositionleft","singlestim","188","191527","c","left","correct","1","","1","trialend","singlestim","189","192543"
"10526","Subject138","1","filthyfilthy","1","filthy","positionleft","validityinvalid","test","2","negative","singlestim","191","194548","324","â€šÃ³Ã¨","77","dotpositionright","singlestim","192","194924","m","right","correct","1","","1","trialend","singlestim","193","195939"
"10823","Subject138","1","overdoseoverdose","1","overdose","positionright","validityinvalid","test","2","suicide","singlestim","195","197944","329","â€šÃ³Ã¨","67","dotpositionleft","singlestim","196","198328","c","left","correct","1","","1","trialend","singlestim","197","199341"
"11120","Subject138","1","tabletable","1","table","positionright","validityvalid","test","2","neutral","singlestim","199","201347","298","â€šÃ³Ã¨","77","dotpositionright","singlestim","200","201699","m","right","correct","1","","1","trialend","singlestim","201","202715"
"11417","Subject138","1","lovelove","1","love","positionright","validityinvalid","test","2","positive","singlestim","203","204722","350","â€šÃ³Ã¨","67","dotpositionleft","singlestim","204","205127","c","left","correct","1","","1","trialend","singlestim","205","206143"
"11714","Subject138","1","failurefailure","1","failure","positionleft","validityvalid","test","2","negative","singlestim","207","208151","319","â€šÃ³Ã¨","67","dotpositionleft","singlestim","208","208524","c","left","correct","1","","1","trialend","singlestim","209","209538"
"12011","Subject138","1","cruelcruel","1","cruel","positionright","validityvalid","test","2","negative","singlestim","211","211543","288","â€šÃ³Ã¨","77","dotpositionright","singlestim","212","211885","m","right","correct","1","","1","trialend","singlestim","213","212898"
"12308","Subject138","1","braverybravery","1","bravery","positionleft","validityvalid","test","2","positive","singlestim","215","214904","318","â€šÃ³Ã¨","67","dotpositionleft","singlestim","216","215274","c","left","correct","1","","1","trialend","singlestim","217","216289"
"12605","Subject138","1","paperpaper","1","paper","positionleft","validityvalid","test","2","neutral","singlestim","219","218296","322","â€šÃ³Ã¨","67","dotpositionleft","singlestim","220","218671","c","left","correct","1","","1","trialend","singlestim","221","219686"
"12902","Subject138","1","horsehorse","1","horse","positionleft","validityinvalid","test","2","neutral","singlestim","223","221698","295","â€šÃ³Ã¨","77","dotpositionright","singlestim","224","222046","m","right","correct","1","","1","trialend","singlestim","225","223061"
"13199","Subject138","1","enthusiasmenthusiasm","1","enthusiasm","positionright","validityvalid","test","2","positive","singlestim","227","225071","313","â€šÃ³Ã¨","77","dotpositionright","singlestim","228","225436","m","right","correct","1","","1","trialend","singlestim","229","226449"
"13496","Subject138","1","corpsecorpse","1","corpse","positionleft","validityvalid","test","2","suicide","singlestim","231","228456","288","â€šÃ³Ã¨","67","dotpositionleft","singlestim","232","228801","c","left","correct","1","","1","trialend","singlestim","233","229816"
"13793","Subject138","1","foamfoam","1","foam","positionright","validityvalid","test","2","neutral","singlestim","235","231823","281","â€šÃ³Ã¨","77","dotpositionright","singlestim","236","232159","m","right","correct","1","","1","trialend","singlestim","237","233171"
"14090","Subject138","1","abuseabuse","1","abuse","positionright","validityvalid","test","2","negative","singlestim","239","235177","284","â€šÃ³Ã¨","77","dotpositionright","singlestim","240","235513","m","right","correct","1","","1","trialend","singlestim","241","236531"
"14387","Subject138","1","kisskiss","1","kiss","positionright","validityinvalid","test","3","positive","singlestim","243","238539","327","â€šÃ³Ã¨","67","dotpositionleft","singlestim","244","238921","c","left","correct","1","","1","trialend","singlestim","245","239936"
"14684","Subject138","1","metermeter","1","meter","positionleft","validityvalid","test","3","neutral","singlestim","247","241947","321","â€šÃ³Ã¨","67","dotpositionleft","singlestim","248","242322","c","left","correct","1","","1","trialend","singlestim","249","243336"
"14981","Subject138","1","assaultassault","1","assault","positionleft","validityinvalid","test","3","negative","singlestim","251","245342","297","â€šÃ³Ã¨","77","dotpositionright","singlestim","252","245693","m","right","correct","1","","1","trialend","singlestim","253","246706"
"15278","Subject138","1","greengreen","1","green","positionright","validityvalid","test","3","neutral","singlestim","255","248720","325","â€šÃ³Ã¨","77","dotpositionright","singlestim","256","249097","m","right","correct","1","","1","trialend","singlestim","257","250113"
"15575","Subject138","1","touretoure","1","toure","positionleft","validityvalid","test","3","negative","singlestim","259","252118","328","â€šÃ³Ã¨","67","dotpositionleft","singlestim","260","252500","c","left","correct","1","","1","trialend","singlestim","261","253515"
"15872","Subject138","1","museummuseum","1","museum","positionleft","validityvalid","test","3","neutral","singlestim","263","255526","395","â€šÃ³Ã¨","67","dotpositionleft","singlestim","264","255975","c","left","correct","1","","1","trialend","singlestim","265","256990"
"16169","Subject138","1","happyhappy","1","happy","positionright","validityvalid","test","3","positive","singlestim","267","258999","280","â€šÃ³Ã¨","77","dotpositionright","singlestim","268","259331","m","right","correct","1","","1","trialend","singlestim","269","260350"
"16466","Subject138","1","rejectedrejected","1","rejected","positionright","validityvalid","test","3","negative","singlestim","271","262356","331","â€šÃ³Ã¨","77","dotpositionright","singlestim","272","262741","m","right","correct","1","","1","trialend","singlestim","273","263756"
"16763","Subject138","1","closetcloset","1","closet","positionright","validityinvalid","test","3","neutral","singlestim","275","265763","321","â€šÃ³Ã¨","67","dotpositionleft","singlestim","276","266137","c","left","correct","1","","1","trialend","singlestim","277","267152"
"17060","Subject138","1","strongstrong","1","strong","positionleft","validityvalid","test","3","positive","singlestim","279","269158","345","â€šÃ³Ã¨","67","dotpositionleft","singlestim","280","269557","c","left","correct","1","","1","trialend","singlestim","281","270571"
"17357","Subject138","1","smilesmile","1","smile","positionleft","validityvalid","test","3","positive","singlestim","283","272577","311","â€šÃ³Ã¨","67","dotpositionleft","singlestim","284","272942","c","left","correct","1","","1","trialend","singlestim","285","273955"
"17654","Subject138","1","dyingdying","1","dying","positionleft","validityvalid","test","3","suicide","singlestim","287","275967","326","â€šÃ³Ã¨","67","dotpositionleft","singlestim","288","276345","c","left","correct","1","","1","trialend","singlestim","289","277359"
"17951","Subject138","1","cuttingcutting","1","cutting","positionright","validityvalid","test","3","suicide","singlestim","291","279368","299","â€šÃ³Ã¨","77","dotpositionright","singlestim","292","279721","m","right","correct","1","","1","trialend","singlestim","293","280738"
"18248","Subject138","1","deaddead","1","dead","positionleft","validityinvalid","test","3","suicide","singlestim","295","282750","332","â€šÃ³Ã¨","77","dotpositionright","singlestim","296","283135","m","right","correct","1","","1","trialend","singlestim","297","284148"
"18545","Subject138","1","diedie","1","die","positionright","validityvalid","test","3","suicide","singlestim","299","286155","330","â€šÃ³Ã¨","77","dotpositionright","singlestim","300","286537","m","right","correct","1","","1","trialend","singlestim","301","287553"
"18842","Subject138","1","bombbomb","1","bomb","positionright","validityvalid","test","3","negative","singlestim","303","289564","337","â€šÃ³Ã¨","77","dotpositionright","singlestim","304","289953","m","right","correct","1","","1","trialend","singlestim","305","290969"
