"","SubjectID","rt","stimulus","keypress","word","wordposition","validity","block","blocknum","wordtype","trialtype","trialindex","timeelapsed","rt.1","stimulus.1","keypress.1","dotposition","trialtype.1","trialindex.1","timeelapsed.1","keypressed","participantresponse","correctresponse","rt.2","stimulus.2","keypress.2","blocktrial","trialtype.2","trialindex.2","timeelapsed.2"
"130","Subject137","1","kisskiss","1","kiss","positionright","validityinvalid","test","3","positive","singlestim","51","86165","386","â€šÃ³Ã¨","67","dotpositionleft","singlestim","52","86604","c","left","correct","1","","1","trialend","singlestim","53","87618"
"427","Subject137","1","greengreen","1","green","positionright","validityvalid","test","3","neutral","singlestim","55","89624","387","â€šÃ³Ã¨","77","dotpositionright","singlestim","56","90066","m","right","correct","1","","1","trialend","singlestim","57","91080"
"724","Subject137","1","happyhappy","1","happy","positionright","validityvalid","test","3","positive","singlestim","59","93087","378","â€šÃ³Ã¨","77","dotpositionright","singlestim","60","93517","m","right","correct","1","","1","trialend","singlestim","61","94531"
"1021","Subject137","1","bombbomb","1","bomb","positionright","validityvalid","test","3","negative","singlestim","63","96536","388","â€šÃ³Ã¨","77","dotpositionright","singlestim","64","96975","m","right","correct","1","","1","trialend","singlestim","65","97989"
"1318","Subject137","1","diedie","1","die","positionright","validityvalid","test","3","suicide","singlestim","67","99996","336","â€šÃ³Ã¨","77","dotpositionright","singlestim","68","100384","m","right","correct","1","","1","trialend","singlestim","69","101399"
"1615","Subject137","1","dyingdying","1","dying","positionleft","validityvalid","test","3","suicide","singlestim","71","103403","430","â€šÃ³Ã¨","67","dotpositionleft","singlestim","72","103885","c","left","correct","1","","1","trialend","singlestim","73","104897"
"1912","Subject137","1","museummuseum","1","museum","positionleft","validityvalid","test","3","neutral","singlestim","75","106904","428","â€šÃ³Ã¨","67","dotpositionleft","singlestim","76","107386","c","left","correct","1","","1","trialend","singlestim","77","108399"
"2209","Subject137","1","rejectedrejected","1","rejected","positionright","validityvalid","test","3","negative","singlestim","79","110406","476","â€šÃ³Ã¨","77","dotpositionright","singlestim","80","110935","m","right","correct","1","","1","trialend","singlestim","81","111949"
"2506","Subject137","1","strongstrong","1","strong","positionleft","validityvalid","test","3","positive","singlestim","83","113958","381","â€šÃ³Ã¨","67","dotpositionleft","singlestim","84","114393","c","left","correct","1","","1","trialend","singlestim","85","115407"
"2803","Subject137","1","metermeter","1","meter","positionleft","validityvalid","test","3","neutral","singlestim","87","117413","359","â€šÃ³Ã¨","67","dotpositionleft","singlestim","88","117825","c","left","correct","1","","1","trialend","singlestim","89","118839"
"3100","Subject137","1","closetcloset","1","closet","positionright","validityinvalid","test","3","neutral","singlestim","91","120845","393","â€šÃ³Ã¨","67","dotpositionleft","singlestim","92","121291","c","left","correct","1","","1","trialend","singlestim","93","122305"
"3397","Subject137","1","deaddead","1","dead","positionleft","validityinvalid","test","3","suicide","singlestim","95","124310","400","â€šÃ³Ã¨","77","dotpositionright","singlestim","96","124763","m","right","correct","1","","1","trialend","singlestim","97","125777"
"3694","Subject137","1","smilesmile","1","smile","positionleft","validityvalid","test","3","positive","singlestim","99","127785","449","â€šÃ³Ã¨","67","dotpositionleft","singlestim","100","128286","c","left","correct","1","","1","trialend","singlestim","101","129299"
"3991","Subject137","1","assaultassault","1","assault","positionleft","validityinvalid","test","3","negative","singlestim","103","131306","334","â€šÃ³Ã¨","77","dotpositionright","singlestim","104","131693","m","right","correct","1","","1","trialend","singlestim","105","132710"
"4288","Subject137","1","touretoure","1","toure","positionleft","validityvalid","test","3","negative","singlestim","107","134717","443","â€šÃ³Ã¨","67","dotpositionleft","singlestim","108","135213","c","left","correct","1","","1","trialend","singlestim","109","136226"
"4585","Subject137","1","cuttingcutting","1","cutting","positionright","validityvalid","test","3","suicide","singlestim","111","138233","427","â€šÃ³Ã¨","77","dotpositionright","singlestim","112","138714","m","right","correct","1","","1","trialend","singlestim","113","139727"
"4882","Subject137","1","deathdeath","1","death","positionright","validityvalid","test","2","suicide","singlestim","115","141737","354","â€šÃ³Ã¨","77","dotpositionright","singlestim","116","142143","m","right","correct","1","","1","trialend","singlestim","117","143157"
"5179","Subject137","1","enthusiasmenthusiasm","1","enthusiasm","positionright","validityvalid","test","2","positive","singlestim","119","145165","405","â€šÃ³Ã¨","77","dotpositionright","singlestim","120","145623","m","right","correct","1","","1","trialend","singlestim","121","146637"
"5476","Subject137","1","failurefailure","1","failure","positionleft","validityvalid","test","2","negative","singlestim","123","148644","350","â€šÃ³Ã¨","67","dotpositionleft","singlestim","124","149045","c","left","correct","1","","1","trialend","singlestim","125","150058"
"5773","Subject137","1","pleasurepleasure","1","pleasure","positionleft","validityvalid","test","2","positive","singlestim","127","152064","384","â€šÃ³Ã¨","67","dotpositionleft","singlestim","128","152501","c","left","correct","1","","1","trialend","singlestim","129","153513"
"6070","Subject137","1","overdoseoverdose","1","overdose","positionright","validityinvalid","test","2","suicide","singlestim","131","155520","348","â€šÃ³Ã¨","67","dotpositionleft","singlestim","132","155922","c","left","correct","1","","1","trialend","singlestim","133","156935"
"6367","Subject137","1","abuseabuse","1","abuse","positionright","validityvalid","test","2","negative","singlestim","135","158942","386","â€šÃ³Ã¨","77","dotpositionright","singlestim","136","159382","m","right","correct","1","","1","trialend","singlestim","137","160395"
"6664","Subject137","1","braverybravery","1","bravery","positionleft","validityvalid","test","2","positive","singlestim","139","162400","358","â€šÃ³Ã¨","67","dotpositionleft","singlestim","140","162812","c","left","correct","1","","1","trialend","singlestim","141","163827"
"6961","Subject137","1","foamfoam","1","foam","positionright","validityvalid","test","2","neutral","singlestim","143","165834","432","â€šÃ³Ã¨","77","dotpositionright","singlestim","144","166321","m","right","correct","1","","1","trialend","singlestim","145","167335"
"7258","Subject137","1","horsehorse","1","horse","positionleft","validityinvalid","test","2","neutral","singlestim","147","169343","430","â€šÃ³Ã¨","77","dotpositionright","singlestim","148","169825","m","right","correct","1","","1","trialend","singlestim","149","170840"
"7555","Subject137","1","filthyfilthy","1","filthy","positionleft","validityinvalid","test","2","negative","singlestim","151","172846","432","â€šÃ³Ã¨","77","dotpositionright","singlestim","152","173331","m","right","correct","1","","1","trialend","singlestim","153","174348"
"7852","Subject137","1","noosenoose","1","noose","positionleft","validityvalid","test","2","suicide","singlestim","155","176357","452","â€šÃ³Ã¨","67","dotpositionleft","singlestim","156","176861","c","left","correct","1","","1","trialend","singlestim","157","177875"
"8149","Subject137","1","lovelove","1","love","positionright","validityinvalid","test","2","positive","singlestim","159","179884","459","â€šÃ³Ã¨","67","dotpositionleft","singlestim","160","180394","c","left","correct","1","","1","trialend","singlestim","161","181406"
"8446","Subject137","1","cruelcruel","1","cruel","positionright","validityvalid","test","2","negative","singlestim","163","183416","445","â€šÃ³Ã¨","77","dotpositionright","singlestim","164","183912","m","right","correct","1","","1","trialend","singlestim","165","184926"
"8743","Subject137","1","paperpaper","1","paper","positionleft","validityvalid","test","2","neutral","singlestim","167","186934","374","â€šÃ³Ã¨","67","dotpositionleft","singlestim","168","187361","c","left","correct","1","","1","trialend","singlestim","169","188373"
"9040","Subject137","1","corpsecorpse","1","corpse","positionleft","validityvalid","test","2","suicide","singlestim","171","190378","365","â€šÃ³Ã¨","67","dotpositionleft","singlestim","172","190796","c","left","correct","1","","1","trialend","singlestim","173","191809"
"9337","Subject137","1","tabletable","1","table","positionright","validityvalid","test","2","neutral","singlestim","175","193817","804","â€šÃ³Ã¨","77","dotpositionright","singlestim","176","194673","m","right","correct","1","","1","trialend","singlestim","177","195686"
"9634","Subject137","1","paradiseparadise","1","paradise","positionleft","validityvalid","test","1","positive","singlestim","179","197692","475","â€šÃ³Ã¨","67","dotpositionleft","singlestim","180","198220","c","left","correct","1","","1","trialend","singlestim","181","199232"
"9931","Subject137","1","bloodblood","1","blood","positionleft","validityvalid","test","1","suicide","singlestim","183","201240","352","â€šÃ³Ã¨","67","dotpositionleft","singlestim","184","201646","c","left","correct","1","","1","trialend","singlestim","185","202658"
"10228","Subject137","1","healthyhealthy","1","healthy","positionleft","validityinvalid","test","1","positive","singlestim","187","204663","525","â€šÃ³Ã¨","77","dotpositionright","singlestim","188","205240","m","right","correct","1","","1","trialend","singlestim","189","206255"
"10525","Subject137","1","greatgreat","1","great","positionright","validityvalid","test","1","positive","singlestim","191","208261","406","â€šÃ³Ã¨","77","dotpositionright","singlestim","192","208719","m","right","correct","1","","1","trialend","singlestim","193","209733"
"10822","Subject137","1","patheticpathetic","1","pathetic","positionleft","validityvalid","test","1","negative","singlestim","195","211738","393","â€šÃ³Ã¨","67","dotpositionleft","singlestim","196","212183","c","left","correct","1","","1","trialend","singlestim","197","213196"
"11119","Subject137","1","foldedfolded","1","folded","positionleft","validityvalid","test","1","neutral","singlestim","199","215203","484","â€šÃ³Ã¨","67","dotpositionleft","singlestim","200","215740","c","left","correct","1","","1","trialend","singlestim","201","216754"
"11416","Subject137","1","statuestatue","1","statue","positionright","validityinvalid","test","1","neutral","singlestim","203","218762","406","â€šÃ³Ã¨","67","dotpositionleft","singlestim","204","219220","c","left","correct","1","","1","trialend","singlestim","205","220233"
"11713","Subject137","1","cryingcrying","1","crying","positionright","validityvalid","test","1","negative","singlestim","207","222241","439","â€šÃ³Ã¨","77","dotpositionright","singlestim","208","222733","m","right","correct","1","","1","trialend","singlestim","209","223749"
"12010","Subject137","1","hatehate","1","hate","positionright","validityinvalid","test","1","negative","singlestim","211","225756","392","â€šÃ³Ã¨","67","dotpositionleft","singlestim","212","226199","c","left","correct","1","","1","trialend","singlestim","213","227215"
"12307","Subject137","1","suffocationsuffocation","1","suffocation","positionleft","validityinvalid","test","1","suicide","singlestim","215","229221","378","â€šÃ³Ã¨","77","dotpositionright","singlestim","216","229652","m","right","correct","1","","1","trialend","singlestim","217","230665"
"12604","Subject137","1","gunshotgunshot","1","gunshot","positionright","validityvalid","test","1","suicide","singlestim","219","232672","379","â€šÃ³Ã¨","77","dotpositionright","singlestim","220","233103","m","right","correct","1","","1","trialend","singlestim","221","234117"
"12901","Subject137","1","funeralfuneral","1","funeral","positionright","validityvalid","test","1","suicide","singlestim","223","236125","391","â€šÃ³Ã¨","77","dotpositionright","singlestim","224","236570","m","right","correct","1","","1","trialend","singlestim","225","237584"
"13198","Subject137","1","imageimage","1","image","positionleft","validityvalid","test","1","neutral","singlestim","227","239591","398","â€šÃ³Ã¨","67","dotpositionleft","singlestim","228","240041","c","left","correct","1","","1","trialend","singlestim","229","241055"
"13495","Subject137","1","cheesecheese","1","cheese","positionright","validityvalid","test","1","neutral","singlestim","231","243063","378","â€šÃ³Ã¨","77","dotpositionright","singlestim","232","243492","m","right","correct","1","","1","trialend","singlestim","233","244505"
"13792","Subject137","1","vomitvomit","1","vomit","positionleft","validityvalid","test","1","negative","singlestim","235","246514","364","â€šÃ³Ã¨","67","dotpositionleft","singlestim","236","246930","c","left","correct","1","","1","trialend","singlestim","237","247945"
"14089","Subject137","1","attractionattraction","1","attraction","positionright","validityvalid","test","1","positive","singlestim","239","249951","345","â€šÃ³Ã¨","77","dotpositionright","singlestim","240","250349","m","right","correct","1","","1","trialend","singlestim","241","251363"
"14386","Subject137","1","suicidesuicide","1","suicide","positionright","validityinvalid","test","4","suicide","singlestim","243","253371","358","â€šÃ³Ã¨","67","dotpositionleft","singlestim","244","253781","c","left","correct","1","","1","trialend","singlestim","245","254795"
"14683","Subject137","1","deceaseddeceased","1","deceased","positionright","validityvalid","test","4","suicide","singlestim","247","256801","444","â€šÃ³Ã¨","77","dotpositionright","singlestim","248","257299","m","right","correct","1","","1","trialend","singlestim","249","258314"
"14980","Subject137","1","laughlaugh","1","laugh","positionright","validityvalid","test","4","positive","singlestim","251","260321","440","â€šÃ³Ã¨","77","dotpositionright","singlestim","252","260815","m","right","correct","1","","1","trialend","singlestim","253","261827"
"15277","Subject137","1","ashamedashamed","1","ashamed","positionright","validityinvalid","test","4","negative","singlestim","255","263836","525","â€šÃ³Ã¨","67","dotpositionleft","singlestim","256","264411","c","left","correct","1","","1","trialend","singlestim","257","265425"
"15574","Subject137","1","doubledouble","1","double","positionright","validityvalid","test","4","neutral","singlestim","259","267430","459","â€šÃ³Ã¨","77","dotpositionright","singlestim","260","267941","m","right","correct","1","","1","trialend","singlestim","261","268954"
"15871","Subject137","1","passionatepassionate","1","passionate","positionleft","validityinvalid","test","4","positive","singlestim","263","270962","495","â€šÃ³Ã¨","77","dotpositionright","singlestim","264","271509","m","right","correct","1","","1","trialend","singlestim","265","272524"
"16168","Subject137","1","ecstaticecstatic","1","ecstatic","positionright","validityvalid","test","4","positive","singlestim","267","274529","552","â€šÃ³Ã¨","77","dotpositionright","singlestim","268","275131","m","right","correct","1","","1","trialend","singlestim","269","276146"
"16465","Subject137","1","structurestructure","1","structure","positionright","validityvalid","test","4","neutral","singlestim","271","278152","414","â€šÃ³Ã¨","77","dotpositionright","singlestim","272","278619","m","right","correct","1","","1","trialend","singlestim","273","279632"
"16762","Subject137","1","alonealone","1","alone","positionleft","validityvalid","test","4","negative","singlestim","275","281641","458","â€šÃ³Ã¨","67","dotpositionleft","singlestim","276","282152","c","left","correct","1","","1","trialend","singlestim","277","283168"
"17059","Subject137","1","killingkilling","1","killing","positionleft","validityvalid","test","4","suicide","singlestim","279","285174","444","â€šÃ³Ã¨","67","dotpositionleft","singlestim","280","285670","c","left","correct","1","","1","trialend","singlestim","281","286682"
"17356","Subject137","1","stupidstupid","1","stupid","positionleft","validityvalid","test","4","negative","singlestim","283","288689","388","â€šÃ³Ã¨","67","dotpositionleft","singlestim","284","289130","c","left","correct","1","","1","trialend","singlestim","285","290144"
"17653","Subject137","1","frameframe","1","frame","positionleft","validityinvalid","test","4","neutral","singlestim","287","292150","427","â€šÃ³Ã¨","77","dotpositionright","singlestim","288","292631","m","right","correct","1","","1","trialend","singlestim","289","293645"
"17950","Subject137","1","wohlesswohless","1","wohless","positionright","validityvalid","test","4","negative","singlestim","291","295651","438","â€šÃ³Ã¨","77","dotpositionright","singlestim","292","296143","m","right","correct","1","","1","trialend","singlestim","293","297157"
"18247","Subject137","1","hanginghanging","1","hanging","positionleft","validityvalid","test","4","suicide","singlestim","295","299164","314","â€šÃ³Ã¨","67","dotpositionleft","singlestim","296","299530","c","left","correct","1","","1","trialend","singlestim","297","300543"
"18544","Subject137","1","engineengine","1","engine","positionleft","validityvalid","test","4","neutral","singlestim","299","302549","466","â€šÃ³Ã¨","67","dotpositionleft","singlestim","300","303069","c","left","correct","1","","1","trialend","singlestim","301","304082"
"18841","Subject137","1","successsuccess","1","success","positionleft","validityvalid","test","4","positive","singlestim","303","306090","370","â€šÃ³Ã¨","67","dotpositionleft","singlestim","304","306512","c","left","correct","1","","1","trialend","singlestim","305","307525"
