"","SubjectID","rt","stimulus","keypress","word","wordposition","validity","block","blocknum","wordtype","trialtype","trialindex","timeelapsed","rt.1","stimulus.1","keypress.1","dotposition","trialtype.1","trialindex.1","timeelapsed.1","keypressed","participantresponse","correctresponse","rt.2","stimulus.2","keypress.2","blocktrial","trialtype.2","trialindex.2","timeelapsed.2"
"28","Subject29","1","filthyfilthy","1","filthy","positionleft","validityinvalid","test","2","negative","singlestim","51","130166","447","â€šÃ³Ã¨","77","dotpositionright","singlestim","52","130667","m","right","correct","1","","1","trialend","singlestim","53","131682"
"325","Subject29","1","noosenoose","1","noose","positionleft","validityvalid","test","2","suicide","singlestim","55","133689","446","â€šÃ³Ã¨","67","dotpositionleft","singlestim","56","134188","c","left","correct","1","","1","trialend","singlestim","57","135204"
"622","Subject29","1","foamfoam","1","foam","positionright","validityvalid","test","2","neutral","singlestim","59","137212","402","â€šÃ³Ã¨","77","dotpositionright","singlestim","60","137667","m","right","correct","1","","1","trialend","singlestim","61","138681"
"919","Subject29","1","cruelcruel","1","cruel","positionright","validityvalid","test","2","negative","singlestim","63","140688","385","â€šÃ³Ã¨","77","dotpositionright","singlestim","64","141125","m","right","correct","1","","1","trialend","singlestim","65","142139"
"1216","Subject29","1","deathdeath","1","death","positionright","validityvalid","test","2","suicide","singlestim","67","144144","364","â€šÃ³Ã¨","77","dotpositionright","singlestim","68","144560","m","right","correct","1","","1","trialend","singlestim","69","145573"
"1513","Subject29","1","enthusiasmenthusiasm","1","enthusiasm","positionright","validityvalid","test","2","positive","singlestim","71","147582","353","â€šÃ³Ã¨","77","dotpositionright","singlestim","72","147986","m","right","correct","1","","1","trialend","singlestim","73","149004"
"1810","Subject29","1","pleasurepleasure","1","pleasure","positionleft","validityvalid","test","2","positive","singlestim","75","151012","415","â€šÃ³Ã¨","67","dotpositionleft","singlestim","76","151479","c","left","correct","1","","1","trialend","singlestim","77","152492"
"2107","Subject29","1","abuseabuse","1","abuse","positionright","validityvalid","test","2","negative","singlestim","79","154501","311","â€šÃ³Ã¨","77","dotpositionright","singlestim","80","154865","m","right","correct","1","","1","trialend","singlestim","81","155882"
"2404","Subject29","1","braverybravery","1","bravery","positionleft","validityvalid","test","2","positive","singlestim","83","157889","506","â€šÃ³Ã¨","67","dotpositionleft","singlestim","84","158450","c","left","correct","1","","1","trialend","singlestim","85","159466"
"2701","Subject29","1","horsehorse","1","horse","positionleft","validityinvalid","test","2","neutral","singlestim","87","161472","385","â€šÃ³Ã¨","77","dotpositionright","singlestim","88","161909","m","right","correct","1","","1","trialend","singlestim","89","162928"
"2998","Subject29","1","corpsecorpse","1","corpse","positionleft","validityvalid","test","2","suicide","singlestim","91","164934","420","â€šÃ³Ã¨","67","dotpositionleft","singlestim","92","165407","c","left","correct","1","","1","trialend","singlestim","93","166423"
"3295","Subject29","1","tabletable","1","table","positionright","validityvalid","test","2","neutral","singlestim","95","168426","364","â€šÃ³Ã¨","77","dotpositionright","singlestim","96","168842","m","right","correct","1","","1","trialend","singlestim","97","169857"
"3592","Subject29","1","overdoseoverdose","1","overdose","positionright","validityinvalid","test","2","suicide","singlestim","99","171863","375","â€šÃ³Ã¨","67","dotpositionleft","singlestim","100","172294","c","left","correct","1","","1","trialend","singlestim","101","173312"
"3889","Subject29","1","failurefailure","1","failure","positionleft","validityvalid","test","2","negative","singlestim","103","175322","555","â€šÃ³Ã¨","67","dotpositionleft","singlestim","104","175930","c","left","correct","1","","1","trialend","singlestim","105","176947"
"4186","Subject29","1","lovelove","1","love","positionright","validityinvalid","test","2","positive","singlestim","107","178954","499","â€šÃ³Ã¨","67","dotpositionleft","singlestim","108","179506","c","left","correct","1","","1","trialend","singlestim","109","180524"
"4483","Subject29","1","paperpaper","1","paper","positionleft","validityvalid","test","2","neutral","singlestim","111","182533","435","â€šÃ³Ã¨","67","dotpositionleft","singlestim","112","183023","c","left","correct","1","","1","trialend","singlestim","113","184043"
"4780","Subject29","1","healthyhealthy","1","healthy","positionleft","validityinvalid","test","1","positive","singlestim","115","186052","404","â€šÃ³Ã¨","77","dotpositionright","singlestim","116","186509","m","right","correct","1","","1","trialend","singlestim","117","187530"
"5077","Subject29","1","hatehate","1","hate","positionright","validityinvalid","test","1","negative","singlestim","119","189535","496","â€šÃ³Ã¨","67","dotpositionleft","singlestim","120","190087","c","left","correct","1","","1","trialend","singlestim","121","191102"
"5374","Subject29","1","cheesecheese","1","cheese","positionright","validityvalid","test","1","neutral","singlestim","123","193109","408","â€šÃ³Ã¨","77","dotpositionright","singlestim","124","193570","m","right","correct","1","","1","trialend","singlestim","125","194588"
"5671","Subject29","1","foldedfolded","1","folded","positionleft","validityvalid","test","1","neutral","singlestim","127","196595","411","â€šÃ³Ã¨","67","dotpositionleft","singlestim","128","197061","c","left","correct","1","","1","trialend","singlestim","129","198080"
"5968","Subject29","1","gunshotgunshot","1","gunshot","positionright","validityvalid","test","1","suicide","singlestim","131","200091","383","â€šÃ³Ã¨","77","dotpositionright","singlestim","132","200526","m","right","correct","1","","1","trialend","singlestim","133","201547"
"6265","Subject29","1","funeralfuneral","1","funeral","positionright","validityvalid","test","1","suicide","singlestim","135","203557","334","â€šÃ³Ã¨","77","dotpositionright","singlestim","136","203942","m","right","correct","1","","1","trialend","singlestim","137","204963"
"6562","Subject29","1","vomitvomit","1","vomit","positionleft","validityvalid","test","1","negative","singlestim","139","206973","360","â€šÃ³Ã¨","67","dotpositionleft","singlestim","140","207389","c","left","correct","1","","1","trialend","singlestim","141","208400"
"6859","Subject29","1","paradiseparadise","1","paradise","positionleft","validityvalid","test","1","positive","singlestim","143","210408","700","â€šÃ³Ã¨","67","dotpositionleft","singlestim","144","211161","c","left","correct","1","","1","trialend","singlestim","145","212175"
"7156","Subject29","1","suffocationsuffocation","1","suffocation","positionleft","validityinvalid","test","1","suicide","singlestim","147","214183","565","â€šÃ³Ã¨","77","dotpositionright","singlestim","148","214803","m","right","correct","1","","1","trialend","singlestim","149","215818"
"7453","Subject29","1","bloodblood","1","blood","positionleft","validityvalid","test","1","suicide","singlestim","151","217825","663","â€šÃ³Ã¨","67","dotpositionleft","singlestim","152","218540","c","left","correct","1","","1","trialend","singlestim","153","219554"
"7750","Subject29","1","attractionattraction","1","attraction","positionright","validityvalid","test","1","positive","singlestim","155","221562","612","â€šÃ³Ã¨","77","dotpositionright","singlestim","156","222226","m","right","correct","1","","1","trialend","singlestim","157","223242"
"8047","Subject29","1","imageimage","1","image","positionleft","validityvalid","test","1","neutral","singlestim","159","225250","541","â€šÃ³Ã¨","67","dotpositionleft","singlestim","160","225844","c","left","correct","1","","1","trialend","singlestim","161","226857"
"8344","Subject29","1","patheticpathetic","1","pathetic","positionleft","validityvalid","test","1","negative","singlestim","163","228863","542","â€šÃ³Ã¨","67","dotpositionleft","singlestim","164","229459","c","left","correct","1","","1","trialend","singlestim","165","230475"
"8641","Subject29","1","greatgreat","1","great","positionright","validityvalid","test","1","positive","singlestim","167","232481","462","â€šÃ³Ã¨","77","dotpositionright","singlestim","168","232995","m","right","correct","1","","1","trialend","singlestim","169","234008"
"8938","Subject29","1","cryingcrying","1","crying","positionright","validityvalid","test","1","negative","singlestim","171","236014","408","â€šÃ³Ã¨","77","dotpositionright","singlestim","172","236476","m","right","correct","1","","1","trialend","singlestim","173","237493"
"9235","Subject29","1","statuestatue","1","statue","positionright","validityinvalid","test","1","neutral","singlestim","175","239501","497","â€šÃ³Ã¨","67","dotpositionleft","singlestim","176","240049","c","left","correct","1","","1","trialend","singlestim","177","241065"
"9532","Subject29","1","museummuseum","1","museum","positionleft","validityvalid","test","3","neutral","singlestim","179","243075","680","â€šÃ³Ã¨","67","dotpositionleft","singlestim","180","243812","c","left","correct","1","","1","trialend","singlestim","181","244829"
"9829","Subject29","1","metermeter","1","meter","positionleft","validityvalid","test","3","neutral","singlestim","183","246835","857","â€šÃ³Ã¨","67","dotpositionleft","singlestim","184","247745","c","left","correct","1","","1","trialend","singlestim","185","248761"
"10126","Subject29","1","bombbomb","1","bomb","positionright","validityvalid","test","3","negative","singlestim","187","250780","1","â€šÃ³Ã¨","1","dotpositionright","singlestim","188","252838","","incorrect","330","","32","trialend","singlestim","189","253854","1020110"
"10423","Subject29","assaultassault","1","assault","positionleft","validityinvalid","test","3","negative","singlestim","191","255860","1020130","â€šÃ³Ã¨","77","dotpositionright","singlestim","192","257033","1020140","right","correct","1","","1","trialend","singlestim","193","258047","1020150"
"10720","Subject29","diedie","1","die","positionright","validityvalid","test","3","suicide","singlestim","195","260052","1020170","â€šÃ³Ã¨","77","dotpositionright","singlestim","196","260661","1020180","right","correct","1","","1","trialend","singlestim","197","261676","1020190"
"11017","Subject29","touretoure","1","toure","positionleft","validityvalid","test","3","negative","singlestim","199","263682","1020210","â€šÃ³Ã¨","67","dotpositionleft","singlestim","200","264343","1020220","left","correct","1","","1","trialend","singlestim","201","265359","1020230"
"11314","Subject29","happyhappy","1","happy","positionright","validityvalid","test","3","positive","singlestim","203","267369","1020250","â€šÃ³Ã¨","77","dotpositionright","singlestim","204","267858","1020260","right","correct","1","","1","trialend","singlestim","205","268874","1020270"
"11611","Subject29","deaddead","1","dead","positionleft","validityinvalid","test","3","suicide","singlestim","207","270884","1020290","â€šÃ³Ã¨","77","dotpositionright","singlestim","208","271487","1020300","right","correct","1","","1","trialend","singlestim","209","272507","1020310"
"11908","Subject29","closetcloset","1","closet","positionright","validityinvalid","test","3","neutral","singlestim","211","274515","1020330","â€šÃ³Ã¨","67","dotpositionleft","singlestim","212","275094","1020340","left","correct","1","","1","trialend","singlestim","213","276109","1020350"
"12205","Subject29","cuttingcutting","1","cutting","positionright","validityvalid","test","3","suicide","singlestim","215","278115","1020370","â€šÃ³Ã¨","77","dotpositionright","singlestim","216","278582","1020380","right","correct","1","","1","trialend","singlestim","217","279596","1020390"
"12502","Subject29","strongstrong","1","strong","positionleft","validityvalid","test","3","positive","singlestim","219","281606","1020410","â€šÃ³Ã¨","67","dotpositionleft","singlestim","220","282208","1020420","left","correct","1","","1","trialend","singlestim","221","283226","1020430"
"12799","Subject29","rejectedrejected","1","rejected","positionright","validityvalid","test","3","negative","singlestim","223","285236","1020450","â€šÃ³Ã¨","77","dotpositionright","singlestim","224","285812","1020460","right","correct","1","","1","trialend","singlestim","225","286830","1020470"
"13096","Subject29","smilesmile","1","smile","positionleft","validityvalid","test","3","positive","singlestim","227","288841","1020490","â€šÃ³Ã¨","67","dotpositionleft","singlestim","228","289349","1020500","left","correct","1","","1","trialend","singlestim","229","290363","1020510"
"13393","Subject29","greengreen","1","green","positionright","validityvalid","test","3","neutral","singlestim","231","292371","1020530","â€šÃ³Ã¨","77","dotpositionright","singlestim","232","292757","1020540","right","correct","1","","1","trialend","singlestim","233","293774","1020550"
"13690","Subject29","kisskiss","1","kiss","positionright","validityinvalid","test","3","positive","singlestim","235","295779","1020570","â€šÃ³Ã¨","67","dotpositionleft","singlestim","236","296788","1020580","left","correct","1","","1","trialend","singlestim","237","297806","1020590"
"13987","Subject29","dyingdying","1","dying","positionleft","validityvalid","test","3","suicide","singlestim","239","299813","1020610","â€šÃ³Ã¨","67","dotpositionleft","singlestim","240","300881","1020620","left","correct","1","","1","trialend","singlestim","241","301897","1020630"
"14284","Subject29","stupidstupid","1","stupid","positionleft","validityvalid","test","4","negative","singlestim","243","303902","103010","â€šÃ³Ã¨","67","dotpositionleft","singlestim","244","304497","103020","left","correct","1","","1","trialend","singlestim","245","305514","103030"
"14581","Subject29","hanginghanging","1","hanging","positionleft","validityvalid","test","4","suicide","singlestim","247","307520","103050","â€šÃ³Ã¨","67","dotpositionleft","singlestim","248","308089","103060","left","correct","1","","1","trialend","singlestim","249","309104","103070"
"14878","Subject29","alonealone","1","alone","positionleft","validityvalid","test","4","negative","singlestim","251","311113","103090","â€šÃ³Ã¨","67","dotpositionleft","singlestim","252","311641","1030100","left","correct","1","","1","trialend","singlestim","253","312655","1030110"
"15175","Subject29","successsuccess","1","success","positionleft","validityvalid","test","4","positive","singlestim","255","314665","1030130","â€šÃ³Ã¨","67","dotpositionleft","singlestim","256","315212","1030140","left","correct","1","","1","trialend","singlestim","257","316225","1030150"
"15472","Subject29","killingkilling","1","killing","positionleft","validityvalid","test","4","suicide","singlestim","259","318233","1030170","â€šÃ³Ã¨","67","dotpositionleft","singlestim","260","318771","1030180","left","correct","1","","1","trialend","singlestim","261","319787","1030190"
"15769","Subject29","frameframe","1","frame","positionleft","validityinvalid","test","4","neutral","singlestim","263","321797","1030210","â€šÃ³Ã¨","77","dotpositionright","singlestim","264","322227","1030220","right","correct","1","","1","trialend","singlestim","265","323247","1030230"
"16066","Subject29","laughlaugh","1","laugh","positionright","validityvalid","test","4","positive","singlestim","267","325253","1030250","â€šÃ³Ã¨","77","dotpositionright","singlestim","268","325712","1030260","right","correct","1","","1","trialend","singlestim","269","326729","1030270"
"16363","Subject29","structurestructure","1","structure","positionright","validityvalid","test","4","neutral","singlestim","271","328739","1030290","â€šÃ³Ã¨","77","dotpositionright","singlestim","272","329134","1030300","right","correct","1","","1","trialend","singlestim","273","330151","1030310"
"16660","Subject29","ecstaticecstatic","1","ecstatic","positionright","validityvalid","test","4","positive","singlestim","275","332158","1030330","â€šÃ³Ã¨","77","dotpositionright","singlestim","276","332558","1030340","right","correct","1","","1","trialend","singlestim","277","333576","1030350"
"16957","Subject29","doubledouble","1","double","positionright","validityvalid","test","4","neutral","singlestim","279","335581","1030370","â€šÃ³Ã¨","77","dotpositionright","singlestim","280","336308","1030380","right","correct","1","","1","trialend","singlestim","281","337324","1030390"
"17254","Subject29","wohlesswohless","1","wohless","positionright","validityvalid","test","4","negative","singlestim","283","339332","1030410","â€šÃ³Ã¨","77","dotpositionright","singlestim","284","339791","1030420","right","correct","1","","1","trialend","singlestim","285","340802","1030430"
"17551","Subject29","passionatepassionate","1","passionate","positionleft","validityinvalid","test","4","positive","singlestim","287","342808","1030450","â€šÃ³Ã¨","77","dotpositionright","singlestim","288","343184","1030460","right","correct","1","","1","trialend","singlestim","289","344202","1030470"
"17848","Subject29","engineengine","1","engine","positionleft","validityvalid","test","4","neutral","singlestim","291","346210","1030490","â€šÃ³Ã¨","67","dotpositionleft","singlestim","292","346652","1030500","left","correct","1","","1","trialend","singlestim","293","347665","1030510"
"18145","Subject29","suicidesuicide","1","suicide","positionright","validityinvalid","test","4","suicide","singlestim","295","349676","1030530","â€šÃ³Ã¨","67","dotpositionleft","singlestim","296","350239","1030540","left","correct","1","","1","trialend","singlestim","297","351257","1030550"
"18442","Subject29","deceaseddeceased","1","deceased","positionright","validityvalid","test","4","suicide","singlestim","299","353264","1030570","â€šÃ³Ã¨","77","dotpositionright","singlestim","300","353811","1030580","right","correct","1","","1","trialend","singlestim","301","354826","1030590"
"18739","Subject29","ashamedashamed","1","ashamed","positionright","validityinvalid","test","4","negative","singlestim","303","356833","1030610","â€šÃ³Ã¨","67","dotpositionleft","singlestim","304","357289","1030620","left","correct","1","","1","trialend","singlestim","305","358307","1030630"
