"","SubjectID","rt","stimulus","keypress","word","wordposition","validity","block","blocknum","wordtype","trialtype","trialindex","timeelapsed","rt.1","stimulus.1","keypress.1","dotposition","trialtype.1","trialindex.1","timeelapsed.1","keypressed","participantresponse","correctresponse","rt.2","stimulus.2","keypress.2","blocktrial","trialtype.2","trialindex.2","timeelapsed.2"
"117","Subject123","1","hatehate","1","hate","positionright","validityinvalid","test","1","negative","singlestim","51","104897","449","â€šÃ³Ã¨","67","dotpositionleft","singlestim","52","105400","c","left","correct","1","","1","trialend","singlestim","53","106418"
"414","Subject123","1","vomitvomit","1","vomit","positionleft","validityvalid","test","1","negative","singlestim","55","108428","477","â€šÃ³Ã¨","67","dotpositionleft","singlestim","56","108960","c","left","correct","1","","1","trialend","singlestim","57","109975"
"711","Subject123","1","paradiseparadise","1","paradise","positionleft","validityvalid","test","1","positive","singlestim","59","111984","429","â€šÃ³Ã¨","67","dotpositionleft","singlestim","60","112467","c","left","correct","1","","1","trialend","singlestim","61","113483"
"1008","Subject123","1","bloodblood","1","blood","positionleft","validityvalid","test","1","suicide","singlestim","63","115491","379","â€šÃ³Ã¨","67","dotpositionleft","singlestim","64","115926","c","left","correct","1","","1","trialend","singlestim","65","116941"
"1305","Subject123","1","cryingcrying","1","crying","positionright","validityvalid","test","1","negative","singlestim","67","118949","372","â€šÃ³Ã¨","77","dotpositionright","singlestim","68","119374","m","right","correct","1","","1","trialend","singlestim","69","120390"
"1602","Subject123","1","foldedfolded","1","folded","positionleft","validityvalid","test","1","neutral","singlestim","71","122400","379","â€šÃ³Ã¨","67","dotpositionleft","singlestim","72","122833","c","left","correct","1","","1","trialend","singlestim","73","123849"
"1899","Subject123","1","greatgreat","1","great","positionright","validityvalid","test","1","positive","singlestim","75","125858","380","â€šÃ³Ã¨","77","dotpositionright","singlestim","76","126293","m","right","correct","1","","1","trialend","singlestim","77","127310"
"2196","Subject123","1","statuestatue","1","statue","positionright","validityinvalid","test","1","neutral","singlestim","79","129315","351","â€šÃ³Ã¨","67","dotpositionleft","singlestim","80","129721","c","left","correct","1","","1","trialend","singlestim","81","130737"
"2493","Subject123","1","cheesecheese","1","cheese","positionright","validityvalid","test","1","neutral","singlestim","83","132745","442","â€šÃ³Ã¨","77","dotpositionright","singlestim","84","133239","m","right","correct","1","","1","trialend","singlestim","85","134254"
"2790","Subject123","1","healthyhealthy","1","healthy","positionleft","validityinvalid","test","1","positive","singlestim","87","136264","464","â€šÃ³Ã¨","77","dotpositionright","singlestim","88","136783","m","right","correct","1","","1","trialend","singlestim","89","137801"
"3087","Subject123","1","gunshotgunshot","1","gunshot","positionright","validityvalid","test","1","suicide","singlestim","91","139810","438","â€šÃ³Ã¨","77","dotpositionright","singlestim","92","140305","m","right","correct","1","","1","trialend","singlestim","93","141318"
"3384","Subject123","1","attractionattraction","1","attraction","positionright","validityvalid","test","1","positive","singlestim","95","143329","371","â€šÃ³Ã¨","77","dotpositionright","singlestim","96","143753","m","right","correct","1","","1","trialend","singlestim","97","144768"
"3681","Subject123","1","funeralfuneral","1","funeral","positionright","validityvalid","test","1","suicide","singlestim","99","146774","435","â€šÃ³Ã¨","77","dotpositionright","singlestim","100","147262","m","right","correct","1","","1","trialend","singlestim","101","148278"
"3978","Subject123","1","imageimage","1","image","positionleft","validityvalid","test","1","neutral","singlestim","103","150287","385","â€šÃ³Ã¨","67","dotpositionleft","singlestim","104","150726","c","left","correct","1","","1","trialend","singlestim","105","151743"
"4275","Subject123","1","patheticpathetic","1","pathetic","positionleft","validityvalid","test","1","negative","singlestim","107","153751","466","â€šÃ³Ã¨","67","dotpositionleft","singlestim","108","154269","c","left","correct","1","","1","trialend","singlestim","109","155283"
"4572","Subject123","1","suffocationsuffocation","1","suffocation","positionleft","validityinvalid","test","1","suicide","singlestim","111","157292","414","â€šÃ³Ã¨","77","dotpositionright","singlestim","112","157761","m","right","correct","1","","1","trialend","singlestim","113","158778"
"4869","Subject123","1","killingkilling","1","killing","positionleft","validityvalid","test","4","suicide","singlestim","115","160786","387","â€šÃ³Ã¨","67","dotpositionleft","singlestim","116","161227","c","left","correct","1","","1","trialend","singlestim","117","162245"
"5166","Subject123","1","wohlesswohless","1","wohless","positionright","validityvalid","test","4","negative","singlestim","119","164251","482","â€šÃ³Ã¨","77","dotpositionright","singlestim","120","164786","m","right","correct","1","","1","trialend","singlestim","121","165804"
"5463","Subject123","1","ecstaticecstatic","1","ecstatic","positionright","validityvalid","test","4","positive","singlestim","123","167815","544","â€šÃ³Ã¨","77","dotpositionright","singlestim","124","168410","m","right","correct","1","","1","trialend","singlestim","125","169426"
"5760","Subject123","1","structurestructure","1","structure","positionright","validityvalid","test","4","neutral","singlestim","127","171437","390","â€šÃ³Ã¨","77","dotpositionright","singlestim","128","171879","m","right","correct","1","","1","trialend","singlestim","129","172894"
"6057","Subject123","1","ashamedashamed","1","ashamed","positionright","validityinvalid","test","4","negative","singlestim","131","174901","462","â€šÃ³Ã¨","67","dotpositionleft","singlestim","132","175416","c","left","correct","1","","1","trialend","singlestim","133","176433"
"6354","Subject123","1","successsuccess","1","success","positionleft","validityvalid","test","4","positive","singlestim","135","178444","385","â€šÃ³Ã¨","67","dotpositionleft","singlestim","136","178885","c","left","correct","1","","1","trialend","singlestim","137","179899"
"6651","Subject123","1","doubledouble","1","double","positionright","validityvalid","test","4","neutral","singlestim","139","181908","396","â€šÃ³Ã¨","77","dotpositionright","singlestim","140","182357","m","right","correct","1","","1","trialend","singlestim","141","183370"
"6948","Subject123","1","suicidesuicide","1","suicide","positionright","validityinvalid","test","4","suicide","singlestim","143","185378","404","â€šÃ³Ã¨","67","dotpositionleft","singlestim","144","185837","c","left","correct","1","","1","trialend","singlestim","145","186853"
"7245","Subject123","1","stupidstupid","1","stupid","positionleft","validityvalid","test","4","negative","singlestim","147","188861","408","â€šÃ³Ã¨","67","dotpositionleft","singlestim","148","189323","c","left","correct","1","","1","trialend","singlestim","149","190339"
"7542","Subject123","1","passionatepassionate","1","passionate","positionleft","validityinvalid","test","4","positive","singlestim","151","192349","367","â€šÃ³Ã¨","77","dotpositionright","singlestim","152","192770","m","right","correct","1","","1","trialend","singlestim","153","193786"
"7839","Subject123","1","laughlaugh","1","laugh","positionright","validityvalid","test","4","positive","singlestim","155","195791","369","â€šÃ³Ã¨","77","dotpositionright","singlestim","156","196212","m","right","correct","1","","1","trialend","singlestim","157","197227"
"8136","Subject123","1","deceaseddeceased","1","deceased","positionright","validityvalid","test","4","suicide","singlestim","159","199232","546","â€šÃ³Ã¨","77","dotpositionright","singlestim","160","199830","m","right","correct","1","","1","trialend","singlestim","161","200847"
"8433","Subject123","1","frameframe","1","frame","positionleft","validityinvalid","test","4","neutral","singlestim","163","202854","473","â€šÃ³Ã¨","77","dotpositionright","singlestim","164","203380","m","right","correct","1","","1","trialend","singlestim","165","204395"
"8730","Subject123","1","engineengine","1","engine","positionleft","validityvalid","test","4","neutral","singlestim","167","206402","459","â€šÃ³Ã¨","67","dotpositionleft","singlestim","168","206915","c","left","correct","1","","1","trialend","singlestim","169","207930"
"9027","Subject123","1","alonealone","1","alone","positionleft","validityvalid","test","4","negative","singlestim","171","209942","368","â€šÃ³Ã¨","67","dotpositionleft","singlestim","172","210363","c","left","correct","1","","1","trialend","singlestim","173","211376"
"9324","Subject123","1","hanginghanging","1","hanging","positionleft","validityvalid","test","4","suicide","singlestim","175","213385","390","â€šÃ³Ã¨","67","dotpositionleft","singlestim","176","213826","c","left","correct","1","","1","trialend","singlestim","177","214842"
"9621","Subject123","1","overdoseoverdose","1","overdose","positionright","validityinvalid","test","2","suicide","singlestim","179","216850","425","â€šÃ³Ã¨","67","dotpositionleft","singlestim","180","217329","c","left","correct","1","","1","trialend","singlestim","181","218341"
"9918","Subject123","1","horsehorse","1","horse","positionleft","validityinvalid","test","2","neutral","singlestim","183","220349","325","â€šÃ³Ã¨","77","dotpositionright","singlestim","184","220727","m","right","correct","1","","1","trialend","singlestim","185","221742"
"10215","Subject123","1","deathdeath","1","death","positionright","validityvalid","test","2","suicide","singlestim","187","223750","421","â€šÃ³Ã¨","77","dotpositionright","singlestim","188","224224","m","right","correct","1","","1","trialend","singlestim","189","225242"
"10512","Subject123","1","failurefailure","1","failure","positionleft","validityvalid","test","2","negative","singlestim","191","227252","490","â€šÃ³Ã¨","67","dotpositionleft","singlestim","192","227797","c","left","correct","1","","1","trialend","singlestim","193","228814"
"10809","Subject123","1","corpsecorpse","1","corpse","positionleft","validityvalid","test","2","suicide","singlestim","195","230819","394","â€šÃ³Ã¨","67","dotpositionleft","singlestim","196","231267","c","left","correct","1","","1","trialend","singlestim","197","232283"
"11106","Subject123","1","abuseabuse","1","abuse","positionright","validityvalid","test","2","negative","singlestim","199","234291","482","â€šÃ³Ã¨","77","dotpositionright","singlestim","200","234830","m","right","correct","1","","1","trialend","singlestim","201","235847"
"11403","Subject123","1","paperpaper","1","paper","positionleft","validityvalid","test","2","neutral","singlestim","203","237855","397","â€šÃ³Ã¨","67","dotpositionleft","singlestim","204","238305","c","left","correct","1","","1","trialend","singlestim","205","239322"
"11700","Subject123","1","filthyfilthy","1","filthy","positionleft","validityinvalid","test","2","negative","singlestim","207","241331","392","â€šÃ³Ã¨","77","dotpositionright","singlestim","208","241777","m","right","correct","1","","1","trialend","singlestim","209","242794"
"11997","Subject123","1","cruelcruel","1","cruel","positionright","validityvalid","test","2","negative","singlestim","211","244805","393","â€šÃ³Ã¨","77","dotpositionright","singlestim","212","245253","m","right","correct","1","","1","trialend","singlestim","213","246271"
"12294","Subject123","1","tabletable","1","table","positionright","validityvalid","test","2","neutral","singlestim","215","248278","358","â€šÃ³Ã¨","77","dotpositionright","singlestim","216","248689","m","right","correct","1","","1","trialend","singlestim","217","249706"
"12591","Subject123","1","braverybravery","1","bravery","positionleft","validityvalid","test","2","positive","singlestim","219","251714","319","â€šÃ³Ã¨","67","dotpositionleft","singlestim","220","252090","c","left","correct","1","","1","trialend","singlestim","221","253104"
"12888","Subject123","1","enthusiasmenthusiasm","1","enthusiasm","positionright","validityvalid","test","2","positive","singlestim","223","255111","482","â€šÃ³Ã¨","77","dotpositionright","singlestim","224","255645","m","right","correct","1","","1","trialend","singlestim","225","256660"
"13185","Subject123","1","foamfoam","1","foam","positionright","validityvalid","test","2","neutral","singlestim","227","258668","418","â€šÃ³Ã¨","77","dotpositionright","singlestim","228","259143","m","right","correct","1","","1","trialend","singlestim","229","260160"
"13482","Subject123","1","noosenoose","1","noose","positionleft","validityvalid","test","2","suicide","singlestim","231","262169","394","â€šÃ³Ã¨","67","dotpositionleft","singlestim","232","262614","c","left","correct","1","","1","trialend","singlestim","233","263629"
"13779","Subject123","1","pleasurepleasure","1","pleasure","positionleft","validityvalid","test","2","positive","singlestim","235","265639","557","â€šÃ³Ã¨","67","dotpositionleft","singlestim","236","266250","c","left","correct","1","","1","trialend","singlestim","237","267277"
"14076","Subject123","1","lovelove","1","love","positionright","validityinvalid","test","2","positive","singlestim","239","269284","443","â€šÃ³Ã¨","67","dotpositionleft","singlestim","240","269783","c","left","correct","1","","1","trialend","singlestim","241","270795"
"14373","Subject123","1","kisskiss","1","kiss","positionright","validityinvalid","test","3","positive","singlestim","243","272802","449","â€šÃ³Ã¨","67","dotpositionleft","singlestim","244","273303","c","left","correct","1","","1","trialend","singlestim","245","274316"
"14670","Subject123","1","museummuseum","1","museum","positionleft","validityvalid","test","3","neutral","singlestim","247","276325","371","â€šÃ³Ã¨","67","dotpositionleft","singlestim","248","276748","c","left","correct","1","","1","trialend","singlestim","249","277766"
"14967","Subject123","1","rejectedrejected","1","rejected","positionright","validityvalid","test","3","negative","singlestim","251","279774","435","â€šÃ³Ã¨","77","dotpositionright","singlestim","252","280260","m","right","correct","1","","1","trialend","singlestim","253","281275"
"15264","Subject123","1","dyingdying","1","dying","positionleft","validityvalid","test","3","suicide","singlestim","255","283286","382","â€šÃ³Ã¨","67","dotpositionleft","singlestim","256","283722","c","left","correct","1","","1","trialend","singlestim","257","284743"
"15561","Subject123","1","bombbomb","1","bomb","positionright","validityvalid","test","3","negative","singlestim","259","286750","384","â€šÃ³Ã¨","77","dotpositionright","singlestim","260","287188","m","right","correct","1","","1","trialend","singlestim","261","288204"
"15858","Subject123","1","diedie","1","die","positionright","validityvalid","test","3","suicide","singlestim","263","290214","401","â€šÃ³Ã¨","77","dotpositionright","singlestim","264","290668","m","right","correct","1","","1","trialend","singlestim","265","291683"
"16155","Subject123","1","cuttingcutting","1","cutting","positionright","validityvalid","test","3","suicide","singlestim","267","293691","468","â€šÃ³Ã¨","77","dotpositionright","singlestim","268","294212","m","right","correct","1","","1","trialend","singlestim","269","295229"
"16452","Subject123","1","metermeter","1","meter","positionleft","validityvalid","test","3","neutral","singlestim","271","297238","425","â€šÃ³Ã¨","67","dotpositionleft","singlestim","272","297716","c","left","correct","1","","1","trialend","singlestim","273","298730"
"16749","Subject123","1","closetcloset","1","closet","positionright","validityinvalid","test","3","neutral","singlestim","275","300737","457","â€šÃ³Ã¨","67","dotpositionleft","singlestim","276","301249","c","left","correct","1","","1","trialend","singlestim","277","302264"
"17046","Subject123","1","happyhappy","1","happy","positionright","validityvalid","test","3","positive","singlestim","279","304273","480","â€šÃ³Ã¨","77","dotpositionright","singlestim","280","304806","m","right","correct","1","","1","trialend","singlestim","281","305822"
"17343","Subject123","1","strongstrong","1","strong","positionleft","validityvalid","test","3","positive","singlestim","283","307830","422","â€šÃ³Ã¨","67","dotpositionleft","singlestim","284","308307","c","left","correct","1","","1","trialend","singlestim","285","309321"
"17640","Subject123","1","touretoure","1","toure","positionleft","validityvalid","test","3","negative","singlestim","287","311331","436","â€šÃ³Ã¨","67","dotpositionleft","singlestim","288","311820","c","left","correct","1","","1","trialend","singlestim","289","312833"
"17937","Subject123","1","smilesmile","1","smile","positionleft","validityvalid","test","3","positive","singlestim","291","314842","429","â€šÃ³Ã¨","67","dotpositionleft","singlestim","292","315323","c","left","correct","1","","1","trialend","singlestim","293","316340"
"18234","Subject123","1","greengreen","1","green","positionright","validityvalid","test","3","neutral","singlestim","295","318348","384","â€šÃ³Ã¨","77","dotpositionright","singlestim","296","318788","m","right","correct","1","","1","trialend","singlestim","297","319804"
"18531","Subject123","1","deaddead","1","dead","positionleft","validityinvalid","test","3","suicide","singlestim","299","321813","378","â€šÃ³Ã¨","77","dotpositionright","singlestim","300","322243","m","right","correct","1","","1","trialend","singlestim","301","323259"
"18828","Subject123","1","assaultassault","1","assault","positionleft","validityinvalid","test","3","negative","singlestim","303","325267","371","â€šÃ³Ã¨","77","dotpositionright","singlestim","304","325689","m","right","correct","1","","1","trialend","singlestim","305","326706"
