"","SubjectID","rt","stimulus","keypress","word","wordposition","validity","block","blocknum","wordtype","trialtype","trialindex","timeelapsed","rt.1","stimulus.1","keypress.1","dotposition","trialtype.1","trialindex.1","timeelapsed.1","keypressed","participantresponse","correctresponse","rt.2","stimulus.2","keypress.2","blocktrial","trialtype.2","trialindex.2","timeelapsed.2"
"84","Subject89","1","smilesmile","1","smile","positionleft","validityvalid","test","3","positive","singlestim","51","83075","481","â€šÃ³Ã¨","67","dotpositionleft","singlestim","52","83611","c","left","correct","1","","1","trialend","singlestim","53","84625"
"381","Subject89","1","greengreen","1","green","positionright","validityvalid","test","3","neutral","singlestim","55","86633","348","â€šÃ³Ã¨","77","dotpositionright","singlestim","56","87034","m","right","correct","1","","1","trialend","singlestim","57","88049"
"678","Subject89","1","dyingdying","1","dying","positionleft","validityvalid","test","3","suicide","singlestim","59","90059","396","â€šÃ³Ã¨","67","dotpositionleft","singlestim","60","90505","c","left","correct","1","","1","trialend","singlestim","61","91522"
"975","Subject89","1","touretoure","1","toure","positionleft","validityvalid","test","3","negative","singlestim","63","93528","362","â€šÃ³Ã¨","67","dotpositionleft","singlestim","64","93947","c","left","correct","1","","1","trialend","singlestim","65","94961"
"1272","Subject89","1","kisskiss","1","kiss","positionright","validityinvalid","test","3","positive","singlestim","67","96969","433","â€šÃ³Ã¨","67","dotpositionleft","singlestim","68","97457","c","left","correct","1","","1","trialend","singlestim","69","98473"
"1569","Subject89","1","happyhappy","1","happy","positionright","validityvalid","test","3","positive","singlestim","71","100480","373","â€šÃ³Ã¨","77","dotpositionright","singlestim","72","100905","m","right","correct","1","","1","trialend","singlestim","73","101920"
"1866","Subject89","1","bombbomb","1","bomb","positionright","validityvalid","test","3","negative","singlestim","75","103929","421","â€šÃ³Ã¨","77","dotpositionright","singlestim","76","104402","m","right","correct","1","","1","trialend","singlestim","77","105414"
"2163","Subject89","1","cuttingcutting","1","cutting","positionright","validityvalid","test","3","suicide","singlestim","79","107424","436","â€šÃ³Ã¨","77","dotpositionright","singlestim","80","107913","m","right","correct","1","","1","trialend","singlestim","81","108925"
"2460","Subject89","1","closetcloset","1","closet","positionright","validityinvalid","test","3","neutral","singlestim","83","110934","408","â€šÃ³Ã¨","67","dotpositionleft","singlestim","84","111394","c","left","correct","1","","1","trialend","singlestim","85","112408"
"2757","Subject89","1","deaddead","1","dead","positionleft","validityinvalid","test","3","suicide","singlestim","87","114417","820","â€šÃ³Ã¨","77","dotpositionright","singlestim","88","115290","m","right","correct","1","","1","trialend","singlestim","89","116302"
"3054","Subject89","1","museummuseum","1","museum","positionleft","validityvalid","test","3","neutral","singlestim","91","118311","358","â€šÃ³Ã¨","67","dotpositionleft","singlestim","92","118721","c","left","correct","1","","1","trialend","singlestim","93","119738"
"3351","Subject89","1","diedie","1","die","positionright","validityvalid","test","3","suicide","singlestim","95","121746","378","â€šÃ³Ã¨","77","dotpositionright","singlestim","96","122177","m","right","correct","1","","1","trialend","singlestim","97","123192"
"3648","Subject89","1","assaultassault","1","assault","positionleft","validityinvalid","test","3","negative","singlestim","99","125200","388","â€šÃ³Ã¨","77","dotpositionright","singlestim","100","125642","m","right","correct","1","","1","trialend","singlestim","101","126657"
"3945","Subject89","1","rejectedrejected","1","rejected","positionright","validityvalid","test","3","negative","singlestim","103","128665","412","â€šÃ³Ã¨","77","dotpositionright","singlestim","104","129129","m","right","correct","1","","1","trialend","singlestim","105","130145"
"4242","Subject89","1","strongstrong","1","strong","positionleft","validityvalid","test","3","positive","singlestim","107","132154","297","â€šÃ³Ã¨","67","dotpositionleft","singlestim","108","132506","c","left","correct","1","","1","trialend","singlestim","109","133523"
"4539","Subject89","1","metermeter","1","meter","positionleft","validityvalid","test","3","neutral","singlestim","111","135531","411","â€šÃ³Ã¨","67","dotpositionleft","singlestim","112","135994","c","left","correct","1","","1","trialend","singlestim","113","137007"
"4836","Subject89","1","lovelove","1","love","positionright","validityinvalid","test","2","positive","singlestim","115","139013","320","â€šÃ³Ã¨","67","dotpositionleft","singlestim","116","139385","c","left","correct","1","","1","trialend","singlestim","117","140401"
"5133","Subject89","1","horsehorse","1","horse","positionleft","validityinvalid","test","2","neutral","singlestim","119","142409","771","â€šÃ³Ã¨","77","dotpositionright","singlestim","120","143233","m","right","correct","1","","1","trialend","singlestim","121","144249"
"5430","Subject89","1","noosenoose","1","noose","positionleft","validityvalid","test","2","suicide","singlestim","123","146263","350","â€šÃ³Ã¨","67","dotpositionleft","singlestim","124","146666","c","left","correct","1","","1","trialend","singlestim","125","147679"
"5727","Subject89","1","foamfoam","1","foam","positionright","validityvalid","test","2","neutral","singlestim","127","149689","461","â€šÃ³Ã¨","77","dotpositionright","singlestim","128","150201","m","right","correct","1","","1","trialend","singlestim","129","151214"
"6024","Subject89","375","abuseabuse","77","abuse","positionright","validityvalid","test","2","negative","singlestim","131","153222","312","â€šÃ³Ã¨","77","dotpositionright","singlestim","132","153585","m","right","correct","1","","1","trialend","singlestim","133","154597"
"6321","Subject89","1","corpsecorpse","1","corpse","positionleft","validityvalid","test","2","suicide","singlestim","135","156606","477","â€šÃ³Ã¨","86","dotpositionleft","singlestim","136","157138","v","incorrect","1","","1","trialend","singlestim","137","158155","1010230"
"6618","Subject89","filthyfilthy","1","filthy","positionleft","validityinvalid","test","2","negative","singlestim","139","160163","1010250","â€šÃ³Ã¨","77","dotpositionright","singlestim","140","160650","1010260","right","correct","1","","1","trialend","singlestim","141","161661","1010270"
"6915","Subject89","paperpaper","1","paper","positionleft","validityvalid","test","2","neutral","singlestim","143","163669","1010290","â€šÃ³Ã¨","67","dotpositionleft","singlestim","144","164097","1010300","left","correct","1","","1","trialend","singlestim","145","165114","1010310"
"7212","Subject89","pleasurepleasure","1","pleasure","positionleft","validityvalid","test","2","positive","singlestim","147","167122","1010330","â€šÃ³Ã¨","67","dotpositionleft","singlestim","148","167556","1010340","left","correct","1","","1","trialend","singlestim","149","168572","1010350"
"7509","Subject89","cruelcruel","1","cruel","positionright","validityvalid","test","2","negative","singlestim","151","170582","1010370","â€šÃ³Ã¨","77","dotpositionright","singlestim","152","170954","1010380","right","correct","1","","1","trialend","singlestim","153","171969","1010390"
"7806","Subject89","failurefailure","1","failure","positionleft","validityvalid","test","2","negative","singlestim","155","173977","1010410","â€šÃ³Ã¨","67","dotpositionleft","singlestim","156","174689","1010420","left","correct","1","","1","trialend","singlestim","157","175704","1010430"
"8103","Subject89","braverybravery","1","bravery","positionleft","validityvalid","test","2","positive","singlestim","159","177714","1010450","â€šÃ³Ã¨","67","dotpositionleft","singlestim","160","178371","1010460","left","correct","1","","1","trialend","singlestim","161","179386","1010470"
"8400","Subject89","deathdeath","1","death","positionright","validityvalid","test","2","suicide","singlestim","163","181394","1010490","â€šÃ³Ã¨","77","dotpositionright","singlestim","164","181793","1010500","right","correct","1","","1","trialend","singlestim","165","182810","1010510"
"8697","Subject89","overdoseoverdose","1","overdose","positionright","validityinvalid","test","2","suicide","singlestim","167","184819","1010530","â€šÃ³Ã¨","67","dotpositionleft","singlestim","168","185401","1010540","left","correct","1","","1","trialend","singlestim","169","186414","1010550"
"8994","Subject89","enthusiasmenthusiasm","1","enthusiasm","positionright","validityvalid","test","2","positive","singlestim","171","188423","1010570","â€šÃ³Ã¨","77","dotpositionright","singlestim","172","188850","1010580","right","correct","1","","1","trialend","singlestim","173","189868","1010590"
"9291","Subject89","tabletable","1","table","positionright","validityvalid","test","2","neutral","singlestim","175","191877","1010610","â€šÃ³Ã¨","77","dotpositionright","singlestim","176","192305","1010620","right","correct","1","","1","trialend","singlestim","177","193320","1010630"
"9588","Subject89","ashamedashamed","1","ashamed","positionright","validityinvalid","test","4","negative","singlestim","179","195329","102010","â€šÃ³Ã¨","67","dotpositionleft","singlestim","180","195745","102020","left","correct","1","","1","trialend","singlestim","181","196757","102030"
"9885","Subject89","passionatepassionate","1","passionate","positionleft","validityinvalid","test","4","positive","singlestim","183","198766","102050","â€šÃ³Ã¨","77","dotpositionright","singlestim","184","199194","102060","right","correct","1","","1","trialend","singlestim","185","200211","102070"
"10182","Subject89","doubledouble","1","double","positionright","validityvalid","test","4","neutral","singlestim","187","202219","102090","â€šÃ³Ã¨","77","dotpositionright","singlestim","188","202705","1020100","right","correct","1","","1","trialend","singlestim","189","203721","1020110"
"10479","Subject89","killingkilling","1","killing","positionleft","validityvalid","test","4","suicide","singlestim","191","205731","1020130","â€šÃ³Ã¨","67","dotpositionleft","singlestim","192","207185","1020140","left","correct","1","","1","trialend","singlestim","193","208199","1020150"
"10776","Subject89","alonealone","1","alone","positionleft","validityvalid","test","4","negative","singlestim","195","210211","1020170","â€šÃ³Ã¨","67","dotpositionleft","singlestim","196","210763","1020180","left","correct","1","","1","trialend","singlestim","197","211778","1020190"
"11073","Subject89","structurestructure","1","structure","positionright","validityvalid","test","4","neutral","singlestim","199","213786","1020210","â€šÃ³Ã¨","77","dotpositionright","singlestim","200","214128","1020220","right","correct","1","","1","trialend","singlestim","201","215144","1020230"
"11370","Subject89","engineengine","1","engine","positionleft","validityvalid","test","4","neutral","singlestim","203","217153","1020250","â€šÃ³Ã¨","67","dotpositionleft","singlestim","204","217650","1020260","left","correct","1","","1","trialend","singlestim","205","218662","1020270"
"11667","Subject89","wohlesswohless","1","wohless","positionright","validityvalid","test","4","negative","singlestim","207","220670","1020290","â€šÃ³Ã¨","77","dotpositionright","singlestim","208","221131","1020300","right","correct","1","","1","trialend","singlestim","209","222145","1020310"
"11964","Subject89","ecstaticecstatic","77","ecstatic","positionright","validityvalid","test","4","positive","singlestim","211","224153","1020330","â€šÃ³Ã¨","77","dotpositionright","singlestim","212","224537","1020340","right","correct","1","","1","trialend","singlestim","213","225553","1020350"
"12261","Subject89","laughlaugh","1","laugh","positionright","validityvalid","test","4","positive","singlestim","215","227559","1020370","â€šÃ³Ã¨","77","dotpositionright","singlestim","216","228313","1020380","right","correct","1","","1","trialend","singlestim","217","229329","1020390"
"12558","Subject89","hanginghanging","1","hanging","positionleft","validityvalid","test","4","suicide","singlestim","219","231338","1020410","â€šÃ³Ã¨","67","dotpositionleft","singlestim","220","232050","1020420","left","correct","1","","1","trialend","singlestim","221","233067","1020430"
"12855","Subject89","stupidstupid","1","stupid","positionleft","validityvalid","test","4","negative","singlestim","223","235076","1020450","â€šÃ³Ã¨","67","dotpositionleft","singlestim","224","235715","1020460","left","correct","1","","1","trialend","singlestim","225","236729","1020470"
"13152","Subject89","deceaseddeceased","1","deceased","positionright","validityvalid","test","4","suicide","singlestim","227","238738","1020490","â€šÃ³Ã¨","77","dotpositionright","singlestim","228","239137","1020500","right","correct","1","","1","trialend","singlestim","229","240154","1020510"
"13449","Subject89","successsuccess","1","success","positionleft","validityvalid","test","4","positive","singlestim","231","242162","1020530","â€šÃ³Ã¨","67","dotpositionleft","singlestim","232","242626","1020540","left","correct","1","","1","trialend","singlestim","233","243643","1020550"
"13746","Subject89","suicidesuicide","1","suicide","positionright","validityinvalid","test","4","suicide","singlestim","235","245652","1020570","â€šÃ³Ã¨","67","dotpositionleft","singlestim","236","246385","1020580","left","correct","1","","1","trialend","singlestim","237","247402","1020590"
"14043","Subject89","frameframe","1","frame","positionleft","validityinvalid","test","4","neutral","singlestim","239","249412","1020610","â€šÃ³Ã¨","77","dotpositionright","singlestim","240","249769","1020620","right","correct","1","","1","trialend","singlestim","241","250785","1020630"
"14340","Subject89","suffocationsuffocation","1","suffocation","positionleft","validityinvalid","test","1","suicide","singlestim","243","252795","103010","â€šÃ³Ã¨","77","dotpositionright","singlestim","244","253163","103020","right","correct","1","","1","trialend","singlestim","245","254177","103030"
"14637","Subject89","healthyhealthy","1","healthy","positionleft","validityinvalid","test","1","positive","singlestim","247","256185","103050","â€šÃ³Ã¨","77","dotpositionright","singlestim","248","256537","103060","right","correct","1","","1","trialend","singlestim","249","257551","103070"
"14934","Subject89","patheticpathetic","1","pathetic","positionleft","validityvalid","test","1","negative","singlestim","251","259557","103090","â€šÃ³Ã¨","67","dotpositionleft","singlestim","252","260010","1030100","left","correct","1","","1","trialend","singlestim","253","261025","1030110"
"15231","Subject89","bloodblood","1","blood","positionleft","validityvalid","test","1","suicide","singlestim","255","263033","1030130","â€šÃ³Ã¨","67","dotpositionleft","singlestim","256","263650","1030140","left","correct","1","","1","trialend","singlestim","257","264664","1030150"
"15528","Subject89","statuestatue","77","statue","positionright","validityinvalid","test","1","neutral","singlestim","259","266673","1030170","â€šÃ³Ã¨","67","dotpositionleft","singlestim","260","267090","1030180","left","correct","1","","1","trialend","singlestim","261","268106","1030190"
"15825","Subject89","paradiseparadise","1","paradise","positionleft","validityvalid","test","1","positive","singlestim","263","270115","1030210","â€šÃ³Ã¨","67","dotpositionleft","singlestim","264","271738","1030220","left","correct","1","","1","trialend","singlestim","265","272751","1030230"
"16122","Subject89","cheesecheese","1","cheese","positionright","validityvalid","test","1","neutral","singlestim","267","274758","1030250","â€šÃ³Ã¨","77","dotpositionright","singlestim","268","275234","1030260","right","correct","1","","1","trialend","singlestim","269","276249","1030270"
"16419","Subject89","gunshotgunshot","1","gunshot","positionright","validityvalid","test","1","suicide","singlestim","271","278257","1030290","â€šÃ³Ã¨","67","dotpositionright","singlestim","272","279153","1030300","left","incorrect","60","","77","trialend","singlestim","273","280167","1030310"
"16716","Subject89","hatehate","1","hate","positionright","validityinvalid","test","1","negative","singlestim","275","282175","1030330","â€šÃ³Ã¨","67","dotpositionleft","singlestim","276","282817","1030340","left","correct","1","","1","trialend","singlestim","277","283833","1030350"
"17013","Subject89","attractionattraction","1","attraction","positionright","validityvalid","test","1","positive","singlestim","279","285843","1030370","â€šÃ³Ã¨","77","dotpositionright","singlestim","280","286330","1030380","right","correct","1","","1","trialend","singlestim","281","287347","1030390"
"17310","Subject89","cryingcrying","1","crying","positionright","validityvalid","test","1","negative","singlestim","283","289354","1030410","â€šÃ³Ã¨","77","dotpositionright","singlestim","284","290153","1030420","right","correct","1","","1","trialend","singlestim","285","291166","1030430"
"17607","Subject89","funeralfuneral","1","funeral","positionright","validityvalid","test","1","suicide","singlestim","287","293174","1030450","â€šÃ³Ã¨","77","dotpositionright","singlestim","288","293593","1030460","right","correct","1","","1","trialend","singlestim","289","294607","1030470"
"17904","Subject89","vomitvomit","1","vomit","positionleft","validityvalid","test","1","negative","singlestim","291","296616","1030490","â€šÃ³Ã¨","77","dotpositionleft","singlestim","292","297250","1030500","right","incorrect","1","","1","trialend","singlestim","293","298266","1030510"
"18201","Subject89","foldedfolded","1","folded","positionleft","validityvalid","test","1","neutral","singlestim","295","300272","1030530","â€šÃ³Ã¨","67","dotpositionleft","singlestim","296","300690","1030540","left","correct","1","","1","trialend","singlestim","297","301706","1030550"
"18498","Subject89","greatgreat","1","great","positionright","validityvalid","test","1","positive","singlestim","299","303714","1030570","â€šÃ³Ã¨","1","dotpositionright","singlestim","300","305769","1030580","incorrect","1","","1","trialend","singlestim","301","306784","1030590","1"
"18795","Subject89","1","image","positionleft","validityvalid","test","1","neutral","singlestim","303","308795","1030610","896","67","dotpositionleft","singlestim","304","309747","1030620","c","correct","1","","1","trialend","singlestim","305","310760","1030630","1005"
