"","SubjectID","rt","stimulus","keypress","word","wordposition","validity","block","blocknum","wordtype","trialtype","trialindex","timeelapsed","rt.1","stimulus.1","keypress.1","dotposition","trialtype.1","trialindex.1","timeelapsed.1","keypressed","participantresponse","correctresponse","rt.2","stimulus.2","keypress.2","blocktrial","trialtype.2","trialindex.2","timeelapsed.2"
"17","Subject18","2","negative","singlestim","51","91117","100010","1305","â€šÃ³Ã¨","77","dotpositionright","singlestim","52","100020","m","right","correct","1","","1","singlestim","53","93495","100030","1","enthusiasmenthusiasm","1","enthusiasm","positionright","validityvalid"
"314","Subject18","2","positive","singlestim","55","95506","100050","527","â€šÃ³Ã¨","77","dotpositionright","singlestim","56","100060","m","right","correct","1","","1","singlestim","57","97102","100070","1","pleasurepleasure","1","pleasure","positionleft","validityvalid"
"611","Subject18","2","positive","singlestim","59","99109","100090","374","â€šÃ³Ã¨","67","dotpositionleft","singlestim","60","1000100","c","left","correct","1","","1","singlestim","61","100555","1000110","1","lovelove","1","love","positionright","validityinvalid"
"908","Subject18","2","positive","singlestim","63","102564","1000130","86","â€šÃ³Ã¨","77","dotpositionleft","singlestim","64","1000140","m","right","incorrect","1","","1","singlestim","65","103719","1000150","1","overdoseoverdose","1","overdose","positionright","validityinvalid"
"1205","Subject18","2","suicide","singlestim","67","105727","1000170","534","â€šÃ³Ã¨","67","dotpositionleft","singlestim","68","1000180","c","left","correct","1","","1","singlestim","69","107329","1000190","1","paperpaper","1","paper","positionleft","validityvalid"
"1502","Subject18","2","neutral","singlestim","71","109337","1000210","491","â€šÃ³Ã¨","67","dotpositionleft","singlestim","72","1000220","c","left","correct","1","","1","singlestim","73","110896","1000230","1","noosenoose","1","noose","positionleft","validityvalid"
"1799","Subject18","2","suicide","singlestim","75","112902","1000250","572","â€šÃ³Ã¨","67","dotpositionleft","singlestim","76","1000260","c","left","correct","1","","1","singlestim","77","114550","1000270","839","filthyfilthy","67","filthy","positionleft","validityinvalid"
"2096","Subject18","2","negative","singlestim","79","116558","1000290","1","â€šÃ³Ã¨","1","dotpositionright","singlestim","80","1000300","","incorrect","1","","1","trialend","81","119628","1000310","1","tabletable","1","table","positionright","validityvalid","test"
"2393","Subject18","neutral","singlestim","83","121636","1000330","509","â€šÃ³Ã¨","77","dotpositionright","singlestim","84","122197","m","right","correct","1","","1","trialend","85","123212","1000350","487","corpsecorpse","67","corpse","positionleft","validityvalid","test"
"2690","Subject18","suicide","singlestim","87","125217","1000370","781","â€šÃ³Ã¨","67","dotpositionleft","singlestim","88","126050","c","left","correct","1","","1","trialend","89","127063","1000390","1","braverybravery","1","bravery","positionleft","validityvalid","test"
"2987","Subject18","positive","singlestim","91","129072","1000410","461","â€šÃ³Ã¨","67","dotpositionleft","singlestim","92","129585","c","left","correct","1","","1","trialend","93","130598","1000430","1","cruelcruel","1","cruel","positionright","validityvalid","test"
"3284","Subject18","negative","singlestim","95","132606","1000450","554","â€šÃ³Ã¨","77","dotpositionright","singlestim","96","133217","m","right","correct","1","","1","trialend","97","134232","1000470","1","failurefailure","1","failure","positionleft","validityvalid","test"
"3581","Subject18","negative","singlestim","99","136239","1000490","547","â€šÃ³Ã¨","67","dotpositionleft","singlestim","100","136840","c","left","correct","1","","1","trialend","101","137854","1000510","1","horsehorse","1","horse","positionleft","validityinvalid","test"
"3878","Subject18","neutral","singlestim","103","139863","1000530","582","â€šÃ³Ã¨","77","dotpositionright","singlestim","104","140499","m","right","correct","1","","1","trialend","105","141515","1000550","1","foamfoam","1","foam","positionright","validityvalid","test"
"4175","Subject18","neutral","singlestim","107","143525","1000570","500","â€šÃ³Ã¨","77","dotpositionright","singlestim","108","144079","m","right","correct","1","","1","trialend","109","145096","1000590","1","deathdeath","1","death","positionright","validityvalid","test"
"4472","Subject18","suicide","singlestim","111","147105","1000610","422","â€šÃ³Ã¨","77","dotpositionright","singlestim","112","147579","m","right","correct","1","","1","trialend","113","148595","1000630","1","laughlaugh","1","laugh","positionright","validityvalid","test"
"4769","Subject18","positive","singlestim","115","150605","101010","414","â€šÃ³Ã¨","77","dotpositionright","singlestim","116","151073","m","right","correct","1","","1","trialend","117","152085","101030","1","frameframe","1","frame","positionleft","validityinvalid","test"
"5066","Subject18","neutral","singlestim","119","154095","101050","436","â€šÃ³Ã¨","77","dotpositionright","singlestim","120","154581","m","right","correct","1","","1","trialend","121","155596","101070","1","alonealone","1","alone","positionleft","validityvalid","test"
"5363","Subject18","negative","singlestim","123","157605","101090","408","â€šÃ³Ã¨","67","dotpositionleft","singlestim","124","158066","c","left","correct","1","","1","trialend","125","159079","1010110","1","killingkilling","1","killing","positionleft","validityvalid","test"
"5660","Subject18","suicide","singlestim","127","161087","1010130","406","â€šÃ³Ã¨","67","dotpositionleft","singlestim","128","161549","c","left","correct","1","","1","trialend","129","162562","1010150","1","suicidesuicide","1","suicide","positionright","validityinvalid","test"
"5957","Subject18","suicide","singlestim","131","164571","1010170","467","â€šÃ³Ã¨","67","dotpositionleft","singlestim","132","165090","c","left","correct","1","","1","trialend","133","166104","1010190","1","ecstaticecstatic","1","ecstatic","positionright","validityvalid","test"
"6254","Subject18","positive","singlestim","135","168112","1010210","428","â€šÃ³Ã¨","77","dotpositionright","singlestim","136","168591","m","right","correct","1","","1","trialend","137","169608","1010230","1","doubledouble","1","double","positionright","validityvalid","test"
"6551","Subject18","neutral","singlestim","139","171618","1010250","334","â€šÃ³Ã¨","77","dotpositionright","singlestim","140","172006","m","right","correct","1","","1","trialend","141","173021","1010270","1","deceaseddeceased","1","deceased","positionright","validityvalid","test"
"6848","Subject18","suicide","singlestim","143","175029","1010290","329","â€šÃ³Ã¨","77","dotpositionright","singlestim","144","175412","m","right","correct","1","","1","trialend","145","176428","1010310","1","ashamedashamed","1","ashamed","positionright","validityinvalid","test"
"7145","Subject18","negative","singlestim","147","178437","1010330","316","â€šÃ³Ã¨","67","dotpositionleft","singlestim","148","178808","c","left","correct","1","","1","trialend","149","179823","1010350","1","hanginghanging","1","hanging","positionleft","validityvalid","test"
"7442","Subject18","suicide","singlestim","151","181832","1010370","342","â€šÃ³Ã¨","67","dotpositionleft","singlestim","152","182227","c","left","correct","1","","1","trialend","153","183242","1010390","1","successsuccess","1","success","positionleft","validityvalid","test"
"7739","Subject18","positive","singlestim","155","185251","1010410","333","â€šÃ³Ã¨","67","dotpositionleft","singlestim","156","185636","c","left","correct","1","","1","trialend","157","186653","1010430","1","structurestructure","1","structure","positionright","validityvalid","test"
"8036","Subject18","neutral","singlestim","159","188664","1010450","358","â€šÃ³Ã¨","77","dotpositionright","singlestim","160","189075","m","right","correct","1","","1","trialend","161","190092","1010470","1","wohlesswohless","1","wohless","positionright","validityvalid","test"
"8333","Subject18","negative","singlestim","163","192099","1010490","667","â€šÃ³Ã¨","77","dotpositionright","singlestim","164","192818","m","right","correct","1","","1","trialend","165","193836","1010510","1","passionatepassionate","1","passionate","positionleft","validityinvalid","test"
"8630","Subject18","positive","singlestim","167","195844","1010530","377","â€šÃ³Ã¨","77","dotpositionright","singlestim","168","196273","m","right","correct","1","","1","trialend","169","197288","1010550","1","stupidstupid","1","stupid","positionleft","validityvalid","test"
"8927","Subject18","negative","singlestim","171","199297","1010570","303","â€šÃ³Ã¨","67","dotpositionleft","singlestim","172","199656","c","left","correct","1","","1","trialend","173","200673","1010590","1","engineengine","1","engine","positionleft","validityvalid","test"
"9224","Subject18","neutral","singlestim","175","202681","1010610","325","â€šÃ³Ã¨","67","dotpositionleft","singlestim","176","203059","c","left","correct","1","","1","trialend","177","204073","1010630","1","kisskiss","1","kiss","positionright","validityinvalid","test"
"9521","Subject18","positive","singlestim","179","206082","102010","486","â€šÃ³Ã¨","67","dotpositionleft","singlestim","180","206621","c","left","correct","1","","1","trialend","181","207638","102030","1","metermeter","1","meter","positionleft","validityvalid","test"
"9818","Subject18","neutral","singlestim","183","209646","102050","363","â€šÃ³Ã¨","67","dotpositionleft","singlestim","184","210062","c","left","correct","1","","1","trialend","185","211078","102070","1","assaultassault","1","assault","positionleft","validityinvalid","test"
"10115","Subject18","negative","singlestim","187","213088","102090","351","â€šÃ³Ã¨","77","dotpositionright","singlestim","188","213491","m","right","correct","1","","1","trialend","189","214504","1020110","1","museummuseum","1","museum","positionleft","validityvalid","test"
"10412","Subject18","neutral","singlestim","191","216513","1020130","331","â€šÃ³Ã¨","67","dotpositionleft","singlestim","192","216896","c","left","correct","1","","1","trialend","193","217912","1020150","1","closetcloset","1","closet","positionright","validityinvalid","test"
"10709","Subject18","neutral","singlestim","195","219920","1020170","441","â€šÃ³Ã¨","88","dotpositionleft","singlestim","196","220413","x","incorrect","1","","1","trialend","singlestim","221429","1020190","1","bombbomb","1","bomb","positionright","validityvalid","test","3"
"11006","Subject18","singlestim","199","223437","1020210","352","â€šÃ³Ã¨","77","dotpositionright","singlestim","200","223842","1020220","right","correct","1","","1","trialend","singlestim","224858","1020230","1","rejectedrejected","1","rejected","positionright","validityvalid","test","3"
"11303","Subject18","singlestim","203","226867","1020250","383","â€šÃ³Ã¨","77","dotpositionright","singlestim","204","227305","1020260","right","correct","1","","1","trialend","singlestim","228318","1020270","1","happyhappy","1","happy","positionright","validityvalid","test","3"
"11600","Subject18","singlestim","207","230328","1020290","357","â€šÃ³Ã¨","77","dotpositionright","singlestim","208","230741","1020300","right","correct","1","","1","trialend","singlestim","231754","1020310","1","dyingdying","1","dying","positionleft","validityvalid","test","3"
"11897","Subject18","singlestim","211","233762","1020330","323","â€šÃ³Ã¨","67","dotpositionleft","singlestim","212","234139","1020340","left","correct","1","","1","trialend","singlestim","235155","1020350","1","diedie","1","die","positionright","validityvalid","test","3"
"12194","Subject18","singlestim","215","237164","1020370","344","â€šÃ³Ã¨","77","dotpositionright","singlestim","216","237560","1020380","right","correct","1","","1","trialend","singlestim","238574","1020390","1","greengreen","1","green","positionright","validityvalid","test","3"
"12491","Subject18","singlestim","219","240582","1020410","327","â€šÃ³Ã¨","77","dotpositionright","singlestim","220","240961","1020420","right","correct","1","","1","trialend","singlestim","241976","1020430","1","smilesmile","1","smile","positionleft","validityvalid","test","3"
"12788","Subject18","singlestim","223","243984","1020450","311","â€šÃ³Ã¨","67","dotpositionleft","singlestim","224","244348","1020460","left","correct","1","","1","trialend","singlestim","245366","1020470","1","strongstrong","1","strong","positionleft","validityvalid","test","3"
"13085","Subject18","singlestim","227","247374","1020490","310","â€šÃ³Ã¨","67","dotpositionleft","singlestim","228","247738","1020500","left","correct","1","","1","trialend","singlestim","248755","1020510","1","deaddead","1","dead","positionleft","validityinvalid","test","3"
"13382","Subject18","singlestim","231","250763","1020530","323","â€šÃ³Ã¨","77","dotpositionright","singlestim","232","251138","1020540","right","correct","1","","1","trialend","singlestim","252156","1020550","1","cuttingcutting","1","cutting","positionright","validityvalid","test","3"
"13679","Subject18","singlestim","235","254165","1020570","273","â€šÃ³Ã¨","77","dotpositionright","singlestim","236","254491","1020580","right","correct","1","","1","trialend","singlestim","255505","1020590","1","touretoure","1","toure","positionleft","validityvalid","test","3"
"13976","Subject18","singlestim","239","257513","1020610","364","â€šÃ³Ã¨","67","dotpositionleft","singlestim","240","257930","1020620","left","correct","1","","1","trialend","singlestim","258946","1020630","1","imageimage","1","image","positionleft","validityvalid","test","1"
"14273","Subject18","singlestim","243","260957","103010","364","â€šÃ³Ã¨","67","dotpositionleft","singlestim","244","261376","103020","left","correct","1","","1","trialend","singlestim","262394","103030","1","paradiseparadise","1","paradise","positionleft","validityvalid","test","1"
"14570","Subject18","singlestim","247","264403","103050","325","â€šÃ³Ã¨","67","dotpositionleft","singlestim","248","264780","103060","left","correct","1","","1","trialend","singlestim","265796","103070","1","vomitvomit","1","vomit","positionleft","validityvalid","test","1"
"14867","Subject18","singlestim","251","267804","103090","408","â€šÃ³Ã¨","67","dotpositionleft","singlestim","252","268265","1030100","left","correct","1","","1","trialend","singlestim","269279","1030110","1","healthyhealthy","1","healthy","positionleft","validityinvalid","test","1"
"15164","Subject18","singlestim","255","271287","1030130","363","â€šÃ³Ã¨","77","dotpositionright","singlestim","256","271704","1030140","right","correct","1","","1","trialend","singlestim","272721","1030150","1","funeralfuneral","1","funeral","positionright","validityvalid","test","1"
"15461","Subject18","singlestim","259","274729","1030170","353","â€šÃ³Ã¨","77","dotpositionright","singlestim","260","275136","1030180","right","correct","1","","1","trialend","singlestim","276154","1030190","1","foldedfolded","1","folded","positionleft","validityvalid","test","1"
"15758","Subject18","singlestim","263","278160","1030210","351","â€šÃ³Ã¨","67","dotpositionleft","singlestim","264","278562","1030220","left","correct","1","","1","trialend","singlestim","279575","1030230","1","suffocationsuffocation","1","suffocation","positionleft","validityinvalid","test","1"
"16055","Subject18","singlestim","267","281584","1030250","321","â€šÃ³Ã¨","77","dotpositionright","singlestim","268","281958","1030260","right","correct","1","","1","trialend","singlestim","282971","1030270","1","statuestatue","1","statue","positionright","validityinvalid","test","1"
"16352","Subject18","singlestim","271","284979","1030290","280","â€šÃ³Ã¨","67","dotpositionleft","singlestim","272","285315","1030300","left","correct","1","","1","trialend","singlestim","286332","1030310","1","cryingcrying","1","crying","positionright","validityvalid","test","1"
"16649","Subject18","singlestim","275","288340","1030330","309","â€šÃ³Ã¨","77","dotpositionright","singlestim","276","288706","1030340","right","correct","1","","1","trialend","singlestim","289722","1030350","1","cheesecheese","1","cheese","positionright","validityvalid","test","1"
"16946","Subject18","singlestim","279","291729","1030370","300","â€šÃ³Ã¨","77","dotpositionright","singlestim","280","292083","1030380","right","correct","1","","1","trialend","singlestim","293098","1030390","1","greatgreat","1","great","positionright","validityvalid","test","1"
"17243","Subject18","singlestim","283","295108","1030410","308","â€šÃ³Ã¨","77","dotpositionright","singlestim","284","295470","1030420","right","correct","1","","1","trialend","singlestim","296483","1030430","1","gunshotgunshot","1","gunshot","positionright","validityvalid","test","1"
"17540","Subject18","singlestim","287","298492","1030450","336","â€šÃ³Ã¨","77","dotpositionright","singlestim","288","298881","1030460","right","correct","1","","1","trialend","singlestim","299896","1030470","1","patheticpathetic","1","pathetic","positionleft","validityvalid","test","1"
"17837","Subject18","singlestim","291","301904","1030490","363","â€šÃ³Ã¨","67","dotpositionleft","singlestim","292","302319","1030500","left","correct","1","","1","trialend","singlestim","303332","1030510","1","attractionattraction","1","attraction","positionright","validityvalid","test","1"
"18134","Subject18","singlestim","295","305341","1030530","328","â€šÃ³Ã¨","77","dotpositionright","singlestim","296","305724","1030540","right","correct","1","","1","trialend","singlestim","306739","1030550","1","bloodblood","1","blood","positionleft","validityvalid","test","1"
"18431","Subject18","singlestim","299","308750","1030570","332","â€šÃ³Ã¨","67","dotpositionleft","singlestim","300","309138","1030580","left","correct","1","","1","trialend","singlestim","310152","1030590","1","hatehate","1","hate","positionright","validityinvalid","test","1"
"18728","Subject18","singlestim","303","312163","1030610","328","â€šÃ³Ã¨","67","dotpositionleft","singlestim","304","312546","1030620","left","correct","1","","1","trialend","singlestim","313562","1030630","1005","timeout","textTimed","306","314570","1040","",""
