"","SubjectID","rt","stimulus","keypress","word","wordposition","validity","block","blocknum","wordtype","trialtype","trialindex","timeelapsed","rt.1","stimulus.1","keypress.1","dotposition","trialtype.1","trialindex.1","timeelapsed.1","keypressed","participantresponse","correctresponse","rt.2","stimulus.2","keypress.2","blocktrial","trialtype.2","trialindex.2","timeelapsed.2"
"233","Subject265","1","dyingdying","1","dying","positionleft","validityvalid","test","3","suicide","singlestim","51","79111","600","â€šÃ³Ã¨","67","dotpositionleft","singlestim","52","79764","c","left","correct","1","","1","trialend","singlestim","53","80777"
"530","Subject265","1","museummuseum","1","museum","positionleft","validityvalid","test","3","neutral","singlestim","55","82782","575","â€šÃ³Ã¨","67","dotpositionleft","singlestim","56","83410","c","left","correct","1","","1","trialend","singlestim","57","84423"
"827","Subject265","1","kisskiss","1","kiss","positionright","validityinvalid","test","3","positive","singlestim","59","86427","345","â€šÃ³Ã¨","67","dotpositionleft","singlestim","60","86825","c","left","correct","1","","1","trialend","singlestim","61","87838"
"1124","Subject265","1","closetcloset","1","closet","positionright","validityinvalid","test","3","neutral","singlestim","63","89841","361","â€šÃ³Ã¨","67","dotpositionleft","singlestim","64","90253","c","left","correct","1","","1","trialend","singlestim","65","91266"
"1421","Subject265","1","touretoure","1","toure","positionleft","validityvalid","test","3","negative","singlestim","67","93268","542","â€šÃ³Ã¨","67","dotpositionleft","singlestim","68","93863","c","left","correct","1","","1","trialend","singlestim","69","94875"
"1718","Subject265","1","cuttingcutting","1","cutting","positionright","validityvalid","test","3","suicide","singlestim","71","96880","534","â€šÃ³Ã¨","77","dotpositionright","singlestim","72","97465","m","right","correct","1","","1","trialend","singlestim","73","98478"
"2015","Subject265","1","diedie","1","die","positionright","validityvalid","test","3","suicide","singlestim","75","100481","522","â€šÃ³Ã¨","77","dotpositionright","singlestim","76","101055","m","right","correct","1","","1","trialend","singlestim","77","102068"
"2312","Subject265","1","metermeter","1","meter","positionleft","validityvalid","test","3","neutral","singlestim","79","104073","533","â€šÃ³Ã¨","67","dotpositionleft","singlestim","80","104659","c","left","correct","1","","1","trialend","singlestim","81","105672"
"2609","Subject265","1","strongstrong","1","strong","positionleft","validityvalid","test","3","positive","singlestim","83","107676","640","â€šÃ³Ã¨","67","dotpositionleft","singlestim","84","108368","c","left","correct","1","","1","trialend","singlestim","85","109381"
"2906","Subject265","1","bombbomb","1","bomb","positionright","validityvalid","test","3","negative","singlestim","87","111385","564","â€šÃ³Ã¨","77","dotpositionright","singlestim","88","112002","m","right","correct","1","","1","trialend","singlestim","89","113015"
"3203","Subject265","1","greengreen","1","green","positionright","validityvalid","test","3","neutral","singlestim","91","115019","598","â€šÃ³Ã¨","77","dotpositionright","singlestim","92","115669","m","right","correct","1","","1","trialend","singlestim","93","116682"
"3500","Subject265","1","deaddead","1","dead","positionleft","validityinvalid","test","3","suicide","singlestim","95","118687","587","â€šÃ³Ã¨","77","dotpositionright","singlestim","96","119326","m","right","correct","1","","1","trialend","singlestim","97","120340"
"3797","Subject265","1","assaultassault","1","assault","positionleft","validityinvalid","test","3","negative","singlestim","99","122344","362","â€šÃ³Ã¨","77","dotpositionright","singlestim","100","122758","m","right","correct","1","","1","trialend","singlestim","101","123771"
"4094","Subject265","1","happyhappy","1","happy","positionright","validityvalid","test","3","positive","singlestim","103","125775","536","â€šÃ³Ã¨","77","dotpositionright","singlestim","104","126363","m","right","correct","1","","1","trialend","singlestim","105","127377"
"4391","Subject265","1","rejectedrejected","1","rejected","positionright","validityvalid","test","3","negative","singlestim","107","129382","380","â€šÃ³Ã¨","77","dotpositionright","singlestim","108","129813","m","right","correct","1","","1","trialend","singlestim","109","130827"
"4688","Subject265","1","smilesmile","1","smile","positionleft","validityvalid","test","3","positive","singlestim","111","132831","732","â€šÃ³Ã¨","67","dotpositionleft","singlestim","112","133615","c","left","correct","1","","1","trialend","singlestim","113","134628"
"4985","Subject265","1","frameframe","1","frame","positionleft","validityinvalid","test","4","neutral","singlestim","115","136632","490","â€šÃ³Ã¨","77","dotpositionright","singlestim","116","137174","m","right","correct","1","","1","trialend","singlestim","117","138188"
"5282","Subject265","1","laughlaugh","1","laugh","positionright","validityvalid","test","4","positive","singlestim","119","140191","441","â€šÃ³Ã¨","77","dotpositionright","singlestim","120","140683","m","right","correct","1","","1","trialend","singlestim","121","141697"
"5579","Subject265","1","passionatepassionate","1","passionate","positionleft","validityinvalid","test","4","positive","singlestim","123","143701","489","â€šÃ³Ã¨","77","dotpositionright","singlestim","124","144242","m","right","correct","1","","1","trialend","singlestim","125","145256"
"5876","Subject265","1","structurestructure","1","structure","positionright","validityvalid","test","4","neutral","singlestim","127","147260","655","â€šÃ³Ã¨","77","dotpositionright","singlestim","128","147968","m","right","correct","1","","1","trialend","singlestim","129","148980"
"6173","Subject265","1","hanginghanging","1","hanging","positionleft","validityvalid","test","4","suicide","singlestim","131","150985","695","â€šÃ³Ã¨","67","dotpositionleft","singlestim","132","151733","c","left","correct","1","","1","trialend","singlestim","133","152746"
"6470","Subject265","1","killingkilling","1","killing","positionleft","validityvalid","test","4","suicide","singlestim","135","154751","524","â€šÃ³Ã¨","67","dotpositionleft","singlestim","136","155326","c","left","correct","1","","1","trialend","singlestim","137","156340"
"6767","Subject265","1","alonealone","1","alone","positionleft","validityvalid","test","4","negative","singlestim","139","158344","506","â€šÃ³Ã¨","67","dotpositionleft","singlestim","140","158901","c","left","correct","1","","1","trialend","singlestim","141","159914"
"7064","Subject265","1","stupidstupid","1","stupid","positionleft","validityvalid","test","4","negative","singlestim","143","161918","397","â€šÃ³Ã¨","67","dotpositionleft","singlestim","144","162368","c","left","correct","1","","1","trialend","singlestim","145","163381"
"7361","Subject265","1","engineengine","1","engine","positionleft","validityvalid","test","4","neutral","singlestim","147","165385","576","â€šÃ³Ã¨","67","dotpositionleft","singlestim","148","166013","c","left","correct","1","","1","trialend","singlestim","149","167026"
"7658","Subject265","1","wohlesswohless","1","wohless","positionright","validityvalid","test","4","negative","singlestim","151","169030","357","â€šÃ³Ã¨","77","dotpositionright","singlestim","152","169439","m","right","correct","1","","1","trialend","singlestim","153","170452"
"7955","Subject265","1","successsuccess","1","success","positionleft","validityvalid","test","4","positive","singlestim","155","172457","476","â€šÃ³Ã¨","67","dotpositionleft","singlestim","156","172986","c","left","correct","1","","1","trialend","singlestim","157","173999"
"8252","Subject265","1","deceaseddeceased","1","deceased","positionright","validityvalid","test","4","suicide","singlestim","159","176004","341","â€šÃ³Ã¨","77","dotpositionright","singlestim","160","176396","m","right","correct","1","","1","trialend","singlestim","161","177410"
"8549","Subject265","1","suicidesuicide","1","suicide","positionright","validityinvalid","test","4","suicide","singlestim","163","179414","687","â€šÃ³Ã¨","67","dotpositionleft","singlestim","164","180153","c","left","correct","1","","1","trialend","singlestim","165","181167"
"8846","Subject265","1","doubledouble","1","double","positionright","validityvalid","test","4","neutral","singlestim","167","183171","576","â€šÃ³Ã¨","77","dotpositionright","singlestim","168","183800","m","right","correct","1","","1","trialend","singlestim","169","184812"
"9143","Subject265","1","ashamedashamed","1","ashamed","positionright","validityinvalid","test","4","negative","singlestim","171","186815","528","â€šÃ³Ã¨","67","dotpositionleft","singlestim","172","187396","c","left","correct","1","","1","trialend","singlestim","173","188408"
"9440","Subject265","1","ecstaticecstatic","1","ecstatic","positionright","validityvalid","test","4","positive","singlestim","175","190410","539","â€šÃ³Ã¨","77","dotpositionright","singlestim","176","191000","m","right","correct","1","","1","trialend","singlestim","177","192011"
"9737","Subject265","1","noosenoose","1","noose","positionleft","validityvalid","test","2","suicide","singlestim","179","194013","565","â€šÃ³Ã¨","67","dotpositionleft","singlestim","180","194631","c","left","correct","1","","1","trialend","singlestim","181","195642"
"10034","Subject265","1","pleasurepleasure","1","pleasure","positionleft","validityvalid","test","2","positive","singlestim","183","197644","624","â€šÃ³Ã¨","67","dotpositionleft","singlestim","184","198320","c","left","correct","1","","1","trialend","singlestim","185","199332"
"10331","Subject265","1","cruelcruel","1","cruel","positionright","validityvalid","test","2","negative","singlestim","187","201333","443","â€šÃ³Ã¨","77","dotpositionright","singlestim","188","201828","m","right","correct","1","","1","trialend","singlestim","189","202839"
"10628","Subject265","1","filthyfilthy","1","filthy","positionleft","validityinvalid","test","2","negative","singlestim","191","204841","490","â€šÃ³Ã¨","77","dotpositionright","singlestim","192","205382","m","right","correct","1","","1","trialend","singlestim","193","206394"
"10925","Subject265","1","lovelove","1","love","positionright","validityinvalid","test","2","positive","singlestim","195","208398","393","â€šÃ³Ã¨","67","dotpositionleft","singlestim","196","208841","c","left","correct","1","","1","trialend","singlestim","197","209852"
"11222","Subject265","1","deathdeath","1","death","positionright","validityvalid","test","2","suicide","singlestim","199","211855","372","â€šÃ³Ã¨","77","dotpositionright","singlestim","200","212279","m","right","correct","1","","1","trialend","singlestim","201","213292"
"11519","Subject265","1","abuseabuse","1","abuse","positionright","validityvalid","test","2","negative","singlestim","203","215296","481","â€šÃ³Ã¨","77","dotpositionright","singlestim","204","215828","m","right","correct","1","","1","trialend","singlestim","205","216841"
"11816","Subject265","1","failurefailure","1","failure","positionleft","validityvalid","test","2","negative","singlestim","207","218845","505","â€šÃ³Ã¨","67","dotpositionleft","singlestim","208","219401","c","left","correct","1","","1","trialend","singlestim","209","220415"
"12113","Subject265","1","enthusiasmenthusiasm","1","enthusiasm","positionright","validityvalid","test","2","positive","singlestim","211","222418","361","â€šÃ³Ã¨","77","dotpositionright","singlestim","212","222831","m","right","correct","1","","1","trialend","singlestim","213","223845"
"12410","Subject265","1","horsehorse","1","horse","positionleft","validityinvalid","test","2","neutral","singlestim","215","225849","421","â€šÃ³Ã¨","77","dotpositionright","singlestim","216","226321","m","right","correct","1","","1","trialend","singlestim","217","227335"
"12707","Subject265","1","tabletable","1","table","positionright","validityvalid","test","2","neutral","singlestim","219","229338","1440","â€šÃ³Ã¨","77","dotpositionright","singlestim","220","230830","m","right","correct","1","","1","trialend","singlestim","221","231843"
"13004","Subject265","1","corpsecorpse","1","corpse","positionleft","validityvalid","test","2","suicide","singlestim","223","233846","985","â€šÃ³Ã¨","67","dotpositionleft","singlestim","224","234882","c","left","correct","1","","1","trialend","singlestim","225","235895"
"13301","Subject265","1","paperpaper","1","paper","positionleft","validityvalid","test","2","neutral","singlestim","227","237899","840","â€šÃ³Ã¨","67","dotpositionleft","singlestim","228","238791","c","left","correct","1","","1","trialend","singlestim","229","239804"
"13598","Subject265","1","foamfoam","1","foam","positionright","validityvalid","test","2","neutral","singlestim","231","241808","403","â€šÃ³Ã¨","77","dotpositionright","singlestim","232","242264","m","right","correct","1","","1","trialend","singlestim","233","243277"
"13895","Subject265","1","overdoseoverdose","1","overdose","positionright","validityinvalid","test","2","suicide","singlestim","235","245281","529","â€šÃ³Ã¨","67","dotpositionleft","singlestim","236","245861","c","left","correct","1","","1","trialend","singlestim","237","246875"
"14192","Subject265","1","braverybravery","1","bravery","positionleft","validityvalid","test","2","positive","singlestim","239","248878","422","â€šÃ³Ã¨","67","dotpositionleft","singlestim","240","249352","c","left","correct","1","","1","trialend","singlestim","241","250365"
"14489","Subject265","1","greatgreat","1","great","positionright","validityvalid","test","1","positive","singlestim","243","252370","596","â€šÃ³Ã¨","77","dotpositionright","singlestim","244","253016","m","right","correct","1","","1","trialend","singlestim","245","254029"
"14786","Subject265","1","patheticpathetic","1","pathetic","positionleft","validityvalid","test","1","negative","singlestim","247","256033","451","â€šÃ³Ã¨","67","dotpositionleft","singlestim","248","256536","c","left","correct","1","","1","trialend","singlestim","249","257549"
"15083","Subject265","1","cheesecheese","1","cheese","positionright","validityvalid","test","1","neutral","singlestim","251","259554","475","â€šÃ³Ã¨","77","dotpositionright","singlestim","252","260081","m","right","correct","1","","1","trialend","singlestim","253","261094"
"15380","Subject265","1","vomitvomit","1","vomit","positionleft","validityvalid","test","1","negative","singlestim","255","263098","496","â€šÃ³Ã¨","67","dotpositionleft","singlestim","256","263646","c","left","correct","1","","1","trialend","singlestim","257","264659"
"15677","Subject265","1","bloodblood","1","blood","positionleft","validityvalid","test","1","suicide","singlestim","259","266663","474","â€šÃ³Ã¨","67","dotpositionleft","singlestim","260","267189","c","left","correct","1","","1","trialend","singlestim","261","268201"
"15974","Subject265","1","attractionattraction","1","attraction","positionright","validityvalid","test","1","positive","singlestim","263","270206","981","â€šÃ³Ã¨","77","dotpositionright","singlestim","264","271239","m","right","correct","1","","1","trialend","singlestim","265","272252"
"16271","Subject265","1","hatehate","1","hate","positionright","validityinvalid","test","1","negative","singlestim","267","274255","388","â€šÃ³Ã¨","67","dotpositionleft","singlestim","268","274695","c","left","correct","1","","1","trialend","singlestim","269","275709"
"16568","Subject265","1","cryingcrying","1","crying","positionright","validityvalid","test","1","negative","singlestim","271","277712","748","â€šÃ³Ã¨","77","dotpositionright","singlestim","272","278512","m","right","correct","1","","1","trialend","singlestim","273","279525"
"16865","Subject265","1","funeralfuneral","1","funeral","positionright","validityvalid","test","1","suicide","singlestim","275","281529","896","â€šÃ³Ã¨","77","dotpositionright","singlestim","276","282476","m","right","correct","1","","1","trialend","singlestim","277","283489"
"17162","Subject265","1","imageimage","1","image","positionleft","validityvalid","test","1","neutral","singlestim","279","285493","518","â€šÃ³Ã¨","67","dotpositionleft","singlestim","280","286062","c","left","correct","1","","1","trialend","singlestim","281","287074"
"17459","Subject265","1","gunshotgunshot","1","gunshot","positionright","validityvalid","test","1","suicide","singlestim","283","289078","891","â€šÃ³Ã¨","77","dotpositionright","singlestim","284","290021","m","right","correct","1","","1","trialend","singlestim","285","291034"
"17756","Subject265","1","paradiseparadise","1","paradise","positionleft","validityvalid","test","1","positive","singlestim","287","293037","583","â€šÃ³Ã¨","67","dotpositionleft","singlestim","288","293672","c","left","correct","1","","1","trialend","singlestim","289","294685"
"18053","Subject265","1","foldedfolded","1","folded","positionleft","validityvalid","test","1","neutral","singlestim","291","296689","564","â€šÃ³Ã¨","67","dotpositionleft","singlestim","292","297305","c","left","correct","1","","1","trialend","singlestim","293","298318"
"18350","Subject265","1","healthyhealthy","1","healthy","positionleft","validityinvalid","test","1","positive","singlestim","295","300321","369","â€šÃ³Ã¨","77","dotpositionright","singlestim","296","300743","m","right","correct","1","","1","trialend","singlestim","297","301756"
"18647","Subject265","1","statuestatue","1","statue","positionright","validityinvalid","test","1","neutral","singlestim","299","303760","701","â€šÃ³Ã¨","67","dotpositionleft","singlestim","300","304513","c","left","correct","1","","1","trialend","singlestim","301","305526"
"18944","Subject265","1","suffocationsuffocation","1","suffocation","positionleft","validityinvalid","test","1","suicide","singlestim","303","307531","330","â€šÃ³Ã¨","77","dotpositionright","singlestim","304","307912","m","right","correct","1","","1","trialend","singlestim","305","308925"
