"","SubjectID","rt","stimulus","keypress","word","wordposition","validity","block","blocknum","wordtype","trialtype","trialindex","timeelapsed","rt.1","stimulus.1","keypress.1","dotposition","trialtype.1","trialindex.1","timeelapsed.1","keypressed","participantresponse","correctresponse","rt.2","stimulus.2","keypress.2","blocktrial","trialtype.2","trialindex.2","timeelapsed.2"
"278","Subject312","1","strongstrong","1","strong","positionleft","validityvalid","test","3","positive","singlestim","51","59079","355","â€šÃ³Ã¨","67","dotpositionleft","singlestim","52","59490","c","left","correct","1","","1","trialend","singlestim","53","60504"
"575","Subject312","1","metermeter","1","meter","positionleft","validityvalid","test","3","neutral","singlestim","55","62517","356","â€šÃ³Ã¨","67","dotpositionleft","singlestim","56","62924","c","left","correct","1","","1","trialend","singlestim","57","63940"
"872","Subject312","1","touretoure","1","toure","positionleft","validityvalid","test","3","negative","singlestim","59","65952","348","â€šÃ³Ã¨","67","dotpositionleft","singlestim","60","66357","c","left","correct","1","","1","trialend","singlestim","61","67373"
"1169","Subject312","1","cuttingcutting","1","cutting","positionright","validityvalid","test","3","suicide","singlestim","63","69382","342","â€šÃ³Ã¨","77","dotpositionright","singlestim","64","69780","m","right","correct","1","","1","trialend","singlestim","65","70794"
"1466","Subject312","1","greengreen","1","green","positionright","validityvalid","test","3","neutral","singlestim","67","72804","319","â€šÃ³Ã¨","77","dotpositionright","singlestim","68","73180","m","right","correct","1","","1","trialend","singlestim","69","74193"
"1763","Subject312","1","closetcloset","1","closet","positionright","validityinvalid","test","3","neutral","singlestim","71","76200","333","â€šÃ³Ã¨","67","dotpositionleft","singlestim","72","76584","c","left","correct","1","","1","trialend","singlestim","73","77601"
"2060","Subject312","1","dyingdying","1","dying","positionleft","validityvalid","test","3","suicide","singlestim","75","79614","315","â€šÃ³Ã¨","67","dotpositionleft","singlestim","76","79985","c","left","correct","1","","1","trialend","singlestim","77","81001"
"2357","Subject312","1","bombbomb","1","bomb","positionright","validityvalid","test","3","negative","singlestim","79","83015","312","â€šÃ³Ã¨","77","dotpositionright","singlestim","80","83384","m","right","correct","1","","1","trialend","singlestim","81","84400"
"2654","Subject312","1","diedie","1","die","positionright","validityvalid","test","3","suicide","singlestim","83","86413","339","â€šÃ³Ã¨","77","dotpositionright","singlestim","84","86806","m","right","correct","1","","1","trialend","singlestim","85","87819"
"2951","Subject312","1","smilesmile","1","smile","positionleft","validityvalid","test","3","positive","singlestim","87","89826","333","â€šÃ³Ã¨","67","dotpositionleft","singlestim","88","90214","c","left","correct","1","","1","trialend","singlestim","89","91231"
"3248","Subject312","1","kisskiss","1","kiss","positionright","validityinvalid","test","3","positive","singlestim","91","93239","302","â€šÃ³Ã¨","67","dotpositionleft","singlestim","92","93592","c","left","correct","1","","1","trialend","singlestim","93","94606"
"3545","Subject312","1","assaultassault","1","assault","positionleft","validityinvalid","test","3","negative","singlestim","95","96618","327","â€šÃ³Ã¨","77","dotpositionright","singlestim","96","97002","m","right","correct","1","","1","trialend","singlestim","97","98018"
"3842","Subject312","1","rejectedrejected","1","rejected","positionright","validityvalid","test","3","negative","singlestim","99","100028","376","â€šÃ³Ã¨","77","dotpositionright","singlestim","100","100461","m","right","correct","1","","1","trialend","singlestim","101","101477"
"4139","Subject312","1","happyhappy","1","happy","positionright","validityvalid","test","3","positive","singlestim","103","103485","331","â€šÃ³Ã¨","77","dotpositionright","singlestim","104","103872","m","right","correct","1","","1","trialend","singlestim","105","104888"
"4436","Subject312","1","deaddead","1","dead","positionleft","validityinvalid","test","3","suicide","singlestim","107","106898","431","â€šÃ³Ã¨","77","dotpositionright","singlestim","108","107385","m","right","correct","1","","1","trialend","singlestim","109","108404"
"4733","Subject312","1","museummuseum","1","museum","positionleft","validityvalid","test","3","neutral","singlestim","111","110417","304","â€šÃ³Ã¨","67","dotpositionleft","singlestim","112","110773","c","left","correct","1","","1","trialend","singlestim","113","111788"
"5030","Subject312","1","cruelcruel","1","cruel","positionright","validityvalid","test","2","negative","singlestim","115","113796","336","â€šÃ³Ã¨","77","dotpositionright","singlestim","116","114189","m","right","correct","1","","1","trialend","singlestim","117","115201"
"5327","Subject312","1","filthyfilthy","1","filthy","positionleft","validityinvalid","test","2","negative","singlestim","119","117214","305","â€šÃ³Ã¨","77","dotpositionright","singlestim","120","117575","m","right","correct","1","","1","trialend","singlestim","121","118590"
"5624","Subject312","1","corpsecorpse","1","corpse","positionleft","validityvalid","test","2","suicide","singlestim","123","120596","303","â€šÃ³Ã¨","67","dotpositionleft","singlestim","124","120955","c","left","correct","1","","1","trialend","singlestim","125","121969"
"5921","Subject312","1","pleasurepleasure","1","pleasure","positionleft","validityvalid","test","2","positive","singlestim","127","123978","304","â€šÃ³Ã¨","67","dotpositionleft","singlestim","128","124333","c","left","correct","1","","1","trialend","singlestim","129","125350"
"6218","Subject312","1","braverybravery","1","bravery","positionleft","validityvalid","test","2","positive","singlestim","131","127359","310","â€šÃ³Ã¨","67","dotpositionleft","singlestim","132","127726","c","left","correct","1","","1","trialend","singlestim","133","128742"
"6515","Subject312","1","failurefailure","1","failure","positionleft","validityvalid","test","2","negative","singlestim","135","130752","397","â€šÃ³Ã¨","67","dotpositionleft","singlestim","136","131204","c","left","correct","1","","1","trialend","singlestim","137","132220"
"6812","Subject312","1","tabletable","1","table","positionright","validityvalid","test","2","neutral","singlestim","139","134231","319","â€šÃ³Ã¨","77","dotpositionright","singlestim","140","134604","m","right","correct","1","","1","trialend","singlestim","141","135615"
"7109","Subject312","1","noosenoose","1","noose","positionleft","validityvalid","test","2","suicide","singlestim","143","137624","288","â€šÃ³Ã¨","67","dotpositionleft","singlestim","144","137969","c","left","correct","1","","1","trialend","singlestim","145","138983"
"7406","Subject312","1","horsehorse","1","horse","positionleft","validityinvalid","test","2","neutral","singlestim","147","140993","305","â€šÃ³Ã¨","77","dotpositionright","singlestim","148","141351","m","right","correct","1","","1","trialend","singlestim","149","142364"
"7703","Subject312","1","deathdeath","1","death","positionright","validityvalid","test","2","suicide","singlestim","151","144376","312","â€šÃ³Ã¨","77","dotpositionright","singlestim","152","144741","m","right","correct","1","","1","trialend","singlestim","153","145754"
"8000","Subject312","1","enthusiasmenthusiasm","1","enthusiasm","positionright","validityvalid","test","2","positive","singlestim","155","147763","326","â€šÃ³Ã¨","77","dotpositionright","singlestim","156","148144","m","right","correct","1","","1","trialend","singlestim","157","149160"
"8297","Subject312","1","abuseabuse","1","abuse","positionright","validityvalid","test","2","negative","singlestim","159","151170","365","â€šÃ³Ã¨","77","dotpositionright","singlestim","160","151591","m","right","correct","1","","1","trialend","singlestim","161","152604"
"8594","Subject312","1","overdoseoverdose","1","overdose","positionright","validityinvalid","test","2","suicide","singlestim","163","154617","359","â€šÃ³Ã¨","67","dotpositionleft","singlestim","164","155034","c","left","correct","1","","1","trialend","singlestim","165","156047"
"8891","Subject312","1","paperpaper","1","paper","positionleft","validityvalid","test","2","neutral","singlestim","167","158060","356","â€šÃ³Ã¨","67","dotpositionleft","singlestim","168","158473","c","left","correct","1","","1","trialend","singlestim","169","159487"
"9188","Subject312","1","foamfoam","1","foam","positionright","validityvalid","test","2","neutral","singlestim","171","161496","324","â€šÃ³Ã¨","77","dotpositionright","singlestim","172","161876","m","right","correct","1","","1","trialend","singlestim","173","162892"
"9485","Subject312","1","lovelove","1","love","positionright","validityinvalid","test","2","positive","singlestim","175","164901","286","â€šÃ³Ã¨","67","dotpositionleft","singlestim","176","165239","c","left","correct","1","","1","trialend","singlestim","177","166255"
"9782","Subject312","1","suffocationsuffocation","1","suffocation","positionleft","validityinvalid","test","1","suicide","singlestim","179","168264","447","â€šÃ³Ã¨","77","dotpositionright","singlestim","180","168766","m","right","correct","1","","1","trialend","singlestim","181","169780"
"10079","Subject312","1","hatehate","1","hate","positionright","validityinvalid","test","1","negative","singlestim","183","171793","299","â€šÃ³Ã¨","67","dotpositionleft","singlestim","184","172149","c","left","correct","1","","1","trialend","singlestim","185","173166"
"10376","Subject312","1","gunshotgunshot","1","gunshot","positionright","validityvalid","test","1","suicide","singlestim","187","175177","340","â€šÃ³Ã¨","77","dotpositionright","singlestim","188","175573","m","right","correct","1","","1","trialend","singlestim","189","176585"
"10673","Subject312","1","imageimage","1","image","positionleft","validityvalid","test","1","neutral","singlestim","191","178594","328","â€šÃ³Ã¨","67","dotpositionleft","singlestim","192","178976","c","left","correct","1","","1","trialend","singlestim","193","179989"
"10970","Subject312","1","patheticpathetic","1","pathetic","positionleft","validityvalid","test","1","negative","singlestim","195","181997","340","â€šÃ³Ã¨","67","dotpositionleft","singlestim","196","182391","c","left","correct","1","","1","trialend","singlestim","197","183406"
"11267","Subject312","1","attractionattraction","1","attraction","positionright","validityvalid","test","1","positive","singlestim","199","185416","336","â€šÃ³Ã¨","77","dotpositionright","singlestim","200","185807","m","right","correct","1","","1","trialend","singlestim","201","186822"
"11564","Subject312","1","bloodblood","1","blood","positionleft","validityvalid","test","1","suicide","singlestim","203","188831","368","â€šÃ³Ã¨","67","dotpositionleft","singlestim","204","189255","c","left","correct","1","","1","trialend","singlestim","205","190269"
"11861","Subject312","1","cryingcrying","1","crying","positionright","validityvalid","test","1","negative","singlestim","207","192281","346","â€šÃ³Ã¨","77","dotpositionright","singlestim","208","192682","m","right","correct","1","","1","trialend","singlestim","209","193696"
"12158","Subject312","1","paradiseparadise","1","paradise","positionleft","validityvalid","test","1","positive","singlestim","211","195703","341","â€šÃ³Ã¨","67","dotpositionleft","singlestim","212","196099","c","left","correct","1","","1","trialend","singlestim","213","197112"
"12455","Subject312","1","funeralfuneral","1","funeral","positionright","validityvalid","test","1","suicide","singlestim","215","199121","306","â€šÃ³Ã¨","77","dotpositionright","singlestim","216","199480","m","right","correct","1","","1","trialend","singlestim","217","200496"
"12752","Subject312","1","healthyhealthy","1","healthy","positionleft","validityinvalid","test","1","positive","singlestim","219","202502","295","â€šÃ³Ã¨","77","dotpositionright","singlestim","220","202852","m","right","correct","1","","1","trialend","singlestim","221","203866"
"13049","Subject312","1","cheesecheese","1","cheese","positionright","validityvalid","test","1","neutral","singlestim","223","205878","329","â€šÃ³Ã¨","77","dotpositionright","singlestim","224","206258","m","right","correct","1","","1","trialend","singlestim","225","207273"
"13346","Subject312","1","foldedfolded","1","folded","positionleft","validityvalid","test","1","neutral","singlestim","227","209282","278","â€šÃ³Ã¨","67","dotpositionleft","singlestim","228","209614","c","left","correct","1","","1","trialend","singlestim","229","210629"
"13643","Subject312","1","statuestatue","1","statue","positionright","validityinvalid","test","1","neutral","singlestim","231","212637","276","â€šÃ³Ã¨","67","dotpositionleft","singlestim","232","212970","c","left","correct","1","","1","trialend","singlestim","233","213983"
"13940","Subject312","1","vomitvomit","1","vomit","positionleft","validityvalid","test","1","negative","singlestim","235","215995","291","â€šÃ³Ã¨","67","dotpositionleft","singlestim","236","216338","c","left","correct","1","","1","trialend","singlestim","237","217353"
"14237","Subject312","1","greatgreat","1","great","positionright","validityvalid","test","1","positive","singlestim","239","219364","307","â€šÃ³Ã¨","77","dotpositionright","singlestim","240","219726","m","right","correct","1","","1","trialend","singlestim","241","220739"
"14534","Subject312","1","passionatepassionate","1","passionate","positionleft","validityinvalid","test","4","positive","singlestim","243","222748","285","â€šÃ³Ã¨","77","dotpositionright","singlestim","244","223087","m","right","correct","1","","1","trialend","singlestim","245","224099"
"14831","Subject312","1","killingkilling","1","killing","positionleft","validityvalid","test","4","suicide","singlestim","247","226108","334","â€šÃ³Ã¨","77","dotpositionleft","singlestim","248","226497","m","right","incorrect","141","","67","trialend","singlestim","249","227512"
"15128","Subject312","1","structurestructure","1","structure","positionright","validityvalid","test","4","neutral","singlestim","251","229524","308","â€šÃ³Ã¨","77","dotpositionright","singlestim","252","229888","m","right","correct","1","","1","trialend","singlestim","253","230900"
"15425","Subject312","1","engineengine","1","engine","positionleft","validityvalid","test","4","neutral","singlestim","255","232909","313","â€šÃ³Ã¨","67","dotpositionleft","singlestim","256","233275","c","left","correct","1","","1","trialend","singlestim","257","234291"
"15722","Subject312","1","stupidstupid","1","stupid","positionleft","validityvalid","test","4","negative","singlestim","259","236299","332","â€šÃ³Ã¨","67","dotpositionleft","singlestim","260","236683","c","left","correct","1","","1","trialend","singlestim","261","237696"
"16019","Subject312","1","laughlaugh","1","laugh","positionright","validityvalid","test","4","positive","singlestim","263","239703","341","â€šÃ³Ã¨","77","dotpositionright","singlestim","264","240095","m","right","correct","1","","1","trialend","singlestim","265","241108"
"16316","Subject312","1","frameframe","1","frame","positionleft","validityinvalid","test","4","neutral","singlestim","267","243119","331","â€šÃ³Ã¨","77","dotpositionright","singlestim","268","243505","m","right","correct","1","","1","trialend","singlestim","269","244520"
"16613","Subject312","1","successsuccess","1","success","positionleft","validityvalid","test","4","positive","singlestim","271","246531","328","â€šÃ³Ã¨","67","dotpositionleft","singlestim","272","246913","c","left","correct","1","","1","trialend","singlestim","273","247928"
"16910","Subject312","1","wohlesswohless","1","wohless","positionright","validityvalid","test","4","negative","singlestim","275","249939","330","â€šÃ³Ã¨","77","dotpositionright","singlestim","276","250326","m","right","correct","1","","1","trialend","singlestim","277","251343"
"17207","Subject312","1","deceaseddeceased","1","deceased","positionright","validityvalid","test","4","suicide","singlestim","279","253347","305","â€šÃ³Ã¨","77","dotpositionright","singlestim","280","253708","m","right","correct","1","","1","trialend","singlestim","281","254722"
"17504","Subject312","1","hanginghanging","1","hanging","positionleft","validityvalid","test","4","suicide","singlestim","283","256733","351","â€šÃ³Ã¨","67","dotpositionleft","singlestim","284","257139","c","left","correct","1","","1","trialend","singlestim","285","258152"
"17801","Subject312","1","ashamedashamed","1","ashamed","positionright","validityinvalid","test","4","negative","singlestim","287","260158","350","â€šÃ³Ã¨","67","dotpositionleft","singlestim","288","260560","c","left","correct","1","","1","trialend","singlestim","289","261574"
"18098","Subject312","1","alonealone","1","alone","positionleft","validityvalid","test","4","negative","singlestim","291","263586","334","â€šÃ³Ã¨","67","dotpositionleft","singlestim","292","263971","c","left","correct","1","","1","trialend","singlestim","293","264984"
"18395","Subject312","1","doubledouble","1","double","positionright","validityvalid","test","4","neutral","singlestim","295","266992","301","â€šÃ³Ã¨","77","dotpositionright","singlestim","296","267348","m","right","correct","1","","1","trialend","singlestim","297","268358"
"18692","Subject312","1","suicidesuicide","1","suicide","positionright","validityinvalid","test","4","suicide","singlestim","299","270369","294","â€šÃ³Ã¨","67","dotpositionleft","singlestim","300","270719","c","left","correct","1","","1","trialend","singlestim","301","271733"
"18989","Subject312","1","ecstaticecstatic","1","ecstatic","positionright","validityvalid","test","4","positive","singlestim","303","273746","317","â€šÃ³Ã¨","77","dotpositionright","singlestim","304","274115","m","right","correct","1","","1","trialend","singlestim","305","275130"
