"","SubjectID","rt","stimulus","keypress","word","wordposition","validity","block","blocknum","wordtype","trialtype","trialindex","timeelapsed","rt.1","stimulus.1","keypress.1","dotposition","trialtype.1","trialindex.1","timeelapsed.1","keypressed","participantresponse","correctresponse","rt.2","stimulus.2","keypress.2","blocktrial","trialtype.2","trialindex.2","timeelapsed.2"
"110","Subject115","1","cryingcrying","1","crying","positionright","validityvalid","test","1","negative","singlestim","51","84389","437","â€šÃ³Ã¨","77","dotpositionright","singlestim","52","84881","m","right","correct","1","","1","trialend","singlestim","53","85899"
"407","Subject115","1","imageimage","1","image","positionleft","validityvalid","test","1","neutral","singlestim","55","87907","527","â€šÃ³Ã¨","67","dotpositionleft","singlestim","56","88487","c","left","correct","1","","1","trialend","singlestim","57","89503"
"704","Subject115","1","patheticpathetic","1","pathetic","positionleft","validityvalid","test","1","negative","singlestim","59","91511","539","â€šÃ³Ã¨","67","dotpositionleft","singlestim","60","92102","c","left","correct","1","","1","trialend","singlestim","61","93119"
"1001","Subject115","1","greatgreat","1","great","positionright","validityvalid","test","1","positive","singlestim","63","95129","446","â€šÃ³Ã¨","77","dotpositionright","singlestim","64","95633","m","right","correct","1","","1","trialend","singlestim","65","96648"
"1298","Subject115","1","statuestatue","1","statue","positionright","validityinvalid","test","1","neutral","singlestim","67","98659","493","â€šÃ³Ã¨","67","dotpositionleft","singlestim","68","99207","c","left","correct","1","","1","trialend","singlestim","69","100223"
"1595","Subject115","1","healthyhealthy","1","healthy","positionleft","validityinvalid","test","1","positive","singlestim","71","102234","428","â€šÃ³Ã¨","77","dotpositionright","singlestim","72","102718","m","right","correct","1","","1","trialend","singlestim","73","103736"
"1892","Subject115","1","attractionattraction","1","attraction","positionright","validityvalid","test","1","positive","singlestim","75","105744","466","â€šÃ³Ã¨","77","dotpositionright","singlestim","76","106264","m","right","correct","1","","1","trialend","singlestim","77","107281"
"2189","Subject115","1","hatehate","1","hate","positionright","validityinvalid","test","1","negative","singlestim","79","109289","377","â€šÃ³Ã¨","67","dotpositionleft","singlestim","80","109718","c","left","correct","1","","1","trialend","singlestim","81","110735"
"2486","Subject115","1","foldedfolded","1","folded","positionleft","validityvalid","test","1","neutral","singlestim","83","112743","508","â€šÃ³Ã¨","67","dotpositionleft","singlestim","84","113306","c","left","correct","1","","1","trialend","singlestim","85","114322"
"2783","Subject115","1","vomitvomit","1","vomit","positionleft","validityvalid","test","1","negative","singlestim","87","116329","449","â€šÃ³Ã¨","67","dotpositionleft","singlestim","88","116832","c","left","correct","1","","1","trialend","singlestim","89","117845"
"3080","Subject115","1","bloodblood","1","blood","positionleft","validityvalid","test","1","suicide","singlestim","91","119853","435","â€šÃ³Ã¨","67","dotpositionleft","singlestim","92","120341","c","left","correct","1","","1","trialend","singlestim","93","121357"
"3377","Subject115","1","cheesecheese","1","cheese","positionright","validityvalid","test","1","neutral","singlestim","95","123365","451","â€šÃ³Ã¨","77","dotpositionright","singlestim","96","123869","m","right","correct","1","","1","trialend","singlestim","97","124885"
"3674","Subject115","1","funeralfuneral","1","funeral","positionright","validityvalid","test","1","suicide","singlestim","99","126896","409","â€šÃ³Ã¨","77","dotpositionright","singlestim","100","127359","m","right","correct","1","","1","trialend","singlestim","101","128373"
"3971","Subject115","1","suffocationsuffocation","1","suffocation","positionleft","validityinvalid","test","1","suicide","singlestim","103","130382","389","â€šÃ³Ã¨","77","dotpositionright","singlestim","104","130824","m","right","correct","1","","1","trialend","singlestim","105","131838"
"4268","Subject115","1","gunshotgunshot","1","gunshot","positionright","validityvalid","test","1","suicide","singlestim","107","133847","554","â€šÃ³Ã¨","77","dotpositionright","singlestim","108","134456","m","right","correct","1","","1","trialend","singlestim","109","135472"
"4565","Subject115","1","paradiseparadise","1","paradise","positionleft","validityvalid","test","1","positive","singlestim","111","137480","424","â€šÃ³Ã¨","67","dotpositionleft","singlestim","112","137957","c","left","correct","1","","1","trialend","singlestim","113","138972"
"4862","Subject115","1","pleasurepleasure","1","pleasure","positionleft","validityvalid","test","2","positive","singlestim","115","140980","510","â€šÃ³Ã¨","67","dotpositionleft","singlestim","116","141542","c","left","correct","1","","1","trialend","singlestim","117","142559"
"5159","Subject115","1","failurefailure","1","failure","positionleft","validityvalid","test","2","negative","singlestim","119","144567","370","â€šÃ³Ã¨","67","dotpositionleft","singlestim","120","144991","c","left","correct","1","","1","trialend","singlestim","121","146007"
"5456","Subject115","1","cruelcruel","1","cruel","positionright","validityvalid","test","2","negative","singlestim","123","148015","413","â€šÃ³Ã¨","77","dotpositionright","singlestim","124","148482","m","right","correct","1","","1","trialend","singlestim","125","149497"
"5753","Subject115","1","deathdeath","1","death","positionright","validityvalid","test","2","suicide","singlestim","127","151504","476","â€šÃ³Ã¨","77","dotpositionright","singlestim","128","152032","m","right","correct","1","","1","trialend","singlestim","129","153047"
"6050","Subject115","1","enthusiasmenthusiasm","1","enthusiasm","positionright","validityvalid","test","2","positive","singlestim","131","155056","466","â€šÃ³Ã¨","77","dotpositionright","singlestim","132","155575","m","right","correct","1","","1","trialend","singlestim","133","156587"
"6347","Subject115","1","corpsecorpse","1","corpse","positionleft","validityvalid","test","2","suicide","singlestim","135","158595","445","â€šÃ³Ã¨","67","dotpositionleft","singlestim","136","159093","c","left","correct","1","","1","trialend","singlestim","137","160105"
"6644","Subject115","1","noosenoose","1","noose","positionleft","validityvalid","test","2","suicide","singlestim","139","162113","433","â€šÃ³Ã¨","67","dotpositionleft","singlestim","140","162598","c","left","correct","1","","1","trialend","singlestim","141","163617"
"6941","Subject115","1","lovelove","1","love","positionright","validityinvalid","test","2","positive","singlestim","143","165625","469","â€šÃ³Ã¨","67","dotpositionleft","singlestim","144","166147","c","left","correct","1","","1","trialend","singlestim","145","167163"
"7238","Subject115","1","braverybravery","1","bravery","positionleft","validityvalid","test","2","positive","singlestim","147","169172","440","â€šÃ³Ã¨","67","dotpositionleft","singlestim","148","169663","c","left","correct","1","","1","trialend","singlestim","149","170680"
"7535","Subject115","1","abuseabuse","1","abuse","positionright","validityvalid","test","2","negative","singlestim","151","172689","371","â€šÃ³Ã¨","77","dotpositionright","singlestim","152","173114","m","right","correct","1","","1","trialend","singlestim","153","174128"
"7832","Subject115","1","horsehorse","1","horse","positionleft","validityinvalid","test","2","neutral","singlestim","155","176136","450","â€šÃ³Ã¨","77","dotpositionright","singlestim","156","176639","m","right","correct","1","","1","trialend","singlestim","157","177653"
"8129","Subject115","1","foamfoam","1","foam","positionright","validityvalid","test","2","neutral","singlestim","159","179660","349","â€šÃ³Ã¨","77","dotpositionright","singlestim","160","180060","m","right","correct","1","","1","trialend","singlestim","161","181075"
"8426","Subject115","1","tabletable","1","table","positionright","validityvalid","test","2","neutral","singlestim","163","183084","444","â€šÃ³Ã¨","77","dotpositionright","singlestim","164","183581","m","right","correct","1","","1","trialend","singlestim","165","184594"
"8723","Subject115","1","filthyfilthy","1","filthy","positionleft","validityinvalid","test","2","negative","singlestim","167","186601","428","â€šÃ³Ã¨","77","dotpositionright","singlestim","168","187082","m","right","correct","1","","1","trialend","singlestim","169","188098"
"9020","Subject115","1","overdoseoverdose","1","overdose","positionright","validityinvalid","test","2","suicide","singlestim","171","190106","417","â€šÃ³Ã¨","67","dotpositionleft","singlestim","172","190578","c","left","correct","1","","1","trialend","singlestim","173","191595"
"9317","Subject115","1","paperpaper","1","paper","positionleft","validityvalid","test","2","neutral","singlestim","175","193601","410","â€šÃ³Ã¨","67","dotpositionleft","singlestim","176","194064","c","left","correct","1","","1","trialend","singlestim","177","195081"
"9614","Subject115","1","strongstrong","1","strong","positionleft","validityvalid","test","3","positive","singlestim","179","197089","394","â€šÃ³Ã¨","67","dotpositionleft","singlestim","180","197535","c","left","correct","1","","1","trialend","singlestim","181","198551"
"9911","Subject115","1","happyhappy","1","happy","positionright","validityvalid","test","3","positive","singlestim","183","200561","354","â€šÃ³Ã¨","77","dotpositionright","singlestim","184","200969","m","right","correct","1","","1","trialend","singlestim","185","201982"
"10208","Subject115","1","dyingdying","1","dying","positionleft","validityvalid","test","3","suicide","singlestim","187","203990","530","â€šÃ³Ã¨","67","dotpositionleft","singlestim","188","204574","c","left","correct","1","","1","trialend","singlestim","189","205592"
"10505","Subject115","1","cuttingcutting","1","cutting","positionright","validityvalid","test","3","suicide","singlestim","191","207600","386","â€šÃ³Ã¨","77","dotpositionright","singlestim","192","208040","m","right","correct","1","","1","trialend","singlestim","193","209057"
"10802","Subject115","1","touretoure","1","toure","positionleft","validityvalid","test","3","negative","singlestim","195","211065","388","â€šÃ³Ã¨","67","dotpositionleft","singlestim","196","211506","c","left","correct","1","","1","trialend","singlestim","197","212522"
"11099","Subject115","1","rejectedrejected","1","rejected","positionright","validityvalid","test","3","negative","singlestim","199","214531","391","â€šÃ³Ã¨","77","dotpositionright","singlestim","200","214973","m","right","correct","1","","1","trialend","singlestim","201","215987"
"11396","Subject115","1","greengreen","1","green","positionright","validityvalid","test","3","neutral","singlestim","203","217996","446","â€šÃ³Ã¨","77","dotpositionright","singlestim","204","218495","m","right","correct","1","","1","trialend","singlestim","205","219511"
"11693","Subject115","1","deaddead","1","dead","positionleft","validityinvalid","test","3","suicide","singlestim","207","221518","386","â€šÃ³Ã¨","77","dotpositionright","singlestim","208","221958","m","right","correct","1","","1","trialend","singlestim","209","222976"
"11990","Subject115","1","bombbomb","1","bomb","positionright","validityvalid","test","3","negative","singlestim","211","224984","748","â€šÃ³Ã¨","77","dotpositionright","singlestim","212","225785","m","right","correct","1","","1","trialend","singlestim","213","226801"
"12287","Subject115","1","metermeter","1","meter","positionleft","validityvalid","test","3","neutral","singlestim","215","228809","391","â€šÃ³Ã¨","67","dotpositionleft","singlestim","216","229254","c","left","correct","1","","1","trialend","singlestim","217","230272"
"12584","Subject115","1","smilesmile","1","smile","positionleft","validityvalid","test","3","positive","singlestim","219","232279","418","â€šÃ³Ã¨","67","dotpositionleft","singlestim","220","232750","c","left","correct","1","","1","trialend","singlestim","221","233765"
"12881","Subject115","1","museummuseum","1","museum","positionleft","validityvalid","test","3","neutral","singlestim","223","235774","325","â€šÃ³Ã¨","67","dotpositionleft","singlestim","224","236151","c","left","correct","1","","1","trialend","singlestim","225","237168"
"13178","Subject115","1","closetcloset","1","closet","positionright","validityinvalid","test","3","neutral","singlestim","227","239175","436","â€šÃ³Ã¨","67","dotpositionleft","singlestim","228","239664","c","left","correct","1","","1","trialend","singlestim","229","240677"
"13475","Subject115","1","assaultassault","1","assault","positionleft","validityinvalid","test","3","negative","singlestim","231","242687","547","â€šÃ³Ã¨","77","dotpositionright","singlestim","232","243285","m","right","correct","1","","1","trialend","singlestim","233","244299"
"13772","Subject115","1","diedie","1","die","positionright","validityvalid","test","3","suicide","singlestim","235","246308","469","â€šÃ³Ã¨","77","dotpositionright","singlestim","236","246829","m","right","correct","1","","1","trialend","singlestim","237","247847"
"14069","Subject115","1","kisskiss","1","kiss","positionright","validityinvalid","test","3","positive","singlestim","239","249854","446","â€šÃ³Ã¨","67","dotpositionleft","singlestim","240","250356","c","left","correct","1","","1","trialend","singlestim","241","251375"
"14366","Subject115","1","ecstaticecstatic","1","ecstatic","positionright","validityvalid","test","4","positive","singlestim","243","253383","372","â€šÃ³Ã¨","77","dotpositionright","singlestim","244","253809","m","right","correct","1","","1","trialend","singlestim","245","254826"
"14663","Subject115","1","structurestructure","1","structure","positionright","validityvalid","test","4","neutral","singlestim","247","256837","348","â€šÃ³Ã¨","77","dotpositionright","singlestim","248","257237","m","right","correct","1","","1","trialend","singlestim","249","258253"
"14960","Subject115","1","stupidstupid","1","stupid","positionleft","validityvalid","test","4","negative","singlestim","251","260261","528","â€šÃ³Ã¨","67","dotpositionleft","singlestim","252","260842","c","left","correct","1","","1","trialend","singlestim","253","261858"
"15257","Subject115","1","engineengine","1","engine","positionleft","validityvalid","test","4","neutral","singlestim","255","263865","357","â€šÃ³Ã¨","67","dotpositionleft","singlestim","256","264274","c","left","correct","1","","1","trialend","singlestim","257","265288"
"15554","Subject115","1","killingkilling","1","killing","positionleft","validityvalid","test","4","suicide","singlestim","259","267296","387","â€šÃ³Ã¨","67","dotpositionleft","singlestim","260","267734","c","left","correct","1","","1","trialend","singlestim","261","268747"
"15851","Subject115","1","suicidesuicide","1","suicide","positionright","validityinvalid","test","4","suicide","singlestim","263","270755","383","â€šÃ³Ã¨","67","dotpositionleft","singlestim","264","271193","c","left","correct","1","","1","trialend","singlestim","265","272210"
"16148","Subject115","1","alonealone","1","alone","positionleft","validityvalid","test","4","negative","singlestim","267","274222","407","â€šÃ³Ã¨","67","dotpositionleft","singlestim","268","274683","c","left","correct","1","","1","trialend","singlestim","269","275700"
"16445","Subject115","1","frameframe","1","frame","positionleft","validityinvalid","test","4","neutral","singlestim","271","277709","394","â€šÃ³Ã¨","77","dotpositionright","singlestim","272","278155","m","right","correct","1","","1","trialend","singlestim","273","279171"
"16742","Subject115","1","wohlesswohless","1","wohless","positionright","validityvalid","test","4","negative","singlestim","275","281179","512","â€šÃ³Ã¨","77","dotpositionright","singlestim","276","281744","m","right","correct","1","","1","trialend","singlestim","277","282760"
"17039","Subject115","1","hanginghanging","1","hanging","positionleft","validityvalid","test","4","suicide","singlestim","279","284772","340","â€šÃ³Ã¨","67","dotpositionleft","singlestim","280","285167","c","left","correct","1","","1","trialend","singlestim","281","286183"
"17336","Subject115","1","deceaseddeceased","1","deceased","positionright","validityvalid","test","4","suicide","singlestim","283","288193","397","â€šÃ³Ã¨","77","dotpositionright","singlestim","284","288646","m","right","correct","1","","1","trialend","singlestim","285","289664"
"17633","Subject115","1","successsuccess","1","success","positionleft","validityvalid","test","4","positive","singlestim","287","291674","417","â€šÃ³Ã¨","67","dotpositionleft","singlestim","288","292143","c","left","correct","1","","1","trialend","singlestim","289","293159"
"17930","Subject115","1","passionatepassionate","1","passionate","positionleft","validityinvalid","test","4","positive","singlestim","291","295168","417","â€šÃ³Ã¨","77","dotpositionright","singlestim","292","295636","m","right","correct","1","","1","trialend","singlestim","293","296653"
"18227","Subject115","1","ashamedashamed","1","ashamed","positionright","validityinvalid","test","4","negative","singlestim","295","298664","366","â€šÃ³Ã¨","67","dotpositionleft","singlestim","296","299085","c","left","correct","1","","1","trialend","singlestim","297","300101"
"18524","Subject115","1","doubledouble","1","double","positionright","validityvalid","test","4","neutral","singlestim","299","302110","409","â€šÃ³Ã¨","77","dotpositionright","singlestim","300","302573","m","right","correct","1","","1","trialend","singlestim","301","303589"
"18821","Subject115","1","laughlaugh","1","laugh","positionright","validityvalid","test","4","positive","singlestim","303","305598","359","â€šÃ³Ã¨","77","dotpositionright","singlestim","304","306009","m","right","correct","1","","1","trialend","singlestim","305","307025"
