"","SubjectID","rt","stimulus","keypress","word","wordposition","validity","block","blocknum","wordtype","trialtype","trialindex","timeelapsed","rt.1","stimulus.1","keypress.1","dotposition","trialtype.1","trialindex.1","timeelapsed.1","keypressed","participantresponse","correctresponse","rt.2","stimulus.2","keypress.2","blocktrial","trialtype.2","trialindex.2","timeelapsed.2"
"31","Subject32","1","filthyfilthy","1","filthy","positionleft","validityinvalid","test","2","negative","singlestim","51","78674","405","â€šÃ³Ã¨","77","dotpositionright","singlestim","52","79144","m","right","correct","1","","1","trialend","singlestim","53","80165"
"328","Subject32","1","lovelove","1","love","positionright","validityinvalid","test","2","positive","singlestim","55","82178","322","â€šÃ³Ã¨","67","dotpositionleft","singlestim","56","82554","c","left","correct","1","","1","trialend","singlestim","57","83568"
"625","Subject32","1","tabletable","1","table","positionright","validityvalid","test","2","neutral","singlestim","59","85574","370","â€šÃ³Ã¨","77","dotpositionright","singlestim","60","85997","m","right","correct","1","","1","trialend","singlestim","61","87014"
"922","Subject32","1","abuseabuse","1","abuse","positionright","validityvalid","test","2","negative","singlestim","63","89022","375","â€šÃ³Ã¨","77","dotpositionright","singlestim","64","89449","m","right","correct","1","","1","trialend","singlestim","65","90462"
"1219","Subject32","1","paperpaper","1","paper","positionleft","validityvalid","test","2","neutral","singlestim","67","92471","446","â€šÃ³Ã¨","67","dotpositionleft","singlestim","68","92973","c","left","correct","1","","1","trialend","singlestim","69","93990"
"1516","Subject32","1","failurefailure","1","failure","positionleft","validityvalid","test","2","negative","singlestim","71","95997","400","â€šÃ³Ã¨","67","dotpositionleft","singlestim","72","96450","c","left","correct","1","","1","trialend","singlestim","73","97465"
"1813","Subject32","1","cruelcruel","1","cruel","positionright","validityvalid","test","2","negative","singlestim","75","99485","429","â€šÃ³Ã¨","77","dotpositionright","singlestim","76","99970","m","right","correct","1","","1","trialend","singlestim","77","100983"
"2110","Subject32","1","foamfoam","1","foam","positionright","validityvalid","test","2","neutral","singlestim","79","102991","362","â€šÃ³Ã¨","77","dotpositionright","singlestim","80","103407","m","right","correct","1","","1","trialend","singlestim","81","104424"
"2407","Subject32","1","braverybravery","1","bravery","positionleft","validityvalid","test","2","positive","singlestim","83","106433","353","â€šÃ³Ã¨","67","dotpositionleft","singlestim","84","106838","c","left","correct","1","","1","trialend","singlestim","85","107849"
"2704","Subject32","1","corpsecorpse","1","corpse","positionleft","validityvalid","test","2","suicide","singlestim","87","109856","1139","â€šÃ³Ã¨","67","dotpositionleft","singlestim","88","111048","c","left","correct","1","","1","trialend","singlestim","89","112062"
"3001","Subject32","1","horsehorse","1","horse","positionleft","validityinvalid","test","2","neutral","singlestim","91","114070","553","â€šÃ³Ã¨","77","dotpositionright","singlestim","92","114676","m","right","correct","1","","1","trialend","singlestim","93","115690"
"3298","Subject32","1","pleasurepleasure","1","pleasure","positionleft","validityvalid","test","2","positive","singlestim","95","117700","1","â€šÃ³Ã¨","1","dotpositionleft","singlestim","96","119757","","incorrect","1","","1","trialend","singlestim","97","120778","1000470"
"3595","Subject32","deathdeath","1","death","positionright","validityvalid","test","2","suicide","singlestim","99","122782","1000490","â€šÃ³Ã¨","77","dotpositionright","singlestim","100","123224","1000500","right","correct","1","","1","trialend","singlestim","101","124238","1000510"
"3892","Subject32","noosenoose","1","noose","positionleft","validityvalid","test","2","suicide","singlestim","103","126246","1000530","â€šÃ³Ã¨","67","dotpositionleft","singlestim","104","126745","1000540","left","correct","1","","1","trialend","singlestim","105","127761","1000550"
"4189","Subject32","overdoseoverdose","1","overdose","positionright","validityinvalid","test","2","suicide","singlestim","107","129769","1000570","â€šÃ³Ã¨","67","dotpositionleft","singlestim","108","130321","1000580","left","correct","1","","1","trialend","singlestim","109","131336","1000590"
"4486","Subject32","enthusiasmenthusiasm","1","enthusiasm","positionright","validityvalid","test","2","positive","singlestim","111","133344","1000610","â€šÃ³Ã¨","77","dotpositionright","singlestim","112","133783","1000620","right","correct","1","","1","trialend","singlestim","113","134795","1000630"
"4783","Subject32","foldedfolded","1","folded","positionleft","validityvalid","test","1","neutral","singlestim","115","136823","101010","â€šÃ³Ã¨","67","dotpositionleft","singlestim","116","137302","101020","left","correct","1","","1","trialend","singlestim","117","138317","101030"
"5080","Subject32","cheesecheese","1","cheese","positionright","validityvalid","test","1","neutral","singlestim","119","140326","101050","â€šÃ³Ã¨","77","dotpositionright","singlestim","120","140975","101060","right","correct","1","","1","trialend","singlestim","121","141991","101070"
"5377","Subject32","statuestatue","1","statue","positionright","validityinvalid","test","1","neutral","singlestim","123","144000","101090","â€šÃ³Ã¨","67","dotpositionleft","singlestim","124","144541","1010100","left","correct","1","","1","trialend","singlestim","125","145555","1010110"
"5674","Subject32","patheticpathetic","1","pathetic","positionleft","validityvalid","test","1","negative","singlestim","127","147563","1010130","â€šÃ³Ã¨","67","dotpositionleft","singlestim","128","148059","1010140","left","correct","1","","1","trialend","singlestim","129","149072","1010150"
"5971","Subject32","vomitvomit","1","vomit","positionleft","validityvalid","test","1","negative","singlestim","131","151082","1010170","â€šÃ³Ã¨","67","dotpositionleft","singlestim","132","151788","1010180","left","correct","1","","1","trialend","singlestim","133","152804","1010190"
"6268","Subject32","suffocationsuffocation","1","suffocation","positionleft","validityinvalid","test","1","suicide","singlestim","135","154812","1010210","â€šÃ³Ã¨","77","dotpositionright","singlestim","136","155199","1010220","right","correct","1","","1","trialend","singlestim","137","156216","1010230"
"6565","Subject32","paradiseparadise","1","paradise","positionleft","validityvalid","test","1","positive","singlestim","139","158254","1010250","â€šÃ³Ã¨","67","dotpositionleft","singlestim","140","158726","1010260","left","correct","1","","1","trialend","singlestim","141","159743","1010270"
"6862","Subject32","hatehate","1","hate","positionright","validityinvalid","test","1","negative","singlestim","143","161756","1010290","â€šÃ³Ã¨","67","dotpositionleft","singlestim","144","162258","1010300","left","correct","1","","1","trialend","singlestim","145","163276","1010310"
"7159","Subject32","cryingcrying","1","crying","positionright","validityvalid","test","1","negative","singlestim","147","165294","1010330","â€šÃ³Ã¨","77","dotpositionright","singlestim","148","165855","1010340","right","correct","1","","1","trialend","singlestim","149","166877","1010350"
"7456","Subject32","greatgreat","1","great","positionright","validityvalid","test","1","positive","singlestim","151","168899","1010370","â€šÃ³Ã¨","77","dotpositionright","singlestim","152","169441","1010380","right","correct","1","","1","trialend","singlestim","153","170461","1010390"
"7753","Subject32","funeralfuneral","1","funeral","positionright","validityvalid","test","1","suicide","singlestim","155","172491","1010410","â€šÃ³Ã¨","77","dotpositionright","singlestim","156","173162","1010420","right","correct","1","","1","trialend","singlestim","157","174186","1010430"
"8050","Subject32","gunshotgunshot","1","gunshot","positionright","validityvalid","test","1","suicide","singlestim","159","176206","1010450","â€šÃ³Ã¨","77","dotpositionright","singlestim","160","176631","1010460","right","correct","1","","1","trialend","singlestim","161","177649","1010470"
"8347","Subject32","imageimage","1","image","positionleft","validityvalid","test","1","neutral","singlestim","163","179669","1010490","â€šÃ³Ã¨","67","dotpositionleft","singlestim","164","180140","1010500","left","correct","1","","1","trialend","singlestim","165","181154","1010510"
"8644","Subject32","healthyhealthy","1","healthy","positionleft","validityinvalid","test","1","positive","singlestim","167","183166","1010530","â€šÃ³Ã¨","77","dotpositionright","singlestim","168","183631","1010540","right","correct","1","","1","trialend","singlestim","169","184649","1010550"
"8941","Subject32","attractionattraction","1","attraction","positionright","validityvalid","test","1","positive","singlestim","171","186687","1010570","â€šÃ³Ã¨","77","dotpositionright","singlestim","172","187080","1010580","right","correct","1","","1","trialend","singlestim","173","188126","1010590"
"9238","Subject32","bloodblood","1","blood","positionleft","validityvalid","test","1","suicide","singlestim","175","190156","1010610","â€šÃ³Ã¨","67","dotpositionleft","singlestim","176","190569","1010620","left","correct","1","","1","trialend","singlestim","177","191606","1010630"
"9535","Subject32","museummuseum","1","museum","positionleft","validityvalid","test","3","neutral","singlestim","179","193633","102010","â€šÃ³Ã¨","67","dotpositionleft","singlestim","180","194196","102020","left","correct","1","","1","trialend","singlestim","181","195242","102030"
"9832","Subject32","happyhappy","1","happy","positionright","validityvalid","test","3","positive","singlestim","183","197317","102050","â€šÃ³Ã¨","77","dotpositionright","singlestim","184","197775","102060","right","correct","1","","1","trialend","singlestim","185","198802","102070"
"10129","Subject32","smilesmile","1","smile","positionleft","validityvalid","test","3","positive","singlestim","187","200818","102090","â€šÃ³Ã¨","67","dotpositionleft","singlestim","188","201189","1020100","left","correct","1","","1","trialend","singlestim","189","202205","1020110"
"10426","Subject32","diedie","1","die","positionright","validityvalid","test","3","suicide","singlestim","191","204212","1020130","â€šÃ³Ã¨","77","dotpositionright","singlestim","192","204564","1020140","right","correct","1","","1","trialend","singlestim","193","205578","1020150"
"10723","Subject32","assaultassault","1","assault","positionleft","validityinvalid","test","3","negative","singlestim","195","207587","1020170","â€šÃ³Ã¨","67","dotpositionright","singlestim","196","207877","1020180","left","incorrect","1","","1","trialend","singlestim","197","208895","1020190"
"11020","Subject32","deaddead","1","dead","positionleft","validityinvalid","test","3","suicide","singlestim","199","210904","1020210","â€šÃ³Ã¨","77","dotpositionright","singlestim","200","211332","1020220","right","correct","1","","1","trialend","singlestim","201","212350","1020230"
"11317","Subject32","metermeter","1","meter","positionleft","validityvalid","test","3","neutral","singlestim","203","214358","1020250","â€šÃ³Ã¨","67","dotpositionleft","singlestim","204","214848","1020260","left","correct","1","","1","trialend","singlestim","205","215861","1020270"
"11614","Subject32","closetcloset","1","closet","positionright","validityinvalid","test","3","neutral","singlestim","207","217875","1020290","â€šÃ³Ã¨","67","dotpositionleft","singlestim","208","218344","1020300","left","correct","1","","1","trialend","singlestim","209","219360","1020310"
"11911","Subject32","strongstrong","1","strong","positionleft","validityvalid","test","3","positive","singlestim","211","221368","1020330","â€šÃ³Ã¨","67","dotpositionleft","singlestim","212","221882","1020340","left","correct","1","","1","trialend","singlestim","213","222895","1020350"
"12208","Subject32","touretoure","1","toure","positionleft","validityvalid","test","3","negative","singlestim","215","224909","1020370","â€šÃ³Ã¨","67","dotpositionleft","singlestim","216","225369","1020380","left","correct","1","","1","trialend","singlestim","217","226404","1020390"
"12505","Subject32","cuttingcutting","1","cutting","positionright","validityvalid","test","3","suicide","singlestim","219","228415","1020410","â€šÃ³Ã¨","77","dotpositionright","singlestim","220","229002","1020420","right","correct","1","","1","trialend","singlestim","221","230016","1020430"
"12802","Subject32","kisskiss","1","kiss","positionright","validityinvalid","test","3","positive","singlestim","223","232024","1020450","â€šÃ³Ã¨","67","dotpositionleft","singlestim","224","232478","1020460","left","correct","1","","1","trialend","singlestim","225","233492","1020470"
"13099","Subject32","rejectedrejected","1","rejected","positionright","validityvalid","test","3","negative","singlestim","227","235500","1020490","â€šÃ³Ã¨","77","dotpositionright","singlestim","228","235964","1020500","right","correct","1","","1","trialend","singlestim","229","237028","1020510"
"13396","Subject32","greengreen","1","green","positionright","validityvalid","test","3","neutral","singlestim","231","239035","1020530","â€šÃ³Ã¨","77","dotpositionright","singlestim","232","239484","1020540","right","correct","1","","1","trialend","singlestim","233","240498","1020550"
"13693","Subject32","dyingdying","1","dying","positionleft","validityvalid","test","3","suicide","singlestim","235","242506","1020570","â€šÃ³Ã¨","67","dotpositionleft","singlestim","236","242887","1020580","left","correct","1","","1","trialend","singlestim","237","243901","1020590"
"13990","Subject32","bombbomb","1","bomb","positionright","validityvalid","test","3","negative","singlestim","239","245912","1020610","â€šÃ³Ã¨","77","dotpositionright","singlestim","240","246386","1020620","right","correct","1","","1","trialend","singlestim","241","247399","1020630"
"14287","Subject32","laughlaugh","1","laugh","positionright","validityvalid","test","4","positive","singlestim","243","249421","103010","â€šÃ³Ã¨","77","dotpositionright","singlestim","244","249819","103020","right","correct","1","","1","trialend","singlestim","245","250839","103030"
"14584","Subject32","suicidesuicide","77","suicide","positionright","validityinvalid","test","4","suicide","singlestim","247","252848","103050","â€šÃ³Ã¨","67","dotpositionleft","singlestim","248","253700","103060","left","correct","1","","1","trialend","singlestim","249","254716","103070"
"14881","Subject32","structurestructure","1","structure","positionright","validityvalid","test","4","neutral","singlestim","251","256725","103090","â€šÃ³Ã¨","77","dotpositionright","singlestim","252","257190","1030100","right","correct","1","","1","trialend","singlestim","253","258207","1030110"
"15178","Subject32","passionatepassionate","1","passionate","positionleft","validityinvalid","test","4","positive","singlestim","255","260213","1030130","â€šÃ³Ã¨","77","dotpositionright","singlestim","256","260757","1030140","right","correct","1","","1","trialend","singlestim","257","261773","1030150"
"15475","Subject32","deceaseddeceased","1","deceased","positionright","validityvalid","test","4","suicide","singlestim","259","263782","1030170","â€šÃ³Ã¨","77","dotpositionright","singlestim","260","264386","1030180","right","correct","1","","1","trialend","singlestim","261","265401","1030190"
"15772","Subject32","hanginghanging","1","hanging","positionleft","validityvalid","test","4","suicide","singlestim","263","267409","1030210","â€šÃ³Ã¨","67","dotpositionleft","singlestim","264","267817","1030220","left","correct","1","","1","trialend","singlestim","265","268834","1030230"
"16069","Subject32","engineengine","1","engine","positionleft","validityvalid","test","4","neutral","singlestim","267","270844","1030250","â€šÃ³Ã¨","67","dotpositionleft","singlestim","268","271496","1030260","left","correct","1","","1","trialend","singlestim","269","272511","1030270"
"16366","Subject32","successsuccess","1","success","positionleft","validityvalid","test","4","positive","singlestim","271","274518","1030290","â€šÃ³Ã¨","67","dotpositionleft","singlestim","272","274882","1030300","left","correct","1","","1","trialend","singlestim","273","275894","1030310"
"16663","Subject32","killingkilling","1","killing","positionleft","validityvalid","test","4","suicide","singlestim","275","277902","1030330","â€šÃ³Ã¨","67","dotpositionleft","singlestim","276","278357","1030340","left","correct","1","","1","trialend","singlestim","277","279371","1030350"
"16960","Subject32","doubledouble","1","double","positionright","validityvalid","test","4","neutral","singlestim","279","281379","1030370","â€šÃ³Ã¨","77","dotpositionright","singlestim","280","281957","1030380","right","correct","1","","1","trialend","singlestim","281","282975","1030390"
"17257","Subject32","ecstaticecstatic","1","ecstatic","positionright","validityvalid","test","4","positive","singlestim","283","284995","1030410","â€šÃ³Ã¨","77","dotpositionright","singlestim","284","285429","1030420","right","correct","1","","1","trialend","singlestim","285","286444","1030430"
"17554","Subject32","ashamedashamed","1","ashamed","positionright","validityinvalid","test","4","negative","singlestim","287","288453","1030450","â€šÃ³Ã¨","67","dotpositionleft","singlestim","288","289086","1030460","left","correct","1","","1","trialend","singlestim","289","290102","1030470"
"17851","Subject32","frameframe","1","frame","positionleft","validityinvalid","test","4","neutral","singlestim","291","292110","1030490","â€šÃ³Ã¨","77","dotpositionright","singlestim","292","292755","1030500","right","correct","1","","1","trialend","singlestim","293","293769","1030510"
"18148","Subject32","wohlesswohless","1","wohless","positionright","validityvalid","test","4","negative","singlestim","295","295781","1030530","â€šÃ³Ã¨","77","dotpositionright","singlestim","296","296431","1030540","right","correct","1","","1","trialend","singlestim","297","297454","1030550"
"18445","Subject32","alonealone","1","alone","positionleft","validityvalid","test","4","negative","singlestim","299","299465","1030570","â€šÃ³Ã¨","67","dotpositionleft","singlestim","300","299918","1030580","left","correct","1","","1","trialend","singlestim","301","300932","1030590"
"18742","Subject32","stupidstupid","67","stupid","positionleft","validityvalid","test","4","negative","singlestim","303","302952","1030610","â€šÃ³Ã¨","67","dotpositionleft","singlestim","304","303391","1030620","left","correct","1","","1","trialend","singlestim","305","304407","1030630"
