"","SubjectID","rt","stimulus","keypress","word","wordposition","validity","block","blocknum","wordtype","trialtype","trialindex","timeelapsed","rt.1","stimulus.1","keypress.1","dotposition","trialtype.1","trialindex.1","timeelapsed.1","keypressed","participantresponse","correctresponse","rt.2","stimulus.2","keypress.2","blocktrial","trialtype.2","trialindex.2","timeelapsed.2"
"151","Subject158","1","smilesmile","1","smile","positionleft","validityvalid","test","3","positive","singlestim","51","62518","645","â€šÃ³Ã¨","67","dotpositionleft","singlestim","52","63216","c","left","correct","1","","1","trialend","singlestim","53","64229"
"448","Subject158","1","metermeter","1","meter","positionleft","validityvalid","test","3","neutral","singlestim","55","66234","613","â€šÃ³Ã¨","67","dotpositionleft","singlestim","56","66898","c","left","correct","1","","1","trialend","singlestim","57","67911"
"745","Subject158","1","strongstrong","1","strong","positionleft","validityvalid","test","3","positive","singlestim","59","69916","467","â€šÃ³Ã¨","67","dotpositionleft","singlestim","60","70436","c","left","correct","1","","1","trialend","singlestim","61","71448"
"1042","Subject158","1","dyingdying","1","dying","positionleft","validityvalid","test","3","suicide","singlestim","63","73453","427","â€šÃ³Ã¨","67","dotpositionleft","singlestim","64","73933","c","left","correct","1","","1","trialend","singlestim","65","74946"
"1339","Subject158","1","bombbomb","1","bomb","positionright","validityvalid","test","3","negative","singlestim","67","76950","383","â€šÃ³Ã¨","77","dotpositionright","singlestim","68","77385","m","right","correct","1","","1","trialend","singlestim","69","78397"
"1636","Subject158","1","greengreen","1","green","positionright","validityvalid","test","3","neutral","singlestim","71","80403","348","â€šÃ³Ã¨","77","dotpositionright","singlestim","72","80802","m","right","correct","1","","1","trialend","singlestim","73","81815"
"1933","Subject158","1","kisskiss","1","kiss","positionright","validityinvalid","test","3","positive","singlestim","75","83821","643","â€šÃ³Ã¨","67","dotpositionleft","singlestim","76","84517","c","left","correct","1","","1","trialend","singlestim","77","85530"
"2230","Subject158","1","happyhappy","1","happy","positionright","validityvalid","test","3","positive","singlestim","79","87535","358","â€šÃ³Ã¨","77","dotpositionright","singlestim","80","87946","m","right","correct","1","","1","trialend","singlestim","81","88958"
"2527","Subject158","1","diedie","1","die","positionright","validityvalid","test","3","suicide","singlestim","83","90963","477","â€šÃ³Ã¨","77","dotpositionright","singlestim","84","91493","m","right","correct","1","","1","trialend","singlestim","85","92505"
"2824","Subject158","1","assaultassault","1","assault","positionleft","validityinvalid","test","3","negative","singlestim","87","94510","529","â€šÃ³Ã¨","77","dotpositionright","singlestim","88","95091","m","right","correct","1","","1","trialend","singlestim","89","96104"
"3121","Subject158","1","cuttingcutting","1","cutting","positionright","validityvalid","test","3","suicide","singlestim","91","98109","435","â€šÃ³Ã¨","77","dotpositionright","singlestim","92","98595","m","right","correct","1","","1","trialend","singlestim","93","99608"
"3418","Subject158","1","closetcloset","1","closet","positionright","validityinvalid","test","3","neutral","singlestim","95","101613","380","â€šÃ³Ã¨","67","dotpositionleft","singlestim","96","102045","c","left","correct","1","","1","trialend","singlestim","97","103058"
"3715","Subject158","1","deaddead","1","dead","positionleft","validityinvalid","test","3","suicide","singlestim","99","105063","445","â€šÃ³Ã¨","77","dotpositionright","singlestim","100","105560","m","right","correct","1","","1","trialend","singlestim","101","106575"
"4012","Subject158","1","museummuseum","1","museum","positionleft","validityvalid","test","3","neutral","singlestim","103","108580","553","â€šÃ³Ã¨","67","dotpositionleft","singlestim","104","109185","c","left","correct","1","","1","trialend","singlestim","105","110199"
"4309","Subject158","1","touretoure","1","toure","positionleft","validityvalid","test","3","negative","singlestim","107","112204","369","â€šÃ³Ã¨","67","dotpositionleft","singlestim","108","112625","c","left","correct","1","","1","trialend","singlestim","109","113638"
"4606","Subject158","1","rejectedrejected","1","rejected","positionright","validityvalid","test","3","negative","singlestim","111","115642","365","â€šÃ³Ã¨","77","dotpositionright","singlestim","112","116060","m","right","correct","1","","1","trialend","singlestim","113","117075"
"4903","Subject158","1","paperpaper","1","paper","positionleft","validityvalid","test","2","neutral","singlestim","115","119083","366","â€šÃ³Ã¨","67","dotpositionleft","singlestim","116","119500","c","left","correct","1","","1","trialend","singlestim","117","120513"
"5200","Subject158","1","noosenoose","1","noose","positionleft","validityvalid","test","2","suicide","singlestim","119","122518","326","â€šÃ³Ã¨","67","dotpositionleft","singlestim","120","122897","c","left","correct","1","","1","trialend","singlestim","121","123911"
"5497","Subject158","1","deathdeath","1","death","positionright","validityvalid","test","2","suicide","singlestim","123","125915","301","â€šÃ³Ã¨","77","dotpositionright","singlestim","124","126269","m","right","correct","1","","1","trialend","singlestim","125","127281"
"5794","Subject158","1","abuseabuse","1","abuse","positionright","validityvalid","test","2","negative","singlestim","127","129286","349","â€šÃ³Ã¨","77","dotpositionright","singlestim","128","129688","m","right","correct","1","","1","trialend","singlestim","129","130701"
"6091","Subject158","1","enthusiasmenthusiasm","1","enthusiasm","positionright","validityvalid","test","2","positive","singlestim","131","132707","837","â€šÃ³Ã¨","77","dotpositionright","singlestim","132","133595","m","right","correct","1","","1","trialend","singlestim","133","134608"
"6388","Subject158","1","pleasurepleasure","1","pleasure","positionleft","validityvalid","test","2","positive","singlestim","135","136612","825","â€šÃ³Ã¨","67","dotpositionleft","singlestim","136","137489","c","left","correct","1","","1","trialend","singlestim","137","138503"
"6685","Subject158","1","braverybravery","1","bravery","positionleft","validityvalid","test","2","positive","singlestim","139","140507","707","â€šÃ³Ã¨","67","dotpositionleft","singlestim","140","141267","c","left","correct","1","","1","trialend","singlestim","141","142279"
"6982","Subject158","1","tabletable","1","table","positionright","validityvalid","test","2","neutral","singlestim","143","144285","870","â€šÃ³Ã¨","77","dotpositionright","singlestim","144","145206","m","right","correct","1","","1","trialend","singlestim","145","146221"
"7279","Subject158","1","cruelcruel","1","cruel","positionright","validityvalid","test","2","negative","singlestim","147","148226","395","â€šÃ³Ã¨","77","dotpositionright","singlestim","148","148675","m","right","correct","1","","1","trialend","singlestim","149","149688"
"7576","Subject158","1","lovelove","1","love","positionright","validityinvalid","test","2","positive","singlestim","151","151694","352","â€šÃ³Ã¨","67","dotpositionleft","singlestim","152","152098","c","left","correct","1","","1","trialend","singlestim","153","153111"
"7873","Subject158","1","horsehorse","1","horse","positionleft","validityinvalid","test","2","neutral","singlestim","155","155114","410","â€šÃ³Ã¨","77","dotpositionright","singlestim","156","155577","m","right","correct","1","","1","trialend","singlestim","157","156590"
"8170","Subject158","1","filthyfilthy","1","filthy","positionleft","validityinvalid","test","2","negative","singlestim","159","158595","521","â€šÃ³Ã¨","77","dotpositionright","singlestim","160","159169","m","right","correct","1","","1","trialend","singlestim","161","160180"
"8467","Subject158","1","failurefailure","1","failure","positionleft","validityvalid","test","2","negative","singlestim","163","162184","525","â€šÃ³Ã¨","67","dotpositionleft","singlestim","164","162762","c","left","correct","1","","1","trialend","singlestim","165","163774"
"8764","Subject158","1","corpsecorpse","1","corpse","positionleft","validityvalid","test","2","suicide","singlestim","167","165778","380","â€šÃ³Ã¨","67","dotpositionleft","singlestim","168","166211","c","left","correct","1","","1","trialend","singlestim","169","167224"
"9061","Subject158","1","foamfoam","1","foam","positionright","validityvalid","test","2","neutral","singlestim","171","169229","412","â€šÃ³Ã¨","77","dotpositionright","singlestim","172","169693","m","right","correct","1","","1","trialend","singlestim","173","170707"
"9358","Subject158","1","overdoseoverdose","1","overdose","positionright","validityinvalid","test","2","suicide","singlestim","175","172710","541","â€šÃ³Ã¨","67","dotpositionleft","singlestim","176","173304","c","left","correct","1","","1","trialend","singlestim","177","174317"
"9655","Subject158","1","suicidesuicide","1","suicide","positionright","validityinvalid","test","4","suicide","singlestim","179","176321","483","â€šÃ³Ã¨","67","dotpositionleft","singlestim","180","176856","c","left","correct","1","","1","trialend","singlestim","181","177870"
"9952","Subject158","1","wohlesswohless","1","wohless","positionright","validityvalid","test","4","negative","singlestim","183","179874","410","â€šÃ³Ã¨","77","dotpositionright","singlestim","184","180337","m","right","correct","1","","1","trialend","singlestim","185","181349"
"10249","Subject158","1","ecstaticecstatic","1","ecstatic","positionright","validityvalid","test","4","positive","singlestim","187","183354","410","â€šÃ³Ã¨","77","dotpositionright","singlestim","188","183816","m","right","correct","1","","1","trialend","singlestim","189","184830"
"10546","Subject158","1","deceaseddeceased","1","deceased","positionright","validityvalid","test","4","suicide","singlestim","191","186834","375","â€šÃ³Ã¨","77","dotpositionright","singlestim","192","187263","m","right","correct","1","","1","trialend","singlestim","193","188276"
"10843","Subject158","1","laughlaugh","1","laugh","positionright","validityvalid","test","4","positive","singlestim","195","190280","414","â€šÃ³Ã¨","77","dotpositionright","singlestim","196","190746","m","right","correct","1","","1","trialend","singlestim","197","191760"
"11140","Subject158","385","stupidstupid","67","stupid","positionleft","validityvalid","test","4","negative","singlestim","199","193765","619","â€šÃ³Ã¨","67","dotpositionleft","singlestim","200","194435","c","left","correct","1","","1","trialend","singlestim","201","195448"
"11437","Subject158","1","ashamedashamed","1","ashamed","positionright","validityinvalid","test","4","negative","singlestim","203","197453","503","â€šÃ³Ã¨","67","dotpositionleft","singlestim","204","198008","c","left","correct","1","","1","trialend","singlestim","205","199021"
"11734","Subject158","1","engineengine","1","engine","positionleft","validityvalid","test","4","neutral","singlestim","207","201026","382","â€šÃ³Ã¨","67","dotpositionleft","singlestim","208","201459","c","left","correct","1","","1","trialend","singlestim","209","202472"
"12031","Subject158","1","hanginghanging","1","hanging","positionleft","validityvalid","test","4","suicide","singlestim","211","204477","959","â€šÃ³Ã¨","67","dotpositionleft","singlestim","212","205488","c","left","correct","1","","1","trialend","singlestim","213","206500"
"12328","Subject158","1","structurestructure","1","structure","positionright","validityvalid","test","4","neutral","singlestim","215","208507","541","â€šÃ³Ã¨","77","dotpositionright","singlestim","216","209101","m","right","correct","1","","1","trialend","singlestim","217","210115"
"12625","Subject158","1","successsuccess","1","success","positionleft","validityvalid","test","4","positive","singlestim","219","212121","468","â€šÃ³Ã¨","67","dotpositionleft","singlestim","220","212640","c","left","correct","1","","1","trialend","singlestim","221","213653"
"12922","Subject158","1","doubledouble","1","double","positionright","validityvalid","test","4","neutral","singlestim","223","215656","458","â€šÃ³Ã¨","77","dotpositionright","singlestim","224","216166","m","right","correct","1","","1","trialend","singlestim","225","217179"
"13219","Subject158","1","frameframe","1","frame","positionleft","validityinvalid","test","4","neutral","singlestim","227","219185","500","â€šÃ³Ã¨","77","dotpositionright","singlestim","228","219737","m","right","correct","1","","1","trialend","singlestim","229","220750"
"13516","Subject158","1","passionatepassionate","1","passionate","positionleft","validityinvalid","test","4","positive","singlestim","231","222755","441","â€šÃ³Ã¨","77","dotpositionright","singlestim","232","223247","m","right","correct","1","","1","trialend","singlestim","233","224261"
"13813","Subject158","1","killingkilling","1","killing","positionleft","validityvalid","test","4","suicide","singlestim","235","226265","447","â€šÃ³Ã¨","67","dotpositionleft","singlestim","236","226765","c","left","correct","1","","1","trialend","singlestim","237","227778"
"14110","Subject158","1","alonealone","1","alone","positionleft","validityvalid","test","4","negative","singlestim","239","229783","475","â€šÃ³Ã¨","67","dotpositionleft","singlestim","240","230309","c","left","correct","1","","1","trialend","singlestim","241","231323"
"14407","Subject158","1","gunshotgunshot","1","gunshot","positionright","validityvalid","test","1","suicide","singlestim","243","233331","547","â€šÃ³Ã¨","77","dotpositionright","singlestim","244","233930","m","right","correct","1","","1","trialend","singlestim","245","234944"
"14704","Subject158","1","statuestatue","1","statue","positionright","validityinvalid","test","1","neutral","singlestim","247","236948","1550","â€šÃ³Ã¨","67","dotpositionleft","singlestim","248","238550","c","left","correct","1","","1","trialend","singlestim","249","239564"
"15001","Subject158","1","paradiseparadise","1","paradise","positionleft","validityvalid","test","1","positive","singlestim","251","241568","1287","â€šÃ³Ã¨","67","dotpositionleft","singlestim","252","242908","c","left","correct","1","","1","trialend","singlestim","253","243922"
"15298","Subject158","1","vomitvomit","1","vomit","positionleft","validityvalid","test","1","negative","singlestim","255","245928","1076","â€šÃ³Ã¨","67","dotpositionleft","singlestim","256","247056","c","left","correct","1","","1","trialend","singlestim","257","248069"
"15595","Subject158","1","suffocationsuffocation","1","suffocation","positionleft","validityinvalid","test","1","suicide","singlestim","259","250075","842","â€šÃ³Ã¨","77","dotpositionright","singlestim","260","250968","m","right","correct","1","","1","trialend","singlestim","261","251982"
"15892","Subject158","1","hatehate","1","hate","positionright","validityinvalid","test","1","negative","singlestim","263","253985","1455","â€šÃ³Ã¨","67","dotpositionleft","singlestim","264","255493","c","left","correct","1","","1","trialend","singlestim","265","256506"
"16189","Subject158","1","cheesecheese","1","cheese","positionright","validityvalid","test","1","neutral","singlestim","267","258511","1495","â€šÃ³Ã¨","77","dotpositionright","singlestim","268","260057","m","right","correct","1","","1","trialend","singlestim","269","261079"
"16486","Subject158","1","bloodblood","1","blood","positionleft","validityvalid","test","1","suicide","singlestim","271","263085","1290","â€šÃ³Ã¨","67","dotpositionleft","singlestim","272","264427","c","left","correct","1","","1","trialend","singlestim","273","265441"
"16783","Subject158","1","funeralfuneral","1","funeral","positionright","validityvalid","test","1","suicide","singlestim","275","267446","1596","â€šÃ³Ã¨","77","dotpositionright","singlestim","276","269094","m","right","correct","1","","1","trialend","singlestim","277","270107"
"17080","Subject158","1","greatgreat","1","great","positionright","validityvalid","test","1","positive","singlestim","279","272113","1387","â€šÃ³Ã¨","77","dotpositionright","singlestim","280","273551","m","right","correct","1","","1","trialend","singlestim","281","274564"
"17377","Subject158","1","attractionattraction","1","attraction","positionright","validityvalid","test","1","positive","singlestim","283","276569","1307","â€šÃ³Ã¨","77","dotpositionright","singlestim","284","277928","m","right","correct","1","","1","trialend","singlestim","285","278942"
"17674","Subject158","1","healthyhealthy","1","healthy","positionleft","validityinvalid","test","1","positive","singlestim","287","280947","807","â€šÃ³Ã¨","77","dotpositionright","singlestim","288","281808","m","right","correct","1","","1","trialend","singlestim","289","282822"
"17971","Subject158","1","foldedfolded","1","folded","positionleft","validityvalid","test","1","neutral","singlestim","291","284826","1102","â€šÃ³Ã¨","67","dotpositionleft","singlestim","292","285980","c","left","correct","1","","1","trialend","singlestim","293","286994"
"18268","Subject158","1","cryingcrying","1","crying","positionright","validityvalid","test","1","negative","singlestim","295","288999","1300","â€šÃ³Ã¨","77","dotpositionright","singlestim","296","290352","m","right","correct","1","","1","trialend","singlestim","297","291366"
"18565","Subject158","1","patheticpathetic","1","pathetic","positionleft","validityvalid","test","1","negative","singlestim","299","293370","1020","â€šÃ³Ã¨","67","dotpositionleft","singlestim","300","294443","c","left","correct","1","","1","trialend","singlestim","301","295455"
"18862","Subject158","1","imageimage","1","image","positionleft","validityvalid","test","1","neutral","singlestim","303","297461","1145","â€šÃ³Ã¨","32","dotpositionleft","singlestim","304","298659","","incorrect","388","","67","trialend","singlestim","305","299672","1030630"
