"","SubjectID","rt","stimulus","keypress","word","wordposition","validity","block","blocknum","wordtype","trialtype","trialindex","timeelapsed","rt.1","stimulus.1","keypress.1","dotposition","trialtype.1","trialindex.1","timeelapsed.1","keypressed","participantresponse","correctresponse","rt.2","stimulus.2","keypress.2","blocktrial","trialtype.2","trialindex.2","timeelapsed.2"
"277","Subject311","1","ashamedashamed","1","ashamed","positionright","validityinvalid","test","4","negative","singlestim","51","82026","414","â€šÃ³Ã¨","67","dotpositionleft","singlestim","52","82494","c","left","correct","1","","1","trialend","singlestim","53","83506"
"574","Subject311","1","stupidstupid","1","stupid","positionleft","validityvalid","test","4","negative","singlestim","55","85510","420","â€šÃ³Ã¨","67","dotpositionleft","singlestim","56","85982","c","left","correct","1","","1","trialend","singlestim","57","86994"
"871","Subject311","1","ecstaticecstatic","1","ecstatic","positionright","validityvalid","test","4","positive","singlestim","59","89000","392","â€šÃ³Ã¨","77","dotpositionright","singlestim","60","89446","m","right","correct","1","","1","trialend","singlestim","61","90460"
"1168","Subject311","1","doubledouble","1","double","positionright","validityvalid","test","4","neutral","singlestim","63","92464","432","â€šÃ³Ã¨","77","dotpositionright","singlestim","64","92948","m","right","correct","1","","1","trialend","singlestim","65","93960"
"1465","Subject311","1","frameframe","1","frame","positionleft","validityinvalid","test","4","neutral","singlestim","67","95966","380","â€šÃ³Ã¨","77","dotpositionright","singlestim","68","96396","m","right","correct","1","","1","trialend","singlestim","69","97410"
"1762","Subject311","1","successsuccess","1","success","positionleft","validityvalid","test","4","positive","singlestim","71","99414","482","â€šÃ³Ã¨","67","dotpositionleft","singlestim","72","99950","c","left","correct","1","","1","trialend","singlestim","73","100962"
"2059","Subject311","1","deceaseddeceased","1","deceased","positionright","validityvalid","test","4","suicide","singlestim","75","102964","356","â€šÃ³Ã¨","77","dotpositionright","singlestim","76","103372","m","right","correct","1","","1","trialend","singlestim","77","104384"
"2356","Subject311","1","hanginghanging","1","hanging","positionleft","validityvalid","test","4","suicide","singlestim","79","106388","404","â€šÃ³Ã¨","67","dotpositionleft","singlestim","80","106844","c","left","correct","1","","1","trialend","singlestim","81","107856"
"2653","Subject311","1","engineengine","1","engine","positionleft","validityvalid","test","4","neutral","singlestim","83","109860","418","â€šÃ³Ã¨","67","dotpositionleft","singlestim","84","110332","c","left","correct","1","","1","trialend","singlestim","85","111344"
"2950","Subject311","1","suicidesuicide","1","suicide","positionright","validityinvalid","test","4","suicide","singlestim","87","113350","444","â€šÃ³Ã¨","67","dotpositionleft","singlestim","88","113844","c","left","correct","1","","1","trialend","singlestim","89","114856"
"3247","Subject311","1","killingkilling","1","killing","positionleft","validityvalid","test","4","suicide","singlestim","91","116860","508","â€šÃ³Ã¨","67","dotpositionleft","singlestim","92","117420","c","left","correct","1","","1","trialend","singlestim","93","118432"
"3544","Subject311","1","laughlaugh","1","laugh","positionright","validityvalid","test","4","positive","singlestim","95","120436","370","â€šÃ³Ã¨","77","dotpositionright","singlestim","96","120858","m","right","correct","1","","1","trialend","singlestim","97","121870"
"3841","Subject311","1","wohlesswohless","1","wohless","positionright","validityvalid","test","4","negative","singlestim","99","123874","422","â€šÃ³Ã¨","77","dotpositionright","singlestim","100","124348","m","right","correct","1","","1","trialend","singlestim","101","125360"
"4138","Subject311","1","structurestructure","1","structure","positionright","validityvalid","test","4","neutral","singlestim","103","127366","392","â€šÃ³Ã¨","77","dotpositionright","singlestim","104","127810","m","right","correct","1","","1","trialend","singlestim","105","128824"
"4435","Subject311","1","passionatepassionate","1","passionate","positionleft","validityinvalid","test","4","positive","singlestim","107","130828","364","â€šÃ³Ã¨","77","dotpositionright","singlestim","108","131244","m","right","correct","1","","1","trialend","singlestim","109","132256"
"4732","Subject311","1","alonealone","1","alone","positionleft","validityvalid","test","4","negative","singlestim","111","134260","394","â€šÃ³Ã¨","67","dotpositionleft","singlestim","112","134706","c","left","correct","1","","1","trialend","singlestim","113","135718"
"5029","Subject311","1","metermeter","1","meter","positionleft","validityvalid","test","3","neutral","singlestim","115","137722","420","â€šÃ³Ã¨","67","dotpositionleft","singlestim","116","138194","c","left","correct","1","","1","trialend","singlestim","117","139206"
"5326","Subject311","1","kisskiss","1","kiss","positionright","validityinvalid","test","3","positive","singlestim","119","141208","486","â€šÃ³Ã¨","67","dotpositionleft","singlestim","120","141746","c","left","correct","1","","1","trialend","singlestim","121","142758"
"5623","Subject311","1","strongstrong","1","strong","positionleft","validityvalid","test","3","positive","singlestim","123","144764","396","â€šÃ³Ã¨","67","dotpositionleft","singlestim","124","145210","c","left","correct","1","","1","trialend","singlestim","125","146224"
"5920","Subject311","1","bombbomb","1","bomb","positionright","validityvalid","test","3","negative","singlestim","127","148230","416","â€šÃ³Ã¨","77","dotpositionright","singlestim","128","148698","m","right","correct","1","","1","trialend","singlestim","129","149712"
"6217","Subject311","1","smilesmile","1","smile","positionleft","validityvalid","test","3","positive","singlestim","131","151716","448","â€šÃ³Ã¨","67","dotpositionleft","singlestim","132","152218","c","left","correct","1","","1","trialend","singlestim","133","153230"
"6514","Subject311","1","happyhappy","1","happy","positionright","validityvalid","test","3","positive","singlestim","135","155234","386","â€šÃ³Ã¨","77","dotpositionright","singlestim","136","155674","m","right","correct","1","","1","trialend","singlestim","137","156686"
"6811","Subject311","1","greengreen","1","green","positionright","validityvalid","test","3","neutral","singlestim","139","158690","404","â€šÃ³Ã¨","77","dotpositionright","singlestim","140","159144","m","right","correct","1","","1","trialend","singlestim","141","160156"
"7108","Subject311","1","assaultassault","1","assault","positionleft","validityinvalid","test","3","negative","singlestim","143","162162","484","â€šÃ³Ã¨","77","dotpositionright","singlestim","144","162698","m","right","correct","1","","1","trialend","singlestim","145","163710"
"7405","Subject311","1","museummuseum","1","museum","positionleft","validityvalid","test","3","neutral","singlestim","147","165712","452","â€šÃ³Ã¨","67","dotpositionleft","singlestim","148","166216","c","left","correct","1","","1","trialend","singlestim","149","167228"
"7702","Subject311","1","diedie","1","die","positionright","validityvalid","test","3","suicide","singlestim","151","169232","390","â€šÃ³Ã¨","77","dotpositionright","singlestim","152","169672","m","right","correct","1","","1","trialend","singlestim","153","170684"
"7999","Subject311","1","cuttingcutting","1","cutting","positionright","validityvalid","test","3","suicide","singlestim","155","172688","478","â€šÃ³Ã¨","77","dotpositionright","singlestim","156","173216","m","right","correct","1","","1","trialend","singlestim","157","174228"
"8296","Subject311","1","touretoure","1","toure","positionleft","validityvalid","test","3","negative","singlestim","159","176230","430","â€šÃ³Ã¨","67","dotpositionleft","singlestim","160","176712","c","left","correct","1","","1","trialend","singlestim","161","177724"
"8593","Subject311","1","closetcloset","1","closet","positionright","validityinvalid","test","3","neutral","singlestim","163","179728","476","â€šÃ³Ã¨","67","dotpositionleft","singlestim","164","180256","c","left","correct","1","","1","trialend","singlestim","165","181268"
"8890","Subject311","1","dyingdying","1","dying","positionleft","validityvalid","test","3","suicide","singlestim","167","183280","444","â€šÃ³Ã¨","67","dotpositionleft","singlestim","168","183776","c","left","correct","1","","1","trialend","singlestim","169","184790"
"9187","Subject311","1","rejectedrejected","1","rejected","positionright","validityvalid","test","3","negative","singlestim","171","186794","360","â€šÃ³Ã¨","77","dotpositionright","singlestim","172","187208","m","right","correct","1","","1","trialend","singlestim","173","188220"
"9484","Subject311","1","deaddead","1","dead","positionleft","validityinvalid","test","3","suicide","singlestim","175","190224","420","â€šÃ³Ã¨","77","dotpositionright","singlestim","176","190696","m","right","correct","1","","1","trialend","singlestim","177","191706"
"9781","Subject311","1","braverybravery","1","bravery","positionleft","validityvalid","test","2","positive","singlestim","179","193710","444","â€šÃ³Ã¨","67","dotpositionleft","singlestim","180","194206","c","left","correct","1","","1","trialend","singlestim","181","195218"
"10078","Subject311","1","pleasurepleasure","1","pleasure","positionleft","validityvalid","test","2","positive","singlestim","183","197224","476","â€šÃ³Ã¨","67","dotpositionleft","singlestim","184","197750","c","left","correct","1","","1","trialend","singlestim","185","198762"
"10375","Subject311","1","corpsecorpse","1","corpse","positionleft","validityvalid","test","2","suicide","singlestim","187","200766","478","â€šÃ³Ã¨","67","dotpositionleft","singlestim","188","201294","c","left","correct","1","","1","trialend","singlestim","189","202306"
"10672","Subject311","1","failurefailure","1","failure","positionleft","validityvalid","test","2","negative","singlestim","191","204310","428","â€šÃ³Ã¨","67","dotpositionleft","singlestim","192","204792","c","left","correct","1","","1","trialend","singlestim","193","205804"
"10969","Subject311","1","noosenoose","1","noose","positionleft","validityvalid","test","2","suicide","singlestim","195","207806","388","â€šÃ³Ã¨","67","dotpositionleft","singlestim","196","208246","c","left","correct","1","","1","trialend","singlestim","197","209258"
"11266","Subject311","1","foamfoam","1","foam","positionright","validityvalid","test","2","neutral","singlestim","199","211278","430","â€šÃ³Ã¨","77","dotpositionright","singlestim","200","211758","m","right","correct","1","","1","trialend","singlestim","201","212772"
"11563","Subject311","1","overdoseoverdose","1","overdose","positionright","validityinvalid","test","2","suicide","singlestim","203","214776","386","â€šÃ³Ã¨","67","dotpositionleft","singlestim","204","215214","c","left","correct","1","","1","trialend","singlestim","205","216226"
"11860","Subject311","1","abuseabuse","1","abuse","positionright","validityvalid","test","2","negative","singlestim","207","218240","448","â€šÃ³Ã¨","77","dotpositionright","singlestim","208","218742","m","right","correct","1","","1","trialend","singlestim","209","219756"
"12157","Subject311","1","horsehorse","1","horse","positionleft","validityinvalid","test","2","neutral","singlestim","211","221760","380","â€šÃ³Ã¨","77","dotpositionright","singlestim","212","222190","m","right","correct","1","","1","trialend","singlestim","213","223202"
"12454","Subject311","1","deathdeath","1","death","positionright","validityvalid","test","2","suicide","singlestim","215","225206","404","â€šÃ³Ã¨","77","dotpositionright","singlestim","216","225662","m","right","correct","1","","1","trialend","singlestim","217","226674"
"12751","Subject311","1","tabletable","1","table","positionright","validityvalid","test","2","neutral","singlestim","219","228676","348","â€šÃ³Ã¨","77","dotpositionright","singlestim","220","229076","m","right","correct","1","","1","trialend","singlestim","221","230088"
"13048","Subject311","1","enthusiasmenthusiasm","1","enthusiasm","positionright","validityvalid","test","2","positive","singlestim","223","232090","396","â€šÃ³Ã¨","77","dotpositionright","singlestim","224","232540","m","right","correct","1","","1","trialend","singlestim","225","233552"
"13345","Subject311","1","filthyfilthy","1","filthy","positionleft","validityinvalid","test","2","negative","singlestim","227","235554","334","â€šÃ³Ã¨","77","dotpositionright","singlestim","228","235940","m","right","correct","1","","1","trialend","singlestim","229","236952"
"13642","Subject311","1","paperpaper","1","paper","positionleft","validityvalid","test","2","neutral","singlestim","231","238956","348","â€šÃ³Ã¨","67","dotpositionleft","singlestim","232","239356","c","left","correct","1","","1","trialend","singlestim","233","240370"
"13939","Subject311","1","cruelcruel","1","cruel","positionright","validityvalid","test","2","negative","singlestim","235","242374","364","â€šÃ³Ã¨","77","dotpositionright","singlestim","236","242788","m","right","correct","1","","1","trialend","singlestim","237","243800"
"14236","Subject311","1","lovelove","1","love","positionright","validityinvalid","test","2","positive","singlestim","239","245802","406","â€šÃ³Ã¨","67","dotpositionleft","singlestim","240","246260","c","left","correct","1","","1","trialend","singlestim","241","247282"
"14533","Subject311","1","bloodblood","1","blood","positionleft","validityvalid","test","1","suicide","singlestim","243","249288","398","â€šÃ³Ã¨","67","dotpositionleft","singlestim","244","249740","c","left","correct","1","","1","trialend","singlestim","245","250752"
"14830","Subject311","1","patheticpathetic","1","pathetic","positionleft","validityvalid","test","1","negative","singlestim","247","252756","436","â€šÃ³Ã¨","67","dotpositionleft","singlestim","248","253244","c","left","correct","1","","1","trialend","singlestim","249","254256"
"15127","Subject311","1","gunshotgunshot","1","gunshot","positionright","validityvalid","test","1","suicide","singlestim","251","256258","366","â€šÃ³Ã¨","77","dotpositionright","singlestim","252","256676","m","right","correct","1","","1","trialend","singlestim","253","257688"
"15424","Subject311","1","cheesecheese","1","cheese","positionright","validityvalid","test","1","neutral","singlestim","255","259690","388","â€šÃ³Ã¨","77","dotpositionright","singlestim","256","260130","m","right","correct","1","","1","trialend","singlestim","257","261142"
"15721","Subject311","1","statuestatue","1","statue","positionright","validityinvalid","test","1","neutral","singlestim","259","263144","448","â€šÃ³Ã¨","67","dotpositionleft","singlestim","260","263644","c","left","correct","1","","1","trialend","singlestim","261","264656"
"16018","Subject311","1","cryingcrying","1","crying","positionright","validityvalid","test","1","negative","singlestim","263","266660","508","â€šÃ³Ã¨","77","dotpositionright","singlestim","264","267218","m","right","correct","1","","1","trialend","singlestim","265","268230"
"16315","Subject311","1","vomitvomit","1","vomit","positionleft","validityvalid","test","1","negative","singlestim","267","270234","374","â€šÃ³Ã¨","67","dotpositionleft","singlestim","268","270658","c","left","correct","1","","1","trialend","singlestim","269","271676"
"16612","Subject311","1","attractionattraction","1","attraction","positionright","validityvalid","test","1","positive","singlestim","271","273680","480","â€šÃ³Ã¨","77","dotpositionright","singlestim","272","274210","m","right","correct","1","","1","trialend","singlestim","273","275222"
"16909","Subject311","1","foldedfolded","1","folded","positionleft","validityvalid","test","1","neutral","singlestim","275","277226","382","â€šÃ³Ã¨","67","dotpositionleft","singlestim","276","277658","c","left","correct","1","","1","trialend","singlestim","277","278670"
"17206","Subject311","1","funeralfuneral","1","funeral","positionright","validityvalid","test","1","suicide","singlestim","279","280672","360","â€šÃ³Ã¨","77","dotpositionright","singlestim","280","281082","m","right","correct","1","","1","trialend","singlestim","281","282094"
"17503","Subject311","1","hatehate","1","hate","positionright","validityinvalid","test","1","negative","singlestim","283","284098","410","â€šÃ³Ã¨","67","dotpositionleft","singlestim","284","284562","c","left","correct","1","","1","trialend","singlestim","285","285574"
"17800","Subject311","1","greatgreat","1","great","positionright","validityvalid","test","1","positive","singlestim","287","287578","350","â€šÃ³Ã¨","77","dotpositionright","singlestim","288","287978","m","right","correct","1","","1","trialend","singlestim","289","288990"
"18097","Subject311","1","imageimage","1","image","positionleft","validityvalid","test","1","neutral","singlestim","291","291028","402","â€šÃ³Ã¨","67","dotpositionleft","singlestim","292","291482","c","left","correct","1","","1","trialend","singlestim","293","292494"
"18394","Subject311","1","paradiseparadise","1","paradise","positionleft","validityvalid","test","1","positive","singlestim","295","294496","420","â€šÃ³Ã¨","67","dotpositionleft","singlestim","296","294968","c","left","correct","1","","1","trialend","singlestim","297","295980"
"18691","Subject311","1","healthyhealthy","1","healthy","positionleft","validityinvalid","test","1","positive","singlestim","299","297984","474","â€šÃ³Ã¨","77","dotpositionright","singlestim","300","298508","m","right","correct","1","","1","trialend","singlestim","301","299520"
"18988","Subject311","1","suffocationsuffocation","1","suffocation","positionleft","validityinvalid","test","1","suicide","singlestim","303","301524","368","â€šÃ³Ã¨","77","dotpositionright","singlestim","304","301944","m","right","correct","1","","1","trialend","singlestim","305","302968"
