"","SubjectID","rt","stimulus","keypress","word","wordposition","validity","block","blocknum","wordtype","trialtype","trialindex","timeelapsed","rt.1","stimulus.1","keypress.1","dotposition","trialtype.1","trialindex.1","timeelapsed.1","keypressed","participantresponse","correctresponse","rt.2","stimulus.2","keypress.2","blocktrial","trialtype.2","trialindex.2","timeelapsed.2"
"227","Subject259","1","engineengine","1","engine","positionleft","validityvalid","test","4","neutral","singlestim","51","67469","358","â€šÃ³Ã¨","67","dotpositionleft","singlestim","52","67878","c","left","correct","1","","1","trialend","singlestim","53","68897"
"524","Subject259","1","structurestructure","1","structure","positionright","validityvalid","test","4","neutral","singlestim","55","70905","338","â€šÃ³Ã¨","77","dotpositionright","singlestim","56","71299","m","right","correct","1","","1","trialend","singlestim","57","72316"
"821","Subject259","1","hanginghanging","1","hanging","positionleft","validityvalid","test","4","suicide","singlestim","59","74324","364","â€šÃ³Ã¨","67","dotpositionleft","singlestim","60","74740","c","left","correct","1","","1","trialend","singlestim","61","75758"
"1118","Subject259","1","doubledouble","1","double","positionright","validityvalid","test","4","neutral","singlestim","63","77769","260","â€šÃ³Ã¨","77","dotpositionright","singlestim","64","78084","m","right","correct","1","","1","trialend","singlestim","65","79100"
"1415","Subject259","1","frameframe","1","frame","positionleft","validityinvalid","test","4","neutral","singlestim","67","81108","434","â€šÃ³Ã¨","77","dotpositionright","singlestim","68","81596","m","right","correct","1","","1","trialend","singlestim","69","82612"
"1712","Subject259","1","alonealone","1","alone","positionleft","validityvalid","test","4","negative","singlestim","71","84620","322","â€šÃ³Ã¨","67","dotpositionleft","singlestim","72","84997","c","left","correct","1","","1","trialend","singlestim","73","86013"
"2009","Subject259","1","ashamedashamed","1","ashamed","positionright","validityinvalid","test","4","negative","singlestim","75","88021","354","â€šÃ³Ã¨","67","dotpositionleft","singlestim","76","88428","c","left","correct","1","","1","trialend","singlestim","77","89443"
"2306","Subject259","1","wohlesswohless","1","wohless","positionright","validityvalid","test","4","negative","singlestim","79","91455","238","â€šÃ³Ã¨","77","dotpositionright","singlestim","80","91748","m","right","correct","1","","1","trialend","singlestim","81","92764"
"2603","Subject259","1","ecstaticecstatic","1","ecstatic","positionright","validityvalid","test","4","positive","singlestim","83","94773","296","â€šÃ³Ã¨","77","dotpositionright","singlestim","84","95124","m","right","correct","1","","1","trialend","singlestim","85","96142"
"2900","Subject259","1","suicidesuicide","1","suicide","positionright","validityinvalid","test","4","suicide","singlestim","87","98154","299","â€šÃ³Ã¨","67","dotpositionleft","singlestim","88","98508","c","left","correct","1","","1","trialend","singlestim","89","99525"
"3197","Subject259","1","stupidstupid","1","stupid","positionleft","validityvalid","test","4","negative","singlestim","91","101536","301","â€šÃ³Ã¨","67","dotpositionleft","singlestim","92","101892","c","left","correct","1","","1","trialend","singlestim","93","102908"
"3494","Subject259","1","laughlaugh","1","laugh","positionright","validityvalid","test","4","positive","singlestim","95","104917","252","â€šÃ³Ã¨","77","dotpositionright","singlestim","96","105220","m","right","correct","1","","1","trialend","singlestim","97","106234"
"3791","Subject259","1","deceaseddeceased","1","deceased","positionright","validityvalid","test","4","suicide","singlestim","99","108248","263","â€šÃ³Ã¨","77","dotpositionright","singlestim","100","108564","m","right","correct","1","","1","trialend","singlestim","101","109578"
"4088","Subject259","1","passionatepassionate","1","passionate","positionleft","validityinvalid","test","4","positive","singlestim","103","111587","355","â€šÃ³Ã¨","77","dotpositionright","singlestim","104","111996","m","right","correct","1","","1","trialend","singlestim","105","113014"
"4385","Subject259","1","successsuccess","1","success","positionleft","validityvalid","test","4","positive","singlestim","107","115021","274","â€šÃ³Ã¨","67","dotpositionleft","singlestim","108","115349","c","left","correct","1","","1","trialend","singlestim","109","116365"
"4682","Subject259","1","killingkilling","1","killing","positionleft","validityvalid","test","4","suicide","singlestim","111","118374","390","â€šÃ³Ã¨","67","dotpositionleft","singlestim","112","118820","c","left","correct","1","","1","trialend","singlestim","113","119838"
"4979","Subject259","1","dyingdying","1","dying","positionleft","validityvalid","test","3","suicide","singlestim","115","121847","313","â€šÃ³Ã¨","67","dotpositionleft","singlestim","116","122212","c","left","correct","1","","1","trialend","singlestim","117","123229"
"5276","Subject259","1","bombbomb","1","bomb","positionright","validityvalid","test","3","negative","singlestim","119","125236","276","â€šÃ³Ã¨","77","dotpositionright","singlestim","120","125564","m","right","correct","1","","1","trialend","singlestim","121","126582"
"5573","Subject259","1","assaultassault","1","assault","positionleft","validityinvalid","test","3","negative","singlestim","123","128593","413","â€šÃ³Ã¨","77","dotpositionright","singlestim","124","129060","m","right","correct","1","","1","trialend","singlestim","125","130078"
"5870","Subject259","1","deaddead","1","dead","positionleft","validityinvalid","test","3","suicide","singlestim","127","132085","379","â€šÃ³Ã¨","77","dotpositionright","singlestim","128","132516","m","right","correct","1","","1","trialend","singlestim","129","133530"
"6167","Subject259","1","touretoure","1","toure","positionleft","validityvalid","test","3","negative","singlestim","131","135539","330","â€šÃ³Ã¨","67","dotpositionleft","singlestim","132","135925","c","left","correct","1","","1","trialend","singlestim","133","136943"
"6464","Subject259","1","closetcloset","1","closet","positionright","validityinvalid","test","3","neutral","singlestim","135","138951","412","â€šÃ³Ã¨","67","dotpositionleft","singlestim","136","139416","c","left","correct","1","","1","trialend","singlestim","137","140430"
"6761","Subject259","1","strongstrong","1","strong","positionleft","validityvalid","test","3","positive","singlestim","139","142438","333","â€šÃ³Ã¨","67","dotpositionleft","singlestim","140","142825","c","left","correct","1","","1","trialend","singlestim","141","143843"
"7058","Subject259","1","rejectedrejected","1","rejected","positionright","validityvalid","test","3","negative","singlestim","143","145852","389","â€šÃ³Ã¨","77","dotpositionright","singlestim","144","146297","m","right","correct","1","","1","trialend","singlestim","145","147313"
"7355","Subject259","1","kisskiss","1","kiss","positionright","validityinvalid","test","3","positive","singlestim","147","149319","354","â€šÃ³Ã¨","67","dotpositionleft","singlestim","148","149729","c","left","correct","1","","1","trialend","singlestim","149","150747"
"7652","Subject259","1","metermeter","1","meter","positionleft","validityvalid","test","3","neutral","singlestim","151","152758","314","â€šÃ³Ã¨","67","dotpositionleft","singlestim","152","153130","c","left","correct","1","","1","trialend","singlestim","153","154146"
"7949","Subject259","1","diedie","1","die","positionright","validityvalid","test","3","suicide","singlestim","155","156155","291","â€šÃ³Ã¨","77","dotpositionright","singlestim","156","156498","m","right","correct","1","","1","trialend","singlestim","157","157513"
"8246","Subject259","1","smilesmile","1","smile","positionleft","validityvalid","test","3","positive","singlestim","159","159521","308","â€šÃ³Ã¨","67","dotpositionleft","singlestim","160","159882","c","left","correct","1","","1","trialend","singlestim","161","160896"
"8543","Subject259","1","cuttingcutting","1","cutting","positionright","validityvalid","test","3","suicide","singlestim","163","162906","362","â€šÃ³Ã¨","77","dotpositionright","singlestim","164","163321","m","right","correct","1","","1","trialend","singlestim","165","164338"
"8840","Subject259","1","greengreen","1","green","positionright","validityvalid","test","3","neutral","singlestim","167","166347","298","â€šÃ³Ã¨","77","dotpositionright","singlestim","168","166698","m","right","correct","1","","1","trialend","singlestim","169","167716"
"9137","Subject259","1","happyhappy","1","happy","positionright","validityvalid","test","3","positive","singlestim","171","169724","310","â€šÃ³Ã¨","77","dotpositionright","singlestim","172","170089","m","right","correct","1","","1","trialend","singlestim","173","171105"
"9434","Subject259","1","museummuseum","1","museum","positionleft","validityvalid","test","3","neutral","singlestim","175","173114","329","â€šÃ³Ã¨","67","dotpositionleft","singlestim","176","173498","c","left","correct","1","","1","trialend","singlestim","177","174511"
"9731","Subject259","1","filthyfilthy","1","filthy","positionleft","validityinvalid","test","2","negative","singlestim","179","176520","278","â€šÃ³Ã¨","77","dotpositionright","singlestim","180","176852","m","right","correct","1","","1","trialend","singlestim","181","177864"
"10028","Subject259","1","noosenoose","1","noose","positionleft","validityvalid","test","2","suicide","singlestim","183","179877","384","â€šÃ³Ã¨","67","dotpositionleft","singlestim","184","180315","c","left","correct","1","","1","trialend","singlestim","185","181332"
"10325","Subject259","1","foamfoam","1","foam","positionright","validityvalid","test","2","neutral","singlestim","187","183341","341","â€šÃ³Ã¨","77","dotpositionright","singlestim","188","183740","m","right","correct","1","","1","trialend","singlestim","189","184756"
"10622","Subject259","1","braverybravery","1","bravery","positionleft","validityvalid","test","2","positive","singlestim","191","186770","325","â€šÃ³Ã¨","67","dotpositionleft","singlestim","192","187148","c","left","correct","1","","1","trialend","singlestim","193","188163"
"10919","Subject259","1","enthusiasmenthusiasm","1","enthusiasm","positionright","validityvalid","test","2","positive","singlestim","195","190172","314","â€šÃ³Ã¨","77","dotpositionright","singlestim","196","190539","m","right","correct","1","","1","trialend","singlestim","197","191552"
"11216","Subject259","1","paperpaper","1","paper","positionleft","validityvalid","test","2","neutral","singlestim","199","193561","261","â€šÃ³Ã¨","67","dotpositionleft","singlestim","200","193876","c","left","correct","1","","1","trialend","singlestim","201","194890"
"11513","Subject259","1","tabletable","1","table","positionright","validityvalid","test","2","neutral","singlestim","203","196899","356","â€šÃ³Ã¨","77","dotpositionright","singlestim","204","197308","m","right","correct","1","","1","trialend","singlestim","205","198322"
"11810","Subject259","1","cruelcruel","1","cruel","positionright","validityvalid","test","2","negative","singlestim","207","200331","177","â€šÃ³Ã¨","67","dotpositionright","singlestim","208","200564","c","left","incorrect","1","","1","trialend","singlestim","209","201578"
"12107","Subject259","1","abuseabuse","1","abuse","positionright","validityvalid","test","2","negative","singlestim","211","203587","473","â€šÃ³Ã¨","77","dotpositionright","singlestim","212","204115","m","right","correct","1","","1","trialend","singlestim","213","205133"
"12404","Subject259","1","failurefailure","1","failure","positionleft","validityvalid","test","2","negative","singlestim","215","207143","356","â€šÃ³Ã¨","67","dotpositionleft","singlestim","216","207556","c","left","correct","1","","1","trialend","singlestim","217","208571"
"12701","Subject259","1","lovelove","1","love","positionright","validityinvalid","test","2","positive","singlestim","219","210577","358","â€šÃ³Ã¨","67","dotpositionleft","singlestim","220","210987","c","left","correct","1","","1","trialend","singlestim","221","212001"
"12998","Subject259","1","deathdeath","1","death","positionright","validityvalid","test","2","suicide","singlestim","223","214013","476","â€šÃ³Ã¨","77","dotpositionright","singlestim","224","214542","m","right","correct","1","","1","trialend","singlestim","225","215555"
"13295","Subject259","1","pleasurepleasure","1","pleasure","positionleft","validityvalid","test","2","positive","singlestim","227","217569","471","â€šÃ³Ã¨","67","dotpositionleft","singlestim","228","218096","c","left","correct","1","","1","trialend","singlestim","229","219114"
"13592","Subject259","1","corpsecorpse","1","corpse","positionleft","validityvalid","test","2","suicide","singlestim","231","221124","343","â€šÃ³Ã¨","67","dotpositionleft","singlestim","232","221519","c","left","correct","1","","1","trialend","singlestim","233","222533"
"13889","Subject259","1","overdoseoverdose","1","overdose","positionright","validityinvalid","test","2","suicide","singlestim","235","224546","366","â€šÃ³Ã¨","67","dotpositionleft","singlestim","236","224967","c","left","correct","1","","1","trialend","singlestim","237","225984"
"14186","Subject259","1","horsehorse","1","horse","positionleft","validityinvalid","test","2","neutral","singlestim","239","227994","335","â€šÃ³Ã¨","77","dotpositionright","singlestim","240","228383","m","right","correct","1","","1","trialend","singlestim","241","229399"
"14483","Subject259","1","attractionattraction","1","attraction","positionright","validityvalid","test","1","positive","singlestim","243","231410","354","â€šÃ³Ã¨","77","dotpositionright","singlestim","244","231815","m","right","correct","1","","1","trialend","singlestim","245","232830"
"14780","Subject259","1","funeralfuneral","1","funeral","positionright","validityvalid","test","1","suicide","singlestim","247","234839","386","â€šÃ³Ã¨","77","dotpositionright","singlestim","248","235278","m","right","correct","1","","1","trialend","singlestim","249","236296"
"15077","Subject259","1","bloodblood","1","blood","positionleft","validityvalid","test","1","suicide","singlestim","251","238304","331","â€šÃ³Ã¨","67","dotpositionleft","singlestim","252","238688","c","left","correct","1","","1","trialend","singlestim","253","239702"
"15374","Subject259","1","hatehate","1","hate","positionright","validityinvalid","test","1","negative","singlestim","255","241711","291","â€šÃ³Ã¨","67","dotpositionleft","singlestim","256","242054","c","left","correct","1","","1","trialend","singlestim","257","243073"
"15671","Subject259","1","suffocationsuffocation","1","suffocation","positionleft","validityinvalid","test","1","suicide","singlestim","259","245083","398","â€šÃ³Ã¨","77","dotpositionright","singlestim","260","245533","m","right","correct","1","","1","trialend","singlestim","261","246546"
"15968","Subject259","1","patheticpathetic","1","pathetic","positionleft","validityvalid","test","1","negative","singlestim","263","248555","340","â€šÃ³Ã¨","67","dotpositionleft","singlestim","264","248951","c","left","correct","1","","1","trialend","singlestim","265","249963"
"16265","Subject259","1","paradiseparadise","1","paradise","positionleft","validityvalid","test","1","positive","singlestim","267","251975","384","â€šÃ³Ã¨","67","dotpositionleft","singlestim","268","252416","c","left","correct","1","","1","trialend","singlestim","269","253430"
"16562","Subject259","1","cheesecheese","1","cheese","positionright","validityvalid","test","1","neutral","singlestim","271","255437","340","â€šÃ³Ã¨","77","dotpositionright","singlestim","272","255833","m","right","correct","1","","1","trialend","singlestim","273","256847"
"16859","Subject259","1","cryingcrying","1","crying","positionright","validityvalid","test","1","negative","singlestim","275","258856","637","â€šÃ³Ã¨","77","dotpositionright","singlestim","276","259545","m","right","correct","1","","1","trialend","singlestim","277","260563"
"17156","Subject259","1","greatgreat","1","great","positionright","validityvalid","test","1","positive","singlestim","279","262576","347","â€šÃ³Ã¨","77","dotpositionright","singlestim","280","262977","m","right","correct","1","","1","trialend","singlestim","281","263994"
"17453","Subject259","1","healthyhealthy","1","healthy","positionleft","validityinvalid","test","1","positive","singlestim","283","266006","377","â€šÃ³Ã¨","77","dotpositionright","singlestim","284","266442","m","right","correct","1","","1","trialend","singlestim","285","267458"
"17750","Subject259","1","statuestatue","1","statue","positionright","validityinvalid","test","1","neutral","singlestim","287","269467","321","â€šÃ³Ã¨","67","dotpositionleft","singlestim","288","269842","c","left","correct","1","","1","trialend","singlestim","289","270860"
"18047","Subject259","1","vomitvomit","1","vomit","positionleft","validityvalid","test","1","negative","singlestim","291","272870","461","â€šÃ³Ã¨","67","dotpositionleft","singlestim","292","273385","c","left","correct","1","","1","trialend","singlestim","293","274399"
"18344","Subject259","1","gunshotgunshot","1","gunshot","positionright","validityvalid","test","1","suicide","singlestim","295","276407","343","â€šÃ³Ã¨","77","dotpositionright","singlestim","296","276803","m","right","correct","1","","1","trialend","singlestim","297","277816"
"18641","Subject259","1","foldedfolded","1","folded","positionleft","validityvalid","test","1","neutral","singlestim","299","279826","418","â€šÃ³Ã¨","67","dotpositionleft","singlestim","300","280299","c","left","correct","1","","1","trialend","singlestim","301","281317"
"18938","Subject259","1","imageimage","1","image","positionleft","validityvalid","test","1","neutral","singlestim","303","283326","327","â€šÃ³Ã¨","67","dotpositionleft","singlestim","304","283706","c","left","correct","1","","1","trialend","singlestim","305","284724"
