"","SubjectID","rt","stimulus","keypress","word","wordposition","validity","block","blocknum","wordtype","trialtype","trialindex","timeelapsed","rt.1","stimulus.1","keypress.1","dotposition","trialtype.1","trialindex.1","timeelapsed.1","keypressed","participantresponse","correctresponse","rt.2","stimulus.2","keypress.2","blocktrial","trialtype.2","trialindex.2","timeelapsed.2"
"265","Subject299","1","greengreen","1","green","positionright","validityvalid","test","3","neutral","singlestim","51","115253","352","â€šÃ³Ã¨","77","dotpositionright","singlestim","52","115659","m","right","correct","1","","1","trialend","singlestim","53","116680"
"562","Subject299","1","bombbomb","1","bomb","positionright","validityvalid","test","3","negative","singlestim","55","118685","361","â€šÃ³Ã¨","77","dotpositionright","singlestim","56","119099","m","right","correct","1","","1","trialend","singlestim","57","120113"
"859","Subject299","1","kisskiss","1","kiss","positionright","validityinvalid","test","3","positive","singlestim","59","122117","365","â€šÃ³Ã¨","67","dotpositionleft","singlestim","60","122536","c","left","correct","1","","1","trialend","singlestim","61","123549"
"1156","Subject299","1","happyhappy","1","happy","positionright","validityvalid","test","3","positive","singlestim","63","125554","394","â€šÃ³Ã¨","77","dotpositionright","singlestim","64","126000","m","right","correct","1","","1","trialend","singlestim","65","127014"
"1453","Subject299","1","metermeter","1","meter","positionleft","validityvalid","test","3","neutral","singlestim","67","129019","364","â€šÃ³Ã¨","67","dotpositionleft","singlestim","68","129435","c","left","correct","1","","1","trialend","singlestim","69","130449"
"1750","Subject299","1","cuttingcutting","1","cutting","positionright","validityvalid","test","3","suicide","singlestim","71","132453","377","â€šÃ³Ã¨","77","dotpositionright","singlestim","72","132883","m","right","correct","1","","1","trialend","singlestim","73","133899"
"2047","Subject299","1","closetcloset","1","closet","positionright","validityinvalid","test","3","neutral","singlestim","75","135903","346","â€šÃ³Ã¨","67","dotpositionleft","singlestim","76","136301","c","left","correct","1","","1","trialend","singlestim","77","137315"
"2344","Subject299","1","strongstrong","1","strong","positionleft","validityvalid","test","3","positive","singlestim","79","139320","418","â€šÃ³Ã¨","67","dotpositionleft","singlestim","80","139790","c","left","correct","1","","1","trialend","singlestim","81","140804"
"2641","Subject299","1","touretoure","1","toure","positionleft","validityvalid","test","3","negative","singlestim","83","142809","268","â€šÃ³Ã¨","67","dotpositionleft","singlestim","84","143129","c","left","correct","1","","1","trialend","singlestim","85","144145"
"2938","Subject299","1","deaddead","1","dead","positionleft","validityinvalid","test","3","suicide","singlestim","87","146149","523","â€šÃ³Ã¨","77","dotpositionright","singlestim","88","146726","m","right","correct","1","","1","trialend","singlestim","89","147742"
"3235","Subject299","1","rejectedrejected","1","rejected","positionright","validityvalid","test","3","negative","singlestim","91","149746","264","â€šÃ³Ã¨","77","dotpositionright","singlestim","92","150062","m","right","correct","1","","1","trialend","singlestim","93","151076"
"3532","Subject299","1","museummuseum","1","museum","positionleft","validityvalid","test","3","neutral","singlestim","95","153081","381","â€šÃ³Ã¨","67","dotpositionleft","singlestim","96","153514","c","left","correct","1","","1","trialend","singlestim","97","154528"
"3829","Subject299","1","dyingdying","1","dying","positionleft","validityvalid","test","3","suicide","singlestim","99","156533","486","â€šÃ³Ã¨","67","dotpositionleft","singlestim","100","157071","c","left","correct","1","","1","trialend","singlestim","101","158085"
"4126","Subject299","1","diedie","1","die","positionright","validityvalid","test","3","suicide","singlestim","103","160090","289","â€šÃ³Ã¨","77","dotpositionright","singlestim","104","160434","m","right","correct","1","","1","trialend","singlestim","105","161447"
"4423","Subject299","1","smilesmile","1","smile","positionleft","validityvalid","test","3","positive","singlestim","107","163452","397","â€šÃ³Ã¨","67","dotpositionleft","singlestim","108","163903","c","left","correct","1","","1","trialend","singlestim","109","164917"
"4720","Subject299","1","assaultassault","1","assault","positionleft","validityinvalid","test","3","negative","singlestim","111","166922","389","â€šÃ³Ã¨","77","dotpositionright","singlestim","112","167362","m","right","correct","1","","1","trialend","singlestim","113","168377"
"5017","Subject299","1","laughlaugh","1","laugh","positionright","validityvalid","test","4","positive","singlestim","115","170381","544","â€šÃ³Ã¨","77","dotpositionright","singlestim","116","170978","m","right","correct","1","","1","trialend","singlestim","117","171990"
"5314","Subject299","1","deceaseddeceased","1","deceased","positionright","validityvalid","test","4","suicide","singlestim","119","173995","366","â€šÃ³Ã¨","77","dotpositionright","singlestim","120","174417","m","right","correct","1","","1","trialend","singlestim","121","175430"
"5611","Subject299","1","successsuccess","1","success","positionleft","validityvalid","test","4","positive","singlestim","123","177443","226","â€šÃ³Ã¨","67","dotpositionleft","singlestim","124","177721","c","left","correct","1","","1","trialend","singlestim","125","178735"
"5908","Subject299","1","stupidstupid","1","stupid","positionleft","validityvalid","test","4","negative","singlestim","127","180740","331","â€šÃ³Ã¨","67","dotpositionleft","singlestim","128","181124","c","left","correct","1","","1","trialend","singlestim","129","182139"
"6205","Subject299","1","killingkilling","1","killing","positionleft","validityvalid","test","4","suicide","singlestim","131","184144","456","â€šÃ³Ã¨","67","dotpositionleft","singlestim","132","184653","c","left","correct","1","","1","trialend","singlestim","133","185668"
"6502","Subject299","1","frameframe","1","frame","positionleft","validityinvalid","test","4","neutral","singlestim","135","187674","414","â€šÃ³Ã¨","77","dotpositionright","singlestim","136","188140","m","right","correct","1","","1","trialend","singlestim","137","189154"
"6799","Subject299","1","ecstaticecstatic","1","ecstatic","positionright","validityvalid","test","4","positive","singlestim","139","191160","493","â€šÃ³Ã¨","77","dotpositionright","singlestim","140","191707","m","right","correct","1","","1","trialend","singlestim","141","192721"
"7096","Subject299","1","doubledouble","1","double","positionright","validityvalid","test","4","neutral","singlestim","143","194725","291","â€šÃ³Ã¨","77","dotpositionright","singlestim","144","195068","m","right","correct","1","","1","trialend","singlestim","145","196082"
"7393","Subject299","1","ashamedashamed","1","ashamed","positionright","validityinvalid","test","4","negative","singlestim","147","198088","355","â€šÃ³Ã¨","67","dotpositionleft","singlestim","148","198495","c","left","correct","1","","1","trialend","singlestim","149","199510"
"7690","Subject299","1","suicidesuicide","1","suicide","positionright","validityinvalid","test","4","suicide","singlestim","151","201514","360","â€šÃ³Ã¨","67","dotpositionleft","singlestim","152","201927","c","left","correct","1","","1","trialend","singlestim","153","202942"
"7987","Subject299","1","wohlesswohless","1","wohless","positionright","validityvalid","test","4","negative","singlestim","155","204947","380","â€šÃ³Ã¨","77","dotpositionright","singlestim","156","205379","m","right","correct","1","","1","trialend","singlestim","157","206393"
"8284","Subject299","1","alonealone","1","alone","positionleft","validityvalid","test","4","negative","singlestim","159","208399","405","â€šÃ³Ã¨","67","dotpositionleft","singlestim","160","208857","c","left","correct","1","","1","trialend","singlestim","161","209871"
"8581","Subject299","1","hanginghanging","1","hanging","positionleft","validityvalid","test","4","suicide","singlestim","163","211876","353","â€šÃ³Ã¨","67","dotpositionleft","singlestim","164","212282","c","left","correct","1","","1","trialend","singlestim","165","213299"
"8878","Subject299","1","engineengine","1","engine","positionleft","validityvalid","test","4","neutral","singlestim","167","215303","297","â€šÃ³Ã¨","67","dotpositionleft","singlestim","168","215653","c","left","correct","1","","1","trialend","singlestim","169","216667"
"9175","Subject299","1","structurestructure","1","structure","positionright","validityvalid","test","4","neutral","singlestim","171","218672","426","â€šÃ³Ã¨","77","dotpositionright","singlestim","172","219150","m","right","correct","1","","1","trialend","singlestim","173","220165"
"9472","Subject299","1","passionatepassionate","1","passionate","positionleft","validityinvalid","test","4","positive","singlestim","175","222170","337","â€šÃ³Ã¨","77","dotpositionright","singlestim","176","222560","m","right","correct","1","","1","trialend","singlestim","177","223574"
"9769","Subject299","1","suffocationsuffocation","1","suffocation","positionleft","validityinvalid","test","1","suicide","singlestim","179","225580","321","â€šÃ³Ã¨","77","dotpositionright","singlestim","180","225953","m","right","correct","1","","1","trialend","singlestim","181","226969"
"10066","Subject299","1","paradiseparadise","1","paradise","positionleft","validityvalid","test","1","positive","singlestim","183","228973","372","â€šÃ³Ã¨","67","dotpositionleft","singlestim","184","229400","c","left","correct","1","","1","trialend","singlestim","185","230413"
"10363","Subject299","1","attractionattraction","1","attraction","positionright","validityvalid","test","1","positive","singlestim","187","232418","349","â€šÃ³Ã¨","77","dotpositionright","singlestim","188","232819","m","right","correct","1","","1","trialend","singlestim","189","233833"
"10660","Subject299","1","patheticpathetic","1","pathetic","positionleft","validityvalid","test","1","negative","singlestim","191","235838","281","â€šÃ³Ã¨","67","dotpositionleft","singlestim","192","236172","c","left","correct","1","","1","trialend","singlestim","193","237188"
"10957","Subject299","1","funeralfuneral","1","funeral","positionright","validityvalid","test","1","suicide","singlestim","195","239201","593","â€šÃ³Ã¨","77","dotpositionright","singlestim","196","239847","m","right","correct","1","","1","trialend","singlestim","197","240860"
"11254","Subject299","1","hatehate","1","hate","positionright","validityinvalid","test","1","negative","singlestim","199","242865","311","â€šÃ³Ã¨","67","dotpositionleft","singlestim","200","243229","c","left","correct","1","","1","trialend","singlestim","201","244243"
"11551","Subject299","1","vomitvomit","1","vomit","positionleft","validityvalid","test","1","negative","singlestim","203","246247","459","â€šÃ³Ã¨","67","dotpositionleft","singlestim","204","246760","c","left","correct","1","","1","trialend","singlestim","205","247774"
"11848","Subject299","1","cheesecheese","1","cheese","positionright","validityvalid","test","1","neutral","singlestim","207","249779","512","â€šÃ³Ã¨","77","dotpositionright","singlestim","208","250345","m","right","correct","1","","1","trialend","singlestim","209","251359"
"12145","Subject299","1","bloodblood","1","blood","positionleft","validityvalid","test","1","suicide","singlestim","211","253364","296","â€šÃ³Ã¨","67","dotpositionleft","singlestim","212","253712","c","left","correct","1","","1","trialend","singlestim","213","254726"
"12442","Subject299","1","healthyhealthy","1","healthy","positionleft","validityinvalid","test","1","positive","singlestim","215","256732","350","â€šÃ³Ã¨","77","dotpositionright","singlestim","216","257135","m","right","correct","1","","1","trialend","singlestim","217","258148"
"12739","Subject299","1","imageimage","1","image","positionleft","validityvalid","test","1","neutral","singlestim","219","260153","447","â€šÃ³Ã¨","67","dotpositionleft","singlestim","220","260652","c","left","correct","1","","1","trialend","singlestim","221","261668"
"13036","Subject299","1","gunshotgunshot","1","gunshot","positionright","validityvalid","test","1","suicide","singlestim","223","263673","367","â€šÃ³Ã¨","77","dotpositionright","singlestim","224","264094","m","right","correct","1","","1","trialend","singlestim","225","265107"
"13333","Subject299","1","statuestatue","1","statue","positionright","validityinvalid","test","1","neutral","singlestim","227","267112","309","â€šÃ³Ã¨","77","dotpositionleft","singlestim","228","267475","m","right","incorrect","283","","67","trialend","singlestim","229","268489"
"13630","Subject299","1","foldedfolded","1","folded","positionleft","validityvalid","test","1","neutral","singlestim","231","270495","444","â€šÃ³Ã¨","67","dotpositionleft","singlestim","232","270990","c","left","correct","1","","1","trialend","singlestim","233","272004"
"13927","Subject299","1","greatgreat","1","great","positionright","validityvalid","test","1","positive","singlestim","235","274012","368","â€šÃ³Ã¨","77","dotpositionright","singlestim","236","274433","m","right","correct","1","","1","trialend","singlestim","237","275446"
"14224","Subject299","1","cryingcrying","1","crying","positionright","validityvalid","test","1","negative","singlestim","239","277451","398","â€šÃ³Ã¨","77","dotpositionright","singlestim","240","277902","m","right","correct","1","","1","trialend","singlestim","241","278916"
"14521","Subject299","1","paperpaper","1","paper","positionleft","validityvalid","test","2","neutral","singlestim","243","280921","546","â€šÃ³Ã¨","67","dotpositionleft","singlestim","244","281519","c","left","correct","1","","1","trialend","singlestim","245","282533"
"14818","Subject299","1","abuseabuse","1","abuse","positionright","validityvalid","test","2","negative","singlestim","247","284538","542","â€šÃ³Ã¨","77","dotpositionright","singlestim","248","285134","m","right","correct","1","","1","trialend","singlestim","249","286150"
"15115","Subject299","1","overdoseoverdose","1","overdose","positionright","validityinvalid","test","2","suicide","singlestim","251","288155","558","â€šÃ³Ã¨","67","dotpositionleft","singlestim","252","288766","c","left","correct","1","","1","trialend","singlestim","253","289779"
"15412","Subject299","1","braverybravery","1","bravery","positionleft","validityvalid","test","2","positive","singlestim","255","291785","427","â€šÃ³Ã¨","67","dotpositionleft","singlestim","256","292266","c","left","correct","1","","1","trialend","singlestim","257","293279"
"15709","Subject299","1","horsehorse","1","horse","positionleft","validityinvalid","test","2","neutral","singlestim","259","295284","326","â€šÃ³Ã¨","77","dotpositionright","singlestim","260","295664","m","right","correct","1","","1","trialend","singlestim","261","296679"
"16006","Subject299","1","failurefailure","1","failure","positionleft","validityvalid","test","2","negative","singlestim","263","298690","361","â€šÃ³Ã¨","67","dotpositionleft","singlestim","264","299103","c","left","correct","1","","1","trialend","singlestim","265","300117"
"16303","Subject299","1","filthyfilthy","1","filthy","positionleft","validityinvalid","test","2","negative","singlestim","267","302122","435","â€šÃ³Ã¨","77","dotpositionright","singlestim","268","302611","m","right","correct","1","","1","trialend","singlestim","269","303624"
"16600","Subject299","1","pleasurepleasure","1","pleasure","positionleft","validityvalid","test","2","positive","singlestim","271","305629","428","â€šÃ³Ã¨","67","dotpositionleft","singlestim","272","306111","c","left","correct","1","","1","trialend","singlestim","273","307126"
"16897","Subject299","1","foamfoam","1","foam","positionright","validityvalid","test","2","neutral","singlestim","275","309131","237","â€šÃ³Ã¨","77","dotpositionright","singlestim","276","309422","m","right","correct","1","","1","trialend","singlestim","277","310436"
"17194","Subject299","1","cruelcruel","1","cruel","positionright","validityvalid","test","2","negative","singlestim","279","312441","490","â€šÃ³Ã¨","77","dotpositionright","singlestim","280","312984","m","right","correct","1","","1","trialend","singlestim","281","313998"
"17491","Subject299","1","corpsecorpse","1","corpse","positionleft","validityvalid","test","2","suicide","singlestim","283","316003","357","â€šÃ³Ã¨","67","dotpositionleft","singlestim","284","316414","c","left","correct","1","","1","trialend","singlestim","285","317427"
"17788","Subject299","1","enthusiasmenthusiasm","1","enthusiasm","positionright","validityvalid","test","2","positive","singlestim","287","319433","469","â€šÃ³Ã¨","77","dotpositionright","singlestim","288","319955","m","right","correct","1","","1","trialend","singlestim","289","320970"
"18085","Subject299","1","tabletable","1","table","positionright","validityvalid","test","2","neutral","singlestim","291","322975","353","â€šÃ³Ã¨","77","dotpositionright","singlestim","292","323381","m","right","correct","1","","1","trialend","singlestim","293","324394"
"18382","Subject299","1","lovelove","1","love","positionright","validityinvalid","test","2","positive","singlestim","295","326399","360","â€šÃ³Ã¨","67","dotpositionleft","singlestim","296","326813","c","left","correct","1","","1","trialend","singlestim","297","327827"
"18679","Subject299","1","noosenoose","1","noose","positionleft","validityvalid","test","2","suicide","singlestim","299","329831","546","â€šÃ³Ã¨","67","dotpositionleft","singlestim","300","330431","c","left","correct","1","","1","trialend","singlestim","301","331446"
"18976","Subject299","1","deathdeath","1","death","positionright","validityvalid","test","2","suicide","singlestim","303","333451","378","â€šÃ³Ã¨","77","dotpositionright","singlestim","304","333882","m","right","correct","1","","1","trialend","singlestim","305","334896"
