"","SubjectID","rt","stimulus","keypress","word","wordposition","validity","block","blocknum","wordtype","trialtype","trialindex","timeelapsed","rt.1","stimulus.1","keypress.1","dotposition","trialtype.1","trialindex.1","timeelapsed.1","keypressed","participantresponse","correctresponse","rt.2","stimulus.2","keypress.2","blocktrial","trialtype.2","trialindex.2","timeelapsed.2"
"169","Subject198","1","assaultassault","1","assault","positionleft","validityinvalid","test","3","negative","singlestim","51","62438","413","â€šÃ³Ã¨","77","dotpositionright","singlestim","52","62906","m","right","correct","1","","1","trialend","singlestim","53","63922"
"466","Subject198","1","kisskiss","1","kiss","positionright","validityinvalid","test","3","positive","singlestim","55","65929","294","â€šÃ³Ã¨","67","dotpositionleft","singlestim","56","66277","c","left","correct","1","","1","trialend","singlestim","57","67293"
"763","Subject198","383","deaddead","67","dead","positionleft","validityinvalid","test","3","suicide","singlestim","59","69301","344","â€šÃ³Ã¨","77","dotpositionright","singlestim","60","69698","m","right","correct","1","","1","trialend","singlestim","61","70711"
"1060","Subject198","1","rejectedrejected","1","rejected","positionright","validityvalid","test","3","negative","singlestim","63","72720","315","â€šÃ³Ã¨","77","dotpositionright","singlestim","64","73089","m","right","correct","1","","1","trialend","singlestim","65","74105"
"1357","Subject198","1","diedie","1","die","positionright","validityvalid","test","3","suicide","singlestim","67","76115","371","â€šÃ³Ã¨","77","dotpositionright","singlestim","68","76538","m","right","correct","1","","1","trialend","singlestim","69","77554"
"1654","Subject198","1","closetcloset","1","closet","positionright","validityinvalid","test","3","neutral","singlestim","71","79562","339","â€šÃ³Ã¨","67","dotpositionleft","singlestim","72","79954","c","left","correct","1","","1","trialend","singlestim","73","80967"
"1951","Subject198","1","bombbomb","1","bomb","positionright","validityvalid","test","3","negative","singlestim","75","82975","1099","â€šÃ³Ã¨","77","dotpositionright","singlestim","76","84129","m","right","correct","1","","1","trialend","singlestim","77","85145"
"2248","Subject198","1","happyhappy","1","happy","positionright","validityvalid","test","3","positive","singlestim","79","87155","288","â€šÃ³Ã¨","77","dotpositionright","singlestim","80","87498","m","right","correct","1","","1","trialend","singlestim","81","88511"
"2545","Subject198","1","touretoure","1","toure","positionleft","validityvalid","test","3","negative","singlestim","83","90520","370","â€šÃ³Ã¨","67","dotpositionleft","singlestim","84","90944","c","left","correct","1","","1","trialend","singlestim","85","91959"
"2842","Subject198","1","strongstrong","1","strong","positionleft","validityvalid","test","3","positive","singlestim","87","93967","428","â€šÃ³Ã¨","67","dotpositionleft","singlestim","88","94449","c","left","correct","1","","1","trialend","singlestim","89","95465"
"3139","Subject198","1","dyingdying","1","dying","positionleft","validityvalid","test","3","suicide","singlestim","91","97474","344","â€šÃ³Ã¨","67","dotpositionleft","singlestim","92","97874","c","left","correct","1","","1","trialend","singlestim","93","98889"
"3436","Subject198","1","smilesmile","1","smile","positionleft","validityvalid","test","3","positive","singlestim","95","100897","227","â€šÃ³Ã¨","67","dotpositionleft","singlestim","96","101176","c","left","correct","1","","1","trialend","singlestim","97","102191"
"3733","Subject198","1","museummuseum","1","museum","positionleft","validityvalid","test","3","neutral","singlestim","99","104199","364","â€šÃ³Ã¨","67","dotpositionleft","singlestim","100","104616","c","left","correct","1","","1","trialend","singlestim","101","105633"
"4030","Subject198","1","cuttingcutting","1","cutting","positionright","validityvalid","test","3","suicide","singlestim","103","107642","346","â€šÃ³Ã¨","77","dotpositionright","singlestim","104","108040","m","right","correct","1","","1","trialend","singlestim","105","109057"
"4327","Subject198","1","greengreen","1","green","positionright","validityvalid","test","3","neutral","singlestim","107","111065","394","â€šÃ³Ã¨","77","dotpositionright","singlestim","108","111513","m","right","correct","1","","1","trialend","singlestim","109","112528"
"4624","Subject198","1","metermeter","1","meter","positionleft","validityvalid","test","3","neutral","singlestim","111","114537","404","â€šÃ³Ã¨","67","dotpositionleft","singlestim","112","114992","c","left","correct","1","","1","trialend","singlestim","113","116006"
"4921","Subject198","1","frameframe","1","frame","positionleft","validityinvalid","test","4","neutral","singlestim","115","118013","391","â€šÃ³Ã¨","77","dotpositionright","singlestim","116","118457","m","right","correct","1","","1","trialend","singlestim","117","119472"
"5218","Subject198","1","hanginghanging","1","hanging","positionleft","validityvalid","test","4","suicide","singlestim","119","121481","336","â€šÃ³Ã¨","67","dotpositionleft","singlestim","120","121872","c","left","correct","1","","1","trialend","singlestim","121","122888"
"5515","Subject198","1","alonealone","1","alone","positionleft","validityvalid","test","4","negative","singlestim","123","124896","299","â€šÃ³Ã¨","67","dotpositionleft","singlestim","124","125248","c","left","correct","1","","1","trialend","singlestim","125","126265"
"5812","Subject198","1","ecstaticecstatic","1","ecstatic","positionright","validityvalid","test","4","positive","singlestim","127","128274","338","â€šÃ³Ã¨","77","dotpositionright","singlestim","128","128664","m","right","correct","1","","1","trialend","singlestim","129","129678"
"6109","Subject198","1","deceaseddeceased","1","deceased","positionright","validityvalid","test","4","suicide","singlestim","131","131688","495","â€šÃ³Ã¨","77","dotpositionright","singlestim","132","132239","m","right","correct","1","","1","trialend","singlestim","133","133254"
"6406","Subject198","1","successsuccess","1","success","positionleft","validityvalid","test","4","positive","singlestim","135","135261","324","â€šÃ³Ã¨","67","dotpositionleft","singlestim","136","135639","c","left","correct","1","","1","trialend","singlestim","137","136654"
"6703","Subject198","1","passionatepassionate","1","passionate","positionleft","validityinvalid","test","4","positive","singlestim","139","138665","315","â€šÃ³Ã¨","77","dotpositionright","singlestim","140","139031","m","right","correct","1","","1","trialend","singlestim","141","140050"
"7000","Subject198","1","laughlaugh","1","laugh","positionright","validityvalid","test","4","positive","singlestim","143","142057","361","â€šÃ³Ã¨","77","dotpositionright","singlestim","144","142472","m","right","correct","1","","1","trialend","singlestim","145","143488"
"7297","Subject198","1","structurestructure","1","structure","positionright","validityvalid","test","4","neutral","singlestim","147","145495","329","â€šÃ³Ã¨","77","dotpositionright","singlestim","148","145879","m","right","correct","1","","1","trialend","singlestim","149","146892"
"7594","Subject198","1","suicidesuicide","1","suicide","positionright","validityinvalid","test","4","suicide","singlestim","151","148900","519","â€šÃ³Ã¨","67","dotpositionleft","singlestim","152","149472","c","left","correct","1","","1","trialend","singlestim","153","150487"
"7891","Subject198","1","engineengine","1","engine","positionleft","validityvalid","test","4","neutral","singlestim","155","152493","389","â€šÃ³Ã¨","67","dotpositionleft","singlestim","156","152935","c","left","correct","1","","1","trialend","singlestim","157","153950"
"8188","Subject198","1","wohlesswohless","1","wohless","positionright","validityvalid","test","4","negative","singlestim","159","155958","293","â€šÃ³Ã¨","77","dotpositionright","singlestim","160","156303","m","right","correct","1","","1","trialend","singlestim","161","157319"
"8485","Subject198","1","doubledouble","1","double","positionright","validityvalid","test","4","neutral","singlestim","163","159329","279","â€šÃ³Ã¨","77","dotpositionright","singlestim","164","159662","m","right","correct","1","","1","trialend","singlestim","165","160676"
"8782","Subject198","1","killingkilling","1","killing","positionleft","validityvalid","test","4","suicide","singlestim","167","162686","361","â€šÃ³Ã¨","67","dotpositionleft","singlestim","168","163103","c","left","correct","1","","1","trialend","singlestim","169","164119"
"9079","Subject198","1","ashamedashamed","1","ashamed","positionright","validityinvalid","test","4","negative","singlestim","171","166126","395","â€šÃ³Ã¨","67","dotpositionleft","singlestim","172","166574","c","left","correct","1","","1","trialend","singlestim","173","167588"
"9376","Subject198","1","stupidstupid","1","stupid","positionleft","validityvalid","test","4","negative","singlestim","175","169597","323","â€šÃ³Ã¨","67","dotpositionleft","singlestim","176","169975","c","left","correct","1","","1","trialend","singlestim","177","170989"
"9673","Subject198","1","funeralfuneral","1","funeral","positionright","validityvalid","test","1","suicide","singlestim","179","172998","987","â€šÃ³Ã¨","77","dotpositionright","singlestim","180","174038","m","right","correct","1","","1","trialend","singlestim","181","175052"
"9970","Subject198","1","paradiseparadise","1","paradise","positionleft","validityvalid","test","1","positive","singlestim","183","177060","427","â€šÃ³Ã¨","67","dotpositionleft","singlestim","184","177542","c","left","correct","1","","1","trialend","singlestim","185","178558"
"10267","Subject198","1","patheticpathetic","1","pathetic","positionleft","validityvalid","test","1","negative","singlestim","187","180568","334","â€šÃ³Ã¨","67","dotpositionleft","singlestim","188","180958","c","left","correct","1","","1","trialend","singlestim","189","181972"
"10564","Subject198","1","cryingcrying","1","crying","positionright","validityvalid","test","1","negative","singlestim","191","183978","315","â€šÃ³Ã¨","77","dotpositionright","singlestim","192","184349","m","right","correct","1","","1","trialend","singlestim","193","185366"
"10861","Subject198","1","foldedfolded","1","folded","positionleft","validityvalid","test","1","neutral","singlestim","195","187374","355","â€šÃ³Ã¨","67","dotpositionleft","singlestim","196","187782","c","left","correct","1","","1","trialend","singlestim","197","188796"
"11158","Subject198","1","attractionattraction","1","attraction","positionright","validityvalid","test","1","positive","singlestim","199","190804","331","â€šÃ³Ã¨","77","dotpositionright","singlestim","200","191190","m","right","correct","1","","1","trialend","singlestim","201","192204"
"11455","Subject198","1","suffocationsuffocation","1","suffocation","positionleft","validityinvalid","test","1","suicide","singlestim","203","194210","335","â€šÃ³Ã¨","77","dotpositionright","singlestim","204","194598","m","right","correct","1","","1","trialend","singlestim","205","195614"
"11752","Subject198","1","healthyhealthy","1","healthy","positionleft","validityinvalid","test","1","positive","singlestim","207","197624","291","â€šÃ³Ã¨","77","dotpositionright","singlestim","208","197966","m","right","correct","1","","1","trialend","singlestim","209","198981"
"12049","Subject198","1","bloodblood","1","blood","positionleft","validityvalid","test","1","suicide","singlestim","211","200989","443","â€šÃ³Ã¨","67","dotpositionleft","singlestim","212","201485","c","left","correct","1","","1","trialend","singlestim","213","202499"
"12346","Subject198","318","cheesecheese","77","cheese","positionright","validityvalid","test","1","neutral","singlestim","215","204507","446","â€šÃ³Ã¨","77","dotpositionright","singlestim","216","205005","m","right","correct","1","","1","trialend","singlestim","217","206021"
"12643","Subject198","1","imageimage","1","image","positionleft","validityvalid","test","1","neutral","singlestim","219","208030","568","â€šÃ³Ã¨","67","dotpositionleft","singlestim","220","208650","c","left","correct","1","","1","trialend","singlestim","221","209666"
"12940","Subject198","1","gunshotgunshot","1","gunshot","positionright","validityvalid","test","1","suicide","singlestim","223","211674","403","â€šÃ³Ã¨","77","dotpositionright","singlestim","224","212129","m","right","correct","1","","1","trialend","singlestim","225","213142"
"13237","Subject198","1","greatgreat","1","great","positionright","validityvalid","test","1","positive","singlestim","227","215150","397","â€šÃ³Ã¨","77","dotpositionright","singlestim","228","215601","m","right","correct","1","","1","trialend","singlestim","229","216616"
"13534","Subject198","1","vomitvomit","1","vomit","positionleft","validityvalid","test","1","negative","singlestim","231","218621","341","â€šÃ³Ã¨","67","dotpositionleft","singlestim","232","219017","c","left","correct","1","","1","trialend","singlestim","233","220032"
"13831","Subject198","1","hatehate","1","hate","positionright","validityinvalid","test","1","negative","singlestim","235","222040","396","â€šÃ³Ã¨","67","dotpositionleft","singlestim","236","222489","c","left","correct","1","","1","trialend","singlestim","237","223502"
"14128","Subject198","1","statuestatue","1","statue","positionright","validityinvalid","test","1","neutral","singlestim","239","225511","341","â€šÃ³Ã¨","67","dotpositionleft","singlestim","240","225905","c","left","correct","1","","1","trialend","singlestim","241","226921"
"14425","Subject198","1","paperpaper","1","paper","positionleft","validityvalid","test","2","neutral","singlestim","243","228931","313","â€šÃ³Ã¨","67","dotpositionleft","singlestim","244","229297","c","left","correct","1","","1","trialend","singlestim","245","230314"
"14722","Subject198","1","filthyfilthy","1","filthy","positionleft","validityinvalid","test","2","negative","singlestim","247","232324","293","â€šÃ³Ã¨","77","dotpositionright","singlestim","248","232673","m","right","correct","1","","1","trialend","singlestim","249","233688"
"15019","Subject198","1","pleasurepleasure","1","pleasure","positionleft","validityvalid","test","2","positive","singlestim","251","235696","305","â€šÃ³Ã¨","67","dotpositionleft","singlestim","252","236057","c","left","correct","1","","1","trialend","singlestim","253","237071"
"15316","Subject198","1","foamfoam","1","foam","positionright","validityvalid","test","2","neutral","singlestim","255","239080","364","â€šÃ³Ã¨","77","dotpositionright","singlestim","256","239496","m","right","correct","1","","1","trialend","singlestim","257","240513"
"15613","Subject198","1","tabletable","1","table","positionright","validityvalid","test","2","neutral","singlestim","259","242522","290","â€šÃ³Ã¨","77","dotpositionright","singlestim","260","242865","m","right","correct","1","","1","trialend","singlestim","261","243879"
"15910","Subject198","1","failurefailure","1","failure","positionleft","validityvalid","test","2","negative","singlestim","263","245887","556","â€šÃ³Ã¨","67","dotpositionleft","singlestim","264","246496","c","left","correct","1","","1","trialend","singlestim","265","247513"
"16207","Subject198","1","deathdeath","1","death","positionright","validityvalid","test","2","suicide","singlestim","267","249520","395","â€šÃ³Ã¨","77","dotpositionright","singlestim","268","249968","m","right","correct","1","","1","trialend","singlestim","269","250983"
"16504","Subject198","1","braverybravery","1","bravery","positionleft","validityvalid","test","2","positive","singlestim","271","252992","451","â€šÃ³Ã¨","67","dotpositionleft","singlestim","272","253497","c","left","correct","1","","1","trialend","singlestim","273","254512"
"16801","Subject198","1","corpsecorpse","1","corpse","positionleft","validityvalid","test","2","suicide","singlestim","275","256522","416","â€šÃ³Ã¨","67","dotpositionleft","singlestim","276","256991","c","left","correct","1","","1","trialend","singlestim","277","258010"
"17098","Subject198","1","cruelcruel","1","cruel","positionright","validityvalid","test","2","negative","singlestim","279","260014","437","â€šÃ³Ã¨","77","dotpositionright","singlestim","280","260503","m","right","correct","1","","1","trialend","singlestim","281","261517"
"17395","Subject198","1","enthusiasmenthusiasm","1","enthusiasm","positionright","validityvalid","test","2","positive","singlestim","283","263525","270","â€šÃ³Ã¨","77","dotpositionright","singlestim","284","263848","m","right","correct","1","","1","trialend","singlestim","285","264861"
"17692","Subject198","1","horsehorse","1","horse","positionleft","validityinvalid","test","2","neutral","singlestim","287","266869","352","â€šÃ³Ã¨","77","dotpositionright","singlestim","288","267272","m","right","correct","1","","1","trialend","singlestim","289","268284"
"17989","Subject198","1","noosenoose","1","noose","positionleft","validityvalid","test","2","suicide","singlestim","291","270295","355","â€šÃ³Ã¨","67","dotpositionleft","singlestim","292","270703","c","left","correct","1","","1","trialend","singlestim","293","271720"
"18286","Subject198","1","abuseabuse","1","abuse","positionright","validityvalid","test","2","negative","singlestim","295","273729","299","â€šÃ³Ã¨","77","dotpositionright","singlestim","296","274079","m","right","correct","1","","1","trialend","singlestim","297","275094"
"18583","Subject198","343","overdoseoverdose","77","overdose","positionright","validityinvalid","test","2","suicide","singlestim","299","277100","390","â€šÃ³Ã¨","67","dotpositionleft","singlestim","300","277543","c","left","correct","1","","1","trialend","singlestim","301","278560"
"18880","Subject198","1","lovelove","1","love","positionright","validityinvalid","test","2","positive","singlestim","303","280565","301","â€šÃ³Ã¨","67","dotpositionleft","singlestim","304","280919","c","left","correct","1","","1","trialend","singlestim","305","281935"
