"","SubjectID","rt","stimulus","keypress","word","wordposition","validity","block","blocknum","wordtype","trialtype","trialindex","timeelapsed","rt.1","stimulus.1","keypress.1","dotposition","trialtype.1","trialindex.1","timeelapsed.1","keypressed","participantresponse","correctresponse","rt.2","stimulus.2","keypress.2","blocktrial","trialtype.2","trialindex.2","timeelapsed.2"
"236","Subject268","1","happyhappy","1","happy","positionright","validityvalid","test","3","positive","singlestim","51","96086","425","â€šÃ³Ã¨","77","dotpositionright","singlestim","52","96567","m","right","correct","1","","1","trialend","singlestim","53","97580"
"533","Subject268","1","diedie","1","die","positionright","validityvalid","test","3","suicide","singlestim","55","99591","403","â€šÃ³Ã¨","77","dotpositionright","singlestim","56","100048","m","right","correct","1","","1","trialend","singlestim","57","101061"
"830","Subject268","1","smilesmile","1","smile","positionleft","validityvalid","test","3","positive","singlestim","59","103069","424","â€šÃ³Ã¨","67","dotpositionleft","singlestim","60","103545","c","left","correct","1","","1","trialend","singlestim","61","104563"
"1127","Subject268","1","metermeter","1","meter","positionleft","validityvalid","test","3","neutral","singlestim","63","106571","492","â€šÃ³Ã¨","67","dotpositionleft","singlestim","64","107116","c","left","correct","1","","1","trialend","singlestim","65","108129"
"1424","Subject268","1","greengreen","1","green","positionright","validityvalid","test","3","neutral","singlestim","67","110135","385","â€šÃ³Ã¨","77","dotpositionright","singlestim","68","110573","m","right","correct","1","","1","trialend","singlestim","69","111590"
"1721","Subject268","1","rejectedrejected","1","rejected","positionright","validityvalid","test","3","negative","singlestim","71","113600","647","â€šÃ³Ã¨","77","dotpositionright","singlestim","72","114297","m","right","correct","1","","1","trialend","singlestim","73","115314"
"2018","Subject268","1","dyingdying","1","dying","positionleft","validityvalid","test","3","suicide","singlestim","75","117324","462","â€šÃ³Ã¨","67","dotpositionleft","singlestim","76","117838","c","left","correct","1","","1","trialend","singlestim","77","118853"
"2315","Subject268","1","closetcloset","1","closet","positionright","validityinvalid","test","3","neutral","singlestim","79","120865","356","â€šÃ³Ã¨","67","dotpositionleft","singlestim","80","121274","c","left","correct","1","","1","trialend","singlestim","81","122290"
"2612","Subject268","1","cuttingcutting","1","cutting","positionright","validityvalid","test","3","suicide","singlestim","83","124303","447","â€šÃ³Ã¨","77","dotpositionright","singlestim","84","124802","m","right","correct","1","","1","trialend","singlestim","85","125817"
"2909","Subject268","1","kisskiss","1","kiss","positionright","validityinvalid","test","3","positive","singlestim","87","127829","470","â€šÃ³Ã¨","67","dotpositionleft","singlestim","88","128353","c","left","correct","1","","1","trialend","singlestim","89","129369"
"3206","Subject268","1","strongstrong","1","strong","positionleft","validityvalid","test","3","positive","singlestim","91","131381","422","â€šÃ³Ã¨","67","dotpositionleft","singlestim","92","131858","c","left","correct","1","","1","trialend","singlestim","93","132873"
"3503","Subject268","1","touretoure","1","toure","positionleft","validityvalid","test","3","negative","singlestim","95","134884","373","â€šÃ³Ã¨","67","dotpositionleft","singlestim","96","135311","c","left","correct","1","","1","trialend","singlestim","97","136328"
"3800","Subject268","1","museummuseum","1","museum","positionleft","validityvalid","test","3","neutral","singlestim","99","138334","378","â€šÃ³Ã¨","67","dotpositionleft","singlestim","100","138768","c","left","correct","1","","1","trialend","singlestim","101","139783"
"4097","Subject268","1","deaddead","1","dead","positionleft","validityinvalid","test","3","suicide","singlestim","103","141787","409","â€šÃ³Ã¨","77","dotpositionright","singlestim","104","142252","m","right","correct","1","","1","trialend","singlestim","105","143265"
"4394","Subject268","1","bombbomb","1","bomb","positionright","validityvalid","test","3","negative","singlestim","107","145272","376","â€šÃ³Ã¨","77","dotpositionright","singlestim","108","145704","m","right","correct","1","","1","trialend","singlestim","109","146723"
"4691","Subject268","1","assaultassault","1","assault","positionleft","validityinvalid","test","3","negative","singlestim","111","148734","382","â€šÃ³Ã¨","77","dotpositionright","singlestim","112","149170","m","right","correct","1","","1","trialend","singlestim","113","150187"
"4988","Subject268","1","passionatepassionate","1","passionate","positionleft","validityinvalid","test","4","positive","singlestim","115","152200","385","â€šÃ³Ã¨","77","dotpositionright","singlestim","116","152640","m","right","correct","1","","1","trialend","singlestim","117","153654"
"5285","Subject268","1","stupidstupid","1","stupid","positionleft","validityvalid","test","4","negative","singlestim","119","155665","453","â€šÃ³Ã¨","67","dotpositionleft","singlestim","120","156171","c","left","correct","1","","1","trialend","singlestim","121","157188"
"5582","Subject268","1","successsuccess","1","success","positionleft","validityvalid","test","4","positive","singlestim","123","159201","470","â€šÃ³Ã¨","67","dotpositionleft","singlestim","124","159723","c","left","correct","1","","1","trialend","singlestim","125","160741"
"5879","Subject268","1","ashamedashamed","1","ashamed","positionright","validityinvalid","test","4","negative","singlestim","127","162751","345","â€šÃ³Ã¨","67","dotpositionleft","singlestim","128","163149","c","left","correct","1","","1","trialend","singlestim","129","164162"
"6176","Subject268","1","alonealone","1","alone","positionleft","validityvalid","test","4","negative","singlestim","131","166172","414","â€šÃ³Ã¨","67","dotpositionleft","singlestim","132","166642","c","left","correct","1","","1","trialend","singlestim","133","167660"
"6473","Subject268","1","suicidesuicide","1","suicide","positionright","validityinvalid","test","4","suicide","singlestim","135","169673","370","â€šÃ³Ã¨","67","dotpositionleft","singlestim","136","170095","c","left","correct","1","","1","trialend","singlestim","137","171113"
"6770","Subject268","1","doubledouble","1","double","positionright","validityvalid","test","4","neutral","singlestim","139","173124","447","â€šÃ³Ã¨","77","dotpositionright","singlestim","140","173627","m","right","correct","1","","1","trialend","singlestim","141","174642"
"7067","Subject268","1","laughlaugh","1","laugh","positionright","validityvalid","test","4","positive","singlestim","143","176650","351","â€šÃ³Ã¨","77","dotpositionright","singlestim","144","177055","m","right","correct","1","","1","trialend","singlestim","145","178071"
"7364","Subject268","1","ecstaticecstatic","1","ecstatic","positionright","validityvalid","test","4","positive","singlestim","147","180081","400","â€šÃ³Ã¨","77","dotpositionright","singlestim","148","180533","m","right","correct","1","","1","trialend","singlestim","149","181549"
"7661","Subject268","1","engineengine","1","engine","positionleft","validityvalid","test","4","neutral","singlestim","151","183559","427","â€šÃ³Ã¨","67","dotpositionleft","singlestim","152","184040","c","left","correct","1","","1","trialend","singlestim","153","185054"
"7958","Subject268","432","hanginghanging","67","hanging","positionleft","validityvalid","test","4","suicide","singlestim","155","187066","422","â€šÃ³Ã¨","67","dotpositionleft","singlestim","156","187542","c","left","correct","1","","1","trialend","singlestim","157","188553"
"8255","Subject268","1","killingkilling","1","killing","positionleft","validityvalid","test","4","suicide","singlestim","159","190564","354","â€šÃ³Ã¨","67","dotpositionleft","singlestim","160","190975","c","left","correct","1","","1","trialend","singlestim","161","191993"
"8552","Subject268","1","wohlesswohless","1","wohless","positionright","validityvalid","test","4","negative","singlestim","163","194005","433","â€šÃ³Ã¨","77","dotpositionright","singlestim","164","194493","m","right","correct","1","","1","trialend","singlestim","165","195508"
"8849","Subject268","1","frameframe","1","frame","positionleft","validityinvalid","test","4","neutral","singlestim","167","197520","466","â€šÃ³Ã¨","77","dotpositionright","singlestim","168","198041","m","right","correct","1","","1","trialend","singlestim","169","199059"
"9146","Subject268","1","deceaseddeceased","1","deceased","positionright","validityvalid","test","4","suicide","singlestim","171","201071","413","â€šÃ³Ã¨","77","dotpositionright","singlestim","172","201538","m","right","correct","1","","1","trialend","singlestim","173","202554"
"9443","Subject268","1","structurestructure","1","structure","positionright","validityvalid","test","4","neutral","singlestim","175","204563","379","â€šÃ³Ã¨","77","dotpositionright","singlestim","176","204998","m","right","correct","1","","1","trialend","singlestim","177","206015"
"9740","Subject268","802","horsehorse","67","horse","positionleft","validityinvalid","test","2","neutral","singlestim","179","208024","488","â€šÃ³Ã¨","77","dotpositionright","singlestim","180","208563","m","right","correct","1","","1","trialend","singlestim","181","209577"
"10037","Subject268","1","filthyfilthy","1","filthy","positionleft","validityinvalid","test","2","negative","singlestim","183","211589","508","â€šÃ³Ã¨","77","dotpositionright","singlestim","184","212151","m","right","correct","1","","1","trialend","singlestim","185","213164"
"10334","Subject268","1","overdoseoverdose","1","overdose","positionright","validityinvalid","test","2","suicide","singlestim","187","215175","469","â€šÃ³Ã¨","67","dotpositionleft","singlestim","188","215699","c","left","correct","1","","1","trialend","singlestim","189","216715"
"10631","Subject268","1","paperpaper","1","paper","positionleft","validityvalid","test","2","neutral","singlestim","191","218727","463","â€šÃ³Ã¨","67","dotpositionleft","singlestim","192","219244","c","left","correct","1","","1","trialend","singlestim","193","220257"
"10928","Subject268","1","pleasurepleasure","1","pleasure","positionleft","validityvalid","test","2","positive","singlestim","195","222266","417","â€šÃ³Ã¨","67","dotpositionleft","singlestim","196","222740","c","left","correct","1","","1","trialend","singlestim","197","223756"
"11225","Subject268","1","cruelcruel","1","cruel","positionright","validityvalid","test","2","negative","singlestim","199","225767","408","â€šÃ³Ã¨","77","dotpositionright","singlestim","200","226231","m","right","correct","1","","1","trialend","singlestim","201","227250"
"11522","Subject268","1","tabletable","1","table","positionright","validityvalid","test","2","neutral","singlestim","203","229261","374","â€šÃ³Ã¨","77","dotpositionright","singlestim","204","229690","m","right","correct","1","","1","trialend","singlestim","205","230708"
"11819","Subject268","1","noosenoose","1","noose","positionleft","validityvalid","test","2","suicide","singlestim","207","232717","491","â€šÃ³Ã¨","67","dotpositionleft","singlestim","208","233261","c","left","correct","1","","1","trialend","singlestim","209","234280"
"12116","Subject268","1","foamfoam","1","foam","positionright","validityvalid","test","2","neutral","singlestim","211","236293","399","â€šÃ³Ã¨","77","dotpositionright","singlestim","212","236742","m","right","correct","1","","1","trialend","singlestim","213","237760"
"12413","Subject268","1","deathdeath","1","death","positionright","validityvalid","test","2","suicide","singlestim","215","239773","419","â€šÃ³Ã¨","77","dotpositionright","singlestim","216","240247","m","right","correct","1","","1","trialend","singlestim","217","241262"
"12710","Subject268","1","braverybravery","1","bravery","positionleft","validityvalid","test","2","positive","singlestim","219","243270","396","â€šÃ³Ã¨","67","dotpositionleft","singlestim","220","243718","c","left","correct","1","","1","trialend","singlestim","221","244737"
"13007","Subject268","1","lovelove","1","love","positionright","validityinvalid","test","2","positive","singlestim","223","246749","565","â€šÃ³Ã¨","67","dotpositionleft","singlestim","224","247369","c","left","correct","1","","1","trialend","singlestim","225","248384"
"13304","Subject268","1","failurefailure","1","failure","positionleft","validityvalid","test","2","negative","singlestim","227","250397","520","â€šÃ³Ã¨","67","dotpositionleft","singlestim","228","250969","c","left","correct","1","","1","trialend","singlestim","229","251988"
"13601","Subject268","1","abuseabuse","1","abuse","positionright","validityvalid","test","2","negative","singlestim","231","253996","466","â€šÃ³Ã¨","77","dotpositionright","singlestim","232","254517","m","right","correct","1","","1","trialend","singlestim","233","255534"
"13898","Subject268","1","corpsecorpse","1","corpse","positionleft","validityvalid","test","2","suicide","singlestim","235","257547","483","â€šÃ³Ã¨","67","dotpositionleft","singlestim","236","258082","c","left","correct","1","","1","trialend","singlestim","237","259099"
"14195","Subject268","1","enthusiasmenthusiasm","1","enthusiasm","positionright","validityvalid","test","2","positive","singlestim","239","261112","491","â€šÃ³Ã¨","77","dotpositionright","singlestim","240","261658","m","right","correct","1","","1","trialend","singlestim","241","262670"
"14492","Subject268","1","vomitvomit","1","vomit","positionleft","validityvalid","test","1","negative","singlestim","243","264682","458","â€šÃ³Ã¨","67","dotpositionleft","singlestim","244","265196","c","left","correct","1","","1","trialend","singlestim","245","266213"
"14789","Subject268","1","bloodblood","1","blood","positionleft","validityvalid","test","1","suicide","singlestim","247","268224","433","â€šÃ³Ã¨","67","dotpositionleft","singlestim","248","268710","c","left","correct","1","","1","trialend","singlestim","249","269726"
"15086","Subject268","1","greatgreat","1","great","positionright","validityvalid","test","1","positive","singlestim","251","271733","410","â€šÃ³Ã¨","77","dotpositionright","singlestim","252","272199","m","right","correct","1","","1","trialend","singlestim","253","273213"
"15383","Subject268","1","paradiseparadise","1","paradise","positionleft","validityvalid","test","1","positive","singlestim","255","275224","423","â€šÃ³Ã¨","67","dotpositionleft","singlestim","256","275702","c","left","correct","1","","1","trialend","singlestim","257","276718"
"15680","Subject268","1","cryingcrying","1","crying","positionright","validityvalid","test","1","negative","singlestim","259","278730","483","â€šÃ³Ã¨","77","dotpositionright","singlestim","260","279264","m","right","correct","1","","1","trialend","singlestim","261","280283"
"15977","Subject268","1","gunshotgunshot","1","gunshot","positionright","validityvalid","test","1","suicide","singlestim","263","282295","426","â€šÃ³Ã¨","77","dotpositionright","singlestim","264","282776","m","right","correct","1","","1","trialend","singlestim","265","283794"
"16274","Subject268","1","foldedfolded","1","folded","positionleft","validityvalid","test","1","neutral","singlestim","267","285806","424","â€šÃ³Ã¨","67","dotpositionleft","singlestim","268","286283","c","left","correct","1","","1","trialend","singlestim","269","287299"
"16571","Subject268","1","suffocationsuffocation","1","suffocation","positionleft","validityinvalid","test","1","suicide","singlestim","271","289309","614","â€šÃ³Ã¨","77","dotpositionright","singlestim","272","289975","m","right","correct","1","","1","trialend","singlestim","273","290991"
"16868","Subject268","1","imageimage","1","image","positionleft","validityvalid","test","1","neutral","singlestim","275","293003","433","â€šÃ³Ã¨","67","dotpositionleft","singlestim","276","293491","c","left","correct","1","","1","trialend","singlestim","277","294509"
"17165","Subject268","1","attractionattraction","1","attraction","positionright","validityvalid","test","1","positive","singlestim","279","296522","352","â€šÃ³Ã¨","77","dotpositionright","singlestim","280","296928","m","right","correct","1","","1","trialend","singlestim","281","297944"
"17462","Subject268","1","healthyhealthy","1","healthy","positionleft","validityinvalid","test","1","positive","singlestim","283","299957","537","â€šÃ³Ã¨","77","dotpositionright","singlestim","284","300550","m","right","correct","1","","1","trialend","singlestim","285","301567"
"17759","Subject268","1","cheesecheese","1","cheese","positionright","validityvalid","test","1","neutral","singlestim","287","300353","385","â€šÃ³Ã¨","77","dotpositionright","singlestim","288","300789","m","right","correct","1","","1","trialend","singlestim","289","301806"
"18056","Subject268","1","funeralfuneral","1","funeral","positionright","validityvalid","test","1","suicide","singlestim","291","303815","529","â€šÃ³Ã¨","77","dotpositionright","singlestim","292","304397","m","right","correct","1","","1","trialend","singlestim","293","305411"
"18353","Subject268","1","statuestatue","1","statue","positionright","validityinvalid","test","1","neutral","singlestim","295","307424","607","â€šÃ³Ã¨","67","dotpositionleft","singlestim","296","308083","c","left","correct","1","","1","trialend","singlestim","297","309099"
"18650","Subject268","1","patheticpathetic","1","pathetic","positionleft","validityvalid","test","1","negative","singlestim","299","311109","413","â€šÃ³Ã¨","67","dotpositionleft","singlestim","300","311577","c","left","correct","1","","1","trialend","singlestim","301","312590"
"18947","Subject268","1","hatehate","1","hate","positionright","validityinvalid","test","1","negative","singlestim","303","314603","564","â€šÃ³Ã¨","67","dotpositionleft","singlestim","304","315219","c","left","correct","1","","1","trialend","singlestim","305","316236"
