"","SubjectID","rt","stimulus","keypress","word","wordposition","validity","block","blocknum","wordtype","trialtype","trialindex","timeelapsed","rt.1","stimulus.1","keypress.1","dotposition","trialtype.1","trialindex.1","timeelapsed.1","keypressed","participantresponse","correctresponse","rt.2","stimulus.2","keypress.2","blocktrial","trialtype.2","trialindex.2","timeelapsed.2"
"91","Subject96","1","filthyfilthy","1","filthy","positionleft","validityinvalid","test","2","negative","singlestim","51","64859","347","â€šÃ³Ã¨","77","dotpositionright","singlestim","52","65258","m","right","correct","1","","1","trialend","singlestim","53","66270"
"388","Subject96","1","corpsecorpse","1","corpse","positionleft","validityvalid","test","2","suicide","singlestim","55","68274","305","â€šÃ³Ã¨","67","dotpositionleft","singlestim","56","68631","c","left","correct","1","","1","trialend","singlestim","57","69642"
"685","Subject96","1","tabletable","1","table","positionright","validityvalid","test","2","neutral","singlestim","59","71645","325","â€šÃ³Ã¨","77","dotpositionright","singlestim","60","72021","m","right","correct","1","","1","trialend","singlestim","61","73036"
"982","Subject96","1","foamfoam","1","foam","positionright","validityvalid","test","2","neutral","singlestim","63","75038","249","â€šÃ³Ã¨","77","dotpositionright","singlestim","64","75339","m","right","correct","1","","1","trialend","singlestim","65","76351"
"1279","Subject96","1","horsehorse","1","horse","positionleft","validityinvalid","test","2","neutral","singlestim","67","78355","349","â€šÃ³Ã¨","77","dotpositionright","singlestim","68","78756","m","right","correct","1","","1","trialend","singlestim","69","79768"
"1576","Subject96","1","abuseabuse","1","abuse","positionright","validityvalid","test","2","negative","singlestim","71","81770","364","â€šÃ³Ã¨","77","dotpositionright","singlestim","72","82187","m","right","correct","1","","1","trialend","singlestim","73","83198"
"1873","Subject96","1","cruelcruel","1","cruel","positionright","validityvalid","test","2","negative","singlestim","75","85200","263","â€šÃ³Ã¨","77","dotpositionright","singlestim","76","85514","m","right","correct","1","","1","trialend","singlestim","77","86527"
"2170","Subject96","1","failurefailure","1","failure","positionleft","validityvalid","test","2","negative","singlestim","79","88531","288","â€šÃ³Ã¨","67","dotpositionleft","singlestim","80","88870","c","left","correct","1","","1","trialend","singlestim","81","89882"
"2467","Subject96","1","deathdeath","1","death","positionright","validityvalid","test","2","suicide","singlestim","83","91884","266","â€šÃ³Ã¨","77","dotpositionright","singlestim","84","92202","m","right","correct","1","","1","trialend","singlestim","85","93215"
"2764","Subject96","1","braverybravery","1","bravery","positionleft","validityvalid","test","2","positive","singlestim","87","95217","284","â€šÃ³Ã¨","67","dotpositionleft","singlestim","88","95554","c","left","correct","1","","1","trialend","singlestim","89","96566"
"3061","Subject96","1","lovelove","1","love","positionright","validityinvalid","test","2","positive","singlestim","91","98570","313","â€šÃ³Ã¨","67","dotpositionleft","singlestim","92","98935","c","left","correct","1","","1","trialend","singlestim","93","99948"
"3358","Subject96","1","noosenoose","1","noose","positionleft","validityvalid","test","2","suicide","singlestim","95","101952","338","â€šÃ³Ã¨","67","dotpositionleft","singlestim","96","102342","c","left","correct","1","","1","trialend","singlestim","97","103355"
"3655","Subject96","1","pleasurepleasure","1","pleasure","positionleft","validityvalid","test","2","positive","singlestim","99","105356","312","â€šÃ³Ã¨","67","dotpositionleft","singlestim","100","105719","c","left","correct","1","","1","trialend","singlestim","101","106730"
"3952","Subject96","1","paperpaper","1","paper","positionleft","validityvalid","test","2","neutral","singlestim","103","108733","317","â€šÃ³Ã¨","67","dotpositionleft","singlestim","104","109101","c","left","correct","1","","1","trialend","singlestim","105","110112"
"4249","Subject96","1","overdoseoverdose","1","overdose","positionright","validityinvalid","test","2","suicide","singlestim","107","112116","371","â€šÃ³Ã¨","67","dotpositionleft","singlestim","108","112537","c","left","correct","1","","1","trialend","singlestim","109","113551"
"4546","Subject96","1","enthusiasmenthusiasm","1","enthusiasm","positionright","validityvalid","test","2","positive","singlestim","111","115553","395","â€šÃ³Ã¨","77","dotpositionright","singlestim","112","115999","m","right","correct","1","","1","trialend","singlestim","113","117012"
"4843","Subject96","1","smilesmile","1","smile","positionleft","validityvalid","test","3","positive","singlestim","115","119016","368","â€šÃ³Ã¨","67","dotpositionleft","singlestim","116","119436","c","left","correct","1","","1","trialend","singlestim","117","120448"
"5140","Subject96","1","cuttingcutting","1","cutting","positionright","validityvalid","test","3","suicide","singlestim","119","122450","450","â€šÃ³Ã¨","77","dotpositionright","singlestim","120","122952","m","right","correct","1","","1","trialend","singlestim","121","123963"
"5437","Subject96","1","dyingdying","1","dying","positionleft","validityvalid","test","3","suicide","singlestim","123","125966","352","â€šÃ³Ã¨","67","dotpositionleft","singlestim","124","126369","c","left","correct","1","","1","trialend","singlestim","125","127382"
"5734","Subject96","1","strongstrong","1","strong","positionleft","validityvalid","test","3","positive","singlestim","127","129385","399","â€šÃ³Ã¨","67","dotpositionleft","singlestim","128","129836","c","left","correct","1","","1","trialend","singlestim","129","130850"
"6031","Subject96","1","closetcloset","1","closet","positionright","validityinvalid","test","3","neutral","singlestim","131","132853","338","â€šÃ³Ã¨","67","dotpositionleft","singlestim","132","133242","c","left","correct","1","","1","trialend","singlestim","133","134254"
"6328","Subject96","1","deaddead","1","dead","positionleft","validityinvalid","test","3","suicide","singlestim","135","136259","489","â€šÃ³Ã¨","77","dotpositionright","singlestim","136","136799","m","right","correct","1","","1","trialend","singlestim","137","137811"
"6625","Subject96","1","greengreen","1","green","positionright","validityvalid","test","3","neutral","singlestim","139","139813","280","â€šÃ³Ã¨","77","dotpositionright","singlestim","140","140146","m","right","correct","1","","1","trialend","singlestim","141","141158"
"6922","Subject96","1","kisskiss","1","kiss","positionright","validityinvalid","test","3","positive","singlestim","143","143161","326","â€šÃ³Ã¨","67","dotpositionleft","singlestim","144","143537","c","left","correct","1","","1","trialend","singlestim","145","144549"
"7219","Subject96","1","happyhappy","1","happy","positionright","validityvalid","test","3","positive","singlestim","147","146553","275","â€šÃ³Ã¨","77","dotpositionright","singlestim","148","146880","m","right","correct","1","","1","trialend","singlestim","149","147891"
"7516","Subject96","1","bombbomb","1","bomb","positionright","validityvalid","test","3","negative","singlestim","151","149895","349","â€šÃ³Ã¨","77","dotpositionright","singlestim","152","150296","m","right","correct","1","","1","trialend","singlestim","153","151307"
"7813","Subject96","1","diedie","1","die","positionright","validityvalid","test","3","suicide","singlestim","155","153311","281","â€šÃ³Ã¨","77","dotpositionright","singlestim","156","153643","m","right","correct","1","","1","trialend","singlestim","157","154654"
"8110","Subject96","1","museummuseum","1","museum","positionleft","validityvalid","test","3","neutral","singlestim","159","156657","436","â€šÃ³Ã¨","67","dotpositionleft","singlestim","160","157145","c","left","correct","1","","1","trialend","singlestim","161","158157"
"8407","Subject96","1","rejectedrejected","1","rejected","positionright","validityvalid","test","3","negative","singlestim","163","160160","374","â€šÃ³Ã¨","77","dotpositionright","singlestim","164","160585","m","right","correct","1","","1","trialend","singlestim","165","161598"
"8704","Subject96","1","touretoure","1","toure","positionleft","validityvalid","test","3","negative","singlestim","167","163601","350","â€šÃ³Ã¨","67","dotpositionleft","singlestim","168","164002","c","left","correct","1","","1","trialend","singlestim","169","165014"
"9001","Subject96","1","assaultassault","1","assault","positionleft","validityinvalid","test","3","negative","singlestim","171","167017","424","â€šÃ³Ã¨","77","dotpositionright","singlestim","172","167494","m","right","correct","1","","1","trialend","singlestim","173","168505"
"9298","Subject96","1","metermeter","1","meter","positionleft","validityvalid","test","3","neutral","singlestim","175","170509","320","â€šÃ³Ã¨","67","dotpositionleft","singlestim","176","170881","c","left","correct","1","","1","trialend","singlestim","177","171892"
"9595","Subject96","1","hanginghanging","1","hanging","positionleft","validityvalid","test","4","suicide","singlestim","179","173896","773","â€šÃ³Ã¨","67","dotpositionleft","singlestim","180","174720","c","left","correct","1","","1","trialend","singlestim","181","175732"
"9892","Subject96","447","wohlesswohless","77","wohless","positionright","validityvalid","test","4","negative","singlestim","183","177736","367","â€šÃ³Ã¨","77","dotpositionright","singlestim","184","178155","m","right","correct","1","","1","trialend","singlestim","185","179167"
"10189","Subject96","1","stupidstupid","1","stupid","positionleft","validityvalid","test","4","negative","singlestim","187","181171","395","â€šÃ³Ã¨","67","dotpositionleft","singlestim","188","181617","c","left","correct","1","","1","trialend","singlestim","189","182629"
"10486","Subject96","1","passionatepassionate","1","passionate","positionleft","validityinvalid","test","4","positive","singlestim","191","184633","373","â€šÃ³Ã¨","77","dotpositionright","singlestim","192","185058","m","right","correct","1","","1","trialend","singlestim","193","186071"
"10783","Subject96","1","successsuccess","1","success","positionleft","validityvalid","test","4","positive","singlestim","195","188074","385","â€šÃ³Ã¨","67","dotpositionleft","singlestim","196","188510","c","left","correct","1","","1","trialend","singlestim","197","189522"
"11080","Subject96","1","killingkilling","1","killing","positionleft","validityvalid","test","4","suicide","singlestim","199","191527","303","â€šÃ³Ã¨","67","dotpositionleft","singlestim","200","191881","c","left","correct","1","","1","trialend","singlestim","201","192893"
"11377","Subject96","1","structurestructure","1","structure","positionright","validityvalid","test","4","neutral","singlestim","203","194898","299","â€šÃ³Ã¨","77","dotpositionright","singlestim","204","195248","m","right","correct","1","","1","trialend","singlestim","205","196262"
"11674","Subject96","1","ecstaticecstatic","1","ecstatic","positionright","validityvalid","test","4","positive","singlestim","207","198264","449","â€šÃ³Ã¨","77","dotpositionright","singlestim","208","198765","m","right","correct","1","","1","trialend","singlestim","209","199777"
"11971","Subject96","1","ashamedashamed","1","ashamed","positionright","validityinvalid","test","4","negative","singlestim","211","201782","332","â€šÃ³Ã¨","67","dotpositionleft","singlestim","212","202167","c","left","correct","1","","1","trialend","singlestim","213","203180"
"12268","Subject96","1","deceaseddeceased","1","deceased","positionright","validityvalid","test","4","suicide","singlestim","215","205184","557","â€šÃ³Ã¨","77","dotpositionright","singlestim","216","205794","m","right","correct","1","","1","trialend","singlestim","217","206807"
"12565","Subject96","1","frameframe","1","frame","positionleft","validityinvalid","test","4","neutral","singlestim","219","208810","355","â€šÃ³Ã¨","77","dotpositionright","singlestim","220","209216","m","right","correct","1","","1","trialend","singlestim","221","210230"
"12862","Subject96","1","alonealone","1","alone","positionleft","validityvalid","test","4","negative","singlestim","223","212233","449","â€šÃ³Ã¨","67","dotpositionleft","singlestim","224","212732","c","left","correct","1","","1","trialend","singlestim","225","213745"
"13159","Subject96","1","laughlaugh","1","laugh","positionright","validityvalid","test","4","positive","singlestim","227","215748","300","â€šÃ³Ã¨","77","dotpositionright","singlestim","228","216099","m","right","correct","1","","1","trialend","singlestim","229","217111"
"13456","Subject96","1","engineengine","1","engine","positionleft","validityvalid","test","4","neutral","singlestim","231","219114","396","â€šÃ³Ã¨","67","dotpositionleft","singlestim","232","219561","c","left","correct","1","","1","trialend","singlestim","233","220574"
"13753","Subject96","1","doubledouble","1","double","positionright","validityvalid","test","4","neutral","singlestim","235","222576","275","â€šÃ³Ã¨","77","dotpositionright","singlestim","236","222902","m","right","correct","1","","1","trialend","singlestim","237","223914"
"14050","Subject96","1","suicidesuicide","1","suicide","positionright","validityinvalid","test","4","suicide","singlestim","239","225917","327","â€šÃ³Ã¨","67","dotpositionleft","singlestim","240","226295","c","left","correct","1","","1","trialend","singlestim","241","227306"
"14347","Subject96","1","statuestatue","1","statue","positionright","validityinvalid","test","1","neutral","singlestim","243","229310","330","â€šÃ³Ã¨","67","dotpositionleft","singlestim","244","229691","c","left","correct","1","","1","trialend","singlestim","245","230705"
"14644","Subject96","1","vomitvomit","1","vomit","positionleft","validityvalid","test","1","negative","singlestim","247","232709","357","â€šÃ³Ã¨","67","dotpositionleft","singlestim","248","233118","c","left","correct","1","","1","trialend","singlestim","249","234130"
"14941","Subject96","1","cheesecheese","1","cheese","positionright","validityvalid","test","1","neutral","singlestim","251","236133","422","â€šÃ³Ã¨","77","dotpositionright","singlestim","252","236606","m","right","correct","1","","1","trialend","singlestim","253","237618"
"15238","Subject96","1","patheticpathetic","1","pathetic","positionleft","validityvalid","test","1","negative","singlestim","255","239620","392","â€šÃ³Ã¨","67","dotpositionleft","singlestim","256","240063","c","left","correct","1","","1","trialend","singlestim","257","241076"
"15535","Subject96","1","greatgreat","1","great","positionright","validityvalid","test","1","positive","singlestim","259","243078","320","â€šÃ³Ã¨","77","dotpositionright","singlestim","260","243449","m","right","correct","1","","1","trialend","singlestim","261","244462"
"15832","Subject96","1","healthyhealthy","1","healthy","positionleft","validityinvalid","test","1","positive","singlestim","263","246465","443","â€šÃ³Ã¨","77","dotpositionright","singlestim","264","246961","m","right","correct","1","","1","trialend","singlestim","265","247974"
"16129","Subject96","1","funeralfuneral","1","funeral","positionright","validityvalid","test","1","suicide","singlestim","267","249978","334","â€šÃ³Ã¨","77","dotpositionright","singlestim","268","250363","m","right","correct","1","","1","trialend","singlestim","269","251376"
"16426","Subject96","1","gunshotgunshot","1","gunshot","positionright","validityvalid","test","1","suicide","singlestim","271","253379","335","â€šÃ³Ã¨","77","dotpositionright","singlestim","272","253765","m","right","correct","1","","1","trialend","singlestim","273","254776"
"16723","Subject96","1","paradiseparadise","1","paradise","positionleft","validityvalid","test","1","positive","singlestim","275","256778","351","â€šÃ³Ã¨","67","dotpositionleft","singlestim","276","257182","c","left","correct","1","","1","trialend","singlestim","277","258195"
"17020","Subject96","1","bloodblood","1","blood","positionleft","validityvalid","test","1","suicide","singlestim","279","260197","302","â€šÃ³Ã¨","67","dotpositionleft","singlestim","280","260550","c","left","correct","1","","1","trialend","singlestim","281","261562"
"17317","Subject96","1","suffocationsuffocation","1","suffocation","positionleft","validityinvalid","test","1","suicide","singlestim","283","263565","405","â€šÃ³Ã¨","77","dotpositionright","singlestim","284","264021","m","right","correct","1","","1","trialend","singlestim","285","265032"
"17614","Subject96","1","imageimage","1","image","positionleft","validityvalid","test","1","neutral","singlestim","287","267034","307","â€šÃ³Ã¨","67","dotpositionleft","singlestim","288","267392","c","left","correct","1","","1","trialend","singlestim","289","268405"
"17911","Subject96","1","attractionattraction","1","attraction","positionright","validityvalid","test","1","positive","singlestim","291","270407","316","â€šÃ³Ã¨","77","dotpositionright","singlestim","292","270775","m","right","correct","1","","1","trialend","singlestim","293","271786"
"18208","Subject96","1","cryingcrying","1","crying","positionright","validityvalid","test","1","negative","singlestim","295","273790","315","â€šÃ³Ã¨","77","dotpositionright","singlestim","296","274157","m","right","correct","1","","1","trialend","singlestim","297","275169"
"18505","Subject96","1","foldedfolded","1","folded","positionleft","validityvalid","test","1","neutral","singlestim","299","277172","280","â€šÃ³Ã¨","67","dotpositionleft","singlestim","300","277503","c","left","correct","1","","1","trialend","singlestim","301","278516"
"18802","Subject96","1","hatehate","1","hate","positionright","validityinvalid","test","1","negative","singlestim","303","280518","415","â€šÃ³Ã¨","67","dotpositionleft","singlestim","304","280985","c","left","correct","1","","1","trialend","singlestim","305","281998"
