"","SubjectID","rt","stimulus","keypress","word","wordposition","validity","block","blocknum","wordtype","trialtype","trialindex","timeelapsed","rt.1","stimulus.1","keypress.1","dotposition","trialtype.1","trialindex.1","timeelapsed.1","keypressed","participantresponse","correctresponse","rt.2","stimulus.2","keypress.2","blocktrial","trialtype.2","trialindex.2","timeelapsed.2"
"193","Subject224","1","stupidstupid","1","stupid","positionleft","validityvalid","test","4","negative","singlestim","51","83815","365","â€šÃ³Ã¨","67","dotpositionleft","singlestim","52","84231","c","left","correct","1","","1","trialend","singlestim","53","85245"
"490","Subject224","1","doubledouble","1","double","positionright","validityvalid","test","4","neutral","singlestim","55","87247","378","â€šÃ³Ã¨","77","dotpositionright","singlestim","56","87676","m","right","correct","1","","1","trialend","singlestim","57","88689"
"787","Subject224","1","engineengine","1","engine","positionleft","validityvalid","test","4","neutral","singlestim","59","90692","328","â€šÃ³Ã¨","67","dotpositionleft","singlestim","60","91071","c","left","correct","1","","1","trialend","singlestim","61","92084"
"1084","Subject224","1","killingkilling","1","killing","positionleft","validityvalid","test","4","suicide","singlestim","63","94087","338","â€šÃ³Ã¨","67","dotpositionleft","singlestim","64","94477","c","left","correct","1","","1","trialend","singlestim","65","95490"
"1381","Subject224","1","successsuccess","1","success","positionleft","validityvalid","test","4","positive","singlestim","67","97494","356","â€šÃ³Ã¨","67","dotpositionleft","singlestim","68","97902","c","left","correct","1","","1","trialend","singlestim","69","98916"
"1678","Subject224","1","suicidesuicide","1","suicide","positionright","validityinvalid","test","4","suicide","singlestim","71","100919","338","â€šÃ³Ã¨","67","dotpositionleft","singlestim","72","101310","c","left","correct","1","","1","trialend","singlestim","73","102321"
"1975","Subject224","1","wohlesswohless","1","wohless","positionright","validityvalid","test","4","negative","singlestim","75","104326","285","â€šÃ³Ã¨","77","dotpositionright","singlestim","76","104663","m","right","correct","1","","1","trialend","singlestim","77","105675"
"2272","Subject224","1","alonealone","1","alone","positionleft","validityvalid","test","4","negative","singlestim","79","107678","344","â€šÃ³Ã¨","67","dotpositionleft","singlestim","80","108074","c","left","correct","1","","1","trialend","singlestim","81","109086"
"2569","Subject224","1","frameframe","1","frame","positionleft","validityinvalid","test","4","neutral","singlestim","83","111089","322","â€šÃ³Ã¨","77","dotpositionright","singlestim","84","111463","m","right","correct","1","","1","trialend","singlestim","85","112475"
"2866","Subject224","1","hanginghanging","1","hanging","positionleft","validityvalid","test","4","suicide","singlestim","87","114477","355","â€šÃ³Ã¨","67","dotpositionleft","singlestim","88","114883","c","left","correct","1","","1","trialend","singlestim","89","115896"
"3163","Subject224","1","ashamedashamed","1","ashamed","positionright","validityinvalid","test","4","negative","singlestim","91","117899","314","â€šÃ³Ã¨","67","dotpositionleft","singlestim","92","118266","c","left","correct","1","","1","trialend","singlestim","93","119279"
"3460","Subject224","1","structurestructure","1","structure","positionright","validityvalid","test","4","neutral","singlestim","95","121283","341","â€šÃ³Ã¨","77","dotpositionright","singlestim","96","121674","m","right","correct","1","","1","trialend","singlestim","97","122687"
"3757","Subject224","1","deceaseddeceased","1","deceased","positionright","validityvalid","test","4","suicide","singlestim","99","124692","341","â€šÃ³Ã¨","77","dotpositionright","singlestim","100","125084","m","right","correct","1","","1","trialend","singlestim","101","126096"
"4054","Subject224","1","ecstaticecstatic","1","ecstatic","positionright","validityvalid","test","4","positive","singlestim","103","128101","307","â€šÃ³Ã¨","77","dotpositionright","singlestim","104","128459","m","right","correct","1","","1","trialend","singlestim","105","129473"
"4351","Subject224","1","passionatepassionate","1","passionate","positionleft","validityinvalid","test","4","positive","singlestim","107","131477","284","â€šÃ³Ã¨","77","dotpositionright","singlestim","108","131812","m","right","correct","1","","1","trialend","singlestim","109","132824"
"4648","Subject224","1","laughlaugh","1","laugh","positionright","validityvalid","test","4","positive","singlestim","111","134830","283","â€šÃ³Ã¨","77","dotpositionright","singlestim","112","135163","m","right","correct","1","","1","trialend","singlestim","113","136174"
"4945","Subject224","1","paradiseparadise","1","paradise","positionleft","validityvalid","test","1","positive","singlestim","115","138178","414","â€šÃ³Ã¨","67","dotpositionleft","singlestim","116","138645","c","left","correct","1","","1","trialend","singlestim","117","139657"
"5242","Subject224","1","cheesecheese","1","cheese","positionright","validityvalid","test","1","neutral","singlestim","119","141659","324","â€šÃ³Ã¨","77","dotpositionright","singlestim","120","142035","m","right","correct","1","","1","trialend","singlestim","121","143047"
"5539","Subject224","1","healthyhealthy","1","healthy","positionleft","validityinvalid","test","1","positive","singlestim","123","145050","287","â€šÃ³Ã¨","77","dotpositionright","singlestim","124","145388","m","right","correct","1","","1","trialend","singlestim","125","146400"
"5836","Subject224","1","funeralfuneral","1","funeral","positionright","validityvalid","test","1","suicide","singlestim","127","148404","362","â€šÃ³Ã¨","77","dotpositionright","singlestim","128","148820","m","right","correct","1","","1","trialend","singlestim","129","149831"
"6133","Subject224","1","statuestatue","1","statue","positionright","validityinvalid","test","1","neutral","singlestim","131","151834","328","â€šÃ³Ã¨","67","dotpositionleft","singlestim","132","152214","c","left","correct","1","","1","trialend","singlestim","133","153227"
"6430","Subject224","1","hatehate","1","hate","positionright","validityinvalid","test","1","negative","singlestim","135","155230","311","â€šÃ³Ã¨","67","dotpositionleft","singlestim","136","155593","c","left","correct","1","","1","trialend","singlestim","137","156606"
"6727","Subject224","1","cryingcrying","1","crying","positionright","validityvalid","test","1","negative","singlestim","139","158608","342","â€šÃ³Ã¨","77","dotpositionright","singlestim","140","159001","m","right","correct","1","","1","trialend","singlestim","141","160015"
"7024","Subject224","1","patheticpathetic","1","pathetic","positionleft","validityvalid","test","1","negative","singlestim","143","162017","337","â€šÃ³Ã¨","67","dotpositionleft","singlestim","144","162406","c","left","correct","1","","1","trialend","singlestim","145","163418"
"7321","Subject224","1","suffocationsuffocation","1","suffocation","positionleft","validityinvalid","test","1","suicide","singlestim","147","165421","440","â€šÃ³Ã¨","77","dotpositionright","singlestim","148","165911","m","right","correct","1","","1","trialend","singlestim","149","166924"
"7618","Subject224","1","greatgreat","1","great","positionright","validityvalid","test","1","positive","singlestim","151","168927","333","â€šÃ³Ã¨","77","dotpositionright","singlestim","152","169311","m","right","correct","1","","1","trialend","singlestim","153","170324"
"7915","Subject224","1","attractionattraction","1","attraction","positionright","validityvalid","test","1","positive","singlestim","155","172329","338","â€šÃ³Ã¨","77","dotpositionright","singlestim","156","172718","m","right","correct","1","","1","trialend","singlestim","157","173730"
"8212","Subject224","1","foldedfolded","1","folded","positionleft","validityvalid","test","1","neutral","singlestim","159","175735","383","â€šÃ³Ã¨","67","dotpositionleft","singlestim","160","176170","c","left","correct","1","","1","trialend","singlestim","161","177181"
"8509","Subject224","1","gunshotgunshot","1","gunshot","positionright","validityvalid","test","1","suicide","singlestim","163","179185","365","â€šÃ³Ã¨","77","dotpositionright","singlestim","164","179602","m","right","correct","1","","1","trialend","singlestim","165","180613"
"8806","Subject224","1","bloodblood","1","blood","positionleft","validityvalid","test","1","suicide","singlestim","167","182616","316","â€šÃ³Ã¨","67","dotpositionleft","singlestim","168","182982","c","left","correct","1","","1","trialend","singlestim","169","183994"
"9103","Subject224","1","vomitvomit","1","vomit","positionleft","validityvalid","test","1","negative","singlestim","171","185998","378","â€šÃ³Ã¨","67","dotpositionleft","singlestim","172","186427","c","left","correct","1","","1","trialend","singlestim","173","187440"
"9400","Subject224","1","imageimage","1","image","positionleft","validityvalid","test","1","neutral","singlestim","175","189443","352","â€šÃ³Ã¨","67","dotpositionleft","singlestim","176","189846","c","left","correct","1","","1","trialend","singlestim","177","190858"
"9697","Subject224","1","foamfoam","1","foam","positionright","validityvalid","test","2","neutral","singlestim","179","192861","328","â€šÃ³Ã¨","77","dotpositionright","singlestim","180","193240","m","right","correct","1","","1","trialend","singlestim","181","194252"
"9994","Subject224","1","tabletable","1","table","positionright","validityvalid","test","2","neutral","singlestim","183","196254","333","â€šÃ³Ã¨","77","dotpositionright","singlestim","184","196638","m","right","correct","1","","1","trialend","singlestim","185","197651"
"10291","Subject224","1","horsehorse","1","horse","positionleft","validityinvalid","test","2","neutral","singlestim","187","199655","367","â€šÃ³Ã¨","77","dotpositionright","singlestim","188","200073","m","right","correct","1","","1","trialend","singlestim","189","201085"
"10588","Subject224","1","noosenoose","1","noose","positionleft","validityvalid","test","2","suicide","singlestim","191","203089","456","â€šÃ³Ã¨","67","dotpositionleft","singlestim","192","203597","c","left","correct","1","","1","trialend","singlestim","193","204612"
"10885","Subject224","1","cruelcruel","1","cruel","positionright","validityvalid","test","2","negative","singlestim","195","206614","367","â€šÃ³Ã¨","77","dotpositionright","singlestim","196","207032","m","right","correct","1","","1","trialend","singlestim","197","208046"
"11182","Subject224","1","corpsecorpse","1","corpse","positionleft","validityvalid","test","2","suicide","singlestim","199","210049","281","â€šÃ³Ã¨","67","dotpositionleft","singlestim","200","210380","c","left","correct","1","","1","trialend","singlestim","201","211392"
"11479","Subject224","1","abuseabuse","1","abuse","positionright","validityvalid","test","2","negative","singlestim","203","213398","393","â€šÃ³Ã¨","77","dotpositionright","singlestim","204","213843","m","right","correct","1","","1","trialend","singlestim","205","214855"
"11776","Subject224","1","lovelove","1","love","positionright","validityinvalid","test","2","positive","singlestim","207","216856","389","â€šÃ³Ã¨","67","dotpositionleft","singlestim","208","217297","c","left","correct","1","","1","trialend","singlestim","209","218311"
"12073","Subject224","1","enthusiasmenthusiasm","1","enthusiasm","positionright","validityvalid","test","2","positive","singlestim","211","220314","375","â€šÃ³Ã¨","77","dotpositionright","singlestim","212","220741","m","right","correct","1","","1","trialend","singlestim","213","221754"
"12370","Subject224","1","pleasurepleasure","1","pleasure","positionleft","validityvalid","test","2","positive","singlestim","215","223758","373","â€šÃ³Ã¨","67","dotpositionleft","singlestim","216","224181","c","left","correct","1","","1","trialend","singlestim","217","225192"
"12667","Subject224","1","overdoseoverdose","1","overdose","positionright","validityinvalid","test","2","suicide","singlestim","219","227195","301","â€šÃ³Ã¨","67","dotpositionleft","singlestim","220","227550","c","left","correct","1","","1","trialend","singlestim","221","228562"
"12964","Subject224","1","filthyfilthy","1","filthy","positionleft","validityinvalid","test","2","negative","singlestim","223","230566","436","â€šÃ³Ã¨","77","dotpositionright","singlestim","224","231055","m","right","correct","1","","1","trialend","singlestim","225","232068"
"13261","Subject224","1","braverybravery","1","bravery","positionleft","validityvalid","test","2","positive","singlestim","227","234070","295","â€šÃ³Ã¨","67","dotpositionleft","singlestim","228","234417","c","left","correct","1","","1","trialend","singlestim","229","235431"
"13558","Subject224","1","deathdeath","1","death","positionright","validityvalid","test","2","suicide","singlestim","231","237432","316","â€šÃ³Ã¨","77","dotpositionright","singlestim","232","237801","m","right","correct","1","","1","trialend","singlestim","233","238813"
"13855","Subject224","1","paperpaper","1","paper","positionleft","validityvalid","test","2","neutral","singlestim","235","240815","331","â€šÃ³Ã¨","67","dotpositionleft","singlestim","236","241198","c","left","correct","1","","1","trialend","singlestim","237","242212"
"14152","Subject224","1","failurefailure","1","failure","positionleft","validityvalid","test","2","negative","singlestim","239","244215","276","â€šÃ³Ã¨","67","dotpositionleft","singlestim","240","244543","c","left","correct","1","","1","trialend","singlestim","241","245554"
"14449","Subject224","1","deaddead","1","dead","positionleft","validityinvalid","test","3","suicide","singlestim","243","247557","332","â€šÃ³Ã¨","77","dotpositionright","singlestim","244","247940","m","right","correct","1","","1","trialend","singlestim","245","248952"
"14746","Subject224","1","bombbomb","1","bomb","positionright","validityvalid","test","3","negative","singlestim","247","250955","438","â€šÃ³Ã¨","77","dotpositionright","singlestim","248","251443","m","right","correct","1","","1","trialend","singlestim","249","252454"
"15043","Subject224","1","rejectedrejected","1","rejected","positionright","validityvalid","test","3","negative","singlestim","251","254457","330","â€šÃ³Ã¨","77","dotpositionright","singlestim","252","254838","m","right","correct","1","","1","trialend","singlestim","253","255849"
"15340","Subject224","1","kisskiss","1","kiss","positionright","validityinvalid","test","3","positive","singlestim","255","257853","334","â€šÃ³Ã¨","67","dotpositionleft","singlestim","256","258238","c","left","correct","1","","1","trialend","singlestim","257","259250"
"15637","Subject224","1","dyingdying","1","dying","positionleft","validityvalid","test","3","suicide","singlestim","259","261255","341","â€šÃ³Ã¨","67","dotpositionleft","singlestim","260","261647","c","left","correct","1","","1","trialend","singlestim","261","262661"
"15934","Subject224","1","metermeter","1","meter","positionleft","validityvalid","test","3","neutral","singlestim","263","264664","365","â€šÃ³Ã¨","67","dotpositionleft","singlestim","264","265080","c","left","correct","1","","1","trialend","singlestim","265","266092"
"16231","Subject224","1","happyhappy","1","happy","positionright","validityvalid","test","3","positive","singlestim","267","268096","348","â€šÃ³Ã¨","77","dotpositionright","singlestim","268","268496","m","right","correct","1","","1","trialend","singlestim","269","269510"
"16528","Subject224","1","diedie","1","die","positionright","validityvalid","test","3","suicide","singlestim","271","271514","295","â€šÃ³Ã¨","77","dotpositionright","singlestim","272","271861","m","right","correct","1","","1","trialend","singlestim","273","272874"
"16825","Subject224","1","cuttingcutting","1","cutting","positionright","validityvalid","test","3","suicide","singlestim","275","274876","320","â€šÃ³Ã¨","77","dotpositionright","singlestim","276","275247","m","right","correct","1","","1","trialend","singlestim","277","276261"
"17122","Subject224","1","strongstrong","1","strong","positionleft","validityvalid","test","3","positive","singlestim","279","278264","341","â€šÃ³Ã¨","67","dotpositionleft","singlestim","280","278656","c","left","correct","1","","1","trialend","singlestim","281","279669"
"17419","Subject224","1","touretoure","1","toure","positionleft","validityvalid","test","3","negative","singlestim","283","281672","355","â€šÃ³Ã¨","67","dotpositionleft","singlestim","284","282079","c","left","correct","1","","1","trialend","singlestim","285","283092"
"17716","Subject224","1","smilesmile","1","smile","positionleft","validityvalid","test","3","positive","singlestim","287","285095","350","â€šÃ³Ã¨","67","dotpositionleft","singlestim","288","285496","c","left","correct","1","","1","trialend","singlestim","289","286507"
"18013","Subject224","1","assaultassault","1","assault","positionleft","validityinvalid","test","3","negative","singlestim","291","288513","305","â€šÃ³Ã¨","77","dotpositionright","singlestim","292","288870","m","right","correct","1","","1","trialend","singlestim","293","289882"
"18310","Subject224","1","greengreen","1","green","positionright","validityvalid","test","3","neutral","singlestim","295","291885","330","â€šÃ³Ã¨","77","dotpositionright","singlestim","296","292267","m","right","correct","1","","1","trialend","singlestim","297","293279"
"18607","Subject224","1","closetcloset","1","closet","positionright","validityinvalid","test","3","neutral","singlestim","299","295282","312","â€šÃ³Ã¨","67","dotpositionleft","singlestim","300","295645","c","left","correct","1","","1","trialend","singlestim","301","296657"
"18904","Subject224","1","museummuseum","1","museum","positionleft","validityvalid","test","3","neutral","singlestim","303","298661","329","â€šÃ³Ã¨","67","dotpositionleft","singlestim","304","299043","c","left","correct","1","","1","trialend","singlestim","305","300056"
