"","SubjectID","rt","stimulus","keypress","word","wordposition","validity","block","blocknum","wordtype","trialtype","trialindex","timeelapsed","rt.1","stimulus.1","keypress.1","dotposition","trialtype.1","trialindex.1","timeelapsed.1","keypressed","participantresponse","correctresponse","rt.2","stimulus.2","keypress.2","blocktrial","trialtype.2","trialindex.2","timeelapsed.2"
"68","Subject71","1","abuseabuse","1","abuse","positionright","validityvalid","test","2","negative","singlestim","51","60015","412","â€šÃ³Ã¨","77","dotpositionright","singlestim","52","60481","m","right","correct","1","","1","trialend","singlestim","53","61497"
"365","Subject71","1","noosenoose","1","noose","positionleft","validityvalid","test","2","suicide","singlestim","55","63502","505","â€šÃ³Ã¨","67","dotpositionleft","singlestim","56","64060","c","left","correct","1","","1","trialend","singlestim","57","65073"
"662","Subject71","1","deathdeath","1","death","positionright","validityvalid","test","2","suicide","singlestim","59","67080","363","â€šÃ³Ã¨","77","dotpositionright","singlestim","60","67495","m","right","correct","1","","1","trialend","singlestim","61","68514"
"959","Subject71","1","paperpaper","1","paper","positionleft","validityvalid","test","2","neutral","singlestim","63","70519","359","â€šÃ³Ã¨","67","dotpositionleft","singlestim","64","70930","c","left","correct","1","","1","trialend","singlestim","65","71948"
"1256","Subject71","1","foamfoam","1","foam","positionright","validityvalid","test","2","neutral","singlestim","67","73954","393","â€šÃ³Ã¨","77","dotpositionright","singlestim","68","74399","m","right","correct","1","","1","trialend","singlestim","69","75411"
"1553","Subject71","1","pleasurepleasure","1","pleasure","positionleft","validityvalid","test","2","positive","singlestim","71","77419","384","â€šÃ³Ã¨","67","dotpositionleft","singlestim","72","77855","c","left","correct","1","","1","trialend","singlestim","73","78876"
"1850","Subject71","1","cruelcruel","1","cruel","positionright","validityvalid","test","2","negative","singlestim","75","80881","405","â€šÃ³Ã¨","77","dotpositionright","singlestim","76","81338","m","right","correct","1","","1","trialend","singlestim","77","82357"
"2147","Subject71","1","overdoseoverdose","1","overdose","positionright","validityinvalid","test","2","suicide","singlestim","79","84361","369","â€šÃ³Ã¨","67","dotpositionleft","singlestim","80","84781","c","left","correct","1","","1","trialend","singlestim","81","85797"
"2444","Subject71","1","lovelove","1","love","positionright","validityinvalid","test","2","positive","singlestim","83","87801","376","â€šÃ³Ã¨","67","dotpositionleft","singlestim","84","88231","c","left","correct","1","","1","trialend","singlestim","85","89245"
"2741","Subject71","1","corpsecorpse","1","corpse","positionleft","validityvalid","test","2","suicide","singlestim","87","91254","448","â€šÃ³Ã¨","67","dotpositionleft","singlestim","88","91754","c","left","correct","1","","1","trialend","singlestim","89","92771"
"3038","Subject71","1","enthusiasmenthusiasm","1","enthusiasm","positionright","validityvalid","test","2","positive","singlestim","91","94776","375","â€šÃ³Ã¨","77","dotpositionright","singlestim","92","95202","m","right","correct","1","","1","trialend","singlestim","93","96220"
"3335","Subject71","1","tabletable","1","table","positionright","validityvalid","test","2","neutral","singlestim","95","98225","384","â€šÃ³Ã¨","77","dotpositionright","singlestim","96","98660","m","right","correct","1","","1","trialend","singlestim","97","99675"
"3632","Subject71","1","failurefailure","1","failure","positionleft","validityvalid","test","2","negative","singlestim","99","101680","355","â€šÃ³Ã¨","67","dotpositionleft","singlestim","100","102088","c","left","correct","1","","1","trialend","singlestim","101","103106"
"3929","Subject71","1","filthyfilthy","1","filthy","positionleft","validityinvalid","test","2","negative","singlestim","103","105116","324","â€šÃ³Ã¨","77","dotpositionright","singlestim","104","105491","m","right","correct","1","","1","trialend","singlestim","105","106506"
"4226","Subject71","1","braverybravery","1","bravery","positionleft","validityvalid","test","2","positive","singlestim","107","108512","368","â€šÃ³Ã¨","67","dotpositionleft","singlestim","108","108933","c","left","correct","1","","1","trialend","singlestim","109","109949"
"4523","Subject71","1","horsehorse","1","horse","positionleft","validityinvalid","test","2","neutral","singlestim","111","111953","378","â€šÃ³Ã¨","77","dotpositionright","singlestim","112","112385","m","right","correct","1","","1","trialend","singlestim","113","113400"
"4820","Subject71","1","deaddead","1","dead","positionleft","validityinvalid","test","3","suicide","singlestim","115","115410","351","â€šÃ³Ã¨","77","dotpositionright","singlestim","116","115813","m","right","correct","1","","1","trialend","singlestim","117","116831"
"5117","Subject71","1","assaultassault","1","assault","positionleft","validityinvalid","test","3","negative","singlestim","119","118837","390","â€šÃ³Ã¨","77","dotpositionright","singlestim","120","119281","m","right","correct","1","","1","trialend","singlestim","121","120295"
"5414","Subject71","1","rejectedrejected","1","rejected","positionright","validityvalid","test","3","negative","singlestim","123","122303","357","â€šÃ³Ã¨","77","dotpositionright","singlestim","124","122714","m","right","correct","1","","1","trialend","singlestim","125","123729"
"5711","Subject71","1","kisskiss","1","kiss","positionright","validityinvalid","test","3","positive","singlestim","127","125734","316","â€šÃ³Ã¨","67","dotpositionleft","singlestim","128","126105","c","left","correct","1","","1","trialend","singlestim","129","127120"
"6008","Subject71","1","closetcloset","1","closet","positionright","validityinvalid","test","3","neutral","singlestim","131","129124","351","â€šÃ³Ã¨","67","dotpositionleft","singlestim","132","129527","c","left","correct","1","","1","trialend","singlestim","133","130542"
"6305","Subject71","1","touretoure","1","toure","positionleft","validityvalid","test","3","negative","singlestim","135","132550","325","â€šÃ³Ã¨","67","dotpositionleft","singlestim","136","132928","c","left","correct","1","","1","trialend","singlestim","137","133941"
"6602","Subject71","1","museummuseum","1","museum","positionleft","validityvalid","test","3","neutral","singlestim","139","135946","322","â€šÃ³Ã¨","67","dotpositionleft","singlestim","140","136322","c","left","correct","1","","1","trialend","singlestim","141","137338"
"6899","Subject71","1","strongstrong","1","strong","positionleft","validityvalid","test","3","positive","singlestim","143","139346","342","â€šÃ³Ã¨","67","dotpositionleft","singlestim","144","139742","c","left","correct","1","","1","trialend","singlestim","145","140758"
"7196","Subject71","1","bombbomb","1","bomb","positionright","validityvalid","test","3","negative","singlestim","147","142763","314","â€šÃ³Ã¨","77","dotpositionright","singlestim","148","143131","m","right","correct","1","","1","trialend","singlestim","149","144149"
"7493","Subject71","1","cuttingcutting","1","cutting","positionright","validityvalid","test","3","suicide","singlestim","151","146154","382","â€šÃ³Ã¨","77","dotpositionright","singlestim","152","146587","m","right","correct","1","","1","trialend","singlestim","153","147606"
"7790","Subject71","1","diedie","1","die","positionright","validityvalid","test","3","suicide","singlestim","155","149611","424","â€šÃ³Ã¨","77","dotpositionright","singlestim","156","150086","m","right","correct","1","","1","trialend","singlestim","157","151102"
"8087","Subject71","1","smilesmile","1","smile","positionleft","validityvalid","test","3","positive","singlestim","159","153106","352","â€šÃ³Ã¨","67","dotpositionleft","singlestim","160","153516","c","left","correct","1","","1","trialend","singlestim","161","154528"
"8384","Subject71","1","metermeter","1","meter","positionleft","validityvalid","test","3","neutral","singlestim","163","156537","369","â€šÃ³Ã¨","67","dotpositionleft","singlestim","164","156960","c","left","correct","1","","1","trialend","singlestim","165","157971"
"8681","Subject71","1","dyingdying","1","dying","positionleft","validityvalid","test","3","suicide","singlestim","167","159981","307","â€šÃ³Ã¨","67","dotpositionleft","singlestim","168","160341","c","left","correct","1","","1","trialend","singlestim","169","161351"
"8978","Subject71","1","happyhappy","1","happy","positionright","validityvalid","test","3","positive","singlestim","171","163355","413","â€šÃ³Ã¨","77","dotpositionright","singlestim","172","163820","m","right","correct","1","","1","trialend","singlestim","173","164836"
"9275","Subject71","1","greengreen","1","green","positionright","validityvalid","test","3","neutral","singlestim","175","166843","347","â€šÃ³Ã¨","77","dotpositionright","singlestim","176","167240","m","right","correct","1","","1","trialend","singlestim","177","168255"
"9572","Subject71","1","statuestatue","1","statue","positionright","validityinvalid","test","1","neutral","singlestim","179","170261","382","â€šÃ³Ã¨","67","dotpositionleft","singlestim","180","170694","c","left","correct","1","","1","trialend","singlestim","181","171712"
"9869","Subject71","1","bloodblood","1","blood","positionleft","validityvalid","test","1","suicide","singlestim","183","173719","297","â€šÃ³Ã¨","67","dotpositionleft","singlestim","184","174069","c","left","correct","1","","1","trialend","singlestim","185","175086"
"10166","Subject71","1","attractionattraction","1","attraction","positionright","validityvalid","test","1","positive","singlestim","187","177091","313","â€šÃ³Ã¨","77","dotpositionright","singlestim","188","177457","m","right","correct","1","","1","trialend","singlestim","189","178474"
"10463","Subject71","1","cheesecheese","1","cheese","positionright","validityvalid","test","1","neutral","singlestim","191","180480","364","â€šÃ³Ã¨","77","dotpositionright","singlestim","192","180896","m","right","correct","1","","1","trialend","singlestim","193","181911"
"10760","Subject71","1","suffocationsuffocation","1","suffocation","positionleft","validityinvalid","test","1","suicide","singlestim","195","183916","501","â€šÃ³Ã¨","77","dotpositionright","singlestim","196","184469","m","right","correct","1","","1","trialend","singlestim","197","185481"
"11057","Subject71","1","hatehate","1","hate","positionright","validityinvalid","test","1","negative","singlestim","199","187491","322","â€šÃ³Ã¨","67","dotpositionleft","singlestim","200","187865","c","left","correct","1","","1","trialend","singlestim","201","188883"
"11354","Subject71","1","funeralfuneral","1","funeral","positionright","validityvalid","test","1","suicide","singlestim","203","190888","313","â€šÃ³Ã¨","77","dotpositionright","singlestim","204","191252","m","right","correct","1","","1","trialend","singlestim","205","192267"
"11651","Subject71","1","patheticpathetic","1","pathetic","positionleft","validityvalid","test","1","negative","singlestim","207","194270","387","â€šÃ³Ã¨","67","dotpositionleft","singlestim","208","194708","c","left","correct","1","","1","trialend","singlestim","209","195722"
"11948","Subject71","1","paradiseparadise","1","paradise","positionleft","validityvalid","test","1","positive","singlestim","211","197727","379","â€šÃ³Ã¨","67","dotpositionleft","singlestim","212","198157","c","left","correct","1","","1","trialend","singlestim","213","199174"
"12245","Subject71","1","foldedfolded","1","folded","positionleft","validityvalid","test","1","neutral","singlestim","215","201182","350","â€šÃ³Ã¨","67","dotpositionleft","singlestim","216","201583","c","left","correct","1","","1","trialend","singlestim","217","202598"
"12542","Subject71","1","healthyhealthy","1","healthy","positionleft","validityinvalid","test","1","positive","singlestim","219","204602","445","â€šÃ³Ã¨","77","dotpositionright","singlestim","220","205098","m","right","correct","1","","1","trialend","singlestim","221","206114"
"12839","Subject71","1","imageimage","1","image","positionleft","validityvalid","test","1","neutral","singlestim","223","208117","360","â€šÃ³Ã¨","67","dotpositionleft","singlestim","224","208531","c","left","correct","1","","1","trialend","singlestim","225","209547"
"13136","Subject71","1","cryingcrying","1","crying","positionright","validityvalid","test","1","negative","singlestim","227","211552","324","â€šÃ³Ã¨","77","dotpositionright","singlestim","228","211928","m","right","correct","1","","1","trialend","singlestim","229","212944"
"13433","Subject71","1","vomitvomit","1","vomit","positionleft","validityvalid","test","1","negative","singlestim","231","214949","304","â€šÃ³Ã¨","67","dotpositionleft","singlestim","232","215306","c","left","correct","1","","1","trialend","singlestim","233","216321"
"13730","Subject71","1","gunshotgunshot","1","gunshot","positionright","validityvalid","test","1","suicide","singlestim","235","218323","317","â€šÃ³Ã¨","77","dotpositionright","singlestim","236","218691","m","right","correct","1","","1","trialend","singlestim","237","219706"
"14027","Subject71","1","greatgreat","1","great","positionright","validityvalid","test","1","positive","singlestim","239","221718","397","â€šÃ³Ã¨","77","dotpositionright","singlestim","240","222168","m","right","correct","1","","1","trialend","singlestim","241","223185"
"14324","Subject71","1","laughlaugh","1","laugh","positionright","validityvalid","test","4","positive","singlestim","243","225190","386","â€šÃ³Ã¨","77","dotpositionright","singlestim","244","225628","m","right","correct","1","","1","trialend","singlestim","245","226643"
"14621","Subject71","1","ecstaticecstatic","1","ecstatic","positionright","validityvalid","test","4","positive","singlestim","247","228648","326","â€šÃ³Ã¨","77","dotpositionright","singlestim","248","229029","m","right","correct","1","","1","trialend","singlestim","249","230043"
"14918","Subject71","1","hanginghanging","1","hanging","positionleft","validityvalid","test","4","suicide","singlestim","251","232051","525","â€šÃ³Ã¨","67","dotpositionleft","singlestim","252","232629","c","left","correct","1","","1","trialend","singlestim","253","233644"
"15215","Subject71","1","engineengine","1","engine","positionleft","validityvalid","test","4","neutral","singlestim","255","235651","255","â€šÃ³Ã¨","67","dotpositionleft","singlestim","256","235957","c","left","correct","1","","1","trialend","singlestim","257","236972"
"15512","Subject71","1","deceaseddeceased","1","deceased","positionright","validityvalid","test","4","suicide","singlestim","259","238979","395","â€šÃ³Ã¨","77","dotpositionright","singlestim","260","239426","m","right","correct","1","","1","trialend","singlestim","261","240437"
"15809","Subject71","1","wohlesswohless","1","wohless","positionright","validityvalid","test","4","negative","singlestim","263","242446","375","â€šÃ³Ã¨","77","dotpositionright","singlestim","264","242879","m","right","correct","1","","1","trialend","singlestim","265","243895"
"16106","Subject71","1","successsuccess","1","success","positionleft","validityvalid","test","4","positive","singlestim","267","245907","294","â€šÃ³Ã¨","67","dotpositionleft","singlestim","268","246254","c","left","correct","1","","1","trialend","singlestim","269","247270"
"16403","Subject71","1","stupidstupid","1","stupid","positionleft","validityvalid","test","4","negative","singlestim","271","249275","342","â€šÃ³Ã¨","67","dotpositionleft","singlestim","272","249669","c","left","correct","1","","1","trialend","singlestim","273","250688"
"16700","Subject71","1","frameframe","1","frame","positionleft","validityinvalid","test","4","neutral","singlestim","275","252694","340","â€šÃ³Ã¨","77","dotpositionright","singlestim","276","253086","m","right","correct","1","","1","trialend","singlestim","277","254103"
"16997","Subject71","1","alonealone","1","alone","positionleft","validityvalid","test","4","negative","singlestim","279","256112","267","â€šÃ³Ã¨","67","dotpositionleft","singlestim","280","256432","c","left","correct","1","","1","trialend","singlestim","281","257446"
"17294","Subject71","1","killingkilling","1","killing","positionleft","validityvalid","test","4","suicide","singlestim","283","259449","596","â€šÃ³Ã¨","67","dotpositionleft","singlestim","284","260097","c","left","correct","1","","1","trialend","singlestim","285","261118"
"17591","Subject71","1","ashamedashamed","1","ashamed","positionright","validityinvalid","test","4","negative","singlestim","287","263123","344","â€šÃ³Ã¨","67","dotpositionleft","singlestim","288","263518","c","left","correct","1","","1","trialend","singlestim","289","264529"
"17888","Subject71","1","passionatepassionate","1","passionate","positionleft","validityinvalid","test","4","positive","singlestim","291","266534","190","â€šÃ³Ã¨","67","dotpositionright","singlestim","292","266777","c","left","incorrect","172","","77","trialend","singlestim","293","267791"
"18185","Subject71","1","suicidesuicide","1","suicide","positionright","validityinvalid","test","4","suicide","singlestim","295","269797","360","â€šÃ³Ã¨","67","dotpositionleft","singlestim","296","270210","c","left","correct","1","","1","trialend","singlestim","297","271221"
"18482","Subject71","1","structurestructure","1","structure","positionright","validityvalid","test","4","neutral","singlestim","299","273232","305","â€šÃ³Ã¨","77","dotpositionright","singlestim","300","273592","m","right","correct","1","","1","trialend","singlestim","301","274610"
"18779","Subject71","689","doubledouble","77","double","positionright","validityvalid","test","4","neutral","singlestim","303","276613","397","â€šÃ³Ã¨","77","dotpositionright","singlestim","304","277063","m","right","correct","1","","1","trialend","singlestim","305","278080"
