"","SubjectID","rt","stimulus","keypress","word","wordposition","validity","block","blocknum","wordtype","trialtype","trialindex","timeelapsed","rt.1","stimulus.1","keypress.1","dotposition","trialtype.1","trialindex.1","timeelapsed.1","keypressed","participantresponse","correctresponse","rt.2","stimulus.2","keypress.2","blocktrial","trialtype.2","trialindex.2","timeelapsed.2"
"76","Subject80","filthyfilthy","1","filthy","positionleft","validityinvalid","test","2","negative","singlestim","51","2515489","100010","â€šÃ³Ã¨","77","dotpositionright","singlestim","52","2516085","100020","right","correct","1","","1","trialend","singlestim","53","2517096","100030"
"373","Subject80","paperpaper","1","paper","positionleft","validityvalid","test","2","neutral","singlestim","55","2519099","100050","â€šÃ³Ã¨","67","dotpositionleft","singlestim","56","2519617","100060","left","correct","1","","1","trialend","singlestim","57","2520629","100070"
"670","Subject80","horsehorse","1","horse","positionleft","validityinvalid","test","2","neutral","singlestim","59","2522631","100090","â€šÃ³Ã¨","77","dotpositionright","singlestim","60","2523133","1000100","right","correct","1","","1","trialend","singlestim","61","2524147","1000110"
"967","Subject80","corpsecorpse","1","corpse","positionleft","validityvalid","test","2","suicide","singlestim","63","2526151","1000130","â€šÃ³Ã¨","67","dotpositionleft","singlestim","64","2526726","1000140","left","correct","1","","1","trialend","singlestim","65","2527740","1000150"
"1264","Subject80","braverybravery","1","bravery","positionleft","validityvalid","test","2","positive","singlestim","67","2529747","1000170","â€šÃ³Ã¨","67","dotpositionleft","singlestim","68","2530317","1000180","left","correct","1","","1","trialend","singlestim","69","2531333","1000190"
"1561","Subject80","deathdeath","1","death","positionright","validityvalid","test","2","suicide","singlestim","71","2533339","1000210","â€šÃ³Ã¨","77","dotpositionright","singlestim","72","2533805","1000220","right","correct","1","","1","trialend","singlestim","73","2534821","1000230"
"1858","Subject80","overdoseoverdose","1","overdose","positionright","validityinvalid","test","2","suicide","singlestim","75","2536828","1000250","â€šÃ³Ã¨","67","dotpositionleft","singlestim","76","2537350","1000260","left","correct","1","","1","trialend","singlestim","77","2538364","1000270"
"2155","Subject80","foamfoam","1","foam","positionright","validityvalid","test","2","neutral","singlestim","79","2540369","1000290","â€šÃ³Ã¨","77","dotpositionright","singlestim","80","2540866","1000300","right","correct","1","","1","trialend","singlestim","81","2541882","1000310"
"2452","Subject80","noosenoose","67","noose","positionleft","validityvalid","test","2","suicide","singlestim","83","2543887","1000330","â€šÃ³Ã¨","67","dotpositionleft","singlestim","84","2544340","1000340","left","correct","1","","1","trialend","singlestim","85","2545353","1000350"
"2749","Subject80","failurefailure","1","failure","positionleft","validityvalid","test","2","negative","singlestim","87","2547359","1000370","â€šÃ³Ã¨","67","dotpositionleft","singlestim","88","2547759","1000380","left","correct","1","","1","trialend","singlestim","89","2548775","1000390"
"3046","Subject80","enthusiasmenthusiasm","1","enthusiasm","positionright","validityvalid","test","2","positive","singlestim","91","2550779","1000410","â€šÃ³Ã¨","77","dotpositionright","singlestim","92","2551185","1000420","right","correct","1","","1","trialend","singlestim","93","2552198","1000430"
"3343","Subject80","pleasurepleasure","1","pleasure","positionleft","validityvalid","test","2","positive","singlestim","95","2554204","1000450","â€šÃ³Ã¨","67","dotpositionleft","singlestim","96","2554623","1000460","left","correct","1","","1","trialend","singlestim","97","2555637","1000470"
"3640","Subject80","abuseabuse","1","abuse","positionright","validityvalid","test","2","negative","singlestim","99","2557641","1000490","â€šÃ³Ã¨","77","dotpositionright","singlestim","100","2558095","1000500","right","correct","1","","1","trialend","singlestim","101","2559109","1000510"
"3937","Subject80","cruelcruel","1","cruel","positionright","validityvalid","test","2","negative","singlestim","103","2561114","1000530","â€šÃ³Ã¨","77","dotpositionright","singlestim","104","2561527","1000540","right","correct","1","","1","trialend","singlestim","105","2562540","1000550"
"4234","Subject80","lovelove","1","love","positionright","validityinvalid","test","2","positive","singlestim","107","2564547","1000570","â€šÃ³Ã¨","67","dotpositionleft","singlestim","108","2565015","1000580","left","correct","1","","1","trialend","singlestim","109","2566029","1000590"
"4531","Subject80","tabletable","1","table","positionright","validityvalid","test","2","neutral","singlestim","111","2568033","1000610","â€šÃ³Ã¨","77","dotpositionright","singlestim","112","2568367","1000620","right","correct","1","","1","trialend","singlestim","113","2569382","1000630"
"4828","Subject80","dyingdying","67","dying","positionleft","validityvalid","test","3","suicide","singlestim","115","2571388","101010","â€šÃ³Ã¨","67","dotpositionleft","singlestim","116","2571802","101020","left","correct","1","","1","trialend","singlestim","117","2572818","101030"
"5125","Subject80","museummuseum","1","museum","positionleft","validityvalid","test","3","neutral","singlestim","119","2574823","101050","â€šÃ³Ã¨","67","dotpositionleft","singlestim","120","2575285","101060","left","correct","1","","1","trialend","singlestim","121","2576300","101070"
"5422","Subject80","metermeter","1","meter","positionleft","validityvalid","test","3","neutral","singlestim","123","2578305","101090","â€šÃ³Ã¨","67","dotpositionleft","singlestim","124","2578699","1010100","left","correct","1","","1","trialend","singlestim","125","2579714","1010110"
"5719","Subject80","rejectedrejected","1","rejected","positionright","validityvalid","test","3","negative","singlestim","127","2581719","1010130","â€šÃ³Ã¨","77","dotpositionright","singlestim","128","2582066","1010140","right","correct","1","","1","trialend","singlestim","129","2583080","1010150"
"6016","Subject80","closetcloset","1","closet","positionright","validityinvalid","test","3","neutral","singlestim","131","2585085","1010170","â€šÃ³Ã¨","67","dotpositionleft","singlestim","132","2585712","1010180","left","correct","1","","1","trialend","singlestim","133","2586726","1010190"
"6313","Subject80","kisskiss","1","kiss","positionright","validityinvalid","test","3","positive","singlestim","135","2588733","1010210","â€šÃ³Ã¨","67","dotpositionleft","singlestim","136","2589138","1010220","left","correct","1","","1","trialend","singlestim","137","2590154","1010230"
"6610","Subject80","diedie","1","die","positionright","validityvalid","test","3","suicide","singlestim","139","2592160","1010250","â€šÃ³Ã¨","77","dotpositionright","singlestim","140","2592510","1010260","right","correct","1","","1","trialend","singlestim","141","2593525","1010270"
"6907","Subject80","greengreen","1","green","positionright","validityvalid","test","3","neutral","singlestim","143","2595534","1010290","â€šÃ³Ã¨","77","dotpositionright","singlestim","144","2596050","1010300","right","correct","1","","1","trialend","singlestim","145","2597063","1010310"
"7204","Subject80","cuttingcutting","1","cutting","positionright","validityvalid","test","3","suicide","singlestim","147","2599069","1010330","â€šÃ³Ã¨","77","dotpositionright","singlestim","148","2599447","1010340","right","correct","1","","1","trialend","singlestim","149","2600460","1010350"
"7501","Subject80","assaultassault","1","assault","positionleft","validityinvalid","test","3","negative","singlestim","151","2602469","1010370","â€šÃ³Ã¨","77","dotpositionright","singlestim","152","2602846","1010380","right","correct","1","","1","trialend","singlestim","153","2603861","1010390"
"7798","Subject80","happyhappy","1","happy","positionright","validityvalid","test","3","positive","singlestim","155","2605866","1010410","â€šÃ³Ã¨","77","dotpositionright","singlestim","156","2606204","1010420","right","correct","1","","1","trialend","singlestim","157","2607217","1010430"
"8095","Subject80","touretoure","1","toure","positionleft","validityvalid","test","3","negative","singlestim","159","2609221","1010450","â€šÃ³Ã¨","67","dotpositionleft","singlestim","160","2609601","1010460","left","correct","1","","1","trialend","singlestim","161","2610614","1010470"
"8392","Subject80","deaddead","1","dead","positionleft","validityinvalid","test","3","suicide","singlestim","163","2612619","1010490","â€šÃ³Ã¨","77","dotpositionright","singlestim","164","2612994","1010500","right","correct","1","","1","trialend","singlestim","165","2614009","1010510"
"8689","Subject80","strongstrong","1","strong","positionleft","validityvalid","test","3","positive","singlestim","167","2616014","1010530","â€šÃ³Ã¨","67","dotpositionleft","singlestim","168","2616380","1010540","left","correct","1","","1","trialend","singlestim","169","2617395","1010550"
"8986","Subject80","smilesmile","1","smile","positionleft","validityvalid","test","3","positive","singlestim","171","2619402","1010570","â€šÃ³Ã¨","67","dotpositionleft","singlestim","172","2620064","1010580","left","correct","1","","1","trialend","singlestim","173","2621079","1010590"
"9283","Subject80","bombbomb","1","bomb","positionright","validityvalid","test","3","negative","singlestim","175","2623083","1010610","â€šÃ³Ã¨","77","dotpositionright","singlestim","176","2623457","1010620","right","correct","1","","1","trialend","singlestim","177","2624471","1010630"
"9580","Subject80","vomitvomit","1","vomit","positionleft","validityvalid","test","1","negative","singlestim","179","2626478","102010","â€šÃ³Ã¨","67","dotpositionleft","singlestim","180","2626857","102020","left","correct","1","","1","trialend","singlestim","181","2627871","102030"
"9877","Subject80","greatgreat","1","great","positionright","validityvalid","test","1","positive","singlestim","183","2629875","102050","â€šÃ³Ã¨","77","dotpositionright","singlestim","184","2630215","102060","right","correct","1","","1","trialend","singlestim","185","2631230","102070"
"10174","Subject80","paradiseparadise","1","paradise","positionleft","validityvalid","test","1","positive","singlestim","187","2633236","102090","â€šÃ³Ã¨","67","dotpositionleft","singlestim","188","2633596","1020100","left","correct","1","","1","trialend","singlestim","189","2634611","1020110"
"10471","Subject80","foldedfolded","1","folded","positionleft","validityvalid","test","1","neutral","singlestim","191","2636615","1020130","â€šÃ³Ã¨","67","dotpositionleft","singlestim","192","2636974","1020140","left","correct","1","","1","trialend","singlestim","193","2637991","1020150"
"10768","Subject80","cheesecheese","67","cheese","positionright","validityvalid","test","1","neutral","singlestim","195","2639996","1020170","â€šÃ³Ã¨","77","dotpositionright","singlestim","196","2640445","1020180","right","correct","1","","1","trialend","singlestim","197","2641459","1020190"
"11065","Subject80","imageimage","1","image","positionleft","validityvalid","test","1","neutral","singlestim","199","2643464","1020210","â€šÃ³Ã¨","67","dotpositionleft","singlestim","200","2643959","1020220","left","correct","1","","1","trialend","singlestim","201","2644977","1020230"
"11362","Subject80","attractionattraction","1","attraction","positionright","validityvalid","test","1","positive","singlestim","203","2646982","1020250","â€šÃ³Ã¨","77","dotpositionright","singlestim","204","2647430","1020260","right","correct","1","","1","trialend","singlestim","205","2648446","1020270"
"11659","Subject80","patheticpathetic","1","pathetic","positionleft","validityvalid","test","1","negative","singlestim","207","2650450","1020290","â€šÃ³Ã¨","67","dotpositionleft","singlestim","208","2651106","1020300","left","correct","1","","1","trialend","singlestim","209","2652121","1020310"
"11956","Subject80","funeralfuneral","1","funeral","positionright","validityvalid","test","1","suicide","singlestim","211","2654126","1020330","â€šÃ³Ã¨","77","dotpositionright","singlestim","212","2654477","1020340","right","correct","1","","1","trialend","singlestim","213","2655491","1020350"
"12253","Subject80","suffocationsuffocation","1","suffocation","positionleft","validityinvalid","test","1","suicide","singlestim","215","2657497","1020370","â€šÃ³Ã¨","77","dotpositionright","singlestim","216","2658178","1020380","right","correct","1","","1","trialend","singlestim","217","2659193","1020390"
"12550","Subject80","gunshotgunshot","1","gunshot","positionright","validityvalid","test","1","suicide","singlestim","219","2661198","1020410","â€šÃ³Ã¨","77","dotpositionright","singlestim","220","2661384","1020420","right","correct","1","","1","trialend","singlestim","221","2662398","1020430"
"12847","Subject80","cryingcrying","1","crying","positionright","validityvalid","test","1","negative","singlestim","223","2664405","1020450","â€šÃ³Ã¨","77","dotpositionright","singlestim","224","2665267","1020460","right","correct","1","","1","trialend","singlestim","225","2666281","1020470"
"13144","Subject80","bloodblood","1","blood","positionleft","validityvalid","test","1","suicide","singlestim","227","2668286","1020490","â€šÃ³Ã¨","67","dotpositionleft","singlestim","228","2668819","1020500","left","correct","1","","1","trialend","singlestim","229","2669835","1020510"
"13441","Subject80","statuestatue","1","statue","positionright","validityinvalid","test","1","neutral","singlestim","231","2671840","1020530","â€šÃ³Ã¨","67","dotpositionleft","singlestim","232","2673005","1020540","left","correct","1","","1","trialend","singlestim","233","2674022","1020550"
"13738","Subject80","hatehate","1","hate","positionright","validityinvalid","test","1","negative","singlestim","235","2676029","1020570","â€šÃ³Ã¨","67","dotpositionleft","singlestim","236","2676632","1020580","left","correct","1","","1","trialend","singlestim","237","2677645","1020590"
"14035","Subject80","healthyhealthy","1","healthy","positionleft","validityinvalid","test","1","positive","singlestim","239","2679652","1020610","â€šÃ³Ã¨","77","dotpositionright","singlestim","240","2680695","1020620","right","correct","1","","1","trialend","singlestim","241","2681709","1020630"
"14332","Subject80","laughlaugh","1","laugh","positionright","validityvalid","test","4","positive","singlestim","243","2683715","103010","â€šÃ³Ã¨","67","dotpositionright","singlestim","244","2684455","103020","left","incorrect","122","","77","trialend","singlestim","245","2685467","103030"
"14629","Subject80","doubledouble","1","double","positionright","validityvalid","test","4","neutral","singlestim","247","2687476","103050","â€šÃ³Ã¨","77","dotpositionright","singlestim","248","2687867","103060","right","correct","1","","1","trialend","singlestim","249","2688881","103070"
"14926","Subject80","ecstaticecstatic","1","ecstatic","positionright","validityvalid","test","4","positive","singlestim","251","2690886","103090","â€šÃ³Ã¨","77","dotpositionright","singlestim","252","2691338","1030100","right","correct","1","","1","trialend","singlestim","253","2692353","1030110"
"15223","Subject80","passionatepassionate","1","passionate","positionleft","validityinvalid","test","4","positive","singlestim","255","2694357","1030130","â€šÃ³Ã¨","77","dotpositionright","singlestim","256","2695145","1030140","right","correct","1","","1","trialend","singlestim","257","2696160","1030150"
"15520","Subject80","engineengine","1","engine","positionleft","validityvalid","test","4","neutral","singlestim","259","2698163","1030170","â€šÃ³Ã¨","67","dotpositionleft","singlestim","260","2698730","1030180","left","correct","1","","1","trialend","singlestim","261","2699745","1030190"
"15817","Subject80","wohlesswohless","1","wohless","positionright","validityvalid","test","4","negative","singlestim","263","2701751","1030210","â€šÃ³Ã¨","77","dotpositionright","singlestim","264","2702009","1030220","right","correct","1","","1","trialend","singlestim","265","2703025","1030230"
"16114","Subject80","stupidstupid","1","stupid","positionleft","validityvalid","test","4","negative","singlestim","267","2705031","1030250","â€šÃ³Ã¨","67","dotpositionleft","singlestim","268","2705694","1030260","left","correct","1","","1","trialend","singlestim","269","2706707","1030270"
"16411","Subject80","frameframe","1","frame","positionleft","validityinvalid","test","4","neutral","singlestim","271","2708712","1030290","â€šÃ³Ã¨","77","dotpositionright","singlestim","272","2709287","1030300","right","correct","1","","1","trialend","singlestim","273","2710299","1030310"
"16708","Subject80","ashamedashamed","1","ashamed","positionright","validityinvalid","test","4","negative","singlestim","275","2712305","1030330","â€šÃ³Ã¨","67","dotpositionleft","singlestim","276","2712805","1030340","left","correct","1","","1","trialend","singlestim","277","2713819","1030350"
"17005","Subject80","suicidesuicide","1","suicide","positionright","validityinvalid","test","4","suicide","singlestim","279","2715825","1030370","â€šÃ³Ã¨","67","dotpositionleft","singlestim","280","2716349","1030380","left","correct","1","","1","trialend","singlestim","281","2717365","1030390"
"17302","Subject80","killingkilling","1","killing","positionleft","validityvalid","test","4","suicide","singlestim","283","2719370","1030410","â€šÃ³Ã¨","67","dotpositionleft","singlestim","284","2719797","1030420","left","correct","1","","1","trialend","singlestim","285","2720813","1030430"
"17599","Subject80","successsuccess","1","success","positionleft","validityvalid","test","4","positive","singlestim","287","2722816","1030450","â€šÃ³Ã¨","67","dotpositionleft","singlestim","288","2723267","1030460","left","correct","1","","1","trialend","singlestim","289","2724282","1030470"
"17896","Subject80","alonealone","1","alone","positionleft","validityvalid","test","4","negative","singlestim","291","2726287","1030490","â€šÃ³Ã¨","67","dotpositionleft","singlestim","292","2726756","1030500","left","correct","1","","1","trialend","singlestim","293","2727770","1030510"
"18193","Subject80","deceaseddeceased","1","deceased","positionright","validityvalid","test","4","suicide","singlestim","295","2729777","1030530","â€šÃ³Ã¨","77","dotpositionright","singlestim","296","2730297","1030540","right","correct","1","","1","trialend","singlestim","297","2731313","1030550"
"18490","Subject80","hanginghanging","1","hanging","positionleft","validityvalid","test","4","suicide","singlestim","299","2733317","1030570","â€šÃ³Ã¨","67","dotpositionleft","singlestim","300","2733699","1030580","left","correct","1","","1","trialend","singlestim","301","2734714","1030590"
"18787","Subject80","structurestructure","1","structure","positionright","validityvalid","test","4","neutral","singlestim","303","2736719","1030610","â€šÃ³Ã¨","77","dotpositionright","singlestim","304","2737505","1030620","right","correct","1","","1","trialend","singlestim","305","2738520","1030630"
