"","SubjectID","rt","stimulus","keypress","word","wordposition","validity","block","blocknum","wordtype","trialtype","trialindex","timeelapsed","rt.1","stimulus.1","keypress.1","dotposition","trialtype.1","trialindex.1","timeelapsed.1","keypressed","participantresponse","correctresponse","rt.2","stimulus.2","keypress.2","blocktrial","trialtype.2","trialindex.2","timeelapsed.2"
"127","Subject133","1","engineengine","1","engine","positionleft","validityvalid","test","4","neutral","singlestim","51","75010","294","â€šÃ³Ã¨","67","dotpositionleft","singlestim","52","75357","c","left","correct","1","","1","trialend","singlestim","53","76374"
"424","Subject133","1","successsuccess","1","success","positionleft","validityvalid","test","4","positive","singlestim","55","78382","264","â€šÃ³Ã¨","67","dotpositionleft","singlestim","56","78699","c","left","correct","1","","1","trialend","singlestim","57","79711"
"721","Subject133","1","frameframe","1","frame","positionleft","validityinvalid","test","4","neutral","singlestim","59","81720","260","â€šÃ³Ã¨","77","dotpositionright","singlestim","60","82033","m","right","correct","1","","1","trialend","singlestim","61","83047"
"1018","Subject133","1","doubledouble","1","double","positionright","validityvalid","test","4","neutral","singlestim","63","85051","294","â€šÃ³Ã¨","77","dotpositionright","singlestim","64","85399","m","right","correct","1","","1","trialend","singlestim","65","86416"
"1315","Subject133","1","stupidstupid","1","stupid","positionleft","validityvalid","test","4","negative","singlestim","67","88423","328","â€šÃ³Ã¨","67","dotpositionleft","singlestim","68","88805","c","left","correct","1","","1","trialend","singlestim","69","89822"
"1612","Subject133","1","suicidesuicide","1","suicide","positionright","validityinvalid","test","4","suicide","singlestim","71","91833","313","â€šÃ³Ã¨","67","dotpositionleft","singlestim","72","92202","c","left","correct","1","","1","trialend","singlestim","73","93217"
"1909","Subject133","1","deceaseddeceased","1","deceased","positionright","validityvalid","test","4","suicide","singlestim","75","95226","272","â€šÃ³Ã¨","77","dotpositionright","singlestim","76","95551","m","right","correct","1","","1","trialend","singlestim","77","96566"
"2206","Subject133","1","killingkilling","1","killing","positionleft","validityvalid","test","4","suicide","singlestim","79","98575","305","â€šÃ³Ã¨","67","dotpositionleft","singlestim","80","98932","c","left","correct","1","","1","trialend","singlestim","81","99949"
"2503","Subject133","1","passionatepassionate","1","passionate","positionleft","validityinvalid","test","4","positive","singlestim","83","101959","329","â€šÃ³Ã¨","77","dotpositionright","singlestim","84","102339","m","right","correct","1","","1","trialend","singlestim","85","103357"
"2800","Subject133","1","hanginghanging","1","hanging","positionleft","validityvalid","test","4","suicide","singlestim","87","105365","183","â€šÃ³Ã¨","67","dotpositionleft","singlestim","88","105601","c","left","correct","1","","1","trialend","singlestim","89","106616"
"3097","Subject133","1","laughlaugh","1","laugh","positionright","validityvalid","test","4","positive","singlestim","91","108622","269","â€šÃ³Ã¨","77","dotpositionright","singlestim","92","108944","m","right","correct","1","","1","trialend","singlestim","93","109963"
"3394","Subject133","1","ecstaticecstatic","1","ecstatic","positionright","validityvalid","test","4","positive","singlestim","95","111971","247","â€šÃ³Ã¨","77","dotpositionright","singlestim","96","112270","m","right","correct","1","","1","trialend","singlestim","97","113282"
"3691","Subject133","1","alonealone","1","alone","positionleft","validityvalid","test","4","negative","singlestim","99","115291","198","â€šÃ³Ã¨","67","dotpositionleft","singlestim","100","115541","c","left","correct","1","","1","trialend","singlestim","101","116556"
"3988","Subject133","1","wohlesswohless","1","wohless","positionright","validityvalid","test","4","negative","singlestim","103","118565","261","â€šÃ³Ã¨","77","dotpositionright","singlestim","104","118881","m","right","correct","1","","1","trialend","singlestim","105","119899"
"4285","Subject133","1","ashamedashamed","1","ashamed","positionright","validityinvalid","test","4","negative","singlestim","107","121907","258","â€šÃ³Ã¨","67","dotpositionleft","singlestim","108","122219","c","left","correct","1","","1","trialend","singlestim","109","123236"
"4582","Subject133","1","structurestructure","1","structure","positionright","validityvalid","test","4","neutral","singlestim","111","125245","277","â€šÃ³Ã¨","77","dotpositionright","singlestim","112","125575","m","right","correct","1","","1","trialend","singlestim","113","126592"
"4879","Subject133","1","failurefailure","1","failure","positionleft","validityvalid","test","2","negative","singlestim","115","128606","262","â€šÃ³Ã¨","67","dotpositionleft","singlestim","116","128920","c","left","correct","1","","1","trialend","singlestim","117","129935"
"5176","Subject133","1","horsehorse","1","horse","positionleft","validityinvalid","test","2","neutral","singlestim","119","131943","269","â€šÃ³Ã¨","77","dotpositionright","singlestim","120","132268","m","right","correct","1","","1","trialend","singlestim","121","133284"
"5473","Subject133","1","paperpaper","1","paper","positionleft","validityvalid","test","2","neutral","singlestim","123","135292","205","â€šÃ³Ã¨","67","dotpositionleft","singlestim","124","135549","c","left","correct","1","","1","trialend","singlestim","125","136565"
"5770","Subject133","1","filthyfilthy","1","filthy","positionleft","validityinvalid","test","2","negative","singlestim","127","138571","282","â€šÃ³Ã¨","77","dotpositionright","singlestim","128","138906","m","right","correct","1","","1","trialend","singlestim","129","139923"
"6067","Subject133","1","enthusiasmenthusiasm","1","enthusiasm","positionright","validityvalid","test","2","positive","singlestim","131","141933","227","â€šÃ³Ã¨","77","dotpositionright","singlestim","132","142211","m","right","correct","1","","1","trialend","singlestim","133","143226"
"6364","Subject133","1","tabletable","1","table","positionright","validityvalid","test","2","neutral","singlestim","135","145235","319","â€šÃ³Ã¨","77","dotpositionright","singlestim","136","145605","m","right","correct","1","","1","trialend","singlestim","137","146621"
"6661","Subject133","1","noosenoose","1","noose","positionleft","validityvalid","test","2","suicide","singlestim","139","148632","272","â€šÃ³Ã¨","67","dotpositionleft","singlestim","140","148961","c","left","correct","1","","1","trialend","singlestim","141","149976"
"6958","Subject133","1","corpsecorpse","1","corpse","positionleft","validityvalid","test","2","suicide","singlestim","143","151985","283","â€šÃ³Ã¨","67","dotpositionleft","singlestim","144","152321","c","left","correct","1","","1","trialend","singlestim","145","153337"
"7255","Subject133","1","lovelove","1","love","positionright","validityinvalid","test","2","positive","singlestim","147","155345","290","â€šÃ³Ã¨","67","dotpositionleft","singlestim","148","155687","c","left","correct","1","","1","trialend","singlestim","149","156706"
"7552","Subject133","1","braverybravery","1","bravery","positionleft","validityvalid","test","2","positive","singlestim","151","158712","294","â€šÃ³Ã¨","67","dotpositionleft","singlestim","152","159059","c","left","correct","1","","1","trialend","singlestim","153","160076"
"7849","Subject133","1","foamfoam","1","foam","positionright","validityvalid","test","2","neutral","singlestim","155","162084","278","â€šÃ³Ã¨","77","dotpositionright","singlestim","156","162415","m","right","correct","1","","1","trialend","singlestim","157","163430"
"8146","Subject133","1","overdoseoverdose","1","overdose","positionright","validityinvalid","test","2","suicide","singlestim","159","165439","272","â€šÃ³Ã¨","67","dotpositionleft","singlestim","160","165763","c","left","correct","1","","1","trialend","singlestim","161","166780"
"8443","Subject133","1","pleasurepleasure","1","pleasure","positionleft","validityvalid","test","2","positive","singlestim","163","168788","250","â€šÃ³Ã¨","67","dotpositionleft","singlestim","164","169091","c","left","correct","1","","1","trialend","singlestim","165","170105"
"8740","Subject133","1","deathdeath","1","death","positionright","validityvalid","test","2","suicide","singlestim","167","172116","272","â€šÃ³Ã¨","77","dotpositionright","singlestim","168","172440","m","right","correct","1","","1","trialend","singlestim","169","173454"
"9037","Subject133","1","abuseabuse","1","abuse","positionright","validityvalid","test","2","negative","singlestim","171","175463","430","â€šÃ³Ã¨","77","dotpositionright","singlestim","172","175946","m","right","correct","1","","1","trialend","singlestim","173","176960"
"9334","Subject133","1","cruelcruel","1","cruel","positionright","validityvalid","test","2","negative","singlestim","175","178968","302","â€šÃ³Ã¨","77","dotpositionright","singlestim","176","179324","m","right","correct","1","","1","trialend","singlestim","177","180339"
"9631","Subject133","1","happyhappy","1","happy","positionright","validityvalid","test","3","positive","singlestim","179","182349","324","â€šÃ³Ã¨","77","dotpositionright","singlestim","180","182729","m","right","correct","1","","1","trialend","singlestim","181","183746"
"9928","Subject133","1","closetcloset","1","closet","positionright","validityinvalid","test","3","neutral","singlestim","183","185753","175","â€šÃ³Ã¨","77","dotpositionleft","singlestim","184","185981","m","right","incorrect","193","","67","trialend","singlestim","185","186999"
"10225","Subject133","1","assaultassault","1","assault","positionleft","validityinvalid","test","3","negative","singlestim","187","189003","318","â€šÃ³Ã¨","77","dotpositionright","singlestim","188","189374","m","right","correct","1","","1","trialend","singlestim","189","190392"
"10522","Subject133","1","metermeter","1","meter","positionleft","validityvalid","test","3","neutral","singlestim","191","192398","270","â€šÃ³Ã¨","67","dotpositionleft","singlestim","192","192723","c","left","correct","1","","1","trialend","singlestim","193","193740"
"10819","Subject133","1","museummuseum","1","museum","positionleft","validityvalid","test","3","neutral","singlestim","195","195749","266","â€šÃ³Ã¨","67","dotpositionleft","singlestim","196","196068","c","left","correct","1","","1","trialend","singlestim","197","197083"
"11116","Subject133","1","deaddead","1","dead","positionleft","validityinvalid","test","3","suicide","singlestim","199","199092","325","â€šÃ³Ã¨","77","dotpositionright","singlestim","200","199470","m","right","correct","1","","1","trialend","singlestim","201","200484"
"11413","Subject133","1","bombbomb","1","bomb","positionright","validityvalid","test","3","negative","singlestim","203","202493","332","â€šÃ³Ã¨","77","dotpositionright","singlestim","204","202880","m","right","correct","1","","1","trialend","singlestim","205","203891"
"11710","Subject133","1","smilesmile","1","smile","positionleft","validityvalid","test","3","positive","singlestim","207","205900","286","â€šÃ³Ã¨","67","dotpositionleft","singlestim","208","206238","c","left","correct","1","","1","trialend","singlestim","209","207252"
"12007","Subject133","1","rejectedrejected","1","rejected","positionright","validityvalid","test","3","negative","singlestim","211","209261","275","â€šÃ³Ã¨","77","dotpositionright","singlestim","212","209590","m","right","correct","1","","1","trialend","singlestim","213","210606"
"12304","Subject133","1","diedie","1","die","positionright","validityvalid","test","3","suicide","singlestim","215","212615","283","â€šÃ³Ã¨","77","dotpositionright","singlestim","216","212950","m","right","correct","231","","77","trialend","singlestim","217","213968"
"12601","Subject133","1","strongstrong","1","strong","positionleft","validityvalid","test","3","positive","singlestim","219","215976","290","â€šÃ³Ã¨","67","dotpositionleft","singlestim","220","216322","c","left","correct","1","","1","trialend","singlestim","221","217340"
"12898","Subject133","1","kisskiss","1","kiss","positionright","validityinvalid","test","3","positive","singlestim","223","219349","307","â€šÃ³Ã¨","67","dotpositionleft","singlestim","224","219709","c","left","correct","1","","1","trialend","singlestim","225","220724"
"13195","Subject133","1","greengreen","1","green","positionright","validityvalid","test","3","neutral","singlestim","227","222738","322","â€šÃ³Ã¨","77","dotpositionright","singlestim","228","223112","m","right","correct","1","","1","trialend","singlestim","229","224125"
"13492","Subject133","1","dyingdying","1","dying","positionleft","validityvalid","test","3","suicide","singlestim","231","226133","346","â€šÃ³Ã¨","67","dotpositionleft","singlestim","232","226534","c","left","correct","1","","1","trialend","singlestim","233","227549"
"13789","Subject133","1","cuttingcutting","1","cutting","positionright","validityvalid","test","3","suicide","singlestim","235","229558","312","â€šÃ³Ã¨","77","dotpositionright","singlestim","236","229923","m","right","correct","1","","1","trialend","singlestim","237","230938"
"14086","Subject133","1","touretoure","1","toure","positionleft","validityvalid","test","3","negative","singlestim","239","232948","258","â€šÃ³Ã¨","67","dotpositionleft","singlestim","240","233258","c","left","correct","1","","1","trialend","singlestim","241","234271"
"14383","Subject133","1","funeralfuneral","1","funeral","positionright","validityvalid","test","1","suicide","singlestim","243","236279","292","â€šÃ³Ã¨","77","dotpositionright","singlestim","244","236624","m","right","correct","1","","1","trialend","singlestim","245","237640"
"14680","Subject133","1","paradiseparadise","1","paradise","positionleft","validityvalid","test","1","positive","singlestim","247","239651","295","â€šÃ³Ã¨","67","dotpositionleft","singlestim","248","239999","c","left","correct","1","","1","trialend","singlestim","249","241015"
"14977","Subject133","1","patheticpathetic","1","pathetic","positionleft","validityvalid","test","1","negative","singlestim","251","243024","303","â€šÃ³Ã¨","67","dotpositionleft","singlestim","252","243380","c","left","correct","1","","1","trialend","singlestim","253","244398"
"15274","Subject133","1","bloodblood","1","blood","positionleft","validityvalid","test","1","suicide","singlestim","255","246407","248","â€šÃ³Ã¨","67","dotpositionleft","singlestim","256","246708","c","left","correct","1","","1","trialend","singlestim","257","247725"
"15571","Subject133","1","cryingcrying","1","crying","positionright","validityvalid","test","1","negative","singlestim","259","249733","255","â€šÃ³Ã¨","77","dotpositionright","singlestim","260","250039","m","right","correct","1","","1","trialend","singlestim","261","251056"
"15868","Subject133","1","statuestatue","1","statue","positionright","validityinvalid","test","1","neutral","singlestim","263","253065","274","â€šÃ³Ã¨","67","dotpositionleft","singlestim","264","253392","c","left","correct","1","","1","trialend","singlestim","265","254405"
"16165","Subject133","1","foldedfolded","1","folded","positionleft","validityvalid","test","1","neutral","singlestim","267","256414","312","â€šÃ³Ã¨","67","dotpositionleft","singlestim","268","256779","c","left","correct","1","","1","trialend","singlestim","269","257795"
"16462","Subject133","1","suffocationsuffocation","1","suffocation","positionleft","validityinvalid","test","1","suicide","singlestim","271","259803","346","â€šÃ³Ã¨","77","dotpositionright","singlestim","272","260202","m","right","correct","1","","1","trialend","singlestim","273","261219"
"16759","Subject133","1","hatehate","1","hate","positionright","validityinvalid","test","1","negative","singlestim","275","263228","296","â€šÃ³Ã¨","67","dotpositionleft","singlestim","276","263576","c","left","correct","1","","1","trialend","singlestim","277","264591"
"17056","Subject133","1","vomitvomit","1","vomit","positionleft","validityvalid","test","1","negative","singlestim","279","266600","310","â€šÃ³Ã¨","67","dotpositionleft","singlestim","280","266963","c","left","correct","1","","1","trialend","singlestim","281","267981"
"17353","Subject133","1","imageimage","1","image","positionleft","validityvalid","test","1","neutral","singlestim","283","269989","284","â€šÃ³Ã¨","67","dotpositionleft","singlestim","284","270325","c","left","correct","1","","1","trialend","singlestim","285","271341"
"17650","Subject133","1","healthyhealthy","1","healthy","positionleft","validityinvalid","test","1","positive","singlestim","287","273350","306","â€šÃ³Ã¨","77","dotpositionright","singlestim","288","273708","m","right","correct","1","","1","trialend","singlestim","289","274725"
"17947","Subject133","1","gunshotgunshot","1","gunshot","positionright","validityvalid","test","1","suicide","singlestim","291","276734","297","â€šÃ³Ã¨","77","dotpositionright","singlestim","292","277084","m","right","correct","1","","1","trialend","singlestim","293","278098"
"18244","Subject133","1","cheesecheese","1","cheese","positionright","validityvalid","test","1","neutral","singlestim","295","280107","313","â€šÃ³Ã¨","77","dotpositionright","singlestim","296","280471","m","right","correct","1","","1","trialend","singlestim","297","281487"
"18541","Subject133","1","greatgreat","1","great","positionright","validityvalid","test","1","positive","singlestim","299","283497","334","â€šÃ³Ã¨","77","dotpositionright","singlestim","300","283883","m","right","correct","1","","1","trialend","singlestim","301","284900"
"18838","Subject133","1","attractionattraction","1","attraction","positionright","validityvalid","test","1","positive","singlestim","303","286910","283","â€šÃ³Ã¨","77","dotpositionright","singlestim","304","287248","m","right","correct","1","","1","trialend","singlestim","305","288264"
