"","SubjectID","rt","stimulus","keypress","word","wordposition","validity","block","blocknum","wordtype","trialtype","trialindex","timeelapsed","rt.1","stimulus.1","keypress.1","dotposition","trialtype.1","trialindex.1","timeelapsed.1","keypressed","participantresponse","correctresponse","rt.2","stimulus.2","keypress.2","blocktrial","trialtype.2","trialindex.2","timeelapsed.2"
"82","Subject87","overdoseoverdose","1","overdose","positionright","validityinvalid","test","2","suicide","singlestim","51","64171","100010","â€šÃ³Ã¨","67","dotpositionleft","singlestim","52","65162","100020","left","correct","1","","1","trialend","singlestim","53","66180","100030"
"379","Subject87","failurefailure","1","failure","positionleft","validityvalid","test","2","negative","singlestim","55","68186","100050","â€šÃ³Ã¨","67","dotpositionleft","singlestim","56","68945","100060","left","correct","1","","1","trialend","singlestim","57","69959","100070"
"676","Subject87","foamfoam","1","foam","positionright","validityvalid","test","2","neutral","singlestim","59","71967","100090","â€šÃ³Ã¨","77","dotpositionright","singlestim","60","72668","1000100","right","correct","1","","1","trialend","singlestim","61","73687","1000110"
"973","Subject87","cruelcruel","1","cruel","positionright","validityvalid","test","2","negative","singlestim","63","75696","1000130","â€šÃ³Ã¨","77","dotpositionright","singlestim","64","76358","1000140","right","correct","1","","1","trialend","singlestim","65","77377","1000150"
"1270","Subject87","horsehorse","1","horse","positionleft","validityinvalid","test","2","neutral","singlestim","67","79382","1000170","â€šÃ³Ã¨","77","dotpositionright","singlestim","68","80104","1000180","right","correct","1","","1","trialend","singlestim","69","81120","1000190"
"1567","Subject87","tabletable","1","table","positionright","validityvalid","test","2","neutral","singlestim","71","83130","1000210","â€šÃ³Ã¨","77","dotpositionright","singlestim","72","83904","1000220","right","correct","1","","1","trialend","singlestim","73","84925","1000230"
"1864","Subject87","abuseabuse","1","abuse","positionright","validityvalid","test","2","negative","singlestim","75","86934","1000250","â€šÃ³Ã¨","77","dotpositionright","singlestim","76","87563","1000260","right","correct","1","","1","trialend","singlestim","77","88580","1000270"
"2161","Subject87","braverybravery","1","bravery","positionleft","validityvalid","test","2","positive","singlestim","79","90591","1000290","â€šÃ³Ã¨","67","dotpositionleft","singlestim","80","91252","1000300","left","correct","1","","1","trialend","singlestim","81","92267","1000310"
"2458","Subject87","deathdeath","1","death","positionright","validityvalid","test","2","suicide","singlestim","83","94275","1000330","â€šÃ³Ã¨","77","dotpositionright","singlestim","84","94913","1000340","right","correct","1","","1","trialend","singlestim","85","95932","1000350"
"2755","Subject87","pleasurepleasure","1","pleasure","positionleft","validityvalid","test","2","positive","singlestim","87","97945","1000370","â€šÃ³Ã¨","67","dotpositionleft","singlestim","88","98601","1000380","left","correct","1","","1","trialend","singlestim","89","99618","1000390"
"3052","Subject87","corpsecorpse","1","corpse","positionleft","validityvalid","test","2","suicide","singlestim","91","101627","1000410","â€šÃ³Ã¨","67","dotpositionleft","singlestim","92","102281","1000420","left","correct","1","","1","trialend","singlestim","93","103296","1000430"
"3349","Subject87","paperpaper","1","paper","positionleft","validityvalid","test","2","neutral","singlestim","95","105306","1000450","â€šÃ³Ã¨","67","dotpositionleft","singlestim","96","105961","1000460","left","correct","1","","1","trialend","singlestim","97","106979","1000470"
"3646","Subject87","noosenoose","1","noose","positionleft","validityvalid","test","2","suicide","singlestim","99","108990","1000490","â€šÃ³Ã¨","67","dotpositionleft","singlestim","100","109535","1000500","left","correct","1","","1","trialend","singlestim","101","110555","1000510"
"3943","Subject87","filthyfilthy","1","filthy","positionleft","validityinvalid","test","2","negative","singlestim","103","112567","1000530","â€šÃ³Ã¨","77","dotpositionright","singlestim","104","113085","1000540","right","correct","1","","1","trialend","singlestim","105","114102","1000550"
"4240","Subject87","enthusiasmenthusiasm","1","enthusiasm","positionright","validityvalid","test","2","positive","singlestim","107","116111","1000570","â€šÃ³Ã¨","77","dotpositionright","singlestim","108","116778","1000580","right","correct","1","","1","trialend","singlestim","109","117795","1000590"
"4537","Subject87","lovelove","1","love","positionright","validityinvalid","test","2","positive","singlestim","111","119805","1000610","â€šÃ³Ã¨","67","dotpositionleft","singlestim","112","120422","1000620","left","correct","1","","1","trialend","singlestim","113","121439","1000630"
"4834","Subject87","paradiseparadise","1","paradise","positionleft","validityvalid","test","1","positive","singlestim","115","123452","101010","â€šÃ³Ã¨","67","dotpositionleft","singlestim","116","124139","101020","left","correct","1","","1","trialend","singlestim","117","125154","101030"
"5131","Subject87","greatgreat","1","great","positionright","validityvalid","test","1","positive","singlestim","119","127165","101050","â€šÃ³Ã¨","77","dotpositionright","singlestim","120","127661","101060","right","correct","1","","1","trialend","singlestim","121","128676","101070"
"5428","Subject87","funeralfuneral","1","funeral","positionright","validityvalid","test","1","suicide","singlestim","123","130687","101090","â€šÃ³Ã¨","77","dotpositionright","singlestim","124","131318","1010100","right","correct","1","","1","trialend","singlestim","125","132338","1010110"
"5725","Subject87","vomitvomit","1","vomit","positionleft","validityvalid","test","1","negative","singlestim","127","134350","1010130","â€šÃ³Ã¨","67","dotpositionleft","singlestim","128","134975","1010140","left","correct","1","","1","trialend","singlestim","129","135993","1010150"
"6022","Subject87","patheticpathetic","1","pathetic","positionleft","validityvalid","test","1","negative","singlestim","131","138003","1010170","â€šÃ³Ã¨","67","dotpositionleft","singlestim","132","138621","1010180","left","correct","1","","1","trialend","singlestim","133","139641","1010190"
"6319","Subject87","hatehate","1","hate","positionright","validityinvalid","test","1","negative","singlestim","135","141651","1010210","â€šÃ³Ã¨","67","dotpositionleft","singlestim","136","142261","1010220","left","correct","1","","1","trialend","singlestim","137","143280","1010230"
"6616","Subject87","attractionattraction","1","attraction","positionright","validityvalid","test","1","positive","singlestim","139","145287","1010250","â€šÃ³Ã¨","77","dotpositionright","singlestim","140","145882","1010260","right","correct","1","","1","trialend","singlestim","141","146897","1010270"
"6913","Subject87","healthyhealthy","1","healthy","positionleft","validityinvalid","test","1","positive","singlestim","143","148906","1010290","â€šÃ³Ã¨","77","dotpositionright","singlestim","144","149569","1010300","right","correct","1","","1","trialend","singlestim","145","150588","1010310"
"7210","Subject87","foldedfolded","1","folded","positionleft","validityvalid","test","1","neutral","singlestim","147","152598","1010330","â€šÃ³Ã¨","67","dotpositionleft","singlestim","148","153513","1010340","left","correct","1","","1","trialend","singlestim","149","154534","1010350"
"7507","Subject87","cryingcrying","1","crying","positionright","validityvalid","test","1","negative","singlestim","151","156539","1010370","â€šÃ³Ã¨","77","dotpositionright","singlestim","152","157204","1010380","right","correct","1","","1","trialend","singlestim","153","158225","1010390"
"7804","Subject87","cheesecheese","1","cheese","positionright","validityvalid","test","1","neutral","singlestim","155","160236","1010410","â€šÃ³Ã¨","77","dotpositionright","singlestim","156","160986","1010420","right","correct","1","","1","trialend","singlestim","157","162007","1010430"
"8101","Subject87","imageimage","1","image","positionleft","validityvalid","test","1","neutral","singlestim","159","164013","1010450","â€šÃ³Ã¨","67","dotpositionleft","singlestim","160","164821","1010460","left","correct","1","","1","trialend","singlestim","161","165841","1010470"
"8398","Subject87","suffocationsuffocation","1","suffocation","positionleft","validityinvalid","test","1","suicide","singlestim","163","167855","1010490","â€šÃ³Ã¨","77","dotpositionright","singlestim","164","168533","1010500","right","correct","1","","1","trialend","singlestim","165","169552","1010510"
"8695","Subject87","statuestatue","1","statue","positionright","validityinvalid","test","1","neutral","singlestim","167","171560","1010530","â€šÃ³Ã¨","67","dotpositionleft","singlestim","168","172130","1010540","left","correct","1","","1","trialend","singlestim","169","173151","1010550"
"8992","Subject87","gunshotgunshot","1","gunshot","positionright","validityvalid","test","1","suicide","singlestim","171","175161","1010570","â€šÃ³Ã¨","77","dotpositionright","singlestim","172","175831","1010580","right","correct","1","","1","trialend","singlestim","173","176845","1010590"
"9289","Subject87","bloodblood","1","blood","positionleft","validityvalid","test","1","suicide","singlestim","175","178854","1010610","â€šÃ³Ã¨","67","dotpositionleft","singlestim","176","179465","1010620","left","correct","1","","1","trialend","singlestim","177","180481","1010630"
"9586","Subject87","touretoure","1","toure","positionleft","validityvalid","test","3","negative","singlestim","179","182490","102010","â€šÃ³Ã¨","67","dotpositionleft","singlestim","180","182953","102020","left","correct","1","","1","trialend","singlestim","181","183968","102030"
"9883","Subject87","closetcloset","1","closet","positionright","validityinvalid","test","3","neutral","singlestim","183","185978","102050","â€šÃ³Ã¨","67","dotpositionleft","singlestim","184","186629","102060","left","correct","1","","1","trialend","singlestim","185","187649","102070"
"10180","Subject87","rejectedrejected","1","rejected","positionright","validityvalid","test","3","negative","singlestim","187","189660","102090","â€šÃ³Ã¨","77","dotpositionright","singlestim","188","190279","1020100","right","correct","1","","1","trialend","singlestim","189","191297","1020110"
"10477","Subject87","kisskiss","1","kiss","positionright","validityinvalid","test","3","positive","singlestim","191","193306","1020130","â€šÃ³Ã¨","67","dotpositionleft","singlestim","192","193999","1020140","left","correct","1","","1","trialend","singlestim","193","195017","1020150"
"10774","Subject87","happyhappy","1","happy","positionright","validityvalid","test","3","positive","singlestim","195","197026","1020170","â€šÃ³Ã¨","77","dotpositionright","singlestim","196","197680","1020180","right","correct","1","","1","trialend","singlestim","197","198694","1020190"
"11071","Subject87","dyingdying","1","dying","positionleft","validityvalid","test","3","suicide","singlestim","199","200703","1020210","â€šÃ³Ã¨","67","dotpositionleft","singlestim","200","201300","1020220","left","correct","1","","1","trialend","singlestim","201","202317","1020230"
"11368","Subject87","bombbomb","1","bomb","positionright","validityvalid","test","3","negative","singlestim","203","204325","1020250","â€šÃ³Ã¨","77","dotpositionright","singlestim","204","204942","1020260","right","correct","1","","1","trialend","singlestim","205","205960","1020270"
"11665","Subject87","greengreen","1","green","positionright","validityvalid","test","3","neutral","singlestim","207","207963","1020290","â€šÃ³Ã¨","77","dotpositionright","singlestim","208","208495","1020300","right","correct","1","","1","trialend","singlestim","209","209514","1020310"
"11962","Subject87","diedie","1","die","positionright","validityvalid","test","3","suicide","singlestim","211","211520","1020330","â€šÃ³Ã¨","77","dotpositionright","singlestim","212","212023","1020340","right","correct","1","","1","trialend","singlestim","213","213038","1020350"
"12259","Subject87","cuttingcutting","1","cutting","positionright","validityvalid","test","3","suicide","singlestim","215","215047","1020370","â€šÃ³Ã¨","77","dotpositionright","singlestim","216","215496","1020380","right","correct","1","","1","trialend","singlestim","217","216512","1020390"
"12556","Subject87","metermeter","1","meter","positionleft","validityvalid","test","3","neutral","singlestim","219","218518","1020410","â€šÃ³Ã¨","67","dotpositionleft","singlestim","220","218989","1020420","left","correct","1","","1","trialend","singlestim","221","220004","1020430"
"12853","Subject87","museummuseum","1","museum","positionleft","validityvalid","test","3","neutral","singlestim","223","222008","1020450","â€šÃ³Ã¨","67","dotpositionleft","singlestim","224","222423","1020460","left","correct","1","","1","trialend","singlestim","225","223440","1020470"
"13150","Subject87","strongstrong","1","strong","positionleft","validityvalid","test","3","positive","singlestim","227","225446","1020490","â€šÃ³Ã¨","67","dotpositionleft","singlestim","228","225853","1020500","left","correct","1","","1","trialend","singlestim","229","226870","1020510"
"13447","Subject87","assaultassault","1","assault","positionleft","validityinvalid","test","3","negative","singlestim","231","228878","1020530","â€šÃ³Ã¨","77","dotpositionright","singlestim","232","229296","1020540","right","correct","1","","1","trialend","singlestim","233","230310","1020550"
"13744","Subject87","smilesmile","1","smile","positionleft","validityvalid","test","3","positive","singlestim","235","232318","1020570","â€šÃ³Ã¨","67","dotpositionleft","singlestim","236","232709","1020580","left","correct","1","","1","trialend","singlestim","237","233727","1020590"
"14041","Subject87","deaddead","1","dead","positionleft","validityinvalid","test","3","suicide","singlestim","239","235732","1020610","â€šÃ³Ã¨","77","dotpositionright","singlestim","240","236222","1020620","right","correct","1","","1","trialend","singlestim","241","237243","1020630"
"14338","Subject87","frameframe","1","frame","positionleft","validityinvalid","test","4","neutral","singlestim","243","239254","103010","â€šÃ³Ã¨","77","dotpositionright","singlestim","244","239680","103020","right","correct","1","","1","trialend","singlestim","245","240692","103030"
"14635","Subject87","engineengine","1","engine","positionleft","validityvalid","test","4","neutral","singlestim","247","242702","103050","â€šÃ³Ã¨","67","dotpositionleft","singlestim","248","243224","103060","left","correct","1","","1","trialend","singlestim","249","244240","103070"
"14932","Subject87","stupidstupid","1","stupid","positionleft","validityvalid","test","4","negative","singlestim","251","246251","103090","â€šÃ³Ã¨","67","dotpositionleft","singlestim","252","246726","1030100","left","correct","1","","1","trialend","singlestim","253","247743","1030110"
"15229","Subject87","killingkilling","1","killing","positionleft","validityvalid","test","4","suicide","singlestim","255","249753","1030130","â€šÃ³Ã¨","67","dotpositionleft","singlestim","256","250158","1030140","left","correct","1","","1","trialend","singlestim","257","251175","1030150"
"15526","Subject87","passionatepassionate","1","passionate","positionleft","validityinvalid","test","4","positive","singlestim","259","253187","1030170","â€šÃ³Ã¨","77","dotpositionright","singlestim","260","253571","1030180","right","correct","1","","1","trialend","singlestim","261","254588","1030190"
"15823","Subject87","deceaseddeceased","1","deceased","positionright","validityvalid","test","4","suicide","singlestim","263","256596","1030210","â€šÃ³Ã¨","77","dotpositionright","singlestim","264","257027","1030220","right","correct","1","","1","trialend","singlestim","265","258047","1030230"
"16120","Subject87","ecstaticecstatic","1","ecstatic","positionright","validityvalid","test","4","positive","singlestim","267","260053","1030250","â€šÃ³Ã¨","77","dotpositionright","singlestim","268","260487","1030260","right","correct","1","","1","trialend","singlestim","269","261502","1030270"
"16417","Subject87","wohlesswohless","1","wohless","positionright","validityvalid","test","4","negative","singlestim","271","263510","1030290","â€šÃ³Ã¨","77","dotpositionright","singlestim","272","264003","1030300","right","correct","1","","1","trialend","singlestim","273","265021","1030310"
"16714","Subject87","ashamedashamed","1","ashamed","positionright","validityinvalid","test","4","negative","singlestim","275","267027","1030330","â€šÃ³Ã¨","67","dotpositionleft","singlestim","276","267476","1030340","left","correct","1","","1","trialend","singlestim","277","268491","1030350"
"17011","Subject87","structurestructure","1","structure","positionright","validityvalid","test","4","neutral","singlestim","279","270500","1030370","â€šÃ³Ã¨","77","dotpositionright","singlestim","280","271009","1030380","right","correct","1","","1","trialend","singlestim","281","272029","1030390"
"17308","Subject87","hanginghanging","1","hanging","positionleft","validityvalid","test","4","suicide","singlestim","283","274036","1030410","â€šÃ³Ã¨","67","dotpositionleft","singlestim","284","274471","1030420","left","correct","1","","1","trialend","singlestim","285","275486","1030430"
"17605","Subject87","suicidesuicide","1","suicide","positionright","validityinvalid","test","4","suicide","singlestim","287","277498","1030450","â€šÃ³Ã¨","67","dotpositionleft","singlestim","288","278054","1030460","left","correct","1","","1","trialend","singlestim","289","279071","1030470"
"17902","Subject87","doubledouble","1","double","positionright","validityvalid","test","4","neutral","singlestim","291","281079","1030490","â€šÃ³Ã¨","67","dotpositionright","singlestim","292","281669","1030500","left","incorrect","1","","1","trialend","singlestim","293","282682","1030510"
"18199","Subject87","alonealone","1","alone","positionleft","validityvalid","test","4","negative","singlestim","295","284689","1030530","â€šÃ³Ã¨","67","dotpositionleft","singlestim","296","285247","1030540","left","correct","1","","1","trialend","singlestim","297","286266","1030550"
"18496","Subject87","successsuccess","1","success","positionleft","validityvalid","test","4","positive","singlestim","299","288273","1030570","â€šÃ³Ã¨","67","dotpositionleft","singlestim","300","288696","1030580","left","correct","1","","1","trialend","singlestim","301","289712","1030590"
"18793","Subject87","laughlaugh","1","laugh","positionright","validityvalid","test","4","positive","singlestim","303","291720","1030610","â€šÃ³Ã¨","77","dotpositionright","singlestim","304","292259","1030620","right","correct","1","","1","trialend","singlestim","305","293277","1030630"
