"","SubjectID","rt","stimulus","keypress","word","wordposition","validity","block","blocknum","wordtype","trialtype","trialindex","timeelapsed","rt.1","stimulus.1","keypress.1","dotposition","trialtype.1","trialindex.1","timeelapsed.1","keypressed","participantresponse","correctresponse","rt.2","stimulus.2","keypress.2","blocktrial","trialtype.2","trialindex.2","timeelapsed.2"
"167","Subject196","1","closetcloset","1","closet","positionright","validityinvalid","test","3","neutral","singlestim","51","75588","379","â€šÃ³Ã¨","67","dotpositionleft","singlestim","52","76020","c","left","correct","1","","1","trialend","singlestim","53","77033"
"464","Subject196","1","metermeter","1","meter","positionleft","validityvalid","test","3","neutral","singlestim","55","79036","352","â€šÃ³Ã¨","67","dotpositionleft","singlestim","56","79438","c","left","correct","1","","1","trialend","singlestim","57","80452"
"761","Subject196","1","diedie","1","die","positionright","validityvalid","test","3","suicide","singlestim","59","82456","318","â€šÃ³Ã¨","77","dotpositionright","singlestim","60","82827","m","right","correct","1","","1","trialend","singlestim","61","83838"
"1058","Subject196","1","touretoure","1","toure","positionleft","validityvalid","test","3","negative","singlestim","63","85842","452","â€šÃ³Ã¨","67","dotpositionleft","singlestim","64","86345","c","left","correct","1","","1","trialend","singlestim","65","87359"
"1355","Subject196","1","greengreen","1","green","positionright","validityvalid","test","3","neutral","singlestim","67","89365","327","â€šÃ³Ã¨","77","dotpositionright","singlestim","68","89741","m","right","correct","1","","1","trialend","singlestim","69","90752"
"1652","Subject196","1","assaultassault","1","assault","positionleft","validityinvalid","test","3","negative","singlestim","71","92755","462","â€šÃ³Ã¨","77","dotpositionright","singlestim","72","93269","m","right","correct","1","","1","trialend","singlestim","73","94280"
"1949","Subject196","1","museummuseum","1","museum","positionleft","validityvalid","test","3","neutral","singlestim","75","96284","413","â€šÃ³Ã¨","67","dotpositionleft","singlestim","76","96752","c","left","correct","1","","1","trialend","singlestim","77","97763"
"2246","Subject196","1","kisskiss","1","kiss","positionright","validityinvalid","test","3","positive","singlestim","79","99766","537","â€šÃ³Ã¨","67","dotpositionleft","singlestim","80","100353","c","left","correct","1","","1","trialend","singlestim","81","101376"
"2543","Subject196","1","bombbomb","1","bomb","positionright","validityvalid","test","3","negative","singlestim","83","103378","420","â€šÃ³Ã¨","77","dotpositionright","singlestim","84","103850","m","right","correct","1","","1","trialend","singlestim","85","104862"
"2840","Subject196","1","rejectedrejected","1","rejected","positionright","validityvalid","test","3","negative","singlestim","87","106867","503","â€šÃ³Ã¨","77","dotpositionright","singlestim","88","107421","m","right","correct","1","","1","trialend","singlestim","89","108432"
"3137","Subject196","1","deaddead","1","dead","positionleft","validityinvalid","test","3","suicide","singlestim","91","110438","459","â€šÃ³Ã¨","77","dotpositionright","singlestim","92","110948","m","right","correct","1","","1","trialend","singlestim","93","111960"
"3434","Subject196","1","dyingdying","1","dying","positionleft","validityvalid","test","3","suicide","singlestim","95","113966","428","â€šÃ³Ã¨","67","dotpositionleft","singlestim","96","114444","c","left","correct","1","","1","trialend","singlestim","97","115456"
"3731","Subject196","1","strongstrong","1","strong","positionleft","validityvalid","test","3","positive","singlestim","99","117463","453","â€šÃ³Ã¨","67","dotpositionleft","singlestim","100","117967","c","left","correct","1","","1","trialend","singlestim","101","118980"
"4028","Subject196","1","happyhappy","1","happy","positionright","validityvalid","test","3","positive","singlestim","103","120983","358","â€šÃ³Ã¨","77","dotpositionright","singlestim","104","121393","m","right","correct","1","","1","trialend","singlestim","105","122406"
"4325","Subject196","1","cuttingcutting","1","cutting","positionright","validityvalid","test","3","suicide","singlestim","107","124411","423","â€šÃ³Ã¨","77","dotpositionright","singlestim","108","124885","m","right","correct","1","","1","trialend","singlestim","109","125900"
"4622","Subject196","1","smilesmile","1","smile","positionleft","validityvalid","test","3","positive","singlestim","111","127903","570","â€šÃ³Ã¨","67","dotpositionleft","singlestim","112","128524","c","left","correct","1","","1","trialend","singlestim","113","129537"
"4919","Subject196","1","paradiseparadise","1","paradise","positionleft","validityvalid","test","1","positive","singlestim","115","131544","443","â€šÃ³Ã¨","67","dotpositionleft","singlestim","116","132039","c","left","correct","1","","1","trialend","singlestim","117","133051"
"5216","Subject196","1","patheticpathetic","1","pathetic","positionleft","validityvalid","test","1","negative","singlestim","119","135055","332","â€šÃ³Ã¨","67","dotpositionleft","singlestim","120","135439","c","left","correct","1","","1","trialend","singlestim","121","136453"
"5513","Subject196","1","cheesecheese","1","cheese","positionright","validityvalid","test","1","neutral","singlestim","123","138461","339","â€šÃ³Ã¨","77","dotpositionright","singlestim","124","138850","m","right","correct","1","","1","trialend","singlestim","125","139862"
"5810","Subject196","1","gunshotgunshot","1","gunshot","positionright","validityvalid","test","1","suicide","singlestim","127","141867","376","â€šÃ³Ã¨","77","dotpositionright","singlestim","128","142294","m","right","correct","1","","1","trialend","singlestim","129","143309"
"6107","Subject196","1","greatgreat","1","great","positionright","validityvalid","test","1","positive","singlestim","131","145314","330","â€šÃ³Ã¨","77","dotpositionright","singlestim","132","145695","m","right","correct","1","","1","trialend","singlestim","133","146707"
"6404","Subject196","1","imageimage","1","image","positionleft","validityvalid","test","1","neutral","singlestim","135","148711","401","â€šÃ³Ã¨","67","dotpositionleft","singlestim","136","149165","c","left","correct","1","","1","trialend","singlestim","137","150176"
"6701","Subject196","1","foldedfolded","1","folded","positionleft","validityvalid","test","1","neutral","singlestim","139","152181","311","â€šÃ³Ã¨","67","dotpositionleft","singlestim","140","152542","c","left","correct","1","","1","trialend","singlestim","141","153557"
"6998","Subject196","1","cryingcrying","1","crying","positionright","validityvalid","test","1","negative","singlestim","143","155563","363","â€šÃ³Ã¨","77","dotpositionright","singlestim","144","155979","m","right","correct","1","","1","trialend","singlestim","145","156992"
"7295","Subject196","1","statuestatue","1","statue","positionright","validityinvalid","test","1","neutral","singlestim","147","158995","463","â€šÃ³Ã¨","67","dotpositionleft","singlestim","148","159508","c","left","correct","1","","1","trialend","singlestim","149","160521"
"7592","Subject196","1","funeralfuneral","1","funeral","positionright","validityvalid","test","1","suicide","singlestim","151","162524","393","â€šÃ³Ã¨","77","dotpositionright","singlestim","152","162969","m","right","correct","1","","1","trialend","singlestim","153","163980"
"7889","Subject196","1","bloodblood","1","blood","positionleft","validityvalid","test","1","suicide","singlestim","155","165985","327","â€šÃ³Ã¨","67","dotpositionleft","singlestim","156","166364","c","left","correct","1","","1","trialend","singlestim","157","167376"
"8186","Subject196","1","healthyhealthy","1","healthy","positionleft","validityinvalid","test","1","positive","singlestim","159","169380","446","â€šÃ³Ã¨","77","dotpositionright","singlestim","160","169878","m","right","correct","1","","1","trialend","singlestim","161","170891"
"8483","Subject196","1","hatehate","1","hate","positionright","validityinvalid","test","1","negative","singlestim","163","172894","327","â€šÃ³Ã¨","67","dotpositionleft","singlestim","164","173272","c","left","correct","1","","1","trialend","singlestim","165","174285"
"8780","Subject196","1","suffocationsuffocation","1","suffocation","positionleft","validityinvalid","test","1","suicide","singlestim","167","176297","328","â€šÃ³Ã¨","77","dotpositionright","singlestim","168","176676","m","right","correct","1","","1","trialend","singlestim","169","177689"
"9077","Subject196","1","vomitvomit","1","vomit","positionleft","validityvalid","test","1","negative","singlestim","171","179692","1146","â€šÃ³Ã¨","67","dotpositionleft","singlestim","172","180889","c","left","correct","1","","1","trialend","singlestim","173","181904"
"9374","Subject196","1","attractionattraction","1","attraction","positionright","validityvalid","test","1","positive","singlestim","175","183907","513","â€šÃ³Ã¨","77","dotpositionright","singlestim","176","184471","m","right","correct","1","","1","trialend","singlestim","177","185484"
"9671","Subject196","1","overdoseoverdose","1","overdose","positionright","validityinvalid","test","2","suicide","singlestim","179","187489","380","â€šÃ³Ã¨","67","dotpositionleft","singlestim","180","187919","c","left","correct","1","","1","trialend","singlestim","181","188930"
"9968","Subject196","1","tabletable","1","table","positionright","validityvalid","test","2","neutral","singlestim","183","190935","349","â€šÃ³Ã¨","77","dotpositionright","singlestim","184","191336","m","right","correct","1","","1","trialend","singlestim","185","192349"
"10265","Subject196","1","paperpaper","1","paper","positionleft","validityvalid","test","2","neutral","singlestim","187","194354","299","â€šÃ³Ã¨","67","dotpositionleft","singlestim","188","194703","c","left","correct","1","","1","trialend","singlestim","189","195716"
"10562","Subject196","1","failurefailure","1","failure","positionleft","validityvalid","test","2","negative","singlestim","191","197720","329","â€šÃ³Ã¨","67","dotpositionleft","singlestim","192","198100","c","left","correct","1","","1","trialend","singlestim","193","199113"
"10859","Subject196","1","lovelove","1","love","positionright","validityinvalid","test","2","positive","singlestim","195","201117","1345","â€šÃ³Ã¨","67","dotpositionleft","singlestim","196","202512","c","left","correct","1","","1","trialend","singlestim","197","203524"
"11156","Subject196","1","abuseabuse","1","abuse","positionright","validityvalid","test","2","negative","singlestim","199","205530","275","â€šÃ³Ã¨","77","dotpositionright","singlestim","200","205856","m","right","correct","1","","1","trialend","singlestim","201","206867"
"11453","Subject196","1","deathdeath","1","death","positionright","validityvalid","test","2","suicide","singlestim","203","208872","280","â€šÃ³Ã¨","77","dotpositionright","singlestim","204","209202","m","right","correct","1","","1","trialend","singlestim","205","210214"
"11750","Subject196","1","corpsecorpse","1","corpse","positionleft","validityvalid","test","2","suicide","singlestim","207","212217","283","â€šÃ³Ã¨","67","dotpositionleft","singlestim","208","212552","c","left","correct","1","","1","trialend","singlestim","209","213565"
"12047","Subject196","1","enthusiasmenthusiasm","1","enthusiasm","positionright","validityvalid","test","2","positive","singlestim","211","215569","663","â€šÃ³Ã¨","77","dotpositionright","singlestim","212","216282","m","right","correct","1","","1","trialend","singlestim","213","217294"
"12344","Subject196","1","cruelcruel","1","cruel","positionright","validityvalid","test","2","negative","singlestim","215","219300","322","â€šÃ³Ã¨","77","dotpositionright","singlestim","216","219673","m","right","correct","1","","1","trialend","singlestim","217","220685"
"12641","Subject196","1","braverybravery","1","bravery","positionleft","validityvalid","test","2","positive","singlestim","219","222689","521","â€šÃ³Ã¨","67","dotpositionleft","singlestim","220","223261","c","left","correct","1","","1","trialend","singlestim","221","224303"
"12938","Subject196","1","noosenoose","1","noose","positionleft","validityvalid","test","2","suicide","singlestim","223","226308","298","â€šÃ³Ã¨","67","dotpositionleft","singlestim","224","226655","c","left","correct","1","","1","trialend","singlestim","225","227670"
"13235","Subject196","1","filthyfilthy","1","filthy","positionleft","validityinvalid","test","2","negative","singlestim","227","229684","457","â€šÃ³Ã¨","77","dotpositionright","singlestim","228","230192","m","right","correct","1","","1","trialend","singlestim","229","231206"
"13532","Subject196","1","horsehorse","1","horse","positionleft","validityinvalid","test","2","neutral","singlestim","231","233212","393","â€šÃ³Ã¨","77","dotpositionright","singlestim","232","233657","m","right","correct","1","","1","trialend","singlestim","233","234668"
"13829","Subject196","1","foamfoam","1","foam","positionright","validityvalid","test","2","neutral","singlestim","235","236672","359","â€šÃ³Ã¨","77","dotpositionright","singlestim","236","237084","m","right","correct","1","","1","trialend","singlestim","237","238096"
"14126","Subject196","1","pleasurepleasure","1","pleasure","positionleft","validityvalid","test","2","positive","singlestim","239","240101","346","â€šÃ³Ã¨","67","dotpositionleft","singlestim","240","240499","c","left","correct","1","","1","trialend","singlestim","241","241512"
"14423","Subject196","1","doubledouble","1","double","positionright","validityvalid","test","4","neutral","singlestim","243","243517","1656","â€šÃ³Ã¨","77","dotpositionright","singlestim","244","245225","m","right","correct","1","","1","trialend","singlestim","245","246240"
"14720","Subject196","1","alonealone","1","alone","positionleft","validityvalid","test","4","negative","singlestim","247","248247","1063","â€šÃ³Ã¨","67","dotpositionleft","singlestim","248","249360","c","left","correct","1","","1","trialend","singlestim","249","250372"
"15017","Subject196","1","laughlaugh","1","laugh","positionright","validityvalid","test","4","positive","singlestim","251","252375","420","â€šÃ³Ã¨","77","dotpositionright","singlestim","252","252847","m","right","correct","1","","1","trialend","singlestim","253","253860"
"15314","Subject196","1","killingkilling","1","killing","positionleft","validityvalid","test","4","suicide","singlestim","255","255863","430","â€šÃ³Ã¨","67","dotpositionleft","singlestim","256","256345","c","left","correct","1","","1","trialend","singlestim","257","257357"
"15611","Subject196","1","successsuccess","1","success","positionleft","validityvalid","test","4","positive","singlestim","259","259362","295","â€šÃ³Ã¨","67","dotpositionleft","singlestim","260","259709","c","left","correct","1","","1","trialend","singlestim","261","260722"
"15908","Subject196","1","structurestructure","1","structure","positionright","validityvalid","test","4","neutral","singlestim","263","262727","285","â€šÃ³Ã¨","77","dotpositionright","singlestim","264","263062","m","right","correct","1","","1","trialend","singlestim","265","264075"
"16205","Subject196","1","passionatepassionate","1","passionate","positionleft","validityinvalid","test","4","positive","singlestim","267","266080","466","â€šÃ³Ã¨","77","dotpositionright","singlestim","268","266597","m","right","correct","1","","1","trialend","singlestim","269","267610"
"16502","Subject196","1","wohlesswohless","1","wohless","positionright","validityvalid","test","4","negative","singlestim","271","269617","512","â€šÃ³Ã¨","77","dotpositionright","singlestim","272","270182","m","right","correct","1","","1","trialend","singlestim","273","271192"
"16799","Subject196","1","frameframe","1","frame","positionleft","validityinvalid","test","4","neutral","singlestim","275","273197","394","â€šÃ³Ã¨","77","dotpositionright","singlestim","276","273642","m","right","correct","1","","1","trialend","singlestim","277","274676"
"17096","Subject196","1","stupidstupid","1","stupid","positionleft","validityvalid","test","4","negative","singlestim","279","276680","333","â€šÃ³Ã¨","67","dotpositionleft","singlestim","280","277064","c","left","correct","1","","1","trialend","singlestim","281","278076"
"17393","Subject196","1","hanginghanging","1","hanging","positionleft","validityvalid","test","4","suicide","singlestim","283","280080","291","â€šÃ³Ã¨","67","dotpositionleft","singlestim","284","280423","c","left","correct","1","","1","trialend","singlestim","285","281436"
"17690","Subject196","1","ashamedashamed","1","ashamed","positionright","validityinvalid","test","4","negative","singlestim","287","283441","467","â€šÃ³Ã¨","67","dotpositionleft","singlestim","288","283960","c","left","correct","1","","1","trialend","singlestim","289","284972"
"17987","Subject196","1","suicidesuicide","1","suicide","positionright","validityinvalid","test","4","suicide","singlestim","291","286978","385","â€šÃ³Ã¨","67","dotpositionleft","singlestim","292","287415","c","left","correct","1","","1","trialend","singlestim","293","288425"
"18284","Subject196","1","engineengine","1","engine","positionleft","validityvalid","test","4","neutral","singlestim","295","290429","325","â€šÃ³Ã¨","67","dotpositionleft","singlestim","296","290807","c","left","correct","1","","1","trialend","singlestim","297","291819"
"18581","Subject196","349","ecstaticecstatic","77","ecstatic","positionright","validityvalid","test","4","positive","singlestim","299","293824","310","â€šÃ³Ã¨","77","dotpositionright","singlestim","300","294184","m","right","correct","1","","1","trialend","singlestim","301","295195"
"18878","Subject196","1","deceaseddeceased","1","deceased","positionright","validityvalid","test","4","suicide","singlestim","303","297201","328","â€šÃ³Ã¨","77","dotpositionright","singlestim","304","297578","m","right","correct","1","","1","trialend","singlestim","305","298591"
