"","SubjectID","rt","stimulus","keypress","word","wordposition","validity","block","blocknum","wordtype","trialtype","trialindex","timeelapsed","rt.1","stimulus.1","keypress.1","dotposition","trialtype.1","trialindex.1","timeelapsed.1","keypressed","participantresponse","correctresponse","rt.2","stimulus.2","keypress.2","blocktrial","trialtype.2","trialindex.2","timeelapsed.2"
"258","Subject292","1","attractionattraction","1","attraction","positionright","validityvalid","test","1","positive","singlestim","51","106573","442","â€šÃ³Ã¨","77","dotpositionright","singlestim","52","107069","m","right","correct","1","","1","trialend","singlestim","53","108081"
"555","Subject292","1","cryingcrying","1","crying","positionright","validityvalid","test","1","negative","singlestim","55","110086","443","â€šÃ³Ã¨","77","dotpositionright","singlestim","56","110581","m","right","correct","1","","1","trialend","singlestim","57","111594"
"852","Subject292","1","gunshotgunshot","1","gunshot","positionright","validityvalid","test","1","suicide","singlestim","59","113599","401","â€šÃ³Ã¨","77","dotpositionright","singlestim","60","114053","m","right","correct","1","","1","trialend","singlestim","61","115067"
"1149","Subject292","1","vomitvomit","1","vomit","positionleft","validityvalid","test","1","negative","singlestim","63","117071","433","â€šÃ³Ã¨","67","dotpositionleft","singlestim","64","117557","c","left","correct","1","","1","trialend","singlestim","65","118571"
"1446","Subject292","1","cheesecheese","1","cheese","positionright","validityvalid","test","1","neutral","singlestim","67","120576","464","â€šÃ³Ã¨","77","dotpositionright","singlestim","68","121092","m","right","correct","1","","1","trialend","singlestim","69","122106"
"1743","Subject292","1","suffocationsuffocation","1","suffocation","positionleft","validityinvalid","test","1","suicide","singlestim","71","124112","368","â€šÃ³Ã¨","77","dotpositionright","singlestim","72","124533","m","right","correct","1","","1","trialend","singlestim","73","125546"
"2040","Subject292","1","foldedfolded","1","folded","positionleft","validityvalid","test","1","neutral","singlestim","75","127550","458","â€šÃ³Ã¨","67","dotpositionleft","singlestim","76","128060","c","left","correct","1","","1","trialend","singlestim","77","129074"
"2337","Subject292","1","bloodblood","1","blood","positionleft","validityvalid","test","1","suicide","singlestim","79","131080","392","â€šÃ³Ã¨","67","dotpositionleft","singlestim","80","131525","c","left","correct","1","","1","trialend","singlestim","81","132538"
"2634","Subject292","1","hatehate","1","hate","positionright","validityinvalid","test","1","negative","singlestim","83","134544","368","â€šÃ³Ã¨","67","dotpositionleft","singlestim","84","134964","c","left","correct","1","","1","trialend","singlestim","85","135977"
"2931","Subject292","1","funeralfuneral","1","funeral","positionright","validityvalid","test","1","suicide","singlestim","87","137982","338","â€šÃ³Ã¨","77","dotpositionright","singlestim","88","138372","m","right","correct","1","","1","trialend","singlestim","89","139386"
"3228","Subject292","1","healthyhealthy","1","healthy","positionleft","validityinvalid","test","1","positive","singlestim","91","141392","360","â€šÃ³Ã¨","77","dotpositionright","singlestim","92","141804","m","right","correct","1","","1","trialend","singlestim","93","142818"
"3525","Subject292","1","imageimage","1","image","positionleft","validityvalid","test","1","neutral","singlestim","95","144823","456","â€šÃ³Ã¨","67","dotpositionleft","singlestim","96","145332","c","left","correct","1","","1","trialend","singlestim","97","146346"
"3822","Subject292","1","statuestatue","1","statue","positionright","validityinvalid","test","1","neutral","singlestim","99","148350","402","â€šÃ³Ã¨","67","dotpositionleft","singlestim","100","148804","c","left","correct","1","","1","trialend","singlestim","101","149818"
"4119","Subject292","1","paradiseparadise","1","paradise","positionleft","validityvalid","test","1","positive","singlestim","103","151823","489","â€šÃ³Ã¨","67","dotpositionleft","singlestim","104","152364","c","left","correct","1","","1","trialend","singlestim","105","153378"
"4416","Subject292","1","greatgreat","1","great","positionright","validityvalid","test","1","positive","singlestim","107","155383","401","â€šÃ³Ã¨","77","dotpositionright","singlestim","108","155836","m","right","correct","1","","1","trialend","singlestim","109","156850"
"4713","Subject292","1","patheticpathetic","1","pathetic","positionleft","validityvalid","test","1","negative","singlestim","111","158855","432","â€šÃ³Ã¨","67","dotpositionleft","singlestim","112","159339","c","left","correct","1","","1","trialend","singlestim","113","160353"
"5010","Subject292","1","tabletable","1","table","positionright","validityvalid","test","2","neutral","singlestim","115","162358","361","â€šÃ³Ã¨","77","dotpositionright","singlestim","116","162772","m","right","correct","1","","1","trialend","singlestim","117","163786"
"5307","Subject292","1","lovelove","1","love","positionright","validityinvalid","test","2","positive","singlestim","119","165791","384","â€šÃ³Ã¨","67","dotpositionleft","singlestim","120","166228","c","left","correct","1","","1","trialend","singlestim","121","167241"
"5604","Subject292","1","noosenoose","1","noose","positionleft","validityvalid","test","2","suicide","singlestim","123","169247","456","â€šÃ³Ã¨","67","dotpositionleft","singlestim","124","169756","c","left","correct","1","","1","trialend","singlestim","125","170768"
"5901","Subject292","1","failurefailure","1","failure","positionleft","validityvalid","test","2","negative","singlestim","127","172772","467","â€šÃ³Ã¨","67","dotpositionleft","singlestim","128","173291","c","left","correct","1","","1","trialend","singlestim","129","174305"
"6198","Subject292","1","corpsecorpse","1","corpse","positionleft","validityvalid","test","2","suicide","singlestim","131","176311","496","â€šÃ³Ã¨","67","dotpositionleft","singlestim","132","176859","c","left","correct","1","","1","trialend","singlestim","133","177873"
"6495","Subject292","1","foamfoam","1","foam","positionright","validityvalid","test","2","neutral","singlestim","135","179877","395","â€šÃ³Ã¨","77","dotpositionright","singlestim","136","180323","m","right","correct","1","","1","trialend","singlestim","137","181337"
"6792","Subject292","1","overdoseoverdose","1","overdose","positionright","validityinvalid","test","2","suicide","singlestim","139","183343","440","â€šÃ³Ã¨","67","dotpositionleft","singlestim","140","183835","c","left","correct","1","","1","trialend","singlestim","141","184849"
"7089","Subject292","1","pleasurepleasure","1","pleasure","positionleft","validityvalid","test","2","positive","singlestim","143","186854","433","â€šÃ³Ã¨","67","dotpositionleft","singlestim","144","187339","c","left","correct","1","","1","trialend","singlestim","145","188352"
"7386","Subject292","1","braverybravery","1","bravery","positionleft","validityvalid","test","2","positive","singlestim","147","190356","547","â€šÃ³Ã¨","67","dotpositionleft","singlestim","148","190955","c","left","correct","1","","1","trialend","singlestim","149","191969"
"7683","Subject292","1","horsehorse","1","horse","positionleft","validityinvalid","test","2","neutral","singlestim","151","193974","376","â€šÃ³Ã¨","77","dotpositionright","singlestim","152","194403","m","right","correct","1","","1","trialend","singlestim","153","195417"
"7980","Subject292","1","cruelcruel","1","cruel","positionright","validityvalid","test","2","negative","singlestim","155","197422","360","â€šÃ³Ã¨","77","dotpositionright","singlestim","156","197835","m","right","correct","1","","1","trialend","singlestim","157","198848"
"8277","Subject292","1","paperpaper","1","paper","positionleft","validityvalid","test","2","neutral","singlestim","159","200853","545","â€šÃ³Ã¨","67","dotpositionleft","singlestim","160","201451","c","left","correct","1","","1","trialend","singlestim","161","202463"
"8574","Subject292","1","enthusiasmenthusiasm","1","enthusiasm","positionright","validityvalid","test","2","positive","singlestim","163","204469","425","â€šÃ³Ã¨","77","dotpositionright","singlestim","164","204947","m","right","correct","1","","1","trialend","singlestim","165","205961"
"8871","Subject292","1","abuseabuse","1","abuse","positionright","validityvalid","test","2","negative","singlestim","167","207965","433","â€šÃ³Ã¨","77","dotpositionright","singlestim","168","208451","m","right","correct","1","","1","trialend","singlestim","169","209465"
"9168","Subject292","1","deathdeath","1","death","positionright","validityvalid","test","2","suicide","singlestim","171","211469","402","â€šÃ³Ã¨","77","dotpositionright","singlestim","172","211922","m","right","correct","1","","1","trialend","singlestim","173","212936"
"9465","Subject292","1","filthyfilthy","1","filthy","positionleft","validityinvalid","test","2","negative","singlestim","175","214941","425","â€šÃ³Ã¨","77","dotpositionright","singlestim","176","215418","m","right","correct","1","","1","trialend","singlestim","177","216432"
"9762","Subject292","1","structurestructure","1","structure","positionright","validityvalid","test","4","neutral","singlestim","179","218437","377","â€šÃ³Ã¨","77","dotpositionright","singlestim","180","218866","m","right","correct","1","","1","trialend","singlestim","181","219879"
"10059","Subject292","1","engineengine","1","engine","positionleft","validityvalid","test","4","neutral","singlestim","183","221883","403","â€šÃ³Ã¨","67","dotpositionleft","singlestim","184","222338","c","left","correct","1","","1","trialend","singlestim","185","223352"
"10356","Subject292","1","doubledouble","1","double","positionright","validityvalid","test","4","neutral","singlestim","187","225357","320","â€šÃ³Ã¨","77","dotpositionright","singlestim","188","225730","m","right","correct","1","","1","trialend","singlestim","189","226743"
"10653","Subject292","1","ecstaticecstatic","1","ecstatic","positionright","validityvalid","test","4","positive","singlestim","191","228748","370","â€šÃ³Ã¨","77","dotpositionright","singlestim","192","229170","m","right","correct","1","","1","trialend","singlestim","193","230184"
"10950","Subject292","1","laughlaugh","1","laugh","positionright","validityvalid","test","4","positive","singlestim","195","232188","322","â€šÃ³Ã¨","77","dotpositionright","singlestim","196","232562","m","right","correct","1","","1","trialend","singlestim","197","233575"
"11247","Subject292","1","successsuccess","1","success","positionleft","validityvalid","test","4","positive","singlestim","199","235581","385","â€šÃ³Ã¨","67","dotpositionleft","singlestim","200","236018","c","left","correct","1","","1","trialend","singlestim","201","237032"
"11544","Subject292","1","wohlesswohless","1","wohless","positionright","validityvalid","test","4","negative","singlestim","203","239036","369","â€šÃ³Ã¨","77","dotpositionright","singlestim","204","239458","m","right","correct","1","","1","trialend","singlestim","205","240471"
"11841","Subject292","1","suicidesuicide","1","suicide","positionright","validityinvalid","test","4","suicide","singlestim","207","242475","371","â€šÃ³Ã¨","67","dotpositionleft","singlestim","208","242898","c","left","correct","1","","1","trialend","singlestim","209","243912"
"12138","Subject292","1","deceaseddeceased","1","deceased","positionright","validityvalid","test","4","suicide","singlestim","211","245917","376","â€šÃ³Ã¨","77","dotpositionright","singlestim","212","246346","m","right","correct","1","","1","trialend","singlestim","213","247358"
"12435","Subject292","1","frameframe","1","frame","positionleft","validityinvalid","test","4","neutral","singlestim","215","249364","330","â€šÃ³Ã¨","77","dotpositionright","singlestim","216","249746","m","right","correct","1","","1","trialend","singlestim","217","250759"
"12732","Subject292","1","hanginghanging","1","hanging","positionleft","validityvalid","test","4","suicide","singlestim","219","252763","362","â€šÃ³Ã¨","67","dotpositionleft","singlestim","220","253177","c","left","correct","1","","1","trialend","singlestim","221","254191"
"13029","Subject292","1","stupidstupid","1","stupid","positionleft","validityvalid","test","4","negative","singlestim","223","256196","385","â€šÃ³Ã¨","67","dotpositionleft","singlestim","224","256633","c","left","correct","1","","1","trialend","singlestim","225","257646"
"13326","Subject292","1","passionatepassionate","1","passionate","positionleft","validityinvalid","test","4","positive","singlestim","227","259651","442","â€šÃ³Ã¨","77","dotpositionright","singlestim","228","260145","m","right","correct","1","","1","trialend","singlestim","229","261158"
"13623","Subject292","1","alonealone","1","alone","positionleft","validityvalid","test","4","negative","singlestim","231","263163","387","â€šÃ³Ã¨","67","dotpositionleft","singlestim","232","263601","c","left","correct","1","","1","trialend","singlestim","233","264615"
"13920","Subject292","1","ashamedashamed","1","ashamed","positionright","validityinvalid","test","4","negative","singlestim","235","266619","394","â€šÃ³Ã¨","67","dotpositionleft","singlestim","236","267065","c","left","correct","1","","1","trialend","singlestim","237","268078"
"14217","Subject292","1","killingkilling","1","killing","positionleft","validityvalid","test","4","suicide","singlestim","239","270083","467","â€šÃ³Ã¨","67","dotpositionleft","singlestim","240","270601","c","left","correct","1","","1","trialend","singlestim","241","271615"
"14514","Subject292","1","rejectedrejected","1","rejected","positionright","validityvalid","test","3","negative","singlestim","243","273619","361","â€šÃ³Ã¨","77","dotpositionright","singlestim","244","274033","m","right","correct","1","","1","trialend","singlestim","245","275046"
"14811","Subject292","1","dyingdying","1","dying","positionleft","validityvalid","test","3","suicide","singlestim","247","277051","370","â€šÃ³Ã¨","67","dotpositionleft","singlestim","248","277473","c","left","correct","1","","1","trialend","singlestim","249","278485"
"15108","Subject292","1","deaddead","1","dead","positionleft","validityinvalid","test","3","suicide","singlestim","251","280490","370","â€šÃ³Ã¨","77","dotpositionright","singlestim","252","280913","m","right","correct","1","","1","trialend","singlestim","253","281926"
"15405","Subject292","1","strongstrong","1","strong","positionleft","validityvalid","test","3","positive","singlestim","255","283931","361","â€šÃ³Ã¨","67","dotpositionleft","singlestim","256","284345","c","left","correct","1","","1","trialend","singlestim","257","285359"
"15702","Subject292","1","closetcloset","1","closet","positionright","validityinvalid","test","3","neutral","singlestim","259","287364","353","â€šÃ³Ã¨","67","dotpositionleft","singlestim","260","287769","c","left","correct","1","","1","trialend","singlestim","261","288782"
"15999","Subject292","1","happyhappy","1","happy","positionright","validityvalid","test","3","positive","singlestim","263","290787","425","â€šÃ³Ã¨","77","dotpositionright","singlestim","264","291265","m","right","correct","1","","1","trialend","singlestim","265","292279"
"16296","Subject292","1","cuttingcutting","1","cutting","positionright","validityvalid","test","3","suicide","singlestim","267","294284","576","â€šÃ³Ã¨","77","dotpositionright","singlestim","268","294913","m","right","correct","1","","1","trialend","singlestim","269","295926"
"16593","Subject292","1","diedie","1","die","positionright","validityvalid","test","3","suicide","singlestim","271","297931","297","â€šÃ³Ã¨","77","dotpositionright","singlestim","272","298281","m","right","correct","1","","1","trialend","singlestim","273","299295"
"16890","Subject292","1","touretoure","1","toure","positionleft","validityvalid","test","3","negative","singlestim","275","301300","416","â€šÃ³Ã¨","67","dotpositionleft","singlestim","276","301768","c","left","correct","1","","1","trialend","singlestim","277","302782"
"17187","Subject292","1","assaultassault","1","assault","positionleft","validityinvalid","test","3","negative","singlestim","279","304787","458","â€šÃ³Ã¨","77","dotpositionright","singlestim","280","305297","m","right","correct","1","","1","trialend","singlestim","281","306311"
"17484","Subject292","1","greengreen","1","green","positionright","validityvalid","test","3","neutral","singlestim","283","308314","738","â€šÃ³Ã¨","77","dotpositionright","singlestim","284","309104","m","right","correct","1","","1","trialend","singlestim","285","310117"
"17781","Subject292","1","metermeter","1","meter","positionleft","validityvalid","test","3","neutral","singlestim","287","312122","402","â€šÃ³Ã¨","67","dotpositionleft","singlestim","288","312576","c","left","correct","1","","1","trialend","singlestim","289","313589"
"18078","Subject292","1","bombbomb","1","bomb","positionright","validityvalid","test","3","negative","singlestim","291","315594","281","â€šÃ³Ã¨","77","dotpositionright","singlestim","292","315928","m","right","correct","1","","1","trialend","singlestim","293","316942"
"18375","Subject292","1","smilesmile","1","smile","positionleft","validityvalid","test","3","positive","singlestim","295","318947","352","â€šÃ³Ã¨","67","dotpositionleft","singlestim","296","319352","c","left","correct","1","","1","trialend","singlestim","297","320365"
"18672","Subject292","1","kisskiss","1","kiss","positionright","validityinvalid","test","3","positive","singlestim","299","322370","449","â€šÃ³Ã¨","67","dotpositionleft","singlestim","300","322872","c","left","correct","1","","1","trialend","singlestim","301","323885"
"18969","Subject292","1","museummuseum","1","museum","positionleft","validityvalid","test","3","neutral","singlestim","303","325890","425","â€šÃ³Ã¨","67","dotpositionleft","singlestim","304","326368","c","left","correct","1","","1","trialend","singlestim","305","327381"
