"","SubjectID","rt","stimulus","keypress","word","wordposition","validity","block","blocknum","wordtype","trialtype","trialindex","timeelapsed","rt.1","stimulus.1","keypress.1","dotposition","trialtype.1","trialindex.1","timeelapsed.1","keypressed","participantresponse","correctresponse","rt.2","stimulus.2","keypress.2","blocktrial","trialtype.2","trialindex.2","timeelapsed.2"
"208","Subject240","1","frameframe","1","frame","positionleft","validityinvalid","test","4","neutral","singlestim","51","77607","387","â€šÃ³Ã¨","77","dotpositionright","singlestim","52","78047","m","right","correct","1","","1","trialend","singlestim","53","79061"
"505","Subject240","1","ashamedashamed","1","ashamed","positionright","validityinvalid","test","4","negative","singlestim","55","81066","308","â€šÃ³Ã¨","67","dotpositionleft","singlestim","56","81425","c","left","correct","1","","1","trialend","singlestim","57","82438"
"802","Subject240","1","killingkilling","1","killing","positionleft","validityvalid","test","4","suicide","singlestim","59","84442","382","â€šÃ³Ã¨","67","dotpositionleft","singlestim","60","84878","c","left","correct","1","","1","trialend","singlestim","61","85890"
"1099","Subject240","1","ecstaticecstatic","1","ecstatic","positionright","validityvalid","test","4","positive","singlestim","63","87895","308","â€šÃ³Ã¨","77","dotpositionright","singlestim","64","88257","m","right","correct","1","","1","trialend","singlestim","65","89271"
"1396","Subject240","1","laughlaugh","1","laugh","positionright","validityvalid","test","4","positive","singlestim","67","91276","374","â€šÃ³Ã¨","77","dotpositionright","singlestim","68","91703","m","right","correct","1","","1","trialend","singlestim","69","92715"
"1693","Subject240","1","deceaseddeceased","1","deceased","positionright","validityvalid","test","4","suicide","singlestim","71","94721","318","â€šÃ³Ã¨","77","dotpositionright","singlestim","72","95090","m","right","correct","1","","1","trialend","singlestim","73","96103"
"1990","Subject240","1","stupidstupid","1","stupid","positionleft","validityvalid","test","4","negative","singlestim","75","98107","333","â€šÃ³Ã¨","67","dotpositionleft","singlestim","76","98493","c","left","correct","1","","1","trialend","singlestim","77","99506"
"2287","Subject240","1","wohlesswohless","1","wohless","positionright","validityvalid","test","4","negative","singlestim","79","101513","378","â€šÃ³Ã¨","77","dotpositionright","singlestim","80","101943","m","right","correct","1","","1","trialend","singlestim","81","102957"
"2584","Subject240","1","successsuccess","1","success","positionleft","validityvalid","test","4","positive","singlestim","83","104962","451","â€šÃ³Ã¨","67","dotpositionleft","singlestim","84","105466","c","left","correct","1","","1","trialend","singlestim","85","106480"
"2881","Subject240","1","engineengine","1","engine","positionleft","validityvalid","test","4","neutral","singlestim","87","108485","387","â€šÃ³Ã¨","67","dotpositionleft","singlestim","88","108925","c","left","correct","1","","1","trialend","singlestim","89","109939"
"3178","Subject240","1","suicidesuicide","1","suicide","positionright","validityinvalid","test","4","suicide","singlestim","91","111943","302","â€šÃ³Ã¨","67","dotpositionleft","singlestim","92","112298","c","left","correct","1","","1","trialend","singlestim","93","113312"
"3475","Subject240","1","alonealone","1","alone","positionleft","validityvalid","test","4","negative","singlestim","95","115319","360","â€šÃ³Ã¨","67","dotpositionleft","singlestim","96","115731","c","left","correct","1","","1","trialend","singlestim","97","116743"
"3772","Subject240","1","doubledouble","1","double","positionright","validityvalid","test","4","neutral","singlestim","99","118749","329","â€šÃ³Ã¨","77","dotpositionright","singlestim","100","119130","m","right","correct","1","","1","trialend","singlestim","101","120144"
"4069","Subject240","1","hanginghanging","1","hanging","positionleft","validityvalid","test","4","suicide","singlestim","103","122147","402","â€šÃ³Ã¨","67","dotpositionleft","singlestim","104","122601","c","left","correct","1","","1","trialend","singlestim","105","123614"
"4366","Subject240","1","passionatepassionate","1","passionate","positionleft","validityinvalid","test","4","positive","singlestim","107","125620","269","â€šÃ³Ã¨","77","dotpositionright","singlestim","108","125939","m","right","correct","1","","1","trialend","singlestim","109","126952"
"4663","Subject240","1","structurestructure","1","structure","positionright","validityvalid","test","4","neutral","singlestim","111","128956","384","â€šÃ³Ã¨","77","dotpositionright","singlestim","112","129391","m","right","correct","1","","1","trialend","singlestim","113","130404"
"4960","Subject240","1","cruelcruel","1","cruel","positionright","validityvalid","test","2","negative","singlestim","115","132408","422","â€šÃ³Ã¨","77","dotpositionright","singlestim","116","132882","m","right","correct","1","","1","trialend","singlestim","117","133894"
"5257","Subject240","1","tabletable","1","table","positionright","validityvalid","test","2","neutral","singlestim","119","135899","343","â€šÃ³Ã¨","77","dotpositionright","singlestim","120","136293","m","right","correct","1","","1","trialend","singlestim","121","137305"
"5554","Subject240","1","lovelove","1","love","positionright","validityinvalid","test","2","positive","singlestim","123","139309","291","â€šÃ³Ã¨","67","dotpositionleft","singlestim","124","139653","c","left","correct","1","","1","trialend","singlestim","125","140666"
"5851","Subject240","1","failurefailure","1","failure","positionleft","validityvalid","test","2","negative","singlestim","127","142671","383","â€šÃ³Ã¨","67","dotpositionleft","singlestim","128","143110","c","left","correct","1","","1","trialend","singlestim","129","144124"
"6148","Subject240","1","paperpaper","1","paper","positionleft","validityvalid","test","2","neutral","singlestim","131","146129","367","â€šÃ³Ã¨","67","dotpositionleft","singlestim","132","146548","c","left","correct","1","","1","trialend","singlestim","133","147560"
"6445","Subject240","1","deathdeath","1","death","positionright","validityvalid","test","2","suicide","singlestim","135","149566","325","â€šÃ³Ã¨","77","dotpositionright","singlestim","136","149944","m","right","correct","1","","1","trialend","singlestim","137","150958"
"6742","Subject240","1","enthusiasmenthusiasm","1","enthusiasm","positionright","validityvalid","test","2","positive","singlestim","139","152962","382","â€šÃ³Ã¨","77","dotpositionright","singlestim","140","153396","m","right","correct","1","","1","trialend","singlestim","141","154408"
"7039","Subject240","1","noosenoose","1","noose","positionleft","validityvalid","test","2","suicide","singlestim","143","156412","396","â€šÃ³Ã¨","67","dotpositionleft","singlestim","144","156859","c","left","correct","1","","1","trialend","singlestim","145","157871"
"7336","Subject240","1","overdoseoverdose","1","overdose","positionright","validityinvalid","test","2","suicide","singlestim","147","159876","566","â€šÃ³Ã¨","67","dotpositionleft","singlestim","148","160496","c","left","correct","1","","1","trialend","singlestim","149","161508"
"7633","Subject240","1","braverybravery","1","bravery","positionleft","validityvalid","test","2","positive","singlestim","151","163515","451","â€šÃ³Ã¨","67","dotpositionleft","singlestim","152","164019","c","left","correct","1","","1","trialend","singlestim","153","165032"
"7930","Subject240","1","horsehorse","1","horse","positionleft","validityinvalid","test","2","neutral","singlestim","155","167038","283","â€šÃ³Ã¨","77","dotpositionright","singlestim","156","167372","m","right","correct","1","","1","trialend","singlestim","157","168385"
"8227","Subject240","1","filthyfilthy","1","filthy","positionleft","validityinvalid","test","2","negative","singlestim","159","170387","298","â€šÃ³Ã¨","77","dotpositionright","singlestim","160","170736","m","right","correct","1","","1","trialend","singlestim","161","171749"
"8524","Subject240","1","pleasurepleasure","1","pleasure","positionleft","validityvalid","test","2","positive","singlestim","163","173753","342","â€šÃ³Ã¨","67","dotpositionleft","singlestim","164","174147","c","left","correct","1","","1","trialend","singlestim","165","175162"
"8821","Subject240","1","abuseabuse","1","abuse","positionright","validityvalid","test","2","negative","singlestim","167","177171","331","â€šÃ³Ã¨","77","dotpositionright","singlestim","168","177553","m","right","correct","1","","1","trialend","singlestim","169","178566"
"9118","Subject240","1","corpsecorpse","1","corpse","positionleft","validityvalid","test","2","suicide","singlestim","171","180571","450","â€šÃ³Ã¨","67","dotpositionleft","singlestim","172","181073","c","left","correct","1","","1","trialend","singlestim","173","182085"
"9415","Subject240","1","foamfoam","1","foam","positionright","validityvalid","test","2","neutral","singlestim","175","184090","286","â€šÃ³Ã¨","77","dotpositionright","singlestim","176","184429","m","right","correct","1","","1","trialend","singlestim","177","185441"
"9712","Subject240","1","touretoure","1","toure","positionleft","validityvalid","test","3","negative","singlestim","179","187444","382","â€šÃ³Ã¨","67","dotpositionleft","singlestim","180","187879","c","left","correct","1","","1","trialend","singlestim","181","188893"
"10009","Subject240","1","happyhappy","1","happy","positionright","validityvalid","test","3","positive","singlestim","183","190899","331","â€šÃ³Ã¨","77","dotpositionright","singlestim","184","191283","m","right","correct","1","","1","trialend","singlestim","185","192297"
"10306","Subject240","1","kisskiss","1","kiss","positionright","validityinvalid","test","3","positive","singlestim","187","194301","313","â€šÃ³Ã¨","67","dotpositionleft","singlestim","188","194666","c","left","correct","1","","1","trialend","singlestim","189","195679"
"10603","Subject240","1","cuttingcutting","1","cutting","positionright","validityvalid","test","3","suicide","singlestim","191","197684","311","â€šÃ³Ã¨","77","dotpositionright","singlestim","192","198048","m","right","correct","1","","1","trialend","singlestim","193","199060"
"10900","Subject240","1","dyingdying","1","dying","positionleft","validityvalid","test","3","suicide","singlestim","195","201067","368","â€šÃ³Ã¨","67","dotpositionleft","singlestim","196","201487","c","left","correct","1","","1","trialend","singlestim","197","202499"
"11197","Subject240","1","bombbomb","1","bomb","positionright","validityvalid","test","3","negative","singlestim","199","204505","331","â€šÃ³Ã¨","77","dotpositionright","singlestim","200","204887","m","right","correct","1","","1","trialend","singlestim","201","205899"
"11494","Subject240","1","assaultassault","1","assault","positionleft","validityinvalid","test","3","negative","singlestim","203","207903","573","â€šÃ³Ã¨","77","dotpositionright","singlestim","204","208530","m","right","correct","1","","1","trialend","singlestim","205","209543"
"11791","Subject240","1","rejectedrejected","1","rejected","positionright","validityvalid","test","3","negative","singlestim","207","211548","357","â€šÃ³Ã¨","77","dotpositionright","singlestim","208","211959","m","right","correct","1","","1","trialend","singlestim","209","212973"
"12088","Subject240","1","smilesmile","1","smile","positionleft","validityvalid","test","3","positive","singlestim","211","214979","428","â€šÃ³Ã¨","67","dotpositionleft","singlestim","212","215461","c","left","correct","1","","1","trialend","singlestim","213","216473"
"12385","Subject240","1","metermeter","1","meter","positionleft","validityvalid","test","3","neutral","singlestim","215","218476","275","â€šÃ³Ã¨","67","dotpositionleft","singlestim","216","218802","c","left","correct","1","","1","trialend","singlestim","217","219813"
"12682","Subject240","1","deaddead","1","dead","positionleft","validityinvalid","test","3","suicide","singlestim","219","221818","275","â€šÃ³Ã¨","77","dotpositionright","singlestim","220","222143","m","right","correct","1","","1","trialend","singlestim","221","223157"
"12979","Subject240","1","greengreen","1","green","positionright","validityvalid","test","3","neutral","singlestim","223","225160","284","â€šÃ³Ã¨","77","dotpositionright","singlestim","224","225496","m","right","correct","1","","1","trialend","singlestim","225","226512"
"13276","Subject240","1","closetcloset","1","closet","positionright","validityinvalid","test","3","neutral","singlestim","227","228516","293","â€šÃ³Ã¨","67","dotpositionleft","singlestim","228","228862","c","left","correct","1","","1","trialend","singlestim","229","229876"
"13573","Subject240","1","strongstrong","1","strong","positionleft","validityvalid","test","3","positive","singlestim","231","231881","299","â€šÃ³Ã¨","67","dotpositionleft","singlestim","232","232230","c","left","correct","1","","1","trialend","singlestim","233","233242"
"13870","Subject240","1","museummuseum","1","museum","positionleft","validityvalid","test","3","neutral","singlestim","235","235247","392","â€šÃ³Ã¨","67","dotpositionleft","singlestim","236","235691","c","left","correct","1","","1","trialend","singlestim","237","236704"
"14167","Subject240","1","diedie","1","die","positionright","validityvalid","test","3","suicide","singlestim","239","238710","312","â€šÃ³Ã¨","77","dotpositionright","singlestim","240","239073","m","right","correct","1","","1","trialend","singlestim","241","240086"
"14464","Subject240","1","funeralfuneral","1","funeral","positionright","validityvalid","test","1","suicide","singlestim","243","242091","356","â€šÃ³Ã¨","77","dotpositionright","singlestim","244","242497","m","right","correct","1","","1","trialend","singlestim","245","243509"
"14761","Subject240","1","healthyhealthy","1","healthy","positionleft","validityinvalid","test","1","positive","singlestim","247","245515","405","â€šÃ³Ã¨","77","dotpositionright","singlestim","248","245971","m","right","correct","1","","1","trialend","singlestim","249","246984"
"15058","Subject240","1","imageimage","1","image","positionleft","validityvalid","test","1","neutral","singlestim","251","248987","458","â€šÃ³Ã¨","67","dotpositionleft","singlestim","252","249497","c","left","correct","1","","1","trialend","singlestim","253","250509"
"15355","Subject240","1","paradiseparadise","1","paradise","positionleft","validityvalid","test","1","positive","singlestim","255","252514","403","â€šÃ³Ã¨","67","dotpositionleft","singlestim","256","252970","c","left","correct","1","","1","trialend","singlestim","257","253983"
"15652","Subject240","1","cryingcrying","1","crying","positionright","validityvalid","test","1","negative","singlestim","259","255988","426","â€šÃ³Ã¨","77","dotpositionright","singlestim","260","256465","m","right","correct","1","","1","trialend","singlestim","261","257480"
"15949","Subject240","1","hatehate","1","hate","positionright","validityinvalid","test","1","negative","singlestim","263","259487","423","â€šÃ³Ã¨","67","dotpositionleft","singlestim","264","259962","c","left","correct","1","","1","trialend","singlestim","265","260975"
"16246","Subject240","1","greatgreat","1","great","positionright","validityvalid","test","1","positive","singlestim","267","262979","319","â€šÃ³Ã¨","77","dotpositionright","singlestim","268","263351","m","right","correct","1","","1","trialend","singlestim","269","264364"
"16543","Subject240","1","patheticpathetic","1","pathetic","positionleft","validityvalid","test","1","negative","singlestim","271","266365","329","â€šÃ³Ã¨","67","dotpositionleft","singlestim","272","266746","c","left","correct","1","","1","trialend","singlestim","273","267760"
"16840","Subject240","1","suffocationsuffocation","1","suffocation","positionleft","validityinvalid","test","1","suicide","singlestim","275","269762","300","â€šÃ³Ã¨","77","dotpositionright","singlestim","276","270113","m","right","correct","1","","1","trialend","singlestim","277","271124"
"17137","Subject240","1","cheesecheese","1","cheese","positionright","validityvalid","test","1","neutral","singlestim","279","273127","297","â€šÃ³Ã¨","77","dotpositionright","singlestim","280","273475","m","right","correct","1","","1","trialend","singlestim","281","274488"
"17434","Subject240","1","statuestatue","1","statue","positionright","validityinvalid","test","1","neutral","singlestim","283","276491","362","â€šÃ³Ã¨","67","dotpositionleft","singlestim","284","276906","c","left","correct","1","","1","trialend","singlestim","285","277919"
"17731","Subject240","1","vomitvomit","1","vomit","positionleft","validityvalid","test","1","negative","singlestim","287","279922","361","â€šÃ³Ã¨","67","dotpositionleft","singlestim","288","280336","c","left","correct","1","","1","trialend","singlestim","289","281350"
"18028","Subject240","1","attractionattraction","1","attraction","positionright","validityvalid","test","1","positive","singlestim","291","283353","344","â€šÃ³Ã¨","77","dotpositionright","singlestim","292","283748","m","right","correct","1","","1","trialend","singlestim","293","284761"
"18325","Subject240","1","bloodblood","1","blood","positionleft","validityvalid","test","1","suicide","singlestim","295","286765","324","â€šÃ³Ã¨","67","dotpositionleft","singlestim","296","287140","c","left","correct","1","","1","trialend","singlestim","297","288153"
"18622","Subject240","1","gunshotgunshot","1","gunshot","positionright","validityvalid","test","1","suicide","singlestim","299","290158","376","â€šÃ³Ã¨","77","dotpositionright","singlestim","300","290585","m","right","correct","1","","1","trialend","singlestim","301","291600"
"18919","Subject240","1","foldedfolded","1","folded","positionleft","validityvalid","test","1","neutral","singlestim","303","293606","256","â€šÃ³Ã¨","67","dotpositionleft","singlestim","304","293914","c","left","correct","1","","1","trialend","singlestim","305","294926"
