"","SubjectID","rt","stimulus","keypress","word","wordposition","validity","block","blocknum","wordtype","trialtype","trialindex","timeelapsed","rt.1","stimulus.1","keypress.1","dotposition","trialtype.1","trialindex.1","timeelapsed.1","keypressed","participantresponse","correctresponse","rt.2","stimulus.2","keypress.2","blocktrial","trialtype.2","trialindex.2","timeelapsed.2"
"260","Subject294","1","stupidstupid","1","stupid","positionleft","validityvalid","test","4","negative","singlestim","51","65191","475","â€šÃ³Ã¨","67","dotpositionleft","singlestim","52","65716","c","left","correct","1","","1","trialend","singlestim","53","66726"
"557","Subject294","1","alonealone","1","alone","positionleft","validityvalid","test","4","negative","singlestim","55","68727","402","â€šÃ³Ã¨","67","dotpositionleft","singlestim","56","69180","c","left","correct","1","","1","trialend","singlestim","57","70190"
"854","Subject294","1","killingkilling","1","killing","positionleft","validityvalid","test","4","suicide","singlestim","59","72190","419","â€šÃ³Ã¨","67","dotpositionleft","singlestim","60","72660","c","left","correct","1","","1","trialend","singlestim","61","73671"
"1151","Subject294","1","passionatepassionate","1","passionate","positionleft","validityinvalid","test","4","positive","singlestim","63","75671","362","â€šÃ³Ã¨","77","dotpositionright","singlestim","64","76084","m","right","correct","1","","1","trialend","singlestim","65","77096"
"1448","Subject294","1","doubledouble","1","double","positionright","validityvalid","test","4","neutral","singlestim","67","79098","516","â€šÃ³Ã¨","77","dotpositionright","singlestim","68","79664","m","right","correct","1","","1","trialend","singlestim","69","80674"
"1745","Subject294","1","hanginghanging","1","hanging","positionleft","validityvalid","test","4","suicide","singlestim","71","82674","461","â€šÃ³Ã¨","67","dotpositionleft","singlestim","72","83185","c","left","correct","1","","1","trialend","singlestim","73","84195"
"2042","Subject294","1","successsuccess","1","success","positionleft","validityvalid","test","4","positive","singlestim","75","86195","459","â€šÃ³Ã¨","67","dotpositionleft","singlestim","76","86705","c","left","correct","1","","1","trialend","singlestim","77","87715"
"2339","Subject294","1","ecstaticecstatic","1","ecstatic","positionright","validityvalid","test","4","positive","singlestim","79","89715","579","â€šÃ³Ã¨","77","dotpositionright","singlestim","80","90345","m","right","correct","1","","1","trialend","singlestim","81","91355"
"2636","Subject294","1","engineengine","1","engine","positionleft","validityvalid","test","4","neutral","singlestim","83","93359","527","â€šÃ³Ã¨","67","dotpositionleft","singlestim","84","93936","c","left","correct","1","","1","trialend","singlestim","85","94947"
"2933","Subject294","1","deceaseddeceased","1","deceased","positionright","validityvalid","test","4","suicide","singlestim","87","96947","475","â€šÃ³Ã¨","77","dotpositionright","singlestim","88","97472","m","right","correct","1","","1","trialend","singlestim","89","98483"
"3230","Subject294","1","frameframe","1","frame","positionleft","validityinvalid","test","4","neutral","singlestim","91","100485","425","â€šÃ³Ã¨","77","dotpositionright","singlestim","92","100961","m","right","correct","1","","1","trialend","singlestim","93","101971"
"3527","Subject294","1","wohlesswohless","1","wohless","positionright","validityvalid","test","4","negative","singlestim","95","103971","427","â€šÃ³Ã¨","77","dotpositionright","singlestim","96","104450","m","right","correct","1","","1","trialend","singlestim","97","105460"
"3824","Subject294","1","ashamedashamed","1","ashamed","positionright","validityinvalid","test","4","negative","singlestim","99","107460","458","â€šÃ³Ã¨","67","dotpositionleft","singlestim","100","107969","c","left","correct","1","","1","trialend","singlestim","101","108980"
"4121","Subject294","1","suicidesuicide","1","suicide","positionright","validityinvalid","test","4","suicide","singlestim","103","110980","404","â€šÃ³Ã¨","67","dotpositionleft","singlestim","104","111435","c","left","correct","1","","1","trialend","singlestim","105","112445"
"4418","Subject294","1","structurestructure","1","structure","positionright","validityvalid","test","4","neutral","singlestim","107","114446","520","â€šÃ³Ã¨","77","dotpositionright","singlestim","108","115016","m","right","correct","1","","1","trialend","singlestim","109","116027"
"4715","Subject294","1","laughlaugh","1","laugh","positionright","validityvalid","test","4","positive","singlestim","111","118029","442","â€šÃ³Ã¨","77","dotpositionright","singlestim","112","118521","m","right","correct","1","","1","trialend","singlestim","113","119531"
"5012","Subject294","1","paperpaper","1","paper","positionleft","validityvalid","test","2","neutral","singlestim","115","121532","450","â€šÃ³Ã¨","67","dotpositionleft","singlestim","116","122033","c","left","correct","1","","1","trialend","singlestim","117","123043"
"5309","Subject294","1","corpsecorpse","1","corpse","positionleft","validityvalid","test","2","suicide","singlestim","119","125043","435","â€šÃ³Ã¨","67","dotpositionleft","singlestim","120","125528","c","left","correct","1","","1","trialend","singlestim","121","126539"
"5606","Subject294","1","braverybravery","1","bravery","positionleft","validityvalid","test","2","positive","singlestim","123","128539","419","â€šÃ³Ã¨","67","dotpositionleft","singlestim","124","129010","c","left","correct","1","","1","trialend","singlestim","125","130021"
"5903","Subject294","1","lovelove","1","love","positionright","validityinvalid","test","2","positive","singlestim","127","132021","385","â€šÃ³Ã¨","67","dotpositionleft","singlestim","128","132456","c","left","correct","1","","1","trialend","singlestim","129","133469"
"6200","Subject294","1","abuseabuse","1","abuse","positionright","validityvalid","test","2","negative","singlestim","131","135472","479","â€šÃ³Ã¨","77","dotpositionright","singlestim","132","136002","m","right","correct","1","","1","trialend","singlestim","133","137013"
"6497","Subject294","1","horsehorse","1","horse","positionleft","validityinvalid","test","2","neutral","singlestim","135","139013","442","â€šÃ³Ã¨","77","dotpositionright","singlestim","136","139506","m","right","correct","1","","1","trialend","singlestim","137","140512"
"6794","Subject294","1","deathdeath","1","death","positionright","validityvalid","test","2","suicide","singlestim","139","142512","466","â€šÃ³Ã¨","77","dotpositionright","singlestim","140","143029","m","right","correct","1","","1","trialend","singlestim","141","144040"
"7091","Subject294","1","pleasurepleasure","1","pleasure","positionleft","validityvalid","test","2","positive","singlestim","143","146040","562","â€šÃ³Ã¨","67","dotpositionleft","singlestim","144","146653","c","left","correct","1","","1","trialend","singlestim","145","147663"
"7388","Subject294","1","cruelcruel","1","cruel","positionright","validityvalid","test","2","negative","singlestim","147","149663","467","â€šÃ³Ã¨","77","dotpositionright","singlestim","148","150180","m","right","correct","1","","1","trialend","singlestim","149","151191"
"7685","Subject294","1","enthusiasmenthusiasm","1","enthusiasm","positionright","validityvalid","test","2","positive","singlestim","151","153191","508","â€šÃ³Ã¨","77","dotpositionright","singlestim","152","153749","m","right","correct","1","","1","trialend","singlestim","153","154759"
"7982","Subject294","1","noosenoose","1","noose","positionleft","validityvalid","test","2","suicide","singlestim","155","156759","411","â€šÃ³Ã¨","67","dotpositionleft","singlestim","156","157221","c","left","correct","1","","1","trialend","singlestim","157","158233"
"8279","Subject294","1","filthyfilthy","1","filthy","positionleft","validityinvalid","test","2","negative","singlestim","159","160233","369","â€šÃ³Ã¨","77","dotpositionright","singlestim","160","160653","m","right","correct","1","","1","trialend","singlestim","161","161663"
"8576","Subject294","1","failurefailure","1","failure","positionleft","validityvalid","test","2","negative","singlestim","163","163663","419","â€šÃ³Ã¨","67","dotpositionleft","singlestim","164","164132","c","left","correct","1","","1","trialend","singlestim","165","165143"
"8873","Subject294","1","foamfoam","1","foam","positionright","validityvalid","test","2","neutral","singlestim","167","167143","507","â€šÃ³Ã¨","77","dotpositionright","singlestim","168","167701","m","right","correct","1","","1","trialend","singlestim","169","168712"
"9170","Subject294","1","tabletable","1","table","positionright","validityvalid","test","2","neutral","singlestim","171","170712","475","â€šÃ³Ã¨","77","dotpositionright","singlestim","172","171237","m","right","correct","1","","1","trialend","singlestim","173","172247"
"9467","Subject294","1","overdoseoverdose","1","overdose","positionright","validityinvalid","test","2","suicide","singlestim","175","174249","377","â€šÃ³Ã¨","67","dotpositionleft","singlestim","176","174677","c","left","correct","1","","1","trialend","singlestim","177","175687"
"9764","Subject294","1","attractionattraction","1","attraction","positionright","validityvalid","test","1","positive","singlestim","179","177687","427","â€šÃ³Ã¨","77","dotpositionright","singlestim","180","178165","m","right","correct","1","","1","trialend","singlestim","181","179175"
"10061","Subject294","1","imageimage","1","image","positionleft","validityvalid","test","1","neutral","singlestim","183","181175","451","â€šÃ³Ã¨","67","dotpositionleft","singlestim","184","181676","c","left","correct","1","","1","trialend","singlestim","185","182687"
"10358","Subject294","1","greatgreat","1","great","positionright","validityvalid","test","1","positive","singlestim","187","184687","436","â€šÃ³Ã¨","77","dotpositionright","singlestim","188","185174","m","right","correct","1","","1","trialend","singlestim","189","186185"
"10655","Subject294","1","gunshotgunshot","1","gunshot","positionright","validityvalid","test","1","suicide","singlestim","191","188185","466","â€šÃ³Ã¨","77","dotpositionright","singlestim","192","188701","m","right","correct","1","","1","trialend","singlestim","193","189711"
"10952","Subject294","1","cheesecheese","1","cheese","positionright","validityvalid","test","1","neutral","singlestim","195","191711","412","â€šÃ³Ã¨","77","dotpositionright","singlestim","196","192173","m","right","correct","1","","1","trialend","singlestim","197","193183"
"11249","Subject294","1","bloodblood","1","blood","positionleft","validityvalid","test","1","suicide","singlestim","199","195183","419","â€šÃ³Ã¨","67","dotpositionleft","singlestim","200","195653","c","left","correct","1","","1","trialend","singlestim","201","196663"
"11546","Subject294","1","foldedfolded","1","folded","positionleft","validityvalid","test","1","neutral","singlestim","203","198663","411","â€šÃ³Ã¨","67","dotpositionleft","singlestim","204","199124","c","left","correct","1","","1","trialend","singlestim","205","200134"
"11843","Subject294","1","patheticpathetic","1","pathetic","positionleft","validityvalid","test","1","negative","singlestim","207","202131","404","â€šÃ³Ã¨","67","dotpositionleft","singlestim","208","202586","c","left","correct","1","","1","trialend","singlestim","209","203598"
"12140","Subject294","1","funeralfuneral","1","funeral","positionright","validityvalid","test","1","suicide","singlestim","211","205598","394","â€šÃ³Ã¨","77","dotpositionright","singlestim","212","206042","m","right","correct","1","","1","trialend","singlestim","213","207052"
"12437","Subject294","1","healthyhealthy","1","healthy","positionleft","validityinvalid","test","1","positive","singlestim","215","209052","371","â€šÃ³Ã¨","77","dotpositionright","singlestim","216","209474","m","right","correct","1","","1","trialend","singlestim","217","210484"
"12734","Subject294","1","paradiseparadise","1","paradise","positionleft","validityvalid","test","1","positive","singlestim","219","212484","363","â€šÃ³Ã¨","67","dotpositionleft","singlestim","220","212898","c","left","correct","1","","1","trialend","singlestim","221","213908"
"13031","Subject294","1","hatehate","1","hate","positionright","validityinvalid","test","1","negative","singlestim","223","215908","347","â€šÃ³Ã¨","67","dotpositionleft","singlestim","224","216306","c","left","correct","1","","1","trialend","singlestim","225","217316"
"13328","Subject294","1","vomitvomit","1","vomit","positionleft","validityvalid","test","1","negative","singlestim","227","219316","443","â€šÃ³Ã¨","67","dotpositionleft","singlestim","228","219809","c","left","correct","1","","1","trialend","singlestim","229","220820"
"13625","Subject294","1","statuestatue","1","statue","positionright","validityinvalid","test","1","neutral","singlestim","231","222820","332","â€šÃ³Ã¨","67","dotpositionleft","singlestim","232","223202","c","left","correct","1","","1","trialend","singlestim","233","224213"
"13922","Subject294","1","suffocationsuffocation","1","suffocation","positionleft","validityinvalid","test","1","suicide","singlestim","235","226214","346","â€šÃ³Ã¨","77","dotpositionright","singlestim","236","226610","m","right","correct","1","","1","trialend","singlestim","237","227621"
"14219","Subject294","1","cryingcrying","1","crying","positionright","validityvalid","test","1","negative","singlestim","239","229621","474","â€šÃ³Ã¨","77","dotpositionright","singlestim","240","230146","m","right","correct","1","","1","trialend","singlestim","241","231157"
"14516","Subject294","1","kisskiss","1","kiss","positionright","validityinvalid","test","3","positive","singlestim","243","233158","393","â€šÃ³Ã¨","67","dotpositionleft","singlestim","244","233602","c","left","correct","1","","1","trialend","singlestim","245","234612"
"14813","Subject294","1","bombbomb","1","bomb","positionright","validityvalid","test","3","negative","singlestim","247","236614","441","â€šÃ³Ã¨","77","dotpositionright","singlestim","248","237106","m","right","correct","1","","1","trialend","singlestim","249","238116"
"15110","Subject294","1","cuttingcutting","1","cutting","positionright","validityvalid","test","3","suicide","singlestim","251","240116","348","â€šÃ³Ã¨","77","dotpositionright","singlestim","252","240514","m","right","correct","1","","1","trialend","singlestim","253","241524"
"15407","Subject294","1","closetcloset","1","closet","positionright","validityinvalid","test","3","neutral","singlestim","255","243524","388","â€šÃ³Ã¨","67","dotpositionleft","singlestim","256","243962","c","left","correct","1","","1","trialend","singlestim","257","244972"
"15704","Subject294","1","touretoure","1","toure","positionleft","validityvalid","test","3","negative","singlestim","259","246972","363","â€šÃ³Ã¨","67","dotpositionleft","singlestim","260","247386","c","left","correct","1","","1","trialend","singlestim","261","248396"
"16001","Subject294","1","diedie","1","die","positionright","validityvalid","test","3","suicide","singlestim","263","250396","459","â€šÃ³Ã¨","77","dotpositionright","singlestim","264","250906","m","right","correct","1","","1","trialend","singlestim","265","251916"
"16298","Subject294","1","dyingdying","1","dying","positionleft","validityvalid","test","3","suicide","singlestim","267","253916","363","â€šÃ³Ã¨","67","dotpositionleft","singlestim","268","254329","c","left","correct","1","","1","trialend","singlestim","269","255339"
"16595","Subject294","1","museummuseum","1","museum","positionleft","validityvalid","test","3","neutral","singlestim","271","257339","389","â€šÃ³Ã¨","67","dotpositionleft","singlestim","272","257778","c","left","correct","1","","1","trialend","singlestim","273","258788"
"16892","Subject294","1","metermeter","1","meter","positionleft","validityvalid","test","3","neutral","singlestim","275","260788","383","â€šÃ³Ã¨","67","dotpositionleft","singlestim","276","261222","c","left","correct","1","","1","trialend","singlestim","277","262232"
"17189","Subject294","1","rejectedrejected","1","rejected","positionright","validityvalid","test","3","negative","singlestim","279","264232","379","â€šÃ³Ã¨","77","dotpositionright","singlestim","280","264662","m","right","correct","1","","1","trialend","singlestim","281","265673"
"17486","Subject294","1","smilesmile","1","smile","positionleft","validityvalid","test","3","positive","singlestim","283","267674","377","â€šÃ³Ã¨","67","dotpositionleft","singlestim","284","268102","c","left","correct","1","","1","trialend","singlestim","285","269112"
"17783","Subject294","1","assaultassault","1","assault","positionleft","validityinvalid","test","3","negative","singlestim","287","271112","347","â€šÃ³Ã¨","77","dotpositionright","singlestim","288","271510","m","right","correct","1","","1","trialend","singlestim","289","272520"
"18080","Subject294","1","strongstrong","1","strong","positionleft","validityvalid","test","3","positive","singlestim","291","274521","363","â€šÃ³Ã¨","67","dotpositionleft","singlestim","292","274934","c","left","correct","1","","1","trialend","singlestim","293","275944"
"18377","Subject294","1","deaddead","1","dead","positionleft","validityinvalid","test","3","suicide","singlestim","295","277944","403","â€šÃ³Ã¨","77","dotpositionright","singlestim","296","278398","m","right","correct","1","","1","trialend","singlestim","297","279408"
"18674","Subject294","1","greengreen","1","green","positionright","validityvalid","test","3","neutral","singlestim","299","281409","426","â€šÃ³Ã¨","77","dotpositionright","singlestim","300","281886","m","right","correct","1","","1","trialend","singlestim","301","282897"
"18971","Subject294","1","happyhappy","1","happy","positionright","validityvalid","test","3","positive","singlestim","303","284897","426","â€šÃ³Ã¨","77","dotpositionright","singlestim","304","285374","m","right","correct","1","","1","trialend","singlestim","305","286386"
