"","SubjectID","rt","stimulus","keypress","word","wordposition","validity","block","blocknum","wordtype","trialtype","trialindex","timeelapsed","rt.1","stimulus.1","keypress.1","dotposition","trialtype.1","trialindex.1","timeelapsed.1","keypressed","participantresponse","correctresponse","rt.2","stimulus.2","keypress.2","blocktrial","trialtype.2","trialindex.2","timeelapsed.2"
"214","Subject246","1","ecstaticecstatic","1","ecstatic","positionright","validityvalid","test","4","positive","singlestim","51","161326","374","â€šÃ³Ã¨","77","dotpositionright","singlestim","52","161752","m","right","correct","1","","1","trialend","singlestim","53","162762"
"511","Subject246","1","structurestructure","1","structure","positionright","validityvalid","test","4","neutral","singlestim","55","164766","344","â€šÃ³Ã¨","77","dotpositionright","singlestim","56","165160","m","right","correct","1","","1","trialend","singlestim","57","166172"
"808","Subject246","1","wohlesswohless","1","wohless","positionright","validityvalid","test","4","negative","singlestim","59","168174","548","â€šÃ³Ã¨","77","dotpositionright","singlestim","60","168774","m","right","correct","1","","1","trialend","singlestim","61","169788"
"1105","Subject246","1","stupidstupid","1","stupid","positionleft","validityvalid","test","4","negative","singlestim","63","171790","468","â€šÃ³Ã¨","67","dotpositionleft","singlestim","64","172308","c","left","correct","1","","1","trialend","singlestim","65","173320"
"1402","Subject246","1","killingkilling","1","killing","positionleft","validityvalid","test","4","suicide","singlestim","67","175324","376","â€šÃ³Ã¨","67","dotpositionleft","singlestim","68","175750","c","left","correct","1","","1","trialend","singlestim","69","176762"
"1699","Subject246","1","hanginghanging","1","hanging","positionleft","validityvalid","test","4","suicide","singlestim","71","178766","368","â€šÃ³Ã¨","67","dotpositionleft","singlestim","72","179184","c","left","correct","1","","1","trialend","singlestim","73","180194"
"1996","Subject246","1","frameframe","1","frame","positionleft","validityinvalid","test","4","neutral","singlestim","75","182196","406","â€šÃ³Ã¨","77","dotpositionright","singlestim","76","182654","m","right","correct","1","","1","trialend","singlestim","77","183666"
"2293","Subject246","1","engineengine","1","engine","positionleft","validityvalid","test","4","neutral","singlestim","79","185668","508","â€šÃ³Ã¨","67","dotpositionleft","singlestim","80","186226","c","left","correct","1","","1","trialend","singlestim","81","187238"
"2590","Subject246","1","passionatepassionate","1","passionate","positionleft","validityinvalid","test","4","positive","singlestim","83","189240","426","â€šÃ³Ã¨","77","dotpositionright","singlestim","84","189718","m","right","correct","1","","1","trialend","singlestim","85","190730"
"2887","Subject246","1","deceaseddeceased","1","deceased","positionright","validityvalid","test","4","suicide","singlestim","87","192732","444","â€šÃ³Ã¨","77","dotpositionright","singlestim","88","193226","m","right","correct","1","","1","trialend","singlestim","89","194238"
"3184","Subject246","1","ashamedashamed","1","ashamed","positionright","validityinvalid","test","4","negative","singlestim","91","196240","520","â€šÃ³Ã¨","67","dotpositionleft","singlestim","92","196812","c","left","correct","1","","1","trialend","singlestim","93","197824"
"3481","Subject246","1","doubledouble","1","double","positionright","validityvalid","test","4","neutral","singlestim","95","199826","374","â€šÃ³Ã¨","77","dotpositionright","singlestim","96","200252","m","right","correct","1","","1","trialend","singlestim","97","201264"
"3778","Subject246","1","successsuccess","1","success","positionleft","validityvalid","test","4","positive","singlestim","99","203266","332","â€šÃ³Ã¨","67","dotpositionleft","singlestim","100","203650","c","left","correct","1","","1","trialend","singlestim","101","204662"
"4075","Subject246","1","alonealone","1","alone","positionleft","validityvalid","test","4","negative","singlestim","103","206664","370","â€šÃ³Ã¨","67","dotpositionleft","singlestim","104","207086","c","left","correct","1","","1","trialend","singlestim","105","208098"
"4372","Subject246","1","suicidesuicide","1","suicide","positionright","validityinvalid","test","4","suicide","singlestim","107","210100","404","â€šÃ³Ã¨","67","dotpositionleft","singlestim","108","210556","c","left","correct","1","","1","trialend","singlestim","109","211568"
"4669","Subject246","1","laughlaugh","1","laugh","positionright","validityvalid","test","4","positive","singlestim","111","213568","420","â€šÃ³Ã¨","77","dotpositionright","singlestim","112","214040","m","right","correct","1","","1","trialend","singlestim","113","215052"
"4966","Subject246","1","attractionattraction","1","attraction","positionright","validityvalid","test","1","positive","singlestim","115","217054","366","â€šÃ³Ã¨","77","dotpositionright","singlestim","116","217470","m","right","correct","1","","1","trialend","singlestim","117","218482"
"5263","Subject246","1","funeralfuneral","1","funeral","positionright","validityvalid","test","1","suicide","singlestim","119","220484","336","â€šÃ³Ã¨","77","dotpositionright","singlestim","120","220872","m","right","correct","1","","1","trialend","singlestim","121","221884"
"5560","Subject246","1","patheticpathetic","1","pathetic","positionleft","validityvalid","test","1","negative","singlestim","123","223886","422","â€šÃ³Ã¨","67","dotpositionleft","singlestim","124","224360","c","left","correct","1","","1","trialend","singlestim","125","225372"
"5857","Subject246","1","paradiseparadise","1","paradise","positionleft","validityvalid","test","1","positive","singlestim","127","227372","422","â€šÃ³Ã¨","67","dotpositionleft","singlestim","128","227846","c","left","correct","1","","1","trialend","singlestim","129","228858"
"6154","Subject246","1","cheesecheese","1","cheese","positionright","validityvalid","test","1","neutral","singlestim","131","230860","358","â€šÃ³Ã¨","77","dotpositionright","singlestim","132","231268","m","right","correct","1","","1","trialend","singlestim","133","232282"
"6451","Subject246","1","healthyhealthy","1","healthy","positionleft","validityinvalid","test","1","positive","singlestim","135","234284","524","â€šÃ³Ã¨","77","dotpositionright","singlestim","136","234860","m","right","correct","1","","1","trialend","singlestim","137","235870"
"6748","Subject246","1","vomitvomit","1","vomit","positionleft","validityvalid","test","1","negative","singlestim","139","237872","386","â€šÃ³Ã¨","67","dotpositionleft","singlestim","140","238310","c","left","correct","1","","1","trialend","singlestim","141","239322"
"7045","Subject246","1","foldedfolded","1","folded","positionleft","validityvalid","test","1","neutral","singlestim","143","241324","376","â€šÃ³Ã¨","67","dotpositionleft","singlestim","144","241750","c","left","correct","1","","1","trialend","singlestim","145","242762"
"7342","Subject246","1","statuestatue","1","statue","positionright","validityinvalid","test","1","neutral","singlestim","147","244764","458","â€šÃ³Ã¨","67","dotpositionleft","singlestim","148","245272","c","left","correct","1","","1","trialend","singlestim","149","246284"
"7639","Subject246","1","hatehate","1","hate","positionright","validityinvalid","test","1","negative","singlestim","151","248286","464","â€šÃ³Ã¨","67","dotpositionleft","singlestim","152","248800","c","left","correct","1","","1","trialend","singlestim","153","249812"
"7936","Subject246","1","imageimage","1","image","positionleft","validityvalid","test","1","neutral","singlestim","155","251814","430","â€šÃ³Ã¨","67","dotpositionleft","singlestim","156","252294","c","left","correct","1","","1","trialend","singlestim","157","253306"
"8233","Subject246","1","suffocationsuffocation","1","suffocation","positionleft","validityinvalid","test","1","suicide","singlestim","159","255310","416","â€šÃ³Ã¨","77","dotpositionright","singlestim","160","255778","m","right","correct","1","","1","trialend","singlestim","161","256788"
"8530","Subject246","1","greatgreat","1","great","positionright","validityvalid","test","1","positive","singlestim","163","258790","378","â€šÃ³Ã¨","77","dotpositionright","singlestim","164","259220","m","right","correct","1","","1","trialend","singlestim","165","260232"
"8827","Subject246","1","bloodblood","1","blood","positionleft","validityvalid","test","1","suicide","singlestim","167","262236","444","â€šÃ³Ã¨","67","dotpositionleft","singlestim","168","262734","c","left","correct","1","","1","trialend","singlestim","169","263746"
"9124","Subject246","1","gunshotgunshot","1","gunshot","positionright","validityvalid","test","1","suicide","singlestim","171","265748","364","â€šÃ³Ã¨","77","dotpositionright","singlestim","172","266162","m","right","correct","1","","1","trialend","singlestim","173","267174"
"9421","Subject246","1","cryingcrying","1","crying","positionright","validityvalid","test","1","negative","singlestim","175","269176","364","â€šÃ³Ã¨","77","dotpositionright","singlestim","176","269592","m","right","correct","1","","1","trialend","singlestim","177","270602"
"9718","Subject246","1","kisskiss","1","kiss","positionright","validityinvalid","test","3","positive","singlestim","179","272604","464","â€šÃ³Ã¨","67","dotpositionleft","singlestim","180","273120","c","left","correct","1","","1","trialend","singlestim","181","274132"
"10015","Subject246","1","deaddead","1","dead","positionleft","validityinvalid","test","3","suicide","singlestim","183","276134","410","â€šÃ³Ã¨","77","dotpositionright","singlestim","184","276594","m","right","correct","1","","1","trialend","singlestim","185","277606"
"10312","Subject246","1","metermeter","1","meter","positionleft","validityvalid","test","3","neutral","singlestim","187","279608","376","â€šÃ³Ã¨","67","dotpositionleft","singlestim","188","280036","c","left","correct","1","","1","trialend","singlestim","189","281046"
"10609","Subject246","1","dyingdying","1","dying","positionleft","validityvalid","test","3","suicide","singlestim","191","283048","348","â€šÃ³Ã¨","67","dotpositionleft","singlestim","192","283448","c","left","correct","1","","1","trialend","singlestim","193","284460"
"10906","Subject246","1","happyhappy","1","happy","positionright","validityvalid","test","3","positive","singlestim","195","286462","392","â€šÃ³Ã¨","77","dotpositionright","singlestim","196","286906","m","right","correct","1","","1","trialend","singlestim","197","287918"
"11203","Subject246","1","cuttingcutting","1","cutting","positionright","validityvalid","test","3","suicide","singlestim","199","289920","418","â€šÃ³Ã¨","77","dotpositionright","singlestim","200","290388","m","right","correct","1","","1","trialend","singlestim","201","291400"
"11500","Subject246","1","diedie","1","die","positionright","validityvalid","test","3","suicide","singlestim","203","293406","386","â€šÃ³Ã¨","77","dotpositionright","singlestim","204","293842","m","right","correct","1","","1","trialend","singlestim","205","294854"
"11797","Subject246","1","bombbomb","1","bomb","positionright","validityvalid","test","3","negative","singlestim","207","296856","352","â€šÃ³Ã¨","77","dotpositionright","singlestim","208","297258","m","right","correct","1","","1","trialend","singlestim","209","298268"
"12094","Subject246","1","assaultassault","1","assault","positionleft","validityinvalid","test","3","negative","singlestim","211","300270","442","â€šÃ³Ã¨","77","dotpositionright","singlestim","212","300764","m","right","correct","1","","1","trialend","singlestim","213","301776"
"12391","Subject246","1","rejectedrejected","1","rejected","positionright","validityvalid","test","3","negative","singlestim","215","303778","366","â€šÃ³Ã¨","77","dotpositionright","singlestim","216","304196","m","right","correct","1","","1","trialend","singlestim","217","305208"
"12688","Subject246","1","smilesmile","1","smile","positionleft","validityvalid","test","3","positive","singlestim","219","307210","370","â€šÃ³Ã¨","67","dotpositionleft","singlestim","220","307630","c","left","correct","1","","1","trialend","singlestim","221","308642"
"12985","Subject246","1","strongstrong","1","strong","positionleft","validityvalid","test","3","positive","singlestim","223","310644","426","â€šÃ³Ã¨","67","dotpositionleft","singlestim","224","311122","c","left","correct","1","","1","trialend","singlestim","225","312134"
"13282","Subject246","1","touretoure","1","toure","positionleft","validityvalid","test","3","negative","singlestim","227","314134","424","â€šÃ³Ã¨","67","dotpositionleft","singlestim","228","314610","c","left","correct","1","","1","trialend","singlestim","229","315622"
"13579","Subject246","1","closetcloset","1","closet","positionright","validityinvalid","test","3","neutral","singlestim","231","317624","492","â€šÃ³Ã¨","67","dotpositionleft","singlestim","232","318166","c","left","correct","1","","1","trialend","singlestim","233","319178"
"13876","Subject246","1","museummuseum","1","museum","positionleft","validityvalid","test","3","neutral","singlestim","235","321180","358","â€šÃ³Ã¨","67","dotpositionleft","singlestim","236","321588","c","left","correct","1","","1","trialend","singlestim","237","322600"
"14173","Subject246","1","greengreen","1","green","positionright","validityvalid","test","3","neutral","singlestim","239","324604","346","â€šÃ³Ã¨","77","dotpositionright","singlestim","240","325000","m","right","correct","1","","1","trialend","singlestim","241","326012"
"14470","Subject246","1","horsehorse","1","horse","positionleft","validityinvalid","test","2","neutral","singlestim","243","328014","396","â€šÃ³Ã¨","77","dotpositionright","singlestim","244","328460","m","right","correct","1","","1","trialend","singlestim","245","329472"
"14767","Subject246","1","filthyfilthy","1","filthy","positionleft","validityinvalid","test","2","negative","singlestim","247","331472","334","â€šÃ³Ã¨","77","dotpositionright","singlestim","248","331858","m","right","correct","1","","1","trialend","singlestim","249","332870"
"15064","Subject246","1","braverybravery","1","bravery","positionleft","validityvalid","test","2","positive","singlestim","251","334874","388","â€šÃ³Ã¨","67","dotpositionleft","singlestim","252","335312","c","left","correct","1","","1","trialend","singlestim","253","336324"
"15361","Subject246","1","tabletable","1","table","positionright","validityvalid","test","2","neutral","singlestim","255","338324","328","â€šÃ³Ã¨","77","dotpositionright","singlestim","256","338704","m","right","correct","1","","1","trialend","singlestim","257","339718"
"15658","Subject246","1","paperpaper","1","paper","positionleft","validityvalid","test","2","neutral","singlestim","259","341720","384","â€šÃ³Ã¨","67","dotpositionleft","singlestim","260","342154","c","left","correct","1","","1","trialend","singlestim","261","343166"
"15955","Subject246","1","corpsecorpse","1","corpse","positionleft","validityvalid","test","2","suicide","singlestim","263","345168","390","â€šÃ³Ã¨","67","dotpositionleft","singlestim","264","345610","c","left","correct","1","","1","trialend","singlestim","265","346622"
"16252","Subject246","1","enthusiasmenthusiasm","1","enthusiasm","positionright","validityvalid","test","2","positive","singlestim","267","348628","374","â€šÃ³Ã¨","77","dotpositionright","singlestim","268","349052","m","right","correct","1","","1","trialend","singlestim","269","350066"
"16549","Subject246","1","pleasurepleasure","1","pleasure","positionleft","validityvalid","test","2","positive","singlestim","271","352066","386","â€šÃ³Ã¨","67","dotpositionleft","singlestim","272","352504","c","left","correct","1","","1","trialend","singlestim","273","353516"
"16846","Subject246","1","deathdeath","1","death","positionright","validityvalid","test","2","suicide","singlestim","275","355518","342","â€šÃ³Ã¨","77","dotpositionright","singlestim","276","355910","m","right","correct","1","","1","trialend","singlestim","277","356922"
"17143","Subject246","1","foamfoam","1","foam","positionright","validityvalid","test","2","neutral","singlestim","279","358924","286","â€šÃ³Ã¨","77","dotpositionright","singlestim","280","359262","m","right","correct","1","","1","trialend","singlestim","281","360272"
"17440","Subject246","1","cruelcruel","1","cruel","positionright","validityvalid","test","2","negative","singlestim","283","362274","384","â€šÃ³Ã¨","77","dotpositionright","singlestim","284","362710","m","right","correct","1","","1","trialend","singlestim","285","363720"
"17737","Subject246","1","lovelove","1","love","positionright","validityinvalid","test","2","positive","singlestim","287","365724","526","â€šÃ³Ã¨","67","dotpositionleft","singlestim","288","366300","c","left","correct","1","","1","trialend","singlestim","289","367312"
"18034","Subject246","1","noosenoose","1","noose","positionleft","validityvalid","test","2","suicide","singlestim","291","369314","576","â€šÃ³Ã¨","67","dotpositionleft","singlestim","292","369940","c","left","correct","1","","1","trialend","singlestim","293","370952"
"18331","Subject246","1","overdoseoverdose","1","overdose","positionright","validityinvalid","test","2","suicide","singlestim","295","372954","436","â€šÃ³Ã¨","67","dotpositionleft","singlestim","296","373442","c","left","correct","1","","1","trialend","singlestim","297","374454"
"18628","Subject246","1","failurefailure","1","failure","positionleft","validityvalid","test","2","negative","singlestim","299","376456","470","â€šÃ³Ã¨","67","dotpositionleft","singlestim","300","376976","c","left","correct","1","","1","trialend","singlestim","301","377986"
"18925","Subject246","1","abuseabuse","1","abuse","positionright","validityvalid","test","2","negative","singlestim","303","379988","362","â€šÃ³Ã¨","77","dotpositionright","singlestim","304","380402","m","right","correct","1","","1","trialend","singlestim","305","381414"
