"","SubjectID","rt","stimulus","keypress","word","wordposition","validity","block","blocknum","wordtype","trialtype","trialindex","timeelapsed","rt.1","stimulus.1","keypress.1","dotposition","trialtype.1","trialindex.1","timeelapsed.1","keypressed","participantresponse","correctresponse","rt.2","stimulus.2","keypress.2","blocktrial","trialtype.2","trialindex.2","timeelapsed.2"
"213","Subject245","1","diedie","1","die","positionright","validityvalid","test","3","suicide","singlestim","51","112634","443","â€šÃ³Ã¨","77","dotpositionright","singlestim","52","113129","m","right","correct","1","","1","trialend","singlestim","53","114140"
"510","Subject245","1","greengreen","1","green","positionright","validityvalid","test","3","neutral","singlestim","55","116145","1","â€šÃ³Ã¨","1","dotpositionright","singlestim","56","118198","","incorrect","521","","77","trialend","singlestim","57","119210","100070"
"807","Subject245","smilesmile","1","smile","positionleft","validityvalid","test","3","positive","singlestim","59","121215","100090","â€šÃ³Ã¨","67","dotpositionleft","singlestim","60","121890","1000100","left","correct","1","","1","trialend","singlestim","61","122903","1000110"
"1104","Subject245","dyingdying","1","dying","positionleft","validityvalid","test","3","suicide","singlestim","63","124907","1000130","â€šÃ³Ã¨","67","dotpositionleft","singlestim","64","125461","1000140","left","correct","1","","1","trialend","singlestim","65","126474","1000150"
"1401","Subject245","touretoure","1","toure","positionleft","validityvalid","test","3","negative","singlestim","67","128478","1000170","â€šÃ³Ã¨","67","dotpositionleft","singlestim","68","128920","1000180","left","correct","1","","1","trialend","singlestim","69","129934","1000190"
"1698","Subject245","kisskiss","1","kiss","positionright","validityinvalid","test","3","positive","singlestim","71","131938","1000210","â€šÃ³Ã¨","67","dotpositionleft","singlestim","72","132485","1000220","left","correct","1","","1","trialend","singlestim","73","133498","1000230"
"1995","Subject245","assaultassault","1","assault","positionleft","validityinvalid","test","3","negative","singlestim","75","135503","1000250","â€šÃ³Ã¨","77","dotpositionright","singlestim","76","135958","1000260","right","correct","1","","1","trialend","singlestim","77","136971","1000270"
"2292","Subject245","strongstrong","1","strong","positionleft","validityvalid","test","3","positive","singlestim","79","138974","1000290","â€šÃ³Ã¨","67","dotpositionleft","singlestim","80","139577","1000300","left","correct","1","","1","trialend","singlestim","81","140589","1000310"
"2589","Subject245","deaddead","1","dead","positionleft","validityinvalid","test","3","suicide","singlestim","83","142593","1000330","â€šÃ³Ã¨","77","dotpositionright","singlestim","84","143080","1000340","right","correct","1","","1","trialend","singlestim","85","144094","1000350"
"2886","Subject245","museummuseum","1","museum","positionleft","validityvalid","test","3","neutral","singlestim","87","146098","1000370","â€šÃ³Ã¨","67","dotpositionleft","singlestim","88","146790","1000380","left","correct","1","","1","trialend","singlestim","89","147802","1000390"
"3183","Subject245","rejectedrejected","1","rejected","positionright","validityvalid","test","3","negative","singlestim","91","149807","1000410","â€šÃ³Ã¨","77","dotpositionright","singlestim","92","150408","1000420","right","correct","1","","1","trialend","singlestim","93","151421","1000430"
"3480","Subject245","cuttingcutting","1","cutting","positionright","validityvalid","test","3","suicide","singlestim","95","153425","1000450","â€šÃ³Ã¨","77","dotpositionright","singlestim","96","153977","1000460","right","correct","1","","1","trialend","singlestim","97","154991","1000470"
"3777","Subject245","happyhappy","1","happy","positionright","validityvalid","test","3","positive","singlestim","99","156995","1000490","â€šÃ³Ã¨","77","dotpositionright","singlestim","100","157520","1000500","right","correct","1","","1","trialend","singlestim","101","158531","1000510"
"4074","Subject245","metermeter","1","meter","positionleft","validityvalid","test","3","neutral","singlestim","103","160559","1000530","â€šÃ³Ã¨","67","dotpositionleft","singlestim","104","161325","1000540","left","correct","1","","1","trialend","singlestim","105","162681","1000550"
"4371","Subject245","closetcloset","1","closet","positionright","validityinvalid","test","3","neutral","singlestim","107","164685","1000570","â€šÃ³Ã¨","67","dotpositionleft","singlestim","108","165182","1000580","left","correct","1","","1","trialend","singlestim","109","166195","1000590"
"4668","Subject245","bombbomb","1","bomb","positionright","validityvalid","test","3","negative","singlestim","111","168230","1000610","â€šÃ³Ã¨","77","dotpositionright","singlestim","112","168697","1000620","right","correct","1","","1","trialend","singlestim","113","169710","1000630"
"4965","Subject245","braverybravery","1","bravery","positionleft","validityvalid","test","2","positive","singlestim","115","171715","101010","â€šÃ³Ã¨","67","dotpositionleft","singlestim","116","172286","101020","left","correct","1","","1","trialend","singlestim","117","173299","101030"
"5262","Subject245","paperpaper","1","paper","positionleft","validityvalid","test","2","neutral","singlestim","119","175303","101050","â€šÃ³Ã¨","67","dotpositionleft","singlestim","120","175848","101060","left","correct","1","","1","trialend","singlestim","121","176861","101070"
"5559","Subject245","abuseabuse","1","abuse","positionright","validityvalid","test","2","negative","singlestim","123","178865","101090","â€šÃ³Ã¨","77","dotpositionright","singlestim","124","179308","1010100","right","correct","1","","1","trialend","singlestim","125","180321","1010110"
"5856","Subject245","tabletable","1","table","positionright","validityvalid","test","2","neutral","singlestim","127","182325","1010130","â€šÃ³Ã¨","77","dotpositionright","singlestim","128","182794","1010140","right","correct","1","","1","trialend","singlestim","129","183808","1010150"
"6153","Subject245","noosenoose","1","noose","positionleft","validityvalid","test","2","suicide","singlestim","131","185813","1010170","â€šÃ³Ã¨","67","dotpositionleft","singlestim","132","186316","1010180","left","correct","1","","1","trialend","singlestim","133","187329","1010190"
"6450","Subject245","pleasurepleasure","1","pleasure","positionleft","validityvalid","test","2","positive","singlestim","135","189333","1010210","â€šÃ³Ã¨","67","dotpositionleft","singlestim","136","189879","1010220","left","correct","1","","1","trialend","singlestim","137","190892","1010230"
"6747","Subject245","deathdeath","1","death","positionright","validityvalid","test","2","suicide","singlestim","139","192895","1010250","â€šÃ³Ã¨","77","dotpositionright","singlestim","140","193285","1010260","right","correct","1","","1","trialend","singlestim","141","194298","1010270"
"7044","Subject245","cruelcruel","1","cruel","positionright","validityvalid","test","2","negative","singlestim","143","196302","1010290","â€šÃ³Ã¨","77","dotpositionright","singlestim","144","196825","1010300","right","correct","1","","1","trialend","singlestim","145","197839","1010310"
"7341","Subject245","failurefailure","1","failure","positionleft","validityvalid","test","2","negative","singlestim","147","199843","1010330","â€šÃ³Ã¨","67","dotpositionleft","singlestim","148","200339","1010340","left","correct","1","","1","trialend","singlestim","149","201351","1010350"
"7638","Subject245","corpsecorpse","1","corpse","positionleft","validityvalid","test","2","suicide","singlestim","151","203355","1010370","â€šÃ³Ã¨","67","dotpositionleft","singlestim","152","203932","1010380","left","correct","1","","1","trialend","singlestim","153","204944","1010390"
"7935","Subject245","overdoseoverdose","1","overdose","positionright","validityinvalid","test","2","suicide","singlestim","155","206948","1010410","â€šÃ³Ã¨","67","dotpositionleft","singlestim","156","207449","1010420","left","correct","1","","1","trialend","singlestim","157","208462","1010430"
"8232","Subject245","lovelove","1","love","positionright","validityinvalid","test","2","positive","singlestim","159","210466","1010450","â€šÃ³Ã¨","67","dotpositionleft","singlestim","160","211094","1010460","left","correct","1","","1","trialend","singlestim","161","212108","1010470"
"8529","Subject245","horsehorse","1","horse","positionleft","validityinvalid","test","2","neutral","singlestim","163","214111","1010490","â€šÃ³Ã¨","77","dotpositionright","singlestim","164","214579","1010500","right","correct","1","","1","trialend","singlestim","165","215593","1010510"
"8826","Subject245","enthusiasmenthusiasm","1","enthusiasm","positionright","validityvalid","test","2","positive","singlestim","167","217597","1010530","â€šÃ³Ã¨","77","dotpositionright","singlestim","168","218190","1010540","right","correct","1","","1","trialend","singlestim","169","219203","1010550"
"9123","Subject245","filthyfilthy","1","filthy","positionleft","validityinvalid","test","2","negative","singlestim","171","221207","1010570","â€šÃ³Ã¨","77","dotpositionright","singlestim","172","221705","1010580","right","correct","1","","1","trialend","singlestim","173","222717","1010590"
"9420","Subject245","foamfoam","1","foam","positionright","validityvalid","test","2","neutral","singlestim","175","224720","1010610","â€šÃ³Ã¨","77","dotpositionright","singlestim","176","225316","1010620","right","correct","1","","1","trialend","singlestim","177","226328","1010630"
"9717","Subject245","killingkilling","1","killing","positionleft","validityvalid","test","4","suicide","singlestim","179","228333","102010","â€šÃ³Ã¨","67","dotpositionleft","singlestim","180","228920","102020","left","correct","1","","1","trialend","singlestim","181","229934","102030"
"10014","Subject245","ashamedashamed","1","ashamed","positionright","validityinvalid","test","4","negative","singlestim","183","231938","102050","â€šÃ³Ã¨","67","dotpositionleft","singlestim","184","232500","102060","left","correct","1","","1","trialend","singlestim","185","233514","102070"
"10311","Subject245","alonealone","1","alone","positionleft","validityvalid","test","4","negative","singlestim","187","235517","102090","â€šÃ³Ã¨","67","dotpositionleft","singlestim","188","236001","1020100","left","correct","1","","1","trialend","singlestim","189","237014","1020110"
"10608","Subject245","stupidstupid","1","stupid","positionleft","validityvalid","test","4","negative","singlestim","191","239019","1020130","â€šÃ³Ã¨","67","dotpositionleft","singlestim","192","239501","1020140","left","correct","1","","1","trialend","singlestim","193","240514","1020150"
"10905","Subject245","engineengine","1","engine","positionleft","validityvalid","test","4","neutral","singlestim","195","242799","1020170","â€šÃ³Ã¨","67","dotpositionleft","singlestim","196","243313","1020180","left","correct","1","","1","trialend","singlestim","197","244353","1020190"
"11202","Subject245","hanginghanging","1","hanging","positionleft","validityvalid","test","4","suicide","singlestim","199","246356","1020210","â€šÃ³Ã¨","67","dotpositionleft","singlestim","200","246904","1020220","left","correct","1","","1","trialend","singlestim","201","247918","1020230"
"11499","Subject245","passionatepassionate","1","passionate","positionleft","validityinvalid","test","4","positive","singlestim","203","249923","1020250","â€šÃ³Ã¨","77","dotpositionright","singlestim","204","250385","1020260","right","correct","1","","1","trialend","singlestim","205","251398","1020270"
"11796","Subject245","deceaseddeceased","1","deceased","positionright","validityvalid","test","4","suicide","singlestim","207","253401","1020290","â€šÃ³Ã¨","77","dotpositionright","singlestim","208","254039","1020300","right","correct","1","","1","trialend","singlestim","209","255052","1020310"
"12093","Subject245","ecstaticecstatic","1","ecstatic","positionright","validityvalid","test","4","positive","singlestim","211","257057","1020330","â€šÃ³Ã¨","77","dotpositionright","singlestim","212","257604","1020340","right","correct","1","","1","trialend","singlestim","213","258616","1020350"
"12390","Subject245","successsuccess","1","success","positionleft","validityvalid","test","4","positive","singlestim","215","260620","1020370","â€šÃ³Ã¨","67","dotpositionleft","singlestim","216","262148","1020380","left","correct","1","","1","trialend","singlestim","217","263161","1020390"
"12687","Subject245","suicidesuicide","1","suicide","positionright","validityinvalid","test","4","suicide","singlestim","219","265165","1020410","â€šÃ³Ã¨","67","dotpositionleft","singlestim","220","265672","1020420","left","correct","1","","1","trialend","singlestim","221","266685","1020430"
"12984","Subject245","wohlesswohless","1","wohless","positionright","validityvalid","test","4","negative","singlestim","223","268690","1020450","â€šÃ³Ã¨","77","dotpositionright","singlestim","224","269110","1020460","right","correct","1","","1","trialend","singlestim","225","270124","1020470"
"13281","Subject245","frameframe","1","frame","positionleft","validityinvalid","test","4","neutral","singlestim","227","272128","1020490","â€šÃ³Ã¨","77","dotpositionright","singlestim","228","272619","1020500","right","correct","1","","1","trialend","singlestim","229","273633","1020510"
"13578","Subject245","doubledouble","1","double","positionright","validityvalid","test","4","neutral","singlestim","231","275637","1020530","â€šÃ³Ã¨","77","dotpositionright","singlestim","232","276261","1020540","right","correct","1","","1","trialend","singlestim","233","277275","1020550"
"13875","Subject245","structurestructure","1","structure","positionright","validityvalid","test","4","neutral","singlestim","235","279279","1020570","â€šÃ³Ã¨","77","dotpositionright","singlestim","236","279715","1020580","right","correct","1","","1","trialend","singlestim","237","280728","1020590"
"14172","Subject245","laughlaugh","1","laugh","positionright","validityvalid","test","4","positive","singlestim","239","282735","1020610","â€šÃ³Ã¨","77","dotpositionright","singlestim","240","283253","1020620","right","correct","1","","1","trialend","singlestim","241","284267","1020630"
"14469","Subject245","cheesecheese","1","cheese","positionright","validityvalid","test","1","neutral","singlestim","243","286271","103010","â€šÃ³Ã¨","77","dotpositionright","singlestim","244","286711","103020","right","correct","1","","1","trialend","singlestim","245","287724","103030"
"14766","Subject245","healthyhealthy","1","healthy","positionleft","validityinvalid","test","1","positive","singlestim","247","289727","103050","â€šÃ³Ã¨","77","dotpositionright","singlestim","248","290250","103060","right","correct","1","","1","trialend","singlestim","249","291262","103070"
"15063","Subject245","foldedfolded","1","folded","positionleft","validityvalid","test","1","neutral","singlestim","251","293265","103090","â€šÃ³Ã¨","67","dotpositionleft","singlestim","252","293855","1030100","left","correct","1","","1","trialend","singlestim","253","294868","1030110"
"15360","Subject245","vomitvomit","1","vomit","positionleft","validityvalid","test","1","negative","singlestim","255","296873","1030130","â€šÃ³Ã¨","1","dotpositionleft","singlestim","256","298925","1030140","incorrect","1","","1","trialend","singlestim","257","299938","1030150","1"
"15657","Subject245","1","blood","positionleft","validityvalid","test","1","suicide","singlestim","259","301941","1030170","525","67","dotpositionleft","singlestim","260","302518","1030180","c","correct","1","","1","trialend","singlestim","261","303532","1030190","1"
"15954","Subject245","1","hate","positionright","validityinvalid","test","1","negative","singlestim","263","305536","1030210","565","67","dotpositionleft","singlestim","264","306154","1030220","c","correct","1","","1","trialend","singlestim","265","307167","1030230","1"
"16251","Subject245","1","paradise","positionleft","validityvalid","test","1","positive","singlestim","267","309172","1030250","478","67","dotpositionleft","singlestim","268","309701","1030260","c","correct","1","","1","trialend","singlestim","269","310713","1030270","1"
"16548","Subject245","1","pathetic","positionleft","validityvalid","test","1","negative","singlestim","271","312716","1030290","495","67","dotpositionleft","singlestim","272","313263","1030300","c","correct","1","","1","trialend","singlestim","273","314275","1030310","1"
"16845","Subject245","1","gunshot","positionright","validityvalid","test","1","suicide","singlestim","275","316278","1030330","409","77","dotpositionright","singlestim","276","316740","1030340","m","correct","1","","1","trialend","singlestim","277","317753","1030350","1"
"17142","Subject245","1","crying","positionright","validityvalid","test","1","negative","singlestim","279","319757","1030370","474","77","dotpositionright","singlestim","280","320284","1030380","m","correct","1","","1","trialend","singlestim","281","321297","1030390","1"
"17439","Subject245","1","great","positionright","validityvalid","test","1","positive","singlestim","283","323301","1030410","381","77","dotpositionright","singlestim","284","323733","1030420","m","correct","1","","1","trialend","singlestim","285","324746","1030430","1"
"17736","Subject245","1","image","positionleft","validityvalid","test","1","neutral","singlestim","287","326751","1030450","430","67","dotpositionleft","singlestim","288","327232","1030460","c","correct","1","","1","trialend","singlestim","289","328246","1030470","1"
"18033","Subject245","1","statue","positionright","validityinvalid","test","1","neutral","singlestim","291","330250","1030490","426","67","dotpositionleft","singlestim","292","330728","1030500","c","correct","1","","1","trialend","singlestim","293","331741","1030510","1"
"18330","Subject245","1","funeral","positionright","validityvalid","test","1","suicide","singlestim","295","333897","1030530","815","77","dotpositionright","singlestim","296","334844","1030540","m","correct","1","","1","trialend","singlestim","297","335859","1030550","1"
"18627","Subject245","1","suffocation","positionleft","validityinvalid","test","1","suicide","singlestim","299","337864","1030570","461","77","dotpositionright","singlestim","300","338377","1030580","m","correct","1","","1","trialend","singlestim","301","339391","1030590","1"
"18924","Subject245","1","attraction","positionright","validityvalid","test","1","positive","singlestim","303","341394","1030610","383","77","dotpositionright","singlestim","304","341829","1030620","m","correct","1","","1","trialend","singlestim","305","342842","1030630","1002"
