"","SubjectID","rt","stimulus","keypress","word","wordposition","validity","block","blocknum","wordtype","trialtype","trialindex","timeelapsed","rt.1","stimulus.1","keypress.1","dotposition","trialtype.1","trialindex.1","timeelapsed.1","keypressed","participantresponse","correctresponse","rt.2","stimulus.2","keypress.2","blocktrial","trialtype.2","trialindex.2","timeelapsed.2"
"102","Subject107","1","museummuseum","1","museum","positionleft","validityvalid","test","3","neutral","singlestim","51","1221156","339","â€šÃ³Ã¨","67","dotpositionleft","singlestim","52","1221552","c","left","correct","1","","1","trialend","singlestim","53","1222567"
"399","Subject107","1","touretoure","1","toure","positionleft","validityvalid","test","3","negative","singlestim","55","1224576","363","â€šÃ³Ã¨","67","dotpositionleft","singlestim","56","1224993","c","left","correct","1","","1","trialend","singlestim","57","1226008"
"696","Subject107","1","metermeter","1","meter","positionleft","validityvalid","test","3","neutral","singlestim","59","1228018","346","â€šÃ³Ã¨","67","dotpositionleft","singlestim","60","1228415","c","left","correct","1","","1","trialend","singlestim","61","1229430"
"993","Subject107","1","smilesmile","1","smile","positionleft","validityvalid","test","3","positive","singlestim","63","1231440","396","â€šÃ³Ã¨","67","dotpositionleft","singlestim","64","1231889","c","left","correct","1","","1","trialend","singlestim","65","1232905"
"1290","Subject107","1","strongstrong","1","strong","positionleft","validityvalid","test","3","positive","singlestim","67","1234912","345","â€šÃ³Ã¨","67","dotpositionleft","singlestim","68","1235313","c","left","correct","1","","1","trialend","singlestim","69","1236328"
"1587","Subject107","1","diedie","1","die","positionright","validityvalid","test","3","suicide","singlestim","71","1238338","366","â€šÃ³Ã¨","77","dotpositionright","singlestim","72","1238758","m","right","correct","1","","1","trialend","singlestim","73","1239771"
"1884","Subject107","1","closetcloset","1","closet","positionright","validityinvalid","test","3","neutral","singlestim","75","1241779","323","â€šÃ³Ã¨","67","dotpositionleft","singlestim","76","1242157","c","left","correct","1","","1","trialend","singlestim","77","1243173"
"2181","Subject107","1","cuttingcutting","1","cutting","positionright","validityvalid","test","3","suicide","singlestim","79","1245180","337","â€šÃ³Ã¨","77","dotpositionright","singlestim","80","1245572","m","right","correct","1","","1","trialend","singlestim","81","1246584"
"2478","Subject107","1","assaultassault","1","assault","positionleft","validityinvalid","test","3","negative","singlestim","83","1248592","360","â€šÃ³Ã¨","77","dotpositionright","singlestim","84","1249005","m","right","correct","1","","1","trialend","singlestim","85","1250021"
"2775","Subject107","1","dyingdying","1","dying","positionleft","validityvalid","test","3","suicide","singlestim","87","1252029","350","â€šÃ³Ã¨","67","dotpositionleft","singlestim","88","1252434","c","left","correct","1","","1","trialend","singlestim","89","1253445"
"3072","Subject107","1","rejectedrejected","1","rejected","positionright","validityvalid","test","3","negative","singlestim","91","1255454","338","â€šÃ³Ã¨","77","dotpositionright","singlestim","92","1255844","m","right","correct","1","","1","trialend","singlestim","93","1256858"
"3369","Subject107","1","greengreen","1","green","positionright","validityvalid","test","3","neutral","singlestim","95","1258868","376","â€šÃ³Ã¨","77","dotpositionright","singlestim","96","1259296","m","right","correct","1","","1","trialend","singlestim","97","1260312"
"3666","Subject107","1","deaddead","1","dead","positionleft","validityinvalid","test","3","suicide","singlestim","99","1262320","372","â€šÃ³Ã¨","77","dotpositionright","singlestim","100","1262745","m","right","correct","1","","1","trialend","singlestim","101","1263759"
"3963","Subject107","1","kisskiss","1","kiss","positionright","validityinvalid","test","3","positive","singlestim","103","1265767","327","â€šÃ³Ã¨","67","dotpositionleft","singlestim","104","1266152","c","left","correct","1","","1","trialend","singlestim","105","1267167"
"4260","Subject107","1","happyhappy","1","happy","positionright","validityvalid","test","3","positive","singlestim","107","1269175","351","â€šÃ³Ã¨","77","dotpositionright","singlestim","108","1269579","m","right","correct","1","","1","trialend","singlestim","109","1270592"
"4557","Subject107","1","bombbomb","1","bomb","positionright","validityvalid","test","3","negative","singlestim","111","1272601","359","â€šÃ³Ã¨","77","dotpositionright","singlestim","112","1273012","m","right","correct","1","","1","trialend","singlestim","113","1274027"
"4854","Subject107","1","paperpaper","1","paper","positionleft","validityvalid","test","2","neutral","singlestim","115","1276035","437","â€šÃ³Ã¨","67","dotpositionleft","singlestim","116","1276525","c","left","correct","1","","1","trialend","singlestim","117","1277539"
"5151","Subject107","1","cruelcruel","1","cruel","positionright","validityvalid","test","2","negative","singlestim","119","1279547","337","â€šÃ³Ã¨","77","dotpositionright","singlestim","120","1279938","m","right","correct","1","","1","trialend","singlestim","121","1280951"
"5448","Subject107","1","lovelove","1","love","positionright","validityinvalid","test","2","positive","singlestim","123","1282960","311","â€šÃ³Ã¨","67","dotpositionleft","singlestim","124","1283323","c","left","correct","1","","1","trialend","singlestim","125","1284336"
"5745","Subject107","1","foamfoam","1","foam","positionright","validityvalid","test","2","neutral","singlestim","127","1286344","362","â€šÃ³Ã¨","77","dotpositionright","singlestim","128","1286760","m","right","correct","1","","1","trialend","singlestim","129","1287777"
"6042","Subject107","1","braverybravery","1","bravery","positionleft","validityvalid","test","2","positive","singlestim","131","1289785","363","â€šÃ³Ã¨","67","dotpositionleft","singlestim","132","1290200","c","left","correct","1","","1","trialend","singlestim","133","1291214"
"6339","Subject107","1","abuseabuse","1","abuse","positionright","validityvalid","test","2","negative","singlestim","135","1293222","393","â€šÃ³Ã¨","77","dotpositionright","singlestim","136","1293667","m","right","correct","1","","1","trialend","singlestim","137","1294684"
"6636","Subject107","1","tabletable","1","table","positionright","validityvalid","test","2","neutral","singlestim","139","1296693","323","â€šÃ³Ã¨","77","dotpositionright","singlestim","140","1297071","m","right","correct","1","","1","trialend","singlestim","141","1298085"
"6933","Subject107","1","corpsecorpse","1","corpse","positionleft","validityvalid","test","2","suicide","singlestim","143","1300094","374","â€šÃ³Ã¨","67","dotpositionleft","singlestim","144","1300524","c","left","correct","1","","1","trialend","singlestim","145","1301538"
"7230","Subject107","1","horsehorse","1","horse","positionleft","validityinvalid","test","2","neutral","singlestim","147","1303548","420","â€šÃ³Ã¨","77","dotpositionright","singlestim","148","1304020","m","right","correct","1","","1","trialend","singlestim","149","1305037"
"7527","Subject107","1","deathdeath","1","death","positionright","validityvalid","test","2","suicide","singlestim","151","1307047","312","â€šÃ³Ã¨","77","dotpositionright","singlestim","152","1307411","m","right","correct","1","","1","trialend","singlestim","153","1308423"
"7824","Subject107","1","overdoseoverdose","1","overdose","positionright","validityinvalid","test","2","suicide","singlestim","155","1310431","294","â€šÃ³Ã¨","67","dotpositionleft","singlestim","156","1310778","c","left","correct","1","","1","trialend","singlestim","157","1311793"
"8121","Subject107","1","enthusiasmenthusiasm","1","enthusiasm","positionright","validityvalid","test","2","positive","singlestim","159","1313804","408","â€šÃ³Ã¨","77","dotpositionright","singlestim","160","1314264","m","right","correct","1","","1","trialend","singlestim","161","1315282"
"8418","Subject107","1","filthyfilthy","1","filthy","positionleft","validityinvalid","test","2","negative","singlestim","163","1317292","348","â€šÃ³Ã¨","77","dotpositionright","singlestim","164","1317692","m","right","correct","1","","1","trialend","singlestim","165","1318708"
"8715","Subject107","1","noosenoose","1","noose","positionleft","validityvalid","test","2","suicide","singlestim","167","1320717","434","â€šÃ³Ã¨","67","dotpositionleft","singlestim","168","1321202","c","left","correct","1","","1","trialend","singlestim","169","1322220"
"9012","Subject107","1","pleasurepleasure","1","pleasure","positionleft","validityvalid","test","2","positive","singlestim","171","1324228","405","â€šÃ³Ã¨","67","dotpositionleft","singlestim","172","1324685","c","left","correct","1","","1","trialend","singlestim","173","1325701"
"9309","Subject107","1","failurefailure","1","failure","positionleft","validityvalid","test","2","negative","singlestim","175","1327711","332","â€šÃ³Ã¨","67","dotpositionleft","singlestim","176","1328096","c","left","correct","1","","1","trialend","singlestim","177","1329109"
"9606","Subject107","1","healthyhealthy","1","healthy","positionleft","validityinvalid","test","1","positive","singlestim","179","1331118","358","â€šÃ³Ã¨","77","dotpositionright","singlestim","180","1331527","m","right","correct","1","","1","trialend","singlestim","181","1332545"
"9903","Subject107","1","funeralfuneral","1","funeral","positionright","validityvalid","test","1","suicide","singlestim","183","1334554","294","â€šÃ³Ã¨","77","dotpositionright","singlestim","184","1334900","m","right","correct","1","","1","trialend","singlestim","185","1335917"
"10200","Subject107","1","greatgreat","1","great","positionright","validityvalid","test","1","positive","singlestim","187","1337925","349","â€šÃ³Ã¨","77","dotpositionright","singlestim","188","1338327","m","right","correct","1","","1","trialend","singlestim","189","1339341"
"10497","Subject107","1","hatehate","1","hate","positionright","validityinvalid","test","1","negative","singlestim","191","1341350","412","â€šÃ³Ã¨","67","dotpositionleft","singlestim","192","1341814","c","left","correct","1","","1","trialend","singlestim","193","1342831"
"10794","Subject107","1","cryingcrying","1","crying","positionright","validityvalid","test","1","negative","singlestim","195","1344838","327","â€šÃ³Ã¨","77","dotpositionright","singlestim","196","1345218","m","right","correct","1","","1","trialend","singlestim","197","1346234"
"11091","Subject107","1","paradiseparadise","1","paradise","positionleft","validityvalid","test","1","positive","singlestim","199","1348240","396","â€šÃ³Ã¨","67","dotpositionleft","singlestim","200","1348688","c","left","correct","1","","1","trialend","singlestim","201","1349702"
"11388","Subject107","1","attractionattraction","1","attraction","positionright","validityvalid","test","1","positive","singlestim","203","1351711","261","â€šÃ³Ã¨","77","dotpositionright","singlestim","204","1352025","m","right","correct","1","","1","trialend","singlestim","205","1353040"
"11685","Subject107","1","vomitvomit","1","vomit","positionleft","validityvalid","test","1","negative","singlestim","207","1355048","390","â€šÃ³Ã¨","67","dotpositionleft","singlestim","208","1355490","c","left","correct","1","","1","trialend","singlestim","209","1356506"
"11982","Subject107","1","foldedfolded","1","folded","positionleft","validityvalid","test","1","neutral","singlestim","211","1358514","508","â€šÃ³Ã¨","67","dotpositionleft","singlestim","212","1359075","c","left","correct","1","","1","trialend","singlestim","213","1360091"
"12279","Subject107","1","statuestatue","1","statue","positionright","validityinvalid","test","1","neutral","singlestim","215","1362100","355","â€šÃ³Ã¨","67","dotpositionleft","singlestim","216","1362510","c","left","correct","1","","1","trialend","singlestim","217","1363522"
"12576","Subject107","1","imageimage","1","image","positionleft","validityvalid","test","1","neutral","singlestim","219","1365531","613","â€šÃ³Ã¨","67","dotpositionleft","singlestim","220","1366197","c","left","correct","1","","1","trialend","singlestim","221","1367214"
"12873","Subject107","1","patheticpathetic","1","pathetic","positionleft","validityvalid","test","1","negative","singlestim","223","1369222","412","â€šÃ³Ã¨","67","dotpositionleft","singlestim","224","1369687","c","left","correct","1","","1","trialend","singlestim","225","1370702"
"13170","Subject107","1","gunshotgunshot","1","gunshot","positionright","validityvalid","test","1","suicide","singlestim","227","1372710","336","â€šÃ³Ã¨","77","dotpositionright","singlestim","228","1373101","m","right","correct","1","","1","trialend","singlestim","229","1374115"
"13467","Subject107","1","cheesecheese","1","cheese","positionright","validityvalid","test","1","neutral","singlestim","231","1376123","349","â€šÃ³Ã¨","77","dotpositionright","singlestim","232","1376525","m","right","correct","1","","1","trialend","singlestim","233","1377539"
"13764","Subject107","1","suffocationsuffocation","1","suffocation","positionleft","validityinvalid","test","1","suicide","singlestim","235","1379548","393","â€šÃ³Ã¨","77","dotpositionright","singlestim","236","1379992","m","right","correct","1","","1","trialend","singlestim","237","1381008"
"14061","Subject107","1","bloodblood","1","blood","positionleft","validityvalid","test","1","suicide","singlestim","239","1383019","295","â€šÃ³Ã¨","67","dotpositionleft","singlestim","240","1383367","c","left","correct","1","","1","trialend","singlestim","241","1384382"
"14358","Subject107","1","hanginghanging","1","hanging","positionleft","validityvalid","test","4","suicide","singlestim","243","1386391","319","â€šÃ³Ã¨","67","dotpositionleft","singlestim","244","1386763","c","left","correct","1","","1","trialend","singlestim","245","1387778"
"14655","Subject107","1","passionatepassionate","1","passionate","positionleft","validityinvalid","test","4","positive","singlestim","247","1389787","325","â€šÃ³Ã¨","77","dotpositionright","singlestim","248","1390164","m","right","correct","1","","1","trialend","singlestim","249","1391179"
"14952","Subject107","1","doubledouble","1","double","positionright","validityvalid","test","4","neutral","singlestim","251","1393188","338","â€šÃ³Ã¨","77","dotpositionright","singlestim","252","1393577","m","right","correct","1","","1","trialend","singlestim","253","1394592"
"15249","Subject107","1","alonealone","1","alone","positionleft","validityvalid","test","4","negative","singlestim","255","1396600","345","â€šÃ³Ã¨","67","dotpositionleft","singlestim","256","1397002","c","left","correct","1","","1","trialend","singlestim","257","1398016"
"15546","Subject107","1","wohlesswohless","1","wohless","positionright","validityvalid","test","4","negative","singlestim","259","1400025","378","â€šÃ³Ã¨","77","dotpositionright","singlestim","260","1400455","m","right","correct","1","","1","trialend","singlestim","261","1401471"
"15843","Subject107","1","laughlaugh","1","laugh","positionright","validityvalid","test","4","positive","singlestim","263","1403479","360","â€šÃ³Ã¨","77","dotpositionright","singlestim","264","1403893","m","right","correct","1","","1","trialend","singlestim","265","1404907"
"16140","Subject107","1","ecstaticecstatic","1","ecstatic","positionright","validityvalid","test","4","positive","singlestim","267","1406917","303","â€šÃ³Ã¨","77","dotpositionright","singlestim","268","1407276","m","right","correct","1","","1","trialend","singlestim","269","1408290"
"16437","Subject107","1","stupidstupid","1","stupid","positionleft","validityvalid","test","4","negative","singlestim","271","1410300","402","â€šÃ³Ã¨","67","dotpositionleft","singlestim","272","1410759","c","left","correct","1","","1","trialend","singlestim","273","1411773"
"16734","Subject107","1","successsuccess","1","success","positionleft","validityvalid","test","4","positive","singlestim","275","1413781","403","â€šÃ³Ã¨","67","dotpositionleft","singlestim","276","1414236","c","left","correct","1","","1","trialend","singlestim","277","1415250"
"17031","Subject107","1","killingkilling","1","killing","positionleft","validityvalid","test","4","suicide","singlestim","279","1417258","430","â€šÃ³Ã¨","67","dotpositionleft","singlestim","280","1417740","c","left","correct","1","","1","trialend","singlestim","281","1418755"
"17328","Subject107","1","engineengine","1","engine","positionleft","validityvalid","test","4","neutral","singlestim","283","1420763","440","â€šÃ³Ã¨","67","dotpositionleft","singlestim","284","1421257","c","left","correct","1","","1","trialend","singlestim","285","1422273"
"17625","Subject107","1","deceaseddeceased","1","deceased","positionright","validityvalid","test","4","suicide","singlestim","287","1424281","294","â€šÃ³Ã¨","77","dotpositionright","singlestim","288","1424627","m","right","correct","1","","1","trialend","singlestim","289","1425645"
"17922","Subject107","1","ashamedashamed","1","ashamed","positionright","validityinvalid","test","4","negative","singlestim","291","1427653","322","â€šÃ³Ã¨","67","dotpositionleft","singlestim","292","1428030","c","left","correct","1","","1","trialend","singlestim","293","1429046"
"18219","Subject107","1","frameframe","1","frame","positionleft","validityinvalid","test","4","neutral","singlestim","295","1431055","326","â€šÃ³Ã¨","77","dotpositionright","singlestim","296","1431436","m","right","correct","1","","1","trialend","singlestim","297","1432453"
"18516","Subject107","1","structurestructure","1","structure","positionright","validityvalid","test","4","neutral","singlestim","299","1434461","316","â€šÃ³Ã¨","77","dotpositionright","singlestim","300","1434834","m","right","correct","1","","1","trialend","singlestim","301","1435850"
"18813","Subject107","1","suicidesuicide","1","suicide","positionright","validityinvalid","test","4","suicide","singlestim","303","1437856","382","â€šÃ³Ã¨","67","dotpositionleft","singlestim","304","1438291","c","left","correct","1","","1","trialend","singlestim","305","1439304"
