"","SubjectID","rt","stimulus","keypress","word","wordposition","validity","block","blocknum","wordtype","trialtype","trialindex","timeelapsed","rt.1","stimulus.1","keypress.1","dotposition","trialtype.1","trialindex.1","timeelapsed.1","keypressed","participantresponse","correctresponse","rt.2","stimulus.2","keypress.2","blocktrial","trialtype.2","trialindex.2","timeelapsed.2"
"266","Subject300","1","killingkilling","1","killing","positionleft","validityvalid","test","4","suicide","singlestim","51","64165","485","â€šÃ³Ã¨","67","dotpositionleft","singlestim","52","64701","c","left","correct","1","","1","trialend","singlestim","53","65715"
"563","Subject300","1","hanginghanging","1","hanging","positionleft","validityvalid","test","4","suicide","singlestim","55","67718","361","â€šÃ³Ã¨","67","dotpositionleft","singlestim","56","68131","c","left","correct","1","","1","trialend","singlestim","57","69145"
"860","Subject300","1","frameframe","1","frame","positionleft","validityinvalid","test","4","neutral","singlestim","59","71149","362","â€šÃ³Ã¨","77","dotpositionright","singlestim","60","71563","m","right","correct","1","","1","trialend","singlestim","61","72577"
"1157","Subject300","1","doubledouble","1","double","positionright","validityvalid","test","4","neutral","singlestim","63","74582","378","â€šÃ³Ã¨","77","dotpositionright","singlestim","64","75011","m","right","correct","1","","1","trialend","singlestim","65","76025"
"1454","Subject300","1","stupidstupid","1","stupid","positionleft","validityvalid","test","4","negative","singlestim","67","78029","331","â€šÃ³Ã¨","67","dotpositionleft","singlestim","68","78411","c","left","correct","1","","1","trialend","singlestim","69","79425"
"1751","Subject300","1","ecstaticecstatic","1","ecstatic","positionright","validityvalid","test","4","positive","singlestim","71","81429","306","â€šÃ³Ã¨","77","dotpositionright","singlestim","72","81787","m","right","correct","1","","1","trialend","singlestim","73","82801"
"2048","Subject300","1","deceaseddeceased","1","deceased","positionright","validityvalid","test","4","suicide","singlestim","75","84805","337","â€šÃ³Ã¨","77","dotpositionright","singlestim","76","85195","m","right","correct","1","","1","trialend","singlestim","77","86208"
"2345","Subject300","1","successsuccess","1","success","positionleft","validityvalid","test","4","positive","singlestim","79","88212","356","â€šÃ³Ã¨","67","dotpositionleft","singlestim","80","88619","c","left","correct","1","","1","trialend","singlestim","81","89633"
"2642","Subject300","1","alonealone","1","alone","positionleft","validityvalid","test","4","negative","singlestim","83","91637","370","â€šÃ³Ã¨","67","dotpositionleft","singlestim","84","92059","c","left","correct","1","","1","trialend","singlestim","85","93073"
"2939","Subject300","1","wohlesswohless","1","wohless","positionright","validityvalid","test","4","negative","singlestim","87","95077","359","â€šÃ³Ã¨","77","dotpositionright","singlestim","88","95489","m","right","correct","1","","1","trialend","singlestim","89","96503"
"3236","Subject300","1","structurestructure","1","structure","positionright","validityvalid","test","4","neutral","singlestim","91","98507","306","â€šÃ³Ã¨","77","dotpositionright","singlestim","92","98865","m","right","correct","1","","1","trialend","singlestim","93","99879"
"3533","Subject300","1","engineengine","1","engine","positionleft","validityvalid","test","4","neutral","singlestim","95","101883","329","â€šÃ³Ã¨","67","dotpositionleft","singlestim","96","102265","c","left","correct","1","","1","trialend","singlestim","97","103278"
"3830","Subject300","1","laughlaugh","1","laugh","positionright","validityvalid","test","4","positive","singlestim","99","105283","281","â€šÃ³Ã¨","77","dotpositionright","singlestim","100","105617","m","right","correct","1","","1","trialend","singlestim","101","106630"
"4127","Subject300","1","ashamedashamed","1","ashamed","positionright","validityinvalid","test","4","negative","singlestim","103","108635","393","â€šÃ³Ã¨","67","dotpositionleft","singlestim","104","109081","c","left","correct","1","","1","trialend","singlestim","105","110095"
"4424","Subject300","1","suicidesuicide","1","suicide","positionright","validityinvalid","test","4","suicide","singlestim","107","112099","353","â€šÃ³Ã¨","67","dotpositionleft","singlestim","108","112505","c","left","correct","1","","1","trialend","singlestim","109","113518"
"4721","Subject300","1","passionatepassionate","1","passionate","positionleft","validityinvalid","test","4","positive","singlestim","111","115523","321","â€šÃ³Ã¨","77","dotpositionright","singlestim","112","115897","m","right","correct","1","","1","trialend","singlestim","113","116910"
"5018","Subject300","1","abuseabuse","1","abuse","positionright","validityvalid","test","2","negative","singlestim","115","118914","274","â€šÃ³Ã¨","77","dotpositionright","singlestim","116","119241","m","right","correct","1","","1","trialend","singlestim","117","120254"
"5315","Subject300","1","filthyfilthy","1","filthy","positionleft","validityinvalid","test","2","negative","singlestim","119","122258","306","â€šÃ³Ã¨","77","dotpositionright","singlestim","120","122616","m","right","correct","1","","1","trialend","singlestim","121","123629"
"5612","Subject300","1","tabletable","1","table","positionright","validityvalid","test","2","neutral","singlestim","123","125633","348","â€šÃ³Ã¨","77","dotpositionright","singlestim","124","126032","m","right","correct","1","","1","trialend","singlestim","125","127046"
"5909","Subject300","1","cruelcruel","1","cruel","positionright","validityvalid","test","2","negative","singlestim","127","129051","337","â€šÃ³Ã¨","77","dotpositionright","singlestim","128","129440","m","right","correct","1","","1","trialend","singlestim","129","130454"
"6206","Subject300","1","paperpaper","1","paper","positionleft","validityvalid","test","2","neutral","singlestim","131","132458","371","â€šÃ³Ã¨","67","dotpositionleft","singlestim","132","132880","c","left","correct","1","","1","trialend","singlestim","133","133893"
"6503","Subject300","1","overdoseoverdose","1","overdose","positionright","validityinvalid","test","2","suicide","singlestim","135","135898","330","â€šÃ³Ã¨","67","dotpositionleft","singlestim","136","136280","c","left","correct","1","","1","trialend","singlestim","137","137294"
"6800","Subject300","1","enthusiasmenthusiasm","1","enthusiasm","positionright","validityvalid","test","2","positive","singlestim","139","139298","313","â€šÃ³Ã¨","77","dotpositionright","singlestim","140","139664","m","right","correct","1","","1","trialend","singlestim","141","140678"
"7097","Subject300","1","failurefailure","1","failure","positionleft","validityvalid","test","2","negative","singlestim","143","142682","258","â€šÃ³Ã¨","67","dotpositionleft","singlestim","144","142992","c","left","correct","1","","1","trialend","singlestim","145","144006"
"7394","Subject300","1","corpsecorpse","1","corpse","positionleft","validityvalid","test","2","suicide","singlestim","147","146010","273","â€šÃ³Ã¨","67","dotpositionleft","singlestim","148","146336","c","left","correct","1","","1","trialend","singlestim","149","147350"
"7691","Subject300","1","deathdeath","1","death","positionright","validityvalid","test","2","suicide","singlestim","151","149354","257","â€šÃ³Ã¨","77","dotpositionright","singlestim","152","149664","m","right","correct","1","","1","trialend","singlestim","153","150677"
"7988","Subject300","1","pleasurepleasure","1","pleasure","positionleft","validityvalid","test","2","positive","singlestim","155","152681","347","â€šÃ³Ã¨","67","dotpositionleft","singlestim","156","153080","c","left","correct","1","","1","trialend","singlestim","157","154092"
"8285","Subject300","1","braverybravery","1","bravery","positionleft","validityvalid","test","2","positive","singlestim","159","156097","275","â€šÃ³Ã¨","67","dotpositionleft","singlestim","160","156424","c","left","correct","1","","1","trialend","singlestim","161","157436"
"8582","Subject300","1","foamfoam","1","foam","positionright","validityvalid","test","2","neutral","singlestim","163","159440","299","â€šÃ³Ã¨","77","dotpositionright","singlestim","164","159791","m","right","correct","1","","1","trialend","singlestim","165","160805"
"8879","Subject300","1","horsehorse","1","horse","positionleft","validityinvalid","test","2","neutral","singlestim","167","162809","410","â€šÃ³Ã¨","77","dotpositionright","singlestim","168","163271","m","right","correct","1","","1","trialend","singlestim","169","164284"
"9176","Subject300","1","lovelove","1","love","positionright","validityinvalid","test","2","positive","singlestim","171","166289","322","â€šÃ³Ã¨","67","dotpositionleft","singlestim","172","166663","c","left","correct","1","","1","trialend","singlestim","173","167677"
"9473","Subject300","1","noosenoose","1","noose","positionleft","validityvalid","test","2","suicide","singlestim","175","169681","379","â€šÃ³Ã¨","67","dotpositionleft","singlestim","176","170111","c","left","correct","1","","1","trialend","singlestim","177","171125"
"9770","Subject300","1","kisskiss","1","kiss","positionright","validityinvalid","test","3","positive","singlestim","179","173129","377","â€šÃ³Ã¨","67","dotpositionleft","singlestim","180","173559","c","left","correct","1","","1","trialend","singlestim","181","174573"
"10067","Subject300","1","cuttingcutting","1","cutting","positionright","validityvalid","test","3","suicide","singlestim","183","176577","346","â€šÃ³Ã¨","77","dotpositionright","singlestim","184","176975","m","right","correct","1","","1","trialend","singlestim","185","177988"
"10364","Subject300","1","rejectedrejected","1","rejected","positionright","validityvalid","test","3","negative","singlestim","187","179992","315","â€šÃ³Ã¨","77","dotpositionright","singlestim","188","180359","m","right","correct","1","","1","trialend","singlestim","189","181372"
"10661","Subject300","1","diedie","1","die","positionright","validityvalid","test","3","suicide","singlestim","191","183376","338","â€šÃ³Ã¨","77","dotpositionright","singlestim","192","183767","m","right","correct","1","","1","trialend","singlestim","193","184780"
"10958","Subject300","1","touretoure","1","toure","positionleft","validityvalid","test","3","negative","singlestim","195","186785","306","â€šÃ³Ã¨","67","dotpositionleft","singlestim","196","187143","c","left","correct","1","","1","trialend","singlestim","197","188157"
"11255","Subject300","1","museummuseum","1","museum","positionleft","validityvalid","test","3","neutral","singlestim","199","190161","265","â€šÃ³Ã¨","67","dotpositionleft","singlestim","200","190478","c","left","correct","1","","1","trialend","singlestim","201","191492"
"11552","Subject300","1","closetcloset","1","closet","positionright","validityinvalid","test","3","neutral","singlestim","203","193496","410","â€šÃ³Ã¨","67","dotpositionleft","singlestim","204","193959","c","left","correct","1","","1","trialend","singlestim","205","194972"
"11849","Subject300","1","deaddead","1","dead","positionleft","validityinvalid","test","3","suicide","singlestim","207","196976","338","â€šÃ³Ã¨","77","dotpositionright","singlestim","208","197366","m","right","correct","1","","1","trialend","singlestim","209","198380"
"12146","Subject300","1","dyingdying","1","dying","positionleft","validityvalid","test","3","suicide","singlestim","211","200384","354","â€šÃ³Ã¨","67","dotpositionleft","singlestim","212","200790","c","left","correct","1","","1","trialend","singlestim","213","201804"
"12443","Subject300","1","strongstrong","1","strong","positionleft","validityvalid","test","3","positive","singlestim","215","203808","323","â€šÃ³Ã¨","67","dotpositionleft","singlestim","216","204182","c","left","correct","1","","1","trialend","singlestim","217","205196"
"12740","Subject300","1","happyhappy","1","happy","positionright","validityvalid","test","3","positive","singlestim","219","207200","315","â€šÃ³Ã¨","77","dotpositionright","singlestim","220","207566","m","right","correct","1","","1","trialend","singlestim","221","208580"
"13037","Subject300","1","smilesmile","1","smile","positionleft","validityvalid","test","3","positive","singlestim","223","210584","305","â€šÃ³Ã¨","67","dotpositionleft","singlestim","224","210942","c","left","correct","1","","1","trialend","singlestim","225","211955"
"13334","Subject300","1","assaultassault","1","assault","positionleft","validityinvalid","test","3","negative","singlestim","227","213959","314","â€šÃ³Ã¨","77","dotpositionright","singlestim","228","214326","m","right","correct","1","","1","trialend","singlestim","229","215339"
"13631","Subject300","1","greengreen","1","green","positionright","validityvalid","test","3","neutral","singlestim","231","217342","307","â€šÃ³Ã¨","77","dotpositionright","singlestim","232","217702","m","right","correct","1","","1","trialend","singlestim","233","218714"
"13928","Subject300","1","bombbomb","1","bomb","positionright","validityvalid","test","3","negative","singlestim","235","220718","339","â€šÃ³Ã¨","77","dotpositionright","singlestim","236","221110","m","right","correct","1","","1","trialend","singlestim","237","222123"
"14225","Subject300","1","metermeter","1","meter","positionleft","validityvalid","test","3","neutral","singlestim","239","224127","266","â€šÃ³Ã¨","67","dotpositionleft","singlestim","240","224446","c","left","correct","1","","1","trialend","singlestim","241","225458"
"14522","Subject300","1","imageimage","1","image","positionleft","validityvalid","test","1","neutral","singlestim","243","227462","252","â€šÃ³Ã¨","67","dotpositionleft","singlestim","244","227766","c","left","correct","1","","1","trialend","singlestim","245","228779"
"14819","Subject300","1","statuestatue","1","statue","positionright","validityinvalid","test","1","neutral","singlestim","247","230783","378","â€šÃ³Ã¨","67","dotpositionleft","singlestim","248","231213","c","left","correct","1","","1","trialend","singlestim","249","232227"
"15116","Subject300","1","cryingcrying","1","crying","positionright","validityvalid","test","1","negative","singlestim","251","234231","146","â€šÃ³Ã¨","77","dotpositionright","singlestim","252","234429","m","right","correct","1","","1","trialend","singlestim","253","235443"
"15413","Subject300","1","funeralfuneral","1","funeral","positionright","validityvalid","test","1","suicide","singlestim","255","237447","307","â€šÃ³Ã¨","77","dotpositionright","singlestim","256","237805","m","right","correct","1","","1","trialend","singlestim","257","238818"
"15710","Subject300","1","vomitvomit","1","vomit","positionleft","validityvalid","test","1","negative","singlestim","259","240821","316","â€šÃ³Ã¨","67","dotpositionleft","singlestim","260","241189","c","left","correct","1","","1","trialend","singlestim","261","242203"
"16007","Subject300","1","gunshotgunshot","1","gunshot","positionright","validityvalid","test","1","suicide","singlestim","263","244207","243","â€šÃ³Ã¨","77","dotpositionright","singlestim","264","244501","m","right","correct","1","","1","trialend","singlestim","265","245514"
"16304","Subject300","1","patheticpathetic","1","pathetic","positionleft","validityvalid","test","1","negative","singlestim","267","247518","282","â€šÃ³Ã¨","67","dotpositionleft","singlestim","268","247853","c","left","correct","1","","1","trialend","singlestim","269","248865"
"16601","Subject300","1","hatehate","1","hate","positionright","validityinvalid","test","1","negative","singlestim","271","250870","332","â€šÃ³Ã¨","67","dotpositionleft","singlestim","272","251253","c","left","correct","1","","1","trialend","singlestim","273","252267"
"16898","Subject300","1","suffocationsuffocation","1","suffocation","positionleft","validityinvalid","test","1","suicide","singlestim","275","254271","362","â€šÃ³Ã¨","77","dotpositionright","singlestim","276","254685","m","right","correct","1","","1","trialend","singlestim","277","255698"
"17195","Subject300","1","bloodblood","1","blood","positionleft","validityvalid","test","1","suicide","singlestim","279","257702","362","â€šÃ³Ã¨","67","dotpositionleft","singlestim","280","258117","c","left","correct","1","","1","trialend","singlestim","281","259130"
"17492","Subject300","1","greatgreat","1","great","positionright","validityvalid","test","1","positive","singlestim","283","261134","402","â€šÃ³Ã¨","77","dotpositionright","singlestim","284","261588","m","right","correct","1","","1","trialend","singlestim","285","262602"
"17789","Subject300","1","foldedfolded","1","folded","positionleft","validityvalid","test","1","neutral","singlestim","287","264606","362","â€šÃ³Ã¨","67","dotpositionleft","singlestim","288","265021","c","left","correct","1","","1","trialend","singlestim","289","266034"
"18086","Subject300","1","cheesecheese","1","cheese","positionright","validityvalid","test","1","neutral","singlestim","291","268038","338","â€šÃ³Ã¨","77","dotpositionright","singlestim","292","268429","m","right","correct","1","","1","trialend","singlestim","293","269442"
"18383","Subject300","1","healthyhealthy","1","healthy","positionleft","validityinvalid","test","1","positive","singlestim","295","271445","419","â€šÃ³Ã¨","77","dotpositionright","singlestim","296","271916","m","right","correct","1","","1","trialend","singlestim","297","272930"
"18680","Subject300","1","paradiseparadise","1","paradise","positionleft","validityvalid","test","1","positive","singlestim","299","274934","418","â€šÃ³Ã¨","67","dotpositionleft","singlestim","300","275404","c","left","correct","1","","1","trialend","singlestim","301","276418"
"18977","Subject300","1","attractionattraction","1","attraction","positionright","validityvalid","test","1","positive","singlestim","303","278422","354","â€šÃ³Ã¨","77","dotpositionright","singlestim","304","278829","m","right","correct","1","","1","trialend","singlestim","305","279842"
