"","SubjectID","rt","stimulus","keypress","word","wordposition","validity","block","blocknum","wordtype","trialtype","trialindex","timeelapsed","rt.1","stimulus.1","keypress.1","dotposition","trialtype.1","trialindex.1","timeelapsed.1","keypressed","participantresponse","correctresponse","rt.2","stimulus.2","keypress.2","blocktrial","trialtype.2","trialindex.2","timeelapsed.2"
"99","Subject104","1","bloodblood","1","blood","positionleft","validityvalid","test","1","suicide","singlestim","51","83219","940","â€šÃ³Ã¨","67","dotpositionleft","singlestim","52","84211","c","left","correct","1","","1","trialend","singlestim","53","85224"
"396","Subject104","1","cheesecheese","1","cheese","positionright","validityvalid","test","1","neutral","singlestim","55","87228","614","â€šÃ³Ã¨","77","dotpositionright","singlestim","56","87895","m","right","correct","1","","1","trialend","singlestim","57","88907"
"693","Subject104","1","vomitvomit","1","vomit","positionleft","validityvalid","test","1","negative","singlestim","59","90912","770","â€šÃ³Ã¨","67","dotpositionleft","singlestim","60","91734","c","left","correct","1","","1","trialend","singlestim","61","92746"
"990","Subject104","1","funeralfuneral","1","funeral","positionright","validityvalid","test","1","suicide","singlestim","63","94751","559","â€šÃ³Ã¨","77","dotpositionright","singlestim","64","95363","m","right","correct","1","","1","trialend","singlestim","65","96376"
"1287","Subject104","1","healthyhealthy","1","healthy","positionleft","validityinvalid","test","1","positive","singlestim","67","98381","634","â€šÃ³Ã¨","77","dotpositionright","singlestim","68","99068","m","right","correct","1","","1","trialend","singlestim","69","100081"
"1584","Subject104","1","paradiseparadise","1","paradise","positionleft","validityvalid","test","1","positive","singlestim","71","102085","498","â€šÃ³Ã¨","67","dotpositionleft","singlestim","72","102635","c","left","correct","1","","1","trialend","singlestim","73","103649"
"1881","Subject104","1","gunshotgunshot","1","gunshot","positionright","validityvalid","test","1","suicide","singlestim","75","105653","325","â€šÃ³Ã¨","77","dotpositionright","singlestim","76","106030","m","right","correct","1","","1","trialend","singlestim","77","107043"
"2178","Subject104","1","greatgreat","1","great","positionright","validityvalid","test","1","positive","singlestim","79","109047","347","â€šÃ³Ã¨","77","dotpositionright","singlestim","80","109447","m","right","correct","1","","1","trialend","singlestim","81","110460"
"2475","Subject104","1","statuestatue","1","statue","positionright","validityinvalid","test","1","neutral","singlestim","83","112463","466","â€šÃ³Ã¨","67","dotpositionleft","singlestim","84","112982","c","left","correct","1","","1","trialend","singlestim","85","113995"
"2772","Subject104","1","imageimage","1","image","positionleft","validityvalid","test","1","neutral","singlestim","87","115999","392","â€šÃ³Ã¨","67","dotpositionleft","singlestim","88","116444","c","left","correct","1","","1","trialend","singlestim","89","117457"
"3069","Subject104","1","hatehate","1","hate","positionright","validityinvalid","test","1","negative","singlestim","91","119461","548","â€šÃ³Ã¨","67","dotpositionleft","singlestim","92","120062","c","left","correct","1","","1","trialend","singlestim","93","121075"
"3366","Subject104","1","patheticpathetic","1","pathetic","positionleft","validityvalid","test","1","negative","singlestim","95","123080","450","â€šÃ³Ã¨","67","dotpositionleft","singlestim","96","123581","c","left","correct","1","","1","trialend","singlestim","97","124594"
"3663","Subject104","1","cryingcrying","1","crying","positionright","validityvalid","test","1","negative","singlestim","99","126599","483","â€šÃ³Ã¨","77","dotpositionright","singlestim","100","127135","m","right","correct","1","","1","trialend","singlestim","101","128149"
"3960","Subject104","1","attractionattraction","1","attraction","positionright","validityvalid","test","1","positive","singlestim","103","130153","331","â€šÃ³Ã¨","77","dotpositionright","singlestim","104","130537","m","right","correct","1","","1","trialend","singlestim","105","131550"
"4257","Subject104","1","suffocationsuffocation","1","suffocation","positionleft","validityinvalid","test","1","suicide","singlestim","107","133555","447","â€šÃ³Ã¨","77","dotpositionright","singlestim","108","134054","m","right","correct","1","","1","trialend","singlestim","109","135067"
"4554","Subject104","1","foldedfolded","1","folded","positionleft","validityvalid","test","1","neutral","singlestim","111","137071","336","â€šÃ³Ã¨","67","dotpositionleft","singlestim","112","137460","c","left","correct","1","","1","trialend","singlestim","113","138472"
"4851","Subject104","1","pleasurepleasure","1","pleasure","positionleft","validityvalid","test","2","positive","singlestim","115","140476","334","â€šÃ³Ã¨","67","dotpositionleft","singlestim","116","140861","c","left","correct","1","","1","trialend","singlestim","117","141873"
"5148","Subject104","1","lovelove","1","love","positionright","validityinvalid","test","2","positive","singlestim","119","143878","361","â€šÃ³Ã¨","67","dotpositionleft","singlestim","120","144291","c","left","correct","1","","1","trialend","singlestim","121","145305"
"5445","Subject104","1","abuseabuse","1","abuse","positionright","validityvalid","test","2","negative","singlestim","123","147309","304","â€šÃ³Ã¨","77","dotpositionright","singlestim","124","147664","m","right","correct","1","","1","trialend","singlestim","125","148677"
"5742","Subject104","1","foamfoam","1","foam","positionright","validityvalid","test","2","neutral","singlestim","127","150681","327","â€šÃ³Ã¨","77","dotpositionright","singlestim","128","151061","m","right","correct","1","","1","trialend","singlestim","129","152074"
"6039","Subject104","1","tabletable","1","table","positionright","validityvalid","test","2","neutral","singlestim","131","154078","342","â€šÃ³Ã¨","77","dotpositionright","singlestim","132","154472","m","right","correct","1","","1","trialend","singlestim","133","155485"
"6336","Subject104","1","failurefailure","1","failure","positionleft","validityvalid","test","2","negative","singlestim","135","157490","314","â€šÃ³Ã¨","67","dotpositionleft","singlestim","136","157856","c","left","correct","1","","1","trialend","singlestim","137","158869"
"6633","Subject104","1","overdoseoverdose","1","overdose","positionright","validityinvalid","test","2","suicide","singlestim","139","160873","320","â€šÃ³Ã¨","67","dotpositionleft","singlestim","140","161245","c","left","correct","1","","1","trialend","singlestim","141","162258"
"6930","Subject104","1","braverybravery","1","bravery","positionleft","validityvalid","test","2","positive","singlestim","143","164262","362","â€šÃ³Ã¨","67","dotpositionleft","singlestim","144","164676","c","left","correct","1","","1","trialend","singlestim","145","165690"
"7227","Subject104","1","paperpaper","1","paper","positionleft","validityvalid","test","2","neutral","singlestim","147","167694","295","â€šÃ³Ã¨","67","dotpositionleft","singlestim","148","168041","c","left","correct","1","","1","trialend","singlestim","149","169054"
"7524","Subject104","1","corpsecorpse","1","corpse","positionleft","validityvalid","test","2","suicide","singlestim","151","171058","328","â€šÃ³Ã¨","67","dotpositionleft","singlestim","152","171438","c","left","correct","1","","1","trialend","singlestim","153","172451"
"7821","Subject104","1","horsehorse","1","horse","positionleft","validityinvalid","test","2","neutral","singlestim","155","174455","887","â€šÃ³Ã¨","77","dotpositionright","singlestim","156","175394","m","right","correct","1","","1","trialend","singlestim","157","176407"
"8118","Subject104","1","filthyfilthy","1","filthy","positionleft","validityinvalid","test","2","negative","singlestim","159","178412","404","â€šÃ³Ã¨","77","dotpositionright","singlestim","160","178868","m","right","correct","1","","1","trialend","singlestim","161","179881"
"8415","Subject104","1","cruelcruel","1","cruel","positionright","validityvalid","test","2","negative","singlestim","163","181885","299","â€šÃ³Ã¨","77","dotpositionright","singlestim","164","182237","m","right","correct","1","","1","trialend","singlestim","165","183250"
"8712","Subject104","1","deathdeath","1","death","positionright","validityvalid","test","2","suicide","singlestim","167","185254","294","â€šÃ³Ã¨","77","dotpositionright","singlestim","168","185600","m","right","correct","1","","1","trialend","singlestim","169","186614"
"9009","Subject104","1","noosenoose","1","noose","positionleft","validityvalid","test","2","suicide","singlestim","171","188618","359","â€šÃ³Ã¨","67","dotpositionleft","singlestim","172","189030","c","left","correct","1","","1","trialend","singlestim","173","190042"
"9306","Subject104","1","enthusiasmenthusiasm","1","enthusiasm","positionright","validityvalid","test","2","positive","singlestim","175","192045","296","â€šÃ³Ã¨","77","dotpositionright","singlestim","176","192394","m","right","correct","1","","1","trialend","singlestim","177","193407"
"9603","Subject104","1","passionatepassionate","1","passionate","positionleft","validityinvalid","test","4","positive","singlestim","179","195411","377","â€šÃ³Ã¨","77","dotpositionright","singlestim","180","195840","m","right","correct","1","","1","trialend","singlestim","181","196853"
"9900","Subject104","1","structurestructure","1","structure","positionright","validityvalid","test","4","neutral","singlestim","183","198857","311","â€šÃ³Ã¨","77","dotpositionright","singlestim","184","199221","m","right","correct","1","","1","trialend","singlestim","185","200234"
"10197","Subject104","1","stupidstupid","1","stupid","positionleft","validityvalid","test","4","negative","singlestim","187","202237","552","â€šÃ³Ã¨","67","dotpositionleft","singlestim","188","202841","c","left","correct","1","","1","trialend","singlestim","189","203855"
"10494","Subject104","1","laughlaugh","1","laugh","positionright","validityvalid","test","4","positive","singlestim","191","205859","341","â€šÃ³Ã¨","77","dotpositionright","singlestim","192","206251","m","right","correct","1","","1","trialend","singlestim","193","207264"
"10791","Subject104","1","ashamedashamed","1","ashamed","positionright","validityinvalid","test","4","negative","singlestim","195","209268","420","â€šÃ³Ã¨","67","dotpositionleft","singlestim","196","209740","c","left","correct","1","","1","trialend","singlestim","197","210753"
"11088","Subject104","1","deceaseddeceased","1","deceased","positionright","validityvalid","test","4","suicide","singlestim","199","212757","374","â€šÃ³Ã¨","77","dotpositionright","singlestim","200","213184","m","right","correct","1","","1","trialend","singlestim","201","214197"
"11385","Subject104","1","wohlesswohless","1","wohless","positionright","validityvalid","test","4","negative","singlestim","203","216200","288","â€šÃ³Ã¨","77","dotpositionright","singlestim","204","216541","m","right","correct","1","","1","trialend","singlestim","205","217554"
"11682","Subject104","1","engineengine","1","engine","positionleft","validityvalid","test","4","neutral","singlestim","207","219558","311","â€šÃ³Ã¨","67","dotpositionleft","singlestim","208","219922","c","left","correct","1","","1","trialend","singlestim","209","220934"
"11979","Subject104","1","hanginghanging","1","hanging","positionleft","validityvalid","test","4","suicide","singlestim","211","222940","495","â€šÃ³Ã¨","67","dotpositionleft","singlestim","212","223512","c","left","correct","1","","1","trialend","singlestim","213","224526"
"12276","Subject104","1","frameframe","1","frame","positionleft","validityinvalid","test","4","neutral","singlestim","215","226530","359","â€šÃ³Ã¨","77","dotpositionright","singlestim","216","226942","m","right","correct","1","","1","trialend","singlestim","217","227954"
"12573","Subject104","1","doubledouble","1","double","positionright","validityvalid","test","4","neutral","singlestim","219","229958","289","â€šÃ³Ã¨","77","dotpositionright","singlestim","220","230299","m","right","correct","1","","1","trialend","singlestim","221","231312"
"12870","Subject104","1","ecstaticecstatic","1","ecstatic","positionright","validityvalid","test","4","positive","singlestim","223","233317","305","â€šÃ³Ã¨","77","dotpositionright","singlestim","224","233673","m","right","correct","1","","1","trialend","singlestim","225","234687"
"13167","Subject104","1","alonealone","1","alone","positionleft","validityvalid","test","4","negative","singlestim","227","236691","369","â€šÃ³Ã¨","67","dotpositionleft","singlestim","228","237113","c","left","correct","1","","1","trialend","singlestim","229","238126"
"13464","Subject104","1","killingkilling","1","killing","positionleft","validityvalid","test","4","suicide","singlestim","231","240130","279","â€šÃ³Ã¨","67","dotpositionleft","singlestim","232","240462","c","left","correct","1","","1","trialend","singlestim","233","241474"
"13761","Subject104","1","successsuccess","1","success","positionleft","validityvalid","test","4","positive","singlestim","235","243478","366","â€šÃ³Ã¨","67","dotpositionleft","singlestim","236","243896","c","left","correct","1","","1","trialend","singlestim","237","244909"
"14058","Subject104","1","suicidesuicide","1","suicide","positionright","validityinvalid","test","4","suicide","singlestim","239","246913","407","â€šÃ³Ã¨","67","dotpositionleft","singlestim","240","247372","c","left","correct","1","","1","trialend","singlestim","241","248386"
"14355","Subject104","1","museummuseum","1","museum","positionleft","validityvalid","test","3","neutral","singlestim","243","250454","318","â€šÃ³Ã¨","67","dotpositionleft","singlestim","244","250823","c","left","correct","1","","1","trialend","singlestim","245","251835"
"14652","Subject104","1","rejectedrejected","1","rejected","positionright","validityvalid","test","3","negative","singlestim","247","253840","306","â€šÃ³Ã¨","77","dotpositionright","singlestim","248","254197","m","right","correct","1","","1","trialend","singlestim","249","255210"
"14949","Subject104","1","closetcloset","1","closet","positionright","validityinvalid","test","3","neutral","singlestim","251","257215","387","â€šÃ³Ã¨","67","dotpositionleft","singlestim","252","257653","c","left","correct","1","","1","trialend","singlestim","253","258666"
"15246","Subject104","1","strongstrong","1","strong","positionleft","validityvalid","test","3","positive","singlestim","255","260670","353","â€šÃ³Ã¨","67","dotpositionleft","singlestim","256","261075","c","left","correct","1","","1","trialend","singlestim","257","262089"
"15543","Subject104","1","metermeter","1","meter","positionleft","validityvalid","test","3","neutral","singlestim","259","264094","350","â€šÃ³Ã¨","67","dotpositionleft","singlestim","260","264496","c","left","correct","1","","1","trialend","singlestim","261","265510"
"15840","Subject104","1","cuttingcutting","1","cutting","positionright","validityvalid","test","3","suicide","singlestim","263","267514","300","â€šÃ³Ã¨","77","dotpositionright","singlestim","264","267867","m","right","correct","1","","1","trialend","singlestim","265","268880"
"16137","Subject104","339","happyhappy","77","happy","positionright","validityvalid","test","3","positive","singlestim","267","270884","372","â€šÃ³Ã¨","77","dotpositionright","singlestim","268","271308","m","right","correct","1","","1","trialend","singlestim","269","272322"
"16434","Subject104","1","bombbomb","1","bomb","positionright","validityvalid","test","3","negative","singlestim","271","274326","289","â€šÃ³Ã¨","77","dotpositionright","singlestim","272","274668","m","right","correct","1","","1","trialend","singlestim","273","275680"
"16731","Subject104","1","touretoure","1","toure","positionleft","validityvalid","test","3","negative","singlestim","275","277685","1980","â€šÃ³Ã¨","67","dotpositionleft","singlestim","276","279717","c","left","correct","1","","1","trialend","singlestim","277","280730"
"17028","Subject104","1","diedie","1","die","positionright","validityvalid","test","3","suicide","singlestim","279","282735","302","â€šÃ³Ã¨","77","dotpositionright","singlestim","280","283089","m","right","correct","1","","1","trialend","singlestim","281","284102"
"17325","Subject104","1","kisskiss","1","kiss","positionright","validityinvalid","test","3","positive","singlestim","283","286106","350","â€šÃ³Ã¨","67","dotpositionleft","singlestim","284","286508","c","left","correct","1","","1","trialend","singlestim","285","287521"
"17622","Subject104","1","greengreen","1","green","positionright","validityvalid","test","3","neutral","singlestim","287","289526","764","â€šÃ³Ã¨","67","dotpositionright","singlestim","288","290342","c","left","incorrect","1","","1","trialend","singlestim","289","291355"
"17919","Subject104","1","deaddead","1","dead","positionleft","validityinvalid","test","3","suicide","singlestim","291","293359","371","â€šÃ³Ã¨","77","dotpositionright","singlestim","292","293783","m","right","correct","1","","1","trialend","singlestim","293","294796"
"18216","Subject104","1","assaultassault","1","assault","positionleft","validityinvalid","test","3","negative","singlestim","295","296800","631","â€šÃ³Ã¨","77","dotpositionright","singlestim","296","297484","m","right","correct","1","","1","trialend","singlestim","297","298497"
"18513","Subject104","1","smilesmile","1","smile","positionleft","validityvalid","test","3","positive","singlestim","299","300502","451","â€šÃ³Ã¨","67","dotpositionleft","singlestim","300","301006","c","left","correct","1","","1","trialend","singlestim","301","302019"
"18810","Subject104","1","dyingdying","1","dying","positionleft","validityvalid","test","3","suicide","singlestim","303","304023","320","â€šÃ³Ã¨","67","dotpositionleft","singlestim","304","304396","c","left","correct","1","","1","trialend","singlestim","305","305409"
