"","SubjectID","rt","stimulus","keypress","word","wordposition","validity","block","blocknum","wordtype","trialtype","trialindex","timeelapsed","rt.1","stimulus.1","keypress.1","dotposition","trialtype.1","trialindex.1","timeelapsed.1","keypressed","participantresponse","correctresponse","rt.2","stimulus.2","keypress.2","blocktrial","trialtype.2","trialindex.2","timeelapsed.2"
"243","Subject276","hanginghanging","1","hanging","positionleft","validityvalid","test","4","suicide","singlestim","51","95087","100010","â€šÃ³Ã¨","67","dotpositionleft","singlestim","52","95610","100020","left","correct","1","","1","trialend","singlestim","53","96625","100030"
"540","Subject276","laughlaugh","1","laugh","positionright","validityvalid","test","4","positive","singlestim","55","98634","100050","â€šÃ³Ã¨","77","dotpositionright","singlestim","56","99086","100060","right","correct","1","","1","trialend","singlestim","57","100101","100070"
"837","Subject276","ashamedashamed","1","ashamed","positionright","validityinvalid","test","4","negative","singlestim","59","102106","100090","â€šÃ³Ã¨","67","dotpositionleft","singlestim","60","102990","1000100","left","correct","1","","1","trialend","singlestim","61","104007","1000110"
"1134","Subject276","successsuccess","1","success","positionleft","validityvalid","test","4","positive","singlestim","63","106010","1000130","â€šÃ³Ã¨","67","dotpositionleft","singlestim","64","106658","1000140","left","correct","1","","1","trialend","singlestim","65","107670","1000150"
"1431","Subject276","frameframe","1","frame","positionleft","validityinvalid","test","4","neutral","singlestim","67","109675","1000170","â€šÃ³Ã¨","77","dotpositionright","singlestim","68","110123","1000180","right","correct","1","","1","trialend","singlestim","69","111138","1000190"
"1728","Subject276","suicidesuicide","1","suicide","positionright","validityinvalid","test","4","suicide","singlestim","71","113143","1000210","â€šÃ³Ã¨","67","dotpositionleft","singlestim","72","113802","1000220","left","correct","1","","1","trialend","singlestim","73","114814","1000230"
"2025","Subject276","wohlesswohless","1","wohless","positionright","validityvalid","test","4","negative","singlestim","75","116822","1000250","â€šÃ³Ã¨","77","dotpositionright","singlestim","76","117255","1000260","right","correct","1","","1","trialend","singlestim","77","118268","1000270"
"2322","Subject276","structurestructure","1","structure","positionright","validityvalid","test","4","neutral","singlestim","79","120275","1000290","â€šÃ³Ã¨","77","dotpositionright","singlestim","80","120709","1000300","right","correct","1","","1","trialend","singlestim","81","121726","1000310"
"2619","Subject276","killingkilling","1","killing","positionleft","validityvalid","test","4","suicide","singlestim","83","123734","1000330","â€šÃ³Ã¨","67","dotpositionleft","singlestim","84","124151","1000340","left","correct","1","","1","trialend","singlestim","85","125167","1000350"
"2916","Subject276","stupidstupid","1","stupid","positionleft","validityvalid","test","4","negative","singlestim","87","127172","1000370","â€šÃ³Ã¨","67","dotpositionleft","singlestim","88","127504","1000380","left","correct","1","","1","trialend","singlestim","89","128518","1000390"
"3213","Subject276","passionatepassionate","1","passionate","positionleft","validityinvalid","test","4","positive","singlestim","91","130524","1000410","â€šÃ³Ã¨","77","dotpositionright","singlestim","92","130958","1000420","right","correct","1","","1","trialend","singlestim","93","131971","1000430"
"3510","Subject276","doubledouble","1","double","positionright","validityvalid","test","4","neutral","singlestim","95","133979","1000450","â€šÃ³Ã¨","77","dotpositionright","singlestim","96","134378","1000460","right","correct","1","","1","trialend","singlestim","97","135391","1000470"
"3807","Subject276","engineengine","1","engine","positionleft","validityvalid","test","4","neutral","singlestim","99","137399","1000490","â€šÃ³Ã¨","67","dotpositionleft","singlestim","100","137798","1000500","left","correct","1","","1","trialend","singlestim","101","138816","1000510"
"4104","Subject276","deceaseddeceased","1","deceased","positionright","validityvalid","test","4","suicide","singlestim","103","140822","1000530","â€šÃ³Ã¨","77","dotpositionright","singlestim","104","141387","1000540","right","correct","1","","1","trialend","singlestim","105","142403","1000550"
"4401","Subject276","alonealone","1","alone","positionleft","validityvalid","test","4","negative","singlestim","107","144408","1000570","â€šÃ³Ã¨","67","dotpositionleft","singlestim","108","144942","1000580","left","correct","1","","1","trialend","singlestim","109","145959","1000590"
"4698","Subject276","ecstaticecstatic","1","ecstatic","positionright","validityvalid","test","4","positive","singlestim","111","147965","1000610","â€šÃ³Ã¨","77","dotpositionright","singlestim","112","148452","1000620","right","correct","1","","1","trialend","singlestim","113","149470","1000630"
"4995","Subject276","suffocationsuffocation","1","suffocation","positionleft","validityinvalid","test","1","suicide","singlestim","115","151477","101010","â€šÃ³Ã¨","77","dotpositionright","singlestim","116","152108","101020","right","correct","1","","1","trialend","singlestim","117","153120","101030"
"5292","Subject276","cryingcrying","1","crying","positionright","validityvalid","test","1","negative","singlestim","119","155127","101050","â€šÃ³Ã¨","77","dotpositionright","singlestim","120","155652","101060","right","correct","1","","1","trialend","singlestim","121","156667","101070"
"5589","Subject276","vomitvomit","1","vomit","positionleft","validityvalid","test","1","negative","singlestim","123","158672","101090","â€šÃ³Ã¨","67","dotpositionleft","singlestim","124","159106","1010100","left","correct","1","","1","trialend","singlestim","125","160119","1010110"
"5886","Subject276","healthyhealthy","1","healthy","positionleft","validityinvalid","test","1","positive","singlestim","127","162128","1010130","â€šÃ³Ã¨","77","dotpositionright","singlestim","128","162582","1010140","right","correct","1","","1","trialend","singlestim","129","163598","1010150"
"6183","Subject276","gunshotgunshot","1","gunshot","positionright","validityvalid","test","1","suicide","singlestim","131","165605","1010170","â€šÃ³Ã¨","77","dotpositionright","singlestim","132","165979","1010180","right","correct","1","","1","trialend","singlestim","133","166993","1010190"
"6480","Subject276","hatehate","1","hate","positionright","validityinvalid","test","1","negative","singlestim","135","169002","1010210","â€šÃ³Ã¨","67","dotpositionleft","singlestim","136","169501","1010220","left","correct","1","","1","trialend","singlestim","137","170519","1010230"
"6777","Subject276","imageimage","1","image","positionleft","validityvalid","test","1","neutral","singlestim","139","172523","1010250","â€šÃ³Ã¨","67","dotpositionleft","singlestim","140","173000","1010260","left","correct","1","","1","trialend","singlestim","141","174014","1010270"
"7074","Subject276","bloodblood","1","blood","positionleft","validityvalid","test","1","suicide","singlestim","143","176017","1010290","â€šÃ³Ã¨","67","dotpositionleft","singlestim","144","176611","1010300","left","correct","1","","1","trialend","singlestim","145","177627","1010310"
"7371","Subject276","funeralfuneral","1","funeral","positionright","validityvalid","test","1","suicide","singlestim","147","179634","1010330","â€šÃ³Ã¨","77","dotpositionright","singlestim","148","180019","1010340","right","correct","1","","1","trialend","singlestim","149","181032","1010350"
"7668","Subject276","statuestatue","1","statue","positionright","validityinvalid","test","1","neutral","singlestim","151","183038","1010370","â€šÃ³Ã¨","67","dotpositionleft","singlestim","152","183529","1010380","left","correct","1","","1","trialend","singlestim","153","184547","1010390"
"7965","Subject276","paradiseparadise","1","paradise","positionleft","validityvalid","test","1","positive","singlestim","155","186552","1010410","â€šÃ³Ã¨","67","dotpositionleft","singlestim","156","186939","1010420","left","correct","1","","1","trialend","singlestim","157","187949","1010430"
"8262","Subject276","greatgreat","1","great","positionright","validityvalid","test","1","positive","singlestim","159","189952","1010450","â€šÃ³Ã¨","77","dotpositionright","singlestim","160","190471","1010460","right","correct","1","","1","trialend","singlestim","161","191485","1010470"
"8559","Subject276","patheticpathetic","1","pathetic","positionleft","validityvalid","test","1","negative","singlestim","163","193493","1010490","â€šÃ³Ã¨","67","dotpositionleft","singlestim","164","194173","1010500","left","correct","1","","1","trialend","singlestim","165","195187","1010510"
"8856","Subject276","attractionattraction","1","attraction","positionright","validityvalid","test","1","positive","singlestim","167","197192","1010530","â€šÃ³Ã¨","77","dotpositionright","singlestim","168","197638","1010540","right","correct","1","","1","trialend","singlestim","169","198653","1010550"
"9153","Subject276","cheesecheese","1","cheese","positionright","validityvalid","test","1","neutral","singlestim","171","200661","1010570","â€šÃ³Ã¨","77","dotpositionright","singlestim","172","201159","1010580","right","correct","1","","1","trialend","singlestim","173","202172","1010590"
"9450","Subject276","foldedfolded","1","folded","positionleft","validityvalid","test","1","neutral","singlestim","175","204180","1010610","â€šÃ³Ã¨","67","dotpositionleft","singlestim","176","204523","1010620","left","correct","1","","1","trialend","singlestim","177","205538","1010630"
"9747","Subject276","metermeter","1","meter","positionleft","validityvalid","test","3","neutral","singlestim","179","207544","102010","â€šÃ³Ã¨","67","dotpositionleft","singlestim","180","207931","102020","left","correct","1","","1","trialend","singlestim","181","208949","102030"
"10044","Subject276","bombbomb","1","bomb","positionright","validityvalid","test","3","negative","singlestim","183","210953","102050","â€šÃ³Ã¨","77","dotpositionright","singlestim","184","211340","102060","right","correct","1","","1","trialend","singlestim","185","212353","102070"
"10341","Subject276","smilesmile","1","smile","positionleft","validityvalid","test","3","positive","singlestim","187","214356","102090","â€šÃ³Ã¨","67","dotpositionleft","singlestim","188","214963","1020100","left","correct","1","","1","trialend","singlestim","189","215975","1020110"
"10638","Subject276","dyingdying","1","dying","positionleft","validityvalid","test","3","suicide","singlestim","191","217984","1020130","â€šÃ³Ã¨","67","dotpositionleft","singlestim","192","218338","1020140","left","correct","1","","1","trialend","singlestim","193","219353","1020150"
"10935","Subject276","rejectedrejected","1","rejected","positionright","validityvalid","test","3","negative","singlestim","195","221357","1020170","â€šÃ³Ã¨","77","dotpositionright","singlestim","196","221713","1020180","right","correct","1","","1","trialend","singlestim","197","222729","1020190"
"11232","Subject276","assaultassault","1","assault","positionleft","validityinvalid","test","3","negative","singlestim","199","224736","1020210","â€šÃ³Ã¨","77","dotpositionright","singlestim","200","225200","1020220","right","correct","1","","1","trialend","singlestim","201","226215","1020230"
"11529","Subject276","deaddead","1","dead","positionleft","validityinvalid","test","3","suicide","singlestim","203","228224","1020250","â€šÃ³Ã¨","77","dotpositionright","singlestim","204","228688","1020260","right","correct","1","","1","trialend","singlestim","205","229705","1020270"
"11826","Subject276","greengreen","1","green","positionright","validityvalid","test","3","neutral","singlestim","207","231711","1020290","â€šÃ³Ã¨","77","dotpositionright","singlestim","208","232107","1020300","right","correct","1","","1","trialend","singlestim","209","233123","1020310"
"12123","Subject276","strongstrong","1","strong","positionleft","validityvalid","test","3","positive","singlestim","211","235132","1020330","â€šÃ³Ã¨","67","dotpositionleft","singlestim","212","235472","1020340","left","correct","1","","1","trialend","singlestim","213","236489","1020350"
"12420","Subject276","cuttingcutting","1","cutting","positionright","validityvalid","test","3","suicide","singlestim","215","238495","1020370","â€šÃ³Ã¨","77","dotpositionright","singlestim","216","238903","1020380","right","correct","1","","1","trialend","singlestim","217","239919","1020390"
"12717","Subject276","closetcloset","1","closet","positionright","validityinvalid","test","3","neutral","singlestim","219","241926","1020410","â€šÃ³Ã¨","67","dotpositionleft","singlestim","220","242402","1020420","left","correct","1","","1","trialend","singlestim","221","243418","1020430"
"13014","Subject276","touretoure","1","toure","positionleft","validityvalid","test","3","negative","singlestim","223","245422","1020450","â€šÃ³Ã¨","67","dotpositionleft","singlestim","224","245765","1020460","left","correct","1","","1","trialend","singlestim","225","246779","1020470"
"13311","Subject276","kisskiss","1","kiss","positionright","validityinvalid","test","3","positive","singlestim","227","248784","1020490","â€šÃ³Ã¨","67","dotpositionleft","singlestim","228","249208","1020500","left","correct","1","","1","trialend","singlestim","229","250225","1020510"
"13608","Subject276","museummuseum","1","museum","positionleft","validityvalid","test","3","neutral","singlestim","231","252229","1020530","â€šÃ³Ã¨","67","dotpositionleft","singlestim","232","252617","1020540","left","correct","1","","1","trialend","singlestim","233","253630","1020550"
"13905","Subject276","diedie","1","die","positionright","validityvalid","test","3","suicide","singlestim","235","255641","1020570","â€šÃ³Ã¨","77","dotpositionright","singlestim","236","256093","1020580","right","correct","1","","1","trialend","singlestim","237","257105","1020590"
"14202","Subject276","happyhappy","1","happy","positionright","validityvalid","test","3","positive","singlestim","239","259113","1020610","â€šÃ³Ã¨","77","dotpositionright","singlestim","240","259502","1020620","right","correct","1","","1","trialend","singlestim","241","260516","1020630"
"14499","Subject276","filthyfilthy","1","filthy","positionleft","validityinvalid","test","2","negative","singlestim","243","262519","103010","â€šÃ³Ã¨","77","dotpositionright","singlestim","244","262911","103020","right","correct","1","","1","trialend","singlestim","245","263924","103030"
"14796","Subject276","pleasurepleasure","1","pleasure","positionleft","validityvalid","test","2","positive","singlestim","247","265932","103050","â€šÃ³Ã¨","67","dotpositionleft","singlestim","248","266376","103060","left","correct","1","","1","trialend","singlestim","249","267389","103070"
"15093","Subject276","deathdeath","1","death","positionright","validityvalid","test","2","suicide","singlestim","251","269396","103090","â€šÃ³Ã¨","77","dotpositionright","singlestim","252","269785","1030100","right","correct","1","","1","trialend","singlestim","253","270801","1030110"
"15390","Subject276","lovelove","1","love","positionright","validityinvalid","test","2","positive","singlestim","255","272807","1030130","â€šÃ³Ã¨","67","dotpositionleft","singlestim","256","273272","1030140","left","correct","1","","1","trialend","singlestim","257","274285","1030150"
"15687","Subject276","braverybravery","1","bravery","positionleft","validityvalid","test","2","positive","singlestim","259","276289","1030170","â€šÃ³Ã¨","67","dotpositionleft","singlestim","260","276726","1030180","left","correct","1","","1","trialend","singlestim","261","277740","1030190"
"15984","Subject276","corpsecorpse","1","corpse","positionleft","validityvalid","test","2","suicide","singlestim","263","279745","1030210","â€šÃ³Ã¨","67","dotpositionleft","singlestim","264","280180","1030220","left","correct","1","","1","trialend","singlestim","265","281193","1030230"
"16281","Subject276","failurefailure","1","failure","positionleft","validityvalid","test","2","negative","singlestim","267","283200","1030250","â€šÃ³Ã¨","67","dotpositionleft","singlestim","268","283634","1030260","left","correct","1","","1","trialend","singlestim","269","284645","1030270"
"16578","Subject276","noosenoose","1","noose","positionleft","validityvalid","test","2","suicide","singlestim","271","286648","1030290","â€šÃ³Ã¨","67","dotpositionleft","singlestim","272","287008","1030300","left","correct","1","","1","trialend","singlestim","273","288026","1030310"
"16875","Subject276","foamfoam","1","foam","positionright","validityvalid","test","2","neutral","singlestim","275","290035","1030330","â€šÃ³Ã¨","77","dotpositionright","singlestim","276","290395","1030340","right","correct","1","","1","trialend","singlestim","277","291411","1030350"
"17172","Subject276","cruelcruel","1","cruel","positionright","validityvalid","test","2","negative","singlestim","279","293416","1030370","â€šÃ³Ã¨","77","dotpositionright","singlestim","280","293859","1030380","right","correct","1","","1","trialend","singlestim","281","294876","1030390"
"17469","Subject276","abuseabuse","1","abuse","positionright","validityvalid","test","2","negative","singlestim","283","296879","1030410","â€šÃ³Ã¨","77","dotpositionright","singlestim","284","297246","1030420","right","correct","1","","1","trialend","singlestim","285","298260","1030430"
"17766","Subject276","overdoseoverdose","1","overdose","positionright","validityinvalid","test","2","suicide","singlestim","287","300270","1030450","â€šÃ³Ã¨","67","dotpositionleft","singlestim","288","300700","1030460","left","correct","1","","1","trialend","singlestim","289","301715","1030470"
"18063","Subject276","enthusiasmenthusiasm","1","enthusiasm","positionright","validityvalid","test","2","positive","singlestim","291","303717","1030490","â€šÃ³Ã¨","77","dotpositionright","singlestim","292","304086","1030500","right","correct","1","","1","trialend","singlestim","293","305103","1030510"
"18360","Subject276","paperpaper","1","paper","positionleft","validityvalid","test","2","neutral","singlestim","295","307109","1030530","â€šÃ³Ã¨","67","dotpositionleft","singlestim","296","307574","1030540","left","correct","1","","1","trialend","singlestim","297","308587","1030550"
"18657","Subject276","horsehorse","1","horse","positionleft","validityinvalid","test","2","neutral","singlestim","299","310593","1030570","â€šÃ³Ã¨","77","dotpositionright","singlestim","300","311129","1030580","right","correct","1","","1","trialend","singlestim","301","312143","1030590"
"18954","Subject276","tabletable","1","table","positionright","validityvalid","test","2","neutral","singlestim","303","314149","1030610","â€šÃ³Ã¨","77","dotpositionright","singlestim","304","314729","1030620","right","correct","1","","1","trialend","singlestim","305","315742","1030630"
