"","SubjectID","rt","stimulus","keypress","word","wordposition","validity","block","blocknum","wordtype","trialtype","trialindex","timeelapsed","rt.1","stimulus.1","keypress.1","dotposition","trialtype.1","trialindex.1","timeelapsed.1","keypressed","participantresponse","correctresponse","rt.2","stimulus.2","keypress.2","blocktrial","trialtype.2","trialindex.2","timeelapsed.2"
"249","Subject283","1","happyhappy","1","happy","positionright","validityvalid","test","3","positive","singlestim","51","80855","329","â€šÃ³Ã¨","77","dotpositionright","singlestim","52","81236","m","right","correct","1","","1","trialend","singlestim","53","82248"
"546","Subject283","1","cuttingcutting","1","cutting","positionright","validityvalid","test","3","suicide","singlestim","55","84253","372","â€šÃ³Ã¨","77","dotpositionright","singlestim","56","84678","m","right","correct","1","","1","trialend","singlestim","57","85691"
"843","Subject283","1","strongstrong","1","strong","positionleft","validityvalid","test","3","positive","singlestim","59","87698","367","â€šÃ³Ã¨","67","dotpositionleft","singlestim","60","88118","c","left","correct","1","","1","trialend","singlestim","61","89132"
"1140","Subject283","1","closetcloset","1","closet","positionright","validityinvalid","test","3","neutral","singlestim","63","91137","397","â€šÃ³Ã¨","67","dotpositionleft","singlestim","64","91587","c","left","correct","1","","1","trialend","singlestim","65","92600"
"1437","Subject283","1","greengreen","1","green","positionright","validityvalid","test","3","neutral","singlestim","67","94604","355","â€šÃ³Ã¨","77","dotpositionright","singlestim","68","95011","m","right","correct","1","","1","trialend","singlestim","69","96026"
"1734","Subject283","1","assaultassault","1","assault","positionleft","validityinvalid","test","3","negative","singlestim","71","98031","338","â€šÃ³Ã¨","77","dotpositionright","singlestim","72","98421","m","right","correct","1","","1","trialend","singlestim","73","99434"
"2031","Subject283","1","museummuseum","1","museum","positionleft","validityvalid","test","3","neutral","singlestim","75","101443","433","â€šÃ³Ã¨","67","dotpositionleft","singlestim","76","101928","c","left","correct","1","","1","trialend","singlestim","77","102942"
"2328","Subject283","1","smilesmile","1","smile","positionleft","validityvalid","test","3","positive","singlestim","79","104948","370","â€šÃ³Ã¨","67","dotpositionleft","singlestim","80","105369","c","left","correct","1","","1","trialend","singlestim","81","106383"
"2625","Subject283","1","diedie","1","die","positionright","validityvalid","test","3","suicide","singlestim","83","108389","374","â€šÃ³Ã¨","77","dotpositionright","singlestim","84","108813","m","right","correct","1","","1","trialend","singlestim","85","109828"
"2922","Subject283","1","touretoure","1","toure","positionleft","validityvalid","test","3","negative","singlestim","87","111836","576","â€šÃ³Ã¨","67","dotpositionleft","singlestim","88","112464","c","left","correct","1","","1","trialend","singlestim","89","113478"
"3219","Subject283","1","kisskiss","1","kiss","positionright","validityinvalid","test","3","positive","singlestim","91","115483","361","â€šÃ³Ã¨","67","dotpositionleft","singlestim","92","115895","c","left","correct","1","","1","trialend","singlestim","93","116910"
"3516","Subject283","1","deaddead","1","dead","positionleft","validityinvalid","test","3","suicide","singlestim","95","118918","390","â€šÃ³Ã¨","77","dotpositionright","singlestim","96","119360","m","right","correct","1","","1","trialend","singlestim","97","120373"
"3813","Subject283","1","rejectedrejected","1","rejected","positionright","validityvalid","test","3","negative","singlestim","99","122379","545","â€šÃ³Ã¨","77","dotpositionright","singlestim","100","122977","m","right","correct","1","","1","trialend","singlestim","101","123991"
"4110","Subject283","1","metermeter","1","meter","positionleft","validityvalid","test","3","neutral","singlestim","103","125996","464","â€šÃ³Ã¨","67","dotpositionleft","singlestim","104","126513","c","left","correct","1","","1","trialend","singlestim","105","127526"
"4407","Subject283","1","dyingdying","1","dying","positionleft","validityvalid","test","3","suicide","singlestim","107","129532","420","â€šÃ³Ã¨","67","dotpositionleft","singlestim","108","130004","c","left","correct","1","","1","trialend","singlestim","109","131017"
"4704","Subject283","1","bombbomb","1","bomb","positionright","validityvalid","test","3","negative","singlestim","111","133023","331","â€šÃ³Ã¨","77","dotpositionright","singlestim","112","133408","m","right","correct","1","","1","trialend","singlestim","113","134422"
"5001","Subject283","1","lovelove","1","love","positionright","validityinvalid","test","2","positive","singlestim","115","136427","588","â€šÃ³Ã¨","67","dotpositionleft","singlestim","116","137070","c","left","correct","1","","1","trialend","singlestim","117","138085"
"5298","Subject283","1","braverybravery","1","bravery","positionleft","validityvalid","test","2","positive","singlestim","119","140091","593","â€šÃ³Ã¨","67","dotpositionleft","singlestim","120","140735","c","left","correct","1","","1","trialend","singlestim","121","141749"
"5595","Subject283","1","corpsecorpse","1","corpse","positionleft","validityvalid","test","2","suicide","singlestim","123","143755","338","â€šÃ³Ã¨","67","dotpositionleft","singlestim","124","144145","c","left","correct","1","","1","trialend","singlestim","125","145158"
"5892","Subject283","1","filthyfilthy","1","filthy","positionleft","validityinvalid","test","2","negative","singlestim","127","147165","405","â€šÃ³Ã¨","77","dotpositionright","singlestim","128","147623","m","right","correct","1","","1","trialend","singlestim","129","148637"
"6189","Subject283","1","abuseabuse","1","abuse","positionright","validityvalid","test","2","negative","singlestim","131","150642","333","â€šÃ³Ã¨","77","dotpositionright","singlestim","132","151026","m","right","correct","1","","1","trialend","singlestim","133","152037"
"6486","Subject283","1","horsehorse","1","horse","positionleft","validityinvalid","test","2","neutral","singlestim","135","154044","444","â€šÃ³Ã¨","77","dotpositionright","singlestim","136","154540","m","right","correct","1","","1","trialend","singlestim","137","155555"
"6783","Subject283","1","paperpaper","1","paper","positionleft","validityvalid","test","2","neutral","singlestim","139","157561","410","â€šÃ³Ã¨","67","dotpositionleft","singlestim","140","158024","c","left","correct","1","","1","trialend","singlestim","141","159037"
"7080","Subject283","1","deathdeath","1","death","positionright","validityvalid","test","2","suicide","singlestim","143","161043","367","â€šÃ³Ã¨","77","dotpositionright","singlestim","144","161462","m","right","correct","1","","1","trialend","singlestim","145","162475"
"7377","Subject283","1","overdoseoverdose","1","overdose","positionright","validityinvalid","test","2","suicide","singlestim","147","164481","384","â€šÃ³Ã¨","67","dotpositionleft","singlestim","148","164918","c","left","correct","1","","1","trialend","singlestim","149","165931"
"7674","Subject283","1","noosenoose","1","noose","positionleft","validityvalid","test","2","suicide","singlestim","151","167938","375","â€šÃ³Ã¨","67","dotpositionleft","singlestim","152","168366","c","left","correct","1","","1","trialend","singlestim","153","169380"
"7971","Subject283","1","failurefailure","1","failure","positionleft","validityvalid","test","2","negative","singlestim","155","171386","466","â€šÃ³Ã¨","67","dotpositionleft","singlestim","156","171904","c","left","correct","1","","1","trialend","singlestim","157","172916"
"8268","Subject283","1","cruelcruel","1","cruel","positionright","validityvalid","test","2","negative","singlestim","159","174921","269","â€šÃ³Ã¨","77","dotpositionright","singlestim","160","175241","m","right","correct","1","","1","trialend","singlestim","161","176256"
"8565","Subject283","1","foamfoam","1","foam","positionright","validityvalid","test","2","neutral","singlestim","163","178261","319","â€šÃ³Ã¨","77","dotpositionright","singlestim","164","178631","m","right","correct","1","","1","trialend","singlestim","165","179645"
"8862","Subject283","1","enthusiasmenthusiasm","1","enthusiasm","positionright","validityvalid","test","2","positive","singlestim","167","181650","312","â€šÃ³Ã¨","77","dotpositionright","singlestim","168","182014","m","right","correct","1","","1","trialend","singlestim","169","183029"
"9159","Subject283","1","pleasurepleasure","1","pleasure","positionleft","validityvalid","test","2","positive","singlestim","171","185036","391","â€šÃ³Ã¨","67","dotpositionleft","singlestim","172","185479","c","left","correct","1","","1","trialend","singlestim","173","186492"
"9456","Subject283","1","tabletable","1","table","positionright","validityvalid","test","2","neutral","singlestim","175","188498","317","â€šÃ³Ã¨","77","dotpositionright","singlestim","176","188870","m","right","correct","1","","1","trialend","singlestim","177","189883"
"9753","Subject283","1","statuestatue","1","statue","positionright","validityinvalid","test","1","neutral","singlestim","179","191890","517","â€šÃ³Ã¨","67","dotpositionleft","singlestim","180","192460","c","left","correct","43","","32","trialend","singlestim","181","193474"
"10050","Subject283","1","funeralfuneral","1","funeral","positionright","validityvalid","test","1","suicide","singlestim","183","195479","306","â€šÃ³Ã¨","77","dotpositionright","singlestim","184","195838","m","right","correct","1","","1","trialend","singlestim","185","196851"
"10347","Subject283","1","imageimage","1","image","positionleft","validityvalid","test","1","neutral","singlestim","187","198856","455","â€šÃ³Ã¨","67","dotpositionleft","singlestim","188","199363","c","left","correct","1","","1","trialend","singlestim","189","200378"
"10644","Subject283","1","patheticpathetic","1","pathetic","positionleft","validityvalid","test","1","negative","singlestim","191","202383","334","â€šÃ³Ã¨","67","dotpositionleft","singlestim","192","202771","c","left","correct","1","","1","trialend","singlestim","193","203784"
"10941","Subject283","1","foldedfolded","1","folded","positionleft","validityvalid","test","1","neutral","singlestim","195","205789","340","â€šÃ³Ã¨","67","dotpositionleft","singlestim","196","206182","c","left","correct","1","","1","trialend","singlestim","197","207194"
"11238","Subject283","1","greatgreat","1","great","positionright","validityvalid","test","1","positive","singlestim","199","209199","324","â€šÃ³Ã¨","77","dotpositionright","singlestim","200","209576","m","right","correct","1","","1","trialend","singlestim","201","210590"
"11535","Subject283","1","suffocationsuffocation","1","suffocation","positionleft","validityinvalid","test","1","suicide","singlestim","203","212594","451","â€šÃ³Ã¨","77","dotpositionright","singlestim","204","213097","m","right","correct","1","","1","trialend","singlestim","205","214111"
"11832","Subject283","1","cryingcrying","1","crying","positionright","validityvalid","test","1","negative","singlestim","207","216116","375","â€šÃ³Ã¨","77","dotpositionright","singlestim","208","216544","m","right","correct","1","","1","trialend","singlestim","209","217558"
"12129","Subject283","1","healthyhealthy","1","healthy","positionleft","validityinvalid","test","1","positive","singlestim","211","219563","402","â€šÃ³Ã¨","77","dotpositionright","singlestim","212","220018","m","right","correct","1","","1","trialend","singlestim","213","221034"
"12426","Subject283","1","cheesecheese","1","cheese","positionright","validityvalid","test","1","neutral","singlestim","215","223039","391","â€šÃ³Ã¨","77","dotpositionright","singlestim","216","223482","m","right","correct","1","","1","trialend","singlestim","217","224495"
"12723","Subject283","1","paradiseparadise","1","paradise","positionleft","validityvalid","test","1","positive","singlestim","219","226501","386","â€šÃ³Ã¨","67","dotpositionleft","singlestim","220","226938","c","left","correct","1","","1","trialend","singlestim","221","227954"
"13020","Subject283","1","bloodblood","1","blood","positionleft","validityvalid","test","1","suicide","singlestim","223","229960","396","â€šÃ³Ã¨","67","dotpositionleft","singlestim","224","230408","c","left","correct","1","","1","trialend","singlestim","225","231422"
"13317","Subject283","1","gunshotgunshot","1","gunshot","positionright","validityvalid","test","1","suicide","singlestim","227","233426","267","â€šÃ³Ã¨","77","dotpositionright","singlestim","228","233748","m","right","correct","1","","1","trialend","singlestim","229","234760"
"13614","Subject283","1","vomitvomit","1","vomit","positionleft","validityvalid","test","1","negative","singlestim","231","236766","298","â€šÃ³Ã¨","67","dotpositionleft","singlestim","232","237116","c","left","correct","1","","1","trialend","singlestim","233","238130"
"13911","Subject283","1","attractionattraction","1","attraction","positionright","validityvalid","test","1","positive","singlestim","235","240135","304","â€šÃ³Ã¨","77","dotpositionright","singlestim","236","240491","m","right","correct","1","","1","trialend","singlestim","237","241504"
"14208","Subject283","1","hatehate","1","hate","positionright","validityinvalid","test","1","negative","singlestim","239","243509","324","â€šÃ³Ã¨","67","dotpositionleft","singlestim","240","243887","c","left","correct","1","","1","trialend","singlestim","241","244900"
"14505","Subject283","1","doubledouble","1","double","positionright","validityvalid","test","4","neutral","singlestim","243","246905","370","â€šÃ³Ã¨","77","dotpositionright","singlestim","244","247327","m","right","correct","1","","1","trialend","singlestim","245","248340"
"14802","Subject283","1","alonealone","1","alone","positionleft","validityvalid","test","4","negative","singlestim","247","250346","364","â€šÃ³Ã¨","67","dotpositionleft","singlestim","248","250762","c","left","correct","1","","1","trialend","singlestim","249","251776"
"15099","Subject283","1","suicidesuicide","1","suicide","positionright","validityinvalid","test","4","suicide","singlestim","251","253782","319","â€šÃ³Ã¨","67","dotpositionleft","singlestim","252","254152","c","left","correct","1","","1","trialend","singlestim","253","255166"
"15396","Subject283","1","laughlaugh","1","laugh","positionright","validityvalid","test","4","positive","singlestim","255","257173","411","â€šÃ³Ã¨","77","dotpositionright","singlestim","256","257636","m","right","correct","1","","1","trialend","singlestim","257","258650"
"15693","Subject283","1","deceaseddeceased","1","deceased","positionright","validityvalid","test","4","suicide","singlestim","259","260657","351","â€šÃ³Ã¨","77","dotpositionright","singlestim","260","261061","m","right","correct","1","","1","trialend","singlestim","261","262076"
"15990","Subject283","1","successsuccess","1","success","positionleft","validityvalid","test","4","positive","singlestim","263","264081","334","â€šÃ³Ã¨","67","dotpositionleft","singlestim","264","264468","c","left","correct","1","","1","trialend","singlestim","265","265482"
"16287","Subject283","1","stupidstupid","1","stupid","positionleft","validityvalid","test","4","negative","singlestim","267","267487","336","â€šÃ³Ã¨","67","dotpositionleft","singlestim","268","267875","c","left","correct","1","","1","trialend","singlestim","269","268888"
"16584","Subject283","1","frameframe","1","frame","positionleft","validityinvalid","test","4","neutral","singlestim","271","270895","445","â€šÃ³Ã¨","77","dotpositionright","singlestim","272","271393","m","right","correct","1","","1","trialend","singlestim","273","272406"
"16881","Subject283","366","hanginghanging","67","hanging","positionleft","validityvalid","test","4","suicide","singlestim","275","274411","269","â€šÃ³Ã¨","67","dotpositionleft","singlestim","276","274733","c","left","correct","1","","1","trialend","singlestim","277","275747"
"17178","Subject283","1","ashamedashamed","1","ashamed","positionright","validityinvalid","test","4","negative","singlestim","279","277753","420","â€šÃ³Ã¨","67","dotpositionleft","singlestim","280","278226","c","left","correct","1","","1","trialend","singlestim","281","279240"
"17475","Subject283","1","passionatepassionate","1","passionate","positionleft","validityinvalid","test","4","positive","singlestim","283","281245","609","â€šÃ³Ã¨","77","dotpositionright","singlestim","284","281906","m","right","correct","1","","1","trialend","singlestim","285","282919"
"17772","Subject283","1","killingkilling","1","killing","positionleft","validityvalid","test","4","suicide","singlestim","287","284926","342","â€šÃ³Ã¨","67","dotpositionleft","singlestim","288","285320","c","left","correct","1","","1","trialend","singlestim","289","286333"
"18069","Subject283","1","engineengine","1","engine","positionleft","validityvalid","test","4","neutral","singlestim","291","288338","425","â€šÃ³Ã¨","67","dotpositionleft","singlestim","292","288817","c","left","correct","1","","1","trialend","singlestim","293","289830"
"18366","Subject283","1","structurestructure","1","structure","positionright","validityvalid","test","4","neutral","singlestim","295","291836","370","â€šÃ³Ã¨","77","dotpositionright","singlestim","296","292258","m","right","correct","1","","1","trialend","singlestim","297","293270"
"18663","Subject283","1","ecstaticecstatic","1","ecstatic","positionright","validityvalid","test","4","positive","singlestim","299","295275","329","â€šÃ³Ã¨","77","dotpositionright","singlestim","300","295657","m","right","correct","1","","1","trialend","singlestim","301","296672"
"18960","Subject283","1","wohlesswohless","1","wohless","positionright","validityvalid","test","4","negative","singlestim","303","298676","673","â€šÃ³Ã¨","77","dotpositionright","singlestim","304","299402","m","right","correct","1","","1","trialend","singlestim","305","300415"
