"","SubjectID","rt","stimulus","keypress","word","wordposition","validity","block","blocknum","wordtype","trialtype","trialindex","timeelapsed","rt.1","stimulus.1","keypress.1","dotposition","trialtype.1","trialindex.1","timeelapsed.1","keypressed","participantresponse","correctresponse","rt.2","stimulus.2","keypress.2","blocktrial","trialtype.2","trialindex.2","timeelapsed.2"
"146","Subject153","1","deathdeath","1","death","positionright","validityvalid","test","2","suicide","singlestim","51","59829","310","â€šÃ³Ã¨","77","dotpositionright","singlestim","52","60190","m","right","correct","1","","1","trialend","singlestim","53","61203"
"443","Subject153","1","lovelove","1","love","positionright","validityinvalid","test","2","positive","singlestim","55","63206","342","â€šÃ³Ã¨","67","dotpositionleft","singlestim","56","63600","c","left","correct","1","","1","trialend","singlestim","57","64614"
"740","Subject153","1","failurefailure","1","failure","positionleft","validityvalid","test","2","negative","singlestim","59","66618","247","â€šÃ³Ã¨","67","dotpositionleft","singlestim","60","66916","c","left","correct","1","","1","trialend","singlestim","61","67928"
"1037","Subject153","1","braverybravery","1","bravery","positionleft","validityvalid","test","2","positive","singlestim","63","69932","299","â€šÃ³Ã¨","67","dotpositionleft","singlestim","64","70283","c","left","correct","1","","1","trialend","singlestim","65","71296"
"1334","Subject153","1","noosenoose","1","noose","positionleft","validityvalid","test","2","suicide","singlestim","67","73300","325","â€šÃ³Ã¨","67","dotpositionleft","singlestim","68","73677","c","left","correct","1","","1","trialend","singlestim","69","74689"
"1631","Subject153","1","corpsecorpse","1","corpse","positionleft","validityvalid","test","2","suicide","singlestim","71","76695","351","â€šÃ³Ã¨","67","dotpositionleft","singlestim","72","77096","c","left","correct","1","","1","trialend","singlestim","73","78108"
"1928","Subject153","1","pleasurepleasure","1","pleasure","positionleft","validityvalid","test","2","positive","singlestim","75","80111","289","â€šÃ³Ã¨","67","dotpositionleft","singlestim","76","80452","c","left","correct","1","","1","trialend","singlestim","77","81464"
"2225","Subject153","1","tabletable","1","table","positionright","validityvalid","test","2","neutral","singlestim","79","83469","307","â€šÃ³Ã¨","77","dotpositionright","singlestim","80","83828","m","right","correct","1","","1","trialend","singlestim","81","84841"
"2522","Subject153","1","enthusiasmenthusiasm","1","enthusiasm","positionright","validityvalid","test","2","positive","singlestim","83","86843","277","â€šÃ³Ã¨","77","dotpositionright","singlestim","84","87172","m","right","correct","1","","1","trialend","singlestim","85","88184"
"2819","Subject153","1","abuseabuse","1","abuse","positionright","validityvalid","test","2","negative","singlestim","87","90187","368","â€šÃ³Ã¨","77","dotpositionright","singlestim","88","90607","m","right","correct","1","","1","trialend","singlestim","89","91620"
"3116","Subject153","1","overdoseoverdose","1","overdose","positionright","validityinvalid","test","2","suicide","singlestim","91","93623","394","â€šÃ³Ã¨","67","dotpositionleft","singlestim","92","94068","c","left","correct","1","","1","trialend","singlestim","93","95080"
"3413","Subject153","1","horsehorse","1","horse","positionleft","validityinvalid","test","2","neutral","singlestim","95","97082","391","â€šÃ³Ã¨","77","dotpositionright","singlestim","96","97525","m","right","correct","1","","1","trialend","singlestim","97","98538"
"3710","Subject153","1","filthyfilthy","1","filthy","positionleft","validityinvalid","test","2","negative","singlestim","99","100541","373","â€šÃ³Ã¨","77","dotpositionright","singlestim","100","100966","m","right","correct","1","","1","trialend","singlestim","101","101977"
"4007","Subject153","1","foamfoam","1","foam","positionright","validityvalid","test","2","neutral","singlestim","103","103979","318","â€šÃ³Ã¨","77","dotpositionright","singlestim","104","104349","m","right","correct","1","","1","trialend","singlestim","105","105362"
"4304","Subject153","1","paperpaper","1","paper","positionleft","validityvalid","test","2","neutral","singlestim","107","107366","345","â€šÃ³Ã¨","67","dotpositionleft","singlestim","108","107763","c","left","correct","1","","1","trialend","singlestim","109","108776"
"4601","Subject153","1","cruelcruel","1","cruel","positionright","validityvalid","test","2","negative","singlestim","111","110779","289","â€šÃ³Ã¨","77","dotpositionright","singlestim","112","111120","m","right","correct","1","","1","trialend","singlestim","113","112131"
"4898","Subject153","1","strongstrong","1","strong","positionleft","validityvalid","test","3","positive","singlestim","115","114133","340","â€šÃ³Ã¨","67","dotpositionleft","singlestim","116","114524","c","left","correct","1","","1","trialend","singlestim","117","115537"
"5195","Subject153","1","deaddead","1","dead","positionleft","validityinvalid","test","3","suicide","singlestim","119","117543","496","â€šÃ³Ã¨","77","dotpositionright","singlestim","120","118091","m","right","correct","1","","1","trialend","singlestim","121","119103"
"5492","Subject153","1","greengreen","1","green","positionright","validityvalid","test","3","neutral","singlestim","123","121106","321","â€šÃ³Ã¨","77","dotpositionright","singlestim","124","121478","m","right","correct","1","","1","trialend","singlestim","125","122490"
"5789","Subject153","1","smilesmile","1","smile","positionleft","validityvalid","test","3","positive","singlestim","127","124494","316","â€šÃ³Ã¨","67","dotpositionleft","singlestim","128","124863","c","left","correct","1","","1","trialend","singlestim","129","125874"
"6086","Subject153","1","rejectedrejected","1","rejected","positionright","validityvalid","test","3","negative","singlestim","131","127877","261","â€šÃ³Ã¨","77","dotpositionright","singlestim","132","128189","m","right","correct","1","","1","trialend","singlestim","133","129201"
"6383","Subject153","1","happyhappy","1","happy","positionright","validityvalid","test","3","positive","singlestim","135","131204","328","â€šÃ³Ã¨","77","dotpositionright","singlestim","136","131583","m","right","correct","1","","1","trialend","singlestim","137","132595"
"6680","Subject153","1","assaultassault","1","assault","positionleft","validityinvalid","test","3","negative","singlestim","139","134600","411","â€šÃ³Ã¨","77","dotpositionright","singlestim","140","135064","m","right","correct","1","","1","trialend","singlestim","141","136077"
"6977","Subject153","1","dyingdying","1","dying","positionleft","validityvalid","test","3","suicide","singlestim","143","138078","353","â€šÃ³Ã¨","67","dotpositionleft","singlestim","144","138484","c","left","correct","1","","1","trialend","singlestim","145","139498"
"7274","Subject153","1","cuttingcutting","1","cutting","positionright","validityvalid","test","3","suicide","singlestim","147","141502","342","â€šÃ³Ã¨","77","dotpositionright","singlestim","148","141895","m","right","correct","1","","1","trialend","singlestim","149","142909"
"7571","Subject153","1","diedie","1","die","positionright","validityvalid","test","3","suicide","singlestim","151","144912","528","â€šÃ³Ã¨","77","dotpositionright","singlestim","152","145491","m","right","correct","1","","1","trialend","singlestim","153","146504"
"7868","Subject153","1","museummuseum","1","museum","positionleft","validityvalid","test","3","neutral","singlestim","155","148509","310","â€šÃ³Ã¨","67","dotpositionleft","singlestim","156","148873","c","left","correct","1","","1","trialend","singlestim","157","149885"
"8165","Subject153","1","touretoure","1","toure","positionleft","validityvalid","test","3","negative","singlestim","159","151889","301","â€šÃ³Ã¨","67","dotpositionleft","singlestim","160","152240","c","left","correct","1","","1","trialend","singlestim","161","153252"
"8462","Subject153","1","kisskiss","1","kiss","positionright","validityinvalid","test","3","positive","singlestim","163","155255","292","â€šÃ³Ã¨","67","dotpositionleft","singlestim","164","155598","c","left","correct","1","","1","trialend","singlestim","165","156611"
"8759","Subject153","1","metermeter","1","meter","positionleft","validityvalid","test","3","neutral","singlestim","167","158614","364","â€šÃ³Ã¨","67","dotpositionleft","singlestim","168","159030","c","left","correct","1","","1","trialend","singlestim","169","160043"
"9056","Subject153","1","bombbomb","1","bomb","positionright","validityvalid","test","3","negative","singlestim","171","162044","328","â€šÃ³Ã¨","77","dotpositionright","singlestim","172","162424","m","right","correct","1","","1","trialend","singlestim","173","163437"
"9353","Subject153","1","closetcloset","1","closet","positionright","validityinvalid","test","3","neutral","singlestim","175","165440","330","â€šÃ³Ã¨","67","dotpositionleft","singlestim","176","165822","c","left","correct","1","","1","trialend","singlestim","177","166834"
"9650","Subject153","1","healthyhealthy","1","healthy","positionleft","validityinvalid","test","1","positive","singlestim","179","168839","473","â€šÃ³Ã¨","77","dotpositionright","singlestim","180","169364","m","right","correct","1","","1","trialend","singlestim","181","170375"
"9947","Subject153","1","foldedfolded","1","folded","positionleft","validityvalid","test","1","neutral","singlestim","183","172380","290","â€šÃ³Ã¨","67","dotpositionleft","singlestim","184","172722","c","left","correct","1","","1","trialend","singlestim","185","173733"
"10244","Subject153","1","paradiseparadise","1","paradise","positionleft","validityvalid","test","1","positive","singlestim","187","175738","302","â€šÃ³Ã¨","67","dotpositionleft","singlestim","188","176091","c","left","correct","1","","1","trialend","singlestim","189","177108"
"10541","Subject153","1","greatgreat","1","great","positionright","validityvalid","test","1","positive","singlestim","191","179110","337","â€šÃ³Ã¨","77","dotpositionright","singlestim","192","179498","m","right","correct","1","","1","trialend","singlestim","193","180510"
"10838","Subject153","1","imageimage","1","image","positionleft","validityvalid","test","1","neutral","singlestim","195","182514","379","â€šÃ³Ã¨","67","dotpositionleft","singlestim","196","182945","c","left","correct","1","","1","trialend","singlestim","197","183956"
"11135","Subject153","1","funeralfuneral","1","funeral","positionright","validityvalid","test","1","suicide","singlestim","199","185960","298","â€šÃ³Ã¨","77","dotpositionright","singlestim","200","186308","m","right","correct","1","","1","trialend","singlestim","201","187321"
"11432","Subject153","1","bloodblood","1","blood","positionleft","validityvalid","test","1","suicide","singlestim","203","189325","249","â€šÃ³Ã¨","67","dotpositionleft","singlestim","204","189627","c","left","correct","1","","1","trialend","singlestim","205","190639"
"11729","Subject153","1","vomitvomit","1","vomit","positionleft","validityvalid","test","1","negative","singlestim","207","192641","261","â€šÃ³Ã¨","67","dotpositionleft","singlestim","208","192953","c","left","correct","1","","1","trialend","singlestim","209","193965"
"12026","Subject153","1","statuestatue","1","statue","positionright","validityinvalid","test","1","neutral","singlestim","211","195967","316","â€šÃ³Ã¨","67","dotpositionleft","singlestim","212","196335","c","left","correct","1","","1","trialend","singlestim","213","197349"
"12323","Subject153","1","patheticpathetic","1","pathetic","positionleft","validityvalid","test","1","negative","singlestim","215","199352","292","â€šÃ³Ã¨","67","dotpositionleft","singlestim","216","199697","c","left","correct","1","","1","trialend","singlestim","217","200710"
"12620","Subject153","1","hatehate","1","hate","positionright","validityinvalid","test","1","negative","singlestim","219","202711","349","â€šÃ³Ã¨","67","dotpositionleft","singlestim","220","203111","c","left","correct","1","","1","trialend","singlestim","221","204123"
"12917","Subject153","1","gunshotgunshot","1","gunshot","positionright","validityvalid","test","1","suicide","singlestim","223","206126","328","â€šÃ³Ã¨","77","dotpositionright","singlestim","224","206506","m","right","correct","1","","1","trialend","singlestim","225","207520"
"13214","Subject153","1","cheesecheese","1","cheese","positionright","validityvalid","test","1","neutral","singlestim","227","209523","279","â€šÃ³Ã¨","77","dotpositionright","singlestim","228","209855","m","right","correct","1","","1","trialend","singlestim","229","210869"
"13511","Subject153","1","cryingcrying","1","crying","positionright","validityvalid","test","1","negative","singlestim","231","212873","251","â€šÃ³Ã¨","77","dotpositionright","singlestim","232","213175","m","right","correct","1","","1","trialend","singlestim","233","214188"
"13808","Subject153","1","suffocationsuffocation","1","suffocation","positionleft","validityinvalid","test","1","suicide","singlestim","235","216191","389","â€šÃ³Ã¨","77","dotpositionright","singlestim","236","216633","m","right","correct","1","","1","trialend","singlestim","237","217646"
"14105","Subject153","1","attractionattraction","1","attraction","positionright","validityvalid","test","1","positive","singlestim","239","219650","274","â€šÃ³Ã¨","77","dotpositionright","singlestim","240","219975","m","right","correct","1","","1","trialend","singlestim","241","220987"
"14402","Subject153","1","hanginghanging","1","hanging","positionleft","validityvalid","test","4","suicide","singlestim","243","222989","314","â€šÃ³Ã¨","67","dotpositionleft","singlestim","244","223354","c","left","correct","1","","1","trialend","singlestim","245","224366"
"14699","Subject153","1","deceaseddeceased","1","deceased","positionright","validityvalid","test","4","suicide","singlestim","247","226370","321","â€šÃ³Ã¨","77","dotpositionright","singlestim","248","226742","m","right","correct","1","","1","trialend","singlestim","249","227754"
"14996","Subject153","1","doubledouble","1","double","positionright","validityvalid","test","4","neutral","singlestim","251","229758","342","â€šÃ³Ã¨","77","dotpositionright","singlestim","252","230151","m","right","correct","1","","1","trialend","singlestim","253","231163"
"15293","Subject153","1","structurestructure","1","structure","positionright","validityvalid","test","4","neutral","singlestim","255","233166","283","â€šÃ³Ã¨","77","dotpositionright","singlestim","256","233500","m","right","correct","1","","1","trialend","singlestim","257","234513"
"15590","Subject153","1","wohlesswohless","1","wohless","positionright","validityvalid","test","4","negative","singlestim","259","236517","330","â€šÃ³Ã¨","77","dotpositionright","singlestim","260","236899","m","right","correct","1","","1","trialend","singlestim","261","237914"
"15887","Subject153","1","alonealone","1","alone","positionleft","validityvalid","test","4","negative","singlestim","263","239916","272","â€šÃ³Ã¨","67","dotpositionleft","singlestim","264","240239","c","left","correct","1","","1","trialend","singlestim","265","241251"
"16184","Subject153","1","suicidesuicide","1","suicide","positionright","validityinvalid","test","4","suicide","singlestim","267","243256","297","â€šÃ³Ã¨","67","dotpositionleft","singlestim","268","243603","c","left","correct","1","","1","trialend","singlestim","269","244615"
"16481","Subject153","1","ecstaticecstatic","1","ecstatic","positionright","validityvalid","test","4","positive","singlestim","271","246619","304","â€šÃ³Ã¨","77","dotpositionright","singlestim","272","246975","m","right","correct","1","","1","trialend","singlestim","273","247986"
"16778","Subject153","1","killingkilling","1","killing","positionleft","validityvalid","test","4","suicide","singlestim","275","249988","364","â€šÃ³Ã¨","67","dotpositionleft","singlestim","276","250404","c","left","correct","1","","1","trialend","singlestim","277","251416"
"17075","Subject153","1","stupidstupid","1","stupid","positionleft","validityvalid","test","4","negative","singlestim","279","253420","319","â€šÃ³Ã¨","67","dotpositionleft","singlestim","280","253790","c","left","correct","1","","1","trialend","singlestim","281","254802"
"17372","Subject153","1","successsuccess","1","success","positionleft","validityvalid","test","4","positive","singlestim","283","256806","407","â€šÃ³Ã¨","67","dotpositionleft","singlestim","284","257266","c","left","correct","1","","1","trialend","singlestim","285","258278"
"17669","Subject153","1","frameframe","1","frame","positionleft","validityinvalid","test","4","neutral","singlestim","287","260281","339","â€šÃ³Ã¨","77","dotpositionright","singlestim","288","260673","m","right","correct","1","","1","trialend","singlestim","289","261687"
"17966","Subject153","1","laughlaugh","1","laugh","positionright","validityvalid","test","4","positive","singlestim","291","263691","331","â€šÃ³Ã¨","77","dotpositionright","singlestim","292","264073","m","right","correct","1","","1","trialend","singlestim","293","265086"
"18263","Subject153","1","passionatepassionate","1","passionate","positionleft","validityinvalid","test","4","positive","singlestim","295","267089","379","â€šÃ³Ã¨","77","dotpositionright","singlestim","296","267519","m","right","correct","1","","1","trialend","singlestim","297","268532"
"18560","Subject153","1","engineengine","1","engine","positionleft","validityvalid","test","4","neutral","singlestim","299","270537","434","â€šÃ³Ã¨","67","dotpositionleft","singlestim","300","271022","c","left","correct","1","","1","trialend","singlestim","301","272036"
"18857","Subject153","1","ashamedashamed","1","ashamed","positionright","validityinvalid","test","4","negative","singlestim","303","274038","283","â€šÃ³Ã¨","67","dotpositionleft","singlestim","304","274373","c","left","correct","1","","1","trialend","singlestim","305","275386"
