"","SubjectID","rt","stimulus","keypress","word","wordposition","validity","block","blocknum","wordtype","trialtype","trialindex","timeelapsed","rt.1","stimulus.1","keypress.1","dotposition","trialtype.1","trialindex.1","timeelapsed.1","keypressed","participantresponse","correctresponse","rt.2","stimulus.2","keypress.2","blocktrial","trialtype.2","trialindex.2","timeelapsed.2"
"210","Subject242","1","successsuccess","1","success","positionleft","validityvalid","test","4","positive","singlestim","51","95340","312","â€šÃ³Ã¨","67","dotpositionleft","singlestim","52","95705","c","left","correct","1","","1","trialend","singlestim","53","96717"
"507","Subject242","1","frameframe","1","frame","positionleft","validityinvalid","test","4","neutral","singlestim","55","98719","397","â€šÃ³Ã¨","77","dotpositionright","singlestim","56","99168","m","right","correct","1","","1","trialend","singlestim","57","100180"
"804","Subject242","1","engineengine","1","engine","positionleft","validityvalid","test","4","neutral","singlestim","59","102182","305","â€šÃ³Ã¨","67","dotpositionleft","singlestim","60","102536","c","left","correct","1","","1","trialend","singlestim","61","103548"
"1101","Subject242","1","doubledouble","1","double","positionright","validityvalid","test","4","neutral","singlestim","63","105549","279","â€šÃ³Ã¨","77","dotpositionright","singlestim","64","105880","m","right","correct","1","","1","trialend","singlestim","65","106893"
"1398","Subject242","1","structurestructure","1","structure","positionright","validityvalid","test","4","neutral","singlestim","67","108895","262","â€šÃ³Ã¨","77","dotpositionright","singlestim","68","109208","m","right","correct","1","","1","trialend","singlestim","69","110220"
"1695","Subject242","1","alonealone","1","alone","positionleft","validityvalid","test","4","negative","singlestim","71","112222","311","â€šÃ³Ã¨","67","dotpositionleft","singlestim","72","112584","c","left","correct","1","","1","trialend","singlestim","73","113595"
"1992","Subject242","1","ecstaticecstatic","1","ecstatic","positionright","validityvalid","test","4","positive","singlestim","75","115596","273","â€šÃ³Ã¨","77","dotpositionright","singlestim","76","115921","m","right","correct","1","","1","trialend","singlestim","77","116931"
"2289","Subject242","1","wohlesswohless","1","wohless","positionright","validityvalid","test","4","negative","singlestim","79","118934","414","â€šÃ³Ã¨","77","dotpositionright","singlestim","80","119400","m","right","correct","1","","1","trialend","singlestim","81","120412"
"2586","Subject242","1","laughlaugh","1","laugh","positionright","validityvalid","test","4","positive","singlestim","83","122413","336","â€šÃ³Ã¨","77","dotpositionright","singlestim","84","122800","m","right","correct","1","","1","trialend","singlestim","85","123811"
"2883","Subject242","1","passionatepassionate","1","passionate","positionleft","validityinvalid","test","4","positive","singlestim","87","125813","480","â€šÃ³Ã¨","77","dotpositionright","singlestim","88","126345","m","right","correct","1","","1","trialend","singlestim","89","127357"
"3180","Subject242","1","stupidstupid","1","stupid","positionleft","validityvalid","test","4","negative","singlestim","91","129358","454","â€šÃ³Ã¨","67","dotpositionleft","singlestim","92","129865","c","left","correct","1","","1","trialend","singlestim","93","130876"
"3477","Subject242","1","hanginghanging","1","hanging","positionleft","validityvalid","test","4","suicide","singlestim","95","132878","303","â€šÃ³Ã¨","67","dotpositionleft","singlestim","96","133232","c","left","correct","1","","1","trialend","singlestim","97","134244"
"3774","Subject242","1","killingkilling","1","killing","positionleft","validityvalid","test","4","suicide","singlestim","99","136246","319","â€šÃ³Ã¨","67","dotpositionleft","singlestim","100","136617","c","left","correct","1","","1","trialend","singlestim","101","137629"
"4071","Subject242","1","ashamedashamed","1","ashamed","positionright","validityinvalid","test","4","negative","singlestim","103","139630","422","â€šÃ³Ã¨","67","dotpositionleft","singlestim","104","140103","c","left","correct","1","","1","trialend","singlestim","105","141116"
"4368","Subject242","1","deceaseddeceased","1","deceased","positionright","validityvalid","test","4","suicide","singlestim","107","143117","343","â€šÃ³Ã¨","77","dotpositionright","singlestim","108","143512","m","right","correct","1","","1","trialend","singlestim","109","144523"
"4665","Subject242","1","suicidesuicide","1","suicide","positionright","validityinvalid","test","4","suicide","singlestim","111","146526","335","â€šÃ³Ã¨","67","dotpositionleft","singlestim","112","146912","c","left","correct","1","","1","trialend","singlestim","113","147924"
"4962","Subject242","1","abuseabuse","1","abuse","positionright","validityvalid","test","2","negative","singlestim","115","149927","391","â€šÃ³Ã¨","77","dotpositionright","singlestim","116","150368","m","right","correct","1","","1","trialend","singlestim","117","151380"
"5259","Subject242","1","braverybravery","1","bravery","positionleft","validityvalid","test","2","positive","singlestim","119","153383","334","â€šÃ³Ã¨","67","dotpositionleft","singlestim","120","153768","c","left","correct","1","","1","trialend","singlestim","121","154780"
"5556","Subject242","1","tabletable","1","table","positionright","validityvalid","test","2","neutral","singlestim","123","156783","350","â€šÃ³Ã¨","77","dotpositionright","singlestim","124","157184","m","right","correct","1","","1","trialend","singlestim","125","158196"
"5853","Subject242","1","corpsecorpse","1","corpse","positionleft","validityvalid","test","2","suicide","singlestim","127","160198","205","â€šÃ³Ã¨","67","dotpositionleft","singlestim","128","160456","c","left","correct","1","","1","trialend","singlestim","129","161469"
"6150","Subject242","1","enthusiasmenthusiasm","1","enthusiasm","positionright","validityvalid","test","2","positive","singlestim","131","163473","284","â€šÃ³Ã¨","77","dotpositionright","singlestim","132","163808","m","right","correct","1","","1","trialend","singlestim","133","164820"
"6447","Subject242","1","pleasurepleasure","1","pleasure","positionleft","validityvalid","test","2","positive","singlestim","135","166822","279","â€šÃ³Ã¨","67","dotpositionleft","singlestim","136","167152","c","left","correct","1","","1","trialend","singlestim","137","168163"
"6744","Subject242","1","paperpaper","1","paper","positionleft","validityvalid","test","2","neutral","singlestim","139","170165","1473","â€šÃ³Ã¨","67","dotpositionleft","singlestim","140","171689","c","left","correct","1","","1","trialend","singlestim","141","172700"
"7041","Subject242","1","failurefailure","1","failure","positionleft","validityvalid","test","2","negative","singlestim","143","174704","829","â€šÃ³Ã¨","67","dotpositionleft","singlestim","144","175584","c","left","correct","1","","1","trialend","singlestim","145","176597"
"7338","Subject242","1","filthyfilthy","1","filthy","positionleft","validityinvalid","test","2","negative","singlestim","147","178600","350","â€šÃ³Ã¨","77","dotpositionright","singlestim","148","179000","m","right","correct","1","","1","trialend","singlestim","149","180011"
"7635","Subject242","1","cruelcruel","1","cruel","positionright","validityvalid","test","2","negative","singlestim","151","182014","344","â€šÃ³Ã¨","77","dotpositionright","singlestim","152","182408","m","right","correct","1","","1","trialend","singlestim","153","183421"
"7932","Subject242","1","horsehorse","1","horse","positionleft","validityinvalid","test","2","neutral","singlestim","155","185422","277","â€šÃ³Ã¨","67","dotpositionright","singlestim","156","185752","c","left","incorrect","1","","1","trialend","singlestim","157","186763"
"8229","Subject242","1","foamfoam","1","foam","positionright","validityvalid","test","2","neutral","singlestim","159","188766","479","â€šÃ³Ã¨","77","dotpositionright","singlestim","160","189297","m","right","correct","1","","1","trialend","singlestim","161","190308"
"8526","Subject242","1","lovelove","1","love","positionright","validityinvalid","test","2","positive","singlestim","163","192309","329","â€šÃ³Ã¨","67","dotpositionleft","singlestim","164","192689","c","left","correct","1","","1","trialend","singlestim","165","193701"
"8823","Subject242","1","overdoseoverdose","1","overdose","positionright","validityinvalid","test","2","suicide","singlestim","167","195703","342","â€šÃ³Ã¨","67","dotpositionleft","singlestim","168","196096","c","left","correct","1","","1","trialend","singlestim","169","197108"
"9120","Subject242","1","deathdeath","1","death","positionright","validityvalid","test","2","suicide","singlestim","171","199110","319","â€šÃ³Ã¨","77","dotpositionright","singlestim","172","199480","m","right","correct","1","","1","trialend","singlestim","173","200491"
"9417","Subject242","1","noosenoose","1","noose","positionleft","validityvalid","test","2","suicide","singlestim","175","202494","336","â€šÃ³Ã¨","67","dotpositionleft","singlestim","176","202880","c","left","correct","1","","1","trialend","singlestim","177","203892"
"9714","Subject242","1","healthyhealthy","1","healthy","positionleft","validityinvalid","test","1","positive","singlestim","179","205894","375","â€šÃ³Ã¨","77","dotpositionright","singlestim","180","206320","m","right","correct","1","","1","trialend","singlestim","181","207332"
"10011","Subject242","1","imageimage","1","image","positionleft","validityvalid","test","1","neutral","singlestim","183","209334","359","â€šÃ³Ã¨","67","dotpositionleft","singlestim","184","209744","c","left","correct","1","","1","trialend","singlestim","185","210756"
"10308","Subject242","1","foldedfolded","1","folded","positionleft","validityvalid","test","1","neutral","singlestim","187","212758","344","â€šÃ³Ã¨","67","dotpositionleft","singlestim","188","213153","c","left","correct","1","","1","trialend","singlestim","189","214164"
"10605","Subject242","1","bloodblood","1","blood","positionleft","validityvalid","test","1","suicide","singlestim","191","216166","367","â€šÃ³Ã¨","67","dotpositionleft","singlestim","192","216584","c","left","correct","1","","1","trialend","singlestim","193","217596"
"10902","Subject242","1","paradiseparadise","1","paradise","positionleft","validityvalid","test","1","positive","singlestim","195","219598","312","â€šÃ³Ã¨","67","dotpositionleft","singlestim","196","219960","c","left","correct","1","","1","trialend","singlestim","197","220972"
"11199","Subject242","1","funeralfuneral","1","funeral","positionright","validityvalid","test","1","suicide","singlestim","199","222974","327","â€šÃ³Ã¨","77","dotpositionright","singlestim","200","223353","m","right","correct","1","","1","trialend","singlestim","201","224365"
"11496","Subject242","1","attractionattraction","1","attraction","positionright","validityvalid","test","1","positive","singlestim","203","226366","366","â€šÃ³Ã¨","77","dotpositionright","singlestim","204","226783","m","right","correct","1","","1","trialend","singlestim","205","227795"
"11793","Subject242","1","vomitvomit","1","vomit","positionleft","validityvalid","test","1","negative","singlestim","207","229797","367","â€šÃ³Ã¨","67","dotpositionleft","singlestim","208","230216","c","left","correct","1","","1","trialend","singlestim","209","231229"
"12090","Subject242","1","hatehate","1","hate","positionright","validityinvalid","test","1","negative","singlestim","211","233230","358","â€šÃ³Ã¨","67","dotpositionleft","singlestim","212","233640","c","left","correct","1","","1","trialend","singlestim","213","234653"
"12387","Subject242","1","gunshotgunshot","1","gunshot","positionright","validityvalid","test","1","suicide","singlestim","215","236656","300","â€šÃ³Ã¨","77","dotpositionright","singlestim","216","237008","m","right","correct","1","","1","trialend","singlestim","217","238020"
"12684","Subject242","1","cheesecheese","1","cheese","positionright","validityvalid","test","1","neutral","singlestim","219","240023","318","â€šÃ³Ã¨","77","dotpositionright","singlestim","220","240392","m","right","correct","1","","1","trialend","singlestim","221","241404"
"12981","Subject242","1","greatgreat","1","great","positionright","validityvalid","test","1","positive","singlestim","223","243409","356","â€šÃ³Ã¨","77","dotpositionright","singlestim","224","243817","m","right","correct","1","","1","trialend","singlestim","225","244828"
"13278","Subject242","1","patheticpathetic","1","pathetic","positionleft","validityvalid","test","1","negative","singlestim","227","246829","311","â€šÃ³Ã¨","67","dotpositionleft","singlestim","228","247192","c","left","correct","1","","1","trialend","singlestim","229","248204"
"13575","Subject242","1","suffocationsuffocation","1","suffocation","positionleft","validityinvalid","test","1","suicide","singlestim","231","250207","294","â€šÃ³Ã¨","77","dotpositionright","singlestim","232","250552","m","right","correct","1","","1","trialend","singlestim","233","251564"
"13872","Subject242","1","cryingcrying","1","crying","positionright","validityvalid","test","1","negative","singlestim","235","253566","287","â€šÃ³Ã¨","77","dotpositionright","singlestim","236","253904","m","right","correct","1","","1","trialend","singlestim","237","254916"
"14169","Subject242","1","statuestatue","1","statue","positionright","validityinvalid","test","1","neutral","singlestim","239","256918","327","â€šÃ³Ã¨","67","dotpositionleft","singlestim","240","257295","c","left","correct","1","","1","trialend","singlestim","241","258308"
"14466","Subject242","1","bombbomb","1","bomb","positionright","validityvalid","test","3","negative","singlestim","243","260310","295","â€šÃ³Ã¨","77","dotpositionright","singlestim","244","260656","m","right","correct","1","","1","trialend","singlestim","245","261669"
"14763","Subject242","1","cuttingcutting","1","cutting","positionright","validityvalid","test","3","suicide","singlestim","247","263671","327","â€šÃ³Ã¨","77","dotpositionright","singlestim","248","264048","m","right","correct","1","","1","trialend","singlestim","249","265060"
"15060","Subject242","1","metermeter","1","meter","positionleft","validityvalid","test","3","neutral","singlestim","251","267063","340","â€šÃ³Ã¨","67","dotpositionleft","singlestim","252","267456","c","left","correct","1","","1","trialend","singlestim","253","268469"
"15357","Subject242","1","closetcloset","1","closet","positionright","validityinvalid","test","3","neutral","singlestim","255","270471","318","â€šÃ³Ã¨","67","dotpositionleft","singlestim","256","270840","c","left","correct","1","","1","trialend","singlestim","257","271853"
"15654","Subject242","1","strongstrong","1","strong","positionleft","validityvalid","test","3","positive","singlestim","259","273854","335","â€šÃ³Ã¨","67","dotpositionleft","singlestim","260","274240","c","left","correct","1","","1","trialend","singlestim","261","275253"
"15951","Subject242","1","smilesmile","1","smile","positionleft","validityvalid","test","3","positive","singlestim","263","277256","293","â€šÃ³Ã¨","67","dotpositionleft","singlestim","264","277600","c","left","correct","1","","1","trialend","singlestim","265","278612"
"16248","Subject242","1","greengreen","1","green","positionright","validityvalid","test","3","neutral","singlestim","267","280614","640","â€šÃ³Ã¨","77","dotpositionright","singlestim","268","281305","m","right","correct","1","","1","trialend","singlestim","269","282317"
"16545","Subject242","1","museummuseum","1","museum","positionleft","validityvalid","test","3","neutral","singlestim","271","284319","294","â€šÃ³Ã¨","67","dotpositionleft","singlestim","272","284664","c","left","correct","1","","1","trialend","singlestim","273","285676"
"16842","Subject242","1","happyhappy","1","happy","positionright","validityvalid","test","3","positive","singlestim","275","287680","334","â€šÃ³Ã¨","77","dotpositionright","singlestim","276","288064","m","right","correct","1","","1","trialend","singlestim","277","289075"
"17139","Subject242","1","touretoure","1","toure","positionleft","validityvalid","test","3","negative","singlestim","279","291078","327","â€šÃ³Ã¨","67","dotpositionleft","singlestim","280","291456","c","left","correct","1","","1","trialend","singlestim","281","292467"
"17436","Subject242","1","diedie","1","die","positionright","validityvalid","test","3","suicide","singlestim","283","294470","312","â€šÃ³Ã¨","77","dotpositionright","singlestim","284","294832","m","right","correct","1","","1","trialend","singlestim","285","295844"
"17733","Subject242","1","assaultassault","1","assault","positionleft","validityinvalid","test","3","negative","singlestim","287","297847","382","â€šÃ³Ã¨","77","dotpositionright","singlestim","288","298279","m","right","correct","1","","1","trialend","singlestim","289","299292"
"18030","Subject242","1","rejectedrejected","1","rejected","positionright","validityvalid","test","3","negative","singlestim","291","301293","327","â€šÃ³Ã¨","77","dotpositionright","singlestim","292","301672","m","right","correct","1","","1","trialend","singlestim","293","302684"
"18327","Subject242","1","kisskiss","1","kiss","positionright","validityinvalid","test","3","positive","singlestim","295","304687","302","â€šÃ³Ã¨","77","dotpositionleft","singlestim","296","305040","m","right","incorrect","67","","67","trialend","singlestim","297","306053"
"18624","Subject242","1","deaddead","1","dead","positionleft","validityinvalid","test","3","suicide","singlestim","299","308055","317","â€šÃ³Ã¨","77","dotpositionright","singlestim","300","308423","m","right","correct","1","","1","trialend","singlestim","301","309436"
"18921","Subject242","1","dyingdying","1","dying","positionleft","validityvalid","test","3","suicide","singlestim","303","311439","406","â€šÃ³Ã¨","67","dotpositionleft","singlestim","304","311895","c","left","correct","1","","1","trialend","singlestim","305","312907"
