"","SubjectID","rt","stimulus","keypress","word","wordposition","validity","block","blocknum","wordtype","trialtype","trialindex","timeelapsed","rt.1","stimulus.1","keypress.1","dotposition","trialtype.1","trialindex.1","timeelapsed.1","keypressed","participantresponse","correctresponse","rt.2","stimulus.2","keypress.2","blocktrial","trialtype.2","trialindex.2","timeelapsed.2"
"288","Subject324","100010","336","â€šÃ³Ã¨","77","dotpositionright","singlestim","52","129405","100020","m","right","correct","","1","trialend","singlestim","53","130417","100030","wohlesswohless","1","wohless","positionright","validityvalid","test","4","negative","singlestim","55"
"585","Subject324","100050","364","â€šÃ³Ã¨","77","dotpositionright","singlestim","56","132837","100060","m","right","correct","","1","trialend","singlestim","57","133848","100070","stupidstupid","1","stupid","positionleft","validityvalid","test","4","negative","singlestim","59"
"882","Subject324","100090","326","â€šÃ³Ã¨","67","dotpositionleft","singlestim","60","136229","1000100","c","left","correct","","1","trialend","singlestim","61","137241","1000110","doubledouble","1","double","positionright","validityvalid","test","4","neutral","singlestim","63"
"1179","Subject324","1000130","247","â€šÃ³Ã¨","77","dotpositionright","singlestim","64","139544","1000140","m","right","correct","","1","trialend","singlestim","65","140556","1000150","successsuccess","1","success","positionleft","validityvalid","test","4","positive","singlestim","67"
"1476","Subject324","1000170","376","â€šÃ³Ã¨","67","dotpositionleft","singlestim","68","142988","1000180","c","left","correct","","1","trialend","singlestim","69","144000","1000190","engineengine","1","engine","positionleft","validityvalid","test","4","neutral","singlestim","71"
"1773","Subject324","1000210","447","â€šÃ³Ã¨","67","dotpositionleft","singlestim","72","146501","1000220","c","left","correct","","1","trialend","singlestim","73","147512","1000230","laughlaugh","1","laugh","positionright","validityvalid","test","4","positive","singlestim","75"
"2070","Subject324","1000250","312","â€šÃ³Ã¨","77","dotpositionright","singlestim","76","149879","1000260","m","right","correct","","1","trialend","singlestim","77","150891","1000270","frameframe","1","frame","positionleft","validityinvalid","test","4","neutral","singlestim","79"
"2367","Subject324","1000290","346","â€šÃ³Ã¨","77","dotpositionright","singlestim","80","153293","1000300","m","right","correct","","1","trialend","singlestim","81","154305","1000310","ecstaticecstatic","1","ecstatic","positionright","validityvalid","test","4","positive","singlestim","83"
"2664","Subject324","1000330","423","â€šÃ³Ã¨","77","dotpositionright","singlestim","84","156784","1000340","m","right","correct","","1","trialend","singlestim","85","157796","1000350","suicidesuicide","1","suicide","positionright","validityinvalid","test","4","suicide","singlestim","87"
"2961","Subject324","1000370","352","â€šÃ³Ã¨","67","dotpositionleft","singlestim","88","160203","1000380","c","left","correct","","1","trialend","singlestim","89","161213","1000390","deceaseddeceased","1","deceased","positionright","validityvalid","test","4","suicide","singlestim","91"
"3258","Subject324","1000410","373","â€šÃ³Ã¨","77","dotpositionright","singlestim","92","163641","1000420","m","right","correct","","1","trialend","singlestim","93","164655","1000430","passionatepassionate","1","passionate","positionleft","validityinvalid","test","4","positive","singlestim","95"
"3555","Subject324","1000450","283","â€šÃ³Ã¨","77","dotpositionright","singlestim","96","166993","1000460","m","right","correct","","1","trialend","singlestim","97","168006","1000470","alonealone","1","alone","positionleft","validityvalid","test","4","negative","singlestim","99"
"3852","Subject324","1000490","337","â€šÃ³Ã¨","67","dotpositionleft","singlestim","100","170397","1000500","c","left","correct","","1","trialend","singlestim","101","171409","1000510","ashamedashamed","1","ashamed","positionright","validityinvalid","test","4","negative","singlestim","103"
"4149","Subject324","1000530","402","â€šÃ³Ã¨","67","dotpositionleft","singlestim","104","173865","1000540","c","left","correct","","1","trialend","singlestim","105","174879","1000550","hanginghanging","1","hanging","positionleft","validityvalid","test","4","suicide","singlestim","107"
"4446","Subject324","1000570","345","â€šÃ³Ã¨","67","dotpositionleft","singlestim","108","177281","1000580","c","left","correct","","1","trialend","singlestim","109","178293","1000590","killingkilling","1","killing","positionleft","validityvalid","test","4","suicide","singlestim","111"
"4743","Subject324","1000610","324","â€šÃ³Ã¨","67","dotpositionleft","singlestim","112","180671","1000620","c","left","correct","","1","trialend","singlestim","113","181683","1000630","bombbomb","1","bomb","positionright","validityvalid","test","3","negative","singlestim","115"
"5040","Subject324","101010","326","â€šÃ³Ã¨","77","dotpositionright","singlestim","116","184064","101020","m","right","correct","","1","trialend","singlestim","117","185075","101030","assaultassault","1","assault","positionleft","validityinvalid","test","3","negative","singlestim","119"
"5337","Subject324","101050","391","â€šÃ³Ã¨","77","dotpositionright","singlestim","120","187519","101060","m","right","correct","","1","trialend","singlestim","121","188532","101070","diedie","1","die","positionright","validityvalid","test","3","suicide","singlestim","123"
"5634","Subject324","101090","326","â€šÃ³Ã¨","77","dotpositionright","singlestim","124","190912","1010100","m","right","correct","","1","trialend","singlestim","125","191923","1010110","happyhappy","1","happy","positionright","validityvalid","test","3","positive","singlestim","127"
"5931","Subject324","1010130","366","â€šÃ³Ã¨","77","dotpositionright","singlestim","128","194343","1010140","m","right","correct","","1","trialend","singlestim","129","195362","1010150","smilesmile","1","smile","positionleft","validityvalid","test","3","positive","singlestim","131"
"6228","Subject324","1010170","598","â€šÃ³Ã¨","67","dotpositionleft","singlestim","132","198885","1010180","c","left","correct","","1","trialend","singlestim","133","199898","1010190","museummuseum","1","museum","positionleft","validityvalid","test","3","neutral","singlestim","135"
"6525","Subject324","1010210","437","â€šÃ³Ã¨","67","dotpositionleft","singlestim","136","202392","1010220","c","left","correct","","1","trialend","singlestim","137","203403","1010230","dyingdying","1","dying","positionleft","validityvalid","test","3","suicide","singlestim","139"
"6822","Subject324","1010250","498","â€šÃ³Ã¨","67","dotpositionleft","singlestim","140","205956","1010260","c","left","correct","","1","trialend","singlestim","141","206965","1010270","cuttingcutting","1","cutting","positionright","validityvalid","test","3","suicide","singlestim","143"
"7119","Subject324","1010290","447","â€šÃ³Ã¨","77","dotpositionright","singlestim","144","209467","1010300","m","right","correct","","1","trialend","singlestim","145","210478","1010310","touretoure","1","toure","positionleft","validityvalid","test","3","negative","singlestim","147"
"7416","Subject324","1010330","378","â€šÃ³Ã¨","67","dotpositionleft","singlestim","148","212910","1010340","c","left","correct","","1","trialend","singlestim","149","213925","1010350","deaddead","1","dead","positionleft","validityinvalid","test","3","suicide","singlestim","151"
"7713","Subject324","1010370","385","â€šÃ³Ã¨","77","dotpositionright","singlestim","152","216364","1010380","m","right","correct","","1","trialend","singlestim","153","217374","1010390","greengreen","1","green","positionright","validityvalid","test","3","neutral","singlestim","155"
"8010","Subject324","1010410","352","â€šÃ³Ã¨","77","dotpositionright","singlestim","156","219782","1010420","m","right","correct","","1","trialend","singlestim","157","220794","1010430","strongstrong","1","strong","positionleft","validityvalid","test","3","positive","singlestim","159"
"8307","Subject324","1010450","505","â€šÃ³Ã¨","67","dotpositionleft","singlestim","160","223352","1010460","c","left","correct","","1","trialend","singlestim","161","224364","1010470","kisskiss","1","kiss","positionright","validityinvalid","test","3","positive","singlestim","163"
"8604","Subject324","1010490","406","â€šÃ³Ã¨","67","dotpositionleft","singlestim","164","226826","1010500","c","left","correct","","1","trialend","singlestim","165","227840","1010510","rejectedrejected","1","rejected","positionright","validityvalid","test","3","negative","singlestim","167"
"8901","Subject324","1010530","336","â€šÃ³Ã¨","77","dotpositionright","singlestim","168","230230","1010540","m","right","correct","","1","trialend","singlestim","169","231240","1010550","metermeter","1","meter","positionleft","validityvalid","test","3","neutral","singlestim","171"
"9198","Subject324","1010570","378","â€šÃ³Ã¨","67","dotpositionleft","singlestim","172","233674","1010580","c","left","correct","","1","trialend","singlestim","173","234687","1010590","closetcloset","1","closet","positionright","validityinvalid","test","3","neutral","singlestim","175"
"9495","Subject324","1010610","425","â€šÃ³Ã¨","67","dotpositionleft","singlestim","176","237167","1010620","c","left","correct","","1","trialend","singlestim","177","238178","1010630","bloodblood","1","blood","positionleft","validityvalid","test","1","suicide","singlestim","179"
"9792","Subject324","102010","451","â€šÃ³Ã¨","67","dotpositionleft","singlestim","180","240684","102020","c","left","correct","","1","trialend","singlestim","181","241696","102030","attractionattraction","1","attraction","positionright","validityvalid","test","1","positive","singlestim","183"
"10089","Subject324","102050","397","â€šÃ³Ã¨","77","dotpositionright","singlestim","184","244145","102060","m","right","correct","","1","trialend","singlestim","185","245157","102070","patheticpathetic","1","pathetic","positionleft","validityvalid","test","1","negative","singlestim","187"
"10386","Subject324","102090","543","â€šÃ³Ã¨","67","dotpositionleft","singlestim","188","247757","1020100","c","left","correct","","1","trialend","singlestim","189","248768","1020110","healthyhealthy","1","healthy","positionleft","validityinvalid","test","1","positive","singlestim","191"
"10683","Subject324","1020130","461","â€šÃ³Ã¨","77","dotpositionright","singlestim","192","251286","1020140","m","right","correct","","1","trialend","singlestim","193","252298","1020150","gunshotgunshot","1","gunshot","positionright","validityvalid","test","1","suicide","singlestim","195"
"10980","Subject324","1020170","1042","â€šÃ³Ã¨","77","dotpositionright","singlestim","196","255396","1020180","m","right","correct","","1","trialend","singlestim","197","256407","1020190","hatehate","1","hate","positionright","validityinvalid","test","1","negative","singlestim","199"
"11277","Subject324","1020210","451","â€šÃ³Ã¨","67","dotpositionleft","singlestim","200","258913","1020220","c","left","correct","","1","trialend","singlestim","201","259927","1020230","cryingcrying","1","crying","positionright","validityvalid","test","1","negative","singlestim","203"
"11574","Subject324","1020250","376","â€šÃ³Ã¨","77","dotpositionright","singlestim","204","262357","1020260","m","right","correct","","1","trialend","singlestim","205","263371","1020270","cheesecheese","1","cheese","positionright","validityvalid","test","1","neutral","singlestim","207"
"11871","Subject324","1020290","368","â€šÃ³Ã¨","77","dotpositionright","singlestim","208","265794","1020300","m","right","correct","","1","trialend","singlestim","209","266806","1020310","greatgreat","1","great","positionright","validityvalid","test","1","positive","singlestim","211"
"12168","Subject324","1020330","297","â€šÃ³Ã¨","77","dotpositionright","singlestim","212","269158","1020340","m","right","correct","","1","trialend","singlestim","213","270169","1020350","imageimage","1","image","positionleft","validityvalid","test","1","neutral","singlestim","215"
"12465","Subject324","1020370","398","â€šÃ³Ã¨","67","dotpositionleft","singlestim","216","272621","1020380","c","left","correct","","1","trialend","singlestim","217","273637","1020390","suffocationsuffocation","1","suffocation","positionleft","validityinvalid","test","1","suicide","singlestim","219"
"12762","Subject324","1020410","384","â€šÃ³Ã¨","77","dotpositionright","singlestim","220","276076","1020420","m","right","correct","","1","trialend","singlestim","221","277087","1020430","statuestatue","1","statue","positionright","validityinvalid","test","1","neutral","singlestim","223"
"13059","Subject324","1020450","401","â€šÃ³Ã¨","67","dotpositionleft","singlestim","224","279543","1020460","c","left","correct","","1","trialend","singlestim","225","280555","1020470","foldedfolded","1","folded","positionleft","validityvalid","test","1","neutral","singlestim","227"
"13356","Subject324","1020490","384","â€šÃ³Ã¨","67","dotpositionleft","singlestim","228","282994","1020500","c","left","correct","","1","trialend","singlestim","229","284005","1020510","funeralfuneral","1","funeral","positionright","validityvalid","test","1","suicide","singlestim","231"
"13653","Subject324","1020530","426","â€šÃ³Ã¨","77","dotpositionright","singlestim","232","286485","1020540","m","right","correct","","1","trialend","singlestim","233","287498","1020550","vomitvomit","1","vomit","positionleft","validityvalid","test","1","negative","singlestim","235"
"13950","Subject324","1020570","566","â€šÃ³Ã¨","67","dotpositionleft","singlestim","236","290119","1020580","c","left","correct","","1","trialend","singlestim","237","291131","1020590","paradiseparadise","1","paradise","positionleft","validityvalid","test","1","positive","singlestim","239"
"14247","Subject324","1020610","387","â€šÃ³Ã¨","67","dotpositionleft","singlestim","240","293575","1020620","c","left","correct","","1","trialend","singlestim","241","294587","1020630","pleasurepleasure","1","pleasure","positionleft","validityvalid","test","2","positive","singlestim","243"
"14544","Subject324","103010","360","â€šÃ³Ã¨","67","dotpositionleft","singlestim","244","297002","103020","c","left","correct","","1","trialend","singlestim","245","298013","103030","failurefailure","1","failure","positionleft","validityvalid","test","2","negative","singlestim","247"
"14841","Subject324","103050","357","â€šÃ³Ã¨","67","dotpositionleft","singlestim","248","300429","103060","c","left","correct","","1","trialend","singlestim","249","301441","103070","lovelove","1","love","positionright","validityinvalid","test","2","positive","singlestim","251"
"15138","Subject324","103090","381","â€šÃ³Ã¨","67","dotpositionleft","singlestim","252","303876","1030100","c","left","correct","","1","trialend","singlestim","253","304888","1030110","paperpaper","1","paper","positionleft","validityvalid","test","2","neutral","singlestim","255"
"15435","Subject324","1030130","389","â€šÃ³Ã¨","67","dotpositionleft","singlestim","256","307332","1030140","c","left","correct","","1","trialend","singlestim","257","308344","1030150","braverybravery","1","bravery","positionleft","validityvalid","test","2","positive","singlestim","259"
"15732","Subject324","1030170","333","â€šÃ³Ã¨","67","dotpositionleft","singlestim","260","310733","1030180","c","left","correct","","1","trialend","singlestim","261","311745","1030190","horsehorse","1","horse","positionleft","validityinvalid","test","2","neutral","singlestim","263"
"16029","Subject324","1030210","374","â€šÃ³Ã¨","77","dotpositionright","singlestim","264","314177","1030220","m","right","correct","","1","trialend","singlestim","265","315188","1030230","enthusiasmenthusiasm","1","enthusiasm","positionright","validityvalid","test","2","positive","singlestim","267"
"16326","Subject324","1030250","329","â€šÃ³Ã¨","77","dotpositionright","singlestim","268","317572","1030260","m","right","correct","","1","trialend","singlestim","269","318584","1030270","foamfoam","1","foam","positionright","validityvalid","test","2","neutral","singlestim","271"
"16623","Subject324","1030290","359","â€šÃ³Ã¨","77","dotpositionright","singlestim","272","320998","1030300","m","right","correct","","1","trialend","singlestim","273","322010","1030310","deathdeath","1","death","positionright","validityvalid","test","2","suicide","singlestim","275"
"16920","Subject324","1030330","482","â€šÃ³Ã¨","77","dotpositionright","singlestim","276","324545","1030340","m","right","correct","","1","trialend","singlestim","277","325558","1030350","corpsecorpse","1","corpse","positionleft","validityvalid","test","2","suicide","singlestim","279"
"17217","Subject324","1030370","415","â€šÃ³Ã¨","67","dotpositionleft","singlestim","280","328027","1030380","c","left","correct","","1","trialend","singlestim","281","329038","1030390","tabletable","1","table","positionright","validityvalid","test","2","neutral","singlestim","283"
"17514","Subject324","1030410","595","â€šÃ³Ã¨","77","dotpositionright","singlestim","284","331687","1030420","m","right","correct","","1","trialend","singlestim","285","332699","1030430","abuseabuse","1","abuse","positionright","validityvalid","test","2","negative","singlestim","287"
"17811","Subject324","1030450","500","â€šÃ³Ã¨","77","dotpositionright","singlestim","288","335255","1030460","m","right","correct","","1","trialend","singlestim","289","336267","1030470","filthyfilthy","1","filthy","positionleft","validityinvalid","test","2","negative","singlestim","291"
"18108","Subject324","1030490","384","â€šÃ³Ã¨","77","dotpositionright","singlestim","292","338707","1030500","m","right","correct","","1","trialend","singlestim","293","339718","1030510","overdoseoverdose","1","overdose","positionright","validityinvalid","test","2","suicide","singlestim","295"
"18405","Subject324","1030530","394","â€šÃ³Ã¨","67","dotpositionleft","singlestim","296","342167","1030540","c","left","correct","","1","trialend","singlestim","297","343179","1030550","noosenoose","1","noose","positionleft","validityvalid","test","2","suicide","singlestim","299"
"18702","Subject324","1030570","383","â€šÃ³Ã¨","67","dotpositionleft","singlestim","300","345619","1030580","c","left","correct","","1","trialend","singlestim","301","346630","1030590","cruelcruel","1","cruel","positionright","validityvalid","test","2","negative","singlestim","303"
"18999","Subject324","1030610","484","â€šÃ³Ã¨","77","dotpositionright","singlestim","304","349171","1030620","m","right","correct","","1","trialend","singlestim","305","350184","1030630","timeout","textTimed","306","351187","1040","","","","",""
