"","SubjectID","rt","stimulus","keypress","word","wordposition","validity","block","blocknum","wordtype","trialtype","trialindex","timeelapsed","rt.1","stimulus.1","keypress.1","dotposition","trialtype.1","trialindex.1","timeelapsed.1","keypressed","participantresponse","correctresponse","rt.2","stimulus.2","keypress.2","blocktrial","trialtype.2","trialindex.2","timeelapsed.2"
"152","Subject159","bloodblood","1","blood","positionleft","validityvalid","test","1","suicide","singlestim","51","79984","100010","â€šÃ³Ã¨","67","dotpositionleft","singlestim","52","80515","100020","left","correct","1","","1","trialend","singlestim","53","81528","100030"
"449","Subject159","suffocationsuffocation","1","suffocation","positionleft","validityinvalid","test","1","suicide","singlestim","55","83534","100050","â€šÃ³Ã¨","77","dotpositionright","singlestim","56","84073","100060","right","correct","1","","1","trialend","singlestim","57","85087","100070"
"746","Subject159","foldedfolded","1","folded","positionleft","validityvalid","test","1","neutral","singlestim","59","87092","100090","â€šÃ³Ã¨","67","dotpositionleft","singlestim","60","87594","1000100","left","correct","1","","1","trialend","singlestim","61","88609","1000110"
"1043","Subject159","imageimage","1","image","positionleft","validityvalid","test","1","neutral","singlestim","63","90615","1000130","â€šÃ³Ã¨","67","dotpositionleft","singlestim","64","91075","1000140","left","correct","1","","1","trialend","singlestim","65","92089","1000150"
"1340","Subject159","vomitvomit","1","vomit","positionleft","validityvalid","test","1","negative","singlestim","67","94096","1000170","â€šÃ³Ã¨","67","dotpositionleft","singlestim","68","94498","1000180","left","correct","1","","1","trialend","singlestim","69","95512","1000190"
"1637","Subject159","funeralfuneral","1","funeral","positionright","validityvalid","test","1","suicide","singlestim","71","97519","1000210","â€šÃ³Ã¨","77","dotpositionright","singlestim","72","97923","1000220","right","correct","1","","1","trialend","singlestim","73","98936","1000230"
"1934","Subject159","hatehate","1","hate","positionright","validityinvalid","test","1","negative","singlestim","75","100942","1000250","â€šÃ³Ã¨","67","dotpositionleft","singlestim","76","101400","1000260","left","correct","1","","1","trialend","singlestim","77","102415","1000270"
"2231","Subject159","attractionattraction","1","attraction","positionright","validityvalid","test","1","positive","singlestim","79","104420","1000290","â€šÃ³Ã¨","77","dotpositionright","singlestim","80","104864","1000300","right","correct","1","","1","trialend","singlestim","81","105878","1000310"
"2528","Subject159","healthyhealthy","1","healthy","positionleft","validityinvalid","test","1","positive","singlestim","83","107884","1000330","â€šÃ³Ã¨","77","dotpositionright","singlestim","84","108386","1000340","right","correct","1","","1","trialend","singlestim","85","109401","1000350"
"2825","Subject159","cryingcrying","1","crying","positionright","validityvalid","test","1","negative","singlestim","87","111406","1000370","â€šÃ³Ã¨","77","dotpositionright","singlestim","88","111816","1000380","right","correct","1","","1","trialend","singlestim","89","112832","1000390"
"3122","Subject159","patheticpathetic","1","pathetic","positionleft","validityvalid","test","1","negative","singlestim","91","114838","1000410","â€šÃ³Ã¨","67","dotpositionleft","singlestim","92","115281","1000420","left","correct","1","","1","trialend","singlestim","93","116296","1000430"
"3419","Subject159","greatgreat","1","great","positionright","validityvalid","test","1","positive","singlestim","95","118301","1000450","â€šÃ³Ã¨","77","dotpositionright","singlestim","96","118725","1000460","right","correct","1","","1","trialend","singlestim","97","119739","1000470"
"3716","Subject159","cheesecheese","1","cheese","positionright","validityvalid","test","1","neutral","singlestim","99","121744","1000490","â€šÃ³Ã¨","77","dotpositionright","singlestim","100","122346","1000500","right","correct","1","","1","trialend","singlestim","101","123360","1000510"
"4013","Subject159","statuestatue","1","statue","positionright","validityinvalid","test","1","neutral","singlestim","103","125367","1000530","â€šÃ³Ã¨","67","dotpositionleft","singlestim","104","125896","1000540","left","correct","1","","1","trialend","singlestim","105","126911","1000550"
"4310","Subject159","paradiseparadise","1","paradise","positionleft","validityvalid","test","1","positive","singlestim","107","128917","1000570","â€šÃ³Ã¨","67","dotpositionleft","singlestim","108","129327","1000580","left","correct","1","","1","trialend","singlestim","109","130341","1000590"
"4607","Subject159","gunshotgunshot","1","gunshot","positionright","validityvalid","test","1","suicide","singlestim","111","132350","1000610","â€šÃ³Ã¨","77","dotpositionright","singlestim","112","132782","1000620","right","correct","1","","1","trialend","singlestim","113","133797","1000630"
"4904","Subject159","cuttingcutting","1","cutting","positionright","validityvalid","test","3","suicide","singlestim","115","135806","101010","â€šÃ³Ã¨","77","dotpositionright","singlestim","116","136183","101020","right","correct","1","","1","trialend","singlestim","117","137197","101030"
"5201","Subject159","touretoure","1","toure","positionleft","validityvalid","test","3","negative","singlestim","119","139203","101050","â€šÃ³Ã¨","67","dotpositionleft","singlestim","120","139674","101060","left","correct","1","","1","trialend","singlestim","121","140688","101070"
"5498","Subject159","greengreen","1","green","positionright","validityvalid","test","3","neutral","singlestim","123","142695","101090","â€šÃ³Ã¨","77","dotpositionright","singlestim","124","143033","1010100","right","correct","1","","1","trialend","singlestim","125","144048","1010110"
"5795","Subject159","metermeter","1","meter","positionleft","validityvalid","test","3","neutral","singlestim","127","146053","1010130","â€šÃ³Ã¨","67","dotpositionleft","singlestim","128","146419","1010140","left","correct","1","","1","trialend","singlestim","129","147432","1010150"
"6092","Subject159","dyingdying","1","dying","positionleft","validityvalid","test","3","suicide","singlestim","131","149437","1010170","â€šÃ³Ã¨","67","dotpositionleft","singlestim","132","149842","1010180","left","correct","1","","1","trialend","singlestim","133","150857","1010190"
"6389","Subject159","museummuseum","1","museum","positionleft","validityvalid","test","3","neutral","singlestim","135","152862","1010210","â€šÃ³Ã¨","67","dotpositionleft","singlestim","136","153250","1010220","left","correct","1","","1","trialend","singlestim","137","154266","1010230"
"6686","Subject159","deaddead","1","dead","positionleft","validityinvalid","test","3","suicide","singlestim","139","156273","1010250","â€šÃ³Ã¨","77","dotpositionright","singlestim","140","156724","1010260","right","correct","1","","1","trialend","singlestim","141","157739","1010270"
"6983","Subject159","rejectedrejected","1","rejected","positionright","validityvalid","test","3","negative","singlestim","143","159747","1010290","â€šÃ³Ã¨","77","dotpositionright","singlestim","144","160186","1010300","right","correct","1","","1","trialend","singlestim","145","161201","1010310"
"7280","Subject159","happyhappy","1","happy","positionright","validityvalid","test","3","positive","singlestim","147","163207","1010330","â€šÃ³Ã¨","77","dotpositionright","singlestim","148","163646","1010340","right","correct","1","","1","trialend","singlestim","149","164662","1010350"
"7577","Subject159","kisskiss","1","kiss","positionright","validityinvalid","test","3","positive","singlestim","151","166667","1010370","â€šÃ³Ã¨","67","dotpositionleft","singlestim","152","167057","1010380","left","correct","1","","1","trialend","singlestim","153","168070","1010390"
"7874","Subject159","bombbomb","1","bomb","positionright","validityvalid","test","3","negative","singlestim","155","170076","1010410","â€šÃ³Ã¨","77","dotpositionright","singlestim","156","170510","1010420","right","correct","1","","1","trialend","singlestim","157","171523","1010430"
"8171","Subject159","assaultassault","1","assault","positionleft","validityinvalid","test","3","negative","singlestim","159","173527","1010450","â€šÃ³Ã¨","77","dotpositionright","singlestim","160","173968","1010460","right","correct","1","","1","trialend","singlestim","161","174983","1010470"
"8468","Subject159","smilesmile","1","smile","positionleft","validityvalid","test","3","positive","singlestim","163","176988","1010490","â€šÃ³Ã¨","67","dotpositionleft","singlestim","164","177446","1010500","left","correct","1","","1","trialend","singlestim","165","178459","1010510"
"8765","Subject159","strongstrong","1","strong","positionleft","validityvalid","test","3","positive","singlestim","167","180464","1010530","â€šÃ³Ã¨","67","dotpositionleft","singlestim","168","180888","1010540","left","correct","1","","1","trialend","singlestim","169","181901","1010550"
"9062","Subject159","diedie","1","die","positionright","validityvalid","test","3","suicide","singlestim","171","183905","1010570","â€šÃ³Ã¨","77","dotpositionright","singlestim","172","184353","1010580","right","correct","1","","1","trialend","singlestim","173","185367","1010590"
"9359","Subject159","closetcloset","1","closet","positionright","validityinvalid","test","3","neutral","singlestim","175","187372","1010610","â€šÃ³Ã¨","67","dotpositionleft","singlestim","176","187800","1010620","left","correct","1","","1","trialend","singlestim","177","188814","1010630"
"9656","Subject159","filthyfilthy","1","filthy","positionleft","validityinvalid","test","2","negative","singlestim","179","190819","102010","â€šÃ³Ã¨","77","dotpositionright","singlestim","180","191274","102020","right","correct","1","","1","trialend","singlestim","181","192289","102030"
"9953","Subject159","abuseabuse","1","abuse","positionright","validityvalid","test","2","negative","singlestim","183","194300","102050","â€šÃ³Ã¨","77","dotpositionright","singlestim","184","194772","102060","right","correct","1","","1","trialend","singlestim","185","195787","102070"
"10250","Subject159","corpsecorpse","1","corpse","positionleft","validityvalid","test","2","suicide","singlestim","187","197794","102090","â€šÃ³Ã¨","67","dotpositionleft","singlestim","188","198175","1020100","left","correct","1","","1","trialend","singlestim","189","199189","1020110"
"10547","Subject159","deathdeath","1","death","positionright","validityvalid","test","2","suicide","singlestim","191","201195","1020130","â€šÃ³Ã¨","77","dotpositionright","singlestim","192","201620","1020140","right","correct","1","","1","trialend","singlestim","193","202632","1020150"
"10844","Subject159","enthusiasmenthusiasm","1","enthusiasm","positionright","validityvalid","test","2","positive","singlestim","195","204639","1020170","â€šÃ³Ã¨","77","dotpositionright","singlestim","196","205073","1020180","right","correct","1","","1","trialend","singlestim","197","206087","1020190"
"11141","Subject159","failurefailure","1","failure","positionleft","validityvalid","test","2","negative","singlestim","199","208093","1020210","â€šÃ³Ã¨","67","dotpositionleft","singlestim","200","208516","1020220","left","correct","1","","1","trialend","singlestim","201","209529","1020230"
"11438","Subject159","pleasurepleasure","1","pleasure","positionleft","validityvalid","test","2","positive","singlestim","203","211535","1020250","â€šÃ³Ã¨","67","dotpositionleft","singlestim","204","211876","1020260","left","correct","1","","1","trialend","singlestim","205","212889","1020270"
"11735","Subject159","noosenoose","1","noose","positionleft","validityvalid","test","2","suicide","singlestim","207","214896","1020290","â€šÃ³Ã¨","67","dotpositionleft","singlestim","208","215259","1020300","left","correct","1","","1","trialend","singlestim","209","216273","1020310"
"12032","Subject159","braverybravery","67","bravery","positionleft","validityvalid","test","2","positive","singlestim","211","218277","1020330","â€šÃ³Ã¨","67","dotpositionleft","singlestim","212","218794","1020340","left","correct","1","","1","trialend","singlestim","213","219808","1020350"
"12329","Subject159","cruelcruel","1","cruel","positionright","validityvalid","test","2","negative","singlestim","215","221815","1020370","â€šÃ³Ã¨","77","dotpositionright","singlestim","216","222220","1020380","right","correct","1","","1","trialend","singlestim","217","223233","1020390"
"12626","Subject159","overdoseoverdose","1","overdose","positionright","validityinvalid","test","2","suicide","singlestim","219","225240","1020410","â€šÃ³Ã¨","67","dotpositionleft","singlestim","220","225707","1020420","left","correct","1","","1","trialend","singlestim","221","226720","1020430"
"12923","Subject159","foamfoam","1","foam","positionright","validityvalid","test","2","neutral","singlestim","223","228725","1020450","â€šÃ³Ã¨","77","dotpositionright","singlestim","224","229239","1020460","right","correct","1","","1","trialend","singlestim","225","230254","1020470"
"13220","Subject159","lovelove","1","love","positionright","validityinvalid","test","2","positive","singlestim","227","232260","1020490","â€šÃ³Ã¨","67","dotpositionleft","singlestim","228","232725","1020500","left","correct","1","","1","trialend","singlestim","229","233738","1020510"
"13517","Subject159","tabletable","1","table","positionright","validityvalid","test","2","neutral","singlestim","231","235743","1020530","â€šÃ³Ã¨","77","dotpositionright","singlestim","232","236148","1020540","right","correct","1","","1","trialend","singlestim","233","237164","1020550"
"13814","Subject159","paperpaper","1","paper","positionleft","validityvalid","test","2","neutral","singlestim","235","239171","1020570","â€šÃ³Ã¨","67","dotpositionleft","singlestim","236","239779","1020580","left","correct","1","","1","trialend","singlestim","237","240794","1020590"
"14111","Subject159","horsehorse","1","horse","positionleft","validityinvalid","test","2","neutral","singlestim","239","242799","1020610","â€šÃ³Ã¨","77","dotpositionright","singlestim","240","243366","1020620","right","correct","1","","1","trialend","singlestim","241","244381","1020630"
"14408","Subject159","stupidstupid","1","stupid","positionleft","validityvalid","test","4","negative","singlestim","243","246388","103010","â€šÃ³Ã¨","67","dotpositionleft","singlestim","244","246821","103020","left","correct","1","","1","trialend","singlestim","245","247835","103030"
"14705","Subject159","laughlaugh","1","laugh","positionright","validityvalid","test","4","positive","singlestim","247","249840","103050","â€šÃ³Ã¨","77","dotpositionright","singlestim","248","250310","103060","right","correct","1","","1","trialend","singlestim","249","251324","103070"
"15002","Subject159","successsuccess","1","success","positionleft","validityvalid","test","4","positive","singlestim","251","253331","103090","â€šÃ³Ã¨","67","dotpositionleft","singlestim","252","253746","1030100","left","correct","1","","1","trialend","singlestim","253","254760","1030110"
"15299","Subject159","structurestructure","77","structure","positionright","validityvalid","test","4","neutral","singlestim","255","256766","1030130","â€šÃ³Ã¨","77","dotpositionright","singlestim","256","257149","1030140","right","correct","1","","1","trialend","singlestim","257","258163","1030150"
"15596","Subject159","engineengine","1","engine","positionleft","validityvalid","test","4","neutral","singlestim","259","260167","1030170","â€šÃ³Ã¨","67","dotpositionleft","singlestim","260","260585","1030180","left","correct","1","","1","trialend","singlestim","261","261599","1030190"
"15893","Subject159","wohlesswohless","1","wohless","positionright","validityvalid","test","4","negative","singlestim","263","263603","1030210","â€šÃ³Ã¨","77","dotpositionright","singlestim","264","264162","1030220","right","correct","1","","1","trialend","singlestim","265","265176","1030230"
"16190","Subject159","passionatepassionate","1","passionate","positionleft","validityinvalid","test","4","positive","singlestim","267","267182","1030250","â€šÃ³Ã¨","77","dotpositionright","singlestim","268","267631","1030260","right","correct","1","","1","trialend","singlestim","269","268644","1030270"
"16487","Subject159","deceaseddeceased","1","deceased","positionright","validityvalid","test","4","suicide","singlestim","271","270650","1030290","â€šÃ³Ã¨","77","dotpositionright","singlestim","272","271088","1030300","right","correct","1","","1","trialend","singlestim","273","272103","1030310"
"16784","Subject159","alonealone","1","alone","positionleft","validityvalid","test","4","negative","singlestim","275","274111","1030330","â€šÃ³Ã¨","67","dotpositionleft","singlestim","276","274656","1030340","left","correct","1","","1","trialend","singlestim","277","275671","1030350"
"17081","Subject159","doubledouble","1","double","positionright","validityvalid","test","4","neutral","singlestim","279","277676","1030370","â€šÃ³Ã¨","77","dotpositionright","singlestim","280","278065","1030380","right","correct","1","","1","trialend","singlestim","281","279079","1030390"
"17378","Subject159","ashamedashamed","1","ashamed","positionright","validityinvalid","test","4","negative","singlestim","283","281084","1030410","â€šÃ³Ã¨","67","dotpositionleft","singlestim","284","281471","1030420","left","correct","1","","1","trialend","singlestim","285","282485","1030430"
"17675","Subject159","killingkilling","1","killing","positionleft","validityvalid","test","4","suicide","singlestim","287","284493","1030450","â€šÃ³Ã¨","67","dotpositionleft","singlestim","288","284903","1030460","left","correct","1","","1","trialend","singlestim","289","285918","1030470"
"17972","Subject159","suicidesuicide","1","suicide","positionright","validityinvalid","test","4","suicide","singlestim","291","287924","1030490","â€šÃ³Ã¨","67","dotpositionleft","singlestim","292","288358","1030500","left","correct","1","","1","trialend","singlestim","293","289374","1030510"
"18269","Subject159","hanginghanging","1","hanging","positionleft","validityvalid","test","4","suicide","singlestim","295","291380","1030530","â€šÃ³Ã¨","67","dotpositionleft","singlestim","296","291792","1030540","left","correct","1","","1","trialend","singlestim","297","292807","1030550"
"18566","Subject159","frameframe","1","frame","positionleft","validityinvalid","test","4","neutral","singlestim","299","294812","1030570","â€šÃ³Ã¨","77","dotpositionright","singlestim","300","295269","1030580","right","correct","1","","1","trialend","singlestim","301","296283","1030590"
"18863","Subject159","ecstaticecstatic","1","ecstatic","positionright","validityvalid","test","4","positive","singlestim","303","298289","1030610","â€šÃ³Ã¨","77","dotpositionright","singlestim","304","298696","1030620","right","correct","1","","1","trialend","singlestim","305","299710","1030630"
