"","SubjectID","rt","stimulus","keypress","word","wordposition","validity","block","blocknum","wordtype","trialtype","trialindex","timeelapsed","rt.1","stimulus.1","keypress.1","dotposition","trialtype.1","trialindex.1","timeelapsed.1","keypressed","participantresponse","correctresponse","rt.2","stimulus.2","keypress.2","blocktrial","trialtype.2","trialindex.2","timeelapsed.2"
"136","Subject143","1","healthyhealthy","1","healthy","positionleft","validityinvalid","test","1","positive","singlestim","51","95196","288","â€šÃ³Ã¨","77","dotpositionright","singlestim","52","95540","m","right","correct","1","","1","trialend","singlestim","53","96558"
"433","Subject143","1","cryingcrying","1","crying","positionright","validityvalid","test","1","negative","singlestim","55","98569","324","â€šÃ³Ã¨","77","dotpositionright","singlestim","56","98948","m","right","correct","1","","1","trialend","singlestim","57","99961"
"730","Subject143","1","funeralfuneral","1","funeral","positionright","validityvalid","test","1","suicide","singlestim","59","101968","320","â€šÃ³Ã¨","77","dotpositionright","singlestim","60","102342","m","right","correct","1","","1","trialend","singlestim","61","103357"
"1027","Subject143","1","statuestatue","1","statue","positionright","validityinvalid","test","1","neutral","singlestim","63","105365","319","â€šÃ³Ã¨","67","dotpositionleft","singlestim","64","105737","c","left","correct","1","","1","trialend","singlestim","65","106752"
"1324","Subject143","1","imageimage","1","image","positionleft","validityvalid","test","1","neutral","singlestim","67","108761","298","â€šÃ³Ã¨","67","dotpositionleft","singlestim","68","109111","c","left","correct","1","","1","trialend","singlestim","69","110125"
"1621","Subject143","1","patheticpathetic","1","pathetic","positionleft","validityvalid","test","1","negative","singlestim","71","112133","299","â€šÃ³Ã¨","67","dotpositionleft","singlestim","72","112486","c","left","correct","1","","1","trialend","singlestim","73","113503"
"1918","Subject143","1","cheesecheese","1","cheese","positionright","validityvalid","test","1","neutral","singlestim","75","115511","307","â€šÃ³Ã¨","77","dotpositionright","singlestim","76","115871","m","right","correct","1","","1","trialend","singlestim","77","116886"
"2215","Subject143","1","gunshotgunshot","1","gunshot","positionright","validityvalid","test","1","suicide","singlestim","79","118895","309","â€šÃ³Ã¨","77","dotpositionright","singlestim","80","119257","m","right","correct","1","","1","trialend","singlestim","81","120270"
"2512","Subject143","1","suffocationsuffocation","1","suffocation","positionleft","validityinvalid","test","1","suicide","singlestim","83","122278","335","â€šÃ³Ã¨","77","dotpositionright","singlestim","84","122667","m","right","correct","1","","1","trialend","singlestim","85","123683"
"2809","Subject143","1","paradiseparadise","1","paradise","positionleft","validityvalid","test","1","positive","singlestim","87","125692","304","â€šÃ³Ã¨","67","dotpositionleft","singlestim","88","126047","c","left","correct","1","","1","trialend","singlestim","89","127061"
"3106","Subject143","1","foldedfolded","1","folded","positionleft","validityvalid","test","1","neutral","singlestim","91","129070","240","â€šÃ³Ã¨","67","dotpositionleft","singlestim","92","129361","c","left","correct","1","","1","trialend","singlestim","93","130375"
"3403","Subject143","1","bloodblood","1","blood","positionleft","validityvalid","test","1","suicide","singlestim","95","132384","295","â€šÃ³Ã¨","67","dotpositionleft","singlestim","96","132734","c","left","correct","1","","1","trialend","singlestim","97","133748"
"3700","Subject143","1","vomitvomit","1","vomit","positionleft","validityvalid","test","1","negative","singlestim","99","135758","306","â€šÃ³Ã¨","67","dotpositionleft","singlestim","100","136121","c","left","correct","1","","1","trialend","singlestim","101","137138"
"3997","Subject143","1","greatgreat","1","great","positionright","validityvalid","test","1","positive","singlestim","103","139146","294","â€šÃ³Ã¨","77","dotpositionright","singlestim","104","139492","m","right","correct","1","","1","trialend","singlestim","105","140510"
"4294","Subject143","1","attractionattraction","1","attraction","positionright","validityvalid","test","1","positive","singlestim","107","142518","335","â€šÃ³Ã¨","77","dotpositionright","singlestim","108","142909","m","right","correct","1","","1","trialend","singlestim","109","143925"
"4591","Subject143","1","hatehate","1","hate","positionright","validityinvalid","test","1","negative","singlestim","111","145930","306","â€šÃ³Ã¨","67","dotpositionleft","singlestim","112","146290","c","left","correct","1","","1","trialend","singlestim","113","147303"
"4888","Subject143","1","diedie","1","die","positionright","validityvalid","test","3","suicide","singlestim","115","149314","283","â€šÃ³Ã¨","77","dotpositionright","singlestim","116","149650","m","right","correct","1","","1","trialend","singlestim","117","150667"
"5185","Subject143","1","strongstrong","1","strong","positionleft","validityvalid","test","3","positive","singlestim","119","152675","338","â€šÃ³Ã¨","67","dotpositionleft","singlestim","120","153067","c","left","correct","1","","1","trialend","singlestim","121","154080"
"5482","Subject143","1","metermeter","1","meter","positionleft","validityvalid","test","3","neutral","singlestim","123","156088","230","â€šÃ³Ã¨","67","dotpositionleft","singlestim","124","156370","c","left","correct","1","","1","trialend","singlestim","125","157388"
"5779","Subject143","1","dyingdying","1","dying","positionleft","validityvalid","test","3","suicide","singlestim","127","159397","264","â€šÃ³Ã¨","67","dotpositionleft","singlestim","128","159713","c","left","correct","1","","1","trialend","singlestim","129","160725"
"6076","Subject143","1","happyhappy","1","happy","positionright","validityvalid","test","3","positive","singlestim","131","162734","282","â€šÃ³Ã¨","77","dotpositionright","singlestim","132","163068","m","right","correct","1","","1","trialend","singlestim","133","164086"
"6373","Subject143","1","smilesmile","1","smile","positionleft","validityvalid","test","3","positive","singlestim","135","166095","280","â€šÃ³Ã¨","67","dotpositionleft","singlestim","136","166427","c","left","correct","1","","1","trialend","singlestim","137","167441"
"6670","Subject143","1","bombbomb","1","bomb","positionright","validityvalid","test","3","negative","singlestim","139","169449","294","â€šÃ³Ã¨","77","dotpositionright","singlestim","140","169797","m","right","correct","1","","1","trialend","singlestim","141","170811"
"6967","Subject143","1","museummuseum","1","museum","positionleft","validityvalid","test","3","neutral","singlestim","143","172822","268","â€šÃ³Ã¨","67","dotpositionleft","singlestim","144","173142","c","left","correct","1","","1","trialend","singlestim","145","174157"
"7264","Subject143","1","kisskiss","1","kiss","positionright","validityinvalid","test","3","positive","singlestim","147","176165","325","â€šÃ³Ã¨","67","dotpositionleft","singlestim","148","176543","c","left","correct","1","","1","trialend","singlestim","149","177558"
"7561","Subject143","1","cuttingcutting","1","cutting","positionright","validityvalid","test","3","suicide","singlestim","151","179567","302","â€šÃ³Ã¨","77","dotpositionright","singlestim","152","179921","m","right","correct","1","","1","trialend","singlestim","153","180936"
"7858","Subject143","1","rejectedrejected","1","rejected","positionright","validityvalid","test","3","negative","singlestim","155","182945","271","â€šÃ³Ã¨","77","dotpositionright","singlestim","156","183269","m","right","correct","1","","1","trialend","singlestim","157","184286"
"8155","Subject143","1","closetcloset","1","closet","positionright","validityinvalid","test","3","neutral","singlestim","159","186293","247","â€šÃ³Ã¨","67","dotpositionleft","singlestim","160","186594","c","left","correct","1","","1","trialend","singlestim","161","187611"
"8452","Subject143","1","assaultassault","1","assault","positionleft","validityinvalid","test","3","negative","singlestim","163","189619","295","â€šÃ³Ã¨","77","dotpositionright","singlestim","164","189970","m","right","correct","1","","1","trialend","singlestim","165","190983"
"8749","Subject143","1","greengreen","1","green","positionright","validityvalid","test","3","neutral","singlestim","167","192991","241","â€šÃ³Ã¨","77","dotpositionright","singlestim","168","193287","m","right","correct","1","","1","trialend","singlestim","169","194303"
"9046","Subject143","1","touretoure","1","toure","positionleft","validityvalid","test","3","negative","singlestim","171","196311","347","â€šÃ³Ã¨","67","dotpositionleft","singlestim","172","196712","c","left","correct","1","","1","trialend","singlestim","173","197728"
"9343","Subject143","1","deaddead","1","dead","positionleft","validityinvalid","test","3","suicide","singlestim","175","199736","311","â€šÃ³Ã¨","77","dotpositionright","singlestim","176","200103","m","right","correct","1","","1","trialend","singlestim","177","201117"
"9640","Subject143","1","alonealone","1","alone","positionleft","validityvalid","test","4","negative","singlestim","179","203125","285","â€šÃ³Ã¨","67","dotpositionleft","singlestim","180","203465","c","left","correct","1","","1","trialend","singlestim","181","204478"
"9937","Subject143","1","doubledouble","1","double","positionright","validityvalid","test","4","neutral","singlestim","183","206486","286","â€šÃ³Ã¨","77","dotpositionright","singlestim","184","206827","m","right","correct","1","","1","trialend","singlestim","185","207844"
"10234","Subject143","1","ecstaticecstatic","1","ecstatic","positionright","validityvalid","test","4","positive","singlestim","187","209852","288","â€šÃ³Ã¨","77","dotpositionright","singlestim","188","210194","m","right","correct","1","","1","trialend","singlestim","189","211211"
"10531","Subject143","1","successsuccess","1","success","positionleft","validityvalid","test","4","positive","singlestim","191","213217","285","â€šÃ³Ã¨","67","dotpositionleft","singlestim","192","213557","c","left","correct","1","","1","trialend","singlestim","193","214572"
"10828","Subject143","1","laughlaugh","1","laugh","positionright","validityvalid","test","4","positive","singlestim","195","216579","249","â€šÃ³Ã¨","77","dotpositionright","singlestim","196","216882","m","right","correct","1","","1","trialend","singlestim","197","217897"
"11125","Subject143","1","wohlesswohless","1","wohless","positionright","validityvalid","test","4","negative","singlestim","199","219907","259","â€šÃ³Ã¨","77","dotpositionright","singlestim","200","220224","m","right","correct","1","","1","trialend","singlestim","201","221238"
"11422","Subject143","1","deceaseddeceased","1","deceased","positionright","validityvalid","test","4","suicide","singlestim","203","223249","273","â€šÃ³Ã¨","77","dotpositionright","singlestim","204","223575","m","right","correct","1","","1","trialend","singlestim","205","224591"
"11719","Subject143","1","hanginghanging","1","hanging","positionleft","validityvalid","test","4","suicide","singlestim","207","226598","314","â€šÃ³Ã¨","67","dotpositionleft","singlestim","208","226964","c","left","correct","1","","1","trialend","singlestim","209","227980"
"12016","Subject143","1","engineengine","1","engine","positionleft","validityvalid","test","4","neutral","singlestim","211","229987","258","â€šÃ³Ã¨","67","dotpositionleft","singlestim","212","230300","c","left","correct","1","","1","trialend","singlestim","213","231315"
"12313","Subject143","1","structurestructure","1","structure","positionright","validityvalid","test","4","neutral","singlestim","215","233325","269","â€šÃ³Ã¨","77","dotpositionright","singlestim","216","233647","m","right","correct","1","","1","trialend","singlestim","217","234660"
"12610","Subject143","1","stupidstupid","1","stupid","positionleft","validityvalid","test","4","negative","singlestim","219","236667","252","â€šÃ³Ã¨","67","dotpositionleft","singlestim","220","236974","c","left","correct","1","","1","trialend","singlestim","221","237992"
"12907","Subject143","1","ashamedashamed","1","ashamed","positionright","validityinvalid","test","4","negative","singlestim","223","240000","227","â€šÃ³Ã¨","77","dotpositionleft","singlestim","224","240280","m","right","incorrect","1","","1","trialend","singlestim","225","241294"
"13204","Subject143","1","frameframe","1","frame","positionleft","validityinvalid","test","4","neutral","singlestim","227","243303","322","â€šÃ³Ã¨","77","dotpositionright","singlestim","228","243680","m","right","correct","1","","1","trialend","singlestim","229","244695"
"13501","Subject143","1","passionatepassionate","1","passionate","positionleft","validityinvalid","test","4","positive","singlestim","231","246702","262","â€šÃ³Ã¨","77","dotpositionright","singlestim","232","247020","m","right","correct","1","","1","trialend","singlestim","233","248033"
"13798","Subject143","1","suicidesuicide","1","suicide","positionright","validityinvalid","test","4","suicide","singlestim","235","250042","308","â€šÃ³Ã¨","67","dotpositionleft","singlestim","236","250404","c","left","correct","1","","1","trialend","singlestim","237","251416"
"14095","Subject143","1","killingkilling","1","killing","positionleft","validityvalid","test","4","suicide","singlestim","239","253425","416","â€šÃ³Ã¨","67","dotpositionleft","singlestim","240","253893","c","left","correct","1","","1","trialend","singlestim","241","254911"
"14392","Subject143","1","deathdeath","1","death","positionright","validityvalid","test","2","suicide","singlestim","243","256919","316","â€šÃ³Ã¨","77","dotpositionright","singlestim","244","257292","m","right","correct","1","","1","trialend","singlestim","245","258307"
"14689","Subject143","1","braverybravery","1","bravery","positionleft","validityvalid","test","2","positive","singlestim","247","260315","223","â€šÃ³Ã¨","67","dotpositionleft","singlestim","248","260592","c","left","correct","1","","1","trialend","singlestim","249","261609"
"14986","Subject143","1","noosenoose","1","noose","positionleft","validityvalid","test","2","suicide","singlestim","251","263617","298","â€šÃ³Ã¨","67","dotpositionleft","singlestim","252","263967","c","left","correct","1","","1","trialend","singlestim","253","264981"
"15283","Subject143","1","failurefailure","1","failure","positionleft","validityvalid","test","2","negative","singlestim","255","266988","239","â€šÃ³Ã¨","67","dotpositionleft","singlestim","256","267282","c","left","correct","1","","1","trialend","singlestim","257","268296"
"15580","Subject143","1","corpsecorpse","1","corpse","positionleft","validityvalid","test","2","suicide","singlestim","259","270304","236","â€šÃ³Ã¨","67","dotpositionleft","singlestim","260","270593","c","left","correct","1","","1","trialend","singlestim","261","271609"
"15877","Subject143","1","cruelcruel","1","cruel","positionright","validityvalid","test","2","negative","singlestim","263","273618","270","â€šÃ³Ã¨","77","dotpositionright","singlestim","264","273942","m","right","correct","1","","1","trialend","singlestim","265","274958"
"16174","Subject143","1","pleasurepleasure","1","pleasure","positionleft","validityvalid","test","2","positive","singlestim","267","276965","298","â€šÃ³Ã¨","67","dotpositionleft","singlestim","268","277319","c","left","correct","1","","1","trialend","singlestim","269","278334"
"16471","Subject143","1","tabletable","1","table","positionright","validityvalid","test","2","neutral","singlestim","271","280345","347","â€šÃ³Ã¨","77","dotpositionright","singlestim","272","280745","m","right","correct","1","","1","trialend","singlestim","273","281761"
"16768","Subject143","1","overdoseoverdose","1","overdose","positionright","validityinvalid","test","2","suicide","singlestim","275","283770","284","â€šÃ³Ã¨","67","dotpositionleft","singlestim","276","284107","c","left","correct","1","","1","trialend","singlestim","277","285124"
"17065","Subject143","1","abuseabuse","1","abuse","positionright","validityvalid","test","2","negative","singlestim","279","287131","261","â€šÃ³Ã¨","77","dotpositionright","singlestim","280","287443","m","right","correct","1","","1","trialend","singlestim","281","288459"
"17362","Subject143","1","foamfoam","1","foam","positionright","validityvalid","test","2","neutral","singlestim","283","290468","295","â€šÃ³Ã¨","77","dotpositionright","singlestim","284","290818","m","right","correct","1","","1","trialend","singlestim","285","291832"
"17659","Subject143","1","horsehorse","1","horse","positionleft","validityinvalid","test","2","neutral","singlestim","287","293840","386","â€šÃ³Ã¨","77","dotpositionright","singlestim","288","294279","m","right","correct","1","","1","trialend","singlestim","289","295294"
"17956","Subject143","1","filthyfilthy","1","filthy","positionleft","validityinvalid","test","2","negative","singlestim","291","297305","316","â€šÃ³Ã¨","77","dotpositionright","singlestim","292","297673","m","right","correct","1","","1","trialend","singlestim","293","298691"
"18253","Subject143","1","paperpaper","1","paper","positionleft","validityvalid","test","2","neutral","singlestim","295","300700","410","â€šÃ³Ã¨","67","dotpositionleft","singlestim","296","301162","c","left","correct","1","","1","trialend","singlestim","297","302175"
"18550","Subject143","1","enthusiasmenthusiasm","1","enthusiasm","positionright","validityvalid","test","2","positive","singlestim","299","304183","262","â€šÃ³Ã¨","77","dotpositionright","singlestim","300","304498","m","right","correct","1","","1","trialend","singlestim","301","305512"
"18847","Subject143","1","lovelove","1","love","positionright","validityinvalid","test","2","positive","singlestim","303","307520","325","â€šÃ³Ã¨","67","dotpositionleft","singlestim","304","307898","c","left","correct","1","","1","trialend","singlestim","305","308912"
