"","SubjectID","rt","stimulus","keypress","word","wordposition","validity","block","blocknum","wordtype","trialtype","trialindex","timeelapsed","rt.1","stimulus.1","keypress.1","dotposition","trialtype.1","trialindex.1","timeelapsed.1","keypressed","participantresponse","correctresponse","rt.2","stimulus.2","keypress.2","blocktrial","trialtype.2","trialindex.2","timeelapsed.2"
"192","Subject223","1","structurestructure","1","structure","positionright","validityvalid","test","4","neutral","singlestim","51","89942","374","â€šÃ³Ã¨","77","dotpositionright","singlestim","52","90369","m","right","correct","1","","1","trialend","singlestim","53","91387"
"489","Subject223","1","killingkilling","1","killing","positionleft","validityvalid","test","4","suicide","singlestim","55","93396","354","â€šÃ³Ã¨","67","dotpositionleft","singlestim","56","93802","c","left","correct","1","","1","trialend","singlestim","57","94817"
"786","Subject223","1","hanginghanging","1","hanging","positionleft","validityvalid","test","4","suicide","singlestim","59","96826","340","â€šÃ³Ã¨","67","dotpositionleft","singlestim","60","97218","c","left","correct","1","","1","trialend","singlestim","61","98229"
"1083","Subject223","1","successsuccess","1","success","positionleft","validityvalid","test","4","positive","singlestim","63","100238","364","â€šÃ³Ã¨","67","dotpositionleft","singlestim","64","100654","c","left","correct","1","","1","trialend","singlestim","65","101671"
"1380","Subject223","1","laughlaugh","1","laugh","positionright","validityvalid","test","4","positive","singlestim","67","103680","425","â€šÃ³Ã¨","77","dotpositionright","singlestim","68","104160","m","right","correct","1","","1","trialend","singlestim","69","105171"
"1677","Subject223","1","alonealone","1","alone","positionleft","validityvalid","test","4","negative","singlestim","71","107180","305","â€šÃ³Ã¨","67","dotpositionleft","singlestim","72","107539","c","left","correct","1","","1","trialend","singlestim","73","108555"
"1974","Subject223","1","stupidstupid","1","stupid","positionleft","validityvalid","test","4","negative","singlestim","75","110564","325","â€šÃ³Ã¨","67","dotpositionleft","singlestim","76","110941","c","left","correct","1","","1","trialend","singlestim","77","111956"
"2271","Subject223","1","wohlesswohless","1","wohless","positionright","validityvalid","test","4","negative","singlestim","79","113965","362","â€šÃ³Ã¨","77","dotpositionright","singlestim","80","114380","m","right","correct","1","","1","trialend","singlestim","81","115399"
"2568","Subject223","1","frameframe","1","frame","positionleft","validityinvalid","test","4","neutral","singlestim","83","117407","429","â€šÃ³Ã¨","77","dotpositionright","singlestim","84","117887","m","right","correct","1","","1","trialend","singlestim","85","118903"
"2865","Subject223","1","suicidesuicide","1","suicide","positionright","validityinvalid","test","4","suicide","singlestim","87","120912","367","â€šÃ³Ã¨","67","dotpositionleft","singlestim","88","121332","c","left","correct","1","","1","trialend","singlestim","89","122346"
"3162","Subject223","1","passionatepassionate","1","passionate","positionleft","validityinvalid","test","4","positive","singlestim","91","124354","409","â€šÃ³Ã¨","77","dotpositionright","singlestim","92","124815","m","right","correct","1","","1","trialend","singlestim","93","125834"
"3459","Subject223","1","engineengine","1","engine","positionleft","validityvalid","test","4","neutral","singlestim","95","127842","359","â€šÃ³Ã¨","67","dotpositionleft","singlestim","96","128254","c","left","correct","1","","1","trialend","singlestim","97","129269"
"3756","Subject223","1","doubledouble","1","double","positionright","validityvalid","test","4","neutral","singlestim","99","131278","327","â€šÃ³Ã¨","77","dotpositionright","singlestim","100","131657","m","right","correct","1","","1","trialend","singlestim","101","132672"
"4053","Subject223","1","ecstaticecstatic","1","ecstatic","positionright","validityvalid","test","4","positive","singlestim","103","134679","356","â€šÃ³Ã¨","77","dotpositionright","singlestim","104","135090","m","right","correct","1","","1","trialend","singlestim","105","136107"
"4350","Subject223","1","ashamedashamed","1","ashamed","positionright","validityinvalid","test","4","negative","singlestim","107","138115","312","â€šÃ³Ã¨","67","dotpositionleft","singlestim","108","138480","c","left","correct","1","","1","trialend","singlestim","109","139497"
"4647","Subject223","1","deceaseddeceased","1","deceased","positionright","validityvalid","test","4","suicide","singlestim","111","141505","339","â€šÃ³Ã¨","77","dotpositionright","singlestim","112","141899","m","right","correct","1","","1","trialend","singlestim","113","142915"
"4944","Subject223","1","strongstrong","1","strong","positionleft","validityvalid","test","3","positive","singlestim","115","144923","313","â€šÃ³Ã¨","67","dotpositionleft","singlestim","116","145289","c","left","correct","1","","1","trialend","singlestim","117","146305"
"5241","Subject223","1","cuttingcutting","1","cutting","positionright","validityvalid","test","3","suicide","singlestim","119","148313","353","â€šÃ³Ã¨","77","dotpositionright","singlestim","120","148718","m","right","correct","1","","1","trialend","singlestim","121","149735"
"5538","Subject223","1","diedie","1","die","positionright","validityvalid","test","3","suicide","singlestim","123","151743","352","â€šÃ³Ã¨","77","dotpositionright","singlestim","124","152148","m","right","correct","1","","1","trialend","singlestim","125","153165"
"5835","Subject223","1","closetcloset","1","closet","positionright","validityinvalid","test","3","neutral","singlestim","127","155174","323","â€šÃ³Ã¨","67","dotpositionleft","singlestim","128","155548","c","left","correct","1","","1","trialend","singlestim","129","156566"
"6132","Subject223","1","bombbomb","1","bomb","positionright","validityvalid","test","3","negative","singlestim","131","158575","375","â€šÃ³Ã¨","77","dotpositionright","singlestim","132","159001","m","right","correct","1","","1","trialend","singlestim","133","160014"
"6429","Subject223","1","assaultassault","1","assault","positionleft","validityinvalid","test","3","negative","singlestim","135","162022","427","â€šÃ³Ã¨","77","dotpositionright","singlestim","136","162504","m","right","correct","1","","1","trialend","singlestim","137","163519"
"6726","Subject223","1","deaddead","1","dead","positionleft","validityinvalid","test","3","suicide","singlestim","139","165528","342","â€šÃ³Ã¨","77","dotpositionright","singlestim","140","165921","m","right","correct","1","","1","trialend","singlestim","141","166938"
"7023","Subject223","1","touretoure","1","toure","positionleft","validityvalid","test","3","negative","singlestim","143","168946","464","â€šÃ³Ã¨","67","dotpositionleft","singlestim","144","169463","c","left","correct","1","","1","trialend","singlestim","145","170479"
"7320","Subject223","1","dyingdying","1","dying","positionleft","validityvalid","test","3","suicide","singlestim","147","172487","317","â€šÃ³Ã¨","67","dotpositionleft","singlestim","148","172859","c","left","correct","1","","1","trialend","singlestim","149","173874"
"7617","Subject223","1","rejectedrejected","1","rejected","positionright","validityvalid","test","3","negative","singlestim","151","175883","345","â€šÃ³Ã¨","77","dotpositionright","singlestim","152","176279","m","right","correct","1","","1","trialend","singlestim","153","177297"
"7914","Subject223","1","happyhappy","1","happy","positionright","validityvalid","test","3","positive","singlestim","155","179306","585","â€šÃ³Ã¨","77","dotpositionright","singlestim","156","179944","m","right","correct","1","","1","trialend","singlestim","157","180961"
"8211","Subject223","1","kisskiss","1","kiss","positionright","validityinvalid","test","3","positive","singlestim","159","182969","287","â€šÃ³Ã¨","67","dotpositionleft","singlestim","160","183310","c","left","correct","1","","1","trialend","singlestim","161","184327"
"8508","Subject223","1","museummuseum","1","museum","positionleft","validityvalid","test","3","neutral","singlestim","163","186336","414","â€šÃ³Ã¨","67","dotpositionleft","singlestim","164","186802","c","left","correct","1","","1","trialend","singlestim","165","187822"
"8805","Subject223","1","smilesmile","1","smile","positionleft","validityvalid","test","3","positive","singlestim","167","189829","378","â€šÃ³Ã¨","67","dotpositionleft","singlestim","168","190260","c","left","correct","1","","1","trialend","singlestim","169","191274"
"9102","Subject223","1","greengreen","1","green","positionright","validityvalid","test","3","neutral","singlestim","171","193283","368","â€šÃ³Ã¨","77","dotpositionright","singlestim","172","193702","m","right","correct","1","","1","trialend","singlestim","173","194716"
"9399","Subject223","1","metermeter","1","meter","positionleft","validityvalid","test","3","neutral","singlestim","175","196725","341","â€šÃ³Ã¨","67","dotpositionleft","singlestim","176","197118","c","left","correct","1","","1","trialend","singlestim","177","198135"
"9696","Subject223","1","paperpaper","1","paper","positionleft","validityvalid","test","2","neutral","singlestim","179","200143","449","â€šÃ³Ã¨","67","dotpositionleft","singlestim","180","200644","c","left","correct","1","","1","trialend","singlestim","181","201664"
"9993","Subject223","1","enthusiasmenthusiasm","1","enthusiasm","positionright","validityvalid","test","2","positive","singlestim","183","203672","410","â€šÃ³Ã¨","77","dotpositionright","singlestim","184","204134","m","right","correct","1","","1","trialend","singlestim","185","205152"
"10290","Subject223","1","failurefailure","1","failure","positionleft","validityvalid","test","2","negative","singlestim","187","207160","361","â€šÃ³Ã¨","67","dotpositionleft","singlestim","188","207574","c","left","correct","1","","1","trialend","singlestim","189","208588"
"10587","Subject223","1","horsehorse","1","horse","positionleft","validityinvalid","test","2","neutral","singlestim","191","210597","403","â€šÃ³Ã¨","77","dotpositionright","singlestim","192","211051","m","right","correct","1","","1","trialend","singlestim","193","212070"
"10884","Subject223","1","noosenoose","1","noose","positionleft","validityvalid","test","2","suicide","singlestim","195","214078","316","â€šÃ³Ã¨","67","dotpositionleft","singlestim","196","214448","c","left","correct","1","","1","trialend","singlestim","197","215465"
"11181","Subject223","1","overdoseoverdose","1","overdose","positionright","validityinvalid","test","2","suicide","singlestim","199","217474","351","â€šÃ³Ã¨","67","dotpositionleft","singlestim","200","217878","c","left","correct","1","","1","trialend","singlestim","201","218890"
"11478","Subject223","1","filthyfilthy","1","filthy","positionleft","validityinvalid","test","2","negative","singlestim","203","220898","600","â€šÃ³Ã¨","77","dotpositionright","singlestim","204","221550","m","right","correct","1","","1","trialend","singlestim","205","222564"
"11775","Subject223","1","deathdeath","1","death","positionright","validityvalid","test","2","suicide","singlestim","207","224572","653","â€šÃ³Ã¨","77","dotpositionright","singlestim","208","225277","m","right","correct","1","","1","trialend","singlestim","209","226296"
"12072","Subject223","1","tabletable","1","table","positionright","validityvalid","test","2","neutral","singlestim","211","228304","491","â€šÃ³Ã¨","77","dotpositionright","singlestim","212","228848","m","right","correct","1","","1","trialend","singlestim","213","229865"
"12369","Subject223","1","corpsecorpse","1","corpse","positionleft","validityvalid","test","2","suicide","singlestim","215","231874","285","â€šÃ³Ã¨","67","dotpositionleft","singlestim","216","232211","c","left","correct","1","","1","trialend","singlestim","217","233226"
"12666","Subject223","1","foamfoam","1","foam","positionright","validityvalid","test","2","neutral","singlestim","219","235234","401","â€šÃ³Ã¨","77","dotpositionright","singlestim","220","235687","m","right","correct","1","","1","trialend","singlestim","221","236702"
"12963","Subject223","1","lovelove","1","love","positionright","validityinvalid","test","2","positive","singlestim","223","238711","350","â€šÃ³Ã¨","67","dotpositionleft","singlestim","224","239113","c","left","correct","1","","1","trialend","singlestim","225","240132"
"13260","Subject223","1","cruelcruel","1","cruel","positionright","validityvalid","test","2","negative","singlestim","227","242141","383","â€šÃ³Ã¨","77","dotpositionright","singlestim","228","242580","m","right","correct","1","","1","trialend","singlestim","229","243597"
"13557","Subject223","1","abuseabuse","1","abuse","positionright","validityvalid","test","2","negative","singlestim","231","245606","353","â€šÃ³Ã¨","77","dotpositionright","singlestim","232","246011","m","right","correct","1","","1","trialend","singlestim","233","247028"
"13854","Subject223","1","braverybravery","1","bravery","positionleft","validityvalid","test","2","positive","singlestim","235","249036","332","â€šÃ³Ã¨","67","dotpositionleft","singlestim","236","249422","c","left","correct","1","","1","trialend","singlestim","237","250440"
"14151","Subject223","1","pleasurepleasure","1","pleasure","positionleft","validityvalid","test","2","positive","singlestim","239","252449","277","â€šÃ³Ã¨","67","dotpositionleft","singlestim","240","252778","c","left","correct","1","","1","trialend","singlestim","241","253795"
"14448","Subject223","1","statuestatue","1","statue","positionright","validityinvalid","test","1","neutral","singlestim","243","255803","408","â€šÃ³Ã¨","67","dotpositionleft","singlestim","244","256264","c","left","correct","1","","1","trialend","singlestim","245","257277"
"14745","Subject223","1","paradiseparadise","1","paradise","positionleft","validityvalid","test","1","positive","singlestim","247","259286","359","â€šÃ³Ã¨","67","dotpositionleft","singlestim","248","259697","c","left","correct","1","","1","trialend","singlestim","249","260714"
"15042","Subject223","1","vomitvomit","1","vomit","positionleft","validityvalid","test","1","negative","singlestim","251","262722","345","â€šÃ³Ã¨","67","dotpositionleft","singlestim","252","263122","c","left","correct","1","","1","trialend","singlestim","253","264138"
"15339","Subject223","1","funeralfuneral","1","funeral","positionright","validityvalid","test","1","suicide","singlestim","255","266146","325","â€šÃ³Ã¨","77","dotpositionright","singlestim","256","266525","m","right","correct","1","","1","trialend","singlestim","257","267539"
"15636","Subject223","1","attractionattraction","1","attraction","positionright","validityvalid","test","1","positive","singlestim","259","269548","417","â€šÃ³Ã¨","77","dotpositionright","singlestim","260","270017","m","right","correct","1","","1","trialend","singlestim","261","271033"
"15933","Subject223","1","suffocationsuffocation","1","suffocation","positionleft","validityinvalid","test","1","suicide","singlestim","263","273042","427","â€šÃ³Ã¨","77","dotpositionright","singlestim","264","273521","m","right","correct","1","","1","trialend","singlestim","265","274537"
"16230","Subject223","1","healthyhealthy","1","healthy","positionleft","validityinvalid","test","1","positive","singlestim","267","276547","392","â€šÃ³Ã¨","77","dotpositionright","singlestim","268","276991","m","right","correct","1","","1","trialend","singlestim","269","278004"
"16527","Subject223","1","cryingcrying","1","crying","positionright","validityvalid","test","1","negative","singlestim","271","280012","358","â€šÃ³Ã¨","77","dotpositionright","singlestim","272","280422","m","right","correct","1","","1","trialend","singlestim","273","281439"
"16824","Subject223","1","foldedfolded","1","folded","positionleft","validityvalid","test","1","neutral","singlestim","275","283448","345","â€šÃ³Ã¨","67","dotpositionleft","singlestim","276","283846","c","left","correct","1","","1","trialend","singlestim","277","284859"
"17121","Subject223","1","cheesecheese","1","cheese","positionright","validityvalid","test","1","neutral","singlestim","279","286867","307","â€šÃ³Ã¨","77","dotpositionright","singlestim","280","287226","m","right","correct","1","","1","trialend","singlestim","281","288242"
"17418","Subject223","1","gunshotgunshot","1","gunshot","positionright","validityvalid","test","1","suicide","singlestim","283","290250","413","â€šÃ³Ã¨","77","dotpositionright","singlestim","284","290718","m","right","correct","1","","1","trialend","singlestim","285","291736"
"17715","Subject223","1","bloodblood","1","blood","positionleft","validityvalid","test","1","suicide","singlestim","287","293745","408","â€šÃ³Ã¨","67","dotpositionleft","singlestim","288","294204","c","left","correct","1","","1","trialend","singlestim","289","295219"
"18012","Subject223","1","hatehate","1","hate","positionright","validityinvalid","test","1","negative","singlestim","291","297227","371","â€šÃ³Ã¨","67","dotpositionleft","singlestim","292","297650","c","left","correct","1","","1","trialend","singlestim","293","298667"
"18309","Subject223","1","imageimage","1","image","positionleft","validityvalid","test","1","neutral","singlestim","295","300677","310","â€šÃ³Ã¨","67","dotpositionleft","singlestim","296","301042","c","left","correct","1","","1","trialend","singlestim","297","302055"
"18606","Subject223","1","greatgreat","1","great","positionright","validityvalid","test","1","positive","singlestim","299","304064","270","â€šÃ³Ã¨","77","dotpositionright","singlestim","300","304387","m","right","correct","1","","1","trialend","singlestim","301","305405"
"18903","Subject223","1","patheticpathetic","1","pathetic","positionleft","validityvalid","test","1","negative","singlestim","303","307413","255","â€šÃ³Ã¨","67","dotpositionleft","singlestim","304","307721","c","left","correct","1","","1","trialend","singlestim","305","308736"
