"","SubjectID","rt","stimulus","keypress","word","wordposition","validity","block","blocknum","wordtype","trialtype","trialindex","timeelapsed","rt.1","stimulus.1","keypress.1","dotposition","trialtype.1","trialindex.1","timeelapsed.1","keypressed","participantresponse","correctresponse","rt.2","stimulus.2","keypress.2","blocktrial","trialtype.2","trialindex.2","timeelapsed.2"
"109","Subject114","1","ecstaticecstatic","1","ecstatic","positionright","validityvalid","test","4","positive","singlestim","51","87757","618","â€šÃ³Ã¨","77","dotpositionright","singlestim","52","88426","m","right","correct","1","","1","trialend","singlestim","53","89449"
"406","Subject114","1","engineengine","1","engine","positionleft","validityvalid","test","4","neutral","singlestim","55","91460","406","â€šÃ³Ã¨","67","dotpositionleft","singlestim","56","91926","c","left","correct","1","","1","trialend","singlestim","57","92960"
"703","Subject114","1","alonealone","1","alone","positionleft","validityvalid","test","4","negative","singlestim","59","94954","366","â€šÃ³Ã¨","67","dotpositionleft","singlestim","60","95384","c","left","correct","1","","1","trialend","singlestim","61","96401"
"1000","Subject114","1","successsuccess","1","success","positionleft","validityvalid","test","4","positive","singlestim","63","98418","401","â€šÃ³Ã¨","67","dotpositionleft","singlestim","64","98881","c","left","correct","1","","1","trialend","singlestim","65","99900"
"1297","Subject114","1","stupidstupid","1","stupid","positionleft","validityvalid","test","4","negative","singlestim","67","101908","432","â€šÃ³Ã¨","67","dotpositionleft","singlestim","68","102393","c","left","correct","1","","1","trialend","singlestim","69","103423"
"1594","Subject114","1","wohlesswohless","1","wohless","positionright","validityvalid","test","4","negative","singlestim","71","105425","500","â€šÃ³Ã¨","77","dotpositionright","singlestim","72","105990","m","right","correct","1","","1","trialend","singlestim","73","107010"
"1891","Subject114","1","hanginghanging","1","hanging","positionleft","validityvalid","test","4","suicide","singlestim","75","109017","382","â€šÃ³Ã¨","67","dotpositionleft","singlestim","76","109451","c","left","correct","1","","1","trialend","singlestim","77","110477"
"2188","Subject114","1","doubledouble","1","double","positionright","validityvalid","test","4","neutral","singlestim","79","112485","463","â€šÃ³Ã¨","77","dotpositionright","singlestim","80","113012","m","right","correct","1","","1","trialend","singlestim","81","114038"
"2485","Subject114","1","passionatepassionate","1","passionate","positionleft","validityinvalid","test","4","positive","singlestim","83","116046","471","â€šÃ³Ã¨","77","dotpositionright","singlestim","84","116565","m","right","correct","1","","1","trialend","singlestim","85","117582"
"2782","Subject114","1","killingkilling","1","killing","positionleft","validityvalid","test","4","suicide","singlestim","87","119598","374","â€šÃ³Ã¨","67","dotpositionleft","singlestim","88","120033","c","left","correct","1","","1","trialend","singlestim","89","121070"
"3079","Subject114","1","structurestructure","1","structure","positionright","validityvalid","test","4","neutral","singlestim","91","123054","428","â€šÃ³Ã¨","77","dotpositionright","singlestim","92","123533","m","right","correct","1","","1","trialend","singlestim","93","124564"
"3376","Subject114","1","frameframe","1","frame","positionleft","validityinvalid","test","4","neutral","singlestim","95","126559","427","â€šÃ³Ã¨","77","dotpositionright","singlestim","96","127044","m","right","correct","1","","1","trialend","singlestim","97","128079"
"3673","Subject114","1","deceaseddeceased","1","deceased","positionright","validityvalid","test","4","suicide","singlestim","99","130067","420","â€šÃ³Ã¨","77","dotpositionright","singlestim","100","130550","m","right","correct","1","","1","trialend","singlestim","101","131576"
"3970","Subject114","1","laughlaugh","1","laugh","positionright","validityvalid","test","4","positive","singlestim","103","133574","397","â€šÃ³Ã¨","77","dotpositionright","singlestim","104","134025","m","right","correct","1","","1","trialend","singlestim","105","135045"
"4267","Subject114","1","ashamedashamed","1","ashamed","positionright","validityinvalid","test","4","negative","singlestim","107","137051","389","â€šÃ³Ã¨","67","dotpositionleft","singlestim","108","137495","c","left","correct","1","","1","trialend","singlestim","109","138525"
"4564","Subject114","1","suicidesuicide","1","suicide","positionright","validityinvalid","test","4","suicide","singlestim","111","140533","477","â€šÃ³Ã¨","67","dotpositionleft","singlestim","112","141064","c","left","correct","1","","1","trialend","singlestim","113","142086"
"4861","Subject114","1","happyhappy","1","happy","positionright","validityvalid","test","3","positive","singlestim","115","144087","417","â€šÃ³Ã¨","77","dotpositionright","singlestim","116","144566","m","right","correct","1","","1","trialend","singlestim","117","145596"
"5158","Subject114","1","bombbomb","1","bomb","positionright","validityvalid","test","3","negative","singlestim","119","147588","399","â€šÃ³Ã¨","77","dotpositionright","singlestim","120","148044","m","right","correct","1","","1","trialend","singlestim","121","149069"
"5455","Subject114","1","strongstrong","1","strong","positionleft","validityvalid","test","3","positive","singlestim","123","151070","379","â€šÃ³Ã¨","67","dotpositionleft","singlestim","124","151504","c","left","correct","1","","1","trialend","singlestim","125","152534"
"5752","Subject114","1","dyingdying","1","dying","positionleft","validityvalid","test","3","suicide","singlestim","127","154538","361","â€šÃ³Ã¨","67","dotpositionleft","singlestim","128","154949","c","left","correct","1","","1","trialend","singlestim","129","155985"
"6049","Subject114","1","greengreen","1","green","positionright","validityvalid","test","3","neutral","singlestim","131","157989","410","â€šÃ³Ã¨","77","dotpositionright","singlestim","132","158461","m","right","correct","1","","1","trialend","singlestim","133","159500"
"6346","Subject114","1","smilesmile","1","smile","positionleft","validityvalid","test","3","positive","singlestim","135","161495","380","â€šÃ³Ã¨","67","dotpositionleft","singlestim","136","161927","c","left","correct","1","","1","trialend","singlestim","137","162947"
"6643","Subject114","1","diedie","1","die","positionright","validityvalid","test","3","suicide","singlestim","139","164965","365","â€šÃ³Ã¨","77","dotpositionright","singlestim","140","165392","m","right","correct","1","","1","trialend","singlestim","141","166419"
"6940","Subject114","1","rejectedrejected","1","rejected","positionright","validityvalid","test","3","negative","singlestim","143","168425","354","â€šÃ³Ã¨","77","dotpositionright","singlestim","144","168844","m","right","correct","1","","1","trialend","singlestim","145","169877"
"7237","Subject114","1","kisskiss","1","kiss","positionright","validityinvalid","test","3","positive","singlestim","147","171885","499","â€šÃ³Ã¨","67","dotpositionleft","singlestim","148","172434","c","left","correct","1","","1","trialend","singlestim","149","173453"
"7534","Subject114","1","touretoure","1","toure","positionleft","validityvalid","test","3","negative","singlestim","151","175465","387","â€šÃ³Ã¨","67","dotpositionleft","singlestim","152","175903","c","left","correct","1","","1","trialend","singlestim","153","176938"
"7831","Subject114","1","assaultassault","1","assault","positionleft","validityinvalid","test","3","negative","singlestim","155","178932","375","â€šÃ³Ã¨","77","dotpositionright","singlestim","156","179371","m","right","correct","1","","1","trialend","singlestim","157","180403"
"8128","Subject114","1","deaddead","1","dead","positionleft","validityinvalid","test","3","suicide","singlestim","159","182386","419","â€šÃ³Ã¨","77","dotpositionright","singlestim","160","182860","m","right","correct","1","","1","trialend","singlestim","161","183890"
"8425","Subject114","1","museummuseum","1","museum","positionleft","validityvalid","test","3","neutral","singlestim","163","185886","431","â€šÃ³Ã¨","67","dotpositionleft","singlestim","164","186369","c","left","correct","1","","1","trialend","singlestim","165","187399"
"8722","Subject114","1","cuttingcutting","1","cutting","positionright","validityvalid","test","3","suicide","singlestim","167","189397","376","â€šÃ³Ã¨","77","dotpositionright","singlestim","168","189827","m","right","correct","1","","1","trialend","singlestim","169","190861"
"9019","Subject114","1","closetcloset","1","closet","positionright","validityinvalid","test","3","neutral","singlestim","171","192850","393","â€šÃ³Ã¨","67","dotpositionleft","singlestim","172","193307","c","left","correct","1","","1","trialend","singlestim","173","194331"
"9316","Subject114","1","metermeter","1","meter","positionleft","validityvalid","test","3","neutral","singlestim","175","196337","405","â€šÃ³Ã¨","67","dotpositionleft","singlestim","176","196798","c","left","correct","1","","1","trialend","singlestim","177","197812"
"9613","Subject114","1","enthusiasmenthusiasm","1","enthusiasm","positionright","validityvalid","test","2","positive","singlestim","179","199819","390","â€šÃ³Ã¨","77","dotpositionright","singlestim","180","200263","m","right","correct","1","","1","trialend","singlestim","181","201285"
"9910","Subject114","1","overdoseoverdose","1","overdose","positionright","validityinvalid","test","2","suicide","singlestim","183","203295","466","â€šÃ³Ã¨","67","dotpositionleft","singlestim","184","203818","c","left","correct","1","","1","trialend","singlestim","185","204840"
"10207","Subject114","1","tabletable","1","table","positionright","validityvalid","test","2","neutral","singlestim","187","206841","413","â€šÃ³Ã¨","77","dotpositionright","singlestim","188","207313","m","right","correct","1","","1","trialend","singlestim","189","208342"
"10504","Subject114","1","noosenoose","1","noose","positionleft","validityvalid","test","2","suicide","singlestim","191","210350","458","â€šÃ³Ã¨","67","dotpositionleft","singlestim","192","210871","c","left","correct","1","","1","trialend","singlestim","193","211903"
"10801","Subject114","1","filthyfilthy","1","filthy","positionleft","validityinvalid","test","2","negative","singlestim","195","213895","365","â€šÃ³Ã¨","77","dotpositionright","singlestim","196","214323","m","right","correct","1","","1","trialend","singlestim","197","215347"
"11098","Subject114","1","cruelcruel","1","cruel","positionright","validityvalid","test","2","negative","singlestim","199","217357","350","â€šÃ³Ã¨","77","dotpositionright","singlestim","200","217772","m","right","correct","1","","1","trialend","singlestim","201","218797"
"11395","Subject114","1","corpsecorpse","1","corpse","positionleft","validityvalid","test","2","suicide","singlestim","203","220798","328","â€šÃ³Ã¨","67","dotpositionleft","singlestim","204","221180","c","left","correct","1","","1","trialend","singlestim","205","222201"
"11692","Subject114","1","paperpaper","1","paper","positionleft","validityvalid","test","2","neutral","singlestim","207","224222","313","â€šÃ³Ã¨","67","dotpositionleft","singlestim","208","224593","c","left","correct","1","","1","trialend","singlestim","209","225622"
"11989","Subject114","1","deathdeath","1","death","positionright","validityvalid","test","2","suicide","singlestim","211","227623","352","â€šÃ³Ã¨","77","dotpositionright","singlestim","212","228030","m","right","correct","1","","1","trialend","singlestim","213","229045"
"12286","Subject114","1","lovelove","1","love","positionright","validityinvalid","test","2","positive","singlestim","215","231046","370","â€šÃ³Ã¨","67","dotpositionleft","singlestim","216","231478","c","left","correct","1","","1","trialend","singlestim","217","232504"
"12583","Subject114","1","pleasurepleasure","1","pleasure","positionleft","validityvalid","test","2","positive","singlestim","219","234505","336","â€šÃ³Ã¨","67","dotpositionleft","singlestim","220","234906","c","left","correct","1","","1","trialend","singlestim","221","235927"
"12880","Subject114","1","horsehorse","1","horse","positionleft","validityinvalid","test","2","neutral","singlestim","223","237934","359","â€šÃ³Ã¨","77","dotpositionright","singlestim","224","238343","m","right","correct","1","","1","trialend","singlestim","225","239367"
"13177","Subject114","1","failurefailure","1","failure","positionleft","validityvalid","test","2","negative","singlestim","227","241358","367","â€šÃ³Ã¨","67","dotpositionleft","singlestim","228","241779","c","left","correct","1","","1","trialend","singlestim","229","242810"
"13474","Subject114","1","abuseabuse","1","abuse","positionright","validityvalid","test","2","negative","singlestim","231","244809","341","â€šÃ³Ã¨","77","dotpositionright","singlestim","232","245200","m","right","correct","1","","1","trialend","singlestim","233","246211"
"13771","Subject114","1","braverybravery","1","bravery","positionleft","validityvalid","test","2","positive","singlestim","235","248223","343","â€šÃ³Ã¨","67","dotpositionleft","singlestim","236","248615","c","left","correct","1","","1","trialend","singlestim","237","249651"
"14068","Subject114","360","foamfoam","77","foam","positionright","validityvalid","test","2","neutral","singlestim","239","251649","402","â€šÃ³Ã¨","77","dotpositionright","singlestim","240","252105","m","right","correct","1","","1","trialend","singlestim","241","253121"
"14365","Subject114","1","suffocationsuffocation","1","suffocation","positionleft","validityinvalid","test","1","suicide","singlestim","243","255129","491","â€šÃ³Ã¨","77","dotpositionright","singlestim","244","255673","m","right","correct","1","","1","trialend","singlestim","245","256683"
"14662","Subject114","1","healthyhealthy","1","healthy","positionleft","validityinvalid","test","1","positive","singlestim","247","258698","409","â€šÃ³Ã¨","77","dotpositionright","singlestim","248","259170","m","right","correct","1","","1","trialend","singlestim","249","260207"
"14959","Subject114","1","cryingcrying","1","crying","positionright","validityvalid","test","1","negative","singlestim","251","262209","405","â€šÃ³Ã¨","77","dotpositionright","singlestim","252","262663","m","right","correct","1","","1","trialend","singlestim","253","263679"
"15256","Subject114","1","gunshotgunshot","1","gunshot","positionright","validityvalid","test","1","suicide","singlestim","255","265688","382","â€šÃ³Ã¨","77","dotpositionright","singlestim","256","266121","m","right","correct","1","","1","trialend","singlestim","257","267147"
"15553","Subject114","1","funeralfuneral","1","funeral","positionright","validityvalid","test","1","suicide","singlestim","259","269141","369","â€šÃ³Ã¨","77","dotpositionright","singlestim","260","269570","m","right","correct","1","","1","trialend","singlestim","261","270594"
"15850","Subject114","1","vomitvomit","1","vomit","positionleft","validityvalid","test","1","negative","singlestim","263","272586","398","â€šÃ³Ã¨","67","dotpositionleft","singlestim","264","273045","c","left","correct","1","","1","trialend","singlestim","265","274063"
"16147","Subject114","1","greatgreat","1","great","positionright","validityvalid","test","1","positive","singlestim","267","276061","385","â€šÃ³Ã¨","77","dotpositionright","singlestim","268","276512","m","right","correct","1","","1","trialend","singlestim","269","277537"
"16444","Subject114","1","hatehate","1","hate","positionright","validityinvalid","test","1","negative","singlestim","271","279538","313","â€šÃ³Ã¨","67","dotpositionleft","singlestim","272","279904","c","left","correct","1","","1","trialend","singlestim","273","280935"
"16741","Subject114","1","imageimage","1","image","positionleft","validityvalid","test","1","neutral","singlestim","275","282945","378","â€šÃ³Ã¨","67","dotpositionleft","singlestim","276","283380","c","left","correct","1","","1","trialend","singlestim","277","284412"
"17038","Subject114","1","paradiseparadise","1","paradise","positionleft","validityvalid","test","1","positive","singlestim","279","286415","388","â€šÃ³Ã¨","67","dotpositionleft","singlestim","280","286855","c","left","correct","1","","1","trialend","singlestim","281","287874"
"17335","Subject114","1","cheesecheese","1","cheese","positionright","validityvalid","test","1","neutral","singlestim","283","289867","348","â€šÃ³Ã¨","77","dotpositionright","singlestim","284","290277","m","right","correct","1","","1","trialend","singlestim","285","291295"
"17632","Subject114","1","statuestatue","1","statue","positionright","validityinvalid","test","1","neutral","singlestim","287","293317","406","â€šÃ³Ã¨","67","dotpositionleft","singlestim","288","293781","c","left","correct","1","","1","trialend","singlestim","289","294801"
"17929","Subject114","1","bloodblood","1","blood","positionleft","validityvalid","test","1","suicide","singlestim","291","296801","451","â€šÃ³Ã¨","67","dotpositionleft","singlestim","292","297305","c","left","correct","1","","1","trialend","singlestim","293","298336"
"18226","Subject114","1","attractionattraction","1","attraction","positionright","validityvalid","test","1","positive","singlestim","295","300338","382","â€šÃ³Ã¨","77","dotpositionright","singlestim","296","300783","m","right","correct","1","","1","trialend","singlestim","297","301811"
"18523","Subject114","1","foldedfolded","1","folded","positionleft","validityvalid","test","1","neutral","singlestim","299","303821","504","â€šÃ³Ã¨","67","dotpositionleft","singlestim","300","304384","c","left","correct","1","","1","trialend","singlestim","301","305427"
"18820","Subject114","1","patheticpathetic","1","pathetic","positionleft","validityvalid","test","1","negative","singlestim","303","307409","486","â€šÃ³Ã¨","67","dotpositionleft","singlestim","304","307947","c","left","correct","1","","1","trialend","singlestim","305","308970"
