"","SubjectID","rt","stimulus","keypress","word","wordposition","validity","block","blocknum","wordtype","trialtype","trialindex","timeelapsed","rt.1","stimulus.1","keypress.1","dotposition","trialtype.1","trialindex.1","timeelapsed.1","keypressed","participantresponse","correctresponse","rt.2","stimulus.2","keypress.2","blocktrial","trialtype.2","trialindex.2","timeelapsed.2"
"13","Subject14","1","killingkilling","1","killing","positionleft","validityvalid","test","4","suicide","singlestim","51","104972","372","â€šÃ³Ã¨","67","dotpositionleft","singlestim","52","105396","c","left","correct","1","","1","trialend","singlestim","53","106408"
"310","Subject14","1","engineengine","1","engine","positionleft","validityvalid","test","4","neutral","singlestim","55","108410","331","â€šÃ³Ã¨","67","dotpositionleft","singlestim","56","108793","c","left","correct","1","","1","trialend","singlestim","57","109805"
"607","Subject14","1","structurestructure","1","structure","positionright","validityvalid","test","4","neutral","singlestim","59","111807","275","â€šÃ³Ã¨","77","dotpositionright","singlestim","60","112133","m","right","correct","1","","1","trialend","singlestim","61","113146"
"904","Subject14","1","stupidstupid","1","stupid","positionleft","validityvalid","test","4","negative","singlestim","63","115148","332","â€šÃ³Ã¨","67","dotpositionleft","singlestim","64","115533","c","left","correct","1","","1","trialend","singlestim","65","116545"
"1201","Subject14","1","frameframe","1","frame","positionleft","validityinvalid","test","4","neutral","singlestim","67","118547","270","â€šÃ³Ã¨","77","dotpositionright","singlestim","68","118870","m","right","correct","1","","1","trialend","singlestim","69","119882"
"1498","Subject14","1","wohlesswohless","1","wohless","positionright","validityvalid","test","4","negative","singlestim","71","121884","298","â€šÃ³Ã¨","77","dotpositionright","singlestim","72","122235","m","right","correct","1","","1","trialend","singlestim","73","123247"
"1795","Subject14","1","ashamedashamed","1","ashamed","positionright","validityinvalid","test","4","negative","singlestim","75","125250","273","â€šÃ³Ã¨","67","dotpositionleft","singlestim","76","125576","c","left","correct","1","","1","trialend","singlestim","77","126588"
"2092","Subject14","1","laughlaugh","1","laugh","positionright","validityvalid","test","4","positive","singlestim","79","128592","252","â€šÃ³Ã¨","77","dotpositionright","singlestim","80","128895","m","right","correct","1","","1","trialend","singlestim","81","129906"
"2389","Subject14","1","doubledouble","1","double","positionright","validityvalid","test","4","neutral","singlestim","83","131908","284","â€šÃ³Ã¨","77","dotpositionright","singlestim","84","132243","m","right","correct","1","","1","trialend","singlestim","85","133255"
"2686","Subject14","1","ecstaticecstatic","1","ecstatic","positionright","validityvalid","test","4","positive","singlestim","87","135257","363","â€šÃ³Ã¨","77","dotpositionright","singlestim","88","135671","m","right","correct","1","","1","trialend","singlestim","89","136685"
"2983","Subject14","1","deceaseddeceased","1","deceased","positionright","validityvalid","test","4","suicide","singlestim","91","138687","331","â€šÃ³Ã¨","77","dotpositionright","singlestim","92","139069","m","right","correct","1","","1","trialend","singlestim","93","140082"
"3280","Subject14","1","alonealone","1","alone","positionleft","validityvalid","test","4","negative","singlestim","95","142084","308","â€šÃ³Ã¨","67","dotpositionleft","singlestim","96","142444","c","left","correct","1","","1","trialend","singlestim","97","143455"
"3577","Subject14","1","suicidesuicide","1","suicide","positionright","validityinvalid","test","4","suicide","singlestim","99","145458","369","â€šÃ³Ã¨","67","dotpositionleft","singlestim","100","145879","c","left","correct","1","","1","trialend","singlestim","101","146890"
"3874","Subject14","1","successsuccess","1","success","positionleft","validityvalid","test","4","positive","singlestim","103","148892","297","â€šÃ³Ã¨","67","dotpositionleft","singlestim","104","149240","c","left","correct","1","","1","trialend","singlestim","105","150253"
"4171","Subject14","1","hanginghanging","1","hanging","positionleft","validityvalid","test","4","suicide","singlestim","107","152255","289","â€šÃ³Ã¨","67","dotpositionleft","singlestim","108","152595","c","left","correct","1","","1","trialend","singlestim","109","153607"
"4468","Subject14","1","passionatepassionate","1","passionate","positionleft","validityinvalid","test","4","positive","singlestim","111","155609","293","â€šÃ³Ã¨","77","dotpositionright","singlestim","112","155955","m","right","correct","1","","1","trialend","singlestim","113","156967"
"4765","Subject14","1","statuestatue","1","statue","positionright","validityinvalid","test","1","neutral","singlestim","115","158969","298","â€šÃ³Ã¨","67","dotpositionleft","singlestim","116","159318","c","left","correct","1","","1","trialend","singlestim","117","160331"
"5062","Subject14","1","hatehate","1","hate","positionright","validityinvalid","test","1","negative","singlestim","119","162333","314","â€šÃ³Ã¨","67","dotpositionleft","singlestim","120","162698","c","left","correct","1","","1","trialend","singlestim","121","163710"
"5359","Subject14","1","cheesecheese","1","cheese","positionright","validityvalid","test","1","neutral","singlestim","123","165713","341","â€šÃ³Ã¨","77","dotpositionright","singlestim","124","166105","m","right","correct","1","","1","trialend","singlestim","125","167118"
"5656","Subject14","1","funeralfuneral","1","funeral","positionright","validityvalid","test","1","suicide","singlestim","127","169123","304","â€šÃ³Ã¨","77","dotpositionright","singlestim","128","169477","m","right","correct","1","","1","trialend","singlestim","129","170491"
"5953","Subject14","1","foldedfolded","1","folded","positionleft","validityvalid","test","1","neutral","singlestim","131","172493","324","â€šÃ³Ã¨","67","dotpositionleft","singlestim","132","172868","c","left","correct","1","","1","trialend","singlestim","133","173879"
"6250","Subject14","1","greatgreat","1","great","positionright","validityvalid","test","1","positive","singlestim","135","175883","260","â€šÃ³Ã¨","77","dotpositionright","singlestim","136","176196","m","right","correct","1","","1","trialend","singlestim","137","177208"
"6547","Subject14","1","suffocationsuffocation","1","suffocation","positionleft","validityinvalid","test","1","suicide","singlestim","139","179211","290","â€šÃ³Ã¨","77","dotpositionright","singlestim","140","179552","m","right","correct","1","","1","trialend","singlestim","141","180566"
"6844","Subject14","1","paradiseparadise","1","paradise","positionleft","validityvalid","test","1","positive","singlestim","143","182569","281","â€šÃ³Ã¨","67","dotpositionleft","singlestim","144","182902","c","left","correct","1","","1","trialend","singlestim","145","183914"
"7141","Subject14","1","imageimage","1","image","positionleft","validityvalid","test","1","neutral","singlestim","147","185917","324","â€šÃ³Ã¨","67","dotpositionleft","singlestim","148","186294","c","left","correct","1","","1","trialend","singlestim","149","187306"
"7438","Subject14","1","gunshotgunshot","1","gunshot","positionright","validityvalid","test","1","suicide","singlestim","151","189309","238","â€šÃ³Ã¨","77","dotpositionright","singlestim","152","189600","m","right","correct","1","","1","trialend","singlestim","153","190611"
"7735","Subject14","1","healthyhealthy","1","healthy","positionleft","validityinvalid","test","1","positive","singlestim","155","192614","383","â€šÃ³Ã¨","77","dotpositionright","singlestim","156","193049","m","right","correct","1","","1","trialend","singlestim","157","194062"
"8032","Subject14","1","attractionattraction","1","attraction","positionright","validityvalid","test","1","positive","singlestim","159","196066","275","â€šÃ³Ã¨","77","dotpositionright","singlestim","160","196393","m","right","correct","1","","1","trialend","singlestim","161","197406"
"8329","Subject14","1","vomitvomit","1","vomit","positionleft","validityvalid","test","1","negative","singlestim","163","199409","337","â€šÃ³Ã¨","67","dotpositionleft","singlestim","164","199796","c","left","correct","1","","1","trialend","singlestim","165","200809"
"8626","Subject14","1","patheticpathetic","1","pathetic","positionleft","validityvalid","test","1","negative","singlestim","167","202812","324","â€šÃ³Ã¨","67","dotpositionleft","singlestim","168","203186","c","left","correct","1","","1","trialend","singlestim","169","204199"
"8923","Subject14","1","cryingcrying","1","crying","positionright","validityvalid","test","1","negative","singlestim","171","206203","269","â€šÃ³Ã¨","77","dotpositionright","singlestim","172","206523","m","right","correct","1","","1","trialend","singlestim","173","207536"
"9220","Subject14","1","bloodblood","1","blood","positionleft","validityvalid","test","1","suicide","singlestim","175","209538","328","â€šÃ³Ã¨","67","dotpositionleft","singlestim","176","209918","c","left","correct","1","","1","trialend","singlestim","177","210932"
"9517","Subject14","1","noosenoose","1","noose","positionleft","validityvalid","test","2","suicide","singlestim","179","212934","253","â€šÃ³Ã¨","67","dotpositionleft","singlestim","180","213238","c","left","correct","1","","1","trialend","singlestim","181","214251"
"9814","Subject14","1","paperpaper","1","paper","positionleft","validityvalid","test","2","neutral","singlestim","183","216254","300","â€šÃ³Ã¨","67","dotpositionleft","singlestim","184","216604","c","left","correct","1","","1","trialend","singlestim","185","217614"
"10111","Subject14","1","deathdeath","1","death","positionright","validityvalid","test","2","suicide","singlestim","187","219618","415","â€šÃ³Ã¨","77","dotpositionright","singlestim","188","220084","m","right","correct","1","","1","trialend","singlestim","189","221097"
"10408","Subject14","1","horsehorse","1","horse","positionleft","validityinvalid","test","2","neutral","singlestim","191","223099","288","â€šÃ³Ã¨","77","dotpositionright","singlestim","192","223437","m","right","correct","1","","1","trialend","singlestim","193","224450"
"10705","Subject14","1","corpsecorpse","1","corpse","positionleft","validityvalid","test","2","suicide","singlestim","195","226452","250","â€šÃ³Ã¨","67","dotpositionleft","singlestim","196","226756","c","left","correct","1","","1","trialend","singlestim","197","227768"
"11002","Subject14","1","filthyfilthy","1","filthy","positionleft","validityinvalid","test","2","negative","singlestim","199","229770","308","â€šÃ³Ã¨","77","dotpositionright","singlestim","200","230129","m","right","correct","1","","1","trialend","singlestim","201","231142"
"11299","Subject14","1","foamfoam","1","foam","positionright","validityvalid","test","2","neutral","singlestim","203","233144","286","â€šÃ³Ã¨","77","dotpositionright","singlestim","204","233482","m","right","correct","1","","1","trialend","singlestim","205","234494"
"11596","Subject14","1","enthusiasmenthusiasm","1","enthusiasm","positionright","validityvalid","test","2","positive","singlestim","207","236497","263","â€šÃ³Ã¨","77","dotpositionright","singlestim","208","236812","m","right","correct","1","","1","trialend","singlestim","209","237825"
"11893","Subject14","373","pleasurepleasure","67","pleasure","positionleft","validityvalid","test","2","positive","singlestim","211","239828","374","â€šÃ³Ã¨","67","dotpositionleft","singlestim","212","240253","c","left","correct","1","","1","trialend","singlestim","213","241267"
"12190","Subject14","1","abuseabuse","1","abuse","positionright","validityvalid","test","2","negative","singlestim","215","243270","319","â€šÃ³Ã¨","77","dotpositionright","singlestim","216","243641","m","right","correct","1","","1","trialend","singlestim","217","244652"
"12487","Subject14","1","lovelove","1","love","positionright","validityinvalid","test","2","positive","singlestim","219","246655","335","â€šÃ³Ã¨","67","dotpositionleft","singlestim","220","247041","c","left","correct","1","","1","trialend","singlestim","221","248053"
"12784","Subject14","1","failurefailure","1","failure","positionleft","validityvalid","test","2","negative","singlestim","223","250055","343","â€šÃ³Ã¨","67","dotpositionleft","singlestim","224","250450","c","left","correct","1","","1","trialend","singlestim","225","251462"
"13081","Subject14","1","overdoseoverdose","1","overdose","positionright","validityinvalid","test","2","suicide","singlestim","227","253465","327","â€šÃ³Ã¨","67","dotpositionleft","singlestim","228","253843","c","left","correct","1","","1","trialend","singlestim","229","254856"
"13378","Subject14","1","tabletable","1","table","positionright","validityvalid","test","2","neutral","singlestim","231","256858","290","â€šÃ³Ã¨","77","dotpositionright","singlestim","232","257200","m","right","correct","1","","1","trialend","singlestim","233","258212"
"13675","Subject14","1","cruelcruel","1","cruel","positionright","validityvalid","test","2","negative","singlestim","235","260215","348","â€šÃ³Ã¨","77","dotpositionright","singlestim","236","260613","m","right","correct","1","","1","trialend","singlestim","237","261624"
"13972","Subject14","1","braverybravery","1","bravery","positionleft","validityvalid","test","2","positive","singlestim","239","263627","337","â€šÃ³Ã¨","67","dotpositionleft","singlestim","240","264016","c","left","correct","1","","1","trialend","singlestim","241","265028"
"14269","Subject14","1","happyhappy","1","happy","positionright","validityvalid","test","3","positive","singlestim","243","267031","266","â€šÃ³Ã¨","77","dotpositionright","singlestim","244","267348","m","right","correct","1","","1","trialend","singlestim","245","268359"
"14566","Subject14","1","diedie","1","die","positionright","validityvalid","test","3","suicide","singlestim","247","270362","270","â€šÃ³Ã¨","77","dotpositionright","singlestim","248","270683","m","right","correct","1","","1","trialend","singlestim","249","271694"
"14863","Subject14","1","dyingdying","1","dying","positionleft","validityvalid","test","3","suicide","singlestim","251","273698","289","â€šÃ³Ã¨","67","dotpositionleft","singlestim","252","274038","c","left","correct","1","","1","trialend","singlestim","253","275050"
"15160","Subject14","1","metermeter","1","meter","positionleft","validityvalid","test","3","neutral","singlestim","255","277054","312","â€šÃ³Ã¨","67","dotpositionleft","singlestim","256","277417","c","left","correct","1","","1","trialend","singlestim","257","278430"
"15457","Subject14","1","greengreen","1","green","positionright","validityvalid","test","3","neutral","singlestim","259","280434","288","â€šÃ³Ã¨","77","dotpositionright","singlestim","260","280772","m","right","correct","1","","1","trialend","singlestim","261","281786"
"15754","Subject14","1","smilesmile","1","smile","positionleft","validityvalid","test","3","positive","singlestim","263","283788","307","â€šÃ³Ã¨","67","dotpositionleft","singlestim","264","284147","c","left","correct","1","","1","trialend","singlestim","265","285158"
"16051","Subject14","1","kisskiss","1","kiss","positionright","validityinvalid","test","3","positive","singlestim","267","287160","321","â€šÃ³Ã¨","67","dotpositionleft","singlestim","268","287533","c","left","correct","1","","1","trialend","singlestim","269","288545"
"16348","Subject14","1","touretoure","1","toure","positionleft","validityvalid","test","3","negative","singlestim","271","290547","383","â€šÃ³Ã¨","67","dotpositionleft","singlestim","272","290982","c","left","correct","1","","1","trialend","singlestim","273","291994"
"16645","Subject14","1","bombbomb","1","bomb","positionright","validityvalid","test","3","negative","singlestim","275","293998","324","â€šÃ³Ã¨","77","dotpositionright","singlestim","276","294375","m","right","correct","1","","1","trialend","singlestim","277","295387"
"16942","Subject14","1","cuttingcutting","1","cutting","positionright","validityvalid","test","3","suicide","singlestim","279","297390","288","â€šÃ³Ã¨","77","dotpositionright","singlestim","280","297730","m","right","correct","1","","1","trialend","singlestim","281","298743"
"17239","Subject14","1","rejectedrejected","1","rejected","positionright","validityvalid","test","3","negative","singlestim","283","300746","285","â€šÃ³Ã¨","77","dotpositionright","singlestim","284","301083","m","right","correct","1","","1","trialend","singlestim","285","302096"
"17536","Subject14","1","deaddead","1","dead","positionleft","validityinvalid","test","3","suicide","singlestim","287","304099","282","â€šÃ³Ã¨","77","dotpositionright","singlestim","288","304433","m","right","correct","1","","1","trialend","singlestim","289","305445"
"17833","Subject14","1","assaultassault","1","assault","positionleft","validityinvalid","test","3","negative","singlestim","291","307447","316","â€šÃ³Ã¨","77","dotpositionright","singlestim","292","307814","m","right","correct","1","","1","trialend","singlestim","293","308827"
"18130","Subject14","1","closetcloset","1","closet","positionright","validityinvalid","test","3","neutral","singlestim","295","310830","331","â€šÃ³Ã¨","67","dotpositionleft","singlestim","296","311213","c","left","correct","1","","1","trialend","singlestim","297","312226"
"18427","Subject14","1","museummuseum","1","museum","positionleft","validityvalid","test","3","neutral","singlestim","299","314228","359","â€šÃ³Ã¨","67","dotpositionleft","singlestim","300","314639","c","left","correct","1","","1","trialend","singlestim","301","315652"
"18724","Subject14","1","strongstrong","1","strong","positionleft","validityvalid","test","3","positive","singlestim","303","317656","320","â€šÃ³Ã¨","67","dotpositionleft","singlestim","304","318026","c","left","correct","1","","1","trialend","singlestim","305","319038"
