"","SubjectID","rt","stimulus","keypress","word","wordposition","validity","block","blocknum","wordtype","trialtype","trialindex","timeelapsed","rt.1","stimulus.1","keypress.1","dotposition","trialtype.1","trialindex.1","timeelapsed.1","keypressed","participantresponse","correctresponse","rt.2","stimulus.2","keypress.2","blocktrial","trialtype.2","trialindex.2","timeelapsed.2"
"176","Subject205","1","foamfoam","1","foam","positionright","validityvalid","test","2","neutral","singlestim","51","64564","583","â€šÃ³Ã¨","77","dotpositionright","singlestim","52","65199","m","right","correct","1","","1","trialend","singlestim","53","66211"
"473","Subject205","1","filthyfilthy","1","filthy","positionleft","validityinvalid","test","2","negative","singlestim","55","68216","377","â€šÃ³Ã¨","77","dotpositionright","singlestim","56","68645","m","right","correct","1","","1","trialend","singlestim","57","69658"
"770","Subject205","1","paperpaper","1","paper","positionleft","validityvalid","test","2","neutral","singlestim","59","71662","385","â€šÃ³Ã¨","67","dotpositionleft","singlestim","60","72100","c","left","correct","1","","1","trialend","singlestim","61","73114"
"1067","Subject205","1","abuseabuse","1","abuse","positionright","validityvalid","test","2","negative","singlestim","63","75118","644","â€šÃ³Ã¨","77","dotpositionright","singlestim","64","75813","m","right","correct","1","","1","trialend","singlestim","65","76825"
"1364","Subject205","1","cruelcruel","1","cruel","positionright","validityvalid","test","2","negative","singlestim","67","78830","371","â€šÃ³Ã¨","77","dotpositionright","singlestim","68","79254","m","right","correct","1","","1","trialend","singlestim","69","80267"
"1661","Subject205","1","horsehorse","1","horse","positionleft","validityinvalid","test","2","neutral","singlestim","71","82270","391","â€šÃ³Ã¨","77","dotpositionright","singlestim","72","82713","m","right","correct","1","","1","trialend","singlestim","73","83726"
"1958","Subject205","1","braverybravery","1","bravery","positionleft","validityvalid","test","2","positive","singlestim","75","85731","497","â€šÃ³Ã¨","67","dotpositionleft","singlestim","76","86280","c","left","correct","1","","1","trialend","singlestim","77","87292"
"2255","Subject205","1","tabletable","1","table","positionright","validityvalid","test","2","neutral","singlestim","79","89297","411","â€šÃ³Ã¨","77","dotpositionright","singlestim","80","89759","m","right","correct","1","","1","trialend","singlestim","81","90771"
"2552","Subject205","1","pleasurepleasure","1","pleasure","positionleft","validityvalid","test","2","positive","singlestim","83","92776","449","â€šÃ³Ã¨","67","dotpositionleft","singlestim","84","93276","c","left","correct","1","","1","trialend","singlestim","85","94289"
"2849","Subject205","1","lovelove","1","love","positionright","validityinvalid","test","2","positive","singlestim","87","96294","430","â€šÃ³Ã¨","67","dotpositionleft","singlestim","88","96776","c","left","correct","1","","1","trialend","singlestim","89","97789"
"3146","Subject205","1","noosenoose","1","noose","positionleft","validityvalid","test","2","suicide","singlestim","91","99793","481","â€šÃ³Ã¨","67","dotpositionleft","singlestim","92","100329","c","left","correct","1","","1","trialend","singlestim","93","101357"
"3443","Subject205","1","failurefailure","1","failure","positionleft","validityvalid","test","2","negative","singlestim","95","103445","441","â€šÃ³Ã¨","67","dotpositionleft","singlestim","96","103938","c","left","correct","1","","1","trialend","singlestim","97","104950"
"3740","Subject205","1","deathdeath","1","death","positionright","validityvalid","test","2","suicide","singlestim","99","106954","636","â€šÃ³Ã¨","77","dotpositionright","singlestim","100","107643","m","right","correct","1","","1","trialend","singlestim","101","108656"
"4037","Subject205","1","overdoseoverdose","1","overdose","positionright","validityinvalid","test","2","suicide","singlestim","103","110660","421","â€šÃ³Ã¨","67","dotpositionleft","singlestim","104","111132","c","left","correct","1","","1","trialend","singlestim","105","112145"
"4334","Subject205","1","enthusiasmenthusiasm","1","enthusiasm","positionright","validityvalid","test","2","positive","singlestim","107","114148","435","â€šÃ³Ã¨","77","dotpositionright","singlestim","108","114635","m","right","correct","1","","1","trialend","singlestim","109","115647"
"4631","Subject205","1","corpsecorpse","1","corpse","positionleft","validityvalid","test","2","suicide","singlestim","111","117652","679","â€šÃ³Ã¨","67","dotpositionleft","singlestim","112","118383","c","left","correct","1","","1","trialend","singlestim","113","119395"
"4928","Subject205","1","imageimage","1","image","positionleft","validityvalid","test","1","neutral","singlestim","115","121399","514","â€šÃ³Ã¨","67","dotpositionleft","singlestim","116","121964","c","left","correct","1","","1","trialend","singlestim","117","122977"
"5225","Subject205","1","patheticpathetic","1","pathetic","positionleft","validityvalid","test","1","negative","singlestim","119","124981","405","â€šÃ³Ã¨","67","dotpositionleft","singlestim","120","125438","c","left","correct","1","","1","trialend","singlestim","121","126450"
"5522","Subject205","1","attractionattraction","1","attraction","positionright","validityvalid","test","1","positive","singlestim","123","128453","506","â€šÃ³Ã¨","77","dotpositionright","singlestim","124","129011","m","right","correct","1","","1","trialend","singlestim","125","130023"
"5819","Subject205","1","foldedfolded","1","folded","positionleft","validityvalid","test","1","neutral","singlestim","127","132027","449","â€šÃ³Ã¨","67","dotpositionleft","singlestim","128","132528","c","left","correct","1","","1","trialend","singlestim","129","133542"
"6116","Subject205","1","cryingcrying","1","crying","positionright","validityvalid","test","1","negative","singlestim","131","135547","566","â€šÃ³Ã¨","77","dotpositionright","singlestim","132","136165","m","right","correct","1","","1","trialend","singlestim","133","137178"
"6413","Subject205","1","gunshotgunshot","1","gunshot","positionright","validityvalid","test","1","suicide","singlestim","135","139182","562","â€šÃ³Ã¨","77","dotpositionright","singlestim","136","139796","m","right","correct","1","","1","trialend","singlestim","137","140809"
"6710","Subject205","1","bloodblood","1","blood","positionleft","validityvalid","test","1","suicide","singlestim","139","142812","372","â€šÃ³Ã¨","67","dotpositionleft","singlestim","140","143236","c","left","correct","1","","1","trialend","singlestim","141","144247"
"7007","Subject205","1","paradiseparadise","1","paradise","positionleft","validityvalid","test","1","positive","singlestim","143","146250","499","â€šÃ³Ã¨","67","dotpositionleft","singlestim","144","146801","c","left","correct","1","","1","trialend","singlestim","145","147813"
"7304","Subject205","1","statuestatue","1","statue","positionright","validityinvalid","test","1","neutral","singlestim","147","149817","554","â€šÃ³Ã¨","67","dotpositionleft","singlestim","148","150422","c","left","correct","1","","1","trialend","singlestim","149","151434"
"7601","Subject205","1","greatgreat","1","great","positionright","validityvalid","test","1","positive","singlestim","151","153437","439","â€šÃ³Ã¨","77","dotpositionright","singlestim","152","153928","m","right","correct","1","","1","trialend","singlestim","153","154941"
"7898","Subject205","1","funeralfuneral","1","funeral","positionright","validityvalid","test","1","suicide","singlestim","155","156945","451","â€šÃ³Ã¨","77","dotpositionright","singlestim","156","157447","m","right","correct","1","","1","trialend","singlestim","157","158460"
"8195","Subject205","1","healthyhealthy","1","healthy","positionleft","validityinvalid","test","1","positive","singlestim","159","160464","388","â€šÃ³Ã¨","77","dotpositionright","singlestim","160","160904","m","right","correct","1","","1","trialend","singlestim","161","161917"
"8492","Subject205","1","cheesecheese","1","cheese","positionright","validityvalid","test","1","neutral","singlestim","163","163921","363","â€šÃ³Ã¨","77","dotpositionright","singlestim","164","164336","m","right","correct","1","","1","trialend","singlestim","165","165348"
"8789","Subject205","1","vomitvomit","1","vomit","positionleft","validityvalid","test","1","negative","singlestim","167","167352","427","â€šÃ³Ã¨","67","dotpositionleft","singlestim","168","167831","c","left","correct","1","","1","trialend","singlestim","169","168844"
"9086","Subject205","1","suffocationsuffocation","1","suffocation","positionleft","validityinvalid","test","1","suicide","singlestim","171","170847","447","â€šÃ³Ã¨","77","dotpositionright","singlestim","172","171347","m","right","correct","1","","1","trialend","singlestim","173","172359"
"9383","Subject205","1","hatehate","1","hate","positionright","validityinvalid","test","1","negative","singlestim","175","174364","504","â€šÃ³Ã¨","67","dotpositionleft","singlestim","176","174920","c","left","correct","1","","1","trialend","singlestim","177","175932"
"9680","Subject205","1","closetcloset","1","closet","positionright","validityinvalid","test","3","neutral","singlestim","179","177935","421","â€šÃ³Ã¨","67","dotpositionleft","singlestim","180","178407","c","left","correct","1","","1","trialend","singlestim","181","179420"
"9977","Subject205","1","metermeter","1","meter","positionleft","validityvalid","test","3","neutral","singlestim","183","181423","423","â€šÃ³Ã¨","67","dotpositionleft","singlestim","184","181898","c","left","correct","1","","1","trialend","singlestim","185","182911"
"10274","Subject205","1","touretoure","1","toure","positionleft","validityvalid","test","3","negative","singlestim","187","184915","443","â€šÃ³Ã¨","67","dotpositionleft","singlestim","188","185410","c","left","correct","1","","1","trialend","singlestim","189","186423"
"10571","Subject205","1","cuttingcutting","1","cutting","positionright","validityvalid","test","3","suicide","singlestim","191","188426","428","â€šÃ³Ã¨","77","dotpositionright","singlestim","192","188906","m","right","correct","1","","1","trialend","singlestim","193","189918"
"10868","Subject205","1","kisskiss","1","kiss","positionright","validityinvalid","test","3","positive","singlestim","195","191922","404","â€šÃ³Ã¨","67","dotpositionleft","singlestim","196","192378","c","left","correct","1","","1","trialend","singlestim","197","193391"
"11165","Subject205","1","happyhappy","1","happy","positionright","validityvalid","test","3","positive","singlestim","199","195394","955","â€šÃ³Ã¨","77","dotpositionright","singlestim","200","196401","m","right","correct","1","","1","trialend","singlestim","201","197414"
"11462","Subject205","1","deaddead","1","dead","positionleft","validityinvalid","test","3","suicide","singlestim","203","199417","470","â€šÃ³Ã¨","77","dotpositionright","singlestim","204","199940","m","right","correct","1","","1","trialend","singlestim","205","200952"
"11759","Subject205","1","assaultassault","1","assault","positionleft","validityinvalid","test","3","negative","singlestim","207","202955","358","â€šÃ³Ã¨","77","dotpositionright","singlestim","208","203365","m","right","correct","1","","1","trialend","singlestim","209","204377"
"12056","Subject205","1","rejectedrejected","1","rejected","positionright","validityvalid","test","3","negative","singlestim","211","206380","456","â€šÃ³Ã¨","77","dotpositionright","singlestim","212","206889","m","right","correct","1","","1","trialend","singlestim","213","207901"
"12353","Subject205","1","museummuseum","1","museum","positionleft","validityvalid","test","3","neutral","singlestim","215","209906","452","â€šÃ³Ã¨","67","dotpositionleft","singlestim","216","210410","c","left","correct","1","","1","trialend","singlestim","217","211423"
"12650","Subject205","1","greengreen","1","green","positionright","validityvalid","test","3","neutral","singlestim","219","213427","424","â€šÃ³Ã¨","77","dotpositionright","singlestim","220","213903","m","right","correct","1","","1","trialend","singlestim","221","214916"
"12947","Subject205","1","strongstrong","1","strong","positionleft","validityvalid","test","3","positive","singlestim","223","216919","365","â€šÃ³Ã¨","67","dotpositionleft","singlestim","224","217336","c","left","correct","1","","1","trialend","singlestim","225","218348"
"13244","Subject205","1","diedie","1","die","positionright","validityvalid","test","3","suicide","singlestim","227","220351","418","â€šÃ³Ã¨","77","dotpositionright","singlestim","228","220821","m","right","correct","1","","1","trialend","singlestim","229","221834"
"13541","Subject205","1","bombbomb","1","bomb","positionright","validityvalid","test","3","negative","singlestim","231","223839","361","â€šÃ³Ã¨","77","dotpositionright","singlestim","232","224252","m","right","correct","1","","1","trialend","singlestim","233","225265"
"13838","Subject205","1","dyingdying","1","dying","positionleft","validityvalid","test","3","suicide","singlestim","235","227269","396","â€šÃ³Ã¨","67","dotpositionleft","singlestim","236","227716","c","left","correct","1","","1","trialend","singlestim","237","228729"
"14135","Subject205","1","smilesmile","1","smile","positionleft","validityvalid","test","3","positive","singlestim","239","230733","427","â€šÃ³Ã¨","67","dotpositionleft","singlestim","240","231210","c","left","correct","1","","1","trialend","singlestim","241","232222"
"14432","Subject205","1","suicidesuicide","1","suicide","positionright","validityinvalid","test","4","suicide","singlestim","243","234226","435","â€šÃ³Ã¨","67","dotpositionleft","singlestim","244","234712","c","left","correct","1","","1","trialend","singlestim","245","235725"
"14729","Subject205","1","alonealone","1","alone","positionleft","validityvalid","test","4","negative","singlestim","247","237729","420","â€šÃ³Ã¨","67","dotpositionleft","singlestim","248","238200","c","left","correct","1","","1","trialend","singlestim","249","239213"
"15026","Subject205","1","deceaseddeceased","1","deceased","positionright","validityvalid","test","4","suicide","singlestim","251","241216","482","â€šÃ³Ã¨","77","dotpositionright","singlestim","252","241749","m","right","correct","1","","1","trialend","singlestim","253","242762"
"15323","Subject205","1","ashamedashamed","1","ashamed","positionright","validityinvalid","test","4","negative","singlestim","255","244766","380","â€šÃ³Ã¨","67","dotpositionleft","singlestim","256","245197","c","left","correct","1","","1","trialend","singlestim","257","246210"
"15620","Subject205","1","engineengine","1","engine","positionleft","validityvalid","test","4","neutral","singlestim","259","248213","419","â€šÃ³Ã¨","67","dotpositionleft","singlestim","260","248685","c","left","correct","1","","1","trialend","singlestim","261","249697"
"15917","Subject205","1","killingkilling","1","killing","positionleft","validityvalid","test","4","suicide","singlestim","263","251700","413","â€šÃ³Ã¨","67","dotpositionleft","singlestim","264","252165","c","left","correct","1","","1","trialend","singlestim","265","253177"
"16214","Subject205","1","wohlesswohless","1","wohless","positionright","validityvalid","test","4","negative","singlestim","267","255181","433","â€šÃ³Ã¨","77","dotpositionright","singlestim","268","255666","m","right","correct","1","","1","trialend","singlestim","269","256679"
"16511","Subject205","1","ecstaticecstatic","1","ecstatic","positionright","validityvalid","test","4","positive","singlestim","271","258683","457","â€šÃ³Ã¨","77","dotpositionright","singlestim","272","259193","m","right","correct","1","","1","trialend","singlestim","273","260206"
"16808","Subject205","1","laughlaugh","1","laugh","positionright","validityvalid","test","4","positive","singlestim","275","262209","413","â€šÃ³Ã¨","77","dotpositionright","singlestim","276","262673","m","right","correct","1","","1","trialend","singlestim","277","263687"
"17105","Subject205","1","passionatepassionate","1","passionate","positionleft","validityinvalid","test","4","positive","singlestim","279","265692","555","â€šÃ³Ã¨","77","dotpositionright","singlestim","280","266298","m","right","correct","1","","1","trialend","singlestim","281","267310"
"17402","Subject205","1","stupidstupid","1","stupid","positionleft","validityvalid","test","4","negative","singlestim","283","269314","445","â€šÃ³Ã¨","67","dotpositionleft","singlestim","284","269811","c","left","correct","1","","1","trialend","singlestim","285","270824"
"17699","Subject205","1","hanginghanging","1","hanging","positionleft","validityvalid","test","4","suicide","singlestim","287","272826","556","â€šÃ³Ã¨","67","dotpositionleft","singlestim","288","273434","c","left","correct","1","","1","trialend","singlestim","289","274446"
"17996","Subject205","1","frameframe","1","frame","positionleft","validityinvalid","test","4","neutral","singlestim","291","276450","460","â€šÃ³Ã¨","77","dotpositionright","singlestim","292","276961","m","right","correct","1","","1","trialend","singlestim","293","277973"
"18293","Subject205","1","doubledouble","1","double","positionright","validityvalid","test","4","neutral","singlestim","295","279977","398","â€šÃ³Ã¨","77","dotpositionright","singlestim","296","280426","m","right","correct","1","","1","trialend","singlestim","297","281438"
"18590","Subject205","1","structurestructure","1","structure","positionright","validityvalid","test","4","neutral","singlestim","299","283441","775","â€šÃ³Ã¨","77","dotpositionright","singlestim","300","284268","m","right","correct","1","","1","trialend","singlestim","301","285281"
"18887","Subject205","1","successsuccess","1","success","positionleft","validityvalid","test","4","positive","singlestim","303","287284","446","â€šÃ³Ã¨","67","dotpositionleft","singlestim","304","287782","c","left","correct","1","","1","trialend","singlestim","305","288794"
