"","SubjectID","rt","stimulus","keypress","word","wordposition","validity","block","blocknum","wordtype","trialtype","trialindex","timeelapsed","rt.1","stimulus.1","keypress.1","dotposition","trialtype.1","trialindex.1","timeelapsed.1","keypressed","participantresponse","correctresponse","rt.2","stimulus.2","keypress.2","blocktrial","trialtype.2","trialindex.2","timeelapsed.2"
"116","Subject121","1","cheesecheese","1","cheese","positionright","validityvalid","test","1","neutral","singlestim","51","130440","405","â€šÃ³Ã¨","77","dotpositionright","singlestim","52","130897","m","right","correct","1","","1","trialend","singlestim","53","131909"
"413","Subject121","1","suffocationsuffocation","1","suffocation","positionleft","validityinvalid","test","1","suicide","singlestim","55","133913","528","â€šÃ³Ã¨","77","dotpositionright","singlestim","56","134493","m","right","correct","1","","1","trialend","singlestim","57","135504"
"710","Subject121","1","gunshotgunshot","1","gunshot","positionright","validityvalid","test","1","suicide","singlestim","59","137510","422","â€šÃ³Ã¨","77","dotpositionright","singlestim","60","137982","m","right","correct","1","","1","trialend","singlestim","61","138998"
"1007","Subject121","1","greatgreat","1","great","positionright","validityvalid","test","1","positive","singlestim","63","141003","391","â€šÃ³Ã¨","77","dotpositionright","singlestim","64","141447","m","right","correct","1","","1","trialend","singlestim","65","142460"
"1304","Subject121","1","patheticpathetic","1","pathetic","positionleft","validityvalid","test","1","negative","singlestim","67","144463","344","â€šÃ³Ã¨","67","dotpositionleft","singlestim","68","144860","c","left","correct","1","","1","trialend","singlestim","69","145872"
"1601","Subject121","1","cryingcrying","1","crying","positionright","validityvalid","test","1","negative","singlestim","71","147878","270","â€šÃ³Ã¨","77","dotpositionright","singlestim","72","148201","m","right","correct","1","","1","trialend","singlestim","73","149215"
"1898","Subject121","1","imageimage","1","image","positionleft","validityvalid","test","1","neutral","singlestim","75","151218","417","â€šÃ³Ã¨","67","dotpositionleft","singlestim","76","151687","c","left","correct","1","","1","trialend","singlestim","77","152702"
"2195","Subject121","1","paradiseparadise","1","paradise","positionleft","validityvalid","test","1","positive","singlestim","79","154707","371","â€šÃ³Ã¨","67","dotpositionleft","singlestim","80","155131","c","left","correct","1","","1","trialend","singlestim","81","156146"
"2492","Subject121","1","foldedfolded","1","folded","positionleft","validityvalid","test","1","neutral","singlestim","83","158150","354","â€šÃ³Ã¨","67","dotpositionleft","singlestim","84","158555","c","left","correct","1","","1","trialend","singlestim","85","159568"
"2789","Subject121","1","bloodblood","1","blood","positionleft","validityvalid","test","1","suicide","singlestim","87","161571","386","â€šÃ³Ã¨","67","dotpositionleft","singlestim","88","162009","c","left","correct","1","","1","trialend","singlestim","89","163022"
"3086","Subject121","1","healthyhealthy","1","healthy","positionleft","validityinvalid","test","1","positive","singlestim","91","165028","394","â€šÃ³Ã¨","77","dotpositionright","singlestim","92","165474","m","right","correct","1","","1","trialend","singlestim","93","166487"
"3383","Subject121","1","hatehate","1","hate","positionright","validityinvalid","test","1","negative","singlestim","95","168493","417","â€šÃ³Ã¨","67","dotpositionleft","singlestim","96","168962","c","left","correct","1","","1","trialend","singlestim","97","169974"
"3680","Subject121","1","vomitvomit","1","vomit","positionleft","validityvalid","test","1","negative","singlestim","99","171977","362","â€šÃ³Ã¨","67","dotpositionleft","singlestim","100","172392","c","left","correct","1","","1","trialend","singlestim","101","173404"
"3977","Subject121","1","attractionattraction","1","attraction","positionright","validityvalid","test","1","positive","singlestim","103","175408","345","â€šÃ³Ã¨","77","dotpositionright","singlestim","104","175806","m","right","correct","1","","1","trialend","singlestim","105","176821"
"4274","Subject121","1","funeralfuneral","1","funeral","positionright","validityvalid","test","1","suicide","singlestim","107","178828","321","â€šÃ³Ã¨","77","dotpositionright","singlestim","108","179202","m","right","correct","1","","1","trialend","singlestim","109","180215"
"4571","Subject121","1","statuestatue","1","statue","positionright","validityinvalid","test","1","neutral","singlestim","111","182218","302","â€šÃ³Ã¨","67","dotpositionleft","singlestim","112","182572","c","left","correct","1","","1","trialend","singlestim","113","183585"
"4868","Subject121","1","ecstaticecstatic","1","ecstatic","positionright","validityvalid","test","4","positive","singlestim","115","185591","370","â€šÃ³Ã¨","77","dotpositionright","singlestim","116","186014","m","right","correct","1","","1","trialend","singlestim","117","187025"
"5165","Subject121","1","deceaseddeceased","1","deceased","positionright","validityvalid","test","4","suicide","singlestim","119","189032","394","â€šÃ³Ã¨","77","dotpositionright","singlestim","120","189477","m","right","correct","1","","1","trialend","singlestim","121","190490"
"5462","Subject121","1","passionatepassionate","1","passionate","positionleft","validityinvalid","test","4","positive","singlestim","123","192493","403","â€šÃ³Ã¨","77","dotpositionright","singlestim","124","192947","m","right","correct","1","","1","trialend","singlestim","125","193961"
"5759","Subject121","1","stupidstupid","1","stupid","positionleft","validityvalid","test","4","negative","singlestim","127","195965","391","â€šÃ³Ã¨","67","dotpositionleft","singlestim","128","196407","c","left","correct","1","","1","trialend","singlestim","129","197421"
"6056","Subject121","1","doubledouble","1","double","positionright","validityvalid","test","4","neutral","singlestim","131","199424","349","â€šÃ³Ã¨","77","dotpositionright","singlestim","132","199825","m","right","correct","1","","1","trialend","singlestim","133","200838"
"6353","Subject121","1","wohlesswohless","1","wohless","positionright","validityvalid","test","4","negative","singlestim","135","202843","493","â€šÃ³Ã¨","77","dotpositionright","singlestim","136","203387","m","right","correct","1","","1","trialend","singlestim","137","204402"
"6650","Subject121","1","killingkilling","1","killing","positionleft","validityvalid","test","4","suicide","singlestim","139","206406","393","â€šÃ³Ã¨","67","dotpositionleft","singlestim","140","206849","c","left","correct","1","","1","trialend","singlestim","141","207862"
"6947","Subject121","1","successsuccess","1","success","positionleft","validityvalid","test","4","positive","singlestim","143","209866","349","â€šÃ³Ã¨","67","dotpositionleft","singlestim","144","210267","c","left","correct","1","","1","trialend","singlestim","145","211280"
"7244","Subject121","1","alonealone","1","alone","positionleft","validityvalid","test","4","negative","singlestim","147","213284","304","â€šÃ³Ã¨","67","dotpositionleft","singlestim","148","213640","c","left","correct","1","","1","trialend","singlestim","149","214653"
"7541","Subject121","1","structurestructure","1","structure","positionright","validityvalid","test","4","neutral","singlestim","151","216658","301","â€šÃ³Ã¨","77","dotpositionright","singlestim","152","217012","m","right","correct","1","","1","trialend","singlestim","153","218025"
"7838","Subject121","1","laughlaugh","1","laugh","positionright","validityvalid","test","4","positive","singlestim","155","220029","289","â€šÃ³Ã¨","77","dotpositionright","singlestim","156","220370","m","right","correct","1","","1","trialend","singlestim","157","221382"
"8135","Subject121","1","suicidesuicide","1","suicide","positionright","validityinvalid","test","4","suicide","singlestim","159","223386","433","â€šÃ³Ã¨","67","dotpositionleft","singlestim","160","223870","c","left","correct","1","","1","trialend","singlestim","161","224883"
"8432","Subject121","1","frameframe","1","frame","positionleft","validityinvalid","test","4","neutral","singlestim","163","226887","497","â€šÃ³Ã¨","77","dotpositionright","singlestim","164","227435","m","right","correct","1","","1","trialend","singlestim","165","228448"
"8729","Subject121","1","ashamedashamed","1","ashamed","positionright","validityinvalid","test","4","negative","singlestim","167","230451","421","â€šÃ³Ã¨","67","dotpositionleft","singlestim","168","230923","c","left","correct","1","","1","trialend","singlestim","169","231935"
"9026","Subject121","1","hanginghanging","1","hanging","positionleft","validityvalid","test","4","suicide","singlestim","171","233939","515","â€šÃ³Ã¨","67","dotpositionleft","singlestim","172","234507","c","left","correct","1","","1","trialend","singlestim","173","235521"
"9323","Subject121","1","engineengine","1","engine","positionleft","validityvalid","test","4","neutral","singlestim","175","237526","335","â€šÃ³Ã¨","67","dotpositionleft","singlestim","176","237912","c","left","correct","1","","1","trialend","singlestim","177","238925"
"9620","Subject121","1","failurefailure","1","failure","positionleft","validityvalid","test","2","negative","singlestim","179","240928","401","â€šÃ³Ã¨","67","dotpositionleft","singlestim","180","241382","c","left","correct","1","","1","trialend","singlestim","181","242395"
"9917","Subject121","1","paperpaper","1","paper","positionleft","validityvalid","test","2","neutral","singlestim","183","244401","342","â€šÃ³Ã¨","67","dotpositionleft","singlestim","184","244793","c","left","correct","1","","1","trialend","singlestim","185","245806"
"10214","Subject121","1","enthusiasmenthusiasm","1","enthusiasm","positionright","validityvalid","test","2","positive","singlestim","187","247810","277","â€šÃ³Ã¨","77","dotpositionright","singlestim","188","248139","m","right","correct","1","","1","trialend","singlestim","189","249150"
"10511","Subject121","1","lovelove","1","love","positionright","validityinvalid","test","2","positive","singlestim","191","251156","507","â€šÃ³Ã¨","67","dotpositionleft","singlestim","192","251714","c","left","correct","1","","1","trialend","singlestim","193","252726"
"10808","Subject121","1","abuseabuse","1","abuse","positionright","validityvalid","test","2","negative","singlestim","195","254731","382","â€šÃ³Ã¨","77","dotpositionright","singlestim","196","255164","m","right","correct","1","","1","trialend","singlestim","197","256176"
"11105","Subject121","1","tabletable","1","table","positionright","validityvalid","test","2","neutral","singlestim","199","258180","371","â€šÃ³Ã¨","77","dotpositionright","singlestim","200","258602","m","right","correct","1","","1","trialend","singlestim","201","259615"
"11402","Subject121","1","braverybravery","1","bravery","positionleft","validityvalid","test","2","positive","singlestim","203","261619","428","â€šÃ³Ã¨","67","dotpositionleft","singlestim","204","262098","c","left","correct","1","","1","trialend","singlestim","205","263112"
"11699","Subject121","1","noosenoose","1","noose","positionleft","validityvalid","test","2","suicide","singlestim","207","265117","377","â€šÃ³Ã¨","67","dotpositionleft","singlestim","208","265546","c","left","correct","1","","1","trialend","singlestim","209","266558"
"11996","Subject121","1","corpsecorpse","1","corpse","positionleft","validityvalid","test","2","suicide","singlestim","211","268562","298","â€šÃ³Ã¨","67","dotpositionleft","singlestim","212","268911","c","left","correct","1","","1","trialend","singlestim","213","269925"
"12293","Subject121","1","overdoseoverdose","1","overdose","positionright","validityinvalid","test","2","suicide","singlestim","215","271930","373","â€šÃ³Ã¨","67","dotpositionleft","singlestim","216","272357","c","left","correct","1","","1","trialend","singlestim","217","273370"
"12590","Subject121","1","horsehorse","1","horse","positionleft","validityinvalid","test","2","neutral","singlestim","219","275373","363","â€šÃ³Ã¨","77","dotpositionright","singlestim","220","275789","m","right","correct","1","","1","trialend","singlestim","221","276800"
"12887","Subject121","1","foamfoam","1","foam","positionright","validityvalid","test","2","neutral","singlestim","223","278805","408","â€šÃ³Ã¨","77","dotpositionright","singlestim","224","279265","m","right","correct","1","","1","trialend","singlestim","225","280278"
"13184","Subject121","1","filthyfilthy","1","filthy","positionleft","validityinvalid","test","2","negative","singlestim","227","282283","409","â€šÃ³Ã¨","77","dotpositionright","singlestim","228","282745","m","right","correct","1","","1","trialend","singlestim","229","283758"
"13481","Subject121","1","cruelcruel","1","cruel","positionright","validityvalid","test","2","negative","singlestim","231","285762","496","â€šÃ³Ã¨","77","dotpositionright","singlestim","232","286309","m","right","correct","1","","1","trialend","singlestim","233","287322"
"13778","Subject121","1","pleasurepleasure","1","pleasure","positionleft","validityvalid","test","2","positive","singlestim","235","289326","405","â€šÃ³Ã¨","67","dotpositionleft","singlestim","236","289784","c","left","correct","1","","1","trialend","singlestim","237","290797"
"14075","Subject121","1","deathdeath","1","death","positionright","validityvalid","test","2","suicide","singlestim","239","292800","351","â€šÃ³Ã¨","77","dotpositionright","singlestim","240","293203","m","right","correct","1","","1","trialend","singlestim","241","294215"
"14372","Subject121","1","cuttingcutting","1","cutting","positionright","validityvalid","test","3","suicide","singlestim","243","296220","406","â€šÃ³Ã¨","77","dotpositionright","singlestim","244","296679","m","right","correct","1","","1","trialend","singlestim","245","297692"
"14669","Subject121","426","rejectedrejected","77","rejected","positionright","validityvalid","test","3","negative","singlestim","247","299696","361","â€šÃ³Ã¨","77","dotpositionright","singlestim","248","300110","m","right","correct","1","","1","trialend","singlestim","249","301124"
"14966","Subject121","1","strongstrong","1","strong","positionleft","validityvalid","test","3","positive","singlestim","251","303127","355","â€šÃ³Ã¨","67","dotpositionleft","singlestim","252","303534","c","left","correct","1","","1","trialend","singlestim","253","304546"
"15263","Subject121","1","smilesmile","1","smile","positionleft","validityvalid","test","3","positive","singlestim","255","306548","442","â€šÃ³Ã¨","67","dotpositionleft","singlestim","256","307042","c","left","correct","1","","1","trialend","singlestim","257","308056"
"15560","Subject121","1","dyingdying","1","dying","positionleft","validityvalid","test","3","suicide","singlestim","259","310060","354","â€šÃ³Ã¨","67","dotpositionleft","singlestim","260","310465","c","left","correct","1","","1","trialend","singlestim","261","311479"
"15857","Subject121","1","deaddead","1","dead","positionleft","validityinvalid","test","3","suicide","singlestim","263","313482","426","â€šÃ³Ã¨","77","dotpositionright","singlestim","264","313960","m","right","correct","1","","1","trialend","singlestim","265","314974"
"16154","Subject121","1","assaultassault","1","assault","positionleft","validityinvalid","test","3","negative","singlestim","267","316978","424","â€šÃ³Ã¨","77","dotpositionright","singlestim","268","317454","m","right","correct","1","","1","trialend","singlestim","269","318467"
"16451","Subject121","1","closetcloset","1","closet","positionright","validityinvalid","test","3","neutral","singlestim","271","320470","577","â€šÃ³Ã¨","67","dotpositionleft","singlestim","272","321098","c","left","correct","1","","1","trialend","singlestim","273","322112"
"16748","Subject121","1","kisskiss","1","kiss","positionright","validityinvalid","test","3","positive","singlestim","275","324116","444","â€šÃ³Ã¨","67","dotpositionleft","singlestim","276","324612","c","left","correct","1","","1","trialend","singlestim","277","325624"
"17045","Subject121","1","metermeter","1","meter","positionleft","validityvalid","test","3","neutral","singlestim","279","327629","470","â€šÃ³Ã¨","67","dotpositionleft","singlestim","280","328152","c","left","correct","1","","1","trialend","singlestim","281","329166"
"17342","Subject121","1","diedie","1","die","positionright","validityvalid","test","3","suicide","singlestim","283","331170","382","â€šÃ³Ã¨","77","dotpositionright","singlestim","284","331605","m","right","correct","1","","1","trialend","singlestim","285","332619"
"17639","Subject121","1","museummuseum","1","museum","positionleft","validityvalid","test","3","neutral","singlestim","287","334623","383","â€šÃ³Ã¨","67","dotpositionleft","singlestim","288","335058","c","left","correct","1","","1","trialend","singlestim","289","336072"
"17936","Subject121","1","greengreen","1","green","positionright","validityvalid","test","3","neutral","singlestim","291","338075","375","â€šÃ³Ã¨","77","dotpositionright","singlestim","292","338502","m","right","correct","1","","1","trialend","singlestim","293","339515"
"18233","Subject121","1","bombbomb","1","bomb","positionright","validityvalid","test","3","negative","singlestim","295","341520","470","â€šÃ³Ã¨","77","dotpositionright","singlestim","296","342043","m","right","correct","1","","1","trialend","singlestim","297","343054"
"18530","Subject121","1","touretoure","1","toure","positionleft","validityvalid","test","3","negative","singlestim","299","345059","426","â€šÃ³Ã¨","67","dotpositionleft","singlestim","300","345537","c","left","correct","1","","1","trialend","singlestim","301","346549"
"18827","Subject121","1","happyhappy","1","happy","positionright","validityvalid","test","3","positive","singlestim","303","348552","330","â€šÃ³Ã¨","77","dotpositionright","singlestim","304","348934","m","right","correct","1","","1","trialend","singlestim","305","349949"
