"","SubjectID","rt","stimulus","keypress","word","wordposition","validity","block","blocknum","wordtype","trialtype","trialindex","timeelapsed","rt.1","stimulus.1","keypress.1","dotposition","trialtype.1","trialindex.1","timeelapsed.1","keypressed","participantresponse","correctresponse","rt.2","stimulus.2","keypress.2","blocktrial","trialtype.2","trialindex.2","timeelapsed.2"
"231","Subject263","1","deceaseddeceased","1","deceased","positionright","validityvalid","test","4","suicide","singlestim","51","621284","1","â€šÃ³Ã¨","1","dotpositionright","singlestim","52","623338","","incorrect","1","","1","trialend","singlestim","53","624350","100030"
"528","Subject263","doubledouble","1","double","positionright","validityvalid","test","4","neutral","singlestim","55","626354","100050","â€šÃ³Ã¨","1","dotpositionright","singlestim","56","628406","100060","incorrect","1","","1","trialend","singlestim","57","629418","100070","1"
"825","Subject263","1","hanging","positionleft","validityvalid","test","4","suicide","singlestim","59","631422","100090","1","1","dotpositionleft","singlestim","60","633474","1000100","","1","","1","trialend","singlestim","61","634488","1000110","1","ecstaticecstatic"
"1122","Subject263","ecstatic","positionright","validityvalid","test","4","positive","singlestim","63","636490","1000130","1","â€šÃ³Ã¨","dotpositionright","singlestim","64","638542","1000140","","incorrect","","1","trialend","singlestim","65","639554","1000150","1","frameframe","1"
"1419","Subject263","positionleft","validityinvalid","test","4","neutral","singlestim","67","641558","1000170","1","â€šÃ³Ã¨","1","singlestim","68","643610","1000180","","incorrect","1","1","trialend","singlestim","69","644622","1000190","1","killingkilling","1","killing"
"1716","Subject263","validityvalid","test","4","suicide","singlestim","71","646624","1000210","1","â€šÃ³Ã¨","1","dotpositionleft","72","648676","1000220","","incorrect","1","","trialend","singlestim","73","649688","1000230","1","laughlaugh","1","laugh","positionright"
"2013","Subject263","test","4","positive","singlestim","75","651692","1000250","1","â€šÃ³Ã¨","1","dotpositionright","singlestim","653744","1000260","","incorrect","1","","1","singlestim","77","654756","1000270","1","suicidesuicide","1","suicide","positionright","validityinvalid"
"2310","Subject263","4","suicide","singlestim","79","656760","1000290","1","â€šÃ³Ã¨","1","dotpositionleft","singlestim","80","1000300","","incorrect","1","","1","trialend","81","659824","1000310","1","engineengine","1","engine","positionleft","validityvalid","test"
"2607","Subject263","neutral","singlestim","83","661826","1000330","1","â€šÃ³Ã¨","1","dotpositionleft","singlestim","84","663878","","incorrect","1","","1","trialend","singlestim","664888","1000350","1","structurestructure","1","structure","positionright","validityvalid","test","4"
"2904","Subject263","singlestim","87","666894","1000370","1","â€šÃ³Ã¨","1","dotpositionright","singlestim","88","668944","1000380","incorrect","1","","1","trialend","singlestim","89","1000390","1","ashamedashamed","1","ashamed","positionright","validityinvalid","test","4","negative"
"3201","Subject263","91","671962","1000410","1","â€šÃ³Ã¨","1","dotpositionleft","singlestim","92","674014","1000420","","1","","1","trialend","singlestim","93","675026","1","stupidstupid","1","stupid","positionleft","validityvalid","test","4","negative","singlestim"
"3498","Subject263","677026","1000450","1","â€šÃ³Ã¨","1","dotpositionleft","singlestim","96","679078","1000460","","incorrect","","1","trialend","singlestim","97","680090","1000470","alonealone","1","alone","positionleft","validityvalid","test","4","negative","singlestim","99"
"3795","Subject263","1000490","1","â€šÃ³Ã¨","1","dotpositionleft","singlestim","100","684152","1000500","","incorrect","1","1","trialend","singlestim","101","685168","1000510","1","1","wohless","positionright","validityvalid","test","4","negative","singlestim","103","687178"
"4092","Subject263","1","â€šÃ³Ã¨","1","dotpositionright","singlestim","104","689236","1000540","","incorrect","1","","trialend","singlestim","105","690250","1000550","1","passionatepassionate","passionate","positionleft","validityinvalid","test","4","positive","singlestim","107","692256","1000570"
"4389","Subject263","â€šÃ³Ã¨","1","dotpositionright","singlestim","108","694308","1000580","","incorrect","1","","1","singlestim","109","695322","1000590","1","successsuccess","1","positionleft","validityvalid","test","4","positive","singlestim","111","697326","1000610","1"
"4686","Subject263","1","dotpositionleft","singlestim","112","699378","1000620","","incorrect","1","","1","trialend","113","700390","1000630","1","cryingcrying","1","crying","validityvalid","test","1","negative","singlestim","115","702394","101010","1","â€šÃ³Ã¨"
"4983","Subject263","dotpositionright","singlestim","116","704446","101020","","incorrect","1","","1","trialend","singlestim","705460","101030","1","funeralfuneral","1","funeral","positionright","test","1","suicide","singlestim","119","707462","101050","1","â€šÃ³Ã¨","1"
"5280","Subject263","singlestim","120","709514","101060","","incorrect","1","","1","trialend","singlestim","121","101070","1","paradiseparadise","1","paradise","positionleft","validityvalid","1","positive","singlestim","123","712530","101090","1","â€šÃ³Ã¨","1","dotpositionleft"
"5577","Subject263","124","714582","1010100","","incorrect","1","","1","trialend","singlestim","125","715594","1","gunshotgunshot","1","gunshot","positionright","validityvalid","test","suicide","singlestim","127","717596","1010130","1","â€šÃ³Ã¨","1","dotpositionright","singlestim"
"5874","Subject263","719648","1010140","","incorrect","1","","1","trialend","singlestim","129","720662","1010150","patheticpathetic","1","pathetic","positionleft","validityvalid","test","1","singlestim","131","722664","1010170","1","â€šÃ³Ã¨","1","dotpositionleft","singlestim","132"
"6171","Subject263","1010180","","incorrect","1","","1","trialend","singlestim","133","725728","1010190","1","1","statue","positionright","validityinvalid","test","1","neutral","135","727730","1010210","1","â€šÃ³Ã¨","1","dotpositionleft","singlestim","136","729784"
"6468","Subject263","","incorrect","1","","1","trialend","singlestim","137","730798","1010230","1","cheesecheese","cheese","positionright","validityvalid","test","1","neutral","singlestim","732802","1010250","1","â€šÃ³Ã¨","1","dotpositionright","singlestim","140","734854","1010260"
"6765","Subject263","incorrect","1","","1","trialend","singlestim","141","735868","1010270","1","bloodblood","1","positionleft","validityvalid","test","1","suicide","singlestim","143","1010290","1","â€šÃ³Ã¨","1","dotpositionleft","singlestim","144","739922","1010300",""
"7062","Subject263","1","","1","trialend","singlestim","145","740934","1010310","1","imageimage","1","image","validityvalid","test","1","neutral","singlestim","147","742938","1","â€šÃ³Ã¨","1","dotpositionleft","singlestim","148","744990","1010340","","incorrect"
"7359","Subject263","","1","trialend","singlestim","149","746000","1010350","1","foldedfolded","1","folded","positionleft","test","1","neutral","singlestim","151","748004","1010370","â€šÃ³Ã¨","1","dotpositionleft","singlestim","152","750056","1010380","","incorrect","1"
"7656","Subject263","1","trialend","singlestim","153","751068","1010390","1","suffocationsuffocation","1","suffocation","positionleft","validityinvalid","1","suicide","singlestim","155","753070","1010410","1","1","dotpositionright","singlestim","156","755124","1010420","","incorrect","1",""
"7953","Subject263","trialend","singlestim","157","756136","1010430","1","hatehate","1","hate","positionright","validityinvalid","test","negative","singlestim","159","758138","1010450","1","â€šÃ³Ã¨","dotpositionleft","singlestim","160","760190","1010460","","incorrect","1","","1"
"8250","Subject263","singlestim","161","761202","1010470","1","greatgreat","1","great","positionright","validityvalid","test","1","singlestim","163","763208","1010490","1","â€šÃ³Ã¨","1","singlestim","164","765260","1010500","","incorrect","1","","1","trialend"
"8547","Subject263","165","766272","1010510","1","vomitvomit","1","vomit","positionleft","validityvalid","test","1","negative","167","768274","1010530","1","â€šÃ³Ã¨","1","dotpositionleft","168","770326","1010540","","incorrect","1","","1","trialend","singlestim"
"8844","Subject263","771338","1010550","1","healthyhealthy","1","healthy","positionleft","validityinvalid","test","1","positive","singlestim","773340","1010570","1","â€šÃ³Ã¨","1","dotpositionright","singlestim","775390","1010580","","incorrect","1","","1","trialend","singlestim","173"
"9141","Subject263","1010590","1","attractionattraction","1","attraction","positionright","validityvalid","test","1","positive","singlestim","175","1010610","1","â€šÃ³Ã¨","1","dotpositionright","singlestim","176","1010620","","incorrect","1","","1","trialend","singlestim","177","781468"
"9438","Subject263","1","touretoure","1","toure","positionleft","validityvalid","test","3","negative","singlestim","179","783472","1","â€šÃ³Ã¨","1","dotpositionleft","singlestim","180","785524","","incorrect","1","","1","trialend","singlestim","181","786538","102030"
"9735","Subject263","deaddead","1","dead","positionleft","validityinvalid","test","3","suicide","singlestim","183","788540","102050","â€šÃ³Ã¨","1","dotpositionright","singlestim","184","790592","102060","incorrect","1","","1","trialend","singlestim","185","791606","102070","1"
"10032","Subject263","1","meter","positionleft","validityvalid","test","3","neutral","singlestim","187","793610","102090","1","1","dotpositionleft","singlestim","188","795662","1020100","","1","","1","trialend","singlestim","189","796676","1020110","1","rejectedrejected"
"10329","Subject263","rejected","positionright","validityvalid","test","3","negative","singlestim","191","798678","1020130","1","â€šÃ³Ã¨","dotpositionright","singlestim","192","800730","1020140","","incorrect","","1","trialend","singlestim","193","801744","1020150","1","happyhappy","1"
"10626","Subject263","positionright","validityvalid","test","3","positive","singlestim","195","803750","1020170","1","â€šÃ³Ã¨","1","singlestim","196","805800","1020180","","incorrect","1","1","trialend","singlestim","197","806812","1020190","1","closetcloset","1","closet"
"10923","Subject263","validityinvalid","test","3","neutral","singlestim","199","808816","1020210","1","â€šÃ³Ã¨","1","dotpositionleft","200","810868","1020220","","incorrect","1","","trialend","singlestim","201","811878","1020230","1","greengreen","1","green","positionright"
"11220","Subject263","test","3","neutral","singlestim","203","813882","1020250","1","â€šÃ³Ã¨","1","dotpositionright","singlestim","815936","1020260","","incorrect","1","","1","singlestim","205","816948","1020270","1","diedie","1","die","positionright","validityvalid"
"11517","Subject263","3","suicide","singlestim","207","818952","1020290","1","â€šÃ³Ã¨","1","dotpositionright","singlestim","208","1020300","","incorrect","1","","1","trialend","209","822014","1020310","1","dyingdying","1","dying","positionleft","validityvalid","test"
"11814","Subject263","suicide","singlestim","211","824018","1020330","1","â€šÃ³Ã¨","1","dotpositionleft","singlestim","212","826072","","incorrect","1","","1","trialend","singlestim","827082","1020350","1","smilesmile","1","smile","positionleft","validityvalid","test","3"
"12111","Subject263","singlestim","215","829086","1020370","1","â€šÃ³Ã¨","1","dotpositionleft","singlestim","216","831140","1020380","incorrect","1","","1","trialend","singlestim","217","1020390","1","museummuseum","1","museum","positionleft","validityvalid","test","3","neutral"
"12408","Subject263","219","834156","1020410","1","â€šÃ³Ã¨","1","dotpositionleft","singlestim","220","836208","1020420","","1","","1","trialend","singlestim","221","837220","1","bombbomb","1","bomb","positionright","validityvalid","test","3","negative","singlestim"
"12705","Subject263","839224","1020450","1","â€šÃ³Ã¨","1","dotpositionright","singlestim","224","841276","1020460","","incorrect","","1","trialend","singlestim","225","842288","1020470","strongstrong","1","strong","positionleft","validityvalid","test","3","positive","singlestim","227"
"13002","Subject263","1020490","1","â€šÃ³Ã¨","1","dotpositionleft","singlestim","228","846342","1020500","","incorrect","1","1","trialend","singlestim","229","847354","1020510","1","1","assault","positionleft","validityinvalid","test","3","negative","singlestim","231","849362"
"13299","Subject263","1","â€šÃ³Ã¨","1","dotpositionright","singlestim","232","851414","1020540","","incorrect","1","","trialend","singlestim","233","852426","1020550","1","cuttingcutting","cutting","positionright","validityvalid","test","3","suicide","singlestim","235","854428","1020570"
"13596","Subject263","â€šÃ³Ã¨","1","dotpositionright","singlestim","236","856480","1020580","","incorrect","1","","1","singlestim","237","857492","1020590","1","kisskiss","1","positionright","validityinvalid","test","3","positive","singlestim","239","859496","1020610","1"
"13893","Subject263","1","dotpositionleft","singlestim","240","861550","1020620","","incorrect","1","","1","trialend","241","862560","1020630","1","noosenoose","1","noose","validityvalid","test","2","suicide","singlestim","243","864566","103010","1","â€šÃ³Ã¨"
"14190","Subject263","dotpositionleft","singlestim","244","866618","103020","","incorrect","1","","1","trialend","singlestim","867632","103030","1","lovelove","1","love","positionright","test","2","positive","singlestim","247","869634","103050","1","â€šÃ³Ã¨","1"
"14487","Subject263","singlestim","248","871686","103060","","incorrect","1","","1","trialend","singlestim","249","103070","1","failurefailure","1","failure","positionleft","validityvalid","2","negative","singlestim","251","874700","103090","1","â€šÃ³Ã¨","1","dotpositionleft"
"14784","Subject263","252","876754","1030100","","incorrect","1","","1","trialend","singlestim","253","877770","1","deathdeath","1","death","positionright","validityvalid","test","suicide","singlestim","255","879774","1030130","1","â€šÃ³Ã¨","1","dotpositionright","singlestim"
"15081","Subject263","881828","1030140","","incorrect","1","","1","trialend","singlestim","257","882840","1030150","overdoseoverdose","1","overdose","positionright","validityinvalid","test","2","singlestim","259","884842","1030170","1","â€šÃ³Ã¨","1","dotpositionleft","singlestim","260"
"15378","Subject263","1030180","","incorrect","1","","1","trialend","singlestim","261","887908","1030190","1","1","abuse","positionright","validityvalid","test","2","negative","263","889910","1030210","1","â€šÃ³Ã¨","1","dotpositionright","singlestim","264","891964"
"15675","Subject263","","incorrect","1","","1","trialend","singlestim","265","892976","1030230","1","cruelcruel","cruel","positionright","validityvalid","test","2","negative","singlestim","894984","1030250","1","â€šÃ³Ã¨","1","dotpositionright","singlestim","268","897036","1030260"
"15972","Subject263","incorrect","1","","1","trialend","singlestim","269","898050","1030270","1","corpsecorpse","1","positionleft","validityvalid","test","2","suicide","singlestim","271","1030290","1","â€šÃ³Ã¨","1","dotpositionleft","singlestim","272","902104","1030300",""
"16269","Subject263","1","","1","trialend","singlestim","273","903118","1030310","1","paperpaper","1","paper","validityvalid","test","2","neutral","singlestim","275","905120","1","â€šÃ³Ã¨","1","dotpositionleft","singlestim","276","907174","1030340","","incorrect"
"16566","Subject263","","1","trialend","singlestim","277","908188","1030350","1","pleasurepleasure","1","pleasure","positionleft","test","2","positive","singlestim","279","910192","1030370","â€šÃ³Ã¨","1","dotpositionleft","singlestim","280","912246","1030380","","incorrect","1"
"16863","Subject263","1","trialend","singlestim","281","913258","1030390","1","horsehorse","1","horse","positionleft","validityinvalid","2","neutral","singlestim","283","915262","1030410","1","1","dotpositionright","singlestim","284","917314","1030420","","incorrect","1",""
"17160","Subject263","trialend","singlestim","285","918326","1030430","1","enthusiasmenthusiasm","1","enthusiasm","positionright","validityvalid","test","positive","singlestim","287","920328","1030450","1","â€šÃ³Ã¨","dotpositionright","singlestim","288","922380","1030460","","incorrect","1","","1"
"17457","Subject263","singlestim","289","923392","1030470","1","tabletable","1","table","positionright","validityvalid","test","2","singlestim","291","925394","1030490","1","â€šÃ³Ã¨","1","singlestim","292","927448","1030500","","incorrect","1","","1","trialend"
"17754","Subject263","293","928466","1030510","1","braverybravery","1","bravery","positionleft","validityvalid","test","2","positive","295","930478","1030530","1","â€šÃ³Ã¨","1","dotpositionleft","296","932534","1030540","","incorrect","1","","1","trialend","singlestim"
"18051","Subject263","933548","1030550","1","filthyfilthy","1","filthy","positionleft","validityinvalid","test","2","negative","singlestim","935554","1030570","1","â€šÃ³Ã¨","1","dotpositionright","singlestim","937608","1030580","","incorrect","1","","1","trialend","singlestim","301"
"18348","Subject263","1030590","1","foamfoam","1","foam","positionright","validityvalid","test","2","neutral","singlestim","303","1030610","1","â€šÃ³Ã¨","1","dotpositionright","singlestim","304","1030620","","incorrect","1","","1","trialend","singlestim","305","943694"
"18645","Subject263","1002","timeout","textTimed","306","944698","1040","","","","","","","","","","","","","","","","","","","","","","",""
"18942","Subject263","","","","","","","","","","","","","","","","","","","","","","","","","","","","",""
