"","SubjectID","rt","stimulus","keypress","word","wordposition","validity","block","blocknum","wordtype","trialtype","trialindex","timeelapsed","rt.1","stimulus.1","keypress.1","dotposition","trialtype.1","trialindex.1","timeelapsed.1","keypressed","participantresponse","correctresponse","rt.2","stimulus.2","keypress.2","blocktrial","trialtype.2","trialindex.2","timeelapsed.2"
"262","Subject296","1","bloodblood","1","blood","positionleft","validityvalid","test","1","suicide","singlestim","51","102596","423","â€šÃ³Ã¨","67","dotpositionleft","singlestim","52","103072","c","left","correct","1","","1","trialend","singlestim","53","104090"
"559","Subject296","1","paradiseparadise","1","paradise","positionleft","validityvalid","test","1","positive","singlestim","55","106096","356","â€šÃ³Ã¨","67","dotpositionleft","singlestim","56","106509","c","left","correct","1","","1","trialend","singlestim","57","107523"
"856","Subject296","1","imageimage","1","image","positionleft","validityvalid","test","1","neutral","singlestim","59","109530","405","â€šÃ³Ã¨","67","dotpositionleft","singlestim","60","109993","c","left","correct","1","","1","trialend","singlestim","61","111008"
"1153","Subject296","1","greatgreat","1","great","positionright","validityvalid","test","1","positive","singlestim","63","113017","384","â€šÃ³Ã¨","77","dotpositionright","singlestim","64","113452","m","right","correct","1","","1","trialend","singlestim","65","114469"
"1450","Subject296","1","gunshotgunshot","1","gunshot","positionright","validityvalid","test","1","suicide","singlestim","67","116477","330","â€šÃ³Ã¨","77","dotpositionright","singlestim","68","116860","m","right","correct","1","","1","trialend","singlestim","69","117877"
"1747","Subject296","1","cheesecheese","1","cheese","positionright","validityvalid","test","1","neutral","singlestim","71","119882","380","â€šÃ³Ã¨","77","dotpositionright","singlestim","72","120316","m","right","correct","1","","1","trialend","singlestim","73","121329"
"2044","Subject296","1","healthyhealthy","1","healthy","positionleft","validityinvalid","test","1","positive","singlestim","75","123339","376","â€šÃ³Ã¨","77","dotpositionright","singlestim","76","123768","m","right","correct","1","","1","trialend","singlestim","77","124784"
"2341","Subject296","1","vomitvomit","1","vomit","positionleft","validityvalid","test","1","negative","singlestim","79","126789","411","â€šÃ³Ã¨","67","dotpositionleft","singlestim","80","127254","c","left","correct","1","","1","trialend","singlestim","81","128270"
"2638","Subject296","1","foldedfolded","1","folded","positionleft","validityvalid","test","1","neutral","singlestim","83","130276","312","â€šÃ³Ã¨","67","dotpositionleft","singlestim","84","130639","c","left","correct","1","","1","trialend","singlestim","85","131656"
"2935","Subject296","1","patheticpathetic","1","pathetic","positionleft","validityvalid","test","1","negative","singlestim","87","133663","355","â€šÃ³Ã¨","67","dotpositionleft","singlestim","88","134073","c","left","correct","1","","1","trialend","singlestim","89","135090"
"3232","Subject296","1","attractionattraction","1","attraction","positionright","validityvalid","test","1","positive","singlestim","91","137099","321","â€šÃ³Ã¨","77","dotpositionright","singlestim","92","137472","m","right","correct","1","","1","trialend","singlestim","93","138486"
"3529","Subject296","1","cryingcrying","1","crying","positionright","validityvalid","test","1","negative","singlestim","95","140493","406","â€šÃ³Ã¨","77","dotpositionright","singlestim","96","140953","m","right","correct","1","","1","trialend","singlestim","97","141964"
"3826","Subject296","1","funeralfuneral","1","funeral","positionright","validityvalid","test","1","suicide","singlestim","99","143972","386","â€šÃ³Ã¨","77","dotpositionright","singlestim","100","144411","m","right","correct","1","","1","trialend","singlestim","101","145429"
"4123","Subject296","1","suffocationsuffocation","1","suffocation","positionleft","validityinvalid","test","1","suicide","singlestim","103","147437","407","â€šÃ³Ã¨","77","dotpositionright","singlestim","104","147900","m","right","correct","1","","1","trialend","singlestim","105","148915"
"4420","Subject296","1","statuestatue","1","statue","positionright","validityinvalid","test","1","neutral","singlestim","107","150922","398","â€šÃ³Ã¨","67","dotpositionleft","singlestim","108","151372","c","left","correct","1","","1","trialend","singlestim","109","152385"
"4717","Subject296","1","hatehate","1","hate","positionright","validityinvalid","test","1","negative","singlestim","111","154395","374","â€šÃ³Ã¨","67","dotpositionleft","singlestim","112","154823","c","left","correct","1","","1","trialend","singlestim","113","155839"
"5014","Subject296","1","kisskiss","1","kiss","positionright","validityinvalid","test","3","positive","singlestim","115","157849","324","â€šÃ³Ã¨","67","dotpositionleft","singlestim","116","158224","c","left","correct","1","","1","trialend","singlestim","117","159242"
"5311","Subject296","1","smilesmile","1","smile","positionleft","validityvalid","test","3","positive","singlestim","119","161250","358","â€šÃ³Ã¨","67","dotpositionleft","singlestim","120","161659","c","left","correct","1","","1","trialend","singlestim","121","162675"
"5608","Subject296","1","bombbomb","1","bomb","positionright","validityvalid","test","3","negative","singlestim","123","164681","397","â€šÃ³Ã¨","77","dotpositionright","singlestim","124","165132","m","right","correct","1","","1","trialend","singlestim","125","166146"
"5905","Subject296","1","closetcloset","1","closet","positionright","validityinvalid","test","3","neutral","singlestim","127","168153","399","â€šÃ³Ã¨","67","dotpositionleft","singlestim","128","168606","c","left","correct","1","","1","trialend","singlestim","129","169633"
"6202","Subject296","1","dyingdying","1","dying","positionleft","validityvalid","test","3","suicide","singlestim","131","171643","352","â€šÃ³Ã¨","67","dotpositionleft","singlestim","132","172049","c","left","correct","1","","1","trialend","singlestim","133","173066"
"6499","Subject296","1","cuttingcutting","1","cutting","positionright","validityvalid","test","3","suicide","singlestim","135","175074","365","â€šÃ³Ã¨","77","dotpositionright","singlestim","136","175493","m","right","correct","194","","77","trialend","singlestim","137","176515"
"6796","Subject296","1","deaddead","1","dead","positionleft","validityinvalid","test","3","suicide","singlestim","139","178522","419","â€šÃ³Ã¨","77","dotpositionright","singlestim","140","178996","m","right","correct","1","","1","trialend","singlestim","141","180012"
"7093","Subject296","1","touretoure","1","toure","positionleft","validityvalid","test","3","negative","singlestim","143","182023","358","â€šÃ³Ã¨","67","dotpositionleft","singlestim","144","182436","c","left","correct","1","","1","trialend","singlestim","145","183448"
"7390","Subject296","1","greengreen","1","green","positionright","validityvalid","test","3","neutral","singlestim","147","185456","350","â€šÃ³Ã¨","77","dotpositionright","singlestim","148","185863","m","right","correct","1","","1","trialend","singlestim","149","186877"
"7687","Subject296","1","metermeter","1","meter","positionleft","validityvalid","test","3","neutral","singlestim","151","188890","298","â€šÃ³Ã¨","67","dotpositionleft","singlestim","152","189244","c","left","correct","1","","1","trialend","singlestim","153","190260"
"7984","Subject296","1","assaultassault","1","assault","positionleft","validityinvalid","test","3","negative","singlestim","155","192268","367","â€šÃ³Ã¨","77","dotpositionright","singlestim","156","192688","m","right","correct","1","","1","trialend","singlestim","157","193706"
"8281","Subject296","1","diedie","1","die","positionright","validityvalid","test","3","suicide","singlestim","159","195718","338","â€šÃ³Ã¨","77","dotpositionright","singlestim","160","196109","m","right","correct","1","","1","trialend","singlestim","161","197121"
"8578","Subject296","1","strongstrong","1","strong","positionleft","validityvalid","test","3","positive","singlestim","163","199133","340","â€šÃ³Ã¨","67","dotpositionleft","singlestim","164","199528","c","left","correct","1","","1","trialend","singlestim","165","200544"
"8875","Subject296","1","happyhappy","1","happy","positionright","validityvalid","test","3","positive","singlestim","167","202552","370","â€šÃ³Ã¨","77","dotpositionright","singlestim","168","202979","m","right","correct","1","","1","trialend","singlestim","169","203995"
"9172","Subject296","1","rejectedrejected","1","rejected","positionright","validityvalid","test","3","negative","singlestim","171","206003","359","â€šÃ³Ã¨","77","dotpositionright","singlestim","172","206416","m","right","correct","1","","1","trialend","singlestim","173","207430"
"9469","Subject296","1","museummuseum","1","museum","positionleft","validityvalid","test","3","neutral","singlestim","175","209437","451","â€šÃ³Ã¨","67","dotpositionleft","singlestim","176","209940","c","left","correct","1","","1","trialend","singlestim","177","210959"
"9766","Subject296","1","laughlaugh","1","laugh","positionright","validityvalid","test","4","positive","singlestim","179","212965","373","â€šÃ³Ã¨","77","dotpositionright","singlestim","180","213394","m","right","correct","1","","1","trialend","singlestim","181","214411"
"10063","Subject296","1","successsuccess","1","success","positionleft","validityvalid","test","4","positive","singlestim","183","216419","488","â€šÃ³Ã¨","67","dotpositionleft","singlestim","184","216961","c","left","correct","1","","1","trialend","singlestim","185","217979"
"10360","Subject296","1","deceaseddeceased","1","deceased","positionright","validityvalid","test","4","suicide","singlestim","187","219987","441","â€šÃ³Ã¨","77","dotpositionright","singlestim","188","220480","m","right","correct","1","","1","trialend","singlestim","189","221493"
"10657","Subject296","1","doubledouble","1","double","positionright","validityvalid","test","4","neutral","singlestim","191","223501","446","â€šÃ³Ã¨","77","dotpositionright","singlestim","192","224000","m","right","correct","1","","1","trialend","singlestim","193","225016"
"10954","Subject296","1","frameframe","1","frame","positionleft","validityinvalid","test","4","neutral","singlestim","195","227023","350","â€šÃ³Ã¨","77","dotpositionright","singlestim","196","227426","m","right","correct","1","","1","trialend","singlestim","197","228444"
"11251","Subject296","1","stupidstupid","1","stupid","positionleft","validityvalid","test","4","negative","singlestim","199","230454","317","â€šÃ³Ã¨","67","dotpositionleft","singlestim","200","230826","c","left","correct","1","","1","trialend","singlestim","201","231846"
"11548","Subject296","1","killingkilling","1","killing","positionleft","validityvalid","test","4","suicide","singlestim","203","233850","411","â€šÃ³Ã¨","67","dotpositionleft","singlestim","204","234312","c","left","correct","1","","1","trialend","singlestim","205","235330"
"11845","Subject296","1","suicidesuicide","1","suicide","positionright","validityinvalid","test","4","suicide","singlestim","207","237336","396","â€šÃ³Ã¨","67","dotpositionleft","singlestim","208","237786","c","left","correct","1","","1","trialend","singlestim","209","238804"
"12142","Subject296","1","ecstaticecstatic","1","ecstatic","positionright","validityvalid","test","4","positive","singlestim","211","240809","375","â€šÃ³Ã¨","77","dotpositionright","singlestim","212","241238","m","right","correct","1","","1","trialend","singlestim","213","242258"
"12439","Subject296","1","engineengine","1","engine","positionleft","validityvalid","test","4","neutral","singlestim","215","244267","244","â€šÃ³Ã¨","67","dotpositionleft","singlestim","216","244567","c","left","correct","1","","1","trialend","singlestim","217","245587"
"12736","Subject296","1","passionatepassionate","1","passionate","positionleft","validityinvalid","test","4","positive","singlestim","219","247593","369","â€šÃ³Ã¨","77","dotpositionright","singlestim","220","248016","m","right","correct","1","","1","trialend","singlestim","221","249033"
"13033","Subject296","1","structurestructure","1","structure","positionright","validityvalid","test","4","neutral","singlestim","223","251043","509","â€šÃ³Ã¨","77","dotpositionright","singlestim","224","251606","m","right","correct","1","","1","trialend","singlestim","225","252622"
"13330","Subject296","1","hanginghanging","1","hanging","positionleft","validityvalid","test","4","suicide","singlestim","227","254633","328","â€šÃ³Ã¨","67","dotpositionleft","singlestim","228","255020","c","left","correct","1","","1","trialend","singlestim","229","256036"
"13627","Subject296","1","alonealone","1","alone","positionleft","validityvalid","test","4","negative","singlestim","231","258046","286","â€šÃ³Ã¨","67","dotpositionleft","singlestim","232","258386","c","left","correct","1","","1","trialend","singlestim","233","259401"
"13924","Subject296","1","wohlesswohless","1","wohless","positionright","validityvalid","test","4","negative","singlestim","235","261406","337","â€šÃ³Ã¨","77","dotpositionright","singlestim","236","261796","m","right","correct","1","","1","trialend","singlestim","237","262813"
"14221","Subject296","1","ashamedashamed","1","ashamed","positionright","validityinvalid","test","4","negative","singlestim","239","264823","493","â€šÃ³Ã¨","67","dotpositionleft","singlestim","240","265369","c","left","correct","1","","1","trialend","singlestim","241","266386"
"14518","Subject296","1","deathdeath","1","death","positionright","validityvalid","test","2","suicide","singlestim","243","268397","327","â€šÃ³Ã¨","77","dotpositionright","singlestim","244","268778","m","right","correct","1","","1","trialend","singlestim","245","269795"
"14815","Subject296","1","tabletable","1","table","positionright","validityvalid","test","2","neutral","singlestim","247","271800","333","â€šÃ³Ã¨","77","dotpositionright","singlestim","248","272187","m","right","correct","1","","1","trialend","singlestim","249","273204"
"15112","Subject296","1","paperpaper","1","paper","positionleft","validityvalid","test","2","neutral","singlestim","251","275211","341","â€šÃ³Ã¨","67","dotpositionleft","singlestim","252","275607","c","left","correct","1","","1","trialend","singlestim","253","276624"
"15409","Subject296","1","foamfoam","1","foam","positionright","validityvalid","test","2","neutral","singlestim","255","278630","370","â€šÃ³Ã¨","77","dotpositionright","singlestim","256","279054","m","right","correct","1","","1","trialend","singlestim","257","280071"
"15706","Subject296","1","overdoseoverdose","1","overdose","positionright","validityinvalid","test","2","suicide","singlestim","259","282080","383","â€šÃ³Ã¨","67","dotpositionleft","singlestim","260","282518","c","left","correct","1","","1","trialend","singlestim","261","283537"
"16003","Subject296","1","horsehorse","1","horse","positionleft","validityinvalid","test","2","neutral","singlestim","263","285544","386","â€šÃ³Ã¨","77","dotpositionright","singlestim","264","285985","m","right","correct","1","","1","trialend","singlestim","265","286998"
"16300","Subject296","1","failurefailure","1","failure","positionleft","validityvalid","test","2","negative","singlestim","267","289005","338","â€šÃ³Ã¨","67","dotpositionleft","singlestim","268","289398","c","left","correct","1","","1","trialend","singlestim","269","290415"
"16597","Subject296","1","cruelcruel","1","cruel","positionright","validityvalid","test","2","negative","singlestim","271","292423","352","â€šÃ³Ã¨","77","dotpositionright","singlestim","272","292829","m","right","correct","1","","1","trialend","singlestim","273","293847"
"16894","Subject296","1","abuseabuse","1","abuse","positionright","validityvalid","test","2","negative","singlestim","275","295857","348","â€šÃ³Ã¨","77","dotpositionright","singlestim","276","296260","m","right","correct","1","","1","trialend","singlestim","277","297276"
"17191","Subject296","1","corpsecorpse","1","corpse","positionleft","validityvalid","test","2","suicide","singlestim","279","299288","357","â€šÃ³Ã¨","67","dotpositionleft","singlestim","280","299699","c","left","correct","1","","1","trialend","singlestim","281","300718"
"17488","Subject296","1","pleasurepleasure","1","pleasure","positionleft","validityvalid","test","2","positive","singlestim","283","302728","350","â€šÃ³Ã¨","67","dotpositionleft","singlestim","284","303133","c","left","correct","1","","1","trialend","singlestim","285","304148"
"17785","Subject296","1","lovelove","1","love","positionright","validityinvalid","test","2","positive","singlestim","287","306155","325","â€šÃ³Ã¨","67","dotpositionleft","singlestim","288","306535","c","left","correct","1","","1","trialend","singlestim","289","307549"
"18082","Subject296","1","noosenoose","1","noose","positionleft","validityvalid","test","2","suicide","singlestim","291","309555","437","â€šÃ³Ã¨","67","dotpositionleft","singlestim","292","310047","c","left","correct","1","","1","trialend","singlestim","293","311063"
"18379","Subject296","1","enthusiasmenthusiasm","1","enthusiasm","positionright","validityvalid","test","2","positive","singlestim","295","313070","328","â€šÃ³Ã¨","77","dotpositionright","singlestim","296","313452","m","right","correct","1","","1","trialend","singlestim","297","314471"
"18676","Subject296","1","braverybravery","1","bravery","positionleft","validityvalid","test","2","positive","singlestim","299","316478","365","â€šÃ³Ã¨","67","dotpositionleft","singlestim","300","316897","c","left","correct","1","","1","trialend","singlestim","301","317911"
"18973","Subject296","1","filthyfilthy","1","filthy","positionleft","validityinvalid","test","2","negative","singlestim","303","319918","411","â€šÃ³Ã¨","77","dotpositionright","singlestim","304","320379","m","right","correct","1","","1","trialend","singlestim","305","321395"
