"","SubjectID","rt","stimulus","keypress","word","wordposition","validity","block","blocknum","wordtype","trialtype","trialindex","timeelapsed","rt.1","stimulus.1","keypress.1","dotposition","trialtype.1","trialindex.1","timeelapsed.1","keypressed","participantresponse","correctresponse","rt.2","stimulus.2","keypress.2","blocktrial","trialtype.2","trialindex.2","timeelapsed.2"
"41","Subject42","1","rejectedrejected","1","rejected","positionright","validityvalid","test","3","negative","singlestim","51","58098","404","â€šÃ³Ã¨","77","dotpositionright","singlestim","52","58555","m","right","correct","1","","1","trialend","singlestim","53","59570"
"338","Subject42","1","diedie","1","die","positionright","validityvalid","test","3","suicide","singlestim","55","61575","319","â€šÃ³Ã¨","77","dotpositionright","singlestim","56","61948","m","right","correct","1","","1","trialend","singlestim","57","62962"
"635","Subject42","1","dyingdying","1","dying","positionleft","validityvalid","test","3","suicide","singlestim","59","64967","336","â€šÃ³Ã¨","67","dotpositionleft","singlestim","60","65357","c","left","correct","1","","1","trialend","singlestim","61","66371"
"932","Subject42","368","bombbomb","77","bomb","positionright","validityvalid","test","3","negative","singlestim","63","68377","335","â€šÃ³Ã¨","77","dotpositionright","singlestim","64","68764","m","right","correct","1","","1","trialend","singlestim","65","69776"
"1229","Subject42","1","smilesmile","1","smile","positionleft","validityvalid","test","3","positive","singlestim","67","71784","325","â€šÃ³Ã¨","67","dotpositionleft","singlestim","68","72161","c","left","correct","1","","1","trialend","singlestim","69","73173"
"1526","Subject42","1","greengreen","1","green","positionright","validityvalid","test","3","neutral","singlestim","71","75178","296","â€šÃ³Ã¨","77","dotpositionright","singlestim","72","75526","m","right","correct","1","","1","trialend","singlestim","73","76538"
"1823","Subject42","1","kisskiss","1","kiss","positionright","validityinvalid","test","3","positive","singlestim","75","78543","291","â€šÃ³Ã¨","67","dotpositionleft","singlestim","76","78887","c","left","correct","1","","1","trialend","singlestim","77","79902"
"2120","Subject42","1","deaddead","1","dead","positionleft","validityinvalid","test","3","suicide","singlestim","79","81907","302","â€šÃ³Ã¨","77","dotpositionright","singlestim","80","82262","m","right","correct","1","","1","trialend","singlestim","81","83274"
"2417","Subject42","1","metermeter","1","meter","positionleft","validityvalid","test","3","neutral","singlestim","83","85281","363","â€šÃ³Ã¨","67","dotpositionleft","singlestim","84","85695","c","left","correct","1","","1","trialend","singlestim","85","86708"
"2714","Subject42","1","assaultassault","1","assault","positionleft","validityinvalid","test","3","negative","singlestim","87","88713","260","â€šÃ³Ã¨","77","dotpositionright","singlestim","88","89025","m","right","correct","1","","1","trialend","singlestim","89","90038"
"3011","Subject42","1","cuttingcutting","1","cutting","positionright","validityvalid","test","3","suicide","singlestim","91","92044","351","â€šÃ³Ã¨","77","dotpositionright","singlestim","92","92446","m","right","correct","1","","1","trialend","singlestim","93","93459"
"3308","Subject42","1","museummuseum","1","museum","positionleft","validityvalid","test","3","neutral","singlestim","95","95464","251","â€šÃ³Ã¨","67","dotpositionleft","singlestim","96","95768","c","left","correct","1","","1","trialend","singlestim","97","96781"
"3605","Subject42","1","touretoure","1","toure","positionleft","validityvalid","test","3","negative","singlestim","99","98787","305","â€šÃ³Ã¨","67","dotpositionleft","singlestim","100","99144","c","left","correct","1","","1","trialend","singlestim","101","100158"
"3902","Subject42","1","closetcloset","1","closet","positionright","validityinvalid","test","3","neutral","singlestim","103","102162","383","â€šÃ³Ã¨","67","dotpositionleft","singlestim","104","102598","c","left","correct","1","","1","trialend","singlestim","105","103612"
"4199","Subject42","1","happyhappy","1","happy","positionright","validityvalid","test","3","positive","singlestim","107","105616","340","â€šÃ³Ã¨","77","dotpositionright","singlestim","108","106010","m","right","correct","1","","1","trialend","singlestim","109","107025"
"4496","Subject42","1","strongstrong","1","strong","positionleft","validityvalid","test","3","positive","singlestim","111","109031","382","â€šÃ³Ã¨","67","dotpositionleft","singlestim","112","109465","c","left","correct","1","","1","trialend","singlestim","113","110477"
"4793","Subject42","1","foamfoam","1","foam","positionright","validityvalid","test","2","neutral","singlestim","115","112482","373","â€šÃ³Ã¨","77","dotpositionright","singlestim","116","112907","m","right","correct","1","","1","trialend","singlestim","117","113921"
"5090","Subject42","1","tabletable","1","table","positionright","validityvalid","test","2","neutral","singlestim","119","115925","236","â€šÃ³Ã¨","77","dotpositionright","singlestim","120","116214","m","right","correct","1","","1","trialend","singlestim","121","117227"
"5387","Subject42","1","pleasurepleasure","1","pleasure","positionleft","validityvalid","test","2","positive","singlestim","123","119231","322","â€šÃ³Ã¨","67","dotpositionleft","singlestim","124","119609","c","left","correct","1","","1","trialend","singlestim","125","120623"
"5684","Subject42","1","cruelcruel","1","cruel","positionright","validityvalid","test","2","negative","singlestim","127","122628","310","â€šÃ³Ã¨","77","dotpositionright","singlestim","128","122992","m","right","correct","1","","1","trialend","singlestim","129","124006"
"5981","Subject42","1","deathdeath","1","death","positionright","validityvalid","test","2","suicide","singlestim","131","126011","547","â€šÃ³Ã¨","77","dotpositionright","singlestim","132","126611","m","right","correct","1","","1","trialend","singlestim","133","127624"
"6278","Subject42","1","enthusiasmenthusiasm","1","enthusiasm","positionright","validityvalid","test","2","positive","singlestim","135","129628","292","â€šÃ³Ã¨","77","dotpositionright","singlestim","136","129974","m","right","correct","1","","1","trialend","singlestim","137","130987"
"6575","Subject42","1","horsehorse","1","horse","positionleft","validityinvalid","test","2","neutral","singlestim","139","132993","272","â€šÃ³Ã¨","77","dotpositionright","singlestim","140","133317","m","right","correct","1","","1","trialend","singlestim","141","134330"
"6872","Subject42","1","lovelove","1","love","positionright","validityinvalid","test","2","positive","singlestim","143","136335","414","â€šÃ³Ã¨","67","dotpositionleft","singlestim","144","136802","c","left","correct","1","","1","trialend","singlestim","145","137815"
"7169","Subject42","1","abuseabuse","1","abuse","positionright","validityvalid","test","2","negative","singlestim","147","139819","392","â€šÃ³Ã¨","77","dotpositionright","singlestim","148","140264","m","right","correct","1","","1","trialend","singlestim","149","141279"
"7466","Subject42","1","filthyfilthy","1","filthy","positionleft","validityinvalid","test","2","negative","singlestim","151","143284","323","â€šÃ³Ã¨","77","dotpositionright","singlestim","152","143661","m","right","correct","1","","1","trialend","singlestim","153","144676"
"7763","Subject42","1","overdoseoverdose","1","overdose","positionright","validityinvalid","test","2","suicide","singlestim","155","146680","635","â€šÃ³Ã¨","67","dotpositionleft","singlestim","156","147368","c","left","correct","1","","1","trialend","singlestim","157","148382"
"8060","Subject42","1","failurefailure","1","failure","positionleft","validityvalid","test","2","negative","singlestim","159","150386","395","â€šÃ³Ã¨","67","dotpositionleft","singlestim","160","150833","c","left","correct","1","","1","trialend","singlestim","161","151848"
"8357","Subject42","1","paperpaper","1","paper","positionleft","validityvalid","test","2","neutral","singlestim","163","153854","317","â€šÃ³Ã¨","67","dotpositionleft","singlestim","164","154223","c","left","correct","1","","1","trialend","singlestim","165","155235"
"8654","Subject42","1","noosenoose","1","noose","positionleft","validityvalid","test","2","suicide","singlestim","167","157240","347","â€šÃ³Ã¨","67","dotpositionleft","singlestim","168","157639","c","left","correct","1","","1","trialend","singlestim","169","158652"
"8951","Subject42","1","braverybravery","1","bravery","positionleft","validityvalid","test","2","positive","singlestim","171","160655","298","â€šÃ³Ã¨","67","dotpositionleft","singlestim","172","161005","c","left","correct","1","","1","trialend","singlestim","173","162019"
"9248","Subject42","1","corpsecorpse","1","corpse","positionleft","validityvalid","test","2","suicide","singlestim","175","164025","355","â€šÃ³Ã¨","67","dotpositionleft","singlestim","176","164432","c","left","correct","1","","1","trialend","singlestim","177","165446"
"9545","Subject42","1","imageimage","1","image","positionleft","validityvalid","test","1","neutral","singlestim","179","167450","405","â€šÃ³Ã¨","67","dotpositionleft","singlestim","180","167907","c","left","correct","1","","1","trialend","singlestim","181","168920"
"9842","Subject42","1","suffocationsuffocation","1","suffocation","positionleft","validityinvalid","test","1","suicide","singlestim","183","170925","336","â€šÃ³Ã¨","77","dotpositionright","singlestim","184","171313","m","right","correct","1","","1","trialend","singlestim","185","172325"
"10139","Subject42","1","healthyhealthy","1","healthy","positionleft","validityinvalid","test","1","positive","singlestim","187","174332","330","â€šÃ³Ã¨","77","dotpositionright","singlestim","188","174716","m","right","correct","1","","1","trialend","singlestim","189","175728"
"10436","Subject42","1","paradiseparadise","1","paradise","positionleft","validityvalid","test","1","positive","singlestim","191","177734","359","â€šÃ³Ã¨","67","dotpositionleft","singlestim","192","178147","c","left","correct","1","","1","trialend","singlestim","193","179161"
"10733","Subject42","459","statuestatue","77","statue","positionright","validityinvalid","test","1","neutral","singlestim","195","181166","325","â€šÃ³Ã¨","67","dotpositionleft","singlestim","196","181542","c","left","correct","1","","1","trialend","singlestim","197","182556"
"11030","Subject42","1","cheesecheese","1","cheese","positionright","validityvalid","test","1","neutral","singlestim","199","184560","362","â€šÃ³Ã¨","77","dotpositionright","singlestim","200","184974","m","right","correct","1","","1","trialend","singlestim","201","185988"
"11327","Subject42","1","gunshotgunshot","1","gunshot","positionright","validityvalid","test","1","suicide","singlestim","203","187992","355","â€šÃ³Ã¨","77","dotpositionright","singlestim","204","188399","m","right","correct","1","","1","trialend","singlestim","205","189412"
"11624","Subject42","1","foldedfolded","1","folded","positionleft","validityvalid","test","1","neutral","singlestim","207","191417","266","â€šÃ³Ã¨","67","dotpositionleft","singlestim","208","191735","c","left","correct","1","","1","trialend","singlestim","209","192748"
"11921","Subject42","1","cryingcrying","1","crying","positionright","validityvalid","test","1","negative","singlestim","211","194754","327","â€šÃ³Ã¨","77","dotpositionright","singlestim","212","195133","m","right","correct","1","","1","trialend","singlestim","213","196148"
"12218","Subject42","1","bloodblood","1","blood","positionleft","validityvalid","test","1","suicide","singlestim","215","198153","284","â€šÃ³Ã¨","67","dotpositionleft","singlestim","216","198488","c","left","correct","1","","1","trialend","singlestim","217","199502"
"12515","Subject42","1","greatgreat","1","great","positionright","validityvalid","test","1","positive","singlestim","219","201506","744","â€šÃ³Ã¨","77","dotpositionright","singlestim","220","202303","m","right","correct","1","","1","trialend","singlestim","221","203317"
"12812","Subject42","1","patheticpathetic","1","pathetic","positionleft","validityvalid","test","1","negative","singlestim","223","205321","384","â€šÃ³Ã¨","67","dotpositionleft","singlestim","224","205759","c","left","correct","1","","1","trialend","singlestim","225","206772"
"13109","Subject42","1","vomitvomit","1","vomit","positionleft","validityvalid","test","1","negative","singlestim","227","208778","280","â€šÃ³Ã¨","67","dotpositionleft","singlestim","228","209110","c","left","correct","1","","1","trialend","singlestim","229","210123"
"13406","Subject42","1","hatehate","1","hate","positionright","validityinvalid","test","1","negative","singlestim","231","212130","301","â€šÃ³Ã¨","67","dotpositionleft","singlestim","232","212483","c","left","correct","1","","1","trialend","singlestim","233","213497"
"13703","Subject42","1","attractionattraction","1","attraction","positionright","validityvalid","test","1","positive","singlestim","235","215501","370","â€šÃ³Ã¨","77","dotpositionright","singlestim","236","215923","m","right","correct","1","","1","trialend","singlestim","237","216937"
"14000","Subject42","1","funeralfuneral","1","funeral","positionright","validityvalid","test","1","suicide","singlestim","239","218942","404","â€šÃ³Ã¨","77","dotpositionright","singlestim","240","219397","m","right","correct","1","","1","trialend","singlestim","241","220410"
"14297","Subject42","1","successsuccess","1","success","positionleft","validityvalid","test","4","positive","singlestim","243","222414","340","â€šÃ³Ã¨","67","dotpositionleft","singlestim","244","222808","c","left","correct","1","","1","trialend","singlestim","245","223821"
"14594","Subject42","1","suicidesuicide","1","suicide","positionright","validityinvalid","test","4","suicide","singlestim","247","225826","439","â€šÃ³Ã¨","67","dotpositionleft","singlestim","248","226317","c","left","correct","1","","1","trialend","singlestim","249","227330"
"14891","Subject42","1","stupidstupid","1","stupid","positionleft","validityvalid","test","4","negative","singlestim","251","229333","353","â€šÃ³Ã¨","67","dotpositionleft","singlestim","252","229738","c","left","correct","1","","1","trialend","singlestim","253","230750"
"15188","Subject42","1","engineengine","1","engine","positionleft","validityvalid","test","4","neutral","singlestim","255","232755","365","â€šÃ³Ã¨","67","dotpositionleft","singlestim","256","233172","c","left","correct","1","","1","trialend","singlestim","257","234185"
"15485","Subject42","1","alonealone","1","alone","positionleft","validityvalid","test","4","negative","singlestim","259","236190","411","â€šÃ³Ã¨","67","dotpositionleft","singlestim","260","236651","c","left","correct","1","","1","trialend","singlestim","261","237666"
"15782","Subject42","1","deceaseddeceased","1","deceased","positionright","validityvalid","test","4","suicide","singlestim","263","239672","483","â€šÃ³Ã¨","77","dotpositionright","singlestim","264","240208","m","right","correct","1","","1","trialend","singlestim","265","241223"
"16079","Subject42","1","ecstaticecstatic","1","ecstatic","positionright","validityvalid","test","4","positive","singlestim","267","243229","326","â€šÃ³Ã¨","77","dotpositionright","singlestim","268","243607","m","right","correct","1","","1","trialend","singlestim","269","244621"
"16376","Subject42","1","structurestructure","1","structure","positionright","validityvalid","test","4","neutral","singlestim","271","246626","364","â€šÃ³Ã¨","77","dotpositionright","singlestim","272","247042","m","right","correct","1","","1","trialend","singlestim","273","248055"
"16673","Subject42","1","frameframe","1","frame","positionleft","validityinvalid","test","4","neutral","singlestim","275","250060","312","â€šÃ³Ã¨","77","dotpositionright","singlestim","276","250425","m","right","correct","1","","1","trialend","singlestim","277","251438"
"16970","Subject42","1","hanginghanging","1","hanging","positionleft","validityvalid","test","4","suicide","singlestim","279","253442","309","â€šÃ³Ã¨","67","dotpositionleft","singlestim","280","253803","c","left","correct","1","","1","trialend","singlestim","281","254817"
"17267","Subject42","1","wohlesswohless","1","wohless","positionright","validityvalid","test","4","negative","singlestim","283","256823","369","â€šÃ³Ã¨","77","dotpositionright","singlestim","284","257244","m","right","correct","1","","1","trialend","singlestim","285","258259"
"17564","Subject42","1","laughlaugh","1","laugh","positionright","validityvalid","test","4","positive","singlestim","287","260264","322","â€šÃ³Ã¨","77","dotpositionright","singlestim","288","260640","m","right","correct","1","","1","trialend","singlestim","289","261653"
"17861","Subject42","1","killingkilling","1","killing","positionleft","validityvalid","test","4","suicide","singlestim","291","263659","378","â€šÃ³Ã¨","67","dotpositionleft","singlestim","292","264090","c","left","correct","1","","1","trialend","singlestim","293","265103"
"18158","Subject42","1","doubledouble","1","double","positionright","validityvalid","test","4","neutral","singlestim","295","267108","274","â€šÃ³Ã¨","77","dotpositionright","singlestim","296","267433","m","right","correct","1","","1","trialend","singlestim","297","268449"
"18455","Subject42","1","passionatepassionate","1","passionate","positionleft","validityinvalid","test","4","positive","singlestim","299","270453","342","â€šÃ³Ã¨","77","dotpositionright","singlestim","300","270849","m","right","correct","1","","1","trialend","singlestim","301","271861"
"18752","Subject42","1","ashamedashamed","1","ashamed","positionright","validityinvalid","test","4","negative","singlestim","303","273866","335","â€šÃ³Ã¨","67","dotpositionleft","singlestim","304","274254","c","left","correct","1","","1","trialend","singlestim","305","275268"
