"","SubjectID","rt","stimulus","keypress","word","wordposition","validity","block","blocknum","wordtype","trialtype","trialindex","timeelapsed","rt.1","stimulus.1","keypress.1","dotposition","trialtype.1","trialindex.1","timeelapsed.1","keypressed","participantresponse","correctresponse","rt.2","stimulus.2","keypress.2","blocktrial","trialtype.2","trialindex.2","timeelapsed.2"
"238","Subject270","1","foamfoam","1","foam","positionright","validityvalid","test","2","neutral","singlestim","51","242122","737","â€šÃ³Ã¨","77","dotpositionright","singlestim","52","242923","m","right","correct","1","","1","trialend","singlestim","53","243953"
"535","Subject270","1","abuseabuse","1","abuse","positionright","validityvalid","test","2","negative","singlestim","55","245949","363","â€šÃ³Ã¨","77","dotpositionright","singlestim","56","246366","m","right","correct","1","","1","trialend","singlestim","57","247384"
"832","Subject270","1","pleasurepleasure","1","pleasure","positionleft","validityvalid","test","2","positive","singlestim","59","249396","370","â€šÃ³Ã¨","67","dotpositionleft","singlestim","60","249823","c","left","correct","1","","1","trialend","singlestim","61","250852"
"1129","Subject270","1","failurefailure","1","failure","positionleft","validityvalid","test","2","negative","singlestim","63","252852","484","â€šÃ³Ã¨","67","dotpositionleft","singlestim","64","253385","c","left","correct","1","","1","trialend","singlestim","65","254397"
"1426","Subject270","1","enthusiasmenthusiasm","1","enthusiasm","positionright","validityvalid","test","2","positive","singlestim","67","256424","325","â€šÃ³Ã¨","77","dotpositionright","singlestim","68","256809","m","right","correct","1","","1","trialend","singlestim","69","257838"
"1723","Subject270","1","deathdeath","1","death","positionright","validityvalid","test","2","suicide","singlestim","71","259839","393","â€šÃ³Ã¨","77","dotpositionright","singlestim","72","260293","m","right","correct","1","","1","trialend","singlestim","73","261307"
"2020","Subject270","1","corpsecorpse","1","corpse","positionleft","validityvalid","test","2","suicide","singlestim","75","263323","474","â€šÃ³Ã¨","67","dotpositionleft","singlestim","76","263858","c","left","correct","1","","1","trialend","singlestim","77","264884"
"2317","Subject270","1","horsehorse","1","horse","positionleft","validityinvalid","test","2","neutral","singlestim","79","266885","472","â€šÃ³Ã¨","77","dotpositionright","singlestim","80","267421","m","right","correct","1","","1","trialend","singlestim","81","268436"
"2614","Subject270","1","lovelove","1","love","positionright","validityinvalid","test","2","positive","singlestim","83","270452","562","â€šÃ³Ã¨","67","dotpositionleft","singlestim","84","271078","c","left","correct","1","","1","trialend","singlestim","85","272092"
"2911","Subject270","1","filthyfilthy","1","filthy","positionleft","validityinvalid","test","2","negative","singlestim","87","274096","492","â€šÃ³Ã¨","77","dotpositionright","singlestim","88","274640","m","right","correct","1","","1","trialend","singlestim","89","275669"
"3208","Subject270","1","overdoseoverdose","1","overdose","positionright","validityinvalid","test","2","suicide","singlestim","91","277669","432","â€šÃ³Ã¨","67","dotpositionleft","singlestim","92","278163","c","left","correct","1","","1","trialend","singlestim","93","279189"
"3505","Subject270","1","paperpaper","1","paper","positionleft","validityvalid","test","2","neutral","singlestim","95","281189","438","â€šÃ³Ã¨","67","dotpositionleft","singlestim","96","281685","c","left","correct","1","","1","trialend","singlestim","97","282714"
"3802","Subject270","1","noosenoose","1","noose","positionleft","validityvalid","test","2","suicide","singlestim","99","284713","410","â€šÃ³Ã¨","67","dotpositionleft","singlestim","100","285173","c","left","correct","1","","1","trialend","singlestim","101","286203"
"4099","Subject270","1","cruelcruel","1","cruel","positionright","validityvalid","test","2","negative","singlestim","103","288187","414","â€šÃ³Ã¨","77","dotpositionright","singlestim","104","288661","m","right","correct","1","","1","trialend","singlestim","105","289691"
"4396","Subject270","1","tabletable","1","table","positionright","validityvalid","test","2","neutral","singlestim","107","291691","421","â€šÃ³Ã¨","77","dotpositionright","singlestim","108","292166","m","right","correct","1","","1","trialend","singlestim","109","293180"
"4693","Subject270","1","braverybravery","1","bravery","positionleft","validityvalid","test","2","positive","singlestim","111","295180","429","â€šÃ³Ã¨","67","dotpositionleft","singlestim","112","295674","c","left","correct","1","","1","trialend","singlestim","113","296697"
"4990","Subject270","1","museummuseum","1","museum","positionleft","validityvalid","test","3","neutral","singlestim","115","298697","376","â€šÃ³Ã¨","67","dotpositionleft","singlestim","116","299138","c","left","correct","1","","1","trialend","singlestim","117","300163"
"5287","Subject270","1","cuttingcutting","1","cutting","positionright","validityvalid","test","3","suicide","singlestim","119","302163","427","â€šÃ³Ã¨","77","dotpositionright","singlestim","120","302654","m","right","correct","1","","1","trialend","singlestim","121","303678"
"5584","Subject270","1","kisskiss","1","kiss","positionright","validityinvalid","test","3","positive","singlestim","123","305680","476","â€šÃ³Ã¨","67","dotpositionleft","singlestim","124","306219","c","left","correct","1","","1","trialend","singlestim","125","307234"
"5881","Subject270","1","smilesmile","1","smile","positionleft","validityvalid","test","3","positive","singlestim","127","309250","408","â€šÃ³Ã¨","67","dotpositionleft","singlestim","128","309717","c","left","correct","1","","1","trialend","singlestim","129","310748"
"6178","Subject270","1","strongstrong","1","strong","positionleft","validityvalid","test","3","positive","singlestim","131","312748","354","â€šÃ³Ã¨","67","dotpositionleft","singlestim","132","313163","c","left","correct","1","","1","trialend","singlestim","133","314192"
"6475","Subject270","1","happyhappy","1","happy","positionright","validityvalid","test","3","positive","singlestim","135","316193","616","â€šÃ³Ã¨","77","dotpositionright","singlestim","136","316858","m","right","correct","1","","1","trialend","singlestim","137","317888"
"6772","Subject270","1","diedie","1","die","positionright","validityvalid","test","3","suicide","singlestim","139","319872","435","â€šÃ³Ã¨","77","dotpositionright","singlestim","140","320360","m","right","correct","1","","1","trialend","singlestim","141","321391"
"7069","Subject270","1","touretoure","1","toure","positionleft","validityvalid","test","3","negative","singlestim","143","323391","405","â€šÃ³Ã¨","67","dotpositionleft","singlestim","144","323846","c","left","correct","1","","1","trialend","singlestim","145","324875"
"7366","Subject270","1","dyingdying","1","dying","positionleft","validityvalid","test","3","suicide","singlestim","147","326879","473","â€šÃ³Ã¨","67","dotpositionleft","singlestim","148","327413","c","left","correct","1","","1","trialend","singlestim","149","328426"
"7663","Subject270","1","bombbomb","1","bomb","positionright","validityvalid","test","3","negative","singlestim","151","330442","427","â€šÃ³Ã¨","77","dotpositionright","singlestim","152","330933","m","right","correct","1","","1","trialend","singlestim","153","331963"
"7960","Subject270","1","metermeter","1","meter","positionleft","validityvalid","test","3","neutral","singlestim","155","333947","419","â€šÃ³Ã¨","67","dotpositionleft","singlestim","156","334425","c","left","correct","1","","1","trialend","singlestim","157","335439"
"8257","Subject270","1","greengreen","1","green","positionright","validityvalid","test","3","neutral","singlestim","159","337455","456","â€šÃ³Ã¨","77","dotpositionright","singlestim","160","337962","m","right","correct","1","","1","trialend","singlestim","161","338988"
"8554","Subject270","1","deaddead","1","dead","positionleft","validityinvalid","test","3","suicide","singlestim","163","340988","409","â€šÃ³Ã¨","77","dotpositionright","singlestim","164","341447","m","right","correct","1","","1","trialend","singlestim","165","342479"
"8851","Subject270","1","rejectedrejected","1","rejected","positionright","validityvalid","test","3","negative","singlestim","167","344477","440","â€šÃ³Ã¨","77","dotpositionright","singlestim","168","344977","m","right","correct","1","","1","trialend","singlestim","169","346004"
"9148","Subject270","1","closetcloset","1","closet","positionright","validityinvalid","test","3","neutral","singlestim","171","348003","501","â€šÃ³Ã¨","67","dotpositionleft","singlestim","172","348555","c","left","correct","1","","1","trialend","singlestim","173","349582"
"9445","Subject270","1","assaultassault","1","assault","positionleft","validityinvalid","test","3","negative","singlestim","175","351583","533","â€šÃ³Ã¨","77","dotpositionright","singlestim","176","352170","m","right","correct","1","","1","trialend","singlestim","177","353185"
"9742","Subject270","1","suicidesuicide","1","suicide","positionright","validityinvalid","test","4","suicide","singlestim","179","355201","432","â€šÃ³Ã¨","67","dotpositionleft","singlestim","180","355684","c","left","correct","1","","1","trialend","singlestim","181","356715"
"10039","Subject270","1","stupidstupid","1","stupid","positionleft","validityvalid","test","4","negative","singlestim","183","358715","428","â€šÃ³Ã¨","67","dotpositionleft","singlestim","184","359197","c","left","correct","1","","1","trialend","singlestim","185","360214"
"10336","Subject270","1","ecstaticecstatic","1","ecstatic","positionright","validityvalid","test","4","positive","singlestim","187","362216","500","â€šÃ³Ã¨","77","dotpositionright","singlestim","188","362768","m","right","correct","1","","1","trialend","singlestim","189","363798"
"10633","Subject270","1","laughlaugh","1","laugh","positionright","validityvalid","test","4","positive","singlestim","191","365783","568","â€šÃ³Ã¨","77","dotpositionright","singlestim","192","366402","m","right","correct","1","","1","trialend","singlestim","193","367416"
"10930","Subject270","1","doubledouble","1","double","positionright","validityvalid","test","4","neutral","singlestim","195","369432","405","â€šÃ³Ã¨","77","dotpositionright","singlestim","196","369888","m","right","correct","1","","1","trialend","singlestim","197","370917"
"11227","Subject270","1","passionatepassionate","1","passionate","positionleft","validityinvalid","test","4","positive","singlestim","199","372902","533","â€šÃ³Ã¨","77","dotpositionright","singlestim","200","373500","m","right","correct","1","","1","trialend","singlestim","201","374531"
"11524","Subject270","1","deceaseddeceased","1","deceased","positionright","validityvalid","test","4","suicide","singlestim","203","376533","475","â€šÃ³Ã¨","77","dotpositionright","singlestim","204","377058","m","right","correct","1","","1","trialend","singlestim","205","378070"
"11821","Subject270","1","structurestructure","1","structure","positionright","validityvalid","test","4","neutral","singlestim","207","380070","513","â€šÃ³Ã¨","77","dotpositionright","singlestim","208","380646","m","right","correct","1","","1","trialend","singlestim","209","381674"
"12118","Subject270","1","frameframe","1","frame","positionleft","validityinvalid","test","4","neutral","singlestim","211","383675","405","â€šÃ³Ã¨","77","dotpositionright","singlestim","212","384137","m","right","correct","1","","1","trialend","singlestim","213","385148"
"12415","Subject270","1","successsuccess","1","success","positionleft","validityvalid","test","4","positive","singlestim","215","387149","360","â€šÃ³Ã¨","67","dotpositionleft","singlestim","216","387558","c","left","correct","1","","1","trialend","singlestim","217","388589"
"12712","Subject270","1","wohlesswohless","1","wohless","positionright","validityvalid","test","4","negative","singlestim","219","390590","473","â€šÃ³Ã¨","77","dotpositionright","singlestim","220","391120","m","right","correct","1","","1","trialend","singlestim","221","392133"
"13009","Subject270","1","hanginghanging","1","hanging","positionleft","validityvalid","test","4","suicide","singlestim","223","394134","448","â€šÃ³Ã¨","67","dotpositionleft","singlestim","224","394646","c","left","correct","1","","1","trialend","singlestim","225","395675"
"13306","Subject270","1","killingkilling","1","killing","positionleft","validityvalid","test","4","suicide","singlestim","227","397675","420","â€šÃ³Ã¨","67","dotpositionleft","singlestim","228","398149","c","left","correct","1","","1","trialend","singlestim","229","399179"
"13603","Subject270","1","ashamedashamed","1","ashamed","positionright","validityinvalid","test","4","negative","singlestim","231","401163","440","â€šÃ³Ã¨","67","dotpositionleft","singlestim","232","401652","c","left","correct","1","","1","trialend","singlestim","233","402680"
"13900","Subject270","1","engineengine","1","engine","positionleft","validityvalid","test","4","neutral","singlestim","235","404680","349","â€šÃ³Ã¨","67","dotpositionleft","singlestim","236","405077","c","left","correct","1","","1","trialend","singlestim","237","406106"
"14197","Subject270","1","alonealone","1","alone","positionleft","validityvalid","test","4","negative","singlestim","239","408106","359","â€šÃ³Ã¨","67","dotpositionleft","singlestim","240","408520","c","left","correct","1","","1","trialend","singlestim","241","409549"
"14494","Subject270","1","imageimage","1","image","positionleft","validityvalid","test","1","neutral","singlestim","243","411552","420","â€šÃ³Ã¨","67","dotpositionleft","singlestim","244","412031","c","left","correct","1","","1","trialend","singlestim","245","413062"
"14791","Subject270","1","paradiseparadise","1","paradise","positionleft","validityvalid","test","1","positive","singlestim","247","415047","345","â€šÃ³Ã¨","67","dotpositionleft","singlestim","248","415456","c","left","correct","1","","1","trialend","singlestim","249","416486"
"15088","Subject270","1","patheticpathetic","1","pathetic","positionleft","validityvalid","test","1","negative","singlestim","251","418486","306","â€šÃ³Ã¨","67","dotpositionleft","singlestim","252","418849","c","left","correct","1","","1","trialend","singlestim","253","419878"
"15385","Subject270","1","vomitvomit","1","vomit","positionleft","validityvalid","test","1","negative","singlestim","255","421863","363","â€šÃ³Ã¨","67","dotpositionleft","singlestim","256","422290","c","left","correct","1","","1","trialend","singlestim","257","423304"
"15682","Subject270","1","gunshotgunshot","1","gunshot","positionright","validityvalid","test","1","suicide","singlestim","259","425321","405","â€šÃ³Ã¨","77","dotpositionright","singlestim","260","425780","m","right","correct","1","","1","trialend","singlestim","261","426809"
"15979","Subject270","1","cheesecheese","1","cheese","positionright","validityvalid","test","1","neutral","singlestim","263","428810","428","â€šÃ³Ã¨","77","dotpositionright","singlestim","264","429287","m","right","correct","1","","1","trialend","singlestim","265","430316"
"16276","Subject270","1","hatehate","1","hate","positionright","validityinvalid","test","1","negative","singlestim","267","432316","436","â€šÃ³Ã¨","67","dotpositionleft","singlestim","268","432810","c","left","correct","1","","1","trialend","singlestim","269","433841"
"16573","Subject270","1","attractionattraction","1","attraction","positionright","validityvalid","test","1","positive","singlestim","271","435841","490","â€šÃ³Ã¨","77","dotpositionright","singlestim","272","436380","m","right","correct","1","","1","trialend","singlestim","273","437393"
"16870","Subject270","1","funeralfuneral","1","funeral","positionright","validityvalid","test","1","suicide","singlestim","275","439409","509","â€šÃ³Ã¨","77","dotpositionright","singlestim","276","439983","m","right","correct","1","","1","trialend","singlestim","277","441006"
"17167","Subject270","1","greatgreat","1","great","positionright","validityvalid","test","1","positive","singlestim","279","443006","417","â€šÃ³Ã¨","77","dotpositionright","singlestim","280","443473","m","right","correct","1","","1","trialend","singlestim","281","444502"
"17464","Subject270","1","suffocationsuffocation","1","suffocation","positionleft","validityinvalid","test","1","suicide","singlestim","283","446506","388","â€šÃ³Ã¨","77","dotpositionright","singlestim","284","446944","m","right","correct","1","","1","trialend","singlestim","285","447959"
"17761","Subject270","1","healthyhealthy","1","healthy","positionleft","validityinvalid","test","1","positive","singlestim","287","449959","448","â€šÃ³Ã¨","77","dotpositionright","singlestim","288","450469","m","right","correct","1","","1","trialend","singlestim","289","451499"
"18058","Subject270","1","statuestatue","1","statue","positionright","validityinvalid","test","1","neutral","singlestim","291","453499","409","â€šÃ³Ã¨","67","dotpositionleft","singlestim","292","453963","c","left","correct","1","","1","trialend","singlestim","293","454987"
"18355","Subject270","1","bloodblood","1","blood","positionleft","validityvalid","test","1","suicide","singlestim","295","456987","390","â€šÃ³Ã¨","67","dotpositionleft","singlestim","296","457427","c","left","correct","1","","1","trialend","singlestim","297","458441"
"18652","Subject270","1","foldedfolded","1","folded","positionleft","validityvalid","test","1","neutral","singlestim","299","460441","334","â€šÃ³Ã¨","67","dotpositionleft","singlestim","300","460839","c","left","correct","1","","1","trialend","singlestim","301","461868"
"18949","Subject270","1","cryingcrying","1","crying","positionright","validityvalid","test","1","negative","singlestim","303","463853","425","â€šÃ³Ã¨","77","dotpositionright","singlestim","304","464328","m","right","correct","1","","1","trialend","singlestim","305","465341"
