"","SubjectID","rt","stimulus","keypress","word","wordposition","validity","block","blocknum","wordtype","trialtype","trialindex","timeelapsed","rt.1","stimulus.1","keypress.1","dotposition","trialtype.1","trialindex.1","timeelapsed.1","keypressed","participantresponse","correctresponse","rt.2","stimulus.2","keypress.2","blocktrial","trialtype.2","trialindex.2","timeelapsed.2"
"196","Subject227","1","stupidstupid","1","stupid","positionleft","validityvalid","test","4","negative","singlestim","51","83979","481","â€šÃ³Ã¨","67","dotpositionleft","singlestim","52","84515","c","left","correct","1","","1","trialend","singlestim","53","85529"
"493","Subject227","1","killingkilling","1","killing","positionleft","validityvalid","test","4","suicide","singlestim","55","87537","446","â€šÃ³Ã¨","67","dotpositionleft","singlestim","56","88038","c","left","correct","1","","1","trialend","singlestim","57","89051"
"790","Subject227","1","laughlaugh","1","laugh","positionright","validityvalid","test","4","positive","singlestim","59","91059","432","â€šÃ³Ã¨","77","dotpositionright","singlestim","60","91544","m","right","correct","1","","1","trialend","singlestim","61","92559"
"1087","Subject227","1","hanginghanging","1","hanging","positionleft","validityvalid","test","4","suicide","singlestim","63","94566","446","â€šÃ³Ã¨","67","dotpositionleft","singlestim","64","95065","c","left","correct","1","","1","trialend","singlestim","65","96080"
"1384","Subject227","1","doubledouble","1","double","positionright","validityvalid","test","4","neutral","singlestim","67","98089","460","â€šÃ³Ã¨","77","dotpositionright","singlestim","68","98602","m","right","correct","1","","1","trialend","singlestim","69","99621"
"1681","Subject227","1","alonealone","1","alone","positionleft","validityvalid","test","4","negative","singlestim","71","101630","460","â€šÃ³Ã¨","67","dotpositionleft","singlestim","72","102145","c","left","correct","1","","1","trialend","singlestim","73","103162"
"1978","Subject227","1","successsuccess","1","success","positionleft","validityvalid","test","4","positive","singlestim","75","105171","392","â€šÃ³Ã¨","67","dotpositionleft","singlestim","76","105618","c","left","correct","1","","1","trialend","singlestim","77","106633"
"2275","Subject227","1","frameframe","1","frame","positionleft","validityinvalid","test","4","neutral","singlestim","79","108643","445","â€šÃ³Ã¨","77","dotpositionright","singlestim","80","109145","m","right","correct","1","","1","trialend","singlestim","81","110161"
"2572","Subject227","1","passionatepassionate","1","passionate","positionleft","validityinvalid","test","4","positive","singlestim","83","112170","350","â€šÃ³Ã¨","77","dotpositionright","singlestim","84","112576","m","right","correct","1","","1","trialend","singlestim","85","113592"
"2869","Subject227","1","wohlesswohless","1","wohless","positionright","validityvalid","test","4","negative","singlestim","87","115600","450","â€šÃ³Ã¨","77","dotpositionright","singlestim","88","116106","m","right","correct","1","","1","trialend","singlestim","89","117121"
"3166","Subject227","1","deceaseddeceased","1","deceased","positionright","validityvalid","test","4","suicide","singlestim","91","119130","560","â€šÃ³Ã¨","77","dotpositionright","singlestim","92","119741","m","right","correct","1","","1","trialend","singlestim","93","120759"
"3463","Subject227","1","suicidesuicide","1","suicide","positionright","validityinvalid","test","4","suicide","singlestim","95","122769","612","â€šÃ³Ã¨","67","dotpositionleft","singlestim","96","123435","c","left","correct","1","","1","trialend","singlestim","97","124452"
"3760","Subject227","1","ashamedashamed","1","ashamed","positionright","validityinvalid","test","4","negative","singlestim","99","126460","631","â€šÃ³Ã¨","67","dotpositionleft","singlestim","100","127144","c","left","correct","1","","1","trialend","singlestim","101","128161"
"4057","Subject227","1","engineengine","1","engine","positionleft","validityvalid","test","4","neutral","singlestim","103","130169","738","â€šÃ³Ã¨","67","dotpositionleft","singlestim","104","130961","c","left","correct","1","","1","trialend","singlestim","105","131979"
"4354","Subject227","1","structurestructure","1","structure","positionright","validityvalid","test","4","neutral","singlestim","107","133993","590","â€šÃ³Ã¨","77","dotpositionright","singlestim","108","134638","m","right","correct","1","","1","trialend","singlestim","109","135654"
"4651","Subject227","1","ecstaticecstatic","1","ecstatic","positionright","validityvalid","test","4","positive","singlestim","111","137662","474","â€šÃ³Ã¨","77","dotpositionright","singlestim","112","138191","m","right","correct","1","","1","trialend","singlestim","113","139206"
"4948","Subject227","1","smilesmile","1","smile","positionleft","validityvalid","test","3","positive","singlestim","115","141215","473","â€šÃ³Ã¨","67","dotpositionleft","singlestim","116","141742","c","left","correct","1","","1","trialend","singlestim","117","142758"
"5245","Subject227","1","dyingdying","1","dying","positionleft","validityvalid","test","3","suicide","singlestim","119","144766","536","â€šÃ³Ã¨","67","dotpositionleft","singlestim","120","145356","c","left","correct","1","","1","trialend","singlestim","121","146375"
"5542","Subject227","1","diedie","1","die","positionright","validityvalid","test","3","suicide","singlestim","123","148383","997","â€šÃ³Ã¨","77","dotpositionright","singlestim","124","149434","m","right","correct","1","","1","trialend","singlestim","125","150449"
"5839","Subject227","1","bombbomb","1","bomb","positionright","validityvalid","test","3","negative","singlestim","127","152460","963","â€šÃ³Ã¨","77","dotpositionright","singlestim","128","153479","m","right","correct","1","","1","trialend","singlestim","129","154494"
"6136","Subject227","1","rejectedrejected","1","rejected","positionright","validityvalid","test","3","negative","singlestim","131","156505","891","â€šÃ³Ã¨","77","dotpositionright","singlestim","132","157452","m","right","correct","1","","1","trialend","singlestim","133","158470"
"6433","Subject227","1","assaultassault","1","assault","positionleft","validityinvalid","test","3","negative","singlestim","135","160481","570","â€šÃ³Ã¨","77","dotpositionright","singlestim","136","161107","m","right","correct","1","","1","trialend","singlestim","137","162121"
"6730","Subject227","1","touretoure","1","toure","positionleft","validityvalid","test","3","negative","singlestim","139","164129","403","â€šÃ³Ã¨","67","dotpositionleft","singlestim","140","164586","c","left","correct","1","","1","trialend","singlestim","141","165604"
"7027","Subject227","1","metermeter","1","meter","positionleft","validityvalid","test","3","neutral","singlestim","143","167612","654","â€šÃ³Ã¨","67","dotpositionleft","singlestim","144","168319","c","left","correct","1","","1","trialend","singlestim","145","169336"
"7324","Subject227","1","deaddead","1","dead","positionleft","validityinvalid","test","3","suicide","singlestim","147","171344","1050","â€šÃ³Ã¨","77","dotpositionright","singlestim","148","172448","m","right","correct","1","","1","trialend","singlestim","149","173462"
"7621","Subject227","1","kisskiss","1","kiss","positionright","validityinvalid","test","3","positive","singlestim","151","175471","418","â€šÃ³Ã¨","67","dotpositionleft","singlestim","152","175943","c","left","correct","1","","1","trialend","singlestim","153","176960"
"7918","Subject227","1","closetcloset","1","closet","positionright","validityinvalid","test","3","neutral","singlestim","155","178965","815","â€šÃ³Ã¨","67","dotpositionleft","singlestim","156","179832","c","left","correct","1","","1","trialend","singlestim","157","180851"
"8215","Subject227","1","greengreen","1","green","positionright","validityvalid","test","3","neutral","singlestim","159","182860","836","â€šÃ³Ã¨","77","dotpositionright","singlestim","160","183748","m","right","correct","1","","1","trialend","singlestim","161","184763"
"8512","Subject227","1","cuttingcutting","1","cutting","positionright","validityvalid","test","3","suicide","singlestim","163","186772","1273","â€šÃ³Ã¨","77","dotpositionright","singlestim","164","188099","m","right","correct","1","","1","trialend","singlestim","165","189116"
"8809","Subject227","1","strongstrong","1","strong","positionleft","validityvalid","test","3","positive","singlestim","167","191125","636","â€šÃ³Ã¨","67","dotpositionleft","singlestim","168","191813","c","left","correct","1","","1","trialend","singlestim","169","192831"
"9106","Subject227","1","happyhappy","1","happy","positionright","validityvalid","test","3","positive","singlestim","171","194840","424","â€šÃ³Ã¨","77","dotpositionright","singlestim","172","195317","m","right","correct","1","","1","trialend","singlestim","173","196331"
"9403","Subject227","1","museummuseum","1","museum","positionleft","validityvalid","test","3","neutral","singlestim","175","198340","446","â€šÃ³Ã¨","67","dotpositionleft","singlestim","176","198838","c","left","correct","1","","1","trialend","singlestim","177","199855"
"9700","Subject227","1","lovelove","1","love","positionright","validityinvalid","test","2","positive","singlestim","179","201863","589","â€šÃ³Ã¨","67","dotpositionleft","singlestim","180","202507","c","left","correct","1","","1","trialend","singlestim","181","203523"
"9997","Subject227","1","noosenoose","1","noose","positionleft","validityvalid","test","2","suicide","singlestim","183","205531","1013","â€šÃ³Ã¨","67","dotpositionleft","singlestim","184","206597","c","left","correct","1","","1","trialend","singlestim","185","207615"
"10294","Subject227","82","horsehorse","67","horse","positionleft","validityinvalid","test","2","neutral","singlestim","187","209623","686","â€šÃ³Ã¨","77","dotpositionright","singlestim","188","210363","m","right","correct","1","","1","trialend","singlestim","189","211376"
"10591","Subject227","1","deathdeath","1","death","positionright","validityvalid","test","2","suicide","singlestim","191","213384","701","â€šÃ³Ã¨","77","dotpositionright","singlestim","192","214140","m","right","correct","1","","1","trialend","singlestim","193","215155"
"10888","Subject227","1","enthusiasmenthusiasm","1","enthusiasm","positionright","validityvalid","test","2","positive","singlestim","195","217163","645","â€šÃ³Ã¨","77","dotpositionright","singlestim","196","217861","m","right","correct","1","","1","trialend","singlestim","197","218876"
"11185","Subject227","1","filthyfilthy","1","filthy","positionleft","validityinvalid","test","2","negative","singlestim","199","220883","1082","â€šÃ³Ã¨","77","dotpositionright","singlestim","200","222019","m","right","correct","1","","1","trialend","singlestim","201","223037"
"11482","Subject227","1","foamfoam","1","foam","positionright","validityvalid","test","2","neutral","singlestim","203","225045","501","â€šÃ³Ã¨","77","dotpositionright","singlestim","204","225599","m","right","correct","1","","1","trialend","singlestim","205","226612"
"11779","Subject227","1","abuseabuse","1","abuse","positionright","validityvalid","test","2","negative","singlestim","207","228621","578","â€šÃ³Ã¨","77","dotpositionright","singlestim","208","229252","m","right","correct","1","","1","trialend","singlestim","209","230269"
"12076","Subject227","1","braverybravery","1","bravery","positionleft","validityvalid","test","2","positive","singlestim","211","232278","682","â€šÃ³Ã¨","67","dotpositionleft","singlestim","212","233011","c","left","correct","1","","1","trialend","singlestim","213","234026"
"12373","Subject227","1","overdoseoverdose","1","overdose","positionright","validityinvalid","test","2","suicide","singlestim","215","236033","680","â€šÃ³Ã¨","67","dotpositionleft","singlestim","216","236766","c","left","correct","1","","1","trialend","singlestim","217","237780"
"12670","Subject227","1","pleasurepleasure","1","pleasure","positionleft","validityvalid","test","2","positive","singlestim","219","239789","424","â€šÃ³Ã¨","67","dotpositionleft","singlestim","220","240267","c","left","correct","1","","1","trialend","singlestim","221","241285"
"12967","Subject227","1","corpsecorpse","1","corpse","positionleft","validityvalid","test","2","suicide","singlestim","223","243293","523","â€šÃ³Ã¨","67","dotpositionleft","singlestim","224","243868","c","left","correct","1","","1","trialend","singlestim","225","244884"
"13264","Subject227","1","cruelcruel","1","cruel","positionright","validityvalid","test","2","negative","singlestim","227","246892","635","â€šÃ³Ã¨","77","dotpositionright","singlestim","228","247579","m","right","correct","1","","1","trialend","singlestim","229","248593"
"13561","Subject227","1","failurefailure","1","failure","positionleft","validityvalid","test","2","negative","singlestim","231","250601","841","â€šÃ³Ã¨","67","dotpositionleft","singlestim","232","251496","c","left","correct","1","","1","trialend","singlestim","233","252510"
"13858","Subject227","1","tabletable","1","table","positionright","validityvalid","test","2","neutral","singlestim","235","254519","1193","â€šÃ³Ã¨","77","dotpositionright","singlestim","236","255768","m","right","correct","1","","1","trialend","singlestim","237","256783"
"14155","Subject227","1","paperpaper","1","paper","positionleft","validityvalid","test","2","neutral","singlestim","239","258793","392","â€šÃ³Ã¨","67","dotpositionleft","singlestim","240","259238","c","left","correct","1","","1","trialend","singlestim","241","260254"
"14452","Subject227","1","bloodblood","1","blood","positionleft","validityvalid","test","1","suicide","singlestim","243","262262","733","â€šÃ³Ã¨","67","dotpositionleft","singlestim","244","263048","c","left","correct","1","","1","trialend","singlestim","245","264060"
"14749","Subject227","1","attractionattraction","1","attraction","positionright","validityvalid","test","1","positive","singlestim","247","266069","367","â€šÃ³Ã¨","77","dotpositionright","singlestim","248","266493","m","right","correct","1","","1","trialend","singlestim","249","267509"
"15046","Subject227","1","statuestatue","1","statue","positionright","validityinvalid","test","1","neutral","singlestim","251","269517","388","â€šÃ³Ã¨","67","dotpositionleft","singlestim","252","269957","c","left","correct","1","","1","trialend","singlestim","253","270976"
"15343","Subject227","1","patheticpathetic","1","pathetic","positionleft","validityvalid","test","1","negative","singlestim","255","272983","496","â€šÃ³Ã¨","67","dotpositionleft","singlestim","256","273532","c","left","correct","1","","1","trialend","singlestim","257","274544"
"15640","Subject227","1","funeralfuneral","1","funeral","positionright","validityvalid","test","1","suicide","singlestim","259","276552","572","â€šÃ³Ã¨","77","dotpositionright","singlestim","260","277177","m","right","correct","1","","1","trialend","singlestim","261","278194"
"15937","Subject227","1","paradiseparadise","1","paradise","positionleft","validityvalid","test","1","positive","singlestim","263","280203","675","â€šÃ³Ã¨","67","dotpositionleft","singlestim","264","280931","c","left","correct","1","","1","trialend","singlestim","265","281950"
"16234","Subject227","399","healthyhealthy","40","healthy","positionleft","validityinvalid","test","1","positive","singlestim","267","283959","732","â€šÃ³Ã¨","77","dotpositionright","singlestim","268","284744","m","right","correct","1","","1","trialend","singlestim","269","285759"
"16531","Subject227","1","cheesecheese","1","cheese","positionright","validityvalid","test","1","neutral","singlestim","271","287766","450","â€šÃ³Ã¨","77","dotpositionright","singlestim","272","288268","m","right","correct","1","","1","trialend","singlestim","273","289287"
"16828","Subject227","1","imageimage","1","image","positionleft","validityvalid","test","1","neutral","singlestim","275","291298","568","â€šÃ³Ã¨","67","dotpositionleft","singlestim","276","291921","c","left","correct","1","","1","trialend","singlestim","277","292937"
"17125","Subject227","1","cryingcrying","1","crying","positionright","validityvalid","test","1","negative","singlestim","279","294946","372","â€šÃ³Ã¨","77","dotpositionright","singlestim","280","295370","m","right","correct","1","","1","trialend","singlestim","281","296385"
"17422","Subject227","1","suffocationsuffocation","1","suffocation","positionleft","validityinvalid","test","1","suicide","singlestim","283","298394","378","â€šÃ³Ã¨","77","dotpositionright","singlestim","284","298823","m","right","correct","1","","1","trialend","singlestim","285","299838"
"17719","Subject227","1","greatgreat","1","great","positionright","validityvalid","test","1","positive","singlestim","287","301847","687","â€šÃ³Ã¨","77","dotpositionright","singlestim","288","302587","m","right","correct","1","","1","trialend","singlestim","289","303606"
"18016","Subject227","1","foldedfolded","1","folded","positionleft","validityvalid","test","1","neutral","singlestim","291","305614","479","â€šÃ³Ã¨","67","dotpositionleft","singlestim","292","306146","c","left","correct","1","","1","trialend","singlestim","293","307164"
"18313","Subject227","1","vomitvomit","1","vomit","positionleft","validityvalid","test","1","negative","singlestim","295","309172","797","â€šÃ³Ã¨","67","dotpositionleft","singlestim","296","310025","c","left","correct","1","","1","trialend","singlestim","297","311043"
"18610","Subject227","1","hatehate","1","hate","positionright","validityinvalid","test","1","negative","singlestim","299","313049","780","â€šÃ³Ã¨","67","dotpositionleft","singlestim","300","313882","c","left","correct","1","","1","trialend","singlestim","301","314900"
"18907","Subject227","1","gunshotgunshot","1","gunshot","positionright","validityvalid","test","1","suicide","singlestim","303","316909","565","â€šÃ³Ã¨","67","dotpositionright","singlestim","304","317531","c","left","incorrect","1","","1","trialend","singlestim","305","318546"
