"","SubjectID","rt","stimulus","keypress","word","wordposition","validity","block","blocknum","wordtype","trialtype","trialindex","timeelapsed","rt.1","stimulus.1","keypress.1","dotposition","trialtype.1","trialindex.1","timeelapsed.1","keypressed","participantresponse","correctresponse","rt.2","stimulus.2","keypress.2","blocktrial","trialtype.2","trialindex.2","timeelapsed.2"
"275","Subject309","1","diedie","1","die","positionright","validityvalid","test","3","suicide","singlestim","51","116670","491","â€šÃ³Ã¨","77","dotpositionright","singlestim","52","117213","m","right","correct","1","","1","trialend","singlestim","53","118227"
"572","Subject309","1","rejectedrejected","1","rejected","positionright","validityvalid","test","3","negative","singlestim","55","120233","383","â€šÃ³Ã¨","77","dotpositionright","singlestim","56","120668","m","right","correct","1","","1","trialend","singlestim","57","121683"
"869","Subject309","1","strongstrong","1","strong","positionleft","validityvalid","test","3","positive","singlestim","59","123687","293","â€šÃ³Ã¨","67","dotpositionleft","singlestim","60","124032","c","left","correct","1","","1","trialend","singlestim","61","125045"
"1166","Subject309","1","museummuseum","1","museum","positionleft","validityvalid","test","3","neutral","singlestim","63","127050","325","â€šÃ³Ã¨","67","dotpositionleft","singlestim","64","127426","c","left","correct","1","","1","trialend","singlestim","65","128440"
"1463","Subject309","1","kisskiss","1","kiss","positionright","validityinvalid","test","3","positive","singlestim","67","130446","371","â€šÃ³Ã¨","67","dotpositionleft","singlestim","68","130869","c","left","correct","1","","1","trialend","singlestim","69","131883"
"1760","Subject309","1","assaultassault","1","assault","positionleft","validityinvalid","test","3","negative","singlestim","71","133887","318","â€šÃ³Ã¨","77","dotpositionright","singlestim","72","134257","m","right","correct","1","","1","trialend","singlestim","73","135273"
"2057","Subject309","1","touretoure","1","toure","positionleft","validityvalid","test","3","negative","singlestim","75","137278","535","â€šÃ³Ã¨","67","dotpositionleft","singlestim","76","137865","c","left","correct","1","","1","trialend","singlestim","77","138878"
"2354","Subject309","1","deaddead","1","dead","positionleft","validityinvalid","test","3","suicide","singlestim","79","140883","359","â€šÃ³Ã¨","77","dotpositionright","singlestim","80","141295","m","right","correct","1","","1","trialend","singlestim","81","142308"
"2651","Subject309","1","dyingdying","1","dying","positionleft","validityvalid","test","3","suicide","singlestim","83","144314","375","â€šÃ³Ã¨","67","dotpositionleft","singlestim","84","144742","c","left","correct","1","","1","trialend","singlestim","85","145755"
"2948","Subject309","1","happyhappy","1","happy","positionright","validityvalid","test","3","positive","singlestim","87","147760","395","â€šÃ³Ã¨","77","dotpositionright","singlestim","88","148207","m","right","correct","1","","1","trialend","singlestim","89","149223"
"3245","Subject309","1","cuttingcutting","1","cutting","positionright","validityvalid","test","3","suicide","singlestim","91","151228","406","â€šÃ³Ã¨","77","dotpositionright","singlestim","92","151687","m","right","correct","1","","1","trialend","singlestim","93","152700"
"3542","Subject309","1","closetcloset","1","closet","positionright","validityinvalid","test","3","neutral","singlestim","95","154707","310","â€šÃ³Ã¨","67","dotpositionleft","singlestim","96","155069","c","left","correct","1","","1","trialend","singlestim","97","156082"
"3839","Subject309","1","smilesmile","1","smile","positionleft","validityvalid","test","3","positive","singlestim","99","158086","348","â€šÃ³Ã¨","67","dotpositionleft","singlestim","100","158486","c","left","correct","1","","1","trialend","singlestim","101","159500"
"4136","Subject309","1","metermeter","1","meter","positionleft","validityvalid","test","3","neutral","singlestim","103","161505","341","â€šÃ³Ã¨","67","dotpositionleft","singlestim","104","161899","c","left","correct","1","","1","trialend","singlestim","105","162912"
"4433","Subject309","1","greengreen","1","green","positionright","validityvalid","test","3","neutral","singlestim","107","164916","374","â€šÃ³Ã¨","77","dotpositionright","singlestim","108","165342","m","right","correct","1","","1","trialend","singlestim","109","166358"
"4730","Subject309","1","bombbomb","1","bomb","positionright","validityvalid","test","3","negative","singlestim","111","168363","473","â€šÃ³Ã¨","77","dotpositionright","singlestim","112","168889","m","right","correct","1","","1","trialend","singlestim","113","169902"
"5027","Subject309","1","attractionattraction","1","attraction","positionright","validityvalid","test","1","positive","singlestim","115","171910","356","â€šÃ³Ã¨","77","dotpositionright","singlestim","116","172317","m","right","correct","1","","1","trialend","singlestim","117","173331"
"5324","Subject309","1","gunshotgunshot","1","gunshot","positionright","validityvalid","test","1","suicide","singlestim","119","175336","327","â€šÃ³Ã¨","77","dotpositionright","singlestim","120","175716","m","right","correct","1","","1","trialend","singlestim","121","176729"
"5621","Subject309","1","cryingcrying","1","crying","positionright","validityvalid","test","1","negative","singlestim","123","178734","356","â€šÃ³Ã¨","77","dotpositionright","singlestim","124","179143","m","right","correct","1","","1","trialend","singlestim","125","180157"
"5918","Subject309","1","vomitvomit","1","vomit","positionleft","validityvalid","test","1","negative","singlestim","127","182161","360","â€šÃ³Ã¨","67","dotpositionleft","singlestim","128","182573","c","left","correct","1","","1","trialend","singlestim","129","183587"
"6215","Subject309","1","suffocationsuffocation","1","suffocation","positionleft","validityinvalid","test","1","suicide","singlestim","131","185594","336","â€šÃ³Ã¨","77","dotpositionright","singlestim","132","185982","m","right","correct","1","","1","trialend","singlestim","133","186996"
"6512","Subject309","1","imageimage","1","image","positionleft","validityvalid","test","1","neutral","singlestim","135","189000","255","â€šÃ³Ã¨","67","dotpositionleft","singlestim","136","189308","c","left","correct","1","","1","trialend","singlestim","137","190322"
"6809","Subject309","1","healthyhealthy","1","healthy","positionleft","validityinvalid","test","1","positive","singlestim","139","192327","273","â€šÃ³Ã¨","77","dotpositionright","singlestim","140","192653","m","right","correct","1","","1","trialend","singlestim","141","193667"
"7106","Subject309","1","bloodblood","1","blood","positionleft","validityvalid","test","1","suicide","singlestim","143","195672","288","â€šÃ³Ã¨","67","dotpositionleft","singlestim","144","196012","c","left","correct","1","","1","trialend","singlestim","145","197029"
"7403","Subject309","1","greatgreat","1","great","positionright","validityvalid","test","1","positive","singlestim","147","199033","318","â€šÃ³Ã¨","77","dotpositionright","singlestim","148","199403","m","right","correct","1","","1","trialend","singlestim","149","200418"
"7700","Subject309","1","patheticpathetic","1","pathetic","positionleft","validityvalid","test","1","negative","singlestim","151","202422","382","â€šÃ³Ã¨","67","dotpositionleft","singlestim","152","202856","c","left","correct","1","","1","trialend","singlestim","153","203870"
"7997","Subject309","1","hatehate","1","hate","positionright","validityinvalid","test","1","negative","singlestim","155","205874","414","â€šÃ³Ã¨","67","dotpositionleft","singlestim","156","206341","c","left","correct","1","","1","trialend","singlestim","157","207354"
"8294","Subject309","1","funeralfuneral","1","funeral","positionright","validityvalid","test","1","suicide","singlestim","159","209360","308","â€šÃ³Ã¨","77","dotpositionright","singlestim","160","209720","m","right","correct","1","","1","trialend","singlestim","161","210733"
"8591","Subject309","1","paradiseparadise","1","paradise","positionleft","validityvalid","test","1","positive","singlestim","163","212739","364","â€šÃ³Ã¨","67","dotpositionleft","singlestim","164","213155","c","left","correct","1","","1","trialend","singlestim","165","214173"
"8888","Subject309","1","cheesecheese","1","cheese","positionright","validityvalid","test","1","neutral","singlestim","167","216178","372","â€šÃ³Ã¨","77","dotpositionright","singlestim","168","216603","m","right","correct","1","","1","trialend","singlestim","169","217621"
"9185","Subject309","1","foldedfolded","1","folded","positionleft","validityvalid","test","1","neutral","singlestim","171","219626","345","â€šÃ³Ã¨","67","dotpositionleft","singlestim","172","220023","c","left","correct","1","","1","trialend","singlestim","173","221037"
"9482","Subject309","1","statuestatue","1","statue","positionright","validityinvalid","test","1","neutral","singlestim","175","223042","314","â€šÃ³Ã¨","67","dotpositionleft","singlestim","176","223409","c","left","correct","1","","1","trialend","singlestim","177","224423"
"9779","Subject309","1","failurefailure","1","failure","positionleft","validityvalid","test","2","negative","singlestim","179","226428","338","â€šÃ³Ã¨","67","dotpositionleft","singlestim","180","226819","c","left","correct","1","","1","trialend","singlestim","181","227832"
"10076","Subject309","1","pleasurepleasure","1","pleasure","positionleft","validityvalid","test","2","positive","singlestim","183","229836","308","â€šÃ³Ã¨","67","dotpositionleft","singlestim","184","230197","c","left","correct","1","","1","trialend","singlestim","185","231211"
"10373","Subject309","1","lovelove","1","love","positionright","validityinvalid","test","2","positive","singlestim","187","233216","303","â€šÃ³Ã¨","67","dotpositionleft","singlestim","188","233571","c","left","correct","1","","1","trialend","singlestim","189","234585"
"10670","Subject309","1","foamfoam","1","foam","positionright","validityvalid","test","2","neutral","singlestim","191","236590","400","â€šÃ³Ã¨","77","dotpositionright","singlestim","192","237043","m","right","correct","1","","1","trialend","singlestim","193","238057"
"10967","Subject309","1","paperpaper","1","paper","positionleft","validityvalid","test","2","neutral","singlestim","195","240061","355","â€šÃ³Ã¨","67","dotpositionleft","singlestim","196","240468","c","left","correct","1","","1","trialend","singlestim","197","241481"
"11264","Subject309","1","braverybravery","1","bravery","positionleft","validityvalid","test","2","positive","singlestim","199","243487","339","â€šÃ³Ã¨","67","dotpositionleft","singlestim","200","243878","c","left","correct","1","","1","trialend","singlestim","201","244892"
"11561","Subject309","1","noosenoose","1","noose","positionleft","validityvalid","test","2","suicide","singlestim","203","246896","398","â€šÃ³Ã¨","67","dotpositionleft","singlestim","204","247347","c","left","correct","1","","1","trialend","singlestim","205","248361"
"11858","Subject309","1","overdoseoverdose","1","overdose","positionright","validityinvalid","test","2","suicide","singlestim","207","250365","341","â€šÃ³Ã¨","67","dotpositionleft","singlestim","208","250760","c","left","correct","1","","1","trialend","singlestim","209","251774"
"12155","Subject309","1","horsehorse","1","horse","positionleft","validityinvalid","test","2","neutral","singlestim","211","253781","515","â€šÃ³Ã¨","77","dotpositionright","singlestim","212","254349","m","right","correct","1","","1","trialend","singlestim","213","255363"
"12452","Subject309","1","abuseabuse","1","abuse","positionright","validityvalid","test","2","negative","singlestim","215","257368","374","â€šÃ³Ã¨","77","dotpositionright","singlestim","216","257795","m","right","correct","1","","1","trialend","singlestim","217","258810"
"12749","Subject309","1","corpsecorpse","1","corpse","positionleft","validityvalid","test","2","suicide","singlestim","219","260816","399","â€šÃ³Ã¨","67","dotpositionleft","singlestim","220","261267","c","left","correct","1","","1","trialend","singlestim","221","262281"
"13046","Subject309","1","tabletable","1","table","positionright","validityvalid","test","2","neutral","singlestim","223","264286","311","â€šÃ³Ã¨","77","dotpositionright","singlestim","224","264649","m","right","correct","1","","1","trialend","singlestim","225","265663"
"13343","Subject309","1","deathdeath","1","death","positionright","validityvalid","test","2","suicide","singlestim","227","267668","548","â€šÃ³Ã¨","77","dotpositionright","singlestim","228","268268","m","right","correct","1","","1","trialend","singlestim","229","269281"
"13640","Subject309","1","filthyfilthy","1","filthy","positionleft","validityinvalid","test","2","negative","singlestim","231","271287","398","â€šÃ³Ã¨","77","dotpositionright","singlestim","232","271737","m","right","correct","1","","1","trialend","singlestim","233","272754"
"13937","Subject309","1","cruelcruel","1","cruel","positionright","validityvalid","test","2","negative","singlestim","235","274759","362","â€šÃ³Ã¨","77","dotpositionright","singlestim","236","275173","m","right","correct","1","","1","trialend","singlestim","237","276186"
"14234","Subject309","1","enthusiasmenthusiasm","1","enthusiasm","positionright","validityvalid","test","2","positive","singlestim","239","278191","367","â€šÃ³Ã¨","77","dotpositionright","singlestim","240","278612","m","right","correct","1","","1","trialend","singlestim","241","279627"
"14531","Subject309","1","engineengine","1","engine","positionleft","validityvalid","test","4","neutral","singlestim","243","281632","360","â€šÃ³Ã¨","67","dotpositionleft","singlestim","244","282044","c","left","correct","1","","1","trialend","singlestim","245","283057"
"14828","Subject309","1","killingkilling","1","killing","positionleft","validityvalid","test","4","suicide","singlestim","247","285062","351","â€šÃ³Ã¨","67","dotpositionleft","singlestim","248","285466","c","left","correct","1","","1","trialend","singlestim","249","286479"
"15125","Subject309","1","frameframe","1","frame","positionleft","validityinvalid","test","4","neutral","singlestim","251","288484","368","â€šÃ³Ã¨","77","dotpositionright","singlestim","252","288905","m","right","correct","1","","1","trialend","singlestim","253","289918"
"15422","Subject309","1","doubledouble","1","double","positionright","validityvalid","test","4","neutral","singlestim","255","291923","425","â€šÃ³Ã¨","77","dotpositionright","singlestim","256","292401","m","right","correct","1","","1","trialend","singlestim","257","293416"
"15719","Subject309","1","structurestructure","1","structure","positionright","validityvalid","test","4","neutral","singlestim","259","295419","410","â€šÃ³Ã¨","77","dotpositionright","singlestim","260","295884","m","right","correct","95","","77","trialend","singlestim","261","296897"
"16016","Subject309","1","passionatepassionate","1","passionate","positionleft","validityinvalid","test","4","positive","singlestim","263","298902","438","â€šÃ³Ã¨","77","dotpositionright","singlestim","264","299392","m","right","correct","1","","1","trialend","singlestim","265","300406"
"16313","Subject309","1","alonealone","1","alone","positionleft","validityvalid","test","4","negative","singlestim","267","302411","299","â€šÃ³Ã¨","67","dotpositionleft","singlestim","268","302763","c","left","correct","1","","1","trialend","singlestim","269","303776"
"16610","Subject309","1","stupidstupid","1","stupid","positionleft","validityvalid","test","4","negative","singlestim","271","305781","339","â€šÃ³Ã¨","67","dotpositionleft","singlestim","272","306172","c","left","correct","1","","1","trialend","singlestim","273","307186"
"16907","Subject309","1","wohlesswohless","1","wohless","positionright","validityvalid","test","4","negative","singlestim","275","309190","318","â€šÃ³Ã¨","77","dotpositionright","singlestim","276","309560","m","right","correct","1","","1","trialend","singlestim","277","310574"
"17204","Subject309","1","hanginghanging","1","hanging","positionleft","validityvalid","test","4","suicide","singlestim","279","312579","352","â€šÃ³Ã¨","67","dotpositionleft","singlestim","280","312984","c","left","correct","1","","1","trialend","singlestim","281","313996"
"17501","Subject309","1","ecstaticecstatic","1","ecstatic","positionright","validityvalid","test","4","positive","singlestim","283","316001","377","â€šÃ³Ã¨","77","dotpositionright","singlestim","284","316430","m","right","correct","1","","1","trialend","singlestim","285","317445"
"17798","Subject309","1","deceaseddeceased","1","deceased","positionright","validityvalid","test","4","suicide","singlestim","287","319451","356","â€šÃ³Ã¨","77","dotpositionright","singlestim","288","319861","m","right","correct","1","","1","trialend","singlestim","289","320875"
"18095","Subject309","1","ashamedashamed","1","ashamed","positionright","validityinvalid","test","4","negative","singlestim","291","322880","319","â€šÃ³Ã¨","67","dotpositionleft","singlestim","292","323252","c","left","correct","1","","1","trialend","singlestim","293","324265"
"18392","Subject309","1","suicidesuicide","1","suicide","positionright","validityinvalid","test","4","suicide","singlestim","295","326271","404","â€šÃ³Ã¨","67","dotpositionleft","singlestim","296","326727","c","left","correct","1","","1","trialend","singlestim","297","327741"
"18689","Subject309","1","laughlaugh","1","laugh","positionright","validityvalid","test","4","positive","singlestim","299","329748","456","â€šÃ³Ã¨","77","dotpositionright","singlestim","300","330256","m","right","correct","1","","1","trialend","singlestim","301","331269"
"18986","Subject309","1","successsuccess","1","success","positionleft","validityvalid","test","4","positive","singlestim","303","333275","319","â€šÃ³Ã¨","67","dotpositionleft","singlestim","304","333646","c","left","correct","1","","1","trialend","singlestim","305","334660"
