"","SubjectID","rt","stimulus","keypress","word","wordposition","validity","block","blocknum","wordtype","trialtype","trialindex","timeelapsed","rt.1","stimulus.1","keypress.1","dotposition","trialtype.1","trialindex.1","timeelapsed.1","keypressed","participantresponse","correctresponse","rt.2","stimulus.2","keypress.2","blocktrial","trialtype.2","trialindex.2","timeelapsed.2"
"37","Subject38","1","statuestatue","1","statue","positionright","validityinvalid","test","1","neutral","singlestim","51","179582","383","â€šÃ³Ã¨","67","dotpositionleft","singlestim","52","180015","c","left","correct","1","","1","trialend","singlestim","53","181030"
"334","Subject38","1","gunshotgunshot","1","gunshot","positionright","validityvalid","test","1","suicide","singlestim","55","183035","381","â€šÃ³Ã¨","77","dotpositionright","singlestim","56","183471","m","right","correct","1","","1","trialend","singlestim","57","184486"
"631","Subject38","1","patheticpathetic","1","pathetic","positionleft","validityvalid","test","1","negative","singlestim","59","186493","484","â€šÃ³Ã¨","67","dotpositionleft","singlestim","60","187030","c","left","correct","1","","1","trialend","singlestim","61","188043"
"928","Subject38","1","attractionattraction","1","attraction","positionright","validityvalid","test","1","positive","singlestim","63","190049","349","â€šÃ³Ã¨","77","dotpositionright","singlestim","64","190454","m","right","correct","1","","1","trialend","singlestim","65","191470"
"1225","Subject38","1","healthyhealthy","1","healthy","positionleft","validityinvalid","test","1","positive","singlestim","67","193478","357","â€šÃ³Ã¨","77","dotpositionright","singlestim","68","193889","m","right","correct","1","","1","trialend","singlestim","69","194902"
"1522","Subject38","1","imageimage","1","image","positionleft","validityvalid","test","1","neutral","singlestim","71","196912","396","â€šÃ³Ã¨","67","dotpositionleft","singlestim","72","197365","c","left","correct","1","","1","trialend","singlestim","73","198382"
"1819","Subject38","1","suffocationsuffocation","1","suffocation","positionleft","validityinvalid","test","1","suicide","singlestim","75","200393","336","â€šÃ³Ã¨","77","dotpositionright","singlestim","76","200784","m","right","correct","1","","1","trialend","singlestim","77","201809"
"2116","Subject38","1","cryingcrying","1","crying","positionright","validityvalid","test","1","negative","singlestim","79","203813","394","â€šÃ³Ã¨","77","dotpositionright","singlestim","80","204260","m","right","correct","1","","1","trialend","singlestim","81","205276"
"2413","Subject38","1","bloodblood","1","blood","positionleft","validityvalid","test","1","suicide","singlestim","83","207279","329","â€šÃ³Ã¨","67","dotpositionleft","singlestim","84","207663","c","left","correct","1","","1","trialend","singlestim","85","208677"
"2710","Subject38","1","cheesecheese","1","cheese","positionright","validityvalid","test","1","neutral","singlestim","87","210682","397","â€šÃ³Ã¨","77","dotpositionright","singlestim","88","211132","m","right","correct","1","","1","trialend","singlestim","89","212149"
"3007","Subject38","1","hatehate","1","hate","positionright","validityinvalid","test","1","negative","singlestim","91","214156","419","â€šÃ³Ã¨","67","dotpositionleft","singlestim","92","214629","c","left","correct","1","","1","trialend","singlestim","93","215645"
"3304","Subject38","1","paradiseparadise","1","paradise","positionleft","validityvalid","test","1","positive","singlestim","95","217653","362","â€šÃ³Ã¨","67","dotpositionleft","singlestim","96","218072","c","left","correct","1","","1","trialend","singlestim","97","219087"
"3601","Subject38","1","foldedfolded","1","folded","positionleft","validityvalid","test","1","neutral","singlestim","99","221098","375","â€šÃ³Ã¨","67","dotpositionleft","singlestim","100","221527","c","left","correct","1","","1","trialend","singlestim","101","222543"
"3898","Subject38","1","vomitvomit","1","vomit","positionleft","validityvalid","test","1","negative","singlestim","103","224548","363","â€šÃ³Ã¨","67","dotpositionleft","singlestim","104","224964","c","left","correct","1","","1","trialend","singlestim","105","225977"
"4195","Subject38","1","funeralfuneral","1","funeral","positionright","validityvalid","test","1","suicide","singlestim","107","227982","372","â€šÃ³Ã¨","77","dotpositionright","singlestim","108","228407","m","right","correct","1","","1","trialend","singlestim","109","229423"
"4492","Subject38","1","greatgreat","1","great","positionright","validityvalid","test","1","positive","singlestim","111","231428","431","â€šÃ³Ã¨","77","dotpositionright","singlestim","112","231913","m","right","correct","1","","1","trialend","singlestim","113","232927"
"4789","Subject38","1","deathdeath","1","death","positionright","validityvalid","test","2","suicide","singlestim","115","234932","371","â€šÃ³Ã¨","77","dotpositionright","singlestim","116","235356","m","right","correct","1","","1","trialend","singlestim","117","236372"
"5086","Subject38","1","lovelove","1","love","positionright","validityinvalid","test","2","positive","singlestim","119","238377","364","â€šÃ³Ã¨","67","dotpositionleft","singlestim","120","238794","c","left","correct","1","","1","trialend","singlestim","121","239812"
"5383","Subject38","1","failurefailure","1","failure","positionleft","validityvalid","test","2","negative","singlestim","123","241817","350","â€šÃ³Ã¨","67","dotpositionleft","singlestim","124","242221","c","left","correct","1","","1","trialend","singlestim","125","243237"
"5680","Subject38","1","cruelcruel","1","cruel","positionright","validityvalid","test","2","negative","singlestim","127","245246","356","â€šÃ³Ã¨","77","dotpositionright","singlestim","128","245656","m","right","correct","1","","1","trialend","singlestim","129","246670"
"5977","Subject38","1","overdoseoverdose","1","overdose","positionright","validityinvalid","test","2","suicide","singlestim","131","248681","382","â€šÃ³Ã¨","67","dotpositionleft","singlestim","132","249117","c","left","correct","1","","1","trialend","singlestim","133","250131"
"6274","Subject38","1","pleasurepleasure","1","pleasure","positionleft","validityvalid","test","2","positive","singlestim","135","252136","365","â€šÃ³Ã¨","67","dotpositionleft","singlestim","136","252558","c","left","correct","1","","1","trialend","singlestim","137","253572"
"6571","Subject38","1","tabletable","1","table","positionright","validityvalid","test","2","neutral","singlestim","139","255581","399","â€šÃ³Ã¨","77","dotpositionright","singlestim","140","256035","m","right","correct","1","","1","trialend","singlestim","141","257050"
"6868","Subject38","1","filthyfilthy","1","filthy","positionleft","validityinvalid","test","2","negative","singlestim","143","259055","383","â€šÃ³Ã¨","77","dotpositionright","singlestim","144","259492","m","right","correct","1","","1","trialend","singlestim","145","260509"
"7165","Subject38","1","foamfoam","1","foam","positionright","validityvalid","test","2","neutral","singlestim","147","262515","438","â€šÃ³Ã¨","77","dotpositionright","singlestim","148","263007","m","right","correct","1","","1","trialend","singlestim","149","264025"
"7462","Subject38","1","braverybravery","1","bravery","positionleft","validityvalid","test","2","positive","singlestim","151","266035","349","â€šÃ³Ã¨","67","dotpositionleft","singlestim","152","266436","c","left","correct","1","","1","trialend","singlestim","153","267448"
"7759","Subject38","1","enthusiasmenthusiasm","1","enthusiasm","positionright","validityvalid","test","2","positive","singlestim","155","269453","400","â€šÃ³Ã¨","77","dotpositionright","singlestim","156","269908","m","right","correct","1","","1","trialend","singlestim","157","270925"
"8056","Subject38","1","abuseabuse","1","abuse","positionright","validityvalid","test","2","negative","singlestim","159","272931","363","â€šÃ³Ã¨","77","dotpositionright","singlestim","160","273347","m","right","correct","1","","1","trialend","singlestim","161","274360"
"8353","Subject38","1","noosenoose","1","noose","positionleft","validityvalid","test","2","suicide","singlestim","163","276365","405","â€šÃ³Ã¨","67","dotpositionleft","singlestim","164","276823","c","left","correct","1","","1","trialend","singlestim","165","277837"
"8650","Subject38","1","paperpaper","1","paper","positionleft","validityvalid","test","2","neutral","singlestim","167","279847","353","â€šÃ³Ã¨","67","dotpositionleft","singlestim","168","280254","c","left","correct","1","","1","trialend","singlestim","169","281271"
"8947","Subject38","1","corpsecorpse","1","corpse","positionleft","validityvalid","test","2","suicide","singlestim","171","283277","396","â€šÃ³Ã¨","67","dotpositionleft","singlestim","172","283726","c","left","correct","1","","1","trialend","singlestim","173","284743"
"9244","Subject38","1","horsehorse","1","horse","positionleft","validityinvalid","test","2","neutral","singlestim","175","286751","363","â€šÃ³Ã¨","77","dotpositionright","singlestim","176","287164","m","right","correct","1","","1","trialend","singlestim","177","288178"
"9541","Subject38","1","laughlaugh","1","laugh","positionright","validityvalid","test","4","positive","singlestim","179","290185","377","â€šÃ³Ã¨","77","dotpositionright","singlestim","180","290614","m","right","correct","1","","1","trialend","singlestim","181","291629"
"9838","Subject38","1","alonealone","1","alone","positionleft","validityvalid","test","4","negative","singlestim","183","293634","391","â€šÃ³Ã¨","67","dotpositionleft","singlestim","184","294078","c","left","correct","1","","1","trialend","singlestim","185","295094"
"10135","Subject38","1","wohlesswohless","1","wohless","positionright","validityvalid","test","4","negative","singlestim","187","297105","332","â€šÃ³Ã¨","77","dotpositionright","singlestim","188","297490","m","right","correct","1","","1","trialend","singlestim","189","298508"
"10432","Subject38","1","structurestructure","1","structure","positionright","validityvalid","test","4","neutral","singlestim","191","300513","388","â€šÃ³Ã¨","77","dotpositionright","singlestim","192","300954","m","right","correct","1","","1","trialend","singlestim","193","301969"
"10729","Subject38","1","ashamedashamed","1","ashamed","positionright","validityinvalid","test","4","negative","singlestim","195","303980","376","â€šÃ³Ã¨","67","dotpositionleft","singlestim","196","304409","c","left","correct","1","","1","trialend","singlestim","197","305427"
"11026","Subject38","1","passionatepassionate","1","passionate","positionleft","validityinvalid","test","4","positive","singlestim","199","307430","408","â€šÃ³Ã¨","77","dotpositionright","singlestim","200","307894","m","right","correct","1","","1","trialend","singlestim","201","308907"
"11323","Subject38","1","killingkilling","1","killing","positionleft","validityvalid","test","4","suicide","singlestim","203","310913","388","â€šÃ³Ã¨","67","dotpositionleft","singlestim","204","311355","c","left","correct","1","","1","trialend","singlestim","205","312369"
"11620","Subject38","1","hanginghanging","1","hanging","positionleft","validityvalid","test","4","suicide","singlestim","207","314379","502","â€šÃ³Ã¨","67","dotpositionleft","singlestim","208","314934","c","left","correct","1","","1","trialend","singlestim","209","315947"
"11917","Subject38","1","ecstaticecstatic","1","ecstatic","positionright","validityvalid","test","4","positive","singlestim","211","317953","363","â€šÃ³Ã¨","77","dotpositionright","singlestim","212","318370","m","right","correct","1","","1","trialend","singlestim","213","319387"
"12214","Subject38","1","doubledouble","1","double","positionright","validityvalid","test","4","neutral","singlestim","215","321393","413","â€šÃ³Ã¨","77","dotpositionright","singlestim","216","321860","m","right","correct","1","","1","trialend","singlestim","217","322875"
"12511","Subject38","1","frameframe","1","frame","positionleft","validityinvalid","test","4","neutral","singlestim","219","324880","360","â€šÃ³Ã¨","77","dotpositionright","singlestim","220","325293","m","right","correct","1","","1","trialend","singlestim","221","326309"
"12808","Subject38","1","engineengine","1","engine","positionleft","validityvalid","test","4","neutral","singlestim","223","328315","436","â€šÃ³Ã¨","67","dotpositionleft","singlestim","224","328806","c","left","correct","1","","1","trialend","singlestim","225","329823"
"13105","Subject38","1","stupidstupid","1","stupid","positionleft","validityvalid","test","4","negative","singlestim","227","331829","459","â€šÃ³Ã¨","67","dotpositionleft","singlestim","228","332342","c","left","correct","1","","1","trialend","singlestim","229","333357"
"13402","Subject38","1","successsuccess","1","success","positionleft","validityvalid","test","4","positive","singlestim","231","335366","554","â€šÃ³Ã¨","67","dotpositionleft","singlestim","232","335973","c","left","correct","1","","1","trialend","singlestim","233","336986"
"13699","Subject38","1","deceaseddeceased","1","deceased","positionright","validityvalid","test","4","suicide","singlestim","235","338991","450","â€šÃ³Ã¨","77","dotpositionright","singlestim","236","339495","m","right","correct","1","","1","trialend","singlestim","237","340512"
"13996","Subject38","1","suicidesuicide","1","suicide","positionright","validityinvalid","test","4","suicide","singlestim","239","342521","340","â€šÃ³Ã¨","67","dotpositionleft","singlestim","240","342917","c","left","correct","1","","1","trialend","singlestim","241","343930"
"14293","Subject38","1","kisskiss","1","kiss","positionright","validityinvalid","test","3","positive","singlestim","243","345936","326","â€šÃ³Ã¨","67","dotpositionleft","singlestim","244","346315","c","left","correct","1","","1","trialend","singlestim","245","347333"
"14590","Subject38","1","bombbomb","1","bomb","positionright","validityvalid","test","3","negative","singlestim","247","349340","570","â€šÃ³Ã¨","77","dotpositionright","singlestim","248","349961","m","right","correct","1","","1","trialend","singlestim","249","350975"
"14887","Subject38","1","happyhappy","1","happy","positionright","validityvalid","test","3","positive","singlestim","251","352980","339","â€šÃ³Ã¨","77","dotpositionright","singlestim","252","353373","m","right","correct","1","","1","trialend","singlestim","253","354390"
"15184","Subject38","1","assaultassault","1","assault","positionleft","validityinvalid","test","3","negative","singlestim","255","356398","367","â€šÃ³Ã¨","77","dotpositionright","singlestim","256","356819","m","right","correct","1","","1","trialend","singlestim","257","357833"
"15481","Subject38","1","diedie","1","die","positionright","validityvalid","test","3","suicide","singlestim","259","359845","322","â€šÃ³Ã¨","77","dotpositionright","singlestim","260","360219","m","right","correct","1","","1","trialend","singlestim","261","361236"
"15778","Subject38","1","rejectedrejected","1","rejected","positionright","validityvalid","test","3","negative","singlestim","263","363242","380","â€šÃ³Ã¨","77","dotpositionright","singlestim","264","363676","m","right","correct","1","","1","trialend","singlestim","265","364694"
"16075","Subject38","1","dyingdying","1","dying","positionleft","validityvalid","test","3","suicide","singlestim","267","366702","339","â€šÃ³Ã¨","67","dotpositionleft","singlestim","268","367097","c","left","correct","1","","1","trialend","singlestim","269","368113"
"16372","Subject38","1","museummuseum","1","museum","positionleft","validityvalid","test","3","neutral","singlestim","271","370123","368","â€šÃ³Ã¨","67","dotpositionleft","singlestim","272","370546","c","left","correct","1","","1","trialend","singlestim","273","371561"
"16669","Subject38","1","closetcloset","1","closet","positionright","validityinvalid","test","3","neutral","singlestim","275","373566","362","â€šÃ³Ã¨","67","dotpositionleft","singlestim","276","373983","c","left","correct","1","","1","trialend","singlestim","277","374998"
"16966","Subject38","1","smilesmile","1","smile","positionleft","validityvalid","test","3","positive","singlestim","279","377006","424","â€šÃ³Ã¨","67","dotpositionleft","singlestim","280","377485","c","left","correct","1","","1","trialend","singlestim","281","378499"
"17263","Subject38","1","greengreen","1","green","positionright","validityvalid","test","3","neutral","singlestim","283","380506","366","â€šÃ³Ã¨","77","dotpositionright","singlestim","284","380925","m","right","correct","1","","1","trialend","singlestim","285","381939"
"17560","Subject38","1","touretoure","1","toure","positionleft","validityvalid","test","3","negative","singlestim","287","383945","327","â€šÃ³Ã¨","67","dotpositionleft","singlestim","288","384324","c","left","correct","1","","1","trialend","singlestim","289","385341"
"17857","Subject38","1","metermeter","1","meter","positionleft","validityvalid","test","3","neutral","singlestim","291","387346","358","â€šÃ³Ã¨","67","dotpositionleft","singlestim","292","387759","c","left","correct","1","","1","trialend","singlestim","293","388774"
"18154","Subject38","1","strongstrong","1","strong","positionleft","validityvalid","test","3","positive","singlestim","295","390781","370","â€šÃ³Ã¨","67","dotpositionleft","singlestim","296","391206","c","left","correct","1","","1","trialend","singlestim","297","392221"
"18451","Subject38","1","cuttingcutting","1","cutting","positionright","validityvalid","test","3","suicide","singlestim","299","394227","412","â€šÃ³Ã¨","77","dotpositionright","singlestim","300","394691","m","right","correct","1","","1","trialend","singlestim","301","395706"
"18748","Subject38","1","deaddead","1","dead","positionleft","validityinvalid","test","3","suicide","singlestim","303","397714","357","â€šÃ³Ã¨","77","dotpositionright","singlestim","304","398126","m","right","correct","1","","1","trialend","singlestim","305","399138"
