"","SubjectID","rt","stimulus","keypress","word","wordposition","validity","block","blocknum","wordtype","trialtype","trialindex","timeelapsed","rt.1","stimulus.1","keypress.1","dotposition","trialtype.1","trialindex.1","timeelapsed.1","keypressed","participantresponse","correctresponse","rt.2","stimulus.2","keypress.2","blocktrial","trialtype.2","trialindex.2","timeelapsed.2"
"184","Subject214","1","passionatepassionate","1","passionate","positionleft","validityinvalid","test","4","positive","singlestim","51","53991","382","â€šÃ³Ã¨","77","dotpositionright","singlestim","52","54427","m","right","correct","1","","1","trialend","singlestim","53","55439"
"481","Subject214","1","deceaseddeceased","1","deceased","positionright","validityvalid","test","4","suicide","singlestim","55","57444","393","â€šÃ³Ã¨","77","dotpositionright","singlestim","56","57890","m","right","correct","1","","1","trialend","singlestim","57","58903"
"778","Subject214","1","wohlesswohless","1","wohless","positionright","validityvalid","test","4","negative","singlestim","59","60907","354","â€šÃ³Ã¨","77","dotpositionright","singlestim","60","61314","m","right","correct","1","","1","trialend","singlestim","61","62328"
"1075","Subject214","1","killingkilling","1","killing","positionleft","validityvalid","test","4","suicide","singlestim","63","64331","298","â€šÃ³Ã¨","67","dotpositionleft","singlestim","64","64682","c","left","correct","1","","1","trialend","singlestim","65","65694"
"1372","Subject214","1","ashamedashamed","1","ashamed","positionright","validityinvalid","test","4","negative","singlestim","67","67699","363","â€šÃ³Ã¨","67","dotpositionleft","singlestim","68","68114","c","left","correct","1","","1","trialend","singlestim","69","69127"
"1669","Subject214","1","doubledouble","1","double","positionright","validityvalid","test","4","neutral","singlestim","71","71132","402","â€šÃ³Ã¨","77","dotpositionright","singlestim","72","71586","m","right","correct","1","","1","trialend","singlestim","73","72599"
"1966","Subject214","1","laughlaugh","1","laugh","positionright","validityvalid","test","4","positive","singlestim","75","74603","332","â€šÃ³Ã¨","77","dotpositionright","singlestim","76","74986","m","right","correct","1","","1","trialend","singlestim","77","75998"
"2263","Subject214","1","structurestructure","1","structure","positionright","validityvalid","test","4","neutral","singlestim","79","78003","364","â€šÃ³Ã¨","77","dotpositionright","singlestim","80","78418","m","right","correct","1","","1","trialend","singlestim","81","79432"
"2560","Subject214","1","ecstaticecstatic","1","ecstatic","positionright","validityvalid","test","4","positive","singlestim","83","81436","353","â€šÃ³Ã¨","77","dotpositionright","singlestim","84","81842","m","right","correct","1","","1","trialend","singlestim","85","82854"
"2857","Subject214","1","engineengine","1","engine","positionleft","validityvalid","test","4","neutral","singlestim","87","84859","355","â€šÃ³Ã¨","67","dotpositionleft","singlestim","88","85267","c","left","correct","1","","1","trialend","singlestim","89","86280"
"3154","Subject214","1","alonealone","1","alone","positionleft","validityvalid","test","4","negative","singlestim","91","88285","369","â€šÃ³Ã¨","67","dotpositionleft","singlestim","92","88706","c","left","correct","1","","1","trialend","singlestim","93","89719"
"3451","Subject214","1","suicidesuicide","1","suicide","positionright","validityinvalid","test","4","suicide","singlestim","95","91722","411","â€šÃ³Ã¨","67","dotpositionleft","singlestim","96","92186","c","left","correct","1","","1","trialend","singlestim","97","93199"
"3748","Subject214","1","stupidstupid","1","stupid","positionleft","validityvalid","test","4","negative","singlestim","99","95204","377","â€šÃ³Ã¨","67","dotpositionleft","singlestim","100","95634","c","left","correct","1","","1","trialend","singlestim","101","96648"
"4045","Subject214","1","hanginghanging","1","hanging","positionleft","validityvalid","test","4","suicide","singlestim","103","98653","393","â€šÃ³Ã¨","67","dotpositionleft","singlestim","104","99098","c","left","correct","1","","1","trialend","singlestim","105","100111"
"4342","Subject214","1","successsuccess","1","success","positionleft","validityvalid","test","4","positive","singlestim","107","102117","425","â€šÃ³Ã¨","67","dotpositionleft","singlestim","108","102594","c","left","correct","1","","1","trialend","singlestim","109","103607"
"4639","Subject214","1","frameframe","1","frame","positionleft","validityinvalid","test","4","neutral","singlestim","111","105612","465","â€šÃ³Ã¨","77","dotpositionright","singlestim","112","106130","m","right","correct","1","","1","trialend","singlestim","113","107144"
"4936","Subject214","1","pleasurepleasure","1","pleasure","positionleft","validityvalid","test","2","positive","singlestim","115","109147","482","â€šÃ³Ã¨","67","dotpositionleft","singlestim","116","109681","c","left","correct","1","","1","trialend","singlestim","117","110696"
"5233","Subject214","1","overdoseoverdose","1","overdose","positionright","validityinvalid","test","2","suicide","singlestim","119","112700","426","â€šÃ³Ã¨","67","dotpositionleft","singlestim","120","113178","c","left","correct","1","","1","trialend","singlestim","121","114190"
"5530","Subject214","1","noosenoose","1","noose","positionleft","validityvalid","test","2","suicide","singlestim","123","116194","364","â€šÃ³Ã¨","67","dotpositionleft","singlestim","124","116610","c","left","correct","1","","1","trialend","singlestim","125","117623"
"5827","Subject214","1","enthusiasmenthusiasm","1","enthusiasm","positionright","validityvalid","test","2","positive","singlestim","127","119628","347","â€šÃ³Ã¨","77","dotpositionright","singlestim","128","120026","m","right","correct","1","","1","trialend","singlestim","129","121042"
"6124","Subject214","1","braverybravery","1","bravery","positionleft","validityvalid","test","2","positive","singlestim","131","123046","409","â€šÃ³Ã¨","67","dotpositionleft","singlestim","132","123506","c","left","correct","1","","1","trialend","singlestim","133","124520"
"6421","Subject214","1","paperpaper","1","paper","positionleft","validityvalid","test","2","neutral","singlestim","135","126525","354","â€šÃ³Ã¨","67","dotpositionleft","singlestim","136","126931","c","left","correct","1","","1","trialend","singlestim","137","127945"
"6718","Subject214","1","deathdeath","1","death","positionright","validityvalid","test","2","suicide","singlestim","139","129949","328","â€šÃ³Ã¨","77","dotpositionright","singlestim","140","130330","m","right","correct","1","","1","trialend","singlestim","141","131343"
"7015","Subject214","1","failurefailure","1","failure","positionleft","validityvalid","test","2","negative","singlestim","143","133349","337","â€šÃ³Ã¨","67","dotpositionleft","singlestim","144","133738","c","left","correct","1","","1","trialend","singlestim","145","134751"
"7312","Subject214","1","abuseabuse","1","abuse","positionright","validityvalid","test","2","negative","singlestim","147","136756","322","â€šÃ³Ã¨","77","dotpositionright","singlestim","148","137131","m","right","correct","1","","1","trialend","singlestim","149","138144"
"7609","Subject214","1","filthyfilthy","1","filthy","positionleft","validityinvalid","test","2","negative","singlestim","151","140148","417","â€šÃ³Ã¨","77","dotpositionright","singlestim","152","140619","m","right","correct","1","","1","trialend","singlestim","153","141632"
"7906","Subject214","1","horsehorse","1","horse","positionleft","validityinvalid","test","2","neutral","singlestim","155","143637","362","â€šÃ³Ã¨","77","dotpositionright","singlestim","156","144050","m","right","correct","1","","1","trialend","singlestim","157","145064"
"8203","Subject214","1","cruelcruel","1","cruel","positionright","validityvalid","test","2","negative","singlestim","159","147069","449","â€šÃ³Ã¨","77","dotpositionright","singlestim","160","147570","m","right","correct","1","","1","trialend","singlestim","161","148583"
"8500","Subject214","1","lovelove","1","love","positionright","validityinvalid","test","2","positive","singlestim","163","150589","345","â€šÃ³Ã¨","67","dotpositionleft","singlestim","164","150986","c","left","correct","1","","1","trialend","singlestim","165","151999"
"8797","Subject214","1","tabletable","1","table","positionright","validityvalid","test","2","neutral","singlestim","167","154003","378","â€šÃ³Ã¨","77","dotpositionright","singlestim","168","154433","m","right","correct","1","","1","trialend","singlestim","169","155445"
"9094","Subject214","1","foamfoam","1","foam","positionright","validityvalid","test","2","neutral","singlestim","171","157449","341","â€šÃ³Ã¨","77","dotpositionright","singlestim","172","157843","m","right","correct","1","","1","trialend","singlestim","173","158857"
"9391","Subject214","1","corpsecorpse","1","corpse","positionleft","validityvalid","test","2","suicide","singlestim","175","160861","360","â€šÃ³Ã¨","67","dotpositionleft","singlestim","176","161274","c","left","correct","1","","1","trialend","singlestim","177","162287"
"9688","Subject214","1","suffocationsuffocation","1","suffocation","positionleft","validityinvalid","test","1","suicide","singlestim","179","164291","323","â€šÃ³Ã¨","77","dotpositionright","singlestim","180","164666","m","right","correct","1","","1","trialend","singlestim","181","165678"
"9985","Subject214","1","paradiseparadise","1","paradise","positionleft","validityvalid","test","1","positive","singlestim","183","167683","501","â€šÃ³Ã¨","67","dotpositionleft","singlestim","184","168234","c","left","correct","1","","1","trialend","singlestim","185","169248"
"10282","Subject214","1","cheesecheese","1","cheese","positionright","validityvalid","test","1","neutral","singlestim","187","171252","291","â€šÃ³Ã¨","77","dotpositionright","singlestim","188","171594","m","right","correct","1","","1","trialend","singlestim","189","172606"
"10579","Subject214","1","statuestatue","1","statue","positionright","validityinvalid","test","1","neutral","singlestim","191","174611","482","â€šÃ³Ã¨","67","dotpositionleft","singlestim","192","175146","c","left","correct","1","","1","trialend","singlestim","193","176160"
"10876","Subject214","1","gunshotgunshot","1","gunshot","positionright","validityvalid","test","1","suicide","singlestim","195","178164","379","â€šÃ³Ã¨","77","dotpositionright","singlestim","196","178595","m","right","correct","1","","1","trialend","singlestim","197","179608"
"11173","Subject214","1","bloodblood","1","blood","positionleft","validityvalid","test","1","suicide","singlestim","199","181613","506","â€šÃ³Ã¨","67","dotpositionleft","singlestim","200","182171","c","left","correct","1","","1","trialend","singlestim","201","183184"
"11470","Subject214","1","funeralfuneral","1","funeral","positionright","validityvalid","test","1","suicide","singlestim","203","185188","315","â€šÃ³Ã¨","77","dotpositionright","singlestim","204","185554","m","right","correct","1","","1","trialend","singlestim","205","186570"
"11767","Subject214","1","greatgreat","1","great","positionright","validityvalid","test","1","positive","singlestim","207","188574","648","â€šÃ³Ã¨","77","dotpositionright","singlestim","208","189275","m","right","correct","1","","1","trialend","singlestim","209","190289"
"12064","Subject214","1","hatehate","1","hate","positionright","validityinvalid","test","1","negative","singlestim","211","192293","529","â€šÃ³Ã¨","67","dotpositionleft","singlestim","212","192875","c","left","correct","1","","1","trialend","singlestim","213","193887"
"12361","Subject214","1","healthyhealthy","1","healthy","positionleft","validityinvalid","test","1","positive","singlestim","215","195892","450","â€šÃ³Ã¨","77","dotpositionright","singlestim","216","196395","m","right","correct","1","","1","trialend","singlestim","217","197408"
"12658","Subject214","1","attractionattraction","1","attraction","positionright","validityvalid","test","1","positive","singlestim","219","199413","410","â€šÃ³Ã¨","77","dotpositionright","singlestim","220","199875","m","right","correct","1","","1","trialend","singlestim","221","200888"
"12955","Subject214","1","foldedfolded","1","folded","positionleft","validityvalid","test","1","neutral","singlestim","223","202892","323","â€šÃ³Ã¨","67","dotpositionleft","singlestim","224","203266","c","left","correct","1","","1","trialend","singlestim","225","204280"
"13252","Subject214","1","imageimage","1","image","positionleft","validityvalid","test","1","neutral","singlestim","227","206286","456","â€šÃ³Ã¨","67","dotpositionleft","singlestim","228","206794","c","left","correct","1","","1","trialend","singlestim","229","207808"
"13549","Subject214","1","patheticpathetic","1","pathetic","positionleft","validityvalid","test","1","negative","singlestim","231","209813","402","â€šÃ³Ã¨","67","dotpositionleft","singlestim","232","210267","c","left","correct","1","","1","trialend","singlestim","233","211281"
"13846","Subject214","1","cryingcrying","1","crying","positionright","validityvalid","test","1","negative","singlestim","235","213287","375","â€šÃ³Ã¨","77","dotpositionright","singlestim","236","213714","m","right","correct","1","","1","trialend","singlestim","237","214729"
"14143","Subject214","1","vomitvomit","1","vomit","positionleft","validityvalid","test","1","negative","singlestim","239","216733","322","â€šÃ³Ã¨","67","dotpositionleft","singlestim","240","217106","c","left","correct","1","","1","trialend","singlestim","241","218121"
"14440","Subject214","1","happyhappy","1","happy","positionright","validityvalid","test","3","positive","singlestim","243","220125","337","â€šÃ³Ã¨","77","dotpositionright","singlestim","244","220514","m","right","correct","1","","1","trialend","singlestim","245","221528"
"14737","Subject214","1","greengreen","1","green","positionright","validityvalid","test","3","neutral","singlestim","247","223533","377","â€šÃ³Ã¨","77","dotpositionright","singlestim","248","223963","m","right","correct","1","","1","trialend","singlestim","249","224977"
"15034","Subject214","1","dyingdying","1","dying","positionleft","validityvalid","test","3","suicide","singlestim","251","226982","337","â€šÃ³Ã¨","67","dotpositionleft","singlestim","252","227370","c","left","correct","1","","1","trialend","singlestim","253","228384"
"15331","Subject214","1","museummuseum","1","museum","positionleft","validityvalid","test","3","neutral","singlestim","255","230390","641","â€šÃ³Ã¨","67","dotpositionleft","singlestim","256","231082","c","left","correct","1","","1","trialend","singlestim","257","232095"
"15628","Subject214","1","deaddead","1","dead","positionleft","validityinvalid","test","3","suicide","singlestim","259","234100","408","â€šÃ³Ã¨","77","dotpositionright","singlestim","260","234563","m","right","correct","1","","1","trialend","singlestim","261","235575"
"15925","Subject214","1","closetcloset","1","closet","positionright","validityinvalid","test","3","neutral","singlestim","263","237579","411","â€šÃ³Ã¨","67","dotpositionleft","singlestim","264","238042","c","left","correct","1","","1","trialend","singlestim","265","239054"
"16222","Subject214","1","bombbomb","1","bomb","positionright","validityvalid","test","3","negative","singlestim","267","241058","325","â€šÃ³Ã¨","77","dotpositionright","singlestim","268","241435","m","right","correct","1","","1","trialend","singlestim","269","242449"
"16519","Subject214","1","touretoure","1","toure","positionleft","validityvalid","test","3","negative","singlestim","271","244453","352","â€šÃ³Ã¨","67","dotpositionleft","singlestim","272","244858","c","left","correct","1","","1","trialend","singlestim","273","245874"
"16816","Subject214","1","smilesmile","1","smile","positionleft","validityvalid","test","3","positive","singlestim","275","247878","344","â€šÃ³Ã¨","67","dotpositionleft","singlestim","276","248274","c","left","correct","1","","1","trialend","singlestim","277","249287"
"17113","Subject214","1","diedie","1","die","positionright","validityvalid","test","3","suicide","singlestim","279","251292","354","â€šÃ³Ã¨","77","dotpositionright","singlestim","280","251698","m","right","correct","1","","1","trialend","singlestim","281","252714"
"17410","Subject214","1","metermeter","1","meter","positionleft","validityvalid","test","3","neutral","singlestim","283","254718","393","â€šÃ³Ã¨","67","dotpositionleft","singlestim","284","255163","c","left","correct","1","","1","trialend","singlestim","285","256174"
"17707","Subject214","1","cuttingcutting","1","cutting","positionright","validityvalid","test","3","suicide","singlestim","287","258180","330","â€šÃ³Ã¨","77","dotpositionright","singlestim","288","258562","m","right","correct","1","","1","trialend","singlestim","289","259576"
"18004","Subject214","1","strongstrong","1","strong","positionleft","validityvalid","test","3","positive","singlestim","291","261580","1","â€šÃ³Ã¨","1","dotpositionleft","singlestim","292","263633","","incorrect","189","","67","trialend","singlestim","293","264647","1030510"
"18301","Subject214","rejectedrejected","1","rejected","positionright","validityvalid","test","3","negative","singlestim","295","266651","1030530","â€šÃ³Ã¨","77","dotpositionright","singlestim","296","267035","1030540","right","correct","1","","1","trialend","singlestim","297","268047","1030550"
"18598","Subject214","kisskiss","1","kiss","positionright","validityinvalid","test","3","positive","singlestim","299","270052","1030570","â€šÃ³Ã¨","67","dotpositionleft","singlestim","300","270530","1030580","left","correct","1","","1","trialend","singlestim","301","271544","1030590"
"18895","Subject214","assaultassault","1","assault","positionleft","validityinvalid","test","3","negative","singlestim","303","273548","1030610","â€šÃ³Ã¨","77","dotpositionright","singlestim","304","274002","1030620","right","correct","1","","1","trialend","singlestim","305","275016","1030630"
