"","SubjectID","rt","stimulus","keypress","word","wordposition","validity","block","blocknum","wordtype","trialtype","trialindex","timeelapsed","rt.1","stimulus.1","keypress.1","dotposition","trialtype.1","trialindex.1","timeelapsed.1","keypressed","participantresponse","correctresponse","rt.2","stimulus.2","keypress.2","blocktrial","trialtype.2","trialindex.2","timeelapsed.2"
"155","Subject183","1","engineengine","1","engine","positionleft","validityvalid","test","4","neutral","singlestim","51","70657","663","â€šÃ³Ã¨","67","dotpositionleft","singlestim","52","71372","c","left","correct","1","","1","trialend","singlestim","53","72394"
"452","Subject183","1","passionatepassionate","1","passionate","positionleft","validityinvalid","test","4","positive","singlestim","55","74404","443","â€šÃ³Ã¨","77","dotpositionright","singlestim","56","74900","m","right","correct","1","","1","trialend","singlestim","57","75914"
"749","Subject183","1","hanginghanging","1","hanging","positionleft","validityvalid","test","4","suicide","singlestim","59","77924","358","â€šÃ³Ã¨","67","dotpositionleft","singlestim","60","78334","c","left","correct","1","","1","trialend","singlestim","61","79352"
"1046","Subject183","1","alonealone","1","alone","positionleft","validityvalid","test","4","negative","singlestim","63","81361","364","â€šÃ³Ã¨","67","dotpositionleft","singlestim","64","81781","c","left","correct","1","","1","trialend","singlestim","65","82797"
"1343","Subject183","1","ecstaticecstatic","1","ecstatic","positionright","validityvalid","test","4","positive","singlestim","67","84807","331","â€šÃ³Ã¨","77","dotpositionright","singlestim","68","85190","m","right","correct","1","","1","trialend","singlestim","69","86206"
"1640","Subject183","1","frameframe","1","frame","positionleft","validityinvalid","test","4","neutral","singlestim","71","88216","478","â€šÃ³Ã¨","77","dotpositionright","singlestim","72","88750","m","right","correct","1","","1","trialend","singlestim","73","89768"
"1937","Subject183","1","structurestructure","1","structure","positionright","validityvalid","test","4","neutral","singlestim","75","91774","453","â€šÃ³Ã¨","77","dotpositionright","singlestim","76","92281","m","right","correct","1","","1","trialend","singlestim","77","93294"
"2234","Subject183","1","doubledouble","1","double","positionright","validityvalid","test","4","neutral","singlestim","79","95303","389","â€šÃ³Ã¨","77","dotpositionright","singlestim","80","95745","m","right","correct","1","","1","trialend","singlestim","81","96763"
"2531","Subject183","1","wohlesswohless","1","wohless","positionright","validityvalid","test","4","negative","singlestim","83","98772","431","â€šÃ³Ã¨","77","dotpositionright","singlestim","84","99256","m","right","correct","1","","1","trialend","singlestim","85","100274"
"2828","Subject183","1","suicidesuicide","1","suicide","positionright","validityinvalid","test","4","suicide","singlestim","87","102279","329","â€šÃ³Ã¨","67","dotpositionleft","singlestim","88","102662","c","left","correct","1","","1","trialend","singlestim","89","103678"
"3125","Subject183","1","deceaseddeceased","1","deceased","positionright","validityvalid","test","4","suicide","singlestim","91","105685","393","â€šÃ³Ã¨","77","dotpositionright","singlestim","92","106129","m","right","correct","1","","1","trialend","singlestim","93","107144"
"3422","Subject183","1","killingkilling","1","killing","positionleft","validityvalid","test","4","suicide","singlestim","95","109152","370","â€šÃ³Ã¨","67","dotpositionleft","singlestim","96","109576","c","left","correct","1","","1","trialend","singlestim","97","110594"
"3719","Subject183","1","stupidstupid","1","stupid","positionleft","validityvalid","test","4","negative","singlestim","99","112604","364","â€šÃ³Ã¨","67","dotpositionleft","singlestim","100","113020","c","left","correct","1","","1","trialend","singlestim","101","114037"
"4016","Subject183","1","ashamedashamed","1","ashamed","positionright","validityinvalid","test","4","negative","singlestim","103","116048","372","â€šÃ³Ã¨","67","dotpositionleft","singlestim","104","116475","c","left","correct","1","","1","trialend","singlestim","105","117494"
"4313","Subject183","1","laughlaugh","1","laugh","positionright","validityvalid","test","4","positive","singlestim","107","119501","378","â€šÃ³Ã¨","77","dotpositionright","singlestim","108","119933","m","right","correct","1","","1","trialend","singlestim","109","120953"
"4610","Subject183","1","successsuccess","1","success","positionleft","validityvalid","test","4","positive","singlestim","111","122960","449","â€šÃ³Ã¨","67","dotpositionleft","singlestim","112","123461","c","left","correct","1","","1","trialend","singlestim","113","124481"
"4907","Subject183","1","cryingcrying","1","crying","positionright","validityvalid","test","1","negative","singlestim","115","126488","417","â€šÃ³Ã¨","77","dotpositionright","singlestim","116","126960","m","right","correct","1","","1","trialend","singlestim","117","127974"
"5204","Subject183","1","statuestatue","1","statue","positionright","validityinvalid","test","1","neutral","singlestim","119","129981","1072","â€šÃ³Ã¨","67","dotpositionleft","singlestim","120","131105","c","left","correct","1","","1","trialend","singlestim","121","132122"
"5501","Subject183","1","suffocationsuffocation","1","suffocation","positionleft","validityinvalid","test","1","suicide","singlestim","123","134134","386","â€šÃ³Ã¨","77","dotpositionright","singlestim","124","134574","m","right","correct","1","","1","trialend","singlestim","125","135591"
"5798","Subject183","1","healthyhealthy","1","healthy","positionleft","validityinvalid","test","1","positive","singlestim","127","137600","401","â€šÃ³Ã¨","77","dotpositionright","singlestim","128","138054","m","right","correct","1","","1","trialend","singlestim","129","139070"
"6095","Subject183","1","vomitvomit","1","vomit","positionleft","validityvalid","test","1","negative","singlestim","131","141079","343","â€šÃ³Ã¨","67","dotpositionleft","singlestim","132","141478","c","left","correct","1","","1","trialend","singlestim","133","142497"
"6392","Subject183","1","funeralfuneral","1","funeral","positionright","validityvalid","test","1","suicide","singlestim","135","144504","515","â€šÃ³Ã¨","77","dotpositionright","singlestim","136","145075","m","right","correct","1","","1","trialend","singlestim","137","146089"
"6689","Subject183","1","paradiseparadise","1","paradise","positionleft","validityvalid","test","1","positive","singlestim","139","148099","372","â€šÃ³Ã¨","67","dotpositionleft","singlestim","140","148525","c","left","correct","1","","1","trialend","singlestim","141","149543"
"6986","Subject183","1","patheticpathetic","1","pathetic","positionleft","validityvalid","test","1","negative","singlestim","143","151547","449","â€šÃ³Ã¨","67","dotpositionleft","singlestim","144","152052","c","left","correct","1","","1","trialend","singlestim","145","153069"
"7283","Subject183","1","bloodblood","1","blood","positionleft","validityvalid","test","1","suicide","singlestim","147","155077","368","â€šÃ³Ã¨","67","dotpositionleft","singlestim","148","155495","c","left","correct","1","","1","trialend","singlestim","149","156509"
"7580","Subject183","1","gunshotgunshot","1","gunshot","positionright","validityvalid","test","1","suicide","singlestim","151","158515","405","â€šÃ³Ã¨","77","dotpositionright","singlestim","152","158974","m","right","correct","1","","1","trialend","singlestim","153","159988"
"7877","Subject183","1","cheesecheese","1","cheese","positionright","validityvalid","test","1","neutral","singlestim","155","161999","438","â€šÃ³Ã¨","77","dotpositionright","singlestim","156","162492","m","right","correct","1","","1","trialend","singlestim","157","163510"
"8174","Subject183","1","hatehate","1","hate","positionright","validityinvalid","test","1","negative","singlestim","159","165520","376","â€šÃ³Ã¨","67","dotpositionleft","singlestim","160","165947","c","left","correct","1","","1","trialend","singlestim","161","166966"
"8471","Subject183","1","greatgreat","1","great","positionright","validityvalid","test","1","positive","singlestim","163","168974","334","â€šÃ³Ã¨","77","dotpositionright","singlestim","164","169361","m","right","correct","1","","1","trialend","singlestim","165","170374"
"8768","Subject183","1","foldedfolded","1","folded","positionleft","validityvalid","test","1","neutral","singlestim","167","172379","370","â€šÃ³Ã¨","67","dotpositionleft","singlestim","168","172801","c","left","correct","1","","1","trialend","singlestim","169","173819"
"9065","Subject183","1","attractionattraction","1","attraction","positionright","validityvalid","test","1","positive","singlestim","171","175825","329","â€šÃ³Ã¨","77","dotpositionright","singlestim","172","176205","m","right","correct","1","","1","trialend","singlestim","173","177223"
"9362","Subject183","1","imageimage","1","image","positionleft","validityvalid","test","1","neutral","singlestim","175","179229","310","â€šÃ³Ã¨","67","dotpositionleft","singlestim","176","179592","c","left","correct","1","","1","trialend","singlestim","177","180611"
"9659","Subject183","1","braverybravery","1","bravery","positionleft","validityvalid","test","2","positive","singlestim","179","182619","339","â€šÃ³Ã¨","67","dotpositionleft","singlestim","180","183011","c","left","correct","1","","1","trialend","singlestim","181","184029"
"9956","Subject183","1","abuseabuse","1","abuse","positionright","validityvalid","test","2","negative","singlestim","183","186038","414","â€šÃ³Ã¨","77","dotpositionright","singlestim","184","186507","m","right","correct","1","","1","trialend","singlestim","185","187525"
"10253","Subject183","1","pleasurepleasure","1","pleasure","positionleft","validityvalid","test","2","positive","singlestim","187","189535","342","â€šÃ³Ã¨","67","dotpositionleft","singlestim","188","189929","c","left","correct","1","","1","trialend","singlestim","189","190947"
"10550","Subject183","1","filthyfilthy","1","filthy","positionleft","validityinvalid","test","2","negative","singlestim","191","192954","346","â€šÃ³Ã¨","77","dotpositionright","singlestim","192","193353","m","right","correct","1","","1","trialend","singlestim","193","194371"
"10847","Subject183","1","paperpaper","1","paper","positionleft","validityvalid","test","2","neutral","singlestim","195","196378","389","â€šÃ³Ã¨","67","dotpositionleft","singlestim","196","196818","c","left","correct","1","","1","trialend","singlestim","197","197833"
"11144","Subject183","1","cruelcruel","1","cruel","positionright","validityvalid","test","2","negative","singlestim","199","199843","474","â€šÃ³Ã¨","77","dotpositionright","singlestim","200","200368","m","right","correct","1","","1","trialend","singlestim","201","201386"
"11441","Subject183","1","foamfoam","1","foam","positionright","validityvalid","test","2","neutral","singlestim","203","203394","494","â€šÃ³Ã¨","77","dotpositionright","singlestim","204","203942","m","right","correct","1","","1","trialend","singlestim","205","204959"
"11738","Subject183","1","corpsecorpse","1","corpse","positionleft","validityvalid","test","2","suicide","singlestim","207","206966","404","â€šÃ³Ã¨","67","dotpositionleft","singlestim","208","207425","c","left","correct","1","","1","trialend","singlestim","209","208444"
"12035","Subject183","1","horsehorse","1","horse","positionleft","validityinvalid","test","2","neutral","singlestim","211","210448","424","â€šÃ³Ã¨","77","dotpositionright","singlestim","212","210927","m","right","correct","1","","1","trialend","singlestim","213","211943"
"12332","Subject183","1","overdoseoverdose","1","overdose","positionright","validityinvalid","test","2","suicide","singlestim","215","213949","506","â€šÃ³Ã¨","67","dotpositionleft","singlestim","216","214512","c","left","correct","1","","1","trialend","singlestim","217","215528"
"12629","Subject183","1","deathdeath","1","death","positionright","validityvalid","test","2","suicide","singlestim","219","217536","381","â€šÃ³Ã¨","77","dotpositionright","singlestim","220","217971","m","right","correct","1","","1","trialend","singlestim","221","218984"
"12926","Subject183","1","tabletable","1","table","positionright","validityvalid","test","2","neutral","singlestim","223","220994","662","â€šÃ³Ã¨","77","dotpositionright","singlestim","224","221711","m","right","correct","1","","1","trialend","singlestim","225","222729"
"13223","Subject183","1","lovelove","1","love","positionright","validityinvalid","test","2","positive","singlestim","227","224738","320","â€šÃ³Ã¨","67","dotpositionleft","singlestim","228","225114","c","left","correct","1","","1","trialend","singlestim","229","226130"
"13520","Subject183","1","noosenoose","1","noose","positionleft","validityvalid","test","2","suicide","singlestim","231","228140","373","â€šÃ³Ã¨","67","dotpositionleft","singlestim","232","228566","c","left","correct","1","","1","trialend","singlestim","233","229582"
"13817","Subject183","1","enthusiasmenthusiasm","1","enthusiasm","positionright","validityvalid","test","2","positive","singlestim","235","231587","461","â€šÃ³Ã¨","77","dotpositionright","singlestim","236","232104","m","right","correct","1","","1","trialend","singlestim","237","233123"
"14114","Subject183","1","failurefailure","1","failure","positionleft","validityvalid","test","2","negative","singlestim","239","235134","333","â€šÃ³Ã¨","67","dotpositionleft","singlestim","240","235521","c","left","correct","1","","1","trialend","singlestim","241","236538"
"14411","Subject183","1","assaultassault","1","assault","positionleft","validityinvalid","test","3","negative","singlestim","243","238544","346","â€šÃ³Ã¨","77","dotpositionright","singlestim","244","238943","m","right","correct","1","","1","trialend","singlestim","245","239960"
"14708","Subject183","1","cuttingcutting","1","cutting","positionright","validityvalid","test","3","suicide","singlestim","247","241969","441","â€šÃ³Ã¨","77","dotpositionright","singlestim","248","242464","m","right","correct","1","","1","trialend","singlestim","249","243482"
"15005","Subject183","1","bombbomb","1","bomb","positionright","validityvalid","test","3","negative","singlestim","251","245492","360","â€šÃ³Ã¨","77","dotpositionright","singlestim","252","245903","m","right","correct","1","","1","trialend","singlestim","253","246917"
"15302","Subject183","1","kisskiss","1","kiss","positionright","validityinvalid","test","3","positive","singlestim","255","248925","348","â€šÃ³Ã¨","67","dotpositionleft","singlestim","256","249328","c","left","correct","1","","1","trialend","singlestim","257","250343"
"15599","Subject183","1","closetcloset","1","closet","positionright","validityinvalid","test","3","neutral","singlestim","259","252352","352","â€šÃ³Ã¨","67","dotpositionleft","singlestim","260","252758","c","left","correct","1","","1","trialend","singlestim","261","253773"
"15896","Subject183","1","dyingdying","1","dying","positionleft","validityvalid","test","3","suicide","singlestim","263","255780","329","â€šÃ³Ã¨","67","dotpositionleft","singlestim","264","256161","c","left","correct","1","","1","trialend","singlestim","265","257178"
"16193","Subject183","1","smilesmile","1","smile","positionleft","validityvalid","test","3","positive","singlestim","267","259187","371","â€šÃ³Ã¨","67","dotpositionleft","singlestim","268","259612","c","left","correct","1","","1","trialend","singlestim","269","260626"
"16490","Subject183","1","strongstrong","1","strong","positionleft","validityvalid","test","3","positive","singlestim","271","262635","412","â€šÃ³Ã¨","67","dotpositionleft","singlestim","272","263099","c","left","correct","1","","1","trialend","singlestim","273","264113"
"16787","Subject183","1","happyhappy","1","happy","positionright","validityvalid","test","3","positive","singlestim","275","266123","354","â€šÃ³Ã¨","77","dotpositionright","singlestim","276","266530","m","right","correct","1","","1","trialend","singlestim","277","267545"
"17084","Subject183","1","metermeter","1","meter","positionleft","validityvalid","test","3","neutral","singlestim","279","269559","369","â€šÃ³Ã¨","67","dotpositionleft","singlestim","280","269982","c","left","correct","1","","1","trialend","singlestim","281","270995"
"17381","Subject183","1","rejectedrejected","1","rejected","positionright","validityvalid","test","3","negative","singlestim","283","273006","322","â€šÃ³Ã¨","77","dotpositionright","singlestim","284","273381","m","right","correct","1","","1","trialend","singlestim","285","274397"
"17678","Subject183","1","deaddead","1","dead","positionleft","validityinvalid","test","3","suicide","singlestim","287","276405","455","â€šÃ³Ã¨","77","dotpositionright","singlestim","288","276913","m","right","correct","1","","1","trialend","singlestim","289","277928"
"17975","Subject183","1","greengreen","1","green","positionright","validityvalid","test","3","neutral","singlestim","291","279936","448","â€šÃ³Ã¨","77","dotpositionright","singlestim","292","280440","m","right","correct","1","","1","trialend","singlestim","293","281459"
"18272","Subject183","1","museummuseum","1","museum","positionleft","validityvalid","test","3","neutral","singlestim","295","283467","323","â€šÃ³Ã¨","67","dotpositionleft","singlestim","296","283846","c","left","correct","1","","1","trialend","singlestim","297","284863"
"18569","Subject183","1","touretoure","1","toure","positionleft","validityvalid","test","3","negative","singlestim","299","286868","367","â€šÃ³Ã¨","67","dotpositionleft","singlestim","300","287292","c","left","correct","1","","1","trialend","singlestim","301","288310"
"18866","Subject183","1","diedie","1","die","positionright","validityvalid","test","3","suicide","singlestim","303","290318","378","â€šÃ³Ã¨","77","dotpositionright","singlestim","304","290750","m","right","correct","1","","1","trialend","singlestim","305","291768"
