"","SubjectID","rt","stimulus","keypress","word","wordposition","validity","block","blocknum","wordtype","trialtype","trialindex","timeelapsed","rt.1","stimulus.1","keypress.1","dotposition","trialtype.1","trialindex.1","timeelapsed.1","keypressed","participantresponse","correctresponse","rt.2","stimulus.2","keypress.2","blocktrial","trialtype.2","trialindex.2","timeelapsed.2"
"65","Subject68","1","passionatepassionate","1","passionate","positionleft","validityinvalid","test","4","positive","singlestim","51","64019","354","â€šÃ³Ã¨","77","dotpositionright","singlestim","52","64426","m","right","correct","1","","1","trialend","singlestim","53","65438"
"362","Subject68","1","deceaseddeceased","1","deceased","positionright","validityvalid","test","4","suicide","singlestim","55","67440","408","â€šÃ³Ã¨","77","dotpositionright","singlestim","56","67900","m","right","correct","1","","1","trialend","singlestim","57","68912"
"659","Subject68","1","wohlesswohless","1","wohless","positionright","validityvalid","test","4","negative","singlestim","59","70915","525","â€šÃ³Ã¨","77","dotpositionright","singlestim","60","71492","m","right","correct","1","","1","trialend","singlestim","61","72505"
"956","Subject68","1","hanginghanging","1","hanging","positionleft","validityvalid","test","4","suicide","singlestim","63","74509","381","â€šÃ³Ã¨","67","dotpositionleft","singlestim","64","74942","c","left","correct","1","","1","trialend","singlestim","65","75955"
"1253","Subject68","1","ashamedashamed","1","ashamed","positionright","validityinvalid","test","4","negative","singlestim","67","77958","427","â€šÃ³Ã¨","67","dotpositionleft","singlestim","68","78436","c","left","correct","1","","1","trialend","singlestim","69","79448"
"1550","Subject68","1","ecstaticecstatic","1","ecstatic","positionright","validityvalid","test","4","positive","singlestim","71","81450","295","â€šÃ³Ã¨","77","dotpositionright","singlestim","72","81796","m","right","correct","1","","1","trialend","singlestim","73","82810"
"1847","Subject68","1","frameframe","1","frame","positionleft","validityinvalid","test","4","neutral","singlestim","75","84814","334","â€šÃ³Ã¨","77","dotpositionright","singlestim","76","85199","m","right","correct","1","","1","trialend","singlestim","77","86211"
"2144","Subject68","1","engineengine","1","engine","positionleft","validityvalid","test","4","neutral","singlestim","79","88215","339","â€šÃ³Ã¨","67","dotpositionleft","singlestim","80","88605","c","left","correct","1","","1","trialend","singlestim","81","89618"
"2441","Subject68","1","doubledouble","1","double","positionright","validityvalid","test","4","neutral","singlestim","83","91621","340","â€šÃ³Ã¨","77","dotpositionright","singlestim","84","92014","m","right","correct","1","","1","trialend","singlestim","85","93026"
"2738","Subject68","1","killingkilling","1","killing","positionleft","validityvalid","test","4","suicide","singlestim","87","95030","325","â€šÃ³Ã¨","67","dotpositionleft","singlestim","88","95405","c","left","correct","1","","1","trialend","singlestim","89","96418"
"3035","Subject68","1","structurestructure","1","structure","positionright","validityvalid","test","4","neutral","singlestim","91","98421","258","â€šÃ³Ã¨","77","dotpositionright","singlestim","92","98730","m","right","correct","1","","1","trialend","singlestim","93","99742"
"3332","Subject68","1","successsuccess","1","success","positionleft","validityvalid","test","4","positive","singlestim","95","101745","260","â€šÃ³Ã¨","67","dotpositionleft","singlestim","96","102057","c","left","correct","1","","1","trialend","singlestim","97","103068"
"3629","Subject68","1","stupidstupid","1","stupid","positionleft","validityvalid","test","4","negative","singlestim","99","105071","333","â€šÃ³Ã¨","67","dotpositionleft","singlestim","100","105455","c","left","correct","1","","1","trialend","singlestim","101","106466"
"3926","Subject68","1","suicidesuicide","1","suicide","positionright","validityinvalid","test","4","suicide","singlestim","103","108469","355","â€šÃ³Ã¨","67","dotpositionleft","singlestim","104","108876","c","left","correct","1","","1","trialend","singlestim","105","109889"
"4223","Subject68","1","laughlaugh","1","laugh","positionright","validityvalid","test","4","positive","singlestim","107","111892","323","â€šÃ³Ã¨","77","dotpositionright","singlestim","108","112267","m","right","correct","1","","1","trialend","singlestim","109","113279"
"4520","Subject68","1","alonealone","1","alone","positionleft","validityvalid","test","4","negative","singlestim","111","115283","288","â€šÃ³Ã¨","67","dotpositionleft","singlestim","112","115623","c","left","correct","1","","1","trialend","singlestim","113","116635"
"4817","Subject68","1","enthusiasmenthusiasm","1","enthusiasm","positionright","validityvalid","test","2","positive","singlestim","115","118639","295","â€šÃ³Ã¨","77","dotpositionright","singlestim","116","118985","m","right","correct","1","","1","trialend","singlestim","117","119999"
"5114","Subject68","1","braverybravery","1","bravery","positionleft","validityvalid","test","2","positive","singlestim","119","122003","258","â€šÃ³Ã¨","67","dotpositionleft","singlestim","120","122313","c","left","correct","1","","1","trialend","singlestim","121","123323"
"5411","Subject68","1","horsehorse","1","horse","positionleft","validityinvalid","test","2","neutral","singlestim","123","125327","411","â€šÃ³Ã¨","77","dotpositionright","singlestim","124","125789","m","right","correct","1","","1","trialend","singlestim","125","126800"
"5708","Subject68","1","abuseabuse","1","abuse","positionright","validityvalid","test","2","negative","singlestim","127","128803","314","â€šÃ³Ã¨","77","dotpositionright","singlestim","128","129169","m","right","correct","1","","1","trialend","singlestim","129","130181"
"6005","Subject68","1","failurefailure","1","failure","positionleft","validityvalid","test","2","negative","singlestim","131","132185","308","â€šÃ³Ã¨","67","dotpositionleft","singlestim","132","132544","c","left","correct","1","","1","trialend","singlestim","133","133557"
"6302","Subject68","1","overdoseoverdose","1","overdose","positionright","validityinvalid","test","2","suicide","singlestim","135","135560","357","â€šÃ³Ã¨","67","dotpositionleft","singlestim","136","135969","c","left","correct","1","","1","trialend","singlestim","137","136981"
"6599","Subject68","1","noosenoose","1","noose","positionleft","validityvalid","test","2","suicide","singlestim","139","138984","414","â€šÃ³Ã¨","67","dotpositionleft","singlestim","140","139449","c","left","correct","1","","1","trialend","singlestim","141","140462"
"6896","Subject68","1","lovelove","1","love","positionright","validityinvalid","test","2","positive","singlestim","143","142465","438","â€šÃ³Ã¨","67","dotpositionleft","singlestim","144","142954","c","left","correct","1","","1","trialend","singlestim","145","143967"
"7193","Subject68","1","cruelcruel","1","cruel","positionright","validityvalid","test","2","negative","singlestim","147","145969","352","â€šÃ³Ã¨","77","dotpositionright","singlestim","148","146374","m","right","correct","1","","1","trialend","singlestim","149","147385"
"7490","Subject68","1","paperpaper","1","paper","positionleft","validityvalid","test","2","neutral","singlestim","151","149388","360","â€šÃ³Ã¨","67","dotpositionleft","singlestim","152","149799","c","left","correct","1","","1","trialend","singlestim","153","150811"
"7787","Subject68","1","filthyfilthy","1","filthy","positionleft","validityinvalid","test","2","negative","singlestim","155","152815","319","â€šÃ³Ã¨","77","dotpositionright","singlestim","156","153185","m","right","correct","1","","1","trialend","singlestim","157","154197"
"8084","Subject68","1","pleasurepleasure","1","pleasure","positionleft","validityvalid","test","2","positive","singlestim","159","156199","432","â€šÃ³Ã¨","67","dotpositionleft","singlestim","160","156683","c","left","correct","1","","1","trialend","singlestim","161","157696"
"8381","Subject68","1","foamfoam","1","foam","positionright","validityvalid","test","2","neutral","singlestim","163","159700","484","â€šÃ³Ã¨","77","dotpositionright","singlestim","164","160235","m","right","correct","1","","1","trialend","singlestim","165","161248"
"8678","Subject68","1","tabletable","1","table","positionright","validityvalid","test","2","neutral","singlestim","167","163252","1","â€šÃ³Ã¨","1","dotpositionright","singlestim","168","165306","","incorrect","1","","1","trialend","singlestim","169","166317","1010550"
"8975","Subject68","deathdeath","1","death","positionright","validityvalid","test","2","suicide","singlestim","171","168320","1010570","â€šÃ³Ã¨","77","dotpositionright","singlestim","172","168701","1010580","right","correct","1","","1","trialend","singlestim","173","169713","1010590"
"9272","Subject68","corpsecorpse","1","corpse","positionleft","validityvalid","test","2","suicide","singlestim","175","171715","1010610","â€šÃ³Ã¨","67","dotpositionleft","singlestim","176","172108","1010620","left","correct","1","","1","trialend","singlestim","177","173122","1010630"
"9569","Subject68","assaultassault","1","assault","positionleft","validityinvalid","test","3","negative","singlestim","179","175124","102010","â€šÃ³Ã¨","1","dotpositionright","singlestim","180","177177","102020","incorrect","1","","1","trialend","singlestim","181","178189","102030","1"
"9866","Subject68","1","dying","positionleft","validityvalid","test","3","suicide","singlestim","183","180192","102050","306","67","dotpositionleft","singlestim","184","180550","102060","c","correct","1","","1","trialend","singlestim","185","181563","102070","1"
"10163","Subject68","1","bomb","positionright","validityvalid","test","3","negative","singlestim","187","183566","102090","301","77","dotpositionright","singlestim","188","183919","1020100","m","correct","1","","1","trialend","singlestim","189","184931","1020110","1"
"10460","Subject68","1","kiss","positionright","validityinvalid","test","3","positive","singlestim","191","186934","1020130","366","67","dotpositionleft","singlestim","192","187352","1020140","c","correct","1","","1","trialend","singlestim","193","188364","1020150","1"
"10757","Subject68","1","cutting","positionright","validityvalid","test","3","suicide","singlestim","195","190368","1020170","279","77","dotpositionright","singlestim","196","190698","1020180","m","correct","1","","1","trialend","singlestim","197","191709","1020190","1"
"11054","Subject68","1","dead","positionleft","validityinvalid","test","3","suicide","singlestim","199","193713","1020210","393","77","dotpositionright","singlestim","200","194157","1020220","m","correct","1","","1","trialend","singlestim","201","195170","1020230","1"
"11351","Subject68","1","closet","positionright","validityinvalid","test","3","neutral","singlestim","203","197173","1020250","241","77","dotpositionleft","singlestim","204","197465","1020260","m","incorrect","1","","1","trialend","singlestim","205","198477","1020270","1"
"11648","Subject68","1","green","positionright","validityvalid","test","3","neutral","singlestim","207","200480","1020290","430","77","dotpositionright","singlestim","208","200961","1020300","m","correct","1","","1","trialend","singlestim","209","201973","1020310","1"
"11945","Subject68","1","smile","positionleft","validityvalid","test","3","positive","singlestim","211","203976","1020330","432","67","dotpositionleft","singlestim","212","204460","1020340","c","correct","1","","1","trialend","singlestim","213","205472","1020350","1"
"12242","Subject68","1","die","positionright","validityvalid","test","3","suicide","singlestim","215","207476","1020370","343","77","dotpositionright","singlestim","216","207870","1020380","m","correct","1","","1","trialend","singlestim","217","208883","1020390","1"
"12539","Subject68","1","toure","positionleft","validityvalid","test","3","negative","singlestim","219","210886","1020410","311","67","dotpositionleft","singlestim","220","211249","1020420","c","correct","1","","1","trialend","singlestim","221","212262","1020430","1"
"12836","Subject68","1","rejected","positionright","validityvalid","test","3","negative","singlestim","223","214265","1020450","305","77","dotpositionright","singlestim","224","214621","1020460","m","correct","1","","1","trialend","singlestim","225","215633","1020470","1"
"13133","Subject68","1","meter","positionleft","validityvalid","test","3","neutral","singlestim","227","217635","1020490","262","67","dotpositionleft","singlestim","228","217949","1020500","c","correct","1","","1","trialend","singlestim","229","218961","1020510","1"
"13430","Subject68","1","museum","positionleft","validityvalid","test","3","neutral","singlestim","231","220965","1020530","300","67","dotpositionleft","singlestim","232","221317","1020540","c","correct","1","","1","trialend","singlestim","233","222331","1020550","1"
"13727","Subject68","1","happy","positionright","validityvalid","test","3","positive","singlestim","235","224334","1020570","259","77","dotpositionright","singlestim","236","224645","1020580","m","correct","1","","1","trialend","singlestim","237","225659","1020590","1"
"14024","Subject68","1","strong","positionleft","validityvalid","test","3","positive","singlestim","239","227663","1020610","313","67","dotpositionleft","singlestim","240","228028","1020620","c","correct","1","","1","trialend","singlestim","241","229042","1020630","1"
"14321","Subject68","1","attraction","positionright","validityvalid","test","1","positive","singlestim","243","231045","103010","287","77","dotpositionright","singlestim","244","231384","103020","m","correct","1","","1","trialend","singlestim","245","232397","103030","1"
"14618","Subject68","1","hate","positionright","validityinvalid","test","1","negative","singlestim","247","234400","103050","305","67","dotpositionleft","singlestim","248","234755","103060","c","correct","1","","1","trialend","singlestim","249","235768","103070","1"
"14915","Subject68","1","vomit","positionleft","validityvalid","test","1","negative","singlestim","251","237771","103090","348","67","dotpositionleft","singlestim","252","238172","1030100","c","correct","1","","1","trialend","singlestim","253","239185","1030110","1"
"15212","Subject68","1","gunshot","positionright","validityvalid","test","1","suicide","singlestim","255","241187","1030130","281","77","dotpositionright","singlestim","256","241519","1030140","m","correct","1","","1","trialend","singlestim","257","242532","1030150","1"
"15509","Subject68","1","great","positionright","validityvalid","test","1","positive","singlestim","259","244535","1030170","298","77","dotpositionright","singlestim","260","244883","1030180","m","correct","1","","1","trialend","singlestim","261","245895","1030190","1"
"15806","Subject68","1","image","positionleft","validityvalid","test","1","neutral","singlestim","263","247898","1030210","258","67","dotpositionleft","singlestim","264","248207","1030220","c","correct","1","","1","trialend","singlestim","265","249219","1030230","1"
"16103","Subject68","1","cheese","positionright","validityvalid","test","1","neutral","singlestim","267","251223","1030250","235","77","dotpositionright","singlestim","268","251510","1030260","m","correct","1","","1","trialend","singlestim","269","252523","1030270","1"
"16400","Subject68","1","healthy","positionleft","validityinvalid","test","1","positive","singlestim","271","254526","1030290","364","77","dotpositionright","singlestim","272","254941","1030300","m","correct","1","","1","trialend","singlestim","273","255953","1030310","1"
"16697","Subject68","1","statue","positionright","validityinvalid","test","1","neutral","singlestim","275","257957","1030330","305","67","dotpositionleft","singlestim","276","258314","1030340","c","correct","1","","1","trialend","singlestim","277","259325","1030350","1"
"16994","Subject68","1","paradise","positionleft","validityvalid","test","1","positive","singlestim","279","261327","1030370","378","67","dotpositionleft","singlestim","280","261756","1030380","c","correct","1","","1","trialend","singlestim","281","262768","1030390","1"
"17291","Subject68","1","suffocation","positionleft","validityinvalid","test","1","suicide","singlestim","283","264770","1030410","368","77","dotpositionright","singlestim","284","265190","1030420","m","correct","1","","1","trialend","singlestim","285","266203","1030430","1"
"17588","Subject68","1","crying","positionright","validityvalid","test","1","negative","singlestim","287","268207","1030450","330","77","dotpositionright","singlestim","288","268588","1030460","m","correct","1","","1","trialend","singlestim","289","269600","1030470","1"
"17885","Subject68","1","pathetic","positionleft","validityvalid","test","1","negative","singlestim","291","271603","1030490","309","67","dotpositionleft","singlestim","292","271963","1030500","c","correct","1","","1","trialend","singlestim","293","272976","1030510","1"
"18182","Subject68","1","folded","positionleft","validityvalid","test","1","neutral","singlestim","295","274978","1030530","558","67","dotpositionleft","singlestim","296","275588","1030540","c","correct","1","","1","trialend","singlestim","297","276599","1030550","1"
"18479","Subject68","1","funeral","positionright","validityvalid","test","1","suicide","singlestim","299","278602","1030570","279","77","dotpositionright","singlestim","300","278932","1030580","m","correct","1","","1","trialend","singlestim","301","279944","1030590","1"
"18776","Subject68","1","blood","positionleft","validityvalid","test","1","suicide","singlestim","303","281947","1030610","294","67","dotpositionleft","singlestim","304","282293","1030620","c","correct","1","","1","trialend","singlestim","305","283305","1030630","1001"
