"","SubjectID","rt","stimulus","keypress","word","wordposition","validity","block","blocknum","wordtype","trialtype","trialindex","timeelapsed","rt.1","stimulus.1","keypress.1","dotposition","trialtype.1","trialindex.1","timeelapsed.1","keypressed","participantresponse","correctresponse","rt.2","stimulus.2","keypress.2","blocktrial","trialtype.2","trialindex.2","timeelapsed.2"
"242","Subject274","445","laughlaugh","77","laugh","positionright","validityvalid","test","4","positive","singlestim","51","111253","547","â€šÃ³Ã¨","77","dotpositionright","singlestim","52","111850","m","right","correct","1","","1","trialend","singlestim","53","112860"
"539","Subject274","430","frameframe","67","frame","positionleft","validityinvalid","test","4","neutral","singlestim","55","114861","523","â€šÃ³Ã¨","77","dotpositionright","singlestim","56","115434","m","right","correct","1","","1","trialend","singlestim","57","116445"
"836","Subject274","407","alonealone","67","alone","positionleft","validityvalid","test","4","negative","singlestim","59","118445","428","â€šÃ³Ã¨","67","dotpositionleft","singlestim","60","118924","c","left","correct","1","","1","trialend","singlestim","61","119934"
"1133","Subject274","396","doubledouble","77","double","positionright","validityvalid","test","4","neutral","singlestim","63","121933","426","â€šÃ³Ã¨","77","dotpositionright","singlestim","64","122411","m","right","correct","1","","1","trialend","singlestim","65","123420"
"1430","Subject274","485","deceaseddeceased","77","deceased","positionright","validityvalid","test","4","suicide","singlestim","67","125421","435","â€šÃ³Ã¨","77","dotpositionright","singlestim","68","125907","m","right","correct","1","","1","trialend","singlestim","69","126917"
"1727","Subject274","380","killingkilling","67","killing","positionleft","validityvalid","test","4","suicide","singlestim","71","128917","404","â€šÃ³Ã¨","67","dotpositionleft","singlestim","72","129371","c","left","correct","1","","1","trialend","singlestim","73","130381"
"2024","Subject274","333","wohlesswohless","77","wohless","positionright","validityvalid","test","4","negative","singlestim","75","132380","556","â€šÃ³Ã¨","77","dotpositionright","singlestim","76","132987","m","right","correct","1","","1","trialend","singlestim","77","133996"
"2321","Subject274","478","ecstaticecstatic","77","ecstatic","positionright","validityvalid","test","4","positive","singlestim","79","135997","164","â€šÃ³Ã¨","77","dotpositionright","singlestim","80","136211","m","right","correct","1","","1","trialend","singlestim","81","137221"
"2618","Subject274","526","passionatepassionate","67","passionate","positionleft","validityinvalid","test","4","positive","singlestim","83","139221","516","â€šÃ³Ã¨","77","dotpositionright","singlestim","84","139787","m","right","correct","1","","1","trialend","singlestim","85","140798"
"2915","Subject274","516","engineengine","67","engine","positionleft","validityvalid","test","4","neutral","singlestim","87","142798","507","â€šÃ³Ã¨","67","dotpositionleft","singlestim","88","143355","c","left","correct","1","","1","trialend","singlestim","89","144365"
"3212","Subject274","413","ashamedashamed","77","ashamed","positionright","validityinvalid","test","4","negative","singlestim","91","146365","483","â€šÃ³Ã¨","67","dotpositionleft","singlestim","92","146898","c","left","correct","1","","1","trialend","singlestim","93","147908"
"3509","Subject274","678","stupidstupid","67","stupid","positionleft","validityvalid","test","4","negative","singlestim","95","149908","525","â€šÃ³Ã¨","67","dotpositionleft","singlestim","96","150484","c","left","correct","1","","1","trialend","singlestim","97","151494"
"3806","Subject274","526","successsuccess","67","success","positionleft","validityvalid","test","4","positive","singlestim","99","153494","428","â€šÃ³Ã¨","67","dotpositionleft","singlestim","100","153971","c","left","correct","1","","1","trialend","singlestim","101","154981"
"4103","Subject274","485","suicidesuicide","77","suicide","positionright","validityinvalid","test","4","suicide","singlestim","103","156981","459","â€šÃ³Ã¨","67","dotpositionleft","singlestim","104","157491","c","left","correct","1","","1","trialend","singlestim","105","158501"
"4400","Subject274","636","hanginghanging","67","hanging","positionleft","validityvalid","test","4","suicide","singlestim","107","160501","548","â€šÃ³Ã¨","67","dotpositionleft","singlestim","108","161099","c","left","correct","1","","1","trialend","singlestim","109","162109"
"4697","Subject274","436","structurestructure","77","structure","positionright","validityvalid","test","4","neutral","singlestim","111","164110","378","â€šÃ³Ã¨","77","dotpositionright","singlestim","112","164538","m","right","correct","1","","1","trialend","singlestim","113","165549"
"4994","Subject274","443","foldedfolded","67","folded","positionleft","validityvalid","test","1","neutral","singlestim","115","167550","419","â€šÃ³Ã¨","67","dotpositionleft","singlestim","116","168019","c","left","correct","1","","1","trialend","singlestim","117","169025"
"5291","Subject274","446","cryingcrying","77","crying","positionright","validityvalid","test","1","negative","singlestim","119","171025","308","â€šÃ³Ã¨","77","dotpositionright","singlestim","120","171384","m","right","correct","1","","1","trialend","singlestim","121","172394"
"5588","Subject274","499","paradiseparadise","67","paradise","positionleft","validityvalid","test","1","positive","singlestim","123","174394","394","â€šÃ³Ã¨","67","dotpositionleft","singlestim","124","174839","c","left","correct","1","","1","trialend","singlestim","125","175849"
"5885","Subject274","413","cheesecheese","77","cheese","positionright","validityvalid","test","1","neutral","singlestim","127","177849","316","â€šÃ³Ã¨","77","dotpositionright","singlestim","128","178215","m","right","correct","1","","1","trialend","singlestim","129","179224"
"6182","Subject274","556","statuestatue","77","statue","positionright","validityinvalid","test","1","neutral","singlestim","131","181226","410","â€šÃ³Ã¨","67","dotpositionleft","singlestim","132","181686","c","left","correct","1","","1","trialend","singlestim","133","182696"
"6479","Subject274","541","imageimage","67","image","positionleft","validityvalid","test","1","neutral","singlestim","135","184698","459","â€šÃ³Ã¨","67","dotpositionleft","singlestim","136","185207","c","left","correct","1","","1","trialend","singlestim","137","186217"
"6776","Subject274","477","patheticpathetic","67","pathetic","positionleft","validityvalid","test","1","negative","singlestim","139","188217","468","â€šÃ³Ã¨","67","dotpositionleft","singlestim","140","188735","c","left","correct","1","","1","trialend","singlestim","141","189745"
"7073","Subject274","470","funeralfuneral","77","funeral","positionright","validityvalid","test","1","suicide","singlestim","143","191745","285","â€šÃ³Ã¨","77","dotpositionright","singlestim","144","192079","m","right","correct","1","","1","trialend","singlestim","145","193089"
"7370","Subject274","589","healthyhealthy","67","healthy","positionleft","validityinvalid","test","1","positive","singlestim","147","195089","578","â€šÃ³Ã¨","77","dotpositionright","singlestim","148","195719","m","right","correct","1","","1","trialend","singlestim","149","196729"
"7667","Subject274","508","bloodblood","67","blood","positionleft","validityvalid","test","1","suicide","singlestim","151","198730","426","â€šÃ³Ã¨","67","dotpositionleft","singlestim","152","199206","c","left","correct","1","","1","trialend","singlestim","153","200217"
"7964","Subject274","413","vomitvomit","67","vomit","positionleft","validityvalid","test","1","negative","singlestim","155","202218","356","â€šÃ³Ã¨","67","dotpositionleft","singlestim","156","202624","c","left","correct","1","","1","trialend","singlestim","157","203634"
"8261","Subject274","453","hatehate","77","hate","positionright","validityinvalid","test","1","negative","singlestim","159","205634","524","â€šÃ³Ã¨","67","dotpositionleft","singlestim","160","206207","c","left","correct","1","","1","trialend","singlestim","161","207217"
"8558","Subject274","422","greatgreat","77","great","positionright","validityvalid","test","1","positive","singlestim","163","209217","372","â€šÃ³Ã¨","77","dotpositionright","singlestim","164","209639","m","right","correct","1","","1","trialend","singlestim","165","210649"
"8855","Subject274","381","suffocationsuffocation","67","suffocation","positionleft","validityinvalid","test","1","suicide","singlestim","167","212649","476","â€šÃ³Ã¨","77","dotpositionright","singlestim","168","213175","m","right","correct","1","","1","trialend","singlestim","169","214185"
"9152","Subject274","508","gunshotgunshot","77","gunshot","positionright","validityvalid","test","1","suicide","singlestim","171","216185","419","â€šÃ³Ã¨","77","dotpositionright","singlestim","172","216654","m","right","correct","1","","1","trialend","singlestim","173","217663"
"9449","Subject274","463","attractionattraction","77","attraction","positionright","validityvalid","test","1","positive","singlestim","175","219665","292","â€šÃ³Ã¨","77","dotpositionright","singlestim","176","220007","m","right","correct","1","","1","trialend","singlestim","177","221017"
"9746","Subject274","518","pleasurepleasure","67","pleasure","positionleft","validityvalid","test","2","positive","singlestim","179","223016","397","â€šÃ³Ã¨","67","dotpositionleft","singlestim","180","223464","c","left","correct","1","","1","trialend","singlestim","181","224473"
"10043","Subject274","620","noosenoose","67","noose","positionleft","validityvalid","test","2","suicide","singlestim","183","226474","362","â€šÃ³Ã¨","67","dotpositionleft","singlestim","184","226887","c","left","correct","1","","1","trialend","singlestim","185","227897"
"10340","Subject274","442","failurefailure","67","failure","positionleft","validityvalid","test","2","negative","singlestim","187","229894","364","â€šÃ³Ã¨","67","dotpositionleft","singlestim","188","230308","c","left","correct","1","","1","trialend","singlestim","189","231318"
"10637","Subject274","485","lovelove","77","love","positionright","validityinvalid","test","2","positive","singlestim","191","233317","533","â€šÃ³Ã¨","67","dotpositionleft","singlestim","192","233900","c","left","correct","1","","1","trialend","singlestim","193","234910"
"10934","Subject274","557","cruelcruel","77","cruel","positionright","validityvalid","test","2","negative","singlestim","195","236910","372","â€šÃ³Ã¨","77","dotpositionright","singlestim","196","237332","m","right","correct","1","","1","trialend","singlestim","197","238342"
"11231","Subject274","645","overdoseoverdose","77","overdose","positionright","validityinvalid","test","2","suicide","singlestim","199","240343","395","â€šÃ³Ã¨","67","dotpositionleft","singlestim","200","240788","c","left","correct","1","","1","trialend","singlestim","201","241798"
"11528","Subject274","541","braverybravery","67","bravery","positionleft","validityvalid","test","2","positive","singlestim","203","243797","412","â€šÃ³Ã¨","67","dotpositionleft","singlestim","204","244260","c","left","correct","1","","1","trialend","singlestim","205","245271"
"11825","Subject274","549","paperpaper","67","paper","positionleft","validityvalid","test","2","neutral","singlestim","207","247271","154","â€šÃ³Ã¨","67","dotpositionleft","singlestim","208","247476","c","left","correct","1","","1","trialend","singlestim","209","248486"
"12122","Subject274","453","tabletable","77","table","positionright","validityvalid","test","2","neutral","singlestim","211","250486","1195","â€šÃ³Ã¨","77","dotpositionright","singlestim","212","251732","m","right","correct","1","","1","trialend","singlestim","213","252742"
"12419","Subject274","413","deathdeath","77","death","positionright","validityvalid","test","2","suicide","singlestim","215","254743","356","â€šÃ³Ã¨","77","dotpositionright","singlestim","216","255149","m","right","correct","1","","1","trialend","singlestim","217","256159"
"12716","Subject274","356","filthyfilthy","67","filthy","positionleft","validityinvalid","test","2","negative","singlestim","219","258159","546","â€šÃ³Ã¨","77","dotpositionright","singlestim","220","258755","m","right","correct","1","","1","trialend","singlestim","221","259766"
"13013","Subject274","620","foamfoam","77","foam","positionright","validityvalid","test","2","neutral","singlestim","223","261766","739","â€šÃ³Ã¨","77","dotpositionright","singlestim","224","262556","m","right","correct","1","","1","trialend","singlestim","225","263566"
"13310","Subject274","493","corpsecorpse","67","corpse","positionleft","validityvalid","test","2","suicide","singlestim","227","265565","468","â€šÃ³Ã¨","67","dotpositionleft","singlestim","228","266084","c","left","correct","1","","1","trialend","singlestim","229","267094"
"13607","Subject274","373","abuseabuse","77","abuse","positionright","validityvalid","test","2","negative","singlestim","231","269093","283","â€šÃ³Ã¨","77","dotpositionright","singlestim","232","269427","m","right","correct","1","","1","trialend","singlestim","233","270437"
"13904","Subject274","590","horsehorse","67","horse","positionleft","validityinvalid","test","2","neutral","singlestim","235","272437","525","â€šÃ³Ã¨","77","dotpositionright","singlestim","236","273012","m","right","correct","1","","1","trialend","singlestim","237","274022"
"14201","Subject274","525","enthusiasmenthusiasm","77","enthusiasm","positionright","validityvalid","test","2","positive","singlestim","239","276022","419","â€šÃ³Ã¨","77","dotpositionright","singlestim","240","276492","m","right","correct","1","","1","trialend","singlestim","241","277502"
"14498","Subject274","556","kisskiss","77","kiss","positionright","validityinvalid","test","3","positive","singlestim","243","279503","498","â€šÃ³Ã¨","67","dotpositionleft","singlestim","244","280052","c","left","correct","1","","1","trialend","singlestim","245","281062"
"14795","Subject274","589","smilesmile","67","smile","positionleft","validityvalid","test","3","positive","singlestim","247","283062","412","â€šÃ³Ã¨","67","dotpositionleft","singlestim","248","283524","c","left","correct","1","","1","trialend","singlestim","249","284534"
"15092","Subject274","524","cuttingcutting","77","cutting","positionright","validityvalid","test","3","suicide","singlestim","251","286534","444","â€šÃ³Ã¨","77","dotpositionright","singlestim","252","287028","m","right","correct","1","","1","trialend","singlestim","253","288038"
"15389","Subject274","523","happyhappy","77","happy","positionright","validityvalid","test","3","positive","singlestim","255","290035","467","â€šÃ³Ã¨","77","dotpositionright","singlestim","256","290552","m","right","correct","1","","1","trialend","singlestim","257","291563"
"15686","Subject274","510","greengreen","77","green","positionright","validityvalid","test","3","neutral","singlestim","259","293563","356","â€šÃ³Ã¨","77","dotpositionright","singlestim","260","293969","m","right","correct","1","","1","trialend","singlestim","261","294979"
"15983","Subject274","701","rejectedrejected","77","rejected","positionright","validityvalid","test","3","negative","singlestim","263","296981","418","â€šÃ³Ã¨","77","dotpositionright","singlestim","264","297450","m","right","correct","1","","1","trialend","singlestim","265","298460"
"16280","Subject274","620","touretoure","67","toure","positionleft","validityvalid","test","3","negative","singlestim","267","300460","1162","â€šÃ³Ã¨","67","dotpositionleft","singlestim","268","301673","c","left","correct","1","","1","trialend","singlestim","269","302683"
"16577","Subject274","389","bombbomb","77","bomb","positionright","validityvalid","test","3","negative","singlestim","271","304683","378","â€šÃ³Ã¨","77","dotpositionright","singlestim","272","305111","m","right","correct","1","","1","trialend","singlestim","273","306123"
"16874","Subject274","436","museummuseum","67","museum","positionleft","validityvalid","test","3","neutral","singlestim","275","308124","483","â€šÃ³Ã¨","67","dotpositionleft","singlestim","276","308657","c","left","correct","1","","1","trialend","singlestim","277","309667"
"17171","Subject274","647","assaultassault","67","assault","positionleft","validityinvalid","test","3","negative","singlestim","279","311667","396","â€šÃ³Ã¨","67","dotpositionright","singlestim","280","312113","c","left","incorrect","149","","77","trialend","singlestim","281","313122"
"17468","Subject274","581","metermeter","67","meter","positionleft","validityvalid","test","3","neutral","singlestim","283","315123","355","â€šÃ³Ã¨","67","dotpositionleft","singlestim","284","315529","c","left","correct","1","","1","trialend","singlestim","285","316538"
"17765","Subject274","446","deaddead","67","dead","positionleft","validityinvalid","test","3","suicide","singlestim","287","318539","395","â€šÃ³Ã¨","67","dotpositionright","singlestim","288","318985","c","left","incorrect","213","","77","trialend","singlestim","289","319994"
"18062","Subject274","597","closetcloset","77","closet","positionright","validityinvalid","test","3","neutral","singlestim","291","321995","443","â€šÃ³Ã¨","67","dotpositionleft","singlestim","292","322488","c","left","correct","1","","1","trialend","singlestim","293","323497"
"18359","Subject274","536","dyingdying","67","dying","positionleft","validityvalid","test","3","suicide","singlestim","295","325498","589","â€šÃ³Ã¨","67","dotpositionleft","singlestim","296","326137","c","left","correct","1","","1","trialend","singlestim","297","327147"
"18656","Subject274","398","diedie","77","die","positionright","validityvalid","test","3","suicide","singlestim","299","329147","412","â€šÃ³Ã¨","77","dotpositionright","singlestim","300","329609","m","right","correct","1","","1","trialend","singlestim","301","330619"
"18953","Subject274","754","strongstrong","67","strong","positionleft","validityvalid","test","3","positive","singlestim","303","332622","497","â€šÃ³Ã¨","67","dotpositionleft","singlestim","304","333169","c","left","correct","1","","1","trialend","singlestim","305","334182"
