"","SubjectID","rt","stimulus","keypress","word","wordposition","validity","block","blocknum","wordtype","trialtype","trialindex","timeelapsed","rt.1","stimulus.1","keypress.1","dotposition","trialtype.1","trialindex.1","timeelapsed.1","keypressed","participantresponse","correctresponse","rt.2","stimulus.2","keypress.2","blocktrial","trialtype.2","trialindex.2","timeelapsed.2"
"97","Subject102","1","vomitvomit","1","vomit","positionleft","validityvalid","test","1","negative","singlestim","51","70154","327","â€šÃ³Ã¨","67","dotpositionleft","singlestim","52","70532","c","left","correct","1","","1","trialend","singlestim","53","71544"
"394","Subject102","1","imageimage","1","image","positionleft","validityvalid","test","1","neutral","singlestim","55","73549","324","â€šÃ³Ã¨","67","dotpositionleft","singlestim","56","73925","c","left","correct","1","","1","trialend","singlestim","57","74939"
"691","Subject102","1","foldedfolded","1","folded","positionleft","validityvalid","test","1","neutral","singlestim","59","76942","327","â€šÃ³Ã¨","67","dotpositionleft","singlestim","60","77320","c","left","correct","1","","1","trialend","singlestim","61","78333"
"988","Subject102","1","statuestatue","1","statue","positionright","validityinvalid","test","1","neutral","singlestim","63","80335","340","â€šÃ³Ã¨","67","dotpositionleft","singlestim","64","80726","c","left","correct","1","","1","trialend","singlestim","65","81740"
"1285","Subject102","1","cheesecheese","1","cheese","positionright","validityvalid","test","1","neutral","singlestim","67","83747","306","â€šÃ³Ã¨","77","dotpositionright","singlestim","68","84105","m","right","correct","1","","1","trialend","singlestim","69","85117"
"1582","Subject102","1","suffocationsuffocation","1","suffocation","positionleft","validityinvalid","test","1","suicide","singlestim","71","87121","325","â€šÃ³Ã¨","77","dotpositionright","singlestim","72","87500","m","right","correct","1","","1","trialend","singlestim","73","88515"
"1879","Subject102","1","hatehate","1","hate","positionright","validityinvalid","test","1","negative","singlestim","75","90519","298","â€šÃ³Ã¨","67","dotpositionleft","singlestim","76","90868","c","left","correct","1","","1","trialend","singlestim","77","91881"
"2176","Subject102","1","funeralfuneral","1","funeral","positionright","validityvalid","test","1","suicide","singlestim","79","93885","328","â€šÃ³Ã¨","77","dotpositionright","singlestim","80","94264","m","right","correct","1","","1","trialend","singlestim","81","95277"
"2473","Subject102","1","gunshotgunshot","1","gunshot","positionright","validityvalid","test","1","suicide","singlestim","83","97282","308","â€šÃ³Ã¨","77","dotpositionright","singlestim","84","97642","m","right","correct","1","","1","trialend","singlestim","85","98654"
"2770","Subject102","1","cryingcrying","1","crying","positionright","validityvalid","test","1","negative","singlestim","87","100658","282","â€šÃ³Ã¨","77","dotpositionright","singlestim","88","100991","m","right","correct","1","","1","trialend","singlestim","89","102005"
"3067","Subject102","1","attractionattraction","1","attraction","positionright","validityvalid","test","1","positive","singlestim","91","104009","278","â€šÃ³Ã¨","77","dotpositionright","singlestim","92","104341","m","right","correct","1","","1","trialend","singlestim","93","105353"
"3364","Subject102","1","greatgreat","1","great","positionright","validityvalid","test","1","positive","singlestim","95","107357","286","â€šÃ³Ã¨","77","dotpositionright","singlestim","96","107695","m","right","correct","1","","1","trialend","singlestim","97","108708"
"3661","Subject102","1","healthyhealthy","1","healthy","positionleft","validityinvalid","test","1","positive","singlestim","99","110711","356","â€šÃ³Ã¨","77","dotpositionright","singlestim","100","111118","m","right","correct","1","","1","trialend","singlestim","101","112132"
"3958","Subject102","1","bloodblood","1","blood","positionleft","validityvalid","test","1","suicide","singlestim","103","114137","317","â€šÃ³Ã¨","67","dotpositionleft","singlestim","104","114507","c","left","correct","1","","1","trialend","singlestim","105","115520"
"4255","Subject102","1","patheticpathetic","1","pathetic","positionleft","validityvalid","test","1","negative","singlestim","107","117523","354","â€šÃ³Ã¨","67","dotpositionleft","singlestim","108","117931","c","left","correct","1","","1","trialend","singlestim","109","118945"
"4552","Subject102","1","paradiseparadise","1","paradise","positionleft","validityvalid","test","1","positive","singlestim","111","120949","343","â€šÃ³Ã¨","67","dotpositionleft","singlestim","112","121343","c","left","correct","1","","1","trialend","singlestim","113","122356"
"4849","Subject102","1","foamfoam","1","foam","positionright","validityvalid","test","2","neutral","singlestim","115","124362","288","â€šÃ³Ã¨","77","dotpositionright","singlestim","116","124702","m","right","correct","1","","1","trialend","singlestim","117","125714"
"5146","Subject102","1","corpsecorpse","1","corpse","positionleft","validityvalid","test","2","suicide","singlestim","119","127718","302","â€šÃ³Ã¨","67","dotpositionleft","singlestim","120","128072","c","left","correct","1","","1","trialend","singlestim","121","129086"
"5443","Subject102","1","abuseabuse","1","abuse","positionright","validityvalid","test","2","negative","singlestim","123","131090","271","â€šÃ³Ã¨","77","dotpositionright","singlestim","124","131412","m","right","correct","1","","1","trialend","singlestim","125","132425"
"5740","Subject102","1","pleasurepleasure","1","pleasure","positionleft","validityvalid","test","2","positive","singlestim","127","134429","333","â€šÃ³Ã¨","67","dotpositionleft","singlestim","128","134812","c","left","correct","1","","1","trialend","singlestim","129","135825"
"6037","Subject102","1","cruelcruel","1","cruel","positionright","validityvalid","test","2","negative","singlestim","131","137829","332","â€šÃ³Ã¨","77","dotpositionright","singlestim","132","138213","m","right","correct","1","","1","trialend","singlestim","133","139227"
"6334","Subject102","1","paperpaper","1","paper","positionleft","validityvalid","test","2","neutral","singlestim","135","141231","309","â€šÃ³Ã¨","67","dotpositionleft","singlestim","136","141592","c","left","correct","1","","1","trialend","singlestim","137","142604"
"6631","Subject102","1","deathdeath","1","death","positionright","validityvalid","test","2","suicide","singlestim","139","144610","264","â€šÃ³Ã¨","77","dotpositionright","singlestim","140","144926","m","right","correct","1","","1","trialend","singlestim","141","145939"
"6928","Subject102","1","failurefailure","1","failure","positionleft","validityvalid","test","2","negative","singlestim","143","147944","339","â€šÃ³Ã¨","67","dotpositionleft","singlestim","144","148334","c","left","correct","1","","1","trialend","singlestim","145","149348"
"7225","Subject102","1","enthusiasmenthusiasm","1","enthusiasm","positionright","validityvalid","test","2","positive","singlestim","147","151354","316","â€šÃ³Ã¨","77","dotpositionright","singlestim","148","151722","m","right","correct","1","","1","trialend","singlestim","149","152735"
"7522","Subject102","1","braverybravery","1","bravery","positionleft","validityvalid","test","2","positive","singlestim","151","154740","291","â€šÃ³Ã¨","67","dotpositionleft","singlestim","152","155082","c","left","correct","1","","1","trialend","singlestim","153","156096"
"7819","Subject102","1","tabletable","1","table","positionright","validityvalid","test","2","neutral","singlestim","155","158099","281","â€šÃ³Ã¨","77","dotpositionright","singlestim","156","158433","m","right","correct","1","","1","trialend","singlestim","157","159446"
"8116","Subject102","1","horsehorse","1","horse","positionleft","validityinvalid","test","2","neutral","singlestim","159","161450","374","â€šÃ³Ã¨","77","dotpositionright","singlestim","160","161875","m","right","correct","1","","1","trialend","singlestim","161","162887"
"8413","Subject102","1","filthyfilthy","1","filthy","positionleft","validityinvalid","test","2","negative","singlestim","163","164890","339","â€šÃ³Ã¨","77","dotpositionright","singlestim","164","165282","m","right","correct","1","","1","trialend","singlestim","165","166295"
"8710","Subject102","1","lovelove","1","love","positionright","validityinvalid","test","2","positive","singlestim","167","168300","360","â€šÃ³Ã¨","67","dotpositionleft","singlestim","168","168713","c","left","correct","1","","1","trialend","singlestim","169","169725"
"9007","Subject102","1","noosenoose","1","noose","positionleft","validityvalid","test","2","suicide","singlestim","171","171729","321","â€šÃ³Ã¨","67","dotpositionleft","singlestim","172","172103","c","left","correct","1","","1","trialend","singlestim","173","173115"
"9304","Subject102","1","overdoseoverdose","1","overdose","positionright","validityinvalid","test","2","suicide","singlestim","175","175119","325","â€šÃ³Ã¨","67","dotpositionleft","singlestim","176","175497","c","left","correct","1","","1","trialend","singlestim","177","176511"
"9601","Subject102","1","successsuccess","1","success","positionleft","validityvalid","test","4","positive","singlestim","179","178513","306","â€šÃ³Ã¨","67","dotpositionleft","singlestim","180","178871","c","left","correct","1","","1","trialend","singlestim","181","179883"
"9898","Subject102","1","deceaseddeceased","1","deceased","positionright","validityvalid","test","4","suicide","singlestim","183","181888","299","â€šÃ³Ã¨","77","dotpositionright","singlestim","184","182239","m","right","correct","1","","1","trialend","singlestim","185","183253"
"10195","Subject102","1","alonealone","1","alone","positionleft","validityvalid","test","4","negative","singlestim","187","185257","279","â€šÃ³Ã¨","67","dotpositionleft","singlestim","188","185587","c","left","correct","1","","1","trialend","singlestim","189","186600"
"10492","Subject102","1","structurestructure","1","structure","positionright","validityvalid","test","4","neutral","singlestim","191","188603","321","â€šÃ³Ã¨","77","dotpositionright","singlestim","192","188976","m","right","correct","1","","1","trialend","singlestim","193","189989"
"10789","Subject102","1","frameframe","1","frame","positionleft","validityinvalid","test","4","neutral","singlestim","195","191995","312","â€šÃ³Ã¨","77","dotpositionright","singlestim","196","192359","m","right","correct","1","","1","trialend","singlestim","197","193371"
"11086","Subject102","1","hanginghanging","1","hanging","positionleft","validityvalid","test","4","suicide","singlestim","199","195376","268","â€šÃ³Ã¨","67","dotpositionleft","singlestim","200","195695","c","left","correct","1","","1","trialend","singlestim","201","196708"
"11383","Subject102","1","passionatepassionate","1","passionate","positionleft","validityinvalid","test","4","positive","singlestim","203","198714","306","â€šÃ³Ã¨","77","dotpositionright","singlestim","204","199071","m","right","correct","1","","1","trialend","singlestim","205","200084"
"11680","Subject102","1","stupidstupid","1","stupid","positionleft","validityvalid","test","4","negative","singlestim","207","202088","359","â€šÃ³Ã¨","67","dotpositionleft","singlestim","208","202499","c","left","correct","1","","1","trialend","singlestim","209","203512"
"11977","Subject102","1","ecstaticecstatic","1","ecstatic","positionright","validityvalid","test","4","positive","singlestim","211","205515","303","â€šÃ³Ã¨","77","dotpositionright","singlestim","212","205870","m","right","correct","1","","1","trialend","singlestim","213","206883"
"12274","Subject102","1","doubledouble","1","double","positionright","validityvalid","test","4","neutral","singlestim","215","208888","299","â€šÃ³Ã¨","77","dotpositionright","singlestim","216","209239","m","right","correct","1","","1","trialend","singlestim","217","210252"
"12571","Subject102","1","killingkilling","1","killing","positionleft","validityvalid","test","4","suicide","singlestim","219","212256","320","â€šÃ³Ã¨","67","dotpositionleft","singlestim","220","212627","c","left","correct","1","","1","trialend","singlestim","221","213640"
"12868","Subject102","1","engineengine","1","engine","positionleft","validityvalid","test","4","neutral","singlestim","223","215644","312","â€šÃ³Ã¨","67","dotpositionleft","singlestim","224","216009","c","left","correct","1","","1","trialend","singlestim","225","217021"
"13165","Subject102","1","laughlaugh","1","laugh","positionright","validityvalid","test","4","positive","singlestim","227","219024","293","â€šÃ³Ã¨","77","dotpositionright","singlestim","228","219371","m","right","correct","1","","1","trialend","singlestim","229","220383"
"13462","Subject102","1","ashamedashamed","1","ashamed","positionright","validityinvalid","test","4","negative","singlestim","231","222388","361","â€šÃ³Ã¨","67","dotpositionleft","singlestim","232","222802","c","left","correct","1","","1","trialend","singlestim","233","223817"
"13759","Subject102","1","wohlesswohless","1","wohless","positionright","validityvalid","test","4","negative","singlestim","235","225821","284","â€šÃ³Ã¨","77","dotpositionright","singlestim","236","226157","m","right","correct","1","","1","trialend","singlestim","237","227170"
"14056","Subject102","1","suicidesuicide","1","suicide","positionright","validityinvalid","test","4","suicide","singlestim","239","229175","326","â€šÃ³Ã¨","67","dotpositionleft","singlestim","240","229554","c","left","correct","1","","1","trialend","singlestim","241","230567"
"14353","Subject102","1","happyhappy","1","happy","positionright","validityvalid","test","3","positive","singlestim","243","232571","277","â€šÃ³Ã¨","77","dotpositionright","singlestim","244","232899","m","right","correct","1","","1","trialend","singlestim","245","233912"
"14650","Subject102","1","cuttingcutting","1","cutting","positionright","validityvalid","test","3","suicide","singlestim","247","235916","305","â€šÃ³Ã¨","77","dotpositionright","singlestim","248","236273","m","right","correct","1","","1","trialend","singlestim","249","237285"
"14947","Subject102","1","dyingdying","1","dying","positionleft","validityvalid","test","3","suicide","singlestim","251","239290","306","â€šÃ³Ã¨","67","dotpositionleft","singlestim","252","239647","c","left","correct","1","","1","trialend","singlestim","253","240659"
"15244","Subject102","1","smilesmile","1","smile","positionleft","validityvalid","test","3","positive","singlestim","255","242665","290","â€šÃ³Ã¨","67","dotpositionleft","singlestim","256","243006","c","left","correct","1","","1","trialend","singlestim","257","244017"
"15541","Subject102","1","kisskiss","1","kiss","positionright","validityinvalid","test","3","positive","singlestim","259","246021","340","â€šÃ³Ã¨","67","dotpositionleft","singlestim","260","246414","c","left","correct","1","","1","trialend","singlestim","261","247426"
"15838","Subject102","1","touretoure","1","toure","positionleft","validityvalid","test","3","negative","singlestim","263","249429","321","â€šÃ³Ã¨","67","dotpositionleft","singlestim","264","249803","c","left","correct","1","","1","trialend","singlestim","265","250815"
"16135","Subject102","1","deaddead","1","dead","positionleft","validityinvalid","test","3","suicide","singlestim","267","252818","349","â€šÃ³Ã¨","77","dotpositionright","singlestim","268","253219","m","right","correct","1","","1","trialend","singlestim","269","254232"
"16432","Subject102","1","greengreen","1","green","positionright","validityvalid","test","3","neutral","singlestim","271","256235","354","â€šÃ³Ã¨","77","dotpositionright","singlestim","272","256643","m","right","correct","1","","1","trialend","singlestim","273","257656"
"16729","Subject102","1","assaultassault","1","assault","positionleft","validityinvalid","test","3","negative","singlestim","275","259658","327","â€šÃ³Ã¨","77","dotpositionright","singlestim","276","260039","m","right","correct","1","","1","trialend","singlestim","277","261051"
"17026","Subject102","1","diedie","1","die","positionright","validityvalid","test","3","suicide","singlestim","279","263054","322","â€šÃ³Ã¨","77","dotpositionright","singlestim","280","263428","m","right","correct","1","","1","trialend","singlestim","281","264440"
"17323","Subject102","1","bombbomb","1","bomb","positionright","validityvalid","test","3","negative","singlestim","283","266443","301","â€šÃ³Ã¨","77","dotpositionright","singlestim","284","266795","m","right","correct","1","","1","trialend","singlestim","285","267808"
"17620","Subject102","1","museummuseum","1","museum","positionleft","validityvalid","test","3","neutral","singlestim","287","269813","330","â€šÃ³Ã¨","67","dotpositionleft","singlestim","288","270194","c","left","correct","1","","1","trialend","singlestim","289","271206"
"17917","Subject102","1","metermeter","1","meter","positionleft","validityvalid","test","3","neutral","singlestim","291","273211","368","â€šÃ³Ã¨","67","dotpositionleft","singlestim","292","273630","c","left","correct","1","","1","trialend","singlestim","293","274644"
"18214","Subject102","1","rejectedrejected","1","rejected","positionright","validityvalid","test","3","negative","singlestim","295","276648","310","â€šÃ³Ã¨","77","dotpositionright","singlestim","296","277010","m","right","correct","1","","1","trialend","singlestim","297","278025"
"18511","Subject102","1","closetcloset","1","closet","positionright","validityinvalid","test","3","neutral","singlestim","299","280030","339","â€šÃ³Ã¨","67","dotpositionleft","singlestim","300","280420","c","left","correct","1","","1","trialend","singlestim","301","281433"
"18808","Subject102","1","strongstrong","1","strong","positionleft","validityvalid","test","3","positive","singlestim","303","283437","300","â€šÃ³Ã¨","67","dotpositionleft","singlestim","304","283788","c","left","correct","1","","1","trialend","singlestim","305","284803"
