"","SubjectID","rt","stimulus","keypress","word","wordposition","validity","block","blocknum","wordtype","trialtype","trialindex","timeelapsed","rt.1","stimulus.1","keypress.1","dotposition","trialtype.1","trialindex.1","timeelapsed.1","keypressed","participantresponse","correctresponse","rt.2","stimulus.2","keypress.2","blocktrial","trialtype.2","trialindex.2","timeelapsed.2"
"8","Subject8","1","overdoseoverdose","1","overdose","positionright","validityinvalid","test","2","suicide","singlestim","51","71614","334","â€šÃ³Ã¨","67","dotpositionleft","singlestim","52","72000","c","left","correct","1","","1","trialend","singlestim","53","73019"
"305","Subject8","1","lovelove","1","love","positionright","validityinvalid","test","2","positive","singlestim","55","75027","318","â€šÃ³Ã¨","67","dotpositionleft","singlestim","56","75401","c","left","correct","1","","1","trialend","singlestim","57","76416"
"602","Subject8","1","failurefailure","1","failure","positionleft","validityvalid","test","2","negative","singlestim","59","78425","325","â€šÃ³Ã¨","67","dotpositionleft","singlestim","60","78803","c","left","correct","1","","1","trialend","singlestim","61","79818"
"899","Subject8","1","enthusiasmenthusiasm","1","enthusiasm","positionright","validityvalid","test","2","positive","singlestim","63","81827","324","â€šÃ³Ã¨","77","dotpositionright","singlestim","64","82202","m","right","correct","188","","77","trialend","singlestim","65","83220"
"1196","Subject8","1","foamfoam","1","foam","positionright","validityvalid","test","2","neutral","singlestim","67","85228","309","â€šÃ³Ã¨","77","dotpositionright","singlestim","68","85590","m","right","correct","1","","1","trialend","singlestim","69","86604"
"1493","Subject8","1","corpsecorpse","1","corpse","positionleft","validityvalid","test","2","suicide","singlestim","71","88613","256","â€šÃ³Ã¨","67","dotpositionleft","singlestim","72","88923","c","left","correct","1","","1","trialend","singlestim","73","89936"
"1790","Subject8","1","noosenoose","1","noose","positionleft","validityvalid","test","2","suicide","singlestim","75","91944","214","â€šÃ³Ã¨","67","dotpositionleft","singlestim","76","92212","c","left","correct","1","","1","trialend","singlestim","77","93227"
"2087","Subject8","1","paperpaper","1","paper","positionleft","validityvalid","test","2","neutral","singlestim","79","95235","249","â€šÃ³Ã¨","67","dotpositionleft","singlestim","80","95538","c","left","correct","1","","1","trialend","singlestim","81","96553"
"2384","Subject8","1","deathdeath","1","death","positionright","validityvalid","test","2","suicide","singlestim","83","98563","252","â€šÃ³Ã¨","77","dotpositionright","singlestim","84","98870","m","right","correct","1","","1","trialend","singlestim","85","99886"
"2681","Subject8","1","cruelcruel","1","cruel","positionright","validityvalid","test","2","negative","singlestim","87","101894","267","â€šÃ³Ã¨","77","dotpositionright","singlestim","88","102213","m","right","correct","1","","1","trialend","singlestim","89","103229"
"2978","Subject8","1","braverybravery","1","bravery","positionleft","validityvalid","test","2","positive","singlestim","91","105237","270","â€šÃ³Ã¨","67","dotpositionleft","singlestim","92","105560","c","left","correct","1","","1","trialend","singlestim","93","106578"
"3275","Subject8","1","horsehorse","1","horse","positionleft","validityinvalid","test","2","neutral","singlestim","95","108586","295","â€šÃ³Ã¨","77","dotpositionright","singlestim","96","108935","m","right","correct","1","","1","trialend","singlestim","97","109950"
"3572","Subject8","1","filthyfilthy","1","filthy","positionleft","validityinvalid","test","2","negative","singlestim","99","111959","297","â€šÃ³Ã¨","77","dotpositionright","singlestim","100","112309","m","right","correct","1","","1","trialend","singlestim","101","113322"
"3869","Subject8","1","pleasurepleasure","1","pleasure","positionleft","validityvalid","test","2","positive","singlestim","103","115331","270","â€šÃ³Ã¨","67","dotpositionleft","singlestim","104","115656","c","left","correct","1","","1","trialend","singlestim","105","116672"
"4166","Subject8","1","abuseabuse","1","abuse","positionright","validityvalid","test","2","negative","singlestim","107","118680","294","â€šÃ³Ã¨","77","dotpositionright","singlestim","108","119030","m","right","correct","1","","1","trialend","singlestim","109","120044"
"4463","Subject8","1","tabletable","1","table","positionright","validityvalid","test","2","neutral","singlestim","111","122052","237","â€šÃ³Ã¨","77","dotpositionright","singlestim","112","122341","m","right","correct","1","","1","trialend","singlestim","113","123358"
"4760","Subject8","1","greengreen","1","green","positionright","validityvalid","test","3","neutral","singlestim","115","125367","249","â€šÃ³Ã¨","77","dotpositionright","singlestim","116","125668","m","right","correct","1","","1","trialend","singlestim","117","126684"
"5057","Subject8","1","rejectedrejected","1","rejected","positionright","validityvalid","test","3","negative","singlestim","119","128692","227","â€šÃ³Ã¨","77","dotpositionright","singlestim","120","128972","m","right","correct","1","","1","trialend","singlestim","121","129987"
"5354","Subject8","1","museummuseum","1","museum","positionleft","validityvalid","test","3","neutral","singlestim","123","131995","254","â€šÃ³Ã¨","67","dotpositionleft","singlestim","124","132306","c","left","correct","1","","1","trialend","singlestim","125","133319"
"5651","Subject8","1","diedie","1","die","positionright","validityvalid","test","3","suicide","singlestim","127","135327","236","â€šÃ³Ã¨","77","dotpositionright","singlestim","128","135615","m","right","correct","1","","1","trialend","singlestim","129","136632"
"5948","Subject8","1","metermeter","1","meter","positionleft","validityvalid","test","3","neutral","singlestim","131","138641","248","â€šÃ³Ã¨","67","dotpositionleft","singlestim","132","138941","c","left","correct","1","","1","trialend","singlestim","133","139959"
"6245","Subject8","1","cuttingcutting","1","cutting","positionright","validityvalid","test","3","suicide","singlestim","135","141966","237","â€šÃ³Ã¨","77","dotpositionright","singlestim","136","142257","m","right","correct","1","","1","trialend","singlestim","137","143272"
"6542","Subject8","1","strongstrong","1","strong","positionleft","validityvalid","test","3","positive","singlestim","139","145281","293","â€šÃ³Ã¨","67","dotpositionleft","singlestim","140","145629","c","left","correct","1","","1","trialend","singlestim","141","146645"
"6839","Subject8","1","closetcloset","1","closet","positionright","validityinvalid","test","3","neutral","singlestim","143","148653","376","â€šÃ³Ã¨","67","dotpositionleft","singlestim","144","149082","c","left","correct","1","","1","trialend","singlestim","145","150098"
"7136","Subject8","1","kisskiss","1","kiss","positionright","validityinvalid","test","3","positive","singlestim","147","152107","195","â€šÃ³Ã¨","77","dotpositionleft","singlestim","148","152355","m","right","incorrect","111","","67","trialend","singlestim","149","153372"
"7433","Subject8","1","happyhappy","1","happy","positionright","validityvalid","test","3","positive","singlestim","151","155380","286","â€šÃ³Ã¨","77","dotpositionright","singlestim","152","155718","m","right","correct","1","","1","trialend","singlestim","153","156736"
"7730","Subject8","1","dyingdying","1","dying","positionleft","validityvalid","test","3","suicide","singlestim","155","158748","332","â€šÃ³Ã¨","67","dotpositionleft","singlestim","156","159136","c","left","correct","1","","1","trialend","singlestim","157","160153"
"8027","Subject8","1","assaultassault","1","assault","positionleft","validityinvalid","test","3","negative","singlestim","159","162160","307","â€šÃ³Ã¨","77","dotpositionright","singlestim","160","162519","m","right","correct","1","","1","trialend","singlestim","161","163536"
"8324","Subject8","1","deaddead","1","dead","positionleft","validityinvalid","test","3","suicide","singlestim","163","165543","298","â€šÃ³Ã¨","77","dotpositionright","singlestim","164","165893","m","right","correct","1","","1","trialend","singlestim","165","166907"
"8621","Subject8","1","smilesmile","1","smile","positionleft","validityvalid","test","3","positive","singlestim","167","168916","348","â€šÃ³Ã¨","67","dotpositionleft","singlestim","168","169317","c","left","correct","1","","1","trialend","singlestim","169","170332"
"8918","Subject8","1","touretoure","1","toure","positionleft","validityvalid","test","3","negative","singlestim","171","172340","315","â€šÃ³Ã¨","67","dotpositionleft","singlestim","172","172707","c","left","correct","1","","1","trialend","singlestim","173","173721"
"9215","Subject8","1","bombbomb","1","bomb","positionright","validityvalid","test","3","negative","singlestim","175","175730","254","â€šÃ³Ã¨","77","dotpositionright","singlestim","176","176037","m","right","correct","1","","1","trialend","singlestim","177","177052"
"9512","Subject8","1","funeralfuneral","1","funeral","positionright","validityvalid","test","1","suicide","singlestim","179","179058","307","â€šÃ³Ã¨","77","dotpositionright","singlestim","180","179421","m","right","correct","1","","1","trialend","singlestim","181","180436"
"9809","Subject8","1","hatehate","1","hate","positionright","validityinvalid","test","1","negative","singlestim","183","182445","345","â€šÃ³Ã¨","67","dotpositionleft","singlestim","184","182842","c","left","correct","1","","1","trialend","singlestim","185","183855"
"10106","Subject8","1","attractionattraction","1","attraction","positionright","validityvalid","test","1","positive","singlestim","187","185864","287","â€šÃ³Ã¨","77","dotpositionright","singlestim","188","186207","m","right","correct","1","","1","trialend","singlestim","189","187222"
"10403","Subject8","1","vomitvomit","1","vomit","positionleft","validityvalid","test","1","negative","singlestim","191","189230","299","â€šÃ³Ã¨","67","dotpositionleft","singlestim","192","189586","c","left","correct","1","","1","trialend","singlestim","193","190603"
"10700","Subject8","1","cryingcrying","1","crying","positionright","validityvalid","test","1","negative","singlestim","195","192614","283","â€šÃ³Ã¨","77","dotpositionright","singlestim","196","192953","m","right","correct","1","","1","trialend","singlestim","197","193970"
"10997","Subject8","1","cheesecheese","1","cheese","positionright","validityvalid","test","1","neutral","singlestim","199","195981","332","â€šÃ³Ã¨","77","dotpositionright","singlestim","200","196369","m","right","correct","1","","1","trialend","singlestim","201","197385"
"11294","Subject8","1","healthyhealthy","1","healthy","positionleft","validityinvalid","test","1","positive","singlestim","203","199393","327","â€šÃ³Ã¨","77","dotpositionright","singlestim","204","199773","m","right","correct","1","","1","trialend","singlestim","205","200786"
"11591","Subject8","1","bloodblood","1","blood","positionleft","validityvalid","test","1","suicide","singlestim","207","202795","346","â€šÃ³Ã¨","67","dotpositionleft","singlestim","208","203193","c","left","correct","1","","1","trialend","singlestim","209","204211"
"11888","Subject8","1","imageimage","1","image","positionleft","validityvalid","test","1","neutral","singlestim","211","206219","337","â€šÃ³Ã¨","67","dotpositionleft","singlestim","212","206611","c","left","correct","1","","1","trialend","singlestim","213","207629"
"12185","Subject8","1","gunshotgunshot","1","gunshot","positionright","validityvalid","test","1","suicide","singlestim","215","209637","267","â€šÃ³Ã¨","77","dotpositionright","singlestim","216","209959","m","right","correct","1","","1","trialend","singlestim","217","210972"
"12482","Subject8","1","suffocationsuffocation","1","suffocation","positionleft","validityinvalid","test","1","suicide","singlestim","219","212981","325","â€šÃ³Ã¨","77","dotpositionright","singlestim","220","213360","m","right","correct","1","","1","trialend","singlestim","221","214379"
"12779","Subject8","1","paradiseparadise","1","paradise","positionleft","validityvalid","test","1","positive","singlestim","223","216388","394","â€šÃ³Ã¨","67","dotpositionleft","singlestim","224","216836","c","left","correct","1","","1","trialend","singlestim","225","217852"
"13076","Subject8","1","statuestatue","1","statue","positionright","validityinvalid","test","1","neutral","singlestim","227","219859","283","â€šÃ³Ã¨","67","dotpositionleft","singlestim","228","220194","c","left","correct","1","","1","trialend","singlestim","229","221211"
"13373","Subject8","1","greatgreat","1","great","positionright","validityvalid","test","1","positive","singlestim","231","223220","251","â€šÃ³Ã¨","77","dotpositionright","singlestim","232","223522","m","right","correct","1","","1","trialend","singlestim","233","224537"
"13670","Subject8","1","foldedfolded","1","folded","positionleft","validityvalid","test","1","neutral","singlestim","235","226545","278","â€šÃ³Ã¨","67","dotpositionleft","singlestim","236","226876","c","left","correct","1","","1","trialend","singlestim","237","227892"
"13967","Subject8","1","patheticpathetic","1","pathetic","positionleft","validityvalid","test","1","negative","singlestim","239","229903","263","â€šÃ³Ã¨","67","dotpositionleft","singlestim","240","230221","c","left","correct","1","","1","trialend","singlestim","241","231235"
"14264","Subject8","1","killingkilling","1","killing","positionleft","validityvalid","test","4","suicide","singlestim","243","233243","268","â€šÃ³Ã¨","67","dotpositionleft","singlestim","244","233565","c","left","correct","1","","1","trialend","singlestim","245","234578"
"14561","Subject8","1","deceaseddeceased","1","deceased","positionright","validityvalid","test","4","suicide","singlestim","247","236586","236","â€šÃ³Ã¨","77","dotpositionright","singlestim","248","236876","m","right","correct","1","","1","trialend","singlestim","249","237892"
"14858","Subject8","1","frameframe","1","frame","positionleft","validityinvalid","test","4","neutral","singlestim","251","239902","291","â€šÃ³Ã¨","77","dotpositionright","singlestim","252","240249","m","right","correct","1","","1","trialend","singlestim","253","241264"
"15155","Subject8","1","doubledouble","1","double","positionright","validityvalid","test","4","neutral","singlestim","255","243273","301","â€šÃ³Ã¨","77","dotpositionright","singlestim","256","243628","m","right","correct","1","","1","trialend","singlestim","257","244643"
"15452","Subject8","1","laughlaugh","1","laugh","positionright","validityvalid","test","4","positive","singlestim","259","246652","327","â€šÃ³Ã¨","77","dotpositionright","singlestim","260","247037","m","right","correct","1","","1","trialend","singlestim","261","248052"
"15749","Subject8","1","hanginghanging","1","hanging","positionleft","validityvalid","test","4","suicide","singlestim","263","250058","393","â€šÃ³Ã¨","67","dotpositionleft","singlestim","264","250505","c","left","correct","1","","1","trialend","singlestim","265","251520"
"16046","Subject8","1","ecstaticecstatic","1","ecstatic","positionright","validityvalid","test","4","positive","singlestim","267","253529","332","â€šÃ³Ã¨","77","dotpositionright","singlestim","268","253912","m","right","correct","1","","1","trialend","singlestim","269","254928"
"16343","Subject8","1","stupidstupid","1","stupid","positionleft","validityvalid","test","4","negative","singlestim","271","256936","270","â€šÃ³Ã¨","67","dotpositionleft","singlestim","272","257259","c","left","correct","1","","1","trialend","singlestim","273","258277"
"16640","Subject8","1","wohlesswohless","1","wohless","positionright","validityvalid","test","4","negative","singlestim","275","260285","288","â€šÃ³Ã¨","77","dotpositionright","singlestim","276","260625","m","right","correct","1","","1","trialend","singlestim","277","261643"
"16937","Subject8","1","suicidesuicide","1","suicide","positionright","validityinvalid","test","4","suicide","singlestim","279","263652","304","â€šÃ³Ã¨","67","dotpositionleft","singlestim","280","264007","c","left","correct","1","","1","trialend","singlestim","281","265021"
"17234","Subject8","1","engineengine","1","engine","positionleft","validityvalid","test","4","neutral","singlestim","283","267030","462","â€šÃ³Ã¨","67","dotpositionleft","singlestim","284","267547","c","left","correct","1","","1","trialend","singlestim","285","268562"
"17531","Subject8","1","alonealone","1","alone","positionleft","validityvalid","test","4","negative","singlestim","287","270570","309","â€šÃ³Ã¨","67","dotpositionleft","singlestim","288","270931","c","left","correct","1","","1","trialend","singlestim","289","271946"
"17828","Subject8","1","successsuccess","1","success","positionleft","validityvalid","test","4","positive","singlestim","291","273954","324","â€šÃ³Ã¨","67","dotpositionleft","singlestim","292","274330","c","left","correct","1","","1","trialend","singlestim","293","275347"
"18125","Subject8","1","ashamedashamed","1","ashamed","positionright","validityinvalid","test","4","negative","singlestim","295","277355","313","â€šÃ³Ã¨","67","dotpositionleft","singlestim","296","277720","c","left","correct","1","","1","trialend","singlestim","297","278736"
"18422","Subject8","1","passionatepassionate","1","passionate","positionleft","validityinvalid","test","4","positive","singlestim","299","280744","317","â€šÃ³Ã¨","77","dotpositionright","singlestim","300","281115","m","right","correct","1","","1","trialend","singlestim","301","282131"
"18719","Subject8","1","structurestructure","1","structure","positionright","validityvalid","test","4","neutral","singlestim","303","284140","354","â€šÃ³Ã¨","77","dotpositionright","singlestim","304","284547","m","right","correct","1","","1","trialend","singlestim","305","285562"
