"","SubjectID","rt","stimulus","keypress","word","wordposition","validity","block","blocknum","wordtype","trialtype","trialindex","timeelapsed","rt.1","stimulus.1","keypress.1","dotposition","trialtype.1","trialindex.1","timeelapsed.1","keypressed","participantresponse","correctresponse","rt.2","stimulus.2","keypress.2","blocktrial","trialtype.2","trialindex.2","timeelapsed.2"
"104","Subject109","1","happyhappy","1","happy","positionright","validityvalid","test","3","positive","singlestim","51","94297","479","â€šÃ³Ã¨","77","dotpositionright","singlestim","52","94834","m","right","correct","1","","1","trialend","singlestim","53","95873"
"401","Subject109","1","deaddead","1","dead","positionleft","validityinvalid","test","3","suicide","singlestim","55","97877","335","â€šÃ³Ã¨","77","dotpositionright","singlestim","56","98274","m","right","correct","1","","1","trialend","singlestim","57","99293"
"698","Subject109","1","museummuseum","1","museum","positionleft","validityvalid","test","3","neutral","singlestim","59","101317","289","â€šÃ³Ã¨","67","dotpositionleft","singlestim","60","101660","c","left","correct","1","","1","trialend","singlestim","61","102686"
"995","Subject109","1","cuttingcutting","1","cutting","positionright","validityvalid","test","3","suicide","singlestim","63","104697","307","â€šÃ³Ã¨","77","dotpositionright","singlestim","64","105063","m","right","correct","1","","1","trialend","singlestim","65","106100"
"1292","Subject109","1","smilesmile","1","smile","positionleft","validityvalid","test","3","positive","singlestim","67","108104","343","â€šÃ³Ã¨","67","dotpositionleft","singlestim","68","108648","c","left","correct","1","","1","trialend","singlestim","69","109686"
"1589","Subject109","1","bombbomb","1","bomb","positionright","validityvalid","test","3","negative","singlestim","71","111692","370","â€šÃ³Ã¨","77","dotpositionright","singlestim","72","112125","m","right","correct","1","","1","trialend","singlestim","73","113163"
"1886","Subject109","1","strongstrong","1","strong","positionleft","validityvalid","test","3","positive","singlestim","75","115157","412","â€šÃ³Ã¨","67","dotpositionleft","singlestim","76","115633","c","left","correct","1","","1","trialend","singlestim","77","116671"
"2183","Subject109","1","touretoure","1","toure","positionleft","validityvalid","test","3","negative","singlestim","79","118660","265","â€šÃ³Ã¨","67","dotpositionleft","singlestim","80","118985","c","left","correct","1","","1","trialend","singlestim","81","120004"
"2480","Subject109","1","rejectedrejected","1","rejected","positionright","validityvalid","test","3","negative","singlestim","83","122027","324","â€šÃ³Ã¨","77","dotpositionright","singlestim","84","122410","m","right","correct","1","","1","trialend","singlestim","85","123441"
"2777","Subject109","1","diedie","1","die","positionright","validityvalid","test","3","suicide","singlestim","87","125437","287","â€šÃ³Ã¨","77","dotpositionright","singlestim","88","125790","m","right","correct","1","","1","trialend","singlestim","89","126828"
"3074","Subject109","1","dyingdying","1","dying","positionleft","validityvalid","test","3","suicide","singlestim","91","128822","334","â€šÃ³Ã¨","67","dotpositionleft","singlestim","92","129221","c","left","correct","1","","1","trialend","singlestim","93","130264"
"3371","Subject109","1","closetcloset","1","closet","positionright","validityinvalid","test","3","neutral","singlestim","95","132253","295","â€šÃ³Ã¨","67","dotpositionleft","singlestim","96","132616","c","left","correct","1","","1","trialend","singlestim","97","133656"
"3668","Subject109","1","kisskiss","1","kiss","positionright","validityinvalid","test","3","positive","singlestim","99","135667","362","â€šÃ³Ã¨","67","dotpositionleft","singlestim","100","136081","c","left","correct","1","","1","trialend","singlestim","101","137113"
"3965","Subject109","1","greengreen","1","green","positionright","validityvalid","test","3","neutral","singlestim","103","139104","472","â€šÃ³Ã¨","77","dotpositionright","singlestim","104","139641","m","right","correct","1","","1","trialend","singlestim","105","140673"
"4262","Subject109","1","metermeter","1","meter","positionleft","validityvalid","test","3","neutral","singlestim","107","142671","322","â€šÃ³Ã¨","67","dotpositionleft","singlestim","108","143046","c","left","correct","1","","1","trialend","singlestim","109","144096"
"4559","Subject109","1","assaultassault","1","assault","positionleft","validityinvalid","test","3","negative","singlestim","111","146100","384","â€šÃ³Ã¨","77","dotpositionright","singlestim","112","146715","m","right","correct","1","","1","trialend","singlestim","113","147741"
"4856","Subject109","1","passionatepassionate","1","passionate","positionleft","validityinvalid","test","4","positive","singlestim","115","149737","364","â€šÃ³Ã¨","77","dotpositionright","singlestim","116","150165","m","right","correct","1","","1","trialend","singlestim","117","151200"
"5153","Subject109","1","ecstaticecstatic","1","ecstatic","positionright","validityvalid","test","4","positive","singlestim","119","153187","403","â€šÃ³Ã¨","77","dotpositionright","singlestim","120","153654","m","right","correct","1","","1","trialend","singlestim","121","154677"
"5450","Subject109","1","stupidstupid","1","stupid","positionleft","validityvalid","test","4","negative","singlestim","123","156675","337","â€šÃ³Ã¨","67","dotpositionleft","singlestim","124","157072","c","left","correct","1","","1","trialend","singlestim","125","158104"
"5747","Subject109","1","deceaseddeceased","1","deceased","positionright","validityvalid","test","4","suicide","singlestim","127","160106","337","â€šÃ³Ã¨","77","dotpositionright","singlestim","128","160654","m","right","correct","1","","1","trialend","singlestim","129","161675"
"6044","Subject109","1","hanginghanging","1","hanging","positionleft","validityvalid","test","4","suicide","singlestim","131","163696","322","â€šÃ³Ã¨","67","dotpositionleft","singlestim","132","164074","c","left","correct","1","","1","trialend","singlestim","133","165104"
"6341","Subject109","1","doubledouble","1","double","positionright","validityvalid","test","4","neutral","singlestim","135","167111","430","â€šÃ³Ã¨","77","dotpositionright","singlestim","136","167599","m","right","correct","1","","1","trialend","singlestim","137","168627"
"6638","Subject109","1","engineengine","1","engine","positionleft","validityvalid","test","4","neutral","singlestim","139","170620","284","â€šÃ³Ã¨","67","dotpositionleft","singlestim","140","170968","c","left","correct","1","","1","trialend","singlestim","141","172002"
"6935","Subject109","1","laughlaugh","1","laugh","positionright","validityvalid","test","4","positive","singlestim","143","174009","333","â€šÃ³Ã¨","77","dotpositionright","singlestim","144","174399","m","right","correct","1","","1","trialend","singlestim","145","175435"
"7232","Subject109","1","killingkilling","1","killing","positionleft","validityvalid","test","4","suicide","singlestim","147","177431","271","â€šÃ³Ã¨","67","dotpositionleft","singlestim","148","177754","c","left","correct","1","","1","trialend","singlestim","149","178775"
"7529","Subject109","1","successsuccess","1","success","positionleft","validityvalid","test","4","positive","singlestim","151","180773","457","â€šÃ³Ã¨","67","dotpositionleft","singlestim","152","181289","c","left","correct","1","","1","trialend","singlestim","153","182325"
"7826","Subject109","1","wohlesswohless","1","wohless","positionright","validityvalid","test","4","negative","singlestim","155","184316","291","â€šÃ³Ã¨","77","dotpositionright","singlestim","156","184673","m","right","correct","1","","1","trialend","singlestim","157","185712"
"8123","Subject109","1","ashamedashamed","1","ashamed","positionright","validityinvalid","test","4","negative","singlestim","159","187707","350","â€šÃ³Ã¨","67","dotpositionleft","singlestim","160","188117","c","left","correct","1","","1","trialend","singlestim","161","189159"
"8420","Subject109","1","frameframe","1","frame","positionleft","validityinvalid","test","4","neutral","singlestim","163","191145","369","â€šÃ³Ã¨","77","dotpositionright","singlestim","164","191569","m","right","correct","1","","1","trialend","singlestim","165","192603"
"8717","Subject109","1","alonealone","1","alone","positionleft","validityvalid","test","4","negative","singlestim","167","194605","330","â€šÃ³Ã¨","67","dotpositionleft","singlestim","168","194996","c","left","correct","1","","1","trialend","singlestim","169","196049"
"9014","Subject109","1","suicidesuicide","1","suicide","positionright","validityinvalid","test","4","suicide","singlestim","171","198038","331","â€šÃ³Ã¨","67","dotpositionleft","singlestim","172","198431","c","left","correct","1","","1","trialend","singlestim","173","199472"
"9311","Subject109","1","structurestructure","1","structure","positionright","validityvalid","test","4","neutral","singlestim","175","201465","363","â€šÃ³Ã¨","77","dotpositionright","singlestim","176","201881","m","right","correct","1","","1","trialend","singlestim","177","202917"
"9608","Subject109","1","braverybravery","1","bravery","positionleft","validityvalid","test","2","positive","singlestim","179","204915","306","â€šÃ³Ã¨","67","dotpositionleft","singlestim","180","205287","c","left","correct","1","","1","trialend","singlestim","181","206327"
"9905","Subject109","1","filthyfilthy","1","filthy","positionleft","validityinvalid","test","2","negative","singlestim","183","208314","317","â€šÃ³Ã¨","77","dotpositionright","singlestim","184","208699","m","right","correct","1","","1","trialend","singlestim","185","209726"
"10202","Subject109","1","failurefailure","1","failure","positionleft","validityvalid","test","2","negative","singlestim","187","211728","267","â€šÃ³Ã¨","67","dotpositionleft","singlestim","188","212047","c","left","correct","1","","1","trialend","singlestim","189","213079"
"10499","Subject109","1","corpsecorpse","1","corpse","positionleft","validityvalid","test","2","suicide","singlestim","191","215068","393","â€šÃ³Ã¨","67","dotpositionleft","singlestim","192","215525","c","left","correct","1","","1","trialend","singlestim","193","216596"
"10796","Subject109","1","pleasurepleasure","1","pleasure","positionleft","validityvalid","test","2","positive","singlestim","195","218575","353","â€šÃ³Ã¨","67","dotpositionleft","singlestim","196","218985","c","left","correct","1","","1","trialend","singlestim","197","220028"
"11093","Subject109","1","overdoseoverdose","1","overdose","positionright","validityinvalid","test","2","suicide","singlestim","199","222019","452","â€šÃ³Ã¨","67","dotpositionleft","singlestim","200","222533","c","left","correct","1","","1","trialend","singlestim","201","223567"
"11390","Subject109","1","tabletable","1","table","positionright","validityvalid","test","2","neutral","singlestim","203","225565","420","â€šÃ³Ã¨","77","dotpositionright","singlestim","204","226051","m","right","correct","1","","1","trialend","singlestim","205","227098"
"11687","Subject109","1","deathdeath","1","death","positionright","validityvalid","test","2","suicide","singlestim","207","229089","357","â€šÃ³Ã¨","77","dotpositionright","singlestim","208","229506","m","right","correct","1","","1","trialend","singlestim","209","230546"
"11984","Subject109","1","foamfoam","1","foam","positionright","validityvalid","test","2","neutral","singlestim","211","232525","390","â€šÃ³Ã¨","77","dotpositionright","singlestim","212","232971","m","right","correct","1","","1","trialend","singlestim","213","234011"
"12281","Subject109","1","cruelcruel","1","cruel","positionright","validityvalid","test","2","negative","singlestim","215","235996","331","â€šÃ³Ã¨","77","dotpositionright","singlestim","216","236395","m","right","correct","1","","1","trialend","singlestim","217","237429"
"12578","Subject109","1","noosenoose","1","noose","positionleft","validityvalid","test","2","suicide","singlestim","219","239427","273","â€šÃ³Ã¨","67","dotpositionleft","singlestim","220","239753","c","left","correct","1","","1","trialend","singlestim","221","240787"
"12875","Subject109","1","lovelove","1","love","positionright","validityinvalid","test","2","positive","singlestim","223","242786","401","â€šÃ³Ã¨","67","dotpositionleft","singlestim","224","243247","c","left","correct","1","","1","trialend","singlestim","225","244278"
"13172","Subject109","1","abuseabuse","1","abuse","positionright","validityvalid","test","2","negative","singlestim","227","246265","395","â€šÃ³Ã¨","77","dotpositionright","singlestim","228","246724","m","right","correct","1","","1","trialend","singlestim","229","247760"
"13469","Subject109","1","enthusiasmenthusiasm","1","enthusiasm","positionright","validityvalid","test","2","positive","singlestim","231","249771","354","â€šÃ³Ã¨","77","dotpositionright","singlestim","232","250183","m","right","correct","1","","1","trialend","singlestim","233","251204"
"13766","Subject109","1","paperpaper","1","paper","positionleft","validityvalid","test","2","neutral","singlestim","235","253200","316","â€šÃ³Ã¨","67","dotpositionleft","singlestim","236","253579","c","left","correct","1","","1","trialend","singlestim","237","254603"
"14063","Subject109","1","horsehorse","1","horse","positionleft","validityinvalid","test","2","neutral","singlestim","239","256616","313","â€šÃ³Ã¨","77","dotpositionright","singlestim","240","256991","m","right","correct","1","","1","trialend","singlestim","241","258021"
"14360","Subject109","1","bloodblood","1","blood","positionleft","validityvalid","test","1","suicide","singlestim","243","260034","356","â€šÃ³Ã¨","67","dotpositionleft","singlestim","244","260452","c","left","correct","1","","1","trialend","singlestim","245","261495"
"14657","Subject109","1","funeralfuneral","1","funeral","positionright","validityvalid","test","1","suicide","singlestim","247","263488","540","â€šÃ³Ã¨","77","dotpositionright","singlestim","248","264083","m","right","correct","1","","1","trialend","singlestim","249","265098"
"14954","Subject109","1","hatehate","1","hate","positionright","validityinvalid","test","1","negative","singlestim","251","267117","476","â€šÃ³Ã¨","67","dotpositionleft","singlestim","252","267654","c","left","correct","1","","1","trialend","singlestim","253","268688"
"15251","Subject109","1","patheticpathetic","1","pathetic","positionleft","validityvalid","test","1","negative","singlestim","255","270694","344","â€šÃ³Ã¨","67","dotpositionleft","singlestim","256","271087","c","left","correct","1","","1","trialend","singlestim","257","272117"
"15548","Subject109","1","imageimage","1","image","positionleft","validityvalid","test","1","neutral","singlestim","259","274115","336","â€šÃ³Ã¨","67","dotpositionleft","singlestim","260","274664","c","left","correct","1","","1","trialend","singlestim","261","275688"
"15845","Subject109","1","cryingcrying","1","crying","positionright","validityvalid","test","1","negative","singlestim","263","277696","264","â€šÃ³Ã¨","77","dotpositionright","singlestim","264","278023","m","right","correct","1","","1","trialend","singlestim","265","279057"
"16142","Subject109","1","foldedfolded","1","folded","positionleft","validityvalid","test","1","neutral","singlestim","267","281051","245","â€šÃ³Ã¨","67","dotpositionleft","singlestim","268","281357","c","left","correct","1","","1","trialend","singlestim","269","282380"
"16439","Subject109","1","statuestatue","1","statue","positionright","validityinvalid","test","1","neutral","singlestim","271","284384","667","â€šÃ³Ã¨","68","dotpositionleft","singlestim","272","285111","d","incorrect","1","","1","trialend","singlestim","273","286136","1030310"
"16736","Subject109","cheesecheese","1","cheese","positionright","validityvalid","test","1","neutral","singlestim","275","288136","1030330","â€šÃ³Ã¨","77","dotpositionright","singlestim","276","288788","1030340","right","correct","1","","1","trialend","singlestim","277","289821","1030350"
"17033","Subject109","attractionattraction","1","attraction","positionright","validityvalid","test","1","positive","singlestim","279","291830","1030370","â€šÃ³Ã¨","77","dotpositionright","singlestim","280","292253","1030380","right","correct","1","","1","trialend","singlestim","281","293295","1030390"
"17330","Subject109","paradiseparadise","1","paradise","positionleft","validityvalid","test","1","positive","singlestim","283","295287","1030410","â€šÃ³Ã¨","67","dotpositionleft","singlestim","284","295616","1030420","left","correct","1","","1","trialend","singlestim","285","296656","1030430"
"17627","Subject109","vomitvomit","1","vomit","positionleft","validityvalid","test","1","negative","singlestim","287","298635","1030450","â€šÃ³Ã¨","67","dotpositionleft","singlestim","288","299085","1030460","left","correct","1","","1","trialend","singlestim","289","300155","1030470"
"17924","Subject109","greatgreat","1","great","positionright","validityvalid","test","1","positive","singlestim","291","302155","1030490","â€šÃ³Ã¨","77","dotpositionright","singlestim","292","302746","1030500","right","correct","1","","1","trialend","singlestim","293","303792","1030510"
"18221","Subject109","suffocationsuffocation","1","suffocation","positionleft","validityinvalid","test","1","suicide","singlestim","295","305777","1030530","â€šÃ³Ã¨","77","dotpositionright","singlestim","296","306225","1030540","right","correct","1","","1","trialend","singlestim","297","307255","1030550"
"18518","Subject109","healthyhealthy","1","healthy","positionleft","validityinvalid","test","1","positive","singlestim","299","309257","1030570","â€šÃ³Ã¨","77","dotpositionright","singlestim","300","309692","1030580","right","correct","1","","1","trialend","singlestim","301","310731","1030590"
"18815","Subject109","gunshotgunshot","1","gunshot","positionright","validityvalid","test","1","suicide","singlestim","303","312736","1030610","â€šÃ³Ã¨","77","dotpositionright","singlestim","304","313085","1030620","right","correct","1","","1","trialend","singlestim","305","314113","1030630"
