"","SubjectID","rt","stimulus","keypress","word","wordposition","validity","block","blocknum","wordtype","trialtype","trialindex","timeelapsed","rt.1","stimulus.1","keypress.1","dotposition","trialtype.1","trialindex.1","timeelapsed.1","keypressed","participantresponse","correctresponse","rt.2","stimulus.2","keypress.2","blocktrial","trialtype.2","trialindex.2","timeelapsed.2"
"251","Subject285","1","greengreen","1","green","positionright","validityvalid","test","3","neutral","singlestim","51","129675","543","â€šÃ³Ã¨","77","dotpositionright","singlestim","52","130270","m","right","correct","1","","1","trialend","singlestim","53","131282"
"548","Subject285","1","rejectedrejected","1","rejected","positionright","validityvalid","test","3","negative","singlestim","55","133291","358","â€šÃ³Ã¨","77","dotpositionright","singlestim","56","133702","m","right","correct","1","","1","trialend","singlestim","57","134716"
"845","Subject285","1","kisskiss","1","kiss","positionright","validityinvalid","test","3","positive","singlestim","59","136724","291","â€šÃ³Ã¨","67","dotpositionleft","singlestim","60","137069","c","left","correct","1","","1","trialend","singlestim","61","138084"
"1142","Subject285","1","assaultassault","1","assault","positionleft","validityinvalid","test","3","negative","singlestim","63","140092","373","â€šÃ³Ã¨","77","dotpositionright","singlestim","64","140518","m","right","correct","1","","1","trialend","singlestim","65","141532"
"1439","Subject285","1","strongstrong","1","strong","positionleft","validityvalid","test","3","positive","singlestim","67","143540","397","â€šÃ³Ã¨","67","dotpositionleft","singlestim","68","143988","c","left","correct","1","","1","trialend","singlestim","69","145003"
"1736","Subject285","1","closetcloset","1","closet","positionright","validityinvalid","test","3","neutral","singlestim","71","147008","290","â€šÃ³Ã¨","67","dotpositionleft","singlestim","72","147351","c","left","correct","1","","1","trialend","singlestim","73","148366"
"2033","Subject285","1","museummuseum","1","museum","positionleft","validityvalid","test","3","neutral","singlestim","75","150371","397","â€šÃ³Ã¨","67","dotpositionleft","singlestim","76","150822","c","left","correct","1","","1","trialend","singlestim","77","151834"
"2330","Subject285","1","diedie","1","die","positionright","validityvalid","test","3","suicide","singlestim","79","153841","401","â€šÃ³Ã¨","77","dotpositionright","singlestim","80","154295","m","right","correct","1","","1","trialend","singlestim","81","155312"
"2627","Subject285","1","metermeter","1","meter","positionleft","validityvalid","test","3","neutral","singlestim","83","157317","344","â€šÃ³Ã¨","67","dotpositionleft","singlestim","84","157713","c","left","correct","1","","1","trialend","singlestim","85","158728"
"2924","Subject285","1","cuttingcutting","1","cutting","positionright","validityvalid","test","3","suicide","singlestim","87","160736","357","â€šÃ³Ã¨","77","dotpositionright","singlestim","88","161145","m","right","correct","1","","1","trialend","singlestim","89","162160"
"3221","Subject285","1","happyhappy","1","happy","positionright","validityvalid","test","3","positive","singlestim","91","164167","461","â€šÃ³Ã¨","77","dotpositionright","singlestim","92","164682","m","right","correct","1","","1","trialend","singlestim","93","165698"
"3518","Subject285","1","smilesmile","1","smile","positionleft","validityvalid","test","3","positive","singlestim","95","167703","455","â€šÃ³Ã¨","67","dotpositionleft","singlestim","96","168210","c","left","correct","1","","1","trialend","singlestim","97","169225"
"3815","Subject285","1","dyingdying","1","dying","positionleft","validityvalid","test","3","suicide","singlestim","99","171232","327","â€šÃ³Ã¨","67","dotpositionleft","singlestim","100","171613","c","left","correct","1","","1","trialend","singlestim","101","172628"
"4112","Subject285","1","touretoure","1","toure","positionleft","validityvalid","test","3","negative","singlestim","103","174636","312","â€šÃ³Ã¨","67","dotpositionleft","singlestim","104","174999","c","left","correct","1","","1","trialend","singlestim","105","176014"
"4409","Subject285","1","bombbomb","1","bomb","positionright","validityvalid","test","3","negative","singlestim","107","178019","383","â€šÃ³Ã¨","77","dotpositionright","singlestim","108","178455","m","right","correct","1","","1","trialend","singlestim","109","179471"
"4706","Subject285","1","deaddead","1","dead","positionleft","validityinvalid","test","3","suicide","singlestim","111","181475","438","â€šÃ³Ã¨","77","dotpositionright","singlestim","112","181965","m","right","correct","1","","1","trialend","singlestim","113","182979"
"5003","Subject285","1","foldedfolded","1","folded","positionleft","validityvalid","test","1","neutral","singlestim","115","184986","379","â€šÃ³Ã¨","67","dotpositionleft","singlestim","116","185418","c","left","correct","1","","1","trialend","singlestim","117","186434"
"5300","Subject285","1","suffocationsuffocation","1","suffocation","positionleft","validityinvalid","test","1","suicide","singlestim","119","188439","411","â€šÃ³Ã¨","77","dotpositionright","singlestim","120","188904","m","right","correct","1","","1","trialend","singlestim","121","189919"
"5597","Subject285","1","statuestatue","1","statue","positionright","validityinvalid","test","1","neutral","singlestim","123","191925","396","â€šÃ³Ã¨","67","dotpositionleft","singlestim","124","192373","c","left","correct","1","","1","trialend","singlestim","125","193388"
"5894","Subject285","1","attractionattraction","1","attraction","positionright","validityvalid","test","1","positive","singlestim","127","195394","354","â€šÃ³Ã¨","77","dotpositionright","singlestim","128","195801","m","right","correct","1","","1","trialend","singlestim","129","196817"
"6191","Subject285","1","gunshotgunshot","1","gunshot","positionright","validityvalid","test","1","suicide","singlestim","131","198823","353","â€šÃ³Ã¨","77","dotpositionright","singlestim","132","199229","m","right","correct","1","","1","trialend","singlestim","133","200245"
"6488","Subject285","1","patheticpathetic","1","pathetic","positionleft","validityvalid","test","1","negative","singlestim","135","202250","378","â€šÃ³Ã¨","67","dotpositionleft","singlestim","136","202681","c","left","correct","1","","1","trialend","singlestim","137","203696"
"6785","Subject285","1","paradiseparadise","1","paradise","positionleft","validityvalid","test","1","positive","singlestim","139","205702","346","â€šÃ³Ã¨","67","dotpositionleft","singlestim","140","206100","c","left","correct","1","","1","trialend","singlestim","141","207114"
"7082","Subject285","1","cryingcrying","1","crying","positionright","validityvalid","test","1","negative","singlestim","143","209120","459","â€šÃ³Ã¨","77","dotpositionright","singlestim","144","209632","m","right","correct","1","","1","trialend","singlestim","145","210647"
"7379","Subject285","1","imageimage","1","image","positionleft","validityvalid","test","1","neutral","singlestim","147","212654","326","â€šÃ³Ã¨","67","dotpositionleft","singlestim","148","213034","c","left","correct","1","","1","trialend","singlestim","149","214050"
"7676","Subject285","1","cheesecheese","1","cheese","positionright","validityvalid","test","1","neutral","singlestim","151","216056","361","â€šÃ³Ã¨","77","dotpositionright","singlestim","152","216471","m","right","correct","1","","1","trialend","singlestim","153","217486"
"7973","Subject285","1","hatehate","1","hate","positionright","validityinvalid","test","1","negative","singlestim","155","219494","387","â€šÃ³Ã¨","67","dotpositionleft","singlestim","156","219933","c","left","correct","1","","1","trialend","singlestim","157","220948"
"8270","Subject285","1","healthyhealthy","1","healthy","positionleft","validityinvalid","test","1","positive","singlestim","159","222955","379","â€šÃ³Ã¨","77","dotpositionright","singlestim","160","223388","m","right","correct","1","","1","trialend","singlestim","161","224402"
"8567","Subject285","1","vomitvomit","1","vomit","positionleft","validityvalid","test","1","negative","singlestim","163","226407","652","â€šÃ³Ã¨","67","dotpositionleft","singlestim","164","227113","c","left","correct","1","","1","trialend","singlestim","165","228126"
"8864","Subject285","1","bloodblood","1","blood","positionleft","validityvalid","test","1","suicide","singlestim","167","230132","461","â€šÃ³Ã¨","67","dotpositionleft","singlestim","168","230646","c","left","correct","1","","1","trialend","singlestim","169","231660"
"9161","Subject285","1","funeralfuneral","1","funeral","positionright","validityvalid","test","1","suicide","singlestim","171","233666","597","â€šÃ³Ã¨","77","dotpositionright","singlestim","172","234315","m","right","correct","1","","1","trialend","singlestim","173","235328"
"9458","Subject285","1","greatgreat","1","great","positionright","validityvalid","test","1","positive","singlestim","175","237335","670","â€šÃ³Ã¨","77","dotpositionright","singlestim","176","238058","m","right","correct","1","","1","trialend","singlestim","177","239073"
"9755","Subject285","1","frameframe","1","frame","positionleft","validityinvalid","test","4","neutral","singlestim","179","241079","286","â€šÃ³Ã¨","77","dotpositionright","singlestim","180","241419","m","right","correct","1","","1","trialend","singlestim","181","242435"
"10052","Subject285","1","wohlesswohless","1","wohless","positionright","validityvalid","test","4","negative","singlestim","183","244440","380","â€šÃ³Ã¨","77","dotpositionright","singlestim","184","244873","m","right","correct","1","","1","trialend","singlestim","185","245888"
"10349","Subject285","1","passionatepassionate","1","passionate","positionleft","validityinvalid","test","4","positive","singlestim","187","247893","331","â€šÃ³Ã¨","77","dotpositionright","singlestim","188","248278","m","right","correct","1","","1","trialend","singlestim","189","249293"
"10646","Subject285","1","engineengine","1","engine","positionleft","validityvalid","test","4","neutral","singlestim","191","251300","145","â€šÃ³Ã¨","77","dotpositionleft","singlestim","192","251499","m","right","incorrect","1","","1","trialend","singlestim","193","252514"
"10943","Subject285","1","hanginghanging","1","hanging","positionleft","validityvalid","test","4","suicide","singlestim","195","254520","598","â€šÃ³Ã¨","67","dotpositionleft","singlestim","196","255168","c","left","correct","1","","1","trialend","singlestim","197","256182"
"11240","Subject285","1","ashamedashamed","1","ashamed","positionright","validityinvalid","test","4","negative","singlestim","199","258187","356","â€šÃ³Ã¨","67","dotpositionleft","singlestim","200","258597","c","left","correct","1","","1","trialend","singlestim","201","259612"
"11537","Subject285","1","alonealone","1","alone","positionleft","validityvalid","test","4","negative","singlestim","203","261618","381","â€šÃ³Ã¨","67","dotpositionleft","singlestim","204","262054","c","left","correct","1","","1","trialend","singlestim","205","263068"
"11834","Subject285","1","doubledouble","1","double","positionright","validityvalid","test","4","neutral","singlestim","207","265074","384","â€šÃ³Ã¨","77","dotpositionright","singlestim","208","265511","m","right","correct","1","","1","trialend","singlestim","209","266527"
"12131","Subject285","1","stupidstupid","1","stupid","positionleft","validityvalid","test","4","negative","singlestim","211","268536","358","â€šÃ³Ã¨","67","dotpositionleft","singlestim","212","268949","c","left","correct","1","","1","trialend","singlestim","213","269962"
"12428","Subject285","1","structurestructure","1","structure","positionright","validityvalid","test","4","neutral","singlestim","215","271968","481","â€šÃ³Ã¨","77","dotpositionright","singlestim","216","272502","m","right","correct","1","","1","trialend","singlestim","217","273517"
"12725","Subject285","1","deceaseddeceased","1","deceased","positionright","validityvalid","test","4","suicide","singlestim","219","275523","336","â€šÃ³Ã¨","77","dotpositionright","singlestim","220","275914","m","right","correct","1","","1","trialend","singlestim","221","276929"
"13022","Subject285","1","killingkilling","1","killing","positionleft","validityvalid","test","4","suicide","singlestim","223","278936","359","â€šÃ³Ã¨","67","dotpositionleft","singlestim","224","279347","c","left","correct","1","","1","trialend","singlestim","225","280362"
"13319","Subject285","1","successsuccess","1","success","positionleft","validityvalid","test","4","positive","singlestim","227","282369","395","â€šÃ³Ã¨","67","dotpositionleft","singlestim","228","282818","c","left","correct","1","","1","trialend","singlestim","229","283833"
"13616","Subject285","1","suicidesuicide","1","suicide","positionright","validityinvalid","test","4","suicide","singlestim","231","285838","467","â€šÃ³Ã¨","67","dotpositionleft","singlestim","232","286359","c","left","correct","1","","1","trialend","singlestim","233","287374"
"13913","Subject285","1","ecstaticecstatic","1","ecstatic","positionright","validityvalid","test","4","positive","singlestim","235","289381","521","â€šÃ³Ã¨","77","dotpositionright","singlestim","236","289954","m","right","correct","1","","1","trialend","singlestim","237","290968"
"14210","Subject285","1","laughlaugh","1","laugh","positionright","validityvalid","test","4","positive","singlestim","239","292973","416","â€šÃ³Ã¨","77","dotpositionright","singlestim","240","293443","m","right","correct","1","","1","trialend","singlestim","241","294458"
"14507","Subject285","1","paperpaper","1","paper","positionleft","validityvalid","test","2","neutral","singlestim","243","296465","290","â€šÃ³Ã¨","67","dotpositionleft","singlestim","244","296809","c","left","correct","1","","1","trialend","singlestim","245","297824"
"14804","Subject285","1","lovelove","1","love","positionright","validityinvalid","test","2","positive","singlestim","247","299830","335","â€šÃ³Ã¨","67","dotpositionleft","singlestim","248","300219","c","left","correct","1","","1","trialend","singlestim","249","301234"
"15101","Subject285","1","deathdeath","1","death","positionright","validityvalid","test","2","suicide","singlestim","251","303241","462","â€šÃ³Ã¨","77","dotpositionright","singlestim","252","303755","m","right","correct","1","","1","trialend","singlestim","253","304769"
"15398","Subject285","1","cruelcruel","1","cruel","positionright","validityvalid","test","2","negative","singlestim","255","306776","336","â€šÃ³Ã¨","77","dotpositionright","singlestim","256","307165","m","right","correct","1","","1","trialend","singlestim","257","308178"
"15695","Subject285","1","overdoseoverdose","1","overdose","positionright","validityinvalid","test","2","suicide","singlestim","259","310184","373","â€šÃ³Ã¨","67","dotpositionleft","singlestim","260","310609","c","left","correct","1","","1","trialend","singlestim","261","311624"
"15992","Subject285","1","tabletable","1","table","positionright","validityvalid","test","2","neutral","singlestim","263","313629","377","â€šÃ³Ã¨","77","dotpositionright","singlestim","264","314059","m","right","correct","1","","1","trialend","singlestim","265","315075"
"16289","Subject285","1","pleasurepleasure","1","pleasure","positionleft","validityvalid","test","2","positive","singlestim","267","317083","335","â€šÃ³Ã¨","67","dotpositionleft","singlestim","268","317471","c","left","correct","1","","1","trialend","singlestim","269","318485"
"16586","Subject285","1","filthyfilthy","1","filthy","positionleft","validityinvalid","test","2","negative","singlestim","271","320491","476","â€šÃ³Ã¨","77","dotpositionright","singlestim","272","321020","m","right","correct","1","","1","trialend","singlestim","273","322034"
"16883","Subject285","1","braverybravery","1","bravery","positionleft","validityvalid","test","2","positive","singlestim","275","324041","366","â€šÃ³Ã¨","67","dotpositionleft","singlestim","276","324459","c","left","correct","1","","1","trialend","singlestim","277","325474"
"17180","Subject285","1","horsehorse","1","horse","positionleft","validityinvalid","test","2","neutral","singlestim","279","327480","331","â€šÃ³Ã¨","77","dotpositionright","singlestim","280","327864","m","right","correct","1","","1","trialend","singlestim","281","328877"
"17477","Subject285","1","foamfoam","1","foam","positionright","validityvalid","test","2","neutral","singlestim","283","330883","367","â€šÃ³Ã¨","77","dotpositionright","singlestim","284","331303","m","right","correct","1","","1","trialend","singlestim","285","332317"
"17774","Subject285","1","abuseabuse","1","abuse","positionright","validityvalid","test","2","negative","singlestim","287","334325","438","â€šÃ³Ã¨","77","dotpositionright","singlestim","288","334816","m","right","correct","1","","1","trialend","singlestim","289","335831"
"18071","Subject285","1","corpsecorpse","1","corpse","positionleft","validityvalid","test","2","suicide","singlestim","291","337836","413","â€šÃ³Ã¨","67","dotpositionleft","singlestim","292","338302","c","left","correct","1","","1","trialend","singlestim","293","339315"
"18368","Subject285","1","enthusiasmenthusiasm","1","enthusiasm","positionright","validityvalid","test","2","positive","singlestim","295","341320","490","â€šÃ³Ã¨","77","dotpositionright","singlestim","296","341865","m","right","correct","1","","1","trialend","singlestim","297","342880"
"18665","Subject285","1","failurefailure","1","failure","positionleft","validityvalid","test","2","negative","singlestim","299","344887","434","â€šÃ³Ã¨","67","dotpositionleft","singlestim","300","345376","c","left","correct","1","","1","trialend","singlestim","301","346391"
"18962","Subject285","1","noosenoose","1","noose","positionleft","validityvalid","test","2","suicide","singlestim","303","348397","339","â€šÃ³Ã¨","67","dotpositionleft","singlestim","304","348787","c","left","correct","1","","1","trialend","singlestim","305","349804"
