"","SubjectID","rt","stimulus","keypress","word","wordposition","validity","block","blocknum","wordtype","trialtype","trialindex","timeelapsed","rt.1","stimulus.1","keypress.1","dotposition","trialtype.1","trialindex.1","timeelapsed.1","keypressed","participantresponse","correctresponse","rt.2","stimulus.2","keypress.2","blocktrial","trialtype.2","trialindex.2","timeelapsed.2"
"71","Subject74","filthy","positionleft","validityinvalid","test","2","negative","singlestim","51","110212","100010","515","â€šÃ³Ã¨","dotpositionright","singlestim","52","110780","100020","m","right","1","","1","trialend","singlestim","53","111794","100030","1","abuseabuse"
"368","Subject74","abuse","positionright","validityvalid","test","2","negative","singlestim","55","113799","100050","406","â€šÃ³Ã¨","dotpositionright","singlestim","56","114257","100060","m","right","1","","1","trialend","singlestim","57","115272","100070","1","pleasurepleasure"
"665","Subject74","pleasure","positionleft","validityvalid","test","2","positive","singlestim","59","117276","100090","439","â€šÃ³Ã¨","dotpositionleft","singlestim","60","117767","1000100","c","left","1","","1","trialend","singlestim","61","118780","1000110","1","paperpaper"
"962","Subject74","paper","positionleft","validityvalid","test","2","neutral","singlestim","63","120786","1000130","410","â€šÃ³Ã¨","dotpositionleft","singlestim","64","121250","1000140","c","left","1","","1","trialend","singlestim","65","122263","1000150","1","foamfoam"
"1259","Subject74","foam","positionright","validityvalid","test","2","neutral","singlestim","67","124267","1000170","367","â€šÃ³Ã¨","dotpositionright","singlestim","68","124689","1000180","m","right","1","","1","trialend","singlestim","69","125704","1000190","1","noosenoose"
"1556","Subject74","noose","positionleft","validityvalid","test","2","suicide","singlestim","71","127709","1000210","399","â€šÃ³Ã¨","dotpositionleft","singlestim","72","128160","1000220","c","left","1","","1","trialend","singlestim","73","129173","1000230","1","deathdeath"
"1853","Subject74","death","positionright","validityvalid","test","2","suicide","singlestim","75","131178","1000250","344","â€šÃ³Ã¨","dotpositionright","singlestim","76","131576","1000260","m","right","1","","1","trialend","singlestim","77","132589","1000270","1","failurefailure"
"2150","Subject74","failure","positionleft","validityvalid","test","2","negative","singlestim","79","134594","1000290","323","â€šÃ³Ã¨","dotpositionleft","singlestim","80","134970","1000300","c","left","1","","1","trialend","singlestim","81","135986","1000310","1","enthusiasmenthusiasm"
"2447","Subject74","enthusiasm","positionright","validityvalid","test","2","positive","singlestim","83","137991","1000330","329","â€šÃ³Ã¨","dotpositionright","singlestim","84","138382","1000340","m","right","1","","1","trialend","singlestim","85","139397","1000350","1","cruelcruel"
"2744","Subject74","cruel","positionright","validityvalid","test","2","negative","singlestim","87","141405","1000370","358","â€šÃ³Ã¨","dotpositionright","singlestim","88","141817","1000380","m","right","1","","1","trialend","singlestim","89","142830","1000390","1","corpsecorpse"
"3041","Subject74","corpse","positionleft","validityvalid","test","2","suicide","singlestim","91","144836","1000410","361","â€šÃ³Ã¨","dotpositionleft","singlestim","92","145252","1000420","c","left","1","","1","trialend","singlestim","93","146265","1000430","1","horsehorse"
"3338","Subject74","horse","positionleft","validityinvalid","test","2","neutral","singlestim","95","148270","1000450","386","â€šÃ³Ã¨","dotpositionright","singlestim","96","148707","1000460","m","right","1","","1","trialend","singlestim","97","149722","1000470","1","tabletable"
"3635","Subject74","table","positionright","validityvalid","test","2","neutral","singlestim","99","151729","1000490","400","â€šÃ³Ã¨","dotpositionright","singlestim","100","152181","1000500","m","right","1","","1","trialend","singlestim","101","153195","1000510","1","braverybravery"
"3932","Subject74","bravery","positionleft","validityvalid","test","2","positive","singlestim","103","155200","1000530","454","â€šÃ³Ã¨","dotpositionleft","singlestim","104","155707","1000540","c","left","1","","1","trialend","singlestim","105","156720","1000550","1","lovelove"
"4229","Subject74","love","positionright","validityinvalid","test","2","positive","singlestim","107","158786","1000570","312","â€šÃ³Ã¨","dotpositionleft","singlestim","108","159152","1000580","c","left","1","","1","trialend","singlestim","109","160187","1000590","1","overdoseoverdose"
"4526","Subject74","overdose","positionright","validityinvalid","test","2","suicide","singlestim","111","162205","1000610","400","â€šÃ³Ã¨","dotpositionleft","singlestim","112","162657","1000620","c","left","1","","1","trialend","singlestim","113","163672","1000630","1","patheticpathetic"
"4823","Subject74","pathetic","positionleft","validityvalid","test","1","negative","singlestim","115","165678","101010","364","â€šÃ³Ã¨","dotpositionleft","singlestim","116","166098","101020","c","left","1","","1","trialend","singlestim","117","167112","101030","1","cryingcrying"
"5120","Subject74","crying","positionright","validityvalid","test","1","negative","singlestim","119","169117","101050","360","â€šÃ³Ã¨","dotpositionright","singlestim","120","169530","101060","m","right","1","","1","trialend","singlestim","121","170544","101070","1","attractionattraction"
"5417","Subject74","attraction","positionright","validityvalid","test","1","positive","singlestim","123","172557","101090","320","â€šÃ³Ã¨","dotpositionright","singlestim","124","172928","1010100","m","right","1","","1","trialend","singlestim","125","173940","1010110","1","imageimage"
"5714","Subject74","image","positionleft","validityvalid","test","1","neutral","singlestim","127","175945","1010130","385","â€šÃ³Ã¨","dotpositionleft","singlestim","128","176389","1010140","c","left","1","","1","trialend","singlestim","129","177402","1010150","1","greatgreat"
"6011","Subject74","great","positionright","validityvalid","test","1","positive","singlestim","131","179409","1010170","359","â€šÃ³Ã¨","dotpositionright","singlestim","132","179820","1010180","m","right","1","","1","trialend","singlestim","133","180834","1010190","1","suffocationsuffocation"
"6308","Subject74","suffocation","positionleft","validityinvalid","test","1","suicide","singlestim","135","182841","1010210","655","â€šÃ³Ã¨","dotpositionright","singlestim","136","183548","1010220","m","right","1","","1","trialend","singlestim","137","184561","1010230","1","foldedfolded"
"6605","Subject74","folded","positionleft","validityvalid","test","1","neutral","singlestim","139","186570","1010250","500","â€šÃ³Ã¨","dotpositionleft","singlestim","140","187121","1010260","c","left","1","","1","trialend","singlestim","141","188137","1010270","1","vomitvomit"
"6902","Subject74","vomit","positionleft","validityvalid","test","1","negative","singlestim","143","190141","1010290","380","â€šÃ³Ã¨","dotpositionleft","singlestim","144","190573","1010300","c","left","1","","1","trialend","singlestim","145","191590","1010310","508","bloodblood"
"7199","Subject74","blood","positionleft","validityvalid","test","1","suicide","singlestim","147","193599","1010330","649","â€šÃ³Ã¨","dotpositionleft","singlestim","148","194300","1010340","c","left","1","","1","trialend","singlestim","149","195317","1010350","1","funeralfuneral"
"7496","Subject74","funeral","positionright","validityvalid","test","1","suicide","singlestim","151","197321","1010370","400","â€šÃ³Ã¨","dotpositionright","singlestim","152","197775","1010380","m","right","1","","1","trialend","singlestim","153","198791","1010390","1","healthyhealthy"
"7793","Subject74","healthy","positionleft","validityinvalid","test","1","positive","singlestim","155","200795","1010410","338","â€šÃ³Ã¨","dotpositionright","singlestim","156","201185","1010420","m","right","1","","1","trialend","singlestim","157","202235","1010430","1","paradiseparadise"
"8090","Subject74","paradise","positionleft","validityvalid","test","1","positive","singlestim","159","204242","1010450","456","â€šÃ³Ã¨","dotpositionleft","singlestim","160","204749","1010460","c","left","1","","1","trialend","singlestim","161","205762","1010470","1","statuestatue"
"8387","Subject74","statue","positionright","validityinvalid","test","1","neutral","singlestim","163","207766","1010490","423","â€šÃ³Ã¨","dotpositionleft","singlestim","164","208241","1010500","c","left","1","","1","trialend","singlestim","165","209255","1010510","1","hatehate"
"8684","Subject74","hate","positionright","validityinvalid","test","1","negative","singlestim","167","211261","1010530","512","â€šÃ³Ã¨","dotpositionleft","singlestim","168","211826","1010540","c","left","1","","1","trialend","singlestim","169","212838","1010550","1","cheesecheese"
"8981","Subject74","cheese","positionright","validityvalid","test","1","neutral","singlestim","171","214847","1010570","308","â€šÃ³Ã¨","dotpositionright","singlestim","172","215207","1010580","m","right","1","","1","trialend","singlestim","173","216222","1010590","1","gunshotgunshot"
"9278","Subject74","gunshot","positionright","validityvalid","test","1","suicide","singlestim","175","218228","1010610","406","â€šÃ³Ã¨","dotpositionright","singlestim","176","218686","1010620","m","right","1","","1","trialend","singlestim","177","219712","1010630","1","dyingdying"
"9575","Subject74","dying","positionleft","validityvalid","test","3","suicide","singlestim","179","221722","102010","397","â€šÃ³Ã¨","dotpositionleft","singlestim","180","222173","102020","c","left","1","","1","trialend","singlestim","181","223189","102030","1","cuttingcutting"
"9872","Subject74","cutting","positionright","validityvalid","test","3","suicide","singlestim","183","225195","102050","405","â€šÃ³Ã¨","dotpositionright","singlestim","184","225658","102060","m","right","1","","1","trialend","singlestim","185","226672","102070","1","smilesmile"
"10169","Subject74","smile","positionleft","validityvalid","test","3","positive","singlestim","187","228677","102090","303","â€šÃ³Ã¨","dotpositionleft","singlestim","188","229032","1020100","c","left","1","","1","trialend","singlestim","189","230049","1020110","1","happyhappy"
"10466","Subject74","happy","positionright","validityvalid","test","3","positive","singlestim","191","232059","1020130","312","â€šÃ³Ã¨","dotpositionright","singlestim","192","232423","1020140","m","right","1","","1","trialend","singlestim","193","233436","1020150","1","strongstrong"
"10763","Subject74","strong","positionleft","validityvalid","test","3","positive","singlestim","195","235441","1020170","327","â€šÃ³Ã¨","dotpositionleft","singlestim","196","235822","1020180","c","left","1","","1","trialend","singlestim","197","236837","1020190","1","kisskiss"
"11060","Subject74","kiss","positionright","validityinvalid","test","3","positive","singlestim","199","238846","1020210","480","â€šÃ³Ã¨","dotpositionleft","singlestim","200","239378","1020220","c","left","1","","1","trialend","singlestim","201","240391","1020230","1","assaultassault"
"11357","Subject74","assault","positionleft","validityinvalid","test","3","negative","singlestim","203","242398","1020250","375","â€šÃ³Ã¨","dotpositionright","singlestim","204","242827","1020260","m","right","1","","1","trialend","singlestim","205","243842","1020270","1","rejectedrejected"
"11654","Subject74","rejected","positionright","validityvalid","test","3","negative","singlestim","207","245859","1020290","398","â€šÃ³Ã¨","dotpositionright","singlestim","208","246310","1020300","m","right","1","","1","trialend","singlestim","209","247336","1020310","1","greengreen"
"11951","Subject74","green","positionright","validityvalid","test","3","neutral","singlestim","211","249358","1020330","346","â€šÃ³Ã¨","dotpositionright","singlestim","212","249757","1020340","m","right","1","","1","trialend","singlestim","213","250771","1020350","1","diedie"
"12248","Subject74","die","positionright","validityvalid","test","3","suicide","singlestim","215","252778","1020370","381","â€šÃ³Ã¨","dotpositionright","singlestim","216","253212","1020380","m","right","1","","1","trialend","singlestim","217","254225","1020390","1","touretoure"
"12545","Subject74","toure","positionleft","validityvalid","test","3","negative","singlestim","219","256228","1020410","330","â€šÃ³Ã¨","dotpositionleft","singlestim","220","256612","1020420","c","left","1","","1","trialend","singlestim","221","257640","1020430","1","museummuseum"
"12842","Subject74","museum","positionleft","validityvalid","test","3","neutral","singlestim","223","259653","1020450","321","â€šÃ³Ã¨","dotpositionleft","singlestim","224","260026","1020460","c","left","1","","1","trialend","singlestim","225","261039","1020470","1","metermeter"
"13139","Subject74","meter","positionleft","validityvalid","test","3","neutral","singlestim","227","263044","1020490","350","â€šÃ³Ã¨","dotpositionleft","singlestim","228","263448","1020500","c","left","1","","1","trialend","singlestim","229","264462","1020510","1","bombbomb"
"13436","Subject74","bomb","positionright","validityvalid","test","3","negative","singlestim","231","266467","1020530","397","â€šÃ³Ã¨","dotpositionright","singlestim","232","266917","1020540","m","right","1","","1","trialend","singlestim","233","267937","1020550","1","deaddead"
"13733","Subject74","dead","positionleft","validityinvalid","test","3","suicide","singlestim","235","270750","1020570","347","â€šÃ³Ã¨","dotpositionright","singlestim","236","271152","1020580","m","right","1","","1","trialend","singlestim","237","272173","1020590","1","closetcloset"
"14030","Subject74","closet","positionright","validityinvalid","test","3","neutral","singlestim","239","274184","1020610","382","â€šÃ³Ã¨","dotpositionleft","singlestim","240","274620","1020620","c","left","1","","1","trialend","singlestim","241","275634","1020630","1","structurestructure"
"14327","Subject74","structure","positionright","validityvalid","test","4","neutral","singlestim","243","277676","103010","386","â€šÃ³Ã¨","dotpositionright","singlestim","244","278120","103020","m","right","1","","1","trialend","singlestim","245","279137","103030","1","frameframe"
"14624","Subject74","frame","positionleft","validityinvalid","test","4","neutral","singlestim","247","281142","103050","447","â€šÃ³Ã¨","dotpositionright","singlestim","248","281640","103060","m","right","1","","1","trialend","singlestim","249","282656","103070","1","successsuccess"
"14921","Subject74","success","positionleft","validityvalid","test","4","positive","singlestim","251","284661","103090","519","â€šÃ³Ã¨","dotpositionleft","singlestim","252","285232","1030100","c","left","1","","1","trialend","singlestim","253","286253","1030110","542","hanginghanging"
"15218","Subject74","hanging","positionleft","validityvalid","test","4","suicide","singlestim","255","288266","1030130","476","â€šÃ³Ã¨","dotpositionleft","singlestim","256","288798","1030140","c","left","1","","1","trialend","singlestim","257","289811","1030150","1","killingkilling"
"15515","Subject74","killing","positionleft","validityvalid","test","4","suicide","singlestim","259","291829","1030170","343","â€šÃ³Ã¨","dotpositionleft","singlestim","260","292224","1030180","c","left","1","","1","trialend","singlestim","261","293240","1030190","1","suicidesuicide"
"15812","Subject74","suicide","positionright","validityinvalid","test","4","suicide","singlestim","263","295246","1030210","418","â€šÃ³Ã¨","dotpositionleft","singlestim","264","295719","1030220","c","left","1","","1","trialend","singlestim","265","296732","1030230","1","deceaseddeceased"
"16109","Subject74","deceased","positionright","validityvalid","test","4","suicide","singlestim","267","298738","1030250","321","â€šÃ³Ã¨","dotpositionright","singlestim","268","299112","1030260","m","right","1","","1","trialend","singlestim","269","300127","1030270","1","ashamedashamed"
"16406","Subject74","ashamed","positionright","validityinvalid","test","4","negative","singlestim","271","302132","1030290","378","â€šÃ³Ã¨","dotpositionleft","singlestim","272","302562","1030300","c","left","1","","1","trialend","singlestim","273","303581","1030310","1","laughlaugh"
"16703","Subject74","laugh","positionright","validityvalid","test","4","positive","singlestim","275","305600","1030330","380","â€šÃ³Ã¨","dotpositionright","singlestim","276","306033","1030340","m","right","1","","1","trialend","singlestim","277","307049","1030350","1","engineengine"
"17000","Subject74","engine","positionleft","validityvalid","test","4","neutral","singlestim","279","309052","1030370","352","â€šÃ³Ã¨","dotpositionleft","singlestim","280","309458","1030380","c","left","1","","1","trialend","singlestim","281","310472","1030390","1","passionatepassionate"
"17297","Subject74","passionate","positionleft","validityinvalid","test","4","positive","singlestim","283","312476","1030410","500","â€šÃ³Ã¨","dotpositionright","singlestim","284","313030","1030420","m","right","1","","1","trialend","singlestim","285","314041","1030430","1","wohlesswohless"
"17594","Subject74","wohless","positionright","validityvalid","test","4","negative","singlestim","287","316046","1030450","608","â€šÃ³Ã¨","dotpositionright","singlestim","288","316705","1030460","m","right","1","","1","trialend","singlestim","289","317719","1030470","1","stupidstupid"
"17891","Subject74","stupid","positionleft","validityvalid","test","4","negative","singlestim","291","319724","1030490","384","â€šÃ³Ã¨","dotpositionleft","singlestim","292","320161","1030500","c","left","1","","1","trialend","singlestim","293","321188","1030510","1","ecstaticecstatic"
"18188","Subject74","ecstatic","positionright","validityvalid","test","4","positive","singlestim","295","323202","1030530","372","â€šÃ³Ã¨","dotpositionright","singlestim","296","323626","1030540","m","right","1","","1","trialend","singlestim","297","324639","1030550","1","doubledouble"
"18485","Subject74","double","positionright","validityvalid","test","4","neutral","singlestim","299","326644","1030570","313","â€šÃ³Ã¨","dotpositionright","singlestim","300","327012","1030580","m","right","1","","1","trialend","singlestim","301","328025","1030590","1","alonealone"
"18782","Subject74","alone","positionleft","validityvalid","test","4","negative","singlestim","303","330030","1030610","350","â€šÃ³Ã¨","dotpositionleft","singlestim","304","330436","1030620","c","left","1","","1","trialend","singlestim","305","331464","1030630","1007","timeout"
