"","SubjectID","rt","stimulus","keypress","word","wordposition","validity","block","blocknum","wordtype","trialtype","trialindex","timeelapsed","rt.1","stimulus.1","keypress.1","dotposition","trialtype.1","trialindex.1","timeelapsed.1","keypressed","participantresponse","correctresponse","rt.2","stimulus.2","keypress.2","blocktrial","trialtype.2","trialindex.2","timeelapsed.2"
"291","Subject327","1","foldedfolded","1","folded","positionleft","validityvalid","test","1","neutral","singlestim","51","103873","471","â€šÃ³Ã¨","67","dotpositionleft","singlestim","52","104396","c","left","correct","1","","1","trialend","singlestim","53","105413"
"588","Subject327","1","cryingcrying","1","crying","positionright","validityvalid","test","1","negative","singlestim","55","107426","443","â€šÃ³Ã¨","77","dotpositionright","singlestim","56","107925","m","right","correct","1","","1","trialend","singlestim","57","108942"
"885","Subject327","1","cheesecheese","1","cheese","positionright","validityvalid","test","1","neutral","singlestim","59","110951","333","â€šÃ³Ã¨","77","dotpositionright","singlestim","60","111341","m","right","correct","1","","1","trialend","singlestim","61","112359"
"1182","Subject327","1","patheticpathetic","1","pathetic","positionleft","validityvalid","test","1","negative","singlestim","63","114371","270","â€šÃ³Ã¨","67","dotpositionleft","singlestim","64","114696","c","left","correct","1","","1","trialend","singlestim","65","115714"
"1479","Subject327","1","healthyhealthy","1","healthy","positionleft","validityinvalid","test","1","positive","singlestim","67","117728","317","â€šÃ³Ã¨","77","dotpositionright","singlestim","68","118097","m","right","correct","1","","1","trialend","singlestim","69","119114"
"1776","Subject327","1","imageimage","1","image","positionleft","validityvalid","test","1","neutral","singlestim","71","121127","396","â€šÃ³Ã¨","67","dotpositionleft","singlestim","72","121580","c","left","correct","1","","1","trialend","singlestim","73","122598"
"2073","Subject327","1","bloodblood","1","blood","positionleft","validityvalid","test","1","suicide","singlestim","75","124612","363","â€šÃ³Ã¨","67","dotpositionleft","singlestim","76","125027","c","left","correct","1","","1","trialend","singlestim","77","126046"
"2370","Subject327","1","greatgreat","1","great","positionright","validityvalid","test","1","positive","singlestim","79","128056","298","â€šÃ³Ã¨","77","dotpositionright","singlestim","80","128408","m","right","correct","1","","1","trialend","singlestim","81","129425"
"2667","Subject327","1","hatehate","1","hate","positionright","validityinvalid","test","1","negative","singlestim","83","131439","358","â€šÃ³Ã¨","67","dotpositionleft","singlestim","84","131852","c","left","correct","1","","1","trialend","singlestim","85","132869"
"2964","Subject327","1","gunshotgunshot","1","gunshot","positionright","validityvalid","test","1","suicide","singlestim","87","134883","406","â€šÃ³Ã¨","77","dotpositionright","singlestim","88","135345","m","right","correct","1","","1","trialend","singlestim","89","136364"
"3261","Subject327","1","statuestatue","1","statue","positionright","validityinvalid","test","1","neutral","singlestim","91","138371","364","â€šÃ³Ã¨","67","dotpositionleft","singlestim","92","138792","c","left","correct","1","","1","trialend","singlestim","93","139806"
"3558","Subject327","1","paradiseparadise","1","paradise","positionleft","validityvalid","test","1","positive","singlestim","95","141815","358","â€šÃ³Ã¨","67","dotpositionleft","singlestim","96","142226","c","left","correct","1","","1","trialend","singlestim","97","143245"
"3855","Subject327","1","vomitvomit","1","vomit","positionleft","validityvalid","test","1","negative","singlestim","99","145255","367","â€šÃ³Ã¨","67","dotpositionleft","singlestim","100","145673","c","left","correct","1","","1","trialend","singlestim","101","146693"
"4152","Subject327","1","attractionattraction","1","attraction","positionright","validityvalid","test","1","positive","singlestim","103","148706","381","â€šÃ³Ã¨","77","dotpositionright","singlestim","104","149143","m","right","correct","1","","1","trialend","singlestim","105","150157"
"4449","Subject327","1","funeralfuneral","1","funeral","positionright","validityvalid","test","1","suicide","singlestim","107","152169","384","â€šÃ³Ã¨","77","dotpositionright","singlestim","108","152606","m","right","correct","1","","1","trialend","singlestim","109","153624"
"4746","Subject327","1","suffocationsuffocation","1","suffocation","positionleft","validityinvalid","test","1","suicide","singlestim","111","155629","392","â€šÃ³Ã¨","77","dotpositionright","singlestim","112","156074","m","right","correct","1","","1","trialend","singlestim","113","157093"
"5043","Subject327","1","lovelove","1","love","positionright","validityinvalid","test","2","positive","singlestim","115","159102","397","â€šÃ³Ã¨","67","dotpositionleft","singlestim","116","159557","c","left","correct","1","","1","trialend","singlestim","117","160575"
"5340","Subject327","1","braverybravery","1","bravery","positionleft","validityvalid","test","2","positive","singlestim","119","162588","455","â€šÃ³Ã¨","67","dotpositionleft","singlestim","120","163099","c","left","correct","1","","1","trialend","singlestim","121","164118"
"5637","Subject327","1","horsehorse","1","horse","positionleft","validityinvalid","test","2","neutral","singlestim","123","166124","388","â€šÃ³Ã¨","77","dotpositionright","singlestim","124","166565","m","right","correct","1","","1","trialend","singlestim","125","167581"
"5934","Subject327","1","noosenoose","1","noose","positionleft","validityvalid","test","2","suicide","singlestim","127","169590","370","â€šÃ³Ã¨","67","dotpositionleft","singlestim","128","170014","c","left","correct","1","","1","trialend","singlestim","129","171028"
"6231","Subject327","1","corpsecorpse","1","corpse","positionleft","validityvalid","test","2","suicide","singlestim","131","173039","341","â€šÃ³Ã¨","67","dotpositionleft","singlestim","132","173433","c","left","correct","1","","1","trialend","singlestim","133","174450"
"6528","Subject327","1","cruelcruel","1","cruel","positionright","validityvalid","test","2","negative","singlestim","135","176463","385","â€šÃ³Ã¨","77","dotpositionright","singlestim","136","176901","m","right","correct","1","","1","trialend","singlestim","137","177917"
"6825","Subject327","1","foamfoam","1","foam","positionright","validityvalid","test","2","neutral","singlestim","139","179930","395","â€šÃ³Ã¨","77","dotpositionright","singlestim","140","180382","m","right","correct","1","","1","trialend","singlestim","141","181401"
"7122","Subject327","1","filthyfilthy","1","filthy","positionleft","validityinvalid","test","2","negative","singlestim","143","183414","381","â€šÃ³Ã¨","77","dotpositionright","singlestim","144","183850","m","right","correct","1","","1","trialend","singlestim","145","184868"
"7419","Subject327","1","abuseabuse","1","abuse","positionright","validityvalid","test","2","negative","singlestim","147","186880","433","â€šÃ³Ã¨","77","dotpositionright","singlestim","148","187368","m","right","correct","1","","1","trialend","singlestim","149","188385"
"7716","Subject327","1","paperpaper","1","paper","positionleft","validityvalid","test","2","neutral","singlestim","151","190398","376","â€šÃ³Ã¨","67","dotpositionleft","singlestim","152","190829","c","left","correct","1","","1","trialend","singlestim","153","191848"
"8013","Subject327","1","failurefailure","1","failure","positionleft","validityvalid","test","2","negative","singlestim","155","193860","369","â€šÃ³Ã¨","67","dotpositionleft","singlestim","156","194280","c","left","correct","1","","1","trialend","singlestim","157","195299"
"8310","Subject327","1","enthusiasmenthusiasm","1","enthusiasm","positionright","validityvalid","test","2","positive","singlestim","159","197313","342","â€šÃ³Ã¨","77","dotpositionright","singlestim","160","197707","m","right","correct","1","","1","trialend","singlestim","161","198726"
"8607","Subject327","1","pleasurepleasure","1","pleasure","positionleft","validityvalid","test","2","positive","singlestim","163","200736","363","â€šÃ³Ã¨","67","dotpositionleft","singlestim","164","201156","c","left","correct","1","","1","trialend","singlestim","165","202173"
"8904","Subject327","1","overdoseoverdose","1","overdose","positionright","validityinvalid","test","2","suicide","singlestim","167","204183","348","â€šÃ³Ã¨","67","dotpositionleft","singlestim","168","204585","c","left","correct","1","","1","trialend","singlestim","169","205603"
"9201","Subject327","1","tabletable","1","table","positionright","validityvalid","test","2","neutral","singlestim","171","207611","366","â€šÃ³Ã¨","77","dotpositionright","singlestim","172","208033","m","right","correct","1","","1","trialend","singlestim","173","209050"
"9498","Subject327","1","deathdeath","1","death","positionright","validityvalid","test","2","suicide","singlestim","175","211058","347","â€šÃ³Ã¨","77","dotpositionright","singlestim","176","211460","m","right","correct","1","","1","trialend","singlestim","177","212478"
"9795","Subject327","1","ecstaticecstatic","1","ecstatic","positionright","validityvalid","test","4","positive","singlestim","179","214489","363","â€šÃ³Ã¨","77","dotpositionright","singlestim","180","214908","m","right","correct","1","","1","trialend","singlestim","181","215925"
"10092","Subject327","1","laughlaugh","1","laugh","positionright","validityvalid","test","4","positive","singlestim","183","217936","338","â€šÃ³Ã¨","77","dotpositionright","singlestim","184","218329","m","right","correct","1","","1","trialend","singlestim","185","219346"
"10389","Subject327","1","alonealone","1","alone","positionleft","validityvalid","test","4","negative","singlestim","187","221358","367","â€šÃ³Ã¨","67","dotpositionleft","singlestim","188","221777","c","left","correct","1","","1","trialend","singlestim","189","222796"
"10686","Subject327","1","suicidesuicide","1","suicide","positionright","validityinvalid","test","4","suicide","singlestim","191","224805","383","â€šÃ³Ã¨","67","dotpositionleft","singlestim","192","225244","c","left","correct","1","","1","trialend","singlestim","193","226261"
"10983","Subject327","1","ashamedashamed","1","ashamed","positionright","validityinvalid","test","4","negative","singlestim","195","228273","354","â€šÃ³Ã¨","67","dotpositionleft","singlestim","196","228680","c","left","correct","1","","1","trialend","singlestim","197","229697"
"11280","Subject327","1","killingkilling","1","killing","positionleft","validityvalid","test","4","suicide","singlestim","199","231706","370","â€šÃ³Ã¨","67","dotpositionleft","singlestim","200","232132","c","left","correct","1","","1","trialend","singlestim","201","233147"
"11577","Subject327","1","structurestructure","1","structure","positionright","validityvalid","test","4","neutral","singlestim","203","235160","357","â€šÃ³Ã¨","77","dotpositionright","singlestim","204","235569","m","right","correct","1","","1","trialend","singlestim","205","236587"
"11874","Subject327","1","engineengine","1","engine","positionleft","validityvalid","test","4","neutral","singlestim","207","238594","349","â€šÃ³Ã¨","67","dotpositionleft","singlestim","208","238999","c","left","correct","1","","1","trialend","singlestim","209","240016"
"12171","Subject327","1","doubledouble","1","double","positionright","validityvalid","test","4","neutral","singlestim","211","242021","308","â€šÃ³Ã¨","77","dotpositionright","singlestim","212","242386","m","right","correct","1","","1","trialend","singlestim","213","243402"
"12468","Subject327","1","hanginghanging","1","hanging","positionleft","validityvalid","test","4","suicide","singlestim","215","245411","315","â€šÃ³Ã¨","67","dotpositionleft","singlestim","216","245782","c","left","correct","1","","1","trialend","singlestim","217","246800"
"12765","Subject327","1","deceaseddeceased","1","deceased","positionright","validityvalid","test","4","suicide","singlestim","219","248812","342","â€šÃ³Ã¨","77","dotpositionright","singlestim","220","249208","m","right","correct","1","","1","trialend","singlestim","221","250226"
"13062","Subject327","1","wohlesswohless","1","wohless","positionright","validityvalid","test","4","negative","singlestim","223","252236","358","â€šÃ³Ã¨","77","dotpositionright","singlestim","224","252651","m","right","correct","1","","1","trialend","singlestim","225","253665"
"13359","Subject327","1","stupidstupid","1","stupid","positionleft","validityvalid","test","4","negative","singlestim","227","255672","318","â€šÃ³Ã¨","67","dotpositionleft","singlestim","228","256042","c","left","correct","1","","1","trialend","singlestim","229","257054"
"13656","Subject327","1","successsuccess","1","success","positionleft","validityvalid","test","4","positive","singlestim","231","259063","385","â€šÃ³Ã¨","67","dotpositionleft","singlestim","232","259499","c","left","correct","1","","1","trialend","singlestim","233","260518"
"13953","Subject327","1","passionatepassionate","1","passionate","positionleft","validityinvalid","test","4","positive","singlestim","235","262526","374","â€šÃ³Ã¨","77","dotpositionright","singlestim","236","262954","m","right","correct","1","","1","trialend","singlestim","237","263974"
"14250","Subject327","1","frameframe","1","frame","positionleft","validityinvalid","test","4","neutral","singlestim","239","265986","329","â€šÃ³Ã¨","77","dotpositionright","singlestim","240","266370","m","right","correct","1","","1","trialend","singlestim","241","267389"
"14547","Subject327","1","assaultassault","1","assault","positionleft","validityinvalid","test","3","negative","singlestim","243","269401","389","â€šÃ³Ã¨","77","dotpositionright","singlestim","244","269843","m","right","correct","1","","1","trialend","singlestim","245","270861"
"14844","Subject327","1","closetcloset","1","closet","positionright","validityinvalid","test","3","neutral","singlestim","247","272872","310","â€šÃ³Ã¨","67","dotpositionleft","singlestim","248","273236","c","left","correct","1","","1","trialend","singlestim","249","274254"
"15141","Subject327","1","cuttingcutting","1","cutting","positionright","validityvalid","test","3","suicide","singlestim","251","276265","377","â€šÃ³Ã¨","77","dotpositionright","singlestim","252","276697","m","right","correct","1","","1","trialend","singlestim","253","277716"
"15438","Subject327","1","deaddead","1","dead","positionleft","validityinvalid","test","3","suicide","singlestim","255","279726","324","â€šÃ³Ã¨","77","dotpositionright","singlestim","256","280104","m","right","correct","1","","1","trialend","singlestim","257","281123"
"15735","Subject327","1","greengreen","1","green","positionright","validityvalid","test","3","neutral","singlestim","259","283132","396","â€šÃ³Ã¨","77","dotpositionright","singlestim","260","283584","m","right","correct","1","","1","trialend","singlestim","261","284601"
"16032","Subject327","1","strongstrong","1","strong","positionleft","validityvalid","test","3","positive","singlestim","263","286605","405","â€šÃ³Ã¨","67","dotpositionleft","singlestim","264","287064","c","left","correct","1","","1","trialend","singlestim","265","288081"
"16329","Subject327","1","bombbomb","1","bomb","positionright","validityvalid","test","3","negative","singlestim","267","290088","352","â€šÃ³Ã¨","77","dotpositionright","singlestim","268","290491","m","right","correct","1","","1","trialend","singlestim","269","291508"
"16626","Subject327","1","touretoure","1","toure","positionleft","validityvalid","test","3","negative","singlestim","271","293517","344","â€šÃ³Ã¨","67","dotpositionleft","singlestim","272","293913","c","left","correct","1","","1","trialend","singlestim","273","294928"
"16923","Subject327","1","smilesmile","1","smile","positionleft","validityvalid","test","3","positive","singlestim","275","296939","353","â€šÃ³Ã¨","67","dotpositionleft","singlestim","276","297343","c","left","correct","1","","1","trialend","singlestim","277","298359"
"17220","Subject327","1","diedie","1","die","positionright","validityvalid","test","3","suicide","singlestim","279","300370","247","â€šÃ³Ã¨","77","dotpositionright","singlestim","280","300674","m","right","correct","1","","1","trialend","singlestim","281","301689"
"17517","Subject327","1","dyingdying","1","dying","positionleft","validityvalid","test","3","suicide","singlestim","283","303697","317","â€šÃ³Ã¨","67","dotpositionleft","singlestim","284","304070","c","left","correct","1","","1","trialend","singlestim","285","305088"
"17814","Subject327","1","metermeter","1","meter","positionleft","validityvalid","test","3","neutral","singlestim","287","307100","402","â€šÃ³Ã¨","67","dotpositionleft","singlestim","288","307553","c","left","correct","1","","1","trialend","singlestim","289","308572"
"18111","Subject327","1","kisskiss","1","kiss","positionright","validityinvalid","test","3","positive","singlestim","291","310580","386","â€šÃ³Ã¨","67","dotpositionleft","singlestim","292","311020","c","left","correct","1","","1","trialend","singlestim","293","312039"
"18408","Subject327","1","happyhappy","1","happy","positionright","validityvalid","test","3","positive","singlestim","295","314046","323","â€šÃ³Ã¨","77","dotpositionright","singlestim","296","314426","m","right","correct","1","","1","trialend","singlestim","297","315439"
"18705","Subject327","1","museummuseum","1","museum","positionleft","validityvalid","test","3","neutral","singlestim","299","317448","358","â€šÃ³Ã¨","67","dotpositionleft","singlestim","300","317864","c","left","correct","1","","1","trialend","singlestim","301","318882"
"19002","Subject327","1","rejectedrejected","1","rejected","positionright","validityvalid","test","3","negative","singlestim","303","320890","342","â€šÃ³Ã¨","77","dotpositionright","singlestim","304","321286","m","right","correct","1","","1","trialend","singlestim","305","322304"
