"","SubjectID","rt","stimulus","keypress","word","wordposition","validity","block","blocknum","wordtype","trialtype","trialindex","timeelapsed","rt.1","stimulus.1","keypress.1","dotposition","trialtype.1","trialindex.1","timeelapsed.1","keypressed","participantresponse","correctresponse","rt.2","stimulus.2","keypress.2","blocktrial","trialtype.2","trialindex.2","timeelapsed.2"
"92","Subject97","100010","1","â€šÃ³Ã¨","1","dotpositionright","singlestim","52","110824","100020","","incorrect","1","1","trialend","singlestim","53","111837","100030","1","1","blood","positionleft","validityvalid","test","1","suicide","singlestim","55","113841"
"389","Subject97","661","â€šÃ³Ã¨","67","dotpositionleft","singlestim","56","114554","100060","c","left","correct","1","1","trialend","singlestim","57","115567","100070","1","1","paradise","positionleft","validityvalid","test","1","positive","singlestim","59","117572"
"686","Subject97","417","â€šÃ³Ã¨","67","dotpositionleft","singlestim","60","118041","1000100","c","left","correct","1","1","trialend","singlestim","61","119055","1000110","1","1","suffocation","positionleft","validityinvalid","test","1","suicide","singlestim","63","121059"
"983","Subject97","450","â€šÃ³Ã¨","77","dotpositionright","singlestim","64","121562","1000140","m","right","correct","1","1","trialend","singlestim","65","122575","1000150","1","1","image","positionleft","validityvalid","test","1","neutral","singlestim","67","124581"
"1280","Subject97","394","â€šÃ³Ã¨","67","dotpositionleft","singlestim","68","125026","1000180","c","left","correct","1","1","trialend","singlestim","69","126040","1000190","1","1","vomit","positionleft","validityvalid","test","1","negative","singlestim","71","128045"
"1577","Subject97","440","â€šÃ³Ã¨","67","dotpositionleft","singlestim","72","128538","1000220","c","left","correct","1","1","trialend","singlestim","73","129550","1000230","1","1","cheese","positionright","validityvalid","test","1","neutral","singlestim","75","131555"
"1874","Subject97","322","â€šÃ³Ã¨","77","dotpositionright","singlestim","76","131930","1000260","m","right","correct","1","1","trialend","singlestim","77","132942","1000270","1","1","great","positionright","validityvalid","test","1","positive","singlestim","79","134946"
"2171","Subject97","323","â€šÃ³Ã¨","77","dotpositionright","singlestim","80","135321","1000300","m","right","correct","1","1","trialend","singlestim","81","136335","1000310","1","1","folded","positionleft","validityvalid","test","1","neutral","singlestim","83","138340"
"2468","Subject97","385","â€šÃ³Ã¨","67","dotpositionleft","singlestim","84","138778","1000340","c","left","correct","1","1","trialend","singlestim","85","139792","1000350","1","1","attraction","positionright","validityvalid","test","1","positive","singlestim","87","141797"
"2765","Subject97","313","â€šÃ³Ã¨","77","dotpositionright","singlestim","88","142162","1000380","m","right","correct","1","1","trialend","singlestim","89","143175","1000390","1","1","funeral","positionright","validityvalid","test","1","suicide","singlestim","91","145179"
"3062","Subject97","361","â€šÃ³Ã¨","77","dotpositionright","singlestim","92","145593","1000420","m","right","correct","1","1","trialend","singlestim","93","146605","1000430","1","1","crying","positionright","validityvalid","test","1","negative","singlestim","95","148610"
"3359","Subject97","331","â€šÃ³Ã¨","77","dotpositionright","singlestim","96","148994","1000460","m","right","correct","1","1","trialend","singlestim","97","150006","1000470","1","1","statue","positionright","validityinvalid","test","1","neutral","singlestim","99","152012"
"3656","Subject97","385","â€šÃ³Ã¨","67","dotpositionleft","singlestim","100","152449","1000500","c","left","correct","1","1","trialend","singlestim","101","153462","1000510","1","1","pathetic","positionleft","validityvalid","test","1","negative","singlestim","103","155467"
"3953","Subject97","330","â€šÃ³Ã¨","67","dotpositionleft","singlestim","104","155849","1000540","c","left","correct","1","1","trialend","singlestim","105","156863","1000550","1","1","gunshot","positionright","validityvalid","test","1","suicide","singlestim","107","158868"
"4250","Subject97","409","â€šÃ³Ã¨","77","dotpositionright","singlestim","108","159329","1000580","m","right","correct","1","1","trialend","singlestim","109","160343","1000590","1","1","hate","positionright","validityinvalid","test","1","negative","singlestim","111","162348"
"4547","Subject97","520","â€šÃ³Ã¨","67","dotpositionleft","singlestim","112","162920","1000620","c","left","correct","1","1","trialend","singlestim","113","163933","1000630","1","1","ashamed","positionright","validityinvalid","test","4","negative","singlestim","115","165937"
"4844","Subject97","419","â€šÃ³Ã¨","67","dotpositionleft","singlestim","116","166409","101020","c","left","correct","1","1","trialend","singlestim","117","167423","101030","1","1","wohless","positionright","validityvalid","test","4","negative","singlestim","119","169428"
"5141","Subject97","392","â€šÃ³Ã¨","77","dotpositionright","singlestim","120","169873","101060","m","right","correct","1","1","trialend","singlestim","121","170886","101070","1","1","double","positionright","validityvalid","test","4","neutral","singlestim","123","172890"
"5438","Subject97","346","â€šÃ³Ã¨","77","dotpositionright","singlestim","124","173289","1010100","m","right","correct","1","1","trialend","singlestim","125","174303","1010110","1","1","deceased","positionright","validityvalid","test","4","suicide","singlestim","127","176307"
"5735","Subject97","497","â€šÃ³Ã¨","77","dotpositionright","singlestim","128","176856","1010140","m","right","correct","1","1","trialend","singlestim","129","177868","1010150","1","1","laugh","positionright","validityvalid","test","4","positive","singlestim","131","179872"
"6032","Subject97","356","â€šÃ³Ã¨","77","dotpositionright","singlestim","132","180279","1010180","m","right","correct","1","1","trialend","singlestim","133","181292","1010190","1","1","killing","positionleft","validityvalid","test","4","suicide","singlestim","135","183297"
"6329","Subject97","322","â€šÃ³Ã¨","67","dotpositionleft","singlestim","136","183672","1010220","c","left","correct","1","1","trialend","singlestim","137","184685","1010230","1","1","stupid","positionleft","validityvalid","test","4","negative","singlestim","139","186690"
"6626","Subject97","290","â€šÃ³Ã¨","67","dotpositionleft","singlestim","140","187033","1010260","c","left","correct","1","1","trialend","singlestim","141","188046","1010270","1","1","suicide","positionright","validityinvalid","test","4","suicide","singlestim","143","190051"
"6923","Subject97","384","â€šÃ³Ã¨","67","dotpositionleft","singlestim","144","190487","1010300","c","left","correct","1","1","trialend","singlestim","145","191501","1010310","1","1","passionate","positionleft","validityinvalid","test","4","positive","singlestim","147","193506"
"7220","Subject97","306","â€šÃ³Ã¨","77","dotpositionright","singlestim","148","193865","1010340","m","right","correct","1","1","trialend","singlestim","149","194877","1010350","1","1","frame","positionleft","validityinvalid","test","4","neutral","singlestim","151","196883"
"7517","Subject97","336","â€šÃ³Ã¨","77","dotpositionright","singlestim","152","197271","1010380","m","right","correct","1","1","trialend","singlestim","153","198285","1010390","1","1","ecstatic","positionright","validityvalid","test","4","positive","singlestim","155","200289"
"7814","Subject97","514","â€šÃ³Ã¨","77","dotpositionright","singlestim","156","200855","1010420","m","right","correct","1","1","trialend","singlestim","157","201867","1010430","1","1","success","positionleft","validityvalid","test","4","positive","singlestim","159","203872"
"8111","Subject97","491","â€šÃ³Ã¨","67","dotpositionleft","singlestim","160","204415","1010460","c","left","correct","1","1","trialend","singlestim","161","205429","1010470","1","1","alone","positionleft","validityvalid","test","4","negative","singlestim","163","207434"
"8408","Subject97","506","â€šÃ³Ã¨","67","dotpositionleft","singlestim","164","207992","1010500","c","left","correct","1","1","trialend","singlestim","165","209005","1010510","1","1","engine","positionleft","validityvalid","test","4","neutral","singlestim","167","211009"
"8705","Subject97","450","â€šÃ³Ã¨","67","dotpositionleft","singlestim","168","211511","1010540","c","left","correct","1","1","trialend","singlestim","169","212525","1010550","1","1","hanging","positionleft","validityvalid","test","4","suicide","singlestim","171","214529"
"9002","Subject97","402","â€šÃ³Ã¨","67","dotpositionleft","singlestim","172","214984","1010580","c","left","correct","1","1","trialend","singlestim","173","215997","1010590","1","1","structure","positionright","validityvalid","test","4","neutral","singlestim","175","218002"
"9299","Subject97","464","â€šÃ³Ã¨","77","dotpositionright","singlestim","176","218518","1010620","m","right","correct","1","1","trialend","singlestim","177","219532","1010630","1","1","smile","positionleft","validityvalid","test","3","positive","singlestim","179","221537"
"9596","Subject97","450","â€šÃ³Ã¨","67","dotpositionleft","singlestim","180","222040","102020","c","left","correct","1","1","trialend","singlestim","181","223053","102030","1","1","green","positionright","validityvalid","test","3","neutral","singlestim","183","225058"
"9893","Subject97","337","â€šÃ³Ã¨","77","dotpositionright","singlestim","184","225447","102060","m","right","correct","1","1","trialend","singlestim","185","226461","102070","1","1","die","positionright","validityvalid","test","3","suicide","singlestim","187","228466"
"10190","Subject97","370","â€šÃ³Ã¨","77","dotpositionright","singlestim","188","228888","1020100","m","right","correct","1","1","trialend","singlestim","189","229901","1020110","1","1","strong","positionleft","validityvalid","test","3","positive","singlestim","191","231906"
"10487","Subject97","449","â€šÃ³Ã¨","67","dotpositionleft","singlestim","192","232407","1020140","c","left","correct","1","1","trialend","singlestim","193","233421","1020150","1","1","happy","positionright","validityvalid","test","3","positive","singlestim","195","235425"
"10784","Subject97","378","â€šÃ³Ã¨","77","dotpositionright","singlestim","196","235854","1020180","m","right","correct","1","1","trialend","singlestim","197","236867","1020190","1","1","assault","positionleft","validityinvalid","test","3","negative","singlestim","199","238871"
"11081","Subject97","412","â€šÃ³Ã¨","77","dotpositionright","singlestim","200","239334","1020220","m","right","correct","1","1","trialend","singlestim","201","240346","1020230","1","1","dead","positionleft","validityinvalid","test","3","suicide","singlestim","203","242350"
"11378","Subject97","461","â€šÃ³Ã¨","77","dotpositionright","singlestim","204","242862","1020260","m","right","correct","1","1","trialend","singlestim","205","243876","1020270","1","1","dying","positionleft","validityvalid","test","3","suicide","singlestim","207","245881"
"11675","Subject97","409","â€šÃ³Ã¨","67","dotpositionleft","singlestim","208","246343","1020300","c","left","correct","1","1","trialend","singlestim","209","247355","1020310","1","1","meter","positionleft","validityvalid","test","3","neutral","singlestim","211","249359"
"11972","Subject97","419","â€šÃ³Ã¨","67","dotpositionleft","singlestim","212","249831","1020340","c","left","correct","1","1","trialend","singlestim","213","250844","1020350","1","1","closet","positionright","validityinvalid","test","3","neutral","singlestim","215","252848"
"12269","Subject97","378","â€šÃ³Ã¨","67","dotpositionleft","singlestim","216","253279","1020380","c","left","correct","1","1","trialend","singlestim","217","254292","1020390","1","1","museum","positionleft","validityvalid","test","3","neutral","singlestim","219","256297"
"12566","Subject97","441","â€šÃ³Ã¨","67","dotpositionleft","singlestim","220","256791","1020420","c","left","correct","1","1","trialend","singlestim","221","257803","1020430","1","1","toure","positionleft","validityvalid","test","3","negative","singlestim","223","259807"
"12863","Subject97","387","â€šÃ³Ã¨","67","dotpositionleft","singlestim","224","260246","1020460","c","left","correct","1","1","trialend","singlestim","225","261259","1020470","1","1","kiss","positionright","validityinvalid","test","3","positive","singlestim","227","263262"
"13160","Subject97","452","â€šÃ³Ã¨","67","dotpositionleft","singlestim","228","263766","1020500","c","left","correct","1","1","trialend","singlestim","229","264778","1020510","1","1","bomb","positionright","validityvalid","test","3","negative","singlestim","231","266784"
"13457","Subject97","347","â€šÃ³Ã¨","77","dotpositionright","singlestim","232","267183","1020540","m","right","correct","1","1","trialend","singlestim","233","268196","1020550","1","1","cutting","positionright","validityvalid","test","3","suicide","singlestim","235","270201"
"13754","Subject97","376","â€šÃ³Ã¨","77","dotpositionright","singlestim","236","270630","1020580","m","right","correct","1","1","trialend","singlestim","237","271644","1020590","1","1","rejected","positionright","validityvalid","test","3","negative","singlestim","239","273649"
"14051","Subject97","345","â€šÃ³Ã¨","77","dotpositionright","singlestim","240","274045","1020620","m","right","correct","1","1","trialend","singlestim","241","275059","1020630","1","1","filthy","positionleft","validityinvalid","test","2","negative","singlestim","243","277063"
"14348","Subject97","411","â€šÃ³Ã¨","77","dotpositionright","singlestim","244","277527","103020","m","right","correct","1","1","trialend","singlestim","245","278540","103030","1","1","cruel","positionright","validityvalid","test","2","negative","singlestim","247","280543"
"14645","Subject97","394","â€šÃ³Ã¨","77","dotpositionright","singlestim","248","280990","103060","m","right","correct","1","1","trialend","singlestim","249","282002","103070","1","1","foam","positionright","validityvalid","test","2","neutral","singlestim","251","284007"
"14942","Subject97","379","â€šÃ³Ã¨","77","dotpositionright","singlestim","252","284438","1030100","m","right","correct","1","1","trialend","singlestim","253","285451","1030110","1","1","failure","positionleft","validityvalid","test","2","negative","singlestim","255","287456"
"15239","Subject97","322","â€šÃ³Ã¨","67","dotpositionleft","singlestim","256","287830","1030140","c","left","correct","1","1","trialend","singlestim","257","288842","1030150","1","1","paper","positionleft","validityvalid","test","2","neutral","singlestim","259","290845"
"15536","Subject97","348","â€šÃ³Ã¨","67","dotpositionleft","singlestim","260","291245","1030180","c","left","correct","1","1","trialend","singlestim","261","292257","1030190","1","1","horse","positionleft","validityinvalid","test","2","neutral","singlestim","263","294262"
"15833","Subject97","460","â€šÃ³Ã¨","77","dotpositionright","singlestim","264","294774","1030220","m","right","correct","1","1","trialend","singlestim","265","295787","1030230","1","1","abuse","positionright","validityvalid","test","2","negative","singlestim","267","297791"
"16130","Subject97","323","â€šÃ³Ã¨","77","dotpositionright","singlestim","268","298166","1030260","m","right","correct","1","1","trialend","singlestim","269","299179","1030270","1","1","pleasure","positionleft","validityvalid","test","2","positive","singlestim","271","301182"
"16427","Subject97","355","â€šÃ³Ã¨","67","dotpositionleft","singlestim","272","301590","1030300","c","left","correct","1","1","trialend","singlestim","273","302604","1030310","1","1","noose","positionleft","validityvalid","test","2","suicide","singlestim","275","304608"
"16724","Subject97","449","â€šÃ³Ã¨","67","dotpositionleft","singlestim","276","305109","1030340","c","left","correct","1","1","trialend","singlestim","277","306123","1030350","1","1","love","positionright","validityinvalid","test","2","positive","singlestim","279","308127"
"17021","Subject97","378","â€šÃ³Ã¨","67","dotpositionleft","singlestim","280","308556","1030380","c","left","correct","1","1","trialend","singlestim","281","309568","1030390","1","1","table","positionright","validityvalid","test","2","neutral","singlestim","283","311572"
"17318","Subject97","420","â€šÃ³Ã¨","77","dotpositionright","singlestim","284","312044","1030420","m","right","correct","1","1","trialend","singlestim","285","313057","1030430","1","1","enthusiasm","positionright","validityvalid","test","2","positive","singlestim","287","315061"
"17615","Subject97","572","â€šÃ³Ã¨","77","dotpositionright","singlestim","288","315685","1030460","m","right","correct","1","1","trialend","singlestim","289","316697","1030470","1","1","overdose","positionright","validityinvalid","test","2","suicide","singlestim","291","318702"
"17912","Subject97","450","â€šÃ³Ã¨","67","dotpositionleft","singlestim","292","319205","1030500","c","left","correct","1","1","trialend","singlestim","293","320217","1030510","1","1","bravery","positionleft","validityvalid","test","2","positive","singlestim","295","322221"
"18209","Subject97","389","â€šÃ³Ã¨","67","dotpositionleft","singlestim","296","322661","1030540","c","left","correct","1","1","trialend","singlestim","297","323673","1030550","1","1","corpse","positionleft","validityvalid","test","2","suicide","singlestim","299","325678"
"18506","Subject97","339","â€šÃ³Ã¨","67","dotpositionleft","singlestim","300","326069","1030580","c","left","correct","1","1","trialend","singlestim","301","327081","1030590","1","1","death","positionright","validityvalid","test","2","suicide","singlestim","303","329085"
"18803","Subject97","331","â€šÃ³Ã¨","77","dotpositionright","singlestim","304","329469","1030620","m","right","correct","1","1","trialend","singlestim","305","330482","1030630","1001","textTimed","306","331485","1040","","","","","",""
