"","SubjectID","rt","stimulus","keypress","word","wordposition","validity","block","blocknum","wordtype","trialtype","trialindex","timeelapsed","rt.1","stimulus.1","keypress.1","dotposition","trialtype.1","trialindex.1","timeelapsed.1","keypressed","participantresponse","correctresponse","rt.2","stimulus.2","keypress.2","blocktrial","trialtype.2","trialindex.2","timeelapsed.2"
"113","Subject118","1","failurefailure","1","failure","positionleft","validityvalid","test","2","negative","singlestim","51","116278","630","â€šÃ³Ã¨","67","dotpositionleft","singlestim","52","116961","c","left","correct","1","","1","trialend","singlestim","53","118003"
"410","Subject118","1","deathdeath","1","death","positionright","validityvalid","test","2","suicide","singlestim","55","120002","545","â€šÃ³Ã¨","77","dotpositionright","singlestim","56","120604","m","right","correct","1","","1","trialend","singlestim","57","121657"
"707","Subject118","1","paperpaper","1","paper","positionleft","validityvalid","test","2","neutral","singlestim","59","123651","449","â€šÃ³Ã¨","67","dotpositionleft","singlestim","60","124155","c","left","correct","1","","1","trialend","singlestim","61","125184"
"1004","Subject118","1","foamfoam","1","foam","positionright","validityvalid","test","2","neutral","singlestim","63","127194","387","â€šÃ³Ã¨","77","dotpositionright","singlestim","64","127642","m","right","correct","1","","1","trialend","singlestim","65","128672"
"1301","Subject118","1","enthusiasmenthusiasm","1","enthusiasm","positionright","validityvalid","test","2","positive","singlestim","67","130665","431","â€šÃ³Ã¨","77","dotpositionright","singlestim","68","131145","m","right","correct","1","","1","trialend","singlestim","69","132183"
"1598","Subject118","1","pleasurepleasure","1","pleasure","positionleft","validityvalid","test","2","positive","singlestim","71","134191","348","â€šÃ³Ã¨","67","dotpositionleft","singlestim","72","134594","c","left","correct","1","","1","trialend","singlestim","73","135623"
"1895","Subject118","1","braverybravery","1","bravery","positionleft","validityvalid","test","2","positive","singlestim","75","137632","409","â€šÃ³Ã¨","67","dotpositionleft","singlestim","76","138100","c","left","correct","1","","1","trialend","singlestim","77","139143"
"2192","Subject118","1","abuseabuse","1","abuse","positionright","validityvalid","test","2","negative","singlestim","79","141149","365","â€šÃ³Ã¨","77","dotpositionright","singlestim","80","141569","m","right","correct","1","","1","trialend","singlestim","81","142589"
"2489","Subject118","1","tabletable","1","table","positionright","validityvalid","test","2","neutral","singlestim","83","144613","400","â€šÃ³Ã¨","77","dotpositionright","singlestim","84","145068","m","right","correct","1","","1","trialend","singlestim","85","146086"
"2786","Subject118","1","corpsecorpse","1","corpse","positionleft","validityvalid","test","2","suicide","singlestim","87","148098","369","â€šÃ³Ã¨","67","dotpositionleft","singlestim","88","148533","c","left","correct","1","","1","trialend","singlestim","89","149572"
"3083","Subject118","1","cruelcruel","1","cruel","positionright","validityvalid","test","2","negative","singlestim","91","151564","429","â€šÃ³Ã¨","77","dotpositionright","singlestim","92","152057","m","right","correct","1","","1","trialend","singlestim","93","153095"
"3380","Subject118","1","lovelove","1","love","positionright","validityinvalid","test","2","positive","singlestim","95","155097","340","â€šÃ³Ã¨","67","dotpositionleft","singlestim","96","155497","c","left","correct","1","","1","trialend","singlestim","97","156524"
"3677","Subject118","1","noosenoose","1","noose","positionleft","validityvalid","test","2","suicide","singlestim","99","158518","432","â€šÃ³Ã¨","67","dotpositionleft","singlestim","100","159002","c","left","correct","1","","1","trialend","singlestim","101","160051"
"3974","Subject118","1","filthyfilthy","1","filthy","positionleft","validityinvalid","test","2","negative","singlestim","103","162040","337","â€šÃ³Ã¨","77","dotpositionright","singlestim","104","162436","m","right","correct","1","","1","trialend","singlestim","105","163473"
"4271","Subject118","1","horsehorse","1","horse","positionleft","validityinvalid","test","2","neutral","singlestim","107","165467","384","â€šÃ³Ã¨","77","dotpositionright","singlestim","108","165914","m","right","correct","1","","1","trialend","singlestim","109","166937"
"4568","Subject118","1","overdoseoverdose","1","overdose","positionright","validityinvalid","test","2","suicide","singlestim","111","168950","332","â€šÃ³Ã¨","67","dotpositionleft","singlestim","112","169340","c","left","correct","1","","1","trialend","singlestim","113","170369"
"4865","Subject118","1","foldedfolded","1","folded","positionleft","validityvalid","test","1","neutral","singlestim","115","172375","371","â€šÃ³Ã¨","67","dotpositionleft","singlestim","116","172809","c","left","correct","1","","1","trialend","singlestim","117","173846"
"5162","Subject118","1","vomitvomit","1","vomit","positionleft","validityvalid","test","1","negative","singlestim","119","175840","341","â€šÃ³Ã¨","67","dotpositionleft","singlestim","120","176242","c","left","correct","1","","1","trialend","singlestim","121","177269"
"5459","Subject118","1","imageimage","1","image","positionleft","validityvalid","test","1","neutral","singlestim","123","179286","322","â€šÃ³Ã¨","67","dotpositionleft","singlestim","124","179669","c","left","correct","1","","1","trialend","singlestim","125","180689"
"5756","Subject118","1","funeralfuneral","1","funeral","positionright","validityvalid","test","1","suicide","singlestim","127","182702","377","â€šÃ³Ã¨","77","dotpositionright","singlestim","128","183137","m","right","correct","1","","1","trialend","singlestim","129","184178"
"6053","Subject118","1","gunshotgunshot","1","gunshot","positionright","validityvalid","test","1","suicide","singlestim","131","186176","363","â€šÃ³Ã¨","77","dotpositionright","singlestim","132","186603","m","right","correct","1","","1","trialend","singlestim","133","187640"
"6350","Subject118","1","greatgreat","1","great","positionright","validityvalid","test","1","positive","singlestim","135","189643","372","â€šÃ³Ã¨","77","dotpositionright","singlestim","136","190075","m","right","correct","1","","1","trialend","singlestim","137","191114"
"6647","Subject118","1","healthyhealthy","1","healthy","positionleft","validityinvalid","test","1","positive","singlestim","139","193098","360","â€šÃ³Ã¨","77","dotpositionright","singlestim","140","193510","m","right","correct","1","","1","trialend","singlestim","141","194547"
"6944","Subject118","1","cheesecheese","1","cheese","positionright","validityvalid","test","1","neutral","singlestim","143","196550","439","â€šÃ³Ã¨","77","dotpositionright","singlestim","144","197051","m","right","correct","1","","1","trialend","singlestim","145","198093"
"7241","Subject118","1","patheticpathetic","1","pathetic","positionleft","validityvalid","test","1","negative","singlestim","147","200081","351","â€šÃ³Ã¨","67","dotpositionleft","singlestim","148","200494","c","left","correct","1","","1","trialend","singlestim","149","201519"
"7538","Subject118","1","statuestatue","1","statue","positionright","validityinvalid","test","1","neutral","singlestim","151","203519","368","â€šÃ³Ã¨","67","dotpositionleft","singlestim","152","203940","c","left","correct","1","","1","trialend","singlestim","153","204974"
"7835","Subject118","1","hatehate","1","hate","positionright","validityinvalid","test","1","negative","singlestim","155","206971","364","â€šÃ³Ã¨","67","dotpositionleft","singlestim","156","207399","c","left","correct","1","","1","trialend","singlestim","157","208435"
"8132","Subject118","1","bloodblood","1","blood","positionleft","validityvalid","test","1","suicide","singlestim","159","210421","458","â€šÃ³Ã¨","67","dotpositionleft","singlestim","160","210939","c","left","correct","1","","1","trialend","singlestim","161","211979"
"8429","Subject118","1","paradiseparadise","1","paradise","positionleft","validityvalid","test","1","positive","singlestim","163","213960","356","â€šÃ³Ã¨","67","dotpositionleft","singlestim","164","214367","c","left","correct","1","","1","trialend","singlestim","165","215403"
"8726","Subject118","1","suffocationsuffocation","1","suffocation","positionleft","validityinvalid","test","1","suicide","singlestim","167","217385","380","â€šÃ³Ã¨","77","dotpositionright","singlestim","168","217820","m","right","correct","1","","1","trialend","singlestim","169","218846"
"9023","Subject118","1","cryingcrying","1","crying","positionright","validityvalid","test","1","negative","singlestim","171","220862","341","â€šÃ³Ã¨","77","dotpositionright","singlestim","172","221263","m","right","correct","1","","1","trialend","singlestim","173","222315"
"9320","Subject118","1","attractionattraction","1","attraction","positionright","validityvalid","test","1","positive","singlestim","175","224308","358","â€šÃ³Ã¨","77","dotpositionright","singlestim","176","224725","m","right","correct","1","","1","trialend","singlestim","177","225755"
"9617","Subject118","1","strongstrong","1","strong","positionleft","validityvalid","test","3","positive","singlestim","179","227767","301","â€šÃ³Ã¨","67","dotpositionleft","singlestim","180","228130","c","left","correct","1","","1","trialend","singlestim","181","229178"
"9914","Subject118","1","cuttingcutting","1","cutting","positionright","validityvalid","test","3","suicide","singlestim","183","231162","365","â€šÃ³Ã¨","77","dotpositionright","singlestim","184","231591","m","right","correct","1","","1","trialend","singlestim","185","232623"
"10211","Subject118","1","smilesmile","1","smile","positionleft","validityvalid","test","3","positive","singlestim","187","234620","370","â€šÃ³Ã¨","67","dotpositionleft","singlestim","188","235042","c","left","correct","1","","1","trialend","singlestim","189","236076"
"10508","Subject118","1","assaultassault","1","assault","positionleft","validityinvalid","test","3","negative","singlestim","191","238071","378","â€šÃ³Ã¨","77","dotpositionright","singlestim","192","238514","m","right","correct","1","","1","trialend","singlestim","193","239558"
"10805","Subject118","1","bombbomb","1","bomb","positionright","validityvalid","test","3","negative","singlestim","195","241566","360","â€šÃ³Ã¨","77","dotpositionright","singlestim","196","241993","m","right","correct","1","","1","trialend","singlestim","197","243036"
"11102","Subject118","1","diedie","1","die","positionright","validityvalid","test","3","suicide","singlestim","199","245029","367","â€šÃ³Ã¨","77","dotpositionright","singlestim","200","245461","m","right","correct","1","","1","trialend","singlestim","201","246495"
"11399","Subject118","1","greengreen","1","green","positionright","validityvalid","test","3","neutral","singlestim","203","248505","427","â€šÃ³Ã¨","77","dotpositionright","singlestim","204","248983","m","right","correct","1","","1","trialend","singlestim","205","250013"
"11696","Subject118","1","happyhappy","1","happy","positionright","validityvalid","test","3","positive","singlestim","207","252034","337","â€šÃ³Ã¨","77","dotpositionright","singlestim","208","252426","m","right","correct","1","","1","trialend","singlestim","209","253471"
"11993","Subject118","1","metermeter","1","meter","positionleft","validityvalid","test","3","neutral","singlestim","211","255459","382","â€šÃ³Ã¨","67","dotpositionleft","singlestim","212","255899","c","left","correct","1","","1","trialend","singlestim","213","256952"
"12290","Subject118","1","rejectedrejected","1","rejected","positionright","validityvalid","test","3","negative","singlestim","215","258932","375","â€šÃ³Ã¨","77","dotpositionright","singlestim","216","259373","m","right","correct","1","","1","trialend","singlestim","217","260426"
"12587","Subject118","1","kisskiss","1","kiss","positionright","validityinvalid","test","3","positive","singlestim","219","262427","361","â€šÃ³Ã¨","67","dotpositionleft","singlestim","220","262853","c","left","correct","1","","1","trialend","singlestim","221","263887"
"12884","Subject118","1","closetcloset","1","closet","positionright","validityinvalid","test","3","neutral","singlestim","223","265902","355","â€šÃ³Ã¨","67","dotpositionleft","singlestim","224","266313","c","left","correct","1","","1","trialend","singlestim","225","267337"
"13181","Subject118","1","touretoure","1","toure","positionleft","validityvalid","test","3","negative","singlestim","227","269353","438","â€šÃ³Ã¨","67","dotpositionleft","singlestim","228","269855","c","left","correct","1","","1","trialend","singlestim","229","270877"
"13478","Subject118","1","deaddead","1","dead","positionleft","validityinvalid","test","3","suicide","singlestim","231","272887","395","â€šÃ³Ã¨","77","dotpositionright","singlestim","232","273342","m","right","correct","1","","1","trialend","singlestim","233","274367"
"13775","Subject118","1","dyingdying","1","dying","positionleft","validityvalid","test","3","suicide","singlestim","235","276381","362","â€šÃ³Ã¨","67","dotpositionleft","singlestim","236","276807","c","left","correct","1","","1","trialend","singlestim","237","277857"
"14072","Subject118","1","museummuseum","1","museum","positionleft","validityvalid","test","3","neutral","singlestim","239","279845","451","â€šÃ³Ã¨","67","dotpositionleft","singlestim","240","280357","c","left","correct","1","","1","trialend","singlestim","241","281396"
"14369","Subject118","1","passionatepassionate","1","passionate","positionleft","validityinvalid","test","4","positive","singlestim","243","283386","380","â€šÃ³Ã¨","77","dotpositionright","singlestim","244","283818","m","right","correct","1","","1","trialend","singlestim","245","284845"
"14666","Subject118","1","ecstaticecstatic","1","ecstatic","positionright","validityvalid","test","4","positive","singlestim","247","286844","369","â€šÃ³Ã¨","77","dotpositionright","singlestim","248","287269","m","right","correct","1","","1","trialend","singlestim","249","288285"
"14963","Subject118","1","engineengine","1","engine","positionleft","validityvalid","test","4","neutral","singlestim","251","290309","310","â€šÃ³Ã¨","67","dotpositionleft","singlestim","252","290672","c","left","correct","1","","1","trialend","singlestim","253","291701"
"15260","Subject118","1","killingkilling","1","killing","positionleft","validityvalid","test","4","suicide","singlestim","255","293705","284","â€šÃ³Ã¨","67","dotpositionleft","singlestim","256","294043","c","left","correct","1","","1","trialend","singlestim","257","295073"
"15557","Subject118","1","laughlaugh","1","laugh","positionright","validityvalid","test","4","positive","singlestim","259","297085","308","â€šÃ³Ã¨","77","dotpositionright","singlestim","260","297447","m","right","correct","1","","1","trialend","singlestim","261","298470"
"15854","Subject118","1","doubledouble","1","double","positionright","validityvalid","test","4","neutral","singlestim","263","300472","352","â€šÃ³Ã¨","77","dotpositionright","singlestim","264","300889","m","right","correct","1","","1","trialend","singlestim","265","301923"
"16151","Subject118","1","hanginghanging","1","hanging","positionleft","validityvalid","test","4","suicide","singlestim","267","303929","322","â€šÃ³Ã¨","67","dotpositionleft","singlestim","268","304304","c","left","correct","1","","1","trialend","singlestim","269","305343"
"16448","Subject118","1","deceaseddeceased","1","deceased","positionright","validityvalid","test","4","suicide","singlestim","271","307332","362","â€šÃ³Ã¨","77","dotpositionright","singlestim","272","307758","m","right","correct","1","","1","trialend","singlestim","273","308780"
"16745","Subject118","1","ashamedashamed","1","ashamed","positionright","validityinvalid","test","4","negative","singlestim","275","310808","363","â€šÃ³Ã¨","67","dotpositionleft","singlestim","276","311222","c","left","correct","1","","1","trialend","singlestim","277","312245"
"17042","Subject118","1","suicidesuicide","1","suicide","positionright","validityinvalid","test","4","suicide","singlestim","279","314266","366","â€šÃ³Ã¨","67","dotpositionleft","singlestim","280","314687","c","left","correct","1","","1","trialend","singlestim","281","315729"
"17339","Subject118","1","frameframe","1","frame","positionleft","validityinvalid","test","4","neutral","singlestim","283","317716","362","â€šÃ³Ã¨","77","dotpositionright","singlestim","284","318129","m","right","correct","1","","1","trialend","singlestim","285","319169"
"17636","Subject118","1","wohlesswohless","1","wohless","positionright","validityvalid","test","4","negative","singlestim","287","321167","351","â€šÃ³Ã¨","77","dotpositionright","singlestim","288","321581","m","right","correct","1","","1","trialend","singlestim","289","322611"
"17933","Subject118","1","structurestructure","1","structure","positionright","validityvalid","test","4","neutral","singlestim","291","324624","338","â€šÃ³Ã¨","77","dotpositionright","singlestim","292","325015","m","right","correct","1","","1","trialend","singlestim","293","326055"
"18230","Subject118","1","successsuccess","1","success","positionleft","validityvalid","test","4","positive","singlestim","295","328038","358","â€šÃ³Ã¨","67","dotpositionleft","singlestim","296","328448","c","left","correct","1","","1","trialend","singlestim","297","329487"
"18527","Subject118","1","alonealone","1","alone","positionleft","validityvalid","test","4","negative","singlestim","299","331499","345","â€šÃ³Ã¨","67","dotpositionleft","singlestim","300","331899","c","left","correct","1","","1","trialend","singlestim","301","332934"
"18824","Subject118","1","stupidstupid","1","stupid","positionleft","validityvalid","test","4","negative","singlestim","303","334931","394","â€šÃ³Ã¨","67","dotpositionleft","singlestim","304","335377","c","left","correct","1","","1","trialend","singlestim","305","336404"
